session,bill_identifier,classification,name,party,entity_type,source_url
80,AB123,primary,Assemblywoman Connie Munk,Democratic,person,https://www.leg.state.nv.us/App/Legislator/A/Assembly/80th2019/4
80,AB133,primary,Assemblywoman Teresa Benitez-Thompson,Democratic,person,https://www.leg.state.nv.us/App/Legislator/A/Assembly/80th2019/27
80,AB135,primary,Assemblyman Richard Carrillo,Democratic,person,https://www.leg.state.nv.us/App/Legislator/A/Assembly/80th2019/18
80,AB163,primary,Assemblyman Howard Watts,Democratic,person,https://www.leg.state.nv.us/App/Legislator/A/Assembly/80th2019/15
80,AB163,primary,Senator Chris Brooks,Democratic,person,https://www.leg.state.nv.us/App/Legislator/A/Senate/80th2019/3
80,AB163,cosponsor,Assemblywoman Lesley Cohen,Democratic,person,https://www.leg.state.nv.us/App/Legislator/A/Assembly/80th2019/29
80,AB163,cosponsor,Assemblywoman Rochelle Nguyen,Democratic,person,https://www.leg.state.nv.us/App/Legislator/A/Assembly/80th2019/10
80,AB163,cosponsor,Assemblywoman Sarah Peters,Democratic,person,https://www.leg.state.nv.us/App/Legislator/A/Assembly/80th2019/24
80,AB163,cosponsor,Assemblywoman Heidi Swank,Democratic,person,https://www.leg.state.nv.us/App/Legislator/A/Assembly/80th2019/16
80,AB163,cosponsor,Senator Melanie Scheible,Democratic,person,https://www.leg.state.nv.us/App/Legislator/A/Senate/80th2019/9
80,AB174,primary,Assemblyman Tyrone Thompson,Democratic,person,https://www.leg.state.nv.us/App/Legislator/A/Assembly/80th2019/17
80,AB174,primary,Assemblywoman Bea Duran,Democratic,person,https://www.leg.state.nv.us/App/Legislator/A/Assembly/80th2019/11
80,AB174,primary,Assemblyman Richard Carrillo,Democratic,person,https://www.leg.state.nv.us/App/Legislator/A/Assembly/80th2019/18
80,AB174,primary,Assemblyman Ozzie Fumo,Democratic,person,https://www.leg.state.nv.us/App/Legislator/A/Assembly/80th2019/21
80,AB174,primary,Assemblywoman Ellen Spiegel,Democratic,person,https://www.leg.state.nv.us/App/Legislator/A/Assembly/80th2019/20
80,AB174,primary,Senator David Parks,Democratic,person,https://www.leg.state.nv.us/App/Legislator/A/Senate/80th2019/7
80,AB174,primary,Senator Julia Ratti,Democratic,person,https://www.leg.state.nv.us/App/Legislator/A/Senate/80th2019/13
80,AB174,primary,Senator Yvanna Cancela,Democratic,person,https://www.leg.state.nv.us/App/Legislator/A/Senate/80th2019/10
80,AB174,primary,Senator Dallas Harris,Democratic,person,https://www.leg.state.nv.us/App/Legislator/A/Senate/80th2019/11
80,AB174,cosponsor,Assemblyman Alexander Assefa,Democratic,person,https://www.leg.state.nv.us/App/Legislator/A/Assembly/80th2019/42
80,AB174,cosponsor,Assemblywoman Shea Backus,Democratic,person,https://www.leg.state.nv.us/App/Legislator/A/Assembly/80th2019/37
80,AB174,cosponsor,Assemblywoman Teresa Benitez-Thompson,Democratic,person,https://www.leg.state.nv.us/App/Legislator/A/Assembly/80th2019/27
80,AB174,cosponsor,Assemblywoman Shannon Bilbray-Axelrod,Democratic,person,https://www.leg.state.nv.us/App/Legislator/A/Assembly/80th2019/34
80,AB174,cosponsor,Assemblywoman Maggie Carlton,Democratic,person,https://www.leg.state.nv.us/App/Legislator/A/Assembly/80th2019/14
80,AB174,cosponsor,Assemblywoman Lesley Cohen,Democratic,person,https://www.leg.state.nv.us/App/Legislator/A/Assembly/80th2019/29
80,AB174,cosponsor,Assemblyman Skip Daly,Democratic,person,https://www.leg.state.nv.us/App/Legislator/A/Assembly/80th2019/31
80,AB174,cosponsor,Assemblyman Chris Edwards,Republican,person,https://www.leg.state.nv.us/App/Legislator/A/Assembly/80th2019/19
80,AB174,cosponsor,Assemblyman John Ellison,Republican,person,https://www.leg.state.nv.us/App/Legislator/A/Assembly/80th2019/33
80,AB174,cosponsor,Assemblyman Edgar Flores,Democratic,person,https://www.leg.state.nv.us/App/Legislator/A/Assembly/80th2019/28
80,AB174,cosponsor,Assemblyman Jason Frierson,Democratic,person,https://www.leg.state.nv.us/App/Legislator/A/Assembly/80th2019/8
80,AB174,cosponsor,Assemblywoman Michelle Gorelow,Democratic,person,https://www.leg.state.nv.us/App/Legislator/A/Assembly/80th2019/35
80,AB174,cosponsor,Assemblyman Gregory Hafen,Republican,person,https://www.leg.state.nv.us/App/Legislator/A/Assembly/80th2019/36
80,AB174,cosponsor,Assemblyman John Hambrick,Republican,person,https://www.leg.state.nv.us/App/Legislator/A/Assembly/80th2019/2
80,AB174,cosponsor,Assemblywoman Alexis Hansen,Republican,person,https://www.leg.state.nv.us/App/Legislator/A/Assembly/80th2019/32
80,AB174,cosponsor,Assemblywoman Melissa Hardy,Republican,person,https://www.leg.state.nv.us/App/Legislator/A/Assembly/80th2019/22
80,AB174,cosponsor,Assemblywoman Sandra Jauregui,Democratic,person,https://www.leg.state.nv.us/App/Legislator/A/Assembly/80th2019/41
80,AB174,cosponsor,Assemblyman Al Kramer,Republican,person,https://www.leg.state.nv.us/App/Legislator/A/Assembly/80th2019/40
80,AB174,cosponsor,Assemblywoman Lisa Krasner,Republican,person,https://www.leg.state.nv.us/App/Legislator/A/Assembly/80th2019/26
80,AB174,cosponsor,Assemblyman Glen Leavitt,Republican,person,https://www.leg.state.nv.us/App/Legislator/A/Assembly/80th2019/23
80,AB174,cosponsor,Assemblywoman Susie Martinez,Democratic,person,https://www.leg.state.nv.us/App/Legislator/A/Assembly/80th2019/12
80,AB174,cosponsor,Assemblyman William McCurdy,Democratic,person,https://www.leg.state.nv.us/App/Legislator/A/Assembly/80th2019/6
80,AB174,cosponsor,Assemblywoman Brittney Miller,Democratic,person,https://www.leg.state.nv.us/App/Legislator/A/Assembly/80th2019/5
80,AB174,cosponsor,Assemblywoman Daniele Monroe-Moreno,Democratic,person,https://www.leg.state.nv.us/App/Legislator/A/Assembly/80th2019/1
80,AB174,cosponsor,Assemblywoman Connie Munk,Democratic,person,https://www.leg.state.nv.us/App/Legislator/A/Assembly/80th2019/4
80,AB174,cosponsor,Assemblywoman Dina Neal,Democratic,person,https://www.leg.state.nv.us/App/Legislator/A/Assembly/80th2019/7
80,AB174,cosponsor,Assemblywoman Rochelle Nguyen,Democratic,person,https://www.leg.state.nv.us/App/Legislator/A/Assembly/80th2019/10
80,AB174,cosponsor,Assemblywoman Sarah Peters,Democratic,person,https://www.leg.state.nv.us/App/Legislator/A/Assembly/80th2019/24
80,AB174,cosponsor,Assemblyman Tom Roberts,Republican,person,https://www.leg.state.nv.us/App/Legislator/A/Assembly/80th2019/13
80,AB174,cosponsor,Assemblyman Greg Smith,Democratic,person,https://www.leg.state.nv.us/App/Legislator/A/Assembly/80th2019/30
80,AB174,cosponsor,Assemblywoman Heidi Swank,Democratic,person,https://www.leg.state.nv.us/App/Legislator/A/Assembly/80th2019/16
80,AB174,cosponsor,Assemblywoman Robin Titus,Republican,person,https://www.leg.state.nv.us/App/Legislator/A/Assembly/80th2019/38
80,AB174,cosponsor,Assemblywoman Jill Tolles,Republican,person,https://www.leg.state.nv.us/App/Legislator/A/Assembly/80th2019/25
80,AB174,cosponsor,Assemblywoman Selena Torres,Democratic,person,https://www.leg.state.nv.us/App/Legislator/A/Assembly/80th2019/3
80,AB174,cosponsor,Assemblyman Howard Watts,Democratic,person,https://www.leg.state.nv.us/App/Legislator/A/Assembly/80th2019/15
80,AB174,cosponsor,Assemblyman Jim Wheeler,Republican,person,https://www.leg.state.nv.us/App/Legislator/A/Assembly/80th2019/39
80,AB174,cosponsor,Assemblyman Steve Yeager,Democratic,person,https://www.leg.state.nv.us/App/Legislator/A/Assembly/80th2019/9
80,AB174,cosponsor,Senator Chris Brooks,Democratic,person,https://www.leg.state.nv.us/App/Legislator/A/Senate/80th2019/3
80,AB174,cosponsor,Senator Nicole Cannizzaro,Democratic,person,https://www.leg.state.nv.us/App/Legislator/A/Senate/80th2019/6
80,AB174,cosponsor,Senator Moises Denis,Democratic,person,https://www.leg.state.nv.us/App/Legislator/A/Senate/80th2019/2
80,AB174,cosponsor,Senator Marilyn Dondero Loop,Democratic,person,https://www.leg.state.nv.us/App/Legislator/A/Senate/80th2019/8
80,AB174,cosponsor,Senator Pete Goicoechea,Republican,person,https://www.leg.state.nv.us/App/Legislator/A/Senate/80th2019/19
80,AB174,cosponsor,Senator Scott Hammond,Republican,person,https://www.leg.state.nv.us/App/Legislator/A/Senate/80th2019/18
80,AB174,cosponsor,Senator Ira Hansen,Republican,person,https://www.leg.state.nv.us/App/Legislator/A/Senate/80th2019/14
80,AB174,cosponsor,Senator Joseph Hardy,Republican,person,https://www.leg.state.nv.us/App/Legislator/A/Senate/80th2019/12
80,AB174,cosponsor,Senator Ben Kieckhefer,Republican,person,https://www.leg.state.nv.us/App/Legislator/A/Senate/80th2019/16
80,AB174,cosponsor,Senator James Ohrenschall,Democratic,person,https://www.leg.state.nv.us/App/Legislator/A/Senate/80th2019/21
80,AB174,cosponsor,Senator Keith Pickard,Republican,person,https://www.leg.state.nv.us/App/Legislator/A/Senate/80th2019/20
80,AB174,cosponsor,Senator Melanie Scheible,Democratic,person,https://www.leg.state.nv.us/App/Legislator/A/Senate/80th2019/9
80,AB174,cosponsor,Senator Heidi Seevers Gansert,Republican,person,https://www.leg.state.nv.us/App/Legislator/A/Senate/80th2019/15
80,AB174,cosponsor,Senator James Settelmeyer,Republican,person,https://www.leg.state.nv.us/App/Legislator/A/Senate/80th2019/17
80,AB174,cosponsor,Senator Pat Spearman,Democratic,person,https://www.leg.state.nv.us/App/Legislator/A/Senate/80th2019/1
80,AB174,cosponsor,Senator Marcia Washington,Democratic,person,https://www.leg.state.nv.us/App/Legislator/A/Senate/80th2019/4
80,AB174,cosponsor,Senator Joyce Woodhouse,Democratic,person,https://www.leg.state.nv.us/App/Legislator/A/Senate/80th2019/5
80,AB177,primary,Assemblyman Steve Yeager,Democratic,person,https://www.leg.state.nv.us/App/Legislator/A/Assembly/80th2019/9
80,AB187,primary,Assemblywoman Ellen Spiegel,Democratic,person,https://www.leg.state.nv.us/App/Legislator/A/Assembly/80th2019/20
80,AB187,cosponsor,Assemblywoman Shannon Bilbray-Axelrod,Democratic,person,https://www.leg.state.nv.us/App/Legislator/A/Assembly/80th2019/34
80,AB187,cosponsor,Assemblywoman Bea Duran,Democratic,person,https://www.leg.state.nv.us/App/Legislator/A/Assembly/80th2019/11
80,AB187,cosponsor,Assemblyman Ozzie Fumo,Democratic,person,https://www.leg.state.nv.us/App/Legislator/A/Assembly/80th2019/21
80,AB187,cosponsor,Assemblywoman Connie Munk,Democratic,person,https://www.leg.state.nv.us/App/Legislator/A/Assembly/80th2019/4
80,AB196,primary,Assemblyman Jason Frierson,Democratic,person,https://www.leg.state.nv.us/App/Legislator/A/Assembly/80th2019/8
80,AB196,primary,Assemblyman Tyrone Thompson,Democratic,person,https://www.leg.state.nv.us/App/Legislator/A/Assembly/80th2019/17
80,AB196,primary,Assemblywoman Ellen Spiegel,Democratic,person,https://www.leg.state.nv.us/App/Legislator/A/Assembly/80th2019/20
80,AB196,cosponsor,Assemblywoman Teresa Benitez-Thompson,Democratic,person,https://www.leg.state.nv.us/App/Legislator/A/Assembly/80th2019/27
80,AB196,cosponsor,Assemblywoman Daniele Monroe-Moreno,Democratic,person,https://www.leg.state.nv.us/App/Legislator/A/Assembly/80th2019/1
80,AB196,cosponsor,Assemblywoman Connie Munk,Democratic,person,https://www.leg.state.nv.us/App/Legislator/A/Assembly/80th2019/4
80,AB196,cosponsor,Assemblywoman Selena Torres,Democratic,person,https://www.leg.state.nv.us/App/Legislator/A/Assembly/80th2019/3
80,AB198,primary,Assemblyman Glen Leavitt,Republican,person,https://www.leg.state.nv.us/App/Legislator/A/Assembly/80th2019/23
80,AB198,primary,Assemblyman Tom Roberts,Republican,person,https://www.leg.state.nv.us/App/Legislator/A/Assembly/80th2019/13
80,AB198,primary,Senator Joseph Hardy,Republican,person,https://www.leg.state.nv.us/App/Legislator/A/Senate/80th2019/12
80,AB198,primary,Senator Scott Hammond,Republican,person,https://www.leg.state.nv.us/App/Legislator/A/Senate/80th2019/18
80,AB198,cosponsor,Assemblywoman Alexis Hansen,Republican,person,https://www.leg.state.nv.us/App/Legislator/A/Assembly/80th2019/32
80,AB198,cosponsor,Assemblywoman Melissa Hardy,Republican,person,https://www.leg.state.nv.us/App/Legislator/A/Assembly/80th2019/22
80,AB234,primary,Assemblywoman Daniele Monroe-Moreno,Democratic,person,https://www.leg.state.nv.us/App/Legislator/A/Assembly/80th2019/1
80,AB234,primary,Assemblywoman Teresa Benitez-Thompson,Democratic,person,https://www.leg.state.nv.us/App/Legislator/A/Assembly/80th2019/27
80,AB234,primary,Assemblyman Ozzie Fumo,Democratic,person,https://www.leg.state.nv.us/App/Legislator/A/Assembly/80th2019/21
80,AB234,cosponsor,Assemblyman Alexander Assefa,Democratic,person,https://www.leg.state.nv.us/App/Legislator/A/Assembly/80th2019/42
80,AB234,cosponsor,Assemblywoman Bea Duran,Democratic,person,https://www.leg.state.nv.us/App/Legislator/A/Assembly/80th2019/11
80,AB234,cosponsor,Assemblywoman Michelle Gorelow,Democratic,person,https://www.leg.state.nv.us/App/Legislator/A/Assembly/80th2019/35
80,AB234,cosponsor,Assemblywoman Connie Munk,Democratic,person,https://www.leg.state.nv.us/App/Legislator/A/Assembly/80th2019/4
80,AB234,cosponsor,Assemblywoman Sarah Peters,Democratic,person,https://www.leg.state.nv.us/App/Legislator/A/Assembly/80th2019/24
80,AB234,cosponsor,Assemblyman Tyrone Thompson,Democratic,person,https://www.leg.state.nv.us/App/Legislator/A/Assembly/80th2019/17
80,AB234,cosponsor,Assemblyman Howard Watts,Democratic,person,https://www.leg.state.nv.us/App/Legislator/A/Assembly/80th2019/15
80,AB234,cosponsor,Assemblyman Steve Yeager,Democratic,person,https://www.leg.state.nv.us/App/Legislator/A/Assembly/80th2019/9
80,AB240,primary,Assemblyman Skip Daly,Democratic,person,https://www.leg.state.nv.us/App/Legislator/A/Assembly/80th2019/31
80,AB240,primary,Assemblywoman Sarah Peters,Democratic,person,https://www.leg.state.nv.us/App/Legislator/A/Assembly/80th2019/24
80,AB240,primary,Assemblywoman Teresa Benitez-Thompson,Democratic,person,https://www.leg.state.nv.us/App/Legislator/A/Assembly/80th2019/27
80,AB240,primary,Assemblyman Al Kramer,Republican,person,https://www.leg.state.nv.us/App/Legislator/A/Assembly/80th2019/40
80,AB240,primary,Senator Julia Ratti,Democratic,person,https://www.leg.state.nv.us/App/Legislator/A/Senate/80th2019/13
80,AB240,primary,Senator Ben Kieckhefer,Republican,person,https://www.leg.state.nv.us/App/Legislator/A/Senate/80th2019/16
80,AB240,cosponsor,Assemblywoman Lisa Krasner,Republican,person,https://www.leg.state.nv.us/App/Legislator/A/Assembly/80th2019/26
80,AB240,cosponsor,Assemblywoman Jill Tolles,Republican,person,https://www.leg.state.nv.us/App/Legislator/A/Assembly/80th2019/25
80,AB244,primary,Assemblyman Al Kramer,Republican,person,https://www.leg.state.nv.us/App/Legislator/A/Assembly/80th2019/40
80,AB247,primary,Assemblyman Jason Frierson,Democratic,person,https://www.leg.state.nv.us/App/Legislator/A/Assembly/80th2019/8
80,AB247,primary,Assemblywoman Daniele Monroe-Moreno,Democratic,person,https://www.leg.state.nv.us/App/Legislator/A/Assembly/80th2019/1
80,AB247,primary,Assemblyman Tyrone Thompson,Democratic,person,https://www.leg.state.nv.us/App/Legislator/A/Assembly/80th2019/17
80,AB247,primary,Assemblyman Steve Yeager,Democratic,person,https://www.leg.state.nv.us/App/Legislator/A/Assembly/80th2019/9
80,AB247,primary,Assemblywoman Teresa Benitez-Thompson,Democratic,person,https://www.leg.state.nv.us/App/Legislator/A/Assembly/80th2019/27
80,AB247,cosponsor,Assemblywoman Shea Backus,Democratic,person,https://www.leg.state.nv.us/App/Legislator/A/Assembly/80th2019/37
80,AB247,cosponsor,Assemblywoman Sandra Jauregui,Democratic,person,https://www.leg.state.nv.us/App/Legislator/A/Assembly/80th2019/41
80,AB247,cosponsor,Assemblywoman Heidi Swank,Democratic,person,https://www.leg.state.nv.us/App/Legislator/A/Assembly/80th2019/16
80,AB266,primary,Assemblywoman Shannon Bilbray-Axelrod,Democratic,person,https://www.leg.state.nv.us/App/Legislator/A/Assembly/80th2019/34
80,AB275,primary,Assemblywoman Selena Torres,Democratic,person,https://www.leg.state.nv.us/App/Legislator/A/Assembly/80th2019/3
80,AB275,primary,Assemblyman Howard Watts,Democratic,person,https://www.leg.state.nv.us/App/Legislator/A/Assembly/80th2019/15
80,AB275,primary,Assemblyman Alexander Assefa,Democratic,person,https://www.leg.state.nv.us/App/Legislator/A/Assembly/80th2019/42
80,AB275,primary,Assemblyman Edgar Flores,Democratic,person,https://www.leg.state.nv.us/App/Legislator/A/Assembly/80th2019/28
80,AB275,primary,Senator Moises Denis,Democratic,person,https://www.leg.state.nv.us/App/Legislator/A/Senate/80th2019/2
80,AB275,primary,Senator David Parks,Democratic,person,https://www.leg.state.nv.us/App/Legislator/A/Senate/80th2019/7
80,AB275,primary,Senator Yvanna Cancela,Democratic,person,https://www.leg.state.nv.us/App/Legislator/A/Senate/80th2019/10
80,AB275,cosponsor,Assemblyman Richard Carrillo,Democratic,person,https://www.leg.state.nv.us/App/Legislator/A/Assembly/80th2019/18
80,AB275,cosponsor,Assemblywoman Bea Duran,Democratic,person,https://www.leg.state.nv.us/App/Legislator/A/Assembly/80th2019/11
80,AB275,cosponsor,Assemblyman Ozzie Fumo,Democratic,person,https://www.leg.state.nv.us/App/Legislator/A/Assembly/80th2019/21
80,AB275,cosponsor,Assemblywoman Sandra Jauregui,Democratic,person,https://www.leg.state.nv.us/App/Legislator/A/Assembly/80th2019/41
80,AB275,cosponsor,Assemblywoman Susie Martinez,Democratic,person,https://www.leg.state.nv.us/App/Legislator/A/Assembly/80th2019/12
80,AB275,cosponsor,Assemblyman William McCurdy,Democratic,person,https://www.leg.state.nv.us/App/Legislator/A/Assembly/80th2019/6
80,AB275,cosponsor,Assemblywoman Daniele Monroe-Moreno,Democratic,person,https://www.leg.state.nv.us/App/Legislator/A/Assembly/80th2019/1
80,AB275,cosponsor,Assemblywoman Dina Neal,Democratic,person,https://www.leg.state.nv.us/App/Legislator/A/Assembly/80th2019/7
80,AB275,cosponsor,Assemblywoman Ellen Spiegel,Democratic,person,https://www.leg.state.nv.us/App/Legislator/A/Assembly/80th2019/20
80,AB275,cosponsor,Senator Dallas Harris,Democratic,person,https://www.leg.state.nv.us/App/Legislator/A/Senate/80th2019/11
80,AB289,primary,Assemblyman Tyrone Thompson,Democratic,person,https://www.leg.state.nv.us/App/Legislator/A/Assembly/80th2019/17
80,AB289,primary,Assemblywoman Sarah Peters,Democratic,person,https://www.leg.state.nv.us/App/Legislator/A/Assembly/80th2019/24
80,AB289,primary,Assemblywoman Ellen Spiegel,Democratic,person,https://www.leg.state.nv.us/App/Legislator/A/Assembly/80th2019/20
80,AB289,primary,Assemblyman Richard Carrillo,Democratic,person,https://www.leg.state.nv.us/App/Legislator/A/Assembly/80th2019/18
80,AB289,primary,Senator Moises Denis,Democratic,person,https://www.leg.state.nv.us/App/Legislator/A/Senate/80th2019/2
80,AB289,cosponsor,Assemblyman Ozzie Fumo,Democratic,person,https://www.leg.state.nv.us/App/Legislator/A/Assembly/80th2019/21
80,AB289,cosponsor,Assemblywoman Michelle Gorelow,Democratic,person,https://www.leg.state.nv.us/App/Legislator/A/Assembly/80th2019/35
80,AB289,cosponsor,Assemblyman William McCurdy,Democratic,person,https://www.leg.state.nv.us/App/Legislator/A/Assembly/80th2019/6
80,AB289,cosponsor,Assemblywoman Selena Torres,Democratic,person,https://www.leg.state.nv.us/App/Legislator/A/Assembly/80th2019/3
80,AB289,cosponsor,Assemblyman Howard Watts,Democratic,person,https://www.leg.state.nv.us/App/Legislator/A/Assembly/80th2019/15
80,AB289,cosponsor,Senator Marilyn Dondero Loop,Democratic,person,https://www.leg.state.nv.us/App/Legislator/A/Senate/80th2019/8
80,AB289,cosponsor,Senator Dallas Harris,Democratic,person,https://www.leg.state.nv.us/App/Legislator/A/Senate/80th2019/11
80,AB289,cosponsor,Senator Joyce Woodhouse,Democratic,person,https://www.leg.state.nv.us/App/Legislator/A/Senate/80th2019/5
80,AB294,primary,Assemblywoman Selena Torres,Democratic,person,https://www.leg.state.nv.us/App/Legislator/A/Assembly/80th2019/3
80,AB294,primary,Assemblywoman Teresa Benitez-Thompson,Democratic,person,https://www.leg.state.nv.us/App/Legislator/A/Assembly/80th2019/27
80,AB294,cosponsor,Assemblywoman Shea Backus,Democratic,person,https://www.leg.state.nv.us/App/Legislator/A/Assembly/80th2019/37
80,AB294,cosponsor,Assemblyman Edgar Flores,Democratic,person,https://www.leg.state.nv.us/App/Legislator/A/Assembly/80th2019/28
80,AB294,cosponsor,Assemblyman Jason Frierson,Democratic,person,https://www.leg.state.nv.us/App/Legislator/A/Assembly/80th2019/8
80,AB294,cosponsor,Assemblywoman Sandra Jauregui,Democratic,person,https://www.leg.state.nv.us/App/Legislator/A/Assembly/80th2019/41
80,AB294,cosponsor,Assemblywoman Susie Martinez,Democratic,person,https://www.leg.state.nv.us/App/Legislator/A/Assembly/80th2019/12
80,AB294,cosponsor,Assemblywoman Connie Munk,Democratic,person,https://www.leg.state.nv.us/App/Legislator/A/Assembly/80th2019/4
80,AB294,cosponsor,Assemblywoman Rochelle Nguyen,Democratic,person,https://www.leg.state.nv.us/App/Legislator/A/Assembly/80th2019/10
80,AB294,cosponsor,Assemblywoman Sarah Peters,Democratic,person,https://www.leg.state.nv.us/App/Legislator/A/Assembly/80th2019/24
80,AB294,cosponsor,Assemblyman Howard Watts,Democratic,person,https://www.leg.state.nv.us/App/Legislator/A/Assembly/80th2019/15
80,AB308,primary,Assemblywoman Daniele Monroe-Moreno,Democratic,person,https://www.leg.state.nv.us/App/Legislator/A/Assembly/80th2019/1
80,AB308,primary,Assemblyman Ozzie Fumo,Democratic,person,https://www.leg.state.nv.us/App/Legislator/A/Assembly/80th2019/21
80,AB308,primary,Assemblywoman Shannon Bilbray-Axelrod,Democratic,person,https://www.leg.state.nv.us/App/Legislator/A/Assembly/80th2019/34
80,AB308,primary,Assemblyman Alexander Assefa,Democratic,person,https://www.leg.state.nv.us/App/Legislator/A/Assembly/80th2019/42
80,AB308,cosponsor,Assemblywoman Teresa Benitez-Thompson,Democratic,person,https://www.leg.state.nv.us/App/Legislator/A/Assembly/80th2019/27
80,AB308,cosponsor,Assemblywoman Lesley Cohen,Democratic,person,https://www.leg.state.nv.us/App/Legislator/A/Assembly/80th2019/29
80,AB308,cosponsor,Assemblywoman Brittney Miller,Democratic,person,https://www.leg.state.nv.us/App/Legislator/A/Assembly/80th2019/5
80,AB308,cosponsor,Assemblywoman Connie Munk,Democratic,person,https://www.leg.state.nv.us/App/Legislator/A/Assembly/80th2019/4
80,AB308,cosponsor,Assemblywoman Selena Torres,Democratic,person,https://www.leg.state.nv.us/App/Legislator/A/Assembly/80th2019/3
80,AB309,primary,Assemblyman Jason Frierson,Democratic,person,https://www.leg.state.nv.us/App/Legislator/A/Assembly/80th2019/8
80,AB312,primary,Assemblywoman Lisa Krasner,Republican,person,https://www.leg.state.nv.us/App/Legislator/A/Assembly/80th2019/26
80,AB318,primary,Assemblywoman Jill Tolles,Republican,person,https://www.leg.state.nv.us/App/Legislator/A/Assembly/80th2019/25
80,AB318,primary,Assemblywoman Melissa Hardy,Republican,person,https://www.leg.state.nv.us/App/Legislator/A/Assembly/80th2019/22
80,AB318,primary,Assemblyman Gregory Hafen,Republican,person,https://www.leg.state.nv.us/App/Legislator/A/Assembly/80th2019/36
80,AB318,primary,Assemblyman Glen Leavitt,Republican,person,https://www.leg.state.nv.us/App/Legislator/A/Assembly/80th2019/23
80,AB318,primary,Assemblyman Tom Roberts,Republican,person,https://www.leg.state.nv.us/App/Legislator/A/Assembly/80th2019/13
80,AB318,cosponsor,Assemblywoman Alexis Hansen,Republican,person,https://www.leg.state.nv.us/App/Legislator/A/Assembly/80th2019/32
80,AB318,cosponsor,Assemblywoman Lisa Krasner,Republican,person,https://www.leg.state.nv.us/App/Legislator/A/Assembly/80th2019/26
80,AB318,cosponsor,Assemblywoman Robin Titus,Republican,person,https://www.leg.state.nv.us/App/Legislator/A/Assembly/80th2019/38
80,AB319,primary,Assemblywoman Jill Tolles,Republican,person,https://www.leg.state.nv.us/App/Legislator/A/Assembly/80th2019/25
80,AB319,primary,Assemblyman Steve Yeager,Democratic,person,https://www.leg.state.nv.us/App/Legislator/A/Assembly/80th2019/9
80,AB319,primary,Assemblyman Tom Roberts,Republican,person,https://www.leg.state.nv.us/App/Legislator/A/Assembly/80th2019/13
80,AB319,primary,Senator Ben Kieckhefer,Republican,person,https://www.leg.state.nv.us/App/Legislator/A/Senate/80th2019/16
80,AB319,primary,Senator Moises Denis,Democratic,person,https://www.leg.state.nv.us/App/Legislator/A/Senate/80th2019/2
80,AB319,primary,Senator Heidi Seevers Gansert,Republican,person,https://www.leg.state.nv.us/App/Legislator/A/Senate/80th2019/15
80,AB319,cosponsor,Assemblywoman Alexis Hansen,Republican,person,https://www.leg.state.nv.us/App/Legislator/A/Assembly/80th2019/32
80,AB319,cosponsor,Assemblywoman Melissa Hardy,Republican,person,https://www.leg.state.nv.us/App/Legislator/A/Assembly/80th2019/22
80,AB319,cosponsor,Assemblyman Al Kramer,Republican,person,https://www.leg.state.nv.us/App/Legislator/A/Assembly/80th2019/40
80,AB319,cosponsor,Assemblyman Glen Leavitt,Republican,person,https://www.leg.state.nv.us/App/Legislator/A/Assembly/80th2019/23
80,AB319,cosponsor,Assemblyman William McCurdy,Democratic,person,https://www.leg.state.nv.us/App/Legislator/A/Assembly/80th2019/6
80,AB319,cosponsor,Senator Chris Brooks,Democratic,person,https://www.leg.state.nv.us/App/Legislator/A/Senate/80th2019/3
80,AB345,primary,Assemblyman Jason Frierson,Democratic,person,https://www.leg.state.nv.us/App/Legislator/A/Assembly/80th2019/8
80,AB345,primary,Assemblywoman Teresa Benitez-Thompson,Democratic,person,https://www.leg.state.nv.us/App/Legislator/A/Assembly/80th2019/27
80,AB345,primary,Assemblywoman Sandra Jauregui,Democratic,person,https://www.leg.state.nv.us/App/Legislator/A/Assembly/80th2019/41
80,AB345,primary,Assemblyman Steve Yeager,Democratic,person,https://www.leg.state.nv.us/App/Legislator/A/Assembly/80th2019/9
80,AB349,primary,Assemblyman Jason Frierson,Democratic,person,https://www.leg.state.nv.us/App/Legislator/A/Assembly/80th2019/8
80,AB352,primary,Assemblywoman Melissa Hardy,Republican,person,https://www.leg.state.nv.us/App/Legislator/A/Assembly/80th2019/22
80,AB352,primary,Assemblyman Al Kramer,Republican,person,https://www.leg.state.nv.us/App/Legislator/A/Assembly/80th2019/40
80,AB352,primary,Assemblywoman Jill Tolles,Republican,person,https://www.leg.state.nv.us/App/Legislator/A/Assembly/80th2019/25
80,AB352,primary,Senator Scott Hammond,Republican,person,https://www.leg.state.nv.us/App/Legislator/A/Senate/80th2019/18
80,AB352,primary,Senator Joseph Hardy,Republican,person,https://www.leg.state.nv.us/App/Legislator/A/Senate/80th2019/12
80,AB352,cosponsor,Assemblyman Chris Edwards,Republican,person,https://www.leg.state.nv.us/App/Legislator/A/Assembly/80th2019/19
80,AB352,cosponsor,Assemblyman John Ellison,Republican,person,https://www.leg.state.nv.us/App/Legislator/A/Assembly/80th2019/33
80,AB352,cosponsor,Assemblyman Gregory Hafen,Republican,person,https://www.leg.state.nv.us/App/Legislator/A/Assembly/80th2019/36
80,AB352,cosponsor,Assemblywoman Lisa Krasner,Republican,person,https://www.leg.state.nv.us/App/Legislator/A/Assembly/80th2019/26
80,AB352,cosponsor,Assemblyman Glen Leavitt,Republican,person,https://www.leg.state.nv.us/App/Legislator/A/Assembly/80th2019/23
80,AB352,cosponsor,Assemblyman Tom Roberts,Republican,person,https://www.leg.state.nv.us/App/Legislator/A/Assembly/80th2019/13
80,AB352,cosponsor,Assemblyman Jim Wheeler,Republican,person,https://www.leg.state.nv.us/App/Legislator/A/Assembly/80th2019/39
80,AB352,cosponsor,Senator Keith Pickard,Republican,person,https://www.leg.state.nv.us/App/Legislator/A/Senate/80th2019/20
80,AB359,primary,Assemblyman Gregory Hafen,Republican,person,https://www.leg.state.nv.us/App/Legislator/A/Assembly/80th2019/36
80,AB359,primary,Assemblyman Glen Leavitt,Republican,person,https://www.leg.state.nv.us/App/Legislator/A/Assembly/80th2019/23
80,AB359,primary,Assemblywoman Jill Tolles,Republican,person,https://www.leg.state.nv.us/App/Legislator/A/Assembly/80th2019/25
80,AB359,primary,Assemblyman Al Kramer,Republican,person,https://www.leg.state.nv.us/App/Legislator/A/Assembly/80th2019/40
80,AB359,primary,Senator Scott Hammond,Republican,person,https://www.leg.state.nv.us/App/Legislator/A/Senate/80th2019/18
80,AB359,cosponsor,Assemblywoman Melissa Hardy,Republican,person,https://www.leg.state.nv.us/App/Legislator/A/Assembly/80th2019/22
80,AB363,primary,Assemblyman Tyrone Thompson,Democratic,person,https://www.leg.state.nv.us/App/Legislator/A/Assembly/80th2019/17
80,AB363,primary,Assemblywoman Daniele Monroe-Moreno,Democratic,person,https://www.leg.state.nv.us/App/Legislator/A/Assembly/80th2019/1
80,AB363,primary,Assemblyman William McCurdy,Democratic,person,https://www.leg.state.nv.us/App/Legislator/A/Assembly/80th2019/6
80,AB363,primary,Assemblyman Jason Frierson,Democratic,person,https://www.leg.state.nv.us/App/Legislator/A/Assembly/80th2019/8
80,AB363,primary,Assemblywoman Teresa Benitez-Thompson,Democratic,person,https://www.leg.state.nv.us/App/Legislator/A/Assembly/80th2019/27
80,AB363,cosponsor,Assemblyman Alexander Assefa,Democratic,person,https://www.leg.state.nv.us/App/Legislator/A/Assembly/80th2019/42
80,AB363,cosponsor,Assemblywoman Shea Backus,Democratic,person,https://www.leg.state.nv.us/App/Legislator/A/Assembly/80th2019/37
80,AB363,cosponsor,Assemblywoman Shannon Bilbray-Axelrod,Democratic,person,https://www.leg.state.nv.us/App/Legislator/A/Assembly/80th2019/34
80,AB363,cosponsor,Assemblywoman Maggie Carlton,Democratic,person,https://www.leg.state.nv.us/App/Legislator/A/Assembly/80th2019/14
80,AB363,cosponsor,Assemblyman Richard Carrillo,Democratic,person,https://www.leg.state.nv.us/App/Legislator/A/Assembly/80th2019/18
80,AB363,cosponsor,Assemblywoman Lesley Cohen,Democratic,person,https://www.leg.state.nv.us/App/Legislator/A/Assembly/80th2019/29
80,AB363,cosponsor,Assemblyman Skip Daly,Democratic,person,https://www.leg.state.nv.us/App/Legislator/A/Assembly/80th2019/31
80,AB363,cosponsor,Assemblywoman Bea Duran,Democratic,person,https://www.leg.state.nv.us/App/Legislator/A/Assembly/80th2019/11
80,AB363,cosponsor,Assemblyman Chris Edwards,Republican,person,https://www.leg.state.nv.us/App/Legislator/A/Assembly/80th2019/19
80,AB363,cosponsor,Assemblyman John Ellison,Republican,person,https://www.leg.state.nv.us/App/Legislator/A/Assembly/80th2019/33
80,AB363,cosponsor,Assemblyman Edgar Flores,Democratic,person,https://www.leg.state.nv.us/App/Legislator/A/Assembly/80th2019/28
80,AB363,cosponsor,Assemblyman Ozzie Fumo,Democratic,person,https://www.leg.state.nv.us/App/Legislator/A/Assembly/80th2019/21
80,AB363,cosponsor,Assemblywoman Michelle Gorelow,Democratic,person,https://www.leg.state.nv.us/App/Legislator/A/Assembly/80th2019/35
80,AB363,cosponsor,Assemblyman Gregory Hafen,Republican,person,https://www.leg.state.nv.us/App/Legislator/A/Assembly/80th2019/36
80,AB363,cosponsor,Assemblyman John Hambrick,Republican,person,https://www.leg.state.nv.us/App/Legislator/A/Assembly/80th2019/2
80,AB363,cosponsor,Assemblywoman Alexis Hansen,Republican,person,https://www.leg.state.nv.us/App/Legislator/A/Assembly/80th2019/32
80,AB363,cosponsor,Assemblywoman Melissa Hardy,Republican,person,https://www.leg.state.nv.us/App/Legislator/A/Assembly/80th2019/22
80,AB363,cosponsor,Assemblywoman Sandra Jauregui,Democratic,person,https://www.leg.state.nv.us/App/Legislator/A/Assembly/80th2019/41
80,AB363,cosponsor,Assemblyman Al Kramer,Republican,person,https://www.leg.state.nv.us/App/Legislator/A/Assembly/80th2019/40
80,AB363,cosponsor,Assemblywoman Lisa Krasner,Republican,person,https://www.leg.state.nv.us/App/Legislator/A/Assembly/80th2019/26
80,AB363,cosponsor,Assemblyman Glen Leavitt,Republican,person,https://www.leg.state.nv.us/App/Legislator/A/Assembly/80th2019/23
80,AB363,cosponsor,Assemblywoman Susie Martinez,Democratic,person,https://www.leg.state.nv.us/App/Legislator/A/Assembly/80th2019/12
80,AB363,cosponsor,Assemblywoman Brittney Miller,Democratic,person,https://www.leg.state.nv.us/App/Legislator/A/Assembly/80th2019/5
80,AB363,cosponsor,Assemblywoman Connie Munk,Democratic,person,https://www.leg.state.nv.us/App/Legislator/A/Assembly/80th2019/4
80,AB363,cosponsor,Assemblywoman Dina Neal,Democratic,person,https://www.leg.state.nv.us/App/Legislator/A/Assembly/80th2019/7
80,AB363,cosponsor,Assemblywoman Rochelle Nguyen,Democratic,person,https://www.leg.state.nv.us/App/Legislator/A/Assembly/80th2019/10
80,AB363,cosponsor,Assemblywoman Sarah Peters,Democratic,person,https://www.leg.state.nv.us/App/Legislator/A/Assembly/80th2019/24
80,AB363,cosponsor,Assemblyman Tom Roberts,Republican,person,https://www.leg.state.nv.us/App/Legislator/A/Assembly/80th2019/13
80,AB363,cosponsor,Assemblyman Greg Smith,Democratic,person,https://www.leg.state.nv.us/App/Legislator/A/Assembly/80th2019/30
80,AB363,cosponsor,Assemblywoman Ellen Spiegel,Democratic,person,https://www.leg.state.nv.us/App/Legislator/A/Assembly/80th2019/20
80,AB363,cosponsor,Assemblywoman Heidi Swank,Democratic,person,https://www.leg.state.nv.us/App/Legislator/A/Assembly/80th2019/16
80,AB363,cosponsor,Assemblywoman Robin Titus,Republican,person,https://www.leg.state.nv.us/App/Legislator/A/Assembly/80th2019/38
80,AB363,cosponsor,Assemblywoman Jill Tolles,Republican,person,https://www.leg.state.nv.us/App/Legislator/A/Assembly/80th2019/25
80,AB363,cosponsor,Assemblywoman Selena Torres,Democratic,person,https://www.leg.state.nv.us/App/Legislator/A/Assembly/80th2019/3
80,AB363,cosponsor,Assemblyman Howard Watts,Democratic,person,https://www.leg.state.nv.us/App/Legislator/A/Assembly/80th2019/15
80,AB363,cosponsor,Assemblyman Jim Wheeler,Republican,person,https://www.leg.state.nv.us/App/Legislator/A/Assembly/80th2019/39
80,AB363,cosponsor,Assemblyman Steve Yeager,Democratic,person,https://www.leg.state.nv.us/App/Legislator/A/Assembly/80th2019/9
80,AB363,cosponsor,Senator Chris Brooks,Democratic,person,https://www.leg.state.nv.us/App/Legislator/A/Senate/80th2019/3
80,AB363,cosponsor,Senator Yvanna Cancela,Democratic,person,https://www.leg.state.nv.us/App/Legislator/A/Senate/80th2019/10
80,AB363,cosponsor,Senator Nicole Cannizzaro,Democratic,person,https://www.leg.state.nv.us/App/Legislator/A/Senate/80th2019/6
80,AB363,cosponsor,Senator Moises Denis,Democratic,person,https://www.leg.state.nv.us/App/Legislator/A/Senate/80th2019/2
80,AB363,cosponsor,Senator Marilyn Dondero Loop,Democratic,person,https://www.leg.state.nv.us/App/Legislator/A/Senate/80th2019/8
80,AB363,cosponsor,Senator Pete Goicoechea,Republican,person,https://www.leg.state.nv.us/App/Legislator/A/Senate/80th2019/19
80,AB363,cosponsor,Senator Scott Hammond,Republican,person,https://www.leg.state.nv.us/App/Legislator/A/Senate/80th2019/18
80,AB363,cosponsor,Senator Ira Hansen,Republican,person,https://www.leg.state.nv.us/App/Legislator/A/Senate/80th2019/14
80,AB363,cosponsor,Senator Joseph Hardy,Republican,person,https://www.leg.state.nv.us/App/Legislator/A/Senate/80th2019/12
80,AB363,cosponsor,Senator Dallas Harris,Democratic,person,https://www.leg.state.nv.us/App/Legislator/A/Senate/80th2019/11
80,AB363,cosponsor,Senator Ben Kieckhefer,Republican,person,https://www.leg.state.nv.us/App/Legislator/A/Senate/80th2019/16
80,AB363,cosponsor,Senator James Ohrenschall,Democratic,person,https://www.leg.state.nv.us/App/Legislator/A/Senate/80th2019/21
80,AB363,cosponsor,Senator David Parks,Democratic,person,https://www.leg.state.nv.us/App/Legislator/A/Senate/80th2019/7
80,AB363,cosponsor,Senator Keith Pickard,Republican,person,https://www.leg.state.nv.us/App/Legislator/A/Senate/80th2019/20
80,AB363,cosponsor,Senator Julia Ratti,Democratic,person,https://www.leg.state.nv.us/App/Legislator/A/Senate/80th2019/13
80,AB363,cosponsor,Senator Melanie Scheible,Democratic,person,https://www.leg.state.nv.us/App/Legislator/A/Senate/80th2019/9
80,AB363,cosponsor,Senator Heidi Seevers Gansert,Republican,person,https://www.leg.state.nv.us/App/Legislator/A/Senate/80th2019/15
80,AB363,cosponsor,Senator James Settelmeyer,Republican,person,https://www.leg.state.nv.us/App/Legislator/A/Senate/80th2019/17
80,AB363,cosponsor,Senator Pat Spearman,Democratic,person,https://www.leg.state.nv.us/App/Legislator/A/Senate/80th2019/1
80,AB363,cosponsor,Senator Marcia Washington,Democratic,person,https://www.leg.state.nv.us/App/Legislator/A/Senate/80th2019/4
80,AB363,cosponsor,Senator Joyce Woodhouse,Democratic,person,https://www.leg.state.nv.us/App/Legislator/A/Senate/80th2019/5
80,AB364,primary,Assemblyman Howard Watts,Democratic,person,https://www.leg.state.nv.us/App/Legislator/A/Assembly/80th2019/15
80,AB365,primary,Assemblywoman Lesley Cohen,Democratic,person,https://www.leg.state.nv.us/App/Legislator/A/Assembly/80th2019/29
80,AB368,primary,Assemblyman Steve Yeager,Democratic,person,https://www.leg.state.nv.us/App/Legislator/A/Assembly/80th2019/9
80,AB378,primary,Assemblywoman Alexis Hansen,Republican,person,https://www.leg.state.nv.us/App/Legislator/A/Assembly/80th2019/32
80,AB378,cosponsor,Senator Scott Hammond,Republican,person,https://www.leg.state.nv.us/App/Legislator/A/Senate/80th2019/18
80,AB378,cosponsor,Senator Keith Pickard,Republican,person,https://www.leg.state.nv.us/App/Legislator/A/Senate/80th2019/20
80,AB383,primary,Assemblyman Jason Frierson,Democratic,person,https://www.leg.state.nv.us/App/Legislator/A/Assembly/80th2019/8
80,AB383,cosponsor,Assemblyman William McCurdy,Democratic,person,https://www.leg.state.nv.us/App/Legislator/A/Assembly/80th2019/6
80,AB383,cosponsor,Assemblyman Howard Watts,Democratic,person,https://www.leg.state.nv.us/App/Legislator/A/Assembly/80th2019/15
80,AB386,primary,Assemblyman William McCurdy,Democratic,person,https://www.leg.state.nv.us/App/Legislator/A/Assembly/80th2019/6
80,AB388,primary,Assemblyman Glen Leavitt,Republican,person,https://www.leg.state.nv.us/App/Legislator/A/Assembly/80th2019/23
80,AB393,primary,Assemblyman Jason Frierson,Democratic,person,https://www.leg.state.nv.us/App/Legislator/A/Assembly/80th2019/8
80,AB398,primary,Assemblywoman Sandra Jauregui,Democratic,person,https://www.leg.state.nv.us/App/Legislator/A/Assembly/80th2019/41
80,AB403,primary,Assemblyman John Ellison,Republican,person,https://www.leg.state.nv.us/App/Legislator/A/Assembly/80th2019/33
80,AB403,primary,Assemblyman Al Kramer,Republican,person,https://www.leg.state.nv.us/App/Legislator/A/Assembly/80th2019/40
80,AB403,primary,Assemblyman Tom Roberts,Republican,person,https://www.leg.state.nv.us/App/Legislator/A/Assembly/80th2019/13
80,AB403,cosponsor,Assemblyman Glen Leavitt,Republican,person,https://www.leg.state.nv.us/App/Legislator/A/Assembly/80th2019/23
80,AB403,cosponsor,Assemblywoman Robin Titus,Republican,person,https://www.leg.state.nv.us/App/Legislator/A/Assembly/80th2019/38
80,AB403,cosponsor,Assemblyman Jim Wheeler,Republican,person,https://www.leg.state.nv.us/App/Legislator/A/Assembly/80th2019/39
80,AB403,cosponsor,Senator Chris Brooks,Democratic,person,https://www.leg.state.nv.us/App/Legislator/A/Senate/80th2019/3
80,AB403,cosponsor,Senator Yvanna Cancela,Democratic,person,https://www.leg.state.nv.us/App/Legislator/A/Senate/80th2019/10
80,AB403,cosponsor,Senator Moises Denis,Democratic,person,https://www.leg.state.nv.us/App/Legislator/A/Senate/80th2019/2
80,AB403,cosponsor,Senator Scott Hammond,Republican,person,https://www.leg.state.nv.us/App/Legislator/A/Senate/80th2019/18
80,AB403,cosponsor,Senator Joseph Hardy,Republican,person,https://www.leg.state.nv.us/App/Legislator/A/Senate/80th2019/12
80,AB403,cosponsor,Senator James Settelmeyer,Republican,person,https://www.leg.state.nv.us/App/Legislator/A/Senate/80th2019/17
80,AB403,cosponsor,Senator Pat Spearman,Democratic,person,https://www.leg.state.nv.us/App/Legislator/A/Senate/80th2019/1
80,AB403,cosponsor,Senator Marcia Washington,Democratic,person,https://www.leg.state.nv.us/App/Legislator/A/Senate/80th2019/4
80,AB405,primary,Assemblyman Al Kramer,Republican,person,https://www.leg.state.nv.us/App/Legislator/A/Assembly/80th2019/40
80,AB405,primary,Assemblyman Richard Carrillo,Democratic,person,https://www.leg.state.nv.us/App/Legislator/A/Assembly/80th2019/18
80,AB405,cosponsor,Assemblyman Alexander Assefa,Democratic,person,https://www.leg.state.nv.us/App/Legislator/A/Assembly/80th2019/42
80,AB405,cosponsor,Assemblywoman Melissa Hardy,Republican,person,https://www.leg.state.nv.us/App/Legislator/A/Assembly/80th2019/22
80,AB405,cosponsor,Assemblyman Glen Leavitt,Republican,person,https://www.leg.state.nv.us/App/Legislator/A/Assembly/80th2019/23
80,AB405,cosponsor,Assemblywoman Robin Titus,Republican,person,https://www.leg.state.nv.us/App/Legislator/A/Assembly/80th2019/38
80,AB405,cosponsor,Assemblyman Jim Wheeler,Republican,person,https://www.leg.state.nv.us/App/Legislator/A/Assembly/80th2019/39
80,AB406,primary,Assemblyman Al Kramer,Republican,person,https://www.leg.state.nv.us/App/Legislator/A/Assembly/80th2019/40
80,AB406,primary,Assemblywoman Robin Titus,Republican,person,https://www.leg.state.nv.us/App/Legislator/A/Assembly/80th2019/38
80,AB406,cosponsor,Assemblyman John Ellison,Republican,person,https://www.leg.state.nv.us/App/Legislator/A/Assembly/80th2019/33
80,AB411,primary,Assembly Committee on Growth and Infrastructure,,organization,https://www.leg.state.nv.us/App/NELIS/REL/80th2019/Committee/239/Overview
80,AB417,primary,Assembly Committee on Judiciary,,organization,https://www.leg.state.nv.us/App/NELIS/REL/80th2019/Committee/233/Overview
80,AB430,primary,Assemblyman Jason Frierson,Democratic,person,https://www.leg.state.nv.us/App/Legislator/A/Assembly/80th2019/8
80,AB430,primary,Assemblywoman Shea Backus,Democratic,person,https://www.leg.state.nv.us/App/Legislator/A/Assembly/80th2019/37
80,AB461,primary,Assembly Committee on Education,,organization,https://www.leg.state.nv.us/App/NELIS/REL/80th2019/Committee/228/Overview
80,AB465,primary,Assembly Committee on Growth and Infrastructure,,organization,https://www.leg.state.nv.us/App/NELIS/REL/80th2019/Committee/239/Overview
80,AB472,primary,Assembly Committee on Health and Human Services,,organization,https://www.leg.state.nv.us/App/NELIS/REL/80th2019/Committee/232/Overview
80,AB476,primary,Assemblywoman Teresa Benitez-Thompson,Democratic,person,https://www.leg.state.nv.us/App/Legislator/A/Assembly/80th2019/27
80,AB476,primary,Assemblyman Al Kramer,Republican,person,https://www.leg.state.nv.us/App/Legislator/A/Assembly/80th2019/40
80,AB476,primary,Assemblywoman Sarah Peters,Democratic,person,https://www.leg.state.nv.us/App/Legislator/A/Assembly/80th2019/24
80,AB477,primary,Assembly Committee on Commerce and Labor,,organization,https://www.leg.state.nv.us/App/NELIS/REL/80th2019/Committee/219/Overview
80,AB492,primary,Assemblywoman Teresa Benitez-Thompson,Democratic,person,https://www.leg.state.nv.us/App/Legislator/A/Assembly/80th2019/27
80,AB492,primary,Assemblyman Tom Roberts,Republican,person,https://www.leg.state.nv.us/App/Legislator/A/Assembly/80th2019/13
80,AB5,primary,Assembly Committee on Government Affairs,,organization,https://www.leg.state.nv.us/App/NELIS/REL/80th2019/Committee/230/Overview
80,AB500,primary,Assembly Committee on Ways and Means,,organization,https://www.leg.state.nv.us/App/NELIS/REL/80th2019/Committee/238/Overview
80,AB68,primary,Assembly Committee on Commerce and Labor,,organization,https://www.leg.state.nv.us/App/NELIS/REL/80th2019/Committee/219/Overview
80,AB73,primary,Assembly Committee on Taxation,,organization,https://www.leg.state.nv.us/App/NELIS/REL/80th2019/Committee/236/Overview
80,SB103,primary,Senate Committee on Government Affairs,,organization,https://www.leg.state.nv.us/App/NELIS/REL/80th2019/Committee/220/Overview
80,SB104,primary,Senate Committee on Government Affairs,,organization,https://www.leg.state.nv.us/App/NELIS/REL/80th2019/Committee/220/Overview
80,SB11,primary,Senate Committee on Government Affairs,,organization,https://www.leg.state.nv.us/App/NELIS/REL/80th2019/Committee/220/Overview
80,SB117,primary,Senator Julia Ratti,Democratic,person,https://www.leg.state.nv.us/App/Legislator/A/Senate/80th2019/13
80,SB117,primary,Senator Dallas Harris,Democratic,person,https://www.leg.state.nv.us/App/Legislator/A/Senate/80th2019/11
80,SB117,cosponsor,Assemblywoman Lisa Krasner,Republican,person,https://www.leg.state.nv.us/App/Legislator/A/Assembly/80th2019/26
80,SB132,primary,Senator Pete Goicoechea,Republican,person,https://www.leg.state.nv.us/App/Legislator/A/Senate/80th2019/19
80,SB132,primary,Senator James Settelmeyer,Republican,person,https://www.leg.state.nv.us/App/Legislator/A/Senate/80th2019/17
80,SB141,primary,Senator Heidi Seevers Gansert,Republican,person,https://www.leg.state.nv.us/App/Legislator/A/Senate/80th2019/15
80,SB141,primary,Senator Joseph Hardy,Republican,person,https://www.leg.state.nv.us/App/Legislator/A/Senate/80th2019/12
80,SB141,primary,Senator Keith Pickard,Republican,person,https://www.leg.state.nv.us/App/Legislator/A/Senate/80th2019/20
80,SB141,cosponsor,Senator Scott Hammond,Republican,person,https://www.leg.state.nv.us/App/Legislator/A/Senate/80th2019/18
80,SB141,cosponsor,Senator James Settelmeyer,Republican,person,https://www.leg.state.nv.us/App/Legislator/A/Senate/80th2019/17
80,SB147,primary,Senate Committee on Education,,organization,https://www.leg.state.nv.us/App/NELIS/REL/80th2019/Committee/216/Overview
80,SB148,primary,Senate Committee on Commerce and Labor,,organization,https://www.leg.state.nv.us/App/NELIS/REL/80th2019/Committee/215/Overview
80,SB150,primary,Senator Pete Goicoechea,Republican,person,https://www.leg.state.nv.us/App/Legislator/A/Senate/80th2019/19
80,SB150,primary,Senator James Settelmeyer,Republican,person,https://www.leg.state.nv.us/App/Legislator/A/Senate/80th2019/17
80,SB150,primary,Senator Joseph Hardy,Republican,person,https://www.leg.state.nv.us/App/Legislator/A/Senate/80th2019/12
80,SB150,primary,Assemblyman John Ellison,Republican,person,https://www.leg.state.nv.us/App/Legislator/A/Assembly/80th2019/33
80,SB150,cosponsor,Senator Ira Hansen,Republican,person,https://www.leg.state.nv.us/App/Legislator/A/Senate/80th2019/14
80,SB151,primary,Senator Julia Ratti,Democratic,person,https://www.leg.state.nv.us/App/Legislator/A/Senate/80th2019/13
80,SB151,primary,Senator Yvanna Cancela,Democratic,person,https://www.leg.state.nv.us/App/Legislator/A/Senate/80th2019/10
80,SB151,primary,Senator Pat Spearman,Democratic,person,https://www.leg.state.nv.us/App/Legislator/A/Senate/80th2019/1
80,SB151,primary,Senator David Parks,Democratic,person,https://www.leg.state.nv.us/App/Legislator/A/Senate/80th2019/7
80,SB151,cosponsor,Senator Chris Brooks,Democratic,person,https://www.leg.state.nv.us/App/Legislator/A/Senate/80th2019/3
80,SB151,cosponsor,Senator Dallas Harris,Democratic,person,https://www.leg.state.nv.us/App/Legislator/A/Senate/80th2019/11
80,SB151,cosponsor,Senator James Ohrenschall,Democratic,person,https://www.leg.state.nv.us/App/Legislator/A/Senate/80th2019/21
80,SB151,cosponsor,Senator Joyce Woodhouse,Democratic,person,https://www.leg.state.nv.us/App/Legislator/A/Senate/80th2019/5
80,SB184,primary,Senator Heidi Seevers Gansert,Republican,person,https://www.leg.state.nv.us/App/Legislator/A/Senate/80th2019/15
80,SB184,primary,Senator Joseph Hardy,Republican,person,https://www.leg.state.nv.us/App/Legislator/A/Senate/80th2019/12
80,SB184,cosponsor,Senator Pete Goicoechea,Republican,person,https://www.leg.state.nv.us/App/Legislator/A/Senate/80th2019/19
80,SB184,cosponsor,Senator Scott Hammond,Republican,person,https://www.leg.state.nv.us/App/Legislator/A/Senate/80th2019/18
80,SB184,cosponsor,Senator Ben Kieckhefer,Republican,person,https://www.leg.state.nv.us/App/Legislator/A/Senate/80th2019/16
80,SB184,cosponsor,Senator James Settelmeyer,Republican,person,https://www.leg.state.nv.us/App/Legislator/A/Senate/80th2019/17
80,SB190,primary,Senator Joyce Woodhouse,Democratic,person,https://www.leg.state.nv.us/App/Legislator/A/Senate/80th2019/5
80,SB190,primary,Senator David Parks,Democratic,person,https://www.leg.state.nv.us/App/Legislator/A/Senate/80th2019/7
80,SB194,primary,Senator Pat Spearman,Democratic,person,https://www.leg.state.nv.us/App/Legislator/A/Senate/80th2019/1
80,SB194,primary,Senator David Parks,Democratic,person,https://www.leg.state.nv.us/App/Legislator/A/Senate/80th2019/7
80,SB194,cosponsor,Senator Dallas Harris,Democratic,person,https://www.leg.state.nv.us/App/Legislator/A/Senate/80th2019/11
80,SB194,cosponsor,Senator James Ohrenschall,Democratic,person,https://www.leg.state.nv.us/App/Legislator/A/Senate/80th2019/21
80,SB194,cosponsor,Senator Melanie Scheible,Democratic,person,https://www.leg.state.nv.us/App/Legislator/A/Senate/80th2019/9
80,SB194,cosponsor,Senator Joyce Woodhouse,Democratic,person,https://www.leg.state.nv.us/App/Legislator/A/Senate/80th2019/5
80,SB199,primary,Senator Melanie Scheible,Democratic,person,https://www.leg.state.nv.us/App/Legislator/A/Senate/80th2019/9
80,SB199,primary,Senator David Parks,Democratic,person,https://www.leg.state.nv.us/App/Legislator/A/Senate/80th2019/7
80,SB199,cosponsor,Assemblyman Ozzie Fumo,Democratic,person,https://www.leg.state.nv.us/App/Legislator/A/Assembly/80th2019/21
80,SB202,primary,Senator Marilyn Dondero Loop,Democratic,person,https://www.leg.state.nv.us/App/Legislator/A/Senate/80th2019/8
80,SB202,primary,Senator Pat Spearman,Democratic,person,https://www.leg.state.nv.us/App/Legislator/A/Senate/80th2019/1
80,SB202,primary,Senator James Ohrenschall,Democratic,person,https://www.leg.state.nv.us/App/Legislator/A/Senate/80th2019/21
80,SB202,primary,Senator David Parks,Democratic,person,https://www.leg.state.nv.us/App/Legislator/A/Senate/80th2019/7
80,SB202,cosponsor,Senator Chris Brooks,Democratic,person,https://www.leg.state.nv.us/App/Legislator/A/Senate/80th2019/3
80,SB202,cosponsor,Senator Yvanna Cancela,Democratic,person,https://www.leg.state.nv.us/App/Legislator/A/Senate/80th2019/10
80,SB202,cosponsor,Senator Nicole Cannizzaro,Democratic,person,https://www.leg.state.nv.us/App/Legislator/A/Senate/80th2019/6
80,SB202,cosponsor,Senator Moises Denis,Democratic,person,https://www.leg.state.nv.us/App/Legislator/A/Senate/80th2019/2
80,SB202,cosponsor,Senator Dallas Harris,Democratic,person,https://www.leg.state.nv.us/App/Legislator/A/Senate/80th2019/11
80,SB202,cosponsor,Senator Melanie Scheible,Democratic,person,https://www.leg.state.nv.us/App/Legislator/A/Senate/80th2019/9
80,SB202,cosponsor,Senator Joyce Woodhouse,Democratic,person,https://www.leg.state.nv.us/App/Legislator/A/Senate/80th2019/5
80,SB203,primary,Senator Pat Spearman,Democratic,person,https://www.leg.state.nv.us/App/Legislator/A/Senate/80th2019/1
80,SB203,primary,Senator Joyce Woodhouse,Democratic,person,https://www.leg.state.nv.us/App/Legislator/A/Senate/80th2019/5
80,SB203,primary,Senator David Parks,Democratic,person,https://www.leg.state.nv.us/App/Legislator/A/Senate/80th2019/7
80,SB203,cosponsor,Senator Joseph Hardy,Republican,person,https://www.leg.state.nv.us/App/Legislator/A/Senate/80th2019/12
80,SB203,cosponsor,Senator Dallas Harris,Democratic,person,https://www.leg.state.nv.us/App/Legislator/A/Senate/80th2019/11
80,SB203,cosponsor,Senator James Ohrenschall,Democratic,person,https://www.leg.state.nv.us/App/Legislator/A/Senate/80th2019/21
80,SB203,cosponsor,Senator Melanie Scheible,Democratic,person,https://www.leg.state.nv.us/App/Legislator/A/Senate/80th2019/9
80,SB203,cosponsor,Assemblyman Alexander Assefa,Democratic,person,https://www.leg.state.nv.us/App/Legislator/A/Assembly/80th2019/42
80,SB203,cosponsor,Assemblywoman Michelle Gorelow,Democratic,person,https://www.leg.state.nv.us/App/Legislator/A/Assembly/80th2019/35
80,SB203,cosponsor,Assemblywoman Lisa Krasner,Republican,person,https://www.leg.state.nv.us/App/Legislator/A/Assembly/80th2019/26
80,SB203,cosponsor,Assemblywoman Rochelle Nguyen,Democratic,person,https://www.leg.state.nv.us/App/Legislator/A/Assembly/80th2019/10
80,SB207,primary,Senator Chris Brooks,Democratic,person,https://www.leg.state.nv.us/App/Legislator/A/Senate/80th2019/3
80,SB207,primary,Senator Moises Denis,Democratic,person,https://www.leg.state.nv.us/App/Legislator/A/Senate/80th2019/2
80,SB207,primary,Senator Nicole Cannizzaro,Democratic,person,https://www.leg.state.nv.us/App/Legislator/A/Senate/80th2019/6
80,SB207,cosponsor,Senator Yvanna Cancela,Democratic,person,https://www.leg.state.nv.us/App/Legislator/A/Senate/80th2019/10
80,SB207,cosponsor,Senator Marilyn Dondero Loop,Democratic,person,https://www.leg.state.nv.us/App/Legislator/A/Senate/80th2019/8
80,SB207,cosponsor,Senator Dallas Harris,Democratic,person,https://www.leg.state.nv.us/App/Legislator/A/Senate/80th2019/11
80,SB207,cosponsor,Senator James Ohrenschall,Democratic,person,https://www.leg.state.nv.us/App/Legislator/A/Senate/80th2019/21
80,SB207,cosponsor,Senator David Parks,Democratic,person,https://www.leg.state.nv.us/App/Legislator/A/Senate/80th2019/7
80,SB207,cosponsor,Senator Julia Ratti,Democratic,person,https://www.leg.state.nv.us/App/Legislator/A/Senate/80th2019/13
80,SB207,cosponsor,Senator Melanie Scheible,Democratic,person,https://www.leg.state.nv.us/App/Legislator/A/Senate/80th2019/9
80,SB207,cosponsor,Senator Pat Spearman,Democratic,person,https://www.leg.state.nv.us/App/Legislator/A/Senate/80th2019/1
80,SB207,cosponsor,Senator Joyce Woodhouse,Democratic,person,https://www.leg.state.nv.us/App/Legislator/A/Senate/80th2019/5
80,SB207,cosponsor,Assemblyman Richard Carrillo,Democratic,person,https://www.leg.state.nv.us/App/Legislator/A/Assembly/80th2019/18
80,SB207,cosponsor,Assemblywoman Bea Duran,Democratic,person,https://www.leg.state.nv.us/App/Legislator/A/Assembly/80th2019/11
80,SB207,cosponsor,Assemblywoman Susie Martinez,Democratic,person,https://www.leg.state.nv.us/App/Legislator/A/Assembly/80th2019/12
80,SB207,cosponsor,Assemblyman Greg Smith,Democratic,person,https://www.leg.state.nv.us/App/Legislator/A/Assembly/80th2019/30
80,SB210,primary,Senator Moises Denis,Democratic,person,https://www.leg.state.nv.us/App/Legislator/A/Senate/80th2019/2
80,SB210,primary,Senator Pat Spearman,Democratic,person,https://www.leg.state.nv.us/App/Legislator/A/Senate/80th2019/1
80,SB210,primary,Senator Chris Brooks,Democratic,person,https://www.leg.state.nv.us/App/Legislator/A/Senate/80th2019/3
80,SB210,primary,Senator David Parks,Democratic,person,https://www.leg.state.nv.us/App/Legislator/A/Senate/80th2019/7
80,SB210,cosponsor,Senator Kelvin Atkinson,,person,https://www.leg.state.nv.us/App/Legislator/A/Senate/80th2019/4
80,SB210,cosponsor,Senator Yvanna Cancela,Democratic,person,https://www.leg.state.nv.us/App/Legislator/A/Senate/80th2019/10
80,SB210,cosponsor,Senator Nicole Cannizzaro,Democratic,person,https://www.leg.state.nv.us/App/Legislator/A/Senate/80th2019/6
80,SB210,cosponsor,Senator Marilyn Dondero Loop,Democratic,person,https://www.leg.state.nv.us/App/Legislator/A/Senate/80th2019/8
80,SB210,cosponsor,Senator James Ohrenschall,Democratic,person,https://www.leg.state.nv.us/App/Legislator/A/Senate/80th2019/21
80,SB210,cosponsor,Senator Julia Ratti,Democratic,person,https://www.leg.state.nv.us/App/Legislator/A/Senate/80th2019/13
80,SB210,cosponsor,Senator Melanie Scheible,Democratic,person,https://www.leg.state.nv.us/App/Legislator/A/Senate/80th2019/9
80,SB210,cosponsor,Senator Joyce Woodhouse,Democratic,person,https://www.leg.state.nv.us/App/Legislator/A/Senate/80th2019/5
80,SB212,primary,Senator Moises Denis,Democratic,person,https://www.leg.state.nv.us/App/Legislator/A/Senate/80th2019/2
80,SB222,primary,Senator Joseph Hardy,Republican,person,https://www.leg.state.nv.us/App/Legislator/A/Senate/80th2019/12
80,SB247,primary,Senator Keith Pickard,Republican,person,https://www.leg.state.nv.us/App/Legislator/A/Senate/80th2019/20
80,SB247,primary,Senator James Ohrenschall,Democratic,person,https://www.leg.state.nv.us/App/Legislator/A/Senate/80th2019/21
80,SB247,primary,Assemblyman Glen Leavitt,Republican,person,https://www.leg.state.nv.us/App/Legislator/A/Assembly/80th2019/23
80,SB247,primary,Assemblywoman Melissa Hardy,Republican,person,https://www.leg.state.nv.us/App/Legislator/A/Assembly/80th2019/22
80,SB247,cosponsor,Assemblywoman Lesley Cohen,Democratic,person,https://www.leg.state.nv.us/App/Legislator/A/Assembly/80th2019/29
80,SB248,primary,Senator Keith Pickard,Republican,person,https://www.leg.state.nv.us/App/Legislator/A/Senate/80th2019/20
80,SB248,primary,Assemblywoman Lesley Cohen,Democratic,person,https://www.leg.state.nv.us/App/Legislator/A/Assembly/80th2019/29
80,SB250,primary,Senator James Settelmeyer,Republican,person,https://www.leg.state.nv.us/App/Legislator/A/Senate/80th2019/17
80,SB250,primary,Senator Pete Goicoechea,Republican,person,https://www.leg.state.nv.us/App/Legislator/A/Senate/80th2019/19
80,SB250,primary,Senator Joseph Hardy,Republican,person,https://www.leg.state.nv.us/App/Legislator/A/Senate/80th2019/12
80,SB250,cosponsor,Senator Ira Hansen,Republican,person,https://www.leg.state.nv.us/App/Legislator/A/Senate/80th2019/14
80,SB250,cosponsor,Senator Heidi Seevers Gansert,Republican,person,https://www.leg.state.nv.us/App/Legislator/A/Senate/80th2019/15
80,SB251,primary,Senator Joyce Woodhouse,Democratic,person,https://www.leg.state.nv.us/App/Legislator/A/Senate/80th2019/5
80,SB251,primary,Senator David Parks,Democratic,person,https://www.leg.state.nv.us/App/Legislator/A/Senate/80th2019/7
80,SB251,primary,Assemblyman Ozzie Fumo,Democratic,person,https://www.leg.state.nv.us/App/Legislator/A/Assembly/80th2019/21
80,SB251,primary,Assemblywoman Lesley Cohen,Democratic,person,https://www.leg.state.nv.us/App/Legislator/A/Assembly/80th2019/29
80,SB256,primary,Senator Yvanna Cancela,Democratic,person,https://www.leg.state.nv.us/App/Legislator/A/Senate/80th2019/10
80,SB256,primary,Senator Pat Spearman,Democratic,person,https://www.leg.state.nv.us/App/Legislator/A/Senate/80th2019/1
80,SB256,primary,Senator Julia Ratti,Democratic,person,https://www.leg.state.nv.us/App/Legislator/A/Senate/80th2019/13
80,SB256,primary,Senator David Parks,Democratic,person,https://www.leg.state.nv.us/App/Legislator/A/Senate/80th2019/7
80,SB256,cosponsor,Senator Dallas Harris,Democratic,person,https://www.leg.state.nv.us/App/Legislator/A/Senate/80th2019/11
80,SB256,cosponsor,Senator James Ohrenschall,Democratic,person,https://www.leg.state.nv.us/App/Legislator/A/Senate/80th2019/21
80,SB256,cosponsor,Senator Melanie Scheible,Democratic,person,https://www.leg.state.nv.us/App/Legislator/A/Senate/80th2019/9
80,SB256,cosponsor,Senator Joyce Woodhouse,Democratic,person,https://www.leg.state.nv.us/App/Legislator/A/Senate/80th2019/5
80,SB264,primary,Senate Committee on Health and Human Services,,organization,https://www.leg.state.nv.us/App/NELIS/REL/80th2019/Committee/221/Overview
80,SB270,primary,Senator Dallas Harris,Democratic,person,https://www.leg.state.nv.us/App/Legislator/A/Senate/80th2019/11
80,SB270,primary,Senator Julia Ratti,Democratic,person,https://www.leg.state.nv.us/App/Legislator/A/Senate/80th2019/13
80,SB270,cosponsor,Senator Heidi Seevers Gansert,Republican,person,https://www.leg.state.nv.us/App/Legislator/A/Senate/80th2019/15
80,SB270,cosponsor,Assemblyman Tyrone Thompson,Democratic,person,https://www.leg.state.nv.us/App/Legislator/A/Assembly/80th2019/17
80,SB274,primary,Senator Melanie Scheible,Democratic,person,https://www.leg.state.nv.us/App/Legislator/A/Senate/80th2019/9
80,SB274,primary,Senator Nicole Cannizzaro,Democratic,person,https://www.leg.state.nv.us/App/Legislator/A/Senate/80th2019/6
80,SB293,primary,Senator Julia Ratti,Democratic,person,https://www.leg.state.nv.us/App/Legislator/A/Senate/80th2019/13
80,SB293,cosponsor,Senator Chris Brooks,Democratic,person,https://www.leg.state.nv.us/App/Legislator/A/Senate/80th2019/3
80,SB293,cosponsor,Senator Moises Denis,Democratic,person,https://www.leg.state.nv.us/App/Legislator/A/Senate/80th2019/2
80,SB293,cosponsor,Senator Marilyn Dondero Loop,Democratic,person,https://www.leg.state.nv.us/App/Legislator/A/Senate/80th2019/8
80,SB293,cosponsor,Senator Scott Hammond,Republican,person,https://www.leg.state.nv.us/App/Legislator/A/Senate/80th2019/18
80,SB293,cosponsor,Senator Joseph Hardy,Republican,person,https://www.leg.state.nv.us/App/Legislator/A/Senate/80th2019/12
80,SB293,cosponsor,Senator Dallas Harris,Democratic,person,https://www.leg.state.nv.us/App/Legislator/A/Senate/80th2019/11
80,SB293,cosponsor,Senator Ben Kieckhefer,Republican,person,https://www.leg.state.nv.us/App/Legislator/A/Senate/80th2019/16
80,SB293,cosponsor,Senator David Parks,Democratic,person,https://www.leg.state.nv.us/App/Legislator/A/Senate/80th2019/7
80,SB293,cosponsor,Senator Heidi Seevers Gansert,Republican,person,https://www.leg.state.nv.us/App/Legislator/A/Senate/80th2019/15
80,SB293,cosponsor,Senator James Settelmeyer,Republican,person,https://www.leg.state.nv.us/App/Legislator/A/Senate/80th2019/17
80,SB293,cosponsor,Senator Pat Spearman,Democratic,person,https://www.leg.state.nv.us/App/Legislator/A/Senate/80th2019/1
80,SB293,cosponsor,Senator Joyce Woodhouse,Democratic,person,https://www.leg.state.nv.us/App/Legislator/A/Senate/80th2019/5
80,SB305,primary,Senator Dallas Harris,Democratic,person,https://www.leg.state.nv.us/App/Legislator/A/Senate/80th2019/11
80,SB325,primary,Senator James Settelmeyer,Republican,person,https://www.leg.state.nv.us/App/Legislator/A/Senate/80th2019/17
80,SB325,primary,Senator Ira Hansen,Republican,person,https://www.leg.state.nv.us/App/Legislator/A/Senate/80th2019/14
80,SB325,primary,Senator Joseph Hardy,Republican,person,https://www.leg.state.nv.us/App/Legislator/A/Senate/80th2019/12
80,SB325,primary,Senator Scott Hammond,Republican,person,https://www.leg.state.nv.us/App/Legislator/A/Senate/80th2019/18
80,SB325,primary,Senator Keith Pickard,Republican,person,https://www.leg.state.nv.us/App/Legislator/A/Senate/80th2019/20
80,SB325,primary,Assemblyman Jim Wheeler,Republican,person,https://www.leg.state.nv.us/App/Legislator/A/Assembly/80th2019/39
80,SB325,primary,Assemblywoman Robin Titus,Republican,person,https://www.leg.state.nv.us/App/Legislator/A/Assembly/80th2019/38
80,SB325,primary,Assemblyman Glen Leavitt,Republican,person,https://www.leg.state.nv.us/App/Legislator/A/Assembly/80th2019/23
80,SB325,cosponsor,Senator Moises Denis,Democratic,person,https://www.leg.state.nv.us/App/Legislator/A/Senate/80th2019/2
80,SB325,cosponsor,Senator Pete Goicoechea,Republican,person,https://www.leg.state.nv.us/App/Legislator/A/Senate/80th2019/19
80,SB325,cosponsor,Senator Heidi Seevers Gansert,Republican,person,https://www.leg.state.nv.us/App/Legislator/A/Senate/80th2019/15
80,SB325,cosponsor,Assemblyman Chris Edwards,Republican,person,https://www.leg.state.nv.us/App/Legislator/A/Assembly/80th2019/19
80,SB325,cosponsor,Assemblyman John Ellison,Republican,person,https://www.leg.state.nv.us/App/Legislator/A/Assembly/80th2019/33
80,SB325,cosponsor,Assemblyman Gregory Hafen,Republican,person,https://www.leg.state.nv.us/App/Legislator/A/Assembly/80th2019/36
80,SB325,cosponsor,Assemblywoman Alexis Hansen,Republican,person,https://www.leg.state.nv.us/App/Legislator/A/Assembly/80th2019/32
80,SB325,cosponsor,Assemblywoman Melissa Hardy,Republican,person,https://www.leg.state.nv.us/App/Legislator/A/Assembly/80th2019/22
80,SB325,cosponsor,Assemblyman Al Kramer,Republican,person,https://www.leg.state.nv.us/App/Legislator/A/Assembly/80th2019/40
80,SB325,cosponsor,Assemblyman Tom Roberts,Republican,person,https://www.leg.state.nv.us/App/Legislator/A/Assembly/80th2019/13
80,SB325,cosponsor,Assemblywoman Jill Tolles,Republican,person,https://www.leg.state.nv.us/App/Legislator/A/Assembly/80th2019/25
80,SB327,primary,Senator Ben Kieckhefer,Republican,person,https://www.leg.state.nv.us/App/Legislator/A/Senate/80th2019/16
80,SB342,primary,Senator Melanie Scheible,Democratic,person,https://www.leg.state.nv.us/App/Legislator/A/Senate/80th2019/9
80,SB342,primary,Senator David Parks,Democratic,person,https://www.leg.state.nv.us/App/Legislator/A/Senate/80th2019/7
80,SB342,primary,Senator Pat Spearman,Democratic,person,https://www.leg.state.nv.us/App/Legislator/A/Senate/80th2019/1
80,SB342,cosponsor,Senator Marilyn Dondero Loop,Democratic,person,https://www.leg.state.nv.us/App/Legislator/A/Senate/80th2019/8
80,SB342,cosponsor,Senator Dallas Harris,Democratic,person,https://www.leg.state.nv.us/App/Legislator/A/Senate/80th2019/11
80,SB352,primary,Senator James Settelmeyer,Republican,person,https://www.leg.state.nv.us/App/Legislator/A/Senate/80th2019/17
80,SB352,primary,Senator Pete Goicoechea,Republican,person,https://www.leg.state.nv.us/App/Legislator/A/Senate/80th2019/19
80,SB352,primary,Senator Heidi Seevers Gansert,Republican,person,https://www.leg.state.nv.us/App/Legislator/A/Senate/80th2019/15
80,SB352,primary,Senator Scott Hammond,Republican,person,https://www.leg.state.nv.us/App/Legislator/A/Senate/80th2019/18
80,SB352,primary,Senator Ira Hansen,Republican,person,https://www.leg.state.nv.us/App/Legislator/A/Senate/80th2019/14
80,SB352,cosponsor,Senator Joseph Hardy,Republican,person,https://www.leg.state.nv.us/App/Legislator/A/Senate/80th2019/12
80,SB352,cosponsor,Senator Ben Kieckhefer,Republican,person,https://www.leg.state.nv.us/App/Legislator/A/Senate/80th2019/16
80,SB352,cosponsor,Senator Keith Pickard,Republican,person,https://www.leg.state.nv.us/App/Legislator/A/Senate/80th2019/20
80,SB36,primary,Senate Committee on Government Affairs,,organization,https://www.leg.state.nv.us/App/NELIS/REL/80th2019/Committee/220/Overview
80,SB367,primary,Senator Melanie Scheible,Democratic,person,https://www.leg.state.nv.us/App/Legislator/A/Senate/80th2019/9
80,SB371,primary,Senator Chris Brooks,Democratic,person,https://www.leg.state.nv.us/App/Legislator/A/Senate/80th2019/3
80,SB371,primary,Senator Pat Spearman,Democratic,person,https://www.leg.state.nv.us/App/Legislator/A/Senate/80th2019/1
80,SB371,cosponsor,Senator Yvanna Cancela,Democratic,person,https://www.leg.state.nv.us/App/Legislator/A/Senate/80th2019/10
80,SB382,primary,Senator Nicole Cannizzaro,Democratic,person,https://www.leg.state.nv.us/App/Legislator/A/Senate/80th2019/6
80,SB383,primary,Senator Melanie Scheible,Democratic,person,https://www.leg.state.nv.us/App/Legislator/A/Senate/80th2019/9
80,SB383,primary,Senator Julia Ratti,Democratic,person,https://www.leg.state.nv.us/App/Legislator/A/Senate/80th2019/13
80,SB389,primary,Senator Keith Pickard,Republican,person,https://www.leg.state.nv.us/App/Legislator/A/Senate/80th2019/20
80,SB389,primary,Senator Joseph Hardy,Republican,person,https://www.leg.state.nv.us/App/Legislator/A/Senate/80th2019/12
80,SB389,primary,Assemblywoman Melissa Hardy,Republican,person,https://www.leg.state.nv.us/App/Legislator/A/Assembly/80th2019/22
80,SB389,primary,Assemblyman Al Kramer,Republican,person,https://www.leg.state.nv.us/App/Legislator/A/Assembly/80th2019/40
80,SB389,cosponsor,Assemblyman Chris Edwards,Republican,person,https://www.leg.state.nv.us/App/Legislator/A/Assembly/80th2019/19
80,SB389,cosponsor,Assemblywoman Lisa Krasner,Republican,person,https://www.leg.state.nv.us/App/Legislator/A/Assembly/80th2019/26
80,SB389,cosponsor,Assemblyman Glen Leavitt,Republican,person,https://www.leg.state.nv.us/App/Legislator/A/Assembly/80th2019/23
80,SB389,cosponsor,Assemblyman Tom Roberts,Republican,person,https://www.leg.state.nv.us/App/Legislator/A/Assembly/80th2019/13
80,SB389,cosponsor,Assemblyman Steve Yeager,Democratic,person,https://www.leg.state.nv.us/App/Legislator/A/Assembly/80th2019/9
80,SB398,primary,Senator Julia Ratti,Democratic,person,https://www.leg.state.nv.us/App/Legislator/A/Senate/80th2019/13
80,SB403,primary,Senator Moises Denis,Democratic,person,https://www.leg.state.nv.us/App/Legislator/A/Senate/80th2019/2
80,SB403,cosponsor,Assemblywoman Lisa Krasner,Republican,person,https://www.leg.state.nv.us/App/Legislator/A/Assembly/80th2019/26
80,SB420,primary,Senator James Ohrenschall,Democratic,person,https://www.leg.state.nv.us/App/Legislator/A/Senate/80th2019/21
80,SB425,primary,Senator Nicole Cannizzaro,Democratic,person,https://www.leg.state.nv.us/App/Legislator/A/Senate/80th2019/6
80,SB448,primary,Senate Committee on Revenue and Economic Development,,organization,https://www.leg.state.nv.us/App/NELIS/REL/80th2019/Committee/226/Overview
80,SB449,primary,Senate Committee on Legislative Operations and Elections,,organization,https://www.leg.state.nv.us/App/NELIS/REL/80th2019/Committee/223/Overview
80,SB471,primary,Senate Committee on Commerce and Labor,,organization,https://www.leg.state.nv.us/App/NELIS/REL/80th2019/Committee/215/Overview
80,SB473,primary,Senate Committee on Government Affairs,,organization,https://www.leg.state.nv.us/App/NELIS/REL/80th2019/Committee/220/Overview
80,SB477,primary,Senator James Settelmeyer,Republican,person,https://www.leg.state.nv.us/App/Legislator/A/Senate/80th2019/17
80,SB477,primary,Senator Keith Pickard,Republican,person,https://www.leg.state.nv.us/App/Legislator/A/Senate/80th2019/20
80,SB477,cosponsor,Senator Pete Goicoechea,Republican,person,https://www.leg.state.nv.us/App/Legislator/A/Senate/80th2019/19
80,SB477,cosponsor,Senator Scott Hammond,Republican,person,https://www.leg.state.nv.us/App/Legislator/A/Senate/80th2019/18
80,SB477,cosponsor,Senator Ira Hansen,Republican,person,https://www.leg.state.nv.us/App/Legislator/A/Senate/80th2019/14
80,SB477,cosponsor,Senator Joseph Hardy,Republican,person,https://www.leg.state.nv.us/App/Legislator/A/Senate/80th2019/12
80,SB477,cosponsor,Senator Ben Kieckhefer,Republican,person,https://www.leg.state.nv.us/App/Legislator/A/Senate/80th2019/16
80,SB477,cosponsor,Senator Julia Ratti,Democratic,person,https://www.leg.state.nv.us/App/Legislator/A/Senate/80th2019/13
80,SB477,cosponsor,Senator Heidi Seevers Gansert,Republican,person,https://www.leg.state.nv.us/App/Legislator/A/Senate/80th2019/15
80,SB477,cosponsor,Senator Pat Spearman,Democratic,person,https://www.leg.state.nv.us/App/Legislator/A/Senate/80th2019/1
80,SB477,cosponsor,Senator Joyce Woodhouse,Democratic,person,https://www.leg.state.nv.us/App/Legislator/A/Senate/80th2019/5
80,SB479,primary,Senate Committee on Commerce and Labor,,organization,https://www.leg.state.nv.us/App/NELIS/REL/80th2019/Committee/215/Overview
80,SB495,primary,Senator Nicole Cannizzaro,Democratic,person,https://www.leg.state.nv.us/App/Legislator/A/Senate/80th2019/6
80,SB495,primary,Assemblyman Jason Frierson,Democratic,person,https://www.leg.state.nv.us/App/Legislator/A/Assembly/80th2019/8
80,SB496,primary,Senator Dallas Harris,Democratic,person,https://www.leg.state.nv.us/App/Legislator/A/Senate/80th2019/11
80,SB51,primary,Senate Committee on Legislative Operations and Elections,,organization,https://www.leg.state.nv.us/App/NELIS/REL/80th2019/Committee/223/Overview
80,SB543,primary,Senate Committee on Finance,,organization,https://www.leg.state.nv.us/App/NELIS/REL/80th2019/Committee/218/Overview
80,SB74,primary,Senate Committee on Judiciary,,organization,https://www.leg.state.nv.us/App/NELIS/REL/80th2019/Committee/222/Overview
80,SB92,primary,Senate Committee on Health and Human Services,,organization,https://www.leg.state.nv.us/App/NELIS/REL/80th2019/Committee/221/Overview
81,AB105,primary,Assemblyman Tom Roberts,Republican,person,https://www.leg.state.nv.us/App/Legislator/A/Assembly/81st2021/13
81,AB105,primary,Assemblywoman Daniele Monroe-Moreno,Democratic,person,https://www.leg.state.nv.us/App/Legislator/A/Assembly/81st2021/1
81,AB105,cosponsor,Assemblywoman Lisa Krasner,Republican,person,https://www.leg.state.nv.us/App/Legislator/A/Assembly/81st2021/26
81,AB105,cosponsor,Assemblyman Glen Leavitt,Republican,person,https://www.leg.state.nv.us/App/Legislator/A/Assembly/81st2021/23
81,AB105,cosponsor,Assemblywoman Rochelle Nguyen,Democratic,person,https://www.leg.state.nv.us/App/Legislator/A/Assembly/81st2021/10
81,AB105,cosponsor,Assemblywoman Robin Titus,Republican,person,https://www.leg.state.nv.us/App/Legislator/A/Assembly/81st2021/38
81,AB105,cosponsor,Assemblywoman Jill Tolles,Republican,person,https://www.leg.state.nv.us/App/Legislator/A/Assembly/81st2021/25
81,AB105,cosponsor,Senator Scott Hammond,Republican,person,https://www.leg.state.nv.us/App/Legislator/A/Senate/81st2021/18
81,AB105,cosponsor,Senator Ben Kieckhefer,Republican,person,https://www.leg.state.nv.us/App/Legislator/A/Senate/81st2021/16
81,AB105,cosponsor,Senator Heidi Seevers Gansert,Republican,person,https://www.leg.state.nv.us/App/Legislator/A/Senate/81st2021/15
81,AB11,primary,Assembly Committee on Judiciary,,organization,https://www.leg.state.nv.us/App/NELIS/REL/81st2021/Committee/335/Overview
81,AB115,primary,Assemblywoman Rochelle Nguyen,Democratic,person,https://www.leg.state.nv.us/App/Legislator/A/Assembly/81st2021/10
81,AB115,primary,Assemblywoman Sarah Peters,Democratic,person,https://www.leg.state.nv.us/App/Legislator/A/Assembly/81st2021/24
81,AB115,primary,Assemblywoman Cecelia González,Democratic,person,https://www.leg.state.nv.us/App/Legislator/A/Assembly/81st2021/16
81,AB115,primary,Senator Melanie Scheible,Democratic,person,https://www.leg.state.nv.us/App/Legislator/A/Senate/81st2021/9
81,AB115,primary,Senator Nicole Cannizzaro,Democratic,person,https://www.leg.state.nv.us/App/Legislator/A/Senate/81st2021/6
81,AB115,cosponsor,Assemblywoman Selena Torres,Democratic,person,https://www.leg.state.nv.us/App/Legislator/A/Assembly/81st2021/3
81,AB115,cosponsor,Assemblyman Howard Watts,Democratic,person,https://www.leg.state.nv.us/App/Legislator/A/Assembly/81st2021/15
81,AB115,cosponsor,Senator Chris Brooks,Democratic,person,https://www.leg.state.nv.us/App/Legislator/A/Senate/81st2021/3
81,AB116,primary,Assemblywoman Rochelle Nguyen,Democratic,person,https://www.leg.state.nv.us/App/Legislator/A/Assembly/81st2021/10
81,AB116,primary,Assemblyman Steve Yeager,Democratic,person,https://www.leg.state.nv.us/App/Legislator/A/Assembly/81st2021/9
81,AB116,primary,Assemblyman Jason Frierson,Democratic,person,https://www.leg.state.nv.us/App/Legislator/A/Assembly/81st2021/8
81,AB116,primary,Assemblywoman Selena Torres,Democratic,person,https://www.leg.state.nv.us/App/Legislator/A/Assembly/81st2021/3
81,AB116,primary,Assemblywoman Daniele Monroe-Moreno,Democratic,person,https://www.leg.state.nv.us/App/Legislator/A/Assembly/81st2021/1
81,AB116,primary,Senator Nicole Cannizzaro,Democratic,person,https://www.leg.state.nv.us/App/Legislator/A/Senate/81st2021/6
81,AB116,primary,Senator Melanie Scheible,Democratic,person,https://www.leg.state.nv.us/App/Legislator/A/Senate/81st2021/9
81,AB116,cosponsor,Assemblywoman Natha Anderson,Democratic,person,https://www.leg.state.nv.us/App/Legislator/A/Assembly/81st2021/30
81,AB116,cosponsor,Assemblywoman Teresa Benitez-Thompson,Democratic,person,https://www.leg.state.nv.us/App/Legislator/A/Assembly/81st2021/27
81,AB116,cosponsor,Assemblywoman Shannon Bilbray-Axelrod,Democratic,person,https://www.leg.state.nv.us/App/Legislator/A/Assembly/81st2021/34
81,AB116,cosponsor,Assemblywoman Tracy Brown-May,Democratic,person,https://www.leg.state.nv.us/App/Legislator/A/Assembly/81st2021/42
81,AB116,cosponsor,Assemblywoman Maggie Carlton,Democratic,person,https://www.leg.state.nv.us/App/Legislator/A/Assembly/81st2021/14
81,AB116,cosponsor,Assemblywoman Lesley Cohen,Democratic,person,https://www.leg.state.nv.us/App/Legislator/A/Assembly/81st2021/29
81,AB116,cosponsor,Assemblywoman Venicia Considine,Democratic,person,https://www.leg.state.nv.us/App/Legislator/A/Assembly/81st2021/18
81,AB116,cosponsor,Assemblywoman Bea Duran,Democratic,person,https://www.leg.state.nv.us/App/Legislator/A/Assembly/81st2021/11
81,AB116,cosponsor,Assemblyman Edgar Flores,Democratic,person,https://www.leg.state.nv.us/App/Legislator/A/Assembly/81st2021/28
81,AB116,cosponsor,Assemblywoman Cecelia González,Democratic,person,https://www.leg.state.nv.us/App/Legislator/A/Assembly/81st2021/16
81,AB116,cosponsor,Assemblywoman Michelle Gorelow,Democratic,person,https://www.leg.state.nv.us/App/Legislator/A/Assembly/81st2021/35
81,AB116,cosponsor,Assemblywoman Sandra Jauregui,Democratic,person,https://www.leg.state.nv.us/App/Legislator/A/Assembly/81st2021/41
81,AB116,cosponsor,Assemblywoman Lisa Krasner,Republican,person,https://www.leg.state.nv.us/App/Legislator/A/Assembly/81st2021/26
81,AB116,cosponsor,Assemblywoman Susie Martinez,Democratic,person,https://www.leg.state.nv.us/App/Legislator/A/Assembly/81st2021/12
81,AB116,cosponsor,Assemblywoman Elaine Marzola,Democratic,person,https://www.leg.state.nv.us/App/Legislator/A/Assembly/81st2021/21
81,AB116,cosponsor,Assemblywoman Brittney Miller,Democratic,person,https://www.leg.state.nv.us/App/Legislator/A/Assembly/81st2021/5
81,AB116,cosponsor,Assemblyman C.H. Miller,,person,https://www.leg.state.nv.us/App/Legislator/A/Assembly/81st2021/7
81,AB116,cosponsor,Assemblyman David Orentlicher,Democratic,person,https://www.leg.state.nv.us/App/Legislator/A/Assembly/81st2021/20
81,AB116,cosponsor,Assemblywoman Sarah Peters,Democratic,person,https://www.leg.state.nv.us/App/Legislator/A/Assembly/81st2021/24
81,AB116,cosponsor,Assemblywoman Shondra Summers-Armstrong,Democratic,person,https://www.leg.state.nv.us/App/Legislator/A/Assembly/81st2021/6
81,AB116,cosponsor,Assemblywoman Clara Thomas,Democratic,person,https://www.leg.state.nv.us/App/Legislator/A/Assembly/81st2021/17
81,AB116,cosponsor,Assemblyman Howard Watts,Democratic,person,https://www.leg.state.nv.us/App/Legislator/A/Assembly/81st2021/15
81,AB116,cosponsor,Senator Chris Brooks,Democratic,person,https://www.leg.state.nv.us/App/Legislator/A/Senate/81st2021/3
81,AB116,cosponsor,Senator Scott Hammond,Republican,person,https://www.leg.state.nv.us/App/Legislator/A/Senate/81st2021/18
81,AB116,cosponsor,Senator Dallas Harris,Democratic,person,https://www.leg.state.nv.us/App/Legislator/A/Senate/81st2021/11
81,AB116,cosponsor,Senator James Ohrenschall,Democratic,person,https://www.leg.state.nv.us/App/Legislator/A/Senate/81st2021/21
81,AB116,cosponsor,Senator Keith Pickard,Republican,person,https://www.leg.state.nv.us/App/Legislator/A/Senate/81st2021/20
81,AB141,primary,Assemblyman Howard Watts,Democratic,person,https://www.leg.state.nv.us/App/Legislator/A/Assembly/81st2021/15
81,AB161,primary,Assemblywoman Selena Torres,Democratic,person,https://www.leg.state.nv.us/App/Legislator/A/Assembly/81st2021/3
81,AB161,primary,Assemblywoman Shondra Summers-Armstrong,Democratic,person,https://www.leg.state.nv.us/App/Legislator/A/Assembly/81st2021/6
81,AB162,primary,Assemblyman John Ellison,Republican,person,https://www.leg.state.nv.us/App/Legislator/A/Assembly/81st2021/33
81,AB162,primary,Assemblywoman Jill Dickman,Republican,person,https://www.leg.state.nv.us/App/Legislator/A/Assembly/81st2021/31
81,AB162,primary,Assemblywoman Robin Titus,Republican,person,https://www.leg.state.nv.us/App/Legislator/A/Assembly/81st2021/38
81,AB162,primary,Senator Pete Goicoechea,Republican,person,https://www.leg.state.nv.us/App/Legislator/A/Senate/81st2021/19
81,AB162,cosponsor,Assemblyman Gregory Hafen,Republican,person,https://www.leg.state.nv.us/App/Legislator/A/Assembly/81st2021/36
81,AB162,cosponsor,Assemblywoman Alexis Hansen,Republican,person,https://www.leg.state.nv.us/App/Legislator/A/Assembly/81st2021/32
81,AB162,cosponsor,Assemblywoman Heidi Kasama,Republican,person,https://www.leg.state.nv.us/App/Legislator/A/Assembly/81st2021/2
81,AB162,cosponsor,Assemblyman Glen Leavitt,Republican,person,https://www.leg.state.nv.us/App/Legislator/A/Assembly/81st2021/23
81,AB162,cosponsor,Assemblyman Andy Matthews,Republican,person,https://www.leg.state.nv.us/App/Legislator/A/Assembly/81st2021/37
81,AB162,cosponsor,Assemblyman Philip P.K. O’Neill,Republican,person,https://www.leg.state.nv.us/App/Legislator/A/Assembly/81st2021/40
81,AB162,cosponsor,Assemblyman Jim Wheeler,Republican,person,https://www.leg.state.nv.us/App/Legislator/A/Assembly/81st2021/39
81,AB168,primary,Assemblyman Jim Wheeler,Republican,person,https://www.leg.state.nv.us/App/Legislator/A/Assembly/81st2021/39
81,AB168,primary,Assemblyman John Ellison,Republican,person,https://www.leg.state.nv.us/App/Legislator/A/Assembly/81st2021/33
81,AB168,primary,Assemblywoman Jill Dickman,Republican,person,https://www.leg.state.nv.us/App/Legislator/A/Assembly/81st2021/31
81,AB168,primary,Assemblyman Philip P.K. O’Neill,Republican,person,https://www.leg.state.nv.us/App/Legislator/A/Assembly/81st2021/40
81,AB168,primary,Assemblywoman Robin Titus,Republican,person,https://www.leg.state.nv.us/App/Legislator/A/Assembly/81st2021/38
81,AB168,primary,Senator Pete Goicoechea,Republican,person,https://www.leg.state.nv.us/App/Legislator/A/Senate/81st2021/19
81,AB168,primary,Senator James Settelmeyer,Republican,person,https://www.leg.state.nv.us/App/Legislator/A/Senate/81st2021/17
81,AB168,cosponsor,Assemblywoman Alexis Hansen,Republican,person,https://www.leg.state.nv.us/App/Legislator/A/Assembly/81st2021/32
81,AB168,cosponsor,Assemblyman Andy Matthews,Republican,person,https://www.leg.state.nv.us/App/Legislator/A/Assembly/81st2021/37
81,AB168,cosponsor,Senator Ira Hansen,Republican,person,https://www.leg.state.nv.us/App/Legislator/A/Senate/81st2021/14
81,AB168,cosponsor,Senator Joseph Hardy,Republican,person,https://www.leg.state.nv.us/App/Legislator/A/Senate/81st2021/12
81,AB168,cosponsor,Senator Keith Pickard,Republican,person,https://www.leg.state.nv.us/App/Legislator/A/Senate/81st2021/20
81,AB176,primary,Assemblywoman Alexis Hansen,Republican,person,https://www.leg.state.nv.us/App/Legislator/A/Assembly/81st2021/32
81,AB176,primary,Assemblywoman Jill Dickman,Republican,person,https://www.leg.state.nv.us/App/Legislator/A/Assembly/81st2021/31
81,AB176,primary,Assemblyman Jim Wheeler,Republican,person,https://www.leg.state.nv.us/App/Legislator/A/Assembly/81st2021/39
81,AB176,primary,Assemblyman John Ellison,Republican,person,https://www.leg.state.nv.us/App/Legislator/A/Assembly/81st2021/33
81,AB176,primary,Assemblyman Gregory Hafen,Republican,person,https://www.leg.state.nv.us/App/Legislator/A/Assembly/81st2021/36
81,AB176,cosponsor,Assemblywoman Melissa Hardy,Republican,person,https://www.leg.state.nv.us/App/Legislator/A/Assembly/81st2021/22
81,AB176,cosponsor,Assemblywoman Heidi Kasama,Republican,person,https://www.leg.state.nv.us/App/Legislator/A/Assembly/81st2021/2
81,AB176,cosponsor,Assemblywoman Lisa Krasner,Republican,person,https://www.leg.state.nv.us/App/Legislator/A/Assembly/81st2021/26
81,AB176,cosponsor,Assemblyman Glen Leavitt,Republican,person,https://www.leg.state.nv.us/App/Legislator/A/Assembly/81st2021/23
81,AB176,cosponsor,Assemblyman Andy Matthews,Republican,person,https://www.leg.state.nv.us/App/Legislator/A/Assembly/81st2021/37
81,AB176,cosponsor,Assemblyman Philip P.K. O’Neill,Republican,person,https://www.leg.state.nv.us/App/Legislator/A/Assembly/81st2021/40
81,AB176,cosponsor,Assemblyman Tom Roberts,Republican,person,https://www.leg.state.nv.us/App/Legislator/A/Assembly/81st2021/13
81,AB176,cosponsor,Assemblywoman Robin Titus,Republican,person,https://www.leg.state.nv.us/App/Legislator/A/Assembly/81st2021/38
81,AB176,cosponsor,Assemblywoman Jill Tolles,Republican,person,https://www.leg.state.nv.us/App/Legislator/A/Assembly/81st2021/25
81,AB184,primary,Assemblyman Jason Frierson,Democratic,person,https://www.leg.state.nv.us/App/Legislator/A/Assembly/81st2021/8
81,AB184,primary,Assemblywoman Teresa Benitez-Thompson,Democratic,person,https://www.leg.state.nv.us/App/Legislator/A/Assembly/81st2021/27
81,AB195,primary,Assemblywoman Selena Torres,Democratic,person,https://www.leg.state.nv.us/App/Legislator/A/Assembly/81st2021/3
81,AB195,primary,Assemblywoman Rochelle Nguyen,Democratic,person,https://www.leg.state.nv.us/App/Legislator/A/Assembly/81st2021/10
81,AB195,primary,Assemblyman Edgar Flores,Democratic,person,https://www.leg.state.nv.us/App/Legislator/A/Assembly/81st2021/28
81,AB195,primary,Assemblyman Howard Watts,Democratic,person,https://www.leg.state.nv.us/App/Legislator/A/Assembly/81st2021/15
81,AB195,primary,Senator Moises Denis,Democratic,person,https://www.leg.state.nv.us/App/Legislator/A/Senate/81st2021/2
81,AB195,primary,Senator Fabian Donate,Democratic,person,https://www.leg.state.nv.us/App/Legislator/A/Senate/81st2021/10
81,AB195,cosponsor,Assemblywoman Tracy Brown-May,Democratic,person,https://www.leg.state.nv.us/App/Legislator/A/Assembly/81st2021/42
81,AB195,cosponsor,Assemblywoman Bea Duran,Democratic,person,https://www.leg.state.nv.us/App/Legislator/A/Assembly/81st2021/11
81,AB195,cosponsor,Assemblywoman Cecelia González,Democratic,person,https://www.leg.state.nv.us/App/Legislator/A/Assembly/81st2021/16
81,AB195,cosponsor,Assemblywoman Susie Martinez,Democratic,person,https://www.leg.state.nv.us/App/Legislator/A/Assembly/81st2021/12
81,AB195,cosponsor,Assemblyman C.H. Miller,,person,https://www.leg.state.nv.us/App/Legislator/A/Assembly/81st2021/7
81,AB195,cosponsor,Assemblywoman Sarah Peters,Democratic,person,https://www.leg.state.nv.us/App/Legislator/A/Assembly/81st2021/24
81,AB197,primary,Assemblyman Howard Watts,Democratic,person,https://www.leg.state.nv.us/App/Legislator/A/Assembly/81st2021/15
81,AB197,primary,Assemblywoman Sarah Peters,Democratic,person,https://www.leg.state.nv.us/App/Legislator/A/Assembly/81st2021/24
81,AB197,primary,Assemblywoman Rochelle Nguyen,Democratic,person,https://www.leg.state.nv.us/App/Legislator/A/Assembly/81st2021/10
81,AB197,primary,Senator Fabian Donate,Democratic,person,https://www.leg.state.nv.us/App/Legislator/A/Senate/81st2021/10
81,AB197,cosponsor,Assemblywoman Bea Duran,Democratic,person,https://www.leg.state.nv.us/App/Legislator/A/Assembly/81st2021/11
81,AB197,cosponsor,Assemblywoman Michelle Gorelow,Democratic,person,https://www.leg.state.nv.us/App/Legislator/A/Assembly/81st2021/35
81,AB197,cosponsor,Assemblywoman Susie Martinez,Democratic,person,https://www.leg.state.nv.us/App/Legislator/A/Assembly/81st2021/12
81,AB197,cosponsor,Assemblyman C.H. Miller,,person,https://www.leg.state.nv.us/App/Legislator/A/Assembly/81st2021/7
81,AB197,cosponsor,Assemblyman David Orentlicher,Democratic,person,https://www.leg.state.nv.us/App/Legislator/A/Assembly/81st2021/20
81,AB197,cosponsor,Assemblywoman Shondra Summers-Armstrong,Democratic,person,https://www.leg.state.nv.us/App/Legislator/A/Assembly/81st2021/6
81,AB197,cosponsor,Assemblywoman Clara Thomas,Democratic,person,https://www.leg.state.nv.us/App/Legislator/A/Assembly/81st2021/17
81,AB197,cosponsor,Assemblywoman Selena Torres,Democratic,person,https://www.leg.state.nv.us/App/Legislator/A/Assembly/81st2021/3
81,AB197,cosponsor,Senator Moises Denis,Democratic,person,https://www.leg.state.nv.us/App/Legislator/A/Senate/81st2021/2
81,AB203,primary,Assemblywoman Heidi Kasama,Republican,person,https://www.leg.state.nv.us/App/Legislator/A/Assembly/81st2021/2
81,AB203,primary,Assemblywoman Robin Titus,Republican,person,https://www.leg.state.nv.us/App/Legislator/A/Assembly/81st2021/38
81,AB203,primary,Assemblyman Glen Leavitt,Republican,person,https://www.leg.state.nv.us/App/Legislator/A/Assembly/81st2021/23
81,AB203,primary,Assemblyman Jim Wheeler,Republican,person,https://www.leg.state.nv.us/App/Legislator/A/Assembly/81st2021/39
81,AB203,primary,Senator Carrie Buck,Republican,person,https://www.leg.state.nv.us/App/Legislator/A/Senate/81st2021/5
81,AB203,primary,Senator Scott Hammond,Republican,person,https://www.leg.state.nv.us/App/Legislator/A/Senate/81st2021/18
81,AB203,cosponsor,Assemblywoman Jill Dickman,Republican,person,https://www.leg.state.nv.us/App/Legislator/A/Assembly/81st2021/31
81,AB203,cosponsor,Assemblyman John Ellison,Republican,person,https://www.leg.state.nv.us/App/Legislator/A/Assembly/81st2021/33
81,AB203,cosponsor,Assemblyman Gregory Hafen,Republican,person,https://www.leg.state.nv.us/App/Legislator/A/Assembly/81st2021/36
81,AB203,cosponsor,Assemblywoman Alexis Hansen,Republican,person,https://www.leg.state.nv.us/App/Legislator/A/Assembly/81st2021/32
81,AB203,cosponsor,Assemblywoman Melissa Hardy,Republican,person,https://www.leg.state.nv.us/App/Legislator/A/Assembly/81st2021/22
81,AB203,cosponsor,Assemblywoman Lisa Krasner,Republican,person,https://www.leg.state.nv.us/App/Legislator/A/Assembly/81st2021/26
81,AB203,cosponsor,Assemblyman Andy Matthews,Republican,person,https://www.leg.state.nv.us/App/Legislator/A/Assembly/81st2021/37
81,AB203,cosponsor,Assemblyman Richard McArthur,Republican,person,https://www.leg.state.nv.us/App/Legislator/A/Assembly/81st2021/4
81,AB203,cosponsor,Assemblyman Philip P.K. O’Neill,Republican,person,https://www.leg.state.nv.us/App/Legislator/A/Assembly/81st2021/40
81,AB203,cosponsor,Assemblyman Tom Roberts,Republican,person,https://www.leg.state.nv.us/App/Legislator/A/Assembly/81st2021/13
81,AB206,primary,Assemblyman Glen Leavitt,Republican,person,https://www.leg.state.nv.us/App/Legislator/A/Assembly/81st2021/23
81,AB206,primary,Assemblywoman Robin Titus,Republican,person,https://www.leg.state.nv.us/App/Legislator/A/Assembly/81st2021/38
81,AB206,cosponsor,Assemblyman Edgar Flores,Democratic,person,https://www.leg.state.nv.us/App/Legislator/A/Assembly/81st2021/28
81,AB206,cosponsor,Assemblywoman Elaine Marzola,Democratic,person,https://www.leg.state.nv.us/App/Legislator/A/Assembly/81st2021/21
81,AB206,cosponsor,Assemblyman David Orentlicher,Democratic,person,https://www.leg.state.nv.us/App/Legislator/A/Assembly/81st2021/20
81,AB206,cosponsor,Assemblyman Tom Roberts,Republican,person,https://www.leg.state.nv.us/App/Legislator/A/Assembly/81st2021/13
81,AB206,cosponsor,Assemblywoman Shondra Summers-Armstrong,Democratic,person,https://www.leg.state.nv.us/App/Legislator/A/Assembly/81st2021/6
81,AB206,cosponsor,Assemblywoman Jill Tolles,Republican,person,https://www.leg.state.nv.us/App/Legislator/A/Assembly/81st2021/25
81,AB211,primary,Assemblywoman Sandra Jauregui,Democratic,person,https://www.leg.state.nv.us/App/Legislator/A/Assembly/81st2021/41
81,AB229,primary,Assemblywoman Lesley Cohen,Democratic,person,https://www.leg.state.nv.us/App/Legislator/A/Assembly/81st2021/29
81,AB229,primary,Senator James Ohrenschall,Democratic,person,https://www.leg.state.nv.us/App/Legislator/A/Senate/81st2021/21
81,AB235,primary,Assemblywoman Brittney Miller,Democratic,person,https://www.leg.state.nv.us/App/Legislator/A/Assembly/81st2021/5
81,AB237,primary,Assemblywoman Sandra Jauregui,Democratic,person,https://www.leg.state.nv.us/App/Legislator/A/Assembly/81st2021/41
81,AB249,primary,Assemblywoman Sandra Jauregui,Democratic,person,https://www.leg.state.nv.us/App/Legislator/A/Assembly/81st2021/41
81,AB26,primary,Assembly Committee on Growth and Infrastructure,,organization,https://www.leg.state.nv.us/App/NELIS/REL/81st2021/Committee/345/Overview
81,AB279,primary,Assemblyman Glen Leavitt,Republican,person,https://www.leg.state.nv.us/App/Legislator/A/Assembly/81st2021/23
81,AB280,primary,Assemblywoman Sarah Peters,Democratic,person,https://www.leg.state.nv.us/App/Legislator/A/Assembly/81st2021/24
81,AB280,cosponsor,Assemblywoman Shannon Bilbray-Axelrod,Democratic,person,https://www.leg.state.nv.us/App/Legislator/A/Assembly/81st2021/34
81,AB280,cosponsor,Assemblywoman Selena Torres,Democratic,person,https://www.leg.state.nv.us/App/Legislator/A/Assembly/81st2021/3
81,AB298,primary,Assemblyman Edgar Flores,Democratic,person,https://www.leg.state.nv.us/App/Legislator/A/Assembly/81st2021/28
81,AB3,primary,Assembly Committee on Government Affairs,,organization,https://www.leg.state.nv.us/App/NELIS/REL/81st2021/Committee/344/Overview
81,AB308,primary,Assemblyman Jason Frierson,Democratic,person,https://www.leg.state.nv.us/App/Legislator/A/Assembly/81st2021/8
81,AB317,primary,Assemblywoman Cecelia González,Democratic,person,https://www.leg.state.nv.us/App/Legislator/A/Assembly/81st2021/16
81,AB317,primary,Assemblyman Howard Watts,Democratic,person,https://www.leg.state.nv.us/App/Legislator/A/Assembly/81st2021/15
81,AB317,primary,Assemblywoman Venicia Considine,Democratic,person,https://www.leg.state.nv.us/App/Legislator/A/Assembly/81st2021/18
81,AB317,primary,Senator Julia Ratti,Democratic,person,https://www.leg.state.nv.us/App/Legislator/A/Senate/81st2021/13
81,AB317,primary,Senator Fabian Donate,Democratic,person,https://www.leg.state.nv.us/App/Legislator/A/Senate/81st2021/10
81,AB317,primary,Senator James Ohrenschall,Democratic,person,https://www.leg.state.nv.us/App/Legislator/A/Senate/81st2021/21
81,AB317,cosponsor,Assemblywoman Natha Anderson,Democratic,person,https://www.leg.state.nv.us/App/Legislator/A/Assembly/81st2021/30
81,AB317,cosponsor,Assemblywoman Bea Duran,Democratic,person,https://www.leg.state.nv.us/App/Legislator/A/Assembly/81st2021/11
81,AB317,cosponsor,Assemblywoman Susie Martinez,Democratic,person,https://www.leg.state.nv.us/App/Legislator/A/Assembly/81st2021/12
81,AB317,cosponsor,Assemblywoman Sarah Peters,Democratic,person,https://www.leg.state.nv.us/App/Legislator/A/Assembly/81st2021/24
81,AB317,cosponsor,Assemblywoman Clara Thomas,Democratic,person,https://www.leg.state.nv.us/App/Legislator/A/Assembly/81st2021/17
81,AB317,cosponsor,Assemblywoman Selena Torres,Democratic,person,https://www.leg.state.nv.us/App/Legislator/A/Assembly/81st2021/3
81,AB317,cosponsor,Senator Moises Denis,Democratic,person,https://www.leg.state.nv.us/App/Legislator/A/Senate/81st2021/2
81,AB330,primary,Assemblyman John Ellison,Republican,person,https://www.leg.state.nv.us/App/Legislator/A/Assembly/81st2021/33
81,AB331,primary,Assemblywoman Elaine Marzola,Democratic,person,https://www.leg.state.nv.us/App/Legislator/A/Assembly/81st2021/21
81,AB331,primary,Assemblyman Edgar Flores,Democratic,person,https://www.leg.state.nv.us/App/Legislator/A/Assembly/81st2021/28
81,AB331,primary,Assemblywoman Teresa Benitez-Thompson,Democratic,person,https://www.leg.state.nv.us/App/Legislator/A/Assembly/81st2021/27
81,AB331,primary,Assemblyman Howard Watts,Democratic,person,https://www.leg.state.nv.us/App/Legislator/A/Assembly/81st2021/15
81,AB331,primary,Senator Fabian Donate,Democratic,person,https://www.leg.state.nv.us/App/Legislator/A/Senate/81st2021/10
81,AB331,cosponsor,Assemblywoman Natha Anderson,Democratic,person,https://www.leg.state.nv.us/App/Legislator/A/Assembly/81st2021/30
81,AB331,cosponsor,Assemblywoman Shannon Bilbray-Axelrod,Democratic,person,https://www.leg.state.nv.us/App/Legislator/A/Assembly/81st2021/34
81,AB331,cosponsor,Assemblywoman Venicia Considine,Democratic,person,https://www.leg.state.nv.us/App/Legislator/A/Assembly/81st2021/18
81,AB331,cosponsor,Assemblywoman Bea Duran,Democratic,person,https://www.leg.state.nv.us/App/Legislator/A/Assembly/81st2021/11
81,AB331,cosponsor,Assemblywoman Cecelia González,Democratic,person,https://www.leg.state.nv.us/App/Legislator/A/Assembly/81st2021/16
81,AB331,cosponsor,Assemblywoman Michelle Gorelow,Democratic,person,https://www.leg.state.nv.us/App/Legislator/A/Assembly/81st2021/35
81,AB331,cosponsor,Assemblywoman Susie Martinez,Democratic,person,https://www.leg.state.nv.us/App/Legislator/A/Assembly/81st2021/12
81,AB331,cosponsor,Assemblyman C.H. Miller,,person,https://www.leg.state.nv.us/App/Legislator/A/Assembly/81st2021/7
81,AB331,cosponsor,Assemblywoman Daniele Monroe-Moreno,Democratic,person,https://www.leg.state.nv.us/App/Legislator/A/Assembly/81st2021/1
81,AB331,cosponsor,Assemblyman David Orentlicher,Democratic,person,https://www.leg.state.nv.us/App/Legislator/A/Assembly/81st2021/20
81,AB331,cosponsor,Assemblywoman Clara Thomas,Democratic,person,https://www.leg.state.nv.us/App/Legislator/A/Assembly/81st2021/17
81,AB331,cosponsor,Assemblywoman Selena Torres,Democratic,person,https://www.leg.state.nv.us/App/Legislator/A/Assembly/81st2021/3
81,AB331,cosponsor,Senator Moises Denis,Democratic,person,https://www.leg.state.nv.us/App/Legislator/A/Senate/81st2021/2
81,AB332,primary,Assemblywoman Sarah Peters,Democratic,person,https://www.leg.state.nv.us/App/Legislator/A/Assembly/81st2021/24
81,AB333,primary,Assemblywoman Lisa Krasner,Republican,person,https://www.leg.state.nv.us/App/Legislator/A/Assembly/81st2021/26
81,AB333,primary,Assemblyman Tom Roberts,Republican,person,https://www.leg.state.nv.us/App/Legislator/A/Assembly/81st2021/13
81,AB333,cosponsor,Assemblyman John Ellison,Republican,person,https://www.leg.state.nv.us/App/Legislator/A/Assembly/81st2021/33
81,AB333,cosponsor,Assemblywoman Melissa Hardy,Republican,person,https://www.leg.state.nv.us/App/Legislator/A/Assembly/81st2021/22
81,AB333,cosponsor,Assemblyman Philip P.K. O’Neill,Republican,person,https://www.leg.state.nv.us/App/Legislator/A/Assembly/81st2021/40
81,AB334,primary,Assemblywoman Shondra Summers-Armstrong,Democratic,person,https://www.leg.state.nv.us/App/Legislator/A/Assembly/81st2021/6
81,AB334,cosponsor,Assemblywoman Elaine Marzola,Democratic,person,https://www.leg.state.nv.us/App/Legislator/A/Assembly/81st2021/21
81,AB341,primary,Assemblyman Steve Yeager,Democratic,person,https://www.leg.state.nv.us/App/Legislator/A/Assembly/81st2021/9
81,AB343,primary,Assemblywoman Clara Thomas,Democratic,person,https://www.leg.state.nv.us/App/Legislator/A/Assembly/81st2021/17
81,AB350,primary,Assemblywoman Melissa Hardy,Republican,person,https://www.leg.state.nv.us/App/Legislator/A/Assembly/81st2021/22
81,AB350,primary,Assemblyman Glen Leavitt,Republican,person,https://www.leg.state.nv.us/App/Legislator/A/Assembly/81st2021/23
81,AB363,primary,Assemblywoman Rochelle Nguyen,Democratic,person,https://www.leg.state.nv.us/App/Legislator/A/Assembly/81st2021/10
81,AB363,primary,Assemblyman Tom Roberts,Republican,person,https://www.leg.state.nv.us/App/Legislator/A/Assembly/81st2021/13
81,AB378,primary,Assembly Committee on Natural Resources,,organization,https://www.leg.state.nv.us/App/NELIS/REL/81st2021/Committee/343/Overview
81,AB382,primary,Assemblyman Howard Watts,Democratic,person,https://www.leg.state.nv.us/App/Legislator/A/Assembly/81st2021/15
81,AB382,primary,Assemblywoman Brittney Miller,Democratic,person,https://www.leg.state.nv.us/App/Legislator/A/Assembly/81st2021/5
81,AB382,primary,Assemblywoman Natha Anderson,Democratic,person,https://www.leg.state.nv.us/App/Legislator/A/Assembly/81st2021/30
81,AB382,primary,Assemblywoman Venicia Considine,Democratic,person,https://www.leg.state.nv.us/App/Legislator/A/Assembly/81st2021/18
81,AB382,primary,Assemblywoman Rochelle Nguyen,Democratic,person,https://www.leg.state.nv.us/App/Legislator/A/Assembly/81st2021/10
81,AB382,cosponsor,Assemblywoman Shannon Bilbray-Axelrod,Democratic,person,https://www.leg.state.nv.us/App/Legislator/A/Assembly/81st2021/34
81,AB382,cosponsor,Assemblywoman Susie Martinez,Democratic,person,https://www.leg.state.nv.us/App/Legislator/A/Assembly/81st2021/12
81,AB382,cosponsor,Assemblywoman Sarah Peters,Democratic,person,https://www.leg.state.nv.us/App/Legislator/A/Assembly/81st2021/24
81,AB382,cosponsor,Assemblywoman Selena Torres,Democratic,person,https://www.leg.state.nv.us/App/Legislator/A/Assembly/81st2021/3
81,AB383,primary,Assemblyman Howard Watts,Democratic,person,https://www.leg.state.nv.us/App/Legislator/A/Assembly/81st2021/15
81,AB383,primary,Assemblywoman Tracy Brown-May,Democratic,person,https://www.leg.state.nv.us/App/Legislator/A/Assembly/81st2021/42
81,AB383,cosponsor,Assemblyman C.H. Miller,,person,https://www.leg.state.nv.us/App/Legislator/A/Assembly/81st2021/7
81,AB391,primary,Assemblywoman Natha Anderson,Democratic,person,https://www.leg.state.nv.us/App/Legislator/A/Assembly/81st2021/30
81,AB41,primary,Assembly Committee on Growth and Infrastructure,,organization,https://www.leg.state.nv.us/App/NELIS/REL/81st2021/Committee/345/Overview
81,AB414,primary,Assemblyman Philip P.K. O’Neill,Republican,person,https://www.leg.state.nv.us/App/Legislator/A/Assembly/81st2021/40
81,AB429,primary,Assembly Committee on Growth and Infrastructure,,organization,https://www.leg.state.nv.us/App/NELIS/REL/81st2021/Committee/345/Overview
81,AB449,primary,Assemblywoman Teresa Benitez-Thompson,Democratic,person,https://www.leg.state.nv.us/App/Legislator/A/Assembly/81st2021/27
81,AB459,primary,Assembly Committee on Ways and Means,,organization,https://www.leg.state.nv.us/App/NELIS/REL/81st2021/Committee/337/Overview
81,AB486,primary,Assembly Committee on Ways and Means,,organization,https://www.leg.state.nv.us/App/NELIS/REL/81st2021/Committee/337/Overview
81,AB52,primary,Assembly Committee on Natural Resources,,organization,https://www.leg.state.nv.us/App/NELIS/REL/81st2021/Committee/343/Overview
81,AB60,primary,Assembly Committee on Judiciary,,organization,https://www.leg.state.nv.us/App/NELIS/REL/81st2021/Committee/335/Overview
81,AB77,primary,Assembly Committee on Government Affairs,,organization,https://www.leg.state.nv.us/App/NELIS/REL/81st2021/Committee/344/Overview
81,AB87,primary,Assemblywoman Rochelle Nguyen,Democratic,person,https://www.leg.state.nv.us/App/Legislator/A/Assembly/81st2021/10
81,AB87,primary,Assemblyman Tom Roberts,Republican,person,https://www.leg.state.nv.us/App/Legislator/A/Assembly/81st2021/13
81,AB90,primary,Assemblywoman Teresa Benitez-Thompson,Democratic,person,https://www.leg.state.nv.us/App/Legislator/A/Assembly/81st2021/27
81,SB11,primary,Senate Committee on Revenue and Economic Development,,organization,https://www.leg.state.nv.us/App/NELIS/REL/81st2021/Committee/331/Overview
81,SB119,primary,Senator Keith Pickard,Republican,person,https://www.leg.state.nv.us/App/Legislator/A/Senate/81st2021/20
81,SB119,primary,Senator Joseph Hardy,Republican,person,https://www.leg.state.nv.us/App/Legislator/A/Senate/81st2021/12
81,SB119,primary,Senator Carrie Buck,Republican,person,https://www.leg.state.nv.us/App/Legislator/A/Senate/81st2021/5
81,SB119,cosponsor,Senator Pete Goicoechea,Republican,person,https://www.leg.state.nv.us/App/Legislator/A/Senate/81st2021/19
81,SB119,cosponsor,Senator Scott Hammond,Republican,person,https://www.leg.state.nv.us/App/Legislator/A/Senate/81st2021/18
81,SB119,cosponsor,Senator Ben Kieckhefer,Republican,person,https://www.leg.state.nv.us/App/Legislator/A/Senate/81st2021/16
81,SB119,cosponsor,Senator Heidi Seevers Gansert,Republican,person,https://www.leg.state.nv.us/App/Legislator/A/Senate/81st2021/15
81,SB119,cosponsor,Senator James Settelmeyer,Republican,person,https://www.leg.state.nv.us/App/Legislator/A/Senate/81st2021/17
81,SB119,cosponsor,Assemblyman Gregory Hafen,Republican,person,https://www.leg.state.nv.us/App/Legislator/A/Assembly/81st2021/36
81,SB12,primary,Senate Committee on Government Affairs,,organization,https://www.leg.state.nv.us/App/NELIS/REL/81st2021/Committee/334/Overview
81,SB133,primary,Senator Keith Pickard,Republican,person,https://www.leg.state.nv.us/App/Legislator/A/Senate/81st2021/20
81,SB133,primary,Senator James Settelmeyer,Republican,person,https://www.leg.state.nv.us/App/Legislator/A/Senate/81st2021/17
81,SB133,cosponsor,Senator Carrie Buck,Republican,person,https://www.leg.state.nv.us/App/Legislator/A/Senate/81st2021/5
81,SB133,cosponsor,Senator Pete Goicoechea,Republican,person,https://www.leg.state.nv.us/App/Legislator/A/Senate/81st2021/19
81,SB133,cosponsor,Senator Scott Hammond,Republican,person,https://www.leg.state.nv.us/App/Legislator/A/Senate/81st2021/18
81,SB133,cosponsor,Senator Joseph Hardy,Republican,person,https://www.leg.state.nv.us/App/Legislator/A/Senate/81st2021/12
81,SB133,cosponsor,Assemblyman John Ellison,Republican,person,https://www.leg.state.nv.us/App/Legislator/A/Assembly/81st2021/33
81,SB138,primary,Senator Roberta Lange,Democratic,person,https://www.leg.state.nv.us/App/Legislator/A/Senate/81st2021/7
81,SB138,primary,Senator Keith Pickard,Republican,person,https://www.leg.state.nv.us/App/Legislator/A/Senate/81st2021/20
81,SB150,primary,Senator Dallas Harris,Democratic,person,https://www.leg.state.nv.us/App/Legislator/A/Senate/81st2021/11
81,SB150,primary,Senator Fabian Donate,Democratic,person,https://www.leg.state.nv.us/App/Legislator/A/Senate/81st2021/10
81,SB150,primary,Senator Carrie Buck,Republican,person,https://www.leg.state.nv.us/App/Legislator/A/Senate/81st2021/5
81,SB150,cosponsor,Senator Moises Denis,Democratic,person,https://www.leg.state.nv.us/App/Legislator/A/Senate/81st2021/2
81,SB150,cosponsor,Senator Roberta Lange,Democratic,person,https://www.leg.state.nv.us/App/Legislator/A/Senate/81st2021/7
81,SB159,primary,Senator Julia Ratti,Democratic,person,https://www.leg.state.nv.us/App/Legislator/A/Senate/81st2021/13
81,SB162,primary,Senator Fabian Donate,Democratic,person,https://www.leg.state.nv.us/App/Legislator/A/Senate/81st2021/10
81,SB162,cosponsor,Senator Melanie Scheible,Democratic,person,https://www.leg.state.nv.us/App/Legislator/A/Senate/81st2021/9
81,SB162,cosponsor,Assemblyman Edgar Flores,Democratic,person,https://www.leg.state.nv.us/App/Legislator/A/Assembly/81st2021/28
81,SB162,cosponsor,Assemblywoman Cecelia González,Democratic,person,https://www.leg.state.nv.us/App/Legislator/A/Assembly/81st2021/16
81,SB162,cosponsor,Assemblywoman Selena Torres,Democratic,person,https://www.leg.state.nv.us/App/Legislator/A/Assembly/81st2021/3
81,SB187,primary,Senator Pat Spearman,Democratic,person,https://www.leg.state.nv.us/App/Legislator/A/Senate/81st2021/1
81,SB188,primary,Senator Pat Spearman,Democratic,person,https://www.leg.state.nv.us/App/Legislator/A/Senate/81st2021/1
81,SB207,primary,Senator Keith Pickard,Republican,person,https://www.leg.state.nv.us/App/Legislator/A/Senate/81st2021/20
81,SB207,primary,Senator Joseph Hardy,Republican,person,https://www.leg.state.nv.us/App/Legislator/A/Senate/81st2021/12
81,SB207,primary,Senator Carrie Buck,Republican,person,https://www.leg.state.nv.us/App/Legislator/A/Senate/81st2021/5
81,SB207,cosponsor,Senator Scott Hammond,Republican,person,https://www.leg.state.nv.us/App/Legislator/A/Senate/81st2021/18
81,SB207,cosponsor,Senator Ira Hansen,Republican,person,https://www.leg.state.nv.us/App/Legislator/A/Senate/81st2021/14
81,SB207,cosponsor,Senator Heidi Seevers Gansert,Republican,person,https://www.leg.state.nv.us/App/Legislator/A/Senate/81st2021/15
81,SB207,cosponsor,Senator James Settelmeyer,Republican,person,https://www.leg.state.nv.us/App/Legislator/A/Senate/81st2021/17
81,SB207,cosponsor,Assemblywoman Melissa Hardy,Republican,person,https://www.leg.state.nv.us/App/Legislator/A/Assembly/81st2021/22
81,SB218,primary,Senator Julia Ratti,Democratic,person,https://www.leg.state.nv.us/App/Legislator/A/Senate/81st2021/13
81,SB247,primary,Senator Marilyn Dondero Loop,Democratic,person,https://www.leg.state.nv.us/App/Legislator/A/Senate/81st2021/8
81,SB254,primary,Senator Dina Neal,Democratic,person,https://www.leg.state.nv.us/App/Legislator/A/Senate/81st2021/4
81,SB264,primary,Senator Keith Pickard,Republican,person,https://www.leg.state.nv.us/App/Legislator/A/Senate/81st2021/20
81,SB264,cosponsor,Senator Carrie Buck,Republican,person,https://www.leg.state.nv.us/App/Legislator/A/Senate/81st2021/5
81,SB264,cosponsor,Senator Pete Goicoechea,Republican,person,https://www.leg.state.nv.us/App/Legislator/A/Senate/81st2021/19
81,SB264,cosponsor,Senator Joseph Hardy,Republican,person,https://www.leg.state.nv.us/App/Legislator/A/Senate/81st2021/12
81,SB27,primary,Senate Committee on Education,,organization,https://www.leg.state.nv.us/App/NELIS/REL/81st2021/Committee/342/Overview
81,SB271,primary,Senator Scott Hammond,Republican,person,https://www.leg.state.nv.us/App/Legislator/A/Senate/81st2021/18
81,SB277,primary,Senator Scott Hammond,Republican,person,https://www.leg.state.nv.us/App/Legislator/A/Senate/81st2021/18
81,SB280,primary,Senator Melanie Scheible,Democratic,person,https://www.leg.state.nv.us/App/Legislator/A/Senate/81st2021/9
81,SB283,primary,Senator Chris Brooks,Democratic,person,https://www.leg.state.nv.us/App/Legislator/A/Senate/81st2021/3
81,SB284,primary,Senator Julia Ratti,Democratic,person,https://www.leg.state.nv.us/App/Legislator/A/Senate/81st2021/13
81,SB297,primary,Senator Pat Spearman,Democratic,person,https://www.leg.state.nv.us/App/Legislator/A/Senate/81st2021/1
81,SB311,primary,Senator Julia Ratti,Democratic,person,https://www.leg.state.nv.us/App/Legislator/A/Senate/81st2021/13
81,SB322,primary,Senator Carrie Buck,Republican,person,https://www.leg.state.nv.us/App/Legislator/A/Senate/81st2021/5
81,SB322,primary,Senator Ira Hansen,Republican,person,https://www.leg.state.nv.us/App/Legislator/A/Senate/81st2021/14
81,SB324,primary,Senator James Ohrenschall,Democratic,person,https://www.leg.state.nv.us/App/Legislator/A/Senate/81st2021/21
81,SB33,primary,Senate Committee on Natural Resources,,organization,https://www.leg.state.nv.us/App/NELIS/REL/81st2021/Committee/349/Overview
81,SB339,primary,Senator Keith Pickard,Republican,person,https://www.leg.state.nv.us/App/Legislator/A/Senate/81st2021/20
81,SB339,primary,Senator James Settelmeyer,Republican,person,https://www.leg.state.nv.us/App/Legislator/A/Senate/81st2021/17
81,SB339,cosponsor,Senator Carrie Buck,Republican,person,https://www.leg.state.nv.us/App/Legislator/A/Senate/81st2021/5
81,SB339,cosponsor,Senator Joseph Hardy,Republican,person,https://www.leg.state.nv.us/App/Legislator/A/Senate/81st2021/12
81,SB343,primary,Senator Keith Pickard,Republican,person,https://www.leg.state.nv.us/App/Legislator/A/Senate/81st2021/20
81,SB343,primary,Senator Ira Hansen,Republican,person,https://www.leg.state.nv.us/App/Legislator/A/Senate/81st2021/14
81,SB343,primary,Senator Joseph Hardy,Republican,person,https://www.leg.state.nv.us/App/Legislator/A/Senate/81st2021/12
81,SB343,cosponsor,Senator Carrie Buck,Republican,person,https://www.leg.state.nv.us/App/Legislator/A/Senate/81st2021/5
81,SB349,primary,Senator James Ohrenschall,Democratic,person,https://www.leg.state.nv.us/App/Legislator/A/Senate/81st2021/21
81,SB349,cosponsor,Senator Melanie Scheible,Democratic,person,https://www.leg.state.nv.us/App/Legislator/A/Senate/81st2021/9
81,SB354,primary,Senate Committee on Education,,organization,https://www.leg.state.nv.us/App/NELIS/REL/81st2021/Committee/342/Overview
81,SB356,primary,Senate Committee on Judiciary,,organization,https://www.leg.state.nv.us/App/NELIS/REL/81st2021/Committee/329/Overview
81,SB357,primary,Senate Committee on Judiciary,,organization,https://www.leg.state.nv.us/App/NELIS/REL/81st2021/Committee/329/Overview
81,SB365,primary,Senate Committee on Judiciary,,organization,https://www.leg.state.nv.us/App/NELIS/REL/81st2021/Committee/329/Overview
81,SB374,primary,Senator Keith Pickard,Republican,person,https://www.leg.state.nv.us/App/Legislator/A/Senate/81st2021/20
81,SB381,primary,Senate Committee on Commerce and Labor,,organization,https://www.leg.state.nv.us/App/NELIS/REL/81st2021/Committee/339/Overview
81,SB389,primary,Senator Dina Neal,Democratic,person,https://www.leg.state.nv.us/App/Legislator/A/Senate/81st2021/4
81,SB389,primary,Assemblywoman Daniele Monroe-Moreno,Democratic,person,https://www.leg.state.nv.us/App/Legislator/A/Assembly/81st2021/1
81,SB60,primary,Senate Committee on Growth and Infrastructure,,organization,https://www.leg.state.nv.us/App/NELIS/REL/81st2021/Committee/338/Overview
82,AB10,primary,Assembly Committee on Government Affairs,,organization,https://www.leg.state.nv.us/App/NELIS/REL/82nd2023/Committee/396/Overview
82,AB111,primary,Assemblywoman Danielle Gallant,Republican,person,https://www.leg.state.nv.us/App/Legislator/A/Assembly/82nd2023/23
82,AB116,primary,Assemblywoman Tracy Brown-May,Democratic,person,https://www.leg.state.nv.us/App/Legislator/A/Assembly/82nd2023/42
82,AB116,cosponsor,Assemblywoman Cecelia González,Democratic,person,https://www.leg.state.nv.us/App/Legislator/A/Assembly/82nd2023/16
82,AB116,cosponsor,Assemblywoman Michelle Gorelow,Democratic,person,https://www.leg.state.nv.us/App/Legislator/A/Assembly/82nd2023/35
82,AB116,cosponsor,Assemblyman Ken Gray,Republican,person,https://www.leg.state.nv.us/App/Legislator/A/Assembly/82nd2023/39
82,AB116,cosponsor,Assemblywoman Sabra Newby,Democratic,person,https://www.leg.state.nv.us/App/Legislator/A/Assembly/82nd2023/10
82,AB116,cosponsor,Assemblyman Duy Nguyen,Democratic,person,https://www.leg.state.nv.us/App/Legislator/A/Assembly/82nd2023/8
82,AB116,cosponsor,Assemblyman David Orentlicher,Democratic,person,https://www.leg.state.nv.us/App/Legislator/A/Assembly/82nd2023/20
82,AB116,cosponsor,Assemblywoman Sarah Peters,Democratic,person,https://www.leg.state.nv.us/App/Legislator/A/Assembly/82nd2023/24
82,AB116,cosponsor,Assemblywoman Angie Taylor,Democratic,person,https://www.leg.state.nv.us/App/Legislator/A/Assembly/82nd2023/27
82,AB116,cosponsor,Assemblywoman Clara Thomas,Democratic,person,https://www.leg.state.nv.us/App/Legislator/A/Assembly/82nd2023/17
82,AB123,primary,Assemblywoman Melissa Hardy,Republican,person,https://www.leg.state.nv.us/App/Legislator/A/Assembly/82nd2023/22
82,AB127,primary,Assemblywoman Sandra Jauregui,Democratic,person,https://www.leg.state.nv.us/App/Legislator/A/Assembly/82nd2023/41
82,AB131,primary,Assemblywoman Lesley Cohen,Democratic,person,https://www.leg.state.nv.us/App/Legislator/A/Assembly/82nd2023/29
82,AB131,primary,Assemblyman Howard Watts,Democratic,person,https://www.leg.state.nv.us/App/Legislator/A/Assembly/82nd2023/15
82,AB131,cosponsor,Assemblywoman Natha Anderson,Democratic,person,https://www.leg.state.nv.us/App/Legislator/A/Assembly/82nd2023/30
82,AB131,cosponsor,Assemblywoman Sabra Newby,Democratic,person,https://www.leg.state.nv.us/App/Legislator/A/Assembly/82nd2023/10
82,AB131,cosponsor,Assemblywoman Sarah Peters,Democratic,person,https://www.leg.state.nv.us/App/Legislator/A/Assembly/82nd2023/24
82,AB135,primary,Assembly Committee on Health and Human Services,,organization,https://www.leg.state.nv.us/App/NELIS/REL/82nd2023/Committee/412/Overview
82,AB143,primary,Assemblyman Philip PK O’Neill,Republican,person,https://www.leg.state.nv.us/App/Legislator/A/Assembly/82nd2023/40
82,AB148,primary,Assemblywoman Elaine Marzola,Democratic,person,https://www.leg.state.nv.us/App/Legislator/A/Assembly/82nd2023/21
82,AB176,primary,Assemblywoman Cecelia González,Democratic,person,https://www.leg.state.nv.us/App/Legislator/A/Assembly/82nd2023/16
82,AB176,primary,Assemblywoman Shondra Summers-Armstrong,Democratic,person,https://www.leg.state.nv.us/App/Legislator/A/Assembly/82nd2023/6
82,AB176,primary,Senator Fabian Doñate,Democratic,person,https://www.leg.state.nv.us/App/Legislator/A/Senate/82nd2023/10
82,AB176,cosponsor,Assemblyman David Orentlicher,Democratic,person,https://www.leg.state.nv.us/App/Legislator/A/Assembly/82nd2023/20
82,AB176,cosponsor,Senator Dina Neal,Democratic,person,https://www.leg.state.nv.us/App/Legislator/A/Senate/82nd2023/4
82,AB185,primary,Assemblywoman Erica Mosca,Democratic,person,https://www.leg.state.nv.us/App/Legislator/A/Assembly/82nd2023/14
82,AB185,cosponsor,Senator Carrie Buck,Republican,person,https://www.leg.state.nv.us/App/Legislator/A/Senate/82nd2023/5
82,AB190,primary,Assemblywoman Heidi Kasama,Republican,person,https://www.leg.state.nv.us/App/Legislator/A/Assembly/82nd2023/2
82,AB205,primary,Assemblyman Ken Gray,Republican,person,https://www.leg.state.nv.us/App/Legislator/A/Assembly/82nd2023/39
82,AB205,primary,Assemblywoman Jill Dickman,Republican,person,https://www.leg.state.nv.us/App/Legislator/A/Assembly/82nd2023/31
82,AB205,cosponsor,Assemblyman Rich DeLong,Republican,person,https://www.leg.state.nv.us/App/Legislator/A/Assembly/82nd2023/26
82,AB205,cosponsor,Assemblywoman Danielle Gallant,Republican,person,https://www.leg.state.nv.us/App/Legislator/A/Assembly/82nd2023/23
82,AB205,cosponsor,Assemblyman Bert Gurr,Republican,person,https://www.leg.state.nv.us/App/Legislator/A/Assembly/82nd2023/33
82,AB205,cosponsor,Assemblyman Gregory Hafen,Republican,person,https://www.leg.state.nv.us/App/Legislator/A/Assembly/82nd2023/36
82,AB205,cosponsor,Assemblywoman Alexis Hansen,Republican,person,https://www.leg.state.nv.us/App/Legislator/A/Assembly/82nd2023/32
82,AB205,cosponsor,Assemblywoman Melissa Hardy,Republican,person,https://www.leg.state.nv.us/App/Legislator/A/Assembly/82nd2023/22
82,AB205,cosponsor,Assemblyman Brian Hibbetts,Republican,person,https://www.leg.state.nv.us/App/Legislator/A/Assembly/82nd2023/13
82,AB205,cosponsor,Assemblyman Gregory Koenig,Republican,person,https://www.leg.state.nv.us/App/Legislator/A/Assembly/82nd2023/38
82,AB205,cosponsor,Assemblyman Philip PK O’Neill,Republican,person,https://www.leg.state.nv.us/App/Legislator/A/Assembly/82nd2023/40
82,AB205,cosponsor,Assemblyman Toby Yurek,Republican,person,https://www.leg.state.nv.us/App/Legislator/A/Assembly/82nd2023/19
82,AB213,primary,Assemblywoman Sandra Jauregui,Democratic,person,https://www.leg.state.nv.us/App/Legislator/A/Assembly/82nd2023/41
82,AB217,primary,Assemblyman Howard Watts,Democratic,person,https://www.leg.state.nv.us/App/Legislator/A/Assembly/82nd2023/15
82,AB217,primary,Assemblywoman Cecelia González,Democratic,person,https://www.leg.state.nv.us/App/Legislator/A/Assembly/82nd2023/16
82,AB217,primary,Assemblywoman Natha Anderson,Democratic,person,https://www.leg.state.nv.us/App/Legislator/A/Assembly/82nd2023/30
82,AB217,primary,Assemblywoman Venicia Considine,Democratic,person,https://www.leg.state.nv.us/App/Legislator/A/Assembly/82nd2023/18
82,AB217,primary,Assemblyman Cameron Miller,Democratic,person,https://www.leg.state.nv.us/App/Legislator/A/Assembly/82nd2023/7
82,AB217,primary,Senator Edgar Flores,Democratic,person,https://www.leg.state.nv.us/App/Legislator/A/Senate/82nd2023/2
82,AB217,primary,Senator Fabian Doñate,Democratic,person,https://www.leg.state.nv.us/App/Legislator/A/Senate/82nd2023/10
82,AB217,primary,Senator Dina Neal,Democratic,person,https://www.leg.state.nv.us/App/Legislator/A/Senate/82nd2023/4
82,AB217,cosponsor,Assemblywoman Shea Backus,Democratic,person,https://www.leg.state.nv.us/App/Legislator/A/Assembly/82nd2023/37
82,AB217,cosponsor,Assemblywoman Shannon Bilbray-Axelrod,Democratic,person,https://www.leg.state.nv.us/App/Legislator/A/Assembly/82nd2023/34
82,AB217,cosponsor,Assemblywoman Tracy Brown-May,Democratic,person,https://www.leg.state.nv.us/App/Legislator/A/Assembly/82nd2023/42
82,AB217,cosponsor,Assemblyman Max Carter,Democratic,person,https://www.leg.state.nv.us/App/Legislator/A/Assembly/82nd2023/12
82,AB217,cosponsor,Assemblywoman Lesley Cohen,Democratic,person,https://www.leg.state.nv.us/App/Legislator/A/Assembly/82nd2023/29
82,AB217,cosponsor,Assemblyman Reuben D'Silva,Democratic,person,https://www.leg.state.nv.us/App/Legislator/A/Assembly/82nd2023/28
82,AB217,cosponsor,Assemblywoman Michelle Gorelow,Democratic,person,https://www.leg.state.nv.us/App/Legislator/A/Assembly/82nd2023/35
82,AB217,cosponsor,Assemblywoman Selena La Rue Hatch,Democratic,person,https://www.leg.state.nv.us/App/Legislator/A/Assembly/82nd2023/25
82,AB217,cosponsor,Assemblywoman Erica Mosca,Democratic,person,https://www.leg.state.nv.us/App/Legislator/A/Assembly/82nd2023/14
82,AB217,cosponsor,Assemblywoman Sarah Peters,Democratic,person,https://www.leg.state.nv.us/App/Legislator/A/Assembly/82nd2023/24
82,AB217,cosponsor,Assemblywoman Shondra Summers-Armstrong,Democratic,person,https://www.leg.state.nv.us/App/Legislator/A/Assembly/82nd2023/6
82,AB217,cosponsor,Assemblywoman Angie Taylor,Democratic,person,https://www.leg.state.nv.us/App/Legislator/A/Assembly/82nd2023/27
82,AB217,cosponsor,Assemblywoman Clara Thomas,Democratic,person,https://www.leg.state.nv.us/App/Legislator/A/Assembly/82nd2023/17
82,AB217,cosponsor,Assemblywoman Selena Torres,Democratic,person,https://www.leg.state.nv.us/App/Legislator/A/Assembly/82nd2023/3
82,AB217,cosponsor,Senator Roberta Lange,Democratic,person,https://www.leg.state.nv.us/App/Legislator/A/Senate/82nd2023/7
82,AB217,cosponsor,Senator Rochelle Nguyen,Democratic,person,https://www.leg.state.nv.us/App/Legislator/A/Senate/82nd2023/3
82,AB217,cosponsor,Senator Julie Pazina,Democratic,person,https://www.leg.state.nv.us/App/Legislator/A/Senate/82nd2023/12
82,AB218,primary,Assemblywoman Venicia Considine,Democratic,person,https://www.leg.state.nv.us/App/Legislator/A/Assembly/82nd2023/18
82,AB220,primary,Assembly Committee on Natural Resources,,organization,https://www.leg.state.nv.us/App/NELIS/REL/82nd2023/Committee/397/Overview
82,AB231,primary,Assemblywoman Shea Backus,Democratic,person,https://www.leg.state.nv.us/App/Legislator/A/Assembly/82nd2023/37
82,AB266,primary,Assemblywoman Selena Torres,Democratic,person,https://www.leg.state.nv.us/App/Legislator/A/Assembly/82nd2023/3
82,AB266,primary,Assemblywoman Bea Duran,Democratic,person,https://www.leg.state.nv.us/App/Legislator/A/Assembly/82nd2023/11
82,AB266,primary,Assemblywoman Cecelia González,Democratic,person,https://www.leg.state.nv.us/App/Legislator/A/Assembly/82nd2023/16
82,AB266,primary,Senator Edgar Flores,Democratic,person,https://www.leg.state.nv.us/App/Legislator/A/Senate/82nd2023/2
82,AB266,primary,Senator Fabian Doñate,Democratic,person,https://www.leg.state.nv.us/App/Legislator/A/Senate/82nd2023/10
82,AB266,cosponsor,Assemblyman Reuben D'Silva,Democratic,person,https://www.leg.state.nv.us/App/Legislator/A/Assembly/82nd2023/28
82,AB266,cosponsor,Assemblywoman Brittney Miller,Democratic,person,https://www.leg.state.nv.us/App/Legislator/A/Assembly/82nd2023/5
82,AB266,cosponsor,Assemblyman Duy Nguyen,Democratic,person,https://www.leg.state.nv.us/App/Legislator/A/Assembly/82nd2023/8
82,AB266,cosponsor,Senator Rochelle Nguyen,Democratic,person,https://www.leg.state.nv.us/App/Legislator/A/Senate/82nd2023/3
82,AB279,primary,Assemblyman Reuben D'Silva,Democratic,person,https://www.leg.state.nv.us/App/Legislator/A/Assembly/82nd2023/28
82,AB279,primary,Assemblyman Ken Gray,Republican,person,https://www.leg.state.nv.us/App/Legislator/A/Assembly/82nd2023/39
82,AB279,primary,Assemblywoman Clara Thomas,Democratic,person,https://www.leg.state.nv.us/App/Legislator/A/Assembly/82nd2023/17
82,AB279,primary,Senator Pat Spearman,Democratic,person,https://www.leg.state.nv.us/App/Legislator/A/Senate/82nd2023/1
82,AB279,primary,Senator Edgar Flores,Democratic,person,https://www.leg.state.nv.us/App/Legislator/A/Senate/82nd2023/2
82,AB279,primary,Senator Roberta Lange,Democratic,person,https://www.leg.state.nv.us/App/Legislator/A/Senate/82nd2023/7
82,AB279,cosponsor,Assemblywoman Shannon Bilbray-Axelrod,Democratic,person,https://www.leg.state.nv.us/App/Legislator/A/Assembly/82nd2023/34
82,AB279,cosponsor,Assemblywoman Danielle Gallant,Republican,person,https://www.leg.state.nv.us/App/Legislator/A/Assembly/82nd2023/23
82,AB279,cosponsor,Assemblyman Bert Gurr,Republican,person,https://www.leg.state.nv.us/App/Legislator/A/Assembly/82nd2023/33
82,AB279,cosponsor,Assemblywoman Selena La Rue Hatch,Democratic,person,https://www.leg.state.nv.us/App/Legislator/A/Assembly/82nd2023/25
82,AB279,cosponsor,Assemblyman Richard McArthur,Republican,person,https://www.leg.state.nv.us/App/Legislator/A/Assembly/82nd2023/4
82,AB279,cosponsor,Assemblywoman Erica Mosca,Democratic,person,https://www.leg.state.nv.us/App/Legislator/A/Assembly/82nd2023/14
82,AB279,cosponsor,Assemblywoman Shondra Summers-Armstrong,Democratic,person,https://www.leg.state.nv.us/App/Legislator/A/Assembly/82nd2023/6
82,AB279,cosponsor,Assemblywoman Angie Taylor,Democratic,person,https://www.leg.state.nv.us/App/Legislator/A/Assembly/82nd2023/27
82,AB279,cosponsor,Assemblywoman Selena Torres,Democratic,person,https://www.leg.state.nv.us/App/Legislator/A/Assembly/82nd2023/3
82,AB284,primary,Assemblywoman Heidi Kasama,Republican,person,https://www.leg.state.nv.us/App/Legislator/A/Assembly/82nd2023/2
82,AB293,primary,Assemblyman David Orentlicher,Democratic,person,https://www.leg.state.nv.us/App/Legislator/A/Assembly/82nd2023/20
82,AB298,primary,Assemblywoman Sandra Jauregui,Democratic,person,https://www.leg.state.nv.us/App/Legislator/A/Assembly/82nd2023/41
82,AB304,primary,Assemblywoman Natha Anderson,Democratic,person,https://www.leg.state.nv.us/App/Legislator/A/Assembly/82nd2023/30
82,AB305,primary,Assemblywoman Daniele Monroe-Moreno,Democratic,person,https://www.leg.state.nv.us/App/Legislator/A/Assembly/82nd2023/1
82,AB305,cosponsor,Assemblywoman Venicia Considine,Democratic,person,https://www.leg.state.nv.us/App/Legislator/A/Assembly/82nd2023/18
82,AB305,cosponsor,Assemblywoman Clara Thomas,Democratic,person,https://www.leg.state.nv.us/App/Legislator/A/Assembly/82nd2023/17
82,AB310,primary,Assemblywoman Daniele Monroe-Moreno,Democratic,person,https://www.leg.state.nv.us/App/Legislator/A/Assembly/82nd2023/1
82,AB314,primary,Assemblywoman Danielle Gallant,Republican,person,https://www.leg.state.nv.us/App/Legislator/A/Assembly/82nd2023/23
82,AB314,primary,Assemblywoman Angie Taylor,Democratic,person,https://www.leg.state.nv.us/App/Legislator/A/Assembly/82nd2023/27
82,AB314,cosponsor,Assemblyman Rich DeLong,Republican,person,https://www.leg.state.nv.us/App/Legislator/A/Assembly/82nd2023/26
82,AB314,cosponsor,Assemblywoman Jill Dickman,Republican,person,https://www.leg.state.nv.us/App/Legislator/A/Assembly/82nd2023/31
82,AB314,cosponsor,Assemblyman Ken Gray,Republican,person,https://www.leg.state.nv.us/App/Legislator/A/Assembly/82nd2023/39
82,AB314,cosponsor,Assemblyman Duy Nguyen,Democratic,person,https://www.leg.state.nv.us/App/Legislator/A/Assembly/82nd2023/8
82,AB314,cosponsor,Senator Jeff Stone,Republican,person,https://www.leg.state.nv.us/App/Legislator/A/Senate/82nd2023/20
82,AB32,primary,Assembly Committee on Judiciary,,organization,https://www.leg.state.nv.us/App/NELIS/REL/82nd2023/Committee/392/Overview
82,AB327,primary,Assemblywoman Venicia Considine,Democratic,person,https://www.leg.state.nv.us/App/Legislator/A/Assembly/82nd2023/18
82,AB332,primary,Assemblywoman Sarah Peters,Democratic,person,https://www.leg.state.nv.us/App/Legislator/A/Assembly/82nd2023/24
82,AB332,primary,Assemblyman Howard Watts,Democratic,person,https://www.leg.state.nv.us/App/Legislator/A/Assembly/82nd2023/15
82,AB332,primary,Assemblyman Duy Nguyen,Democratic,person,https://www.leg.state.nv.us/App/Legislator/A/Assembly/82nd2023/8
82,AB332,primary,Assemblywoman Selena Torres,Democratic,person,https://www.leg.state.nv.us/App/Legislator/A/Assembly/82nd2023/3
82,AB332,cosponsor,Assemblywoman Natha Anderson,Democratic,person,https://www.leg.state.nv.us/App/Legislator/A/Assembly/82nd2023/30
82,AB332,cosponsor,Assemblyman Max Carter,Democratic,person,https://www.leg.state.nv.us/App/Legislator/A/Assembly/82nd2023/12
82,AB332,cosponsor,Assemblywoman Michelle Gorelow,Democratic,person,https://www.leg.state.nv.us/App/Legislator/A/Assembly/82nd2023/35
82,AB332,cosponsor,Assemblyman Gregory Koenig,Republican,person,https://www.leg.state.nv.us/App/Legislator/A/Assembly/82nd2023/38
82,AB332,cosponsor,Assemblywoman Selena La Rue Hatch,Democratic,person,https://www.leg.state.nv.us/App/Legislator/A/Assembly/82nd2023/25
82,AB332,cosponsor,Assemblywoman Erica Mosca,Democratic,person,https://www.leg.state.nv.us/App/Legislator/A/Assembly/82nd2023/14
82,AB332,cosponsor,Assemblywoman Sabra Newby,Democratic,person,https://www.leg.state.nv.us/App/Legislator/A/Assembly/82nd2023/10
82,AB332,cosponsor,Assemblywoman Angie Taylor,Democratic,person,https://www.leg.state.nv.us/App/Legislator/A/Assembly/82nd2023/27
82,AB332,cosponsor,Senator Rochelle Nguyen,Democratic,person,https://www.leg.state.nv.us/App/Legislator/A/Senate/82nd2023/3
82,AB333,primary,Assemblywoman Bea Duran,Democratic,person,https://www.leg.state.nv.us/App/Legislator/A/Assembly/82nd2023/11
82,AB340,primary,Assemblywoman Shondra Summers-Armstrong,Democratic,person,https://www.leg.state.nv.us/App/Legislator/A/Assembly/82nd2023/6
82,AB340,cosponsor,Assemblywoman Tracy Brown-May,Democratic,person,https://www.leg.state.nv.us/App/Legislator/A/Assembly/82nd2023/42
82,AB340,cosponsor,Assemblywoman Bea Duran,Democratic,person,https://www.leg.state.nv.us/App/Legislator/A/Assembly/82nd2023/11
82,AB340,cosponsor,Assemblywoman Michelle Gorelow,Democratic,person,https://www.leg.state.nv.us/App/Legislator/A/Assembly/82nd2023/35
82,AB340,cosponsor,Assemblywoman Sabra Newby,Democratic,person,https://www.leg.state.nv.us/App/Legislator/A/Assembly/82nd2023/10
82,AB340,cosponsor,Assemblyman David Orentlicher,Democratic,person,https://www.leg.state.nv.us/App/Legislator/A/Assembly/82nd2023/20
82,AB340,cosponsor,Assemblywoman Sarah Peters,Democratic,person,https://www.leg.state.nv.us/App/Legislator/A/Assembly/82nd2023/24
82,AB340,cosponsor,Assemblywoman Clara Thomas,Democratic,person,https://www.leg.state.nv.us/App/Legislator/A/Assembly/82nd2023/17
82,AB340,cosponsor,Assemblywoman Selena Torres,Democratic,person,https://www.leg.state.nv.us/App/Legislator/A/Assembly/82nd2023/3
82,AB340,cosponsor,Assemblyman Howard Watts,Democratic,person,https://www.leg.state.nv.us/App/Legislator/A/Assembly/82nd2023/15
82,AB345,primary,Assemblywoman Venicia Considine,Democratic,person,https://www.leg.state.nv.us/App/Legislator/A/Assembly/82nd2023/18
82,AB352,primary,Assemblyman Reuben D'Silva,Democratic,person,https://www.leg.state.nv.us/App/Legislator/A/Assembly/82nd2023/28
82,AB352,cosponsor,Assemblywoman Shannon Bilbray-Axelrod,Democratic,person,https://www.leg.state.nv.us/App/Legislator/A/Assembly/82nd2023/34
82,AB362,primary,Assemblywoman Clara Thomas,Democratic,person,https://www.leg.state.nv.us/App/Legislator/A/Assembly/82nd2023/17
82,AB366,primary,Assembly Committee on Government Affairs,,organization,https://www.leg.state.nv.us/App/NELIS/REL/82nd2023/Committee/396/Overview
82,AB371,primary,Assemblywoman Lesley Cohen,Democratic,person,https://www.leg.state.nv.us/App/Legislator/A/Assembly/82nd2023/29
82,AB371,primary,Assemblywoman Shea Backus,Democratic,person,https://www.leg.state.nv.us/App/Legislator/A/Assembly/82nd2023/37
82,AB371,primary,Senator James Ohrenschall,Democratic,person,https://www.leg.state.nv.us/App/Legislator/A/Senate/82nd2023/21
82,AB371,cosponsor,Assemblywoman Shannon Bilbray-Axelrod,Democratic,person,https://www.leg.state.nv.us/App/Legislator/A/Assembly/82nd2023/34
82,AB396,primary,Assembly Committee on Ways and Means,,organization,https://www.leg.state.nv.us/App/NELIS/REL/82nd2023/Committee/395/Overview
82,AB406,primary,Assemblywoman Michelle Gorelow,Democratic,person,https://www.leg.state.nv.us/App/Legislator/A/Assembly/82nd2023/35
82,AB414,primary,Assemblywoman Shea Backus,Democratic,person,https://www.leg.state.nv.us/App/Legislator/A/Assembly/82nd2023/37
82,AB415,primary,Assemblywoman Angie Taylor,Democratic,person,https://www.leg.state.nv.us/App/Legislator/A/Assembly/82nd2023/27
82,AB416,primary,Assemblywoman Shondra Summers-Armstrong,Democratic,person,https://www.leg.state.nv.us/App/Legislator/A/Assembly/82nd2023/6
82,AB425,primary,Assembly Committee on Growth and Infrastructure,,organization,https://www.leg.state.nv.us/App/NELIS/REL/82nd2023/Committee/401/Overview
82,AB444,primary,Assemblywoman Shea Backus,Democratic,person,https://www.leg.state.nv.us/App/Legislator/A/Assembly/82nd2023/37
82,AB447,primary,Assemblywoman Natha Anderson,Democratic,person,https://www.leg.state.nv.us/App/Legislator/A/Assembly/82nd2023/30
82,AB448,primary,Assemblyman Steve Yeager,Democratic,person,https://www.leg.state.nv.us/App/Legislator/A/Assembly/82nd2023/9
82,AB448,primary,Assemblywoman Sandra Jauregui,Democratic,person,https://www.leg.state.nv.us/App/Legislator/A/Assembly/82nd2023/41
82,AB450,primary,Assemblywoman Venicia Considine,Democratic,person,https://www.leg.state.nv.us/App/Legislator/A/Assembly/82nd2023/18
82,AB453,primary,Assembly Committee on Judiciary,,organization,https://www.leg.state.nv.us/App/NELIS/REL/82nd2023/Committee/392/Overview
82,AB516,primary,Assembly Committee on Ways and Means,,organization,https://www.leg.state.nv.us/App/NELIS/REL/82nd2023/Committee/395/Overview
82,AB526,primary,Assembly Committee on Ways and Means,,organization,https://www.leg.state.nv.us/App/NELIS/REL/82nd2023/Committee/395/Overview
82,AB528,primary,Assemblyman Steve Yeager,Democratic,person,https://www.leg.state.nv.us/App/Legislator/A/Assembly/82nd2023/9
82,AB57,primary,Assembly Committee on Growth and Infrastructure,,organization,https://www.leg.state.nv.us/App/NELIS/REL/82nd2023/Committee/401/Overview
82,AB62,primary,Assembly Committee on Revenue,,organization,https://www.leg.state.nv.us/App/NELIS/REL/82nd2023/Committee/400/Overview
82,AB97,primary,Assemblywoman Melissa Hardy,Republican,person,https://www.leg.state.nv.us/App/Legislator/A/Assembly/82nd2023/22
82,SB122,primary,Senator Carrie Buck,Republican,person,https://www.leg.state.nv.us/App/Legislator/A/Senate/82nd2023/5
82,SB142,primary,Senator Dallas Harris,Democratic,person,https://www.leg.state.nv.us/App/Legislator/A/Senate/82nd2023/11
82,SB142,primary,Senator Melanie Scheible,Democratic,person,https://www.leg.state.nv.us/App/Legislator/A/Senate/82nd2023/9
82,SB142,primary,Senator Edgar Flores,Democratic,person,https://www.leg.state.nv.us/App/Legislator/A/Senate/82nd2023/2
82,SB142,primary,Senator Fabian Doñate,Democratic,person,https://www.leg.state.nv.us/App/Legislator/A/Senate/82nd2023/10
82,SB142,primary,Senator James Ohrenschall,Democratic,person,https://www.leg.state.nv.us/App/Legislator/A/Senate/82nd2023/21
82,SB142,cosponsor,Senator Skip Daly,Democratic,person,https://www.leg.state.nv.us/App/Legislator/A/Senate/82nd2023/13
82,SB142,cosponsor,Senator Roberta Lange,Democratic,person,https://www.leg.state.nv.us/App/Legislator/A/Senate/82nd2023/7
82,SB143,primary,Senator Dina Neal,Democratic,person,https://www.leg.state.nv.us/App/Legislator/A/Senate/82nd2023/4
82,SB155,primary,Senator James Ohrenschall,Democratic,person,https://www.leg.state.nv.us/App/Legislator/A/Senate/82nd2023/21
82,SB169,primary,Senate Committee on Government Affairs,,organization,https://www.leg.state.nv.us/App/NELIS/REL/82nd2023/Committee/389/Overview
82,SB18,primary,Senate Committee on Government Affairs,,organization,https://www.leg.state.nv.us/App/NELIS/REL/82nd2023/Committee/389/Overview
82,SB196,primary,Senator Scott Hammond,Republican,person,https://www.leg.state.nv.us/App/Legislator/A/Senate/82nd2023/18
82,SB204,primary,Senator Fabian Doñate,Democratic,person,https://www.leg.state.nv.us/App/Legislator/A/Senate/82nd2023/10
82,SB204,primary,Assemblywoman Bea Duran,Democratic,person,https://www.leg.state.nv.us/App/Legislator/A/Assembly/82nd2023/11
82,SB204,primary,Assemblywoman Selena Torres,Democratic,person,https://www.leg.state.nv.us/App/Legislator/A/Assembly/82nd2023/3
82,SB204,cosponsor,Senator Dina Neal,Democratic,person,https://www.leg.state.nv.us/App/Legislator/A/Senate/82nd2023/4
82,SB204,cosponsor,Senator Jeff Stone,Republican,person,https://www.leg.state.nv.us/App/Legislator/A/Senate/82nd2023/20
82,SB204,cosponsor,Assemblywoman Cecelia González,Democratic,person,https://www.leg.state.nv.us/App/Legislator/A/Assembly/82nd2023/16
82,SB204,cosponsor,Assemblyman David Orentlicher,Democratic,person,https://www.leg.state.nv.us/App/Legislator/A/Assembly/82nd2023/20
82,SB210,primary,Senate Committee on Government Affairs,,organization,https://www.leg.state.nv.us/App/NELIS/REL/82nd2023/Committee/389/Overview
82,SB213,primary,Senate Committee on Government Affairs,,organization,https://www.leg.state.nv.us/App/NELIS/REL/82nd2023/Committee/389/Overview
82,SB223,primary,Senator Dallas Harris,Democratic,person,https://www.leg.state.nv.us/App/Legislator/A/Senate/82nd2023/11
82,SB226,primary,Senator Nicole Cannizzaro,Democratic,person,https://www.leg.state.nv.us/App/Legislator/A/Senate/82nd2023/6
82,SB226,primary,Assemblyman Steve Yeager,Democratic,person,https://www.leg.state.nv.us/App/Legislator/A/Assembly/82nd2023/9
82,SB227,primary,Senator Pat Spearman,Democratic,person,https://www.leg.state.nv.us/App/Legislator/A/Senate/82nd2023/1
82,SB227,primary,Assemblywoman Cecelia González,Democratic,person,https://www.leg.state.nv.us/App/Legislator/A/Assembly/82nd2023/16
82,SB227,cosponsor,Senator Dallas Harris,Democratic,person,https://www.leg.state.nv.us/App/Legislator/A/Senate/82nd2023/11
82,SB227,cosponsor,Senator Melanie Scheible,Democratic,person,https://www.leg.state.nv.us/App/Legislator/A/Senate/82nd2023/9
82,SB227,cosponsor,Assemblyman Reuben D'Silva,Democratic,person,https://www.leg.state.nv.us/App/Legislator/A/Assembly/82nd2023/28
82,SB227,cosponsor,Assemblywoman Angie Taylor,Democratic,person,https://www.leg.state.nv.us/App/Legislator/A/Assembly/82nd2023/27
82,SB233,primary,Senator Nicole Cannizzaro,Democratic,person,https://www.leg.state.nv.us/App/Legislator/A/Senate/82nd2023/6
82,SB24,primary,Senate Committee on Government Affairs,,organization,https://www.leg.state.nv.us/App/NELIS/REL/82nd2023/Committee/389/Overview
82,SB247,primary,Senate Committee on Government Affairs,,organization,https://www.leg.state.nv.us/App/NELIS/REL/82nd2023/Committee/389/Overview
82,SB249,primary,Senator Roberta Lange,Democratic,person,https://www.leg.state.nv.us/App/Legislator/A/Senate/82nd2023/7
82,SB249,primary,Senator Scott Hammond,Republican,person,https://www.leg.state.nv.us/App/Legislator/A/Senate/82nd2023/18
82,SB249,primary,Senator Pat Spearman,Democratic,person,https://www.leg.state.nv.us/App/Legislator/A/Senate/82nd2023/1
82,SB249,cosponsor,Senator Skip Daly,Democratic,person,https://www.leg.state.nv.us/App/Legislator/A/Senate/82nd2023/13
82,SB249,cosponsor,Senator Fabian Doñate,Democratic,person,https://www.leg.state.nv.us/App/Legislator/A/Senate/82nd2023/10
82,SB249,cosponsor,Senator Marilyn Dondero Loop,Democratic,person,https://www.leg.state.nv.us/App/Legislator/A/Senate/82nd2023/8
82,SB249,cosponsor,Senator Dallas Harris,Democratic,person,https://www.leg.state.nv.us/App/Legislator/A/Senate/82nd2023/11
82,SB249,cosponsor,Senator James Ohrenschall,Democratic,person,https://www.leg.state.nv.us/App/Legislator/A/Senate/82nd2023/21
82,SB249,cosponsor,Senator Melanie Scheible,Democratic,person,https://www.leg.state.nv.us/App/Legislator/A/Senate/82nd2023/9
82,SB249,cosponsor,Assemblyman Duy Nguyen,Democratic,person,https://www.leg.state.nv.us/App/Legislator/A/Assembly/82nd2023/8
82,SB260,primary,Senator Marilyn Dondero Loop,Democratic,person,https://www.leg.state.nv.us/App/Legislator/A/Senate/82nd2023/8
82,SB260,primary,Senator Fabian Doñate,Democratic,person,https://www.leg.state.nv.us/App/Legislator/A/Senate/82nd2023/10
82,SB260,cosponsor,Senator Nicole Cannizzaro,Democratic,person,https://www.leg.state.nv.us/App/Legislator/A/Senate/82nd2023/6
82,SB260,cosponsor,Senator Skip Daly,Democratic,person,https://www.leg.state.nv.us/App/Legislator/A/Senate/82nd2023/13
82,SB260,cosponsor,Senator Edgar Flores,Democratic,person,https://www.leg.state.nv.us/App/Legislator/A/Senate/82nd2023/2
82,SB260,cosponsor,Senator Roberta Lange,Democratic,person,https://www.leg.state.nv.us/App/Legislator/A/Senate/82nd2023/7
82,SB260,cosponsor,Senator Julie Pazina,Democratic,person,https://www.leg.state.nv.us/App/Legislator/A/Senate/82nd2023/12
82,SB260,cosponsor,Assemblywoman Natha Anderson,Democratic,person,https://www.leg.state.nv.us/App/Legislator/A/Assembly/82nd2023/30
82,SB275,primary,Senator Skip Daly,Democratic,person,https://www.leg.state.nv.us/App/Legislator/A/Senate/82nd2023/13
82,SB275,cosponsor,Senator Fabian Doñate,Democratic,person,https://www.leg.state.nv.us/App/Legislator/A/Senate/82nd2023/10
82,SB275,cosponsor,Senator Marilyn Dondero Loop,Democratic,person,https://www.leg.state.nv.us/App/Legislator/A/Senate/82nd2023/8
82,SB275,cosponsor,Senator Edgar Flores,Democratic,person,https://www.leg.state.nv.us/App/Legislator/A/Senate/82nd2023/2
82,SB275,cosponsor,Senator Dallas Harris,Democratic,person,https://www.leg.state.nv.us/App/Legislator/A/Senate/82nd2023/11
82,SB275,cosponsor,Senator Roberta Lange,Democratic,person,https://www.leg.state.nv.us/App/Legislator/A/Senate/82nd2023/7
82,SB275,cosponsor,Senator Dina Neal,Democratic,person,https://www.leg.state.nv.us/App/Legislator/A/Senate/82nd2023/4
82,SB275,cosponsor,Senator James Ohrenschall,Democratic,person,https://www.leg.state.nv.us/App/Legislator/A/Senate/82nd2023/21
82,SB275,cosponsor,Senator Melanie Scheible,Democratic,person,https://www.leg.state.nv.us/App/Legislator/A/Senate/82nd2023/9
82,SB275,cosponsor,Senator Pat Spearman,Democratic,person,https://www.leg.state.nv.us/App/Legislator/A/Senate/82nd2023/1
82,SB281,primary,Senator Rochelle Nguyen,Democratic,person,https://www.leg.state.nv.us/App/Legislator/A/Senate/82nd2023/3
82,SB29,primary,Senate Committee on Revenue and Economic Development,,organization,https://www.leg.state.nv.us/App/NELIS/REL/82nd2023/Committee/410/Overview
82,SB293,primary,Senator Fabian Doñate,Democratic,person,https://www.leg.state.nv.us/App/Legislator/A/Senate/82nd2023/10
82,SB293,cosponsor,Senator Skip Daly,Democratic,person,https://www.leg.state.nv.us/App/Legislator/A/Senate/82nd2023/13
82,SB307,primary,Senator Pat Spearman,Democratic,person,https://www.leg.state.nv.us/App/Legislator/A/Senate/82nd2023/1
82,SB31,primary,Senate Committee on Commerce and Labor,,organization,https://www.leg.state.nv.us/App/NELIS/REL/82nd2023/Committee/391/Overview
82,SB317,primary,Senator Melanie Scheible,Democratic,person,https://www.leg.state.nv.us/App/Legislator/A/Senate/82nd2023/9
82,SB317,primary,Senator Pat Spearman,Democratic,person,https://www.leg.state.nv.us/App/Legislator/A/Senate/82nd2023/1
82,SB317,primary,Senator Fabian Doñate,Democratic,person,https://www.leg.state.nv.us/App/Legislator/A/Senate/82nd2023/10
82,SB317,primary,Senator Dina Neal,Democratic,person,https://www.leg.state.nv.us/App/Legislator/A/Senate/82nd2023/4
82,SB317,primary,Senator Dallas Harris,Democratic,person,https://www.leg.state.nv.us/App/Legislator/A/Senate/82nd2023/11
82,SB317,cosponsor,Senator Skip Daly,Democratic,person,https://www.leg.state.nv.us/App/Legislator/A/Senate/82nd2023/13
82,SB317,cosponsor,Senator Roberta Lange,Democratic,person,https://www.leg.state.nv.us/App/Legislator/A/Senate/82nd2023/7
82,SB317,cosponsor,Senator James Ohrenschall,Democratic,person,https://www.leg.state.nv.us/App/Legislator/A/Senate/82nd2023/21
82,SB317,cosponsor,Senator Julie Pazina,Democratic,person,https://www.leg.state.nv.us/App/Legislator/A/Senate/82nd2023/12
82,SB318,primary,Senator Melanie Scheible,Democratic,person,https://www.leg.state.nv.us/App/Legislator/A/Senate/82nd2023/9
82,SB318,primary,Senator Dallas Harris,Democratic,person,https://www.leg.state.nv.us/App/Legislator/A/Senate/82nd2023/11
82,SB335,primary,Senator James Ohrenschall,Democratic,person,https://www.leg.state.nv.us/App/Legislator/A/Senate/82nd2023/21
82,SB348,primary,Senator Fabian Doñate,Democratic,person,https://www.leg.state.nv.us/App/Legislator/A/Senate/82nd2023/10
82,SB348,primary,Senator James Ohrenschall,Democratic,person,https://www.leg.state.nv.us/App/Legislator/A/Senate/82nd2023/21
82,SB348,primary,Assemblywoman Cecelia González,Democratic,person,https://www.leg.state.nv.us/App/Legislator/A/Assembly/82nd2023/16
82,SB348,cosponsor,Assemblyman Max Carter,Democratic,person,https://www.leg.state.nv.us/App/Legislator/A/Assembly/82nd2023/12
82,SB348,cosponsor,Assemblywoman Bea Duran,Democratic,person,https://www.leg.state.nv.us/App/Legislator/A/Assembly/82nd2023/11
82,SB348,cosponsor,Assemblywoman Erica Mosca,Democratic,person,https://www.leg.state.nv.us/App/Legislator/A/Assembly/82nd2023/14
82,SB348,cosponsor,Assemblywoman Sarah Peters,Democratic,person,https://www.leg.state.nv.us/App/Legislator/A/Assembly/82nd2023/24
82,SB348,cosponsor,Assemblyman Howard Watts,Democratic,person,https://www.leg.state.nv.us/App/Legislator/A/Assembly/82nd2023/15
82,SB357,primary,Senator Scott Hammond,Republican,person,https://www.leg.state.nv.us/App/Legislator/A/Senate/82nd2023/18
82,SB363,primary,Senator Pat Spearman,Democratic,person,https://www.leg.state.nv.us/App/Legislator/A/Senate/82nd2023/1
82,SB363,primary,Senator Skip Daly,Democratic,person,https://www.leg.state.nv.us/App/Legislator/A/Senate/82nd2023/13
82,SB363,cosponsor,Senator Dallas Harris,Democratic,person,https://www.leg.state.nv.us/App/Legislator/A/Senate/82nd2023/11
82,SB363,cosponsor,Senator Dina Neal,Democratic,person,https://www.leg.state.nv.us/App/Legislator/A/Senate/82nd2023/4
82,SB363,cosponsor,Senator James Ohrenschall,Democratic,person,https://www.leg.state.nv.us/App/Legislator/A/Senate/82nd2023/21
82,SB363,cosponsor,Senator Julie Pazina,Democratic,person,https://www.leg.state.nv.us/App/Legislator/A/Senate/82nd2023/12
82,SB363,cosponsor,Senator Melanie Scheible,Democratic,person,https://www.leg.state.nv.us/App/Legislator/A/Senate/82nd2023/9
82,SB363,cosponsor,Assemblyman Reuben D'Silva,Democratic,person,https://www.leg.state.nv.us/App/Legislator/A/Assembly/82nd2023/28
82,SB371,primary,Senate Committee on Government Affairs,,organization,https://www.leg.state.nv.us/App/NELIS/REL/82nd2023/Committee/389/Overview
82,SB374,primary,Senator Jeff Stone,Republican,person,https://www.leg.state.nv.us/App/Legislator/A/Senate/82nd2023/20
82,SB374,primary,Senator Ira Hansen,Republican,person,https://www.leg.state.nv.us/App/Legislator/A/Senate/82nd2023/14
82,SB374,primary,Senator Lisa Krasner,Republican,person,https://www.leg.state.nv.us/App/Legislator/A/Senate/82nd2023/16
82,SB374,primary,Senator Carrie Buck,Republican,person,https://www.leg.state.nv.us/App/Legislator/A/Senate/82nd2023/5
82,SB374,cosponsor,Senator Pete Goicoechea,Republican,person,https://www.leg.state.nv.us/App/Legislator/A/Senate/82nd2023/19
82,SB374,cosponsor,Senator Heidi Seevers O'Gara,Republican,person,https://www.leg.state.nv.us/App/Legislator/A/Senate/82nd2023/15
82,SB374,cosponsor,Assemblyman Bert Gurr,Republican,person,https://www.leg.state.nv.us/App/Legislator/A/Assembly/82nd2023/33
82,SB381,primary,Senator Dallas Harris,Democratic,person,https://www.leg.state.nv.us/App/Legislator/A/Senate/82nd2023/11
82,SB381,primary,Senator Fabian Doñate,Democratic,person,https://www.leg.state.nv.us/App/Legislator/A/Senate/82nd2023/10
82,SB381,primary,Senator Pat Spearman,Democratic,person,https://www.leg.state.nv.us/App/Legislator/A/Senate/82nd2023/1
82,SB381,primary,Senator Edgar Flores,Democratic,person,https://www.leg.state.nv.us/App/Legislator/A/Senate/82nd2023/2
82,SB381,cosponsor,Senator Skip Daly,Democratic,person,https://www.leg.state.nv.us/App/Legislator/A/Senate/82nd2023/13
82,SB381,cosponsor,Senator Lisa Krasner,Republican,person,https://www.leg.state.nv.us/App/Legislator/A/Senate/82nd2023/16
82,SB381,cosponsor,Senator Roberta Lange,Democratic,person,https://www.leg.state.nv.us/App/Legislator/A/Senate/82nd2023/7
82,SB381,cosponsor,Senator Dina Neal,Democratic,person,https://www.leg.state.nv.us/App/Legislator/A/Senate/82nd2023/4
82,SB381,cosponsor,Senator James Ohrenschall,Democratic,person,https://www.leg.state.nv.us/App/Legislator/A/Senate/82nd2023/21
82,SB381,cosponsor,Senator Melanie Scheible,Democratic,person,https://www.leg.state.nv.us/App/Legislator/A/Senate/82nd2023/9
82,SB381,cosponsor,Senator Jeff Stone,Republican,person,https://www.leg.state.nv.us/App/Legislator/A/Senate/82nd2023/20
82,SB386,primary,Senate Committee on Commerce and Labor,,organization,https://www.leg.state.nv.us/App/NELIS/REL/82nd2023/Committee/391/Overview
82,SB395,primary,Senator Dina Neal,Democratic,person,https://www.leg.state.nv.us/App/Legislator/A/Senate/82nd2023/4
82,SB40,primary,Senate Committee on Growth and Infrastructure,,organization,https://www.leg.state.nv.us/App/NELIS/REL/82nd2023/Committee/405/Overview
82,SB400,primary,Senator Dina Neal,Democratic,person,https://www.leg.state.nv.us/App/Legislator/A/Senate/82nd2023/4
82,SB400,primary,Senator Edgar Flores,Democratic,person,https://www.leg.state.nv.us/App/Legislator/A/Senate/82nd2023/2
82,SB400,primary,Senator Fabian Doñate,Democratic,person,https://www.leg.state.nv.us/App/Legislator/A/Senate/82nd2023/10
82,SB400,primary,Assemblyman Reuben D'Silva,Democratic,person,https://www.leg.state.nv.us/App/Legislator/A/Assembly/82nd2023/28
82,SB412,primary,Senate Committee on Judiciary,,organization,https://www.leg.state.nv.us/App/NELIS/REL/82nd2023/Committee/409/Overview
82,SB419,primary,Senate Committee on Health and Human Services,,organization,https://www.leg.state.nv.us/App/NELIS/REL/82nd2023/Committee/403/Overview
82,SB426,primary,Senator Pat Spearman,Democratic,person,https://www.leg.state.nv.us/App/Legislator/A/Senate/82nd2023/1
82,SB426,primary,Assemblywoman Sarah Peters,Democratic,person,https://www.leg.state.nv.us/App/Legislator/A/Assembly/82nd2023/24
82,SB426,cosponsor,Senator Fabian Doñate,Democratic,person,https://www.leg.state.nv.us/App/Legislator/A/Senate/82nd2023/10
82,SB426,cosponsor,Assemblywoman Natha Anderson,Democratic,person,https://www.leg.state.nv.us/App/Legislator/A/Assembly/82nd2023/30
82,SB426,cosponsor,Assemblywoman Tracy Brown-May,Democratic,person,https://www.leg.state.nv.us/App/Legislator/A/Assembly/82nd2023/42
82,SB426,cosponsor,Assemblyman Reuben D'Silva,Democratic,person,https://www.leg.state.nv.us/App/Legislator/A/Assembly/82nd2023/28
82,SB426,cosponsor,Assemblywoman Bea Duran,Democratic,person,https://www.leg.state.nv.us/App/Legislator/A/Assembly/82nd2023/11
82,SB426,cosponsor,Assemblywoman Michelle Gorelow,Democratic,person,https://www.leg.state.nv.us/App/Legislator/A/Assembly/82nd2023/35
82,SB426,cosponsor,Assemblywoman Selena La Rue Hatch,Democratic,person,https://www.leg.state.nv.us/App/Legislator/A/Assembly/82nd2023/25
82,SB426,cosponsor,Assemblywoman Shondra Summers-Armstrong,Democratic,person,https://www.leg.state.nv.us/App/Legislator/A/Assembly/82nd2023/6
82,SB431,primary,Senate Committee on Government Affairs,,organization,https://www.leg.state.nv.us/App/NELIS/REL/82nd2023/Committee/389/Overview
82,SB450,primary,Senator Dina Neal,Democratic,person,https://www.leg.state.nv.us/App/Legislator/A/Senate/82nd2023/4
82,SB450,primary,Senator Edgar Flores,Democratic,person,https://www.leg.state.nv.us/App/Legislator/A/Senate/82nd2023/2
82,SB450,primary,Senator Fabian Doñate,Democratic,person,https://www.leg.state.nv.us/App/Legislator/A/Senate/82nd2023/10
82,SB450,cosponsor,Senator Ira Hansen,Republican,person,https://www.leg.state.nv.us/App/Legislator/A/Senate/82nd2023/14
82,SB450,cosponsor,Senator Pat Spearman,Democratic,person,https://www.leg.state.nv.us/App/Legislator/A/Senate/82nd2023/1
82,SB455,primary,Senate Committee on Finance,,organization,https://www.leg.state.nv.us/App/NELIS/REL/82nd2023/Committee/390/Overview
82,SB456,primary,Senate Committee on Finance,,organization,https://www.leg.state.nv.us/App/NELIS/REL/82nd2023/Committee/390/Overview
82,SB47,primary,Senate Committee on Education,,organization,https://www.leg.state.nv.us/App/NELIS/REL/82nd2023/Committee/407/Overview
82,SB508,primary,Senate Committee on Finance,,organization,https://www.leg.state.nv.us/App/NELIS/REL/82nd2023/Committee/390/Overview
82,SB509,primary,Senate Committee on Finance,,organization,https://www.leg.state.nv.us/App/NELIS/REL/82nd2023/Committee/390/Overview
82,SB68,primary,Senate Committee on Revenue and Economic Development,,organization,https://www.leg.state.nv.us/App/NELIS/REL/82nd2023/Committee/410/Overview
82,SB74,primary,Senator Robin Titus,Republican,person,https://www.leg.state.nv.us/App/Legislator/A/Senate/82nd2023/17
82,SB78,primary,Senator Fabian Doñate,Democratic,person,https://www.leg.state.nv.us/App/Legislator/A/Senate/82nd2023/10
82,SB78,primary,Assemblywoman Cecelia González,Democratic,person,https://www.leg.state.nv.us/App/Legislator/A/Assembly/82nd2023/16
82,SB78,primary,Assemblywoman Sarah Peters,Democratic,person,https://www.leg.state.nv.us/App/Legislator/A/Assembly/82nd2023/24
82,SB78,cosponsor,Assemblyman Howard Watts,Democratic,person,https://www.leg.state.nv.us/App/Legislator/A/Assembly/82nd2023/15
82,SB81,primary,Senator Skip Daly,Democratic,person,https://www.leg.state.nv.us/App/Legislator/A/Senate/82nd2023/13
82,SB82,primary,Senator Skip Daly,Democratic,person,https://www.leg.state.nv.us/App/Legislator/A/Senate/82nd2023/13
82,SB86,primary,Senator Heidi Seevers O'Gara,Republican,person,https://www.leg.state.nv.us/App/Legislator/A/Senate/82nd2023/15
82,SB9,primary,Senate Committee on Education,,organization,https://www.leg.state.nv.us/App/NELIS/REL/82nd2023/Committee/407/Overview
83,AB1,primary,Assembly Committee on Government Affairs,,organization,https://www.leg.state.nv.us/App/NELIS/REL/83rd2025/Committee/443/Overview
83,AB103,primary,Assemblymember PK O’Neill,Republican,person,https://www.leg.state.nv.us/App/Legislator/A/Assembly/83rd2025/40
83,AB103,cosponsor,Assemblymember Natha Anderson,Democratic,person,https://www.leg.state.nv.us/App/Legislator/A/Assembly/83rd2025/30
83,AB115,primary,Assemblymember Venise Karris,Democratic,person,https://www.leg.state.nv.us/App/Legislator/A/Assembly/83rd2025/10
83,AB121,primary,Assemblymember Venicia Considine,Democratic,person,https://www.leg.state.nv.us/App/Legislator/A/Assembly/83rd2025/18
83,AB131,primary,Assemblymember Jovan Jackson,Democratic,person,https://www.leg.state.nv.us/App/Legislator/A/Assembly/83rd2025/6
83,AB146,primary,Assemblymember Danielle Gallant,Republican,person,https://www.leg.state.nv.us/App/Legislator/A/Assembly/83rd2025/23
83,AB185,primary,Assemblymember Natha Anderson,Democratic,person,https://www.leg.state.nv.us/App/Legislator/A/Assembly/83rd2025/30
83,AB192,primary,Assemblymember Shea Backus,Democratic,person,https://www.leg.state.nv.us/App/Legislator/A/Assembly/83rd2025/37
83,AB20,primary,Assembly Committee on Growth and Infrastructure,,organization,https://www.leg.state.nv.us/App/NELIS/REL/83rd2025/Committee/453/Overview
83,AB201,primary,Assemblymember Erica Roth,Democratic,person,https://www.leg.state.nv.us/App/Legislator/A/Assembly/83rd2025/24
83,AB211,primary,Assemblymember Venicia Considine,Democratic,person,https://www.leg.state.nv.us/App/Legislator/A/Assembly/83rd2025/18
83,AB220,primary,Assemblymember Linda Hunt,Democratic,person,https://www.leg.state.nv.us/App/Legislator/A/Assembly/83rd2025/17
83,AB222,primary,Assemblymember Jovan Jackson,Democratic,person,https://www.leg.state.nv.us/App/Legislator/A/Assembly/83rd2025/6
83,AB223,primary,Assemblymember Venicia Considine,Democratic,person,https://www.leg.state.nv.us/App/Legislator/A/Assembly/83rd2025/18
83,AB223,cosponsor,Assemblymember Natha Anderson,Democratic,person,https://www.leg.state.nv.us/App/Legislator/A/Assembly/83rd2025/30
83,AB223,cosponsor,Assemblymember Venise Karris,Democratic,person,https://www.leg.state.nv.us/App/Legislator/A/Assembly/83rd2025/10
83,AB223,cosponsor,Assemblymember Erica Mosca,Democratic,person,https://www.leg.state.nv.us/App/Legislator/A/Assembly/83rd2025/14
83,AB223,cosponsor,Assemblymember Erica Roth,Democratic,person,https://www.leg.state.nv.us/App/Legislator/A/Assembly/83rd2025/24
83,AB223,cosponsor,Assemblymember Howard Watts,Democratic,person,https://www.leg.state.nv.us/App/Legislator/A/Assembly/83rd2025/15
83,AB225,primary,Assemblymember Duy Nguyen,Democratic,person,https://www.leg.state.nv.us/App/Legislator/A/Assembly/83rd2025/8
83,AB241,primary,Assemblymember Sandra Jauregui,Democratic,person,https://www.leg.state.nv.us/App/Legislator/A/Assembly/83rd2025/41
83,AB263,primary,Assemblymember Erica Mosca,Democratic,person,https://www.leg.state.nv.us/App/Legislator/A/Assembly/83rd2025/14
83,AB263,cosponsor,Assemblymember Max Carter,Democratic,person,https://www.leg.state.nv.us/App/Legislator/A/Assembly/83rd2025/12
83,AB263,cosponsor,Assemblymember Venicia Considine,Democratic,person,https://www.leg.state.nv.us/App/Legislator/A/Assembly/83rd2025/18
83,AB263,cosponsor,Assemblymember Reuben D'Silva,Democratic,person,https://www.leg.state.nv.us/App/Legislator/A/Assembly/83rd2025/28
83,AB263,cosponsor,Assemblymember Rebecca Edgeworth,Republican,person,https://www.leg.state.nv.us/App/Legislator/A/Assembly/83rd2025/35
83,AB263,cosponsor,Assemblymember Tanya Flanagan,Democratic,person,https://www.leg.state.nv.us/App/Legislator/A/Assembly/83rd2025/7
83,AB263,cosponsor,Assemblymember Linda Hunt,Democratic,person,https://www.leg.state.nv.us/App/Legislator/A/Assembly/83rd2025/17
83,AB263,cosponsor,Assemblymember Jovan Jackson,Democratic,person,https://www.leg.state.nv.us/App/Legislator/A/Assembly/83rd2025/6
83,AB263,cosponsor,Assemblymember Heidi Kasama,Republican,person,https://www.leg.state.nv.us/App/Legislator/A/Assembly/83rd2025/2
83,AB263,cosponsor,Assemblymember Duy Nguyen,Democratic,person,https://www.leg.state.nv.us/App/Legislator/A/Assembly/83rd2025/8
83,AB269,primary,Assemblymember Reuben D'Silva,Democratic,person,https://www.leg.state.nv.us/App/Legislator/A/Assembly/83rd2025/28
83,AB280,primary,Assemblymember Sandra Jauregui,Democratic,person,https://www.leg.state.nv.us/App/Legislator/A/Assembly/83rd2025/41
83,AB283,primary,Assemblymember Max Carter,Democratic,person,https://www.leg.state.nv.us/App/Legislator/A/Assembly/83rd2025/12
83,AB301,primary,Assemblymember Heather Goulding,Democratic,person,https://www.leg.state.nv.us/App/Legislator/A/Assembly/83rd2025/27
83,AB301,cosponsor,Assemblymember Selena La Rue Hatch,Democratic,person,https://www.leg.state.nv.us/App/Legislator/A/Assembly/83rd2025/25
83,AB317,primary,Assemblymember Venise Karris,Democratic,person,https://www.leg.state.nv.us/App/Legislator/A/Assembly/83rd2025/10
83,AB321,primary,Assemblymember Jovan Jackson,Democratic,person,https://www.leg.state.nv.us/App/Legislator/A/Assembly/83rd2025/6
83,AB321,primary,Assemblymember Reuben D'Silva,Democratic,person,https://www.leg.state.nv.us/App/Legislator/A/Assembly/83rd2025/28
83,AB321,primary,Assemblymember Cecelia González,Democratic,person,https://www.leg.state.nv.us/App/Legislator/A/Assembly/83rd2025/16
83,AB321,primary,Assemblymember PK O’Neill,Republican,person,https://www.leg.state.nv.us/App/Legislator/A/Assembly/83rd2025/40
83,AB321,cosponsor,Assemblymember Joe Dalia,Democratic,person,https://www.leg.state.nv.us/App/Legislator/A/Assembly/83rd2025/29
83,AB321,cosponsor,Assemblymember Hanadi Nadeem,Democratic,person,https://www.leg.state.nv.us/App/Legislator/A/Assembly/83rd2025/34
83,AB321,cosponsor,Assemblymember David Orentlicher,Democratic,person,https://www.leg.state.nv.us/App/Legislator/A/Assembly/83rd2025/20
83,AB321,cosponsor,Assemblymember Erica Roth,Democratic,person,https://www.leg.state.nv.us/App/Legislator/A/Assembly/83rd2025/24
83,AB322,primary,Assembly Committee on Judiciary,,organization,https://www.leg.state.nv.us/App/NELIS/REL/83rd2025/Committee/447/Overview
83,AB324,primary,Assemblymember David Orentlicher,Democratic,person,https://www.leg.state.nv.us/App/Legislator/A/Assembly/83rd2025/20
83,AB333,primary,Assemblymember Ken Gray,Republican,person,https://www.leg.state.nv.us/App/Legislator/A/Assembly/83rd2025/39
83,AB333,primary,Assemblymember Alexis Hansen,Republican,person,https://www.leg.state.nv.us/App/Legislator/A/Assembly/83rd2025/32
83,AB333,primary,Assemblymember Erica Roth,Democratic,person,https://www.leg.state.nv.us/App/Legislator/A/Assembly/83rd2025/24
83,AB333,primary,Assemblymember Natha Anderson,Democratic,person,https://www.leg.state.nv.us/App/Legislator/A/Assembly/83rd2025/30
83,AB333,primary,Assemblymember Rich DeLong,Republican,person,https://www.leg.state.nv.us/App/Legislator/A/Assembly/83rd2025/26
83,AB333,primary,Senator Angela Taylor,Democratic,person,https://www.leg.state.nv.us/App/Legislator/A/Senate/83rd2025/15
83,AB333,primary,Senator Skip Daly,Democratic,person,https://www.leg.state.nv.us/App/Legislator/A/Senate/83rd2025/13
83,AB333,cosponsor,Assemblymember Jill Dickman,Republican,person,https://www.leg.state.nv.us/App/Legislator/A/Assembly/83rd2025/31
83,AB333,cosponsor,Assemblymember Heather Goulding,Democratic,person,https://www.leg.state.nv.us/App/Legislator/A/Assembly/83rd2025/27
83,AB333,cosponsor,Assemblymember Selena La Rue Hatch,Democratic,person,https://www.leg.state.nv.us/App/Legislator/A/Assembly/83rd2025/25
83,AB333,cosponsor,Assemblymember PK O’Neill,Republican,person,https://www.leg.state.nv.us/App/Legislator/A/Assembly/83rd2025/40
83,AB333,cosponsor,Senator Ira Hansen,Republican,person,https://www.leg.state.nv.us/App/Legislator/A/Senate/83rd2025/14
83,AB341,primary,Assembly Committee on Health and Human Services,,organization,https://www.leg.state.nv.us/App/NELIS/REL/83rd2025/Committee/433/Overview
83,AB344,primary,Assemblymember Elaine Marzola,Democratic,person,https://www.leg.state.nv.us/App/Legislator/A/Assembly/83rd2025/21
83,AB352,primary,Assemblymember Natha Anderson,Democratic,person,https://www.leg.state.nv.us/App/Legislator/A/Assembly/83rd2025/30
83,AB366,primary,Assemblymember Daniele Monroe-Moreno,Democratic,person,https://www.leg.state.nv.us/App/Legislator/A/Assembly/83rd2025/1
83,AB37,primary,Assembly Committee on Government Affairs,,organization,https://www.leg.state.nv.us/App/NELIS/REL/83rd2025/Committee/443/Overview
83,AB38,primary,Assembly Committee on Commerce and Labor,,organization,https://www.leg.state.nv.us/App/NELIS/REL/83rd2025/Committee/448/Overview
83,AB385,primary,Assemblymember Lisa Cole,Republican,person,https://www.leg.state.nv.us/App/Legislator/A/Assembly/83rd2025/4
83,AB396,primary,Assemblymember Shea Backus,Democratic,person,https://www.leg.state.nv.us/App/Legislator/A/Assembly/83rd2025/37
83,AB397,primary,Assemblymember Howard Watts,Democratic,person,https://www.leg.state.nv.us/App/Legislator/A/Assembly/83rd2025/15
83,AB397,primary,Senator Angela Taylor,Democratic,person,https://www.leg.state.nv.us/App/Legislator/A/Senate/83rd2025/15
83,AB413,primary,Assemblymember Duy Nguyen,Democratic,person,https://www.leg.state.nv.us/App/Legislator/A/Assembly/83rd2025/8
83,AB423,primary,Assemblymember Lisa Cole,Republican,person,https://www.leg.state.nv.us/App/Legislator/A/Assembly/83rd2025/4
83,AB423,primary,Assemblymember Heidi Kasama,Republican,person,https://www.leg.state.nv.us/App/Legislator/A/Assembly/83rd2025/2
83,AB423,cosponsor,Assemblymember Rich DeLong,Republican,person,https://www.leg.state.nv.us/App/Legislator/A/Assembly/83rd2025/26
83,AB423,cosponsor,Assemblymember Bert Gurr,Republican,person,https://www.leg.state.nv.us/App/Legislator/A/Assembly/83rd2025/33
83,AB423,cosponsor,Assemblymember Gregory Hafen,Republican,person,https://www.leg.state.nv.us/App/Legislator/A/Assembly/83rd2025/36
83,AB423,cosponsor,Assemblymember Alexis Hansen,Republican,person,https://www.leg.state.nv.us/App/Legislator/A/Assembly/83rd2025/32
83,AB423,cosponsor,Assemblymember Brian Hibbetts,Republican,person,https://www.leg.state.nv.us/App/Legislator/A/Assembly/83rd2025/13
83,AB424,primary,Assemblymember Shea Backus,Democratic,person,https://www.leg.state.nv.us/App/Legislator/A/Assembly/83rd2025/37
83,AB443,primary,Assemblymember Danielle Gallant,Republican,person,https://www.leg.state.nv.us/App/Legislator/A/Assembly/83rd2025/23
83,AB444,primary,Assemblymember Gregory Hafen,Republican,person,https://www.leg.state.nv.us/App/Legislator/A/Assembly/83rd2025/36
83,AB444,primary,Senator Dina Neal,Democratic,person,https://www.leg.state.nv.us/App/Legislator/A/Senate/83rd2025/4
83,AB447,primary,Assemblymember Melissa Hardy,Republican,person,https://www.leg.state.nv.us/App/Legislator/A/Assembly/83rd2025/22
83,AB447,cosponsor,Assemblymember Duy Nguyen,Democratic,person,https://www.leg.state.nv.us/App/Legislator/A/Assembly/83rd2025/8
83,AB453,primary,Assemblymember Natha Anderson,Democratic,person,https://www.leg.state.nv.us/App/Legislator/A/Assembly/83rd2025/30
83,AB453,primary,Assemblymember Venicia Considine,Democratic,person,https://www.leg.state.nv.us/App/Legislator/A/Assembly/83rd2025/18
83,AB457,primary,Assemblymember Venicia Considine,Democratic,person,https://www.leg.state.nv.us/App/Legislator/A/Assembly/83rd2025/18
83,AB458,primary,Assemblymember Howard Watts,Democratic,person,https://www.leg.state.nv.us/App/Legislator/A/Assembly/83rd2025/15
83,AB460,primary,Assemblymember Cecelia González,Democratic,person,https://www.leg.state.nv.us/App/Legislator/A/Assembly/83rd2025/16
83,AB460,primary,Senator Fabian Doñate,Democratic,person,https://www.leg.state.nv.us/App/Legislator/A/Senate/83rd2025/10
83,AB475,primary,Assembly Committee on Ways and Means,,organization,https://www.leg.state.nv.us/App/NELIS/REL/83rd2025/Committee/452/Overview
83,AB48,primary,Assembly Committee on Education,,organization,https://www.leg.state.nv.us/App/NELIS/REL/83rd2025/Committee/436/Overview
83,AB480,primary,Assemblymember Steve Yeager,Democratic,person,https://www.leg.state.nv.us/App/Legislator/A/Assembly/83rd2025/9
83,AB480,primary,Assemblymember Daniele Monroe-Moreno,Democratic,person,https://www.leg.state.nv.us/App/Legislator/A/Assembly/83rd2025/1
83,AB480,primary,Assemblymember Sandra Jauregui,Democratic,person,https://www.leg.state.nv.us/App/Legislator/A/Assembly/83rd2025/41
83,AB480,primary,Assemblymember Venicia Considine,Democratic,person,https://www.leg.state.nv.us/App/Legislator/A/Assembly/83rd2025/18
83,AB480,cosponsor,Assemblymember Tracy Brown-May,Democratic,person,https://www.leg.state.nv.us/App/Legislator/A/Assembly/83rd2025/42
83,AB480,cosponsor,Assemblymember Joe Dalia,Democratic,person,https://www.leg.state.nv.us/App/Legislator/A/Assembly/83rd2025/29
83,AB480,cosponsor,Assemblymember Cecelia González,Democratic,person,https://www.leg.state.nv.us/App/Legislator/A/Assembly/83rd2025/16
83,AB480,cosponsor,Assemblymember Selena La Rue Hatch,Democratic,person,https://www.leg.state.nv.us/App/Legislator/A/Assembly/83rd2025/25
83,AB480,cosponsor,Assemblymember Elaine Marzola,Democratic,person,https://www.leg.state.nv.us/App/Legislator/A/Assembly/83rd2025/21
83,AB480,cosponsor,Assemblymember Brittney Miller,Democratic,person,https://www.leg.state.nv.us/App/Legislator/A/Assembly/83rd2025/5
83,AB480,cosponsor,Assemblymember Cinthia Zermeño Moore,Democratic,person,https://www.leg.state.nv.us/App/Legislator/A/Assembly/83rd2025/11
83,AB480,cosponsor,Assemblymember Hanadi Nadeem,Democratic,person,https://www.leg.state.nv.us/App/Legislator/A/Assembly/83rd2025/34
83,AB480,cosponsor,Assemblymember David Orentlicher,Democratic,person,https://www.leg.state.nv.us/App/Legislator/A/Assembly/83rd2025/20
83,AB480,cosponsor,Assemblymember Erica Roth,Democratic,person,https://www.leg.state.nv.us/App/Legislator/A/Assembly/83rd2025/24
83,AB480,cosponsor,Senator Nicole Cannizzaro,Democratic,person,https://www.leg.state.nv.us/App/Legislator/A/Senate/83rd2025/6
83,AB480,cosponsor,Senator Marilyn Dondero Loop,Democratic,person,https://www.leg.state.nv.us/App/Legislator/A/Senate/83rd2025/8
83,AB480,cosponsor,Senator Rochelle Nguyen,Democratic,person,https://www.leg.state.nv.us/App/Legislator/A/Senate/83rd2025/3
83,AB491,primary,Assembly Committee on Legislative Operations and Elections,,organization,https://www.leg.state.nv.us/App/NELIS/REL/83rd2025/Committee/450/Overview
83,AB492,primary,Assembly Committee on Growth and Infrastructure,,organization,https://www.leg.state.nv.us/App/NELIS/REL/83rd2025/Committee/453/Overview
83,AB493,primary,Assembly Committee on Growth and Infrastructure,,organization,https://www.leg.state.nv.us/App/NELIS/REL/83rd2025/Committee/453/Overview
83,AB502,primary,Assembly Committee on Government Affairs,,organization,https://www.leg.state.nv.us/App/NELIS/REL/83rd2025/Committee/443/Overview
83,AB520,primary,Assembly Committee on Health and Human Services,,organization,https://www.leg.state.nv.us/App/NELIS/REL/83rd2025/Committee/433/Overview
83,AB528,primary,Assembly Committee on Growth and Infrastructure,,organization,https://www.leg.state.nv.us/App/NELIS/REL/83rd2025/Committee/453/Overview
83,AB540,primary,Assembly Committee on Government Affairs,,organization,https://www.leg.state.nv.us/App/NELIS/REL/83rd2025/Committee/443/Overview
83,AB543,primary,Assembly Committee on Ways and Means,,organization,https://www.leg.state.nv.us/App/NELIS/REL/83rd2025/Committee/452/Overview
83,AB62,primary,Assembly Committee on Revenue,,organization,https://www.leg.state.nv.us/App/NELIS/REL/83rd2025/Committee/445/Overview
83,AB68,primary,Assembly Committee on Commerce and Labor,,organization,https://www.leg.state.nv.us/App/NELIS/REL/83rd2025/Committee/448/Overview
83,AB74,primary,Assembly Committee on Commerce and Labor,,organization,https://www.leg.state.nv.us/App/NELIS/REL/83rd2025/Committee/448/Overview
83,AB96,primary,Assembly Committee on Government Affairs,,organization,https://www.leg.state.nv.us/App/NELIS/REL/83rd2025/Committee/443/Overview
83,AJR10,primary,Assemblymember Sandra Jauregui,Democratic,person,https://www.leg.state.nv.us/App/Legislator/A/Assembly/83rd2025/41
83,SB10,primary,Senate Committee on Natural Resources,,organization,https://www.leg.state.nv.us/App/NELIS/REL/83rd2025/Committee/439/Overview
83,SB105,primary,Senator Carrie Ann Buck,Republican,person,https://www.leg.state.nv.us/App/Legislator/A/Senate/83rd2025/5
83,SB107,primary,Senator Dina Neal,Democratic,person,https://www.leg.state.nv.us/App/Legislator/A/Senate/83rd2025/4
83,SB114,primary,Senator Julie Pazina,Democratic,person,https://www.leg.state.nv.us/App/Legislator/A/Senate/83rd2025/12
83,SB114,primary,Assemblymember PK O’Neill,Republican,person,https://www.leg.state.nv.us/App/Legislator/A/Assembly/83rd2025/40
83,SB114,cosponsor,"Senator Michelee ""Shelly"" Cruz-Crawford",Democratic,person,https://www.leg.state.nv.us/App/Legislator/A/Senate/83rd2025/1
83,SB114,cosponsor,Senator Skip Daly,Democratic,person,https://www.leg.state.nv.us/App/Legislator/A/Senate/83rd2025/13
83,SB114,cosponsor,Senator Fabian Doñate,Democratic,person,https://www.leg.state.nv.us/App/Legislator/A/Senate/83rd2025/10
83,SB114,cosponsor,Senator Edgar Flores,Democratic,person,https://www.leg.state.nv.us/App/Legislator/A/Senate/83rd2025/2
83,SB114,cosponsor,Senator Lisa Krasner,Republican,person,https://www.leg.state.nv.us/App/Legislator/A/Senate/83rd2025/16
83,SB114,cosponsor,Senator Rochelle Nguyen,Democratic,person,https://www.leg.state.nv.us/App/Legislator/A/Senate/83rd2025/3
83,SB114,cosponsor,Senator James Ohrenschall,Democratic,person,https://www.leg.state.nv.us/App/Legislator/A/Senate/83rd2025/21
83,SB114,cosponsor,Senator Melanie Scheible,Democratic,person,https://www.leg.state.nv.us/App/Legislator/A/Senate/83rd2025/9
83,SB114,cosponsor,Senator John Steinbeck,Republican,person,https://www.leg.state.nv.us/App/Legislator/A/Senate/83rd2025/18
83,SB114,cosponsor,Senator Jeff Stone,Republican,person,https://www.leg.state.nv.us/App/Legislator/A/Senate/83rd2025/20
83,SB114,cosponsor,Senator Angela Taylor,Democratic,person,https://www.leg.state.nv.us/App/Legislator/A/Senate/83rd2025/15
83,SB123,primary,Senator John Ellison,Republican,person,https://www.leg.state.nv.us/App/Legislator/A/Senate/83rd2025/19
83,SB138,primary,Senator Nicole Cannizzaro,Democratic,person,https://www.leg.state.nv.us/App/Legislator/A/Senate/83rd2025/6
83,SB138,cosponsor,Assemblymember Tracy Brown-May,Democratic,person,https://www.leg.state.nv.us/App/Legislator/A/Assembly/83rd2025/42
83,SB138,cosponsor,Assemblymember Cecelia González,Democratic,person,https://www.leg.state.nv.us/App/Legislator/A/Assembly/83rd2025/16
83,SB138,cosponsor,Assemblymember Ken Gray,Republican,person,https://www.leg.state.nv.us/App/Legislator/A/Assembly/83rd2025/39
83,SB138,cosponsor,Assemblymember Hanadi Nadeem,Democratic,person,https://www.leg.state.nv.us/App/Legislator/A/Assembly/83rd2025/34
83,SB138,cosponsor,Assemblymember Duy Nguyen,Democratic,person,https://www.leg.state.nv.us/App/Legislator/A/Assembly/83rd2025/8
83,SB138,cosponsor,Assemblymember David Orentlicher,Democratic,person,https://www.leg.state.nv.us/App/Legislator/A/Assembly/83rd2025/20
83,SB147,primary,Senator Marilyn Dondero Loop,Democratic,person,https://www.leg.state.nv.us/App/Legislator/A/Senate/83rd2025/8
83,SB15,primary,Senate Committee on Government Affairs,,organization,https://www.leg.state.nv.us/App/NELIS/REL/83rd2025/Committee/434/Overview
83,SB151,primary,Senator Angela Taylor,Democratic,person,https://www.leg.state.nv.us/App/Legislator/A/Senate/83rd2025/15
83,SB160,primary,Senator Dina Neal,Democratic,person,https://www.leg.state.nv.us/App/Legislator/A/Senate/83rd2025/4
83,SB166,primary,Senator Melanie Scheible,Democratic,person,https://www.leg.state.nv.us/App/Legislator/A/Senate/83rd2025/9
83,SB172,primary,Senator Edgar Flores,Democratic,person,https://www.leg.state.nv.us/App/Legislator/A/Senate/83rd2025/2
83,SB177,primary,Senator James Ohrenschall,Democratic,person,https://www.leg.state.nv.us/App/Legislator/A/Senate/83rd2025/21
83,SB179,primary,Senator James Ohrenschall,Democratic,person,https://www.leg.state.nv.us/App/Legislator/A/Senate/83rd2025/21
83,SB179,primary,Senator Carrie Ann Buck,Republican,person,https://www.leg.state.nv.us/App/Legislator/A/Senate/83rd2025/5
83,SB179,primary,Senator Jeff Stone,Republican,person,https://www.leg.state.nv.us/App/Legislator/A/Senate/83rd2025/20
83,SB179,primary,Senator Lisa Krasner,Republican,person,https://www.leg.state.nv.us/App/Legislator/A/Senate/83rd2025/16
83,SB179,primary,Senator Nicole Cannizzaro,Democratic,person,https://www.leg.state.nv.us/App/Legislator/A/Senate/83rd2025/6
83,SB179,cosponsor,Senator Skip Daly,Democratic,person,https://www.leg.state.nv.us/App/Legislator/A/Senate/83rd2025/13
83,SB179,cosponsor,Senator John Ellison,Republican,person,https://www.leg.state.nv.us/App/Legislator/A/Senate/83rd2025/19
83,SB179,cosponsor,Senator Edgar Flores,Democratic,person,https://www.leg.state.nv.us/App/Legislator/A/Senate/83rd2025/2
83,SB179,cosponsor,Senator Dina Neal,Democratic,person,https://www.leg.state.nv.us/App/Legislator/A/Senate/83rd2025/4
83,SB179,cosponsor,Senator Julie Pazina,Democratic,person,https://www.leg.state.nv.us/App/Legislator/A/Senate/83rd2025/12
83,SB179,cosponsor,Senator Lori Rogich,Republican,person,https://www.leg.state.nv.us/App/Legislator/A/Senate/83rd2025/11
83,SB193,primary,Senator Fabian Doñate,Democratic,person,https://www.leg.state.nv.us/App/Legislator/A/Senate/83rd2025/10
83,SB193,primary,Senator Dina Neal,Democratic,person,https://www.leg.state.nv.us/App/Legislator/A/Senate/83rd2025/4
83,SB193,primary,Senator Melanie Scheible,Democratic,person,https://www.leg.state.nv.us/App/Legislator/A/Senate/83rd2025/9
83,SB193,primary,Senator Nicole Cannizzaro,Democratic,person,https://www.leg.state.nv.us/App/Legislator/A/Senate/83rd2025/6
83,SB193,primary,Senator James Ohrenschall,Democratic,person,https://www.leg.state.nv.us/App/Legislator/A/Senate/83rd2025/21
83,SB193,cosponsor,"Senator Michelee ""Shelly"" Cruz-Crawford",Democratic,person,https://www.leg.state.nv.us/App/Legislator/A/Senate/83rd2025/1
83,SB193,cosponsor,Senator Skip Daly,Democratic,person,https://www.leg.state.nv.us/App/Legislator/A/Senate/83rd2025/13
83,SB193,cosponsor,Senator Marilyn Dondero Loop,Democratic,person,https://www.leg.state.nv.us/App/Legislator/A/Senate/83rd2025/8
83,SB193,cosponsor,Senator Edgar Flores,Democratic,person,https://www.leg.state.nv.us/App/Legislator/A/Senate/83rd2025/2
83,SB193,cosponsor,Senator Roberta Lange,Democratic,person,https://www.leg.state.nv.us/App/Legislator/A/Senate/83rd2025/7
83,SB193,cosponsor,Senator Rochelle Nguyen,Democratic,person,https://www.leg.state.nv.us/App/Legislator/A/Senate/83rd2025/3
83,SB193,cosponsor,Senator Julie Pazina,Democratic,person,https://www.leg.state.nv.us/App/Legislator/A/Senate/83rd2025/12
83,SB193,cosponsor,Senator Angela Taylor,Democratic,person,https://www.leg.state.nv.us/App/Legislator/A/Senate/83rd2025/15
83,SB194,primary,Senator Melanie Scheible,Democratic,person,https://www.leg.state.nv.us/App/Legislator/A/Senate/83rd2025/9
83,SB196,primary,Senator Nicole Cannizzaro,Democratic,person,https://www.leg.state.nv.us/App/Legislator/A/Senate/83rd2025/6
83,SB199,primary,Senator Dina Neal,Democratic,person,https://www.leg.state.nv.us/App/Legislator/A/Senate/83rd2025/4
83,SB201,primary,Senator Julie Pazina,Democratic,person,https://www.leg.state.nv.us/App/Legislator/A/Senate/83rd2025/12
83,SB201,primary,Senator Dina Neal,Democratic,person,https://www.leg.state.nv.us/App/Legislator/A/Senate/83rd2025/4
83,SB201,primary,Senator Edgar Flores,Democratic,person,https://www.leg.state.nv.us/App/Legislator/A/Senate/83rd2025/2
83,SB201,primary,Senator Melanie Scheible,Democratic,person,https://www.leg.state.nv.us/App/Legislator/A/Senate/83rd2025/9
83,SB201,primary,Senator Lisa Krasner,Republican,person,https://www.leg.state.nv.us/App/Legislator/A/Senate/83rd2025/16
83,SB201,primary,Assemblymember Erica Roth,Democratic,person,https://www.leg.state.nv.us/App/Legislator/A/Assembly/83rd2025/24
83,SB201,primary,Assemblymember Duy Nguyen,Democratic,person,https://www.leg.state.nv.us/App/Legislator/A/Assembly/83rd2025/8
83,SB201,cosponsor,Senator Nicole Cannizzaro,Democratic,person,https://www.leg.state.nv.us/App/Legislator/A/Senate/83rd2025/6
83,SB201,cosponsor,"Senator Michelee ""Shelly"" Cruz-Crawford",Democratic,person,https://www.leg.state.nv.us/App/Legislator/A/Senate/83rd2025/1
83,SB201,cosponsor,Senator Skip Daly,Democratic,person,https://www.leg.state.nv.us/App/Legislator/A/Senate/83rd2025/13
83,SB201,cosponsor,Senator Fabian Doñate,Democratic,person,https://www.leg.state.nv.us/App/Legislator/A/Senate/83rd2025/10
83,SB201,cosponsor,Senator Marilyn Dondero Loop,Democratic,person,https://www.leg.state.nv.us/App/Legislator/A/Senate/83rd2025/8
83,SB201,cosponsor,Senator John Ellison,Republican,person,https://www.leg.state.nv.us/App/Legislator/A/Senate/83rd2025/19
83,SB201,cosponsor,Senator Roberta Lange,Democratic,person,https://www.leg.state.nv.us/App/Legislator/A/Senate/83rd2025/7
83,SB201,cosponsor,Senator Rochelle Nguyen,Democratic,person,https://www.leg.state.nv.us/App/Legislator/A/Senate/83rd2025/3
83,SB201,cosponsor,Senator James Ohrenschall,Democratic,person,https://www.leg.state.nv.us/App/Legislator/A/Senate/83rd2025/21
83,SB201,cosponsor,Senator Lori Rogich,Republican,person,https://www.leg.state.nv.us/App/Legislator/A/Senate/83rd2025/11
83,SB201,cosponsor,Senator John Steinbeck,Republican,person,https://www.leg.state.nv.us/App/Legislator/A/Senate/83rd2025/18
83,SB201,cosponsor,Senator Jeff Stone,Republican,person,https://www.leg.state.nv.us/App/Legislator/A/Senate/83rd2025/20
83,SB201,cosponsor,Senator Angela Taylor,Democratic,person,https://www.leg.state.nv.us/App/Legislator/A/Senate/83rd2025/15
83,SB201,cosponsor,Assemblymember Danielle Gallant,Republican,person,https://www.leg.state.nv.us/App/Legislator/A/Assembly/83rd2025/23
83,SB202,primary,Senator John Ellison,Republican,person,https://www.leg.state.nv.us/App/Legislator/A/Senate/83rd2025/19
83,SB202,primary,Senator Jeff Stone,Republican,person,https://www.leg.state.nv.us/App/Legislator/A/Senate/83rd2025/20
83,SB202,cosponsor,Senator John Steinbeck,Republican,person,https://www.leg.state.nv.us/App/Legislator/A/Senate/83rd2025/18
83,SB210,primary,Senator Jeff Stone,Republican,person,https://www.leg.state.nv.us/App/Legislator/A/Senate/83rd2025/20
83,SB210,primary,Senator James Ohrenschall,Democratic,person,https://www.leg.state.nv.us/App/Legislator/A/Senate/83rd2025/21
83,SB236,primary,Senator Jeff Stone,Republican,person,https://www.leg.state.nv.us/App/Legislator/A/Senate/83rd2025/20
83,SB236,primary,Senator John Ellison,Republican,person,https://www.leg.state.nv.us/App/Legislator/A/Senate/83rd2025/19
83,SB236,primary,Senator Lisa Krasner,Republican,person,https://www.leg.state.nv.us/App/Legislator/A/Senate/83rd2025/16
83,SB236,primary,Senator Carrie Ann Buck,Republican,person,https://www.leg.state.nv.us/App/Legislator/A/Senate/83rd2025/5
83,SB253,primary,Senator Carrie Ann Buck,Republican,person,https://www.leg.state.nv.us/App/Legislator/A/Senate/83rd2025/5
83,SB259,primary,Senator Dina Neal,Democratic,person,https://www.leg.state.nv.us/App/Legislator/A/Senate/83rd2025/4
83,SB261,primary,Senator Fabian Doñate,Democratic,person,https://www.leg.state.nv.us/App/Legislator/A/Senate/83rd2025/10
83,SB261,primary,Senator Lisa Krasner,Republican,person,https://www.leg.state.nv.us/App/Legislator/A/Senate/83rd2025/16
83,SB261,primary,Senator Jeff Stone,Republican,person,https://www.leg.state.nv.us/App/Legislator/A/Senate/83rd2025/20
83,SB261,primary,Senator Ira Hansen,Republican,person,https://www.leg.state.nv.us/App/Legislator/A/Senate/83rd2025/14
83,SB261,primary,Assemblymember Danielle Gallant,Republican,person,https://www.leg.state.nv.us/App/Legislator/A/Assembly/83rd2025/23
83,SB261,cosponsor,Senator Skip Daly,Democratic,person,https://www.leg.state.nv.us/App/Legislator/A/Senate/83rd2025/13
83,SB261,cosponsor,Senator Rochelle Nguyen,Democratic,person,https://www.leg.state.nv.us/App/Legislator/A/Senate/83rd2025/3
83,SB266,primary,Senator Angela Taylor,Democratic,person,https://www.leg.state.nv.us/App/Legislator/A/Senate/83rd2025/15
83,SB266,primary,"Senator Michelee ""Shelly"" Cruz-Crawford",Democratic,person,https://www.leg.state.nv.us/App/Legislator/A/Senate/83rd2025/1
83,SB266,cosponsor,Senator Nicole Cannizzaro,Democratic,person,https://www.leg.state.nv.us/App/Legislator/A/Senate/83rd2025/6
83,SB266,cosponsor,Senator Skip Daly,Democratic,person,https://www.leg.state.nv.us/App/Legislator/A/Senate/83rd2025/13
83,SB266,cosponsor,Senator Fabian Doñate,Democratic,person,https://www.leg.state.nv.us/App/Legislator/A/Senate/83rd2025/10
83,SB266,cosponsor,Senator Marilyn Dondero Loop,Democratic,person,https://www.leg.state.nv.us/App/Legislator/A/Senate/83rd2025/8
83,SB266,cosponsor,Senator Edgar Flores,Democratic,person,https://www.leg.state.nv.us/App/Legislator/A/Senate/83rd2025/2
83,SB266,cosponsor,Senator James Ohrenschall,Democratic,person,https://www.leg.state.nv.us/App/Legislator/A/Senate/83rd2025/21
83,SB266,cosponsor,Senator Julie Pazina,Democratic,person,https://www.leg.state.nv.us/App/Legislator/A/Senate/83rd2025/12
83,SB266,cosponsor,Senator Melanie Scheible,Democratic,person,https://www.leg.state.nv.us/App/Legislator/A/Senate/83rd2025/9
83,SB270,primary,Senator Rochelle Nguyen,Democratic,person,https://www.leg.state.nv.us/App/Legislator/A/Senate/83rd2025/3
83,SB271,primary,Senator Robin Titus,Republican,person,https://www.leg.state.nv.us/App/Legislator/A/Senate/83rd2025/17
83,SB271,primary,Assemblymember Sandra Jauregui,Democratic,person,https://www.leg.state.nv.us/App/Legislator/A/Assembly/83rd2025/41
83,SB275,primary,Senator Nicole Cannizzaro,Democratic,person,https://www.leg.state.nv.us/App/Legislator/A/Senate/83rd2025/6
83,SB28,primary,Senate Committee on Government Affairs,,organization,https://www.leg.state.nv.us/App/NELIS/REL/83rd2025/Committee/434/Overview
83,SB283,primary,Senator Nicole Cannizzaro,Democratic,person,https://www.leg.state.nv.us/App/Legislator/A/Senate/83rd2025/6
83,SB283,primary,Senator Melanie Scheible,Democratic,person,https://www.leg.state.nv.us/App/Legislator/A/Senate/83rd2025/9
83,SB283,primary,Senator Julie Pazina,Democratic,person,https://www.leg.state.nv.us/App/Legislator/A/Senate/83rd2025/12
83,SB283,primary,Senator Edgar Flores,Democratic,person,https://www.leg.state.nv.us/App/Legislator/A/Senate/83rd2025/2
83,SB283,primary,Senator Marilyn Dondero Loop,Democratic,person,https://www.leg.state.nv.us/App/Legislator/A/Senate/83rd2025/8
83,SB283,cosponsor,"Senator Michelee ""Shelly"" Cruz-Crawford",Democratic,person,https://www.leg.state.nv.us/App/Legislator/A/Senate/83rd2025/1
83,SB283,cosponsor,Senator Skip Daly,Democratic,person,https://www.leg.state.nv.us/App/Legislator/A/Senate/83rd2025/13
83,SB283,cosponsor,Senator Fabian Doñate,Democratic,person,https://www.leg.state.nv.us/App/Legislator/A/Senate/83rd2025/10
83,SB283,cosponsor,Senator Rochelle Nguyen,Democratic,person,https://www.leg.state.nv.us/App/Legislator/A/Senate/83rd2025/3
83,SB283,cosponsor,Senator James Ohrenschall,Democratic,person,https://www.leg.state.nv.us/App/Legislator/A/Senate/83rd2025/21
83,SB283,cosponsor,Senator Angela Taylor,Democratic,person,https://www.leg.state.nv.us/App/Legislator/A/Senate/83rd2025/15
83,SB285,primary,Senator Skip Daly,Democratic,person,https://www.leg.state.nv.us/App/Legislator/A/Senate/83rd2025/13
83,SB286,primary,Senate Committee on Natural Resources,,organization,https://www.leg.state.nv.us/App/NELIS/REL/83rd2025/Committee/439/Overview
83,SB288,primary,Senate Committee on Commerce and Labor,,organization,https://www.leg.state.nv.us/App/NELIS/REL/83rd2025/Committee/440/Overview
83,SB289,primary,Senate Committee on Government Affairs,,organization,https://www.leg.state.nv.us/App/NELIS/REL/83rd2025/Committee/434/Overview
83,SB295,primary,Senator Fabian Doñate,Democratic,person,https://www.leg.state.nv.us/App/Legislator/A/Senate/83rd2025/10
83,SB295,primary,Senator Edgar Flores,Democratic,person,https://www.leg.state.nv.us/App/Legislator/A/Senate/83rd2025/2
83,SB295,primary,Assemblymember Cecelia González,Democratic,person,https://www.leg.state.nv.us/App/Legislator/A/Assembly/83rd2025/16
83,SB295,primary,Assemblymember Cinthia Zermeño Moore,Democratic,person,https://www.leg.state.nv.us/App/Legislator/A/Assembly/83rd2025/11
83,SB295,primary,Assemblymember Reuben D'Silva,Democratic,person,https://www.leg.state.nv.us/App/Legislator/A/Assembly/83rd2025/28
83,SB306,primary,"Senator Michelee ""Shelly"" Cruz-Crawford",Democratic,person,https://www.leg.state.nv.us/App/Legislator/A/Senate/83rd2025/1
83,SB306,primary,Assemblymember Erica Mosca,Democratic,person,https://www.leg.state.nv.us/App/Legislator/A/Assembly/83rd2025/14
83,SB331,primary,Senator Dina Neal,Democratic,person,https://www.leg.state.nv.us/App/Legislator/A/Senate/83rd2025/4
83,SB344,primary,Senator Nicole Cannizzaro,Democratic,person,https://www.leg.state.nv.us/App/Legislator/A/Senate/83rd2025/6
83,SB344,primary,Senator Rochelle Nguyen,Democratic,person,https://www.leg.state.nv.us/App/Legislator/A/Senate/83rd2025/3
83,SB344,primary,Senator Julie Pazina,Democratic,person,https://www.leg.state.nv.us/App/Legislator/A/Senate/83rd2025/12
83,SB344,primary,Senator Melanie Scheible,Democratic,person,https://www.leg.state.nv.us/App/Legislator/A/Senate/83rd2025/9
83,SB344,primary,Senator Marilyn Dondero Loop,Democratic,person,https://www.leg.state.nv.us/App/Legislator/A/Senate/83rd2025/8
83,SB344,cosponsor,"Senator Michelee ""Shelly"" Cruz-Crawford",Democratic,person,https://www.leg.state.nv.us/App/Legislator/A/Senate/83rd2025/1
83,SB344,cosponsor,Senator Skip Daly,Democratic,person,https://www.leg.state.nv.us/App/Legislator/A/Senate/83rd2025/13
83,SB344,cosponsor,Senator Fabian Doñate,Democratic,person,https://www.leg.state.nv.us/App/Legislator/A/Senate/83rd2025/10
83,SB344,cosponsor,Senator Edgar Flores,Democratic,person,https://www.leg.state.nv.us/App/Legislator/A/Senate/83rd2025/2
83,SB344,cosponsor,Senator Roberta Lange,Democratic,person,https://www.leg.state.nv.us/App/Legislator/A/Senate/83rd2025/7
83,SB344,cosponsor,Senator Angela Taylor,Democratic,person,https://www.leg.state.nv.us/App/Legislator/A/Senate/83rd2025/15
83,SB362,primary,Senator Carrie Ann Buck,Republican,person,https://www.leg.state.nv.us/App/Legislator/A/Senate/83rd2025/5
83,SB370,primary,Senator Angela Taylor,Democratic,person,https://www.leg.state.nv.us/App/Legislator/A/Senate/83rd2025/15
83,SB379,primary,Senator Fabian Doñate,Democratic,person,https://www.leg.state.nv.us/App/Legislator/A/Senate/83rd2025/10
83,SB379,primary,Assemblymember Cinthia Zermeño Moore,Democratic,person,https://www.leg.state.nv.us/App/Legislator/A/Assembly/83rd2025/11
83,SB379,cosponsor,"Senator Michelee ""Shelly"" Cruz-Crawford",Democratic,person,https://www.leg.state.nv.us/App/Legislator/A/Senate/83rd2025/1
83,SB379,cosponsor,Senator Skip Daly,Democratic,person,https://www.leg.state.nv.us/App/Legislator/A/Senate/83rd2025/13
83,SB379,cosponsor,Senator Edgar Flores,Democratic,person,https://www.leg.state.nv.us/App/Legislator/A/Senate/83rd2025/2
83,SB379,cosponsor,Senator John Steinbeck,Republican,person,https://www.leg.state.nv.us/App/Legislator/A/Senate/83rd2025/18
83,SB379,cosponsor,Senator Jeff Stone,Republican,person,https://www.leg.state.nv.us/App/Legislator/A/Senate/83rd2025/20
83,SB379,cosponsor,Assemblymember Howard Watts,Democratic,person,https://www.leg.state.nv.us/App/Legislator/A/Assembly/83rd2025/15
83,SB381,primary,Senator James Ohrenschall,Democratic,person,https://www.leg.state.nv.us/App/Legislator/A/Senate/83rd2025/21
83,SB381,cosponsor,Senator Jeff Stone,Republican,person,https://www.leg.state.nv.us/App/Legislator/A/Senate/83rd2025/20
83,SB391,primary,Senator Dina Neal,Democratic,person,https://www.leg.state.nv.us/App/Legislator/A/Senate/83rd2025/4
83,SB392,primary,Senator Dina Neal,Democratic,person,https://www.leg.state.nv.us/App/Legislator/A/Senate/83rd2025/4
83,SB393,primary,Senator Dina Neal,Democratic,person,https://www.leg.state.nv.us/App/Legislator/A/Senate/83rd2025/4
83,SB400,primary,Senator Marilyn Dondero Loop,Democratic,person,https://www.leg.state.nv.us/App/Legislator/A/Senate/83rd2025/8
83,SB400,cosponsor,Senator Fabian Doñate,Democratic,person,https://www.leg.state.nv.us/App/Legislator/A/Senate/83rd2025/10
83,SB400,cosponsor,Senator James Ohrenschall,Democratic,person,https://www.leg.state.nv.us/App/Legislator/A/Senate/83rd2025/21
83,SB400,cosponsor,Senator Julie Pazina,Democratic,person,https://www.leg.state.nv.us/App/Legislator/A/Senate/83rd2025/12
83,SB400,cosponsor,Senator Angela Taylor,Democratic,person,https://www.leg.state.nv.us/App/Legislator/A/Senate/83rd2025/15
83,SB426,primary,Senate Committee on Natural Resources,,organization,https://www.leg.state.nv.us/App/NELIS/REL/83rd2025/Committee/439/Overview
83,SB430,primary,Senate Committee on Revenue and Economic Development,,organization,https://www.leg.state.nv.us/App/NELIS/REL/83rd2025/Committee/449/Overview
83,SB433,primary,Senate Committee on Judiciary,,organization,https://www.leg.state.nv.us/App/NELIS/REL/83rd2025/Committee/444/Overview
83,SB436,primary,Senate Committee on Commerce and Labor,,organization,https://www.leg.state.nv.us/App/NELIS/REL/83rd2025/Committee/440/Overview
83,SB44,primary,Senate Committee on Commerce and Labor,,organization,https://www.leg.state.nv.us/App/NELIS/REL/83rd2025/Committee/440/Overview
83,SB440,primary,Senate Committee on Commerce and Labor,,organization,https://www.leg.state.nv.us/App/NELIS/REL/83rd2025/Committee/440/Overview
83,SB452,primary,Senate Committee on Finance,,organization,https://www.leg.state.nv.us/App/NELIS/REL/83rd2025/Committee/446/Overview
83,SB460,primary,Senator Nicole Cannizzaro,Democratic,person,https://www.leg.state.nv.us/App/Legislator/A/Senate/83rd2025/6
83,SB460,primary,Senator Marilyn Dondero Loop,Democratic,person,https://www.leg.state.nv.us/App/Legislator/A/Senate/83rd2025/8
83,SB460,primary,Senator Julie Pazina,Democratic,person,https://www.leg.state.nv.us/App/Legislator/A/Senate/83rd2025/12
83,SB460,cosponsor,"Senator Michelee ""Shelly"" Cruz-Crawford",Democratic,person,https://www.leg.state.nv.us/App/Legislator/A/Senate/83rd2025/1
83,SB460,cosponsor,Senator Skip Daly,Democratic,person,https://www.leg.state.nv.us/App/Legislator/A/Senate/83rd2025/13
83,SB460,cosponsor,Senator Fabian Doñate,Democratic,person,https://www.leg.state.nv.us/App/Legislator/A/Senate/83rd2025/10
83,SB460,cosponsor,Senator Edgar Flores,Democratic,person,https://www.leg.state.nv.us/App/Legislator/A/Senate/83rd2025/2
83,SB460,cosponsor,Senator Roberta Lange,Democratic,person,https://www.leg.state.nv.us/App/Legislator/A/Senate/83rd2025/7
83,SB460,cosponsor,Senator Dina Neal,Democratic,person,https://www.leg.state.nv.us/App/Legislator/A/Senate/83rd2025/4
83,SB460,cosponsor,Senator Rochelle Nguyen,Democratic,person,https://www.leg.state.nv.us/App/Legislator/A/Senate/83rd2025/3
83,SB460,cosponsor,Senator James Ohrenschall,Democratic,person,https://www.leg.state.nv.us/App/Legislator/A/Senate/83rd2025/21
83,SB460,cosponsor,Senator Melanie Scheible,Democratic,person,https://www.leg.state.nv.us/App/Legislator/A/Senate/83rd2025/9
83,SB460,cosponsor,Senator Angela Taylor,Democratic,person,https://www.leg.state.nv.us/App/Legislator/A/Senate/83rd2025/15
83,SB48,primary,Senate Committee on Government Affairs,,organization,https://www.leg.state.nv.us/App/NELIS/REL/83rd2025/Committee/434/Overview
83,SB489,primary,Senate Committee on Finance,,organization,https://www.leg.state.nv.us/App/NELIS/REL/83rd2025/Committee/446/Overview
83,SB499,primary,Senate Committee on Finance,,organization,https://www.leg.state.nv.us/App/NELIS/REL/83rd2025/Committee/446/Overview
83,SB5,primary,Senate Committee on Government Affairs,,organization,https://www.leg.state.nv.us/App/NELIS/REL/83rd2025/Committee/434/Overview
83,SB51,primary,Senate Committee on Government Affairs,,organization,https://www.leg.state.nv.us/App/NELIS/REL/83rd2025/Committee/434/Overview
83,SB54,primary,Senate Committee on Health and Human Services,,organization,https://www.leg.state.nv.us/App/NELIS/REL/83rd2025/Committee/437/Overview
83,SB61,primary,Senate Committee on Government Affairs,,organization,https://www.leg.state.nv.us/App/NELIS/REL/83rd2025/Committee/434/Overview
83,SB74,primary,Senate Committee on Legislative Operations and Elections,,organization,https://www.leg.state.nv.us/App/NELIS/REL/83rd2025/Committee/435/Overview
83,SB77,primary,Senate Committee on Growth and Infrastructure,,organization,https://www.leg.state.nv.us/App/NELIS/REL/83rd2025/Committee/441/Overview
83,SB78,primary,Senate Committee on Revenue and Economic Development,,organization,https://www.leg.state.nv.us/App/NELIS/REL/83rd2025/Committee/449/Overview
83,SB99,primary,Senate Committee on Government Affairs,,organization,https://www.leg.state.nv.us/App/NELIS/REL/83rd2025/Committee/434/Overview
83,SJR4,primary,Senate Committee on Natural Resources,,organization,https://www.leg.state.nv.us/App/NELIS/REL/83rd2025/Committee/439/Overview
