id,note,url,bill_id
ed28ebe5-198c-4350-926d-dbd649f4fc14,,https://www.gencourt.state.nh.us/bill_status/legacy/bs2016/bill_status.aspx?lsr=0959&sy=2023&sortoption=&txtsessionyear=2023,ocd-bill/fa269e5a-f561-49cb-9078-52bebde4ee77
6c3296b3-43af-4540-a6fa-93f999301967,,https://www.gencourt.state.nh.us/bill_status/legacy/bs2016/bill_status.aspx?lsr=0640&sy=2023&sortoption=&txtsessionyear=2023,ocd-bill/375283f8-de2b-4c1b-88f1-b63522439fc5
4171b3f3-fb6f-4cf2-8322-cadd3fb822f7,,https://www.gencourt.state.nh.us/bill_status/legacy/bs2016/bill_status.aspx?lsr=0468&sy=2023&sortoption=&txtsessionyear=2023,ocd-bill/019f5a25-6387-4d07-888e-8a26c085e27e
495c3dda-9ddf-488a-aa02-98997db025cb,,https://www.gencourt.state.nh.us/bill_status/legacy/bs2016/bill_status.aspx?lsr=0878&sy=2023&sortoption=&txtsessionyear=2023,ocd-bill/3b38337b-28d3-4837-b6fb-d5f508a2c445
64378c90-c2f8-43f8-a4ee-dc1b1381a300,,https://www.gencourt.state.nh.us/bill_status/legacy/bs2016/bill_status.aspx?lsr=0540&sy=2023&sortoption=&txtsessionyear=2023,ocd-bill/fc641635-3112-48d9-9fef-fa22ad18d324
bec46100-93d5-46cd-b105-9db4c311ec66,,https://www.gencourt.state.nh.us/bill_status/legacy/bs2016/bill_status.aspx?lsr=0254&sy=2023&sortoption=&txtsessionyear=2023,ocd-bill/570994aa-3679-4f8e-aa3c-bdc56974caa5
58dea92d-295c-4e0b-aa05-45e967c12a1e,,https://www.gencourt.state.nh.us/bill_status/legacy/bs2016/bill_status.aspx?lsr=0055&sy=2023&sortoption=&txtsessionyear=2023,ocd-bill/040caa9e-b146-45a9-86a3-8019fa7acfb3
a2cd87bd-3094-49f7-b6b5-20b1ff8af650,,https://www.gencourt.state.nh.us/bill_status/legacy/bs2016/bill_status.aspx?lsr=0241&sy=2023&sortoption=&txtsessionyear=2023,ocd-bill/e050d095-b348-4512-a582-86a356e088a2
818f065e-7335-46b0-a7dd-12baea8b8ba5,,https://www.gencourt.state.nh.us/bill_status/legacy/bs2016/bill_status.aspx?lsr=0660&sy=2023&sortoption=&txtsessionyear=2023,ocd-bill/7644a59f-c416-45dc-928e-0fa251f81302
db03ea0c-5ff7-4b8d-b68e-7a23d5ea851a,,https://www.gencourt.state.nh.us/bill_status/legacy/bs2016/bill_status.aspx?lsr=0094&sy=2023&sortoption=&txtsessionyear=2023,ocd-bill/35728d92-9da0-4092-ba51-9ff614f5e5ff
e4782b61-7c03-4703-951b-9537b523c42f,,https://www.gencourt.state.nh.us/bill_status/legacy/bs2016/bill_status.aspx?lsr=0290&sy=2023&sortoption=&txtsessionyear=2023,ocd-bill/c7830fbd-0d70-4590-b546-4ed7cb42dee0
0f51aeea-77e9-455f-a25e-3f3d1ed7ed2b,,https://www.gencourt.state.nh.us/bill_status/legacy/bs2016/bill_status.aspx?lsr=0178&sy=2023&sortoption=&txtsessionyear=2023,ocd-bill/4cc4e745-dafb-4359-84a8-77bbf00b2fc8
618f0fcd-c57a-4dd0-a901-2861bcb34b84,,https://www.gencourt.state.nh.us/bill_status/legacy/bs2016/bill_status.aspx?lsr=0009&sy=2023&sortoption=&txtsessionyear=2023,ocd-bill/f480c688-3a7f-4982-b111-4900abdcf786
da42bd71-dbf2-4c17-92e9-a7b68b7089ff,,https://www.gencourt.state.nh.us/bill_status/legacy/bs2016/bill_status.aspx?lsr=0193&sy=2023&sortoption=&txtsessionyear=2023,ocd-bill/28599639-529d-4c40-8402-811389a55fd0
5145df93-b252-4f3e-90c8-9bf84db22fa4,,https://www.gencourt.state.nh.us/bill_status/legacy/bs2016/bill_status.aspx?lsr=0532&sy=2023&sortoption=&txtsessionyear=2023,ocd-bill/5c6e40a5-f01d-4778-85c2-ef68c47bb509
7229a616-73d2-4553-8421-1b3772320671,,https://www.gencourt.state.nh.us/bill_status/legacy/bs2016/bill_status.aspx?lsr=0385&sy=2023&sortoption=&txtsessionyear=2023,ocd-bill/e6496802-c585-4cee-a24d-a1045b1bdc75
66e7005d-f38a-44ec-be38-a1d86f3677ea,,https://www.gencourt.state.nh.us/bill_status/legacy/bs2016/bill_status.aspx?lsr=0409&sy=2023&sortoption=&txtsessionyear=2023,ocd-bill/36e9bf4b-16ca-48c0-94a1-f039cb52021f
d49e78e1-9f17-4a42-ad32-faaad0cac21f,,https://www.gencourt.state.nh.us/bill_status/legacy/bs2016/bill_status.aspx?lsr=0675&sy=2023&sortoption=&txtsessionyear=2023,ocd-bill/2c0815f9-0fc1-43ed-aee4-c1940668f337
cfa0e401-cfeb-4a24-861d-a01f50eecb55,,https://www.gencourt.state.nh.us/bill_status/legacy/bs2016/bill_status.aspx?lsr=0746&sy=2023&sortoption=&txtsessionyear=2023,ocd-bill/f664bff8-802e-4ee1-9e27-6667ed82ee5f
9e9fe6cb-a428-4883-bc67-a54761c2bd67,,https://www.gencourt.state.nh.us/bill_status/legacy/bs2016/bill_status.aspx?lsr=0160&sy=2023&sortoption=&txtsessionyear=2023,ocd-bill/c239fbdd-d878-4bd8-b6e6-afde32d22c6d
7b66db83-fb51-4fd2-81bd-0af6e3914f5c,,https://www.gencourt.state.nh.us/bill_status/legacy/bs2016/bill_status.aspx?lsr=0188&sy=2023&sortoption=&txtsessionyear=2023,ocd-bill/b3a0a388-5bec-46e4-acd7-a6d954e7a3dc
7bb8acad-d830-4f12-a276-b735bf4bfa2a,,https://www.gencourt.state.nh.us/bill_status/legacy/bs2016/bill_status.aspx?lsr=0101&sy=2023&sortoption=&txtsessionyear=2023,ocd-bill/d64233c5-e36b-4a11-9f28-fb356c36143c
0e3e4bdc-1ccb-4849-84d8-aabf68fd0364,,https://www.gencourt.state.nh.us/bill_status/legacy/bs2016/bill_status.aspx?lsr=0384&sy=2023&sortoption=&txtsessionyear=2023,ocd-bill/634a8188-92bb-45a6-9521-2073de49c856
db160836-1865-496a-9e7d-911d69bf6843,,https://www.gencourt.state.nh.us/bill_status/legacy/bs2016/bill_status.aspx?lsr=0047&sy=2023&sortoption=&txtsessionyear=2023,ocd-bill/4bf578af-7924-494e-9571-96d788ec0c7d
9ac404c1-b329-4972-ad1b-82e4c16edf19,,https://www.gencourt.state.nh.us/bill_status/legacy/bs2016/bill_status.aspx?lsr=0883&sy=2023&sortoption=&txtsessionyear=2023,ocd-bill/2a54a8ef-b56a-437e-8411-c40eb0028aa7
c90b3746-acc8-4acb-b106-d1fc96b546b4,,https://www.gencourt.state.nh.us/bill_status/legacy/bs2016/bill_status.aspx?lsr=0562&sy=2023&sortoption=&txtsessionyear=2023,ocd-bill/e22b23f3-023a-4ac5-8bc4-e727cecadf55
4da34223-3aa0-4b99-986b-66478bdeb86d,,https://www.gencourt.state.nh.us/bill_status/legacy/bs2016/bill_status.aspx?lsr=0928&sy=2023&sortoption=&txtsessionyear=2023,ocd-bill/d5f1e6b4-7f77-4ccf-82c6-95f0b507cfe2
26e82889-7e8b-44af-9084-5d773a781e46,,https://www.gencourt.state.nh.us/bill_status/legacy/bs2016/bill_status.aspx?lsr=0411&sy=2023&sortoption=&txtsessionyear=2023,ocd-bill/20172da8-de96-47a6-a5f9-852e33e72990
702ebc13-a632-4520-80d9-4b82383b1061,,https://www.gencourt.state.nh.us/bill_status/legacy/bs2016/bill_status.aspx?lsr=0194&sy=2023&sortoption=&txtsessionyear=2023,ocd-bill/ce4c9fb5-597d-443d-b0bc-1ae3144e83cd
c489993d-662d-4efe-bedc-afe81d077ceb,,https://www.gencourt.state.nh.us/bill_status/legacy/bs2016/bill_status.aspx?lsr=0105&sy=2023&sortoption=&txtsessionyear=2023,ocd-bill/6695e821-ed80-44ec-82fd-28e5b2379e4a
22c807ae-de69-464a-9661-7e250655f8c7,,https://www.gencourt.state.nh.us/bill_status/legacy/bs2016/bill_status.aspx?lsr=0110&sy=2023&sortoption=&txtsessionyear=2023,ocd-bill/28aa6455-3667-4dc4-8151-2a89d91cc0c3
e6ea5681-49b0-492f-b40a-c446360e0ed0,,https://www.gencourt.state.nh.us/bill_status/legacy/bs2016/bill_status.aspx?lsr=0475&sy=2023&sortoption=&txtsessionyear=2023,ocd-bill/23fa1685-d677-4428-8bd6-1cc68068ebda
9482646a-2570-4b12-9e0d-272821f205c8,,https://www.gencourt.state.nh.us/bill_status/legacy/bs2016/bill_status.aspx?lsr=0934&sy=2023&sortoption=&txtsessionyear=2023,ocd-bill/6d6b6e55-6beb-4df1-9d50-d4f43d1da576
fb80469e-5780-4a18-802d-da026daa2f57,,https://www.gencourt.state.nh.us/bill_status/legacy/bs2016/bill_status.aspx?lsr=1008&sy=2023&sortoption=&txtsessionyear=2023,ocd-bill/09036550-d697-40f0-a643-eea936f8a754
8a7dd212-233f-4ad4-9a7b-bea080cea9e1,,https://www.gencourt.state.nh.us/bill_status/legacy/bs2016/bill_status.aspx?lsr=0352&sy=2023&sortoption=&txtsessionyear=2023,ocd-bill/4323868f-981d-46e2-9e80-b2cb76c16c3c
49d6bf93-dccc-46b7-a4a8-3488540da89b,,https://www.gencourt.state.nh.us/bill_status/legacy/bs2016/bill_status.aspx?lsr=0767&sy=2023&sortoption=&txtsessionyear=2023,ocd-bill/9d291b49-1890-4785-87ce-2af053a4e4e5
fa22449d-0053-4acb-ae12-aac83e2bbd0e,,https://www.gencourt.state.nh.us/bill_status/legacy/bs2016/bill_status.aspx?lsr=1030&sy=2023&sortoption=&txtsessionyear=2023,ocd-bill/9836de26-c9cb-4217-b359-e601b4e88cdf
76fb3187-54cc-4049-83b2-2851ee8dd606,,https://www.gencourt.state.nh.us/bill_status/legacy/bs2016/bill_status.aspx?lsr=0991&sy=2023&sortoption=&txtsessionyear=2023,ocd-bill/81628ed3-65d8-4246-8006-e0a788586e6b
b2b578b0-883b-4bc8-8a4f-ee3675da1e35,,https://www.gencourt.state.nh.us/bill_status/legacy/bs2016/bill_status.aspx?lsr=0831&sy=2023&sortoption=&txtsessionyear=2023,ocd-bill/c44ed3da-2467-467b-acef-685b1a005fe0
3c03d276-df26-4344-8046-27ad0492ee89,,https://www.gencourt.state.nh.us/bill_status/legacy/bs2016/bill_status.aspx?lsr=0169&sy=2023&sortoption=&txtsessionyear=2023,ocd-bill/85225592-c2b8-4db9-8cef-3d89f7e249b6
966b7956-1aa2-4493-8c23-94588c523a50,,https://www.gencourt.state.nh.us/bill_status/legacy/bs2016/bill_status.aspx?lsr=0639&sy=2023&sortoption=&txtsessionyear=2023,ocd-bill/96c9f809-dd78-4351-9375-0c90bd55daf4
9702c825-f11e-4324-8b3b-da06c7d26b66,,https://www.gencourt.state.nh.us/bill_status/legacy/bs2016/bill_status.aspx?lsr=0559&sy=2023&sortoption=&txtsessionyear=2023,ocd-bill/6882d8af-cc19-40b9-9cfa-8371853bd5d3
d13fb80c-b5d5-49a2-82c7-0f02a9787b2e,,https://www.gencourt.state.nh.us/bill_status/legacy/bs2016/bill_status.aspx?lsr=0692&sy=2023&sortoption=&txtsessionyear=2023,ocd-bill/1c91c069-a413-49ca-95fd-c482e16a9891
3c011cd2-22cd-4c87-b604-723a8b4cd6a3,,https://www.gencourt.state.nh.us/bill_status/legacy/bs2016/bill_status.aspx?lsr=0035&sy=2023&sortoption=&txtsessionyear=2023,ocd-bill/1bdf886f-c5ab-4bc6-a57e-25687f79855a
e45b016d-b049-44b4-b4c6-4bcbf35f2f29,,https://www.gencourt.state.nh.us/bill_status/legacy/bs2016/bill_status.aspx?lsr=0207&sy=2023&sortoption=&txtsessionyear=2023,ocd-bill/ca78d0b4-e8d3-4857-9869-d58476677c58
c40d20df-d0e3-4990-b441-ea4be44e0292,,https://www.gencourt.state.nh.us/bill_status/legacy/bs2016/bill_status.aspx?lsr=0012&sy=2023&sortoption=&txtsessionyear=2023,ocd-bill/1855986b-0277-4ff5-a280-33c7c0558f84
ad8f7327-0dc7-45ae-9783-3aeb9813b999,,https://www.gencourt.state.nh.us/bill_status/legacy/bs2016/bill_status.aspx?lsr=0969&sy=2023&sortoption=&txtsessionyear=2023,ocd-bill/a088a1b1-1380-457b-9f7b-94c82a402d2f
286c3bb1-19a3-45af-8fe0-46de61260e1f,,https://www.gencourt.state.nh.us/bill_status/legacy/bs2016/bill_status.aspx?lsr=0855&sy=2023&sortoption=&txtsessionyear=2023,ocd-bill/21504181-6d60-42b9-b2b6-96c6b122fb0d
0250479e-01ba-454b-a08d-cafbe534f65b,,https://www.gencourt.state.nh.us/bill_status/legacy/bs2016/bill_status.aspx?lsr=0720&sy=2023&sortoption=&txtsessionyear=2023,ocd-bill/ab2d6166-ec30-41dd-9132-e6f7508b0db6
8bf47bb5-34eb-4d69-ae26-0c20aa365fc6,,https://www.gencourt.state.nh.us/bill_status/legacy/bs2016/bill_status.aspx?lsr=0628&sy=2023&sortoption=&txtsessionyear=2023,ocd-bill/b279b031-571b-4f82-a5f6-ae6c31929194
17d6b1e3-8bc6-4507-9cee-df945c2b7ce1,,https://www.gencourt.state.nh.us/bill_status/legacy/bs2016/bill_status.aspx?lsr=0223&sy=2023&sortoption=&txtsessionyear=2023,ocd-bill/b2a95d8d-4ca3-4068-b5df-e5b2535639ec
bacb12f9-0fde-4dfe-8442-83fbd6baeb87,,https://www.gencourt.state.nh.us/bill_status/legacy/bs2016/bill_status.aspx?lsr=0026&sy=2023&sortoption=&txtsessionyear=2023,ocd-bill/7696dd4e-fa01-461d-955f-352fe2b6b4c3
59734e06-e747-4265-968f-d0dfd4078d05,,https://www.gencourt.state.nh.us/bill_status/legacy/bs2016/bill_status.aspx?lsr=0200&sy=2023&sortoption=&txtsessionyear=2023,ocd-bill/75a473cc-59b0-4d5b-9268-e0b4308fdfa5
100f007a-53c5-4c46-b416-716f1932e6a7,,https://www.gencourt.state.nh.us/bill_status/legacy/bs2016/bill_status.aspx?lsr=0659&sy=2023&sortoption=&txtsessionyear=2023,ocd-bill/3b150a31-a205-48e1-ad18-fee5206ff50d
5fa4bafa-2029-4b9e-b33c-0fda9f8c97bb,,https://www.gencourt.state.nh.us/bill_status/legacy/bs2016/bill_status.aspx?lsr=0739&sy=2023&sortoption=&txtsessionyear=2023,ocd-bill/3ed2c8e5-84dc-4ddc-a36e-e322cc321085
fffb1d58-3b33-4bfe-a580-01e3b04fbeaf,,https://www.gencourt.state.nh.us/bill_status/legacy/bs2016/bill_status.aspx?lsr=0461&sy=2023&sortoption=&txtsessionyear=2023,ocd-bill/50362b55-da9b-4fa6-a27b-ae4e144d2af8
34a931dd-bcc7-4942-bc04-0c689bd9fcd1,,https://www.gencourt.state.nh.us/bill_status/legacy/bs2016/bill_status.aspx?lsr=0124&sy=2023&sortoption=&txtsessionyear=2023,ocd-bill/14463c83-9903-45e0-a853-a4bdba135218
f8aa5624-5b11-4c04-a319-3687cebaac59,,https://www.gencourt.state.nh.us/bill_status/legacy/bs2016/bill_status.aspx?lsr=0334&sy=2023&sortoption=&txtsessionyear=2023,ocd-bill/3aa32d4d-c2ec-41ef-a347-1ddf095d225a
f8b95cb2-b716-4da3-923e-4f0ad89a6af1,,https://www.gencourt.state.nh.us/bill_status/legacy/bs2016/bill_status.aspx?lsr=0401&sy=2023&sortoption=&txtsessionyear=2023,ocd-bill/ff905187-8c51-4183-974b-8d188a54ebba
b5c69c32-6654-4e9a-97b3-2abb9b968749,,https://www.gencourt.state.nh.us/bill_status/legacy/bs2016/bill_status.aspx?lsr=0373&sy=2023&sortoption=&txtsessionyear=2023,ocd-bill/bef26658-2417-41ab-8f60-3e865f8851eb
0531bd19-a951-491f-a001-3675a1a9c23f,,https://www.gencourt.state.nh.us/bill_status/legacy/bs2016/bill_status.aspx?lsr=0456&sy=2023&sortoption=&txtsessionyear=2023,ocd-bill/60717b96-8adc-4406-8a32-3c32f15e1ec2
fb403b39-d470-4352-84a9-a474a9f5c542,,https://www.gencourt.state.nh.us/bill_status/legacy/bs2016/bill_status.aspx?lsr=0240&sy=2023&sortoption=&txtsessionyear=2023,ocd-bill/66eb6ac8-759a-43f0-89bf-7a4dfd50e1fe
ce61e4c3-b3c2-4eef-b3f4-9cdb07e49ca7,,https://www.gencourt.state.nh.us/bill_status/legacy/bs2016/bill_status.aspx?lsr=1058&sy=2023&sortoption=&txtsessionyear=2023,ocd-bill/4bea4819-0637-418d-bd2c-f1fb5451257e
8de93c54-5510-4ae4-bf1a-7d9550e92c42,,https://www.gencourt.state.nh.us/bill_status/legacy/bs2016/bill_status.aspx?lsr=0117&sy=2023&sortoption=&txtsessionyear=2023,ocd-bill/5bac7dab-9b9d-46f9-9a07-5724d53bed78
98037f4c-735c-4daa-872b-a98c9aea3e0e,,https://www.gencourt.state.nh.us/bill_status/legacy/bs2016/bill_status.aspx?lsr=0359&sy=2023&sortoption=&txtsessionyear=2023,ocd-bill/033be793-2c19-442f-b752-d4e068e425b5
2ea66a19-b9b7-4389-9776-e3343182d404,,https://www.gencourt.state.nh.us/bill_status/legacy/bs2016/bill_status.aspx?lsr=0239&sy=2023&sortoption=&txtsessionyear=2023,ocd-bill/735452f7-bb04-4d46-a566-1abc544a860f
0ed34350-6a97-4525-bea3-8ffdda98e954,,https://www.gencourt.state.nh.us/bill_status/legacy/bs2016/bill_status.aspx?lsr=0377&sy=2023&sortoption=&txtsessionyear=2023,ocd-bill/cbd747c0-21a5-4cfc-b6b1-d5a883c3c24d
a5021d40-c493-419c-b0b8-789cae96bce6,,https://www.gencourt.state.nh.us/bill_status/legacy/bs2016/bill_status.aspx?lsr=0550&sy=2023&sortoption=&txtsessionyear=2023,ocd-bill/41e70be9-bf82-4aea-86fd-b5cbbe455262
cd840f40-1172-4245-9abe-b90d8881a032,,https://www.gencourt.state.nh.us/bill_status/legacy/bs2016/bill_status.aspx?lsr=0014&sy=2023&sortoption=&txtsessionyear=2023,ocd-bill/69e7cd66-7055-4bfd-ba4a-c6bcddea30c0
8e9efa3a-7917-4e6a-bfa5-93861c94fcc0,,https://www.gencourt.state.nh.us/bill_status/legacy/bs2016/bill_status.aspx?lsr=0976&sy=2023&sortoption=&txtsessionyear=2023,ocd-bill/581cd1c3-36c8-4c85-b622-a20698bc0681
a59531ca-90d7-4fd9-9012-c48037b3be0b,,https://www.gencourt.state.nh.us/bill_status/legacy/bs2016/bill_status.aspx?lsr=0478&sy=2023&sortoption=&txtsessionyear=2023,ocd-bill/6ca71d79-5f2d-4b64-899e-804b2449ae48
efdffdac-1e73-4a62-a6b7-a645d9d68608,,https://www.gencourt.state.nh.us/bill_status/legacy/bs2016/bill_status.aspx?lsr=0472&sy=2023&sortoption=&txtsessionyear=2023,ocd-bill/49a1807b-1094-401f-bfd7-dec4190ef2c4
1b6ac06b-ec78-4f4a-9bd9-65a4893e2c62,,https://www.gencourt.state.nh.us/bill_status/legacy/bs2016/bill_status.aspx?lsr=1060&sy=2023&sortoption=&txtsessionyear=2023,ocd-bill/011932b6-fb13-434d-96a4-acbb3d41663b
83b2157c-b558-4479-b167-236493ff6421,,https://www.gencourt.state.nh.us/bill_status/legacy/bs2016/bill_status.aspx?lsr=0157&sy=2023&sortoption=&txtsessionyear=2023,ocd-bill/1f34306b-427f-492a-80c9-b8396065e842
350bf46b-9d49-4f03-b139-c16c3734c4fc,,https://www.gencourt.state.nh.us/bill_status/legacy/bs2016/bill_status.aspx?lsr=0423&sy=2023&sortoption=&txtsessionyear=2023,ocd-bill/e86365bd-0509-4c3a-badd-aec99ee4f1fc
452e0c51-0567-409a-a35a-060252e21aa3,,https://www.gencourt.state.nh.us/bill_status/legacy/bs2016/bill_status.aspx?lsr=0315&sy=2023&sortoption=&txtsessionyear=2023,ocd-bill/86ed156c-56e5-4158-a136-6dd1abdf4050
e3fc8de4-d5fd-47b1-8996-66dfdd2cc8e6,,https://www.gencourt.state.nh.us/bill_status/legacy/bs2016/bill_status.aspx?lsr=0730&sy=2023&sortoption=&txtsessionyear=2023,ocd-bill/45dfe972-317d-4894-978b-625b41a5e2f2
97b2fb60-d8c2-4c91-8507-2c91cb734b2d,,https://www.gencourt.state.nh.us/bill_status/legacy/bs2016/bill_status.aspx?lsr=0951&sy=2023&sortoption=&txtsessionyear=2023,ocd-bill/ced669f8-30e4-41c9-8b24-6ee2de24a974
28e40fe7-3565-4e34-8463-a56dd2f51e6d,,https://www.gencourt.state.nh.us/bill_status/legacy/bs2016/bill_status.aspx?lsr=0028&sy=2023&sortoption=&txtsessionyear=2023,ocd-bill/6d110ef8-4760-4403-b21c-00d43d10c797
81efb659-57f0-4656-99b7-2034f0387ae3,,https://www.gencourt.state.nh.us/bill_status/legacy/bs2016/bill_status.aspx?lsr=0303&sy=2023&sortoption=&txtsessionyear=2023,ocd-bill/5cb5b57b-35d7-413a-acbc-b149a29eb24e
8137253f-b615-4f69-b67c-2b4879cbc3b6,,https://www.gencourt.state.nh.us/bill_status/legacy/bs2016/bill_status.aspx?lsr=0261&sy=2023&sortoption=&txtsessionyear=2023,ocd-bill/b17f1266-04e8-4e61-9440-91dd37908ce6
afdb8ce6-7093-45fe-af0d-cb80b0d571d2,,https://www.gencourt.state.nh.us/bill_status/legacy/bs2016/bill_status.aspx?lsr=0364&sy=2023&sortoption=&txtsessionyear=2023,ocd-bill/96ad02a0-9fe6-4d5d-9032-1f82df9da07b
9afed8ef-9e15-49e4-b923-bdb5cfaa3791,,https://www.gencourt.state.nh.us/bill_status/legacy/bs2016/bill_status.aspx?lsr=0304&sy=2023&sortoption=&txtsessionyear=2023,ocd-bill/027dc261-9d96-48d5-a4d6-57ae9ddabb0d
e2e768e7-1303-4fc2-85f9-b337ebf70020,,https://www.gencourt.state.nh.us/bill_status/legacy/bs2016/bill_status.aspx?lsr=0459&sy=2023&sortoption=&txtsessionyear=2023,ocd-bill/87eb851a-f9ee-4065-9b19-7ce1f6c6d79a
c6844780-bd9c-449c-b07b-d09e59054ff3,,https://www.gencourt.state.nh.us/bill_status/legacy/bs2016/bill_status.aspx?lsr=0331&sy=2023&sortoption=&txtsessionyear=2023,ocd-bill/f375a872-3fc8-4fa8-8746-ec3193b0cda7
0ed5e1a7-0e42-4ba3-90b4-0714c4ac933f,,https://www.gencourt.state.nh.us/bill_status/legacy/bs2016/bill_status.aspx?lsr=0183&sy=2023&sortoption=&txtsessionyear=2023,ocd-bill/c5c4c244-54b3-467c-a3fa-55407ab776cf
d2fd4fd5-edd6-432d-ad00-4a63a41e9b43,,https://www.gencourt.state.nh.us/bill_status/legacy/bs2016/bill_status.aspx?lsr=0011&sy=2023&sortoption=&txtsessionyear=2023,ocd-bill/a05de1ad-a8db-4e5c-97f6-945ec3985bdc
263490f5-9a76-472f-9511-9802cfe457d7,,https://www.gencourt.state.nh.us/bill_status/legacy/bs2016/bill_status.aspx?lsr=0680&sy=2023&sortoption=&txtsessionyear=2023,ocd-bill/f325e997-3a79-45d0-b99c-d8be9af569d0
8ad948d5-5ea5-42a1-8205-6b0b765dc243,,https://www.gencourt.state.nh.us/bill_status/legacy/bs2016/bill_status.aspx?lsr=0155&sy=2023&sortoption=&txtsessionyear=2023,ocd-bill/1e603544-6b00-4f44-8d30-b1e95730cc97
b55c0477-2e03-4dd1-95a4-603e12bec8b2,,https://www.gencourt.state.nh.us/bill_status/legacy/bs2016/bill_status.aspx?lsr=0141&sy=2023&sortoption=&txtsessionyear=2023,ocd-bill/1842678c-e927-4512-884e-a0940cd24c6d
c2c42b2d-56a4-4d13-9fe2-81df9f2c841d,,https://www.gencourt.state.nh.us/bill_status/legacy/bs2016/bill_status.aspx?lsr=0196&sy=2023&sortoption=&txtsessionyear=2023,ocd-bill/6c7cc7d7-e895-4ac8-bee5-242605270e25
c6ee3f71-7ad0-4537-823f-2fc2fb650266,,https://www.gencourt.state.nh.us/bill_status/legacy/bs2016/bill_status.aspx?lsr=0176&sy=2023&sortoption=&txtsessionyear=2023,ocd-bill/351e1f5a-bebd-4631-832d-d53f9de52494
6a223fdc-4e5b-47e4-9361-dc5ac417e1f5,,https://www.gencourt.state.nh.us/bill_status/legacy/bs2016/bill_status.aspx?lsr=0211&sy=2023&sortoption=&txtsessionyear=2023,ocd-bill/9fed5bdc-1097-4339-8fe7-a018882fef19
ddd8001e-7cc1-4ca4-b33c-aa4d0db489e2,,https://www.gencourt.state.nh.us/bill_status/legacy/bs2016/bill_status.aspx?lsr=0904&sy=2023&sortoption=&txtsessionyear=2023,ocd-bill/d61a528d-cf89-49c6-934c-dc17cde49f0e
11b6628c-d748-4526-bbed-4243aac5afed,,https://www.gencourt.state.nh.us/bill_status/legacy/bs2016/bill_status.aspx?lsr=0395&sy=2023&sortoption=&txtsessionyear=2023,ocd-bill/8440fecd-21ea-4a5d-86b1-7b67e71a0c05
978aa075-6b44-4e71-b2aa-ef85c068fbd4,,https://www.gencourt.state.nh.us/bill_status/legacy/bs2016/bill_status.aspx?lsr=0407&sy=2023&sortoption=&txtsessionyear=2023,ocd-bill/a1e24381-1e38-41f5-ad23-a3cb31537f63
52af111b-a376-4c48-8930-8a33f2d26bbd,,https://www.gencourt.state.nh.us/bill_status/legacy/bs2016/bill_status.aspx?lsr=0238&sy=2023&sortoption=&txtsessionyear=2023,ocd-bill/c3307677-d4f3-45e3-af69-33b65f0dffa8
442fb21e-9c2e-4586-9e89-8bb275c44253,,https://www.gencourt.state.nh.us/bill_status/legacy/bs2016/bill_status.aspx?lsr=0733&sy=2023&sortoption=&txtsessionyear=2023,ocd-bill/cfbef036-5bc3-46fc-aabd-af725fd1eb55
1831322f-63d7-422a-95f9-7687f090302f,,https://www.gencourt.state.nh.us/bill_status/legacy/bs2016/bill_status.aspx?lsr=0726&sy=2023&sortoption=&txtsessionyear=2023,ocd-bill/b2fb1d5a-a1c9-45d3-93f4-1b0e8fe7bc44
4a5f2a80-5358-411f-9a59-570877a9ddcd,,https://www.gencourt.state.nh.us/bill_status/legacy/bs2016/bill_status.aspx?lsr=0302&sy=2023&sortoption=&txtsessionyear=2023,ocd-bill/cf9662a0-78fb-42a9-8242-bcfdf17b3a37
a5bfd469-5c34-46b1-96f4-3712bc520d61,,https://www.gencourt.state.nh.us/bill_status/legacy/bs2016/bill_status.aspx?lsr=0168&sy=2023&sortoption=&txtsessionyear=2023,ocd-bill/06d4829f-d881-4dca-9589-529874326dcf
fd3aa4df-bb38-49fa-bdc7-9a6da7cab2ad,,https://www.gencourt.state.nh.us/bill_status/legacy/bs2016/bill_status.aspx?lsr=0271&sy=2023&sortoption=&txtsessionyear=2023,ocd-bill/62b27023-f16a-48da-b67b-6ec9804fee81
48c999a7-a2cf-419f-a391-3a9ccb2614e0,,https://www.gencourt.state.nh.us/bill_status/legacy/bs2016/bill_status.aspx?lsr=0016&sy=2023&sortoption=&txtsessionyear=2023,ocd-bill/9c33676e-5b49-462f-a41c-613fa419cf49
06f9fb62-a370-4620-9f0a-2c73f2871310,,https://www.gencourt.state.nh.us/bill_status/legacy/bs2016/bill_status.aspx?lsr=0622&sy=2023&sortoption=&txtsessionyear=2023,ocd-bill/03c334dc-23c7-4024-a9cd-ae7bef8f1b97
45e0d540-e015-43ff-b59d-48ce395f1206,,https://www.gencourt.state.nh.us/bill_status/legacy/bs2016/bill_status.aspx?lsr=0716&sy=2023&sortoption=&txtsessionyear=2023,ocd-bill/9b9c438d-f902-4baa-b615-045a5a0b670a
51ef1b07-1070-4b54-abdf-e626291ccb31,,https://www.gencourt.state.nh.us/bill_status/legacy/bs2016/bill_status.aspx?lsr=0894&sy=2023&sortoption=&txtsessionyear=2023,ocd-bill/0528a0fc-fae8-4bd0-8ef7-5b1490f5554f
5798c390-b175-4a0a-9c95-a53d9f195bed,,https://www.gencourt.state.nh.us/bill_status/legacy/bs2016/bill_status.aspx?lsr=0957&sy=2023&sortoption=&txtsessionyear=2023,ocd-bill/bfe31fe3-99c9-4bea-9a63-d7978bf30ce3
77ef72ce-91d9-48e4-b23a-09ef4a2546d8,,https://www.gencourt.state.nh.us/bill_status/legacy/bs2016/bill_status.aspx?lsr=0268&sy=2023&sortoption=&txtsessionyear=2023,ocd-bill/55108976-2de0-421d-b023-d7ff6d39deee
974c383b-849f-4981-a6c2-9a61730427a4,,https://www.gencourt.state.nh.us/bill_status/legacy/bs2016/bill_status.aspx?lsr=1055&sy=2023&sortoption=&txtsessionyear=2023,ocd-bill/f9cb8e07-c9a3-411d-9707-084f65d033c2
9748eb4e-265c-4168-a3a1-d616bdd00edd,,https://www.gencourt.state.nh.us/bill_status/legacy/bs2016/bill_status.aspx?lsr=0455&sy=2023&sortoption=&txtsessionyear=2023,ocd-bill/9f11ee12-bfd5-477d-8d92-ac049310faa1
884e8ed5-91aa-4022-b3fb-49dc2b879fe5,,https://www.gencourt.state.nh.us/bill_status/legacy/bs2016/bill_status.aspx?lsr=0645&sy=2023&sortoption=&txtsessionyear=2023,ocd-bill/c1ff00c1-cecb-4774-84a7-5e4ee0cbdf6f
aaebc495-c273-44d6-8454-b7a48226bb07,,https://www.gencourt.state.nh.us/bill_status/legacy/bs2016/bill_status.aspx?lsr=0723&sy=2023&sortoption=&txtsessionyear=2023,ocd-bill/d0418c29-7e6f-459b-a8f4-adb62c6e8194
ece68f09-2dde-4a63-aae2-aae7e54f0d29,,https://www.gencourt.state.nh.us/bill_status/legacy/bs2016/bill_status.aspx?lsr=0916&sy=2023&sortoption=&txtsessionyear=2023,ocd-bill/0aa278fb-d79f-44fd-9170-d2b1356e5715
e5db06e3-c7cd-414c-b6da-f5efab3617cd,,https://www.gencourt.state.nh.us/bill_status/legacy/bs2016/bill_status.aspx?lsr=0185&sy=2023&sortoption=&txtsessionyear=2023,ocd-bill/a36d108b-26aa-4604-a575-3e484f2e2968
8de7c4f2-b5f1-4bb9-abca-ebf8992942f6,,https://www.gencourt.state.nh.us/bill_status/legacy/bs2016/bill_status.aspx?lsr=0828&sy=2023&sortoption=&txtsessionyear=2023,ocd-bill/556e922c-cee7-4323-bc3b-f9a628e48b67
3782eedb-fa78-4ddf-a4f6-e536e19054c8,,https://www.gencourt.state.nh.us/bill_status/legacy/bs2016/bill_status.aspx?lsr=0750&sy=2023&sortoption=&txtsessionyear=2023,ocd-bill/430cd696-b369-4262-a8a9-947051de621c
32def62b-99c2-4829-af7a-acc2a1b095d4,,https://www.gencourt.state.nh.us/bill_status/legacy/bs2016/bill_status.aspx?lsr=0826&sy=2023&sortoption=&txtsessionyear=2023,ocd-bill/0f641bf6-584a-4542-8a30-24a9362df248
dbc5dae9-3a1b-4dff-b094-a2da3d3f3a48,,https://www.gencourt.state.nh.us/bill_status/legacy/bs2016/bill_status.aspx?lsr=0827&sy=2023&sortoption=&txtsessionyear=2023,ocd-bill/dacbff6e-777b-407d-b067-282642dbcd03
9bc805a9-ae2a-436d-9b43-0846f172a91e,,https://www.gencourt.state.nh.us/bill_status/legacy/bs2016/bill_status.aspx?lsr=0832&sy=2023&sortoption=&txtsessionyear=2023,ocd-bill/02e67954-2c6f-4943-98f5-5593b4aa8a54
99fe4f5c-c3ed-492a-b137-06961e09db4e,,https://www.gencourt.state.nh.us/bill_status/legacy/bs2016/bill_status.aspx?lsr=0789&sy=2023&sortoption=&txtsessionyear=2023,ocd-bill/3e8f3f6a-0c3f-4924-95b7-fc298dd6d342
f6f48ab4-f729-4a3f-9f55-450a83a4aca0,,https://www.gencourt.state.nh.us/bill_status/legacy/bs2016/bill_status.aspx?lsr=0801&sy=2023&sortoption=&txtsessionyear=2023,ocd-bill/43ac6659-5e53-4c45-b3ed-f7198ba01e87
1e98a45f-6826-455c-b275-8cb7b1f3f990,,https://www.gencourt.state.nh.us/bill_status/legacy/bs2016/bill_status.aspx?lsr=0685&sy=2023&sortoption=&txtsessionyear=2023,ocd-bill/15fafa1d-faa7-4dec-85ba-4f20d8690bf6
378087a1-b733-4bb6-bb92-07d474bc8355,,https://www.gencourt.state.nh.us/bill_status/legacy/bs2016/bill_status.aspx?lsr=0770&sy=2023&sortoption=&txtsessionyear=2023,ocd-bill/27836e53-56a6-4265-9253-4bb3a73b74f8
7e4951e4-7869-4a82-bf17-2f131a0b0496,,https://www.gencourt.state.nh.us/bill_status/legacy/bs2016/bill_status.aspx?lsr=0549&sy=2023&sortoption=&txtsessionyear=2023,ocd-bill/c2a0851b-17d0-437b-b6f3-2208d1a48245
89fd9761-6362-432d-89a7-d28379d075af,,https://www.gencourt.state.nh.us/bill_status/legacy/bs2016/bill_status.aspx?lsr=0981&sy=2023&sortoption=&txtsessionyear=2023,ocd-bill/65bdf982-d99d-406c-9c78-c80fae3a9647
63639347-ca2d-4cfa-917c-152fe0cf3764,,https://www.gencourt.state.nh.us/bill_status/legacy/bs2016/bill_status.aspx?lsr=0174&sy=2023&sortoption=&txtsessionyear=2023,ocd-bill/60783e25-44c6-4991-9bc2-958721d255cd
b35523a9-b763-4cd2-ae74-db6bb05257e9,,https://www.gencourt.state.nh.us/bill_status/legacy/bs2016/bill_status.aspx?lsr=0754&sy=2023&sortoption=&txtsessionyear=2023,ocd-bill/62668454-2228-434b-a758-4ba0914d04d9
b9d4d4c1-148e-4237-96af-c10a6e8aff28,,https://www.gencourt.state.nh.us/bill_status/legacy/bs2016/bill_status.aspx?lsr=0620&sy=2023&sortoption=&txtsessionyear=2023,ocd-bill/175dd51e-0758-4927-8031-19d93d54becf
e7bdd8bd-9270-4113-8126-f6d604d9d1ff,,https://www.gencourt.state.nh.us/bill_status/legacy/bs2016/bill_status.aspx?lsr=0998&sy=2023&sortoption=&txtsessionyear=2023,ocd-bill/b251b142-1e11-4e46-960d-a563ee56ede1
ddac62ee-dcd4-44bc-8f50-2438b530dac9,,https://www.gencourt.state.nh.us/bill_status/legacy/bs2016/bill_status.aspx?lsr=0479&sy=2023&sortoption=&txtsessionyear=2023,ocd-bill/742c8924-cec0-4df1-ac72-2a628ac982ba
e52e9a5e-8859-42ae-be2f-56143e153548,,https://www.gencourt.state.nh.us/bill_status/legacy/bs2016/bill_status.aspx?lsr=0356&sy=2023&sortoption=&txtsessionyear=2023,ocd-bill/90a19144-75fe-4e27-b68b-c3eb40c53d6d
833781d5-955e-4938-9461-3afddbdb06f4,,https://www.gencourt.state.nh.us/bill_status/legacy/bs2016/bill_status.aspx?lsr=0249&sy=2023&sortoption=&txtsessionyear=2023,ocd-bill/ad8b5bb9-cdab-445a-93f7-8f3588ae04b5
462feadb-1231-4af4-aa46-711f98dba103,,https://www.gencourt.state.nh.us/bill_status/legacy/bs2016/bill_status.aspx?lsr=0558&sy=2023&sortoption=&txtsessionyear=2023,ocd-bill/bb66d982-a22c-4777-afe1-83315800a4d2
24c4585d-1ebf-4723-9f74-5d930e82c2b7,,https://www.gencourt.state.nh.us/bill_status/legacy/bs2016/bill_status.aspx?lsr=0751&sy=2023&sortoption=&txtsessionyear=2023,ocd-bill/5f15dae6-107e-4e75-ae30-8c251cc60052
c940b9bb-19d3-4a61-98aa-9278a1a1f62a,,https://www.gencourt.state.nh.us/bill_status/legacy/bs2016/bill_status.aspx?lsr=1056&sy=2023&sortoption=&txtsessionyear=2023,ocd-bill/50b8fe5b-db0f-4bf8-bd62-f89054946e08
071a8e9a-14e1-45bb-a0ae-6b9b8f4f8f10,,https://www.gencourt.state.nh.us/bill_status/legacy/bs2016/bill_status.aspx?lsr=0908&sy=2023&sortoption=&txtsessionyear=2023,ocd-bill/b7252c67-3949-4a03-9f88-1122bcaacf10
ceecb714-4079-4877-8101-e7ebec76275e,,https://www.gencourt.state.nh.us/bill_status/legacy/bs2016/bill_status.aspx?lsr=0546&sy=2023&sortoption=&txtsessionyear=2023,ocd-bill/2893dd7f-a407-4ba9-baa5-e603985ee130
36ddc71f-10af-49c7-b3b8-9fd218e406b9,,https://www.gencourt.state.nh.us/bill_status/legacy/bs2016/bill_status.aspx?lsr=0708&sy=2023&sortoption=&txtsessionyear=2023,ocd-bill/5e6119d9-d928-4bb9-b9bf-8828f7b35d64
11d616db-91b9-443a-8597-311382a7cf56,,https://www.gencourt.state.nh.us/bill_status/legacy/bs2016/bill_status.aspx?lsr=1063&sy=2023&sortoption=&txtsessionyear=2023,ocd-bill/3aa6c5da-bcfa-481e-ad7e-a10b378fb212
f9f72acc-36af-4cc8-a0c7-11ffaeac57c9,,https://www.gencourt.state.nh.us/bill_status/legacy/bs2016/bill_status.aspx?lsr=0452&sy=2023&sortoption=&txtsessionyear=2023,ocd-bill/eeb34fcf-204f-4ad5-a73c-fc60d10714e8
c4904139-849d-4232-8c81-8b57a1add9d9,,https://www.gencourt.state.nh.us/bill_status/legacy/bs2016/bill_status.aspx?lsr=0690&sy=2023&sortoption=&txtsessionyear=2023,ocd-bill/88cf33d2-2a8a-4a3f-8103-f169c4660e5c
59b7c6fb-17a1-4f55-9a23-54d8ec00a014,,https://www.gencourt.state.nh.us/bill_status/legacy/bs2016/bill_status.aspx?lsr=0624&sy=2023&sortoption=&txtsessionyear=2023,ocd-bill/397e97cd-3ed2-4579-8179-5940c0b8ca09
7b454f96-aa1f-4421-b6d6-aa4383116e76,,https://www.gencourt.state.nh.us/bill_status/legacy/bs2016/bill_status.aspx?lsr=0405&sy=2023&sortoption=&txtsessionyear=2023,ocd-bill/dd185e12-a360-43aa-83ef-cce4d32ffa67
07b97d12-d586-447b-9bc3-8513ca4ba431,,https://www.gencourt.state.nh.us/bill_status/legacy/bs2016/bill_status.aspx?lsr=0671&sy=2023&sortoption=&txtsessionyear=2023,ocd-bill/979f1f6f-9508-4c15-ba5c-05ddfee37426
8177fd4c-fa9e-466d-b10e-8ef5e8428850,,https://www.gencourt.state.nh.us/bill_status/legacy/bs2016/bill_status.aspx?lsr=0372&sy=2023&sortoption=&txtsessionyear=2023,ocd-bill/7edd7344-8e3c-4526-9c4f-b2d0c3709278
eaceeaca-33fc-4aeb-8a88-363323dca232,,https://www.gencourt.state.nh.us/bill_status/legacy/bs2016/bill_status.aspx?lsr=0386&sy=2023&sortoption=&txtsessionyear=2023,ocd-bill/2a549085-4ead-470c-9b5b-18494ddeb0ba
785c661c-7d58-4725-ab4e-b906b5d963c7,,https://www.gencourt.state.nh.us/bill_status/legacy/bs2016/bill_status.aspx?lsr=0062&sy=2023&sortoption=&txtsessionyear=2023,ocd-bill/5fc0c561-9e25-4cbb-b070-173276bf24b4
96a67bdc-69b7-426b-8d71-e9f5ee3f9f5b,,https://www.gencourt.state.nh.us/bill_status/legacy/bs2016/bill_status.aspx?lsr=0079&sy=2023&sortoption=&txtsessionyear=2023,ocd-bill/6dddae4a-710c-4fd1-be17-0700e87af659
d52d2981-4117-4218-87be-647ac9a34132,,https://www.gencourt.state.nh.us/bill_status/legacy/bs2016/bill_status.aspx?lsr=0247&sy=2023&sortoption=&txtsessionyear=2023,ocd-bill/febdeee3-40db-4f2d-b1b9-b18ed1bd35d3
9e9c5b28-db21-4c27-8d2d-ba04dcdf6aa1,,https://www.gencourt.state.nh.us/bill_status/legacy/bs2016/bill_status.aspx?lsr=0167&sy=2023&sortoption=&txtsessionyear=2023,ocd-bill/e05075c6-da11-47d0-b102-5861ccf6a4ea
d4436a36-21c2-47c8-a4fb-6dfc899bb5e4,,https://www.gencourt.state.nh.us/bill_status/legacy/bs2016/bill_status.aspx?lsr=0843&sy=2023&sortoption=&txtsessionyear=2023,ocd-bill/910fe153-0c38-49b7-b6bb-460d29ad3184
4f410fda-4068-4fac-9d06-c8a8ffccd7da,,https://www.gencourt.state.nh.us/bill_status/legacy/bs2016/bill_status.aspx?lsr=0670&sy=2023&sortoption=&txtsessionyear=2023,ocd-bill/7e32087b-9986-4538-ae02-e6ef325c8259
a2b1be29-f392-4351-b39d-9258f81d5546,,https://www.gencourt.state.nh.us/bill_status/legacy/bs2016/bill_status.aspx?lsr=0522&sy=2023&sortoption=&txtsessionyear=2023,ocd-bill/f850e383-f277-4356-a04a-8e24f797ca48
010b8f97-6910-4a51-bedb-a2ea83749c14,,https://www.gencourt.state.nh.us/bill_status/legacy/bs2016/bill_status.aspx?lsr=0798&sy=2023&sortoption=&txtsessionyear=2023,ocd-bill/838901d1-b2a6-473c-9f93-8a1eedcac46e
c34e8599-0357-4d34-9597-03a061406d52,,https://www.gencourt.state.nh.us/bill_status/legacy/bs2016/bill_status.aspx?lsr=0095&sy=2023&sortoption=&txtsessionyear=2023,ocd-bill/12f65edc-fd68-47da-87fb-9d1e37494ba0
6119f634-6d47-4fa8-9875-58333ebf61c2,,https://www.gencourt.state.nh.us/bill_status/legacy/bs2016/bill_status.aspx?lsr=0417&sy=2023&sortoption=&txtsessionyear=2023,ocd-bill/5510a80f-364f-457d-bc43-b885a0a682e2
2752af5c-eff5-46fc-be52-64cbd733cbe5,,https://www.gencourt.state.nh.us/bill_status/legacy/bs2016/bill_status.aspx?lsr=0649&sy=2023&sortoption=&txtsessionyear=2023,ocd-bill/bd79f070-c2e5-49b9-92d8-426fffe1b8e7
7c47d287-6676-467b-87e9-6d2eea268578,,https://www.gencourt.state.nh.us/bill_status/legacy/bs2016/bill_status.aspx?lsr=0820&sy=2023&sortoption=&txtsessionyear=2023,ocd-bill/7429e3d8-fd7a-43e7-b255-ccab1532a8e6
66c7b4b1-42b0-4719-938a-6e8d2153f609,,https://www.gencourt.state.nh.us/bill_status/legacy/bs2016/bill_status.aspx?lsr=0891&sy=2023&sortoption=&txtsessionyear=2023,ocd-bill/2f117c3c-eac6-42ce-9d32-c3addbf79b5e
fd9f614a-a8c3-466e-8e43-1b829f2a6ca0,,https://www.gencourt.state.nh.us/bill_status/legacy/bs2016/bill_status.aspx?lsr=0131&sy=2023&sortoption=&txtsessionyear=2023,ocd-bill/0b039d76-3d50-473c-b67b-43ceff52cbf5
0c0ee5c4-cf5d-431b-9f55-16dff6adc660,,https://www.gencourt.state.nh.us/bill_status/legacy/bs2016/bill_status.aspx?lsr=0195&sy=2023&sortoption=&txtsessionyear=2023,ocd-bill/0a2dc6c4-d242-40a0-a994-5a387cc7eb80
029fbdaa-aeaa-4b9e-99f2-4d12c977fcd2,,https://www.gencourt.state.nh.us/bill_status/legacy/bs2016/bill_status.aspx?lsr=0501&sy=2023&sortoption=&txtsessionyear=2023,ocd-bill/e150b88b-36da-4964-8931-a33dcd9a19a2
4ecee688-04e3-43cc-bbcf-d4478a274ab7,,https://www.gencourt.state.nh.us/bill_status/legacy/bs2016/bill_status.aspx?lsr=0594&sy=2023&sortoption=&txtsessionyear=2023,ocd-bill/bc820ac5-8692-49d1-91ed-0247b3650fdd
0c386613-6867-416e-b03a-0eabc93b0b03,,https://www.gencourt.state.nh.us/bill_status/legacy/bs2016/bill_status.aspx?lsr=0939&sy=2023&sortoption=&txtsessionyear=2023,ocd-bill/e5844c91-b0fc-4109-803c-98f5de10fcb4
2c778a34-4720-4b45-8744-8a714beaeb40,,https://www.gencourt.state.nh.us/bill_status/legacy/bs2016/bill_status.aspx?lsr=0968&sy=2023&sortoption=&txtsessionyear=2023,ocd-bill/defc3863-7c01-4958-a140-2813c171d7e1
50ef0f5a-798d-4f1a-b894-d234801cb805,,https://www.gencourt.state.nh.us/bill_status/legacy/bs2016/bill_status.aspx?lsr=0893&sy=2023&sortoption=&txtsessionyear=2023,ocd-bill/4d9e1b42-c40f-4819-9f4d-4fd41f1c991c
93bc8c82-b8cc-44d9-b23b-1877907e738a,,https://www.gencourt.state.nh.us/bill_status/legacy/bs2016/bill_status.aspx?lsr=0153&sy=2023&sortoption=&txtsessionyear=2023,ocd-bill/a37832b0-03c6-4aad-b7bf-2a4b83762eeb
55c91542-b0fa-4ad8-9cf2-6ff4b8905669,,https://www.gencourt.state.nh.us/bill_status/legacy/bs2016/bill_status.aspx?lsr=0736&sy=2023&sortoption=&txtsessionyear=2023,ocd-bill/e9348941-8e55-4d57-8830-6e71b5cd5a4f
b93de29c-2e34-47f1-b50a-0938f0a61a53,,https://www.gencourt.state.nh.us/bill_status/legacy/bs2016/bill_status.aspx?lsr=0548&sy=2023&sortoption=&txtsessionyear=2023,ocd-bill/0cba7d83-448b-4c64-b066-a3b2a8906ffb
a1f412c7-27dc-43b7-8e3b-4f07e1d41712,,https://www.gencourt.state.nh.us/bill_status/legacy/bs2016/bill_status.aspx?lsr=0235&sy=2023&sortoption=&txtsessionyear=2023,ocd-bill/24a8bd44-316e-4a3e-b518-7ff99bf6203b
e499d969-7083-4000-912a-b3304f6bdae7,,https://www.gencourt.state.nh.us/bill_status/legacy/bs2016/bill_status.aspx?lsr=0210&sy=2023&sortoption=&txtsessionyear=2023,ocd-bill/ddeef500-4adb-4ce6-9637-75b32d4cba1c
75e0e9ac-7b13-4002-81f3-933ed8e0a1d6,,https://www.gencourt.state.nh.us/bill_status/legacy/bs2016/bill_status.aspx?lsr=0159&sy=2023&sortoption=&txtsessionyear=2023,ocd-bill/52939cb3-3751-44bb-9244-53af2c3c0658
4e1f1cfb-7fd5-412e-aae8-285619a2e8f7,,https://www.gencourt.state.nh.us/bill_status/legacy/bs2016/bill_status.aspx?lsr=0399&sy=2023&sortoption=&txtsessionyear=2023,ocd-bill/52f0fb7e-9ece-4096-b887-a4c0df40ba75
63ee5cae-63cb-42fa-86bd-0a167b1e6771,,https://www.gencourt.state.nh.us/bill_status/legacy/bs2016/bill_status.aspx?lsr=0032&sy=2023&sortoption=&txtsessionyear=2023,ocd-bill/b7727528-29f8-4bd2-85a7-a89cf020272f
8be470ff-c532-4ca9-9b98-82b5851a6b49,,https://www.gencourt.state.nh.us/bill_status/legacy/bs2016/bill_status.aspx?lsr=1050&sy=2023&sortoption=&txtsessionyear=2023,ocd-bill/697afa6c-2288-4a80-a681-2dfeb35fe0aa
5b6e50ed-aace-4e10-b660-e0888b357046,,https://www.gencourt.state.nh.us/bill_status/legacy/bs2016/bill_status.aspx?lsr=0953&sy=2023&sortoption=&txtsessionyear=2023,ocd-bill/6c3e6818-96b1-4933-b069-6a8998689e83
d5c30de1-3e06-4a80-b530-9dcbe025bb01,,https://www.gencourt.state.nh.us/bill_status/legacy/bs2016/bill_status.aspx?lsr=1048&sy=2023&sortoption=&txtsessionyear=2023,ocd-bill/9c10ea79-d1b7-45fb-9904-38aef727e1a4
faef92ff-99d8-483d-8902-0e046e3f5d31,,https://www.gencourt.state.nh.us/bill_status/legacy/bs2016/bill_status.aspx?lsr=0089&sy=2023&sortoption=&txtsessionyear=2023,ocd-bill/225c3c19-3555-4c01-a5a6-1ef288bae5bd
bd0f3ad8-a807-4506-b844-b1e3a597fcf9,,https://www.gencourt.state.nh.us/bill_status/legacy/bs2016/bill_status.aspx?lsr=0503&sy=2023&sortoption=&txtsessionyear=2023,ocd-bill/87259789-e36a-453a-a979-8516cb05b98d
7061ee25-8e76-4d56-8636-e7cbcd9c5327,,https://www.gencourt.state.nh.us/bill_status/legacy/bs2016/bill_status.aspx?lsr=0118&sy=2023&sortoption=&txtsessionyear=2023,ocd-bill/821291d3-e8a6-470d-813e-7fc00bd78385
c898107f-dcb9-46bc-a328-d380f2511bb1,,https://www.gencourt.state.nh.us/bill_status/legacy/bs2016/bill_status.aspx?lsr=0845&sy=2023&sortoption=&txtsessionyear=2023,ocd-bill/3cd810bb-077e-4e3b-8118-9d7c55f473e9
d99ad1ed-26d0-4048-a936-2aa33243e7aa,,https://www.gencourt.state.nh.us/bill_status/legacy/bs2016/bill_status.aspx?lsr=0368&sy=2023&sortoption=&txtsessionyear=2023,ocd-bill/ff903a04-9c66-4a1f-bfd1-7467e945f7ab
15634c5a-22fe-48ae-abe8-1e3469341728,,https://www.gencourt.state.nh.us/bill_status/legacy/bs2016/bill_status.aspx?lsr=1067&sy=2023&sortoption=&txtsessionyear=2023,ocd-bill/44d2fab1-f144-4d64-bf9a-ce9df3303274
32114317-3074-475b-b617-4c439bd90b21,,https://www.gencourt.state.nh.us/bill_status/legacy/bs2016/bill_status.aspx?lsr=0260&sy=2023&sortoption=&txtsessionyear=2023,ocd-bill/c3b81a17-8bdd-44c9-a9a6-020b14a7d862
8a862c7d-64e0-4182-8aba-307539f125bf,,https://www.gencourt.state.nh.us/bill_status/legacy/bs2016/bill_status.aspx?lsr=0493&sy=2023&sortoption=&txtsessionyear=2023,ocd-bill/dee33db9-c588-4413-bf6a-c2ac1da706ec
129d805d-73cf-4c51-b42d-16ab4cae4f77,,https://www.gencourt.state.nh.us/bill_status/legacy/bs2016/bill_status.aspx?lsr=0492&sy=2023&sortoption=&txtsessionyear=2023,ocd-bill/472d9f4b-5803-49a6-88dc-a121d94bb0f4
8c087d7f-654e-4953-af69-6ff319c88b2a,,https://www.gencourt.state.nh.us/bill_status/legacy/bs2016/bill_status.aspx?lsr=0703&sy=2023&sortoption=&txtsessionyear=2023,ocd-bill/8a6c9864-18cc-4e3d-9bb8-d7f1c775f3a8
e9830aa8-2cb1-4686-b236-9024067c8e33,,https://www.gencourt.state.nh.us/bill_status/legacy/bs2016/bill_status.aspx?lsr=0297&sy=2023&sortoption=&txtsessionyear=2023,ocd-bill/ca5abc78-047b-4f22-8174-fb061fee103f
98dc2c35-5824-4bd0-afd1-9d65f38857a5,,https://www.gencourt.state.nh.us/bill_status/legacy/bs2016/bill_status.aspx?lsr=0775&sy=2023&sortoption=&txtsessionyear=2023,ocd-bill/316d6f5d-a943-44c8-98b2-cb3372f903c2
0e4370b4-43cc-4af9-9398-a6351fca92b0,,https://www.gencourt.state.nh.us/bill_status/legacy/bs2016/bill_status.aspx?lsr=0156&sy=2023&sortoption=&txtsessionyear=2023,ocd-bill/e3ceee5d-fbc5-4d1d-bab4-d453e148e7f0
92722d1f-3c48-40c6-9d70-3a44dbc9e66f,,https://www.gencourt.state.nh.us/bill_status/legacy/bs2016/bill_status.aspx?lsr=0718&sy=2023&sortoption=&txtsessionyear=2023,ocd-bill/4cf8fb41-7660-4a4d-a35d-12b1acd79a36
8c50fede-b941-440a-9965-281228d69537,,https://www.gencourt.state.nh.us/bill_status/legacy/bs2016/bill_status.aspx?lsr=1026&sy=2023&sortoption=&txtsessionyear=2023,ocd-bill/4f5dbbc4-31f0-454c-90f5-882240cbf2c7
0d75b162-7c68-4c41-b913-b4ad5cdb1096,,https://www.gencourt.state.nh.us/bill_status/legacy/bs2016/bill_status.aspx?lsr=0892&sy=2023&sortoption=&txtsessionyear=2023,ocd-bill/23af4f78-8223-41cd-ba83-0903ae2ac61a
9f9757f4-6823-41b7-b10f-20812bfd33ec,,https://www.gencourt.state.nh.us/bill_status/legacy/bs2016/bill_status.aspx?lsr=0865&sy=2023&sortoption=&txtsessionyear=2023,ocd-bill/d8006e4c-93ad-4608-bb98-f43bdda5bb83
4cd19713-1392-4265-8b1c-0ca39a53993e,,https://www.gencourt.state.nh.us/bill_status/legacy/bs2016/bill_status.aspx?lsr=0838&sy=2023&sortoption=&txtsessionyear=2023,ocd-bill/a763d047-df3d-498f-ab77-774b033c0ec7
ffd59052-d863-4ae9-9a26-512284dbd983,,https://www.gencourt.state.nh.us/bill_status/legacy/bs2016/bill_status.aspx?lsr=0353&sy=2023&sortoption=&txtsessionyear=2023,ocd-bill/85540cac-9199-402f-a4ff-202a395649f9
eee46f73-ea7b-4630-8732-e55f9de3f2f4,,https://www.gencourt.state.nh.us/bill_status/legacy/bs2016/bill_status.aspx?lsr=0099&sy=2023&sortoption=&txtsessionyear=2023,ocd-bill/6ef9ba2e-19fc-4634-ae09-6e8f027fca91
d0eb83ef-a111-431b-a609-cdf6244bf714,,https://www.gencourt.state.nh.us/bill_status/legacy/bs2016/bill_status.aspx?lsr=0021&sy=2023&sortoption=&txtsessionyear=2023,ocd-bill/ebc03d01-a146-4f19-8d35-256020d23aad
bd376865-87de-41e9-b57d-3bcbc25df4d5,,https://www.gencourt.state.nh.us/bill_status/legacy/bs2016/bill_status.aspx?lsr=0830&sy=2023&sortoption=&txtsessionyear=2023,ocd-bill/42eb5712-e892-4889-927b-acf6c75c2328
31e12411-8e23-4bb2-aadb-adf9c8b4f069,,https://www.gencourt.state.nh.us/bill_status/legacy/bs2016/bill_status.aspx?lsr=0227&sy=2023&sortoption=&txtsessionyear=2023,ocd-bill/300b0f72-7cc7-49f2-a1ed-9274205177a9
ed0e9761-a658-48f8-9af5-9dc098c05625,,https://www.gencourt.state.nh.us/bill_status/legacy/bs2016/bill_status.aspx?lsr=0634&sy=2023&sortoption=&txtsessionyear=2023,ocd-bill/08b6eac1-0d74-4388-8482-7ac5b5c4ee7f
e01b0def-dcd1-410a-8636-f7db1e0aad31,,https://www.gencourt.state.nh.us/bill_status/legacy/bs2016/bill_status.aspx?lsr=1010&sy=2023&sortoption=&txtsessionyear=2023,ocd-bill/ddbe59a9-22df-4c34-a2d8-a15ff9d152ba
5bd8adc3-3e48-49f1-a93c-574a268b5982,,https://www.gencourt.state.nh.us/bill_status/legacy/bs2016/bill_status.aspx?lsr=0961&sy=2023&sortoption=&txtsessionyear=2023,ocd-bill/3353bf3a-12a1-4679-af5c-69a3d01bf298
56cbeb6b-10cc-42ce-82ca-f9287a6592f7,,https://www.gencourt.state.nh.us/bill_status/legacy/bs2016/bill_status.aspx?lsr=0508&sy=2023&sortoption=&txtsessionyear=2023,ocd-bill/ffbbbd19-08c9-4b77-a422-386315a0eba9
b623496c-cdf0-415f-9572-58ae535a7249,,https://www.gencourt.state.nh.us/bill_status/legacy/bs2016/bill_status.aspx?lsr=0835&sy=2023&sortoption=&txtsessionyear=2023,ocd-bill/cbff6ea8-d1f2-4401-a56f-47a2b9ae97a8
88869cc6-baca-407e-9de0-1fb3c4693f15,,https://www.gencourt.state.nh.us/bill_status/legacy/bs2016/bill_status.aspx?lsr=0721&sy=2023&sortoption=&txtsessionyear=2023,ocd-bill/d72bfba5-18b2-4985-8506-780cb99edeb4
00078ffc-bd2a-49aa-afa5-f5c155580fec,,https://www.gencourt.state.nh.us/bill_status/legacy/bs2016/bill_status.aspx?lsr=0391&sy=2023&sortoption=&txtsessionyear=2023,ocd-bill/c9ff34c4-fb8c-4899-ab33-1b347920a580
6ac5ab27-e266-4664-8825-5598e6859fc7,,https://www.gencourt.state.nh.us/bill_status/legacy/bs2016/bill_status.aspx?lsr=0043&sy=2023&sortoption=&txtsessionyear=2023,ocd-bill/0f7bca8d-66ff-4c30-aef4-b5d11b09f489
2169e6a6-ad36-4eda-9d64-12e1f45aa4a8,,https://www.gencourt.state.nh.us/bill_status/legacy/bs2016/bill_status.aspx?lsr=0458&sy=2023&sortoption=&txtsessionyear=2023,ocd-bill/e5bfb57d-52e5-4113-b008-1a91098ed283
69c6f5b1-4dd1-4171-ad1b-ebf89a31e841,,https://www.gencourt.state.nh.us/bill_status/legacy/bs2016/bill_status.aspx?lsr=0278&sy=2023&sortoption=&txtsessionyear=2023,ocd-bill/b03f4388-5d54-4e38-91bf-056de529d0a7
e41b6b15-30e8-42bb-9e69-d452ef149222,,https://www.gencourt.state.nh.us/bill_status/legacy/bs2016/bill_status.aspx?lsr=0617&sy=2023&sortoption=&txtsessionyear=2023,ocd-bill/5a0a32d0-e64a-4a2b-90a4-ffcf220017ce
8f0ed186-7c49-48d3-99ec-7ef984789209,,https://www.gencourt.state.nh.us/bill_status/legacy/bs2016/bill_status.aspx?lsr=0918&sy=2023&sortoption=&txtsessionyear=2023,ocd-bill/a4694fd4-8e56-49d1-b8d4-6df204648b2d
479949fa-237f-488f-a3d7-d62d6528e121,,https://www.gencourt.state.nh.us/bill_status/legacy/bs2016/bill_status.aspx?lsr=0544&sy=2023&sortoption=&txtsessionyear=2023,ocd-bill/bc9f31a9-0a11-4459-b54a-45ade510bf1a
0df83d30-6635-4b50-bee1-004b7f216c49,,https://www.gencourt.state.nh.us/bill_status/legacy/bs2016/bill_status.aspx?lsr=0008&sy=2023&sortoption=&txtsessionyear=2023,ocd-bill/ee02f3d9-9ecf-4524-95a5-e3d932b0aa64
8c2d846c-785e-48f9-a5df-f424ccb1d33a,,https://www.gencourt.state.nh.us/bill_status/legacy/bs2016/bill_status.aspx?lsr=1035&sy=2023&sortoption=&txtsessionyear=2023,ocd-bill/9684fa2c-a31b-4388-9d4d-8e87843d8784
674db30e-a50c-48d9-a691-2c3d79e846cf,,https://www.gencourt.state.nh.us/bill_status/legacy/bs2016/bill_status.aspx?lsr=0224&sy=2023&sortoption=&txtsessionyear=2023,ocd-bill/20be41a1-31f9-40db-aa58-850ac9c39c04
a3a59b60-867e-4e0c-86b1-816d66127bfe,,https://www.gencourt.state.nh.us/bill_status/legacy/bs2016/bill_status.aspx?lsr=0591&sy=2023&sortoption=&txtsessionyear=2023,ocd-bill/edae3238-58cd-49e5-bfd1-87c59be5e971
3c56cfcd-1228-4826-94e7-bdbb52cff32b,,https://www.gencourt.state.nh.us/bill_status/legacy/bs2016/bill_status.aspx?lsr=0551&sy=2023&sortoption=&txtsessionyear=2023,ocd-bill/30802264-f2d6-4627-9a85-4550cb9c0aeb
05db0974-4d92-4862-b9b9-8b372aca0ed6,,https://www.gencourt.state.nh.us/bill_status/legacy/bs2016/bill_status.aspx?lsr=0613&sy=2023&sortoption=&txtsessionyear=2023,ocd-bill/98aa48ac-56c3-4b38-a771-2bd48e707893
2ee49ad5-7b7b-4c5d-a907-1047086a8e13,,https://www.gencourt.state.nh.us/bill_status/legacy/bs2016/bill_status.aspx?lsr=0935&sy=2023&sortoption=&txtsessionyear=2023,ocd-bill/9d0050ad-4219-4140-9fe2-306b463f7e43
ff5fe4ad-0502-4cde-a28d-546333a4565a,,https://www.gencourt.state.nh.us/bill_status/legacy/bs2016/bill_status.aspx?lsr=0725&sy=2023&sortoption=&txtsessionyear=2023,ocd-bill/f157f33e-8fa7-45ae-8883-691da0173558
598b444d-056d-4c0c-aa97-8213008ac2c5,,https://www.gencourt.state.nh.us/bill_status/legacy/bs2016/bill_status.aspx?lsr=0947&sy=2023&sortoption=&txtsessionyear=2023,ocd-bill/865f1c9c-1b3e-4ded-a8ae-61f8f933a74a
b7cd8154-2204-47a5-ac2e-9b2dd4063d20,,https://www.gencourt.state.nh.us/bill_status/legacy/bs2016/bill_status.aspx?lsr=0476&sy=2023&sortoption=&txtsessionyear=2023,ocd-bill/8b39dea9-259e-4fc2-93da-f910f7f2eacb
72bf3dec-77ac-45ce-9287-046b090036bd,,https://www.gencourt.state.nh.us/bill_status/legacy/bs2016/bill_status.aspx?lsr=0382&sy=2023&sortoption=&txtsessionyear=2023,ocd-bill/18c7016b-809f-4f91-9ba8-e6ab3c6ad96b
2603a90c-c25e-4ba7-ae3d-ab7ba713672f,,https://www.gencourt.state.nh.us/bill_status/legacy/bs2016/bill_status.aspx?lsr=0135&sy=2023&sortoption=&txtsessionyear=2023,ocd-bill/3602f4e1-ec18-4a8e-a70e-80dc9dde61f5
a3d437df-6fec-4b76-90b3-2cea946dcf00,,https://www.gencourt.state.nh.us/bill_status/legacy/bs2016/bill_status.aspx?lsr=0126&sy=2023&sortoption=&txtsessionyear=2023,ocd-bill/c86c0d89-ddf5-46c1-8c60-c4e2968076a7
734496e6-ec4e-4b8f-9bcc-1bb6a0f1e27c,,https://www.gencourt.state.nh.us/bill_status/legacy/bs2016/bill_status.aspx?lsr=0668&sy=2023&sortoption=&txtsessionyear=2023,ocd-bill/01764340-19fe-494c-8090-cf56b568c02d
33ec13fc-62c3-42d8-922d-409621d1c9a9,,https://www.gencourt.state.nh.us/bill_status/legacy/bs2016/bill_status.aspx?lsr=0919&sy=2023&sortoption=&txtsessionyear=2023,ocd-bill/830686e8-a0fe-413b-b016-8650966a2c4d
2e3b412d-93af-4dc5-a4fa-a9a613914812,,https://www.gencourt.state.nh.us/bill_status/legacy/bs2016/bill_status.aspx?lsr=0378&sy=2023&sortoption=&txtsessionyear=2023,ocd-bill/f3d51b23-636a-419c-baea-e8c3d7c0a0e3
90a73a2f-a1dd-403c-866b-94e434dfa675,,https://www.gencourt.state.nh.us/bill_status/legacy/bs2016/bill_status.aspx?lsr=0684&sy=2023&sortoption=&txtsessionyear=2023,ocd-bill/222a8a79-ec9f-4cf4-af91-e6f6110a0dce
90cd5d87-3dd9-4f8b-9a59-bc98625dc6e1,,https://www.gencourt.state.nh.us/bill_status/legacy/bs2016/bill_status.aspx?lsr=0480&sy=2023&sortoption=&txtsessionyear=2023,ocd-bill/58f65909-1373-4659-95cf-52d5a853a98c
13cec34a-998d-485d-ba28-963ac78e8a15,,https://www.gencourt.state.nh.us/bill_status/legacy/bs2016/bill_status.aspx?lsr=1007&sy=2023&sortoption=&txtsessionyear=2023,ocd-bill/4c95afe9-a511-414a-af6e-162e5077ec16
18ee22c5-0a09-4a8a-abaa-4c302cc88dbd,,https://www.gencourt.state.nh.us/bill_status/legacy/bs2016/bill_status.aspx?lsr=0612&sy=2023&sortoption=&txtsessionyear=2023,ocd-bill/f3f230d5-6875-4889-8cec-e3c6af120483
6b53026a-1cfb-48ad-9674-3605136b67e2,,https://www.gencourt.state.nh.us/bill_status/legacy/bs2016/bill_status.aspx?lsr=0985&sy=2023&sortoption=&txtsessionyear=2023,ocd-bill/4304da40-3102-41a5-8fae-40407d105e6f
f6f3551c-bc7f-4f3f-b9bf-57a6acc32728,,https://www.gencourt.state.nh.us/bill_status/legacy/bs2016/bill_status.aspx?lsr=0232&sy=2023&sortoption=&txtsessionyear=2023,ocd-bill/10f8c2ed-8245-4c17-aa76-ad794ae277f0
fcc445b9-bd55-420f-b309-705effd29cb5,,https://www.gencourt.state.nh.us/bill_status/legacy/bs2016/bill_status.aspx?lsr=0773&sy=2023&sortoption=&txtsessionyear=2023,ocd-bill/06c00c0a-0b8f-45c4-afa7-7d2192742d5d
5d28fced-c140-43fb-bdfa-8cee79fcd675,,https://www.gencourt.state.nh.us/bill_status/legacy/bs2016/bill_status.aspx?lsr=0173&sy=2023&sortoption=&txtsessionyear=2023,ocd-bill/e50c43ef-b57b-45ad-b49b-361600b43c90
903c2106-3daf-49fd-abf9-708f0a80107c,,https://www.gencourt.state.nh.us/bill_status/legacy/bs2016/bill_status.aspx?lsr=0015&sy=2023&sortoption=&txtsessionyear=2023,ocd-bill/b3de995b-7e82-40c6-85bf-814ae37e8e5c
29d74d9b-2a1f-489b-a6b7-4aef09bd4585,,https://www.gencourt.state.nh.us/bill_status/legacy/bs2016/bill_status.aspx?lsr=0287&sy=2023&sortoption=&txtsessionyear=2023,ocd-bill/e4ce7e85-4abe-408d-97d3-05d14bddfe99
52beaca8-e3ef-4bc6-8189-93431304b3f1,,https://www.gencourt.state.nh.us/bill_status/legacy/bs2016/bill_status.aspx?lsr=0080&sy=2023&sortoption=&txtsessionyear=2023,ocd-bill/7e59366f-43d7-48c5-b6fc-8a9fbc964959
0d60654c-4da2-40ba-8b68-f7c15869a9e8,,https://www.gencourt.state.nh.us/bill_status/legacy/bs2016/bill_status.aspx?lsr=0161&sy=2023&sortoption=&txtsessionyear=2023,ocd-bill/d8d643cf-62e8-4e9e-b738-9f884470667a
bfc4536f-abb9-405b-a9c8-447efe71dec1,,https://www.gencourt.state.nh.us/bill_status/legacy/bs2016/bill_status.aspx?lsr=0140&sy=2023&sortoption=&txtsessionyear=2023,ocd-bill/f76d6cbd-ef69-473b-b5f0-03240997941b
7122276f-7106-4f5d-8449-d6d29da0158a,,https://www.gencourt.state.nh.us/bill_status/legacy/bs2016/bill_status.aspx?lsr=0990&sy=2023&sortoption=&txtsessionyear=2023,ocd-bill/0b05431c-70b9-4fa3-a5e4-b49d4e3e8ad3
aadf5f59-c7b7-41ed-8fc2-77e28f09f8cd,,https://www.gencourt.state.nh.us/bill_status/legacy/bs2016/bill_status.aspx?lsr=0291&sy=2023&sortoption=&txtsessionyear=2023,ocd-bill/bb2e76ad-8ad7-4f77-8613-0bbc8768f31a
f4ba0882-0d4f-42d1-b4f7-bfb2c988a219,,https://www.gencourt.state.nh.us/bill_status/legacy/bs2016/bill_status.aspx?lsr=1052&sy=2023&sortoption=&txtsessionyear=2023,ocd-bill/837651ef-e687-437b-a7e6-1f951b7d7aa2
6c1a99b4-1e3b-4b02-95e2-4655ce6d660c,,https://www.gencourt.state.nh.us/bill_status/legacy/bs2016/bill_status.aspx?lsr=0836&sy=2023&sortoption=&txtsessionyear=2023,ocd-bill/d38a3d6d-e383-4a7a-a59c-3635e7fb7c3c
747d2e42-501c-40e5-91b2-6f3861c4270d,,https://www.gencourt.state.nh.us/bill_status/legacy/bs2016/bill_status.aspx?lsr=0454&sy=2023&sortoption=&txtsessionyear=2023,ocd-bill/e8212564-e5e3-4490-8127-19949273304f
d2e0543d-8007-4d59-93b6-8a230e0e4e90,,https://www.gencourt.state.nh.us/bill_status/legacy/bs2016/bill_status.aspx?lsr=0300&sy=2023&sortoption=&txtsessionyear=2023,ocd-bill/c94eebc5-52c1-4dee-a7b4-54e32aa57068
95b1948e-783b-4e6b-ad25-0cbc26016f78,,https://www.gencourt.state.nh.us/bill_status/legacy/bs2016/bill_status.aspx?lsr=0415&sy=2023&sortoption=&txtsessionyear=2023,ocd-bill/8e19eca8-9e8b-44da-a0d4-01da08d4a5d2
04eeaff2-2847-4762-8e6a-294bcf32a04e,,https://www.gencourt.state.nh.us/bill_status/legacy/bs2016/bill_status.aspx?lsr=0864&sy=2023&sortoption=&txtsessionyear=2023,ocd-bill/8fe6d763-2a1c-4918-b6f3-a5cca5293c10
9ab21070-e439-41bc-a9a0-722749672ce7,,https://www.gencourt.state.nh.us/bill_status/legacy/bs2016/bill_status.aspx?lsr=0907&sy=2023&sortoption=&txtsessionyear=2023,ocd-bill/e11b3449-8353-4f3d-b4d7-7f93d57dfd39
04fd9051-b5ac-4a5f-aaf5-36698752fb3b,,https://www.gencourt.state.nh.us/bill_status/legacy/bs2016/bill_status.aspx?lsr=1001&sy=2023&sortoption=&txtsessionyear=2023,ocd-bill/032c2bdb-1d33-4ae5-8c02-2f18435afc43
5fb1e623-1106-4815-867b-30a2f5f7709f,,https://www.gencourt.state.nh.us/bill_status/legacy/bs2016/bill_status.aspx?lsr=0115&sy=2023&sortoption=&txtsessionyear=2023,ocd-bill/e007f03b-778a-4fca-9976-0dbd02253989
aef761f9-c4d1-4165-8c8f-da6a33437ccb,,https://www.gencourt.state.nh.us/bill_status/legacy/bs2016/bill_status.aspx?lsr=0641&sy=2023&sortoption=&txtsessionyear=2023,ocd-bill/d37dac0c-38d5-468d-a1ef-714bf0dc25a7
64bbb862-191a-4e88-881a-01f53362ebd7,,https://www.gencourt.state.nh.us/bill_status/legacy/bs2016/bill_status.aspx?lsr=0453&sy=2023&sortoption=&txtsessionyear=2023,ocd-bill/a84df1ea-a727-4123-af71-16efe2c85700
e4bc614b-5a6d-458f-9b83-ad070e197e51,,https://www.gencourt.state.nh.us/bill_status/legacy/bs2016/bill_status.aspx?lsr=0371&sy=2023&sortoption=&txtsessionyear=2023,ocd-bill/595628a3-9290-46ba-aaa6-a0d542f2f128
415ddb1f-209f-4fdf-864c-648ca11e8565,,https://www.gencourt.state.nh.us/bill_status/legacy/bs2016/bill_status.aspx?lsr=0854&sy=2023&sortoption=&txtsessionyear=2023,ocd-bill/48838400-2051-4c46-bcb9-af7567f47f31
927a2361-daee-4e1a-9a8b-203bacd98be2,,https://www.gencourt.state.nh.us/bill_status/legacy/bs2016/bill_status.aspx?lsr=0531&sy=2023&sortoption=&txtsessionyear=2023,ocd-bill/3f3f7175-83ad-42b2-b39e-8215c139ee89
24a542b4-fad1-4f9b-aa09-0f912795c34e,,https://www.gencourt.state.nh.us/bill_status/legacy/bs2016/bill_status.aspx?lsr=0013&sy=2023&sortoption=&txtsessionyear=2023,ocd-bill/5d80fc12-766e-44b6-8fbe-3d81b968a73c
d9200411-928e-43d7-b78e-870f16157303,,https://www.gencourt.state.nh.us/bill_status/legacy/bs2016/bill_status.aspx?lsr=0471&sy=2023&sortoption=&txtsessionyear=2023,ocd-bill/16c6836b-4c33-48fe-baf1-5a5113f8c31b
47ecccab-8e0d-4fbf-b35d-82082d7bb48d,,https://www.gencourt.state.nh.us/bill_status/legacy/bs2016/bill_status.aspx?lsr=0206&sy=2023&sortoption=&txtsessionyear=2023,ocd-bill/a64d19e1-d366-4231-9b77-af2404d506ed
dad4df54-dcee-4970-a14c-96f71d735b90,,https://www.gencourt.state.nh.us/bill_status/legacy/bs2016/bill_status.aspx?lsr=0967&sy=2023&sortoption=&txtsessionyear=2023,ocd-bill/a7f21185-1e14-422b-a1a9-c462fac15b41
db6dddc3-3996-4f5c-a4de-2acd83f5d11b,,https://www.gencourt.state.nh.us/bill_status/legacy/bs2016/bill_status.aspx?lsr=0379&sy=2023&sortoption=&txtsessionyear=2023,ocd-bill/d1d7eaac-07be-4754-9286-3788aea80bf8
c8ca0e4a-f0e8-4b95-a8fa-68fa9d998f30,,https://www.gencourt.state.nh.us/bill_status/legacy/bs2016/bill_status.aspx?lsr=0142&sy=2023&sortoption=&txtsessionyear=2023,ocd-bill/7d8963aa-f0bd-4eef-826e-a34a2c64f7af
f98aa73f-7840-4d91-98b1-6c535e24003f,,https://www.gencourt.state.nh.us/bill_status/legacy/bs2016/bill_status.aspx?lsr=0018&sy=2023&sortoption=&txtsessionyear=2023,ocd-bill/5563ebcf-f82b-472f-9f8c-73229aa5d5ac
b2928219-ad71-467d-8c89-1117fca8c282,,https://www.gencourt.state.nh.us/bill_status/legacy/bs2016/bill_status.aspx?lsr=0020&sy=2023&sortoption=&txtsessionyear=2023,ocd-bill/a9df7baf-1f58-4b90-bab1-313a6851cb88
bab62da9-d5b9-4f0a-8b30-8ba12af8df3d,,https://www.gencourt.state.nh.us/bill_status/legacy/bs2016/bill_status.aspx?lsr=0387&sy=2023&sortoption=&txtsessionyear=2023,ocd-bill/b15a93c7-5a39-40f0-8ccd-96819386862d
220133bf-f183-4abd-9aef-e5e775b4f7bf,,https://www.gencourt.state.nh.us/bill_status/legacy/bs2016/bill_status.aspx?lsr=0076&sy=2023&sortoption=&txtsessionyear=2023,ocd-bill/53fe6806-4de0-4d0c-9fc6-fa99fa1e822a
94f2cd2e-1879-4491-9fc1-61355e2e16ae,,https://www.gencourt.state.nh.us/bill_status/legacy/bs2016/bill_status.aspx?lsr=0719&sy=2023&sortoption=&txtsessionyear=2023,ocd-bill/1965fecf-474d-43f5-8962-941f607af8ec
a09d1ca7-fcb4-452a-831b-2c7501b46287,,https://www.gencourt.state.nh.us/bill_status/legacy/bs2016/bill_status.aspx?lsr=0577&sy=2023&sortoption=&txtsessionyear=2023,ocd-bill/ae2d4c30-52c7-4448-b6ca-5b5d0309bf68
c058224b-9dae-44aa-9279-20e9ac237c40,,https://www.gencourt.state.nh.us/bill_status/legacy/bs2016/bill_status.aspx?lsr=0906&sy=2023&sortoption=&txtsessionyear=2023,ocd-bill/affc2f5f-d07d-4cc0-a6f1-1b5b7a2dc707
45ffc9c5-52bc-48eb-9432-3c54b309cc5a,,https://www.gencourt.state.nh.us/bill_status/legacy/bs2016/bill_status.aspx?lsr=0204&sy=2023&sortoption=&txtsessionyear=2023,ocd-bill/e2bc92eb-03ac-4ac0-867f-18336321f1db
faf0bb7c-ee29-4b9d-8614-2a0f40179d2c,,https://www.gencourt.state.nh.us/bill_status/legacy/bs2016/bill_status.aspx?lsr=0806&sy=2023&sortoption=&txtsessionyear=2023,ocd-bill/fe3e47f4-1f27-4cf2-8546-d639530b5194
fa540698-2b32-4e8d-850f-144e38ccb422,,https://www.gencourt.state.nh.us/bill_status/legacy/bs2016/bill_status.aspx?lsr=0192&sy=2023&sortoption=&txtsessionyear=2023,ocd-bill/6efaec72-097d-444a-8d53-21302ccc0c2f
ee6d69eb-f573-491c-a3fb-7f10e342ff5e,,https://www.gencourt.state.nh.us/bill_status/legacy/bs2016/bill_status.aspx?lsr=0876&sy=2023&sortoption=&txtsessionyear=2023,ocd-bill/c4cbe113-47d6-42a7-8533-24b838550603
dec3ca21-e75b-43e2-8ab4-4170cb87420e,,https://www.gencourt.state.nh.us/bill_status/legacy/bs2016/bill_status.aspx?lsr=0365&sy=2023&sortoption=&txtsessionyear=2023,ocd-bill/4918c2f5-6c20-4eb9-be2a-34898dce4163
face604d-2f99-4ba7-9bb7-102290b4f7fb,,https://www.gencourt.state.nh.us/bill_status/legacy/bs2016/bill_status.aspx?lsr=0237&sy=2023&sortoption=&txtsessionyear=2023,ocd-bill/e2a9f7aa-464b-4205-8704-63d84db514e9
41d3c1c4-651a-4045-a80b-494d63491fe3,,https://www.gencourt.state.nh.us/bill_status/legacy/bs2016/bill_status.aspx?lsr=0139&sy=2023&sortoption=&txtsessionyear=2023,ocd-bill/3a38e64a-bbba-40d8-a4e6-0756482238dd
a68bc375-0d90-4f9c-8f4c-b3f9bd43e604,,https://www.gencourt.state.nh.us/bill_status/legacy/bs2016/bill_status.aspx?lsr=0614&sy=2023&sortoption=&txtsessionyear=2023,ocd-bill/0cb87cf8-6d05-434d-b45e-c76b40bcbaab
77671d06-ba48-48b8-ae85-c18afc5d953a,,https://www.gencourt.state.nh.us/bill_status/legacy/bs2016/bill_status.aspx?lsr=0038&sy=2023&sortoption=&txtsessionyear=2023,ocd-bill/7f325085-0bd1-49a8-8824-09c16d57cb35
a4fe7151-e8bd-44bb-99f4-d33865daff9c,,https://www.gencourt.state.nh.us/bill_status/legacy/bs2016/bill_status.aspx?lsr=1011&sy=2023&sortoption=&txtsessionyear=2023,ocd-bill/1f51dc8b-0cf9-4ada-b236-0564c9eb9734
c3189cce-723c-4088-9193-4e49ee1c4c2c,,https://www.gencourt.state.nh.us/bill_status/legacy/bs2016/bill_status.aspx?lsr=0713&sy=2023&sortoption=&txtsessionyear=2023,ocd-bill/3a84edd7-ab2a-4b4b-a5bc-e6f2a513d268
7aad6175-c56a-4ac2-87e1-943b0fddf804,,https://www.gencourt.state.nh.us/bill_status/legacy/bs2016/bill_status.aspx?lsr=0362&sy=2023&sortoption=&txtsessionyear=2023,ocd-bill/a6aa22dd-7603-4211-a495-66bbe6f22026
0e527332-4594-4233-ae61-c24e13c0ce37,,https://www.gencourt.state.nh.us/bill_status/legacy/bs2016/bill_status.aspx?lsr=0677&sy=2023&sortoption=&txtsessionyear=2023,ocd-bill/2fbd0dfa-2fb1-4d8b-a96e-d43d59f7af25
0bec8749-028c-4838-b2b2-7cbc54c11d5d,,https://www.gencourt.state.nh.us/bill_status/legacy/bs2016/bill_status.aspx?lsr=0146&sy=2023&sortoption=&txtsessionyear=2023,ocd-bill/bee44cf4-83ec-484d-bc74-11c821605ee0
1a2390cd-42f5-492c-9012-74f0f80681cc,,https://www.gencourt.state.nh.us/bill_status/legacy/bs2016/bill_status.aspx?lsr=0873&sy=2023&sortoption=&txtsessionyear=2023,ocd-bill/a445ccbf-f685-4233-baf7-13c0076af1e8
fc4c36a2-d921-4dad-a9f2-01128cf9257d,,https://www.gencourt.state.nh.us/bill_status/legacy/bs2016/bill_status.aspx?lsr=0066&sy=2023&sortoption=&txtsessionyear=2023,ocd-bill/7be83487-c377-4782-9aa2-0f2f71963786
ed4e07ef-072d-4d90-9002-1ba748b5109d,,https://www.gencourt.state.nh.us/bill_status/legacy/bs2016/bill_status.aspx?lsr=0547&sy=2023&sortoption=&txtsessionyear=2023,ocd-bill/4bef80bf-b48b-44bb-b6e4-bc181be9fbf9
6c02882c-2317-403d-97aa-ab20c5c0988c,,https://www.gencourt.state.nh.us/bill_status/legacy/bs2016/bill_status.aspx?lsr=0425&sy=2023&sortoption=&txtsessionyear=2023,ocd-bill/1a72b9bf-8545-4774-8c00-b28c0d59ddc9
8f08ed1a-0c22-4f24-9f0f-a423b75f8903,,https://www.gencourt.state.nh.us/bill_status/legacy/bs2016/bill_status.aspx?lsr=0369&sy=2023&sortoption=&txtsessionyear=2023,ocd-bill/d4dda8e6-e5c0-4814-aeee-05beff6f4484
b5ed1cb0-399a-4a92-a8ae-728f38b8a39f,,https://www.gencourt.state.nh.us/bill_status/legacy/bs2016/bill_status.aspx?lsr=0625&sy=2023&sortoption=&txtsessionyear=2023,ocd-bill/7481b130-8be3-45dd-803e-e1a15d05fe80
6513145c-658e-4cd3-baed-a3a330ce6dfa,,https://www.gencourt.state.nh.us/bill_status/legacy/bs2016/bill_status.aspx?lsr=0469&sy=2023&sortoption=&txtsessionyear=2023,ocd-bill/48320450-ea73-4868-9526-50f512d7d555
6b34b2b6-37bf-45d5-afca-7ec51319830f,,https://www.gencourt.state.nh.us/bill_status/legacy/bs2016/bill_status.aspx?lsr=0867&sy=2023&sortoption=&txtsessionyear=2023,ocd-bill/58c94366-01c4-496a-ae55-816205055336
cedca86f-594f-4cce-89ea-96f39ab7d66d,,https://www.gencourt.state.nh.us/bill_status/legacy/bs2016/bill_status.aspx?lsr=0090&sy=2023&sortoption=&txtsessionyear=2023,ocd-bill/78c95305-b2ca-4666-b62a-d9d754261a95
c7852a46-b727-4725-9e86-0cabd7726228,,https://www.gencourt.state.nh.us/bill_status/legacy/bs2016/bill_status.aspx?lsr=0431&sy=2023&sortoption=&txtsessionyear=2023,ocd-bill/f74ca80a-3a28-469c-90c7-3df208e5e0e6
989541e0-a441-4e69-b822-d2cdd386c858,,https://www.gencourt.state.nh.us/bill_status/legacy/bs2016/bill_status.aspx?lsr=0570&sy=2023&sortoption=&txtsessionyear=2023,ocd-bill/1346958d-e7ff-4ede-a9f2-2c86e2ee3cc3
527b088b-91c9-421a-a44f-c1f4ae87bc6f,,https://www.gencourt.state.nh.us/bill_status/legacy/bs2016/bill_status.aspx?lsr=0783&sy=2023&sortoption=&txtsessionyear=2023,ocd-bill/3e2b9172-a250-4c40-baee-95b0b5afe217
247e0711-b486-4d0d-b1e7-8e4a014358bf,,https://www.gencourt.state.nh.us/bill_status/legacy/bs2016/bill_status.aspx?lsr=0915&sy=2023&sortoption=&txtsessionyear=2023,ocd-bill/04546b39-5201-4175-a875-b227b8ebf30d
55f24156-0d4b-453f-bd43-3479b3b31aa8,,https://www.gencourt.state.nh.us/bill_status/legacy/bs2016/bill_status.aspx?lsr=0524&sy=2023&sortoption=&txtsessionyear=2023,ocd-bill/c9d95e69-dab3-4867-9701-ae3bb49acd9d
73927db8-5d67-4232-bd83-262944b15e73,,https://www.gencourt.state.nh.us/bill_status/legacy/bs2016/bill_status.aspx?lsr=0696&sy=2023&sortoption=&txtsessionyear=2023,ocd-bill/63bd4848-bf30-4a0d-8567-0d7670272eed
a8b141d9-7fdd-4462-8935-908f0a433e59,,https://www.gencourt.state.nh.us/bill_status/legacy/bs2016/bill_status.aspx?lsr=0942&sy=2023&sortoption=&txtsessionyear=2023,ocd-bill/56741797-36e4-4fef-a374-6030f6c682aa
66ff5162-89cd-4c24-9208-73d5bd4fa770,,https://www.gencourt.state.nh.us/bill_status/legacy/bs2016/bill_status.aspx?lsr=0418&sy=2023&sortoption=&txtsessionyear=2023,ocd-bill/48ebdd9e-622b-45b7-afc3-68c7b8cc194f
d56df8e7-6936-4d5d-a67f-9fab2f1ab96e,,https://www.gencourt.state.nh.us/bill_status/legacy/bs2016/bill_status.aspx?lsr=0422&sy=2023&sortoption=&txtsessionyear=2023,ocd-bill/c3ec7c69-43c0-4d1e-b264-51eb07b4f2e7
cc27f7ae-5c3e-4154-9003-9d8bfbbb5484,,https://www.gencourt.state.nh.us/bill_status/legacy/bs2016/bill_status.aspx?lsr=0100&sy=2023&sortoption=&txtsessionyear=2023,ocd-bill/dfe2c201-234f-4629-87ca-89b112aef2e4
1ba1df33-fd28-4e72-9812-d569dc1c7a78,,https://www.gencourt.state.nh.us/bill_status/legacy/bs2016/bill_status.aspx?lsr=1014&sy=2023&sortoption=&txtsessionyear=2023,ocd-bill/4ce228a8-1ae5-459e-9e64-821b27b8c2c3
eaa7d46d-2f49-44d5-8f02-725d071c7a0a,,https://www.gencourt.state.nh.us/bill_status/legacy/bs2016/bill_status.aspx?lsr=0051&sy=2023&sortoption=&txtsessionyear=2023,ocd-bill/3096d148-ed4f-432c-9dbd-3716be070369
7fdb9da3-8b64-426d-bd7b-e32d75e0497b,,https://www.gencourt.state.nh.us/bill_status/legacy/bs2016/bill_status.aspx?lsr=0073&sy=2023&sortoption=&txtsessionyear=2023,ocd-bill/0c5bf2ca-9a79-4a35-be08-2194c67c14c4
3972ae1b-401b-4227-976b-7306a41f7c8e,,https://www.gencourt.state.nh.us/bill_status/legacy/bs2016/bill_status.aspx?lsr=0861&sy=2023&sortoption=&txtsessionyear=2023,ocd-bill/8bc14c48-8d6a-4d49-8ee1-685f4eaf849d
67feb1e9-0187-4870-b464-a77822080707,,https://www.gencourt.state.nh.us/bill_status/legacy/bs2016/bill_status.aspx?lsr=0256&sy=2023&sortoption=&txtsessionyear=2023,ocd-bill/9cb5a455-fd5a-48e6-86f8-9ad35c971ed0
cc551488-6d97-4625-b99d-4804aac46940,,https://www.gencourt.state.nh.us/bill_status/legacy/bs2016/bill_status.aspx?lsr=0486&sy=2023&sortoption=&txtsessionyear=2023,ocd-bill/538215c4-7b15-4a36-9fe8-f4da73e94098
d8ccfbda-b518-4e2f-813f-79a0acdd8506,,https://www.gencourt.state.nh.us/bill_status/legacy/bs2016/bill_status.aspx?lsr=0230&sy=2023&sortoption=&txtsessionyear=2023,ocd-bill/21ed6c59-a2f0-4da8-9cfd-f2ccd841b183
d50996bd-16af-4c63-a904-835d6397e12b,,https://www.gencourt.state.nh.us/bill_status/legacy/bs2016/bill_status.aspx?lsr=0538&sy=2023&sortoption=&txtsessionyear=2023,ocd-bill/6aabfba6-9d8b-406e-bd43-8f629af5b3f0
1f61b0da-1425-497a-b3d0-ff2d425ba469,,https://www.gencourt.state.nh.us/bill_status/legacy/bs2016/bill_status.aspx?lsr=0248&sy=2023&sortoption=&txtsessionyear=2023,ocd-bill/5a9de485-bb26-4485-9c26-900533acb235
0bfd868e-af11-412b-8ebc-28c0726b6809,,https://www.gencourt.state.nh.us/bill_status/legacy/bs2016/bill_status.aspx?lsr=0697&sy=2023&sortoption=&txtsessionyear=2023,ocd-bill/9a63f6ce-f4a7-4097-b5af-8ed2796dd42f
1171a074-3149-4785-975c-82ee7d8dc1a7,,https://www.gencourt.state.nh.us/bill_status/legacy/bs2016/bill_status.aspx?lsr=0652&sy=2023&sortoption=&txtsessionyear=2023,ocd-bill/65b3a7a6-02ba-48cb-b023-b37571157319
ed4477ed-398d-4401-8387-f1f13286fdab,,https://www.gencourt.state.nh.us/bill_status/legacy/bs2016/bill_status.aspx?lsr=0289&sy=2023&sortoption=&txtsessionyear=2023,ocd-bill/1283c7ac-f88c-478b-af19-019dfdcd9fdd
2aa24240-45a7-4c1c-b286-b409b04a7f49,,https://www.gencourt.state.nh.us/bill_status/legacy/bs2016/bill_status.aspx?lsr=0083&sy=2023&sortoption=&txtsessionyear=2023,ocd-bill/565f4edb-8356-4102-9e64-917ec2978b2e
0067f096-dc99-4c50-97e7-6c776ddcb83f,,https://www.gencourt.state.nh.us/bill_status/legacy/bs2016/bill_status.aspx?lsr=0583&sy=2023&sortoption=&txtsessionyear=2023,ocd-bill/0a949224-8c9d-4257-85a3-a0e93e891787
78cb5cbd-f190-401d-8f46-d6af1ed79764,,https://www.gencourt.state.nh.us/bill_status/legacy/bs2016/bill_status.aspx?lsr=0868&sy=2023&sortoption=&txtsessionyear=2023,ocd-bill/9ea4dbf5-f9ec-4e6b-a04d-5a47336c9038
5f6533eb-b04e-4e80-a9bf-365265656c71,,https://www.gencourt.state.nh.us/bill_status/legacy/bs2016/bill_status.aspx?lsr=0294&sy=2023&sortoption=&txtsessionyear=2023,ocd-bill/fe8453e2-f2a6-43a2-bbf8-08ac0a924853
48587ac1-1490-472b-9877-5dcd636e8a6b,,https://www.gencourt.state.nh.us/bill_status/legacy/bs2016/bill_status.aspx?lsr=0428&sy=2023&sortoption=&txtsessionyear=2023,ocd-bill/b0a6b5ec-c8e4-4711-be00-dde6e0756698
ae611a21-e8e0-4cee-98f2-faf88769c559,,https://www.gencourt.state.nh.us/bill_status/legacy/bs2016/bill_status.aspx?lsr=0653&sy=2023&sortoption=&txtsessionyear=2023,ocd-bill/b0fc1836-d11d-4a0b-b304-f9b456d04eaf
9b152c34-a473-459d-8504-b29a98e10bd7,,https://www.gencourt.state.nh.us/bill_status/legacy/bs2016/bill_status.aspx?lsr=0650&sy=2023&sortoption=&txtsessionyear=2023,ocd-bill/f86290f3-8a76-43b1-b594-a0232db57466
6c41d4f5-41dd-4a0e-b29d-f7c1eea78381,,https://www.gencourt.state.nh.us/bill_status/legacy/bs2016/bill_status.aspx?lsr=0744&sy=2023&sortoption=&txtsessionyear=2023,ocd-bill/69098fd8-c30a-4e1f-8249-889721fa846e
45c18a31-2628-4b7a-aea7-910e1313d68a,,https://www.gencourt.state.nh.us/bill_status/legacy/bs2016/bill_status.aspx?lsr=0539&sy=2023&sortoption=&txtsessionyear=2023,ocd-bill/245e8995-1045-4cd8-b30c-36c2fe12b564
109f7d79-b6b1-48c1-a094-6240d4d4a066,,https://www.gencourt.state.nh.us/bill_status/legacy/bs2016/bill_status.aspx?lsr=0068&sy=2023&sortoption=&txtsessionyear=2023,ocd-bill/e7ccc0ad-c3c8-413c-8d13-c96cd3aa6368
60b97e40-667b-4142-bd7b-e34d28843000,,https://www.gencourt.state.nh.us/bill_status/legacy/bs2016/bill_status.aspx?lsr=0426&sy=2023&sortoption=&txtsessionyear=2023,ocd-bill/0a09a531-3697-49cc-8d00-03c4bc7fbb4e
bc7d8a48-fe1b-4786-bf44-7e75f593663c,,https://www.gencourt.state.nh.us/bill_status/legacy/bs2016/bill_status.aspx?lsr=0727&sy=2023&sortoption=&txtsessionyear=2023,ocd-bill/9f71b391-ad26-44b3-9d4e-c78ac90bf241
b5219956-e121-4a29-8b55-d414fe9a8e95,,https://www.gencourt.state.nh.us/bill_status/legacy/bs2016/bill_status.aspx?lsr=0305&sy=2023&sortoption=&txtsessionyear=2023,ocd-bill/9b2fc1dc-9d9e-49f5-baca-f5b7e2529ee8
24595ebc-d8b9-4877-9cae-8f9ad2503233,,https://www.gencourt.state.nh.us/bill_status/legacy/bs2016/bill_status.aspx?lsr=0662&sy=2023&sortoption=&txtsessionyear=2023,ocd-bill/4e944ae9-795b-4174-a665-c41ce177c242
11461f34-6535-45f9-8158-40ddfb8e0ff1,,https://www.gencourt.state.nh.us/bill_status/legacy/bs2016/bill_status.aspx?lsr=0917&sy=2023&sortoption=&txtsessionyear=2023,ocd-bill/750b92b2-a0be-47a8-9a55-6fcb92aa2906
104dbd56-b8d2-4257-8ac3-2b1c29288afe,,https://www.gencourt.state.nh.us/bill_status/legacy/bs2016/bill_status.aspx?lsr=0325&sy=2023&sortoption=&txtsessionyear=2023,ocd-bill/1a16032c-5437-49c3-accc-5684a7250ba0
c72b705b-5c9c-46fc-8ae0-ddcb70ac6da8,,https://www.gencourt.state.nh.us/bill_status/legacy/bs2016/bill_status.aspx?lsr=0307&sy=2023&sortoption=&txtsessionyear=2023,ocd-bill/0d455510-ee83-493f-b465-56e51c9bf26c
4980665a-c9b3-4d34-8332-2b8a92917497,,https://www.gencourt.state.nh.us/bill_status/legacy/bs2016/bill_status.aspx?lsr=0282&sy=2023&sortoption=&txtsessionyear=2023,ocd-bill/39b39639-7d24-41ec-a280-63198108bf71
0161741b-63f5-458e-8bfa-935517ed2d75,,https://www.gencourt.state.nh.us/bill_status/legacy/bs2016/bill_status.aspx?lsr=0885&sy=2023&sortoption=&txtsessionyear=2023,ocd-bill/3136cb41-ab95-40e9-b015-aa405bf96eda
14ba8a8e-3ce0-485a-8743-61e361920c30,,https://www.gencourt.state.nh.us/bill_status/legacy/bs2016/bill_status.aspx?lsr=0203&sy=2023&sortoption=&txtsessionyear=2023,ocd-bill/133cd831-ae8c-4264-b584-1977deec7841
ef7c0997-02c2-4f6a-95c1-8e1d5bc14fd2,,https://www.gencourt.state.nh.us/bill_status/legacy/bs2016/bill_status.aspx?lsr=0412&sy=2023&sortoption=&txtsessionyear=2023,ocd-bill/d8facb7b-340b-428c-aad9-e444de8cab0a
2afcb1cb-a9de-413c-9682-b7fdc59d8379,,https://www.gencourt.state.nh.us/bill_status/legacy/bs2016/bill_status.aspx?lsr=1005&sy=2023&sortoption=&txtsessionyear=2023,ocd-bill/9308e3b6-baf6-4507-a56c-54ee2b028e2f
6b6ebc0a-042d-41c4-ba08-d5a2544721a7,,https://www.gencourt.state.nh.us/bill_status/legacy/bs2016/bill_status.aspx?lsr=0657&sy=2023&sortoption=&txtsessionyear=2023,ocd-bill/65970fdf-451c-4470-acfc-841535dceb18
39d65071-74b3-4b34-ab29-7c74a1d99d7c,,https://www.gencourt.state.nh.us/bill_status/legacy/bs2016/bill_status.aspx?lsr=0490&sy=2023&sortoption=&txtsessionyear=2023,ocd-bill/72f81e3e-ff4d-4f8c-a746-78d3f707cd0a
4e990f36-f7e5-4c8f-af90-d1964b2164e9,,https://www.gencourt.state.nh.us/bill_status/legacy/bs2016/bill_status.aspx?lsr=0996&sy=2023&sortoption=&txtsessionyear=2023,ocd-bill/15fd3315-c515-48c3-9576-2c1130aaec1e
e80548ca-065b-44e1-bad8-7528353c6715,,https://www.gencourt.state.nh.us/bill_status/legacy/bs2016/bill_status.aspx?lsr=0745&sy=2023&sortoption=&txtsessionyear=2023,ocd-bill/042e9869-4f24-4702-aaec-8a8d1ef58d3e
6f080e8f-846a-4839-a2d6-091646c26cc9,,https://www.gencourt.state.nh.us/bill_status/legacy/bs2016/bill_status.aspx?lsr=0322&sy=2023&sortoption=&txtsessionyear=2023,ocd-bill/f0dd1b3c-58e5-4dd7-bcb7-4cf8af3d7c2b
8a61a996-bdbe-4746-9f34-f78e7733ad7c,,https://www.gencourt.state.nh.us/bill_status/legacy/bs2016/bill_status.aspx?lsr=0602&sy=2023&sortoption=&txtsessionyear=2023,ocd-bill/161eb439-9e9d-4110-a6e7-b9f9d8e795f8
cfd5b4ed-b17b-41ae-8633-c0e2917d0c57,,https://www.gencourt.state.nh.us/bill_status/legacy/bs2016/bill_status.aspx?lsr=0218&sy=2023&sortoption=&txtsessionyear=2023,ocd-bill/dfbac7b3-ad92-4b18-aedf-51dcd090cc16
a5cffb91-6ceb-4444-8395-7f56cb264e52,,https://www.gencourt.state.nh.us/bill_status/legacy/bs2016/bill_status.aspx?lsr=0931&sy=2023&sortoption=&txtsessionyear=2023,ocd-bill/66edb112-a3ac-48f0-886d-3a7998f5f998
370f04f5-9ec2-48ba-889f-e900374a1d17,,https://www.gencourt.state.nh.us/bill_status/legacy/bs2016/bill_status.aspx?lsr=0933&sy=2023&sortoption=&txtsessionyear=2023,ocd-bill/8dc8c0b2-dc48-4caa-90a0-5761552570eb
fad4b633-dca4-4fc9-b709-02184629a28e,,https://www.gencourt.state.nh.us/bill_status/legacy/bs2016/bill_status.aspx?lsr=0284&sy=2023&sortoption=&txtsessionyear=2023,ocd-bill/10612027-129c-47d4-b997-206a92c94f97
a23fff41-3864-4f2d-a344-a18d5df5b493,,https://www.gencourt.state.nh.us/bill_status/legacy/bs2016/bill_status.aspx?lsr=0833&sy=2023&sortoption=&txtsessionyear=2023,ocd-bill/d0e35c0b-3e4c-4d58-b39b-463539471c2e
2cb5b996-247e-4a90-86f9-dd18054d794d,,https://www.gencourt.state.nh.us/bill_status/legacy/bs2016/bill_status.aspx?lsr=1066&sy=2023&sortoption=&txtsessionyear=2023,ocd-bill/0e801f2c-0c59-4230-8412-cccb5588c650
d7e59fb8-133e-44d3-98e4-11b94e94a395,,https://www.gencourt.state.nh.us/bill_status/legacy/bs2016/bill_status.aspx?lsr=1054&sy=2023&sortoption=&txtsessionyear=2023,ocd-bill/ffbc6828-c05a-4e20-9bdc-ebeac512ce25
119dd553-8d62-4576-9428-8bc5e7699c1c,,https://www.gencourt.state.nh.us/bill_status/legacy/bs2016/bill_status.aspx?lsr=0874&sy=2023&sortoption=&txtsessionyear=2023,ocd-bill/797651f5-abc3-4503-ab49-8e187697dd5a
d0e1dbea-5949-4839-83d5-004abfb2a650,,https://www.gencourt.state.nh.us/bill_status/legacy/bs2016/bill_status.aspx?lsr=0392&sy=2023&sortoption=&txtsessionyear=2023,ocd-bill/8df88c0f-7334-4bd6-b390-30192b8c9c68
dbb715cc-e0c0-4d19-90b0-37c491544ea3,,https://www.gencourt.state.nh.us/bill_status/legacy/bs2016/bill_status.aspx?lsr=0484&sy=2023&sortoption=&txtsessionyear=2023,ocd-bill/5ef7bbe0-321c-450e-bab2-53bb45061720
cd68db34-312b-4d26-84d8-fd6688082a17,,https://www.gencourt.state.nh.us/bill_status/legacy/bs2016/bill_status.aspx?lsr=0567&sy=2023&sortoption=&txtsessionyear=2023,ocd-bill/0a942c7d-a7ce-40c6-ad58-7106f76c818f
4624d903-68a6-4332-81b0-4dcebf33d743,,https://www.gencourt.state.nh.us/bill_status/legacy/bs2016/bill_status.aspx?lsr=0276&sy=2023&sortoption=&txtsessionyear=2023,ocd-bill/ed5a65f6-0de0-4ee9-8165-2111ce6908e7
c1518568-a98e-4a35-80fb-6d36803ad54f,,https://www.gencourt.state.nh.us/bill_status/legacy/bs2016/bill_status.aspx?lsr=0274&sy=2023&sortoption=&txtsessionyear=2023,ocd-bill/9c502401-c142-4412-9db4-7a4f61d8dd48
d3316368-6911-44b1-a582-4a81f16efba0,,https://www.gencourt.state.nh.us/bill_status/legacy/bs2016/bill_status.aspx?lsr=0499&sy=2023&sortoption=&txtsessionyear=2023,ocd-bill/e01760e0-1db7-4288-83e3-548ae42e4a92
0bbb70d8-f73f-403a-b6c3-027c63724f45,,https://www.gencourt.state.nh.us/bill_status/legacy/bs2016/bill_status.aspx?lsr=0561&sy=2023&sortoption=&txtsessionyear=2023,ocd-bill/3da1a490-38a1-4ae8-ab9a-7c386e916e66
011f1cb9-c2de-4887-9a67-7133be6bdc9b,,https://www.gencourt.state.nh.us/bill_status/legacy/bs2016/bill_status.aspx?lsr=0045&sy=2023&sortoption=&txtsessionyear=2023,ocd-bill/7f4822c6-bc2d-44cb-b3e7-43ebbda28af0
649b2693-fbb3-48bc-b158-8f170bafdf64,,https://www.gencourt.state.nh.us/bill_status/legacy/bs2016/bill_status.aspx?lsr=1031&sy=2023&sortoption=&txtsessionyear=2023,ocd-bill/9160105f-50d8-4268-a118-e1b1fd588800
6d0ca315-f1bd-4ac0-b19a-076fdb42da40,,https://www.gencourt.state.nh.us/bill_status/legacy/bs2016/bill_status.aspx?lsr=0283&sy=2023&sortoption=&txtsessionyear=2023,ocd-bill/b536437d-58c3-46ec-acf4-a55a00220ee9
4074d389-d526-48c0-94f7-212e21c5c1a5,,https://www.gencourt.state.nh.us/bill_status/legacy/bs2016/bill_status.aspx?lsr=0044&sy=2023&sortoption=&txtsessionyear=2023,ocd-bill/2ac1df24-b6c5-4aa8-8282-e4b59ef30641
73e8cf2f-1903-4213-a837-0233e9043ddd,,https://www.gencourt.state.nh.us/bill_status/legacy/bs2016/bill_status.aspx?lsr=0633&sy=2023&sortoption=&txtsessionyear=2023,ocd-bill/1edbdf69-86d1-4840-a52a-7366db88c85b
1d68bad4-5494-485e-b775-258c43fa9b98,,https://www.gencourt.state.nh.us/bill_status/legacy/bs2016/bill_status.aspx?lsr=0046&sy=2023&sortoption=&txtsessionyear=2023,ocd-bill/7a6ff119-2579-4a0b-84be-94c29648537c
fb9df23f-a9eb-481f-9ed2-6f94b9a72a13,,https://www.gencourt.state.nh.us/bill_status/legacy/bs2016/bill_status.aspx?lsr=0295&sy=2023&sortoption=&txtsessionyear=2023,ocd-bill/0666b2b5-d554-42d1-822a-cb77fca3c854
00a91d6d-ddb5-4835-98f3-912655b0ef2d,,https://www.gencourt.state.nh.us/bill_status/legacy/bs2016/bill_status.aspx?lsr=0516&sy=2023&sortoption=&txtsessionyear=2023,ocd-bill/54840286-3861-4326-b980-355d124c58eb
5532de22-3a8f-4561-9938-9be93578e905,,https://www.gencourt.state.nh.us/bill_status/legacy/bs2016/bill_status.aspx?lsr=0556&sy=2023&sortoption=&txtsessionyear=2023,ocd-bill/c7244358-2abc-4b68-9816-c9bd6e30f8f8
9894352f-3263-4417-ab6a-9ffa00acb958,,https://www.gencourt.state.nh.us/bill_status/legacy/bs2016/bill_status.aspx?lsr=0033&sy=2023&sortoption=&txtsessionyear=2023,ocd-bill/1707bf11-6b06-4410-b968-bb3ee74d296c
400c112d-3c5b-47fb-891b-5411a9609687,,https://www.gencourt.state.nh.us/bill_status/legacy/bs2016/bill_status.aspx?lsr=0462&sy=2023&sortoption=&txtsessionyear=2023,ocd-bill/de1aacb6-8a5c-4984-92dd-97c513714bed
7a2b9a8b-1ed0-490d-bcbf-46ef08a390dd,,https://www.gencourt.state.nh.us/bill_status/legacy/bs2016/bill_status.aspx?lsr=0354&sy=2023&sortoption=&txtsessionyear=2023,ocd-bill/f168d347-4b60-4c3e-a428-92c9f01a9934
080a1a87-0251-4b9b-bdbe-b861ba2e5823,,https://www.gencourt.state.nh.us/bill_status/legacy/bs2016/bill_status.aspx?lsr=0693&sy=2023&sortoption=&txtsessionyear=2023,ocd-bill/cabc9fe8-e2e3-469f-a201-beb8fe77e9e6
d725f30a-85e4-4966-9996-499f450f37cf,,https://www.gencourt.state.nh.us/bill_status/legacy/bs2016/bill_status.aspx?lsr=0460&sy=2023&sortoption=&txtsessionyear=2023,ocd-bill/95b1b326-4f0c-4182-a295-69390038d784
1f2c837d-61fc-411f-a856-e6456474bec0,,https://www.gencourt.state.nh.us/bill_status/legacy/bs2016/bill_status.aspx?lsr=0007&sy=2023&sortoption=&txtsessionyear=2023,ocd-bill/02647087-b9e9-4303-82a4-2d42900f9fc9
54bc3b3d-1bfa-4cfc-92d3-331b588ed541,,https://www.gencourt.state.nh.us/bill_status/legacy/bs2016/bill_status.aspx?lsr=0747&sy=2023&sortoption=&txtsessionyear=2023,ocd-bill/50cdda2f-fa76-4194-a762-a2c46f5ae8d9
064dc3dd-fe6e-4baa-a223-8d4f9f050884,,https://www.gencourt.state.nh.us/bill_status/legacy/bs2016/bill_status.aspx?lsr=0056&sy=2023&sortoption=&txtsessionyear=2023,ocd-bill/ab4006ec-4795-41a6-b8a5-7df199083be7
f46a8602-53fe-4b99-89de-b0c4019af259,,https://www.gencourt.state.nh.us/bill_status/legacy/bs2016/bill_status.aspx?lsr=0003&sy=2023&sortoption=&txtsessionyear=2023,ocd-bill/6dd4b4e0-8a5c-4d28-a208-bdcc68f635e1
fab1b5d3-c9e5-44cc-b5e1-d084e8317713,,https://www.gencourt.state.nh.us/bill_status/legacy/bs2016/bill_status.aspx?lsr=0030&sy=2023&sortoption=&txtsessionyear=2023,ocd-bill/124ac239-5817-4498-8beb-b33491b407f0
8aa13fc5-c2e6-4db7-9251-8198176734b1,,https://www.gencourt.state.nh.us/bill_status/legacy/bs2016/bill_status.aspx?lsr=0333&sy=2023&sortoption=&txtsessionyear=2023,ocd-bill/1e6e0e89-8468-4ccd-a91f-55f8bb3371c8
6b0cc88b-90de-4eac-afa3-56167c54b9a9,,https://www.gencourt.state.nh.us/bill_status/legacy/bs2016/bill_status.aspx?lsr=0355&sy=2023&sortoption=&txtsessionyear=2023,ocd-bill/c145ecf8-b38b-47fe-b20e-53f15f8d456d
a1ea9dd8-038d-416d-8e57-18dee6a348a4,,https://www.gencourt.state.nh.us/bill_status/legacy/bs2016/bill_status.aspx?lsr=0465&sy=2023&sortoption=&txtsessionyear=2023,ocd-bill/a8473bb4-9bfd-4657-88ff-cf4062f4f410
81d80782-40f9-4de3-9ee6-bdee4562633e,,https://www.gencourt.state.nh.us/bill_status/legacy/bs2016/bill_status.aspx?lsr=0299&sy=2023&sortoption=&txtsessionyear=2023,ocd-bill/d12a0ce7-4716-40da-b6db-0fff9b58eebc
4c2e8df7-a0ba-4745-8878-773e70c0656d,,https://www.gencourt.state.nh.us/bill_status/legacy/bs2016/bill_status.aspx?lsr=1057&sy=2023&sortoption=&txtsessionyear=2023,ocd-bill/5a3e4678-7a9c-447c-9411-cd88b63edeed
59b53051-c27d-435e-bec5-1e69fb54cf3b,,https://www.gencourt.state.nh.us/bill_status/legacy/bs2016/bill_status.aspx?lsr=0127&sy=2023&sortoption=&txtsessionyear=2023,ocd-bill/7605e322-3d73-49b9-bfd4-e610609e6a2e
fab45b52-d339-436a-9836-7a9d54c89178,,https://www.gencourt.state.nh.us/bill_status/legacy/bs2016/bill_status.aspx?lsr=0323&sy=2023&sortoption=&txtsessionyear=2023,ocd-bill/89edda86-4b11-4876-b3c5-9876717c539f
f71d14dd-9ecc-4c57-a8cf-108eab9494cf,,https://www.gencourt.state.nh.us/bill_status/legacy/bs2016/bill_status.aspx?lsr=0485&sy=2023&sortoption=&txtsessionyear=2023,ocd-bill/a6324a37-fb20-423b-b7e2-b33fb081dd94
8f7c59f8-7991-457d-9e06-ed4fe26ac2d7,,https://www.gencourt.state.nh.us/bill_status/legacy/bs2016/bill_status.aspx?lsr=0672&sy=2023&sortoption=&txtsessionyear=2023,ocd-bill/e6ca76f5-d002-46c4-bfaa-d9cfb94f0acc
035e8492-96d2-4383-af19-0e41e7740d4a,,https://www.gencourt.state.nh.us/bill_status/legacy/bs2016/bill_status.aspx?lsr=0742&sy=2023&sortoption=&txtsessionyear=2023,ocd-bill/2d2e9089-1a12-4dd6-bdba-49074bd8b8eb
49dc5493-06bc-43d6-8159-6c7f5cb97ecb,,https://www.gencourt.state.nh.us/bill_status/legacy/bs2016/bill_status.aspx?lsr=0701&sy=2023&sortoption=&txtsessionyear=2023,ocd-bill/1a6710f1-bfc4-4d55-910a-886459ad7620
5f89c9ad-7390-4b79-af1a-eb1718b9ab3d,,https://www.gencourt.state.nh.us/bill_status/legacy/bs2016/bill_status.aspx?lsr=0435&sy=2023&sortoption=&txtsessionyear=2023,ocd-bill/8d8ed029-a871-49a8-8304-205a777e43d9
ca0e3378-6f24-4541-8e31-c4bec5c60386,,https://www.gencourt.state.nh.us/bill_status/legacy/bs2016/bill_status.aspx?lsr=0120&sy=2023&sortoption=&txtsessionyear=2023,ocd-bill/db584392-b6a3-49e9-acc6-89e34745226e
d0e03477-eab1-4c7b-b1b0-73bb034d9783,,https://www.gencourt.state.nh.us/bill_status/legacy/bs2016/bill_status.aspx?lsr=0474&sy=2023&sortoption=&txtsessionyear=2023,ocd-bill/ae60d822-a91a-4dfe-9966-1a07ac222e29
97219021-34c4-4814-abb5-8c1b01bd9777,,https://www.gencourt.state.nh.us/bill_status/legacy/bs2016/bill_status.aspx?lsr=0563&sy=2023&sortoption=&txtsessionyear=2023,ocd-bill/f470dc41-321e-42a7-9a25-69c72af40055
93ec96d1-7b5e-4f13-97bf-93d00a7ee7a1,,https://www.gencourt.state.nh.us/bill_status/legacy/bs2016/bill_status.aspx?lsr=0296&sy=2023&sortoption=&txtsessionyear=2023,ocd-bill/602d72db-13d2-4526-948b-63fa2084288a
91e5d78c-ee47-4f0b-bb0a-69f630d9c265,,https://www.gencourt.state.nh.us/bill_status/legacy/bs2016/bill_status.aspx?lsr=0803&sy=2023&sortoption=&txtsessionyear=2023,ocd-bill/53d9fe46-9d80-4b88-ba7d-94b59f17872b
af6df1cd-e2fa-45d3-9c97-a1c607f37a8a,,https://www.gencourt.state.nh.us/bill_status/legacy/bs2016/bill_status.aspx?lsr=0812&sy=2023&sortoption=&txtsessionyear=2023,ocd-bill/e4875c95-6836-4cf6-9480-6a47b4026f39
499a0361-300f-4f59-9d20-f50f282e5c79,,https://www.gencourt.state.nh.us/bill_status/legacy/bs2016/bill_status.aspx?lsr=0085&sy=2023&sortoption=&txtsessionyear=2023,ocd-bill/f71f3130-9dda-4e87-9fae-79a30c76405d
4e9757a3-48e8-40d7-b0f0-9958ec29c445,,https://www.gencourt.state.nh.us/bill_status/legacy/bs2016/bill_status.aspx?lsr=0024&sy=2023&sortoption=&txtsessionyear=2023,ocd-bill/80f4317d-2fa4-4060-b16f-e118240490cf
843f3f4e-dd22-400b-9445-efd39aefac08,,https://www.gencourt.state.nh.us/bill_status/legacy/bs2016/bill_status.aspx?lsr=0123&sy=2023&sortoption=&txtsessionyear=2023,ocd-bill/725f5dd6-2d34-4cfb-955c-6d4435898da2
20a3eafc-c666-4a5e-a3bb-673da6db6048,,http://www.gencourt.state.nh.us/bill_status/legacy/bs2016/bill_status.aspx?lsr=0087&sy=2023&sortoption=&txtsessionyear=2023,ocd-bill/0326e21e-5b6b-47d3-9430-43311a8e1127
a585bba3-9e0c-46c1-b496-371afb222bf4,,https://www.gencourt.state.nh.us/bill_status/legacy/bs2016/bill_status.aspx?lsr=0042&sy=2023&sortoption=&txtsessionyear=2023,ocd-bill/1b11a5a2-1f06-4547-bf10-45b2eae7918a
e4e1fb7a-c1c5-4783-9a3c-4241ca86f620,,https://www.gencourt.state.nh.us/bill_status/legacy/bs2016/bill_status.aspx?lsr=0530&sy=2023&sortoption=&txtsessionyear=2023,ocd-bill/bb77643d-2f86-45a8-875f-5be281ff7fdf
fcadedac-96f3-4c71-b4a6-af029127edc4,,https://www.gencourt.state.nh.us/bill_status/legacy/bs2016/bill_status.aspx?lsr=1061&sy=2023&sortoption=&txtsessionyear=2023,ocd-bill/d146ee07-d6b8-4f4a-a857-d8b4251e007b
33df5fa7-79b9-4ff7-8f2a-2bd40fbbd07e,,https://www.gencourt.state.nh.us/bill_status/legacy/bs2016/bill_status.aspx?lsr=1000&sy=2023&sortoption=&txtsessionyear=2023,ocd-bill/b0d53288-885e-4104-b33e-39a911fb2aba
b9407192-24cc-4a3a-ae80-85d001280102,,https://www.gencourt.state.nh.us/bill_status/legacy/bs2016/bill_status.aspx?lsr=0728&sy=2023&sortoption=&txtsessionyear=2023,ocd-bill/ebc26152-c441-42bc-a4ee-0390a350905e
50a8b648-2b87-4b86-bd46-b56057e1f8de,,https://www.gencourt.state.nh.us/bill_status/legacy/bs2016/bill_status.aspx?lsr=0054&sy=2023&sortoption=&txtsessionyear=2023,ocd-bill/446f5839-eccf-4e58-a211-315dc4c03d8c
02e88caf-0f33-4399-93b3-db16edc189dd,,https://www.gencourt.state.nh.us/bill_status/legacy/bs2016/bill_status.aspx?lsr=1012&sy=2023&sortoption=&txtsessionyear=2023,ocd-bill/341dbeab-072a-4e90-95ec-a6c9ecaf88f8
63d5717a-0a95-49ac-91bc-f21a6b67f8cd,,https://www.gencourt.state.nh.us/bill_status/legacy/bs2016/bill_status.aspx?lsr=0778&sy=2023&sortoption=&txtsessionyear=2023,ocd-bill/49512426-24da-4906-8297-0ee0c4c74c1f
2fb8abd1-4dd7-497c-9279-7c9380c53c78,,https://www.gencourt.state.nh.us/bill_status/legacy/bs2016/bill_status.aspx?lsr=0646&sy=2023&sortoption=&txtsessionyear=2023,ocd-bill/4a03d958-630d-4f37-8ec8-500095dae404
f0ed4ba4-6593-43ee-83be-d8408cef4386,,https://www.gencourt.state.nh.us/bill_status/legacy/bs2016/bill_status.aspx?lsr=0866&sy=2023&sortoption=&txtsessionyear=2023,ocd-bill/c99a568e-654b-409b-b119-8b79f69e3ee0
d4ccc4e9-6456-4ed0-a849-dffcd431a409,,https://www.gencourt.state.nh.us/bill_status/legacy/bs2016/bill_status.aspx?lsr=0569&sy=2023&sortoption=&txtsessionyear=2023,ocd-bill/574364ee-9b7d-4878-aa93-214c6e5a8956
8eabc3d3-7b75-4090-a83a-faefef074314,,https://www.gencourt.state.nh.us/bill_status/legacy/bs2016/bill_status.aspx?lsr=0761&sy=2023&sortoption=&txtsessionyear=2023,ocd-bill/c7b6afe2-7a86-444b-8b2e-0b6af9a2c7f5
c796f1dd-b9dc-408c-8a7b-5a04c7bcdb53,,https://www.gencourt.state.nh.us/bill_status/legacy/bs2016/bill_status.aspx?lsr=0841&sy=2023&sortoption=&txtsessionyear=2023,ocd-bill/c732c155-c7c8-458d-ab87-d5a6e482eae8
83f473e4-81a0-4327-9032-5ace842581bb,,https://www.gencourt.state.nh.us/bill_status/legacy/bs2016/bill_status.aspx?lsr=0879&sy=2023&sortoption=&txtsessionyear=2023,ocd-bill/7773aae0-de7a-4fd0-a414-574eea30d5f0
bcf07231-e996-47fb-99fe-47718a4a7414,,https://www.gencourt.state.nh.us/bill_status/legacy/bs2016/bill_status.aspx?lsr=0145&sy=2023&sortoption=&txtsessionyear=2023,ocd-bill/5496dd5d-c854-466c-855b-9812a85d9b57
abb65a78-36e7-4501-adbd-0b6376e087c4,,https://www.gencourt.state.nh.us/bill_status/legacy/bs2016/bill_status.aspx?lsr=0164&sy=2023&sortoption=&txtsessionyear=2023,ocd-bill/a3440fd5-e831-43e3-883c-9f2be3105bcf
ff78b6af-9db0-4e7a-95fc-5b9f3c537ff6,,https://www.gencourt.state.nh.us/bill_status/legacy/bs2016/bill_status.aspx?lsr=0037&sy=2023&sortoption=&txtsessionyear=2023,ocd-bill/175c986d-9cf7-4f5f-b7f7-7f7ef8c12ba2
6143d466-e9a9-45a7-be43-76ceb2742013,,https://www.gencourt.state.nh.us/bill_status/legacy/bs2016/bill_status.aspx?lsr=0691&sy=2023&sortoption=&txtsessionyear=2023,ocd-bill/50a0c805-85af-41a5-9660-7876a9d47d5f
e23da3d2-6193-46d2-ba0d-ebdec110548d,,https://www.gencourt.state.nh.us/bill_status/legacy/bs2016/bill_status.aspx?lsr=1002&sy=2023&sortoption=&txtsessionyear=2023,ocd-bill/8025b296-1c71-4b73-b5d1-903a6fc2839c
a84f45d6-706f-4953-a6f0-e403da3c061f,,https://www.gencourt.state.nh.us/bill_status/legacy/bs2016/bill_status.aspx?lsr=1020&sy=2023&sortoption=&txtsessionyear=2023,ocd-bill/19dc5bb6-070b-4651-aead-d971b7c6655e
ce0fd9bf-0c4a-4c8c-a277-4425a0f40e79,,https://www.gencourt.state.nh.us/bill_status/legacy/bs2016/bill_status.aspx?lsr=0890&sy=2023&sortoption=&txtsessionyear=2023,ocd-bill/20db3d7c-b71b-454f-8fdf-70303e5843b3
4efbc8a1-c30f-4d08-b9ea-1c2a6f24b9c4,,https://www.gencourt.state.nh.us/bill_status/legacy/bs2016/bill_status.aspx?lsr=0776&sy=2023&sortoption=&txtsessionyear=2023,ocd-bill/446daa69-3d39-4932-b6b0-d4b58cb21f23
07d2b5fb-c45f-494e-a3d6-a9fa7ef6c39f,,https://www.gencourt.state.nh.us/bill_status/legacy/bs2016/bill_status.aspx?lsr=0143&sy=2023&sortoption=&txtsessionyear=2023,ocd-bill/c851cbc3-e1ce-4b58-93f8-ef072225f3ab
7a7107c1-1fd3-4594-ad46-0d211ba25c68,,https://www.gencourt.state.nh.us/bill_status/legacy/bs2016/bill_status.aspx?lsr=0010&sy=2023&sortoption=&txtsessionyear=2023,ocd-bill/4b5907e2-b0b7-44a7-bdeb-f0da5fb1c011
260e4149-d5a5-4442-881f-40fee52261f9,,https://www.gencourt.state.nh.us/bill_status/legacy/bs2016/bill_status.aspx?lsr=0825&sy=2023&sortoption=&txtsessionyear=2023,ocd-bill/06a8265b-9a87-4b6a-b5da-6cdb8b0e7ca3
a1864fa0-f91f-4ef2-a277-846951b46d6c,,https://www.gencourt.state.nh.us/bill_status/legacy/bs2016/bill_status.aspx?lsr=0059&sy=2023&sortoption=&txtsessionyear=2023,ocd-bill/6df5797b-740a-4477-b79b-3c790cc38aaf
d486a525-4a15-4ea8-b797-85b5f9d93fd4,,https://www.gencourt.state.nh.us/bill_status/legacy/bs2016/bill_status.aspx?lsr=0002&sy=2023&sortoption=&txtsessionyear=2023,ocd-bill/a2ef3eed-026a-413f-b9b2-cb22f762c319
012acf2a-b8bf-483d-80f1-96281ee041e5,,https://www.gencourt.state.nh.us/bill_status/legacy/bs2016/bill_status.aspx?lsr=0950&sy=2023&sortoption=&txtsessionyear=2023,ocd-bill/804bff94-39bb-4d06-888f-76bbd94c7ab8
90934d36-efb7-46af-92bd-822f8f9f8a05,,https://www.gencourt.state.nh.us/bill_status/legacy/bs2016/bill_status.aspx?lsr=0165&sy=2023&sortoption=&txtsessionyear=2023,ocd-bill/0e9ce656-9c89-458d-ae2d-6d7a04b514c9
e7ee6772-b44e-4f29-8a50-2e84b3337fcb,,https://www.gencourt.state.nh.us/bill_status/legacy/bs2016/bill_status.aspx?lsr=0724&sy=2023&sortoption=&txtsessionyear=2023,ocd-bill/1e694fb5-43ec-483a-ae67-84e540d4337d
6ba38b1b-027a-48df-be92-f025dd94bc80,,https://www.gencourt.state.nh.us/bill_status/legacy/bs2016/bill_status.aspx?lsr=0655&sy=2023&sortoption=&txtsessionyear=2023,ocd-bill/8b3fe135-123e-4cf1-9c16-329bf8c07073
57fe7d44-7081-4c13-8b9f-3bb49a5598a2,,https://www.gencourt.state.nh.us/bill_status/legacy/bs2016/bill_status.aspx?lsr=0264&sy=2023&sortoption=&txtsessionyear=2023,ocd-bill/27fa2a69-08b9-41b8-b242-9ec931e9bb48
31e5919d-f97a-42ad-b792-54a87fffccfe,,https://www.gencourt.state.nh.us/bill_status/legacy/bs2016/bill_status.aspx?lsr=0676&sy=2023&sortoption=&txtsessionyear=2023,ocd-bill/309e70f3-da4b-4c7c-94e9-dba448bbb7af
9e5e98f6-8674-45e2-94ca-012aa5455d9d,,https://www.gencourt.state.nh.us/bill_status/legacy/bs2016/bill_status.aspx?lsr=0349&sy=2023&sortoption=&txtsessionyear=2023,ocd-bill/8595ca7d-a0d6-4d11-a70d-ac6a91bafa1d
ea23e2f8-29ed-470d-94c9-e9fc25725ed1,,https://www.gencourt.state.nh.us/bill_status/legacy/bs2016/bill_status.aspx?lsr=0075&sy=2023&sortoption=&txtsessionyear=2023,ocd-bill/5e313af2-f582-4fa4-a9dd-41e02e6cbf1b
6ea8d111-c127-4ecd-8c78-4e2420b9c2ed,,https://www.gencourt.state.nh.us/bill_status/legacy/bs2016/bill_status.aspx?lsr=0119&sy=2023&sortoption=&txtsessionyear=2023,ocd-bill/04674b39-6028-43b1-a1b3-e8634e23317e
ee581973-79b8-4595-957f-b50058f5cc29,,https://www.gencourt.state.nh.us/bill_status/legacy/bs2016/bill_status.aspx?lsr=0466&sy=2023&sortoption=&txtsessionyear=2023,ocd-bill/106ab3b4-3db8-47ad-b08c-f0a74b8d4412
757d6e89-5263-4308-a1c4-5caca1d79c5c,,https://www.gencourt.state.nh.us/bill_status/legacy/bs2016/bill_status.aspx?lsr=0414&sy=2023&sortoption=&txtsessionyear=2023,ocd-bill/7a6a4a5a-47a9-44be-98f3-a8de1fff039d
88bf016a-a4d6-4ceb-9689-73bf190f5923,,https://www.gencourt.state.nh.us/bill_status/legacy/bs2016/bill_status.aspx?lsr=0799&sy=2023&sortoption=&txtsessionyear=2023,ocd-bill/c52c6a4d-4894-4247-8edf-94982254c382
adcc88c5-887d-4425-95f9-5ee3b9ccec89,,https://www.gencourt.state.nh.us/bill_status/legacy/bs2016/bill_status.aspx?lsr=1053&sy=2023&sortoption=&txtsessionyear=2023,ocd-bill/c36d3e3c-8b5c-4a11-ab0e-923dbd857946
55e72e94-9875-4404-95b5-e450552689ab,,https://www.gencourt.state.nh.us/bill_status/legacy/bs2016/bill_status.aspx?lsr=0257&sy=2023&sortoption=&txtsessionyear=2023,ocd-bill/df95b508-2d19-4a36-8b63-5c75d9c8957e
b9c22f1d-98f0-4e17-a87b-1796836b897c,,https://www.gencourt.state.nh.us/bill_status/legacy/bs2016/bill_status.aspx?lsr=0154&sy=2023&sortoption=&txtsessionyear=2023,ocd-bill/3b214382-fe5a-4ae6-bfd0-19cc76975ff5
59a6fded-9317-4b6c-92df-577b48ce0e9d,,https://www.gencourt.state.nh.us/bill_status/legacy/bs2016/bill_status.aspx?lsr=0244&sy=2023&sortoption=&txtsessionyear=2023,ocd-bill/6709c996-ce8f-43f4-a2ec-2245f204bc96
3b5e9529-3e47-4564-819d-a84c50fa6560,,https://www.gencourt.state.nh.us/bill_status/legacy/bs2016/bill_status.aspx?lsr=0946&sy=2023&sortoption=&txtsessionyear=2023,ocd-bill/c7af93d6-97e2-46e0-bd92-e4b5aa148535
4856830f-e90f-450c-a5db-c185b9c4b151,,https://www.gencourt.state.nh.us/bill_status/legacy/bs2016/bill_status.aspx?lsr=0948&sy=2023&sortoption=&txtsessionyear=2023,ocd-bill/add1c7f1-f21c-470f-8768-424d10f7e43b
79f14f7c-daf0-4a2a-ac03-05caaabef88f,,https://www.gencourt.state.nh.us/bill_status/legacy/bs2016/bill_status.aspx?lsr=0793&sy=2023&sortoption=&txtsessionyear=2023,ocd-bill/473fc051-0e7b-49d4-88e6-da71818d8bd8
971aaae9-fac8-4248-aebe-ff56d763e0b9,,https://www.gencourt.state.nh.us/bill_status/legacy/bs2016/bill_status.aspx?lsr=0846&sy=2023&sortoption=&txtsessionyear=2023,ocd-bill/8be4921d-9521-48f1-8d06-57891a190fb3
b448124d-0a54-464a-800a-0fee79d1e9e3,,https://www.gencourt.state.nh.us/bill_status/legacy/bs2016/bill_status.aspx?lsr=0593&sy=2023&sortoption=&txtsessionyear=2023,ocd-bill/5411200d-7009-4d02-8fa6-dee46a2edde9
4cae796b-7051-4bdc-bf31-79f1376caea6,,https://www.gencourt.state.nh.us/bill_status/legacy/bs2016/bill_status.aspx?lsr=0342&sy=2023&sortoption=&txtsessionyear=2023,ocd-bill/3dee03e7-f9c9-4be1-bf9c-7350ba3b5f3a
0eda34d9-70fd-4550-a4d5-9456af4d303a,,https://www.gencourt.state.nh.us/bill_status/legacy/bs2016/bill_status.aspx?lsr=0091&sy=2023&sortoption=&txtsessionyear=2023,ocd-bill/9ce5be6e-9385-4592-bf93-a979d2f55118
43addf6e-56bb-4115-b8bc-143bcf7cbce5,,https://www.gencourt.state.nh.us/bill_status/legacy/bs2016/bill_status.aspx?lsr=0363&sy=2023&sortoption=&txtsessionyear=2023,ocd-bill/ab56487f-d71b-4809-beb5-aec02be2cd3e
01d28e0d-3856-45e2-afb5-e042b30a6768,,https://www.gencourt.state.nh.us/bill_status/legacy/bs2016/bill_status.aspx?lsr=0839&sy=2023&sortoption=&txtsessionyear=2023,ocd-bill/853ae94d-7cdb-4771-bc27-0944c8165e7f
99673831-166a-42ea-a091-fa085a5c7fa8,,https://www.gencourt.state.nh.us/bill_status/legacy/bs2016/bill_status.aspx?lsr=0063&sy=2023&sortoption=&txtsessionyear=2023,ocd-bill/edf96f97-bbc1-412d-b17c-4e9281cca5e9
67f03175-44a6-4f7e-b787-39a8d42947b7,,https://www.gencourt.state.nh.us/bill_status/legacy/bs2016/bill_status.aspx?lsr=0584&sy=2023&sortoption=&txtsessionyear=2023,ocd-bill/f8c1c50e-a0d5-4a96-ad73-9a8adb4310ee
7ec42e14-d9d8-4c32-a099-de7b5d0a6b35,,https://www.gencourt.state.nh.us/bill_status/legacy/bs2016/bill_status.aspx?lsr=0061&sy=2023&sortoption=&txtsessionyear=2023,ocd-bill/89dc9762-7cbb-4bb6-9127-df4a5a346068
1e87574d-826d-4d62-8436-9f2961a52d86,,https://www.gencourt.state.nh.us/bill_status/legacy/bs2016/bill_status.aspx?lsr=0445&sy=2023&sortoption=&txtsessionyear=2023,ocd-bill/ecedfd60-4539-4ca2-b6bf-91af8caf1de3
210cc934-2abd-4193-880a-dfdf4a0a0a0f,,https://www.gencourt.state.nh.us/bill_status/legacy/bs2016/bill_status.aspx?lsr=0262&sy=2023&sortoption=&txtsessionyear=2023,ocd-bill/82f5f930-0a1e-47df-84f4-4774e833f73f
bb66bc35-0c98-4aeb-9616-ff7f8e3a202c,,https://www.gencourt.state.nh.us/bill_status/legacy/bs2016/bill_status.aspx?lsr=0635&sy=2023&sortoption=&txtsessionyear=2023,ocd-bill/545f62f3-de76-4f2d-a5da-e6b24182b0a8
ca134eb7-d36b-4a9b-b6cc-59328441ea1d,,https://www.gencourt.state.nh.us/bill_status/legacy/bs2016/bill_status.aspx?lsr=0791&sy=2023&sortoption=&txtsessionyear=2023,ocd-bill/4b5e9ef0-4ba7-47db-aa25-e2ec8097ec3c
685bdca5-bf01-49c4-b18c-24da505bd1c2,,https://www.gencourt.state.nh.us/bill_status/legacy/bs2016/bill_status.aspx?lsr=0763&sy=2023&sortoption=&txtsessionyear=2023,ocd-bill/4500c855-949f-4011-9241-d95a89f7acb8
485d21c8-d771-4b5b-b539-d684b01c95df,,https://www.gencourt.state.nh.us/bill_status/legacy/bs2016/bill_status.aspx?lsr=0956&sy=2023&sortoption=&txtsessionyear=2023,ocd-bill/8949dd5a-5701-4fe1-9d4a-cb541e2f7dca
4a48a552-4042-4ce1-bef7-556242cee428,,https://www.gencourt.state.nh.us/bill_status/legacy/bs2016/bill_status.aspx?lsr=0525&sy=2023&sortoption=&txtsessionyear=2023,ocd-bill/b4ea54d2-a215-4fa3-889a-2d1ea6af0374
2100b0b0-0590-4974-917c-d8f2b5cc8128,,https://www.gencourt.state.nh.us/bill_status/legacy/bs2016/bill_status.aspx?lsr=0351&sy=2023&sortoption=&txtsessionyear=2023,ocd-bill/01d1e8b9-ac5b-4919-8f30-0e9307bbdca7
dc03dc01-715f-484c-8657-136b6000325f,,https://www.gencourt.state.nh.us/bill_status/legacy/bs2016/bill_status.aspx?lsr=0610&sy=2023&sortoption=&txtsessionyear=2023,ocd-bill/8a2db6f2-a337-42f4-a16b-3a8245d9df37
3c3d09f6-b347-4932-9085-11e8abe627ba,,https://www.gencourt.state.nh.us/bill_status/legacy/bs2016/bill_status.aspx?lsr=0683&sy=2023&sortoption=&txtsessionyear=2023,ocd-bill/b6dcd5e0-d278-4756-ba8f-9d0ab97ef1d9
2a21d8e4-b989-41b9-b21f-0adac9e78445,,https://www.gencourt.state.nh.us/bill_status/legacy/bs2016/bill_status.aspx?lsr=0576&sy=2023&sortoption=&txtsessionyear=2023,ocd-bill/7b7009aa-1f80-4734-929b-3a5779da0ac7
ff7e52d2-f65e-4e8c-b56d-805597d5cc4d,,https://www.gencourt.state.nh.us/bill_status/legacy/bs2016/bill_status.aspx?lsr=0771&sy=2023&sortoption=&txtsessionyear=2023,ocd-bill/2a42315b-cf3c-4db0-8c46-664da63475a6
d735edfa-c5e8-49bf-9d2c-aaf09c4bd656,,https://www.gencourt.state.nh.us/bill_status/legacy/bs2016/bill_status.aspx?lsr=1064&sy=2023&sortoption=&txtsessionyear=2023,ocd-bill/08fb1148-fc13-469f-9404-ca5b461cc847
e1b55c78-fb54-428a-96d2-6cc00a0f288f,,https://www.gencourt.state.nh.us/bill_status/legacy/bs2016/bill_status.aspx?lsr=0225&sy=2023&sortoption=&txtsessionyear=2023,ocd-bill/c057985b-e04f-43c4-afe3-655e6325f2fe
a922a12d-86de-40ca-971b-1d04ce4e3622,,https://www.gencourt.state.nh.us/bill_status/legacy/bs2016/bill_status.aspx?lsr=0121&sy=2023&sortoption=&txtsessionyear=2023,ocd-bill/58fbde7f-38de-42f1-a7da-8d557240c478
4508b792-b457-45a4-9826-6c3b6ca52e89,,https://www.gencourt.state.nh.us/bill_status/legacy/bs2016/bill_status.aspx?lsr=0390&sy=2023&sortoption=&txtsessionyear=2023,ocd-bill/be365f9d-cdb0-4f0c-9f00-378762964224
ab8efb01-1410-4af0-9a32-c760b6b128ad,,https://www.gencourt.state.nh.us/bill_status/legacy/bs2016/bill_status.aspx?lsr=0507&sy=2023&sortoption=&txtsessionyear=2023,ocd-bill/8630feee-753f-4a91-b5dd-8ff3422a0bde
753bf63e-9482-484d-a321-202296bc0b9c,,https://www.gencourt.state.nh.us/bill_status/legacy/bs2016/bill_status.aspx?lsr=0041&sy=2023&sortoption=&txtsessionyear=2023,ocd-bill/de764989-3215-401b-8179-d2cbaf50176d
5f07b04f-78ac-4c09-87ca-36932c5184b6,,https://www.gencourt.state.nh.us/bill_status/legacy/bs2016/bill_status.aspx?lsr=0259&sy=2023&sortoption=&txtsessionyear=2023,ocd-bill/9a86c059-46cf-47bb-8530-acbc0f24761e
125e2cf7-e620-4a9c-9f43-9b64982b738f,,https://www.gencourt.state.nh.us/bill_status/legacy/bs2016/bill_status.aspx?lsr=0656&sy=2023&sortoption=&txtsessionyear=2023,ocd-bill/eb680e8c-725e-4b67-ac1d-c50ea6a95925
838e0583-44b4-4f71-b88f-56926d8ac25d,,https://www.gencourt.state.nh.us/bill_status/legacy/bs2016/bill_status.aspx?lsr=0882&sy=2023&sortoption=&txtsessionyear=2023,ocd-bill/e8dea1be-be33-4e54-bae3-eeffdc8b54f3
61fa6685-44cc-42d3-8575-b30ec2ac3d38,,https://www.gencourt.state.nh.us/bill_status/legacy/bs2016/bill_status.aspx?lsr=0144&sy=2023&sortoption=&txtsessionyear=2023,ocd-bill/96994441-53d9-4df1-b56e-beb3bbf86a9f
b5350d3e-93f9-4c17-b948-d868fdca62a0,,https://www.gencourt.state.nh.us/bill_status/legacy/bs2016/bill_status.aspx?lsr=0819&sy=2023&sortoption=&txtsessionyear=2023,ocd-bill/0be6454f-0fff-41fd-ad52-4155552f19b4
747db9f6-86cc-40a8-85c7-fa5c24774098,,https://www.gencourt.state.nh.us/bill_status/legacy/bs2016/bill_status.aspx?lsr=0553&sy=2023&sortoption=&txtsessionyear=2023,ocd-bill/afa7d563-9afc-4663-ad70-cea689e30132
2e1af6df-dd2a-4c28-a0ae-d6fe44582697,,https://www.gencourt.state.nh.us/bill_status/legacy/bs2016/bill_status.aspx?lsr=0809&sy=2023&sortoption=&txtsessionyear=2023,ocd-bill/c27525ba-606b-4bc8-bacb-456a9aea651b
c06f3d31-b970-49e9-8919-bac9953ff920,,https://www.gencourt.state.nh.us/bill_status/legacy/bs2016/bill_status.aspx?lsr=0973&sy=2023&sortoption=&txtsessionyear=2023,ocd-bill/49506a0a-d0a0-40d5-a486-7619b499b2e1
5ab1eeb6-9868-4ea6-ac8b-c9115b455656,,https://www.gencourt.state.nh.us/bill_status/legacy/bs2016/bill_status.aspx?lsr=0674&sy=2023&sortoption=&txtsessionyear=2023,ocd-bill/73f8d822-593a-4342-9f15-c3baf391e2e8
9374c155-cd84-472e-b8ab-a79f0f342f90,,https://www.gencourt.state.nh.us/bill_status/legacy/bs2016/bill_status.aspx?lsr=0958&sy=2023&sortoption=&txtsessionyear=2023,ocd-bill/c12e6e67-4045-4d40-adcd-3b46562c3f39
9df32961-54d2-476f-ad53-17b58e519a77,,https://www.gencourt.state.nh.us/bill_status/legacy/bs2016/bill_status.aspx?lsr=0481&sy=2023&sortoption=&txtsessionyear=2023,ocd-bill/90e7245c-5a91-4cad-9b58-704d53a612dc
e9cd9149-16cb-4dac-a2e3-805e387f89e5,,https://www.gencourt.state.nh.us/bill_status/legacy/bs2016/bill_status.aspx?lsr=0545&sy=2023&sortoption=&txtsessionyear=2023,ocd-bill/4b39e511-556e-41ce-93fe-9551e6b963ab
117ca1e4-18a4-44e8-9c29-be215932c063,,https://www.gencourt.state.nh.us/bill_status/legacy/bs2016/bill_status.aspx?lsr=0911&sy=2023&sortoption=&txtsessionyear=2023,ocd-bill/7d193f0d-4d45-467e-bf1e-3198889a93a1
912f0bb6-38d4-4211-a620-397628f30fd3,,https://www.gencourt.state.nh.us/bill_status/legacy/bs2016/bill_status.aspx?lsr=0376&sy=2023&sortoption=&txtsessionyear=2023,ocd-bill/05b262a4-66bb-44d0-8fe7-504e70561940
cee26ed8-9aab-4e99-ba0e-ce4f0e49e752,,https://www.gencourt.state.nh.us/bill_status/legacy/bs2016/bill_status.aspx?lsr=0031&sy=2023&sortoption=&txtsessionyear=2023,ocd-bill/6f870e07-e2f2-4878-9533-abcaae4e6f29
3117ef3d-b983-434b-9c4e-c90a2e97bb6f,,https://www.gencourt.state.nh.us/bill_status/legacy/bs2016/bill_status.aspx?lsr=0580&sy=2023&sortoption=&txtsessionyear=2023,ocd-bill/2592d6d2-5c94-4fdf-bee0-6094258d997c
2eda375a-6b15-445d-9d4a-e332e9162e30,,https://www.gencourt.state.nh.us/bill_status/legacy/bs2016/bill_status.aspx?lsr=0686&sy=2023&sortoption=&txtsessionyear=2023,ocd-bill/8349072b-3afd-47df-aa17-a9809ece95f0
8e047162-aa9f-4dc0-aadb-ea27e8a0ecf2,,https://www.gencourt.state.nh.us/bill_status/legacy/bs2016/bill_status.aspx?lsr=0560&sy=2023&sortoption=&txtsessionyear=2023,ocd-bill/0949b7a8-601d-4b77-9d9f-421ff0be22cb
ec505df9-cbf0-4f76-88b5-3f375d8e8ba8,,https://www.gencourt.state.nh.us/bill_status/legacy/bs2016/bill_status.aspx?lsr=0941&sy=2023&sortoption=&txtsessionyear=2023,ocd-bill/f21cc785-15a9-4dc3-bf94-f1cfb0147343
371ed99d-55bb-4f66-99e6-a34cda74d3bb,,https://www.gencourt.state.nh.us/bill_status/legacy/bs2016/bill_status.aspx?lsr=0427&sy=2023&sortoption=&txtsessionyear=2023,ocd-bill/4cd19d3f-9de6-4799-afe8-4c70fcabe31f
715c870e-b11d-4234-b579-37ad4896829a,,https://www.gencourt.state.nh.us/bill_status/legacy/bs2016/bill_status.aspx?lsr=0875&sy=2023&sortoption=&txtsessionyear=2023,ocd-bill/f0dfc1c1-07ff-4469-a17a-a1b40c8e6472
353208a0-525a-4cc9-b29f-b1456926172f,,https://www.gencourt.state.nh.us/bill_status/legacy/bs2016/bill_status.aspx?lsr=0496&sy=2023&sortoption=&txtsessionyear=2023,ocd-bill/bcbac5e4-fbe4-4b3f-93c3-c781d588f84b
aeb550a6-9c37-447f-8bd6-245c4609c258,,https://www.gencourt.state.nh.us/bill_status/legacy/bs2016/bill_status.aspx?lsr=0488&sy=2023&sortoption=&txtsessionyear=2023,ocd-bill/508971d6-491f-4206-b60d-888e515b3306
74445f07-8edd-441c-a523-0328f50fb972,,https://www.gencourt.state.nh.us/bill_status/legacy/bs2016/bill_status.aspx?lsr=0357&sy=2023&sortoption=&txtsessionyear=2023,ocd-bill/63825391-c20a-426c-887b-7aab54fcf0f2
03089e8e-7bff-4d0d-a349-146928da068e,,https://www.gencourt.state.nh.us/bill_status/legacy/bs2016/bill_status.aspx?lsr=0321&sy=2023&sortoption=&txtsessionyear=2023,ocd-bill/c319b306-db92-460b-9cf3-cc05ceae6f09
aba00b97-b95a-4450-b064-a552127bcddc,,https://www.gencourt.state.nh.us/bill_status/legacy/bs2016/bill_status.aspx?lsr=0627&sy=2023&sortoption=&txtsessionyear=2023,ocd-bill/c2b4703a-70cf-4e2e-b91e-4fd578adc097
b4cd6734-084a-4442-9489-6174902ce12d,,https://www.gencourt.state.nh.us/bill_status/legacy/bs2016/bill_status.aspx?lsr=0715&sy=2023&sortoption=&txtsessionyear=2023,ocd-bill/bbb37f34-988f-4b26-ab75-3df44a55b50e
0c595a03-bdb3-4211-a3e6-466dc9120de3,,https://www.gencourt.state.nh.us/bill_status/legacy/bs2016/bill_status.aspx?lsr=0923&sy=2023&sortoption=&txtsessionyear=2023,ocd-bill/b02c2953-8352-4196-a7be-fbe195292f19
7b4da08d-f201-4f70-b3f4-38e66c94b712,,https://www.gencourt.state.nh.us/bill_status/legacy/bs2016/bill_status.aspx?lsr=0070&sy=2023&sortoption=&txtsessionyear=2023,ocd-bill/0bc1077f-05f8-43b5-b8cd-90460db5bd55
34b8c0c2-6735-4ce3-89d5-33adf9a71e33,,https://www.gencourt.state.nh.us/bill_status/legacy/bs2016/bill_status.aspx?lsr=0442&sy=2023&sortoption=&txtsessionyear=2023,ocd-bill/77d88d7c-18ab-480d-8b57-c2967bf29dca
30733687-509d-4254-8512-4534838a84b7,,https://www.gencourt.state.nh.us/bill_status/legacy/bs2016/bill_status.aspx?lsr=0887&sy=2023&sortoption=&txtsessionyear=2023,ocd-bill/2f4f931c-7307-4283-830d-cb3b9defa5c8
0777d9ee-4604-4466-b57d-15a1a2643ed5,,https://www.gencourt.state.nh.us/bill_status/legacy/bs2016/bill_status.aspx?lsr=0898&sy=2023&sortoption=&txtsessionyear=2023,ocd-bill/daf6c01b-1910-471d-8c30-483f7d607777
5eec1a57-a9a2-4385-8f76-576457e73b4d,,https://www.gencourt.state.nh.us/bill_status/legacy/bs2016/bill_status.aspx?lsr=0666&sy=2023&sortoption=&txtsessionyear=2023,ocd-bill/e296bd16-04cb-41c3-9443-2d3072071c06
54fd3f6b-b74f-4a86-ab10-2ecd790dded2,,https://www.gencourt.state.nh.us/bill_status/legacy/bs2016/bill_status.aspx?lsr=0853&sy=2023&sortoption=&txtsessionyear=2023,ocd-bill/0aa3646c-915d-46f9-becc-18bff7ef864b
89f9cf37-0ec8-42dd-9634-e99c599ac03d,,https://www.gencourt.state.nh.us/bill_status/legacy/bs2016/bill_status.aspx?lsr=0571&sy=2023&sortoption=&txtsessionyear=2023,ocd-bill/d5ef3fe6-7b6f-4e01-b6da-ed4bd9ffdd93
01e87b70-16f8-4a7d-97fa-1a7f0dea13dc,,https://www.gencourt.state.nh.us/bill_status/legacy/bs2016/bill_status.aspx?lsr=0380&sy=2023&sortoption=&txtsessionyear=2023,ocd-bill/25872642-b2a2-4d34-9c8a-0899b77a317d
b7592c1d-3314-4c19-b605-41ef9e1742b9,,https://www.gencourt.state.nh.us/bill_status/legacy/bs2016/bill_status.aspx?lsr=0856&sy=2023&sortoption=&txtsessionyear=2023,ocd-bill/c0d49352-a1b0-4921-a2d3-eb5b33ca7a9c
1c8e4213-89d0-4bd7-8489-d562359370c6,,https://www.gencourt.state.nh.us/bill_status/legacy/bs2016/bill_status.aspx?lsr=0098&sy=2023&sortoption=&txtsessionyear=2023,ocd-bill/2521bc2a-2957-4dd8-9606-ea359579f750
5ea0df4c-5f3a-4196-ae75-64523c39cfa8,,https://www.gencourt.state.nh.us/bill_status/legacy/bs2016/bill_status.aspx?lsr=0669&sy=2023&sortoption=&txtsessionyear=2023,ocd-bill/206ff239-b1ec-4409-bd76-cc64c1cb17a0
f188195a-37d3-45a9-b25f-b639be112440,,https://www.gencourt.state.nh.us/bill_status/legacy/bs2016/bill_status.aspx?lsr=0138&sy=2023&sortoption=&txtsessionyear=2023,ocd-bill/a72e7bb9-eaa4-4758-9176-342316076504
10c7631d-8cd0-4c9a-ac40-05f28cd5080f,,https://www.gencourt.state.nh.us/bill_status/legacy/bs2016/bill_status.aspx?lsr=0598&sy=2023&sortoption=&txtsessionyear=2023,ocd-bill/ebe4f7d3-6be3-462d-a26a-eed58fe22fa6
0cdc46fa-638f-42fb-97d7-0a0a2048ec81,,https://www.gencourt.state.nh.us/bill_status/legacy/bs2016/bill_status.aspx?lsr=0092&sy=2023&sortoption=&txtsessionyear=2023,ocd-bill/cd8d9795-da83-48a9-98cb-652f41f8204c
366d300c-228d-4e47-9b9d-4c01458fc9a1,,https://www.gencourt.state.nh.us/bill_status/legacy/bs2016/bill_status.aspx?lsr=0970&sy=2023&sortoption=&txtsessionyear=2023,ocd-bill/f51fcb07-fa1b-496f-87ee-3cb0c221e9ca
ab497737-70be-4cc5-9466-d80794bb1306,,https://www.gencourt.state.nh.us/bill_status/legacy/bs2016/bill_status.aspx?lsr=0909&sy=2023&sortoption=&txtsessionyear=2023,ocd-bill/59b89bc6-1ca1-47fc-9efe-9e8610066eca
80d80929-4610-47f7-be36-8400bc684259,,https://www.gencourt.state.nh.us/bill_status/legacy/bs2016/bill_status.aspx?lsr=0769&sy=2023&sortoption=&txtsessionyear=2023,ocd-bill/d8a827b6-59d6-4741-aa23-f388da0f50aa
c6d67457-3329-4d48-a113-bef353db1c42,,https://www.gencourt.state.nh.us/bill_status/legacy/bs2016/bill_status.aspx?lsr=0955&sy=2023&sortoption=&txtsessionyear=2023,ocd-bill/cc97e7b6-7d3d-4ea2-bfb2-544ba182dd0b
c277d49b-b844-407e-b54d-8f72fbaa30fd,,https://www.gencourt.state.nh.us/bill_status/legacy/bs2016/bill_status.aspx?lsr=0473&sy=2023&sortoption=&txtsessionyear=2023,ocd-bill/872290e0-87e4-42fe-91bd-4dd379912e64
43c13c05-b13e-4aa3-a197-98d2ae14424f,,https://www.gencourt.state.nh.us/bill_status/legacy/bs2016/bill_status.aspx?lsr=0999&sy=2023&sortoption=&txtsessionyear=2023,ocd-bill/57b76219-861e-42a1-bcfa-c0c0ad556c9b
e9e9d777-f63a-4fc8-be68-72dbd7ec2891,,https://www.gencourt.state.nh.us/bill_status/legacy/bs2016/bill_status.aspx?lsr=0945&sy=2023&sortoption=&txtsessionyear=2023,ocd-bill/da30071f-18a8-4ba7-9352-e1b877973b1f
3502057c-4d83-4d75-86bb-feac38ecf02b,,https://www.gencourt.state.nh.us/bill_status/legacy/bs2016/bill_status.aspx?lsr=0217&sy=2023&sortoption=&txtsessionyear=2023,ocd-bill/df7b82ef-de67-407a-9036-77657a86f281
311de2ce-100c-4c53-ad9d-dddcddf8dd21,,https://www.gencourt.state.nh.us/bill_status/legacy/bs2016/bill_status.aspx?lsr=0813&sy=2023&sortoption=&txtsessionyear=2023,ocd-bill/eb826c0c-e96e-40f4-80fe-954b24ec90fa
59d35fe1-f28f-4fb4-a473-047ca117056d,,https://www.gencourt.state.nh.us/bill_status/legacy/bs2016/bill_status.aspx?lsr=0219&sy=2023&sortoption=&txtsessionyear=2023,ocd-bill/41be36b5-4a84-4008-b162-cc7c48bc8e53
4b130e47-c63d-428d-bb3c-a09583cbdd56,,https://www.gencourt.state.nh.us/bill_status/legacy/bs2016/bill_status.aspx?lsr=0601&sy=2023&sortoption=&txtsessionyear=2023,ocd-bill/9bf610f5-cab7-4a90-8fa1-eebe25c3f675
27dae6d2-b2ed-434f-a6a1-63c722a363ef,,https://www.gencourt.state.nh.us/bill_status/legacy/bs2016/bill_status.aspx?lsr=0451&sy=2023&sortoption=&txtsessionyear=2023,ocd-bill/5ec2792f-7317-4154-8bf9-c4f4e131dff3
b2b5d3b5-8557-41ef-abe9-144adc6fd00d,,https://www.gencourt.state.nh.us/bill_status/legacy/bs2016/bill_status.aspx?lsr=0314&sy=2023&sortoption=&txtsessionyear=2023,ocd-bill/9196c481-99a2-4229-8edb-db3da1ee3c54
931c47ea-b09e-4741-99ba-f89dca847f8d,,https://www.gencourt.state.nh.us/bill_status/legacy/bs2016/bill_status.aspx?lsr=0905&sy=2023&sortoption=&txtsessionyear=2023,ocd-bill/96c5c410-3ce4-4641-ba14-42b01dc7b724
609500b0-d4b1-4702-a161-db4abdb9e304,,https://www.gencourt.state.nh.us/bill_status/legacy/bs2016/bill_status.aspx?lsr=0851&sy=2023&sortoption=&txtsessionyear=2023,ocd-bill/9f0e7d4d-77a7-4918-b5bc-6f43ca64bcbe
71656c9a-f2f3-4b45-ac68-3d22307fcf3e,,https://www.gencourt.state.nh.us/bill_status/legacy/bs2016/bill_status.aspx?lsr=1062&sy=2023&sortoption=&txtsessionyear=2023,ocd-bill/24a79529-2b22-42ad-a058-14f65734926d
a2451873-6cc7-4646-a352-bd6ecef9548a,,https://www.gencourt.state.nh.us/bill_status/legacy/bs2016/bill_status.aspx?lsr=0705&sy=2023&sortoption=&txtsessionyear=2023,ocd-bill/d6a05c04-4e5f-4297-9be0-b0a0f7c0979e
3bbdba54-c007-4a39-a359-5cbb8cd46e92,,https://www.gencourt.state.nh.us/bill_status/legacy/bs2016/bill_status.aspx?lsr=0711&sy=2023&sortoption=&txtsessionyear=2023,ocd-bill/1ce62499-2f00-4f5d-87ed-e21bd7fe818b
b77a1036-56fa-4c3f-87ff-f3cc3b009e7a,,https://www.gencourt.state.nh.us/bill_status/legacy/bs2016/bill_status.aspx?lsr=1009&sy=2023&sortoption=&txtsessionyear=2023,ocd-bill/fbd51e1e-e36e-4ef7-8088-6421b3ea9d90
2dacfc63-ecdf-4a33-a16e-9dee61d905c7,,https://www.gencourt.state.nh.us/bill_status/legacy/bs2016/bill_status.aspx?lsr=0450&sy=2023&sortoption=&txtsessionyear=2023,ocd-bill/8192aef9-5034-4dd9-88b6-54940f2b0da7
d4e3a49a-edc6-43c5-8aa5-6575391445b8,,https://www.gencourt.state.nh.us/bill_status/legacy/bs2016/bill_status.aspx?lsr=0592&sy=2023&sortoption=&txtsessionyear=2023,ocd-bill/0270ceef-450d-413c-80a5-2fb179076a2d
64646cc6-babc-423f-ba46-d351b3f84983,,https://www.gencourt.state.nh.us/bill_status/legacy/bs2016/bill_status.aspx?lsr=0937&sy=2023&sortoption=&txtsessionyear=2023,ocd-bill/db6336ad-44aa-4ad3-b20f-17479c47150e
0bd745bd-c7cd-4b9e-b3fb-7066d98d2413,,https://www.gencourt.state.nh.us/bill_status/legacy/bs2016/bill_status.aspx?lsr=0568&sy=2023&sortoption=&txtsessionyear=2023,ocd-bill/8e621b45-dfa8-4d0e-a1c9-d7f1501b567b
ca734d76-0b16-40b5-9a43-ef47216bcd20,,https://www.gencourt.state.nh.us/bill_status/legacy/bs2016/bill_status.aspx?lsr=0689&sy=2023&sortoption=&txtsessionyear=2023,ocd-bill/7491e440-0ae9-4583-9615-eeff965644ea
e2d3b653-0e82-41c7-9828-9daf4091e203,,https://www.gencourt.state.nh.us/bill_status/legacy/bs2016/bill_status.aspx?lsr=0802&sy=2023&sortoption=&txtsessionyear=2023,ocd-bill/2adabf78-3cad-4700-8c07-3a89ee60badf
bfbd22e4-dcb5-47c3-a573-dbd95b6f28a0,,https://www.gencourt.state.nh.us/bill_status/legacy/bs2016/bill_status.aspx?lsr=1071&sy=2023&sortoption=&txtsessionyear=2023,ocd-bill/8338ad5e-b8f5-4513-bd7f-b5166649c8f5
7edbfa8c-a8e2-4690-8d5b-1ae6cc72c830,,https://www.gencourt.state.nh.us/bill_status/legacy/bs2016/bill_status.aspx?lsr=0457&sy=2023&sortoption=&txtsessionyear=2023,ocd-bill/9fc197aa-6e13-4881-9012-89380579d7f7
1072608e-6a73-4738-a659-5e0fc2590fe9,,https://www.gencourt.state.nh.us/bill_status/legacy/bs2016/bill_status.aspx?lsr=0366&sy=2023&sortoption=&txtsessionyear=2023,ocd-bill/431adfad-1789-4ff4-925d-9ac5818a6b17
dbadf0a7-de23-4060-8583-65416725b3be,,https://www.gencourt.state.nh.us/bill_status/legacy/bs2016/bill_status.aspx?lsr=0673&sy=2023&sortoption=&txtsessionyear=2023,ocd-bill/e3a9fc98-f4ed-4852-bf86-6ac1db419f47
3153c8fe-2e2f-49ab-bf31-ab3d320e268c,,https://www.gencourt.state.nh.us/bill_status/legacy/bs2016/bill_status.aspx?lsr=0273&sy=2023&sortoption=&txtsessionyear=2023,ocd-bill/a297c445-8e43-4a75-9025-479c3b324612
6e15585c-b8ee-436e-b508-920847361304,,https://www.gencourt.state.nh.us/bill_status/legacy/bs2016/bill_status.aspx?lsr=1018&sy=2023&sortoption=&txtsessionyear=2023,ocd-bill/4bebd2db-bf62-4bc1-9b3b-b1bb8deabec8
febaac14-04f8-4c46-8832-99380d8e3cd0,,https://www.gencourt.state.nh.us/bill_status/legacy/bs2016/bill_status.aspx?lsr=0930&sy=2023&sortoption=&txtsessionyear=2023,ocd-bill/aaa2765b-7ef8-49cd-b39c-f4aea7c6a665
fccf2a05-86fd-4a05-b85d-5cbda0d2dafc,,https://www.gencourt.state.nh.us/bill_status/legacy/bs2016/bill_status.aspx?lsr=0753&sy=2023&sortoption=&txtsessionyear=2023,ocd-bill/0f189c3f-ccb5-4d29-a3c1-113f9392be93
0d643bed-8321-42f7-a8dc-bfcd2a97dbc5,,https://www.gencourt.state.nh.us/bill_status/legacy/bs2016/bill_status.aspx?lsr=0986&sy=2023&sortoption=&txtsessionyear=2023,ocd-bill/c64d5223-5e4a-4870-8cd6-c433d54d65eb
495e22e5-35c1-4002-9203-0c1a7dfcf78c,,https://www.gencourt.state.nh.us/bill_status/legacy/bs2016/bill_status.aspx?lsr=0129&sy=2023&sortoption=&txtsessionyear=2023,ocd-bill/2c1f0b00-5277-43de-8796-86f49acc23ef
2a8a6060-97bb-4416-8ef7-861e998c7c68,,https://www.gencourt.state.nh.us/bill_status/legacy/bs2016/bill_status.aspx?lsr=0994&sy=2023&sortoption=&txtsessionyear=2023,ocd-bill/0ab6647b-a82e-4e96-ad03-0cc181e94223
82f0bc92-51a5-4b1d-8a23-d4e387e1b729,,https://www.gencourt.state.nh.us/bill_status/legacy/bs2016/bill_status.aspx?lsr=0774&sy=2023&sortoption=&txtsessionyear=2023,ocd-bill/8333e7e0-749b-4315-836c-df938f62360f
06e4f95f-6329-4deb-a15a-2c654e6f3a95,,https://www.gencourt.state.nh.us/bill_status/legacy/bs2016/bill_status.aspx?lsr=0128&sy=2023&sortoption=&txtsessionyear=2023,ocd-bill/eb65ab3d-df1c-445a-8d3f-cd8bd5acc67d
e502ebcc-7919-429c-a55b-deaa8962238c,,https://www.gencourt.state.nh.us/bill_status/legacy/bs2016/bill_status.aspx?lsr=0807&sy=2023&sortoption=&txtsessionyear=2023,ocd-bill/47a433dd-6708-43d9-ad71-6f7332a4e374
e21d5550-fbee-4389-9347-e81ac0c10d3a,,https://www.gencourt.state.nh.us/bill_status/legacy/bs2016/bill_status.aspx?lsr=0252&sy=2023&sortoption=&txtsessionyear=2023,ocd-bill/7289d280-d5ce-4042-8eac-6870f6c5caa4
37658622-969a-4dd6-9684-d7ed58f35a89,,https://www.gencourt.state.nh.us/bill_status/legacy/bs2016/bill_status.aspx?lsr=0772&sy=2023&sortoption=&txtsessionyear=2023,ocd-bill/ee8ed0d7-7bcc-46b7-b956-be1ab54c4f59
439c073b-5352-42be-9ac7-af41b36c24a7,,https://www.gencourt.state.nh.us/bill_status/legacy/bs2016/bill_status.aspx?lsr=0654&sy=2023&sortoption=&txtsessionyear=2023,ocd-bill/7f0ac58d-4ada-4eb7-ae8d-506fb5fecea9
1f8174b7-efd4-4c86-aab5-7a9bfa0bc19d,,https://www.gencourt.state.nh.us/bill_status/legacy/bs2016/bill_status.aspx?lsr=0901&sy=2023&sortoption=&txtsessionyear=2023,ocd-bill/47adcb64-5d50-4904-a6a0-36591ece7433
628c9f29-5bb4-4c6e-9b24-6d6ef2fefee1,,https://www.gencourt.state.nh.us/bill_status/legacy/bs2016/bill_status.aspx?lsr=0019&sy=2023&sortoption=&txtsessionyear=2023,ocd-bill/d359f50d-84f8-451b-96e7-527fafcdb6a8
c9163d15-3f23-4451-8ee2-3e14a1bdf4c7,,https://www.gencourt.state.nh.us/bill_status/legacy/bs2016/bill_status.aspx?lsr=1072&sy=2023&sortoption=&txtsessionyear=2023,ocd-bill/0a7cf33e-1c73-4c51-8486-e4b06374fef5
80fb2671-e64e-40d7-8684-10231488d7b6,,https://www.gencourt.state.nh.us/bill_status/legacy/bs2016/bill_status.aspx?lsr=1049&sy=2023&sortoption=&txtsessionyear=2023,ocd-bill/c92ed5fb-fefc-434c-81e8-3732be45916c
3c5c72ee-e265-44f2-a6d7-23bd4687a581,,https://www.gencourt.state.nh.us/bill_status/legacy/bs2016/bill_status.aspx?lsr=0884&sy=2023&sortoption=&txtsessionyear=2023,ocd-bill/12f79977-c10b-4cde-bf7f-e3d8db31611e
9a4da3d1-8e03-434f-bf13-68a6bdae11fa,,https://www.gencourt.state.nh.us/bill_status/legacy/bs2016/bill_status.aspx?lsr=0667&sy=2023&sortoption=&txtsessionyear=2023,ocd-bill/e487017c-ad22-49b2-a2e5-0b280b5f17ad
9470b321-0037-42b5-b4f8-ad39cc902e0b,,https://www.gencourt.state.nh.us/bill_status/legacy/bs2016/bill_status.aspx?lsr=0150&sy=2023&sortoption=&txtsessionyear=2023,ocd-bill/2fed0e77-b9b2-49a1-8f19-90750d455338
7f6116cf-01f5-4fe0-8847-36d3b13f8851,,https://www.gencourt.state.nh.us/bill_status/legacy/bs2016/bill_status.aspx?lsr=0922&sy=2023&sortoption=&txtsessionyear=2023,ocd-bill/e3f69c5a-e1af-4467-a86d-69b60494972b
3232397f-2db7-409d-9985-8351ad43a477,,https://www.gencourt.state.nh.us/bill_status/legacy/bs2016/bill_status.aspx?lsr=1032&sy=2023&sortoption=&txtsessionyear=2023,ocd-bill/796b798c-f4af-494a-8492-01ae3358657c
aa283e8a-952b-4963-add5-803cb4748787,,https://www.gencourt.state.nh.us/bill_status/legacy/bs2016/bill_status.aspx?lsr=0912&sy=2023&sortoption=&txtsessionyear=2023,ocd-bill/0238eb6c-4ec3-4418-a00c-eb8ca3be67ef
21dfbe80-5ba0-4926-8584-eac787b953af,,https://www.gencourt.state.nh.us/bill_status/legacy/bs2016/bill_status.aspx?lsr=0910&sy=2023&sortoption=&txtsessionyear=2023,ocd-bill/140cb646-f515-4e98-bffa-4c9afab6480d
b6d197d8-d807-4c7d-ba10-d793db51f81b,,https://www.gencourt.state.nh.us/bill_status/legacy/bs2016/bill_status.aspx?lsr=0436&sy=2023&sortoption=&txtsessionyear=2023,ocd-bill/06f83f03-8b5f-4db9-86fd-31afdb029e22
6f7aebb0-206b-4dda-b8bd-30c26a11908d,,https://www.gencourt.state.nh.us/bill_status/legacy/bs2016/bill_status.aspx?lsr=1034&sy=2023&sortoption=&txtsessionyear=2023,ocd-bill/cef0d149-4ee4-4d38-806e-9dfa3c5c5bcd
909446d5-4546-4e19-ae01-e16d6e5a37db,,https://www.gencourt.state.nh.us/bill_status/legacy/bs2016/bill_status.aspx?lsr=0966&sy=2023&sortoption=&txtsessionyear=2023,ocd-bill/295c304f-cbc1-436b-839d-bc748581a10b
dd393b67-619b-463c-a6e0-dc0fab8eb60d,,https://www.gencourt.state.nh.us/bill_status/legacy/bs2016/bill_status.aspx?lsr=0805&sy=2023&sortoption=&txtsessionyear=2023,ocd-bill/c979d077-ab86-401f-b374-ccd2779ad342
a7914795-1d1a-48e3-b7c1-1893551507c3,,https://www.gencourt.state.nh.us/bill_status/legacy/bs2016/bill_status.aspx?lsr=0811&sy=2023&sortoption=&txtsessionyear=2023,ocd-bill/8883a208-7c28-4e96-857a-bafe2fb9d23d
822ffc93-0637-4092-911c-e26508b40309,,https://www.gencourt.state.nh.us/bill_status/legacy/bs2016/bill_status.aspx?lsr=0698&sy=2023&sortoption=&txtsessionyear=2023,ocd-bill/de356e63-5c03-40de-9599-85b5d5af712f
34faf402-8323-4de8-895c-a6cf91df5be0,,https://www.gencourt.state.nh.us/bill_status/legacy/bs2016/bill_status.aspx?lsr=0877&sy=2023&sortoption=&txtsessionyear=2023,ocd-bill/01dcb4d3-5736-452e-9b0d-11868ae54151
a58bb969-4b20-47f7-82f0-5bf0c1853834,,https://www.gencourt.state.nh.us/bill_status/legacy/bs2016/bill_status.aspx?lsr=0888&sy=2023&sortoption=&txtsessionyear=2023,ocd-bill/c796434e-8ed3-4892-a487-901b2ec8ca69
122bc6c2-8336-4651-b562-3fc93960a011,,https://www.gencourt.state.nh.us/bill_status/legacy/bs2016/bill_status.aspx?lsr=0419&sy=2023&sortoption=&txtsessionyear=2023,ocd-bill/3752a6ae-c75a-4b51-81f0-f6d60f4bde6a
5799d64f-00f4-4686-8e35-905f99842171,,https://www.gencourt.state.nh.us/bill_status/legacy/bs2016/bill_status.aspx?lsr=0258&sy=2023&sortoption=&txtsessionyear=2023,ocd-bill/be3b3fdc-b7f5-4896-ae4a-6f5b230de4d0
8801a6cf-199e-4e2f-8baf-1ea52a86b212,,https://www.gencourt.state.nh.us/bill_status/legacy/bs2016/bill_status.aspx?lsr=0201&sy=2023&sortoption=&txtsessionyear=2023,ocd-bill/fb534a9e-93aa-49d7-8a0b-77a612f29246
dfbf8c47-4736-4a74-aa29-bd1b96cffa12,,https://www.gencourt.state.nh.us/bill_status/legacy/bs2016/bill_status.aspx?lsr=0787&sy=2023&sortoption=&txtsessionyear=2023,ocd-bill/1e168b8c-6c37-4428-9887-218f4ecf7897
85b14e08-d9bc-4e41-93c4-8bd6de30cb3c,,https://www.gencourt.state.nh.us/bill_status/legacy/bs2016/bill_status.aspx?lsr=0328&sy=2023&sortoption=&txtsessionyear=2023,ocd-bill/6e409acc-bec4-48b0-95cb-ef037251db5b
b2d712f6-71c1-41cd-b4a7-cbefdf3993c1,,https://www.gencourt.state.nh.us/bill_status/legacy/bs2016/bill_status.aspx?lsr=0397&sy=2023&sortoption=&txtsessionyear=2023,ocd-bill/b5f09bcb-0403-451c-ac61-7edb1c52a844
996fee09-b76f-4bfe-b21b-af5fc7721fd9,,https://www.gencourt.state.nh.us/bill_status/legacy/bs2016/bill_status.aspx?lsr=0963&sy=2023&sortoption=&txtsessionyear=2023,ocd-bill/044d7fa9-cfe7-43d4-88fe-70852f49899c
d8b0bcb0-3ea9-4677-bdca-b3f7544e8d24,,https://www.gencourt.state.nh.us/bill_status/legacy/bs2016/bill_status.aspx?lsr=0444&sy=2023&sortoption=&txtsessionyear=2023,ocd-bill/eaf54b41-56ed-4181-a4dc-8105fb640510
6a76af3d-10c8-4423-a2ba-21684e8825e9,,https://www.gencourt.state.nh.us/bill_status/legacy/bs2016/bill_status.aspx?lsr=1040&sy=2023&sortoption=&txtsessionyear=2023,ocd-bill/d976e1c5-f8b5-4b25-b6a7-970188717712
7d954e79-801a-4c49-a034-918aceb97bfd,,https://www.gencourt.state.nh.us/bill_status/legacy/bs2016/bill_status.aspx?lsr=1015&sy=2023&sortoption=&txtsessionyear=2023,ocd-bill/fee78032-6e0a-43f5-9cfd-3fe57553feaa
f3a24e99-9839-4224-bcf2-e08f688eee77,,https://www.gencourt.state.nh.us/bill_status/legacy/bs2016/bill_status.aspx?lsr=0913&sy=2023&sortoption=&txtsessionyear=2023,ocd-bill/cc0600bf-c0b0-4921-ad66-6edf3ae53311
25cbc96d-0788-4b7a-b671-35e099afc98b,,https://www.gencourt.state.nh.us/bill_status/legacy/bs2016/bill_status.aspx?lsr=0579&sy=2023&sortoption=&txtsessionyear=2023,ocd-bill/f4289f2d-d675-4f63-bc7a-3c8cb05636ca
ed7501a7-b9f9-4887-83aa-eafdd9f1f443,,https://www.gencourt.state.nh.us/bill_status/legacy/bs2016/bill_status.aspx?lsr=1041&sy=2023&sortoption=&txtsessionyear=2023,ocd-bill/36e50bce-b137-4100-9e48-615b4c712179
985de55d-b807-487f-ac12-5690616981ac,,https://www.gencourt.state.nh.us/bill_status/legacy/bs2016/bill_status.aspx?lsr=0134&sy=2023&sortoption=&txtsessionyear=2023,ocd-bill/8fe50368-e24d-453c-95e0-9db04cbfef20
3fa23cd3-cf79-4f60-aa12-e91938b39e28,,https://www.gencourt.state.nh.us/bill_status/legacy/bs2016/bill_status.aspx?lsr=0555&sy=2023&sortoption=&txtsessionyear=2023,ocd-bill/10ce67b1-91c6-43b1-8f74-214f9873e5d2
abf386a5-495a-4bbd-bb66-9d576ee2d2c0,,https://www.gencourt.state.nh.us/bill_status/legacy/bs2016/bill_status.aspx?lsr=0433&sy=2023&sortoption=&txtsessionyear=2023,ocd-bill/b8821a04-604a-42de-aeb7-2e5a19fd81dd
2b1d0fb2-484e-429f-8ea5-5dc3a015e7eb,,https://www.gencourt.state.nh.us/bill_status/legacy/bs2016/bill_status.aspx?lsr=0924&sy=2023&sortoption=&txtsessionyear=2023,ocd-bill/cd04200c-cfe3-4b50-8b44-501ee00c4d12
501e2743-8c2a-4bc0-a225-5ee0f1917d6e,,https://www.gencourt.state.nh.us/bill_status/legacy/bs2016/bill_status.aspx?lsr=0214&sy=2023&sortoption=&txtsessionyear=2023,ocd-bill/bbae56ea-5096-4fbc-8f06-a1185ee0cb6a
de3e6a0e-fc8d-4ba4-ae36-913da7e2953c,,https://www.gencourt.state.nh.us/bill_status/legacy/bs2016/bill_status.aspx?lsr=0596&sy=2023&sortoption=&txtsessionyear=2023,ocd-bill/a73a6fb7-d16a-4a2a-b000-1a284ebade9f
83422a50-de6b-420b-b75e-deac196a5d91,,https://www.gencourt.state.nh.us/bill_status/legacy/bs2016/bill_status.aspx?lsr=0338&sy=2023&sortoption=&txtsessionyear=2023,ocd-bill/19354241-d8d5-4265-8553-9fd3665322c4
27e4bf30-7f26-4fb1-ad12-049a0aca0ac1,,https://www.gencourt.state.nh.us/bill_status/legacy/bs2016/bill_status.aspx?lsr=0504&sy=2023&sortoption=&txtsessionyear=2023,ocd-bill/34dd1ab3-af4d-4263-97f5-0fd21ecdd1de
88a994f9-9cde-41b1-99e4-0f056d8b7a4e,,https://www.gencourt.state.nh.us/bill_status/legacy/bs2016/bill_status.aspx?lsr=0606&sy=2023&sortoption=&txtsessionyear=2023,ocd-bill/6f46184b-a00f-4359-8ac3-d99d3510c651
2a5b068e-6b8f-4d83-b642-ed4ac1957652,,https://www.gencourt.state.nh.us/bill_status/legacy/bs2016/bill_status.aspx?lsr=0187&sy=2023&sortoption=&txtsessionyear=2023,ocd-bill/77afb456-4547-43ad-b570-2a9d7f8698a3
b31b8fd2-5bb3-4e65-b068-a6aba83fb8e9,,https://www.gencourt.state.nh.us/bill_status/legacy/bs2016/bill_status.aspx?lsr=0847&sy=2023&sortoption=&txtsessionyear=2023,ocd-bill/50c0cad3-d669-44c1-8ef0-3bf55fd159cf
d0405a22-b92c-4dde-8445-8625947bf20b,,https://www.gencourt.state.nh.us/bill_status/legacy/bs2016/bill_status.aspx?lsr=0231&sy=2023&sortoption=&txtsessionyear=2023,ocd-bill/c098c9aa-6d78-47af-94ea-4c7c3a8b8086
7609318b-bd76-4691-bb32-122c7137aaac,,https://www.gencourt.state.nh.us/bill_status/legacy/bs2016/bill_status.aspx?lsr=0130&sy=2023&sortoption=&txtsessionyear=2023,ocd-bill/a06df0a1-f825-450f-abe0-f77f480fdc07
987c0afc-8dc5-4375-8f17-899d13dcb0a6,,https://www.gencourt.state.nh.us/bill_status/legacy/bs2016/bill_status.aspx?lsr=0446&sy=2023&sortoption=&txtsessionyear=2023,ocd-bill/b040f560-0514-49ba-ba09-f20b2a5bad63
c47c85b4-37b3-4ed7-b08f-49e051a4e53f,,https://www.gencourt.state.nh.us/bill_status/legacy/bs2016/bill_status.aspx?lsr=0782&sy=2023&sortoption=&txtsessionyear=2023,ocd-bill/82c61cf2-35c9-47b9-a40a-41d34f87f9e7
5bace59f-0311-4bdb-99bf-a57913502cd6,,https://www.gencourt.state.nh.us/bill_status/legacy/bs2016/bill_status.aspx?lsr=0288&sy=2023&sortoption=&txtsessionyear=2023,ocd-bill/fd7cda2b-5d92-4e0f-8c96-18073ee5effc
0d6d5dae-fa27-42e9-b9af-9623227b3db7,,https://www.gencourt.state.nh.us/bill_status/legacy/bs2016/bill_status.aspx?lsr=0788&sy=2023&sortoption=&txtsessionyear=2023,ocd-bill/1636bf1c-26ef-4070-8fbe-a17a5267db5f
6479f24d-4f43-4fa6-adc9-9d09a0290edd,,https://www.gencourt.state.nh.us/bill_status/legacy/bs2016/bill_status.aspx?lsr=0755&sy=2023&sortoption=&txtsessionyear=2023,ocd-bill/6118a2b0-b114-41ef-ad81-45ed005412c7
51df8aa5-b357-4404-91fd-de6a1a00dfb4,,https://www.gencourt.state.nh.us/bill_status/legacy/bs2016/bill_status.aspx?lsr=0611&sy=2023&sortoption=&txtsessionyear=2023,ocd-bill/3553d99e-0ae1-42fd-b6d3-a9316f57797d
eaefb087-54f7-4b3b-aed7-efbe51b44da8,,https://www.gencourt.state.nh.us/bill_status/legacy/bs2016/bill_status.aspx?lsr=1042&sy=2023&sortoption=&txtsessionyear=2023,ocd-bill/4537d78a-afa6-4b86-8158-3ff56fd044f4
a28546c6-6b64-4499-b1b4-2e51fb239e6b,,https://www.gencourt.state.nh.us/bill_status/legacy/bs2016/bill_status.aspx?lsr=0786&sy=2023&sortoption=&txtsessionyear=2023,ocd-bill/85984af1-3d28-4a7b-b0f3-560f7c57322b
5f9423f1-f5fc-4795-be0f-728437c1006e,,https://www.gencourt.state.nh.us/bill_status/legacy/bs2016/bill_status.aspx?lsr=0796&sy=2023&sortoption=&txtsessionyear=2023,ocd-bill/894cf43e-06dc-4621-a48e-9c097ce3f753
c90599a7-6805-4734-bb0d-4ebd4d5cce93,,https://www.gencourt.state.nh.us/bill_status/legacy/bs2016/bill_status.aspx?lsr=0528&sy=2023&sortoption=&txtsessionyear=2023,ocd-bill/7d86c563-c73d-41fd-8a3f-aae76dc5283f
7e6e0d9e-702f-4532-9f9a-1b5b95233770,,https://www.gencourt.state.nh.us/bill_status/legacy/bs2016/bill_status.aspx?lsr=0575&sy=2023&sortoption=&txtsessionyear=2023,ocd-bill/9ff7aec8-08ea-40de-b918-5e41d9fcfd44
176ab9eb-291b-4a18-9de4-d027ef150f66,,https://www.gencourt.state.nh.us/bill_status/legacy/bs2016/bill_status.aspx?lsr=0972&sy=2023&sortoption=&txtsessionyear=2023,ocd-bill/dd1bd355-844e-41b9-9005-4dcef2e95f14
9dfc7d17-ad07-4880-bf0c-703b64c68a96,,https://www.gencourt.state.nh.us/bill_status/legacy/bs2016/bill_status.aspx?lsr=0336&sy=2023&sortoption=&txtsessionyear=2023,ocd-bill/529b77fa-5cd2-4fcf-9f23-ed4affdeca2f
ff2604f4-1d5d-4903-a819-1e5d72581a5f,,https://www.gencourt.state.nh.us/bill_status/legacy/bs2016/bill_status.aspx?lsr=0360&sy=2023&sortoption=&txtsessionyear=2023,ocd-bill/3b11ea0b-a394-44db-99c6-dfa7265b8408
bdaf0e0e-07ee-450d-a886-a0a887b5d7c7,,https://www.gencourt.state.nh.us/bill_status/legacy/bs2016/bill_status.aspx?lsr=0722&sy=2023&sortoption=&txtsessionyear=2023,ocd-bill/ba297d1c-009c-4672-b83c-fc2a096e2409
e936a007-eb27-4fb8-a026-b5b2dcf9ef32,,https://www.gencourt.state.nh.us/bill_status/legacy/bs2016/bill_status.aspx?lsr=0072&sy=2023&sortoption=&txtsessionyear=2023,ocd-bill/79a993e7-e61e-441c-96f5-b96f9c405097
1420a7dd-9955-4d4c-bbbf-5bc2d8a03b04,,https://www.gencourt.state.nh.us/bill_status/legacy/bs2016/bill_status.aspx?lsr=0642&sy=2023&sortoption=&txtsessionyear=2023,ocd-bill/bfe4c84b-6ae9-4628-b724-42bbc1e4dada
d409c474-f469-4c0b-85e7-a84d272ec78d,,https://www.gencourt.state.nh.us/bill_status/legacy/bs2016/bill_status.aspx?lsr=0437&sy=2023&sortoption=&txtsessionyear=2023,ocd-bill/9b692f60-a737-433c-b8de-4530fe84e847
21ed6718-4415-41f3-91d1-5abc76ced626,,https://www.gencourt.state.nh.us/bill_status/legacy/bs2016/bill_status.aspx?lsr=0151&sy=2023&sortoption=&txtsessionyear=2023,ocd-bill/779a7ef5-9062-4563-99e2-c75e3eecb7fe
f8d9949a-8169-4192-9102-67f1f3a98f5d,,https://www.gencourt.state.nh.us/bill_status/legacy/bs2016/bill_status.aspx?lsr=0578&sy=2023&sortoption=&txtsessionyear=2023,ocd-bill/448af92e-5f42-4910-bbbc-bb6c8f8523e4
c65b17b8-e705-450e-bde8-d2c3438bfc14,,https://www.gencourt.state.nh.us/bill_status/legacy/bs2016/bill_status.aspx?lsr=0337&sy=2023&sortoption=&txtsessionyear=2023,ocd-bill/556b2cd6-a8cb-485f-b2ca-bd635f37da4d
74c1ecc8-7546-4c9a-b256-dd5b1b3a27e1,,https://www.gencourt.state.nh.us/bill_status/legacy/bs2016/bill_status.aspx?lsr=0512&sy=2023&sortoption=&txtsessionyear=2023,ocd-bill/5a12b60b-14ac-497b-8417-97983dc117f5
12c5af4c-c689-4c02-a5cc-b231a660939a,,https://www.gencourt.state.nh.us/bill_status/legacy/bs2016/bill_status.aspx?lsr=0929&sy=2023&sortoption=&txtsessionyear=2023,ocd-bill/72822594-2da9-4182-a2b8-60eebee24c78
a31d0960-d387-48e6-90af-d95bb8490415,,https://www.gencourt.state.nh.us/bill_status/legacy/bs2016/bill_status.aspx?lsr=0636&sy=2023&sortoption=&txtsessionyear=2023,ocd-bill/14bee17a-cecf-48bb-90e5-6b9717a109c7
bf52fcb3-2252-49e1-8014-38bf15e54733,,https://www.gencourt.state.nh.us/bill_status/legacy/bs2016/bill_status.aspx?lsr=0403&sy=2023&sortoption=&txtsessionyear=2023,ocd-bill/e19de4d2-7c98-421c-a6ad-7ff00570fbed
3ad0e3a1-9562-4a45-909d-2fca380376ce,,https://www.gencourt.state.nh.us/bill_status/legacy/bs2016/bill_status.aspx?lsr=0280&sy=2023&sortoption=&txtsessionyear=2023,ocd-bill/33781223-60ac-4a9e-b67c-55354943ffd2
f196a0a3-5efd-48ea-b1a5-0d48a1c025a2,,https://www.gencourt.state.nh.us/bill_status/legacy/bs2016/bill_status.aspx?lsr=0470&sy=2023&sortoption=&txtsessionyear=2023,ocd-bill/fea73b34-894e-43ea-b060-69028e73d4ad
da9671f7-9163-40d8-8da5-9f57b3a4e292,,https://www.gencourt.state.nh.us/bill_status/legacy/bs2016/bill_status.aspx?lsr=0707&sy=2023&sortoption=&txtsessionyear=2023,ocd-bill/9b99da05-a7b7-483a-b076-2d730c943a8f
7e83513a-0e20-4a09-9eb1-4b0800ea387f,,https://www.gencourt.state.nh.us/bill_status/legacy/bs2016/bill_status.aspx?lsr=0440&sy=2023&sortoption=&txtsessionyear=2023,ocd-bill/fb366cd4-5079-451e-afa1-0c3bdd24a807
f706b628-c9e3-44f3-9ba2-9edee2b4cb73,,https://www.gencourt.state.nh.us/bill_status/legacy/bs2016/bill_status.aspx?lsr=0292&sy=2023&sortoption=&txtsessionyear=2023,ocd-bill/ae06a53c-a8f5-4baa-9c8f-0324f1a9734b
2c3f7119-e8eb-4832-b00e-3f3a9ae98327,,https://www.gencourt.state.nh.us/bill_status/legacy/bs2016/bill_status.aspx?lsr=0658&sy=2023&sortoption=&txtsessionyear=2023,ocd-bill/16c585d7-4226-4bfd-b02a-d21f2089e6db
bf874753-fac8-463e-b2d4-a6ac7652c1df,,https://www.gencourt.state.nh.us/bill_status/legacy/bs2016/bill_status.aspx?lsr=0463&sy=2023&sortoption=&txtsessionyear=2023,ocd-bill/3765b42a-94b9-420a-bf9e-7e452bea6234
0f8cf2b0-b555-4d01-8406-102dafc9308a,,https://www.gencourt.state.nh.us/bill_status/legacy/bs2016/bill_status.aspx?lsr=0572&sy=2023&sortoption=&txtsessionyear=2023,ocd-bill/7b96a421-acdc-4411-b52c-f26f3829d9fe
5faaf18a-e6e0-4040-9785-18e80cdb0c3e,,https://www.gencourt.state.nh.us/bill_status/legacy/bs2016/bill_status.aspx?lsr=0889&sy=2023&sortoption=&txtsessionyear=2023,ocd-bill/2c03a752-c95d-485b-bc7f-669517f15d74
75dda829-9433-446c-b29d-4abce62071fd,,https://www.gencourt.state.nh.us/bill_status/legacy/bs2016/bill_status.aspx?lsr=0500&sy=2023&sortoption=&txtsessionyear=2023,ocd-bill/ee256c44-0964-46e5-9e5f-5c295a404de8
98cf306a-f6da-41f0-b22b-c0711da7390b,,https://www.gencourt.state.nh.us/bill_status/legacy/bs2016/bill_status.aspx?lsr=0678&sy=2023&sortoption=&txtsessionyear=2023,ocd-bill/ecaab808-aacb-4096-b64e-3e3dd69a8130
95a6e120-3ad1-4b2c-be8b-171aff3b7654,,https://www.gencourt.state.nh.us/bill_status/legacy/bs2016/bill_status.aspx?lsr=0644&sy=2023&sortoption=&txtsessionyear=2023,ocd-bill/abe4c8d7-329b-4d91-bf7b-2ecb445a3141
a71cf761-bf4a-4821-b877-3ebd2bd66be9,,https://www.gencourt.state.nh.us/bill_status/legacy/bs2016/bill_status.aspx?lsr=0216&sy=2023&sortoption=&txtsessionyear=2023,ocd-bill/3c15b31f-143f-489a-a7d8-184944d555f8
36440638-31ed-4be6-a909-b874fdba8c27,,https://www.gencourt.state.nh.us/bill_status/legacy/bs2016/bill_status.aspx?lsr=0114&sy=2023&sortoption=&txtsessionyear=2023,ocd-bill/94eb1973-9b3f-4a19-8168-37d706164327
4edadbc2-6dac-4e96-9b5b-8da65d5f02e5,,https://www.gencourt.state.nh.us/bill_status/legacy/bs2016/bill_status.aspx?lsr=0651&sy=2023&sortoption=&txtsessionyear=2023,ocd-bill/9dba77dd-b753-4d00-b7de-ae22f46215a8
97f0b07f-bd53-492b-8353-f86c5a72d4ec,,https://www.gencourt.state.nh.us/bill_status/legacy/bs2016/bill_status.aspx?lsr=1033&sy=2023&sortoption=&txtsessionyear=2023,ocd-bill/295ca196-183a-4217-9ed5-2d4c3bd3951e
d7312b20-39cb-49b8-9259-4ece1d0470e0,,https://www.gencourt.state.nh.us/bill_status/legacy/bs2016/bill_status.aspx?lsr=0630&sy=2023&sortoption=&txtsessionyear=2023,ocd-bill/b3000dad-ef80-4c03-828e-132e38dc6176
2a357c18-1b25-4ce6-9d0f-0252369f782b,,https://www.gencourt.state.nh.us/bill_status/legacy/bs2016/bill_status.aspx?lsr=1059&sy=2023&sortoption=&txtsessionyear=2023,ocd-bill/70492557-78e3-4e55-be67-54dcb2c6c266
77f0bf4f-4795-4fc5-962b-d3c83084a0dc,,https://www.gencourt.state.nh.us/bill_status/legacy/bs2016/bill_status.aspx?lsr=0581&sy=2023&sortoption=&txtsessionyear=2023,ocd-bill/3bf5c98d-a137-4000-8df7-22ab4ce1cff4
3f23bbc9-d502-4ca3-97d1-df5f6715c8db,,https://www.gencourt.state.nh.us/bill_status/legacy/bs2016/bill_status.aspx?lsr=1016&sy=2023&sortoption=&txtsessionyear=2023,ocd-bill/e90a7964-eb3f-4931-8542-c943ee24f2f4
60ebe956-e01f-440a-b9b8-681286ff08e8,,https://www.gencourt.state.nh.us/bill_status/legacy/bs2016/bill_status.aspx?lsr=0182&sy=2023&sortoption=&txtsessionyear=2023,ocd-bill/23811943-14bd-429e-919d-c07761369622
8ca0a73a-a589-48a1-91ca-09a8e2aa818b,,https://www.gencourt.state.nh.us/bill_status/legacy/bs2016/bill_status.aspx?lsr=0245&sy=2023&sortoption=&txtsessionyear=2023,ocd-bill/aa843992-d009-440e-a408-cb77077c21b5
50feee78-e67c-4aef-ac8f-d9e652120890,,https://www.gencourt.state.nh.us/bill_status/legacy/bs2016/bill_status.aspx?lsr=0329&sy=2023&sortoption=&txtsessionyear=2023,ocd-bill/6842c5fd-adea-4749-b8ce-6c0b50aa4a3b
4098eb59-b2d8-462f-85ee-dab7f902b64a,,https://www.gencourt.state.nh.us/bill_status/legacy/bs2016/bill_status.aspx?lsr=0250&sy=2023&sortoption=&txtsessionyear=2023,ocd-bill/04e85a98-2940-42da-b778-dc462436d3bf
29df5af6-f5fb-49d9-830f-874a0521dc1c,,https://www.gencourt.state.nh.us/bill_status/legacy/bs2016/bill_status.aspx?lsr=1023&sy=2023&sortoption=&txtsessionyear=2023,ocd-bill/6bc5ba1d-3932-49ba-bdad-05283e4ffd42
f3892d39-f2fb-4fa1-9ae8-0d8c5a7b5436,,https://www.gencourt.state.nh.us/bill_status/legacy/bs2016/bill_status.aspx?lsr=0175&sy=2023&sortoption=&txtsessionyear=2023,ocd-bill/a25f09d4-7253-4328-b6a0-b95f0851d8c2
f6a56aa5-e017-4f5b-b7ed-b5fdd6b771c8,,https://www.gencourt.state.nh.us/bill_status/legacy/bs2016/bill_status.aspx?lsr=0069&sy=2023&sortoption=&txtsessionyear=2023,ocd-bill/8833c1bd-5e15-4562-a4e6-830003f7f085
9cee93aa-b990-459a-8540-ded3b14c9c56,,https://www.gencourt.state.nh.us/bill_status/legacy/bs2016/bill_status.aspx?lsr=0554&sy=2023&sortoption=&txtsessionyear=2023,ocd-bill/ea277ddd-202b-426a-b6ad-02f0b39dd40d
37015133-5cf7-4542-951f-9afc1e45e29c,,https://www.gencourt.state.nh.us/bill_status/legacy/bs2016/bill_status.aspx?lsr=0647&sy=2023&sortoption=&txtsessionyear=2023,ocd-bill/1fff7dfd-82a9-4879-b64e-84cbc0949a4b
d3e51d9d-4c82-428f-95e2-865cf41b6d38,,https://www.gencourt.state.nh.us/bill_status/legacy/bs2016/bill_status.aspx?lsr=0189&sy=2023&sortoption=&txtsessionyear=2023,ocd-bill/f55643dc-53c9-4316-b600-411b4cd5f47f
adf3babb-2862-48c2-89fe-b39951d07c3e,,https://www.gencourt.state.nh.us/bill_status/legacy/bs2016/bill_status.aspx?lsr=0510&sy=2023&sortoption=&txtsessionyear=2023,ocd-bill/c6a7250a-8d32-4a8c-a6e1-06431b9f4769
f6c3b6ca-fe36-480a-a35f-456bc1d66f72,,https://www.gencourt.state.nh.us/bill_status/legacy/bs2016/bill_status.aspx?lsr=0327&sy=2023&sortoption=&txtsessionyear=2023,ocd-bill/71f27f6f-9703-40c2-83ce-f286f5652a58
6fab0e0e-6b8a-4d65-8306-17b3913b889c,,https://www.gencourt.state.nh.us/bill_status/legacy/bs2016/bill_status.aspx?lsr=1045&sy=2023&sortoption=&txtsessionyear=2023,ocd-bill/b792b743-f027-4b58-96ec-372062b732a0
20ac3ce7-cc8f-490e-a3a9-1606d85e6184,,https://www.gencourt.state.nh.us/bill_status/legacy/bs2016/bill_status.aspx?lsr=0023&sy=2023&sortoption=&txtsessionyear=2023,ocd-bill/1f4a1fed-d474-4631-933d-5a49ea79633a
d112696d-93b8-4ffe-bec1-b25fafe5e220,,https://www.gencourt.state.nh.us/bill_status/legacy/bs2016/bill_status.aspx?lsr=0057&sy=2023&sortoption=&txtsessionyear=2023,ocd-bill/c4de4090-7b0c-4ce6-9507-5f12abb1e9ac
da41ee10-f223-4e00-830e-e8ea00512505,,https://www.gencourt.state.nh.us/bill_status/legacy/bs2016/bill_status.aspx?lsr=0978&sy=2023&sortoption=&txtsessionyear=2023,ocd-bill/17fe5a95-9bfc-4ee4-8629-f0942c46988b
a1a48a4f-7b01-44d8-9082-1d615a5dae67,,https://www.gencourt.state.nh.us/bill_status/legacy/bs2016/bill_status.aspx?lsr=0272&sy=2023&sortoption=&txtsessionyear=2023,ocd-bill/129ce446-4402-4327-9d78-84caece0ce47
14a228bd-d179-4b99-bd6f-678eb35ed9fe,,https://www.gencourt.state.nh.us/bill_status/legacy/bs2016/bill_status.aspx?lsr=0943&sy=2023&sortoption=&txtsessionyear=2023,ocd-bill/4646e5d3-b571-4a31-be43-a71444139acc
eb85747f-d1fe-4087-8ed6-853bf4965cf1,,https://www.gencourt.state.nh.us/bill_status/legacy/bs2016/bill_status.aspx?lsr=0270&sy=2023&sortoption=&txtsessionyear=2023,ocd-bill/82daa4b3-9d5d-41ec-a802-d420af22c6f4
c246dad1-4243-4d35-ac85-aaeaf56ce1f3,,https://www.gencourt.state.nh.us/bill_status/legacy/bs2016/bill_status.aspx?lsr=0900&sy=2023&sortoption=&txtsessionyear=2023,ocd-bill/9e43f8ef-d7b4-4c90-8d08-11fc898556b0
5cd3cff7-aef9-486e-b841-168392a09f13,,https://www.gencourt.state.nh.us/bill_status/legacy/bs2016/bill_status.aspx?lsr=0065&sy=2023&sortoption=&txtsessionyear=2023,ocd-bill/33492a5c-abc2-459e-b8df-8b29eed0b83f
d55358cd-0c88-4380-ad44-43100ac56bde,,https://www.gencourt.state.nh.us/bill_status/legacy/bs2016/bill_status.aspx?lsr=0758&sy=2023&sortoption=&txtsessionyear=2023,ocd-bill/b45c4076-d620-4c42-8d97-a35132e6a5d7
ec47f962-1acb-4d59-aa8f-d5898a38f450,,https://www.gencourt.state.nh.us/bill_status/legacy/bs2016/bill_status.aspx?lsr=0857&sy=2023&sortoption=&txtsessionyear=2023,ocd-bill/4697ac6e-471f-4adf-9b67-0b73a45930fe
9d037567-0cf8-4d72-ad1e-afc22ae925d1,,https://www.gencourt.state.nh.us/bill_status/legacy/bs2016/bill_status.aspx?lsr=0954&sy=2023&sortoption=&txtsessionyear=2023,ocd-bill/ccb5256e-5dc1-44f4-9b26-19b0dcd9d7c5
d430dcb3-4c6c-4673-8ba8-f15ff2b10fb0,,https://www.gencourt.state.nh.us/bill_status/legacy/bs2016/bill_status.aspx?lsr=0902&sy=2023&sortoption=&txtsessionyear=2023,ocd-bill/7539f4f5-8b8b-4498-acf3-324b97653fa7
a658502d-0ef2-4976-a0c9-1ca7a9e5ad4a,,https://www.gencourt.state.nh.us/bill_status/legacy/bs2016/bill_status.aspx?lsr=0243&sy=2023&sortoption=&txtsessionyear=2023,ocd-bill/dc0d30cd-9ae1-47fb-8121-d92027e8615f
978a4c7e-ecef-449b-b2a8-3911efcea569,,https://www.gencourt.state.nh.us/bill_status/legacy/bs2016/bill_status.aspx?lsr=0505&sy=2023&sortoption=&txtsessionyear=2023,ocd-bill/8679bab6-0824-4732-a900-1060462a5dcf
49c1a085-f5ee-48f5-a44a-60a022d40790,,https://www.gencourt.state.nh.us/bill_status/legacy/bs2016/bill_status.aspx?lsr=0498&sy=2023&sortoption=&txtsessionyear=2023,ocd-bill/75f9d164-1752-4f9e-a33c-7038ad890335
754fb4b8-5d1e-41f7-9704-7061cf0d9a11,,https://www.gencourt.state.nh.us/bill_status/legacy/bs2016/bill_status.aspx?lsr=0975&sy=2023&sortoption=&txtsessionyear=2023,ocd-bill/4cc75b69-2350-4a01-b7b0-06605cd0a9bf
97220056-7600-4495-a948-f860e48eb15b,,https://www.gencourt.state.nh.us/bill_status/legacy/bs2016/bill_status.aspx?lsr=0081&sy=2023&sortoption=&txtsessionyear=2023,ocd-bill/804b0da9-6d2d-42a6-94c6-141b450d8adb
c8305faa-ca02-4122-b835-a5ffca064178,,https://www.gencourt.state.nh.us/bill_status/legacy/bs2016/bill_status.aspx?lsr=0844&sy=2023&sortoption=&txtsessionyear=2023,ocd-bill/a1b66bec-fc6e-4d3d-a0fc-9015841008e5
5629317b-8b33-4385-b237-ebec1c759a5d,,https://www.gencourt.state.nh.us/bill_status/legacy/bs2016/bill_status.aspx?lsr=0762&sy=2023&sortoption=&txtsessionyear=2023,ocd-bill/47cb2159-0110-4c95-8665-3396ea770024
075594d4-1925-4b0c-bc26-57ed9e9d188f,,https://www.gencourt.state.nh.us/bill_status/legacy/bs2016/bill_status.aspx?lsr=0374&sy=2023&sortoption=&txtsessionyear=2023,ocd-bill/96910c02-c16b-48fe-aead-59f5ba688ce9
3ac4467a-e8b8-4530-a6cc-b26ee3d38c3f,,https://www.gencourt.state.nh.us/bill_status/legacy/bs2016/bill_status.aspx?lsr=0848&sy=2023&sortoption=&txtsessionyear=2023,ocd-bill/2e7a37d2-77ae-4eb3-8326-59f1fbd0d293
893d911d-51cf-4114-8606-da1fa3e03d66,,https://www.gencourt.state.nh.us/bill_status/legacy/bs2016/bill_status.aspx?lsr=0269&sy=2023&sortoption=&txtsessionyear=2023,ocd-bill/77e4944f-5d6f-4c0a-b903-804a1ee6626c
d7637615-7325-4811-9cd3-3d3b2dd6cee6,,https://www.gencourt.state.nh.us/bill_status/legacy/bs2016/bill_status.aspx?lsr=0895&sy=2023&sortoption=&txtsessionyear=2023,ocd-bill/279255c2-a677-46d2-b8bb-3258a64c6098
a646a240-35be-4e2e-8545-a84346d66eee,,https://www.gencourt.state.nh.us/bill_status/legacy/bs2016/bill_status.aspx?lsr=0589&sy=2023&sortoption=&txtsessionyear=2023,ocd-bill/d0b9b8f0-869a-4b64-9279-5ef89121da2f
b1614845-0a25-41e2-8591-019869010f4d,,https://www.gencourt.state.nh.us/bill_status/legacy/bs2016/bill_status.aspx?lsr=0213&sy=2023&sortoption=&txtsessionyear=2023,ocd-bill/d64b30fc-f921-4cdc-a2ee-6747addddc57
6c8b9c13-08b8-4952-a930-f805f1b40f4a,,https://www.gencourt.state.nh.us/bill_status/legacy/bs2016/bill_status.aspx?lsr=1024&sy=2023&sortoption=&txtsessionyear=2023,ocd-bill/b8c5bf57-15a7-4bc3-bbd7-4e0586d6f3b1
ff7633c0-f458-44a8-9ec3-12b017106758,,https://www.gencourt.state.nh.us/bill_status/legacy/bs2016/bill_status.aspx?lsr=0180&sy=2023&sortoption=&txtsessionyear=2023,ocd-bill/60abefae-9e57-4953-9731-d17c27ef457f
7b62f05f-cf7d-43fc-8064-a70da87fe015,,https://www.gencourt.state.nh.us/bill_status/legacy/bs2016/bill_status.aspx?lsr=0983&sy=2023&sortoption=&txtsessionyear=2023,ocd-bill/05ebf16c-4e7b-4b10-8856-e6c1d0603be1
155e8972-fa28-46f2-8504-e8396e115e1c,,https://www.gencourt.state.nh.us/bill_status/legacy/bs2016/bill_status.aspx?lsr=0749&sy=2023&sortoption=&txtsessionyear=2023,ocd-bill/5c110631-5000-4206-b729-65dbef6bb592
5604b157-e965-4796-9ef5-c1b0f7ba9bcb,,https://www.gencourt.state.nh.us/bill_status/legacy/bs2016/bill_status.aspx?lsr=0408&sy=2023&sortoption=&txtsessionyear=2023,ocd-bill/ed07bc6a-8e56-4fba-93ec-2d77be9b53a6
7b4a663b-0500-48ea-b07c-b30f438d2d9c,,https://www.gencourt.state.nh.us/bill_status/legacy/bs2016/bill_status.aspx?lsr=0899&sy=2023&sortoption=&txtsessionyear=2023,ocd-bill/678d5d0f-a9e2-4d59-8bc6-2c0350e0379c
d4c5e520-89ab-4e13-b683-83d7e24801a5,,https://www.gencourt.state.nh.us/bill_status/legacy/bs2016/bill_status.aspx?lsr=1019&sy=2023&sortoption=&txtsessionyear=2023,ocd-bill/a602bf37-272a-4b5d-bf7c-ee64372dc2c5
fba8915c-e26c-40af-bb86-0294482de58e,,https://www.gencourt.state.nh.us/bill_status/legacy/bs2016/bill_status.aspx?lsr=0082&sy=2023&sortoption=&txtsessionyear=2023,ocd-bill/a0c4926c-cc82-4d6d-bc0e-5a6379e457ba
be7613bd-d6f6-40dd-9300-8713e4ff3659,,https://www.gencourt.state.nh.us/bill_status/legacy/bs2016/bill_status.aspx?lsr=0358&sy=2023&sortoption=&txtsessionyear=2023,ocd-bill/36f3bed3-8222-42fe-820d-92793d952eff
cab983bd-6a38-4d1c-b810-3f3903602cc9,,https://www.gencourt.state.nh.us/bill_status/legacy/bs2016/bill_status.aspx?lsr=0585&sy=2023&sortoption=&txtsessionyear=2023,ocd-bill/9167864e-55bb-43cd-97d5-6b43930a5263
5cfe1cd6-6ff4-4b5c-882c-f5127bec924e,,https://www.gencourt.state.nh.us/bill_status/legacy/bs2016/bill_status.aspx?lsr=0757&sy=2023&sortoption=&txtsessionyear=2023,ocd-bill/b03935bc-62fc-4169-ac8b-d0312d677fc9
b96dd6af-c03a-484c-918d-a8f90b4a725f,,https://www.gencourt.state.nh.us/bill_status/legacy/bs2016/bill_status.aspx?lsr=0312&sy=2023&sortoption=&txtsessionyear=2023,ocd-bill/7f392949-1dc7-46f3-8177-985dd9c166c0
cc586eca-4dc6-4cb8-94f3-98cfc9149186,,https://www.gencourt.state.nh.us/bill_status/legacy/bs2016/bill_status.aspx?lsr=0389&sy=2023&sortoption=&txtsessionyear=2023,ocd-bill/bd2a15e5-63cb-45a4-a4e9-09cef4135778
876e7249-5e70-45d4-9bc9-94e4ee3a5acb,,https://www.gencourt.state.nh.us/bill_status/legacy/bs2016/bill_status.aspx?lsr=0350&sy=2023&sortoption=&txtsessionyear=2023,ocd-bill/eff3a503-239a-4e8d-ad65-c4acaf0c2da4
43ea3ca3-93a6-44c5-a14b-38098fa0a209,,https://www.gencourt.state.nh.us/bill_status/legacy/bs2016/bill_status.aspx?lsr=0679&sy=2023&sortoption=&txtsessionyear=2023,ocd-bill/d4d334c5-010f-4a04-bc6c-ce4e40a4d225
5fe9a963-e2b9-4750-8d4a-f859aa301861,,https://www.gencourt.state.nh.us/bill_status/legacy/bs2016/bill_status.aspx?lsr=1022&sy=2023&sortoption=&txtsessionyear=2023,ocd-bill/87cdbf2b-d254-4f0b-abda-11963cbc3963
5975cef0-7289-4275-82be-62d7a17e6eba,,https://www.gencourt.state.nh.us/bill_status/legacy/bs2016/bill_status.aspx?lsr=0494&sy=2023&sortoption=&txtsessionyear=2023,ocd-bill/28ada58d-7b4b-40b7-bb2b-55d2709393e4
37256673-b983-43c3-92eb-ee899a50d8c4,,https://www.gencourt.state.nh.us/bill_status/legacy/bs2016/bill_status.aspx?lsr=0804&sy=2023&sortoption=&txtsessionyear=2023,ocd-bill/cc5eace7-8c9b-4721-b5d8-9007b6631926
4accae26-0985-4618-b259-c9c6bcb9a632,,https://www.gencourt.state.nh.us/bill_status/legacy/bs2016/bill_status.aspx?lsr=0921&sy=2023&sortoption=&txtsessionyear=2023,ocd-bill/0b71deec-8ad4-47d8-acaa-93489ac4b6aa
80a8bcd0-f7e4-4764-a979-b23e6f817273,,https://www.gencourt.state.nh.us/bill_status/legacy/bs2016/bill_status.aspx?lsr=0116&sy=2023&sortoption=&txtsessionyear=2023,ocd-bill/f998c930-6d2f-4554-a403-90162491cdb2
f199991a-dfe9-4535-8a9e-85528271d6a9,,https://www.gencourt.state.nh.us/bill_status/legacy/bs2016/bill_status.aspx?lsr=1065&sy=2023&sortoption=&txtsessionyear=2023,ocd-bill/9185f597-2d95-435b-86ea-e80f4c816674
9bab7b79-e3b5-4182-8655-d6cf1afe9b98,,https://www.gencourt.state.nh.us/bill_status/legacy/bs2016/bill_status.aspx?lsr=0396&sy=2023&sortoption=&txtsessionyear=2023,ocd-bill/a2cc9b8e-97cd-485c-b1e8-13a38a73c539
9c3175a1-5508-42f2-a829-3b3fa52376e1,,https://www.gencourt.state.nh.us/bill_status/legacy/bs2016/bill_status.aspx?lsr=0388&sy=2023&sortoption=&txtsessionyear=2023,ocd-bill/83883258-0b0b-46cb-8eee-91978bd8d04a
c7b58987-4cf0-42de-b391-d26441b4dc72,,https://www.gencourt.state.nh.us/bill_status/legacy/bs2016/bill_status.aspx?lsr=0638&sy=2023&sortoption=&txtsessionyear=2023,ocd-bill/c4616348-9b78-4b62-97ca-d06250633b09
8eb9fb88-e5d7-44d2-9828-0422752a9f6d,,https://www.gencourt.state.nh.us/bill_status/legacy/bs2016/bill_status.aspx?lsr=0607&sy=2023&sortoption=&txtsessionyear=2023,ocd-bill/17ac82e5-d993-46c5-93d2-20440b9d8445
83afe0c3-22a1-4bc9-8b83-9acc94422d16,,https://www.gencourt.state.nh.us/bill_status/legacy/bs2016/bill_status.aspx?lsr=0393&sy=2023&sortoption=&txtsessionyear=2023,ocd-bill/aa3fefe9-7423-4187-a9ca-bf92e2826da7
6e9a4cbd-870b-459a-8025-9dbbf3f48424,,https://www.gencourt.state.nh.us/bill_status/legacy/bs2016/bill_status.aspx?lsr=0629&sy=2023&sortoption=&txtsessionyear=2023,ocd-bill/2dd15d4b-4912-4740-9df3-7f906b3f09ad
f0f86bf0-b42e-458c-916a-61121c67693f,,https://www.gencourt.state.nh.us/bill_status/legacy/bs2016/bill_status.aspx?lsr=0974&sy=2023&sortoption=&txtsessionyear=2023,ocd-bill/4d730465-105d-489f-a63e-667aca9ce716
22338162-e394-4b21-a5a6-ed19c3c5d953,,https://www.gencourt.state.nh.us/bill_status/legacy/bs2016/bill_status.aspx?lsr=0483&sy=2023&sortoption=&txtsessionyear=2023,ocd-bill/80788f5b-859a-4811-8071-0c0818b146a4
87de52cf-2955-48ce-9895-46d4ced24038,,https://www.gencourt.state.nh.us/bill_status/legacy/bs2016/bill_status.aspx?lsr=0850&sy=2023&sortoption=&txtsessionyear=2023,ocd-bill/90e926e6-ff4d-4247-b2c8-f4ae91e23f42
7592c6c1-ec63-4e31-ac7e-5b76d0479d5f,,https://www.gencourt.state.nh.us/bill_status/legacy/bs2016/bill_status.aspx?lsr=0158&sy=2023&sortoption=&txtsessionyear=2023,ocd-bill/0325e75e-776f-4500-a817-69d26f7cc0b0
c7d692cb-802a-4f56-97b4-f62780a166f5,,https://www.gencourt.state.nh.us/bill_status/legacy/bs2016/bill_status.aspx?lsr=0748&sy=2023&sortoption=&txtsessionyear=2023,ocd-bill/249135cc-e0a1-4e92-bba0-9860998ecd08
db9577a0-4d62-4a9d-a1f6-cec5d8b419f9,,https://www.gencourt.state.nh.us/bill_status/legacy/bs2016/bill_status.aspx?lsr=0438&sy=2023&sortoption=&txtsessionyear=2023,ocd-bill/7605dab3-9cb6-430f-a8e9-22be0365c413
4fcb6562-1aa8-4486-adb3-d4759a1c91d4,,https://www.gencourt.state.nh.us/bill_status/legacy/bs2016/bill_status.aspx?lsr=0162&sy=2023&sortoption=&txtsessionyear=2023,ocd-bill/59dbf60a-2d43-44e2-8cb6-223e748c24e6
5e8b1a66-f665-496b-9401-aaeb0be90c30,,https://www.gencourt.state.nh.us/bill_status/legacy/bs2016/bill_status.aspx?lsr=0236&sy=2023&sortoption=&txtsessionyear=2023,ocd-bill/56621b3d-b448-4d36-b300-f323d8638009
51905e0f-1092-4626-8965-76ac23f0040d,,https://www.gencourt.state.nh.us/bill_status/legacy/bs2016/bill_status.aspx?lsr=1036&sy=2023&sortoption=&txtsessionyear=2023,ocd-bill/92eab275-d646-48bd-9045-2eff48fce03c
84d1dd0d-23fa-4ec6-9851-8010c685f816,,https://www.gencourt.state.nh.us/bill_status/legacy/bs2016/bill_status.aspx?lsr=0588&sy=2023&sortoption=&txtsessionyear=2023,ocd-bill/069f7af6-2bc7-4454-ab17-8331510217a0
5fe3e719-2d7d-4a2f-93c3-50bb52df2630,,https://www.gencourt.state.nh.us/bill_status/legacy/bs2016/bill_status.aspx?lsr=0714&sy=2023&sortoption=&txtsessionyear=2023,ocd-bill/b81af6da-ddb0-4211-af7b-90fa11696052
62d3a568-87a7-45df-8d2a-b256e6303d2a,,https://www.gencourt.state.nh.us/bill_status/legacy/bs2016/bill_status.aspx?lsr=0717&sy=2023&sortoption=&txtsessionyear=2023,ocd-bill/7f765003-80b2-449d-92d8-8e4aa4a8f907
6cc920c1-d441-4b81-86ea-9f52105c9c71,,https://www.gencourt.state.nh.us/bill_status/legacy/bs2016/bill_status.aspx?lsr=1025&sy=2023&sortoption=&txtsessionyear=2023,ocd-bill/5bef6401-47e7-4a67-8c10-42be829a86c4
62f41383-0b71-4763-9a9b-5063aab344cf,,https://www.gencourt.state.nh.us/bill_status/legacy/bs2016/bill_status.aspx?lsr=0781&sy=2023&sortoption=&txtsessionyear=2023,ocd-bill/334f441c-ad32-4409-9685-a9931f42c7b9
c8475b48-6be2-4299-ba02-4b1841f54733,,https://www.gencourt.state.nh.us/bill_status/legacy/bs2016/bill_status.aspx?lsr=0766&sy=2023&sortoption=&txtsessionyear=2023,ocd-bill/16140850-5ac7-4dd9-b2e8-47b35066fcbd
0401347b-179e-42c7-9a2d-766751c23062,,https://www.gencourt.state.nh.us/bill_status/legacy/bs2016/bill_status.aspx?lsr=0509&sy=2023&sortoption=&txtsessionyear=2023,ocd-bill/943b1e3b-e4be-421c-9d9c-251f6ce61a81
8d717654-0039-4a43-a078-1d542aa7eb36,,https://www.gencourt.state.nh.us/bill_status/legacy/bs2016/bill_status.aspx?lsr=0960&sy=2023&sortoption=&txtsessionyear=2023,ocd-bill/95c88ea9-b561-4b9b-a38f-201edc783909
513ce11f-818f-4a49-9d74-eac0ae1cc376,,https://www.gencourt.state.nh.us/bill_status/legacy/bs2016/bill_status.aspx?lsr=0764&sy=2023&sortoption=&txtsessionyear=2023,ocd-bill/84ba2de9-2910-453a-88a6-645de12e0dd4
ed70e42d-851d-4703-8c7e-053dcc6da6e0,,https://www.gencourt.state.nh.us/bill_status/legacy/bs2016/bill_status.aspx?lsr=0984&sy=2023&sortoption=&txtsessionyear=2023,ocd-bill/7f6c035c-0eb6-4aa0-8f54-6b565b3f4c1f
8153a126-1641-46ad-aedc-da6128d19cfe,,https://www.gencourt.state.nh.us/bill_status/legacy/bs2016/bill_status.aspx?lsr=0564&sy=2023&sortoption=&txtsessionyear=2023,ocd-bill/65a2d805-4c7f-4f5a-961b-55d470baa39e
783bea24-b3ef-416f-b6b9-292d414c4a32,,https://www.gencourt.state.nh.us/bill_status/legacy/bs2016/bill_status.aspx?lsr=0896&sy=2023&sortoption=&txtsessionyear=2023,ocd-bill/1c343e01-1c6d-4d05-b3ce-d8c1339d3984
337c8387-eb05-4d85-bc66-cc6643cee466,,https://www.gencourt.state.nh.us/bill_status/legacy/bs2016/bill_status.aspx?lsr=1017&sy=2023&sortoption=&txtsessionyear=2023,ocd-bill/18b0a523-978a-4e26-b3ee-d08462fcd62f
eae589cf-f154-4f7d-ab50-5cc66b1031f4,,https://www.gencourt.state.nh.us/bill_status/legacy/bs2016/bill_status.aspx?lsr=1044&sy=2023&sortoption=&txtsessionyear=2023,ocd-bill/1e2fcd60-edb1-43ab-9ad4-a26f3a015645
df1480ed-0a8e-47f0-826c-330519e733df,,https://www.gencourt.state.nh.us/bill_status/legacy/bs2016/bill_status.aspx?lsr=0398&sy=2023&sortoption=&txtsessionyear=2023,ocd-bill/9b274f72-2294-4f8d-a68b-7988a51a499b
24972853-3914-4a3a-aac3-f451b48e36dc,,https://www.gencourt.state.nh.us/bill_status/legacy/bs2016/bill_status.aspx?lsr=0997&sy=2023&sortoption=&txtsessionyear=2023,ocd-bill/5316f933-bcff-4a2d-8b21-3bcd5a5d2ee8
47c952c1-b2a5-4cc5-84fa-6604a44811fa,,https://www.gencourt.state.nh.us/bill_status/legacy/bs2016/bill_status.aspx?lsr=0870&sy=2023&sortoption=&txtsessionyear=2023,ocd-bill/4a08944c-68a3-4502-a334-27fff8bfc0fd
0027d9c1-9b27-4e95-95b6-d99034cbf1dc,,https://www.gencourt.state.nh.us/bill_status/legacy/bs2016/bill_status.aspx?lsr=0834&sy=2023&sortoption=&txtsessionyear=2023,ocd-bill/8ca2ed38-c28b-42c7-95e4-77bbf448fe3a
d30fa6b5-7942-48f4-9276-8cc621eafeec,,https://www.gencourt.state.nh.us/bill_status/legacy/bs2016/bill_status.aspx?lsr=0936&sy=2023&sortoption=&txtsessionyear=2023,ocd-bill/6cc4675f-1aed-4a53-859b-04f19a7ba05e
9ec2a382-ae90-42bd-b87d-56f34b1a1bf1,,https://www.gencourt.state.nh.us/bill_status/legacy/bs2016/bill_status.aspx?lsr=0829&sy=2023&sortoption=&txtsessionyear=2023,ocd-bill/6a5655e3-2176-4740-9b78-74b8561028cf
6b8f8ed1-2d29-456e-83d0-46ff1bc56126,,https://www.gencourt.state.nh.us/bill_status/legacy/bs2016/bill_status.aspx?lsr=0432&sy=2023&sortoption=&txtsessionyear=2023,ocd-bill/3deaef3c-531d-4b29-8d1d-e57b0db62bd6
28e7aed4-6cb8-4347-85c5-a6a5681cd3ba,,https://www.gencourt.state.nh.us/bill_status/legacy/bs2016/bill_status.aspx?lsr=1038&sy=2023&sortoption=&txtsessionyear=2023,ocd-bill/c9db7a72-f4fb-468a-a7ec-ce66f42a4730
61b6e065-7f4c-44cc-a705-f4db30f129eb,,https://www.gencourt.state.nh.us/bill_status/legacy/bs2016/bill_status.aspx?lsr=0186&sy=2023&sortoption=&txtsessionyear=2023,ocd-bill/9adbd7cb-f570-498d-b5ce-fc6908c3067e
e7ca16d7-f94d-491f-9fc3-c8acf5b91d26,,https://www.gencourt.state.nh.us/bill_status/legacy/bs2016/bill_status.aspx?lsr=0293&sy=2023&sortoption=&txtsessionyear=2023,ocd-bill/749a0746-870f-429c-9771-0c7b02a1e295
7c2d595b-c24e-44b2-9e6a-3b2f3dfddb29,,https://www.gencourt.state.nh.us/bill_status/legacy/bs2016/bill_status.aspx?lsr=0306&sy=2023&sortoption=&txtsessionyear=2023,ocd-bill/bd2d7c19-34c1-43bb-8590-641f562a0d7a
1debfc2b-a05b-44d2-97ed-b41f0a0c2118,,https://www.gencourt.state.nh.us/bill_status/legacy/bs2016/bill_status.aspx?lsr=0534&sy=2023&sortoption=&txtsessionyear=2023,ocd-bill/62546f42-1915-42c5-96ea-a53254972546
8716687e-1183-41cc-b3a3-d89f296fcbbf,,https://www.gencourt.state.nh.us/bill_status/legacy/bs2016/bill_status.aspx?lsr=0166&sy=2023&sortoption=&txtsessionyear=2023,ocd-bill/aeb1d6be-0c53-4bec-ac5a-465339ca9f17
4fc94e5e-aa77-4b3c-a1b2-19f47049e00e,,https://www.gencourt.state.nh.us/bill_status/legacy/bs2016/bill_status.aspx?lsr=0265&sy=2023&sortoption=&txtsessionyear=2023,ocd-bill/4b9a9992-c057-40ab-abea-98f3f673f8c1
6e60b471-c045-4a66-add1-579505b22fd6,,https://www.gencourt.state.nh.us/bill_status/legacy/bs2016/bill_status.aspx?lsr=0858&sy=2023&sortoption=&txtsessionyear=2023,ocd-bill/0a816e9f-457d-4f5e-b54f-987e8045e10a
eec85644-408a-40e7-adf4-37f8e0452f62,,https://www.gencourt.state.nh.us/bill_status/legacy/bs2016/bill_status.aspx?lsr=0944&sy=2023&sortoption=&txtsessionyear=2023,ocd-bill/36513b91-4e1b-4412-9ad1-67d14821673a
9fc68d87-acf3-4e07-bf1a-ec18fa6eae8c,,https://www.gencourt.state.nh.us/bill_status/legacy/bs2016/bill_status.aspx?lsr=0424&sy=2023&sortoption=&txtsessionyear=2023,ocd-bill/80c31a37-3d5a-44a2-80bd-3eaf88d4ecd1
40ed6473-325a-4912-a7ed-b586895e793d,,https://www.gencourt.state.nh.us/bill_status/legacy/bs2016/bill_status.aspx?lsr=0078&sy=2023&sortoption=&txtsessionyear=2023,ocd-bill/93da03b9-f908-4ff0-b094-32747779842c
f4e51d6b-bdcf-4d19-8774-c6480bba73e7,,https://www.gencourt.state.nh.us/bill_status/legacy/bs2016/bill_status.aspx?lsr=0420&sy=2023&sortoption=&txtsessionyear=2023,ocd-bill/ea7e9c68-3733-4bb8-86b7-77fccc7c81e9
2ea578d5-7b6d-4a83-b755-03b8b8d2ef56,,https://www.gencourt.state.nh.us/bill_status/legacy/bs2016/bill_status.aspx?lsr=0170&sy=2023&sortoption=&txtsessionyear=2023,ocd-bill/1851bb82-0e45-4ec9-b1b7-f08ff9a4e0f6
7f6777bb-589a-4856-b9fa-d04676307c77,,https://www.gencourt.state.nh.us/bill_status/legacy/bs2016/bill_status.aspx?lsr=0709&sy=2023&sortoption=&txtsessionyear=2023,ocd-bill/2348bba9-8bae-427f-882d-81537d50e71a
f9b5b6cf-e581-467c-8509-357498a3b6e2,,https://www.gencourt.state.nh.us/bill_status/legacy/bs2016/bill_status.aspx?lsr=0815&sy=2023&sortoption=&txtsessionyear=2023,ocd-bill/05d71fe0-bc48-43d8-b059-48478338deae
de7b0a5f-6120-4694-b1b5-474254120089,,https://www.gencourt.state.nh.us/bill_status/legacy/bs2016/bill_status.aspx?lsr=0520&sy=2023&sortoption=&txtsessionyear=2023,ocd-bill/390a88d9-8c96-487e-8ad6-89378b02e266
6585a300-d95d-46ea-a37d-77327f6c40d8,,https://www.gencourt.state.nh.us/bill_status/legacy/bs2016/bill_status.aspx?lsr=0375&sy=2023&sortoption=&txtsessionyear=2023,ocd-bill/c8b81bdf-52b3-46f3-bfe9-0ff5f53b5790
6b66a8c5-0c76-411c-99a4-2ebdb3599e99,,https://www.gencourt.state.nh.us/bill_status/legacy/bs2016/bill_status.aspx?lsr=0421&sy=2023&sortoption=&txtsessionyear=2023,ocd-bill/31cafb03-973d-4658-8bd6-fdaaf96466fd
01535f3a-6fa7-4e8e-9edb-945b16ec557c,,https://www.gencourt.state.nh.us/bill_status/legacy/bs2016/bill_status.aspx?lsr=0106&sy=2023&sortoption=&txtsessionyear=2023,ocd-bill/f11fbf2c-c030-4062-a696-ff9c8dc2a5c5
e1896411-53d9-44bc-a45f-473337ec5e1a,,https://www.gencourt.state.nh.us/bill_status/legacy/bs2016/bill_status.aspx?lsr=0932&sy=2023&sortoption=&txtsessionyear=2023,ocd-bill/707004be-b71d-4814-88a8-fcd9622211a2
c09a7dfa-4452-4f4e-a494-9e02bb30a7ea,,https://www.gencourt.state.nh.us/bill_status/legacy/bs2016/bill_status.aspx?lsr=0574&sy=2023&sortoption=&txtsessionyear=2023,ocd-bill/1fdce284-ba21-491b-b2ee-c0de6eac5a3d
99192550-95b5-4257-abe9-b262b3e7a404,,https://www.gencourt.state.nh.us/bill_status/legacy/bs2016/bill_status.aspx?lsr=0542&sy=2023&sortoption=&txtsessionyear=2023,ocd-bill/7e5e5e1c-2683-4b1f-80da-52079cb0de5c
c1322059-b619-4f1d-ba18-909b22a47a25,,https://www.gencourt.state.nh.us/bill_status/legacy/bs2016/bill_status.aspx?lsr=0949&sy=2023&sortoption=&txtsessionyear=2023,ocd-bill/1e45b5e3-157e-4f44-a53f-2006ddef28dc
acdfaf4b-08f0-43ac-a5fb-cac6b6ca2cd1,,https://www.gencourt.state.nh.us/bill_status/legacy/bs2016/bill_status.aspx?lsr=0626&sy=2023&sortoption=&txtsessionyear=2023,ocd-bill/402c6f39-5b8b-418d-ae12-8284cdbf691d
b8191ad8-fbe3-4713-a5b2-3c7f34571ac1,,https://www.gencourt.state.nh.us/bill_status/legacy/bs2016/bill_status.aspx?lsr=1039&sy=2023&sortoption=&txtsessionyear=2023,ocd-bill/b6c24e45-d122-4aa1-9500-2e666e25f19e
57205250-680f-4d8e-9c47-2724597997a3,,https://www.gencourt.state.nh.us/bill_status/legacy/bs2016/bill_status.aspx?lsr=0863&sy=2023&sortoption=&txtsessionyear=2023,ocd-bill/14f0caec-de19-4ba2-8fe0-8ee653bdaf95
bf4aefd9-6418-485c-8c85-6e9237b1a219,,https://www.gencourt.state.nh.us/bill_status/legacy/bs2016/bill_status.aspx?lsr=0810&sy=2023&sortoption=&txtsessionyear=2023,ocd-bill/4fa60410-b417-475f-a9b0-bdf2fdcbc6df
8de08a64-ab11-4ccc-82d5-d83202684e3e,,https://www.gencourt.state.nh.us/bill_status/legacy/bs2016/bill_status.aspx?lsr=0004&sy=2023&sortoption=&txtsessionyear=2023,ocd-bill/46d287e4-7afd-474e-b932-8cb1f45a4816
0fcf734b-f0e9-4a5e-bcbf-9b14102cb03e,,https://www.gencourt.state.nh.us/bill_status/legacy/bs2016/bill_status.aspx?lsr=1051&sy=2023&sortoption=&txtsessionyear=2023,ocd-bill/47f267d3-737b-40dd-8931-d2ba6b85602e
c675c77c-610a-4391-9d51-92994e5c8d83,,https://www.gencourt.state.nh.us/bill_status/legacy/bs2016/bill_status.aspx?lsr=0988&sy=2023&sortoption=&txtsessionyear=2023,ocd-bill/1bfa11a0-2e7e-4d85-b4be-8cff530f42e9
25930c54-a4c9-4648-b259-8fae5237676a,,https://www.gencourt.state.nh.us/bill_status/legacy/bs2016/bill_status.aspx?lsr=0330&sy=2023&sortoption=&txtsessionyear=2023,ocd-bill/7a23c400-08e0-476d-9b52-6337bb7f3fc2
1d7f3b32-0505-4aed-a33d-52194daf64c8,,https://www.gencourt.state.nh.us/bill_status/legacy/bs2016/bill_status.aspx?lsr=0729&sy=2023&sortoption=&txtsessionyear=2023,ocd-bill/f604eb88-28fa-4485-8a8e-24565a1d1178
147c2667-052b-488f-9cd6-81389719e256,,https://www.gencourt.state.nh.us/bill_status/legacy/bs2016/bill_status.aspx?lsr=0513&sy=2023&sortoption=&txtsessionyear=2023,ocd-bill/b11ad7e2-8f77-44ff-b435-c8c8efd73e40
732e4e03-7dff-4de0-bab0-6209df8b36f9,,https://www.gencourt.state.nh.us/bill_status/legacy/bs2016/bill_status.aspx?lsr=0326&sy=2023&sortoption=&txtsessionyear=2023,ocd-bill/f1e7e03e-b74a-4e38-8a21-59d7a229ebe5
3fac4a28-576c-42eb-abda-741bcf4044ca,,https://www.gencourt.state.nh.us/bill_status/legacy/bs2016/bill_status.aspx?lsr=0965&sy=2023&sortoption=&txtsessionyear=2023,ocd-bill/c686a2b6-bb7c-4aad-ae87-81226eb3e0c8
1c6fe118-42df-4863-989a-d63e18d3a1fe,,https://www.gencourt.state.nh.us/bill_status/legacy/bs2016/bill_status.aspx?lsr=0962&sy=2023&sortoption=&txtsessionyear=2023,ocd-bill/9bf6e4e1-bb60-4690-8b55-15c89ff0ce35
fa22f6e0-eba3-49b6-80c4-40f33524cd45,,https://www.gencourt.state.nh.us/bill_status/legacy/bs2016/bill_status.aspx?lsr=0205&sy=2023&sortoption=&txtsessionyear=2023,ocd-bill/8652891c-9445-492c-92b2-f0a344957bb8
67d451d7-b21e-4d9c-a493-a6083e2405ba,,https://www.gencourt.state.nh.us/bill_status/legacy/bs2016/bill_status.aspx?lsr=0586&sy=2023&sortoption=&txtsessionyear=2023,ocd-bill/f51b5053-0649-4362-aadb-115e67d0fb11
9b7b5ef7-3c81-4566-88d4-95fa26a02230,,https://www.gencourt.state.nh.us/bill_status/legacy/bs2016/bill_status.aspx?lsr=0347&sy=2023&sortoption=&txtsessionyear=2023,ocd-bill/7edd4f12-535f-4e8a-854a-150388f74001
a27ff5ad-0b36-4c12-831b-c05630a40e7f,,https://www.gencourt.state.nh.us/bill_status/legacy/bs2016/bill_status.aspx?lsr=0434&sy=2023&sortoption=&txtsessionyear=2023,ocd-bill/c928f9fa-fae2-499e-bff1-e9900e10a82d
ad6b2f88-1fb3-470e-9167-c7cda4d4486e,,https://www.gencourt.state.nh.us/bill_status/legacy/bs2016/bill_status.aspx?lsr=0029&sy=2023&sortoption=&txtsessionyear=2023,ocd-bill/5aaf0f80-9c04-47ac-9b1a-a5f996667ea6
8b9e4531-23e3-439c-9b8b-e6b841e95df1,,https://www.gencourt.state.nh.us/bill_status/legacy/bs2016/bill_status.aspx?lsr=0060&sy=2023&sortoption=&txtsessionyear=2023,ocd-bill/7dd2952a-5962-47c3-a787-318c4571775f
3c90a8da-b8f6-4431-922f-c4bacab05588,,https://www.gencourt.state.nh.us/bill_status/legacy/bs2016/bill_status.aspx?lsr=0795&sy=2023&sortoption=&txtsessionyear=2023,ocd-bill/e25a76a4-e045-45d0-90ce-a0e63b19bb80
69d3a30b-eddd-400b-8140-eca051530d10,,https://www.gencourt.state.nh.us/bill_status/legacy/bs2016/bill_status.aspx?lsr=0824&sy=2023&sortoption=&txtsessionyear=2023,ocd-bill/8eea41cf-fc76-425b-bd71-6dccfcd9f686
0f8e5e64-7361-49d8-824c-45a20105ee5d,,https://www.gencourt.state.nh.us/bill_status/legacy/bs2016/bill_status.aspx?lsr=0286&sy=2023&sortoption=&txtsessionyear=2023,ocd-bill/28891896-a09e-4491-85e8-d1e1b11294ec
86c0accd-3ff8-49c3-8794-8f423fd97a8f,,https://www.gencourt.state.nh.us/bill_status/legacy/bs2016/bill_status.aspx?lsr=0573&sy=2023&sortoption=&txtsessionyear=2023,ocd-bill/bc9e4802-7c09-4a61-beb4-41fd4f8ea0d0
ccd20895-1c04-4819-b633-d456eb75553f,,https://www.gencourt.state.nh.us/bill_status/legacy/bs2016/bill_status.aspx?lsr=0279&sy=2023&sortoption=&txtsessionyear=2023,ocd-bill/21dd080b-c4e2-4932-8722-ecf0f54d5d98
6733b613-e530-4dd3-ad06-637027fec99e,,https://www.gencourt.state.nh.us/bill_status/legacy/bs2016/bill_status.aspx?lsr=0604&sy=2023&sortoption=&txtsessionyear=2023,ocd-bill/ddf21e20-8e2a-4cb5-a2c4-823c98d9a815
18c234d5-3cae-4de5-b03d-dda7dfb67e42,,https://www.gencourt.state.nh.us/bill_status/legacy/bs2016/bill_status.aspx?lsr=0808&sy=2023&sortoption=&txtsessionyear=2023,ocd-bill/4d31c834-8011-49bc-ba31-dd14f877e810
3527a122-57c9-4dd2-9ae4-f28a06eca029,,https://www.gencourt.state.nh.us/bill_status/legacy/bs2016/bill_status.aspx?lsr=0053&sy=2023&sortoption=&txtsessionyear=2023,ocd-bill/e4a62606-c53b-45bb-ab52-44b3897122ce
a44d6bc1-ca1c-4ad3-b84a-2f4f72b6a416,,https://www.gencourt.state.nh.us/bill_status/legacy/bs2016/bill_status.aspx?lsr=0487&sy=2023&sortoption=&txtsessionyear=2023,ocd-bill/13da9743-8692-499f-b13a-690aeb208a2b
e57c2e0b-9883-40ee-bfba-9d9ebb4ecd63,,https://www.gencourt.state.nh.us/bill_status/legacy/bs2016/bill_status.aspx?lsr=0310&sy=2023&sortoption=&txtsessionyear=2023,ocd-bill/d9950ad9-cb06-4c38-aca3-a836b4e382de
d1513805-4577-4405-aab5-f729f7955e03,,https://www.gencourt.state.nh.us/bill_status/legacy/bs2016/bill_status.aspx?lsr=0971&sy=2023&sortoption=&txtsessionyear=2023,ocd-bill/4630b0ae-711f-4cd9-8f6b-35a9013b7247
fa429f53-84bb-43ae-9f4c-4f1590096f87,,https://www.gencourt.state.nh.us/bill_status/legacy/bs2016/bill_status.aspx?lsr=0285&sy=2023&sortoption=&txtsessionyear=2023,ocd-bill/6124f194-44dc-4dc8-9cde-ffe96e81dc67
fa2e6670-7b40-48a6-9e0b-7e68dc83ff64,,https://www.gencourt.state.nh.us/bill_status/legacy/bs2016/bill_status.aspx?lsr=0608&sy=2023&sortoption=&txtsessionyear=2023,ocd-bill/6a95f275-6695-4993-8ace-801af0adf4f4
a15f63ae-d37f-406b-9131-7b44abd008bd,,https://www.gencourt.state.nh.us/bill_status/legacy/bs2016/bill_status.aspx?lsr=0179&sy=2023&sortoption=&txtsessionyear=2023,ocd-bill/f2719ae5-835b-4139-954e-eb5849593a6f
1494fe03-50de-4b40-a1d0-b1a8bb0e561e,,https://www.gencourt.state.nh.us/bill_status/legacy/bs2016/bill_status.aspx?lsr=0768&sy=2023&sortoption=&txtsessionyear=2023,ocd-bill/f5af706a-506f-4b67-85a9-5c22b520119c
3a168b57-b3f8-4a71-b2c8-f38d71a4d2a6,,https://www.gencourt.state.nh.us/bill_status/legacy/bs2016/bill_status.aspx?lsr=0738&sy=2023&sortoption=&txtsessionyear=2023,ocd-bill/67e176fd-74bb-4bcc-a9fb-6e6a1e2bcbac
c2720c73-0a1a-44ac-b214-7d73547432dd,,https://www.gencourt.state.nh.us/bill_status/legacy/bs2016/bill_status.aspx?lsr=0541&sy=2023&sortoption=&txtsessionyear=2023,ocd-bill/f09000f1-9ed9-4b21-99ed-20d94dcf19b4
90a139ef-7e82-48d7-b52e-3e102939f2a2,,https://www.gencourt.state.nh.us/bill_status/legacy/bs2016/bill_status.aspx?lsr=0880&sy=2023&sortoption=&txtsessionyear=2023,ocd-bill/e7d0017f-ca5b-4142-9d32-9dc4a3fc3ca0
51f9e1db-0835-4603-913d-f02723c9df43,,https://www.gencourt.state.nh.us/bill_status/legacy/bs2016/bill_status.aspx?lsr=0897&sy=2023&sortoption=&txtsessionyear=2023,ocd-bill/596212bc-8171-4c5f-8390-5e832eae52a6
636bc1ce-d56c-44e0-a2d4-deeb8f470617,,https://www.gencourt.state.nh.us/bill_status/legacy/bs2016/bill_status.aspx?lsr=0533&sy=2023&sortoption=&txtsessionyear=2023,ocd-bill/33788279-88f4-4180-85ee-18cbaf181a45
815c0f6d-1aeb-4edb-8a3e-13a6356de5d6,,https://www.gencourt.state.nh.us/bill_status/legacy/bs2016/bill_status.aspx?lsr=0467&sy=2023&sortoption=&txtsessionyear=2023,ocd-bill/0cbfc603-d0e1-496c-b929-0db4c5924706
37bcb1cf-9856-45a4-b337-a30f5d78661b,,https://www.gencourt.state.nh.us/bill_status/legacy/bs2016/bill_status.aspx?lsr=1029&sy=2023&sortoption=&txtsessionyear=2023,ocd-bill/09e1788a-c86d-47b3-8a52-071879679eff
f3bf99a1-2513-4550-83af-b3269b4f1e77,,https://www.gencourt.state.nh.us/bill_status/legacy/bs2016/bill_status.aspx?lsr=0785&sy=2023&sortoption=&txtsessionyear=2023,ocd-bill/6ea308f0-dd49-492e-9a0f-5b931fa442eb
3c9e6076-708d-4789-a2a0-e3cc87afd730,,https://www.gencourt.state.nh.us/bill_status/legacy/bs2016/bill_status.aspx?lsr=0927&sy=2023&sortoption=&txtsessionyear=2023,ocd-bill/98484406-41ce-4679-a1de-b3837298e4d7
ba3123b3-2fd9-4660-85f0-323fdf67d71c,,https://www.gencourt.state.nh.us/bill_status/legacy/bs2016/bill_status.aspx?lsr=1006&sy=2023&sortoption=&txtsessionyear=2023,ocd-bill/b9b2ca58-337a-421d-9867-70d0946dc1cb
53812fb5-9b12-4d7e-bdca-d23908e08fe6,,https://www.gencourt.state.nh.us/bill_status/legacy/bs2016/bill_status.aspx?lsr=0964&sy=2023&sortoption=&txtsessionyear=2023,ocd-bill/e9e39864-24b7-4348-9f38-d32a65013f38
fa4f0d4d-d272-45bb-9db7-e31403041f9b,,https://www.gencourt.state.nh.us/bill_status/legacy/bs2016/bill_status.aspx?lsr=0410&sy=2023&sortoption=&txtsessionyear=2023,ocd-bill/68d0f1c1-3640-4ad0-92a3-37fc7f86e07d
ffae291b-4b96-4650-817e-2d34b3c3b4e5,,https://www.gencourt.state.nh.us/bill_status/legacy/bs2016/bill_status.aspx?lsr=0222&sy=2023&sortoption=&txtsessionyear=2023,ocd-bill/74c01299-cc85-403f-86b5-b2f06198274b
453a5e64-1674-444b-834d-b81313f29c33,,https://www.gencourt.state.nh.us/bill_status/legacy/bs2016/bill_status.aspx?lsr=0404&sy=2023&sortoption=&txtsessionyear=2023,ocd-bill/c873b7bf-2f75-4f03-912a-d3e5a6af6a2d
c3e6a533-6874-4972-84bf-6daa6852bf37,,https://www.gencourt.state.nh.us/bill_status/legacy/bs2016/bill_status.aspx?lsr=0790&sy=2023&sortoption=&txtsessionyear=2023,ocd-bill/6de5423d-89af-4d70-b1ea-1b67bcd1379f
2da18398-fc1d-42f0-b1d9-58243fab496e,,https://www.gencourt.state.nh.us/bill_status/legacy/bs2016/bill_status.aspx?lsr=0886&sy=2023&sortoption=&txtsessionyear=2023,ocd-bill/71b3217c-b6a7-4e0f-8653-27ce11a12c24
ab814fd9-9a8d-457a-b094-b43a9014ab38,,https://www.gencourt.state.nh.us/bill_status/legacy/bs2016/bill_status.aspx?lsr=1004&sy=2023&sortoption=&txtsessionyear=2023,ocd-bill/9f63eb50-ace0-4614-8867-ae267d2d5983
b5492cd2-acd9-4e40-b878-e1cab32145c0,,https://www.gencourt.state.nh.us/bill_status/legacy/bs2016/bill_status.aspx?lsr=0064&sy=2023&sortoption=&txtsessionyear=2023,ocd-bill/f8206e9f-a40e-45f2-9365-3954bfd96f2e
70daf48e-d1cf-424d-8f9a-4b9ac5138d40,,https://www.gencourt.state.nh.us/bill_status/legacy/bs2016/bill_status.aspx?lsr=0251&sy=2023&sortoption=&txtsessionyear=2023,ocd-bill/7f517ecc-0b0a-494d-bed5-6b784ce5d26d
911c86cd-b393-4ea3-878d-346d81ef94d6,,https://www.gencourt.state.nh.us/bill_status/legacy/bs2016/bill_status.aspx?lsr=0448&sy=2023&sortoption=&txtsessionyear=2023,ocd-bill/909acb7e-8f15-49c9-8111-68efb1ac65ea
ad3a07b1-9a3a-407a-863d-db1598ff657e,,https://www.gencourt.state.nh.us/bill_status/legacy/bs2016/bill_status.aspx?lsr=0952&sy=2023&sortoption=&txtsessionyear=2023,ocd-bill/367d6894-ab8c-44c5-959c-27b043acdd2c
37a50304-d236-4928-806e-7fa77c02eb90,,https://www.gencourt.state.nh.us/bill_status/legacy/bs2016/bill_status.aspx?lsr=0704&sy=2023&sortoption=&txtsessionyear=2023,ocd-bill/df6d2915-0a3f-463f-b17f-9b2d745dd149
375892b7-eddf-4b16-b788-74b0d2563e80,,https://www.gencourt.state.nh.us/bill_status/legacy/bs2016/bill_status.aspx?lsr=0381&sy=2023&sortoption=&txtsessionyear=2023,ocd-bill/896a408f-1c00-436b-a932-34e45cdb424e
283c409f-1828-428d-953c-b5b8b8f76a30,,https://www.gencourt.state.nh.us/bill_status/legacy/bs2016/bill_status.aspx?lsr=0491&sy=2023&sortoption=&txtsessionyear=2023,ocd-bill/bdd4eb48-7dbd-40b3-9ae8-40b5bee03d12
3e32a404-ae6f-4e6a-8304-2f18103dd076,,https://www.gencourt.state.nh.us/bill_status/legacy/bs2016/bill_status.aspx?lsr=0027&sy=2023&sortoption=&txtsessionyear=2023,ocd-bill/f10c0a26-337c-4492-bd94-288b4f5e0b9e
63a85aa3-7aa7-4532-a05c-b115e9579c93,,https://www.gencourt.state.nh.us/bill_status/legacy/bs2016/bill_status.aspx?lsr=0340&sy=2023&sortoption=&txtsessionyear=2023,ocd-bill/0617c4b6-8e1e-4c4a-8618-10ac224e11f0
a71a1b3b-cdd5-42c3-9476-243caaaa62cf,,https://www.gencourt.state.nh.us/bill_status/legacy/bs2016/bill_status.aspx?lsr=0595&sy=2023&sortoption=&txtsessionyear=2023,ocd-bill/fa2702d7-9caa-4014-80da-ce4571113c6b
cffd0907-0182-48a8-b165-d48da48fe355,,https://www.gencourt.state.nh.us/bill_status/legacy/bs2016/bill_status.aspx?lsr=0400&sy=2023&sortoption=&txtsessionyear=2023,ocd-bill/952bce0d-d3cc-4474-8b40-0415b57b2408
821b8886-407d-4423-bc51-c2e7b87fc166,,https://www.gencourt.state.nh.us/bill_status/legacy/bs2016/bill_status.aspx?lsr=0837&sy=2023&sortoption=&txtsessionyear=2023,ocd-bill/c9a6135a-1833-45d4-b5f7-be9193bd5d65
c10daaf1-c5e4-4146-8248-71ef8e30a1f9,,https://www.gencourt.state.nh.us/bill_status/legacy/bs2016/bill_status.aspx?lsr=0995&sy=2023&sortoption=&txtsessionyear=2023,ocd-bill/2303c45f-f59f-45d7-bc42-edb14977043c
a92de9a5-c042-4d61-9c48-a1304f68441d,,https://www.gencourt.state.nh.us/bill_status/legacy/bs2016/bill_status.aspx?lsr=0025&sy=2023&sortoption=&txtsessionyear=2023,ocd-bill/73208682-06c4-4851-86da-f84aa734c7d4
639b7209-95fc-436c-b9b5-d1fa65d3651d,,https://www.gencourt.state.nh.us/bill_status/legacy/bs2016/bill_status.aspx?lsr=0842&sy=2023&sortoption=&txtsessionyear=2023,ocd-bill/13f1ffca-6402-4b43-be42-341f46030b11
119b8274-7c18-4304-be71-53ba84befe1a,,https://www.gencourt.state.nh.us/bill_status/legacy/bs2016/bill_status.aspx?lsr=0439&sy=2023&sortoption=&txtsessionyear=2023,ocd-bill/903433e0-90a2-45fe-b494-6bbd749f6911
e418a116-b11b-43f7-abdd-448452ef319e,,https://www.gencourt.state.nh.us/bill_status/legacy/bs2016/bill_status.aspx?lsr=0840&sy=2023&sortoption=&txtsessionyear=2023,ocd-bill/964cbfb0-8140-464d-ba0e-47dbb4b2580a
a70f7a5e-9f65-4ff2-bfa6-cddf526f9486,,https://www.gencourt.state.nh.us/bill_status/legacy/bs2016/bill_status.aspx?lsr=0794&sy=2023&sortoption=&txtsessionyear=2023,ocd-bill/573b425b-f913-463e-9f57-d8f1396f670a
7225028a-f6e4-4d8f-b18c-8dfd47c3b35c,,https://www.gencourt.state.nh.us/bill_status/legacy/bs2016/bill_status.aspx?lsr=0779&sy=2023&sortoption=&txtsessionyear=2023,ocd-bill/7517dbf5-786e-4670-b59a-0a91b29c814d
829fc22c-d59d-4339-ad5d-7ce58624fc85,,https://www.gencourt.state.nh.us/bill_status/legacy/bs2016/bill_status.aspx?lsr=0005&sy=2023&sortoption=&txtsessionyear=2023,ocd-bill/20d31591-1ca1-4bc0-b4fd-4f8d70b4f16a
63da6855-2b59-45fd-87e4-d870bac750e7,,https://www.gencourt.state.nh.us/bill_status/legacy/bs2016/bill_status.aspx?lsr=0797&sy=2023&sortoption=&txtsessionyear=2023,ocd-bill/59df2696-1988-4d77-a9fc-5ff1f01c35ea
1e556e29-5b20-4dde-8d3a-4c670cfc2b82,,https://www.gencourt.state.nh.us/bill_status/legacy/bs2016/bill_status.aspx?lsr=0780&sy=2023&sortoption=&txtsessionyear=2023,ocd-bill/b2295429-247d-4729-a77a-c9b00c1b38cc
cfd70850-9c29-4a51-bae1-a8ea00472b88,,https://www.gencourt.state.nh.us/bill_status/legacy/bs2016/bill_status.aspx?lsr=0821&sy=2023&sortoption=&txtsessionyear=2023,ocd-bill/b0ad711d-ea8a-419d-a2e2-55b542fa8779
60f90a90-217c-41b4-adcc-60418db0b522,,https://www.gencourt.state.nh.us/bill_status/legacy/bs2016/bill_status.aspx?lsr=0277&sy=2023&sortoption=&txtsessionyear=2023,ocd-bill/d6b5de9c-4745-4eb2-b613-14202d9e1704
1f680eee-b1ec-4031-b9b3-503e326689de,,https://www.gencourt.state.nh.us/bill_status/legacy/bs2016/bill_status.aspx?lsr=0977&sy=2023&sortoption=&txtsessionyear=2023,ocd-bill/0dc1616a-9d48-4ef0-b518-eaae6948b1e9
24a39b81-0119-488e-9bf8-37332a52448b,,https://www.gencourt.state.nh.us/bill_status/legacy/bs2016/bill_status.aspx?lsr=0535&sy=2023&sortoption=&txtsessionyear=2023,ocd-bill/e06f1881-b892-4f40-b650-139ef10cdd26
7c3f5393-1bd4-47e8-b5ab-4b7cf793d236,,https://www.gencourt.state.nh.us/bill_status/legacy/bs2016/bill_status.aspx?lsr=0792&sy=2023&sortoption=&txtsessionyear=2023,ocd-bill/94e18be8-b8ec-425a-9666-0f7a88013ace
1e04749f-5aa2-4fe7-902c-11a1e67bb6b4,,https://www.gencourt.state.nh.us/bill_status/legacy/bs2016/bill_status.aspx?lsr=0694&sy=2023&sortoption=&txtsessionyear=2023,ocd-bill/490b0b6a-673b-41d6-b0f7-4266f8cfa3a6
64ded99e-1cb1-49be-bac0-72a9c188b17d,,https://www.gencourt.state.nh.us/bill_status/legacy/bs2016/bill_status.aspx?lsr=0979&sy=2023&sortoption=&txtsessionyear=2023,ocd-bill/e8f73827-1938-419c-b7d9-4244e8900878
4c7d77b8-e672-437e-8ed2-093021a346dc,,https://www.gencourt.state.nh.us/bill_status/legacy/bs2016/bill_status.aspx?lsr=0394&sy=2023&sortoption=&txtsessionyear=2023,ocd-bill/740ace2a-cd51-4e5c-9067-ca982e7274ff
dca2c1fc-f214-4ba8-aec8-8e6e211b58ed,,https://www.gencourt.state.nh.us/bill_status/legacy/bs2016/bill_status.aspx?lsr=0741&sy=2023&sortoption=&txtsessionyear=2023,ocd-bill/8e1e7c80-838a-47a8-b398-90876c889b93
e6acb8e5-f462-49e5-b162-540448d383fb,,https://www.gencourt.state.nh.us/bill_status/legacy/bs2016/bill_status.aspx?lsr=0699&sy=2023&sortoption=&txtsessionyear=2023,ocd-bill/2b391747-7b82-452d-ba48-b6e35991b653
80ce3bda-7f0f-4191-bdec-4e7b4dfe2f56,,https://www.gencourt.state.nh.us/bill_status/legacy/bs2016/bill_status.aspx?lsr=0777&sy=2023&sortoption=&txtsessionyear=2023,ocd-bill/9484c4ac-8b4e-4e09-81bf-cdc47b0b3da4
fb958844-989b-42d0-8fa2-1ab7c00de190,,https://www.gencourt.state.nh.us/bill_status/legacy/bs2016/bill_status.aspx?lsr=0317&sy=2023&sortoption=&txtsessionyear=2023,ocd-bill/8fdcc4a6-6933-45b0-a131-4496700abef8
ac95eb21-5000-4aba-a2cd-6599fdb58dcc,,https://www.gencourt.state.nh.us/bill_status/legacy/bs2016/bill_status.aspx?lsr=0543&sy=2023&sortoption=&txtsessionyear=2023,ocd-bill/16c8d297-6f69-4795-bb8f-5703b1ef7b16
e095313d-7a6f-4958-b0bb-53bafc39558f,,https://www.gencourt.state.nh.us/bill_status/legacy/bs2016/bill_status.aspx?lsr=0447&sy=2023&sortoption=&txtsessionyear=2023,ocd-bill/f20cf78f-bdc9-4bb0-8706-a343c143b61a
0176b4be-a88c-4cb0-a578-3948e8f48e69,,https://www.gencourt.state.nh.us/bill_status/legacy/bs2016/bill_status.aspx?lsr=0077&sy=2023&sortoption=&txtsessionyear=2023,ocd-bill/8cb0c991-0f02-4904-a0f5-59d0bf188484
8cb889ac-52e7-433b-9531-ec8bd2e94e4c,,https://www.gencourt.state.nh.us/bill_status/legacy/bs2016/bill_status.aspx?lsr=0477&sy=2023&sortoption=&txtsessionyear=2023,ocd-bill/8c2280f2-a3f2-42a8-bf72-a2e6824ff10b
0d084d85-71b5-4aa2-9862-0bfb9ed1eb76,,https://www.gencourt.state.nh.us/bill_status/legacy/bs2016/bill_status.aspx?lsr=0348&sy=2023&sortoption=&txtsessionyear=2023,ocd-bill/8c3977e2-9b15-48a2-a10f-4d0dffdb22e5
b034fe9f-1565-4452-b097-1dfaed785c3a,,https://www.gencourt.state.nh.us/bill_status/legacy/bs2016/bill_status.aspx?lsr=0209&sy=2023&sortoption=&txtsessionyear=2023,ocd-bill/585487e3-997d-4a06-82ea-72f0f936c130
5f63caba-114b-4299-a136-7c2b6dfe5e3f,,https://www.gencourt.state.nh.us/bill_status/legacy/bs2016/bill_status.aspx?lsr=0191&sy=2023&sortoption=&txtsessionyear=2023,ocd-bill/d43b5ef4-9c96-4678-8361-1dba8e80a9fb
51de11d0-77ac-493a-bf86-630f599587a0,,https://www.gencourt.state.nh.us/bill_status/legacy/bs2016/bill_status.aspx?lsr=0621&sy=2023&sortoption=&txtsessionyear=2023,ocd-bill/ad1964e8-2c49-4a4d-a5e7-fddf6ee8460d
27f86ffd-1bd8-4558-a2c9-bf12d4ee7a78,,https://www.gencourt.state.nh.us/bill_status/legacy/bs2016/bill_status.aspx?lsr=0215&sy=2023&sortoption=&txtsessionyear=2023,ocd-bill/53757ae9-b351-4b38-833e-7f47aaf4305a
344cd304-c947-4644-8525-da44f68e586e,,https://www.gencourt.state.nh.us/bill_status/legacy/bs2016/bill_status.aspx?lsr=0137&sy=2023&sortoption=&txtsessionyear=2023,ocd-bill/7aae8eaf-5c41-48ea-8774-e4f1eb8c94a7
c5374ec9-d648-4a1b-8bbd-b23ece4ced82,,https://www.gencourt.state.nh.us/bill_status/legacy/bs2016/bill_status.aspx?lsr=0281&sy=2023&sortoption=&txtsessionyear=2023,ocd-bill/9675dd9d-2cbb-4d09-8c49-66f4be13ad43
2c29b6a3-6ab1-4aae-8118-091c88c5075d,,https://www.gencourt.state.nh.us/bill_status/legacy/bs2016/bill_status.aspx?lsr=0370&sy=2023&sortoption=&txtsessionyear=2023,ocd-bill/591c3af3-c789-4d89-9ee5-c42eab0a9b92
1d6c5d3d-1e90-465c-beb5-e98efdee4b76,,https://www.gencourt.state.nh.us/bill_status/legacy/bs2016/bill_status.aspx?lsr=0537&sy=2023&sortoption=&txtsessionyear=2023,ocd-bill/b1327126-c048-4fc9-a848-93f4871953ea
ffb353e5-a84a-4e0d-90e1-df1f198c99d1,,https://www.gencourt.state.nh.us/bill_status/legacy/bs2016/bill_status.aspx?lsr=0319&sy=2023&sortoption=&txtsessionyear=2023,ocd-bill/485809d1-f0f5-4c8c-ac11-323188bceefb
f754155f-0254-432d-bc07-264d2125b9a1,,https://www.gencourt.state.nh.us/bill_status/legacy/bs2016/bill_status.aspx?lsr=0301&sy=2023&sortoption=&txtsessionyear=2023,ocd-bill/ebd9ca0c-7284-47f0-a66c-6fd138e1e766
d1bac892-b7f8-4de0-af73-c4fc48897f0d,,https://www.gencourt.state.nh.us/bill_status/legacy/bs2016/bill_status.aspx?lsr=0429&sy=2023&sortoption=&txtsessionyear=2023,ocd-bill/22d54d7b-7ff7-4e81-a09f-048b0bd7d299
cf2de9d3-dc80-413e-a1d7-7c2ae6610d8b,,https://www.gencourt.state.nh.us/bill_status/legacy/bs2016/bill_status.aspx?lsr=0665&sy=2023&sortoption=&txtsessionyear=2023,ocd-bill/120f5287-5db1-4bad-a296-2f544bfcb5ce
090b52a1-0f2b-40fd-9dd5-b3f179098810,,https://www.gencourt.state.nh.us/bill_status/legacy/bs2016/bill_status.aspx?lsr=0603&sy=2023&sortoption=&txtsessionyear=2023,ocd-bill/94758ac1-2d17-4c41-9016-3dcbb983c0db
cc4413e4-1401-4399-b0b7-af6649b1954a,,https://www.gencourt.state.nh.us/bill_status/legacy/bs2016/bill_status.aspx?lsr=0506&sy=2023&sortoption=&txtsessionyear=2023,ocd-bill/b095cf84-5a57-432b-b493-31045db2b37d
a0d9590e-8991-4261-9d5a-bf5d93691cf7,,https://www.gencourt.state.nh.us/bill_status/legacy/bs2016/bill_status.aspx?lsr=0443&sy=2023&sortoption=&txtsessionyear=2023,ocd-bill/20b5a787-e8ac-4ee8-a510-36652f12fbc8
ca2ce69c-c1ca-48d8-bb75-44f002d70f4c,,https://www.gencourt.state.nh.us/bill_status/legacy/bs2016/bill_status.aspx?lsr=0324&sy=2023&sortoption=&txtsessionyear=2023,ocd-bill/f493b6fb-75d2-4a00-91c0-a9bb7f92e599
4d715443-1367-4c54-b8e0-a357329379ea,,https://www.gencourt.state.nh.us/bill_status/legacy/bs2016/bill_status.aspx?lsr=0093&sy=2023&sortoption=&txtsessionyear=2023,ocd-bill/6567dc3e-0658-4e4b-bd2b-00d463499b2d
b6903757-b91f-4983-b413-5af102d7b24b,,https://www.gencourt.state.nh.us/bill_status/legacy/bs2016/bill_status.aspx?lsr=0413&sy=2023&sortoption=&txtsessionyear=2023,ocd-bill/dc9a6837-9184-4fb9-aee8-93bbd61c74a1
7ff82b01-0e0e-41e8-b6c9-1b9fadcb1cb6,,https://www.gencourt.state.nh.us/bill_status/legacy/bs2016/bill_status.aspx?lsr=0058&sy=2023&sortoption=&txtsessionyear=2023,ocd-bill/aaf9157b-6c41-4620-ae65-e77a3eb48b61
5669f06a-4800-4706-9ab6-7c640ea93e08,,https://www.gencourt.state.nh.us/bill_status/legacy/bs2016/bill_status.aspx?lsr=0108&sy=2023&sortoption=&txtsessionyear=2023,ocd-bill/952da367-985b-4285-8d8a-3f8ec3b281dc
1cf4a5a6-04d1-4a92-82ff-4d293b4179df,,https://www.gencourt.state.nh.us/bill_status/legacy/bs2016/bill_status.aspx?lsr=0226&sy=2023&sortoption=&txtsessionyear=2023,ocd-bill/9d7e5937-f136-4048-8478-11a9b1dfe65c
b521b2ea-121e-4739-be51-18b13c8feb79,,https://www.gencourt.state.nh.us/bill_status/legacy/bs2016/bill_status.aspx?lsr=0519&sy=2023&sortoption=&txtsessionyear=2023,ocd-bill/6e94cae5-05f3-4c8a-bc9a-008f0ceab0e2
86069d2c-e4be-405c-959a-039491d50858,,https://www.gencourt.state.nh.us/bill_status/legacy/bs2016/bill_status.aspx?lsr=0229&sy=2023&sortoption=&txtsessionyear=2023,ocd-bill/854e6a59-a3e9-497e-86b6-1dc21d2b366d
926700c3-1009-4814-8e6f-961e1ddda328,,https://www.gencourt.state.nh.us/bill_status/legacy/bs2016/bill_status.aspx?lsr=0263&sy=2023&sortoption=&txtsessionyear=2023,ocd-bill/13b59e6e-99e3-482f-8d83-6ae70a4602e3
8ff402c6-b3ee-41d4-a4d3-9b9778a4333f,,https://www.gencourt.state.nh.us/bill_status/legacy/bs2016/bill_status.aspx?lsr=0619&sy=2023&sortoption=&txtsessionyear=2023,ocd-bill/b88d0aa5-0e57-49b6-a18d-6aa5d287c7ab
8d270bf6-0a25-4a61-965c-180e7caf0276,,https://www.gencourt.state.nh.us/bill_status/legacy/bs2016/bill_status.aspx?lsr=0631&sy=2023&sortoption=&txtsessionyear=2023,ocd-bill/f3fa9bd9-87d5-49e5-a594-4bf25153b466
acade0a3-4381-4173-9613-6049f00759ef,,https://www.gencourt.state.nh.us/bill_status/legacy/bs2016/bill_status.aspx?lsr=0590&sy=2023&sortoption=&txtsessionyear=2023,ocd-bill/900c9bb6-335b-4d20-acbe-956b660b6742
0acaeead-87c1-4346-a947-44776900a4b1,,https://www.gencourt.state.nh.us/bill_status/legacy/bs2016/bill_status.aspx?lsr=0681&sy=2023&sortoption=&txtsessionyear=2023,ocd-bill/4cd965c6-aee8-4862-a52f-2dd523952532
d2527ac6-d506-4539-bd66-244a40493b30,,https://www.gencourt.state.nh.us/bill_status/legacy/bs2016/bill_status.aspx?lsr=0039&sy=2023&sortoption=&txtsessionyear=2023,ocd-bill/a47e1eab-4eac-480c-a7bc-1102d3ffd3f1
5ce72335-4b31-4a25-95f8-c4c4b96d790e,,https://www.gencourt.state.nh.us/bill_status/legacy/bs2016/bill_status.aspx?lsr=0605&sy=2023&sortoption=&txtsessionyear=2023,ocd-bill/83ec9ec2-28c4-47fe-bf4e-d4e4fbf8f49f
a8aceec4-360e-4d5a-9143-984c8154466d,,https://www.gencourt.state.nh.us/bill_status/legacy/bs2016/bill_status.aspx?lsr=0332&sy=2023&sortoption=&txtsessionyear=2023,ocd-bill/77e522d2-f0ca-4954-af07-a1a9da82fa5f
7b29ab7a-9517-4545-b257-dfa00da223b5,,https://www.gencourt.state.nh.us/bill_status/legacy/bs2016/bill_status.aspx?lsr=0152&sy=2023&sortoption=&txtsessionyear=2023,ocd-bill/b063fff6-4cc0-4d41-8db8-afc67fe0d06d
7e4ac875-cf68-4f94-b892-b453efa18d7e,,https://www.gencourt.state.nh.us/bill_status/legacy/bs2016/bill_status.aspx?lsr=0275&sy=2023&sortoption=&txtsessionyear=2023,ocd-bill/c30b88f8-1602-4132-b5fc-1dfec9200b96
6bfe25a9-c30f-4b34-babd-9683eb718a48,,https://www.gencourt.state.nh.us/bill_status/legacy/bs2016/bill_status.aspx?lsr=0416&sy=2023&sortoption=&txtsessionyear=2023,ocd-bill/b28644bc-7e6c-4e6c-a307-ed2a6476d5af
ddb30b22-2922-49cd-a785-eb169b18d919,,https://www.gencourt.state.nh.us/bill_status/legacy/bs2016/bill_status.aspx?lsr=0107&sy=2023&sortoption=&txtsessionyear=2023,ocd-bill/3ae730c1-17cc-4360-a8f7-78ca000b84cd
fdb5963d-e7e4-4e2a-965a-74f6eb153968,,https://www.gencourt.state.nh.us/bill_status/legacy/bs2016/bill_status.aspx?lsr=0001&sy=2023&sortoption=&txtsessionyear=2023,ocd-bill/08991e68-c302-42ec-8d30-dc739210c9c8
beaa39db-f2a8-429c-8450-9591e0491cbb,,https://www.gencourt.state.nh.us/bill_status/legacy/bs2016/bill_status.aspx?lsr=0184&sy=2023&sortoption=&txtsessionyear=2023,ocd-bill/21153c10-7339-414d-85e8-61e16f3bdd0c
fe0147e9-2ad7-4367-b732-1614173d47f8,,https://www.gencourt.state.nh.us/bill_status/legacy/bs2016/bill_status.aspx?lsr=0298&sy=2023&sortoption=&txtsessionyear=2023,ocd-bill/3cfc423b-f887-47bf-8597-59ac2952ccc2
f790b3f1-8589-4a53-9402-f06f6f9f56a6,,https://www.gencourt.state.nh.us/bill_status/legacy/bs2016/bill_status.aspx?lsr=0246&sy=2023&sortoption=&txtsessionyear=2023,ocd-bill/0fae3594-71a6-474e-8040-9326baac4e74
62b939a8-8d5d-4938-94dd-e5a6c7877de4,,https://www.gencourt.state.nh.us/bill_status/legacy/bs2016/bill_status.aspx?lsr=0071&sy=2023&sortoption=&txtsessionyear=2023,ocd-bill/1a2d8222-ff2a-4f42-83b6-05bd7bf5826c
b3eef589-f587-4f5f-91ed-e45bdfbe84e5,,https://www.gencourt.state.nh.us/bill_status/legacy/bs2016/bill_status.aspx?lsr=0402&sy=2023&sortoption=&txtsessionyear=2023,ocd-bill/6c438051-3e06-48a1-a178-0f21a9f7b1fc
8bfb77d2-c525-4f02-ad3b-240985d299ad,,https://www.gencourt.state.nh.us/bill_status/legacy/bs2016/bill_status.aspx?lsr=0034&sy=2023&sortoption=&txtsessionyear=2023,ocd-bill/ced8cf9d-7317-42a4-8464-8c3d2ed3ce7d
682ecb61-6c8a-49f4-a002-34660cd6e5e7,,https://www.gencourt.state.nh.us/bill_status/legacy/bs2016/bill_status.aspx?lsr=0557&sy=2023&sortoption=&txtsessionyear=2023,ocd-bill/5147d211-b74c-4c52-9e4d-68cd13ce48fb
171ea659-e4ff-4b97-9b78-288cbadfdb3e,,https://www.gencourt.state.nh.us/bill_status/legacy/bs2016/bill_status.aspx?lsr=0040&sy=2023&sortoption=&txtsessionyear=2023,ocd-bill/a0d25980-d65e-402e-9e31-b6800f00ef18
ee95ef25-4fc8-4bfc-b3ee-9c9cce25768a,,https://www.gencourt.state.nh.us/bill_status/legacy/bs2016/bill_status.aspx?lsr=0482&sy=2023&sortoption=&txtsessionyear=2023,ocd-bill/892f7a19-f930-4a9d-a55d-c14a9e25634f
e9eca8c2-edbe-4590-91c1-3bd5d551a5bc,,https://www.gencourt.state.nh.us/bill_status/legacy/bs2016/bill_status.aspx?lsr=0682&sy=2023&sortoption=&txtsessionyear=2023,ocd-bill/dbb0b780-7009-4fa8-ace8-e4d2a2c0cacc
50f2ea4d-5347-40ea-b00a-b2b641cbdd2c,,https://www.gencourt.state.nh.us/bill_status/legacy/bs2016/bill_status.aspx?lsr=0308&sy=2023&sortoption=&txtsessionyear=2023,ocd-bill/f3408e93-8f8b-44cc-81b3-4a8b0a740888
0687b799-5e46-45a1-aa95-cb3a09f87384,,https://www.gencourt.state.nh.us/bill_status/legacy/bs2016/bill_status.aspx?lsr=0341&sy=2023&sortoption=&txtsessionyear=2023,ocd-bill/b16f70b5-97ce-44f0-b3c9-4d85ee6d9578
d11a8d37-785e-4b4f-b87d-50de0fc7690b,,https://www.gencourt.state.nh.us/bill_status/legacy/bs2016/bill_status.aspx?lsr=0430&sy=2023&sortoption=&txtsessionyear=2023,ocd-bill/e8b73170-8a52-40ea-8e48-cf4641d4de11
4ff17b9a-c188-482f-8938-5518385d9967,,https://www.gencourt.state.nh.us/bill_status/legacy/bs2016/bill_status.aspx?lsr=0814&sy=2023&sortoption=&txtsessionyear=2023,ocd-bill/00a1907a-7f7f-46aa-b7c8-70f51863fcb3
3d7e2a8d-93ba-4aa7-9e1c-03de27e2253b,,https://www.gencourt.state.nh.us/bill_status/legacy/bs2016/bill_status.aspx?lsr=0449&sy=2023&sortoption=&txtsessionyear=2023,ocd-bill/3f9e8d8f-44c7-47f7-8f07-076416615c2e
358b80e6-7a6a-4120-aafd-bd0ad0048f4a,,https://www.gencourt.state.nh.us/bill_status/legacy/bs2016/bill_status.aspx?lsr=0881&sy=2023&sortoption=&txtsessionyear=2023,ocd-bill/79b6c1d1-2a84-4fd1-b630-0b77047c847f
b65a44ea-0a64-46e6-abbc-394be89f7da7,,https://www.gencourt.state.nh.us/bill_status/legacy/bs2016/bill_status.aspx?lsr=0914&sy=2023&sortoption=&txtsessionyear=2023,ocd-bill/c78d79ae-f55c-40f7-8d7d-072bfde1d73c
8be4b353-1c4d-4f69-9476-8d9df5f97511,,https://www.gencourt.state.nh.us/bill_status/legacy/bs2016/bill_status.aspx?lsr=0084&sy=2023&sortoption=&txtsessionyear=2023,ocd-bill/1f9fa1be-8921-43db-9886-3381efc2f6db
c0cb4eff-c48a-4e0a-9ab6-163fef9ef083,,https://www.gencourt.state.nh.us/bill_status/legacy/bs2016/bill_status.aspx?lsr=0234&sy=2023&sortoption=&txtsessionyear=2023,ocd-bill/bf65d601-1cdc-4591-b9dc-bde89439f5e8
b194b658-52e2-47ea-996f-37ffcd97635f,,https://www.gencourt.state.nh.us/bill_status/legacy/bs2016/bill_status.aspx?lsr=0566&sy=2023&sortoption=&txtsessionyear=2023,ocd-bill/a6f375c4-ef64-4dec-8c01-778d97ca3585
1dc6b9db-0a57-48e4-8d9f-e2597c7c2fd0,,https://www.gencourt.state.nh.us/bill_status/legacy/bs2016/bill_status.aspx?lsr=1028&sy=2023&sortoption=&txtsessionyear=2023,ocd-bill/f8f98121-dede-4c95-a793-332490a16e68
081314e2-7618-41b3-9c28-6912e1c2a8d7,,https://www.gencourt.state.nh.us/bill_status/legacy/bs2016/bill_status.aspx?lsr=0712&sy=2023&sortoption=&txtsessionyear=2023,ocd-bill/5189c644-9390-4f4b-9dae-58468f935b03
cfd5a92b-c759-4edf-9a6c-fdf1727e0a69,,https://www.gencourt.state.nh.us/bill_status/legacy/bs2016/bill_status.aspx?lsr=1013&sy=2023&sortoption=&txtsessionyear=2023,ocd-bill/472f08aa-7e01-4dff-86a7-cbdcfce97751
e5e24f5c-de9e-4b94-8144-c2db1042de3c,,https://www.gencourt.state.nh.us/bill_status/legacy/bs2016/bill_status.aspx?lsr=0817&sy=2023&sortoption=&txtsessionyear=2023,ocd-bill/87e2a5d3-8a91-4a16-a3d9-0ad909b1afb0
e3889407-caed-44cc-bb27-e53913a7ac51,,https://www.gencourt.state.nh.us/bill_status/legacy/bs2016/bill_status.aspx?lsr=0495&sy=2023&sortoption=&txtsessionyear=2023,ocd-bill/05d063ed-5093-457f-bb74-d6cb81bd55bd
f8d4a7fe-1e7f-410e-bc2e-075f289275ae,,https://www.gencourt.state.nh.us/bill_status/legacy/bs2016/bill_status.aspx?lsr=0111&sy=2023&sortoption=&txtsessionyear=2023,ocd-bill/0496896b-f20c-4da7-82ef-0761473bf901
7c22a610-1131-435b-a034-14bd1f67f7be,,https://www.gencourt.state.nh.us/bill_status/legacy/bs2016/bill_status.aspx?lsr=0221&sy=2023&sortoption=&txtsessionyear=2023,ocd-bill/34c06ffc-cea5-4fb6-b84a-846d4ab77e24
b3593514-ea49-4570-9fb3-233f2a368794,,https://www.gencourt.state.nh.us/bill_status/legacy/bs2016/bill_status.aspx?lsr=0822&sy=2023&sortoption=&txtsessionyear=2023,ocd-bill/9feb9e1b-b640-48eb-8b3c-e89370d33663
ab26a99a-7ecf-4d04-87c0-e26251546395,,https://www.gencourt.state.nh.us/bill_status/legacy/bs2016/bill_status.aspx?lsr=0688&sy=2023&sortoption=&txtsessionyear=2023,ocd-bill/8b273eec-e235-475f-b04f-7751e4c8011c
7abf6e0d-d3f7-4f62-acd9-75d514543df2,,https://www.gencourt.state.nh.us/bill_status/legacy/bs2016/bill_status.aspx?lsr=0048&sy=2023&sortoption=&txtsessionyear=2023,ocd-bill/666c5ba9-e5b9-4b3e-a86b-7551b123d824
c3511757-4423-4be5-8e69-c2d18b1a1cab,,https://www.gencourt.state.nh.us/bill_status/legacy/bs2016/bill_status.aspx?lsr=0759&sy=2023&sortoption=&txtsessionyear=2023,ocd-bill/8a4cbef0-8792-473d-ae5b-34a6022e10e5
c1d1bd58-1557-4b4b-b3d2-88bf699fce9c,,https://www.gencourt.state.nh.us/bill_status/legacy/bs2016/bill_status.aspx?lsr=0710&sy=2023&sortoption=&txtsessionyear=2023,ocd-bill/ac49cc53-2330-46ca-927d-212a1d653d91
3d264568-274b-491c-a2bf-603f20aabb45,,https://www.gencourt.state.nh.us/bill_status/legacy/bs2016/bill_status.aspx?lsr=0536&sy=2023&sortoption=&txtsessionyear=2023,ocd-bill/9fd46fb6-a0ab-43f5-abd2-78615a2e8e3e
d52e91e5-c478-4b07-84f1-71e0e1c5dcda,,https://www.gencourt.state.nh.us/bill_status/legacy/bs2016/bill_status.aspx?lsr=0993&sy=2023&sortoption=&txtsessionyear=2023,ocd-bill/e55c45f6-d7e8-47fe-b5ee-fe6d1779dbea
387380cc-be86-458e-a05d-f83ce21fb182,,https://www.gencourt.state.nh.us/bill_status/legacy/bs2016/bill_status.aspx?lsr=0702&sy=2023&sortoption=&txtsessionyear=2023,ocd-bill/f7fdcd50-a54a-4bf1-af44-8476aaa687db
3ac0d910-0ec0-44b1-8c73-e2854923c46f,,https://www.gencourt.state.nh.us/bill_status/legacy/bs2016/bill_status.aspx?lsr=0406&sy=2023&sortoption=&txtsessionyear=2023,ocd-bill/367fdd3f-f5a2-464e-b619-b02de3e78fb5
60627d77-d651-4c50-a004-eb7b80a66199,,https://www.gencourt.state.nh.us/bill_status/legacy/bs2016/bill_status.aspx?lsr=0938&sy=2023&sortoption=&txtsessionyear=2023,ocd-bill/61bde25c-106b-4528-b611-8e2e0617c200
05548551-6b4f-4146-a42a-1c8c1c05f297,,https://www.gencourt.state.nh.us/bill_status/legacy/bs2016/bill_status.aspx?lsr=1027&sy=2023&sortoption=&txtsessionyear=2023,ocd-bill/ad721c4b-5791-4c64-ae82-839997cf87ed
fd420c00-da7a-4967-ab1d-295e7ebffdcd,,https://www.gencourt.state.nh.us/bill_status/legacy/bs2016/bill_status.aspx?lsr=1068&sy=2023&sortoption=&txtsessionyear=2023,ocd-bill/41519d9c-b7dd-4dd1-b28d-fff387696cd6
9cc66ff5-2681-4dda-8c57-071c47ab8bc2,,https://www.gencourt.state.nh.us/bill_status/legacy/bs2016/bill_status.aspx?lsr=0871&sy=2023&sortoption=&txtsessionyear=2023,ocd-bill/1ca0a565-f282-4d32-a051-c52e9fcb256b
b6a4d6b4-2c3b-42d7-86a4-7b4c543c5ace,,https://www.gencourt.state.nh.us/bill_status/legacy/bs2016/bill_status.aspx?lsr=0823&sy=2023&sortoption=&txtsessionyear=2023,ocd-bill/f69c497e-25ca-4929-9071-2421d8bf0ef5
c1a6dc9c-3258-49b9-95df-9d00b2707906,,https://www.gencourt.state.nh.us/bill_status/legacy/bs2016/bill_status.aspx?lsr=0565&sy=2023&sortoption=&txtsessionyear=2023,ocd-bill/fef0ea78-c686-40e0-9224-4625afe90596
d080462c-4886-4ffc-b6dc-965b462575fb,,https://www.gencourt.state.nh.us/bill_status/legacy/bs2016/bill_status.aspx?lsr=0344&sy=2023&sortoption=&txtsessionyear=2023,ocd-bill/66c62ad3-74cc-4c8f-99ee-637f9fa276bb
517abcd5-5c62-45cb-9db9-6c1f58bebb6d,,https://www.gencourt.state.nh.us/bill_status/legacy/bs2016/bill_status.aspx?lsr=0367&sy=2023&sortoption=&txtsessionyear=2023,ocd-bill/dd80f796-8fa1-46c2-be18-383af14dca19
e07a6ac2-2168-44ff-a0e9-2ab183a041e0,,https://www.gencourt.state.nh.us/bill_status/legacy/bs2016/bill_status.aspx?lsr=0172&sy=2023&sortoption=&txtsessionyear=2023,ocd-bill/752c676d-6f18-4c4b-a5f3-be8eedfb6c72
32bd18d0-c838-4fa7-8d44-6afb39b9576c,,https://www.gencourt.state.nh.us/bill_status/legacy/bs2016/bill_status.aspx?lsr=0852&sy=2023&sortoption=&txtsessionyear=2023,ocd-bill/15091c2e-6b96-465b-8937-a30c5c3ddc37
bef30eb2-2ee6-45ce-afa3-3db8efc3962a,,https://www.gencourt.state.nh.us/bill_status/legacy/bs2016/bill_status.aspx?lsr=0511&sy=2023&sortoption=&txtsessionyear=2023,ocd-bill/0b6cfebf-2c71-4914-8fee-a8b19df06c0f
a6aff4f9-66a7-48a7-8121-0158e79ce31d,,https://www.gencourt.state.nh.us/bill_status/legacy/bs2016/bill_status.aspx?lsr=0147&sy=2023&sortoption=&txtsessionyear=2023,ocd-bill/d2d59057-1094-4454-be06-c944c236837a
1e26239f-ace0-45b1-839a-7c10fbe6c8f1,,https://www.gencourt.state.nh.us/bill_status/legacy/bs2016/bill_status.aspx?lsr=1047&sy=2023&sortoption=&txtsessionyear=2023,ocd-bill/737eb67e-bf0b-43c2-8f5e-778ee52b65ea
3ccf12a0-ef08-4fb5-a61b-bc720442e23c,,https://www.gencourt.state.nh.us/bill_status/legacy/bs2016/bill_status.aspx?lsr=0784&sy=2023&sortoption=&txtsessionyear=2023,ocd-bill/41ead530-9e51-488a-98a2-c574cf41837d
e354ce35-a8c1-446c-868c-468661fd4207,,https://www.gencourt.state.nh.us/bill_status/legacy/bs2016/bill_status.aspx?lsr=0255&sy=2023&sortoption=&txtsessionyear=2023,ocd-bill/3f5a1729-2ae1-4766-98ac-1888e2c35492
