id,identifier,title,classification,subject,session_identifier,jurisdiction,organization_classification
ocd-bill/fa269e5a-f561-49cb-9078-52bebde4ee77,SB 67,relative to changes to certain weights and measures statutes.,['bill'],[],2023,New Hampshire,upper
ocd-bill/375283f8-de2b-4c1b-88f1-b63522439fc5,HB 157,relative to the joint committee on legislative facilities and sexual harassment policies.,['bill'],[],2023,New Hampshire,lower
ocd-bill/019f5a25-6387-4d07-888e-8a26c085e27e,HB 308,relative to a quorum for meetings open to the public to include remote presence.,['bill'],[],2023,New Hampshire,lower
ocd-bill/3b38337b-28d3-4837-b6fb-d5f508a2c445,SB 225,establishing the commission to study the assessing of power generation.,['bill'],[],2023,New Hampshire,upper
ocd-bill/fc641635-3112-48d9-9fef-fa22ad18d324,HB 288,relative to taxation of sole proprietorship businesses.,['bill'],[],2023,New Hampshire,lower
ocd-bill/570994aa-3679-4f8e-aa3c-bdc56974caa5,HB 270,relative to the election of Strafford county commissioners.,['bill'],[],2023,New Hampshire,lower
ocd-bill/040caa9e-b146-45a9-86a3-8019fa7acfb3,HB 340,relative to the transfer of residential property.,['bill'],[],2023,New Hampshire,lower
ocd-bill/e050d095-b348-4512-a582-86a356e088a2,HB 360,an act legalizing cannabis for persons 21 years of age or older.,['bill'],[],2023,New Hampshire,lower
ocd-bill/7644a59f-c416-45dc-928e-0fa251f81302,HB 636,relative to required education for zoning board of adjustment members.,['bill'],[],2023,New Hampshire,lower
ocd-bill/35728d92-9da0-4092-ba51-9ff614f5e5ff,HB 33,relative to polycystic ovary syndrome awareness.,['bill'],[],2023,New Hampshire,lower
ocd-bill/c7830fbd-0d70-4590-b546-4ed7cb42dee0,HB 379,requiring notice be provided to tenants during residential eviction proceedings regarding legal counsel.,['bill'],[],2023,New Hampshire,lower
ocd-bill/4cc4e745-dafb-4359-84a8-77bbf00b2fc8,HB 47,relative to medical records attestations for organ donation eligibility.,['bill'],[],2023,New Hampshire,lower
ocd-bill/f480c688-3a7f-4982-b111-4900abdcf786,HB 58,prohibiting payment of subminimum wages.,['bill'],[],2023,New Hampshire,lower
ocd-bill/28599639-529d-4c40-8402-811389a55fd0,HB 556,relative to the duties of the information technology council.,['bill'],[],2023,New Hampshire,lower
ocd-bill/5c6e40a5-f01d-4778-85c2-ef68c47bb509,HB 290,relative to service of writs and precepts by a constable.,['bill'],[],2023,New Hampshire,lower
ocd-bill/e6496802-c585-4cee-a24d-a1045b1bdc75,HB 448,relative to Lake Winnipesaukee speed limitations.,['bill'],[],2023,New Hampshire,lower
ocd-bill/36e9bf4b-16ca-48c0-94a1-f039cb52021f,HB 186,relative to waivers for alternative sewage disposal systems.,['bill'],[],2023,New Hampshire,lower
ocd-bill/2c0815f9-0fc1-43ed-aee4-c1940668f337,HCR 3,relative to affirming states' power over the federal constitution.,['concurrent resolution'],[],2023,New Hampshire,lower
ocd-bill/f664bff8-802e-4ee1-9e27-6667ed82ee5f,HB 526,regulating the use of temporary traffic control personnel.,['bill'],[],2023,New Hampshire,lower
ocd-bill/c239fbdd-d878-4bd8-b6e6-afde32d22c6d,HB 56,relative to permits for the siting of new landfills.,['bill'],[],2023,New Hampshire,lower
ocd-bill/b3a0a388-5bec-46e4-acd7-a6d954e7a3dc,HB 617,"prohibiting, with limited exceptions, state agencies from requiring use of proprietary software in interactions with the public.",['bill'],[],2023,New Hampshire,lower
ocd-bill/d64233c5-e36b-4a11-9f28-fb356c36143c,HB 146,relative to the closure of state liquor stores.,['bill'],[],2023,New Hampshire,lower
ocd-bill/634a8188-92bb-45a6-9521-2073de49c856,HB 231,prohibiting the removal of claws from cats.,['bill'],[],2023,New Hampshire,lower
ocd-bill/4bf578af-7924-494e-9571-96d788ec0c7d,HB 76,imposing a waiting period between the purchase and delivery of a firearm.,['bill'],[],2023,New Hampshire,lower
ocd-bill/2a54a8ef-b56a-437e-8411-c40eb0028aa7,SB 125,relative to annual grants to regional development corporations.,['bill'],[],2023,New Hampshire,upper
ocd-bill/e22b23f3-023a-4ac5-8bc4-e727cecadf55,HB 478,relative to ballot order in the general election.,['bill'],[],2023,New Hampshire,lower
ocd-bill/d5f1e6b4-7f77-4ccf-82c6-95f0b507cfe2,SB 246,relative to disclosure of post-arrest photographs under the right to know law.,['bill'],[],2023,New Hampshire,upper
ocd-bill/20172da8-de96-47a6-a5f9-852e33e72990,HB 153,relative to roadway pedestrian control signals.,['bill'],[],2023,New Hampshire,lower
ocd-bill/ce4c9fb5-597d-443d-b0bc-1ae3144e83cd,HB 67,relative to the right to review source code of software in criminal cases.,['bill'],[],2023,New Hampshire,lower
ocd-bill/6695e821-ed80-44ec-82fd-28e5b2379e4a,HB 118,prohibiting employers from engaging in certain anti-union activities.,['bill'],[],2023,New Hampshire,lower
ocd-bill/28aa6455-3667-4dc4-8151-2a89d91cc0c3,HB 348,relative to the sale of raw milk and products made with raw milk.,['bill'],[],2023,New Hampshire,lower
ocd-bill/23fa1685-d677-4428-8bd6-1cc68068ebda,HB 304,relative to advanced driver assistance system disclosures by auto glass repair or replacement facilities.,['bill'],[],2023,New Hampshire,lower
ocd-bill/6d6b6e55-6beb-4df1-9d50-d4f43d1da576,SB 140,relative to establishing a program for the recruitment of educators.,['bill'],[],2023,New Hampshire,upper
ocd-bill/09036550-d697-40f0-a643-eea936f8a754,SB 223,relative to supervisors of the checklist.,['bill'],[],2023,New Hampshire,upper
ocd-bill/4323868f-981d-46e2-9e80-b2cb76c16c3c,HB 434,relative to flying drones in state parks.,['bill'],[],2023,New Hampshire,lower
ocd-bill/9d291b49-1890-4785-87ce-2af053a4e4e5,SB 41,establishing a committee to study age discrimination by auto insurance companies.,['bill'],[],2023,New Hampshire,upper
ocd-bill/9836de26-c9cb-4217-b359-e601b4e88cdf,SB 242,relative to Medicaid direct certification.,['bill'],[],2023,New Hampshire,upper
ocd-bill/81628ed3-65d8-4246-8006-e0a788586e6b,SB 240,relative to conditions for genetic testing.,['bill'],[],2023,New Hampshire,upper
ocd-bill/c44ed3da-2467-467b-acef-685b1a005fe0,SB 106,establishing an emerging professional certificate for child care programs.,['bill'],[],2023,New Hampshire,upper
ocd-bill/85225592-c2b8-4db9-8cef-3d89f7e249b6,HB 333,relative to changing the date of the state primary election and adding a run-off election if necessary.,['bill'],[],2023,New Hampshire,lower
ocd-bill/96c9f809-dd78-4351-9375-0c90bd55daf4,HB 395,relative to the voters' guide for constitutional amendments.,['bill'],[],2023,New Hampshire,lower
ocd-bill/6882d8af-cc19-40b9-9cfa-8371853bd5d3,HB 476,enabling the secretary of state to conduct a second recount after an election.,['bill'],[],2023,New Hampshire,lower
ocd-bill/1c91c069-a413-49ca-95fd-c482e16a9891,HB 510,relative to removing the exemption for premium cigars from the tobacco tax.,['bill'],[],2023,New Hampshire,lower
ocd-bill/1bdf886f-c5ab-4bc6-a57e-25687f79855a,HB 88,relative to reproductive rights.,['bill'],[],2023,New Hampshire,lower
ocd-bill/ca78d0b4-e8d3-4857-9869-d58476677c58,HB 558,relative to electric microgrids and electric grid resiliency.,['bill'],[],2023,New Hampshire,lower
ocd-bill/1855986b-0277-4ff5-a280-33c7c0558f84,HB 345,enabling ranked-choice voting for state party primary elections and municipal elections.,['bill'],[],2023,New Hampshire,lower
ocd-bill/a088a1b1-1380-457b-9f7b-94c82a402d2f,SB 216,making changes to the requirements for civics education in schools.,['bill'],[],2023,New Hampshire,upper
ocd-bill/21504181-6d60-42b9-b2b6-96c6b122fb0d,SB 44,relative to license requirements for certain alcohol and other drug use professionals.,['bill'],[],2023,New Hampshire,upper
ocd-bill/ab2d6166-ec30-41dd-9132-e6f7508b0db6,HB 514,relative to the dissemination of obscene material by schools and institutions of higher learning.,['bill'],[],2023,New Hampshire,lower
ocd-bill/b279b031-571b-4f82-a5f6-ae6c31929194,HB 503,relative to the rights afforded to a person accused of a crime.,['bill'],[],2023,New Hampshire,lower
ocd-bill/b2a95d8d-4ca3-4068-b5df-e5b2535639ec,HB 352,relative to excused absences due to a student's mental or behavioral health.,['bill'],[],2023,New Hampshire,lower
ocd-bill/7696dd4e-fa01-461d-955f-352fe2b6b4c3,HB 343,relative to release of confidential records of a person appointed a guardian.,['bill'],[],2023,New Hampshire,lower
ocd-bill/75a473cc-59b0-4d5b-9268-e0b4308fdfa5,HB 367,relative to eligibility of students in the education freedom account program.,['bill'],[],2023,New Hampshire,lower
ocd-bill/3b150a31-a205-48e1-ad18-fee5206ff50d,HB 635,relative to court ordered counseling in parenting plans.,['bill'],[],2023,New Hampshire,lower
ocd-bill/3ed2c8e5-84dc-4ddc-a36e-e322cc321085,HB 162,relative to supported decision making.,['bill'],[],2023,New Hampshire,lower
ocd-bill/50362b55-da9b-4fa6-a27b-ae4e144d2af8,HCR 6,relative to condemning the use of violence against supporters of self-governance.,['concurrent resolution'],[],2023,New Hampshire,lower
ocd-bill/14463c83-9903-45e0-a853-a4bdba135218,HB 131,requiring reports concerning school policies on classroom recordings and in-classroom observers.,['bill'],[],2023,New Hampshire,lower
ocd-bill/3aa32d4d-c2ec-41ef-a347-1ddf095d225a,HB 592,relative to buffers around wetlands.,['bill'],[],2023,New Hampshire,lower
ocd-bill/ff905187-8c51-4183-974b-8d188a54ebba,HB 234,relative to renewable energy credits.,['bill'],[],2023,New Hampshire,lower
ocd-bill/bef26658-2417-41ab-8f60-3e865f8851eb,HB 572,relative to eligibility for free school meals.,['bill'],[],2023,New Hampshire,lower
ocd-bill/60717b96-8adc-4406-8a32-3c32f15e1ec2,HB 311,making an appropriation to the department of environmental services for eligible wastewater projects.,['bill'],[],2023,New Hampshire,lower
ocd-bill/66eb6ac8-759a-43f0-89bf-7a4dfd50e1fe,HB 359,relative to legal holidays.,['bill'],[],2023,New Hampshire,lower
ocd-bill/4bea4819-0637-418d-bd2c-f1fb5451257e,SB 269,relative to tip pooling and sharing.,['bill'],[],2023,New Hampshire,upper
ocd-bill/5bac7dab-9b9d-46f9-9a07-5724d53bed78,HB 101,relative to requiring voters declare a party affiliation prior to a state primary election.,['bill'],[],2023,New Hampshire,lower
ocd-bill/033be793-2c19-442f-b752-d4e068e425b5,HB 225,relative to prohibiting the use of currency that could be detrimental to privacy rights.,['bill'],[],2023,New Hampshire,lower
ocd-bill/735452f7-bb04-4d46-a566-1abc544a860f,HB 258,relative to animal chiropractors.,['bill'],[],2023,New Hampshire,lower
ocd-bill/cbd747c0-21a5-4cfc-b6b1-d5a883c3c24d,HB 138,"relative to the oversight of the commissioner of the department of agriculture, markets, and food.",['bill'],[],2023,New Hampshire,lower
ocd-bill/41e70be9-bf82-4aea-86fd-b5cbbe455262,HB 472,relative to the placement of temporary seasonal docks.,['bill'],[],2023,New Hampshire,lower
ocd-bill/69e7cd66-7055-4bfd-ba4a-c6bcddea30c0,HB 350,relative to ranked-choice voting.,['bill'],[],2023,New Hampshire,lower
ocd-bill/581cd1c3-36c8-4c85-b622-a20698bc0681,SB 251,establishing a committee to study the long-term impact of the New Hampshire adult parole system.,['bill'],[],2023,New Hampshire,upper
ocd-bill/6ca71d79-5f2d-4b64-899e-804b2449ae48,HB 302,"relative to including education in the United States Constitution, the Bill of Rights, and the New Hampshire constitution for New Hampshire law enforcement.",['bill'],[],2023,New Hampshire,lower
ocd-bill/49a1807b-1094-401f-bfd7-dec4190ef2c4,HB 305,relative to exceptions for violations related to Presidential Executive Orders governing the keeping or bearing of arms.,['bill'],[],2023,New Hampshire,lower
ocd-bill/011932b6-fb13-434d-96a4-acbb3d41663b,CACR 10,the general court. Providing that the general court convene on the same day as the governor's inauguration.,['constitutional amendment'],[],2023,New Hampshire,upper
ocd-bill/1f34306b-427f-492a-80c9-b8396065e842,HB 334,relative to determination and cost of state adequate education.,['bill'],[],2023,New Hampshire,lower
ocd-bill/e86365bd-0509-4c3a-badd-aec99ee4f1fc,HB 321,relative to minutes from nonpublic sessions under the right to know law.,['bill'],[],2023,New Hampshire,lower
ocd-bill/86ed156c-56e5-4158-a136-6dd1abdf4050,HB 426,relative to the regulation of pharmacists-in-charge and pharmacies.,['bill'],[],2023,New Hampshire,lower
ocd-bill/45dfe972-317d-4894-978b-625b41a5e2f2,HB 522,relative to money transmitters.,['bill'],[],2023,New Hampshire,lower
ocd-bill/ced669f8-30e4-41c9-8b24-6ee2de24a974,SB 72,relative to provider credentialing procedures.,['bill'],[],2023,New Hampshire,upper
ocd-bill/6d110ef8-4760-4403-b21c-00d43d10c797,HB 277,relative to patients' right to sterilization treatment.,['bill'],[],2023,New Hampshire,lower
ocd-bill/5cb5b57b-35d7-413a-acbc-b149a29eb24e,HB 566,relative to establishing a fund for child care workers and early childhood educators at state licensed child care centers.,['bill'],[],2023,New Hampshire,lower
ocd-bill/b17f1266-04e8-4e61-9440-91dd37908ce6,HB 369,establishing a task force to provide energy relief on farms.,['bill'],[],2023,New Hampshire,lower
ocd-bill/96ad02a0-9fe6-4d5d-9032-1f82df9da07b,HR 15,relative to affirming support against the establishment of a state religion.,['resolution'],[],2023,New Hampshire,lower
ocd-bill/027dc261-9d96-48d5-a4d6-57ae9ddabb0d,HB 568,relative to assessing all state adequate education and local education costs through the state education warrant.,['bill'],[],2023,New Hampshire,lower
ocd-bill/87eb851a-f9ee-4065-9b19-7ce1f6c6d79a,HB 205,relative to testing private wells.,['bill'],[],2023,New Hampshire,lower
ocd-bill/f375a872-3fc8-4fa8-8746-ec3193b0cda7,HB 612,relative to the fees for New Hampshire wine manufacturers.,['bill'],[],2023,New Hampshire,lower
ocd-bill/c5c4c244-54b3-467c-a3fa-55407ab776cf,HB 63,relative to religious use of land and structures.,['bill'],[],2023,New Hampshire,lower
ocd-bill/a05de1ad-a8db-4e5c-97f6-945ec3985bdc,HB 135,prohibiting no-knock warrants.,['bill'],[],2023,New Hampshire,lower
ocd-bill/f325e997-3a79-45d0-b99c-d8be9af569d0,HB 551,"relative to department of children, youth, and families tracking and publishing statistics.",['bill'],[],2023,New Hampshire,lower
ocd-bill/1e603544-6b00-4f44-8d30-b1e95730cc97,HB 98,relative to applications for the low and moderate income homeowners property tax relief program.,['bill'],[],2023,New Hampshire,lower
ocd-bill/1842678c-e927-4512-884e-a0940cd24c6d,HB 115,relative to changing the date of the state primary election.,['bill'],[],2023,New Hampshire,lower
ocd-bill/6c7cc7d7-e895-4ac8-bee5-242605270e25,HB 66,establishing a committee to study non-pharmacological treatment options for patients with chronic pain.,['bill'],[],2023,New Hampshire,lower
ocd-bill/351e1f5a-bebd-4631-832d-d53f9de52494,HB 276,establishing the cyanobacteria mitigation loan and grant fund.,['bill'],[],2023,New Hampshire,lower
ocd-bill/d61a528d-cf89-49c6-934c-dc17cde49f0e,SB 222,relative to the definition of broadband infrastructure as a revenue-producing facility eligible for municipal revenue bonds.,['bill'],[],2023,New Hampshire,upper
ocd-bill/8440fecd-21ea-4a5d-86b1-7b67e71a0c05,HB 232,adopting section 1910 OSHA standards for public sector employees in New Hampshire.,['bill'],[],2023,New Hampshire,lower
ocd-bill/a1e24381-1e38-41f5-ad23-a3cb31537f63,HB 579,eliminating the 2011 transition provision requirements for group II retirement.,['bill'],[],2023,New Hampshire,lower
ocd-bill/9fed5bdc-1097-4339-8fe7-a018882fef19,HB 39,relative to paper billing fees.,['bill'],[],2023,New Hampshire,lower
ocd-bill/cfbef036-5bc3-46fc-aabd-af725fd1eb55,HB 524,relative to regional greenhouse gas initiative funds.,['bill'],[],2023,New Hampshire,lower
ocd-bill/c3307677-d4f3-45e3-af69-33b65f0dffa8,HB 328,an act legalizing certain controlled substances for persons 21 years of age or older.,['bill'],[],2023,New Hampshire,lower
ocd-bill/06d4829f-d881-4dca-9589-529874326dcf,HB 125,relative to youth employment during the school year and at night.,['bill'],[],2023,New Hampshire,lower
ocd-bill/b2fb1d5a-a1c9-45d3-93f4-1b0e8fe7bc44,HB 440,relative to the uses of education trust fund.,['bill'],[],2023,New Hampshire,lower
ocd-bill/cf9662a0-78fb-42a9-8242-bcfdf17b3a37,HB 213,renaming Little Haystack Mountain to Mount Kosciuszko.,['bill'],[],2023,New Hampshire,lower
ocd-bill/9c33676e-5b49-462f-a41c-613fa419cf49,HCR 4,urging Congress to propose a constitutional amendment to establish congressional term limits.,['concurrent resolution'],[],2023,New Hampshire,lower
ocd-bill/62b27023-f16a-48da-b67b-6ec9804fee81,HB 564,"relative to ratification of amendments to the state building code and state fire code, and the membership of the state advisory board of fire control.",['bill'],[],2023,New Hampshire,lower
ocd-bill/9b9c438d-f902-4baa-b615-045a5a0b670a,HB 513,relative to affordability and safety of clinician administered drugs.,['bill'],[],2023,New Hampshire,lower
ocd-bill/03c334dc-23c7-4024-a9cd-ae7bef8f1b97,HB 401,relative to evictions based on the owner's intent to renovate the property.,['bill'],[],2023,New Hampshire,lower
ocd-bill/0528a0fc-fae8-4bd0-8ef7-5b1490f5554f,SB 128,relative to payment for legal services for persons involuntarily admitted for mental health services.,['bill'],[],2023,New Hampshire,upper
ocd-bill/27836e53-56a6-4265-9253-4bb3a73b74f8,SB 181,relative to access to abortion care.,['bill'],[],2023,New Hampshire,upper
ocd-bill/bfe31fe3-99c9-4bea-9a63-d7978bf30ce3,SB 198,directing the insurance department to conduct a cost study of providing coverage for certain reproductive health care.,['bill'],[],2023,New Hampshire,upper
ocd-bill/55108976-2de0-421d-b023-d7ff6d39deee,HB 260,prohibiting the operation of motor vehicles by drivers with animals on their laps.,['bill'],[],2023,New Hampshire,lower
ocd-bill/f9cb8e07-c9a3-411d-9707-084f65d033c2,HB 604,relative to reading specialists.,['bill'],[],2023,New Hampshire,lower
ocd-bill/9f11ee12-bfd5-477d-8d92-ac049310faa1,HB 241,relative to the opportunity of school district employees representing the collective bargaining unit to meet with the public employer as part of collective bargaining negotiations.,['bill'],[],2023,New Hampshire,lower
ocd-bill/c1ff00c1-cecb-4774-84a7-5e4ee0cbdf6f,HB 382,authorizing local school boards to give students release time for participation in religious instruction in an elective course for the purposes of satisfying curriculum requirements.,['bill'],[],2023,New Hampshire,lower
ocd-bill/d0418c29-7e6f-459b-a8f4-adb62c6e8194,HB 626,requiring the department of education to administer the education freedom account.,['bill'],[],2023,New Hampshire,lower
ocd-bill/0aa278fb-d79f-44fd-9170-d2b1356e5715,SB 230,making an appropriation to the department of environmental services for wastewater infrastructure projects.,['bill'],[],2023,New Hampshire,upper
ocd-bill/a36d108b-26aa-4604-a575-3e484f2e2968,HB 64,requiring the commission on demographic trends to consider data on race and ethnicity for the purpose of increasing racial and ethnic diversity in New Hampshire.,['bill'],[],2023,New Hampshire,lower
ocd-bill/556e922c-cee7-4323-bc3b-f9a628e48b67,SB 171,relative to the definition of youth recreational programs.,['bill'],[],2023,New Hampshire,upper
ocd-bill/430cd696-b369-4262-a8a9-947051de621c,HB 622,repealing the energy efficiency and sustainable energy board.,['bill'],[],2023,New Hampshire,lower
ocd-bill/0f641bf6-584a-4542-8a30-24a9362df248,SB 98,relative to delinquent payment of accounts by on premises and off premises licensees.,['bill'],[],2023,New Hampshire,upper
ocd-bill/dacbff6e-777b-407d-b067-282642dbcd03,SB 112,relative to pari-mutuel pools and historic horse racing.,['bill'],[],2023,New Hampshire,upper
ocd-bill/02e67954-2c6f-4943-98f5-5593b4aa8a54,SB 100,relative to the payment of salaried employees.,['bill'],[],2023,New Hampshire,upper
ocd-bill/3e8f3f6a-0c3f-4924-95b7-fc298dd6d342,SB 68,relative to municipal host for purposes of limited electrical energy producers.,['bill'],[],2023,New Hampshire,upper
ocd-bill/43ac6659-5e53-4c45-b3ed-f7198ba01e87,SB 114,relative to payment by the state of a portion of retirement system contributions of political subdivision employers.,['bill'],[],2023,New Hampshire,upper
ocd-bill/15fafa1d-faa7-4dec-85ba-4f20d8690bf6,HCR 7,recognizing the Nulhegan Band of the Coosuk Abenaki Nation.,['concurrent resolution'],[],2023,New Hampshire,lower
ocd-bill/c2a0851b-17d0-437b-b6f3-2208d1a48245,HB 471,relative to final disposition hearings in divorce proceedings.,['bill'],[],2023,New Hampshire,lower
ocd-bill/65bdf982-d99d-406c-9c78-c80fae3a9647,SB 80,requiring the recording of custodial interrogations and making an appropriation therefor.,['bill'],[],2023,New Hampshire,upper
ocd-bill/60783e25-44c6-4991-9bc2-958721d255cd,HB 332,relative to school building aid for eligible projects.,['bill'],[],2023,New Hampshire,lower
ocd-bill/175dd51e-0758-4927-8031-19d93d54becf,HB 407,relative to regulations on alcohol.,['bill'],[],2023,New Hampshire,lower
ocd-bill/62668454-2228-434b-a758-4ba0914d04d9,SB 40,relative to participation in net energy metering by small hydroelectric generators.,['bill'],[],2023,New Hampshire,upper
ocd-bill/b251b142-1e11-4e46-960d-a563ee56ede1,SB 55,making an appropriation for the Cannon Mountain tramway.,['bill'],[],2023,New Hampshire,upper
ocd-bill/90a19144-75fe-4e27-b68b-c3eb40c53d6d,HB 484,relative to the handling of the absentee ballot envelopes prior to election day.,['bill'],[],2023,New Hampshire,lower
ocd-bill/742c8924-cec0-4df1-ac72-2a628ac982ba,HB 585,relative to screening law enforcement officer candidates for steroids and requiring law enforcement officers to be screened for steroids in complaints involving the use of excessive force.,['bill'],[],2023,New Hampshire,lower
ocd-bill/bb66d982-a22c-4777-afe1-83315800a4d2,HB 475,establishing a right to submit evidence and testimony in family court proceedings.,['bill'],[],2023,New Hampshire,lower
ocd-bill/ad8b5bb9-cdab-445a-93f7-8f3588ae04b5,HB 356,relative to the application of motor vehicle laws to bicycles.,['bill'],[],2023,New Hampshire,lower
ocd-bill/50b8fe5b-db0f-4bf8-bd62-f89054946e08,SB 185,relative to protective services for vulnerable adults and the definition of abandonment.,['bill'],[],2023,New Hampshire,upper
ocd-bill/5f15dae6-107e-4e75-ae30-8c251cc60052,HB 444,prohibiting possession of a firearm at a polling place.,['bill'],[],2023,New Hampshire,lower
ocd-bill/b7252c67-3949-4a03-9f88-1122bcaacf10,SB 134,relative to disability pensions for public safety employees who are victims of violence.,['bill'],[],2023,New Hampshire,upper
ocd-bill/88cf33d2-2a8a-4a3f-8103-f169c4660e5c,HB 553,relative to school district information on personnel salaries.,['bill'],[],2023,New Hampshire,lower
ocd-bill/2893dd7f-a407-4ba9-baa5-e603985ee130,HB 637,relative to the calculation of average daily membership in attendance for certain home educated pupils.,['bill'],[],2023,New Hampshire,lower
ocd-bill/5e6119d9-d928-4bb9-b9bf-8828f7b35d64,HB 632,relative to the cooperative school district budget committee.,['bill'],[],2023,New Hampshire,lower
ocd-bill/3aa6c5da-bcfa-481e-ad7e-a10b378fb212,HB 1,"making appropriations for the expenses of certain departments of the state for fiscal years ending June 30, 2024 and June 30, 2025.",['bill'],[],2023,New Hampshire,lower
ocd-bill/eeb34fcf-204f-4ad5-a73c-fc60d10714e8,HB 71,repealing a department of education report on chartered public school funding.,['bill'],[],2023,New Hampshire,lower
ocd-bill/dd185e12-a360-43aa-83ef-cce4d32ffa67,HB 577,relative to state aid for special education pupils.,['bill'],[],2023,New Hampshire,lower
ocd-bill/979f1f6f-9508-4c15-ba5c-05ddfee37426,HB 175,relative to the state's energy consumption reduction goal.,['bill'],[],2023,New Hampshire,lower
ocd-bill/397e97cd-3ed2-4579-8179-5940c0b8ca09,HB 408,relative to foster children and vaccinations.,['bill'],[],2023,New Hampshire,lower
ocd-bill/7edd7344-8e3c-4526-9c4f-b2d0c3709278,HB 646,eliminating the vehicle inspection mandate for non-commercial vehicles.,['bill'],[],2023,New Hampshire,lower
ocd-bill/2a549085-4ead-470c-9b5b-18494ddeb0ba,HB 257,relative to telephone carrier of last resort obligations.,['bill'],[],2023,New Hampshire,lower
ocd-bill/5fc0c561-9e25-4cbb-b070-173276bf24b4,HB 542,establishing an academic research and improvement performance data analyst in the department of education.,['bill'],[],2023,New Hampshire,lower
ocd-bill/febdeee3-40db-4f2d-b1b9-b18ed1bd35d3,HB 560,establishing a contact person notification program to assist law enforcement personnel who have contact with a person with mental or physical disabilities and making an appropriation therefor.,['bill'],[],2023,New Hampshire,lower
ocd-bill/6dddae4a-710c-4fd1-be17-0700e87af659,HB 546,relative to the school building aid program.,['bill'],[],2023,New Hampshire,lower
ocd-bill/910fe153-0c38-49b7-b6bb-460d29ad3184,SB 64,establishing a study committee on resident-owned manufactured housing park disputes and oversight of resident-owned manufactured housing parks.,['bill'],[],2023,New Hampshire,upper
ocd-bill/e05075c6-da11-47d0-b102-5861ccf6a4ea,HB 130,repealing the drug affordability board.,['bill'],[],2023,New Hampshire,lower
ocd-bill/f850e383-f277-4356-a04a-8e24f797ca48,HB 527,relative to Medicaid reimbursement rates for certain assisted living facilities.,['bill'],[],2023,New Hampshire,lower
ocd-bill/7e32087b-9986-4538-ae02-e6ef325c8259,HB 381,relative to the system benefits charge.,['bill'],[],2023,New Hampshire,lower
ocd-bill/838901d1-b2a6-473c-9f93-8a1eedcac46e,SB 191,relative to road toll registration surcharges for electric vehicles.,['bill'],[],2023,New Hampshire,upper
ocd-bill/5510a80f-364f-457d-bc43-b885a0a682e2,HB 594,relative to the licensure of out-of-state applicants to boards or commissions organized under the office of professional licensure and certification.,['bill'],[],2023,New Hampshire,lower
ocd-bill/12f65edc-fd68-47da-87fb-9d1e37494ba0,HB 34,relative to raising the age of marriage to eighteen.,['bill'],[],2023,New Hampshire,lower
ocd-bill/7429e3d8-fd7a-43e7-b255-ccab1532a8e6,SB 158,relative to absentee ballot outer envelopes.,['bill'],[],2023,New Hampshire,upper
ocd-bill/bd79f070-c2e5-49b9-92d8-426fffe1b8e7,HB 404,relative to support contempt hearings.,['bill'],[],2023,New Hampshire,lower
ocd-bill/0b039d76-3d50-473c-b67b-43ceff52cbf5,HB 132,relative to a tire disclosure for resales of trailers by utility dealers.,['bill'],[],2023,New Hampshire,lower
ocd-bill/2f117c3c-eac6-42ce-9d32-c3addbf79b5e,SCR 1,affirming the general court’s support for New Hampshire’s first in the nation primary.,['concurrent resolution'],[],2023,New Hampshire,upper
ocd-bill/a37832b0-03c6-4aad-b7bf-2a4b83762eeb,HB 336,relative to the format of election ballots.,['bill'],[],2023,New Hampshire,lower
ocd-bill/0a2dc6c4-d242-40a0-a994-5a387cc7eb80,HB 65,commemorating the first labor strike in the United States by women.,['bill'],[],2023,New Hampshire,lower
ocd-bill/e150b88b-36da-4964-8931-a33dcd9a19a2,HB 523,relative to net energy metering limits for individual and business customers.,['bill'],[],2023,New Hampshire,lower
ocd-bill/bc820ac5-8692-49d1-91ed-0247b3650fdd,HB 497,"relative to the confidentiality of records within the division of children, youth, and families.",['bill'],[],2023,New Hampshire,lower
ocd-bill/e5844c91-b0fc-4109-803c-98f5de10fcb4,SB 247,"repealing limited liability for manufacturers, distributors, dealers, or importers of firearms or ammunition.",['bill'],[],2023,New Hampshire,upper
ocd-bill/defc3863-7c01-4958-a140-2813c171d7e1,SB 75,relative to the division of personnel in the department of administrative services.,['bill'],[],2023,New Hampshire,upper
ocd-bill/4d9e1b42-c40f-4819-9f4d-4fd41f1c991c,SB 65,relative to screening panels for medical injury claims.,['bill'],[],2023,New Hampshire,upper
ocd-bill/e9348941-8e55-4d57-8830-6e71b5cd5a4f,HB 625,relative to the calculation of average daily membership in attendance and average daily membership in residence for school districts.,['bill'],[],2023,New Hampshire,lower
ocd-bill/24a8bd44-316e-4a3e-b518-7ff99bf6203b,HB 267,relative to criminal records checks in school employment.,['bill'],[],2023,New Hampshire,lower
ocd-bill/0cba7d83-448b-4c64-b066-a3b2a8906ffb,HB 470,relative to fentanyl test strips and other drug checking equipment.,['bill'],[],2023,New Hampshire,lower
ocd-bill/52939cb3-3751-44bb-9244-53af2c3c0658,HB 121,relative to worldwide combined reporting for unitary businesses under the business profits tax.,['bill'],[],2023,New Hampshire,lower
ocd-bill/ddeef500-4adb-4ce6-9637-75b32d4cba1c,HB 38,relative to the conditions for release of a defendant pending trial.,['bill'],[],2023,New Hampshire,lower
ocd-bill/697afa6c-2288-4a80-a681-2dfeb35fe0aa,SB 167,relative to green hydrogen energy and infrastructure.,['bill'],[],2023,New Hampshire,upper
ocd-bill/52f0fb7e-9ece-4096-b887-a4c0df40ba75,HB 576,relative to administration of a commercial property assessed clean energy (C-PACE) program in a clean energy efficiency and clean energy district.,['bill'],[],2023,New Hampshire,lower
ocd-bill/b7727528-29f8-4bd2-85a7-a89cf020272f,HB 353,establishing an interstate compact for universal healthcare.,['bill'],[],2023,New Hampshire,lower
ocd-bill/6c3e6818-96b1-4933-b069-6a8998689e83,SB 235,relative to services provided through a primary care behavioral health model.,['bill'],[],2023,New Hampshire,upper
ocd-bill/225c3c19-3555-4c01-a5a6-1ef288bae5bd,HB 618,relative to wage garnishment with child support payments.,['bill'],[],2023,New Hampshire,lower
ocd-bill/9c10ea79-d1b7-45fb-9904-38aef727e1a4,SB 224,relative to housing opportunity zones and inclusionary zoning.,['bill'],[],2023,New Hampshire,upper
ocd-bill/87259789-e36a-453a-a979-8516cb05b98d,HB 247,relative to protective well radii.,['bill'],[],2023,New Hampshire,lower
ocd-bill/821291d3-e8a6-470d-813e-7fc00bd78385,HB 15,relative to the rate of the business enterprise tax.,['bill'],[],2023,New Hampshire,lower
ocd-bill/3cd810bb-077e-4e3b-8118-9d7c55f473e9,SB 192,relative to the hours that Lucky 7 tickets may be sold.,['bill'],[],2023,New Hampshire,upper
ocd-bill/ff903a04-9c66-4a1f-bfd1-7467e945f7ab,HB 593,relative to the forfeiture of assets in connection with a drug offense.,['bill'],[],2023,New Hampshire,lower
ocd-bill/44d2fab1-f144-4d64-bf9a-ce9df3303274,SR 9,"reaffirming friendship between New Hampshire and Taiwan, encouraging the enhancement of bilateral trade relations, and supporting Taiwan's international participation.",['resolution'],[],2023,New Hampshire,upper
ocd-bill/c3b81a17-8bdd-44c9-a9a6-020b14a7d862,HB 562,requiring informed consent prior to receiving an abortion procedure.,['bill'],[],2023,New Hampshire,lower
ocd-bill/dee33db9-c588-4413-bf6a-c2ac1da706ec,HB 195,relative to the definition of political advocacy organization.,['bill'],[],2023,New Hampshire,lower
ocd-bill/472d9f4b-5803-49a6-88dc-a121d94bb0f4,HB 300,prohibiting the disposal of certain food waste.,['bill'],[],2023,New Hampshire,lower
ocd-bill/8a6c9864-18cc-4e3d-9bb8-d7f1c775f3a8,HB 164,relative to prohibiting towns from criminalizing the right to peacefully and orderly assemble.,['bill'],[],2023,New Hampshire,lower
ocd-bill/ca5abc78-047b-4f22-8174-fb061fee103f,HB 254,relative to remote participation in public meetings under the right to know law.,['bill'],[],2023,New Hampshire,lower
ocd-bill/316d6f5d-a943-44c8-98b2-cb3372f903c2,SR 3,"RESOLVED, that the return of votes from the several Senatorial Districts be referred to a Select Committee of three with instructions to examine and count the same and report to the Senate where any vacancies or contest exists and if so, in what Senatorial District.",['resolution'],[],2023,New Hampshire,upper
ocd-bill/e3ceee5d-fbc5-4d1d-bab4-d453e148e7f0,HB 275,relative to schools approved for a school tuition program by a school board.,['bill'],[],2023,New Hampshire,lower
ocd-bill/4cf8fb41-7660-4a4d-a35d-12b1acd79a36,HB 630,establishing a revolving clean energy accelerator fund in the department of energy.,['bill'],[],2023,New Hampshire,lower
ocd-bill/4f5dbbc4-31f0-454c-90f5-882240cbf2c7,SB 95,relative to medical loss reporting by dental benefits providers.,['bill'],[],2023,New Hampshire,upper
ocd-bill/23af4f78-8223-41cd-ba83-0903ae2ac61a,SB 50,relative to pharmaceutical drug take-back programs.,['bill'],[],2023,New Hampshire,upper
ocd-bill/d8006e4c-93ad-4608-bb98-f43bdda5bb83,SB 24,relative to conferring degree-granting authority to the New England Aeronautical Institute.,['bill'],[],2023,New Hampshire,upper
ocd-bill/a763d047-df3d-498f-ab77-774b033c0ec7,HR 2,recording House Sessions and the Permanent Journal.,['resolution'],[],2023,New Hampshire,lower
ocd-bill/85540cac-9199-402f-a4ff-202a395649f9,HB 253,establishing a committee to study extended producer responsibility.,['bill'],[],2023,New Hampshire,lower
ocd-bill/6ef9ba2e-19fc-4634-ae09-6e8f027fca91,HB 550,establishing a committee to study chartered public school dissolution.,['bill'],[],2023,New Hampshire,lower
ocd-bill/ebc03d01-a146-4f19-8d35-256020d23aad,HB 112,relative to tenant's right to notification prior to the sale of a multifamily home.,['bill'],[],2023,New Hampshire,lower
ocd-bill/42eb5712-e892-4889-927b-acf6c75c2328,SB 152,relative to New Hampshire workforce training programs.,['bill'],[],2023,New Hampshire,upper
ocd-bill/300b0f72-7cc7-49f2-a1ed-9274205177a9,HB 197,relative to the proration of property tax exemptions.,['bill'],[],2023,New Hampshire,lower
ocd-bill/08b6eac1-0d74-4388-8482-7ac5b5c4ee7f,HB 599,relative to requiring an audit of the November 2022 election results.,['bill'],[],2023,New Hampshire,lower
ocd-bill/ddbe59a9-22df-4c34-a2d8-a15ff9d152ba,SB 88,relative to the annual dues paid by towns and cities to town officers' associations.,['bill'],[],2023,New Hampshire,upper
ocd-bill/3353bf3a-12a1-4679-af5c-69a3d01bf298,SB 73,relative to Help America Vote Act (HAVA) grants.,['bill'],[],2023,New Hampshire,upper
ocd-bill/ffbbbd19-08c9-4b77-a422-386315a0eba9,HB 525,relative to group II service retirement provisions in the retirement system.,['bill'],[],2023,New Hampshire,lower
ocd-bill/cbff6ea8-d1f2-4401-a56f-47a2b9ae97a8,SB 143,establishing a scholarship fund for certain small businesses applying for loans from the capital access program administered by the New Hampshire business finance authority.,['bill'],[],2023,New Hampshire,upper
ocd-bill/d72bfba5-18b2-4985-8506-780cb99edeb4,HB 515,relative to education freedom accounts.,['bill'],[],2023,New Hampshire,lower
ocd-bill/c9ff34c4-fb8c-4899-ab33-1b347920a580,HB 574,"re-establishing the Special Supplemental Nutrition Program for Women, Infants, and Children (WIC) Farmers Market Nutrition Program.",['bill'],[],2023,New Hampshire,lower
ocd-bill/0f7bca8d-66ff-4c30-aef4-b5d11b09f489,HB 90,relative to the municipal planning master plan.,['bill'],[],2023,New Hampshire,lower
ocd-bill/e5bfb57d-52e5-4113-b008-1a91098ed283,HB 310,requiring developers to secure hydrology analysis certifying adequate water capacity and potability when building new subdivisions.,['bill'],[],2023,New Hampshire,lower
ocd-bill/b03f4388-5d54-4e38-91bf-056de529d0a7,HB 271,repealing the fetal life protection act.,['bill'],[],2023,New Hampshire,lower
ocd-bill/5a0a32d0-e64a-4a2b-90a4-ffcf220017ce,HB 502,relative to voter affidavit ballots.,['bill'],[],2023,New Hampshire,lower
ocd-bill/a4694fd4-8e56-49d1-b8d4-6df204648b2d,SB 245,relative to the inspection of hotel guest records.,['bill'],[],2023,New Hampshire,upper
ocd-bill/bc9f31a9-0a11-4459-b54a-45ade510bf1a,HB 468,making an appropriation to the department of education for an attorney to recodify education laws.,['bill'],[],2023,New Hampshire,lower
ocd-bill/ee02f3d9-9ecf-4524-95a5-e3d932b0aa64,HB 134,extending the public employees labor relations act to employees of the general court and relative to the duties of the joint committee on legislative facilities.,['bill'],[],2023,New Hampshire,lower
ocd-bill/9684fa2c-a31b-4388-9d4d-8e87843d8784,SB 149,relative to nurse agencies.,['bill'],[],2023,New Hampshire,upper
ocd-bill/20be41a1-31f9-40db-aa58-850ac9c39c04,HB 151,"establishing a committee to study the issue of unmarried cohabitants, domestic partnerships, and common law marriage.",['bill'],[],2023,New Hampshire,lower
ocd-bill/edae3238-58cd-49e5-bfd1-87c59be5e971,HB 496,relative to the delivery of ballots to nursing homes and elder care facilities.,['bill'],[],2023,New Hampshire,lower
ocd-bill/30802264-f2d6-4627-9a85-4550cb9c0aeb,HB 473,relative to penalties for controlled drug violations.,['bill'],[],2023,New Hampshire,lower
ocd-bill/98aa48ac-56c3-4b38-a771-2bd48e707893,HB 402,relative to prohibiting false statements against candidates.,['bill'],[],2023,New Hampshire,lower
ocd-bill/9d0050ad-4219-4140-9fe2-306b463f7e43,SB 196,establishing a minimum amount of uninsured motorist coverage required for vehicles operating as part of transportation network companies in New Hampshire.,['bill'],[],2023,New Hampshire,upper
ocd-bill/f157f33e-8fa7-45ae-8883-691da0173558,HB 602,relative to landfill siting.,['bill'],[],2023,New Hampshire,lower
ocd-bill/865f1c9c-1b3e-4ded-a8ae-61f8f933a74a,SB 243,establishing a committee to study implementing a state-based health insurance exchange.,['bill'],[],2023,New Hampshire,upper
ocd-bill/8b39dea9-259e-4fc2-93da-f910f7f2eacb,HB 303,relative to insurance coverage for pain management services.,['bill'],[],2023,New Hampshire,lower
ocd-bill/18c7016b-809f-4f91-9ba8-e6ab3c6ad96b,HB 447,relative to the purchase of election equipment.,['bill'],[],2023,New Hampshire,lower
ocd-bill/3602f4e1-ec18-4a8e-a70e-80dc9dde61f5,HB 347,establishing a superior court land use review docket.,['bill'],[],2023,New Hampshire,lower
ocd-bill/c86c0d89-ddf5-46c1-8c60-c4e2968076a7,HB 55,relative to driver education.,['bill'],[],2023,New Hampshire,lower
ocd-bill/01764340-19fe-494c-8090-cf56b568c02d,HB 549,relative to definitions of domestic violence.,['bill'],[],2023,New Hampshire,lower
ocd-bill/830686e8-a0fe-413b-b016-8650966a2c4d,SB 52,relative to the regulation and operation of electric vehicle charging stations.,['bill'],[],2023,New Hampshire,upper
ocd-bill/f3d51b23-636a-419c-baea-e8c3d7c0a0e3,HB 230,"directing the department of agriculture, markets, and food to employ an electronic data processing system for all registrations under its purview.",['bill'],[],2023,New Hampshire,lower
ocd-bill/222a8a79-ec9f-4cf4-af91-e6f6110a0dce,HB 390,revising the membership and structure of the New Hampshire commission on Native American affairs.,['bill'],[],2023,New Hampshire,lower
ocd-bill/58f65909-1373-4659-95cf-52d5a853a98c,HB 301,relative to recusal by members of the general court for conflicts of interest.,['bill'],[],2023,New Hampshire,lower
ocd-bill/4c95afe9-a511-414a-af6e-162e5077ec16,SB 87,"relative to nurses for youth camps, organized recreation, and community-sponsored recreation.",['bill'],[],2023,New Hampshire,upper
ocd-bill/f3f230d5-6875-4889-8cec-e3c6af120483,SB 12,relative to the leasing of seasonal camp lots by the fish and game department.,['bill'],[],2023,New Hampshire,upper
ocd-bill/4304da40-3102-41a5-8fae-40407d105e6f,SB 81,relative to ignition interlock device preset levels.,['bill'],[],2023,New Hampshire,upper
ocd-bill/10f8c2ed-8245-4c17-aa76-ad794ae277f0,HB 203,relative to publication of annual county budgets.,['bill'],[],2023,New Hampshire,lower
ocd-bill/06c00c0a-0b8f-45c4-afa7-7d2192742d5d,SR 1,"RESOLVED, that the Rules of the 2021-2022 Session be adopted as the Rules of the 2023-2024 Session, with the changes which have been provided here today.",['resolution'],[],2023,New Hampshire,upper
ocd-bill/e50c43ef-b57b-45ad-b49b-361600b43c90,HB 46,establishing a committee to study replacement of bail commissioners with court magistrates and relative to delinquent payment of accounts by on premises and off premises licensees and relative to electronic payments to employee debit cards.,['bill'],[],2023,New Hampshire,lower
ocd-bill/b3de995b-7e82-40c6-85bf-814ae37e8e5c,HB 272,increasing chartered public school per pupil funding.,['bill'],[],2023,New Hampshire,lower
ocd-bill/e4ce7e85-4abe-408d-97d3-05d14bddfe99,HB 283,to limit application fees charged to prospective residential tenants.,['bill'],[],2023,New Hampshire,lower
ocd-bill/7e59366f-43d7-48c5-b6fc-8a9fbc964959,HB 50,relative to an appropriation for the unfunded accrued liability of the New Hampshire retirement system.,['bill'],[],2023,New Hampshire,lower
ocd-bill/d8d643cf-62e8-4e9e-b738-9f884470667a,HB 554,relative to treatment alternatives to opioids.,['bill'],[],2023,New Hampshire,lower
ocd-bill/f76d6cbd-ef69-473b-b5f0-03240997941b,HB 284,relative to financial information regarding requests for bids and proposals and to raise the minimum value of county purchases of equipment or materials which are subject to competitive bidding.,['bill'],[],2023,New Hampshire,lower
ocd-bill/0b05431c-70b9-4fa3-a5e4-b49d4e3e8ad3,SB 63,enabling municipalities to adopt a tax credit for qualified private community property owners.,['bill'],[],2023,New Hampshire,upper
ocd-bill/bb2e76ad-8ad7-4f77-8613-0bbc8768f31a,HB 423,relative to accessory dwelling unit uses allowed by right.,['bill'],[],2023,New Hampshire,lower
ocd-bill/837651ef-e687-437b-a7e6-1f951b7d7aa2,HB 654,relative to the one-year certificate of teaching eligibility.,['bill'],[],2023,New Hampshire,lower
ocd-bill/d38a3d6d-e383-4a7a-a59c-3635e7fb7c3c,SB 182,"relative to the definition of ""way"" in driving or operating under the influence of drugs or liquor.",['bill'],[],2023,New Hampshire,upper
ocd-bill/e8212564-e5e3-4490-8127-19949273304f,HB 312,relative to petitions for warrant articles at a special meeting.,['bill'],[],2023,New Hampshire,lower
ocd-bill/c94eebc5-52c1-4dee-a7b4-54e32aa57068,HCR 5,urging the taking of appropriate legal action against multinational fossil fuel companies for harms incurred from disinformation campaigns about the effects of fossil fuel combustion.,['concurrent resolution'],[],2023,New Hampshire,lower
ocd-bill/fe3e47f4-1f27-4cf2-8546-d639530b5194,SB 170,relative to small group child day care centers.,['bill'],[],2023,New Hampshire,upper
ocd-bill/8e19eca8-9e8b-44da-a0d4-01da08d4a5d2,HB 451,relative to the state board of education prohibition on discrimination.,['bill'],[],2023,New Hampshire,lower
ocd-bill/8fe6d763-2a1c-4918-b6f3-a5cca5293c10,SB 45,relative to national guard educational benefits.,['bill'],[],2023,New Hampshire,upper
ocd-bill/e11b3449-8353-4f3d-b4d7-7f93d57dfd39,SB 133,relative to changing the date of the state primary election and creates runoff election for federal primary election.,['bill'],[],2023,New Hampshire,upper
ocd-bill/032c2bdb-1d33-4ae5-8c02-2f18435afc43,SB 200,relative to optometrists.,['bill'],[],2023,New Hampshire,upper
ocd-bill/e007f03b-778a-4fca-9976-0dbd02253989,HB 282,relative to including certain children and pregnant women in Medicaid and the children's health insurance program.,['bill'],[],2023,New Hampshire,lower
ocd-bill/d37dac0c-38d5-468d-a1ef-714bf0dc25a7,HB 403,relative to the authority of selectmen or assessors to abate taxes.,['bill'],[],2023,New Hampshire,lower
ocd-bill/a84df1ea-a727-4123-af71-16efe2c85700,HB 206,including the Space Force in various definitions of the armed forces.,['bill'],[],2023,New Hampshire,lower
ocd-bill/595628a3-9290-46ba-aaa6-a0d542f2f128,HB 489,establishing a county tourism development fund administered by the department of business and economic affairs and making an appropriation therefor.,['bill'],[],2023,New Hampshire,lower
ocd-bill/48838400-2051-4c46-bcb9-af7567f47f31,SB 172,allowing court-appointed guardians to receive Temporary Assistance to Needy Families benefits.,['bill'],[],2023,New Hampshire,upper
ocd-bill/3f3f7175-83ad-42b2-b39e-8215c139ee89,HB 652,relative to nonpublic sessions under the right to know law.,['bill'],[],2023,New Hampshire,lower
ocd-bill/5d80fc12-766e-44b6-8fbe-3d81b968a73c,HB 59,requiring a background check prior to any commercial firearm sale.,['bill'],[],2023,New Hampshire,lower
ocd-bill/16c6836b-4c33-48fe-baf1-5a5113f8c31b,HB 200,relative to choice of counselor to evaluate a child in family court proceedings.,['bill'],[],2023,New Hampshire,lower
ocd-bill/a64d19e1-d366-4231-9b77-af2404d506ed,HB 371,establishing a commission to evaluate and recommend standards for public schools.,['bill'],[],2023,New Hampshire,lower
ocd-bill/a7f21185-1e14-422b-a1a9-c462fac15b41,SB 74,relative to the department of administrative services.,['bill'],[],2023,New Hampshire,upper
ocd-bill/d1d7eaac-07be-4754-9286-3788aea80bf8,HB 152,relative to soil and plant additives.,['bill'],[],2023,New Hampshire,lower
ocd-bill/7d8963aa-f0bd-4eef-826e-a34a2c64f7af,HB 116,relative to fees and primary petitions required for primary ballot election access.,['bill'],[],2023,New Hampshire,lower
ocd-bill/5563ebcf-f82b-472f-9f8c-73229aa5d5ac,HR 8,urging Congress to enact legislation regulating and banning certain semi-automatic assault weapons and large capacity ammunition feeding devices.,['resolution'],[],2023,New Hampshire,lower
ocd-bill/a9df7baf-1f58-4b90-bab1-313a6851cb88,HB 136,relative to the department of health and human services collaborating and holding a roll call vote on final proposal of rules with the advisory council prior to departmental rulemaking.,['bill'],[],2023,New Hampshire,lower
ocd-bill/b15a93c7-5a39-40f0-8ccd-96819386862d,HB 609,relative to energy facility siting.,['bill'],[],2023,New Hampshire,lower
ocd-bill/53fe6806-4de0-4d0c-9fc6-fa99fa1e822a,HB 62,relative to adjusting the road toll.,['bill'],[],2023,New Hampshire,lower
ocd-bill/1965fecf-474d-43f5-8962-941f607af8ec,HB 631,relative to electric utility smart meter gateway devices.,['bill'],[],2023,New Hampshire,lower
ocd-bill/ae2d4c30-52c7-4448-b6ca-5b5d0309bf68,SB 179,relative to eliminating the use of seclusion as a form of punishment or discipline on children in schools and treatment facilities.,['bill'],[],2023,New Hampshire,upper
ocd-bill/affc2f5f-d07d-4cc0-a6f1-1b5b7a2dc707,SB 28,relative to a portrait in the likeness of Rogers Johnson at the state house.,['bill'],[],2023,New Hampshire,upper
ocd-bill/e2bc92eb-03ac-4ac0-867f-18336321f1db,HB 36,relative to fees of sheriffs and deputy sheriffs.,['bill'],[],2023,New Hampshire,lower
ocd-bill/6efaec72-097d-444a-8d53-21302ccc0c2f,HB 589,prohibiting state and local law enforcement from participating in the enforcement of copyright claims against free and open source software projects.,['bill'],[],2023,New Hampshire,lower
ocd-bill/c4cbe113-47d6-42a7-8533-24b838550603,SB 220,"modifying the absentee voter registration process, absentee ballot application, and absentee ballot voting process.",['bill'],[],2023,New Hampshire,upper
ocd-bill/4918c2f5-6c20-4eb9-be2a-34898dce4163,HB 224,repealing the criminal and civil penalties from the fetal life protection act.,['bill'],[],2023,New Hampshire,lower
ocd-bill/e2a9f7aa-464b-4205-8704-63d84db514e9,HB 590,allowing the removal of political advertisements containing a candidate's name and which appear to be the candidate's advertising on public property by the candidate.,['bill'],[],2023,New Hampshire,lower
ocd-bill/3a38e64a-bbba-40d8-a4e6-0756482238dd,HB 123,relative to governing body members of the budget committee.,['bill'],[],2023,New Hampshire,lower
ocd-bill/0cb87cf8-6d05-434d-b45e-c76b40bcbaab,HB 171,relative to bodily injury actions against governmental units.,['bill'],[],2023,New Hampshire,lower
ocd-bill/7f325085-0bd1-49a8-8824-09c16d57cb35,HB 40,"relative to domicile residency, voter registration, and investigation of voter verification letters, and relative to the terms ""resident,"" ""inhabitant,"" ""residence,"" and ""residency.""",['bill'],[],2023,New Hampshire,lower
ocd-bill/1f51dc8b-0cf9-4ada-b236-0564c9eb9734,SB 89,relative to accommodation for medical reasons in issuing marriage licenses.,['bill'],[],2023,New Hampshire,upper
ocd-bill/3a84edd7-ab2a-4b4b-a5bc-e6f2a513d268,HB 436,relative to group II retirement under transition provisions in the retirement system.,['bill'],[],2023,New Hampshire,lower
ocd-bill/a6aa22dd-7603-4211-a495-66bbe6f22026,HB 487,establishing a New Hampshire farm-to-school reimbursement program.,['bill'],[],2023,New Hampshire,lower
ocd-bill/2fbd0dfa-2fb1-4d8b-a96e-d43d59f7af25,HB 176,relative to rules of the site evaluation committee.,['bill'],[],2023,New Hampshire,lower
ocd-bill/bee44cf4-83ec-484d-bc74-11c821605ee0,HB 117,relative to the termination of tenancy at the expiration of the tenancy or lease term.,['bill'],[],2023,New Hampshire,lower
ocd-bill/a445ccbf-f685-4233-baf7-13c0076af1e8,SB 233,"re-establishing the Special Supplemental Nutrition Program for Women, Infants, and Children (WIC) Farmers Market Nutrition Program.",['bill'],[],2023,New Hampshire,upper
ocd-bill/7be83487-c377-4782-9aa2-0f2f71963786,HB 338,relative to prescription drug assistance for individuals with diabetes.,['bill'],[],2023,New Hampshire,lower
ocd-bill/4bef80bf-b48b-44bb-b6e4-bc181be9fbf9,HB 218,relative to court rules and transcripts in the judicial branch family division.,['bill'],[],2023,New Hampshire,lower
ocd-bill/1a72b9bf-8545-4774-8c00-b28c0d59ddc9,HB 215,relative to the adoption of rules by the department of health and human services regarding medication administration by licensed nursing assistants.,['bill'],[],2023,New Hampshire,lower
ocd-bill/d4dda8e6-e5c0-4814-aeee-05beff6f4484,HB 184,relative to public notice requirements for zoning board of adjustment hearings.,['bill'],[],2023,New Hampshire,lower
ocd-bill/7481b130-8be3-45dd-803e-e1a15d05fe80,HB 541,relative to school building aid grants and making an appropriation therefor.,['bill'],[],2023,New Hampshire,lower
ocd-bill/48320450-ea73-4868-9526-50f512d7d555,HB 307,relative to attorney's fees in actions under the right to know law.,['bill'],[],2023,New Hampshire,lower
ocd-bill/58c94366-01c4-496a-ae55-816205055336,SB 203,relative to the board of manufactured housing.,['bill'],[],2023,New Hampshire,upper
ocd-bill/78c95305-b2ca-4666-b62a-d9d754261a95,HB 548,relative to the definition of compliance with a legal support order for child support payments.,['bill'],[],2023,New Hampshire,lower
ocd-bill/f74ca80a-3a28-469c-90c7-3df208e5e0e6,HB 318,"eliminating bail commissioners, and relative to the release of a defendant pending trial and establishing new circuit court judge positions.",['bill'],[],2023,New Hampshire,lower
ocd-bill/1346958d-e7ff-4ede-a9f2-2c86e2ee3cc3,HB 410,relative to municipality ranked list promotions.,['bill'],[],2023,New Hampshire,lower
ocd-bill/3e2b9172-a250-4c40-baee-95b0b5afe217,SB 119,relative to criminal background checks for charitable games of chance license applicants.,['bill'],[],2023,New Hampshire,upper
ocd-bill/04546b39-5201-4175-a875-b227b8ebf30d,SB 136,prohibiting the employment or volunteering of a revoked or suspended educator.,['bill'],[],2023,New Hampshire,upper
ocd-bill/c9d95e69-dab3-4867-9701-ae3bb49acd9d,HB 529,relative to additional aid grants for schools based on free and reduced price meals and fiscal capacity disparity.,['bill'],[],2023,New Hampshire,lower
ocd-bill/63bd4848-bf30-4a0d-8567-0d7670272eed,SB 14,relative to the use of game cameras and relative to penalties for controlled drug violations.,['bill'],[],2023,New Hampshire,upper
ocd-bill/56741797-36e4-4fef-a374-6030f6c682aa,SB 266,relative to the statewide education improvement and assessment program.,['bill'],[],2023,New Hampshire,upper
ocd-bill/48ebdd9e-622b-45b7-afc3-68c7b8cc194f,HB 178,relative to the enforcement of condominium liens for assessments.,['bill'],[],2023,New Hampshire,lower
ocd-bill/c3ec7c69-43c0-4d1e-b264-51eb07b4f2e7,HB 322,relative to establishing a committee to study the New Hampshire board of medicine.,['bill'],[],2023,New Hampshire,lower
ocd-bill/dfe2c201-234f-4629-87ca-89b112aef2e4,HB 114,relative to the age at which a minor may receive mental health treatment without parental consent.,['bill'],[],2023,New Hampshire,lower
ocd-bill/4ce228a8-1ae5-459e-9e64-821b27b8c2c3,SB 258,relative to the disposal of highway or turnpike funded real estate.,['bill'],[],2023,New Hampshire,upper
ocd-bill/3096d148-ed4f-432c-9dbd-3716be070369,HB 30,allowing a county to exempt its chief administrative officer from compulsory participation in the retirement system.,['bill'],[],2023,New Hampshire,lower
ocd-bill/0c5bf2ca-9a79-4a35-be08-2194c67c14c4,HB 93,authorizing municipalities to reduce speed limits seasonally.,['bill'],[],2023,New Hampshire,lower
ocd-bill/8bc14c48-8d6a-4d49-8ee1-685f4eaf849d,SB 174,relative to veterans access to health care.,['bill'],[],2023,New Hampshire,upper
ocd-bill/9cb5a455-fd5a-48e6-86f8-9ad35c971ed0,HB 614,"making an appropriation to the department of health and human services to fund the Merrimack, New Hampshire Kidney Cancer Incidence Phase 3 Feasibility study.",['bill'],[],2023,New Hampshire,lower
ocd-bill/538215c4-7b15-4a36-9fe8-f4da73e94098,HB 199,"relative to making an appropriation to the Carroll, Strafford, and Coos county freight rail improvement projects.",['bill'],[],2023,New Hampshire,lower
ocd-bill/21ed6c59-a2f0-4da8-9cfd-f2ccd841b183,HB 262,relative to laboratory testing by licensed naturopaths,['bill'],[],2023,New Hampshire,lower
ocd-bill/6aabfba6-9d8b-406e-bd43-8f629af5b3f0,HB 638,relative to the extraordinary need grants to schools.,['bill'],[],2023,New Hampshire,lower
ocd-bill/5a9de485-bb26-4485-9c26-900533acb235,HB 357,relative to the length of terms for Belknap county officers.,['bill'],[],2023,New Hampshire,lower
ocd-bill/9a63f6ce-f4a7-4097-b5af-8ed2796dd42f,HB 555,appropriating state general fund surplus toward the retirement system unfunded accrued liability.,['bill'],[],2023,New Hampshire,lower
ocd-bill/65b3a7a6-02ba-48cb-b023-b37571157319,HB 143,relative to wiretapping to record conversations related to domestic violence.,['bill'],[],2023,New Hampshire,lower
ocd-bill/1283c7ac-f88c-478b-af19-019dfdcd9fdd,HB 422,to create a public county registry of the monthly rent charged by landlords for each owned unit.,['bill'],[],2023,New Hampshire,lower
ocd-bill/565f4edb-8356-4102-9e64-917ec2978b2e,HB 52,naming a bridge in Hinsdale as the General John Stark Memorial Bridge.,['bill'],[],2023,New Hampshire,lower
ocd-bill/0a949224-8c9d-4257-85a3-a0e93e891787,HB 386,relative to child passenger restraints.,['bill'],[],2023,New Hampshire,lower
ocd-bill/9ea4dbf5-f9ec-4e6b-a04d-5a47336c9038,SB 101,relative to penalties for violations of manufactured housing park sales requirements.,['bill'],[],2023,New Hampshire,upper
ocd-bill/fe8453e2-f2a6-43a2-bbf8-08ac0a924853,HB 424,relative to school lunch payment policies.,['bill'],[],2023,New Hampshire,lower
ocd-bill/245e8995-1045-4cd8-b30c-36c2fe12b564,HB 644,"relative to regulating barbers, cosmetologists, and estheticians.",['bill'],[],2023,New Hampshire,lower
ocd-bill/b0a6b5ec-c8e4-4711-be00-dde6e0756698,HB 319,establishing a committee to study an all-payer system of insurance for hospital services.,['bill'],[],2023,New Hampshire,lower
ocd-bill/b0fc1836-d11d-4a0b-b304-f9b456d04eaf,HB 163,relative to authorized license plate decals.,['bill'],[],2023,New Hampshire,lower
ocd-bill/f86290f3-8a76-43b1-b594-a0232db57466,HB 399,allowing for a testing exception for graduation from high school.,['bill'],[],2023,New Hampshire,lower
ocd-bill/69098fd8-c30a-4e1f-8249-889721fa846e,HB 640,relative to cost recovery for vocational rehabilitation programs.,['bill'],[],2023,New Hampshire,lower
ocd-bill/e7ccc0ad-c3c8-413c-8d13-c96cd3aa6368,HB 77,relative to compensation for county delegation meetings.,['bill'],[],2023,New Hampshire,lower
ocd-bill/d8facb7b-340b-428c-aad9-e444de8cab0a,HB 450,relative to removing the net operating loss deduction limit on taxable income under the business profits tax.,['bill'],[],2023,New Hampshire,lower
ocd-bill/9308e3b6-baf6-4507-a56c-54ee2b028e2f,SB 208,relative to online access to state information on economic relief disbursements.,['bill'],[],2023,New Hampshire,upper
ocd-bill/0a09a531-3697-49cc-8d00-03c4bc7fbb4e,HB 453,relative to prohibiting the folding of election ballots and providing adequate envelops for absentee ballots to prevent folding.,['bill'],[],2023,New Hampshire,lower
ocd-bill/9f71b391-ad26-44b3-9d4e-c78ac90bf241,HB 518,establishing a commission to study revisions to occupational regulation of pharmacists and pharmacies.,['bill'],[],2023,New Hampshire,lower
ocd-bill/9b2fc1dc-9d9e-49f5-baca-f5b7e2529ee8,HB 180,renaming Columbus Day as Indigenous People's Day.,['bill'],[],2023,New Hampshire,lower
ocd-bill/4e944ae9-795b-4174-a665-c41ce177c242,HB 547,relative to rebuttable presumptions of sole custody determinations.,['bill'],[],2023,New Hampshire,lower
ocd-bill/750b92b2-a0be-47a8-9a55-6fcb92aa2906,SB 51,creating a commission to study charitable gaming and historical horse races and relative to the moratorium on licensed historical horse racing facilities.,['bill'],[],2023,New Hampshire,upper
ocd-bill/1a16032c-5437-49c3-accc-5684a7250ba0,HB 229,relative to requiring an official declaration of war for the activation of the New Hampshire national guard.,['bill'],[],2023,New Hampshire,lower
ocd-bill/0d455510-ee83-493f-b465-56e51c9bf26c,HB 190,relative to the duration of unemployment benefits.,['bill'],[],2023,New Hampshire,lower
ocd-bill/39b39639-7d24-41ec-a280-63198108bf71,HB 419,relative to the math learning communities program of the community college system and making an appropriation therefor.,['bill'],[],2023,New Hampshire,lower
ocd-bill/3136cb41-ab95-40e9-b015-aa405bf96eda,SB 263,extending the New Hampshire granite advantage health care program and reestablishing the commission to evaluate the effectiveness and future of the New Hampshire granite advantage health care program.,['bill'],[],2023,New Hampshire,upper
ocd-bill/133cd831-ae8c-4264-b584-1977deec7841,HB 331,relative to the income threshold for the education freedom account program.,['bill'],[],2023,New Hampshire,lower
ocd-bill/f0dd1b3c-58e5-4dd7-bcb7-4cf8af3d7c2b,HB 214,relative to limitations on the designation of a portion of the Merrimack river.,['bill'],[],2023,New Hampshire,lower
ocd-bill/65970fdf-451c-4470-acfc-841535dceb18,HB 416,relative to membership on certain local land use boards.,['bill'],[],2023,New Hampshire,lower
ocd-bill/72f81e3e-ff4d-4f8c-a746-78d3f707cd0a,HB 196,establishing a commission to review and make recommendations on campaign finance laws.,['bill'],[],2023,New Hampshire,lower
ocd-bill/15fd3315-c515-48c3-9576-2c1130aaec1e,SB 85,relative to emergency behavioral health services and behavioral health crisis programs.,['bill'],[],2023,New Hampshire,upper
ocd-bill/042e9869-4f24-4702-aaec-8a8d1ef58d3e,HB 623,establishing a teacher candidate loan forgiveness program.,['bill'],[],2023,New Hampshire,lower
ocd-bill/161eb439-9e9d-4110-a6e7-b9f9d8e795f8,HB 388,relative to number plates for motor vehicles.,['bill'],[],2023,New Hampshire,lower
ocd-bill/8dc8c0b2-dc48-4caa-90a0-5761552570eb,SB 195,relative to the purchase of steel products with the Buy America certification.,['bill'],[],2023,New Hampshire,upper
ocd-bill/dfbac7b3-ad92-4b18-aedf-51dcd090cc16,HB 362,relative to complaint procedures in cases before the commission for human rights.,['bill'],[],2023,New Hampshire,lower
ocd-bill/66edb112-a3ac-48f0-886d-3a7998f5f998,SB 1,"relative to the closing of the Sununu youth services center, making appropriations thereof, and establishing a commission to study community impacts of the secured youth development center.",['bill'],[],2023,New Hampshire,upper
ocd-bill/10612027-129c-47d4-b997-206a92c94f97,HB 191,relative to voluntarily surrendered firearms.,['bill'],[],2023,New Hampshire,lower
ocd-bill/0e801f2c-0c59-4230-8412-cccb5588c650,HR 17,"affirming revenue estimates for fiscal years 2023, 2024, and 2025.",['resolution'],[],2023,New Hampshire,lower
ocd-bill/797651f5-abc3-4503-ab49-8e187697dd5a,SB 123,relative to the adoption of ambient groundwater quality standards by the department of environmental services.,['bill'],[],2023,New Hampshire,upper
ocd-bill/d0e35c0b-3e4c-4d58-b39b-463539471c2e,SB 153,"establishing a law enforcement officers, professional firefighters, and emergency medical technicians career development, recruitment, and retention program and making an appropriation therefor.",['bill'],[],2023,New Hampshire,upper
ocd-bill/ffbc6828-c05a-4e20-9bdc-ebeac512ce25,SB 178,relative to certain specialty formulas under Medicaid.,['bill'],[],2023,New Hampshire,upper
ocd-bill/5ef7bbe0-321c-450e-bab2-53bb45061720,HB 463,relative to the establishment of an election information portal.,['bill'],[],2023,New Hampshire,lower
ocd-bill/9c502401-c142-4412-9db4-7a4f61d8dd48,HB 263,requiring notification to renewable energy customer-generators of issues related to renewable energy credits.,['bill'],[],2023,New Hampshire,lower
ocd-bill/8df88c0f-7334-4bd6-b390-30192b8c9c68,HB 223,relative to prescription refills.,['bill'],[],2023,New Hampshire,lower
ocd-bill/0a942c7d-a7ce-40c6-ad58-7106f76c818f,HB 177,relative to the definition of qualified structures under the community revitalization tax relief incentive.,['bill'],[],2023,New Hampshire,lower
ocd-bill/ed5a65f6-0de0-4ee9-8165-2111ce6908e7,HB 269,relative to limiting the authority of New Hampshire delegates to policymaking conventions.,['bill'],[],2023,New Hampshire,lower
ocd-bill/e01760e0-1db7-4288-83e3-548ae42e4a92,HB 606,requiring construction of state buildings or state-funded projects to contain electric vehicle (EV) charging infrastructure.,['bill'],[],2023,New Hampshire,lower
ocd-bill/7f4822c6-bc2d-44cb-b3e7-43ebbda28af0,HB 107,relative to employment restrictions for registered sex offenders.,['bill'],[],2023,New Hampshire,lower
ocd-bill/9160105f-50d8-4268-a118-e1b1fd588800,SB 253,relative to parental access to a minor child's medical records.,['bill'],[],2023,New Hampshire,upper
ocd-bill/3da1a490-38a1-4ae8-ab9a-7c386e916e66,HB 645,relative to the establishment of decentralized autonomous organizations as legal entities within the state.,['bill'],[],2023,New Hampshire,lower
ocd-bill/b536437d-58c3-46ec-acf4-a55a00220ee9,HB 420,relative to the availability and funding for the dual and concurrent enrollment program by the community college system and making an appropriation therefor.,['bill'],[],2023,New Hampshire,lower
ocd-bill/2ac1df24-b6c5-4aa8-8282-e4b59ef30641,HB 207,relative to school district unanticipated funds.,['bill'],[],2023,New Hampshire,lower
ocd-bill/1edbdf69-86d1-4840-a52a-7366db88c85b,HCR 2,"relative to condemning recent vandalism and intolerance, as recently levied against places of worship and public spaces, elected officials and against the general citizens of New Hampshire.",['concurrent resolution'],[],2023,New Hampshire,lower
ocd-bill/7a6ff119-2579-4a0b-84be-94c29648537c,HB 538,establishing a local education freedom account program.,['bill'],[],2023,New Hampshire,lower
ocd-bill/0666b2b5-d554-42d1-822a-cb77fca3c854,HB 425,repealing the statute relative to medical freedom in immunizations.,['bill'],[],2023,New Hampshire,lower
ocd-bill/54840286-3861-4326-b980-355d124c58eb,HB 643,relative to legalizing marijuana.,['bill'],[],2023,New Hampshire,lower
ocd-bill/c7244358-2abc-4b68-9816-c9bd6e30f8f8,HB 474,relative to enforcement of federal firearms laws and establishing penalties.,['bill'],[],2023,New Hampshire,lower
ocd-bill/1707bf11-6b06-4410-b968-bb3ee74d296c,HB 42,relative to the operation of certain homeowners' associations.,['bill'],[],2023,New Hampshire,lower
ocd-bill/de1aacb6-8a5c-4984-92dd-97c513714bed,HB 460,relative to eliminating voter identification exceptions.,['bill'],[],2023,New Hampshire,lower
ocd-bill/f168d347-4b60-4c3e-a428-92c9f01a9934,HB 570,relative to Real ID compliant New Hampshire driver's licenses.,['bill'],[],2023,New Hampshire,lower
ocd-bill/cabc9fe8-e2e3-469f-a201-beb8fe77e9e6,HB 633,"relative to electric distribution company market share, prohibiting certain electric rate increases, and requiring enforcement against Eversource.",['bill'],[],2023,New Hampshire,lower
ocd-bill/95b1b326-4f0c-4182-a295-69390038d784,HB 459,relative to transactions exempt from the regulation of business practices for consumer protection.,['bill'],[],2023,New Hampshire,lower
ocd-bill/50cdda2f-fa76-4194-a762-a2c46f5ae8d9,HB 443,establishing a commission to study the withdrawal of New Hampshire from ISO New England.,['bill'],[],2023,New Hampshire,lower
ocd-bill/02647087-b9e9-4303-82a4-2d42900f9fc9,HB 57,relative to the state minimum hourly rate.,['bill'],[],2023,New Hampshire,lower
ocd-bill/6dd4b4e0-8a5c-4d28-a208-bdcc68f635e1,HB 111,establishing a committee to study electrical vehicle charging for residential renters.,['bill'],[],2023,New Hampshire,lower
ocd-bill/ab4006ec-4795-41a6-b8a5-7df199083be7,HB 41,relative to public noticing of meetings for county conventions.,['bill'],[],2023,New Hampshire,lower
ocd-bill/1e6e0e89-8468-4ccd-a91f-55f8bb3371c8,HB 228,relative to repealing the commission on demographic trends.,['bill'],[],2023,New Hampshire,lower
ocd-bill/124ac239-5817-4498-8beb-b33491b407f0,HB 351,relative to the negligent storage of firearms and relative to firearm safety devices.,['bill'],[],2023,New Hampshire,lower
ocd-bill/d12a0ce7-4716-40da-b6db-0fff9b58eebc,HB 373,relative to billing for ambulance services.,['bill'],[],2023,New Hampshire,lower
ocd-bill/c145ecf8-b38b-47fe-b20e-53f15f8d456d,HB 226,enabling municipalities to regulate the distribution and disposal of certain solid waste within landfills.,['bill'],[],2023,New Hampshire,lower
ocd-bill/a8473bb4-9bfd-4657-88ff-cf4062f4f410,HB 243,requiring the tabulation of votes in elections to be done in public.,['bill'],[],2023,New Hampshire,lower
ocd-bill/5a3e4678-7a9c-447c-9411-cd88b63edeed,SB 268,allowing for pre-hospital treatment and transportation for operational canines.,['bill'],[],2023,New Hampshire,upper
ocd-bill/a6324a37-fb20-423b-b7e2-b33fb081dd94,HB 464,relative to eligible students in the education freedom account program.,['bill'],[],2023,New Hampshire,lower
ocd-bill/7605e322-3d73-49b9-bfd4-e610609e6a2e,HB 552,relative to making incentive grants for school districts that improve in certain assessment scores.,['bill'],[],2023,New Hampshire,lower
ocd-bill/89edda86-4b11-4876-b3c5-9876717c539f,HB 179,relative to the definition of electioneering.,['bill'],[],2023,New Hampshire,lower
ocd-bill/2d2e9089-1a12-4dd6-bdba-49074bd8b8eb,HB 624,relative to federal immigration checkpoints.,['bill'],[],2023,New Hampshire,lower
ocd-bill/e6ca76f5-d002-46c4-bfaa-d9cfb94f0acc,HB 490,relative to modifying the definition of neglect.,['bill'],[],2023,New Hampshire,lower
ocd-bill/db584392-b6a3-49e9-acc6-89e34745226e,HB 209,relative to the form required to request an absentee ballot.,['bill'],[],2023,New Hampshire,lower
ocd-bill/1a6710f1-bfc4-4d55-910a-886459ad7620,HB 557,relative to the department of health and human services' rulemaking authority regarding immunization requirements.,['bill'],[],2023,New Hampshire,lower
ocd-bill/8d8ed029-a871-49a8-8304-205a777e43d9,HB 454,relative to the membership and reporting responsibilities of the examining board of medicine.,['bill'],[],2023,New Hampshire,lower
ocd-bill/ae60d822-a91a-4dfe-9966-1a07ac222e29,HB 583,relative to the termination of child support.,['bill'],[],2023,New Hampshire,lower
ocd-bill/602d72db-13d2-4526-948b-63fa2084288a,HB 181,establishing a committee to study school meal programs in New Hampshire's public schools and nonsectarian schools that accept public funds.,['bill'],[],2023,New Hampshire,lower
ocd-bill/f470dc41-321e-42a7-9a25-69c72af40055,HB 174,relative to the filing of notice of intent to cut timber.,['bill'],[],2023,New Hampshire,lower
ocd-bill/53d9fe46-9d80-4b88-ba7d-94b59f17872b,SB 113,relative to the electric utility system benefits charge.,['bill'],[],2023,New Hampshire,upper
ocd-bill/c7af93d6-97e2-46e0-bd92-e4b5aa148535,SB 66,relative to financial transactions involving the liquidation or rehabilitation of an insurer in which the Federal Home Loan Bank is a party.,['bill'],[],2023,New Hampshire,upper
ocd-bill/e4875c95-6836-4cf6-9480-6a47b4026f39,SB 163,relative to agritourism and product sales at farms and farm roadside stands.,['bill'],[],2023,New Hampshire,upper
ocd-bill/f71f3130-9dda-4e87-9fae-79a30c76405d,HB 110,prohibiting the use of state funds for new passenger rail projects.,['bill'],[],2023,New Hampshire,lower
ocd-bill/80f4317d-2fa4-4060-b16f-e118240490cf,HB 96,recognizing May 3rd as Old Man of the Mountain Day.,['bill'],[],2023,New Hampshire,lower
ocd-bill/725f5dd6-2d34-4cfb-955c-6d4435898da2,HB 54,relative to antique car inspections.,['bill'],[],2023,New Hampshire,lower
ocd-bill/0326e21e-5b6b-47d3-9430-43311a8e1127,HB 53,relative to the age limitation for the sale or possession of an aerosol self-defense spray weapon.,['bill'],[],2023,New Hampshire,lower
ocd-bill/1b11a5a2-1f06-4547-bf10-45b2eae7918a,HB 106,relative to extreme risk protection orders.,['bill'],[],2023,New Hampshire,lower
ocd-bill/bb77643d-2f86-45a8-875f-5be281ff7fdf,HB 291,relative to false reports to certain departments.,['bill'],[],2023,New Hampshire,lower
ocd-bill/d146ee07-d6b8-4f4a-a857-d8b4251e007b,SB 271,relative to the seating of delegates to national party conventions.,['bill'],[],2023,New Hampshire,upper
ocd-bill/b0d53288-885e-4104-b33e-39a911fb2aba,SB 86,relative to health care workforce development and making appropriations therefor.,['bill'],[],2023,New Hampshire,upper
ocd-bill/ebc26152-c441-42bc-a4ee-0390a350905e,HB 441,eliminating residency requirements for public school attendance.,['bill'],[],2023,New Hampshire,lower
ocd-bill/446f5839-eccf-4e58-a211-315dc4c03d8c,HR 7,calling for the federal government to preserve and protect Medicare and Social Security without cuts to benefits.,['resolution'],[],2023,New Hampshire,lower
ocd-bill/341dbeab-072a-4e90-95ec-a6c9ecaf88f8,SB 90,establishing a commission to study charitable gambling.,['bill'],[],2023,New Hampshire,upper
ocd-bill/49512426-24da-4906-8297-0ee0c4c74c1f,SR 6,"RESOLVED, that the Senate meet in Joint Convention with the House of Representatives for the purpose of canvassing votes for the Governor and Executive Council.",['resolution'],[],2023,New Hampshire,upper
ocd-bill/4a03d958-630d-4f37-8ec8-500095dae404,HR 13,affirming support for the people of Puerto Rico.,['resolution'],[],2023,New Hampshire,lower
ocd-bill/c99a568e-654b-409b-b119-8b79f69e3ee0,SB 121,relative to the position of ballot clerk.,['bill'],[],2023,New Hampshire,upper
ocd-bill/574364ee-9b7d-4878-aa93-214c6e5a8956,HB 142,relative to the operation of the Burgess Biopower plant.,['bill'],[],2023,New Hampshire,lower
ocd-bill/c7b6afe2-7a86-444b-8b2e-0b6af9a2c7f5,SB 17,establishing a gifts and donations account within the fish and game fund.,['bill'],[],2023,New Hampshire,upper
ocd-bill/c732c155-c7c8-458d-ab87-d5a6e482eae8,HR 5,legislative salary and mileage payments.,['resolution'],[],2023,New Hampshire,lower
ocd-bill/7773aae0-de7a-4fd0-a414-574eea30d5f0,SB 26,relative to asbestos actions.,['bill'],[],2023,New Hampshire,upper
ocd-bill/5496dd5d-c854-466c-855b-9812a85d9b57,HB 84,relative to the emergency management powers of the department of transportation.,['bill'],[],2023,New Hampshire,lower
ocd-bill/a3440fd5-e831-43e3-883c-9f2be3105bcf,HB 124,relative to temporary alimony.,['bill'],[],2023,New Hampshire,lower
ocd-bill/175c986d-9cf7-4f5f-b7f7-7f7ef8c12ba2,HB 89,relative to posthumous exonerations.,['bill'],[],2023,New Hampshire,lower
ocd-bill/50a0c805-85af-41a5-9660-7876a9d47d5f,HR 14,a resolution to urge the investigation of due process in family court cases.,['resolution'],[],2023,New Hampshire,lower
ocd-bill/8025b296-1c71-4b73-b5d1-903a6fc2839c,SB 202,relative to establishing a homeownership innovations fund in the New Hampshire housing finance authority.,['bill'],[],2023,New Hampshire,upper
ocd-bill/19dc5bb6-070b-4651-aead-d971b7c6655e,SB 262,allowing municipalities to collect an occupancy fee from operators of local room rentals.,['bill'],[],2023,New Hampshire,upper
ocd-bill/20db3d7c-b71b-454f-8fdf-70303e5843b3,SB 256,establishing a safety program for off-highway recreational vehicles.,['bill'],[],2023,New Hampshire,upper
ocd-bill/446daa69-3d39-4932-b6b0-d4b58cb21f23,SR 4,"RESOLVED, that the biennium salary of the members of the Senate be paid in one undivided sum as early as practical after adoption of this resolution, and be it further RESOLVED, that the mileage of members of the Senate be paid every two weeks during the session.",['resolution'],[],2023,New Hampshire,upper
ocd-bill/c851cbc3-e1ce-4b58-93f8-ef072225f3ab,HB 103,relative to school board member qualifications.,['bill'],[],2023,New Hampshire,lower
ocd-bill/4b5907e2-b0b7-44a7-bdeb-f0da5fb1c011,HB 354,relative to chartered public school eligibility for state school building aid.,['bill'],[],2023,New Hampshire,lower
ocd-bill/06a8265b-9a87-4b6a-b5da-6cdb8b0e7ca3,SB 147,relative to the board of dental examiners.,['bill'],[],2023,New Hampshire,upper
ocd-bill/6df5797b-740a-4477-b79b-3c790cc38aaf,HR 9,calling for the federal government to enact an American Marshall Plan to rebuild economically impoverished communities and strengthen climate resilience infrastructure.,['resolution'],[],2023,New Hampshire,lower
ocd-bill/a2ef3eed-026a-413f-b9b2-cb22f762c319,HR 10,supporting statehood for the District of Columbia.,['resolution'],[],2023,New Hampshire,lower
ocd-bill/804bff94-39bb-4d06-888f-76bbd94c7ab8,SB 267,"requiring the commissioner of the department of environmental services to consider ""cumulative impacts analysis"" in rules and statutes.",['bill'],[],2023,New Hampshire,upper
ocd-bill/0e9ce656-9c89-458d-ae2d-6d7a04b514c9,HB 85,relative to antenuptial agreements.,['bill'],[],2023,New Hampshire,lower
ocd-bill/1e694fb5-43ec-483a-ae67-84e540d4337d,HB 516,relative to freedom of speech and association at public institutions of higher education.,['bill'],[],2023,New Hampshire,lower
ocd-bill/8b3fe135-123e-4cf1-9c16-329bf8c07073,HB 600,relative to temporary orders for parental rights and responsibilities.,['bill'],[],2023,New Hampshire,lower
ocd-bill/27fa2a69-08b9-41b8-b242-9ec931e9bb48,HB 647,relative to causes of action for individual rights.,['bill'],[],2023,New Hampshire,lower
ocd-bill/309e70f3-da4b-4c7c-94e9-dba448bbb7af,HB 141,relative to dogs on hiking trails in state parks.,['bill'],[],2023,New Hampshire,lower
ocd-bill/8595ca7d-a0d6-4d11-a70d-ac6a91bafa1d,HB 432,relative to participation in the education freedom accounts program.,['bill'],[],2023,New Hampshire,lower
ocd-bill/5e313af2-f582-4fa4-a9dd-41e02e6cbf1b,HB 61,relative to teaching on discrimination in the public schools and discrimination in public workplaces.,['bill'],[],2023,New Hampshire,lower
ocd-bill/04674b39-6028-43b1-a1b3-e8634e23317e,HB 20,"naming a bridge in the town of Merrimack for the Honorable Richard ""Dick"" Hinch.",['bill'],[],2023,New Hampshire,lower
ocd-bill/106ab3b4-3db8-47ad-b08c-f0a74b8d4412,HB 309,relative to civil rights education in public elementary and secondary schools.,['bill'],[],2023,New Hampshire,lower
ocd-bill/7a6a4a5a-47a9-44be-98f3-a8de1fff039d,HB 188,relative to the duration of physical therapy.,['bill'],[],2023,New Hampshire,lower
ocd-bill/c52c6a4d-4894-4247-8edf-94982254c382,SB 33,relative to the fee differential for non-member lot rent in a manufactured housing park.,['bill'],[],2023,New Hampshire,upper
ocd-bill/c36d3e3c-8b5c-4a11-ab0e-923dbd857946,SB 168,relative to participation in a low-moderate income residential customers community solar project.,['bill'],[],2023,New Hampshire,upper
ocd-bill/df95b508-2d19-4a36-8b63-5c75d9c8957e,HB 417,relative to the definition of child abuse.,['bill'],[],2023,New Hampshire,lower
ocd-bill/3b214382-fe5a-4ae6-bfd0-19cc76975ff5,HB 129,relative to menstrual hygiene products in schools.,['bill'],[],2023,New Hampshire,lower
ocd-bill/6709c996-ce8f-43f4-a2ec-2245f204bc96,HB 368,relative to protections related to receiving gender-affirming health care or gender-affirming mental health care.,['bill'],[],2023,New Hampshire,lower
ocd-bill/add1c7f1-f21c-470f-8768-424d10f7e43b,SB 234,"directing the department of health and human services to develop a public awareness campaign on brain health, Alzheimer's disease, and related dementias and making an appropriation therefor.",['bill'],[],2023,New Hampshire,upper
ocd-bill/473fc051-0e7b-49d4-88e6-da71818d8bd8,SB 15,relative to the use of tree stands and observation blinds.,['bill'],[],2023,New Hampshire,upper
ocd-bill/8be4921d-9521-48f1-8d06-57891a190fb3,SB 29,relative to repealing the statute relating to police matrons.,['bill'],[],2023,New Hampshire,upper
ocd-bill/5411200d-7009-4d02-8fa6-dee46a2edde9,HB 393,permitting a motor vehicle operator to use only a rear license plate.,['bill'],[],2023,New Hampshire,lower
ocd-bill/3dee03e7-f9c9-4be1-bf9c-7350ba3b5f3a,HB 431,permitting qualifying patients and designated caregivers to cultivate cannabis for therapeutic use.,['bill'],[],2023,New Hampshire,lower
ocd-bill/9ce5be6e-9385-4592-bf93-a979d2f55118,HB 126,relative to choosing the accrual date for child support payments.,['bill'],[],2023,New Hampshire,lower
ocd-bill/ab56487f-d71b-4809-beb5-aec02be2cd3e,HB 488,relative to state park campground reservations for New Hampshire residents.,['bill'],[],2023,New Hampshire,lower
ocd-bill/853ae94d-7cdb-4771-bc27-0944c8165e7f,HR 3,distribution of House publications.,['resolution'],[],2023,New Hampshire,lower
ocd-bill/edf96f97-bbc1-412d-b17c-4e9281cca5e9,HB 31,"repealing the prohibition on the possession or sale of blackjacks, slung shots, and metallic knuckles.",['bill'],[],2023,New Hampshire,lower
ocd-bill/89dc9762-7cbb-4bb6-9127-df4a5a346068,HB 208,establishing greenhouse gas emission reduction goals for the state and establishing a climate action plan.,['bill'],[],2023,New Hampshire,lower
ocd-bill/f8c1c50e-a0d5-4a96-ad73-9a8adb4310ee,HB 648,relative to establishing a state bank of New Hampshire.,['bill'],[],2023,New Hampshire,lower
ocd-bill/ecedfd60-4539-4ca2-b6bf-91af8caf1de3,HB 316,relative to meetings of supervisors of the checklist.,['bill'],[],2023,New Hampshire,lower
ocd-bill/82f5f930-0a1e-47df-84f4-4774e833f73f,HB 591,prohibiting abortions after detection of fetal heartbeat.,['bill'],[],2023,New Hampshire,lower
ocd-bill/4500c855-949f-4011-9241-d95a89f7acb8,SB 21,relative to the due date and delivery of monthly reports and fees to the liquor commission.,['bill'],[],2023,New Hampshire,upper
ocd-bill/545f62f3-de76-4f2d-a5da-e6b24182b0a8,HB 400,"relative to certain assault offenses, bail eligibility for commission of certain assault offenses, and making a false report to a law enforcement officer.",['bill'],[],2023,New Hampshire,lower
ocd-bill/4b5e9ef0-4ba7-47db-aa25-e2ec8097ec3c,SB 254,relative to community-based sentencing alternatives for primary caregivers.,['bill'],[],2023,New Hampshire,upper
ocd-bill/8949dd5a-5701-4fe1-9d4a-cb541e2f7dca,SB 249,relative to the release of a defendant pending trial.,['bill'],[],2023,New Hampshire,upper
ocd-bill/b4ea54d2-a215-4fa3-889a-2d1ea6af0374,HB 292,establishing a criminal penalty for theft by a public servant.,['bill'],[],2023,New Hampshire,lower
ocd-bill/8a2db6f2-a337-42f4-a16b-3a8245d9df37,HB 160,relative to public display of chest.,['bill'],[],2023,New Hampshire,lower
ocd-bill/b6dcd5e0-d278-4756-ba8f-9d0ab97ef1d9,HB 383,relative to provider contract standards for pharmacy benefit managers.,['bill'],[],2023,New Hampshire,lower
ocd-bill/01d1e8b9-ac5b-4919-8f30-0e9307bbdca7,HB 575,"relative to vaccine and pharmaceutical products purchased, promoted, or distributed by the state and its political subdivisions.",['bill'],[],2023,New Hampshire,lower
ocd-bill/7b7009aa-1f80-4734-929b-3a5779da0ac7,HB 481,relative to arrest warrants and search warrants.,['bill'],[],2023,New Hampshire,lower
ocd-bill/2a42315b-cf3c-4db0-8c46-664da63475a6,HB 532,relative to the licensure and regulation of music therapists and other occupations and professions.,['bill'],[],2023,New Hampshire,lower
ocd-bill/08fb1148-fc13-469f-9404-ca5b461cc847,HB 2,"relative to state fees, funds, revenues, and expenditures.",['bill'],[],2023,New Hampshire,lower
ocd-bill/58fbde7f-38de-42f1-a7da-8d557240c478,HB 82,relative to employment protection for participants in the therapeutic cannabis program.,['bill'],[],2023,New Hampshire,lower
ocd-bill/c057985b-e04f-43c4-afe3-655e6325f2fe,HB 266,relative to notice and public access requirements for hybrid and virtual agency public comment hearings for rulemaking.,['bill'],[],2023,New Hampshire,lower
ocd-bill/be365f9d-cdb0-4f0c-9f00-378762964224,HB 183,relative to employment of retired firefighters at the fire academy.,['bill'],[],2023,New Hampshire,lower
ocd-bill/de764989-3215-401b-8179-d2cbaf50176d,HB 105,relative to the registration of medical spas.,['bill'],[],2023,New Hampshire,lower
ocd-bill/8630feee-753f-4a91-b5dd-8ff3422a0bde,HB 297,relative to the state's dedicated funds review.,['bill'],[],2023,New Hampshire,lower
ocd-bill/9a86c059-46cf-47bb-8530-acbc0f24761e,HB 72,relative to the tenure of public librarians.,['bill'],[],2023,New Hampshire,lower
ocd-bill/e8dea1be-be33-4e54-bae3-eeffdc8b54f3,SB 124,making an appropriation for the Eastern Slopes Regional Airport.,['bill'],[],2023,New Hampshire,upper
ocd-bill/eb680e8c-725e-4b67-ac1d-c50ea6a95925,HB 411,relative to mediation of cases involving children.,['bill'],[],2023,New Hampshire,lower
ocd-bill/0be6454f-0fff-41fd-ad52-4155552f19b4,SB 157,relative to election audits.,['bill'],[],2023,New Hampshire,upper
ocd-bill/96994441-53d9-4df1-b56e-beb3bbf86a9f,HB 80,relative to tax exempt status for county real property leased for agricultural uses.,['bill'],[],2023,New Hampshire,lower
ocd-bill/c27525ba-606b-4bc8-bacb-456a9aea651b,SB 156,relative to voter registration and verification of voter identity.,['bill'],[],2023,New Hampshire,upper
ocd-bill/afa7d563-9afc-4663-ad70-cea689e30132,HB 531,relative to the taxation of tobacco and nicotine products.,['bill'],[],2023,New Hampshire,lower
ocd-bill/73f8d822-593a-4342-9f15-c3baf391e2e8,HB 145,relative to the collection of sales taxes of foreign jurisdictions by New Hampshire businesses.,['bill'],[],2023,New Hampshire,lower
ocd-bill/49506a0a-d0a0-40d5-a486-7619b499b2e1,SB 264,relative to parentage.,['bill'],[],2023,New Hampshire,upper
ocd-bill/c12e6e67-4045-4d40-adcd-3b46562c3f39,SB 199,relative to the standard of care for insurance agents.,['bill'],[],2023,New Hampshire,upper
ocd-bill/c2b4703a-70cf-4e2e-b91e-4fd578adc097,HB 650,relative to prohibiting suspension of driver's licenses due to nonpayment of fines or fees.,['bill'],[],2023,New Hampshire,lower
ocd-bill/b02c2953-8352-4196-a7be-fbe195292f19,SB 194,allowing students under age 21 to taste wine in educational settings.,['bill'],[],2023,New Hampshire,upper
ocd-bill/90e7245c-5a91-4cad-9b58-704d53a612dc,HB 584,relative to the Uniform Commercial Code's article on controllable electronic records.,['bill'],[],2023,New Hampshire,lower
ocd-bill/4b39e511-556e-41ce-93fe-9551e6b963ab,HB 469,prohibiting discrimination against tenants holding certain vouchers for purposes of renting dwellings.,['bill'],[],2023,New Hampshire,lower
ocd-bill/7d193f0d-4d45-467e-bf1e-3198889a93a1,SB 37,establishing a commission to study hospitality and tourism education in New Hampshire.,['bill'],[],2023,New Hampshire,upper
ocd-bill/05b262a4-66bb-44d0-8fe7-504e70561940,HB 493,eliminating the state meat inspection program.,['bill'],[],2023,New Hampshire,lower
ocd-bill/6f870e07-e2f2-4878-9533-abcaae4e6f29,HB 60,camping fees for non-residents.,['bill'],[],2023,New Hampshire,lower
ocd-bill/2592d6d2-5c94-4fdf-bee0-6094258d997c,HB 482,"requiring the use of ballots with embedded security, traceability, and relative to the chain of custody for ballots cast in elections.",['bill'],[],2023,New Hampshire,lower
ocd-bill/8349072b-3afd-47df-aa17-a9809ece95f0,HB 508,relative to the payment of postage on absentee ballot return envelopes.,['bill'],[],2023,New Hampshire,lower
ocd-bill/0949b7a8-601d-4b77-9d9f-421ff0be22cb,HB 477,to prohibit municipal inspections of owner-occupied units of multi-unit housing.,['bill'],[],2023,New Hampshire,lower
ocd-bill/f21cc785-15a9-4dc3-bf94-f1cfb0147343,SB 25,repealing a requirement for a report on chartered public school payments.,['bill'],[],2023,New Hampshire,upper
ocd-bill/4cd19d3f-9de6-4799-afe8-4c70fcabe31f,HB 320,relative to free speech in interactive computer services.,['bill'],[],2023,New Hampshire,lower
ocd-bill/f0dfc1c1-07ff-4469-a17a-a1b40c8e6472,SB 42,relative to overpayment of unemployment compensation.,['bill'],[],2023,New Hampshire,upper
ocd-bill/bcbac5e4-fbe4-4b3f-93c3-c781d588f84b,HB 521,relative to the department of education payment for placement for an episode of treatment.,['bill'],[],2023,New Hampshire,lower
ocd-bill/508971d6-491f-4206-b60d-888e515b3306,HB 519,relative to establishing a chief information security officer for the department of information technology.,['bill'],[],2023,New Hampshire,lower
ocd-bill/63825391-c20a-426c-887b-7aab54fcf0f2,HB 485,establishing deputy animal control officers.,['bill'],[],2023,New Hampshire,lower
ocd-bill/c319b306-db92-460b-9cf3-cc05ceae6f09,HB 412,re-establishing a commission to study revenue alternatives to the road toll for the funding of improvements to the state's highways and bridges and their resulting improvements.,['bill'],[],2023,New Hampshire,lower
ocd-bill/bbb37f34-988f-4b26-ab75-3df44a55b50e,HB 438,relative to the right of representation in family court.,['bill'],[],2023,New Hampshire,lower
ocd-bill/0bc1077f-05f8-43b5-b8cd-90460db5bd55,HB 544,legalizing cannabis for retail sale.,['bill'],[],2023,New Hampshire,lower
ocd-bill/2f4f931c-7307-4283-830d-cb3b9defa5c8,HB 536,"relative to the chartered public school joint legislative oversight committee, and relative to chartered public school use of unused district facilities.",['bill'],[],2023,New Hampshire,lower
ocd-bill/77d88d7c-18ab-480d-8b57-c2967bf29dca,HB 456,relative to collecting road tolls on the output of separately metered electric vehicle chargers.,['bill'],[],2023,New Hampshire,lower
ocd-bill/25872642-b2a2-4d34-9c8a-0899b77a317d,HB 494,relative to fees collected under the New Hampshire fertilizer law.,['bill'],[],2023,New Hampshire,lower
ocd-bill/daf6c01b-1910-471d-8c30-483f7d607777,SB 27,relative to financial disclosure forms filed by judges.,['bill'],[],2023,New Hampshire,upper
ocd-bill/e296bd16-04cb-41c3-9443-2d3072071c06,HB 506,relative to the construction of a rail trail box tunnel on Exit 4-A in Derry and making an appropriation therefor.,['bill'],[],2023,New Hampshire,lower
ocd-bill/0aa3646c-915d-46f9-becc-18bff7ef864b,SB 43,relative to a needs assessment for juvenile minors who are residents of New Hampshire.,['bill'],[],2023,New Hampshire,upper
ocd-bill/d5ef3fe6-7b6f-4e01-b6da-ed4bd9ffdd93,HB 483,to remove the duties of county delegations and delegate them to county commissioners.,['bill'],[],2023,New Hampshire,lower
ocd-bill/2521bc2a-2957-4dd8-9606-ea359579f750,HB 99,requiring tax bills to provide information about a state tax rebate program for lower income homeowners.,['bill'],[],2023,New Hampshire,lower
ocd-bill/c0d49352-a1b0-4921-a2d3-eb5b33ca7a9c,SB 108,relative to participation of the New Hampshire public defender program in the state employee health insurance plan.,['bill'],[],2023,New Hampshire,upper
ocd-bill/a72e7bb9-eaa4-4758-9176-342316076504,HB 274,relative to the administrative rulemaking process.,['bill'],[],2023,New Hampshire,lower
ocd-bill/206ff239-b1ec-4409-bd76-cc64c1cb17a0,HB 507,relative to unauthorized practice in occupational and professional licensing and certification.,['bill'],[],2023,New Hampshire,lower
ocd-bill/f51fcb07-fa1b-496f-87ee-3cb0c221e9ca,SB 238,relative to prescribing opioids via telehealth medicine.,['bill'],[],2023,New Hampshire,upper
ocd-bill/ebe4f7d3-6be3-462d-a26a-eed58fe22fa6,HB 387,permitting election ballots to be viewed pursuant to a right to know request.,['bill'],[],2023,New Hampshire,lower
ocd-bill/cd8d9795-da83-48a9-98cb-652f41f8204c,HB 127,relative to the declaration of a state of emergency.,['bill'],[],2023,New Hampshire,lower
ocd-bill/cc97e7b6-7d3d-4ea2-bfb2-544ba182dd0b,SB 248,relative to bail for a defendant.,['bill'],[],2023,New Hampshire,upper
ocd-bill/da30071f-18a8-4ba7-9352-e1b877973b1f,SB 214,establishing a department of early childhood education and relative to a pre-kindergarten pilot program.,['bill'],[],2023,New Hampshire,upper
ocd-bill/59b89bc6-1ca1-47fc-9efe-9e8610066eca,SB 226,relative to the use of bait for hunting bear.,['bill'],[],2023,New Hampshire,upper
ocd-bill/d8a827b6-59d6-4741-aa23-f388da0f50aa,SB 97,relative to the use of animals in product testing.,['bill'],[],2023,New Hampshire,upper
ocd-bill/872290e0-87e4-42fe-91bd-4dd379912e64,HB 461,establishing a committee to study elimination by political subdivision employers of a retirement system position.,['bill'],[],2023,New Hampshire,lower
ocd-bill/57b76219-861e-42a1-bcfa-c0c0ad556c9b,SB 252,relative to release of a defendant pending trial.,['bill'],[],2023,New Hampshire,upper
ocd-bill/eb826c0c-e96e-40f4-80fe-954b24ec90fa,SB 146,relative to the agricultural advisory board.,['bill'],[],2023,New Hampshire,upper
ocd-bill/df7b82ef-de67-407a-9036-77657a86f281,HB 278,relative to retirement system employer reports.,['bill'],[],2023,New Hampshire,lower
ocd-bill/41be36b5-4a84-4008-b162-cc7c48bc8e53,HB 616,relative to administration of the New Hampshire's renewable portfolio standard.,['bill'],[],2023,New Hampshire,lower
ocd-bill/5ec2792f-7317-4154-8bf9-c4f4e131dff3,HB 314,relative to the expectation of privacy in the collection and use of personal information.,['bill'],[],2023,New Hampshire,lower
ocd-bill/9bf610f5-cab7-4a90-8fa1-eebe25c3f675,HB 499,requiring the rules of evidence to apply in family court cases and relative to the admission of certain evidence in family court proceedings.,['bill'],[],2023,New Hampshire,lower
ocd-bill/9196c481-99a2-4229-8edb-db3da1ee3c54,HB 147,relative to membership of the advisory committee on the education of students with disabilities.,['bill'],[],2023,New Hampshire,lower
ocd-bill/96c5c410-3ce4-4641-ba14-42b01dc7b724,SB 132,prohibiting cities and towns from adopting sanctuary policies.,['bill'],[],2023,New Hampshire,upper
ocd-bill/24a79529-2b22-42ad-a058-14f65734926d,SB 272,establishing a parents' bill of rights in education.,['bill'],[],2023,New Hampshire,upper
ocd-bill/db6336ad-44aa-4ad3-b20f-17479c47150e,SB 46,relative to electronic payments to employee debit cards.,['bill'],[],2023,New Hampshire,upper
ocd-bill/9f0e7d4d-77a7-4918-b5bc-6f43ca64bcbe,SB 169,making an appropriation to the department of environmental services to fund a water main interconnection project between Nashua and Litchfield.,['bill'],[],2023,New Hampshire,upper
ocd-bill/d6a05c04-4e5f-4297-9be0-b0a0f7c0979e,HB 561,establishing a committee to examine workforce and school accommodations for those with long-term COVID and ME/CFS.,['bill'],[],2023,New Hampshire,lower
ocd-bill/1ce62499-2f00-4f5d-87ed-e21bd7fe818b,HB 565,relative to expanding Medicaid to include certain postpartum health care services.,['bill'],[],2023,New Hampshire,lower
ocd-bill/fbd51e1e-e36e-4ef7-8088-6421b3ea9d90,SB 231,establishing a historic housing tax credit and making appropriations for workforce housing and affordable housing.,['bill'],[],2023,New Hampshire,upper
ocd-bill/8192aef9-5034-4dd9-88b6-54940f2b0da7,HB 313,relative to the reductions from the default budget for official ballot town meetings.,['bill'],[],2023,New Hampshire,lower
ocd-bill/0270ceef-450d-413c-80a5-2fb179076a2d,HB 537,permitting vehicles to have front windshield tinting.,['bill'],[],2023,New Hampshire,lower
ocd-bill/8e621b45-dfa8-4d0e-a1c9-d7f1501b567b,HB 155,relative to the division of educator support and higher education and relative to surety indemnification for private postsecondary career schools.,['bill'],[],2023,New Hampshire,lower
ocd-bill/7491e440-0ae9-4583-9615-eeff965644ea,HB 509,relative to the phasing out of the minimum electric renewable portfolio standard.,['bill'],[],2023,New Hampshire,lower
ocd-bill/2adabf78-3cad-4700-8c07-3a89ee60badf,HB 620,establishing a division of early learning in the department of education and relative to a pre-kindergarten pilot program.,['bill'],[],2023,New Hampshire,lower
ocd-bill/8338ad5e-b8f5-4513-bd7f-b5166649c8f5,HR 18,Honoring the victims of the October attack on Israel.,['resolution'],[],2023,New Hampshire,lower
ocd-bill/9fc197aa-6e13-4881-9012-89380579d7f7,HB 458,relative to participation in net energy metering by small hydroelectric generators.,['bill'],[],2023,New Hampshire,lower
ocd-bill/431adfad-1789-4ff4-925d-9ac5818a6b17,HB 185,relative to the determination of parental rights and responsibilities based on shared parenting and shared access to the child's records.,['bill'],[],2023,New Hampshire,lower
ocd-bill/e3a9fc98-f4ed-4852-bf86-6ac1db419f47,HB 165,relative to department of energy procedures in lieu of meeting renewable portfolio standards for biomass.,['bill'],[],2023,New Hampshire,lower
ocd-bill/a297c445-8e43-4a75-9025-479c3b324612,HB 418,relative to eliminating the rebates distributed by the energy efficiency fund.,['bill'],[],2023,New Hampshire,lower
ocd-bill/aaa2765b-7ef8-49cd-b39c-f4aea7c6a665,SB 22,establishing a study commission to study automobile insurance for newly acquired vehicles.,['bill'],[],2023,New Hampshire,upper
ocd-bill/4bebd2db-bf62-4bc1-9b3b-b1bb8deabec8,SB 259,"relative to traffic and safety improvements on Route 101 Amherst, Bedford, and Milford.",['bill'],[],2023,New Hampshire,upper
ocd-bill/2c1f0b00-5277-43de-8796-86f49acc23ef,HB 102,requiring high schools to include instruction on the nature and history of communism.,['bill'],[],2023,New Hampshire,lower
ocd-bill/0f189c3f-ccb5-4d29-a3c1-113f9392be93,HB 445,relative to the operational funds of OPLC.,['bill'],[],2023,New Hampshire,lower
ocd-bill/c64d5223-5e4a-4870-8cd6-c433d54d65eb,SB 23,establishing a study committee on meat processing.,['bill'],[],2023,New Hampshire,upper
ocd-bill/0ab6647b-a82e-4e96-ad03-0cc181e94223,SB 83,relative to the signature authority of an advanced practice registered nurse or a certified midwife.,['bill'],[],2023,New Hampshire,upper
ocd-bill/eb65ab3d-df1c-445a-8d3f-cd8bd5acc67d,CACR 3,relating to recall elections. Providing that the general court may authorize recall elections.,['constitutional amendment'],[],2023,New Hampshire,lower
ocd-bill/8333e7e0-749b-4315-836c-df938f62360f,SR 2,"RESOLVED, that the Secretary of State be requested to furnish the Senate with the official return of votes from the various Senatorial Districts.",['resolution'],[],2023,New Hampshire,upper
ocd-bill/7289d280-d5ce-4042-8eac-6870f6c5caa4,HB 149,relative to the handling of requests made under the right-to-know law.,['bill'],[],2023,New Hampshire,lower
ocd-bill/47a433dd-6708-43d9-ad71-6f7332a4e374,SB 103,including the raid on Fort William and Mary in Portsmouth in the planning of the American revolution sestercentennial commission.,['bill'],[],2023,New Hampshire,upper
ocd-bill/7f0ac58d-4ada-4eb7-ae8d-506fb5fecea9,HB 505,relative to comprehensive mental health education in schools.,['bill'],[],2023,New Hampshire,lower
ocd-bill/d359f50d-84f8-451b-96e7-527fafcdb6a8,HB 95,enabling municipalities to adopt rental practice regulations.,['bill'],[],2023,New Hampshire,lower
ocd-bill/ee8ed0d7-7bcc-46b7-b956-be1ab54c4f59,HB 158,relative to armor piercing ammunition.,['bill'],[],2023,New Hampshire,lower
ocd-bill/47adcb64-5d50-4904-a6a0-36591ece7433,SB 57,relative to the reduction in the calculation of state retirement annuities at age 65.,['bill'],[],2023,New Hampshire,upper
ocd-bill/140cb646-f515-4e98-bffa-4c9afab6480d,SB 193,relative to the obligation of collective bargaining units to negotiate in good faith.,['bill'],[],2023,New Hampshire,upper
ocd-bill/0a7cf33e-1c73-4c51-8486-e4b06374fef5,SR 11,affirming New Hampshire's support for the State of Israel and the safety and security of its people.,['resolution'],[],2023,New Hampshire,upper
ocd-bill/c92ed5fb-fefc-434c-81e8-3732be45916c,SB 188,relative to catalytic converters.,['bill'],[],2023,New Hampshire,upper
ocd-bill/12f79977-c10b-4cde-bf7f-e3d8db31611e,SB 126,relative to licensure requirements for telehealth services and relative to licensure of physicians and physicians assistants treating patients incarcerated with the department of corrections.,['bill'],[],2023,New Hampshire,upper
ocd-bill/e487017c-ad22-49b2-a2e5-0b280b5f17ad,HB 394,relative to the organization of cooperative school boards.,['bill'],[],2023,New Hampshire,lower
ocd-bill/2fed0e77-b9b2-49a1-8f19-90750d455338,HB 97,establishing an additional penalty for a violation of privacy.,['bill'],[],2023,New Hampshire,lower
ocd-bill/e3f69c5a-e1af-4467-a86d-69b60494972b,SB 137,relative to nano brewery licenses and beverage manufacturers licenses.,['bill'],[],2023,New Hampshire,upper
ocd-bill/796b798c-f4af-494a-8492-01ae3358657c,SB 148,relative to the requirements for a plumbing apprentice.,['bill'],[],2023,New Hampshire,upper
ocd-bill/0238eb6c-4ec3-4418-a00c-eb8ca3be67ef,SB 38,amending the procedure for issuing a summons instead of an arrest.,['bill'],[],2023,New Hampshire,upper
ocd-bill/06f83f03-8b5f-4db9-86fd-31afdb029e22,SB 117,"relative to the definition of a ""child"" for the purpose of negligent storage of firearms.",['bill'],[],2023,New Hampshire,upper
ocd-bill/295c304f-cbc1-436b-839d-bc748581a10b,SB 227,relative to an assessment of solid waste facility setback requirements and making an appropriation therefor.,['bill'],[],2023,New Hampshire,upper
ocd-bill/c796434e-8ed3-4892-a487-901b2ec8ca69,SB 221,establishing a study committee to examine day care access and affordability.,['bill'],[],2023,New Hampshire,upper
ocd-bill/cef0d149-4ee4-4d38-806e-9dfa3c5c5bcd,SB 175,relative to Medicaid coverage for mothers.,['bill'],[],2023,New Hampshire,upper
ocd-bill/c979d077-ab86-401f-b374-ccd2779ad342,SB 16,establishing a stakeholders' group to address utility poles and attachments in New Hampshire.,['bill'],[],2023,New Hampshire,upper
ocd-bill/8883a208-7c28-4e96-857a-bafe2fb9d23d,SB 151,relative to mental health education.,['bill'],[],2023,New Hampshire,upper
ocd-bill/de356e63-5c03-40de-9599-85b5d5af712f,HB 601,relative to state participation in the Medicaid direct certification program for free and reduced price school meals.,['bill'],[],2023,New Hampshire,lower
ocd-bill/01dcb4d3-5736-452e-9b0d-11868ae54151,SB 62,"relative to landowner liability under RSA 147-B, the hazardous waste cleanup fund.",['bill'],[],2023,New Hampshire,upper
ocd-bill/fb534a9e-93aa-49d7-8a0b-77a612f29246,HB 342,relative to lead testing in children.,['bill'],[],2023,New Hampshire,lower
ocd-bill/3752a6ae-c75a-4b51-81f0-f6d60f4bde6a,HB 452,relative to the department of education procedures for school building aid applications.,['bill'],[],2023,New Hampshire,lower
ocd-bill/be3b3fdc-b7f5-4896-ae4a-6f5b230de4d0,HB 69,relative to direct payment and membership-based health care facilities.,['bill'],[],2023,New Hampshire,lower
ocd-bill/1e168b8c-6c37-4428-9887-218f4ecf7897,SB 111,relative to the town council-town manager form of local government.,['bill'],[],2023,New Hampshire,upper
ocd-bill/72822594-2da9-4182-a2b8-60eebee24c78,SB 139,relative to the price of Lucky 7 tickets.,['bill'],[],2023,New Hampshire,upper
ocd-bill/6e409acc-bec4-48b0-95cb-ef037251db5b,HB 201,relative to changing the penalties for driving without a license.,['bill'],[],2023,New Hampshire,lower
ocd-bill/b5f09bcb-0403-451c-ac61-7edb1c52a844,HB 150,relative to the certification of a collective bargaining unit.,['bill'],[],2023,New Hampshire,lower
ocd-bill/044d7fa9-cfe7-43d4-88fe-70852f49899c,SB 60,relative to water quality.,['bill'],[],2023,New Hampshire,upper
ocd-bill/eaf54b41-56ed-4181-a4dc-8105fb640510,HB 457,relative to state treasury pension and insurance fund management.,['bill'],[],2023,New Hampshire,lower
ocd-bill/d976e1c5-f8b5-4b25-b6a7-970188717712,SB 184,relative to the age at which a minor may receive mental health treatment without parental consent.,['bill'],[],2023,New Hampshire,upper
ocd-bill/fee78032-6e0a-43f5-9cfd-3fe57553feaa,SB 91,relative to the qualifications of dentists to administer general anesthesia or deep sedation.,['bill'],[],2023,New Hampshire,upper
ocd-bill/cc0600bf-c0b0-4921-ad66-6edf3ae53311,SB 39,relative to criminal history checks for school transportation monitors.,['bill'],[],2023,New Hampshire,upper
ocd-bill/f4289f2d-d675-4f63-bc7a-3c8cb05636ca,HB 413,authorizing advanced practice registered nurses and physician assistants to prescribe diabetic shoes.,['bill'],[],2023,New Hampshire,lower
ocd-bill/36e50bce-b137-4100-9e48-615b4c712179,SB 177,to create orthotics and prosthetics parity and ensure coverage of orthotics and prosthetics for the performance of physical activities for children 18 years of age and younger.,['bill'],[],2023,New Hampshire,upper
ocd-bill/8fe50368-e24d-453c-95e0-9db04cbfef20,HB 133,relative to repealing the communications services tax.,['bill'],[],2023,New Hampshire,lower
ocd-bill/10ce67b1-91c6-43b1-8f74-214f9873e5d2,HB 533,relative to public school human rights complaints.,['bill'],[],2023,New Hampshire,lower
ocd-bill/b8821a04-604a-42de-aeb7-2e5a19fd81dd,HB 580,establishing a children's vision screening initiative within the state Medicaid program.,['bill'],[],2023,New Hampshire,lower
ocd-bill/cd04200c-cfe3-4b50-8b44-501ee00c4d12,SB 138,making an appropriation to PFAS remediation fund grants.,['bill'],[],2023,New Hampshire,upper
ocd-bill/bbae56ea-5096-4fbc-8f06-a1185ee0cb6a,HB 81,establishing a study committee to examine all ancillary charges for propane gas sales.,['bill'],[],2023,New Hampshire,lower
ocd-bill/a73a6fb7-d16a-4a2a-b000-1a284ebade9f,HB 498,requiring fish and game officers to obtain a warrant to conduct a search and seizure.,['bill'],[],2023,New Hampshire,lower
ocd-bill/19354241-d8d5-4265-8553-9fd3665322c4,HB 571,relative to the cost of living adjustments for certain group II retirees in the New Hampshire retirement system.,['bill'],[],2023,New Hampshire,lower
ocd-bill/34dd1ab3-af4d-4263-97f5-0fd21ecdd1de,HB 248,relative to revenue from commemorative bottles of liquor.,['bill'],[],2023,New Hampshire,lower
ocd-bill/6f46184b-a00f-4359-8ac3-d99d3510c651,HB 655,relative to the office of professional licensure and certification.,['bill'],[],2023,New Hampshire,lower
ocd-bill/77afb456-4547-43ad-b570-2a9d7f8698a3,HB 366,prohibiting certain noncompete clauses and nondisclosure agreements regarding free software projects and the sharing of open source software.,['bill'],[],2023,New Hampshire,lower
ocd-bill/50c0cad3-d669-44c1-8ef0-3bf55fd159cf,SB 210,relative to the licensing of software applications by state agencies.,['bill'],[],2023,New Hampshire,upper
ocd-bill/c098c9aa-6d78-47af-94ea-4c7c3a8b8086,HB 148,to raise the minimum value of county purchases of equipment or materials which are subject to competitive bidding.,['bill'],[],2023,New Hampshire,lower
ocd-bill/a06df0a1-f825-450f-abe0-f77f480fdc07,CACR 1,relating to the governor. Providing that there be a lieutenant governor who shall assume the duties of the governor if the governor is incapacitated.,['constitutional amendment'],[],2023,New Hampshire,lower
ocd-bill/b040f560-0514-49ba-ba09-f20b2a5bad63,HB 582,requiring the division of vital records to collect induced termination of pregnancy statistics.,['bill'],[],2023,New Hampshire,lower
ocd-bill/82c61cf2-35c9-47b9-a40a-41d34f87f9e7,SB 190,relative to advanced deposit account wagering.,['bill'],[],2023,New Hampshire,upper
ocd-bill/fd7cda2b-5d92-4e0f-8c96-18073ee5effc,HB 363,relative to deadlines for candidates filing by nomination papers for state general elections.,['bill'],[],2023,New Hampshire,lower
ocd-bill/1636bf1c-26ef-4070-8fbe-a17a5267db5f,SB 69,relative to allowing certain nonprofits to participate as a customer-generator group hosts under net energy metering.,['bill'],[],2023,New Hampshire,upper
ocd-bill/6118a2b0-b114-41ef-ad81-45ed005412c7,HB 603,relative to education service providers under the education freedom accounts program.,['bill'],[],2023,New Hampshire,lower
ocd-bill/3553d99e-0ae1-42fd-b6d3-a9316f57797d,HB 539,relative to vaccination clinics at schools.,['bill'],[],2023,New Hampshire,lower
ocd-bill/4537d78a-afa6-4b86-8158-3ff56fd044f4,SB 164,relative to consideration of biodiversity in the land and community heritage investment program.,['bill'],[],2023,New Hampshire,upper
ocd-bill/85984af1-3d28-4a7b-b0f3-560f7c57322b,SB 120,"relative to charitable gaming license applications, wages, stakes, and bonds.",['bill'],[],2023,New Hampshire,upper
ocd-bill/894cf43e-06dc-4621-a48e-9c097ce3f753,SB 32,relative to the opioid abatement trust fund.,['bill'],[],2023,New Hampshire,upper
ocd-bill/7d86c563-c73d-41fd-8a3f-aae76dc5283f,HB 639,relative to the legalization and regulation of cannabis and making appropriations therefor.,['bill'],[],2023,New Hampshire,lower
ocd-bill/9ff7aec8-08ea-40de-b918-5e41d9fcfd44,HB 370,relative to after market window tinting on motor vehicles for drivers with medical conditions.,['bill'],[],2023,New Hampshire,lower
ocd-bill/dd1bd355-844e-41b9-9005-4dcef2e95f14,SB 207,"relative to mental health critical incident intervention and management, and relative to mental health practice.",['bill'],[],2023,New Hampshire,upper
ocd-bill/529b77fa-5cd2-4fcf-9f23-ed4affdeca2f,HB 376,"establishing a committee to study the current education, training, and requirements for personnel employed as emergency dispatchers and 911 telecommunicators for police, fire, and emergency medical organizations.",['bill'],[],2023,New Hampshire,lower
ocd-bill/3b11ea0b-a394-44db-99c6-dfa7265b8408,HB 486,relative to vehicle registrations and reciprocal toll collection enforcement agreements.,['bill'],[],2023,New Hampshire,lower
ocd-bill/ba297d1c-009c-4672-b83c-fc2a096e2409,HB 627,relative to local education improvement plans and disparities in education.,['bill'],[],2023,New Hampshire,lower
ocd-bill/79a993e7-e61e-441c-96f5-b96f9c405097,HB 653,prohibiting personal recognizance bail for violent crimes.,['bill'],[],2023,New Hampshire,lower
ocd-bill/bfe4c84b-6ae9-4628-b724-42bbc1e4dada,HB 385,relative to the approval of community electric aggregation plans by the department of energy.,['bill'],[],2023,New Hampshire,lower
ocd-bill/9b692f60-a737-433c-b8de-4530fe84e847,HB 455,"relative to creating a new state cause of action and special findings for abused, neglected, and abandoned children seeking special immigrant juvenile status under federal law.",['bill'],[],2023,New Hampshire,lower
ocd-bill/779a7ef5-9062-4563-99e2-c75e3eecb7fe,HB 100,to repeal the interest and dividends tax.,['bill'],[],2023,New Hampshire,lower
ocd-bill/448af92e-5f42-4910-bbbc-bb6c8f8523e4,HB 220,establishing a committee to study the regulatory structure of charitable gaming.,['bill'],[],2023,New Hampshire,lower
ocd-bill/556b2cd6-a8cb-485f-b2ca-bd635f37da4d,HB 250,relative to the accidental death benefit payable for a retirement system member.,['bill'],[],2023,New Hampshire,lower
ocd-bill/5a12b60b-14ac-497b-8417-97983dc117f5,HB 294,enabling municipalities to adopt a child tax credit.,['bill'],[],2023,New Hampshire,lower
ocd-bill/e19de4d2-7c98-421c-a6ad-7ff00570fbed,HB 192,relative to the rate and exemptions of the interest and dividends tax.,['bill'],[],2023,New Hampshire,lower
ocd-bill/14bee17a-cecf-48bb-90e5-6b9717a109c7,HB 504,relative to the adult parole board and making an appropriation therefor.,['bill'],[],2023,New Hampshire,lower
ocd-bill/fea73b34-894e-43ea-b060-69028e73d4ad,HB 306,relative to prohibiting reunification therapy.,['bill'],[],2023,New Hampshire,lower
ocd-bill/33781223-60ac-4a9e-b67c-55354943ffd2,HB 364,relative to transportation for students attending career and technical education centers.,['bill'],[],2023,New Hampshire,lower
ocd-bill/ae06a53c-a8f5-4baa-9c8f-0324f1a9734b,HB 377,"relative to screening and intervention in public schools and public charter schools for dyslexia and related disorders, and establishing an addition to adequate education grants for certain pupils screened for dyslexia and related disorders.",['bill'],[],2023,New Hampshire,lower
ocd-bill/9b99da05-a7b7-483a-b076-2d730c943a8f,HB 563,relative to the adoption of school administrative unit budgets.,['bill'],[],2023,New Hampshire,lower
ocd-bill/fb366cd4-5079-451e-afa1-0c3bdd24a807,HB 317,establishing a commission to study transitioning to a 2-tier waiver system for individuals eligible for disability services.,['bill'],[],2023,New Hampshire,lower
ocd-bill/7b96a421-acdc-4411-b52c-f26f3829d9fe,HB 415,making ballots cast in elections public documents.,['bill'],[],2023,New Hampshire,lower
ocd-bill/ee256c44-0964-46e5-9e5f-5c295a404de8,HB 298,relative to placement of personal wireless service facilities.,['bill'],[],2023,New Hampshire,lower
ocd-bill/16c585d7-4226-4bfd-b02a-d21f2089e6db,HR 16,relative to the Internal Revenue Service.,['resolution'],[],2023,New Hampshire,lower
ocd-bill/3765b42a-94b9-420a-bf9e-7e452bea6234,HB 242,relative to banning PFAS in food packaging.,['bill'],[],2023,New Hampshire,lower
ocd-bill/2c03a752-c95d-485b-bc7f-669517f15d74,SB 204,requiring trauma kits to be available in state-owned buildings.,['bill'],[],2023,New Hampshire,upper
ocd-bill/ecaab808-aacb-4096-b64e-3e3dd69a8130,HB 166,relative to the elimination of useful thermal energy from renewable energy classes.,['bill'],[],2023,New Hampshire,lower
ocd-bill/3c15b31f-143f-489a-a7d8-184944d555f8,HB 330,relative to the national guard recruitment incentive program and its funding and rulemaking.,['bill'],[],2023,New Hampshire,lower
ocd-bill/abe4c8d7-329b-4d91-bf7b-2ecb445a3141,HB 543,relative to discrimination against veterans and price discrimination among other protected classes.,['bill'],[],2023,New Hampshire,lower
ocd-bill/9dba77dd-b753-4d00-b7de-ae22f46215a8,HB 545,amending the victims' bill of rights.,['bill'],[],2023,New Hampshire,lower
ocd-bill/94eb1973-9b3f-4a19-8168-37d706164327,HB 122,relative to microenterprise home kitchen operations.,['bill'],[],2023,New Hampshire,lower
ocd-bill/295ca196-183a-4217-9ed5-2d4c3bd3951e,SB 212,"relative to the regulation of massage, reflexology, structural integrator, and Asian bodywork therapy establishments.",['bill'],[],2023,New Hampshire,upper
ocd-bill/70492557-78e3-4e55-be67-54dcb2c6c266,SB 270,relative to appropriations to the department of transportation.,['bill'],[],2023,New Hampshire,upper
ocd-bill/b3000dad-ef80-4c03-828e-132e38dc6176,HB 598,relative to funding maternal mortality reviews.,['bill'],[],2023,New Hampshire,lower
ocd-bill/3bf5c98d-a137-4000-8df7-22ab4ce1cff4,HB 414,relative to health insurance coverage for preventative PFAS care.,['bill'],[],2023,New Hampshire,lower
ocd-bill/e90a7964-eb3f-4931-8542-c943ee24f2f4,SB 209,relative to providing menstrual hygiene products at no cost to individuals who biologically menstruate in state and county correctional facilities.,['bill'],[],2023,New Hampshire,upper
ocd-bill/36f3bed3-8222-42fe-820d-92793d952eff,HB 252,exempting certain agricultural operations from certain municipal noise ordinances.,['bill'],[],2023,New Hampshire,lower
ocd-bill/7f392949-1dc7-46f3-8177-985dd9c166c0,HB 613,relative to regulation of the individual health insurance market under RSA 404-G.,['bill'],[],2023,New Hampshire,lower
ocd-bill/23811943-14bd-429e-919d-c07761369622,HB 273,requiring composting and waste recycling to be made available to residents of public housing.,['bill'],[],2023,New Hampshire,lower
ocd-bill/aa843992-d009-440e-a408-cb77077c21b5,HB 326,prohibiting the use of second generation anticoagulant rodenticides.,['bill'],[],2023,New Hampshire,lower
ocd-bill/6842c5fd-adea-4749-b8ce-6c0b50aa4a3b,HB 375,relative to the licensure of nonresident aliens temporarily residing in New Hampshire.,['bill'],[],2023,New Hampshire,lower
ocd-bill/04e85a98-2940-42da-b778-dc462436d3bf,HB 264,relative to amendments and corrections to birth records.,['bill'],[],2023,New Hampshire,lower
ocd-bill/6bc5ba1d-3932-49ba-bdad-05283e4ffd42,SB 219,relative to a salary floor for public school teachers.,['bill'],[],2023,New Hampshire,upper
ocd-bill/a25f09d4-7253-4328-b6a0-b95f0851d8c2,HB 588,relative to the criteria for applying for parole.,['bill'],[],2023,New Hampshire,lower
ocd-bill/8833c1bd-5e15-4562-a4e6-830003f7f085,HB 32,relative to possession or discharge of a firearm in a safe school zone.,['bill'],[],2023,New Hampshire,lower
ocd-bill/ea277ddd-202b-426a-b6ad-02f0b39dd40d,HB 154,relative to the adoption of public health ordinances by municipalities.,['bill'],[],2023,New Hampshire,lower
ocd-bill/1fff7dfd-82a9-4879-b64e-84cbc0949a4b,HB 396,relative to state recognition of biological sex.,['bill'],[],2023,New Hampshire,lower
ocd-bill/f55643dc-53c9-4316-b600-411b4cd5f47f,HB 327,prohibiting the state from requiring the public use proprietary software when visiting state websites.,['bill'],[],2023,New Hampshire,lower
ocd-bill/c6a7250a-8d32-4a8c-a6e1-06431b9f4769,HB 296,relative to local authority for granting driveway permits.,['bill'],[],2023,New Hampshire,lower
ocd-bill/71f27f6f-9703-40c2-83ce-f286f5652a58,HB 374,relative to the application process for driver's licenses and the privacy of motor vehicle records.,['bill'],[],2023,New Hampshire,lower
ocd-bill/b792b743-f027-4b58-96ec-372062b732a0,SB 145,relative to New Hampshire housing champion designation for municipalities and making appropriations therefor.,['bill'],[],2023,New Hampshire,upper
ocd-bill/1f4a1fed-d474-4631-933d-5a49ea79633a,HB 344,relative to the home cultivation of cannabis plants and the possession of certain cannabis-infused products.,['bill'],[],2023,New Hampshire,lower
ocd-bill/c4de4090-7b0c-4ce6-9507-5f12abb1e9ac,HB 91,relative to privacy obligations of the department of health and human services.,['bill'],[],2023,New Hampshire,lower
ocd-bill/17fe5a95-9bfc-4ee4-8629-f0942c46988b,SB 79,relative to the participation of customer generators in net energy metering.,['bill'],[],2023,New Hampshire,upper
ocd-bill/129ce446-4402-4327-9d78-84caece0ce47,HB 193,relative to administration of the New Hampshire retirement system.,['bill'],[],2023,New Hampshire,lower
ocd-bill/4646e5d3-b571-4a31-be43-a71444139acc,SB 141,relative to administration of the education freedom accounts program.,['bill'],[],2023,New Hampshire,upper
ocd-bill/82daa4b3-9d5d-41ec-a802-d420af22c6f4,HB 194,requiring the director of the division of archives and records management to compile and maintain a list of public monuments.,['bill'],[],2023,New Hampshire,lower
ocd-bill/9e43f8ef-d7b4-4c90-8d08-11fc898556b0,CACR 9,relating to the New Hampshire presidential primary. Providing that the New Hampshire presidential primary will be the first presidential primary of a presidential election cycle.,['constitutional amendment'],[],2023,New Hampshire,upper
ocd-bill/33492a5c-abc2-459e-b8df-8b29eed0b83f,HB 49,relative to postponing the closure of the Sununu Youth Services Center.,['bill'],[],2023,New Hampshire,lower
ocd-bill/b45c4076-d620-4c42-8d97-a35132e6a5d7,HB 621,relative to funds of the education freedom accounts program after termination of a student's participation and responsibilities of the scholarship organization.,['bill'],[],2023,New Hampshire,lower
ocd-bill/4697ac6e-471f-4adf-9b67-0b73a45930fe,SB 255,relative to the expectation of privacy.,['bill'],[],2023,New Hampshire,upper
ocd-bill/ccb5256e-5dc1-44f4-9b26-19b0dcd9d7c5,SB 215,relative to nursing certification requirements.,['bill'],[],2023,New Hampshire,upper
ocd-bill/7539f4f5-8b8b-4498-acf3-324b97653fa7,SB 205,relative to a cost of living adjustment in the state retirement system.,['bill'],[],2023,New Hampshire,upper
ocd-bill/dc0d30cd-9ae1-47fb-8121-d92027e8615f,HB 361,relative to Pease development authority board of directors.,['bill'],[],2023,New Hampshire,lower
ocd-bill/8679bab6-0824-4732-a900-1060462a5dcf,HB 629,establishing a student bill of rights.,['bill'],[],2023,New Hampshire,lower
ocd-bill/75f9d164-1752-4f9e-a33c-7038ad890335,HB 595,relative to the oversight of the public deposit investment pool.,['bill'],[],2023,New Hampshire,lower
ocd-bill/4cc75b69-2350-4a01-b7b0-06605cd0a9bf,SB 77,relative to changes in school placement for students.,['bill'],[],2023,New Hampshire,upper
ocd-bill/804b0da9-6d2d-42a6-94c6-141b450d8adb,HB 51,relative to requiring towns and school districts use warrant articles for lobbying agents.,['bill'],[],2023,New Hampshire,lower
ocd-bill/a1b66bec-fc6e-4d3d-a0fc-9015841008e5,SB 144,relative to the state minimum hourly rate.,['bill'],[],2023,New Hampshire,upper
ocd-bill/47cb2159-0110-4c95-8665-3396ea770024,SB 18,relative to the purchase of duck stamps and the suspension or revocation of a license issued by the fish and game commission.,['bill'],[],2023,New Hampshire,upper
ocd-bill/96910c02-c16b-48fe-aead-59f5ba688ce9,HB 491,relative to prohibiting the use of the prone restraint for minors.,['bill'],[],2023,New Hampshire,lower
ocd-bill/2e7a37d2-77ae-4eb3-8326-59f1fbd0d293,SB 71,relative to workers' compensation for firefighter cancer disease.,['bill'],[],2023,New Hampshire,upper
ocd-bill/77e4944f-5d6f-4c0a-b903-804a1ee6626c,HB 259,relative to a study about making working at polling places on election day a civic responsibility and legal obligation for citizens.,['bill'],[],2023,New Hampshire,lower
ocd-bill/279255c2-a677-46d2-b8bb-3258a64c6098,SB 36,relative to systems of care for healthy aging.,['bill'],[],2023,New Hampshire,upper
ocd-bill/d0b9b8f0-869a-4b64-9279-5ef89121da2f,HB 389,relative to consumer protection relating to hospital price transparency.,['bill'],[],2023,New Hampshire,lower
ocd-bill/d64b30fc-f921-4cdc-a2ee-6747addddc57,HB 346,relative to the right of any infant born alive to appropriate medical care and treatment.,['bill'],[],2023,New Hampshire,lower
ocd-bill/b8c5bf57-15a7-4bc3-bbd7-4e0586d6f3b1,SB 93,relative to the individualized education programs of chartered public school students.,['bill'],[],2023,New Hampshire,upper
ocd-bill/60abefae-9e57-4953-9731-d17c27ef457f,HB 43,relative to county commissioners' custody and care of all property.,['bill'],[],2023,New Hampshire,lower
ocd-bill/05ebf16c-4e7b-4b10-8856-e6c1d0603be1,SB 260,relative to deductions under the business profits tax for compensation of members and owners.,['bill'],[],2023,New Hampshire,upper
ocd-bill/5c110631-5000-4206-b729-65dbef6bb592,SB 142,relative to the regulation of forms and rates for property and casualty insurance.,['bill'],[],2023,New Hampshire,upper
ocd-bill/ed07bc6a-8e56-4fba-93ec-2d77be9b53a6,HB 212,"appropriating funding for investigations, testing, and monitoring relative to per- and polyfluoroalkyl substances.",['bill'],[],2023,New Hampshire,lower
ocd-bill/678d5d0f-a9e2-4d59-8bc6-2c0350e0379c,SB 244,relative to false public alarms.,['bill'],[],2023,New Hampshire,upper
ocd-bill/a602bf37-272a-4b5d-bf7c-ee64372dc2c5,SB 48,"relative to the definition of ""way"" for the purposes of driving after revocation or suspension.",['bill'],[],2023,New Hampshire,upper
ocd-bill/a0c4926c-cc82-4d6d-bc0e-5a6379e457ba,HB 113,relative to the physical fitness performance requirements for law enforcement officers.,['bill'],[],2023,New Hampshire,lower
ocd-bill/9167864e-55bb-43cd-97d5-6b43930a5263,HB 144,restoring firearm ownership rights to ex-felons.,['bill'],[],2023,New Hampshire,lower
ocd-bill/b03935bc-62fc-4169-ac8b-d0312d677fc9,HB 446,relative to participation in the education freedom accounts program by students with disabilities.,['bill'],[],2023,New Hampshire,lower
ocd-bill/bd2a15e5-63cb-45a4-a4e9-09cef4135778,HB 182,prohibiting discharge of volunteer firefighters or volunteer emergency medical technicians from other employment.,['bill'],[],2023,New Hampshire,lower
ocd-bill/d4d334c5-010f-4a04-bc6c-ce4e40a4d225,HB 512,exempting firearms manufactured in New Hampshire from federal laws and regulations.,['bill'],[],2023,New Hampshire,lower
ocd-bill/28ada58d-7b4b-40b7-bb2b-55d2709393e4,HB 299,prohibiting discrimination in medical care.,['bill'],[],2023,New Hampshire,lower
ocd-bill/0b71deec-8ad4-47d8-acaa-93489ac4b6aa,SB 53,relative to the definition of the state building code.,['bill'],[],2023,New Hampshire,upper
ocd-bill/eff3a503-239a-4e8d-ad65-c4acaf0c2da4,HB 433,providing that property tax exemptions granted prior to a home sale shall not be applied to the new homeowner.,['bill'],[],2023,New Hampshire,lower
ocd-bill/87cdbf2b-d254-4f0b-abda-11963cbc3963,SB 217,establishing a rural and underserved area educator incentive program for higher education and making an appropriation therefor.,['bill'],[],2023,New Hampshire,upper
ocd-bill/cc5eace7-8c9b-4721-b5d8-9007b6631926,SB 161,relative to low-moderate income community solar projects.,['bill'],[],2023,New Hampshire,upper
ocd-bill/f998c930-6d2f-4554-a403-90162491cdb2,HB 35,requiring student identification cards to include the National Eating Disorders Hotline.,['bill'],[],2023,New Hampshire,lower
ocd-bill/a2cc9b8e-97cd-485c-b1e8-13a38a73c539,HB 233,relative to useful thermal energy under the renewable portfolio standards.,['bill'],[],2023,New Hampshire,lower
ocd-bill/9185f597-2d95-435b-86ea-e80f4c816674,HB 25,making appropriations for capital improvements.,['bill'],[],2023,New Hampshire,lower
ocd-bill/83883258-0b0b-46cb-8eee-91978bd8d04a,HB 187,permitting a police chief or other designated law enforcement officer to serve process.,['bill'],[],2023,New Hampshire,lower
ocd-bill/c4616348-9b78-4b62-97ca-d06250633b09,HB 435,relative to relief aid calculation in determining grants for adequate education.,['bill'],[],2023,New Hampshire,lower
ocd-bill/17ac82e5-d993-46c5-93d2-20440b9d8445,HB 642,relative to budget flexibility for services for the developmentally disabled.,['bill'],[],2023,New Hampshire,lower
ocd-bill/4d730465-105d-489f-a63e-667aca9ce716,SB 76,relative to reporting of medico-legal deaths.,['bill'],[],2023,New Hampshire,upper
ocd-bill/90e926e6-ff4d-4247-b2c8-f4ae91e23f42,SB 154,relative to tuition waivers for children in guardianships after being in state foster care.,['bill'],[],2023,New Hampshire,upper
ocd-bill/0325e75e-776f-4500-a817-69d26f7cc0b0,HB 649,repealing the collection of the state education property tax.,['bill'],[],2023,New Hampshire,lower
ocd-bill/aa3fefe9-7423-4187-a9ca-bf92e2826da7,HB 608,establishing a pilot program to support the bureau of developmental services redesign.,['bill'],[],2023,New Hampshire,lower
ocd-bill/2dd15d4b-4912-4740-9df3-7f906b3f09ad,HB 406,relative to parental access to children's medical records.,['bill'],[],2023,New Hampshire,lower
ocd-bill/80788f5b-859a-4811-8071-0c0818b146a4,HB 246,relative to uses of moneys in the renewable energy fund.,['bill'],[],2023,New Hampshire,lower
ocd-bill/249135cc-e0a1-4e92-bba0-9860998ecd08,HB 528,relative to school lunches and establishing the meals for students fund.,['bill'],[],2023,New Hampshire,lower
ocd-bill/7605dab3-9cb6-430f-a8e9-22be0365c413,HB 240,relative to equal access to marriage.,['bill'],[],2023,New Hampshire,lower
ocd-bill/56621b3d-b448-4d36-b300-f323d8638009,HB 265,relative to municipal property tax relief for installation of fire suppression systems.,['bill'],[],2023,New Hampshire,lower
ocd-bill/59dbf60a-2d43-44e2-8cb6-223e748c24e6,HB 74,relative to an employee's unused earned time.,['bill'],[],2023,New Hampshire,lower
ocd-bill/92eab275-d646-48bd-9045-2eff48fce03c,SB 150,relative to the family mediator certification board.,['bill'],[],2023,New Hampshire,upper
ocd-bill/069f7af6-2bc7-4454-ab17-8331510217a0,HB 535,requiring an attorney for a child who is the subject of a proceeding in a family court case.,['bill'],[],2023,New Hampshire,lower
ocd-bill/7f765003-80b2-449d-92d8-8e4aa4a8f907,HB 439,relative to the duty to provide an education and contracts with private schools.,['bill'],[],2023,New Hampshire,lower
ocd-bill/5bef6401-47e7-4a67-8c10-42be829a86c4,SB 94,relative to residential child care licensing of child care institutions and agencies.,['bill'],[],2023,New Hampshire,upper
ocd-bill/b81af6da-ddb0-4211-af7b-90fa11696052,HB 437,relative to a reading assessment and intervention program.,['bill'],[],2023,New Hampshire,lower
ocd-bill/c9db7a72-f4fb-468a-a7ec-ce66f42a4730,SB 183,exempting certain phone calls from the right to know law.,['bill'],[],2023,New Hampshire,upper
ocd-bill/334f441c-ad32-4409-9685-a9931f42c7b9,SB 20,relative to keno license applications and fees.,['bill'],[],2023,New Hampshire,upper
ocd-bill/16140850-5ac7-4dd9-b2e8-47b35066fcbd,SB 180,relative to product labeling and information guide requirements for cannabis products and the prohibition of the sale of hemp products containing certain levels of THC.,['bill'],[],2023,New Hampshire,upper
ocd-bill/943b1e3b-e4be-421c-9d9c-251f6ce61a81,HB 628,requiring certain non-public schools or education service providers that accept public funds to perform background checks on all employees and volunteers.,['bill'],[],2023,New Hampshire,lower
ocd-bill/95c88ea9-b561-4b9b-a38f-201edc783909,SB 59,relative to the director of charitable trusts.,['bill'],[],2023,New Hampshire,upper
ocd-bill/84ba2de9-2910-453a-88a6-645de12e0dd4,SB 189,relative to the definition of gross business profits in determining taxable business profits.,['bill'],[],2023,New Hampshire,upper
ocd-bill/7f6c035c-0eb6-4aa0-8f54-6b565b3f4c1f,SB 47,establishing a commission to study barriers to increased density of residential development in New Hampshire.,['bill'],[],2023,New Hampshire,upper
ocd-bill/65a2d805-4c7f-4f5a-961b-55d470baa39e,SB 11,relative to African American burial grounds.,['bill'],[],2023,New Hampshire,upper
ocd-bill/1c343e01-1c6d-4d05-b3ce-d8c1339d3984,SB 129,relative to the payment of costs for indigent persons involved in mediation services.,['bill'],[],2023,New Hampshire,upper
ocd-bill/18b0a523-978a-4e26-b3ee-d08462fcd62f,SB 92,relative to the authority of registers of probate.,['bill'],[],2023,New Hampshire,upper
ocd-bill/1e2fcd60-edb1-43ab-9ad4-a26f3a015645,SB 165,relative to the online energy data platform.,['bill'],[],2023,New Hampshire,upper
ocd-bill/9b274f72-2294-4f8d-a68b-7988a51a499b,HB 449,relative to the calculation of group II retirement benefits in the retirement system.,['bill'],[],2023,New Hampshire,lower
ocd-bill/5316f933-bcff-4a2d-8b21-3bcd5a5d2ee8,SB 261,relative to the interest and dividends tax rate and threshold.,['bill'],[],2023,New Hampshire,upper
ocd-bill/4a08944c-68a3-4502-a334-27fff8bfc0fd,SB 122,relative to construction of a public pier on Hampton Beach and making an appropriation therefor.,['bill'],[],2023,New Hampshire,upper
ocd-bill/8ca2ed38-c28b-42c7-95e4-77bbf448fe3a,SB 35,relative to RSV vaccine administration.,['bill'],[],2023,New Hampshire,upper
ocd-bill/6cc4675f-1aed-4a53-859b-04f19a7ba05e,SB 257,relative to access to drivers' license information for legitimate business purposes.,['bill'],[],2023,New Hampshire,upper
ocd-bill/6a5655e3-2176-4740-9b78-74b8561028cf,SB 99,relative to the responsibilities of insurers in conducting reviews of the operations of administrators.,['bill'],[],2023,New Hampshire,upper
ocd-bill/3deaef3c-531d-4b29-8d1d-e57b0db62bd6,HB 210,relative to fire insurance contracts.,['bill'],[],2023,New Hampshire,lower
ocd-bill/9adbd7cb-f570-498d-b5ce-fc6908c3067e,HB 73,relative to the repair of home appliances.,['bill'],[],2023,New Hampshire,lower
ocd-bill/749a0746-870f-429c-9771-0c7b02a1e295,HB 378,requiring a health care provider to inform and offer to take and preserve blood and urine samples from a patient who may have been drugged or sexually assaulted.,['bill'],[],2023,New Hampshire,lower
ocd-bill/62546f42-1915-42c5-96ea-a53254972546,HB 409,relative to the organization of the office of professional licensure and certification.,['bill'],[],2023,New Hampshire,lower
ocd-bill/aeb1d6be-0c53-4bec-ac5a-465339ca9f17,HB 587,relative to a New Hampshire first designation on the donor registry for anatomical gifts.,['bill'],[],2023,New Hampshire,lower
ocd-bill/0a816e9f-457d-4f5e-b54f-987e8045e10a,SB 173,relative to surprise medical bills.,['bill'],[],2023,New Hampshire,upper
ocd-bill/bd2d7c19-34c1-43bb-8590-641f562a0d7a,HB 372,"establishing a commission to study the short and long-term impacts of pending national and regional carbon pricing mechanisms on New Hampshire's citizens, businesses, institutions, and environment.",['bill'],[],2023,New Hampshire,lower
ocd-bill/4b9a9992-c057-40ab-abea-98f3f673f8c1,HB 70,relative to residency requirements for deputy town clerks.,['bill'],[],2023,New Hampshire,lower
ocd-bill/36513b91-4e1b-4412-9ad1-67d14821673a,SB 232,making an appropriation to support the work of the New Hampshire Internet Crimes Against Children Task Force.,['bill'],[],2023,New Hampshire,upper
ocd-bill/80c31a37-3d5a-44a2-80bd-3eaf88d4ecd1,HB 323,relative to establishing a committee on emerging medical technologies.,['bill'],[],2023,New Hampshire,lower
ocd-bill/ea7e9c68-3733-4bb8-86b7-77fccc7c81e9,HB 238,relative to the role of quality control and the developmental disability service system.,['bill'],[],2023,New Hampshire,lower
ocd-bill/2348bba9-8bae-427f-882d-81537d50e71a,HB 172,relative to investigating potential redundancies between the prescription drug affordability board and existing state agency programs regarding prescription drug cost data.,['bill'],[],2023,New Hampshire,lower
ocd-bill/93da03b9-f908-4ff0-b094-32747779842c,HB 94,establishing October 2023 as eczema awareness month.,['bill'],[],2023,New Hampshire,lower
ocd-bill/1851bb82-0e45-4ec9-b1b7-f08ff9a4e0f6,HB 104,relative to multi-stall bathrooms and locker rooms in schools.,['bill'],[],2023,New Hampshire,lower
ocd-bill/31cafb03-973d-4658-8bd6-fdaaf96466fd,HB 607,relative to the regulation of games of chance.,['bill'],[],2023,New Hampshire,lower
ocd-bill/707004be-b71d-4814-88a8-fcd9622211a2,SB 206,prohibiting corporal punishment in child day care agencies.,['bill'],[],2023,New Hampshire,upper
ocd-bill/05d71fe0-bc48-43d8-b059-48478338deae,SB 49,"relative to creating a dedicated, non-lapsing fund, and a biennial report of such fund, for OPLC.",['bill'],[],2023,New Hampshire,upper
ocd-bill/390a88d9-8c96-487e-8ad6-89378b02e266,HB 167,relative to nano brewery licensing.,['bill'],[],2023,New Hampshire,lower
ocd-bill/c8b81bdf-52b3-46f3-bfe9-0ff5f53b5790,HB 492,requiring the department of education to provide the house and senate standing committees responsible for education with copies of the laws and rules relative to education.,['bill'],[],2023,New Hampshire,lower
ocd-bill/f11fbf2c-c030-4062-a696-ff9c8dc2a5c5,CACR 2,relating to reproductive freedom. Providing that all persons have the right to make their own reproductive decisions.,['constitutional amendment'],[],2023,New Hampshire,lower
ocd-bill/1fdce284-ba21-491b-b2ee-c0de6eac5a3d,HB 397,relative to the prohibition of the possession of hypodermic needles by minors.,['bill'],[],2023,New Hampshire,lower
ocd-bill/7e5e5e1c-2683-4b1f-80da-52079cb0de5c,HB 466,relative to water bottle filling stations in schools.,['bill'],[],2023,New Hampshire,lower
ocd-bill/402c6f39-5b8b-418d-ae12-8284cdbf691d,HB 405,relative to out-of-state college students voting.,['bill'],[],2023,New Hampshire,lower
ocd-bill/4fa60410-b417-475f-a9b0-bdf2fdcbc6df,SB 115,relative to making an appropriation to the department of health and human services for the purpose of funding vaccine administration through public health departments.,['bill'],[],2023,New Hampshire,upper
ocd-bill/1e45b5e3-157e-4f44-a53f-2006ddef28dc,SB 131,relative to health care provider contract standards.,['bill'],[],2023,New Hampshire,upper
ocd-bill/b6c24e45-d122-4aa1-9500-2e666e25f19e,SB 176,relative to insurance coverage for pelvic floor therapy.,['bill'],[],2023,New Hampshire,upper
ocd-bill/14f0caec-de19-4ba2-8fe0-8ee653bdaf95,SB 116,relative to discharge from the secure psychiatric unit of the state prison.,['bill'],[],2023,New Hampshire,upper
ocd-bill/47f267d3-737b-40dd-8931-d2ba6b85602e,SB 229,relative to administration of certain wetlands permits by the department of environmental services.,['bill'],[],2023,New Hampshire,upper
ocd-bill/f604eb88-28fa-4485-8a8e-24565a1d1178,HB 520,"relative to escrow accounts maintained by licensed nondepository mortgage bankers, brokers, and servicers.",['bill'],[],2023,New Hampshire,lower
ocd-bill/f1e7e03e-b74a-4e38-8a21-59d7a229ebe5,HB 255,relative to campaign contributions by limited liability companies.,['bill'],[],2023,New Hampshire,lower
ocd-bill/46d287e4-7afd-474e-b932-8cb1f45a4816,HB 279,increasing the penalty for on-premises licensees overserving alcohol.,['bill'],[],2023,New Hampshire,lower
ocd-bill/1bfa11a0-2e7e-4d85-b4be-8cff530f42e9,SB 82,relative to prompt payments for managed care.,['bill'],[],2023,New Hampshire,upper
ocd-bill/7a23c400-08e0-476d-9b52-6337bb7f3fc2,HB 569,relative to the state education property tax and the low and moderate income homeowners property tax relief program.,['bill'],[],2023,New Hampshire,lower
ocd-bill/b11ad7e2-8f77-44ff-b435-c8c8efd73e40,HB 170,requiring the teaching of cursive handwriting and multiplication tables.,['bill'],[],2023,New Hampshire,lower
ocd-bill/c686a2b6-bb7c-4aad-ae87-81226eb3e0c8,SB 250,relative to remote participation in government meetings.,['bill'],[],2023,New Hampshire,upper
ocd-bill/9bf6e4e1-bb60-4690-8b55-15c89ff0ce35,SB 236,establishing a committee to study nonprofit organizations contracting with the department of health and human services for children's services.,['bill'],[],2023,New Hampshire,upper
ocd-bill/8652891c-9445-492c-92b2-f0a344957bb8,HB 68,adopting the uniform real property transfer on death act.,['bill'],[],2023,New Hampshire,lower
ocd-bill/7edd4f12-535f-4e8a-854a-150388f74001,HB 430,relative to applications for the education freedom accounts program.,['bill'],[],2023,New Hampshire,lower
ocd-bill/8eea41cf-fc76-425b-bd71-6dccfcd9f686,SB 34,relative to the controlled drug prescription health and safety program.,['bill'],[],2023,New Hampshire,upper
ocd-bill/f51b5053-0649-4362-aadb-115e67d0fb11,HB 173,relative to toilet facilities provided by restaurants.,['bill'],[],2023,New Hampshire,lower
ocd-bill/c928f9fa-fae2-499e-bff1-e9900e10a82d,HB 239,relative to condominium disclosure of financial information.,['bill'],[],2023,New Hampshire,lower
ocd-bill/5aaf0f80-9c04-47ac-9b1a-a5f996667ea6,HB 86,relative to prohibiting the state from contracting with Chinese government owned or affiliated technology manufacturers.,['bill'],[],2023,New Hampshire,lower
ocd-bill/7dd2952a-5962-47c3-a787-318c4571775f,HB 108,"relative to the confidentiality of reports made to the division of children, youth, and families and requiring guardians ad litem be appointed in certain instances.",['bill'],[],2023,New Hampshire,lower
ocd-bill/e25a76a4-e045-45d0-90ce-a0e63b19bb80,SB 105,relative to information collected by the division of vital records administration as part of the live birth worksheet.,['bill'],[],2023,New Hampshire,upper
ocd-bill/bc9e4802-7c09-4a61-beb4-41fd4f8ea0d0,HB 217,establishing a committee to study the effects of fluoride on fetuses and children.,['bill'],[],2023,New Hampshire,lower
ocd-bill/28891896-a09e-4491-85e8-d1e1b11294ec,HB 421,relative to providing menstrual hygiene products at no cost to individuals who biologically menstruate in state and county correctional facilities.,['bill'],[],2023,New Hampshire,lower
ocd-bill/21dd080b-c4e2-4932-8722-ecf0f54d5d98,HB 349,"relative to a special purpose school district for Bridgewater, Hebron, and Groton.",['bill'],[],2023,New Hampshire,lower
ocd-bill/4d31c834-8011-49bc-ba31-dd14f877e810,SB 162,"relative to exemptions from rabies vaccinations for dogs, cats, and ferrets.",['bill'],[],2023,New Hampshire,upper
ocd-bill/ddf21e20-8e2a-4cb5-a2c4-823c98d9a815,HB 392,relative to constitutional convention procedures for delegates.,['bill'],[],2023,New Hampshire,lower
ocd-bill/e4a62606-c53b-45bb-ab52-44b3897122ce,HB 87,relative to county responsibility for capital building projects.,['bill'],[],2023,New Hampshire,lower
ocd-bill/13da9743-8692-499f-b13a-690aeb208a2b,HB 517,relative to background checks for surrogate parents.,['bill'],[],2023,New Hampshire,lower
ocd-bill/d9950ad9-cb06-4c38-aca3-a836b4e382de,HB 249,establishing regulatory standards for the pet insurance industry and allowing restaurant owners to keep their dog on the premises.,['bill'],[],2023,New Hampshire,lower
ocd-bill/f2719ae5-835b-4139-954e-eb5849593a6f,HB 75,relative to the election of Strafford county commissioners.,['bill'],[],2023,New Hampshire,lower
ocd-bill/4630b0ae-711f-4cd9-8f6b-35a9013b7247,SB 239,relative to the use of harm reduction services to treat alcohol and other substance misuse.,['bill'],[],2023,New Hampshire,upper
ocd-bill/6124f194-44dc-4dc8-9cde-ffe96e81dc67,HB 261,authorizing residential tenants to terminate their lease in instances of domestic violence or following a disabling illness or accident.,['bill'],[],2023,New Hampshire,lower
ocd-bill/6a95f275-6695-4993-8ace-801af0adf4f4,HB 500,relative to prescribing opioids via telehealth medicine.,['bill'],[],2023,New Hampshire,lower
ocd-bill/67e176fd-74bb-4bcc-a9fb-6e6a1e2bcbac,HB 530,relative to withdrawal from a cooperative school district.,['bill'],[],2023,New Hampshire,lower
ocd-bill/e7d0017f-ca5b-4142-9d32-9dc4a3fc3ca0,SB 211,relative to background investigations of solid waste and hazardous waste facility permit applicants.,['bill'],[],2023,New Hampshire,upper
ocd-bill/33788279-88f4-4180-85ee-18cbaf181a45,HB 156,relative to misconduct by a law enforcement officer.,['bill'],[],2023,New Hampshire,lower
ocd-bill/0cbfc603-d0e1-496c-b929-0db4c5924706,HB 244,relative to the delivery of absentee ballots.,['bill'],[],2023,New Hampshire,lower
ocd-bill/f5af706a-506f-4b67-85a9-5c22b520119c,SB 19,relative to the operation of bingo games and the sale of lucky 7 tickets.,['bill'],[],2023,New Hampshire,upper
ocd-bill/f09000f1-9ed9-4b21-99ed-20d94dcf19b4,HB 287,removing fentanyl and xylazine testing equipment from the definition of drug paraphernalia in the controlled drug act.,['bill'],[],2023,New Hampshire,lower
ocd-bill/596212bc-8171-4c5f-8390-5e832eae52a6,SB 130,relative to a court security officer training program.,['bill'],[],2023,New Hampshire,upper
ocd-bill/6ea308f0-dd49-492e-9a0f-5b931fa442eb,SB 110,relative to residency status.,['bill'],[],2023,New Hampshire,upper
ocd-bill/98484406-41ce-4679-a1de-b3837298e4d7,SB 61,relative to surface water setbacks for landfills.,['bill'],[],2023,New Hampshire,upper
ocd-bill/68d0f1c1-3640-4ad0-92a3-37fc7f86e07d,HB 236,relative to condominium conversions under water and waste disposal laws and municipal ordinances.,['bill'],[],2023,New Hampshire,lower
ocd-bill/09e1788a-c86d-47b3-8a52-071879679eff,SB 241,relative to graduated public assistance programs.,['bill'],[],2023,New Hampshire,upper
ocd-bill/b9b2ca58-337a-421d-9867-70d0946dc1cb,SB 201,relative to resale of event tickets.,['bill'],[],2023,New Hampshire,upper
ocd-bill/e9e39864-24b7-4348-9f38-d32a65013f38,SB 237,relative to the child care scholarship program and making an appropriation therefor.,['bill'],[],2023,New Hampshire,upper
ocd-bill/6de5423d-89af-4d70-b1ea-1b67bcd1379f,SB 104,to regulate online gambling and direct net proceeds to a community college education scholarship fund.,['bill'],[],2023,New Hampshire,upper
ocd-bill/9f63eb50-ace0-4614-8867-ae267d2d5983,SB 218,establishing an early educator professional development grant.,['bill'],[],2023,New Hampshire,upper
ocd-bill/74c01299-cc85-403f-86b5-b2f06198274b,HB 285,authorizing the department of revenue administration to incorporate the New Hampshire equalization manual into the administrative rules and relative to the development of forms or returns by the department.,['bill'],[],2023,New Hampshire,lower
ocd-bill/c873b7bf-2f75-4f03-912a-d3e5a6af6a2d,HB 235,establishing a committee to study the landlord tenant mediation program.,['bill'],[],2023,New Hampshire,lower
ocd-bill/71b3217c-b6a7-4e0f-8653-27ce11a12c24,SB 127,relative to certain programs administered by the department of health and human services.,['bill'],[],2023,New Hampshire,upper
ocd-bill/7f517ecc-0b0a-494d-bed5-6b784ce5d26d,HB 325,relative to the controlled drug prescription health and safety program advisory council members.,['bill'],[],2023,New Hampshire,lower
ocd-bill/367d6894-ab8c-44c5-959c-27b043acdd2c,SB 197,relative to the operation and regulation of certain business entities within the state.,['bill'],[],2023,New Hampshire,upper
ocd-bill/f8206e9f-a40e-45f2-9365-3954bfd96f2e,HB 339,prohibiting the investment of state funds in any company participating in a boycott of Israel.,['bill'],[],2023,New Hampshire,lower
ocd-bill/909acb7e-8f15-49c9-8111-68efb1ac65ea,HB 245,relative to the compensation of members of the general court.,['bill'],[],2023,New Hampshire,lower
ocd-bill/df6d2915-0a3f-463f-b17f-9b2d745dd149,HB 559,establishing a state retirement plan group for new state employee members of the retirement system.,['bill'],[],2023,New Hampshire,lower
ocd-bill/896a408f-1c00-436b-a932-34e45cdb424e,HB 495,relative to counting votes.,['bill'],[],2023,New Hampshire,lower
ocd-bill/bdd4eb48-7dbd-40b3-9ae8-40b5bee03d12,HB 605,relative to solar generation under the renewable portfolio standards.,['bill'],[],2023,New Hampshire,lower
ocd-bill/f10c0a26-337c-4492-bd94-288b4f5e0b9e,HB 280,relative to the sale of freeze-dried food.,['bill'],[],2023,New Hampshire,lower
ocd-bill/0617c4b6-8e1e-4c4a-8618-10ac224e11f0,HB 428,relative to mental health practice.,['bill'],[],2023,New Hampshire,lower
ocd-bill/fa2702d7-9caa-4014-80da-ce4571113c6b,HB 651,authorizing the department of education and local school districts to contract with transportation network companies to provide school transportation services.,['bill'],[],2023,New Hampshire,lower
ocd-bill/952bce0d-d3cc-4474-8b40-0415b57b2408,HR 11,relative to welcoming communities.,['resolution'],[],2023,New Hampshire,lower
ocd-bill/c9a6135a-1833-45d4-b5f7-be9193bd5d65,HR 1,adopting the rules of the 2022 session for the 2023-2024 biennium.,['resolution'],[],2023,New Hampshire,lower
ocd-bill/2303c45f-f59f-45d7-bc42-edb14977043c,SB 84,relative to legislative study committees and commissions.,['bill'],[],2023,New Hampshire,upper
ocd-bill/73208682-06c4-4851-86da-f84aa734c7d4,HB 109,relative to the occupational therapy practice act.,['bill'],[],2023,New Hampshire,lower
ocd-bill/13f1ffca-6402-4b43-be42-341f46030b11,HR 6,calling for a special run-off election for representative to the general court between Chuck Grassie and David Walker.,['resolution'],[],2023,New Hampshire,lower
ocd-bill/903433e0-90a2-45fe-b494-6bbd749f6911,SB 118,requiring children under the age of 2 years to be restrained in a motor vehicle.,['bill'],[],2023,New Hampshire,upper
ocd-bill/964cbfb0-8140-464d-ba0e-47dbb4b2580a,HR 4,the Speaker employing personnel per RSA 17-E:5.,['resolution'],[],2023,New Hampshire,lower
ocd-bill/573b425b-f913-463e-9f57-d8f1396f670a,HB 534,relative to water assistance for natural disasters.,['bill'],[],2023,New Hampshire,lower
ocd-bill/7517dbf5-786e-4670-b59a-0a91b29c814d,SR 7,"RESOLVED, that the Senate meet in Joint Convention with the House of Representatives for the purpose of hearing the report of the Joint Committee appointed to compare and count the votes for Governor and Executive Council, for the Inauguration of the Governor, the Honorable Christopher T. Sununu, and for the taking of the oath by the Executive Council.",['resolution'],[],2023,New Hampshire,upper
ocd-bill/2b391747-7b82-452d-ba48-b6e35991b653,HB 641,relative to clearance inspections following identification of a lead exposure hazard.,['bill'],[],2023,New Hampshire,lower
ocd-bill/9484c4ac-8b4e-4e09-81bf-cdc47b0b3da4,SR 5,"RESOLVED, that the Senate meet in Joint Convention with the House of Representatives for the purpose of electing the Secretary of State and the State Treasurer.",['resolution'],[],2023,New Hampshire,upper
ocd-bill/20d31591-1ca1-4bc0-b4fd-4f8d70b4f16a,HB 45,establishing a committee to study student loan forgiveness in New Hampshire.,['bill'],[],2023,New Hampshire,lower
ocd-bill/59df2696-1988-4d77-a9fc-5ff1f01c35ea,SB 58,relative to arrests without a warrant while in the care of a medical professional on the premises of a residential care or health care facility.,['bill'],[],2023,New Hampshire,upper
ocd-bill/b2295429-247d-4729-a77a-c9b00c1b38cc,SR 8,"RESOLVED, that the Senate is ready to meet with the House of Representatives in Joint Convention for the purpose of hearing the Budget Address by his Excellency, Governor Chris Sununu.",['resolution'],[],2023,New Hampshire,upper
ocd-bill/b0ad711d-ea8a-419d-a2e2-55b542fa8779,SB 187,relative to driver's licenses for certain visa holders.,['bill'],[],2023,New Hampshire,upper
ocd-bill/d6b5de9c-4745-4eb2-b613-14202d9e1704,HB 286,relative to the removal of political advertising.,['bill'],[],2023,New Hampshire,lower
ocd-bill/0dc1616a-9d48-4ef0-b518-eaae6948b1e9,SB 78,relative to subdivision regulations on the completion of improvements.,['bill'],[],2023,New Hampshire,upper
ocd-bill/e06f1881-b892-4f40-b650-139ef10cdd26,HB 596,prohibiting the use of racial profiling in law enforcement activities and in sentencing.,['bill'],[],2023,New Hampshire,lower
ocd-bill/94e18be8-b8ec-425a-9666-0f7a88013ace,SB 160,relative to the use of OHRVs on designated trails.,['bill'],[],2023,New Hampshire,upper
ocd-bill/490b0b6a-673b-41d6-b0f7-4266f8cfa3a6,SB 13,relative to recovery of search and rescue expenses.,['bill'],[],2023,New Hampshire,upper
ocd-bill/e8f73827-1938-419c-b7d9-4244e8900878,SB 228,relative to the Hilton Park boat ramp.,['bill'],[],2023,New Hampshire,upper
ocd-bill/740ace2a-cd51-4e5c-9067-ca982e7274ff,HB 221,relative to the acquisition of agricultural land development rights and relative to the use of game cameras.,['bill'],[],2023,New Hampshire,lower
ocd-bill/8e1e7c80-838a-47a8-b398-90876c889b93,HB 442,relative to the removal of derelict fishing gear.,['bill'],[],2023,New Hampshire,lower
ocd-bill/8fdcc4a6-6933-45b0-a131-4496700abef8,HB 251,relative to the cost of compliance with disclosure of electric renewable portfolio standards.,['bill'],[],2023,New Hampshire,lower
ocd-bill/16c8d297-6f69-4795-bb8f-5703b1ef7b16,HB 467,relative to public playground accessibility.,['bill'],[],2023,New Hampshire,lower
ocd-bill/f20cf78f-bdc9-4bb0-8706-a343c143b61a,HR 12,"designating November 2023 as ""National Lung Cancer Awareness Month"" and expressing support for the early detection and treatment of lung cancer.",['resolution'],[],2023,New Hampshire,lower
ocd-bill/8cb0c991-0f02-4904-a0f5-59d0bf188484,HB 337,"relative to directing the office of professional licensure and certification to provide notice of public meetings and an opportunity for comment from the public, and creating a new attorney II position.",['bill'],[],2023,New Hampshire,lower
ocd-bill/8c2280f2-a3f2-42a8-bf72-a2e6824ff10b,HB 202,relative to property tax abatements.,['bill'],[],2023,New Hampshire,lower
ocd-bill/8c3977e2-9b15-48a2-a10f-4d0dffdb22e5,HB 573,limiting education freedom account funding to budgeted amounts.,['bill'],[],2023,New Hampshire,lower
ocd-bill/585487e3-997d-4a06-82ea-72f0f936c130,HB 324,relative to campaign contributions and expenditures and making an appropriation therefor.,['bill'],[],2023,New Hampshire,lower
ocd-bill/d43b5ef4-9c96-4678-8361-1dba8e80a9fb,CACR 4,relating to compensation for legislators. Providing that legislators' biennial salary compensation shall be increased.,['constitutional amendment'],[],2023,New Hampshire,lower
ocd-bill/ad1964e8-2c49-4a4d-a5e7-fddf6ee8460d,HB 169,relative to termination of guardianship.,['bill'],[],2023,New Hampshire,lower
ocd-bill/53757ae9-b351-4b38-833e-7f47aaf4305a,CACR 7,relating to use of money raised by taxation for education. Providing that money raised by taxation may be applied for the use of religious educational institutions.,['constitutional amendment'],[],2023,New Hampshire,lower
ocd-bill/7aae8eaf-5c41-48ea-8774-e4f1eb8c94a7,HB 120,relative to the closure of the Sununu Youth Services Center and operation of a replacement secure facility.,['bill'],[],2023,New Hampshire,lower
ocd-bill/9675dd9d-2cbb-4d09-8c49-66f4be13ad43,HB 365,relative to a statewide facility condition assessment for school buildings.,['bill'],[],2023,New Hampshire,lower
ocd-bill/591c3af3-c789-4d89-9ee5-c42eab0a9b92,HB 610,expanding the definition of providers who can certify patients of the therapeutic cannabis program and relative to release of a defendant pending trial and relative to product labeling and information guide requirements for cannabis products and the prohibition of the sale of hemp products containing certain levels of THC.,['bill'],[],2023,New Hampshire,lower
ocd-bill/b1327126-c048-4fc9-a848-93f4871953ea,HB 289,relative to consultation with legal counsel under the right to know law.,['bill'],[],2023,New Hampshire,lower
ocd-bill/485809d1-f0f5-4c8c-ac11-323188bceefb,HB 427,relative to public comment and inquiry during school board meetings.,['bill'],[],2023,New Hampshire,lower
ocd-bill/ebd9ca0c-7284-47f0-a66c-6fd138e1e766,HB 140,"proclaiming January 24 as ""Granny D"" day.",['bill'],[],2023,New Hampshire,lower
ocd-bill/22d54d7b-7ff7-4e81-a09f-048b0bd7d299,HB 581,repealing the controlled drug act and establishing a committee to study the policy and statutory changes necessary to implement the repeal.,['bill'],[],2023,New Hampshire,lower
ocd-bill/120f5287-5db1-4bad-a296-2f544bfcb5ce,HB 384,"relative to building a new legislative parking garage and making an appropriation therefor, renaming the capital project overview committee, and establishing the joint legislative parking garage oversight commission.",['bill'],[],2023,New Hampshire,lower
ocd-bill/94758ac1-2d17-4c41-9016-3dcbb983c0db,HB 219,relative to certain public utilities statutes.,['bill'],[],2023,New Hampshire,lower
ocd-bill/b095cf84-5a57-432b-b493-31045db2b37d,HB 465,restricting use of perfluoroalkyl and polyfluoroalkyl substances in certain consumer products.,['bill'],[],2023,New Hampshire,lower
ocd-bill/20b5a787-e8ac-4ee8-a510-36652f12fbc8,CACR 6,relating to the retirement age for judges. Providing that the mandatory judicial retirement age shall be increased from 70 to 75.,['constitutional amendment'],[],2023,New Hampshire,lower
ocd-bill/f493b6fb-75d2-4a00-91c0-a9bb7f92e599,HB 222,to require the use of seat belts during the operation of motor vehicles.,['bill'],[],2023,New Hampshire,lower
ocd-bill/9d7e5937-f136-4048-8478-11a9b1dfe65c,HB 358,relative to the filing and adoption of proposed administrative rules and relative to overpayment of unemployment compensation and relative to policies relating to nursing mothers.,['bill'],[],2023,New Hampshire,lower
ocd-bill/6e94cae5-05f3-4c8a-bc9a-008f0ceab0e2,HB 293,allowing a town to appropriate funds to create a town scholarship fund.,['bill'],[],2023,New Hampshire,lower
ocd-bill/6567dc3e-0658-4e4b-bd2b-00d463499b2d,HB 10,establishing the parental bill of rights.,['bill'],[],2023,New Hampshire,lower
ocd-bill/dc9a6837-9184-4fb9-aee8-93bbd61c74a1,HB 586,relative to absentee voting due to absence.,['bill'],[],2023,New Hampshire,lower
ocd-bill/aaf9157b-6c41-4620-ae65-e77a3eb48b61,HB 92,requiring the adoption of innovative vehicle emissions standards pursuant to section 177 of the federal Clean Air Act.,['bill'],[],2023,New Hampshire,lower
ocd-bill/952da367-985b-4285-8d8a-3f8ec3b281dc,HB 79,establishing a committee to study the New Hampshire law relative to standards for farm products and marketing and grading commodities.,['bill'],[],2023,New Hampshire,lower
ocd-bill/854e6a59-a3e9-497e-86b6-1dc21d2b366d,HB 329,establishing an ALS (Amyotrophic Lateral Sclerosis) registry in New Hampshire.,['bill'],[],2023,New Hampshire,lower
ocd-bill/b88d0aa5-0e57-49b6-a18d-6aa5d287c7ab,CACR 8,relating to a constitutional right to birth control. Providing that the constitution protects the right to access birth control.,['constitutional amendment'],[],2023,New Hampshire,lower
ocd-bill/900c9bb6-335b-4d20-acbe-956b660b6742,HB 391,relative to the memorandum of understanding on data sharing between the department of health and human services and the department of environmental services.,['bill'],[],2023,New Hampshire,lower
ocd-bill/c30b88f8-1602-4132-b5fc-1dfec9200b96,HCR 1,a resolution applying for a convention of the states under Article V of the Constitution of the United States.,['concurrent resolution'],[],2023,New Hampshire,lower
ocd-bill/3ae730c1-17cc-4360-a8f7-78ca000b84cd,HB 128,relative to repealing state seed labeling license requirements.,['bill'],[],2023,New Hampshire,lower
ocd-bill/13b59e6e-99e3-482f-8d83-6ae70a4602e3,HB 198,modifying the new resident drivers' license transfer requirement.,['bill'],[],2023,New Hampshire,lower
ocd-bill/f3fa9bd9-87d5-49e5-a594-4bf25153b466,HB 161,relative to customer generators of electricity as group hosts under net metering.,['bill'],[],2023,New Hampshire,lower
ocd-bill/4cd965c6-aee8-4862-a52f-2dd523952532,HB 634,relative to students' participation in religious instruction to satisfy elective curriculum requirements.,['bill'],[],2023,New Hampshire,lower
ocd-bill/a47e1eab-4eac-480c-a7bc-1102d3ffd3f1,HB 48,relative to employee protections from COVID-19 in the workplace.,['bill'],[],2023,New Hampshire,lower
ocd-bill/83ec9ec2-28c4-47fe-bf4e-d4e4fbf8f49f,HB 501,relative to ages for special education services.,['bill'],[],2023,New Hampshire,lower
ocd-bill/77e522d2-f0ca-4954-af07-a1a9da82fa5f,HB 137,"relative to boating safety equipment rules and vessel numbering rules, and establishing a committee to study boat registrations fees.",['bill'],[],2023,New Hampshire,lower
ocd-bill/b063fff6-4cc0-4d41-8db8-afc67fe0d06d,HB 335,relative to notice of tax lien on real estate subject to a lien for old age assistance.,['bill'],[],2023,New Hampshire,lower
ocd-bill/b28644bc-7e6c-4e6c-a307-ed2a6476d5af,HB 237,relative to the date of asset evaluation for purposes of determining eligibility for certain property tax exemptions.,['bill'],[],2023,New Hampshire,lower
ocd-bill/a0d25980-d65e-402e-9e31-b6800f00ef18,HB 341,establishing licensure for massage establishments.,['bill'],[],2023,New Hampshire,lower
ocd-bill/892f7a19-f930-4a9d-a55d-c14a9e25634f,HB 462,making an appropriation to the solid waste management fund and targeting food waste reduction and diversion.,['bill'],[],2023,New Hampshire,lower
ocd-bill/dbb0b780-7009-4fa8-ace8-e4d2a2c0cacc,HB 398,relative to notice of PFAS and other groundwater contamination prior to the sale of real property.,['bill'],[],2023,New Hampshire,lower
ocd-bill/bf65d601-1cdc-4591-b9dc-bde89439f5e8,HB 615,requiring independent audits of reproductive health care facilities.,['bill'],[],2023,New Hampshire,lower
ocd-bill/a6f375c4-ef64-4dec-8c01-778d97ca3585,HB 480,relative to the intersection between route 302 and East Conway Road in Conway.,['bill'],[],2023,New Hampshire,lower
ocd-bill/08991e68-c302-42ec-8d30-dc739210c9c8,HB 78,"repealing an act prohibiting the state from enforcing any federal statute, regulation, or Presidential Executive Order that restricts or regulates the right of the people to keep or bear arms.",['bill'],[],2023,New Hampshire,lower
ocd-bill/21153c10-7339-414d-85e8-61e16f3bdd0c,HB 355,establishing a committee to study the sharing of data between state and federal public housing agencies.,['bill'],[],2023,New Hampshire,lower
ocd-bill/3cfc423b-f887-47bf-8597-59ac2952ccc2,HB 380,relative to non-academic surveys administered by a public school or a chartered public school to its students.,['bill'],[],2023,New Hampshire,lower
ocd-bill/0fae3594-71a6-474e-8040-9326baac4e74,HB 37,establishing a committee to study best practices for companion animal groomers.,['bill'],[],2023,New Hampshire,lower
ocd-bill/1a2d8222-ff2a-4f42-83b6-05bd7bf5826c,HB 619,"prohibiting gender transition procedures for minors, relative to sex and gender in public schools, and relative to the definition of conversion therapy.",['bill'],[],2023,New Hampshire,lower
ocd-bill/6c438051-3e06-48a1-a178-0f21a9f7b1fc,HB 189,renaming a portion of route 140 in Gilmanton in honor of Private First Class Nicholas Cournoyer.,['bill'],[],2023,New Hampshire,lower
ocd-bill/ced8cf9d-7317-42a4-8464-8c3d2ed3ce7d,HB 511,relative to requiring the department of transportation to do road maintenance and repairs according to its complete streets program,['bill'],[],2023,New Hampshire,lower
ocd-bill/5147d211-b74c-4c52-9e4d-68cd13ce48fb,HB 168,relative to surety indemnification for career schools.,['bill'],[],2023,New Hampshire,lower
ocd-bill/f3408e93-8f8b-44cc-81b3-4a8b0a740888,HB 256,prohibiting cities and towns from discriminating in the use of public facilities.,['bill'],[],2023,New Hampshire,lower
ocd-bill/b16f70b5-97ce-44f0-b3c9-4d85ee6d9578,HB 429,requiring the offering of breakfast and lunch in all public and chartered public schools.,['bill'],[],2023,New Hampshire,lower
ocd-bill/e8b73170-8a52-40ea-8e48-cf4641d4de11,HB 216,exempting dimethyltryptamine from the controlled drug act.,['bill'],[],2023,New Hampshire,lower
ocd-bill/00a1907a-7f7f-46aa-b7c8-70f51863fcb3,SB 109,relative to school safety and coordination with law enforcement.,['bill'],[],2023,New Hampshire,upper
ocd-bill/3f9e8d8f-44c7-47f7-8f07-076416615c2e,HB 315,"prohibiting provocations based on a victim's actual or perceived gender, gender identity, gender expression, or sexual orientation from being used as a defense in a criminal case.",['bill'],[],2023,New Hampshire,lower
ocd-bill/79b6c1d1-2a84-4fd1-b630-0b77047c847f,SB 54,relative to purchased power agreements for electric distribution utilities.,['bill'],[],2023,New Hampshire,upper
ocd-bill/c78d79ae-f55c-40f7-8d7d-072bfde1d73c,SB 135,relative to alternative dispute resolution in special education.,['bill'],[],2023,New Hampshire,upper
ocd-bill/1f9fa1be-8921-43db-9886-3381efc2f6db,HB 44,relative to permissible residential units in a residential zone.,['bill'],[],2023,New Hampshire,lower
ocd-bill/f8f98121-dede-4c95-a793-332490a16e68,SB 265,making an appropriation for the multi-tiered system of support for children's mental health.,['bill'],[],2023,New Hampshire,upper
ocd-bill/34c06ffc-cea5-4fb6-b84a-846d4ab77e24,HB 211,relative to a report by the department of energy on the effectiveness of the system benefits charge.,['bill'],[],2023,New Hampshire,lower
ocd-bill/9feb9e1b-b640-48eb-8b3c-e89370d33663,SB 102,relative to the Jones Act's effect on New Hampshire's heating and energy fuel market.,['bill'],[],2023,New Hampshire,upper
ocd-bill/e55c45f6-d7e8-47fe-b5ee-fe6d1779dbea,SB 56,relative to payments for restoration of certain jurisdictional resource losses.,['bill'],[],2023,New Hampshire,upper
ocd-bill/61bde25c-106b-4528-b611-8e2e0617c200,SB 213,relative to educational institution policies on social media.,['bill'],[],2023,New Hampshire,upper
ocd-bill/41519d9c-b7dd-4dd1-b28d-fff387696cd6,SR 10,urging Congress to support additional federal resources to expand the housing supply and address the housing shortfall in New Hampshire.,['resolution'],[],2023,New Hampshire,upper
ocd-bill/1ca0a565-f282-4d32-a051-c52e9fcb256b,SB 30,relative to membership of the New Hampshire council on developmental disabilities.,['bill'],[],2023,New Hampshire,upper
ocd-bill/f69c497e-25ca-4929-9071-2421d8bf0ef5,SB 31,relative to technical changes to the laws administered by the insurance department.,['bill'],[],2023,New Hampshire,upper
ocd-bill/5189c644-9390-4f4b-9dae-58468f935b03,HB 567,relative to notice of rent increases in certain residential rental property.,['bill'],[],2023,New Hampshire,lower
ocd-bill/472f08aa-7e01-4dff-86a7-cbdcfce97751,SB 70,relative to the establishment of an election information portal and relative to the purchase of election equipment.,['bill'],[],2023,New Hampshire,upper
ocd-bill/87e2a5d3-8a91-4a16-a3d9-0ad909b1afb0,SB 186,relative to an electric bicycle low-income transportation incentive program and making an appropriation therefor.,['bill'],[],2023,New Hampshire,upper
ocd-bill/05d063ed-5093-457f-bb74-d6cb81bd55bd,HB 204,relative to non-academic surveys in schools.,['bill'],[],2023,New Hampshire,lower
ocd-bill/0496896b-f20c-4da7-82ef-0761473bf901,HB 119,"relative to homestead food operation licensure and making provisions for the sale of meat from uninspected bison, elk, or red deer.",['bill'],[],2023,New Hampshire,lower
ocd-bill/8b273eec-e235-475f-b04f-7751e4c8011c,CACR 5,relating to fundamental rights. Providing that the constitution protects the right to marry.,['constitutional amendment'],[],2023,New Hampshire,lower
ocd-bill/666c5ba9-e5b9-4b3e-a86b-7551b123d824,HB 540,relative to adequate education grant amounts for pupils receiving special education services.,['bill'],[],2023,New Hampshire,lower
ocd-bill/8a4cbef0-8792-473d-ae5b-34a6022e10e5,SB 155,relative to the adoption of school administrative unit budgets.,['bill'],[],2023,New Hampshire,upper
ocd-bill/ac49cc53-2330-46ca-927d-212a1d653d91,HB 159,relative to the default service rate for electricity.,['bill'],[],2023,New Hampshire,lower
ocd-bill/9fd46fb6-a0ab-43f5-abd2-78615a2e8e3e,HB 597,"relative to race and ethnicity data on driver's licenses, and race and ethnicity data collection.",['bill'],[],2023,New Hampshire,lower
ocd-bill/f7fdcd50-a54a-4bf1-af44-8476aaa687db,HB 139,relative to hydrogen energy and establishing a hydrogen advisory committee.,['bill'],[],2023,New Hampshire,lower
ocd-bill/367fdd3f-f5a2-464e-b619-b02de3e78fb5,HB 578,establishing the position of reporting administrator in the department of education.,['bill'],[],2023,New Hampshire,lower
ocd-bill/ad721c4b-5791-4c64-ae82-839997cf87ed,SB 96,relative to state energy performance contracting.,['bill'],[],2023,New Hampshire,upper
ocd-bill/fef0ea78-c686-40e0-9224-4625afe90596,HB 479,"relative to administrative hearings, automation of electronic notices to insurance licensees, and insurance producer activities.",['bill'],[],2023,New Hampshire,lower
ocd-bill/66c62ad3-74cc-4c8f-99ee-637f9fa276bb,HB 227,relative to fair access to financial services.,['bill'],[],2023,New Hampshire,lower
ocd-bill/0b6cfebf-2c71-4914-8fee-a8b19df06c0f,HB 295,relative to requiring all selectboard and school board meetings to be recorded and broadcast live online.,['bill'],[],2023,New Hampshire,lower
ocd-bill/737eb67e-bf0b-43c2-8f5e-778ee52b65ea,SB 166,relative to electric grid modernization.,['bill'],[],2023,New Hampshire,upper
ocd-bill/dd80f796-8fa1-46c2-be18-383af14dca19,HB 611,relative to eligibility criteria for the therapeutic cannabis program and establishing a commission to study state-controlled sales of cannabis and relative to the prohibition on the sale of hemp products containing certain levels of THC.,['bill'],[],2023,New Hampshire,lower
ocd-bill/752c676d-6f18-4c4b-a5f3-be8eedfb6c72,HB 281,relative to least cost integrated resource plans of utilities; municipal hosts for purposes of limited electrical energy producers; the cost of compliance with disclosure of electric renewable portfolio standards; repealing the energy efficiency and sustainable energy board; and procedures for energy facility siting by the site evaluation committee.,['bill'],[],2023,New Hampshire,lower
ocd-bill/15091c2e-6b96-465b-8937-a30c5c3ddc37,SB 107,relative to the general administration of regulatory boards and commissions.,['bill'],[],2023,New Hampshire,upper
ocd-bill/d2d59057-1094-4454-be06-c944c236837a,HB 83,relative to county commissioners' authority on county buildings.,['bill'],[],2023,New Hampshire,lower
ocd-bill/41ead530-9e51-488a-98a2-c574cf41837d,SB 159,establishing a committee to study unlimited service area permits for landfills and out of state waste coming into New Hampshire.,['bill'],[],2023,New Hampshire,upper
ocd-bill/3f5a1729-2ae1-4766-98ac-1888e2c35492,HB 268,"relative to the furnishing of special number plates to the liquor commission, division of enforcement and licensing, and official cover plates for the house and senate clerks.",['bill'],[],2023,New Hampshire,lower
