id,bill_id,note,date,classification,extras
4d3ead79-b5f0-4c5b-b626-1502fff85fdf,ocd-bill/7f88641e-defb-459a-99bc-468a945c0968,latest version,,,{}
04561ee3-a820-4b60-9fa7-8872b9cf9c1d,ocd-bill/8154f781-aeb1-492e-b854-1f3ecda2da9e,latest version,,,{}
dfa6c3c2-b8ee-4938-a8b1-0f5a99a2ebad,ocd-bill/7a0c21ab-c1bd-4620-8c3d-63a97bd0d80a,Amendment #2023-0519s,,,{}
394b7aad-65ab-48f2-a265-6da7c0352657,ocd-bill/d03d66cd-b1c4-4f69-8bb5-a761543ccf3d,latest version,,,{}
9f9900b9-609b-4910-85fd-a1c842ec0909,ocd-bill/f1a5d0e6-a1f8-4a65-a35f-3a8beb6fdb67,Amendment #2024-1434s,,,{}
ddccc40a-38c1-4866-b165-960d2fe76e3c,ocd-bill/f1a5d0e6-a1f8-4a65-a35f-3a8beb6fdb67,latest version,,,{}
0cf62fd3-587d-456d-a8cf-fe99183994b3,ocd-bill/45c23385-3a44-4784-aacc-1bae04432a65,latest version,,,{}
6f91cee6-8720-46bb-93fd-1e174d1777e7,ocd-bill/e43af548-07a3-4433-8761-759b59f03c5f,latest version,,,{}
49d6e338-ed01-4c45-9f9c-62d547ca16f8,ocd-bill/c58ab260-931b-458f-a7e0-cff71b1af48e,Amendment #2023-0159h,,,{}
63b0b049-64c7-4677-b445-8036f654f74c,ocd-bill/a4c1f400-423d-4c29-b73e-34758b4ca73b,latest version,,,{}
d0616b11-b191-4eb9-a8b8-492dbe1a2ce7,ocd-bill/344036c3-b244-424c-9bb5-4ee83c33a270,latest version,,,{}
7355dbc9-6b26-475f-9a1c-466c05cb3628,ocd-bill/1f9ecdb8-1809-47b3-a8e6-3f8622732e8d,Amendment #2024-0237h,,,{}
1fe5043f-1b3c-47df-b4ae-e62ed79dae3b,ocd-bill/1f9ecdb8-1809-47b3-a8e6-3f8622732e8d,latest version,,,{}
bae8b2b2-a931-49ad-8249-bba87f9ee316,ocd-bill/909fe3dd-88d8-44ea-80c4-0ce87766c734,latest version,,,{}
f2225301-ba4b-4916-b065-df491b9434c2,ocd-bill/faca1dd2-77d6-4b7e-a086-f29bf82c88e5,Amendment #2023-0586h,,,{}
7acc668a-c256-49a9-acc5-bf346d578154,ocd-bill/c1d4735f-46f4-44d7-bc06-fc03f5b20e3d,Amendment #2024-0088e,,,{}
b545250f-7571-43b6-9e8b-69ed500b2fb8,ocd-bill/333d0aca-9199-4b24-a6c0-0171b466ffb2,latest version,,,{}
48cd78d6-de33-44e0-b107-bc5b47496e42,ocd-bill/b356e581-4c81-447a-a76a-d270ac90cc31,Amendment #2024-0861s,,,{}
1690b0e5-99f2-49e6-899b-4ee5b7c3b562,ocd-bill/b356e581-4c81-447a-a76a-d270ac90cc31,latest version,,,{}
45baffdb-a4fe-439b-b91c-084e8520cc44,ocd-bill/15052dd6-5b0d-4684-9925-9ac164a13f59,Amendment #2024-2336e,,,{}
8d7fbb4c-a823-4356-9240-c54eeaa39114,ocd-bill/f532c5a4-1b6c-4362-bcf9-9fbffa13017e,Amendment #2024-1040h,,,{}
c35debe2-f672-4c78-85cf-ca8126219391,ocd-bill/f532c5a4-1b6c-4362-bcf9-9fbffa13017e,latest version,,,{}
c35e7cee-9874-4144-90e9-2a2c60a5bbc6,ocd-bill/15052dd6-5b0d-4684-9925-9ac164a13f59,latest version,,,{}
12cf841d-ff47-4c20-afab-9aa16a805aa5,ocd-bill/677273e3-3ae0-440f-99fe-865f09b4d698,latest version,,,{}
0c4b8580-8771-4e70-87db-3d639e7ca5c7,ocd-bill/9ae756d4-baa0-45c6-b07b-0d08674d3c0c,latest version,,,{}
a3bb90fe-953d-40b1-a5ef-64f74300e72a,ocd-bill/fbdebbd0-66cd-4577-915c-61d94355e248,Amendment #2024-1740s,,,{}
9d2820f1-5c07-4922-8075-127c55c7e974,ocd-bill/fbdebbd0-66cd-4577-915c-61d94355e248,latest version,,,{}
9e04ddfe-668c-43ed-a45f-81248bdbb2e6,ocd-bill/d8c9cb64-1493-43ae-86d3-45ada8b1ea57,latest version,,,{}
9d4bc067-5d2d-45c4-97e0-5d7642cd1484,ocd-bill/2d9da6a6-2c63-4125-b931-e7b29f6a2a29,latest version,,,{}
a20f49f9-e845-432f-abcf-817a3fdcf394,ocd-bill/68420b01-7e41-4fe2-afa8-8b82f676a1d8,latest version,,,{}
f880e05b-5f09-43d1-b29b-bf87c112702a,ocd-bill/7983fa28-1df9-433f-af18-b674f1a5ff0e,latest version,,,{}
08337d2e-e7ba-4f9c-b5e4-fa02e64c86b6,ocd-bill/40c5065d-ed19-4f80-ae7b-831d96612bac,Amendment #2023-2324h,,,{}
2167fe1c-a692-4e67-8059-3d3517f017f4,ocd-bill/74596556-4173-472d-95ef-81f985c909de,latest version,,,{}
2ef645a3-e3e7-4e0a-b286-9b40441f7f90,ocd-bill/0f8ba45c-042a-459f-bf5a-05d8e201cc8e,Amendment #2024-2344e,,,{}
3bdfb0e6-d432-40f8-9f00-4bb907b96138,ocd-bill/0f8ba45c-042a-459f-bf5a-05d8e201cc8e,latest version,,,{}
8f11ca76-57c0-4c69-87c3-37a11745db95,ocd-bill/e7d458a5-030f-4358-b6d7-5d365863ed42,Amendment #2024-1723s,,,{}
a1ccaa12-5646-414c-a02a-45a195a94341,ocd-bill/e7d458a5-030f-4358-b6d7-5d365863ed42,latest version,,,{}
fbd589f3-ba54-4d22-9dfd-3fc8a67c7a0c,ocd-bill/3b42597b-0fe6-4d31-ae46-99b0170836e5,Amendment #2024-2155s,,,{}
de042da4-335f-4364-9b73-350b41c34a09,ocd-bill/3b42597b-0fe6-4d31-ae46-99b0170836e5,latest version,,,{}
e3e3411d-ac3f-4975-8643-e19a1447a51f,ocd-bill/fe217857-7c02-40cd-97ae-6b96368e7556,Amendment #2024-1969s,,,{}
1931fff1-dd62-4abe-82b6-e64f61f5db5d,ocd-bill/cc51d120-f7bc-42d5-82e6-6594f8074a1b,Amendment #2024-1966s,,,{}
192dbe62-9bcc-49b0-9ad9-35c81f0e9202,ocd-bill/cc51d120-f7bc-42d5-82e6-6594f8074a1b,latest version,,,{}
5f6ef70a-9447-4d68-9661-066f130eae89,ocd-bill/0b8c0c31-fa41-412a-9d8b-9b9b8e94a3d5,Amendment #2024-0894h,,,{}
b7c22104-3ffd-4558-8090-7d9a55128e96,ocd-bill/497565d7-ab35-4eba-959e-4104d21ebb08,latest version,,,{}
32bd3d19-ac77-4adb-a8a7-3e29a4cfcec8,ocd-bill/a6548818-f73b-49ae-9318-ef94f6aeaae9,latest version,,,{}
34a61e85-a088-4acf-a2b5-2fc346802135,ocd-bill/64ffff42-087a-4348-bd70-3e32f080b693,latest version,,,{}
2bb5970e-ba52-45d2-a654-6be950dff1dc,ocd-bill/6182b1a3-8623-441d-8daf-6bf2fb965258,latest version,,,{}
7916c1bb-b44f-4e1e-a479-6c2c12402ab9,ocd-bill/820a68d0-e279-413c-bf7b-7e35d4969bb3,Amendment #2024-1564s,,,{}
6fb796ba-6006-4cc1-b9c9-946c3065e784,ocd-bill/820a68d0-e279-413c-bf7b-7e35d4969bb3,latest version,,,{}
d728e639-fcf2-4aed-af78-3eb60a082567,ocd-bill/0b8c0c31-fa41-412a-9d8b-9b9b8e94a3d5,latest version,,,{}
82035365-38ee-4332-afcd-e72b7b0a6b4d,ocd-bill/26372b3b-3574-4d1e-a778-301081d4f2fb,Amendment #2024-2322e,,,{}
c95aa7f7-aeab-4b1f-a53b-103bcd8288b9,ocd-bill/c89e18f0-b06b-494c-9a00-705431a5e1aa,Amendment #2024-0506h,,,{}
af51c2ae-36d8-4e0f-a913-3cd7c19ee603,ocd-bill/c89e18f0-b06b-494c-9a00-705431a5e1aa,latest version,,,{}
85fd1a97-61da-4521-9e86-e98d9186ba98,ocd-bill/62362517-f176-4164-bae7-a525bf6679a5,latest version,,,{}
c2197dd2-d2ac-459c-8db5-7bf74deb10fe,ocd-bill/26372b3b-3574-4d1e-a778-301081d4f2fb,latest version,,,{}
692b7641-4fce-4bad-878c-6895b61bc5c8,ocd-bill/386186dd-c102-4a1f-8036-db995e74873a,latest version,,,{}
c5c25ba5-d1ed-409e-9991-c4a333d9d789,ocd-bill/1fac1333-1ba2-4e5d-ba80-65fe18987a3d,latest version,,,{}
1d41eefe-8b0b-4d9c-a05b-62e1a549e8a5,ocd-bill/296ee419-38db-4419-ae9d-3ec3a40abd41,latest version,,,{}
a6efa970-55e0-4346-a49d-9e73ac7e2833,ocd-bill/ccb01971-04d2-4386-a061-40ffc02eef9e,Amendment #2024-1707s,,,{}
7a6d481e-5655-4224-9284-50379bc4668b,ocd-bill/ccb01971-04d2-4386-a061-40ffc02eef9e,latest version,,,{}
140c8bd4-8775-463a-87c8-48fa4710555d,ocd-bill/f50580cc-75ee-48ef-8a73-7b042084f6fa,latest version,,,{}
96db0f80-3b3e-40af-98e4-9e41d279f0e6,ocd-bill/4e48cf92-615e-4a1f-99aa-1462acf4febf,Amendment #2024-1038h,,,{}
7035a9c9-0103-4445-a975-0b695b6c9fcd,ocd-bill/4e48cf92-615e-4a1f-99aa-1462acf4febf,latest version,,,{}
0470990f-3443-467b-83f6-350c573494b5,ocd-bill/b24acde5-eb1f-43fd-b287-277658b36320,latest version,,,{}
c03bb1fa-ef34-4c99-8a50-1ffaa16341ba,ocd-bill/50f80bf3-9c10-4715-8484-a1c25d796361,Amendment #2023-2438h,,,{}
d54657c4-82d5-45b3-93e5-7cef96bb43ee,ocd-bill/17c4b593-1c44-49be-a3ce-78cced05ab7a,Amendment #2023-2458h,,,{}
3a911470-7a43-46ce-927b-3a6dd9d82487,ocd-bill/818d0f77-988a-430c-8af1-258b7e348776,latest version,,,{}
0115030b-8a11-4fcd-861a-836505ad82cd,ocd-bill/a24321a1-60e0-4430-a0a0-bfb678ade483,Amendment #2024-0147s,,,{}
a168a73f-69b1-43c3-bf1a-2438e67696ed,ocd-bill/a24321a1-60e0-4430-a0a0-bfb678ade483,latest version,,,{}
7c3c5fa7-3cc9-499a-83db-5432f7420722,ocd-bill/061e83a6-8ca7-440d-8d19-1b90377d5fbc,Amendment #2024-1525s,,,{}
8573b615-792f-4fed-80fe-b2bd37767f36,ocd-bill/94126c15-2ccf-44ee-993c-b39f5c054927,latest version,,,{}
efb58e05-cdae-45b9-aeb6-48a7bcd53697,ocd-bill/adba3057-e936-4e3e-a8c8-1a04d0cbe6ea,latest version,,,{}
ad264b29-6526-4f22-b319-0537f23a91a4,ocd-bill/4b4bdbf3-5575-4cfb-85b8-60daf9db2b94,Amendment #2024-0099h,,,{}
5565f501-4705-4301-8b1f-471a5f382d4c,ocd-bill/4b4bdbf3-5575-4cfb-85b8-60daf9db2b94,latest version,,,{}
260b466a-c443-49c1-846d-5989629de5c6,ocd-bill/5711745c-0725-40f9-8428-0cf53d862a3c,latest version,,,{}
4b97e9b8-4217-4b67-9270-4b29f7916778,ocd-bill/8f82b2ca-918a-4bcb-8cdd-e7ef9d539be7,latest version,,,{}
6b1fd435-4522-4907-97b3-5a8a062e01f3,ocd-bill/7ca783c5-8fc9-4d7e-82ef-77fdc6560f64,latest version,,,{}
20e7941e-5eb7-41b1-b8a0-23d2f6ab1f1c,ocd-bill/71630312-0265-487e-99fc-d60e97e1e7fd,Amendment #2024-0209h,,,{}
4d95c952-7b46-474f-841f-cbd6cf608dbc,ocd-bill/b3003656-fa7f-407f-b2ce-ca9a18203819,latest version,,,{}
561916e3-899d-45e5-986c-c2258e2229df,ocd-bill/9c10e87b-4548-4c1e-8abc-ddd5bbab8679,Amendment #2024-0269h,,,{}
dcdcb726-50ef-4838-9afd-efb9dfc343b6,ocd-bill/9c10e87b-4548-4c1e-8abc-ddd5bbab8679,latest version,,,{}
4c29a542-da64-4134-9db7-bc2137df3141,ocd-bill/7798bd4d-b8fc-4b3c-99b2-a224ef89589b,latest version,,,{}
a0f11fb4-cc35-4dd3-8dcb-298f9d2226c8,ocd-bill/934e773c-3fe9-4992-afc3-ccf378afa041,Amendment #2024-1643s,,,{}
4a8a31ea-22ec-48b0-8952-d381f33fdce1,ocd-bill/934e773c-3fe9-4992-afc3-ccf378afa041,latest version,,,{}
fbe05c51-1783-46d0-87f8-291f51b69ce2,ocd-bill/71630312-0265-487e-99fc-d60e97e1e7fd,latest version,,,{}
e363ca01-4ea3-4c24-870b-bce04db16a93,ocd-bill/cf9277d2-63f5-4ccb-b52d-d0b66860632e,Amendment #2024-1561s,,,{}
470a379d-aec3-444c-b273-73aeef3240ee,ocd-bill/235a1f5f-817e-4c9e-86a6-9e45b6011f58,Amendment #2024-1560s,,,{}
69ae69e2-1522-4d2a-8cc7-5aa8bdf5e442,ocd-bill/235a1f5f-817e-4c9e-86a6-9e45b6011f58,latest version,,,{}
23f229d4-a41b-48de-908f-b890a59ce8a3,ocd-bill/8508c408-cec3-4b24-8e00-620575e8c605,latest version,,,{}
a032a127-a483-4a77-9517-94a43c2baec1,ocd-bill/0b600663-91fa-40ae-a070-9748a1a1d7ce,latest version,,,{}
7f59f37f-e4a0-438e-9813-2c5df4577b1b,ocd-bill/546b1318-090b-4442-b257-3ef4c6780adf,latest version,,,{}
398473e8-e6c1-4244-8b6e-0b634076a54a,ocd-bill/afe808b5-86f2-4f6a-b8b3-2350660c0502,latest version,,,{}
f020f479-10d3-4e60-b2d0-604bf95f8066,ocd-bill/ac38921c-85af-459e-886d-bf0744b073e3,latest version,,,{}
8454865b-0b75-4b4e-a457-68bc1ea275df,ocd-bill/464b71d1-57f8-4cd1-b801-fb033afe6767,latest version,,,{}
5993562f-24d6-4d9b-abe2-edcaa0c77b6d,ocd-bill/900ce85e-a469-4f9c-bc5f-83eb1af2bd0a,latest version,,,{}
c49b7206-4e1d-4322-b164-4634837bfbc1,ocd-bill/12385736-7181-4627-aac3-dd8817981b79,Amendment #2023-1045h,,,{}
d67cab5a-99bd-4765-a72b-92462abc4891,ocd-bill/7d3bdbbd-3caa-4e8b-8817-5642886adeb4,Amendment #2024-0556s,,,{}
010c901e-c80f-46d3-8dfc-2024ddfa2b0e,ocd-bill/3d5ca8ea-d2b9-4645-8fbf-1959b1d6aeaf,Amendment #2024-1528s,,,{}
153894f5-48d2-485b-bb0a-26bc9fccf7c4,ocd-bill/3d5ca8ea-d2b9-4645-8fbf-1959b1d6aeaf,latest version,,,{}
51342f8f-712d-4c0b-892f-f18a269b1431,ocd-bill/7d3bdbbd-3caa-4e8b-8817-5642886adeb4,latest version,,,{}
1f7151e9-c794-44c7-b671-89cab2eefb95,ocd-bill/5aa40e34-7cd4-4ab9-8566-26afe624be16,Amendment #2024-0866,,,{}
b72b6b2a-0dfc-47e9-b644-f71393c932e6,ocd-bill/b03b9e0b-a94f-4c82-aff7-b7cb5f6b701f,Amendment #2024-0810h,,,{}
098a08bb-f397-476b-a1d7-1f896ae13454,ocd-bill/b03b9e0b-a94f-4c82-aff7-b7cb5f6b701f,latest version,,,{}
9f8ecad5-2504-4cf3-9925-3e12ead47c41,ocd-bill/a6ee0d35-b611-4da2-9adf-187cb29c38a0,Amendment #2024-2356e,,,{}
615345c0-0282-49d1-a135-f917fcacab06,ocd-bill/a6ee0d35-b611-4da2-9adf-187cb29c38a0,latest version,,,{}
e17eed6f-6900-4ba9-b961-abba4476d9d7,ocd-bill/5aa40e34-7cd4-4ab9-8566-26afe624be16,latest version,,,{}
7580f753-fce8-4cd5-b753-aeb8a0b4b975,ocd-bill/4575a3e6-2941-479d-93f6-35713bb8dcb9,latest version,,,{}
9ac8a773-f03b-4c00-ab16-0e9347bec856,ocd-bill/811869c1-29f2-44ad-b6ae-72216ebb9590,latest version,,,{}
304b75b8-0a79-4cbf-89a4-d72db4979c6e,ocd-bill/1efb1f47-0a77-4d43-8310-9ba994c7116a,latest version,,,{}
81c2d0f4-458d-49d9-ab59-b6a3ddfb035e,ocd-bill/bc9d8489-050a-4031-b324-9a9a560f4e34,Amendment #2024-2313e,,,{}
c6b672e2-3ddb-4771-a2a7-7af64b568e01,ocd-bill/bc9d8489-050a-4031-b324-9a9a560f4e34,latest version,,,{}
3f40e8e0-b287-41c8-96bc-a58ca1108e99,ocd-bill/23579395-b8f6-4331-8eb7-d2d0a109ab75,Amendment #2023-2317h,,,{}
8e9a3909-2657-4422-9fab-cb2ef140fe9d,ocd-bill/e6f34402-a654-4a66-bb6f-1dd306b9ee4e,latest version,,,{}
9df6806f-bdfe-4ef5-91fd-4d37ed7ba9fb,ocd-bill/37354c62-1ea7-4230-b4f3-6357bc239a96,Amendment #2024-0703h,,,{}
9fe0ea39-f8f2-43a3-99e1-bf07889ea444,ocd-bill/37354c62-1ea7-4230-b4f3-6357bc239a96,latest version,,,{}
7446a053-b7e2-420e-b3b0-01e0a8a751ba,ocd-bill/4ed56411-eda3-47ba-a1f6-ff11940f8cf6,latest version,,,{}
aa9fa03b-c29e-4177-9eca-59b9ecb43a61,ocd-bill/7dc8de20-617d-4682-97b8-5f4246aa7a15,Amendment #2024-1855h,,,{}
d3319c58-bb1d-4494-88cc-fbece115cfbe,ocd-bill/7dc8de20-617d-4682-97b8-5f4246aa7a15,latest version,,,{}
8a2eb924-e355-4a16-8f4f-12c30c2b6db7,ocd-bill/a6aaaf01-313d-4f2d-8721-c1cd7b88b6e2,latest version,,,{}
af638db9-8f6f-461b-aee1-664d1f1b778b,ocd-bill/2e0e7148-a973-4296-b7b5-2d7da198076c,Amendment #2024-0829h,,,{}
1bdea79b-9e67-4073-859c-4d7f11dbc414,ocd-bill/2e0e7148-a973-4296-b7b5-2d7da198076c,latest version,,,{}
ab01157f-c693-4982-9991-4bcec4350a67,ocd-bill/4dbbf0f7-5097-471b-8fde-08ad13678e5c,latest version,,,{}
91ad045c-a903-41f6-9cb5-9f0f98df7dbf,ocd-bill/c2ad743d-fd06-4ddd-8573-a6bbdf4a6975,latest version,,,{}
0d43f192-cb33-4e33-ab67-1d66edec1a25,ocd-bill/449e717b-2012-45f8-b84d-2eaae44cc05d,latest version,,,{}
278c04f0-f5f5-4f7c-9d82-8630ded9d539,ocd-bill/b7f1f437-a270-43ea-ab5f-f094745fb4d8,latest version,,,{}
a137ad4d-1619-4cad-b7ce-9b4b450d4832,ocd-bill/7017bca1-4c01-426d-a4ad-af420cbfedd0,Amendment #2024-1467s,,,{}
441cc6c9-cee6-49d2-9ada-8adf7da8e4ca,ocd-bill/eb813c41-f707-4ca9-919d-5e0a6f123add,Amendment #2024-0303h,,,{}
c28b62e2-faf0-4f5d-bae8-8c5fb49c1269,ocd-bill/eb813c41-f707-4ca9-919d-5e0a6f123add,latest version,,,{}
520d2fa8-14b5-4dd4-b2ab-cf1924b908bc,ocd-bill/6897778c-5913-4deb-9b2d-3c77af9f60b5,Amendment #2024-2324e,,,{}
4facb5af-e354-4921-b5b8-641ec452a256,ocd-bill/6897778c-5913-4deb-9b2d-3c77af9f60b5,latest version,,,{}
5d195c16-c2bd-49bd-addb-d67afc504e90,ocd-bill/579fffe3-24b7-49db-b572-211fe22e6634,latest version,,,{}
12f4a99c-04cb-46bd-9b04-ed1cea538c0e,ocd-bill/405e90a7-8d1f-4049-b5ef-c1d2966151b8,latest version,,,{}
0af66eb4-65e4-4e59-9e38-e16639acf82f,ocd-bill/a69b883b-3eb5-4892-af93-c4b353bc679a,latest version,,,{}
6ffbbd69-fd18-4c91-8b4b-ce2901529c5a,ocd-bill/d18e661f-ca43-431d-8501-aa4291e6c7eb,Amendment #2024-2105s,,,{}
f1a9622c-2d46-425d-b9b7-6fc32ab65638,ocd-bill/d18e661f-ca43-431d-8501-aa4291e6c7eb,latest version,,,{}
78a95ac8-daab-4cfd-bc5d-afeb0c0e4b12,ocd-bill/e1f6083b-7c71-44c1-9a90-4c01b8c703df,latest version,,,{}
65d8203f-dc99-4bbc-8ccc-d9ef5d3128de,ocd-bill/bdb713da-1103-447d-add4-f9e1d516cff1,Amendment #2024-1527s,,,{}
c964371a-ad10-4765-8d3e-e42c22fafd2e,ocd-bill/bdb713da-1103-447d-add4-f9e1d516cff1,latest version,,,{}
34cb0fdb-df26-4b48-af21-758e53baa078,ocd-bill/f0b402cf-62d4-4326-9c43-7475f0518206,latest version,,,{}
259e219b-caad-4bba-ba88-6a1839cd3c34,ocd-bill/737bb25e-dae6-408c-a6ae-7a4f674957fe,latest version,,,{}
7542a07b-0e73-47e4-ae2e-bcc299778716,ocd-bill/fe9f5a4a-83cb-43f3-b8c7-d8047485ec6c,Amendment #2024-1106h,,,{}
f1b68008-ce03-4dbe-9962-1bbe964a51fc,ocd-bill/fe9f5a4a-83cb-43f3-b8c7-d8047485ec6c,latest version,,,{}
10caffdd-ee63-46bc-828a-4a3ba8277a2d,ocd-bill/96992a70-aced-48c4-b2fe-6dba15e8bdcf,Amendment #2024-1243h,,,{}
79f1e3c3-9bbf-489c-b7e6-f245c7edcaf6,ocd-bill/96992a70-aced-48c4-b2fe-6dba15e8bdcf,latest version,,,{}
8115b253-f24e-4ff8-b1dc-c0f4338b1166,ocd-bill/cbafe274-f273-4807-b683-9d5f8deeab4e,latest version,,,{}
89e7f62e-15a6-446f-9cb2-58fd9bda9f81,ocd-bill/616c11ff-8bd6-4ecc-b7bd-0f91a4f2bb16,latest version,,,{}
814a32d5-f706-4022-ac58-18e8c4fe5791,ocd-bill/6123b56d-2d48-40bc-977b-78a23edca8dc,latest version,,,{}
d1ce4701-870c-45e5-82a0-c80c57d66a2f,ocd-bill/b01c596c-ac2c-47d1-a01c-3f343c4c1dd3,latest version,,,{}
6f1c195f-d5a4-47d5-8d81-a431f3cc347f,ocd-bill/7f378f8c-93b7-40cb-9129-ce2d13455eb0,latest version,,,{}
28c54f29-0115-440a-ba6f-2ca875001182,ocd-bill/67516566-79f1-4884-94a1-7efa4772e412,latest version,,,{}
13cb0f03-3aa8-4c0a-88d5-7d572def78ee,ocd-bill/70ff49f9-e32f-468d-8386-cc29f2099a64,Amendment #2024-2253e,,,{}
eadcd6e6-7b20-4d2d-8dbe-f9af65447797,ocd-bill/70ff49f9-e32f-468d-8386-cc29f2099a64,latest version,,,{}
59cc4a19-c00c-4d4e-8797-9d994c61323b,ocd-bill/30d8a716-375b-4a4e-a9e3-d2ec29ddaf8c,Amendment #2024-0855h,,,{}
330c5e95-c40e-41be-a0ea-0196c2625ba4,ocd-bill/30d8a716-375b-4a4e-a9e3-d2ec29ddaf8c,latest version,,,{}
db2103e2-e249-429a-a253-cc0c02096242,ocd-bill/62fc500a-70ca-4bd0-bcfa-4e7332f086da,latest version,,,{}
0f869e91-b3e2-463b-bef8-7d7398867013,ocd-bill/4f2a6b13-893d-426c-80f9-2850770abfb2,Amendment #2024-0369h,,,{}
9d9ee8b0-e0c0-425b-a069-c75d0ea1df8b,ocd-bill/4f2a6b13-893d-426c-80f9-2850770abfb2,latest version,,,{}
dfa5d012-f8a2-4788-a632-d461b10ae6cc,ocd-bill/2e97f190-262e-422a-8602-189a83936f67,latest version,,,{}
85915f38-e7fc-4a7b-9016-7ab2b5ab5335,ocd-bill/093981f8-b503-4be8-9f5e-162ec5f651ba,latest version,,,{}
e2a2d3c2-bd57-4c3c-b46b-61891165f611,ocd-bill/61512f48-715a-4823-bdaf-26712bc899b2,latest version,,,{}
1cb89fd4-be53-40fa-bf15-e857b0e6b6cd,ocd-bill/b0331031-fa37-4fe0-84cf-9ca1b8275fcb,Amendment #2024-0921h,,,{}
77e98186-642e-44d2-9ebe-286fe247acbb,ocd-bill/92c3798d-2c06-4f58-87f9-b608ac4903f3,latest version,,,{}
ff2d82c1-2a38-4af0-9cfe-3d7f993805dd,ocd-bill/5d299dad-98ac-420b-9b83-0744b1872ef6,latest version,,,{}
5d482764-e6c4-4285-8018-ebc60c7a7fbc,ocd-bill/af2b3e88-104e-4e8f-91d9-a6ef540b1a02,Amendment #2024-2367e,,,{}
1e9c8441-6fd7-4391-9f03-2331a504ba41,ocd-bill/af2b3e88-104e-4e8f-91d9-a6ef540b1a02,latest version,,,{}
de286d3d-8141-4e61-8622-1fc4c9eaf60a,ocd-bill/f9d0a228-b276-4bf7-a9c2-43a0e8ee0536,latest version,,,{}
2341fc8e-0054-4312-890c-9a3711bf5667,ocd-bill/b0331031-fa37-4fe0-84cf-9ca1b8275fcb,latest version,,,{}
98b8f244-1e13-4114-a6e7-900a7160d77b,ocd-bill/ac7ff09f-2d2e-4e5d-b18b-663660c62d53,latest version,,,{}
c75bbf8e-bdd2-4416-89c9-c4790856f8eb,ocd-bill/63740ce0-94e7-4dd5-b203-67334662b9b6,latest version,,,{}
ec9209ac-c260-4bc5-ad0b-b4016b6aaad1,ocd-bill/8fd6b2a0-048d-4c11-ae84-c66c02ec139f,Amendment #2024-0814s,,,{}
58da40ab-b1bf-4391-b178-4893e880ccb4,ocd-bill/322f5db0-1581-4e69-a6c4-260f3c5255dd,latest version,,,{}
0f18339d-b687-4f46-8dec-dcb4e5031b05,ocd-bill/75853772-4e2d-4b9a-978d-5b98fe774d8f,latest version,,,{}
42292a48-dfc7-4b7c-8018-96b8742f6e2d,ocd-bill/8fd6b2a0-048d-4c11-ae84-c66c02ec139f,latest version,,,{}
cd9e7055-f97a-47e0-92c6-21a04f8e35a8,ocd-bill/0b18a822-0ad1-4c48-93ac-ccf6104654d4,latest version,,,{}
7571c609-3a60-48ab-a332-e6b6e2167a6c,ocd-bill/cf2e0efa-551c-452f-b1ba-63df85f48124,Amendment #2023-2423h,,,{}
dd454986-2ad8-48b2-a1dd-74b11e15224f,ocd-bill/2ac21ea0-3812-4e29-8ad3-f75c7859f454,latest version,,,{}
13ba254b-6cdf-4b78-994d-1bbbc886277a,ocd-bill/365bca70-8e34-4529-8146-a65a96f3cae3,latest version,,,{}
85e33cc0-dd81-47e3-8f12-cb0755dd6d8f,ocd-bill/43940758-d9c7-48d2-a7ab-1eff7af39d6b,latest version,,,{}
0d554902-8bd2-44f7-abda-b204e009b38a,ocd-bill/cd96ef3d-4c45-46d1-a010-f35617936405,Amendment #2024-0492h,,,{}
fd310bf1-9169-4755-9840-1dbf9f9378cd,ocd-bill/f2119e74-e1cf-4287-9c98-b770a9446f51,latest version,,,{}
32d57285-bf0d-4bbb-8698-eeeb9aabe364,ocd-bill/88e70b2f-5d1d-49e0-9f71-4f502ab6e3d1,Amendment #2024-1702s,,,{}
13d0d068-b326-4d7b-9eb4-49f612d1d0ba,ocd-bill/88e70b2f-5d1d-49e0-9f71-4f502ab6e3d1,latest version,,,{}
591532dc-a536-4d33-bd6e-81f6b6cc06b1,ocd-bill/cd96ef3d-4c45-46d1-a010-f35617936405,latest version,,,{}
62036d98-f9e1-49bb-861c-1e95448f4f10,ocd-bill/f03a9ea4-ba12-4100-8a7a-eeeefa958c9e,Amendment #2024-0673s,,,{}
60c40de7-a8ef-4c95-bad6-af350727eeb4,ocd-bill/f03a9ea4-ba12-4100-8a7a-eeeefa958c9e,latest version,,,{}
eb2f8e16-f568-412c-8ff2-80cd8e0ab892,ocd-bill/162fcc33-3d66-48c3-908e-cae29ed9b9b3,Amendment #2024-0167s,,,{}
4652ae97-17df-4ea1-be8f-b6c5ed428b86,ocd-bill/dafbebc4-26c5-46e5-9ace-b748bddce217,Amendment #2024-1537s,,,{}
d784f49c-aa53-4f9c-9c5e-e66dfffd9be5,ocd-bill/dafbebc4-26c5-46e5-9ace-b748bddce217,latest version,,,{}
dceb3040-08cf-4b5e-933a-e547f6c2c524,ocd-bill/13fd9583-9375-41a1-8a02-bf31293564ca,latest version,,,{}
f453b004-0288-4770-992c-9824f9eac53f,ocd-bill/162fcc33-3d66-48c3-908e-cae29ed9b9b3,latest version,,,{}
eff607c7-3155-43f6-90e0-ea4821da9501,ocd-bill/5f5f09d6-d166-4846-babf-9f36116223a6,latest version,,,{}
15b4ef88-8966-4a2e-9a99-fefb4a923d3a,ocd-bill/e84e60df-d0dd-49f2-a9d6-355a7766f4bf,Amendment #2024-1945s,,,{}
7ea36235-76c4-4f64-836f-136b763dcd74,ocd-bill/88fd04d1-61d3-479e-8973-807d0e300eba,latest version,,,{}
4f43c699-c487-4abc-b82f-91afda081ec5,ocd-bill/ba2e8f3e-33b9-40fc-a46f-cf9299d1fa94,latest version,,,{}
9602090a-8ac5-45e2-9a7f-65c4fe07ba1e,ocd-bill/e84e60df-d0dd-49f2-a9d6-355a7766f4bf,latest version,,,{}
650aaf28-fd98-4da3-b49a-b117fc957aeb,ocd-bill/8f5b9328-9a17-4a02-9603-8dbed437e637,Amendment #2024-1701s,,,{}
a15c13af-3d68-4a9f-9b0c-db866da07018,ocd-bill/f33b3f53-7c32-4fb5-8f59-794cd2c1b435,latest version,,,{}
f78dc7ce-3db9-446b-8723-585a368d4ba0,ocd-bill/8f5b9328-9a17-4a02-9603-8dbed437e637,latest version,,,{}
97dca812-6df0-4550-972e-696c67bf250b,ocd-bill/4b4d090d-1249-4b0b-a31c-a9848c195917,latest version,,,{}
a811aa8a-3583-441a-a63e-9add617aa57c,ocd-bill/99477919-281f-4a84-96e2-fae202527058,Amendment #2024-2346e,,,{}
bb709b02-a574-48e7-b8b9-18c76832e5bc,ocd-bill/99477919-281f-4a84-96e2-fae202527058,latest version,,,{}
4208bbc1-e6fb-4fb1-93d3-f2c24ac45d59,ocd-bill/9c8918a8-94d0-4263-89f4-b012cf0aca3e,Amendment #2024-1737h,,,{}
40606c20-140d-4efc-a877-c4ac78accc03,ocd-bill/9c8918a8-94d0-4263-89f4-b012cf0aca3e,latest version,,,{}
86ec83c1-0d5c-4e9e-8ef4-7cdb6e345312,ocd-bill/4603dc43-9b63-4e8d-9d4a-b52f962b5b6b,Amendment #2023-0444h,,,{}
d48305a7-b96c-4bb1-9159-7c4df9d52fb4,ocd-bill/077a3518-7f95-4a75-87ea-f07d758e9004,latest version,,,{}
4bbbbbd2-884b-4df1-995c-311e5920c152,ocd-bill/5640c9d7-15bd-4f37-89dd-7108e1c0ea74,Amendment #2024-1254h,,,{}
11fcebb2-5bd4-480c-9463-a7925a01cc25,ocd-bill/71e24835-4f05-440f-99f1-c886785ec0df,latest version,,,{}
fb5f42de-6d80-4ae8-9da0-f8f5829b8c6c,ocd-bill/4aefa0ad-227e-4c88-a9a1-35f79ec70891,Amendment #2024-1123h,,,{}
49c69993-b107-4448-9f50-22616715564c,ocd-bill/4aefa0ad-227e-4c88-a9a1-35f79ec70891,latest version,,,{}
01e2098a-1a74-4c99-b21f-98fbee711506,ocd-bill/f0ac7bf8-b774-4e7c-8b52-38b54b494871,latest version,,,{}
ca672b30-0b8e-49ce-8e53-140f02b7e441,ocd-bill/5640c9d7-15bd-4f37-89dd-7108e1c0ea74,latest version,,,{}
4728a8f0-7379-448e-938a-de8a0adcdc2b,ocd-bill/a13a8ee6-f83a-4f91-b47f-92e9b617e86c,latest version,,,{}
aa1d348f-e099-4faa-9dab-4ce7d0f830e3,ocd-bill/751d9a93-d764-4bff-891b-1c5beb7ecbde,Amendment #2024-0244h,,,{}
81ccd6b8-8528-49d5-b7b4-5eede42bef55,ocd-bill/751d9a93-d764-4bff-891b-1c5beb7ecbde,latest version,,,{}
d1aec959-b812-443e-872d-ed6ca43f54e9,ocd-bill/14b53143-8587-47f3-9734-7d4347ad07e3,Amendment #2024-1803h,,,{}
caf08db5-a3af-4a11-93a9-710cbfaf97ee,ocd-bill/14b53143-8587-47f3-9734-7d4347ad07e3,latest version,,,{}
943aebe8-aa53-4064-9fa9-ada5d288fc7c,ocd-bill/93408f42-01f4-4f7d-8cb1-eab813107190,latest version,,,{}
2c78517e-19fc-45fa-895b-c21c6ac9de14,ocd-bill/bf01a2a7-1e5c-4142-8fbd-55797123e4ba,Amendment #2024-0885h,,,{}
4861f27b-80fe-426a-9f22-3c413661bbd1,ocd-bill/bf01a2a7-1e5c-4142-8fbd-55797123e4ba,latest version,,,{}
b7403106-ca4a-4fba-9936-fddc914c62a6,ocd-bill/5434353b-2c20-4d8b-bb8e-0e0ac5bfc2c2,latest version,,,{}
d8817bb6-6bc8-4420-bc6e-4e0b93c48773,ocd-bill/29ea44d5-65ff-4cf4-b3c8-ef94a03dde69,latest version,,,{}
de6dd0ed-9886-494d-920e-1d90c13051e6,ocd-bill/50e9a128-0f03-4b07-a289-2511eb574092,Amendment #2024-2145s,,,{}
52509adb-c200-44d7-9fa2-5daf5ac5c720,ocd-bill/50e9a128-0f03-4b07-a289-2511eb574092,latest version,,,{}
6f0573bb-f55a-44ce-baca-ccac74005ee6,ocd-bill/e7425fab-04e2-40c3-a719-b0285055e62b,Amendment #2024-2352e,,,{}
37d657c9-505f-4733-8e9a-e4dbe40feede,ocd-bill/145057ba-1f83-47ec-bdb2-4c84198ece2c,latest version,,,{}
283b8609-848d-4dfe-9d4b-acaab062c3f0,ocd-bill/fc1fdcf2-7374-47e6-ac1d-7c8c37b0d4ce,Amendment #2023-0602h,,,{}
c7739ad9-458c-4e61-9ae3-3bed8ce1811e,ocd-bill/e7425fab-04e2-40c3-a719-b0285055e62b,latest version,,,{}
e4d28bd9-9e17-4771-a398-930f7a1fcece,ocd-bill/a575b361-1200-4745-bb38-1694bff1463c,latest version,,,{}
4d6af655-51a2-4119-8b64-bb618868f1d6,ocd-bill/13793c6b-b7f0-4473-810b-bf54ada391ba,Amendment #2024-2374e,,,{}
c167d22b-b067-4500-aeb7-78d35ebf8093,ocd-bill/13793c6b-b7f0-4473-810b-bf54ada391ba,latest version,,,{}
7473535d-394f-4c18-8fae-e9de3dae5cb1,ocd-bill/93763d1b-f8ad-454d-880a-8fcf423f2410,latest version,,,{}
a9d268ac-fbe7-42b0-a68e-5c120d4e3011,ocd-bill/94fc04bd-5ec0-4152-8a9f-f4136f5fac87,latest version,,,{}
2850d08c-26fd-4766-8e53-b48c60fe7ffd,ocd-bill/f6fafa64-9f36-47de-b2a0-37752b39d10a,latest version,,,{}
0eb07a81-2163-4dd8-b765-71584671cb26,ocd-bill/156e554f-74ba-4a24-8174-cec8b89d6d86,Amendment #2024-2338e,,,{}
d012156e-e403-4d0c-b5dd-7901a6385e95,ocd-bill/63e17806-d576-471d-bd7b-62dba7680dec,latest version,,,{}
ad186622-7d07-4e23-94ba-4db9fe4f2e77,ocd-bill/aa175faa-e87d-48e3-a347-10a409df39aa,latest version,,,{}
2cfe58e9-1856-4adf-9141-7d160b0fec63,ocd-bill/b5bb243a-9877-42ed-a94f-36c08633f057,Amendment #2024-1589h,,,{}
a1ca67f2-7f7d-45f7-ab35-10930c844499,ocd-bill/b5bb243a-9877-42ed-a94f-36c08633f057,latest version,,,{}
097a456e-c39f-46c2-89a0-e85a0c509be5,ocd-bill/df3b87c1-1235-4f16-9d98-565cf5764bab,Amendment #2024-1523s,,,{}
529efdb1-439b-4847-8090-d04e02886524,ocd-bill/df3b87c1-1235-4f16-9d98-565cf5764bab,latest version,,,{}
5684a09f-3f7a-4d93-8d4b-73eec79c73bf,ocd-bill/9b8fb0fd-ff22-4aeb-888c-57016466f957,Amendment #2024-0419h,,,{}
f1e89011-9526-4887-b9b3-20410f97996e,ocd-bill/9b8fb0fd-ff22-4aeb-888c-57016466f957,latest version,,,{}
e783d525-f9db-4755-91a0-0da4e6eb8b69,ocd-bill/217ba3ba-90c8-4856-9c03-11e6f4a40cff,latest version,,,{}
534a485f-9f8a-4b31-b397-ff2223a3403b,ocd-bill/60b42890-7152-4db3-afc1-22ab39217217,latest version,,,{}
5f3f9f1f-dc5b-40d3-9f55-70b4c176bc0a,ocd-bill/7d67b96b-75c7-4f90-a3bd-07844390068e,latest version,,,{}
ceb08e0e-1e24-4086-a7ca-bd7762e7b85d,ocd-bill/6b0aa582-855e-43a1-9854-3ef52339c6da,Amendment #2024-1967s,,,{}
52ce0230-bd17-4619-97fd-62b2a4dcd9de,ocd-bill/c896e85b-4c3d-4d49-a602-4c477e1d30a5,Amendment #2024-0666h,,,{}
46c5a485-3707-4da3-883e-ec819c10ffca,ocd-bill/c896e85b-4c3d-4d49-a602-4c477e1d30a5,latest version,,,{}
ab852bc8-6793-41c8-8676-1f64772a8cc8,ocd-bill/192ee747-e8c4-4f81-b860-855d18790362,Amendment #2024-1827s,,,{}
ee7dc1cc-14b0-40d6-9e61-66ac2df49d6a,ocd-bill/2cb37956-42cf-4aad-856a-a3425e976acb,latest version,,,{}
f88a8493-d24c-4356-8fcd-ba29fb74aa5b,ocd-bill/192ee747-e8c4-4f81-b860-855d18790362,latest version,,,{}
9a05a4f5-faa3-43ba-a470-174964f34d24,ocd-bill/73658280-1ffc-4680-8958-45c6e9628752,latest version,,,{}
2f1fa0c1-d8a3-47ab-a65e-15414e62fe69,ocd-bill/c0f938ea-2ab7-4217-bc2b-1906266334aa,latest version,,,{}
593b0826-b4fb-41fb-8b9d-24f8165b445b,ocd-bill/3b182adb-a7c1-412b-9116-c635abd09951,latest version,,,{}
0f940547-44c3-4b29-81a7-d7f7eb50c8a9,ocd-bill/441c0dc7-9dd8-484c-af84-2839bcb5a0ed,latest version,,,{}
6737de38-8c29-4bc2-9554-377e6919a029,ocd-bill/2e2811e2-3c44-45f4-95d8-9057b93c97aa,latest version,,,{}
6351b18f-45dc-4487-a763-e8e70d380529,ocd-bill/fb6065c0-1a13-48a7-8e8a-2dc642aed4c2,Amendment #2024-2333e,,,{}
b5e81e8b-4301-480d-adaa-2b4b4c07e0bf,ocd-bill/fb6065c0-1a13-48a7-8e8a-2dc642aed4c2,latest version,,,{}
d5e3fae0-ac9e-478f-9c7e-3dc915e4f6b5,ocd-bill/3a26336f-bd43-46c2-81bb-45211c16afe4,Amendment #2024-0865s,,,{}
fb11330b-03aa-4c3c-8876-874bf33480b5,ocd-bill/3a26336f-bd43-46c2-81bb-45211c16afe4,latest version,,,{}
f6697d43-91ff-4c8d-8a8c-8b058cd995df,ocd-bill/ed0c412d-601d-4b4a-befe-7f053a3b1028,latest version,,,{}
bfd73cff-d9e0-4d19-b38d-39946c4641d1,ocd-bill/41c0fd49-574e-4fc8-ab90-caa4454d59df,latest version,,,{}
db84d1bd-e042-4ff0-abb4-aa13cbc896c3,ocd-bill/77ba5f40-6369-4dbf-b290-f1612237af9e,Amendment #2024-1265s,,,{}
78557e42-3966-44c6-bd9b-17d1cedf117b,ocd-bill/77ba5f40-6369-4dbf-b290-f1612237af9e,latest version,,,{}
b74a77ef-06e8-4fc0-96ff-36b9b49ec58e,ocd-bill/f7b42976-276c-4de5-ade3-b49412290730,latest version,,,{}
247d90eb-e174-4476-a509-93650ec9b217,ocd-bill/13b436a8-71c3-4b1d-9a6a-94971531b413,Amendment #2024-0560s,,,{}
b67876b1-5ea1-4f2c-9e70-154aafd2542a,ocd-bill/13b436a8-71c3-4b1d-9a6a-94971531b413,latest version,,,{}
c4573cbd-ca4a-4781-beeb-bad9b883b0d3,ocd-bill/9b49418e-fc73-479a-8046-14e75e095da7,Amendment #2024-1819h,,,{}
79cded69-dddc-4a33-a2a1-393a7d8aa66a,ocd-bill/9b49418e-fc73-479a-8046-14e75e095da7,latest version,,,{}
dfb30811-6c72-47ba-9d4e-d644b1beef4a,ocd-bill/323df0ef-42da-4491-a519-161dce584d74,Amendment #2024-0546s,,,{}
8b22ae42-511f-48be-85a7-06f2eed53c80,ocd-bill/323df0ef-42da-4491-a519-161dce584d74,latest version,,,{}
88e9b3fd-0024-4f72-9115-01e24370c475,ocd-bill/74622094-e5a2-4c6d-beb4-0774b2c164c3,Amendment #2024-0637h,,,{}
3c769ae5-a6f4-4c3b-b6b4-2cdcab2c90aa,ocd-bill/74622094-e5a2-4c6d-beb4-0774b2c164c3,latest version,,,{}
d6eef7a1-3787-4c29-b2df-4e398688395a,ocd-bill/74ef1095-2ef0-4efe-8e58-e2bbdb6998aa,Amendment #2024-2325e,,,{}
4df603ce-c93d-4f8a-8017-e0296e23512f,ocd-bill/3b140606-96c7-4af0-82b2-ad0e765bb5e7,Amendment #2023-2418s,,,{}
004389c2-d6b3-4426-b8ca-a7f83e8a0bf3,ocd-bill/74ef1095-2ef0-4efe-8e58-e2bbdb6998aa,latest version,,,{}
a1b69089-31a4-4f40-b105-dff89e0c8a32,ocd-bill/557746d9-5233-4b71-a9c7-6110f06fd048,Amendment #2024-2349e,,,{}
0e673f61-16fe-4e89-a1b8-4b29ffded25e,ocd-bill/557746d9-5233-4b71-a9c7-6110f06fd048,latest version,,,{}
80309663-845e-4b41-85dc-3a041446bbcd,ocd-bill/31609c90-afdf-45f6-ad57-42d9bdb06051,Amendment #2024-1896h,,,{}
4c4f3bab-d06a-4bfe-b344-efb2a3d1efec,ocd-bill/90b72448-40eb-4f6a-8432-e54b357a01f2,latest version,,,{}
45bbcb5a-b623-47bd-89f9-8534953cae8f,ocd-bill/31609c90-afdf-45f6-ad57-42d9bdb06051,latest version,,,{}
7b187053-e0a4-4d4d-a141-8d9a21f3408d,ocd-bill/4b6f062a-de9d-42d2-8fe3-4e21dbee1293,latest version,,,{}
07db9fa0-8342-4309-ae24-ce0e93c90a07,ocd-bill/f828c43f-83db-4f4d-a9ea-f024fb6c6055,Amendment #2024-2119s,,,{}
697e27c7-4a2c-41c1-991b-a7f442bdcc51,ocd-bill/f828c43f-83db-4f4d-a9ea-f024fb6c6055,latest version,,,{}
cb33fa15-0091-428f-9c08-40a0797681db,ocd-bill/19d2c0de-2762-42d5-a520-998c55d00f23,latest version,,,{}
c883cab8-f484-4891-af95-b5081108de53,ocd-bill/1ef9312e-361d-4773-a03f-f37be8cd499f,Amendment #2024-2316e,,,{}
351bae49-8828-4e54-b4ae-c5e887709521,ocd-bill/1ef9312e-361d-4773-a03f-f37be8cd499f,latest version,,,{}
c8778691-1ae8-4de7-818f-ec97740785df,ocd-bill/38e34825-275f-4473-b4c4-4e1063c2490e,latest version,,,{}
8aec43f3-68b6-49ab-b40d-00bd3b63a66c,ocd-bill/f00c181c-5f7e-4ed2-b452-781e4ffc2560,latest version,,,{}
7aa4dd95-bd4c-4134-b3c9-44d054bb02d7,ocd-bill/fdc5eb79-5907-496a-9260-dff7ba432ecd,latest version,,,{}
a0e645b3-bc99-47cc-b412-33fd429bdc06,ocd-bill/26c5b98e-013e-4421-8116-0fe18372f059,Amendment #2024-1698h,,,{}
04f8268c-d918-4e7f-bdb2-22afa701eeb9,ocd-bill/26c5b98e-013e-4421-8116-0fe18372f059,latest version,,,{}
41a4323c-ecfa-4a5c-880a-ec94c3a31432,ocd-bill/088ae7c9-a208-47a6-887a-585c5616a5cb,latest version,,,{}
8ce86488-a57d-4e42-bbdb-a7733d814975,ocd-bill/ade68a7a-162f-42b2-988f-7e9ecb909ce8,latest version,,,{}
ec794052-b4de-40f1-a150-5ce6aa308d97,ocd-bill/4ff92911-9058-4679-9a28-597a29d96ad9,latest version,,,{}
d6413291-62de-4154-8fb4-afedc3d4ee35,ocd-bill/4345a102-da4e-4294-8136-c08e11595d2e,Amendment #2024-1522s,,,{}
14a8f397-9860-45bb-838d-7e7e9d7f5d1a,ocd-bill/13a966d1-07bb-487a-87be-20cedcbefaa3,latest version,,,{}
7c3302ca-e6da-438d-b682-56c82ae5ec5e,ocd-bill/fd85851e-7682-42d2-960e-4831a2da90c8,latest version,,,{}
c51cec24-c8e2-4ad5-b4ce-ab2a7667d56d,ocd-bill/9abcd38c-a6cb-4388-8e9c-cd880895b729,latest version,,,{}
75324d52-e15d-4b2f-9b2d-6327a1635b60,ocd-bill/addbc5fb-a0f4-4b7e-83de-286a02934a8e,Amendment #2024-1222h,,,{}
748a635b-33c8-4827-b599-3d3c87d43bba,ocd-bill/addbc5fb-a0f4-4b7e-83de-286a02934a8e,latest version,,,{}
52fec362-4df7-4a56-9af9-b4d75f879eee,ocd-bill/c2337b31-f094-41b0-aa1b-11c5eb7b1501,Amendment #2024-0365s,,,{}
28f50ebd-f48e-4a6e-976c-cc0000a18f6e,ocd-bill/c2337b31-f094-41b0-aa1b-11c5eb7b1501,latest version,,,{}
f53e29a2-8336-45f1-9c5b-037e0ed562e3,ocd-bill/c42cdb76-26c2-4704-b75e-e120c7b86849,Amendment #2024-0567s,,,{}
5e3a5d23-4fd0-43a6-95cf-9cf40b47081b,ocd-bill/c42cdb76-26c2-4704-b75e-e120c7b86849,latest version,,,{}
de9b6943-10c6-4e7d-acf3-f314ca33074f,ocd-bill/70308385-9cd0-43a3-ba66-0bd268beb57a,latest version,,,{}
d1a51c49-3d1d-45a6-a0dc-b31cac63e5a3,ocd-bill/de99fc75-9964-46d9-800b-5d5a42df2aaf,Amendment #2024-1988h,,,{}
09942155-51d0-4701-ae1b-9f862567bb2e,ocd-bill/de99fc75-9964-46d9-800b-5d5a42df2aaf,latest version,,,{}
a08740ea-c2de-4d80-8704-b5b8cd22d36c,ocd-bill/8f0763fc-77f3-4004-8af1-0b986733593f,Amendment #2024-0712s,,,{}
13e18f86-1067-4b59-8d24-e3fa0b371d5d,ocd-bill/8f0763fc-77f3-4004-8af1-0b986733593f,latest version,,,{}
15ead040-b378-4613-8105-2807a2b564bb,ocd-bill/bc61a570-29b0-4823-83ff-75331ffb5252,Amendment #2024-0515s,,,{}
a022c666-ad36-4728-a368-ab2fda568a61,ocd-bill/bc61a570-29b0-4823-83ff-75331ffb5252,latest version,,,{}
e32509e8-c771-4b3f-8dbc-aff1b06dd936,ocd-bill/10a05d28-2aef-44d8-aa0f-54781f43ed0a,Amendment #2024-1638h,,,{}
412a2151-c450-4884-9fcb-5077ea88fbad,ocd-bill/10a05d28-2aef-44d8-aa0f-54781f43ed0a,latest version,,,{}
5286abbb-3a6e-4bf2-9dd9-84905f13d5d4,ocd-bill/36da89ce-3abb-4c24-a1ac-8e952358c3b4,latest version,,,{}
2d9b28be-480c-44c1-8355-23b06091f5ae,ocd-bill/a8ba0115-3dd0-4c52-a941-a530998bb3bc,Amendment #2024-0521s,,,{}
8e5f319a-6973-4da3-8bf0-a28a57df2e31,ocd-bill/a8ba0115-3dd0-4c52-a941-a530998bb3bc,latest version,,,{}
50173b1e-46d1-47cd-8559-6a35fb75d1da,ocd-bill/c8261382-c31d-4b9d-82f6-0fc8c003c03e,latest version,,,{}
ef16b6de-41ee-4c08-b1c9-bc9252b9ca27,ocd-bill/7af14723-81d0-4ad8-a0b0-bf1150e899ed,latest version,,,{}
a7f40e33-0266-4c1d-bf3e-caa3a6afcab9,ocd-bill/df2db8a4-a974-4519-954c-a573ea3b1a63,Amendment #2024-2366e,,,{}
d822be84-4de7-4214-ab86-c6b2e91d1e9f,ocd-bill/215b4126-455d-4c1f-a5cf-e85b397bec69,Amendment #2024-2353e,,,{}
23286db4-4047-440f-94f3-d37a06adee7e,ocd-bill/215b4126-455d-4c1f-a5cf-e85b397bec69,latest version,,,{}
3786c6b0-27ac-46f5-88b6-960e65345ab8,ocd-bill/bf0cadfb-64d2-445d-b99d-8abe235458ef,Amendment #2024-0768h,,,{}
442e867e-1f43-47ab-8187-ced8a9e9df82,ocd-bill/bf0cadfb-64d2-445d-b99d-8abe235458ef,latest version,,,{}
acceda29-2a8a-42bf-912c-4b859d49df56,ocd-bill/df2db8a4-a974-4519-954c-a573ea3b1a63,latest version,,,{}
6104f4e9-dbba-4d05-a6ee-d6524f65df9c,ocd-bill/067c9edd-80bd-4f97-b2e1-5acaa8d07d7a,Amendment #2024-1790h,,,{}
9d477903-94dc-4b3a-bd62-d469ba581e1f,ocd-bill/067c9edd-80bd-4f97-b2e1-5acaa8d07d7a,latest version,,,{}
fe2bc008-4b91-4373-b56e-79c0dfde3435,ocd-bill/9ccb281b-c4e3-42a6-b908-fa1c0e015768,Amendment #2024-0219h,,,{}
d8e2b063-389a-4adf-8b3b-e7aa0e18e443,ocd-bill/a5a3ff71-57aa-461b-a0d0-7d77f18ccc9b,latest version,,,{}
e1d1f061-fea3-4613-a4fa-316f2e16b568,ocd-bill/9ccb281b-c4e3-42a6-b908-fa1c0e015768,latest version,,,{}
4c36f806-0379-4db6-b654-faca54720f02,ocd-bill/147aab5e-4dcc-457b-b4a4-bb36a4389a95,latest version,,,{}
26d73541-5e47-4a0d-8f67-127eaf22deb5,ocd-bill/683bf4c9-0859-457c-8787-b2563c5bdee2,latest version,,,{}
bc3feffd-1db9-4845-b965-a884d68c3a34,ocd-bill/267ee43c-bfec-446e-b982-289255283f52,Amendment #2024-0391h,,,{}
b890b0bd-924a-49af-97c6-df55d62a6553,ocd-bill/267ee43c-bfec-446e-b982-289255283f52,latest version,,,{}
72efa521-3c29-4550-905f-60c0af9d1007,ocd-bill/d4d277f4-847d-4730-a541-a0e1c66558ad,latest version,,,{}
296a4428-c1b9-49a0-b306-51f54d684f37,ocd-bill/32dc7ced-8d72-472e-9ea7-937189775cdc,latest version,,,{}
e9afbc69-d893-48a3-99c2-47dbe540cacb,ocd-bill/79b249d4-8640-4b40-a743-60ab494895b9,Amendment #2024-1693s,,,{}
e260e128-ea34-45cf-a982-692b37b10a2b,ocd-bill/79b249d4-8640-4b40-a743-60ab494895b9,latest version,,,{}
4e812c37-2360-495e-b9b9-d9f75486cbe4,ocd-bill/9a132f18-2124-4948-b645-115df594aa41,latest version,,,{}
46008372-c0be-496c-99c7-ad22e9ad0eec,ocd-bill/adcfdc3e-19b5-481d-bc96-986d3910945a,Amendment #2024-1612s,,,{}
a571064f-def6-4aba-b8e0-4563196e270e,ocd-bill/997892cb-d622-49fd-981c-171438ed912d,Amendment #2024-1085h,,,{}
acb63d61-cad6-4d88-96b0-8f597f4e99e1,ocd-bill/997892cb-d622-49fd-981c-171438ed912d,latest version,,,{}
9e57c58a-ca3f-4485-8284-a316ab94d00b,ocd-bill/adcfdc3e-19b5-481d-bc96-986d3910945a,latest version,,,{}
f5e5e86b-ed24-4b6a-9607-b3f7b5449be9,ocd-bill/2e44fba7-70f2-4c31-b256-ab34937a56ae,latest version,,,{}
a9762fed-ab9e-4fc3-ae80-68effc7045fa,ocd-bill/1d7b37f2-53af-47a2-a492-847b9a5785d2,Amendment #2023-2439h,,,{}
63318fa4-0efe-43e6-a64f-4fe0e43e88a6,ocd-bill/7160273c-7e00-4479-9120-37b58f6b8070,Amendment #2023-1754h,,,{}
415e8acc-134f-4e24-973e-a8eb3c7caf8f,ocd-bill/54121d43-81d7-4f4f-8775-43ee2140e73e,latest version,,,{}
badba9cb-343f-46e5-94ce-801e80e51886,ocd-bill/14faeb67-f58a-4a93-b5a2-37d1e7756d00,Amendment #2023-1256s,,,{}
6b19927d-c9de-4fad-ac10-b2b3f66b20f7,ocd-bill/9851a2a4-6c71-4920-944e-145731d8f241,latest version,,,{}
a102768a-2e28-4ef4-84a5-f486cda6ca22,ocd-bill/f25cc30e-8e16-45cd-b8d0-9f5bac08ba29,latest version,,,{}
63767bb2-0856-46a2-a022-10a8664b4f9c,ocd-bill/ac53ec3d-a3be-4680-aa86-fc977622ff85,latest version,,,{}
450f2fd2-2583-486c-bb9b-6d1b4e46552f,ocd-bill/31584b91-ee3f-4bd7-ad37-b03a49ea17f2,latest version,,,{}
55b5c0c9-a55d-46be-bb57-06e61b37af67,ocd-bill/21efdeae-9a09-4be2-9b2e-cac317e99412,Amendment #2024-0111h,,,{}
2fe7ee2b-10b6-4a31-b162-ecf5b84676f2,ocd-bill/3b6418d2-0668-4901-b489-692526d1bdeb,Amendment #2024-2178s,,,{}
771c911f-eb91-40f4-915f-0bb305dbb483,ocd-bill/f49c32c5-ca67-4a2e-93a9-1c2efee031d6,Amendment #2024-1548s,,,{}
fa624226-49f2-4181-b03a-063e45a32336,ocd-bill/015a4271-1d44-4c02-9854-d0f2a4f215b8,latest version,,,{}
3ff9033d-5ad1-4785-a871-cd5825c2a264,ocd-bill/1581b49e-552f-4fab-bb5e-dbcc01b8a4fd,Amendment #2024-1964s,,,{}
ba7ea9a0-87f1-4762-a0b9-dfb44d5f2db5,ocd-bill/c5df10bc-79ee-49ed-b55d-efdda5482f4a,latest version,,,{}
39d480ea-74a3-46bb-8ec0-3f3228fb6b0e,ocd-bill/1581b49e-552f-4fab-bb5e-dbcc01b8a4fd,latest version,,,{}
59913230-debc-4e7e-aa35-d8ab83c75712,ocd-bill/86f0a895-f64a-4523-bd97-616a02e2a57f,latest version,,,{}
b945ac1a-39cd-4c9f-847a-7381414d2bcd,ocd-bill/039b14da-53a3-4573-97e4-685ccaa99b2b,latest version,,,{}
00332cf5-7127-41cd-816b-9619e7f48bc8,ocd-bill/e6dbb3e2-6c50-446c-8208-045ae82935bf,latest version,,,{}
54108a24-d8de-4d9c-8e31-ca799120f84d,ocd-bill/bdb43822-dc74-4ee4-a6cf-56f92301fe22,latest version,,,{}
0e7b726d-b022-4a1d-acd9-39765cb77a20,ocd-bill/f61bfe03-9a74-4d72-ad81-4fb55a2291be,latest version,,,{}
8ed311ca-7035-4094-8f83-f79627795f89,ocd-bill/c40ce594-0d55-44dd-a95b-7fb643ddc688,latest version,,,{}
3450bb62-1e0e-4518-aea7-4f645631735e,ocd-bill/e6bc142c-1904-4cc6-b73f-fd817d2d9ac4,latest version,,,{}
a04658bb-63bd-4d04-aca0-dc1e2442087d,ocd-bill/4f012bd8-1eab-45b0-8ae2-75c647f08381,latest version,,,{}
8da10cbd-9b20-4e2a-912b-4f82fd7d1918,ocd-bill/e9184d2c-868e-448d-8e04-a1a5714652e0,Amendment #2023-0304h,,,{}
dfe633e5-1a32-484e-bcf3-3d85beb181ab,ocd-bill/dce8dd09-4fde-44b4-816b-9026225a8813,Amendment #2023-2390h,,,{}
3df5f7eb-d574-4f82-8509-1efb0a5dc9cd,ocd-bill/39a39ecf-f830-40de-af2b-3a7f2cf20e0f,latest version,,,{}
e4ca8c24-b9c1-4792-9c61-959fccd57994,ocd-bill/37d19fc0-0f89-428f-ae9b-3506c25aaf7f,latest version,,,{}
70594f4d-03d6-4902-9122-9037ebde116d,ocd-bill/b1a6ebba-a964-4383-b137-3ddaae574007,latest version,,,{}
de74a7f2-ce0c-402b-b08d-220e35dc6eac,ocd-bill/ce29dda0-9a74-42b2-845c-be2c846ac763,Amendment #2023-2405h,,,{}
a7c26787-683c-4d74-afc8-2baf672b3a64,ocd-bill/6a4b9a38-0a56-4777-bd60-b8da7fa5a4ee,Amendment #2023-2396,,,{}
1ff01e95-b55c-4209-bf91-f3b8feb85d41,ocd-bill/638a0ed4-f81c-4952-97c1-2c045c450ba1,latest version,,,{}
8d3f5f04-8f5c-4928-854a-efe16ae1f089,ocd-bill/8765d1f6-23b5-406b-8694-ff4b00a777ed,Amendment #2024-2201e,,,{}
d87e7db8-38ef-45b7-b174-ef1d7cbe7a19,ocd-bill/8765d1f6-23b5-406b-8694-ff4b00a777ed,latest version,,,{}
ba080eb6-f99d-4b74-8842-5794c4ea936d,ocd-bill/4fe7538c-3ae0-46a6-a2c2-cbc8656b0469,Amendment #2024-0582h,,,{}
eb0614e7-1453-4880-9cb4-5f90f270c4a4,ocd-bill/4fe7538c-3ae0-46a6-a2c2-cbc8656b0469,latest version,,,{}
84b8ac69-d337-4aed-a17b-2db6d886e15f,ocd-bill/5332f1d9-9a84-4203-98cb-c66e49806f68,Amendment #2024-0774h,,,{}
75d89d26-602a-4f26-9234-e004cfc68b00,ocd-bill/9b828bd4-93fb-410a-8ee5-0a09e25b245c,Amendment #2024-1867h,,,{}
89dbd1bf-2a26-443b-a30b-d0161b650275,ocd-bill/9b828bd4-93fb-410a-8ee5-0a09e25b245c,latest version,,,{}
8676184b-1665-4a8d-9861-7379e32bcbe5,ocd-bill/45210b9d-3f8e-4f4a-b8c1-8f2fdc6c7139,latest version,,,{}
bd564d21-f237-45f7-8feb-9891bae35980,ocd-bill/e4f95c1e-293e-4bb7-acaf-0adba1209161,latest version,,,{}
80e8e703-5012-41b1-8ac0-f12c7ca7f903,ocd-bill/4baa1ccb-bc0f-4e6d-8c23-dab5d9519810,latest version,,,{}
e4e5f897-8e03-4272-b7d5-0c33706701c4,ocd-bill/5332f1d9-9a84-4203-98cb-c66e49806f68,latest version,,,{}
1cfd849a-e917-484a-862a-83b7625eb57b,ocd-bill/996bc3ba-f59e-44a0-858a-e5d5272e9a86,Amendment #2024-0914h,,,{}
d3358583-1dd1-4582-8655-2d51de6a5a01,ocd-bill/996bc3ba-f59e-44a0-858a-e5d5272e9a86,latest version,,,{}
e291c8b4-920c-460f-ab2f-5455181a73bc,ocd-bill/1725ad60-9310-4aa4-893b-d0d459a9c025,Amendment #2024-0763h,,,{}
2b63e73f-bad5-4ffb-8318-7865b0a53a69,ocd-bill/3cef71bc-4d45-4ae8-905b-16d1cc3c3f51,Amendment #2023-2415h,,,{}
c0c22f00-74e6-4510-b3c1-b1fe0f36e34c,ocd-bill/6183ee0d-6adc-41d0-8b2c-bddd548c5395,Amendment #2024-1659h,,,{}
06cc1132-2fe9-406a-82f8-0363adc2a107,ocd-bill/6183ee0d-6adc-41d0-8b2c-bddd548c5395,latest version,,,{}
f44e5ece-dd28-4e57-96e2-6acbf40042fd,ocd-bill/1eefcde0-91ce-42be-9ef5-e425edd52a20,Amendment #2023-2284h,,,{}
eab87c8a-1f71-4cf5-8fb4-f96b2d69582c,ocd-bill/ae28c8ed-babe-4188-a78b-be278e4a34aa,latest version,,,{}
4da5fe23-6602-44aa-9dab-7d1f42075935,ocd-bill/82e68b14-5108-43ed-8501-e60fc0a7ef95,latest version,,,{}
cecf12fa-1777-4067-bdd7-2fc87da3aa54,ocd-bill/ff78166a-86fc-47b2-bd98-12581f72e232,latest version,,,{}
134680fb-8ee2-455c-b96c-4af85643a2bd,ocd-bill/1725ad60-9310-4aa4-893b-d0d459a9c025,latest version,,,{}
b1e3b356-60f8-4284-b6df-850ae5fb9092,ocd-bill/921d0e0c-9cba-41d1-a648-77750cb83131,latest version,,,{}
7be56812-13a6-4425-86da-2f2f8b463ad4,ocd-bill/73b13278-1947-4b19-b873-6d97b80afc6c,latest version,,,{}
582be10b-7575-4703-9d6d-15e022081b88,ocd-bill/42ca09b4-eb4e-4be4-ba4c-4070c43cb4dc,Amendment #2023-0924h,,,{}
1242c9c0-c35b-4954-9fd4-ebff2fff5c67,ocd-bill/73d3420a-1d85-4d2d-bdb6-3a1a52a1ce3a,Amendment #2024-1952s,,,{}
8b16979f-ad2e-4b75-89dd-0536165565ef,ocd-bill/4eaf556d-721d-437c-bd1a-31938bb87784,latest version,,,{}
ab919a50-c3e6-4abe-aadf-8a2ed9c0c70b,ocd-bill/86de48b5-dbac-4946-88c2-2c83389473be,Amendment #2023-2440h,,,{}
7a9fb1e8-6993-4f1b-a6bb-1894b25c7061,ocd-bill/02ed83e2-925d-4ea2-a9ba-21e0a3bb1d58,latest version,,,{}
9f3b97a0-b01a-4ec9-a85c-2565d10a103c,ocd-bill/30c73fff-1bca-4ed7-be3a-e05eb6e59a10,latest version,,,{}
0960b94f-bc94-4760-af85-148b7525ba19,ocd-bill/bb038813-8ff1-4d2b-993e-959081ba5d84,latest version,,,{}
6eaed62d-be7a-4d3c-9ef2-6d3e1011479e,ocd-bill/f6a73804-8ba3-4203-b304-43ce21ef1cb7,latest version,,,{}
ce3c8bd0-d50d-4008-822b-e52f8e522e06,ocd-bill/5cb44b43-1beb-4f12-ac29-053db7f95ee8,latest version,,,{}
dadc2e4b-8959-445d-9258-49852ecc34c4,ocd-bill/86619d42-a631-4229-a224-72404f02e85f,Amendment #2024-0809h,,,{}
7a4368be-12ca-49fa-a132-b266c7be9093,ocd-bill/86619d42-a631-4229-a224-72404f02e85f,latest version,,,{}
a04e76c1-8a27-486d-b0f3-ec9de20bd81b,ocd-bill/60c7580f-50bb-4559-ae28-a3595e87d4eb,Amendment #2024-2123s,,,{}
3fabbf15-8dd2-47af-b676-f32e49dc0348,ocd-bill/fa0d0fcf-69e8-41e5-8ced-9177c11ec212,latest version,,,{}
04d32e5b-9f6d-4d8c-9b3d-1d31bd6335f7,ocd-bill/1bc495bf-e57b-4397-97d7-7b0c091b4bc1,latest version,,,{}
3586347e-4f0e-4d87-9328-e969a1e6e6a8,ocd-bill/4c8e1240-2351-4eed-93f4-01aee13e7e7f,Amendment #2024-1944s,,,{}
dc5155cd-0492-41df-b636-a4b3af12aaf9,ocd-bill/a160a7f2-7015-433c-a7ba-dd74b8182069,latest version,,,{}
46f2c564-1e65-4fc4-a5a0-5142da663229,ocd-bill/202e108f-52f9-4ed4-b30d-fc20e5c3205a,latest version,,,{}
8e979e2d-1033-40d6-b1d2-af48c82ceb2c,ocd-bill/aae11f6e-40b0-42fb-a2ca-1c8ed70ed9e1,latest version,,,{}
e464dd59-fc0a-45f1-a84f-0cb447b8d95c,ocd-bill/97e947d3-ac1c-4555-bbf5-3d568d2bd4a2,latest version,,,{}
7c9b7057-70f1-4dda-8ff4-018ed1aacbc0,ocd-bill/7b443fff-3071-4e68-b878-e8f76dfac845,latest version,,,{}
7f51614d-0bed-4a76-a98d-8fe0fe0f7fd6,ocd-bill/33adc2af-43f5-418e-97c7-81f68e33e5de,Amendment #2024-0085e,,,{}
07bbb56b-8712-4aa6-9278-9d26c68ef301,ocd-bill/062ce864-16e5-4a28-953a-c964c5f090ea,Amendment #2024-0371s,,,{}
ba11e2ea-5b56-427b-b5b3-b3d4e3b5a232,ocd-bill/3b3b3966-bf7e-425a-97ed-c4d900d09dab,latest version,,,{}
1f0079eb-c81e-4e4f-903a-0fa5e5dcc31a,ocd-bill/a959e4d1-132f-4097-8f6a-614d606141a2,Amendment #2024-0354h,,,{}
26a1d939-7c97-4d20-8be7-446e657a2e06,ocd-bill/a959e4d1-132f-4097-8f6a-614d606141a2,latest version,,,{}
d8290ec5-f1fc-4b82-b182-eeeb492f7a24,ocd-bill/e9456b0d-2c25-4c15-9560-9b75be9531ee,Amendment #2024-0995h,,,{}
d741c1a3-cf32-4fd1-8f5f-3f617744904a,ocd-bill/e9456b0d-2c25-4c15-9560-9b75be9531ee,latest version,,,{}
e6cc560e-81e8-4043-b754-21aae84f30ee,ocd-bill/85ac0d20-43b2-43d8-8c01-ae08e7f2402a,latest version,,,{}
b972ede0-645f-4bf9-b826-4c2102eae7d2,ocd-bill/4166e441-20cf-49d7-a05f-a8166014caef,Amendment #2023-0657s,,,{}
84f02e03-e446-4631-9f5a-d4c8d0a75110,ocd-bill/bef62528-224d-4039-af46-2ce79945d418,Amendment #2023-2425h,,,{}
b09278ea-29ac-483d-9c51-64382e978130,ocd-bill/495c672d-0a5b-436f-82fc-b558034b26fd,Amendment #2023-2441h,,,{}
50c4931f-55d0-4ff5-bf45-2c3f69c6ec4e,ocd-bill/0c5b4769-0026-4452-93d3-3e595b2fe063,Amendment #2023-2333h,,,{}
50ae16fa-6841-4a4f-a644-68ccb7d2e9c4,ocd-bill/7f12b90d-f84b-4a90-a9df-754125546659,latest version,,,{}
1dcd9079-e79e-47b4-8efe-f0518445da49,ocd-bill/e869b963-eacc-42e3-a643-80b6513d039d,Amendment #2024-2328e,,,{}
690ae767-6edb-427c-8cca-b5c289592645,ocd-bill/599962e8-1013-46ca-b265-6d18f38302e0,Amendment #2024-2335e,,,{}
e2a8c5af-4535-4a36-aa77-61a70f176b3a,ocd-bill/d285a0e3-6357-4c10-a383-9fa9da7a418c,latest version,,,{}
18fd3a15-2ff4-4f30-a5c8-ec91a8e27899,ocd-bill/91df9f7d-e1cb-4e9b-8878-7b755f816a23,Amendment #2024-1577h,,,{}
32722d3c-250e-45e5-a346-2a9597b237fd,ocd-bill/91df9f7d-e1cb-4e9b-8878-7b755f816a23,latest version,,,{}
4b5968a6-5300-4377-8db9-fac37e79c05e,ocd-bill/c2417672-5e4d-4d03-a321-b992a81b5550,Amendment #2024-0936h,,,{}
890bb9eb-d037-4157-b94d-1ff78562e9e9,ocd-bill/c2417672-5e4d-4d03-a321-b992a81b5550,latest version,,,{}
d2bc957c-7dfd-459f-9605-edc9fc3c0c7b,ocd-bill/212cc95c-18ac-45a9-8b10-709889529ae5,latest version,,,{}
daa9fd56-531c-4495-86d0-e9cb69d7fdfc,ocd-bill/79b8e00e-a835-4135-a8db-56cdd38e151a,latest version,,,{}
2296bc7b-97df-4c0f-ac44-fdcec4cc604c,ocd-bill/3fbeae37-d3cb-4fea-b79b-66df733f6abe,latest version,,,{}
30972269-c7d7-4ca0-81e7-762549ce38a9,ocd-bill/3526d06b-c18a-4e67-ac93-14bf35f84d91,latest version,,,{}
965782d5-ac14-4a90-b06d-51a871d9cd2e,ocd-bill/595b6aa2-45a1-4cce-9740-467ba9ff3be1,latest version,,,{}
949d7068-75ca-4e98-a613-5fd234cc5be4,ocd-bill/b26ac734-ba5e-4c05-8646-ccefd526b4c5,latest version,,,{}
86aef661-3f35-4e3f-b7ce-afa4068252d4,ocd-bill/e9fbb47d-e588-41b7-9285-db654cbfd891,Amendment #2024-1647h,,,{}
75882d84-cd2e-4951-9098-a0c7ab9c090c,ocd-bill/e9fbb47d-e588-41b7-9285-db654cbfd891,latest version,,,{}
d45e33c1-add8-4869-b3a4-2afa7f7f9245,ocd-bill/1414d6b0-144d-4c8d-bba0-1036e9e0d6d8,Amendment #2024-1933h,,,{}
852fd4e8-7f31-4be2-82fc-36c28a5f4cf2,ocd-bill/1414d6b0-144d-4c8d-bba0-1036e9e0d6d8,latest version,,,{}
0312dfe0-285c-4996-8a53-25489ee935b0,ocd-bill/9006f021-8a02-4fdb-ae73-7ce7fd4cb95b,Amendment #2024-2091s,,,{}
56643fd6-a865-4a82-91a3-38f607517e87,ocd-bill/7d63dae0-f310-4631-83b4-6f54c5855e78,Amendment #2024-0026h,,,{}
e0d293d0-c183-4e5c-ae56-2c0a2d1e6f83,ocd-bill/7d63dae0-f310-4631-83b4-6f54c5855e78,latest version,,,{}
acc77a8d-185c-43df-a61d-9403c594612f,ocd-bill/9006f021-8a02-4fdb-ae73-7ce7fd4cb95b,latest version,,,{}
42d9aa53-d557-404a-8c13-50be8f22ff6f,ocd-bill/56728ed6-b689-4e41-9953-c7517e01ec4a,latest version,,,{}
550c5b65-ae29-4ba7-852b-2ca3315ee7f7,ocd-bill/d5f6e84f-b87a-4c78-a295-58a6c090b06e,Amendment #2024-1037h,,,{}
d9861a28-e276-439d-a3be-1135d73d6b96,ocd-bill/d5f6e84f-b87a-4c78-a295-58a6c090b06e,latest version,,,{}
41654790-f11a-493c-94be-ee8b421b6b75,ocd-bill/f7abe873-903b-4c94-952f-cb52f45a18f1,Amendment #2024-0572h,,,{}
385c6186-8d16-41dd-9280-ea0b9e4f4fad,ocd-bill/f7abe873-903b-4c94-952f-cb52f45a18f1,latest version,,,{}
a154b0a7-3f69-421b-93c2-b009fa9fea64,ocd-bill/4d27816d-9fa3-425e-a466-6382eaa5c7ed,Amendment #2024-0867s,,,{}
14ad4ea7-10b9-46f1-8e14-433be2635735,ocd-bill/7818ce96-3c1c-4c8c-ae9b-005cc0dd02c8,Amendment #2024-0808h,,,{}
27d9048d-4d07-46d0-b7d3-020721e22372,ocd-bill/7818ce96-3c1c-4c8c-ae9b-005cc0dd02c8,latest version,,,{}
84b09e8f-b778-41f9-8ab4-560448062299,ocd-bill/4d27816d-9fa3-425e-a466-6382eaa5c7ed,latest version,,,{}
abfd004a-6d80-4bd2-b3ec-da76c3b7cc9a,ocd-bill/71b6aed5-ff00-4b1f-a951-1d1a1e038518,Amendment #2023-2461h,,,{}
27f2f9f0-cef0-46f3-858e-2e8a66f243d7,ocd-bill/fb74d7ec-bf4e-4fd6-a4ab-6226aa237fe4,Amendment #2024-1865h,,,{}
55f17721-be2b-4b75-ad7a-60001434dde4,ocd-bill/fb74d7ec-bf4e-4fd6-a4ab-6226aa237fe4,latest version,,,{}
412cb0be-8eb4-43a9-93fe-9b375b26965e,ocd-bill/ff4534ef-2f6a-46fb-bb8d-109260b4df0a,Amendment #2024-0835s,,,{}
1efb22c0-6dd9-4e08-bbf9-5e2b6360265c,ocd-bill/ff4534ef-2f6a-46fb-bb8d-109260b4df0a,latest version,,,{}
74f674f4-bae1-4b0d-aced-e2fb1b02eddf,ocd-bill/7d8fefd9-670e-42d4-b040-6684487f3e99,Amendment #2024-1829s,,,{}
fbfef913-ef38-429c-9a96-48d4c4c495e7,ocd-bill/7d8fefd9-670e-42d4-b040-6684487f3e99,latest version,,,{}
00042182-8ead-4b8f-9ad6-906dc17dd54a,ocd-bill/4893b991-dc99-4dce-88f2-fb0968429b42,latest version,,,{}
4e8b2d9e-886a-485b-83c6-126b2be4e9b7,ocd-bill/4298bb19-dcbc-4a8b-9767-88a6600ecd0b,latest version,,,{}
2da960a8-37fe-40fe-9173-cef272152ffd,ocd-bill/cef4d10d-b4a1-47c8-9b77-ab79e05febd7,Amendment #2024-1983h,,,{}
1aec1149-b235-4a30-9a58-a1342b2a6657,ocd-bill/cef4d10d-b4a1-47c8-9b77-ab79e05febd7,latest version,,,{}
97526ed7-bdcf-44b6-9b49-23652da0c3a0,ocd-bill/f9794246-dfdc-4053-b02d-cb3c9259d158,Amendment #2024-1137s,,,{}
d76e710f-a660-4523-a05c-8a9fb601781f,ocd-bill/f9794246-dfdc-4053-b02d-cb3c9259d158,latest version,,,{}
2a8d2c86-29f4-4045-b3e4-0c1bdc174c19,ocd-bill/fdfb3406-d7cd-46c7-af11-ef5009e21270,latest version,,,{}
c6e5c659-5306-494d-bb01-0440e8a2e92a,ocd-bill/99ecdbda-585c-4e17-bcc9-a75b3e78fe94,latest version,,,{}
90e6541b-2723-4048-9e5e-2c9c7bfcd079,ocd-bill/e46b9b6d-ed5c-45c0-a74a-1abaa7345729,latest version,,,{}
64c1360f-5be2-4973-a90f-bdf344becffc,ocd-bill/5a57479a-3814-499d-907b-0aac78568e25,Amendment #2024-2120s,,,{}
e2c0d99d-3838-4843-90b2-81fc9afa3f68,ocd-bill/5a57479a-3814-499d-907b-0aac78568e25,latest version,,,{}
9a545814-951d-441d-8507-1a2b9e0412e2,ocd-bill/8ed01851-d29e-4aea-9773-eca40617a6bf,Amendment #2024-1627s,,,{}
27b25788-e313-44e2-a4bd-22cfbfcf17ea,ocd-bill/8ed01851-d29e-4aea-9773-eca40617a6bf,latest version,,,{}
88e5e91b-c391-41a0-8aca-7d85781523c8,ocd-bill/f2146838-83c7-4e0e-a7fc-1e18c2c1bee7,Amendment #2024-1400h,,,{}
7b299cd9-aff6-466d-a1d6-cb3438467200,ocd-bill/f2146838-83c7-4e0e-a7fc-1e18c2c1bee7,latest version,,,{}
c1026831-3dd2-4c0a-9815-2a34c32604bc,ocd-bill/f13161ff-179b-4e82-8139-1056b25d31f0,latest version,,,{}
9b01b100-21ae-4743-a35b-a859fddd85a0,ocd-bill/6b25ab00-82b1-4469-9e47-5169a9c15d64,Amendment #2024-0982h,,,{}
8f46fe53-955c-4495-9dde-83e38361de20,ocd-bill/6b25ab00-82b1-4469-9e47-5169a9c15d64,latest version,,,{}
2aae8eee-3651-4401-80c9-0b303fee86e9,ocd-bill/20110f1e-8c3b-4705-8542-43cb5208f7a0,latest version,,,{}
5a00c274-ca78-4847-b227-7450888dcb20,ocd-bill/18211c79-86c8-47d1-afbc-ae47f86fa8a5,Amendment #2024-1968s,,,{}
658b2a21-c611-46e1-9602-0996a1e7192e,ocd-bill/426811fc-aac2-4d4b-8685-3bccdb3c3e84,Amendment #2024-2323e,,,{}
507d6c3c-68de-4d94-8741-b3ed61113795,ocd-bill/426811fc-aac2-4d4b-8685-3bccdb3c3e84,latest version,,,{}
e2dc5dd8-8fa9-4125-857a-fab52d7983f7,ocd-bill/18211c79-86c8-47d1-afbc-ae47f86fa8a5,latest version,,,{}
416484c0-cff4-4463-b627-548d017697f8,ocd-bill/4d48dbbe-7554-4270-8c98-037c51e05361,latest version,,,{}
2952847e-4356-47be-ac39-12dca208a443,ocd-bill/d81ef711-0cd9-467e-905e-b7407ba2135e,Amendment #2024-1678h,,,{}
c84000c3-e1e0-4ce8-897b-69ffff0e23e0,ocd-bill/b9abf236-56db-4c32-98b8-617534f44c9b,latest version,,,{}
a1827768-e094-4683-b1ab-15390cccc948,ocd-bill/d81ef711-0cd9-467e-905e-b7407ba2135e,latest version,,,{}
2a5f677e-eef8-482b-96b6-5229dea445b4,ocd-bill/77fca1a7-3c2f-4096-8000-827df7747d18,Amendment #2024-1454h,,,{}
a223f8cc-6a4b-479d-8a87-e526834faa9d,ocd-bill/77fca1a7-3c2f-4096-8000-827df7747d18,latest version,,,{}
4073fba2-5c84-4e24-bcde-9c9ced0cf72c,ocd-bill/e77a12df-8fa4-4a42-846b-76c3b39161cf,Amendment #2024-2319e,,,{}
2063cda9-0a49-4b16-9caf-49fd580883a1,ocd-bill/e77a12df-8fa4-4a42-846b-76c3b39161cf,latest version,,,{}
894ebd2d-2c8f-465d-bced-533a7af2222a,ocd-bill/e0c9764e-d3b9-4faf-81bd-b23262fdd3d9,latest version,,,{}
f410c1c0-30d7-40a0-b373-ba7eb56a4b85,ocd-bill/2717c483-9624-47af-8cd8-bf9eb476a035,Amendment #2024-1892h,,,{}
7aca3159-4460-4d80-be79-0c049922d593,ocd-bill/2717c483-9624-47af-8cd8-bf9eb476a035,latest version,,,{}
a4a344a4-ac5a-4d80-a3a1-d3ad4b5c5a23,ocd-bill/943db747-a5a6-419b-816a-b06f90f2c508,latest version,,,{}
a7431e25-5aad-4f19-a8e8-cc0e8782cd41,ocd-bill/757e30d9-b535-448d-be47-0f8bb5cb6f4f,latest version,,,{}
2c45ec22-246c-4d84-a42c-cf728bd04fa3,ocd-bill/cfbcb422-6717-4ac4-b100-497fe63fc8c9,Amendment #2024-1558h,,,{}
152c7d0b-6dd1-47fd-a6c6-aba17bccf254,ocd-bill/cfbcb422-6717-4ac4-b100-497fe63fc8c9,latest version,,,{}
12c28369-0130-417e-a71e-1e36cb9a48f0,ocd-bill/6fa0c805-f316-4d43-9183-0a29ecba5d27,Amendment #2024-0151s,,,{}
a36fd277-9f7e-4b59-a0fc-52190c555163,ocd-bill/6fa0c805-f316-4d43-9183-0a29ecba5d27,latest version,,,{}
2009b058-c146-4494-9df9-f0c8559e0150,ocd-bill/d647ee07-b6db-4d39-8fbc-4ccbfbf5ba1e,Amendment #2024-2320e,,,{}
c5a577bf-c1a0-4835-bfa4-18c21c072ccf,ocd-bill/d647ee07-b6db-4d39-8fbc-4ccbfbf5ba1e,latest version,,,{}
f711e772-ad29-4e1d-a0df-af1742241569,ocd-bill/948d9bfa-08ca-49bf-8799-228752bc7cea,Amendment #2024-0819s,,,{}
147283c5-c618-46e0-ac9e-bdc75fa34be6,ocd-bill/948d9bfa-08ca-49bf-8799-228752bc7cea,latest version,,,{}
c0d08776-b59a-4384-bceb-c9e413d8713d,ocd-bill/7cb04c4b-6d8b-4b3d-a265-131a47fb076b,latest version,,,{}
565b0d8d-da4f-46ab-9714-2eb3af025312,ocd-bill/b159212d-a2ce-45b8-9a77-da3d18ef7fc6,latest version,,,{}
61f43c2e-04f6-426d-aa7c-8d36c821dab8,ocd-bill/21feeb3e-d761-464a-95e5-5a72c3372892,Amendment #2024-0583s,,,{}
054cc179-167e-4ee8-87e4-daff1b2bfe01,ocd-bill/5738238b-da06-4235-9df2-4133fb21595d,latest version,,,{}
f8febeed-b253-4648-b65a-ad3e517b0806,ocd-bill/b2422f0e-8fbd-473e-9d2a-19baf7c9ffe7,Amendment #2024-0978h,,,{}
4e81b458-29fa-40e5-a93d-8981b44e17ed,ocd-bill/b2422f0e-8fbd-473e-9d2a-19baf7c9ffe7,latest version,,,{}
cc3e0013-955c-4ed1-bda7-a0d42eff7216,ocd-bill/32e17c23-c6f7-444a-bbda-5fd1b4695128,Amendment #2024-1488s,,,{}
94900514-8a65-4939-b885-6488878060c7,ocd-bill/32e17c23-c6f7-444a-bbda-5fd1b4695128,latest version,,,{}
132ce2df-7d82-4a6d-9773-bc72dda78336,ocd-bill/3cb62f24-527d-42df-b9bc-5589e20dcc53,latest version,,,{}
6e8dbe54-119e-4d8f-ac88-82bdd1a51935,ocd-bill/d7d0334e-08fc-4382-98d8-2718a17ec78f,latest version,,,{}
cde874ac-6a21-4ccb-8742-0167e7b9efd8,ocd-bill/6f02e07f-534e-4df7-9bc0-39a32eae75d9,Amendment #2024-1622h,,,{}
03d4e185-af30-4f26-a2d6-dc62d2ae0998,ocd-bill/6f02e07f-534e-4df7-9bc0-39a32eae75d9,latest version,,,{}
753fad4a-ad3f-44cf-aa41-cfed20a9bb61,ocd-bill/89c5d22d-b3fc-4a4d-86c1-2e25fe90f8a5,Amendment #2024-0983s,,,{}
de75a829-0f06-4928-bb90-f7f01cf450c1,ocd-bill/7a29ea52-edbd-4cee-9a7c-cd38081197e9,latest version,,,{}
35c71b81-d75b-4487-b1ef-13854b08261b,ocd-bill/89c5d22d-b3fc-4a4d-86c1-2e25fe90f8a5,latest version,,,{}
bb776080-504b-4bbe-869e-db6393499d23,ocd-bill/f30c0ed5-6022-4a68-92c8-ed4f2d730d08,latest version,,,{}
c863d14f-cd11-47c4-bd01-d18ca41c888f,ocd-bill/84218920-9800-4575-aafe-7f867b041fc5,latest version,,,{}
f21e98b9-bd5f-47cf-be63-933bef46c206,ocd-bill/b1446648-6978-42b6-89ea-e7913fce74c0,latest version,,,{}
bcf47128-5a08-4f82-9e84-921ec994f3b8,ocd-bill/0539d0a9-0778-4d21-a733-d3f5dc740f9e,latest version,,,{}
249725bc-4b7d-4864-b4f0-de03a8147b01,ocd-bill/40f4062d-3c75-4156-be33-71b95f981609,Amendment #2024-1347h,,,{}
4d934a5b-4d7b-45bd-b35c-33066b97fed2,ocd-bill/40f4062d-3c75-4156-be33-71b95f981609,latest version,,,{}
b6ba6de7-d4f1-4c40-82ab-a31eb4575c15,ocd-bill/29355e5b-261e-4897-9cdb-3c51b4c994c5,Amendment #2024-1337s,,,{}
6e7337c1-ce7a-470f-9020-8ce4c9ff1b99,ocd-bill/29355e5b-261e-4897-9cdb-3c51b4c994c5,latest version,,,{}
64bd431a-026b-4d80-812a-a54be11c70bd,ocd-bill/2b275195-d5f2-4f9f-9429-3ed429c2a08f,latest version,,,{}
f3a4ef15-2421-4ac9-bd7e-f56d9b510b10,ocd-bill/e123382c-6f40-441f-bebf-88949aeded8a,latest version,,,{}
79e20ce0-d3ab-4204-9caa-41c948335967,ocd-bill/c07941ac-cacd-452d-b505-a2b36e9e0789,latest version,,,{}
22ba6700-36e2-42ed-8b2e-0f0aa07a5be8,ocd-bill/0c5ae9b5-7b19-414c-a42d-2205ee23f795,Amendment #2024-0404s,,,{}
46be0c02-f5be-4ebc-8f16-16b153424774,ocd-bill/0c5ae9b5-7b19-414c-a42d-2205ee23f795,latest version,,,{}
1165b44f-49df-49cb-bdd6-72d7d437fa17,ocd-bill/0de20cdd-fbec-4356-92bb-fd233b772eb7,Amendment #2024-2314e,,,{}
a2f8d302-6ed7-4bed-9bce-386c2844d45d,ocd-bill/eda570d3-96c3-4cd6-a119-b7e9bcef75a7,latest version,,,{}
bfe113da-ee2b-454c-a810-c93f7f1acf6f,ocd-bill/e032c3b4-674e-40d0-96e7-5e44ebecb0da,latest version,,,{}
6cc0017c-c893-43cb-81d2-ab47af70ee94,ocd-bill/673db54c-616d-4531-b6b3-61c6c439ae4e,Amendment #2024-1856h,,,{}
0e97db06-3e53-4753-85df-3e5d36011d67,ocd-bill/673db54c-616d-4531-b6b3-61c6c439ae4e,latest version,,,{}
6bf4699f-0899-4271-add7-5866594b444f,ocd-bill/c4154630-8826-42c2-a10a-09fb01cd0ce3,Amendment #2024-1925h,,,{}
4a048e2c-897f-4b58-91c2-beb953dd7634,ocd-bill/c4154630-8826-42c2-a10a-09fb01cd0ce3,latest version,,,{}
33daa959-9100-4e40-93d0-b6335831a317,ocd-bill/12e73617-fcd5-4118-8944-24a9f30da8ab,latest version,,,{}
4f7e6859-4f9f-46d7-8ece-5975b142eebe,ocd-bill/1d115a28-a555-4442-ae9c-2f9060822385,Amendment #2024-1796h,,,{}
55be1ff4-35d7-4a22-83e4-aeeb82f9b8b4,ocd-bill/1d115a28-a555-4442-ae9c-2f9060822385,latest version,,,{}
8e13990e-9424-4550-a896-928bd9e23459,ocd-bill/f930c0e0-5b2f-4ccd-beb2-606af5eaaefc,latest version,,,{}
982a9cc7-5a54-425a-a041-19d010182bf5,ocd-bill/0de20cdd-fbec-4356-92bb-fd233b772eb7,latest version,,,{}
b2355e19-7767-49d6-9470-80e20fdf0bb7,ocd-bill/d5b06bf1-5000-418c-921d-1effdd815e15,latest version,,,{}
1f48b9ab-9722-4a1d-b3a8-811f1f053382,ocd-bill/49d56005-a877-4dc4-ac4e-6d0f536faf96,latest version,,,{}
32b60dd3-7c61-4d76-81ed-cf5ae4c6c4b4,ocd-bill/76a0495a-2cec-423d-b299-23aef4bb2ee6,Amendment #2024-2348e,,,{}
53aa1a5b-4aab-4192-811a-ba0daac84128,ocd-bill/76a0495a-2cec-423d-b299-23aef4bb2ee6,latest version,,,{}
37d75b30-f9fe-4dd2-92e9-455b27c3e1f8,ocd-bill/c27b4674-d660-49b6-9737-7c38066bdc95,Amendment #2024-1671h,,,{}
751dde9f-5cb7-457a-99d7-d2ed59d44bc5,ocd-bill/c27b4674-d660-49b6-9737-7c38066bdc95,latest version,,,{}
8a5127cb-9aa6-431c-9263-482876d5d104,ocd-bill/5e2d15ec-57d8-4904-a727-ee2354886bdc,latest version,,,{}
638f8de3-34e5-405c-a72b-51e9c89282ad,ocd-bill/34c87947-5fcc-4756-8a8b-3c95cac39c4c,latest version,,,{}
673fcc23-8a42-4d23-8629-a8fa2b4e451e,ocd-bill/d3d6dc34-096a-4539-aa03-5bffcd51f9b7,Amendment #2024-1915h,,,{}
9ab88f16-e333-42a6-9944-d372df1f1229,ocd-bill/d3d6dc34-096a-4539-aa03-5bffcd51f9b7,latest version,,,{}
cbf729c5-db1e-4277-abae-670eaebeef49,ocd-bill/c638ad8f-db7c-4ca5-8ca8-b10aa39eee5b,latest version,,,{}
170228a2-f92f-40c3-aeaa-7f144a14f4ee,ocd-bill/101918b8-a2ce-4aa3-8686-c122d805474d,latest version,,,{}
5ea5bd40-4378-466f-98a5-e93ac66cccc2,ocd-bill/fd5253c0-1938-41fb-b018-4f1aa7f556d8,latest version,,,{}
087c5ccf-68c2-4613-9444-dab1877427a2,ocd-bill/c2f18e21-ee48-42a7-aac9-5ae76ec6b4fb,latest version,,,{}
0d9bec95-6637-4a7f-9b3d-c32e60e1ed05,ocd-bill/5b72d5af-b5b1-47f1-bc05-5b5c95ffcdb1,Amendment #2024-1981s,,,{}
99ef4453-87ad-4a8c-809c-6840dff6ccc3,ocd-bill/ca907503-2b17-405e-87cf-e39184a186f2,latest version,,,{}
20d2a7e8-3101-42d5-92d1-0e6bac59aea3,ocd-bill/5b72d5af-b5b1-47f1-bc05-5b5c95ffcdb1,latest version,,,{}
cd90150e-b7c1-4e6d-9cbe-1682cf40d5b5,ocd-bill/e23ee860-2590-47e0-b2fd-3bf6f7595f14,latest version,,,{}
dceb0278-4405-4f9f-8464-d93d8425b91b,ocd-bill/e93f5a71-98fd-4f67-84c7-f079e5b36a89,Amendment #2024-1621s,,,{}
bf46e149-6f58-4a5d-8000-9e4874e555e8,ocd-bill/e93f5a71-98fd-4f67-84c7-f079e5b36a89,latest version,,,{}
188d9950-8f70-4019-8622-3015105f11f3,ocd-bill/c0f112e1-56a2-4656-9a86-e8820e249c2b,Amendment #2024-1477s,,,{}
f7a02161-8c8c-4c1e-8e46-3ac4e220a71b,ocd-bill/73ed41b8-0f18-4e5d-8965-7fb41f1e2a21,latest version,,,{}
5ef69c8a-d443-462d-9bd0-1bea8c4fc993,ocd-bill/c0f112e1-56a2-4656-9a86-e8820e249c2b,latest version,,,{}
eca1b9a6-4766-4b41-a876-a97f3fdb9c3f,ocd-bill/3e2cb6a5-a693-4566-8b99-0d4a743ecf66,latest version,,,{}
13c76867-71b5-43e3-b59e-157f2893c543,ocd-bill/785d6973-b7ee-4e13-9a4f-e97c29d14160,latest version,,,{}
cbd6253d-9625-4c8a-a3bd-5bb4ed158e26,ocd-bill/e263c95c-c26f-4cdb-8b55-49fdcf9d5a72,Amendment #2024-0562h,,,{}
05d36612-3a05-4f8b-8eb0-24363be94e9c,ocd-bill/e263c95c-c26f-4cdb-8b55-49fdcf9d5a72,latest version,,,{}
32484baf-22f8-42c6-8413-6d1fee1e395f,ocd-bill/2799c7b6-7127-4a61-a11e-ad870a904314,latest version,,,{}
02395b5e-1991-4377-8141-7103887388b7,ocd-bill/fe3bf80c-4523-4ef7-8826-506c5dedfae9,Amendment #2024-0612h,,,{}
6dac6c5a-7b72-4502-9aa5-e3fd265879ed,ocd-bill/36c8fa4f-390c-4aca-ade6-1dbe27fe005d,latest version,,,{}
a9fdcb79-8611-4a8c-92b2-5dcc6f133a04,ocd-bill/fe3bf80c-4523-4ef7-8826-506c5dedfae9,latest version,,,{}
e805127c-263e-4a72-af40-80a6be7090a1,ocd-bill/271b9f87-4829-4ab0-ad2d-b27beec466d8,latest version,,,{}
c8b8e2b5-1aa8-4045-8aa3-0ee7999f05d1,ocd-bill/532bd7b2-41db-4fd8-b405-09f6511472b7,latest version,,,{}
32c6366f-bb04-4eb9-9713-29d38b171906,ocd-bill/ab955343-76d4-4f65-a19b-760ce75bd5f0,Amendment #2024-1267s,,,{}
ca0d4805-4e4f-4ada-9739-f8a2e93b0921,ocd-bill/ab955343-76d4-4f65-a19b-760ce75bd5f0,latest version,,,{}
879cc043-b29c-4f6a-98ef-ea7523faa889,ocd-bill/f98d5953-917e-40f9-bffd-a7c079cd2967,latest version,,,{}
2caea5c9-c70e-4944-ac9d-3854a32bd81e,ocd-bill/9fd7743c-b9b8-4481-8bb5-4083075a3a45,latest version,,,{}
fdf8acf7-c664-43f4-bfee-46a1a2d216dc,ocd-bill/fb2baa82-24b8-4814-a94c-8cd10c8734b9,latest version,,,{}
92f75e6d-04c7-41e1-bb13-63c1cea78b60,ocd-bill/0d3d3630-f4dd-4aff-b17b-3bd12bfe8671,Amendment #2024-0930h,,,{}
41a7cdd1-5a69-41c1-8860-5524b89cc070,ocd-bill/0d3d3630-f4dd-4aff-b17b-3bd12bfe8671,latest version,,,{}
8c9fba9b-8864-4cc1-8e0c-b47b1dd431b6,ocd-bill/1c8ef10b-cacf-47d4-87a8-d41bd9a6cae4,latest version,,,{}
90de48ec-ac29-4ac6-8905-1e80c3f130b9,ocd-bill/1be6fb43-aaf1-4a28-a886-b4b888d697f5,latest version,,,{}
af526fdc-42f8-4fe6-abb6-5663d8ed7048,ocd-bill/d124be6b-06b4-4a39-a144-41785218474b,Amendment #2024-2079s,,,{}
e8c44d5e-16f4-4c56-9ae0-396e4c1656c5,ocd-bill/182537d5-43eb-4887-be4c-6576fd17629a,latest version,,,{}
10e917da-123b-4ff3-9127-b1d5ccd60d2a,ocd-bill/d124be6b-06b4-4a39-a144-41785218474b,latest version,,,{}
fdc711fe-718f-4e36-a8af-c59a9a0ed20f,ocd-bill/df05f079-9e18-41f2-bf2c-fc2500d82644,latest version,,,{}
d3f2c311-8dcd-426d-bb25-d92112bda1d4,ocd-bill/d2609d51-db83-4fde-bdfe-59857fee6a4e,latest version,,,{}
1208d58b-12d1-4cbe-aadc-af91fe102f47,ocd-bill/1263e7a8-58ef-47ec-99d9-404478ff2402,latest version,,,{}
e3f05aa4-e5b6-4cbf-945f-da8539342bfb,ocd-bill/60c2195e-b628-4fa0-a164-3d6381c33af2,latest version,,,{}
ee55d7ef-ffa5-43b7-ac31-abe78bb00d4d,ocd-bill/4bf5bb44-fecb-4885-a249-80605db87772,latest version,,,{}
cc9e5723-040d-40b4-a1fc-7dc09eed5e16,ocd-bill/83b4d06f-0ac4-40cf-a467-0b38b604d34e,Amendment #2024-0741h,,,{}
832f5ab2-889d-44ab-903b-8f41b7244313,ocd-bill/475e7223-1d6d-4b51-a951-b90af7e8a51d,Amendment #2024-2108s,,,{}
a43b1a31-f102-427f-b6d6-2028c38dcffe,ocd-bill/475e7223-1d6d-4b51-a951-b90af7e8a51d,latest version,,,{}
df2df8b1-73cb-429c-b517-f0cddf5c8109,ocd-bill/0f08886e-aef5-42f3-b2e0-36a2833472a3,latest version,,,{}
3451651f-45ea-488d-bb49-b550f2cdf3d2,ocd-bill/83b4d06f-0ac4-40cf-a467-0b38b604d34e,latest version,,,{}
87821779-eadf-428f-9b16-c9bfa7285a78,ocd-bill/3c76cb7c-7a11-441c-94c2-06cff00b4d85,latest version,,,{}
44aaec23-1031-444d-8ebf-563007011c5a,ocd-bill/1176b28d-1627-4fe0-b3ee-878d789bf1a0,latest version,,,{}
2c3411d1-1223-4285-9214-938f31c757d4,ocd-bill/791da588-5535-4cf1-b32a-602fb515aaeb,latest version,,,{}
977bdd2d-4631-4389-a810-c7cb394c2114,ocd-bill/1ae94949-d45e-4043-920b-08981b4c7598,Amendment #2024-2104s,,,{}
adfd188d-f7bd-4a08-9896-5ce58d52f74c,ocd-bill/1ae94949-d45e-4043-920b-08981b4c7598,latest version,,,{}
8c01b09e-51bf-47db-b31a-7a9b06957990,ocd-bill/ae371ee9-fb3d-4bb1-85c5-717ffb0918a8,latest version,,,{}
5417598e-1ea8-467c-8df3-d3ceeacd4dd9,ocd-bill/ecdaebf8-c2ce-4466-90c4-aca6a0e03854,latest version,,,{}
41a1ecd5-ea87-4d2b-991f-40caac33e080,ocd-bill/066d3970-e09d-4db6-8c6b-215186ee2dca,Amendment #2024-2331e,,,{}
050a1114-c3ee-4b0d-a5fc-970c865bc9e2,ocd-bill/066d3970-e09d-4db6-8c6b-215186ee2dca,latest version,,,{}
b5d1452c-0b72-432c-9b7e-4ac9a22672c7,ocd-bill/e185ebac-6f17-4191-8d6b-8622a8f6a218,latest version,,,{}
34b7e7ea-396f-4eca-bfce-5bfcb743d7dd,ocd-bill/afd3a0be-6b9b-400f-bd96-4139e81fbc7d,latest version,,,{}
6d76fa77-4a5e-4875-b1ef-fbd61a8af47e,ocd-bill/22d26894-cbfe-44e7-81b1-1f2d84ffc86c,latest version,,,{}
75fa35c4-7064-4189-8144-e51cda051feb,ocd-bill/d20d7af1-bccf-46b6-ba3e-cc7d7e04aba7,Amendment #2024-1808s,,,{}
e45ddcc3-f954-49ce-b311-a03253006465,ocd-bill/d20d7af1-bccf-46b6-ba3e-cc7d7e04aba7,latest version,,,{}
838a9f46-bd56-4046-95da-fffc30a4292b,ocd-bill/62528dad-6b3f-484b-91cb-1205ecf1f4f9,Amendment #2024-1077h,,,{}
1c092f69-36cb-442d-920f-929e106f8f89,ocd-bill/62528dad-6b3f-484b-91cb-1205ecf1f4f9,latest version,,,{}
de1bebd6-6d0c-4bb8-a9a6-5306265888bf,ocd-bill/d6579956-b48a-4ab5-b152-0f9ea7a33460,latest version,,,{}
24ff6619-be1c-4874-8f2b-3c9f97d676f6,ocd-bill/a4135c32-8247-48bf-8262-e47e402d833d,Amendment #2024-0950h,,,{}
929fcd43-e90e-4696-a4ef-973bbbb03466,ocd-bill/2c53fb24-80bf-46b9-af68-60c73b7e24c1,latest version,,,{}
5fbe143b-8196-45e9-9f38-386460d7a219,ocd-bill/a4135c32-8247-48bf-8262-e47e402d833d,latest version,,,{}
c272d3ff-0351-4407-9007-6667ce4c81e7,ocd-bill/4794d30b-ad13-4b4b-bc90-fc8039885d6c,latest version,,,{}
21ed7ee3-e36e-4456-9f14-a2f6973c931b,ocd-bill/3c439e41-f9a1-431f-8593-08e1e7bb3f50,Amendment #2024-2009s,,,{}
72cbe577-b3f6-4c09-915d-f0f0f0608944,ocd-bill/3c439e41-f9a1-431f-8593-08e1e7bb3f50,latest version,,,{}
96ba16af-9fad-42dd-9917-22c49f634bdb,ocd-bill/52e28c8e-15a6-4e6f-9ae4-1fee4c7186c3,latest version,,,{}
069554c3-f8f7-427b-acf2-aa2b8ee98586,ocd-bill/162fa07b-4dad-4313-934f-b3b2f2d9419e,latest version,,,{}
df987c5a-8513-445b-9b87-b01cef0693fd,ocd-bill/e1e7cd56-2e07-4dc6-97a8-f6d11d9a441f,latest version,,,{}
621065ce-6a96-41a2-a9cc-ad6c42e7ef3f,ocd-bill/278b88cf-54c8-4f2d-8e59-f75f259786c9,latest version,,,{}
817d721e-3eaa-4d03-959c-47dd28d7203c,ocd-bill/a261f10d-102e-43e0-a6b3-9c4e5bb3289c,latest version,,,{}
942e7662-ce8a-4fc1-ba27-7c416c76d497,ocd-bill/97d258fd-9679-4403-b85c-98d65323e8d9,latest version,,,{}
c1da7b84-595c-4fb8-b464-af3e77c0343c,ocd-bill/bce33792-564a-41f4-b6ed-4e9a820aa5f9,Amendment #2024-1949s,,,{}
cf029798-b8f8-4601-b819-4a3139031bfe,ocd-bill/bce33792-564a-41f4-b6ed-4e9a820aa5f9,latest version,,,{}
541619f4-04dc-4796-a7b8-4d0e13a6dc88,ocd-bill/4a84bf72-4a3a-4f0e-a67d-4e168fd3a203,Amendment #2024-0245h,,,{}
377a5dc5-c2fe-4d42-9bae-82a39665c916,ocd-bill/b3ad4ea6-cb17-4b0e-8dc3-46ad7005c4bb,latest version,,,{}
3465d5d2-155a-489a-b0f3-15ecf5c16057,ocd-bill/4a84bf72-4a3a-4f0e-a67d-4e168fd3a203,latest version,,,{}
81dcd6fd-dddb-43f2-ba2f-68ad44c57f9c,ocd-bill/469da923-c97b-49d0-a816-e14a18186095,latest version,,,{}
1e4ff78d-cf0f-460f-91a8-130208963729,ocd-bill/910cf52f-1e96-48d7-b855-666a5007a66c,Amendment #2024-0964h,,,{}
4a309e14-8e11-48c3-9471-e86c5ea3554f,ocd-bill/910cf52f-1e96-48d7-b855-666a5007a66c,latest version,,,{}
78d0ef0c-37e7-4688-9ad2-e73ed392416d,ocd-bill/929a386c-ae59-46c0-bd81-777181f55671,Amendment #2024-0646h,,,{}
6aa1c6dd-a519-4fe6-950e-335b662e9dff,ocd-bill/929a386c-ae59-46c0-bd81-777181f55671,latest version,,,{}
5b8eeba5-fc37-4d8c-ba08-2d409a31856a,ocd-bill/d12e34a6-450b-4c1d-993c-ae526c9e0e72,latest version,,,{}
553625c7-5f39-4c8e-8b8f-16f8af5b0065,ocd-bill/ce6ae833-b0b3-4f43-9e1d-358280eeeccd,latest version,,,{}
a16a454f-0cf2-44a2-ad99-9cc877ff39e6,ocd-bill/e4955d62-653a-4055-9530-44cdc1e64370,latest version,,,{}
f76f5d86-b582-47ca-93af-46d48d847aaf,ocd-bill/0548b8ca-b7dc-482a-9c19-b81f9f4a65d8,latest version,,,{}
9b7235ef-c4fb-4462-8700-7522867a4180,ocd-bill/22842da1-e95b-4c5a-8e1f-b91a83cd26ef,latest version,,,{}
78f7f8bb-3bea-41fe-8b0d-7488c61d6791,ocd-bill/4a2d89b2-e26e-4640-8578-ca09057cb212,Amendment #2024-1780h,,,{}
751e7866-60a2-4ad3-8f78-2f1e8565d0b7,ocd-bill/4a2d89b2-e26e-4640-8578-ca09057cb212,latest version,,,{}
cf3ae305-46e5-4470-8ae2-1b48dbfdaf29,ocd-bill/a7666eef-3dd3-455a-a4b8-6199b7146d42,latest version,,,{}
0e1ea5ab-827e-44f6-a8a9-e87cfd5ecba4,ocd-bill/81407e24-5194-4a76-ba7c-88ff5e5876a7,latest version,,,{}
c9cd1a00-ba06-4739-849a-96d05a47c4c8,ocd-bill/2ef6894c-25e5-476b-9c4f-ccf179b391ab,Amendment #2024-0911h,,,{}
5d7f8568-d428-4431-b01a-0b17cf5eef9a,ocd-bill/ef9e0516-3317-4b56-b3bf-9ae1a2bde9e8,Amendment #2024-2341e,,,{}
6e37a657-54ee-4690-806a-d635aa0b4e2b,ocd-bill/ef9e0516-3317-4b56-b3bf-9ae1a2bde9e8,latest version,,,{}
769f9185-dde7-46be-a069-084b3acb6af0,ocd-bill/378b775b-0d69-4c0e-b423-4478007afa53,latest version,,,{}
c3077c64-a7a7-4234-9d42-79ab97826e48,ocd-bill/2ef6894c-25e5-476b-9c4f-ccf179b391ab,latest version,,,{}
73b2bd8a-b13d-450a-a127-6360e5becf6e,ocd-bill/c264e651-c625-4118-8f0a-7e1ff2bb9f25,Amendment #2024-1694s,,,{}
aa3f4ee9-5a27-4aa3-8d60-fab93d9e536c,ocd-bill/e731d4c7-9586-4fbd-becd-20c6df32b958,Amendment #2023-0801s,,,{}
e99c2b9a-af36-4ba4-ae01-c4d9ff08a670,ocd-bill/0ace8123-60b7-4cac-aecc-de982817744c,Amendment #2023-1186s,,,{}
af1c8e70-3e74-4c21-bde9-29a50644998c,ocd-bill/bc7b0f28-500f-420d-9fe8-d17cc820b839,Amendment #2024-1602h,,,{}
e99f791f-2de1-445b-9700-925026cc71e1,ocd-bill/2183b0f8-f5bf-4483-9e60-21b1406892e4,Amendment #2023-2321h,,,{}
e8aae495-7bd1-402b-a70f-41b94c94fe0b,ocd-bill/2a1942e1-4d67-4489-a599-1a390d1bb8d2,Amendment #2023-2300h,,,{}
93ea669e-6ddb-460f-b574-5520376844f2,ocd-bill/e29b243b-277d-41ff-bfdb-4310c312260e,Amendment #2023-0268s,,,{}
ad82caa4-2eb0-41d7-b2dd-957706148717,ocd-bill/f428b32b-2b5e-4212-96a3-ce77e0a52ef8,Amendment #2024-0068s,,,{}
c31571cb-ce57-487d-8cae-f187e2201320,ocd-bill/f428b32b-2b5e-4212-96a3-ce77e0a52ef8,latest version,,,{}
6c9dbe37-ebec-4bdc-bfcf-d2ce28ab77af,ocd-bill/230218f9-6364-4235-aa14-c7cec099c058,Amendment #2023-2356h,,,{}
fc2d0f1f-1884-435c-9e88-65184045ca8f,ocd-bill/a744d97f-9f0a-4e6a-a76a-4e2fe6e969e3,Amendment #2023-0160h,,,{}
192357b6-4405-43f7-b03c-f5f3d15fb8e1,ocd-bill/acdbbe03-c5fa-4955-a152-1e8a8875b86b,Amendment #2023-2330h,,,{}
c7540680-2e80-44c4-ba95-e0373292a7f4,ocd-bill/18b292d0-2568-4d9a-9386-232155b276ec,latest version,,,{}
2ca7f0cc-b0ff-47b1-88af-4339803b3d8a,ocd-bill/149780ca-333f-47d9-90a3-b8dee53ad3e1,latest version,,,{}
45b473aa-be67-4230-88e5-67bbb21fb665,ocd-bill/0c4822d8-9efe-4e99-a9fc-359ecea20962,Amendment #2024-0984s,,,{}
f1c0881b-f1a1-48f0-b383-193feb4b3768,ocd-bill/44d9ec3f-f80f-4522-96c5-7fecdc87b93c,Amendment #2023-0904h,,,{}
8c861f5d-f898-4cc4-8368-0258d9247b51,ocd-bill/4b07b773-b5a5-4d06-bbc1-8ab9685e1c67,Amendment #2023-1138s,,,{}
6fb1b641-0717-42e5-892a-acbc8045d9fa,ocd-bill/0c4822d8-9efe-4e99-a9fc-359ecea20962,latest version,,,{}
8b31c6ba-1bb3-4856-bec5-8db0ab2477b5,ocd-bill/73fd4c36-1b6b-4ccf-8fa3-cbc06a61da5e,latest version,,,{}
d1bfc9c5-cd2d-4807-81bd-e223ee8ba745,ocd-bill/ee1870be-7e47-4d58-bea8-5dc55abd40a8,Amendment #2024-2357e,,,{}
a26cda42-4a9e-4515-a82c-adacc1196e3b,ocd-bill/6af4a1bf-1141-45f1-ba58-a0887bf2299b,Amendment #2024-1729s,,,{}
b9ef80da-0642-4894-9b0a-5a5f628fdb19,ocd-bill/0485c985-737a-41a5-8408-952b36c25154,Amendment #2023-0636s,,,{}
7b8fd7f8-2024-4945-ae3a-22a544ddfbc7,ocd-bill/729f1cfe-98ac-4788-b952-ac9245f45364,Amendment #2023-0169h,,,{}
72d9384f-6f01-4e99-97f0-3e0beebd5954,ocd-bill/40c2a8ba-408e-4b28-bcbd-9262d948796d,latest version,,,{}
eaaa10a6-d86f-4df4-b996-7fd4457842b7,ocd-bill/fe1220e0-2b66-48fb-b61d-8c66b5ca7587,latest version,,,{}
fa0ebeea-5fae-451f-ae59-38e6f407cd8b,ocd-bill/06f7295f-c021-4b6a-9176-206b7423e91b,Amendment #2024-0029s,,,{}
37a0bb2e-5bf7-45bb-ae73-0a94222f7711,ocd-bill/b710ef79-3798-406e-aa91-24cf17f88ff1,latest version,,,{}
d27a4ba0-5fa6-4e42-a83a-e68fff61ece1,ocd-bill/bddf5f84-1834-4123-b783-a001ebbc6fc5,Amendment #2024-1427h,,,{}
fbc71278-0087-4755-a50c-393ac7461156,ocd-bill/bddf5f84-1834-4123-b783-a001ebbc6fc5,latest version,,,{}
0891aac1-9890-4918-8882-d1844e687509,ocd-bill/1fb0fdcc-892d-4801-8165-b7f1bd13dda0,latest version,,,{}
8bbe00f6-856f-4812-b8f0-d5b79bd8b6c7,ocd-bill/d56460e9-514b-4cc0-a03f-8fa7dff6e693,Amendment #2024-0966s,,,{}
51f54d41-7f23-467e-857c-e2ba2d7ac250,ocd-bill/f8a3fc55-e7cc-4f55-af6f-603fe494ce45,latest version,,,{}
618ed2a9-4ce0-46b9-b220-306dcd12f2c5,ocd-bill/af9b16d6-73d9-4df7-8467-13a0b5044dae,Amendment #2024-0678s,,,{}
122c7bd9-f0f0-4854-a5ee-f58d4598b134,ocd-bill/af9b16d6-73d9-4df7-8467-13a0b5044dae,latest version,,,{}
922e6e76-8508-466b-b1a2-cf9238f3be2f,ocd-bill/d56460e9-514b-4cc0-a03f-8fa7dff6e693,latest version,,,{}
1c88d609-bfb9-4569-ac57-526c3a68fa6f,ocd-bill/98d5181a-8cdd-44fe-af87-57be7c8934f3,Amendment #2024-2363e,,,{}
d274786a-a7f6-48b2-b2a6-d2743420a878,ocd-bill/98d5181a-8cdd-44fe-af87-57be7c8934f3,latest version,,,{}
c2b41687-d0c9-4e56-af32-e37035fd4667,ocd-bill/80ecfe80-9d40-4379-ad9f-deb937105986,latest version,,,{}
629a99b0-484d-427d-a5c0-c71274e3f895,ocd-bill/e37561ee-9008-449c-801e-5b3f77475829,latest version,,,{}
45b2ab0a-2a61-4586-b0a4-8da23c6cfde0,ocd-bill/20771811-34ea-43c8-ab82-068b3a238084,latest version,,,{}
839cc595-67bd-4443-8207-b12cea4a1536,ocd-bill/2a8d282c-79e2-486b-923c-2f160a09ad22,latest version,,,{}
21969886-db26-42d5-9283-f232a2bfed65,ocd-bill/bb36a7d5-3185-47e1-8bcd-024fff3c7a17,Amendment #2024-0767h,,,{}
26a41a73-8c9a-4b4b-a09c-2052efb1fb70,ocd-bill/bb36a7d5-3185-47e1-8bcd-024fff3c7a17,latest version,,,{}
5fb6a645-af2d-4ed3-9eb0-0de8fa8e48e7,ocd-bill/7ae162c8-73a2-4bb4-8958-b54277fb2031,Amendment #2023-2406h,,,{}
81cf7dce-9e32-4280-b5cb-93614507d379,ocd-bill/d4fec4bd-6782-48e5-a1cd-01bcf6bcd05f,latest version,,,{}
711e107a-e913-4570-8bbe-b73bffef1b55,ocd-bill/8f6444b1-391a-495b-9a7f-f82b164c96f2,Amendment #2024-1815h,,,{}
746daae2-edfc-402c-a7ae-b9d9d38b5db0,ocd-bill/8f6444b1-391a-495b-9a7f-f82b164c96f2,latest version,,,{}
3d3d8de9-4daa-4ca6-9d5a-93b6f73727dc,ocd-bill/a110d625-580b-4c63-8671-08e6ab72b859,latest version,,,{}
61578ad4-879c-4b74-ab68-d6561b8829fb,ocd-bill/5ad766ee-b3e8-45f1-8a0b-a2e932247d15,Amendment #2024-2358e,,,{}
1f431463-674a-4ab6-ac5b-f4288604c8e7,ocd-bill/5ad766ee-b3e8-45f1-8a0b-a2e932247d15,latest version,,,{}
86384f3c-245e-4160-9ba0-d845ce91dee1,ocd-bill/9b6dfe4f-aa71-450c-be2b-2b326f0c172f,Amendment #2024-2327e,,,{}
6ffe98f6-e79d-4970-bfe1-fdb294854127,ocd-bill/9b6dfe4f-aa71-450c-be2b-2b326f0c172f,latest version,,,{}
b197d263-2b1c-432a-bc67-caf3cfe4a442,ocd-bill/fc0dbe76-53c8-4068-a8f7-9bfcaeb80da3,latest version,,,{}
bd357a36-cbc4-472a-8bf4-f6b5d421074a,ocd-bill/4d3bb019-a4c5-4de4-9a8e-cfaebe0e0718,Amendment #2024-1048h,,,{}
40ed90ae-da08-48b2-82ca-d191b75275f7,ocd-bill/4d3bb019-a4c5-4de4-9a8e-cfaebe0e0718,latest version,,,{}
8b33486b-469d-4c83-9e9a-4846c6733269,ocd-bill/4a0762e4-e90f-43eb-afd1-0a9df6dc0ad5,Amendment #2024-0573h,,,{}
aa0eff48-d225-40f0-85b1-df98c77ea9e2,ocd-bill/b14c174c-84e3-449a-a7ba-c84eebbf4f64,Amendment #2024-1942s,,,{}
e73f6a73-2d2d-4fa1-9611-d2df5e2318ec,ocd-bill/b14c174c-84e3-449a-a7ba-c84eebbf4f64,latest version,,,{}
f307fa81-27ca-4617-af12-40b55587c7b2,ocd-bill/4a0762e4-e90f-43eb-afd1-0a9df6dc0ad5,latest version,,,{}
a30d033f-de5a-401f-b37e-9b3ff1173e6e,ocd-bill/6145d6a8-b424-48ec-86e5-312fe294dae7,Amendment #2024-1474s,,,{}
17516231-338b-4174-a7e1-425b00faeec4,ocd-bill/6145d6a8-b424-48ec-86e5-312fe294dae7,latest version,,,{}
5259be8e-db1e-4374-ab99-e6873ae2abcb,ocd-bill/ef84e8b7-9337-4135-8b19-b15692bcf9a2,latest version,,,{}
0d0cf908-4151-40ea-bf1f-1235cb54e1e0,ocd-bill/cac7cd38-852e-412b-b8f4-97ecc3280a56,latest version,,,{}
d4896309-d9a3-4d2c-bcaf-638252264cc2,ocd-bill/1fc3fa57-2ac9-4188-9836-06c2a5e0ca59,Amendment #2024-0972h,,,{}
69fde35c-f56d-44c9-b0e6-6b4a8e6fcc4c,ocd-bill/1fc3fa57-2ac9-4188-9836-06c2a5e0ca59,latest version,,,{}
a0a4a9fe-4171-4d99-99e2-ac83dc45051c,ocd-bill/3971d08d-7ff7-4987-811a-0730ee52f066,Amendment #2023-2470h,,,{}
570a6a75-7edd-44c5-a0c5-cab3b03ba31c,ocd-bill/d254bf78-8b2d-4d8c-ba3c-0f947185c2bb,latest version,,,{}
fa60615b-13cc-448c-b7f8-d0d79213f9c7,ocd-bill/2d4624ee-2990-44fe-a10b-7e24ee615508,Amendment #2024-1257h,,,{}
cad4d4fd-69ab-431b-85a1-721ac8677666,ocd-bill/2d4624ee-2990-44fe-a10b-7e24ee615508,latest version,,,{}
3a99cbda-8882-44ad-ad85-b4305dd9cae7,ocd-bill/2334e426-e5f3-4b9c-966d-4b38162caf8d,latest version,,,{}
20ca3232-df3a-4c29-aaf7-aea0dc3d26c0,ocd-bill/1c683c53-b1e8-4273-bb5a-990b6c9f017e,Amendment #2023-1264s,,,{}
d1f6bc09-10c3-4f81-91d7-d73ca8285cbd,ocd-bill/74a87bb6-f9e0-4d41-a2c8-5975bb52e9af,latest version,,,{}
8c3ea415-d7f4-4e55-947b-3c4d4c7eed46,ocd-bill/7e6324db-4fd3-4ddb-965f-7922d3645324,Amendment #2024-2321e,,,{}
0f745f96-6542-4f3e-8304-f27e0d8a27a0,ocd-bill/b13ef5a4-e261-4b77-b46e-40861594b420,latest version,,,{}
d55928a5-238b-4c38-82c1-489f5c6ed8a0,ocd-bill/7e6324db-4fd3-4ddb-965f-7922d3645324,latest version,,,{}
50a83175-0daa-45e3-95ce-a82bcea65fc1,ocd-bill/fd81d37b-2748-43f8-a69b-105c424ecb1b,Amendment #2024-0332h,,,{}
69117d73-7692-45a3-9893-628c77cd866e,ocd-bill/fd81d37b-2748-43f8-a69b-105c424ecb1b,latest version,,,{}
69f6cced-b8ee-43e3-a2ba-138e3a640b54,ocd-bill/b4b7d304-4d61-4946-93d7-00ba00102962,latest version,,,{}
2dee719c-23e4-4b1e-b5de-07615d5bf2a8,ocd-bill/4c79bfa4-c0ab-4070-85c3-23adca3659ec,latest version,,,{}
bbe5817a-f5ff-4650-a23b-14fd8fa051c4,ocd-bill/7b76fcc5-aa6a-42d3-b4ad-aa9b4e980605,latest version,,,{}
141b4606-a74d-4859-9914-990eb8422695,ocd-bill/6c6a5ada-05ae-4c03-adb6-6dab6fa41be5,latest version,,,{}
33b9dfb8-4729-4b79-b7d4-40e2f7848183,ocd-bill/e21f5ec5-9d19-4ba4-b032-a142c7962fd4,Amendment #2024-0424h,,,{}
1bdb97b0-03d6-470c-bdaa-b61df4613c5f,ocd-bill/e21f5ec5-9d19-4ba4-b032-a142c7962fd4,latest version,,,{}
f625f682-8c41-4d52-9fd5-91e4e3aa9c62,ocd-bill/c79099e5-4181-410c-96aa-f55ac8ece715,Amendment #2024-0227h,,,{}
e55ae318-85af-4f63-a398-07b5f9a8b9e3,ocd-bill/c79099e5-4181-410c-96aa-f55ac8ece715,latest version,,,{}
b0e3e355-1602-4e94-8322-f4604d59449f,ocd-bill/404cd19c-95c2-4ec7-9068-203393fcb942,Amendment #2024-1464s,,,{}
618071fb-2f64-43cf-a45b-c18075b0411c,ocd-bill/404cd19c-95c2-4ec7-9068-203393fcb942,latest version,,,{}
458df395-f7f5-4a69-8bf9-972dbc79fe9c,ocd-bill/e6681ce8-e16c-40d7-9068-b4571cdfa2aa,latest version,,,{}
89fe6491-12fd-4c65-b1c8-4b7d2c02438e,ocd-bill/5f2a2971-c39c-4219-b70d-147453e7bd6e,Amendment #2024-1903s,,,{}
02d8a927-a26e-4e7c-8d60-c3debd86f818,ocd-bill/5f2a2971-c39c-4219-b70d-147453e7bd6e,latest version,,,{}
0f6de1d0-7eec-446a-9a0f-df683fe7e164,ocd-bill/736bd953-1797-4add-8505-cfe4c2781333,latest version,,,{}
ed3e2318-94ce-4acf-b2c9-7992a916533e,ocd-bill/bd4bd296-a80c-4136-b23c-bb4ffe7b3676,latest version,,,{}
f697fc74-13a9-4eb9-b4b9-62928a2822d8,ocd-bill/9bf3108f-55b0-4596-845f-8cfbe6186242,latest version,,,{}
6516e207-f699-462c-8718-639850bc0eb9,ocd-bill/4ee440fa-bb00-4e66-a7ec-aa7ac2f6b64b,Amendment #2024-0630h,,,{}
6f9a7102-f7c9-45aa-adc5-eb02fd3cf8f9,ocd-bill/4ee440fa-bb00-4e66-a7ec-aa7ac2f6b64b,latest version,,,{}
431c9964-b553-4750-b7a7-316afdb2fe51,ocd-bill/98c67a31-5b91-4903-85f4-28780f23bd7b,Amendment #2024-0585h,,,{}
fd8e8738-ac66-43aa-944f-cb89bf5bffc0,ocd-bill/98c67a31-5b91-4903-85f4-28780f23bd7b,latest version,,,{}
e44a70db-92fc-4ea7-a946-71af73895a5a,ocd-bill/37d987e4-a126-40dc-a27a-34279241ab72,latest version,,,{}
dbfa73bb-fb97-4abf-b961-b3d76840f993,ocd-bill/e1ce5012-78c5-43ab-9990-62f752983557,latest version,,,{}
2bbb7c37-d26b-4886-8b84-847eceaadcc2,ocd-bill/5ba2c82e-6cd3-4e24-ac29-e5707fcecaa2,Amendment #2024-0513h,,,{}
3dfac602-d0dd-406a-83b2-2204a0bda42f,ocd-bill/e07cb8de-5e2a-4733-8a09-9b5cc1798fd4,Amendment #2024-0518s,,,{}
f6446219-6201-49df-a4df-40a565d0e316,ocd-bill/e07cb8de-5e2a-4733-8a09-9b5cc1798fd4,latest version,,,{}
aee1c522-0915-4d7f-b9fc-ae2805ed237d,ocd-bill/c6650e95-b6b2-4673-b723-b68e1c80d7bd,latest version,,,{}
a330b33e-e2dd-4905-a909-1fc7cb2c010a,ocd-bill/23161171-15e1-41a3-8309-69a0a2c5282a,latest version,,,{}
625d463f-413f-4282-a488-c4f1ea91acbe,ocd-bill/1f6a9930-e50f-46d4-8134-3ca8a318f658,latest version,,,{}
41c4a929-b7f0-490d-a252-664f85b0e6f1,ocd-bill/b3a6376b-b449-44d6-b848-a39bc6042125,latest version,,,{}
3f0c4ea7-78e9-403b-a1b5-0b983ffbe7f9,ocd-bill/83a80ad9-7242-43ec-98e5-dcd3acaf3c88,Amendment #2024-0759h,,,{}
33c651e6-33f8-4776-af9e-fcb4bb405843,ocd-bill/83a80ad9-7242-43ec-98e5-dcd3acaf3c88,latest version,,,{}
b128b3b2-2388-4b75-9b64-1a3d0eb476de,ocd-bill/5ba2c82e-6cd3-4e24-ac29-e5707fcecaa2,latest version,,,{}
e13baef0-9611-4463-88c5-256f5b42f718,ocd-bill/f3086d80-3709-4d69-afc9-8f87feb9e53d,latest version,,,{}
4729dd5f-f209-4be1-8c86-0fb3e3125110,ocd-bill/698f99fa-ec57-49b2-ac8a-b30855e68ba2,Amendment #2024-0745h,,,{}
d1f65e8e-64ec-46e3-b9b0-f0a4c7e22d56,ocd-bill/698f99fa-ec57-49b2-ac8a-b30855e68ba2,latest version,,,{}
f5023ef4-3b2c-4a7a-9477-fb89193702da,ocd-bill/43b646b9-4d6a-4286-9053-4605889c959d,latest version,,,{}
44bd346e-3cd5-4c0c-9f33-7f1e9c0bb5d6,ocd-bill/4062402b-3c8e-43e1-8664-6ecc3fc15fdc,latest version,,,{}
e7da9437-0639-4bb8-96c9-39f5960248e1,ocd-bill/421fdb57-12ce-4179-87dd-81b8a6ff8e7a,latest version,,,{}
450cec29-46b8-44ef-9db4-24239e0446d7,ocd-bill/40e8efe2-0c3a-4d07-abc8-d5003d73df30,latest version,,,{}
aac8ea7f-2cdd-4413-97d9-528127e0bcbe,ocd-bill/289fb2a4-1eb1-45c5-8213-d24517f70d3e,latest version,,,{}
0a8474ef-23b8-4e5a-b96d-138678a62d0f,ocd-bill/846f2533-0797-4d70-983b-cec4efd5028e,latest version,,,{}
9ea0e57c-dabd-4ffd-b52c-96d75fb6c795,ocd-bill/bd777cd6-f995-4239-8f6f-2d7dc1f98ead,Amendment #2024-1965s,,,{}
bf0c9894-f386-4aa4-a872-7c2029ccc245,ocd-bill/bd777cd6-f995-4239-8f6f-2d7dc1f98ead,latest version,,,{}
c868a127-3236-4f99-8389-f8a3c561ca0a,ocd-bill/90d12749-6c89-47bf-a7e4-7d7cd957fb93,Amendment #2024-0530h,,,{}
eabf5bb4-9cee-4821-8431-f42d9c9181ce,ocd-bill/90d12749-6c89-47bf-a7e4-7d7cd957fb93,latest version,,,{}
1623fbb8-0bcc-48c8-b34d-e8d4cf9486f4,ocd-bill/fd251f87-51aa-495f-8eac-0308a98c51dc,latest version,,,{}
d7c9627a-55b4-480d-a109-cdd12bbdb47c,ocd-bill/8ec96970-c70b-4283-9aa1-7c6974642897,Amendment #2024-1731s,,,{}
4cf159e4-d021-4575-ba47-299152f3e5be,ocd-bill/8ec96970-c70b-4283-9aa1-7c6974642897,latest version,,,{}
c406e291-b55d-4fa0-889b-eab4bb109a6f,ocd-bill/0bb471b0-1be9-432a-9940-65d0e9a13ef6,latest version,,,{}
c95d1d6e-c2c9-46e2-93fa-a491f14454b2,ocd-bill/8b6fb687-2b1e-43aa-8b4b-118661a10aab,latest version,,,{}
4e6af7db-4fa0-45a0-afb8-34a417c12a4e,ocd-bill/ac7f0536-abd6-4b74-a4d4-d7d7546045cd,latest version,,,{}
010c76bd-3f20-403d-8aa7-2f2434142f92,ocd-bill/f4459637-7f47-4121-8ea5-ff3d4a146f4c,Amendment #2024-0373h,,,{}
124dc46a-9c93-4eae-993a-0beb2723a6ff,ocd-bill/1d048b3f-7fce-4d5f-a302-0fb34fdbdfd5,latest version,,,{}
19b9c4b5-3559-438f-9991-39a7214f3919,ocd-bill/f4459637-7f47-4121-8ea5-ff3d4a146f4c,latest version,,,{}
69d21ea2-1c96-4e68-823b-571904bf538f,ocd-bill/db2ec841-8967-467c-be13-c3542504e87b,Amendment #2024-1708h,,,{}
3310ae4b-c9fd-4a8e-84aa-be47b84307d8,ocd-bill/e606cdd1-9324-492a-b70e-6d2811452783,latest version,,,{}
f3b0fdd8-1aaf-474d-8b0b-e032bfdf5fab,ocd-bill/db2ec841-8967-467c-be13-c3542504e87b,latest version,,,{}
a094b1d6-948f-4ac1-8692-beec88af4be8,ocd-bill/0f48e65b-91d4-439e-b199-f09a4ee8e2cb,Amendment #2024-0542s,,,{}
3219190b-b873-484c-899d-83cdd4de1902,ocd-bill/70c7c0f4-cdc0-4e70-81c1-478ba36a70f6,latest version,,,{}
2619f371-c561-4609-b8da-d86176601458,ocd-bill/0f48e65b-91d4-439e-b199-f09a4ee8e2cb,latest version,,,{}
d7da763e-3a90-4bb8-9222-533544766d89,ocd-bill/fce16287-d895-405e-96b9-efabeffb4f9d,Amendment #2024-1598h,,,{}
f8a732e3-86ad-4ce9-8940-941b6e235916,ocd-bill/94718280-5374-4359-b829-ff96b14efe87,latest version,,,{}
ac384122-f7ca-468d-8a99-e95a128f8b75,ocd-bill/f8c42c84-d557-448a-850f-65a8d7f809b9,Amendment #2024-2364e,,,{}
6e82284a-834a-4447-a40d-95dac2efa520,ocd-bill/f8c42c84-d557-448a-850f-65a8d7f809b9,latest version,,,{}
eb3fb7b6-2618-42e3-b146-028872975059,ocd-bill/ba9d9acf-abee-4a5a-b4c1-ee09abc215ea,Amendment #2024-0576s,,,{}
fa6dd201-b142-4dbd-a759-d5afb2e05726,ocd-bill/ba9d9acf-abee-4a5a-b4c1-ee09abc215ea,latest version,,,{}
669e8d13-0e1c-448c-b64d-ffb0f583ec12,ocd-bill/cf23ae2e-a48d-412a-9a4c-b276d8ed111d,Amendment #2024-0864s,,,{}
51f2d603-cc53-4b87-851e-021678b0cb44,ocd-bill/cf23ae2e-a48d-412a-9a4c-b276d8ed111d,latest version,,,{}
8481257d-1f0d-4114-979d-06236ca2d04c,ocd-bill/86b6041a-4080-450f-aed4-765296d621de,Amendment #2024-1917h,,,{}
24a73ed1-ee2e-4a8c-b2bd-86b2c2e4f078,ocd-bill/86b6041a-4080-450f-aed4-765296d621de,latest version,,,{}
1dee0e0b-159c-4a51-9afb-61859ffdd2a2,ocd-bill/ded8bf5a-4b36-42ea-a0a3-25b86b7b881c,latest version,,,{}
8aa38730-6f5e-47f8-ac03-25761ab8055a,ocd-bill/3e66a9de-8df3-45b8-81de-6005b02c12dd,latest version,,,{}
b7d5d7d0-8974-4977-9d1d-be65ab9524e4,ocd-bill/72b54952-9c8c-4e77-b3c5-56deb688a993,Amendment #2024-1442h,,,{}
34b48a84-3665-4b80-898e-43f5ab5ef038,ocd-bill/72b54952-9c8c-4e77-b3c5-56deb688a993,latest version,,,{}
b446951a-66b2-41b3-9165-5f1e77109779,ocd-bill/080e03c9-2091-4655-bb5f-11272df85628,Amendment #2024-1782h,,,{}
d43b6b03-8c27-48e7-88b3-48d3a15b28ee,ocd-bill/080e03c9-2091-4655-bb5f-11272df85628,latest version,,,{}
540deac3-9b8f-465b-a359-3b5785d4f00e,ocd-bill/fce16287-d895-405e-96b9-efabeffb4f9d,latest version,,,{}
6d1404c6-25aa-4584-92c0-7a6825197c56,ocd-bill/f10c8594-4a91-4336-b9ad-974bf0b68067,latest version,,,{}
6d59437c-6d95-4d2d-93c3-35f978b069ac,ocd-bill/f7325203-3a6f-4ae4-820c-c4d114acecb3,Amendment #2024-0686h,,,{}
2882cb18-809d-4b00-bcd3-6d375845cb63,ocd-bill/f7325203-3a6f-4ae4-820c-c4d114acecb3,latest version,,,{}
459bc442-9ed8-4044-a038-ef94496b16e8,ocd-bill/bd17c799-a8b5-4953-82ba-0f8208e5f857,Amendment #2024-1133h,,,{}
a644fba9-bc4a-48bf-92de-7f9405a9a051,ocd-bill/bd17c799-a8b5-4953-82ba-0f8208e5f857,latest version,,,{}
d37986c4-921c-404d-8cd7-1dba5bb97ac4,ocd-bill/3f574c6e-1aa5-43cb-bdf3-0d44c9a23d0a,latest version,,,{}
e408df7d-7939-4102-9a0a-43f04f22d574,ocd-bill/79f68e33-9468-4c60-b037-1b463250b135,latest version,,,{}
aa11c715-e048-4ab6-892d-6e75d773e949,ocd-bill/d0f7197e-f40a-4361-bc12-1726f83e4620,Amendment #2024-0554s,,,{}
659da648-4ba2-4fa9-8cc2-dbdeca54ae39,ocd-bill/710e13c3-3997-44c3-a3f0-6e4d5c608e4a,Amendment #2023-2355h,,,{}
dd05f3cc-9281-40ad-a85e-4b8b62a7090b,ocd-bill/d0f7197e-f40a-4361-bc12-1726f83e4620,latest version,,,{}
2f9ffb7e-7432-44be-a792-b6a7f54e3e93,ocd-bill/15f8bab6-f518-4cf2-ae63-c4454d971a3d,Amendment #2024-0993s,,,{}
9d69f655-c0e1-4637-b3ca-d1db711d0886,ocd-bill/15f8bab6-f518-4cf2-ae63-c4454d971a3d,latest version,,,{}
8abaace1-c707-4fb6-b68e-078cf05a9a5f,ocd-bill/4db5cae7-b0ae-42e7-b0e0-e4af872d9943,Amendment #2024-2329e,,,{}
f78046f8-cc0a-4690-b5ae-e1d099122427,ocd-bill/fd6e10d3-2b61-42a1-8a94-1dd779dfe534,latest version,,,{}
2d46fca6-f750-4769-b556-f88dd578537b,ocd-bill/4db5cae7-b0ae-42e7-b0e0-e4af872d9943,latest version,,,{}
ece0a76c-6671-4e01-810c-eeb591e517a0,ocd-bill/2f523e82-55ad-438e-975e-05572422a413,Amendment #2023-2475s,,,{}
fa6dfc43-c4df-4267-ab67-484d0da450d4,ocd-bill/5ad4460d-f3ad-4806-8114-18007c9e566f,latest version,,,{}
92dbaa71-c30d-4893-ad7a-13a33b008afd,ocd-bill/1718a152-41c8-43bd-864c-54d427f56b04,latest version,,,{}
84992604-1993-468a-9117-f362bceaccde,ocd-bill/48762f7b-b818-4f5c-8b45-cea593066434,Amendment #2023-2442h,,,{}
d07e4be8-b1f8-441f-8c97-203ab2fd3b91,ocd-bill/39d8bd11-cc81-4ea9-8447-c68b3239dc59,Amendment #2024-1533h,,,{}
bd494492-91fe-4e7f-a2be-9b247db6f839,ocd-bill/39d8bd11-cc81-4ea9-8447-c68b3239dc59,latest version,,,{}
998c8ab5-5bd7-4b27-acb7-7975bfbca232,ocd-bill/34ed9771-a870-4982-8f5c-df51fb4f8a63,latest version,,,{}
8567539f-5cc3-4424-9117-7d49a60ad837,ocd-bill/1e5348d5-6103-4d9f-9ab0-b75afe153c29,Amendment #2024-1831h,,,{}
23828b03-4056-4d6b-91d7-43c7a2a5149c,ocd-bill/1e5348d5-6103-4d9f-9ab0-b75afe153c29,latest version,,,{}
61527f91-2cc0-4917-90d3-5abf5d8173e7,ocd-bill/bf50c6f9-c964-47f9-bcfe-78a97e0c2da5,Amendment #2024-0601e,,,{}
3c8b1c8a-41c0-41db-9356-04fe300d8ddd,ocd-bill/e07e0f45-3397-457e-8d10-3a611bb74e2e,latest version,,,{}
bf5cabcb-4312-4eea-95ab-33d569ca8c51,ocd-bill/382814f5-d35d-4b4a-993f-9c78872fa8fd,latest version,,,{}
a46df4ed-4928-41ed-87e6-f7a27607d80f,ocd-bill/b8e126e2-ac4d-43c2-983c-56d6003d1fbe,latest version,,,{}
0c7a635d-14db-435d-9370-f19d3dc5977d,ocd-bill/6df215fa-8016-42f1-9e09-40297bce89a7,Amendment #2023-2450h,,,{}
f7793302-8f8a-4168-940a-8a5450388b01,ocd-bill/41c274dc-0abf-4e6c-bd00-cd7cb01b5231,latest version,,,{}
665d7dfe-4c31-412f-8a08-1c7d55f604cd,ocd-bill/f2662a95-2a4a-4f51-9da7-1a759d2672e1,latest version,,,{}
95780dab-7cc5-4fad-bcf7-5cfefcbc7cf2,ocd-bill/534057cf-8627-4a0c-a5fc-7581e559fdf3,Amendment #2023-2404h,,,{}
73dd0ef5-9484-4ca6-9652-c540984350ed,ocd-bill/7d046e1e-4f43-4875-a3ed-68ebdf9fb474,latest version,,,{}
97ea6b53-53bc-47b6-9a58-3be06dcfcf34,ocd-bill/fede6ff2-f833-4cd5-abee-df52fc8feb9e,latest version,,,{}
bae247df-b7f2-4936-b23e-e1c3c0c04add,ocd-bill/f9ecd7a0-55f6-4f70-a193-069462a7ba49,latest version,,,{}
71f2a4a4-e110-4cec-8c05-140bd31a31ad,ocd-bill/e857bc59-6e35-4eb4-a27e-885113bc4557,Amendment #2024-2342e,,,{}
9ca622d8-1df4-4263-9d1d-db977fea57e0,ocd-bill/e857bc59-6e35-4eb4-a27e-885113bc4557,latest version,,,{}
a21a5aa6-2cb6-4338-8d75-1e0614ba553c,ocd-bill/7af37f08-4d0e-452c-97a4-a978ff175ee6,latest version,,,{}
65bbfab3-ef6d-48a1-a829-59a69948f9c6,ocd-bill/6cb3bdc9-3235-43f4-9a11-18e7e6e69d46,latest version,,,{}
c6d66843-9f2f-4977-baf2-0603f0f4a55c,ocd-bill/ac2004c2-8792-4264-86d4-ba5d167042a1,Amendment #2024-1606s,,,{}
a9f4877d-fcb5-4fe9-ab0a-f1a323b8b2f1,ocd-bill/ea3448eb-2647-40cf-8679-8521a839fd27,Amendment #2024-0413s,,,{}
75813646-8ccc-45ed-ab8f-a11d39051120,ocd-bill/ea3448eb-2647-40cf-8679-8521a839fd27,latest version,,,{}
0560a4ee-f60b-40fb-a1d8-4ec1a2980dbb,ocd-bill/5f8a7ed7-d37c-4c18-84c1-fb0659b771e3,Amendment #2024-2372e,,,{}
882df029-147a-47f1-94fa-a5fd3c01b07b,ocd-bill/5f8a7ed7-d37c-4c18-84c1-fb0659b771e3,latest version,,,{}
9ab2793f-f057-4a2e-94a4-bca44bd05cf4,ocd-bill/651538e5-8cab-40c2-9414-d3764be0c90c,Amendment #2024-1565h,,,{}
0e176b90-391c-4784-9e26-2e8930ad4c17,ocd-bill/651538e5-8cab-40c2-9414-d3764be0c90c,latest version,,,{}
dc94c1ae-a10d-4fa2-84e8-d89a133af502,ocd-bill/0066b624-11e8-43fa-9454-b85c31cd894d,Amendment #2023-2301h,,,{}
3571fe24-98e9-45c5-95f6-62b03bd0e632,ocd-bill/cff23da4-eb13-4c1c-8b5e-eea1311e883d,latest version,,,{}
b4bb5f60-b87d-4b02-ab0f-ef910bd0ff12,ocd-bill/67f0d8ed-2128-456d-bbe0-b2433cddf168,latest version,,,{}
cd373e26-9b92-4518-bc00-9e0fa2e0ebac,ocd-bill/2963099b-0a6e-49d6-92ff-243aff5e805f,Amendment #2024-1130s,,,{}
a9efe7c7-ed2c-4ca2-86e0-6ac1730d5533,ocd-bill/2963099b-0a6e-49d6-92ff-243aff5e805f,latest version,,,{}
d1269237-cb91-499f-b5fb-312b70d208cf,ocd-bill/dea76dc6-6b87-4e8c-a931-3221101824c3,Amendment #2024-1897s,,,{}
17e09938-73ef-4aad-b31d-031af6cfed90,ocd-bill/dea76dc6-6b87-4e8c-a931-3221101824c3,latest version,,,{}
20717a29-632c-40d0-9967-50af529998ce,ocd-bill/18e9b9a4-5f51-4e64-8de7-0287d07fdc4d,Amendment #2024-0863s,,,{}
b9de5139-5eb9-4ba6-b41c-e676b42a458b,ocd-bill/18e9b9a4-5f51-4e64-8de7-0287d07fdc4d,latest version,,,{}
482c99c5-c279-4d48-a0a0-2e19d7d9559b,ocd-bill/1b500c82-d84d-4e5d-882d-8d1daa31142a,Amendment #2023-1685h,,,{}
41403d40-452e-4643-a8ed-936454d848b7,ocd-bill/b283e33c-5516-4825-854e-3e13582d9d0e,Amendment #2023-2315h,,,{}
4bfda0f2-dd9f-483d-a65e-edac76a2e05a,ocd-bill/51f3a45e-3647-40c6-ab2c-d56476e26e4f,Amendment #2024-0845e,,,{}
8b8e851d-2274-41b6-9d00-b4bec6531634,ocd-bill/df4589fc-ef6e-4196-822f-97e6e8807a6c,Amendment #2024-0113s,,,{}
74955074-2728-4cde-aeff-99f672184810,ocd-bill/0cece6fb-a8f2-4050-a3cf-2bef8e595ede,Amendment #2023-2311h,,,{}
d7b5e587-85a5-43c4-8146-4cfcd8a18940,ocd-bill/df4589fc-ef6e-4196-822f-97e6e8807a6c,latest version,,,{}
3c28e8fa-bcb1-46bd-9183-e6b9d5f364d0,ocd-bill/9b5f5272-a3eb-47da-91c9-811be0dc87b8,Amendment #2024-0152s,,,{}
9185ba75-5adc-4814-9309-d811b3aa6078,ocd-bill/f99fe7ff-815a-4b10-a13b-0a1306a302a6,latest version,,,{}
6a20ef99-4d12-4c34-ada5-ef6fad748970,ocd-bill/98f256b5-1454-4a5c-b1d7-b4aedf23a78a,Amendment #2024-0267h,,,{}
d5876ff4-b39b-48a3-aa28-9e5a7488f11d,ocd-bill/98f256b5-1454-4a5c-b1d7-b4aedf23a78a,latest version,,,{}
a5a631d3-795f-44c3-84ab-203b6e7b1078,ocd-bill/4ce288e4-ca4f-4c1a-8698-fafe47ac95d6,latest version,,,{}
38674091-e101-455a-9d0f-cc6f84116921,ocd-bill/9b5f5272-a3eb-47da-91c9-811be0dc87b8,latest version,,,{}
a47ead74-f02c-4201-862d-e64c50fa1560,ocd-bill/e3865e55-48c1-43fe-b1bf-4f20b1c08eb5,Amendment #2024-1112s,,,{}
aa859b47-2a39-4d3d-a039-588c1be2b525,ocd-bill/9b6e3c74-5e4b-4520-8554-fde80d93895b,latest version,,,{}
7748fbd0-f558-43e4-99c2-bbfff5ef21d1,ocd-bill/c2e43a08-e520-420b-a2db-de8adbd4496b,Amendment #2024-2315e,,,{}
a9d5f22d-7e94-4a2b-a1f0-442db9075f57,ocd-bill/c2e43a08-e520-420b-a2db-de8adbd4496b,latest version,,,{}
47fb53e8-c081-4959-ab09-0dc5bb2a6c48,ocd-bill/6c267046-343f-4adf-9d36-4e2b0d197366,Amendment #2024-2116s,,,{}
1eb8edde-6440-400f-9962-35ecd3f05c46,ocd-bill/6c267046-343f-4adf-9d36-4e2b0d197366,latest version,,,{}
afdb7f6c-91d4-490f-843f-e97cf1046822,ocd-bill/e3865e55-48c1-43fe-b1bf-4f20b1c08eb5,latest version,,,{}
d41e68a7-4414-4dbf-9b0c-3b79d9621f3d,ocd-bill/dcde1f46-3ede-4255-923f-35f052c3c91f,Amendment #2023-0071h,,,{}
27cfa8f1-af4b-4954-9a5e-779166ff6362,ocd-bill/93897247-6341-4e26-a1bf-c5fa66604aca,latest version,,,{}
9963b12c-4a7d-4e6b-a8fa-5e6732e6461b,ocd-bill/9a1311c6-4d43-4263-a458-a713c0dc3931,Amendment #2024-1739h,,,{}
f5384047-f63a-4ef8-8288-976ebd872f68,ocd-bill/9a1311c6-4d43-4263-a458-a713c0dc3931,latest version,,,{}
8cf01183-11e9-4e02-a68e-607944a971ec,ocd-bill/c786dc2c-ef6f-4274-a744-836a4fdbc4c5,latest version,,,{}
ff1fd9fd-e383-46b0-a5f6-81d0a822a0df,ocd-bill/d7fbb748-9bc8-4e5d-adb9-af571fcbdf6f,latest version,,,{}
b8b0d127-4b62-4d96-907d-fa5b990e96eb,ocd-bill/6bedc1d4-685a-45f4-91b0-8874c1dd43a2,Amendment #2024-0610h,,,{}
b8009133-7ae4-4210-901c-e722fb8def35,ocd-bill/6bedc1d4-685a-45f4-91b0-8874c1dd43a2,latest version,,,{}
64075e65-a2fe-4d04-978d-38a611335ef6,ocd-bill/f146a15d-6b7b-469c-b91e-3aa1327af3c3,latest version,,,{}
4e6b537d-adc5-4b2e-95da-555ebb9b2ed4,ocd-bill/45e92f7d-1011-481b-b78e-34f37ebc4163,Amendment #2024-2351e,,,{}
bf82392e-13e2-45d7-bedb-29d875877205,ocd-bill/d9dcc93d-68ef-4884-9038-dca8ae51c2a3,latest version,,,{}
f6d7baea-b9c6-45c8-90c3-45294cd93c41,ocd-bill/45e92f7d-1011-481b-b78e-34f37ebc4163,latest version,,,{}
bae95302-6d8a-48a8-9004-c2259de765bf,ocd-bill/ffe309d7-4160-4bb2-9617-e1b83d96c805,latest version,,,{}
0179b492-1690-473b-b551-c47c96beb757,ocd-bill/c7e9dcf8-7636-4d12-a4cf-5dacea88827b,Amendment #2024-1270s,,,{}
28a71242-4e65-497a-b083-03a532f2c1d3,ocd-bill/c7e9dcf8-7636-4d12-a4cf-5dacea88827b,latest version,,,{}
eb36d04e-a806-4045-b21e-54793d368cab,ocd-bill/3e5a4412-17c5-452d-8d77-61ee6e5abc40,Amendment #2024-0714s,,,{}
94170af5-b79a-4bbb-9bb1-d0ef00b73cc0,ocd-bill/9d4a1870-7ca6-4778-b44d-7a5eb947abed,latest version,,,{}
8611e502-aaf8-4ba9-bf76-4cce7b2b7d0c,ocd-bill/56aa6c21-8fc0-4a9a-81de-72329e330c9f,latest version,,,{}
74f07cd5-2823-47c8-b994-b99229a30889,ocd-bill/3e5a4412-17c5-452d-8d77-61ee6e5abc40,latest version,,,{}
1fd0d9b0-2b43-4a0b-a81e-4ba201689943,ocd-bill/1bb5fd4c-608e-40b8-b138-d0def9a59eb2,Amendment #2024-1332h,,,{}
e0a0f01f-9c18-464a-9feb-08d591d50601,ocd-bill/1bb5fd4c-608e-40b8-b138-d0def9a59eb2,latest version,,,{}
dcb751ff-23f0-49df-a1c6-0a782bb8c12e,ocd-bill/6c7755c6-7a46-4588-ae91-94cab5c51078,latest version,,,{}
5a2d0c83-d11e-48b5-b9ec-e00e8f815723,ocd-bill/c598b5cf-a9d5-4ccb-8a66-8bc298fb8f48,Amendment #2023-0010h,,,{}
cc723707-41ab-4121-ace1-5c2cf3555aea,ocd-bill/bae51d2a-4c93-449d-a4d8-1c3b8f92f357,latest version,,,{}
a5c8e9bf-2e9f-4e70-b05b-c23996816f31,ocd-bill/30d1b1dd-46c8-4788-9612-ada398d68a04,Amendment #2024-0049s,,,{}
66533ee2-17f7-455a-a825-ccfc9d0d42b4,ocd-bill/23c18720-2c67-4de7-8dc4-f8676758b978,Amendment #2024-0672s,,,{}
abf7a8b3-64bf-44ef-83f3-f4c03e7c2b8e,ocd-bill/23c18720-2c67-4de7-8dc4-f8676758b978,latest version,,,{}
b591d0f6-fceb-4313-9ffd-5f1825d0b109,ocd-bill/cfeae803-2ec0-417b-a427-5fd7e5630d30,Amendment #2023-1676h,,,{}
793fb859-fdd5-46f5-8806-f0fa2f67f1cb,ocd-bill/dfb5672c-ddd4-4ce2-9269-50813317d6b6,Amendment #2024-1041h,,,{}
b40fe05d-e8fc-4df9-81b0-9be1afc192f3,ocd-bill/dfb5672c-ddd4-4ce2-9269-50813317d6b6,latest version,,,{}
d3e49310-0532-4a79-9a1f-2d281fbf9de8,ocd-bill/4c9e6202-5a44-42ef-8054-2d0e81e1e814,latest version,,,{}
1e741f15-1724-4e20-97d0-33c9e18dd173,ocd-bill/a519416c-9e85-49c3-a97e-642535db3807,Amendment #2024-0737h,,,{}
8d19c4f9-2785-4974-97ae-13cf2d85d6e6,ocd-bill/6a65ea05-44ce-4766-9887-6089bc465e4f,Amendment #2024-0723s,,,{}
a087c3be-781f-4b66-b83a-88a6223aedfc,ocd-bill/a519416c-9e85-49c3-a97e-642535db3807,latest version,,,{}
c73af322-6af9-4bdd-95f6-24d9992701ea,ocd-bill/be4b45e4-da9c-4495-925b-bbfec83c15a6,Amendment #2024-1794h,,,{}
909293af-aeea-4c4d-b5e8-d7b33ebd84e1,ocd-bill/be4b45e4-da9c-4495-925b-bbfec83c15a6,latest version,,,{}
556dbf55-8b1c-4dd4-ba68-70d43d31abb7,ocd-bill/9c61d94c-5459-48a1-a1b9-c9d2fc6818c4,Amendment #2024-1410h,,,{}
1d7399e1-f6af-4378-a1d7-8718e08c36b5,ocd-bill/9c61d94c-5459-48a1-a1b9-c9d2fc6818c4,latest version,,,{}
293baea9-62a1-45c2-a27c-5f5a94938b4f,ocd-bill/d54cc8b3-716d-4f32-9ccc-a30bdd6a4b52,latest version,,,{}
4ffeec63-065b-4e95-bdcf-5f9a660db8d6,ocd-bill/4709d250-d041-49fd-8296-a16b3d842c16,Amendment #2024-1716s,,,{}
3bfc2ddb-a787-4911-895e-7a4aadd70f17,ocd-bill/1a7fda22-00b6-4b7f-9746-d213484a5536,latest version,,,{}
e0d63516-e443-4aa3-a890-9fef67e5f98e,ocd-bill/f6c4952a-3fa7-4872-a407-af5171c5003b,latest version,,,{}
42bc4f3a-1080-4989-b43e-cbb579e03c7b,ocd-bill/cc60e12f-c29a-4c73-af33-fdbdf6e297a6,Amendment #2023-0441h,,,{}
4d28e0a4-8cf5-40ca-b83a-270305486662,ocd-bill/7483c4c6-b7bb-455e-ae02-80e38d47c831,latest version,,,{}
83f0a137-86a8-4e3b-95f4-5bc4ed08da60,ocd-bill/901c7943-d352-4c22-9d04-32553bcb9353,Amendment #2024-0149s,,,{}
8b3095b0-e06d-4a3d-905c-27bf2da30d92,ocd-bill/901c7943-d352-4c22-9d04-32553bcb9353,latest version,,,{}
88f91b25-569a-4498-a65e-d15f460c84e6,ocd-bill/38e8ad1c-c8c4-492a-ae45-db7539d9856a,latest version,,,{}
57c7567d-3e72-4a9b-a4ce-88d97a7d9a3a,ocd-bill/d24933a0-fd5f-4fad-88ed-c26cb9432bfb,Amendment #2024-2109s,,,{}
4e942e9f-70ef-49c6-97de-b5cbe4269613,ocd-bill/d24933a0-fd5f-4fad-88ed-c26cb9432bfb,latest version,,,{}
43bc3071-2e8e-46ab-97f5-60cff56b6ae2,ocd-bill/8c092a7c-e065-4309-83a7-f5fbaf6cb59d,latest version,,,{}
a32747f1-ad8a-4c9d-869c-919ab216ca70,ocd-bill/3d91fc83-c690-4ea4-90f1-a8ea5add7fb4,latest version,,,{}
cb70c771-b7f1-4ca8-b04a-4a0827ffe2a4,ocd-bill/312cee74-08a9-42ab-a244-c8441e277ae4,latest version,,,{}
f479014e-38dc-4fed-9e78-e41944675636,ocd-bill/f8143751-7fc7-4a63-ba93-693527d989a6,Amendment #2024-0973h,,,{}
dc855bba-530c-4f85-886c-0de5fd77debb,ocd-bill/f8143751-7fc7-4a63-ba93-693527d989a6,latest version,,,{}
843c4e45-9edd-4a7a-b471-e1d8b8dad8ce,ocd-bill/e6e9f0d4-6c32-48ef-8c22-382f3403539b,Amendment #2024-0890h,,,{}
d93678aa-27ae-4f03-9c9f-d3d71f2e86f5,ocd-bill/3f39ac2d-98d3-421c-9df1-a2545ea028b0,latest version,,,{}
6b877c2d-532c-42ee-9081-a0bb47747128,ocd-bill/e6e9f0d4-6c32-48ef-8c22-382f3403539b,latest version,,,{}
fb2dd171-37f2-41e7-b33e-9a274f31d822,ocd-bill/75956000-d88d-4655-b7a2-556a495eb9ec,latest version,,,{}
71f8bdc7-b4db-4f26-83a6-c9dd6eb0748a,ocd-bill/41a242ab-e327-4553-b8f8-6287a8a44bec,latest version,,,{}
8223505c-0cfb-4930-a97b-6258bc0b90a4,ocd-bill/20346f77-f0b8-46d5-8f77-d2104e7e89a5,latest version,,,{}
a1851f53-b28b-49f1-85c2-de2eb8348886,ocd-bill/c22b2c98-3874-4643-aa06-25995fb0024f,latest version,,,{}
7181e0cd-47fb-4851-ae18-213b1b99fad0,ocd-bill/39ba97c6-a509-4486-a34a-7414c3a19d1a,Amendment #2024-1721s,,,{}
18a81016-9da1-40fb-92dd-fd5b07f82fd8,ocd-bill/39ba97c6-a509-4486-a34a-7414c3a19d1a,latest version,,,{}
caed3b12-26d2-4bde-9171-033b76d09a8f,ocd-bill/529c486b-47a3-4682-9d00-d97f6d8947da,Amendment #2024-0839h,,,{}
65dced94-4a2d-4c0f-a732-44f4c3f3dd80,ocd-bill/529c486b-47a3-4682-9d00-d97f6d8947da,latest version,,,{}
998bbfc2-7783-48f0-a334-c2daa75e4d53,ocd-bill/1f2b204c-fa77-46cf-869d-8e3346d220b1,Amendment #2024-2330e,,,{}
4f8efa52-8614-46d6-a4f3-b633857e979a,ocd-bill/d82aa4a1-efc8-494d-a8ce-a7039cf42ad3,latest version,,,{}
b9ac6fe8-cb75-4880-903e-c9bab76953bc,ocd-bill/064abbe7-768a-404c-8dee-c663fe80012e,latest version,,,{}
f02a44fd-457d-44e3-b8f7-9acfd8d79846,ocd-bill/b04d9914-0762-4a80-8619-b5e33e26f0f4,Amendment #2024-0851h,,,{}
5e27d875-5fd5-40be-aa9f-b86f5a9af0b7,ocd-bill/b04d9914-0762-4a80-8619-b5e33e26f0f4,latest version,,,{}
96d9f51a-132b-4619-bbc3-e5608c025950,ocd-bill/ed8bc90f-4f8b-4554-b5db-6db8bbd7e34b,Amendment #2024-1425h,,,{}
dd7fea87-12b6-4734-8e81-35bbb20278b3,ocd-bill/ed8bc90f-4f8b-4554-b5db-6db8bbd7e34b,latest version,,,{}
9a3d45b7-183d-4722-acf8-1a4a03971513,ocd-bill/2626c26a-f50d-47da-b0f9-c4e8e66123e3,Amendment #2024-2345e,,,{}
a09344d5-171a-42ce-ab5d-b1570e4b74ec,ocd-bill/2626c26a-f50d-47da-b0f9-c4e8e66123e3,latest version,,,{}
dfb5ffed-5a98-44c5-be19-7f6ff115d9c1,ocd-bill/77e9f02e-bb7a-4e8b-bf0c-0d36c7f8a2c1,Amendment #2024-1624s,,,{}
1fb5021f-675d-4651-ab0b-03a3e0913da6,ocd-bill/ad1d4b4c-ee21-4335-a9da-fe8717b5212e,latest version,,,{}
75631223-bcaa-4911-8992-e650a001fe6c,ocd-bill/77e9f02e-bb7a-4e8b-bf0c-0d36c7f8a2c1,latest version,,,{}
de2b25f3-ccd7-4cdc-b915-1d9bbe899153,ocd-bill/026ba0da-185e-474e-bf7b-3ae0178e35ba,latest version,,,{}
e9066ed7-8fa3-424a-abe1-e68c11e45b51,ocd-bill/604cbb16-d182-4a4c-9413-68d282b8dcbe,Amendment #2024-2334e,,,{}
a60466ef-20fb-462c-a104-4b5ad81d0c54,ocd-bill/604cbb16-d182-4a4c-9413-68d282b8dcbe,latest version,,,{}
c1c1ffdf-bb1b-4860-a021-55cb9559df73,ocd-bill/224af623-c009-44c7-ad22-7912c7b83921,latest version,,,{}
8ee80c86-25b4-46ac-8029-c4f1d890beac,ocd-bill/7c8f4ae3-096d-4c7b-b45b-7e03bd48e3cd,latest version,,,{}
ecc2fc5c-d57a-46d4-b405-a35da51d3a72,ocd-bill/496f72fa-9e9f-444d-a233-4678532578a3,latest version,,,{}
e6818180-da2e-4e4f-ad1e-82dd27cfa303,ocd-bill/aaa58db3-4684-4c06-9ff1-5af1d781b7f7,latest version,,,{}
1951331d-d640-4b60-a015-954b2f3c30d6,ocd-bill/13f79e9c-4566-405f-8451-9c5ca9d642df,latest version,,,{}
20f4c413-c04c-4432-8a6f-cfbaa5c37565,ocd-bill/3c7656b1-4560-4bd5-ba31-8f0f1ad788ee,latest version,,,{}
fd2a92b1-ca06-4263-882c-964dcb430bde,ocd-bill/2aa1e2a3-f1b8-4f8a-802a-6bada93f5ab6,Amendment #2024-1005h,,,{}
e81df261-584e-49ae-b6a5-388f3ca8e3df,ocd-bill/2aa1e2a3-f1b8-4f8a-802a-6bada93f5ab6,latest version,,,{}
7b81292a-06d1-4aa6-86bc-4a30d8d9f796,ocd-bill/7230de02-cd7c-4a41-998e-1ca528b2974d,latest version,,,{}
61fb9f94-7d77-4d5b-9a26-dff01c1182c4,ocd-bill/1b1c089e-b85e-4790-8cc4-6db328fa0383,latest version,,,{}
8ecadecc-6d9e-4490-bdae-56f9035a8e46,ocd-bill/c1c02a2d-7a50-488d-83d6-114bab03e96e,Amendment #2024-1186h,,,{}
b66453d2-aa5d-4478-a7c4-f65c4febe392,ocd-bill/c1c02a2d-7a50-488d-83d6-114bab03e96e,latest version,,,{}
9356b3e4-ba9a-49c8-b30e-e5e73f6940a7,ocd-bill/c7248a9e-f52a-4119-89fb-d59d98967097,latest version,,,{}
2575424c-ada6-4686-9ab6-08ad49e96f28,ocd-bill/aa97653d-6a2a-4a80-988b-2e8d3026a1bf,latest version,,,{}
d00d6b62-dac7-4140-912e-0eaf44bff7fe,ocd-bill/f111e288-3cca-4916-a885-9015a3582111,Amendment #2024-0242h,,,{}
cfd7adea-da68-449f-9f66-6bc453d8e21d,ocd-bill/f111e288-3cca-4916-a885-9015a3582111,latest version,,,{}
1eb9f5f9-45cd-4452-a589-45d9a4e4d9ab,ocd-bill/6ffaa25a-1710-4226-a907-e97882d23f56,Amendment #2024-0638h,,,{}
afd65d83-ce91-41f6-b36b-74d12966682e,ocd-bill/6ffaa25a-1710-4226-a907-e97882d23f56,latest version,,,{}
39a9711c-0e42-40da-b45f-f4c7299dbfba,ocd-bill/9d2b8864-878f-410d-bfc2-d7d3c5e566b8,latest version,,,{}
a93e2434-4052-4316-8481-4dc5914c574c,ocd-bill/de2f3320-6c11-4e0a-beb2-f855c6fc28cf,Amendment #2024-1437s,,,{}
68a05c94-3a76-4304-b3ac-d513c7ed2513,ocd-bill/695c13cf-fa14-412d-bea6-c0a4da0a605c,Amendment #2024-1711h,,,{}
787cf006-b555-458b-a169-492489dc87de,ocd-bill/695c13cf-fa14-412d-bea6-c0a4da0a605c,latest version,,,{}
b80635b2-9880-48fc-9f7c-ea8898dc739f,ocd-bill/3b54431b-69c1-4ad4-8334-6099f4ffb748,latest version,,,{}
a0508831-1a71-4257-bfdd-cf7eaba27f8a,ocd-bill/18b00a21-e739-4059-b60c-e42fa4138bda,latest version,,,{}
dbf50a88-89c8-4964-96d2-b4d012b1392b,ocd-bill/0483dc5e-5f70-4d23-b9de-2014cac89232,Amendment #2024-2015s,,,{}
61648701-9b54-42db-9506-6d26f016850d,ocd-bill/0483dc5e-5f70-4d23-b9de-2014cac89232,latest version,,,{}
56a206c3-cfdb-4bd2-8ddd-8629f0ebc962,ocd-bill/de2f3320-6c11-4e0a-beb2-f855c6fc28cf,latest version,,,{}
dbc68fde-fc86-465e-a104-1de15a68e33f,ocd-bill/0045ab9b-b6aa-4fd3-b20d-6f54f664b53f,latest version,,,{}
af6b6b03-d1ef-4bc4-8628-5e5763cdb5c8,ocd-bill/fd126aae-f1bf-497e-bd0b-ccb00d93d79e,Amendment #2024-0697s,,,{}
580453d6-253c-47b0-b8d0-d701c36dc978,ocd-bill/60515bea-a84b-45ab-9623-0aef9debe288,Amendment #2024-0403h,,,{}
2998a46f-df1f-4661-8362-e210e866310c,ocd-bill/60515bea-a84b-45ab-9623-0aef9debe288,latest version,,,{}
81a76696-044f-4efb-91c8-55d16b0524ea,ocd-bill/fd126aae-f1bf-497e-bd0b-ccb00d93d79e,latest version,,,{}
b2dd6cae-4d4b-4378-b993-13dc6ca189a3,ocd-bill/e9646af7-b8fe-408c-8e4a-27691676914a,latest version,,,{}
c5f6f8b2-645f-4c54-8e1f-1120bfd1272f,ocd-bill/3356d40d-fbd6-4362-b97f-b6552d2253a3,latest version,,,{}
8a39956e-fe54-45a5-9840-8688694bd972,ocd-bill/b4a044f7-9aba-45e7-b5a0-493069f3ca7b,Amendment #2024-0979h,,,{}
bd2ed2d7-ed6c-4b9e-a298-6da20881ce76,ocd-bill/98c0c9de-8be5-4b68-a054-d12f7ecc392d,latest version,,,{}
9a5e5b17-deea-43d0-8158-d4f288886a73,ocd-bill/b4a044f7-9aba-45e7-b5a0-493069f3ca7b,latest version,,,{}
ba3171bb-a057-4188-80cb-4dfb156e90a2,ocd-bill/05dd517b-fba1-4c8e-8dda-9096fae7839a,latest version,,,{}
ead40cca-383d-4fd2-a5f4-f0457486e079,ocd-bill/7a74240b-0071-4b99-ac21-63114848d430,latest version,,,{}
eadddcf7-9413-4826-ab39-00a59900725f,ocd-bill/9868c569-46b0-451e-9c45-14b4dac2d3db,latest version,,,{}
6d5ea49e-33f3-4b4f-8328-7abd72a0e445,ocd-bill/b174e295-8568-4c66-a0b6-de313af045ba,Amendment #2024-0664s,,,{}
2b2e369b-81d3-4379-ae73-af90e6e8a385,ocd-bill/b174e295-8568-4c66-a0b6-de313af045ba,latest version,,,{}
2e5ea759-1015-4590-a4a3-13822291791d,ocd-bill/b2e8ab79-e019-415a-9d54-10bbeed74f89,latest version,,,{}
48e699c6-d97f-45b0-9f0c-1461510f1291,ocd-bill/3ed1443d-dcf4-4a2b-a4be-7a719d335619,Amendment #2024-2368e,,,{}
1924a882-546d-404f-ad36-b791aee8b551,ocd-bill/3ed1443d-dcf4-4a2b-a4be-7a719d335619,latest version,,,{}
56c15878-a483-49b5-be18-3791a4b45176,ocd-bill/2d3f5d4f-51c2-468e-9f63-d8c3600ad78a,Amendment #2024-2103s,,,{}
9263da61-0e90-4354-9f88-afc02b1c5670,ocd-bill/72d1e7ca-e2d9-4053-bf0a-80a445546af9,Amendment #2024-1310h,,,{}
5ffb738b-740b-4110-ace0-14ae5f1ccd4a,ocd-bill/72d1e7ca-e2d9-4053-bf0a-80a445546af9,latest version,,,{}
f711a919-5441-43c7-99a0-cf2321af220b,ocd-bill/f13e3084-3e42-4d9e-bce2-3ba1046473da,Amendment #2024-1663h,,,{}
fb6876d7-9113-470d-b522-4594dadbe9c5,ocd-bill/f13e3084-3e42-4d9e-bce2-3ba1046473da,latest version,,,{}
75e245df-13e7-4acf-8446-d18657c9dadc,ocd-bill/f3dd94a4-8cfb-439d-a168-ec0b07f2d80a,latest version,,,{}
adff3857-e404-4627-b87c-f7173d0ab4e5,ocd-bill/b08667dd-87d8-41ad-b189-dce0f4da49c9,Amendment #2024-0092s,,,{}
c2d58efd-6c4f-4c67-82e2-c1b4d3eb26c9,ocd-bill/b08667dd-87d8-41ad-b189-dce0f4da49c9,latest version,,,{}
03589406-7416-4ee1-9b5c-4d5c0f846d4a,ocd-bill/5fe01434-d19a-421c-ae81-2a2783fab828,latest version,,,{}
50b4f65f-cd9c-4e5b-b346-257651e1d085,ocd-bill/2d3f5d4f-51c2-468e-9f63-d8c3600ad78a,latest version,,,{}
dbe07e71-a1e1-46f1-a220-2c058122dfd5,ocd-bill/46f7e276-6ebc-421c-8264-141d72bb3979,Amendment #2024-0487h,,,{}
afb769e5-1e67-4656-85b1-757ad12cf70d,ocd-bill/46f7e276-6ebc-421c-8264-141d72bb3979,latest version,,,{}
bc4a94e0-3645-4c57-99cc-75c15adce78d,ocd-bill/2b22a846-9675-40b0-8b63-8a469db448cf,Amendment #2024-1500h,,,{}
79a556c9-9770-4586-8b8b-8cb4f6f46c18,ocd-bill/2b22a846-9675-40b0-8b63-8a469db448cf,latest version,,,{}
4dbbc638-275c-468a-b67f-4eb6ae23c6e6,ocd-bill/880f539d-f641-433a-b1f0-7c4b28b43240,Amendment #2024-0213h,,,{}
bac4164f-04c0-45d9-a64c-ec33b97362bd,ocd-bill/880f539d-f641-433a-b1f0-7c4b28b43240,latest version,,,{}
897f764b-9b58-470e-8cf8-4d11ed541661,ocd-bill/1a9c5bf3-94d3-4709-9cd1-941180ea2cbe,latest version,,,{}
f3a5a180-383c-4691-9510-b4ef51962820,ocd-bill/b5aced4c-a142-411f-b7e4-11d0bb235828,Amendment #2024-0431h,,,{}
b8255a37-2de4-41a9-a379-d42699d0c53d,ocd-bill/b5aced4c-a142-411f-b7e4-11d0bb235828,latest version,,,{}
d28e285d-79e7-4532-95b4-4ff9076fbc77,ocd-bill/c8649699-d5c4-4cd3-88e7-ee0c51a6e7f4,latest version,,,{}
c942bfb8-0701-47ba-ae6e-a702f1b86394,ocd-bill/133be2a2-7d2b-4f72-ad7d-59efb42c3838,latest version,,,{}
7b1a8af0-4f71-4fbf-bf08-fd07fa37fe8c,ocd-bill/474d9c0e-7c0c-43c2-b5ff-222058a10911,Amendment #2024-0682h,,,{}
0bbf2bce-b3bc-4b7d-9bb4-44add5aca418,ocd-bill/474d9c0e-7c0c-43c2-b5ff-222058a10911,latest version,,,{}
1e2897b5-3bfe-4c8f-97b4-678c19f2a142,ocd-bill/94250a5c-694f-4ec2-b1f3-9bd4b2131777,latest version,,,{}
ce84866b-c563-4e2f-a580-a9fe94003c4f,ocd-bill/aa918314-cdfa-48db-895b-3031d36aa28e,Amendment #2023-2409h,,,{}
2b3bd24c-6a70-4c1f-8c01-52f5df8b472a,ocd-bill/70448365-6647-4001-9fc4-585fc92fb620,latest version,,,{}
406de952-7635-4a5c-a89a-18bdf0624efd,ocd-bill/477f7312-d5f5-443a-97ff-16948c004988,Amendment #2024-2050s,,,{}
51b85edd-b363-4985-b6f6-40cb38598931,ocd-bill/477f7312-d5f5-443a-97ff-16948c004988,latest version,,,{}
87ea0e4d-c6cd-4c07-b0f3-ab199604a7e2,ocd-bill/ea4cdcb0-e6c4-44e6-bcb1-492f8b203241,Amendment #2024-1990s,,,{}
e135bfb8-47d4-4651-bee8-25bd54b9c298,ocd-bill/ea4cdcb0-e6c4-44e6-bcb1-492f8b203241,latest version,,,{}
1ec723fe-c6e6-4671-9660-9ad6e4ea4c67,ocd-bill/1e35a36c-49ee-447e-acf0-d32ab7a99fcd,Amendment #2023-0665s,,,{}
633cb81d-bc5c-40e0-934b-23bdc88673eb,ocd-bill/d6aca562-c8d6-412f-9d1f-b036bd78bafe,Amendment #2024-2311e,,,{}
d6514634-162d-4ca0-9c56-b5dd1492fe1e,ocd-bill/d6aca562-c8d6-412f-9d1f-b036bd78bafe,latest version,,,{}
7ee32361-d8ff-4a4a-8ca8-45a7bb0d6e50,ocd-bill/174b4296-dd46-44c1-ad1e-70a36b739113,latest version,,,{}
3916a816-bae8-44b6-9166-85d6b81b8fb3,ocd-bill/7939dab1-4c21-497b-b95e-df09df2dbc93,latest version,,,{}
f4514d7e-dd93-4ba4-86bb-0c81151a7817,ocd-bill/1c0eac3e-9fa8-4555-b0fa-1346470db07d,latest version,,,{}
6aa6963a-2bb0-4d6b-941b-b22962b173d5,ocd-bill/07a5aae2-532a-4d59-b7ec-c624cd333f4a,latest version,,,{}
d5783b7b-37f3-4d66-958b-fb8beeb9b346,ocd-bill/8b875a32-dc4a-4abf-87f8-f12396966f80,latest version,,,{}
9fedd4bc-322d-47ad-8bd0-97b0a91beee7,ocd-bill/1aa5ed8b-dad7-4af9-98e0-89c634452b2e,Amendment #2024-0476h,,,{}
f179b0b9-49d6-4833-9640-158783a1f163,ocd-bill/1aa5ed8b-dad7-4af9-98e0-89c634452b2e,latest version,,,{}
e51f628b-7de4-4d06-914b-1b500ca00929,ocd-bill/0fb1128c-ce07-4860-92d5-2d76495f829b,Amendment #2024-0396s,,,{}
d186020c-0435-466b-bc56-e1c8e2f4ab5b,ocd-bill/0fb1128c-ce07-4860-92d5-2d76495f829b,latest version,,,{}
e052d5f6-009c-40c8-861e-fbdfa024a440,ocd-bill/5fbfc33b-ec1e-4af0-85ba-f08faed248db,Amendment #2024-1449h,,,{}
ede9999f-1ff4-4fc4-a9f5-2820007953e8,ocd-bill/5fbfc33b-ec1e-4af0-85ba-f08faed248db,latest version,,,{}
72e2774b-5627-40f1-8524-06623d7fc7a1,ocd-bill/6f83dfed-135a-4a5c-99c9-708f12124366,Amendment #2024-2124s,,,{}
f789e130-6fa3-4215-9069-acb20ee25de0,ocd-bill/d5289431-1d8a-4437-924a-2bd50f904fe5,Amendment #2024-2179s,,,{}
478c160c-c532-4783-a64e-31988eeaf058,ocd-bill/d5289431-1d8a-4437-924a-2bd50f904fe5,latest version,,,{}
aced5d51-440b-4396-867c-cf41c76de28d,ocd-bill/63ac9c2b-2114-42cd-9df0-b3d24f22505f,latest version,,,{}
1ff2ccd4-1c35-447b-8585-1585fc256f9e,ocd-bill/6f83dfed-135a-4a5c-99c9-708f12124366,latest version,,,{}
8413f6f4-4dcd-4f14-bf26-736834e9fffc,ocd-bill/9f334909-6954-44d0-b021-1c3ee15d274d,latest version,,,{}
80d5187b-6dd7-42d9-af48-726d54987d60,ocd-bill/e6c52919-c0db-47cd-9629-4f44f2d298f3,latest version,,,{}
a19a6971-289f-4f61-85bd-4e4b898166c4,ocd-bill/721b6534-21df-4841-a53e-e9633be8edd2,Amendment #2024-2361e,,,{}
e208737e-fb08-4789-a2a1-fcce8e366205,ocd-bill/b7a0a2ba-d5c8-4ffe-8da7-5f91c7e7213b,latest version,,,{}
d155036f-b507-42ef-a428-2f16c33da7d9,ocd-bill/d7b48ce9-1792-4c55-8f67-7c22cee3b30f,Amendment #2024-1876s,,,{}
c2803a30-8c3c-478c-9e50-7f57646ca70d,ocd-bill/d7b48ce9-1792-4c55-8f67-7c22cee3b30f,latest version,,,{}
41216075-87e7-4600-a6e1-10886472bc8d,ocd-bill/25e02d7d-069b-43bc-a6fe-67c500a4ee4b,latest version,,,{}
5860e388-93bc-41db-b84c-9718ee5fb170,ocd-bill/721b6534-21df-4841-a53e-e9633be8edd2,latest version,,,{}
a5370304-a023-46d3-bc20-0e729c61264b,ocd-bill/fd1f7e35-b679-4dfa-9bbb-b3142f0898f2,latest version,,,{}
efedc37c-07a7-4c1d-bff3-30295b05c33c,ocd-bill/70d77e03-da18-4e8f-bac7-ed417995fdd7,Amendment #2024-0683s,,,{}
bbe1615a-d5cf-46ad-8f81-f2e85d726bd9,ocd-bill/70d77e03-da18-4e8f-bac7-ed417995fdd7,latest version,,,{}
7c24c061-670c-4946-a2ca-87d723269c4b,ocd-bill/63bbc967-703a-49fd-91e8-425fd5bdad71,Amendment #2024-0874h,,,{}
43d7d478-03e8-4632-8e3e-194c109010f5,ocd-bill/545de3ff-8000-467d-b90f-b02b90fdd72a,Amendment #2024-2369e,,,{}
cace6da9-c7b5-44ee-b5af-0c4ba4339f97,ocd-bill/545de3ff-8000-467d-b90f-b02b90fdd72a,latest version,,,{}
16585e1b-aa8e-474d-b1d9-3676bcd54be3,ocd-bill/63bbc967-703a-49fd-91e8-425fd5bdad71,latest version,,,{}
cf958a94-932a-40d7-abd2-87883085dcbd,ocd-bill/db23d5cf-0e37-438c-8e4c-39a06a7650e6,Amendment #2023-2272h,,,{}
ac86dd8b-4ea2-45e0-ac97-1d2597097516,ocd-bill/312511ad-56dd-447a-a9a1-fee3809f1e94,latest version,,,{}
9927c105-d474-4af3-9ed9-66a90d2a786b,ocd-bill/def148f1-89ba-4bc4-b4b8-469d6f8f8758,latest version,,,{}
cd56c76f-fabf-477f-bb45-b4201c446c89,ocd-bill/5d7a8134-a48b-462d-9ec8-35490c6ff3d8,Amendment #2024-1676h,,,{}
07480f18-7acc-4172-9be1-967f9f0c7b06,ocd-bill/897fca91-9b07-4f73-99a9-f61f37cd0cbd,Amendment #2024-1961s,,,{}
21bb1f8c-df04-49a1-a885-44f59c912270,ocd-bill/897fca91-9b07-4f73-99a9-f61f37cd0cbd,latest version,,,{}
31f3a21b-5d81-43e2-9a36-7cd95ddaedab,ocd-bill/37030d28-cb4c-4063-a034-a648ef2f903e,latest version,,,{}
2c8a29b9-a108-42e2-96bb-9380282fd468,ocd-bill/5d7a8134-a48b-462d-9ec8-35490c6ff3d8,latest version,,,{}
8b06061d-f93f-4cd7-8d11-d373dd5f5149,ocd-bill/34c2b0f4-4c15-4049-887b-3d578856fd85,Amendment #2024-1947s,,,{}
284c90c8-8da6-4495-b561-b6d2f5732fda,ocd-bill/7fd2a75c-45db-4f37-b91c-7d1b3e10d96b,latest version,,,{}
4d6323b9-085e-477e-9ad3-d766b4a64773,ocd-bill/f6416ea0-2163-4cce-84d0-b262e9bfa5fc,latest version,,,{}
851058ca-e8a7-4f35-8d04-20eafcdaa05a,ocd-bill/34c2b0f4-4c15-4049-887b-3d578856fd85,latest version,,,{}
5ae7e739-218b-4a04-81a8-8515b4fb433d,ocd-bill/9c9342c9-16fe-41ef-ad55-1fa79417807f,Amendment #2023-2366h,,,{}
23ecfde1-9517-42f8-8c10-0c8b833b395c,ocd-bill/d6320f86-15fa-4d7f-9d1a-6dc2889071b7,latest version,,,{}
54b5a03f-c815-413e-b9df-d311d6b2e2b5,ocd-bill/a2485094-de9e-4578-a96a-0c4a42eae7c6,latest version,,,{}
7149e305-e758-407e-a5d7-40099c0cadcc,ocd-bill/6d1ac492-652f-4bcf-85a4-d195ae367740,Amendment #2024-0826s,,,{}
7027839b-effe-491c-a7ec-5933eba5e9d7,ocd-bill/6d1ac492-652f-4bcf-85a4-d195ae367740,latest version,,,{}
5d3ff2b6-fa06-4641-ab92-81bbca371729,ocd-bill/0fc4d45f-85ef-4d0c-9311-2d75177ab99a,latest version,,,{}
c1abd67e-d262-43f7-935a-559dff37cf60,ocd-bill/93abd60f-93f0-418d-bb79-f4cc6aad6ec8,Amendment #2024-1516s,,,{}
b3570465-4af2-46a3-bcc9-65e19d3bec6e,ocd-bill/d71ae710-fcc0-4754-bef6-d7b59ed00f4d,latest version,,,{}
8847f82e-4942-48fe-baf9-fa1e60929387,ocd-bill/06c136e0-3d78-4510-9d39-37a567df18f7,Amendment #2024-1898h,,,{}
eec8ec3d-b9a3-48ab-8778-b68de359f860,ocd-bill/06c136e0-3d78-4510-9d39-37a567df18f7,latest version,,,{}
44b91a04-11ba-4a7f-8c9d-44a1716a3436,ocd-bill/61ea4849-2366-4cae-a63a-eb7d72ed0cf7,Amendment #2023-2382h,,,{}
f298ee52-5989-4cf5-9852-b5aec04fe5d8,ocd-bill/f58198bc-082e-4c7d-bb40-9832f724a270,Amendment #2023-2395h,,,{}
b50d0b30-c8d6-4639-8db7-71cc1b12aa03,ocd-bill/b3643945-acad-4154-86e2-a840da9e7d22,Amendment #2024-1688h,,,{}
f18a0304-99cc-4b65-83c1-34bbea4a27e3,ocd-bill/b3643945-acad-4154-86e2-a840da9e7d22,latest version,,,{}
179e2e00-1dc7-4417-ba58-517151702dae,ocd-bill/118b3b96-1e86-4770-9512-f3127b5c6613,Amendment #2024-1610h,,,{}
38f4efbb-b3a2-43f9-884e-3ff0d630bd3e,ocd-bill/118b3b96-1e86-4770-9512-f3127b5c6613,latest version,,,{}
5087e1ad-5b66-440a-bf28-bf955902f4c1,ocd-bill/ae4a9172-c370-4a34-8323-87b15ff72cf8,Amendment #2024-1453h,,,{}
6e6f4a97-930f-4f99-9656-60ca6fe28853,ocd-bill/ae4a9172-c370-4a34-8323-87b15ff72cf8,latest version,,,{}
175cc774-8e5f-4e23-bff2-1c8e10528c14,ocd-bill/6d39abce-c844-4000-beee-da8b1e2ced98,Amendment #2024-2354e,,,{}
5379ed32-85a9-4855-8680-684da1d0222d,ocd-bill/45b9e940-52e9-47a4-8bfc-fffb500008c4,latest version,,,{}
5f2dca1f-428d-4eda-b7b8-a1c974eb4d63,ocd-bill/b3c86190-0138-4555-b00f-d45a5f8051ca,latest version,,,{}
7fe9e711-a41f-4d7c-af0b-f99912c81307,ocd-bill/897bd820-81b9-4939-a41b-f04159a3f5ef,latest version,,,{}
908a4193-0c3a-4098-a7ab-8c71990bb1fd,ocd-bill/6d39abce-c844-4000-beee-da8b1e2ced98,latest version,,,{}
3946bacd-c966-4f8e-ac88-9e6d24cc982a,ocd-bill/d49427a8-3d6a-4f1f-8be1-7160a5957ebe,Amendment #2024-1129h,,,{}
6944c704-9bfa-4913-94fe-2d282d3b9bf1,ocd-bill/d8acd3f8-8e1f-4376-8ad9-a8cdaadfeb0b,Amendment #2024-1492h,,,{}
fb25d026-2055-493a-955c-8c241b755f27,ocd-bill/d8acd3f8-8e1f-4376-8ad9-a8cdaadfeb0b,latest version,,,{}
7956be96-3383-4792-88e0-0ad70739b228,ocd-bill/d49427a8-3d6a-4f1f-8be1-7160a5957ebe,latest version,,,{}
82a1ee72-c366-482d-b341-bb35cfc9a0cb,ocd-bill/d23f3562-655c-43ba-b6bc-07d191cc0aa6,Amendment #2024-1866h,,,{}
dd4dfd2e-3877-40eb-bc3b-b24218c08fa6,ocd-bill/d23f3562-655c-43ba-b6bc-07d191cc0aa6,latest version,,,{}
8bf26bba-3a86-457c-9e33-73f9ce81ae25,ocd-bill/a9ab7a1a-ccb1-4e36-8c06-87afd26d5d6f,Amendment #2024-1995h,,,{}
e971e7ac-7aef-4dee-8eda-d846f5d6e4e6,ocd-bill/cb65b204-d37a-4949-8b35-1571383ac47c,latest version,,,{}
34584499-ae43-4463-9e09-9c0f54e68676,ocd-bill/9de470e8-3a2d-4f96-80e9-27135e4b3fac,latest version,,,{}
45418d30-9104-454d-8b5a-abbeaf1f6b58,ocd-bill/a9ab7a1a-ccb1-4e36-8c06-87afd26d5d6f,latest version,,,{}
81719e9a-500d-4244-b6f9-b20d3845243d,ocd-bill/bbd492ac-61b8-4bb7-9099-8f57de26286b,latest version,,,{}
2719b0bd-79b8-4b43-b64d-99f2d8ea6ff4,ocd-bill/cef67f62-7f89-4aa8-ab0a-3a6cc0c0a4f2,Amendment #2024-1608s,,,{}
edbe291e-4572-410b-9391-289d96ab0ba1,ocd-bill/fe6dc418-2725-4279-b226-5200f45bf021,Amendment #2024-0349h,,,{}
9bdf90a7-bfc7-418c-b2a4-ac4fcf6b0094,ocd-bill/61620fd3-e5d0-4102-9412-afc38a4976dd,latest version,,,{}
885d8c5e-3517-453c-8576-aaf048486dbe,ocd-bill/194de3ad-8aea-4708-ac19-3d7714f14546,Amendment #2024-1874s,,,{}
d442736c-4e7e-412a-aac8-905d7d0027a6,ocd-bill/194de3ad-8aea-4708-ac19-3d7714f14546,latest version,,,{}
8e28d77b-efe9-46db-bacb-93608c1f1d4d,ocd-bill/fe6dc418-2725-4279-b226-5200f45bf021,latest version,,,{}
9923f277-670d-40d6-886f-537141d761f0,ocd-bill/170e618d-fc3b-405a-a68e-317382d4d1a8,Amendment #2024-1614s,,,{}
9e4b2b7e-a6fd-411a-b973-2b87f9fbaf17,ocd-bill/05c6e3a9-777b-4c42-b052-fe3ca54723ec,Amendment #2024-0881h,,,{}
3228b6bd-4bef-4647-8fe7-0884c1dcf33a,ocd-bill/05c6e3a9-777b-4c42-b052-fe3ca54723ec,latest version,,,{}
9f97e83d-e859-4c7d-ae84-edea8068cdbe,ocd-bill/afd89a12-63da-4aff-9822-914aa53c4829,latest version,,,{}
167308d3-c5de-4ac7-b0e5-7365b84b9347,ocd-bill/170e618d-fc3b-405a-a68e-317382d4d1a8,latest version,,,{}
2e80dbf7-c458-4892-82d7-b9ea9205dcc7,ocd-bill/12f0cd44-fb79-4ece-9817-feb959abf23e,Amendment #2024-1327h,,,{}
b469251e-eed3-4409-a504-312399397a05,ocd-bill/12f0cd44-fb79-4ece-9817-feb959abf23e,latest version,,,{}
f5f15cdd-fe84-419d-b334-985c1473cb6e,ocd-bill/dd59775d-a476-427d-861f-97945da7fd7c,Amendment #2024-0417h,,,{}
ad9ac0ba-0114-494d-9a68-af27e0db5c3e,ocd-bill/0697686a-637a-40c7-b713-ee3589771008,latest version,,,{}
3312c1c6-4153-4f37-83d9-af5d89d0fb0d,ocd-bill/6257338a-e972-41ca-b39e-67120d73600a,latest version,,,{}
1d1a0ada-119d-4762-9d85-ca6b6efb6179,ocd-bill/dd59775d-a476-427d-861f-97945da7fd7c,latest version,,,{}
70ebdaed-d963-4d3a-9659-afe84734db0f,ocd-bill/d470624a-603b-47f3-8a5b-4ba267ef6769,latest version,,,{}
c3e00be0-edeb-419b-be1e-c0558e723c0e,ocd-bill/ea07aeb4-7972-4004-a9a0-279739f3971a,latest version,,,{}
d2879432-37f9-4304-a33f-e499a90f87ba,ocd-bill/ad7f8bee-0048-4303-a6a5-3bdd60ade1bc,Amendment #2024-2172s,,,{}
5f143c02-00b1-456d-afab-88a8bb2b9a4f,ocd-bill/ad7f8bee-0048-4303-a6a5-3bdd60ade1bc,latest version,,,{}
04321a22-81ee-4da2-9af1-72709f3afb2c,ocd-bill/a8acc68a-843f-492b-b284-2ba7dfc531d6,latest version,,,{}
246116cd-9263-4781-a5ab-b7a73706d890,ocd-bill/23c3b1ba-677d-46c3-b819-5acd6171d1ac,latest version,,,{}
6bcfda07-63b9-4339-8c00-99d33c10d03e,ocd-bill/fc2b3dd4-a3e5-4caf-8b3e-5dd78be4d2b5,latest version,,,{}
1e8c6b65-b3c6-42f3-aed0-f40c85805f07,ocd-bill/6b8ddfb2-9f9d-4db5-9ea6-fcaaf834517b,latest version,,,{}
c215d093-1e0e-4569-8526-db4c85e35398,ocd-bill/d6f81adc-8d67-4a38-867d-09ff1e50f94d,latest version,,,{}
5969fb5d-03d1-4622-9ca7-a5af1ee21ec4,ocd-bill/ca58cd54-c39e-42f8-b487-e978078b99e6,latest version,,,{}
296f3c77-5d57-411a-ad64-d5b8e50495ea,ocd-bill/4c43e4cc-1bd3-4086-83d9-29dcf0fa19c3,latest version,,,{}
d8ebf421-f41d-4152-886c-bc89c145a52a,ocd-bill/56e9b361-4e61-4f55-b986-c54d4f0ee449,Amendment #2024-2137s,,,{}
87624ab8-567f-471d-87ae-9927771403b9,ocd-bill/56e9b361-4e61-4f55-b986-c54d4f0ee449,latest version,,,{}
9a910d59-e579-4bbb-96f6-8bf36e4e2df6,ocd-bill/ac65c684-d096-4233-b740-ee8910a520d6,Amendment #2024-1618s,,,{}
08c1b39c-596d-4077-a011-59c3bfca7f22,ocd-bill/2955e2f0-ede4-4002-934a-49c89d0620a6,Amendment #2023-0253s,,,{}
8e4f241a-7818-4bb5-b8a9-0f17b54ecda4,ocd-bill/ac65c684-d096-4233-b740-ee8910a520d6,latest version,,,{}
7a15d49c-dff2-4902-b78d-1017e80612b6,ocd-bill/9d629937-2a70-4cab-86b4-f90a5818ac98,Amendment #2024-0179s,,,{}
27fac47a-637d-4a67-b29e-a3cab4cf65e2,ocd-bill/9d629937-2a70-4cab-86b4-f90a5818ac98,latest version,,,{}
036e7de1-d4d3-4203-8402-c4dd0c0e1e6c,ocd-bill/0b54e0f3-5595-4aa6-afe6-12589c9598cf,latest version,,,{}
07ded028-3409-470a-bbbf-bb84094d7032,ocd-bill/fe1cf98b-7f57-4abb-a69a-3b1cc145a2d1,Amendment #2024-0574s,,,{}
4ad4ac0f-4b79-4a70-877f-eef1d6b10ddb,ocd-bill/6089ee4a-1ddf-4a51-a26b-a188b2939f10,latest version,,,{}
4318c861-cb4e-4fa5-85cf-9b0577fe2295,ocd-bill/5782b283-4e8c-4a1e-b573-368b2d091114,Amendment #2023-0376h,,,{}
92e730d2-aca1-41bd-b8ea-a6dc5f4eb365,ocd-bill/8f0f49bc-3e5f-4e69-a754-6d6360e7f449,Amendment #2024-2359e,,,{}
d3c1cb03-ce7e-46f3-9d89-499a351f23c1,ocd-bill/8f0f49bc-3e5f-4e69-a754-6d6360e7f449,latest version,,,{}
efb00aa7-3c55-4448-9297-a1af91b12713,ocd-bill/3818b039-f668-47ed-92ba-4817e80728be,Amendment #2024-0859h,,,{}
f1c34d3b-3e36-4176-95c6-9c4d20be9e80,ocd-bill/3818b039-f668-47ed-92ba-4817e80728be,latest version,,,{}
cf21ce83-cf8d-470a-b0f9-3da71763c1f7,ocd-bill/9b484460-13a9-4e10-bed9-ce63ec718bc6,Amendment #2024-2013s,,,{}
ceec6f84-e45d-438e-8cf8-8fb8af237925,ocd-bill/3a0db2f9-7da3-4be4-9051-83fc5c611083,latest version,,,{}
869c9a19-20c2-44e6-bddb-bc831e14bd6d,ocd-bill/9b484460-13a9-4e10-bed9-ce63ec718bc6,latest version,,,{}
bbbba84d-1261-4aa9-a069-7e3405cf84f4,ocd-bill/e40c20c7-72db-47ce-a86f-2804edcb5d7d,Amendment #2024-0701h,,,{}
47bf2dc2-76df-4e7f-89fc-aa4a0acbb944,ocd-bill/e40c20c7-72db-47ce-a86f-2804edcb5d7d,latest version,,,{}
9c99f43a-838e-4d02-bae4-e4fb47bb88d2,ocd-bill/8aaa01cf-d36b-449a-a6fe-3ce6e569aac1,latest version,,,{}
05a47e46-4a0f-45bd-8e97-6c8e8e7a1194,ocd-bill/9adad471-e1e0-4cad-8aab-05c893810997,latest version,,,{}
e22b32bf-f7b7-465e-b5d3-3da563d9e05e,ocd-bill/efa3942d-3d5e-4858-a5d8-6c8323791e05,latest version,,,{}
dd5b5acf-02f0-4543-bb67-fccf3e152107,ocd-bill/47747bc2-24cb-4e40-956e-d2d9496a0a8b,latest version,,,{}
3ce96fb7-6914-41b6-82b5-60d822b1ee7b,ocd-bill/80e96aa8-6a35-4de2-9fac-6a52701fb82e,Amendment #2023-2326h,,,{}
ed5d6abf-9b16-4105-a84b-57f869bf8b46,ocd-bill/d1d99061-0201-4218-92d6-4981bc1d7433,latest version,,,{}
35a285a0-6081-4fc0-8e59-4c728bcdbfd3,ocd-bill/4b4e439c-92f0-4cdf-b51b-ca93d03e6f64,latest version,,,{}
5ed186e4-9115-498b-8a75-e5910c1d8f1b,ocd-bill/94719369-3a99-4d64-b002-fc2529801690,latest version,,,{}
4e730fbc-6e5b-4da3-8317-16a48b8ef531,ocd-bill/221023dd-ed25-4172-8e47-79ef8f6d1970,Amendment #2024-0108s,,,{}
03fc0419-99a0-4e2a-9285-3193fc2ede51,ocd-bill/221023dd-ed25-4172-8e47-79ef8f6d1970,latest version,,,{}
aaf5cb34-62c4-40dd-aeee-afe70ce23cc3,ocd-bill/057bd5a6-da76-402c-ac31-ca97685a9c81,latest version,,,{}
b8ffbaf3-a500-465a-8c3a-675a70d51d94,ocd-bill/6e21d9b5-e4e8-4603-88f1-5744b2a3f141,Amendment #2024-1569h,,,{}
e31ead0c-94cb-4e33-9b79-4a4f8e4d4cb0,ocd-bill/6e21d9b5-e4e8-4603-88f1-5744b2a3f141,latest version,,,{}
32d4576d-49ad-4899-9af1-25837fb5d030,ocd-bill/81377728-2936-4730-be7e-aa37c0f2f56e,Amendment #2024-0185s,,,{}
472baa3a-8790-4c51-99d7-e9a73137cc8f,ocd-bill/723be922-2d03-46bf-aee5-d2d69b2a853d,latest version,,,{}
4e1c47ea-ca94-47df-8fcf-d55c78524d66,ocd-bill/81377728-2936-4730-be7e-aa37c0f2f56e,latest version,,,{}
ebf4e4f4-5b89-42cd-bebd-d4e2d6ceec86,ocd-bill/9baa3e3d-e666-4a0d-ab36-1445070cb6d3,latest version,,,{}
33ffb71e-2adc-4fdb-9da8-f1a252d7b242,ocd-bill/495cdf02-fc77-4f93-8aeb-b4a44cd6b8cb,latest version,,,{}
b6d1b804-ccd5-4457-8694-383cfda0fcd6,ocd-bill/5f799e5c-249f-4a8a-8fcc-bb6428e0e70b,latest version,,,{}
c55812ea-8576-483d-9127-4a6cce1d775f,ocd-bill/f2d74ffa-2700-4c20-949b-d3a8bc1375f8,Amendment #2023-2436h,,,{}
b7051c0a-c9f1-4f57-878c-09aadb7f77ae,ocd-bill/e4d15cd9-2dc9-47a6-a876-4e92b4117567,Amendment #2024-2347e,,,{}
1e8aa7d5-61ad-41b4-b979-1cfc30f53f0f,ocd-bill/e4d15cd9-2dc9-47a6-a876-4e92b4117567,latest version,,,{}
eaa3fa32-fd39-4c69-accf-a7434e7211fe,ocd-bill/57b2bf97-8f18-4e32-a65d-0eface3b0f53,Amendment #2023-0705h,,,{}
8d75b176-7cb6-4e3b-9106-1606cf0a8267,ocd-bill/9e693142-dac0-42eb-a6f8-dd172612d250,Amendment #2023-0223,,,{}
17824561-5ecd-4d2f-9895-90058d885eac,ocd-bill/16f27585-f9e1-4902-a19a-90d110074c19,Amendment #2024-0433h,,,{}
7a88e7e5-bb36-443a-95b1-3e072a8e3cd9,ocd-bill/16f27585-f9e1-4902-a19a-90d110074c19,latest version,,,{}
acef29f8-a14a-40d6-bb51-8c14cbe610d2,ocd-bill/91f08876-02bd-4ea6-8621-edae865fccea,Amendment #2024-0662h,,,{}
bc8a9b12-bfc8-44fd-a72c-47bf7717791c,ocd-bill/91f08876-02bd-4ea6-8621-edae865fccea,latest version,,,{}
1ef26c24-eefb-4a7c-b9d3-4d3ee36bd1c1,ocd-bill/07c79d05-51aa-4e0f-a6e2-ccf70761664a,latest version,,,{}
ccdfd7fe-1033-4ca9-bb89-75d7531b6072,ocd-bill/fe5d1277-b63d-44d7-a924-b31817d3ef4e,Amendment #2024-0505h,,,{}
ab1ad41e-ea20-42d5-876d-99bf0d4ab5d1,ocd-bill/fe5d1277-b63d-44d7-a924-b31817d3ef4e,latest version,,,{}
14154f45-b6ae-408f-84b8-b78e4ead5f59,ocd-bill/b1b9bba3-77da-4022-960a-91a03b396627,latest version,,,{}
a8749946-6b26-4ea4-9b96-ea259d27c83f,ocd-bill/91787cb4-9b2f-4fff-9a14-5c308618fa23,latest version,,,{}
1adca932-6ede-41ba-9761-8526fdab9161,ocd-bill/9abd4492-c73c-4ce9-82ba-837c8ec91063,Amendment #2024-2202e,,,{}
f4addb1e-0ebd-4a78-b517-99b9107599c8,ocd-bill/9abd4492-c73c-4ce9-82ba-837c8ec91063,latest version,,,{}
bf20eab2-4df3-4af8-bac1-235eb9d54155,ocd-bill/fd9c4702-d249-4162-9143-cb7ac7facd32,latest version,,,{}
ea98dd51-394a-4d98-ba6a-c2a09bfb8d30,ocd-bill/20efb67e-34db-4465-889e-3d49849fb58a,latest version,,,{}
ecaaeb67-bf8d-4cee-a974-dd4e1328329c,ocd-bill/2393e2cc-405d-4d72-8439-7435b464ab00,Amendment #2024-0174h,,,{}
828b30f3-c441-4180-9ed7-9a76eabdbf23,ocd-bill/1007ad37-c528-46ca-bbc6-70b8cc226a7b,latest version,,,{}
c3a68fdc-3094-477f-a9ae-9b8307cd67c1,ocd-bill/2393e2cc-405d-4d72-8439-7435b464ab00,latest version,,,{}
fea3f7cd-35a9-4582-9672-4757802322df,ocd-bill/09f1c3b0-359b-4422-ae0e-0747d82fb7e1,latest version,,,{}
1a40184a-ccbd-40e0-8a05-7b5df19cbfa0,ocd-bill/74f096ed-4b8a-453e-90f2-b2f80b07f03b,Amendment #2024-0653h,,,{}
270b2768-5553-4068-8f0b-af580f11e3d3,ocd-bill/74f096ed-4b8a-453e-90f2-b2f80b07f03b,latest version,,,{}
e1d29d2b-2e5a-459b-a04c-843c646b3c30,ocd-bill/56cffd48-aaa5-4922-aed5-4a617354f970,latest version,,,{}
f327b3e9-0675-4e03-821f-6b1660610d41,ocd-bill/f55ab7b4-9721-492d-ab39-b3f2bcb2e5c5,latest version,,,{}
0b493098-520d-4ddb-877b-a885ec524392,ocd-bill/bba88eed-d3c6-411e-8cc8-e4def9bc7dca,latest version,,,{}
563f13f9-b98e-4c8c-ac59-0d679fe93b26,ocd-bill/7633bdf7-83e9-445a-a7f9-a71b31725678,latest version,,,{}
a64a6eff-b0ce-455b-9030-7f0aac183891,ocd-bill/6aa1805a-dee2-4887-a2b1-756c32fb6e85,Amendment #2024-0107s,,,{}
256d2810-89e0-4ac7-acf7-78d70a4d6d1f,ocd-bill/6aa1805a-dee2-4887-a2b1-756c32fb6e85,latest version,,,{}
31202372-dc8a-43be-bdd5-78c52e31ccde,ocd-bill/bfe3008d-f728-47bc-8829-5e453ee76e0a,Amendment #2024-0862s,,,{}
d226638e-d6b7-4dad-ae8f-fa1e0b47a28f,ocd-bill/bfe3008d-f728-47bc-8829-5e453ee76e0a,latest version,,,{}
eadba9eb-ecd4-4fd1-941f-6c62d383c7e5,ocd-bill/c4e2f098-0c47-4a2c-9afd-723be352e21d,latest version,,,{}
69f83838-4bd3-4d65-9e8e-ba78f3c2c8a3,ocd-bill/b87cbde7-053d-427c-9204-32a3fb4a7821,latest version,,,{}
6a3a8844-b454-4d59-8274-8cb263774026,ocd-bill/4dde15ef-fe05-4f3e-859f-01fa21f67b64,Amendment #2024-2198e,,,{}
525dcb3b-f11a-413f-b12e-2eff34085a82,ocd-bill/4dde15ef-fe05-4f3e-859f-01fa21f67b64,latest version,,,{}
d67cb81a-1213-4059-abe1-601aa6081b5e,ocd-bill/1528a4d2-042b-41f8-8c9e-1515ad794b50,latest version,,,{}
e79ce748-ff58-4f3c-af05-75f83488f34c,ocd-bill/f4288b52-a440-4d9a-8a18-eaa17e30e7de,Amendment #2024-0405s,,,{}
394c4d6d-bb61-424e-ac1a-8a8dc554d39f,ocd-bill/f4288b52-a440-4d9a-8a18-eaa17e30e7de,latest version,,,{}
44a6d498-678d-49fe-b612-7bafe8cbbbae,ocd-bill/5db9c643-d84c-4e97-8457-5027cca33b58,latest version,,,{}
4210093b-c9e7-44c9-ae83-c427d9b31e8d,ocd-bill/34239904-dee3-4161-ae9d-65b683918094,latest version,,,{}
d19fe5ac-f2f6-4c6d-9964-942012d1710f,ocd-bill/cb6a9cf5-27bb-424b-9509-9631ca06d4bf,latest version,,,{}
f49a9525-560a-4ea5-8a22-29b113ed10ec,ocd-bill/fe6b9e9c-86a6-4d1b-88f5-8dec44f097fb,Amendment #2024-1910h,,,{}
33c66367-01e1-49f8-a251-e41b48276434,ocd-bill/fe6b9e9c-86a6-4d1b-88f5-8dec44f097fb,latest version,,,{}
50611ca8-2881-4da5-9ebb-52c787921134,ocd-bill/974dcf0a-b9f8-45b8-9dfd-bf1806197985,latest version,,,{}
ab46c57a-0e71-48de-8135-65c01c2de77c,ocd-bill/9d7e2c25-af78-4830-b2e3-61a81d6cef34,latest version,,,{}
25aebe0d-9c14-4a3b-8585-942503f0c786,ocd-bill/839a536f-833a-44b9-bfd0-9fe7642422fd,Amendment #2023-2306h,,,{}
7767ea66-a073-4251-935c-2eefe8bc78c4,ocd-bill/472cf1eb-30b0-407c-8051-cf343e01f93b,Amendment #2024-0193h,,,{}
d84a3340-0ac3-4a90-85ab-c94503433937,ocd-bill/6d433016-a30d-49f6-afce-64e601aff93e,latest version,,,{}
a3b30b07-1ff6-4c01-b9cd-85f13df316a3,ocd-bill/8d68d007-d544-4a60-99b8-f243a120f852,Amendment #2023-0849s,,,{}
dc71abfe-224f-4ca2-8bdd-c266337fa5a3,ocd-bill/472cf1eb-30b0-407c-8051-cf343e01f93b,latest version,,,{}
40ae65b8-053b-41fe-b7dd-51bb049fce58,ocd-bill/4da1181a-e3e0-4c81-80d6-eeb7c2adf119,latest version,,,{}
da241e69-6cff-410a-8811-85a53e1e0114,ocd-bill/8f63b999-67e5-4f26-90b5-f8586ecaa683,Amendment #2024-1397h,,,{}
29ef8b1b-ac97-4402-aab6-cc9fd4f3188e,ocd-bill/ac656fff-f45d-400e-a3c9-a205415fc268,Amendment #2024-2326e,,,{}
548cb3ef-3072-4d94-8416-857be7864469,ocd-bill/ac656fff-f45d-400e-a3c9-a205415fc268,latest version,,,{}
c7b0f342-6fac-4ad3-976f-ac8102298224,ocd-bill/ffb6e484-2ef0-481f-8271-d5a03d50ccfc,latest version,,,{}
b03b00f9-dd1b-415b-8721-7a487cfe1d24,ocd-bill/8f63b999-67e5-4f26-90b5-f8586ecaa683,latest version,,,{}
8f9b7df4-a106-4372-8c19-24e634760fb1,ocd-bill/f1ffe0d7-8952-4387-afca-2eea0fd48c2f,latest version,,,{}
0223e922-8299-42e9-890e-2023a99514a1,ocd-bill/790e09ac-8e00-4a20-97d8-56be3fd9ec0d,Amendment #2023-2422h,,,{}
b616c633-8a7f-4eb5-b301-24fe2d826c95,ocd-bill/0855bb80-64a1-4258-b8d4-0d8c7d917b1a,Amendment #2024-2308e,,,{}
00f48d45-ded1-4371-8a4a-6331d5f5a11e,ocd-bill/0855bb80-64a1-4258-b8d4-0d8c7d917b1a,latest version,,,{}
05acb51f-8e68-4f2e-bfd9-f6698b28da6f,ocd-bill/cd077bf7-6bbb-4db3-bc5f-0372c4276d45,Amendment #2023-0544h,,,{}
9bd93873-f062-4933-b4f0-365429f50ab2,ocd-bill/60593ae6-5ff1-4ca2-888a-9a34a11224de,Amendment #2024-0156s,,,{}
2fedc7c5-21b3-4957-8604-e495962c910c,ocd-bill/60593ae6-5ff1-4ca2-888a-9a34a11224de,latest version,,,{}
d4b84be5-3b95-4b32-a51d-5de7cdfa0fbb,ocd-bill/c916478f-a974-4773-b1e6-e938a380654a,latest version,,,{}
72c97ae7-a6bf-423f-ad52-4c42cb2f1635,ocd-bill/34e0d5c5-2450-4cdb-9268-1f518ea5b8d4,Amendment #2024-2164s,,,{}
3e82467e-b9da-4cce-8d3d-35529985ca3f,ocd-bill/34e0d5c5-2450-4cdb-9268-1f518ea5b8d4,latest version,,,{}
d1e44438-9806-49ab-ae18-96893a3a9482,ocd-bill/bd49cd5a-b7f0-4a02-a6af-1c3cd3d52034,Amendment #2024-1519s,,,{}
dcef2fca-e1c6-4756-8691-71ff2778bcb4,ocd-bill/bd49cd5a-b7f0-4a02-a6af-1c3cd3d52034,latest version,,,{}
4d6bd40d-860f-4206-9714-32e03bd9f56c,ocd-bill/85988e0c-30a3-458c-aec8-9f5296e5a1eb,Amendment #2024-0375h,,,{}
c7f7c691-cf91-4d22-a08b-083d2ce093f3,ocd-bill/71399ac9-d04d-431c-9699-a4581d98f5a6,Amendment #2024-2197e,,,{}
ef3e4150-c376-4c0e-b2c6-3321929c9062,ocd-bill/71399ac9-d04d-431c-9699-a4581d98f5a6,latest version,,,{}
c5e4daca-3ba6-4a08-9cfd-6262a69af3b6,ocd-bill/85988e0c-30a3-458c-aec8-9f5296e5a1eb,latest version,,,{}
413d0777-a85d-4ede-9b32-f4ee53197c8b,ocd-bill/ccd0ceec-76d1-498f-941e-9e93fc53575f,latest version,,,{}
d22a6919-7624-447b-a937-b7376f420120,ocd-bill/e11fa29b-93b4-477f-b365-c4a22ce64973,latest version,,,{}
743b39e1-fa34-4b3d-ad4f-d7247496377d,ocd-bill/0b338a49-635d-49f0-8e61-be08051c1c23,Amendment #2024-2339e,,,{}
dac84780-2ff8-40c1-8eca-2e180bd373b1,ocd-bill/0b338a49-635d-49f0-8e61-be08051c1c23,latest version,,,{}
7e9fd486-a9c6-4358-a04e-d2271a90a6ee,ocd-bill/239c7a15-2191-4eff-b3c6-c32e7fb9074a,Amendment #2024-1873s,,,{}
505a2a4e-5bc9-421c-8fa1-291af1286ab4,ocd-bill/239c7a15-2191-4eff-b3c6-c32e7fb9074a,latest version,,,{}
dec458f3-c76f-4539-8073-02c7c9a60a8f,ocd-bill/553d9151-0926-4b66-bd65-face74d73e1b,latest version,,,{}
77f7296a-5bd3-4e74-857a-e919ebbe32d1,ocd-bill/e0bd49b0-d86b-498c-b5f3-ea1a7d8d6175,Amendment #2024-0738h,,,{}
8ff01935-cf7c-4377-a549-e7a74cf7ada5,ocd-bill/e0bd49b0-d86b-498c-b5f3-ea1a7d8d6175,latest version,,,{}
05b63b64-b2ed-433f-8b04-37d09cb1dfd0,ocd-bill/c3aa2424-80fa-4299-b3e8-c040069558c1,latest version,,,{}
c9483ed7-06ff-48c3-8c67-643e1fb358f5,ocd-bill/1dfab355-8df1-4a59-8616-83050a5b9af0,latest version,,,{}
525dbe53-ddbd-4ee2-b4b1-5d9e4edadde3,ocd-bill/32dcf135-8a76-40e5-b79a-20ff3b889058,Amendment #2023-2463h,,,{}
a8af3ea2-aba6-47a9-a5b5-78108c57c1e2,ocd-bill/47759bf9-32cc-476b-9344-9e1252bcb97a,Amendment #2024-1950h,,,{}
63d5e979-d6ef-4fa5-859e-952e9499f119,ocd-bill/47759bf9-32cc-476b-9344-9e1252bcb97a,latest version,,,{}
539c48bc-a6d7-4cee-a8af-58fde8b74bae,ocd-bill/f3567ba2-9316-408a-9e95-60b8817eff43,Amendment #2024-1238s,,,{}
9d47616f-2620-4bc1-b9d8-921bf832531c,ocd-bill/f3567ba2-9316-408a-9e95-60b8817eff43,latest version,,,{}
c6438598-8511-449f-9b22-141e6e1fcf2e,ocd-bill/e04b3eab-2227-4ecb-81aa-2ee8839e9cc8,latest version,,,{}
c96719ac-90af-4d11-bff3-668b16ac0724,ocd-bill/726f8f6a-5b1b-483d-8a64-a89b55dbbbf3,latest version,,,{}
ef89cc02-45b0-4b51-9154-8083c3f03843,ocd-bill/55a86de8-52e8-4d8b-baa2-e28f0ae2056c,Amendment #2024-2177s,,,{}
c8dcf273-9ef5-4ea9-ba69-32f77e9e9d0c,ocd-bill/55a86de8-52e8-4d8b-baa2-e28f0ae2056c,latest version,,,{}
cf0b94c8-8ea0-4dad-b876-478058430a31,ocd-bill/ebd1cbff-3969-4e79-ad9f-2a3a05ca6dff,Amendment #2024-2310e,,,{}
3fca1149-165e-4362-9140-d36ee1fe6f8a,ocd-bill/ebd1cbff-3969-4e79-ad9f-2a3a05ca6dff,latest version,,,{}
295fe21a-9f79-45de-b509-c52dba6008f1,ocd-bill/75a93011-9e63-4e58-be9d-6252e8156a5c,latest version,,,{}
483701fa-062c-49d8-96c8-ea8cd91fd54a,ocd-bill/282550de-3c64-4aae-9373-1f90bb3eefc0,Amendment #2024-1595h,,,{}
3b8bc679-7f0e-4877-a6ec-e4b36fe3c23e,ocd-bill/c9713c07-f7fc-46b3-989e-0302569be01c,Amendment #2024-1412s,,,{}
da1266eb-f525-4bb5-bbe6-1f5293db790d,ocd-bill/870c256e-8384-4ed8-afc3-2e03e048f6f1,latest version,,,{}
40d9462a-24e2-4bfd-b512-d0186e10cfe8,ocd-bill/1a676a46-17c9-44be-a688-b05ab4c8b943,latest version,,,{}
f44aa3a4-36a8-4d10-8692-7d199f89e943,ocd-bill/4c0f730a-3e0d-4e05-ba24-6b5b00ee4758,latest version,,,{}
b270bac0-844c-469d-a575-2b5d6535f00a,ocd-bill/2b7f957f-e312-4ea3-a8f9-2b6e7283d2cb,Amendment #2024-1623s,,,{}
95b4fb30-f517-420b-9f59-6a489fb49baf,ocd-bill/2b7f957f-e312-4ea3-a8f9-2b6e7283d2cb,latest version,,,{}
31c1846f-bed1-4296-bced-15269037b08e,ocd-bill/282550de-3c64-4aae-9373-1f90bb3eefc0,latest version,,,{}
a59bc2fa-ee01-4af8-bc7f-8c04fbb8b325,ocd-bill/600379dc-6eda-439c-972b-7d5e596a850f,latest version,,,{}
2e815358-2d4d-426d-be39-2906849d40bf,ocd-bill/7ec8040b-e82c-4dbf-9019-de5510f401b5,latest version,,,{}
77ff0338-46ce-408e-8cf1-276bfa44c2bd,ocd-bill/f1468ec1-e5d5-4311-a30c-31a822925c9c,Amendment #2024-1646s,,,{}
e939597b-9ed6-40d6-bb49-a5129f090f18,ocd-bill/f1468ec1-e5d5-4311-a30c-31a822925c9c,latest version,,,{}
5c64b819-0c05-401f-af2b-ca6ab695243a,ocd-bill/5400ea4e-f410-4ed7-b1f0-5fe348bbc5e6,latest version,,,{}
f785e5dc-707f-4c8b-9ede-1570771dc86d,ocd-bill/348baa5a-e0e3-42ac-9a30-c71255635ada,Amendment #2024-0252h,,,{}
03d7e2cc-d483-4a4b-801e-ec249013c09c,ocd-bill/348baa5a-e0e3-42ac-9a30-c71255635ada,latest version,,,{}
49bdad0f-886e-4de6-bd0c-297b8758e793,ocd-bill/eb0a4d6e-6b29-45ff-b720-cb154c8dbb24,Amendment #2024-1982s,,,{}
b4174c7c-3e78-4cb6-a6a7-4fba1aed189f,ocd-bill/eb0a4d6e-6b29-45ff-b720-cb154c8dbb24,latest version,,,{}
c7c45e9a-99d0-4242-a6e5-39d921f84b9c,ocd-bill/4cfcbff7-5ff3-44eb-a776-5ffa5343d0d6,Amendment #2023-0117h,,,{}
3bb08dab-7783-4968-aeaf-bf7653549713,ocd-bill/8bc5f8d4-63b4-4f0b-b634-4fb3b0c23675,Amendment #2024-2373e,,,{}
4f5cebd2-8802-4a89-a9fc-ccd511de114d,ocd-bill/9c41866d-d2bc-4c59-add4-c1802980066d,Amendment #2024-2337e,,,{}
20f9bff9-e947-44dc-9eff-2c8a9ac61487,ocd-bill/9c41866d-d2bc-4c59-add4-c1802980066d,latest version,,,{}
396b2af8-c3d8-4e3b-95a5-e2968e897837,ocd-bill/586bf1cb-fb19-4579-ae93-7d7206c2c0d1,latest version,,,{}
b13d21b1-b1bc-49c7-9fae-8f9da83e6170,ocd-bill/94beb961-f7eb-4ffd-858e-8adb26c19d0c,latest version,,,{}
158ad802-aa5e-438e-af29-6d551bb4060b,ocd-bill/140b6ae3-88af-494e-ac61-4bbc53d270c3,Amendment #2024-0575s,,,{}
066c416e-8750-4e14-b49e-b4acab893243,ocd-bill/401c7f3c-01ce-4ea2-8904-97aa39f342d7,Amendment #2024-1971h,,,{}
9c9f7a08-9f6a-43de-80b8-5a1f24a19a24,ocd-bill/401c7f3c-01ce-4ea2-8904-97aa39f342d7,latest version,,,{}
45d864e7-1699-4258-b7e1-3f9a42c6522d,ocd-bill/87d02fb5-b3f9-4c82-8323-572809de9dad,Amendment #2024-2112s,,,{}
4d2e248c-7635-4a71-a0df-a43265823d1a,ocd-bill/81ad837e-6da8-449a-8527-b9fa62d81e0d,latest version,,,{}
7fe7496e-a86d-4010-9352-0491010dd00a,ocd-bill/778e5821-33ed-4319-8dc7-86f9a8ac867c,latest version,,,{}
defeace8-61a4-4469-86e8-cf8c305f8350,ocd-bill/97cb6ba7-9519-4bba-bb9b-517fda032e9c,latest version,,,{}
322b6e0f-7c21-4db9-9ec8-aec4e2ee893b,ocd-bill/1f1cff6a-91f2-4950-aae3-d70ce208bcef,latest version,,,{}
29e5528d-8acb-4b2e-a7d2-83f568f7ba86,ocd-bill/dd10ea4d-73be-4192-9e36-3b3298fc169d,Amendment #2024-1248h,,,{}
b4a97cd1-b707-4685-bbd2-1278575e2c04,ocd-bill/dd10ea4d-73be-4192-9e36-3b3298fc169d,latest version,,,{}
d177d36e-d55c-4ceb-a8d3-841802a08d0d,ocd-bill/4cc02a7b-abd0-42df-89fe-39ca49e90dcc,Amendment #2024-0824s,,,{}
1466a19c-9ca2-4225-a1f4-2dd0a231be2c,ocd-bill/fc6fda71-0679-4c10-8474-1cf1d250fbba,latest version,,,{}
b578a2ed-7017-4931-9de7-c201ff7ae72a,ocd-bill/a096ee54-cf0d-4d39-aab4-a07dc862f548,Amendment #2023-2292h,,,{}
f965d3ed-bc7f-43a7-a6df-b0e03481f661,ocd-bill/32e7d070-d0fc-4447-8209-413e174f953d,Amendment #2024-1941s,,,{}
ecc6508a-93a4-410c-81ff-78e335459c1c,ocd-bill/32e7d070-d0fc-4447-8209-413e174f953d,latest version,,,{}
59a5395e-2a41-4e0d-aef2-ff983e64a817,ocd-bill/047836af-af14-4407-b04d-0528f808862f,latest version,,,{}
42ce358e-23ee-4470-906a-1c27854afdaf,ocd-bill/4cc02a7b-abd0-42df-89fe-39ca49e90dcc,latest version,,,{}
1e94e118-6b7e-4ace-8f6a-d817c77ae73b,ocd-bill/cbf1a3ca-25e5-4100-b4eb-518192a3609a,latest version,,,{}
e016f988-25d9-4573-b720-bdf53ca1f8a6,ocd-bill/a0cc73e9-ade3-4e1a-9259-ee09da2ffee7,Amendment #2024-0965s,,,{}
1f3d9cce-ab7a-4871-ab2a-7467429c957c,ocd-bill/4461e695-14ee-46a0-832d-61b83977b9c6,Amendment #2024-1012s,,,{}
5b4ffc23-8c76-4bac-93ac-7b2a020d7d8c,ocd-bill/4461e695-14ee-46a0-832d-61b83977b9c6,latest version,,,{}
65deb6d7-e955-44a9-ba42-d172ee87f1b9,ocd-bill/8c835db3-4dfe-4025-b393-a98fd25ef0db,Amendment #2023-0589s,,,{}
61e4e3ac-1163-4780-af68-810e4c95bc09,ocd-bill/a0cc73e9-ade3-4e1a-9259-ee09da2ffee7,latest version,,,{}
4f952194-2393-4354-a218-30e85fcc92ec,ocd-bill/274dd68c-2c51-4f0e-8673-8945000dcbc0,latest version,,,{}
415c5fc4-24c5-402b-a63e-7f6492ce2265,ocd-bill/4d7c74b0-87a3-4109-a682-7e8354bafe45,latest version,,,{}
05b411e7-4ab6-4942-9e99-30f92c430813,ocd-bill/2e8da822-b009-45a0-be8b-d29b6f17476b,latest version,,,{}
bbe4df6b-469e-4307-bb22-1e778f8045d4,ocd-bill/62d0de93-cadf-4cfa-82c8-a38fa9ba40ef,Amendment #2023-2434h,,,{}
054ac4ad-db0e-4c11-8600-2da0ef451a26,ocd-bill/4d7eda3f-5799-41f6-99fa-3a5e53202214,latest version,,,{}
683bb2e6-5048-4795-a254-e36be48eaa5f,ocd-bill/a7528f97-77b2-44f8-ac01-1b87fd55c8ed,Amendment #2024-1420s,,,{}
0361d257-98e9-42d4-85dd-46bafe35ae9f,ocd-bill/a7528f97-77b2-44f8-ac01-1b87fd55c8ed,latest version,,,{}
65182808-e240-47c1-b045-2b3988c5709f,ocd-bill/4bfd927e-206e-46ff-8260-a41312016992,latest version,,,{}
6a6a4381-f643-42a2-aeec-110445162d0f,ocd-bill/8bdb812f-2fe7-4cf4-97da-166c47d38d2f,latest version,,,{}
341950b8-32df-4367-9e0f-29318be11b12,ocd-bill/e87a7ae4-c62c-42d4-97ed-4854bd1a49b4,Amendment #2024-0834s,,,{}
d4f05d57-a246-44ed-b0e4-965fc8c72a0f,ocd-bill/021c67d0-e7e6-46cb-a2b6-09dbe7fea99c,latest version,,,{}
23d98a32-b320-4cac-b9aa-06f1e390d178,ocd-bill/e87a7ae4-c62c-42d4-97ed-4854bd1a49b4,latest version,,,{}
5278a034-2337-4c73-931a-f413af807def,ocd-bill/83ba3366-bf76-49af-b3bb-ac4079bd6642,latest version,,,{}
a3bed8e7-b866-4e05-a6e8-7e59e509e87b,ocd-bill/9e226ee4-9f2f-44b1-8bc7-6fcbe61fea50,latest version,,,{}
ca246775-a048-4297-91e5-4d5b71e07a84,ocd-bill/e0a8b4c7-051a-4884-8c7f-c1e6799e57bc,latest version,,,{}
f85a758d-3e67-435f-8baa-4fbb4cd21e29,ocd-bill/5027e999-6eec-4cb5-a6cd-a673de3b3b4d,Amendment #2024-0012s,,,{}
f1429083-e261-4dae-b05a-7d4c90b1e2e0,ocd-bill/de067f64-d6d2-4af4-b831-c14b209a0ac1,Amendment #2024-1491h,,,{}
e2dfe017-130a-4737-b987-f7bc1ee2c15d,ocd-bill/de067f64-d6d2-4af4-b831-c14b209a0ac1,latest version,,,{}
29c412bf-13cb-4f43-92a0-2cb6a27bffa2,ocd-bill/11d60b64-62c0-4846-9a43-7456ae187f9b,Amendment #2024-1785h,,,{}
6982519b-c58c-45fa-9e9c-5a5611095e71,ocd-bill/11d60b64-62c0-4846-9a43-7456ae187f9b,latest version,,,{}
ff9876ba-8e95-4ed2-864c-d26a13f57fc2,ocd-bill/be5548c9-6581-4e8d-bd61-eafdbe0449f0,latest version,,,{}
d096d8bc-9203-4f0e-8bc3-a9171b14febf,ocd-bill/25492b63-0c23-4d91-8715-38c5369e62bd,latest version,,,{}
ad9279c4-eb24-4d0b-9c63-616c78be97b2,ocd-bill/5ae161a8-80ec-46d9-b626-c31ba098a43e,Amendment #2024-1390s,,,{}
aab92c10-7cb8-453b-a609-be49c8e28aaf,ocd-bill/5ae161a8-80ec-46d9-b626-c31ba098a43e,latest version,,,{}
c270673b-a2e0-4b69-9720-eb6a6f17f8fc,ocd-bill/51fe46c0-8102-43fa-8aa7-5ce8322a94a1,Amendment #2024-0717h,,,{}
d4fcf8cb-b7e0-4b98-93b7-fe528f63fb8e,ocd-bill/51fe46c0-8102-43fa-8aa7-5ce8322a94a1,latest version,,,{}
f7a19f44-41a4-49f1-824c-0b7696b0d7cc,ocd-bill/f789dbad-c6ca-4ec6-b252-02894bf0918c,latest version,,,{}
ab26ad16-2ff6-442c-acb5-85625895a513,ocd-bill/342c629f-fefd-42c9-812e-d24c38562768,Amendment #2023-0418,,,{}
cbf76178-03bf-4674-912d-0a68b1913702,ocd-bill/82b42e68-6400-4d89-a559-d10057da060f,latest version,,,{}
dd4c853d-6b13-4659-bab9-e6c4fac197de,ocd-bill/aecf45f1-82e5-432f-b055-036e46062f33,Amendment #2024-2343e,,,{}
e20b7b3e-0400-498c-a740-53eef7226850,ocd-bill/089014d6-79ff-4165-8fe2-a3454ec5395a,Amendment #2024-0519h,,,{}
d91e323a-d996-433a-9bb8-0504fea72eed,ocd-bill/089014d6-79ff-4165-8fe2-a3454ec5395a,latest version,,,{}
20cf46a7-7696-4ab4-870b-23d7d4276701,ocd-bill/affa93df-15c3-4a31-896d-c66d8221ff65,Amendment #2024-1596h,,,{}
dfe9cb51-64b4-4133-9deb-827b9b225ca6,ocd-bill/affa93df-15c3-4a31-896d-c66d8221ff65,latest version,,,{}
a849b0ab-0ad4-4bdf-ba84-68a2576c998f,ocd-bill/aecf45f1-82e5-432f-b055-036e46062f33,latest version,,,{}
c49d001d-6de5-40b7-894a-cebeb8ba1da9,ocd-bill/e71f4c1a-efff-47bc-be7c-dcc671d7569d,Amendment #2024-1126s,,,{}
ef33e73a-0d5b-439e-942c-edaec89f1851,ocd-bill/639549cf-8a5e-4142-884c-553325419ec4,Amendment #2024-1114s,,,{}
80fc81ae-e365-4339-9766-269c719d4bed,ocd-bill/639549cf-8a5e-4142-884c-553325419ec4,latest version,,,{}
047824f1-332a-4e5b-8a23-ddcd700a0ef8,ocd-bill/e71f4c1a-efff-47bc-be7c-dcc671d7569d,latest version,,,{}
3c693e4c-fb91-469a-bffb-ebf28a1f34d1,ocd-bill/81ea2f72-3c11-4f43-a2fc-64f1e43958ce,latest version,,,{}
64a92d82-24df-49c2-b4e5-38c4e0a8106a,ocd-bill/65946274-f4d8-4611-9e73-1f002cf1036d,Amendment #2023-2419s,,,{}
55387761-4557-45a6-bbb4-4339701525f9,ocd-bill/dfb27bf4-ee62-4b4f-ad3a-583b2f72c71f,Amendment #2024-0833s,,,{}
c548ff5e-951c-4911-acb9-ae3423a528dd,ocd-bill/dfb27bf4-ee62-4b4f-ad3a-583b2f72c71f,latest version,,,{}
a5aa57f2-a0e3-4d9f-a38c-dfa94a4f2100,ocd-bill/2b37aac9-700f-40b6-bb86-ecf14fff95fe,Amendment #2024-1414s,,,{}
d12b34f7-a9b0-465d-a355-7c0ced8ecf8c,ocd-bill/2b37aac9-700f-40b6-bb86-ecf14fff95fe,latest version,,,{}
e83554bc-6d33-4f9c-acf2-3dcf8ba10836,ocd-bill/e66c9a53-0009-4e67-b647-b719a0afbe9a,Amendment #2023-2444h,,,{}
210cbe27-07d5-450a-91ce-1ea84af6d606,ocd-bill/86294bd9-f100-40d4-ae94-3af140fd6b66,latest version,,,{}
cf6f6f34-0b64-4d91-bcd7-72e63b55e292,ocd-bill/df0fc298-ce30-4b9a-9542-8d4f49ed51a0,latest version,,,{}
b0ddd102-aa24-4aee-a21e-6a1ffe5d418f,ocd-bill/52c0771f-75da-4a2d-b233-76943ec497da,Amendment #2023-0142h,,,{}
51f64746-a855-4295-89b1-538a46c82b7b,ocd-bill/cab7f268-7fb1-4226-8af3-d0f813051069,Amendment #2024-1294h,,,{}
8a69c719-3ff7-4919-9197-7d9cff3c64c4,ocd-bill/cab7f268-7fb1-4226-8af3-d0f813051069,latest version,,,{}
2c30e1f9-d162-4195-a5c3-3d25b9dfedee,ocd-bill/7d1ec824-a197-4d16-bb3c-8dcc261c1f4a,Amendment #2024-1568h,,,{}
4fb0bd9e-fb6b-42fb-8fa8-d207db462494,ocd-bill/7d1ec824-a197-4d16-bb3c-8dcc261c1f4a,latest version,,,{}
ae19b897-9ee4-4646-ab1e-3f3f4d40cc7d,ocd-bill/587cb998-39dd-4cba-bfed-2c4e65b18100,latest version,,,{}
c856206a-55ee-440c-9a62-eabdeb688896,ocd-bill/81ee9cfe-9fd2-4825-b7eb-223cdd3d1214,latest version,,,{}
901b3c93-2945-4d96-849e-926e3afe3f10,ocd-bill/7af3b53c-84cb-44a8-aa89-8daaba4eff1a,latest version,,,{}
a2fe3178-b779-4e01-a1dd-aee8e2884190,ocd-bill/f42db41e-6928-4b9b-9264-5ac042b2c3bf,latest version,,,{}
cd47aa03-3386-40bd-9c2f-6266de837d62,ocd-bill/73c352e3-e07f-45f7-b481-06d0ff0bbaf1,Amendment #2024-1452h,,,{}
0cd1ab87-7c4c-40b0-9124-2f3ff0490101,ocd-bill/73c352e3-e07f-45f7-b481-06d0ff0bbaf1,latest version,,,{}
87585c05-dab4-460f-80ae-b7449b3711eb,ocd-bill/204460da-ee71-4f21-8bbb-98399ddc9102,Amendment #2024-1308h,,,{}
c9f3308e-9abd-4003-8d53-a0126007e4a7,ocd-bill/e1db051f-3178-4ed8-a9df-bf098808bcfa,latest version,,,{}
044e8ddf-4cbd-4256-8c31-228bacda3f4c,ocd-bill/0cbf6e62-ae17-4470-a451-2a6fa1729392,latest version,,,{}
c5495016-1139-413a-a0e1-8f0f4cd0f41c,ocd-bill/204460da-ee71-4f21-8bbb-98399ddc9102,latest version,,,{}
954248c9-5980-42e9-aaa0-0d8a59bef2f4,ocd-bill/4273b4d4-ea6b-44b5-9171-d6174c1db43d,Amendment #2024-2340e,,,{}
c722363e-ab5b-43d7-b7fc-1c3196524645,ocd-bill/4273b4d4-ea6b-44b5-9171-d6174c1db43d,latest version,,,{}
b9d03834-fabf-4f77-89c4-960715fa847f,ocd-bill/ddc6e2c8-6e77-42f9-a95a-f25e29e466d4,latest version,,,{}
d3852bcf-5015-4cd5-ad47-052de0e147a2,ocd-bill/53c840e6-e451-4da1-9608-d6c510fd69e2,latest version,,,{}
66fdb812-99df-4001-8248-7f792c1cd268,ocd-bill/471ef50b-1a46-410c-b1db-2d7d99766466,Amendment #2024-0707h,,,{}
d1d3adb5-b572-4464-8971-f845fee3a44a,ocd-bill/471ef50b-1a46-410c-b1db-2d7d99766466,latest version,,,{}
49cc4e0e-bf4b-495c-b292-f15eb6069931,ocd-bill/38e8cfe7-4382-49f7-b07f-16bdfc968a53,Amendment #2024-0975s,,,{}
29fd5b9e-6ec4-444e-a684-37bb9247bdd5,ocd-bill/8a4a3002-bdcd-431d-ac1b-383b3285a8f4,Amendment #2024-0350h,,,{}
20a7753d-5d0f-44c4-9cac-8f1404c4fc17,ocd-bill/8a4a3002-bdcd-431d-ac1b-383b3285a8f4,latest version,,,{}
831b31e8-d4ad-42c4-8149-f9e9ace27a9a,ocd-bill/2bb8748e-2c57-408e-a5f8-6c14c03eacaf,Amendment #2024-1470s,,,{}
57976524-cd4d-4cc9-93f6-27cdf8f03baa,ocd-bill/2bb8748e-2c57-408e-a5f8-6c14c03eacaf,latest version,,,{}
8878b10d-0ddf-4ace-99ce-132955fafd68,ocd-bill/38e8cfe7-4382-49f7-b07f-16bdfc968a53,latest version,,,{}
8e54a7de-a702-4d98-b822-f79012a0dd02,ocd-bill/a46ee817-488f-4ee6-8beb-cebf5597754c,latest version,,,{}
d3762f29-fd68-4fc2-bea8-0d6d923cfba2,ocd-bill/95edb258-0b5e-43a1-9296-8c4ceabfc075,Amendment #2024-1703s,,,{}
a20c31fe-14f2-4e55-b306-be88b32025fd,ocd-bill/95edb258-0b5e-43a1-9296-8c4ceabfc075,latest version,,,{}
c99a23fe-2273-44a5-a737-c5278480df61,ocd-bill/52b4af5e-bddd-44cb-a4db-7207efc5bdb6,Amendment #2024-0939h,,,{}
a62fc950-2f8f-4a94-a9c1-750a7545c8fe,ocd-bill/52b4af5e-bddd-44cb-a4db-7207efc5bdb6,latest version,,,{}
e0dde9c9-3c91-4062-ae29-fe12e2906562,ocd-bill/e2e46dde-7c18-41c5-8e22-cff9b34d7186,Amendment #2024-2371e,,,{}
79cf4800-c701-46ff-b25e-4f5d1bde59a0,ocd-bill/e2e46dde-7c18-41c5-8e22-cff9b34d7186,latest version,,,{}
ee5615ff-e5ef-4f1f-882e-a5f3aa3d6266,ocd-bill/74ea6c22-8266-478b-b854-72960d3082e1,latest version,,,{}
ef9d0385-c9d4-4e3f-b6b0-a5241010cf18,ocd-bill/571ee880-cbe1-4e05-9aa4-0791b27065aa,latest version,,,{}
3b7fdf6d-ded0-41e7-af7c-96218806e20d,ocd-bill/cc6653b8-4a30-4947-96b6-cc0a70b86ced,latest version,,,{}
8f84dd67-4831-4c10-b011-548a98edce85,ocd-bill/77a26528-b18c-432c-8ed1-ce0eb660b149,Amendment #2023-0533h,,,{}
5ac4049c-5d86-46d1-aa61-63429c2d92a6,ocd-bill/33755979-4fc4-47b9-91ab-16f95f6dde7e,latest version,,,{}
155edce3-f59a-4d1f-b2e9-3eca2862ec77,ocd-bill/1ead00af-6d9d-47ee-ad95-3f24a2cbc3d4,latest version,,,{}
438d0685-1a6c-4e26-9075-2ded8ab696b6,ocd-bill/5f663332-b6d8-4814-842c-49fd7aed6f6c,latest version,,,{}
ca4d976c-dfda-4db4-89f3-58cf78387d57,ocd-bill/9d909772-c25f-498b-8306-88c7546af9b2,Amendment #2023-0347h,,,{}
6866e3bb-27e3-458c-8c86-504275ff69bc,ocd-bill/0f6aefbe-e013-4a26-9877-2f68c5b6c309,Amendment #2024-1157h,,,{}
d9acb8b9-3f7e-4399-9ff7-d668eb0e0791,ocd-bill/47023224-632b-4c05-9d52-27b716447e10,Amendment #2024-2317e,,,{}
2f683b16-5975-406f-b21c-da6ddac9c5b0,ocd-bill/47023224-632b-4c05-9d52-27b716447e10,latest version,,,{}
aea91aa4-7bc0-4e0e-81b4-8455414496b0,ocd-bill/ec6bbb0e-64fc-4330-bddd-1b2d25481114,Amendment #2024-0658s,,,{}
923666de-7571-4bce-8d04-5cdf87d1db97,ocd-bill/ec6bbb0e-64fc-4330-bddd-1b2d25481114,latest version,,,{}
6b94a380-779c-4fa5-97ca-1a012ae4c595,ocd-bill/0f6aefbe-e013-4a26-9877-2f68c5b6c309,latest version,,,{}
155d0b0e-9a9c-4c90-9f4d-3f6fcf6350b2,ocd-bill/f13b420a-bef4-45d0-b1df-6b509f31d1d5,Amendment #2024-0191h,,,{}
9c70559e-d4ae-4804-991b-956f20a23d6e,ocd-bill/b4d2f094-0624-422c-a99f-822a529fe9c5,Amendment #2024-0212h,,,{}
385ca408-907d-4487-b0b0-ae505b4f3249,ocd-bill/b4d2f094-0624-422c-a99f-822a529fe9c5,latest version,,,{}
f10c30c7-c649-4490-82b9-889ebfb28f16,ocd-bill/efd75963-c710-47d9-89ad-0c917bf0445e,latest version,,,{}
901d5e28-a55f-4b9f-be0d-e405ad68c5be,ocd-bill/f13b420a-bef4-45d0-b1df-6b509f31d1d5,latest version,,,{}
699a3544-905d-4f38-961b-a67c683832ec,ocd-bill/885025b3-3df6-4530-9fa9-83d15d7787f3,Amendment #2024-0813h,,,{}
aa118d2a-ea6b-488e-af3f-c0266e679864,ocd-bill/885025b3-3df6-4530-9fa9-83d15d7787f3,latest version,,,{}
9a100e73-25bc-4546-ab65-f68de1ac2ba3,ocd-bill/93467ece-9600-446d-9559-2d3f63f43f31,latest version,,,{}
40751e78-df6e-42f6-83aa-8568b06a04a7,ocd-bill/0655f16f-29dc-4f32-b499-f469f451e953,Amendment #2024-1116s,,,{}
2687a3c2-e3ba-4b91-8848-ffaadbd40b98,ocd-bill/0655f16f-29dc-4f32-b499-f469f451e953,latest version,,,{}
2645bb21-dfe0-4300-bf35-f72896a8a062,ocd-bill/f85c7076-826a-45c5-b1b2-e25d602d2576,latest version,,,{}
638d4155-8a38-4273-ada8-c824279ed8e2,ocd-bill/c8777e18-2800-42cf-bc98-73cab0b344d8,latest version,,,{}
33771e8f-99b5-418d-ab17-a0235ce9636e,ocd-bill/f65b7d3b-3999-4136-8137-d94f446d425b,latest version,,,{}
00ab2f7a-a3e9-456c-bf94-0f4104d4b1cf,ocd-bill/5ca514ec-6017-48d5-b107-d3c70964ed9f,Amendment #2024-1911h,,,{}
536256bd-63c4-420a-829c-350f572b1c92,ocd-bill/5ca514ec-6017-48d5-b107-d3c70964ed9f,latest version,,,{}
653ffc45-ef96-4e88-af91-807e59547ee9,ocd-bill/66574e4a-996a-4d3b-ac29-3248a3015af0,latest version,,,{}
74204c16-7539-4245-832a-879234034b7a,ocd-bill/f46556c8-d7d3-4a52-8324-338151779371,latest version,,,{}
bf6722e9-870e-470a-8b29-fc2a8f0f5645,ocd-bill/4f286a6c-7398-4cc2-ade8-348b0ab171ed,latest version,,,{}
91a6ce19-fdcf-420f-b297-6fa4b6ce8f2c,ocd-bill/14e954da-5aff-430c-818e-cdb293618286,Amendment #2024-2360e,,,{}
d24e92e3-40ee-4920-bd5d-7952ec5f68b7,ocd-bill/14e954da-5aff-430c-818e-cdb293618286,latest version,,,{}
274a5a77-1750-4bbe-8a47-4b34aadca864,ocd-bill/5c2eed59-439f-4b96-9d41-3900cf9d222d,latest version,,,{}
fa9becc8-fea3-4a08-a75f-9bd12a8b16f4,ocd-bill/f15b3962-91ba-4bfd-bcab-7bb81679d7e6,latest version,,,{}
c17a8d1b-9a8e-4b78-bff5-678aa4f7fa25,ocd-bill/0d402929-0173-4660-8533-de68c5615a2e,latest version,,,{}
c16150aa-38f1-4bc6-8cff-594e14d71e20,ocd-bill/ee59f8c8-934b-42bc-8e7b-430b8e537437,Amendment #2024-2007s,,,{}
999ec580-d92e-426e-b4f6-abf3a93604ae,ocd-bill/ee59f8c8-934b-42bc-8e7b-430b8e537437,latest version,,,{}
83a3b5db-3b1c-4714-9879-ed2d37c5c24b,ocd-bill/9c617c70-d56e-44d9-88b9-638029179577,Amendment #2024-0795s,,,{}
4b1071ac-1684-4b10-a0cd-277221b77efc,ocd-bill/9c617c70-d56e-44d9-88b9-638029179577,latest version,,,{}
ded716b3-db63-48e9-9d74-92a6aecb90af,ocd-bill/dec10ed6-8ff4-4fbe-87d2-862b67b9d1dc,Amendment #2024-0198h,,,{}
ed843629-4ce8-4e45-bc23-88a8f065c306,ocd-bill/dec10ed6-8ff4-4fbe-87d2-862b67b9d1dc,latest version,,,{}
ea4af3cc-a818-4371-b371-fcdca37c9a98,ocd-bill/bafa082b-94bd-45a1-a79c-3b731736a58a,Amendment #2024-0830s,,,{}
e37ab1bf-57ee-4b0e-9302-a274b18bd543,ocd-bill/841b2cd8-aa7e-4ad2-bedb-8d1189ab2746,Amendment #2024-1804s,,,{}
f772f97c-a0e9-41f9-81d0-4264ced7c7e7,ocd-bill/3290538a-c534-4e69-9245-90a2fd725379,Amendment #2024-1719s,,,{}
a10dce64-2e3f-41e1-b00b-cc304e6db9dc,ocd-bill/3290538a-c534-4e69-9245-90a2fd725379,latest version,,,{}
33e2e674-70c6-4430-b7af-8e5d0de498cd,ocd-bill/bafa082b-94bd-45a1-a79c-3b731736a58a,latest version,,,{}
dcb4b74a-68a1-454e-a1d6-c4f61b80116e,ocd-bill/c1eadac8-c4dc-4e5c-af95-4e25e3497d69,Amendment #2024-2152s,,,{}
610e07a2-fa42-4d6f-8a7e-1ad19728855c,ocd-bill/9a97bee2-f45f-4fa9-a80b-f44761f85f3a,Amendment #2024-1256h,,,{}
aa2b7c6c-e0eb-41bf-9b91-946ce1f38936,ocd-bill/9a97bee2-f45f-4fa9-a80b-f44761f85f3a,latest version,,,{}
aeba3a65-7347-44b7-b91a-f469def4ea05,ocd-bill/500dff4e-44b4-49b7-be86-117619d5c135,Amendment #2024-2199e,,,{}
31fa90b4-2a7d-4696-a466-0f33caa60f1e,ocd-bill/500dff4e-44b4-49b7-be86-117619d5c135,latest version,,,{}
5c2e6065-8a8d-4dcf-96c0-a74b3954158b,ocd-bill/c1eadac8-c4dc-4e5c-af95-4e25e3497d69,latest version,,,{}
e33995ae-9d52-4160-85c7-791bc3f6c32c,ocd-bill/7b86dc49-4b2a-4bd4-86f8-82938da090ec,Amendment #2024-1823s,,,{}
26fa57ec-c2c5-4422-adf1-f476d5a84d3b,ocd-bill/7b86dc49-4b2a-4bd4-86f8-82938da090ec,latest version,,,{}
b7f15719-56ef-4b3a-be1e-256214f1bde0,ocd-bill/3fdeb3d9-99a6-43ac-8d8e-cc9baafe3dc9,latest version,,,{}
00524b76-c872-4733-812e-3a65e4833e7c,ocd-bill/174e4f4b-10de-46e5-9591-eb0259b5ed1c,latest version,,,{}
378a8bcf-ebd2-478f-a8d0-cca011c5dbc7,ocd-bill/de1825df-2a9e-4fe6-9fd5-4bdf0f3bae8c,latest version,,,{}
4a8e2dae-1fe9-4607-a951-c29831760e45,ocd-bill/4d20a3ed-17ef-4cf1-9e04-352b6eac604a,latest version,,,{}
e5284567-86aa-4224-9077-1e50bd1a3239,ocd-bill/d658b32b-8df8-4582-966f-9f6c11b5cba8,Amendment #2024-2318e,,,{}
480db9a6-b349-4e0f-a306-cb59640bd522,ocd-bill/d658b32b-8df8-4582-966f-9f6c11b5cba8,latest version,,,{}
9ccf881a-bc57-44c5-b538-45c70138ca79,ocd-bill/45552250-aba4-4f26-8b5e-13ce8d80e287,latest version,,,{}
d6babd9f-3184-4fa1-a4b3-9b009e39aede,ocd-bill/e5d9fb27-709a-4000-b52c-5d442c8d84e6,latest version,,,{}
e4e7c734-429a-4d1e-a598-217f77a64667,ocd-bill/14c56a98-2a4d-425e-af19-cba9cd55de66,latest version,,,{}
d7613bf4-6129-47d6-9b79-d1e98451964f,ocd-bill/e806b0ba-21c9-4b2e-8d21-674230e6c687,latest version,,,{}
89b54195-3b61-4cc2-9c07-86734d61c25b,ocd-bill/ba267e94-0869-4671-a72c-ffdf5a5a5132,Amendment #2024-0728h,,,{}
30dd0f4c-a26d-4aaa-a462-358f9ae27f03,ocd-bill/ba267e94-0869-4671-a72c-ffdf5a5a5132,latest version,,,{}
38f7ba02-96fe-48f0-b7d4-1b220e49b45b,ocd-bill/752007db-9c3d-4df5-be64-e1a01c6aeb6f,latest version,,,{}
b840c8e5-ece9-484d-904c-da2ede09a4d0,ocd-bill/ba6232a9-fdb6-4a67-bb6b-75af24903bbc,latest version,,,{}
013a63bf-1d52-4a6f-9ab0-5f223360d549,ocd-bill/690d879a-9636-49ab-b305-3cd3d05d3639,Amendment #2024-1025h,,,{}
1d3afbb0-23c4-40fc-9b95-ecb8170c9170,ocd-bill/690d879a-9636-49ab-b305-3cd3d05d3639,latest version,,,{}
f8539643-e28a-4da6-8a26-b7a516fadc3e,ocd-bill/2eb121e2-928e-4536-99fe-484177191584,Amendment #2024-1178h,,,{}
aba9b6dd-c2cd-4a7e-bc39-957145eb009e,ocd-bill/7b524016-a006-46aa-9700-72fd94ac26d8,Amendment #2024-1851s,,,{}
3ef154d3-9e07-4728-ba6d-fbc3354f4009,ocd-bill/7b524016-a006-46aa-9700-72fd94ac26d8,latest version,,,{}
7876bbec-c041-46ef-ac80-010ebaffe853,ocd-bill/2eb121e2-928e-4536-99fe-484177191584,latest version,,,{}
3ff978d4-925e-483a-87f4-f69ebd9a1c15,ocd-bill/ab5bde3a-133d-4044-b66b-5c9bd59fb168,Amendment #2024-0525h,,,{}
f084fd37-df32-489e-acc1-204d6aad9538,ocd-bill/ab5bde3a-133d-4044-b66b-5c9bd59fb168,latest version,,,{}
d4cc8197-0e37-486a-af73-c698e0380498,ocd-bill/5f88431a-4fa3-45ad-bb6e-dcebc350686b,Amendment #2024-1696h,,,{}
574dffb1-b5d0-4e6a-8404-de3548b1bde1,ocd-bill/5f88431a-4fa3-45ad-bb6e-dcebc350686b,latest version,,,{}
14e339ac-8459-4269-b314-635227bc0ca5,ocd-bill/da3d5f04-c58c-40ba-965f-3280656f57fc,latest version,,,{}
074b3545-2ab1-42e3-80b0-572caffc86bc,ocd-bill/17e7b52a-30b8-4dd3-b01d-202a4ee0bf27,Amendment #2024-2365e,,,{}
b6c881d7-1312-4254-b6a1-c8d2bb351962,ocd-bill/72b00a1f-fcba-4834-bb64-cc88acb0e522,latest version,,,{}
00325525-370c-4c5f-8be2-3d9a7707a7b1,ocd-bill/17e7b52a-30b8-4dd3-b01d-202a4ee0bf27,latest version,,,{}
8801e304-8040-479a-b1df-9f634c94b38b,ocd-bill/57549cb8-0ec2-447e-874c-9153301cc21a,latest version,,,{}
d4a87a12-854c-4c74-94d9-425a6297b551,ocd-bill/84fee15b-eb84-4f85-9aef-6c885178908b,latest version,,,{}
af84f733-7f49-443c-b1ef-4b895389133c,ocd-bill/407da57a-b86c-41b1-905c-61136183c902,latest version,,,{}
abceed24-a5df-40e0-ba75-7af316233c80,ocd-bill/b542254b-7dc3-4680-b511-93b745daaa8d,Amendment #2024-1724s,,,{}
709f31be-ec84-49ee-a486-f9fb0c190ea6,ocd-bill/b542254b-7dc3-4680-b511-93b745daaa8d,latest version,,,{}
0070ab32-9cc1-4e6b-84e9-f553a2bb2182,ocd-bill/23203271-0efd-452c-a708-09b05527a531,latest version,,,{}
952da0d5-9311-43d6-a96e-af3a8ea5b2e9,ocd-bill/4107878c-2188-4ddf-99fe-9c12b90ab505,latest version,,,{}
7b05c03e-fa3d-4953-855c-460dbdc3ff6c,ocd-bill/490d5f15-3415-4760-b9fc-e6689abaffdc,Amendment #2024-1060h,,,{}
b8fdb5bc-df53-4dea-961e-1d6a98c37e5e,ocd-bill/490d5f15-3415-4760-b9fc-e6689abaffdc,latest version,,,{}
590e0c81-e897-4ca8-abec-bb3ddb4b0b5f,ocd-bill/4b0bc396-c981-42b9-9922-6247a0478a04,Amendment #2024-1769s,,,{}
3e697cdb-29ca-4de4-b18e-daede03e8aac,ocd-bill/4b0bc396-c981-42b9-9922-6247a0478a04,latest version,,,{}
0707f093-c701-42ae-8a14-04e07820a716,ocd-bill/52759a9a-ad99-4f32-b819-cf60006c44f6,Amendment #2024-0172s,,,{}
60c5513f-b4fd-4279-a633-0fb00cd00769,ocd-bill/52759a9a-ad99-4f32-b819-cf60006c44f6,latest version,,,{}
be3ff293-7b34-40d4-818e-3b4ef22e1b2b,ocd-bill/4ac79e8d-fa42-48f9-83bf-2effa0d4eee6,latest version,,,{}
68b786b0-114d-4bdc-a457-c0e4747b7e1a,ocd-bill/458319a3-f2ff-4b5c-9840-dd691e2ecb75,latest version,,,{}
1625509c-4bc1-4931-8062-dcd4bbabfd57,ocd-bill/181871d9-b72c-40d2-8c5e-5ab76aacf293,latest version,,,{}
d5c78aa8-c5c5-4bc9-8533-ca17b6c31ddd,ocd-bill/b8adc666-ff1b-43a1-9135-b4ef1be8485f,latest version,,,{}
03818f6a-1bcd-431c-a86e-390e6eb7b98f,ocd-bill/806258a0-2d70-4f2f-b967-8b7229bd8c74,Amendment #2024-1559h,,,{}
4272b370-dacd-47e7-a60a-3370c5694c0f,ocd-bill/806258a0-2d70-4f2f-b967-8b7229bd8c74,latest version,,,{}
1c06f952-8f91-41d1-9edb-126e2f5e5ce4,ocd-bill/cd22f16d-396e-41a0-a90d-71e5c025c568,Amendment #2024-0784h,,,{}
16289ce2-00c3-41a9-8e03-ea4253496f55,ocd-bill/cd22f16d-396e-41a0-a90d-71e5c025c568,latest version,,,{}
dcbaae5b-0da6-4189-a818-546621423ff5,ocd-bill/0ec00746-0a9d-43a4-a236-6bfe376e6d22,latest version,,,{}
8c9e6620-ea27-4376-8c47-7f249caefa28,ocd-bill/aa44ac9e-f01f-41c3-bc60-5713e5a3b173,latest version,,,{}
8aab01fa-a21a-407e-a919-6a8a4684d310,ocd-bill/0beb9b14-a86a-42ce-94fc-23bda7f27e4c,Amendment #2024-1848s,,,{}
eb72d619-87ee-4cf9-8dcf-1d913f04bd6e,ocd-bill/0beb9b14-a86a-42ce-94fc-23bda7f27e4c,latest version,,,{}
d9f927be-09ca-4857-8007-5b564390e724,ocd-bill/d43d1e92-f690-4d33-8ec1-0c0b204a9c1f,Amendment #2024-0931h,,,{}
c18dfc73-bd61-4142-9fe3-42bbad91c3cf,ocd-bill/df9f2d6f-f893-4606-8f5c-913b8b00cfba,Amendment #2023-2451h,,,{}
d50b3e55-69c6-4cdb-a769-a8922d940a52,ocd-bill/d43d1e92-f690-4d33-8ec1-0c0b204a9c1f,latest version,,,{}
b34096a9-0fe7-4c35-874e-f8d3b39ada26,ocd-bill/64b4731e-ce43-4519-ab2a-f3a4559e6b13,latest version,,,{}
7a7ac660-f793-4d7c-b7dd-77eb76417cc0,ocd-bill/01fcc151-0852-42c1-b598-076907737a5d,Amendment #2024-0753h,,,{}
e1ee23ba-52b4-421c-8f34-064921cfe70a,ocd-bill/01fcc151-0852-42c1-b598-076907737a5d,latest version,,,{}
6d2d3848-b48b-4947-bd5b-c69713ae8b7e,ocd-bill/3e1db809-a25d-4200-b4e9-ad88f2082b32,latest version,,,{}
e7c73e7a-c598-4fdf-bf5d-3aca67a7b69e,ocd-bill/5c4dce5c-9799-49fc-8958-e01186ae0d07,latest version,,,{}
7b76f076-5e12-4c48-a63e-4f425f3d475d,ocd-bill/bb7d0417-3186-4dbd-a54a-eeaf24e14bf7,latest version,,,{}
f1a08cd7-ebe8-469e-a4c6-6ac15759aff5,ocd-bill/f9a17ad1-2715-4027-8ab0-f7fe068e48f1,latest version,,,{}
e0c3787b-13b7-428f-81a0-eac89a157cd5,ocd-bill/81eccf0e-dd00-4000-877d-32e6ed970dbf,Amendment #2024-1726s,,,{}
6d9712a3-a5df-49cf-8f28-a6cc16794a0d,ocd-bill/81eccf0e-dd00-4000-877d-32e6ed970dbf,latest version,,,{}
8bd4ff52-eac4-4144-aa31-f3d59dd519c6,ocd-bill/f11027f2-ac25-4ecd-b6a8-b377369a97a5,Amendment #2024-1071h,,,{}
e89d0907-9ca2-42b3-8067-babd01ed5417,ocd-bill/8de96070-e898-4a47-8fee-0be331f16262,Amendment #2024-1274h,,,{}
d2ee2d63-3bc8-4108-af4a-6a478e7c4a46,ocd-bill/8de96070-e898-4a47-8fee-0be331f16262,latest version,,,{}
989c640e-e6f3-4b74-b6e8-11c1f3180607,ocd-bill/f11027f2-ac25-4ecd-b6a8-b377369a97a5,latest version,,,{}
9fa57d50-e04e-4e02-a1b7-130ee94392af,ocd-bill/26bcea3d-1eb3-4077-a8a5-d475eda4c21f,Amendment #2024-0887h,,,{}
d0042c09-de2b-450e-a835-d905bdb0f3d6,ocd-bill/26bcea3d-1eb3-4077-a8a5-d475eda4c21f,latest version,,,{}
3dca5aae-4aa2-4b28-be68-60004dc2f834,ocd-bill/e4d737fa-c319-4b3d-89f2-cf70df291cd6,Amendment #2024-2362e,,,{}
fa07dd5a-f578-44e5-bd20-37cd616936ca,ocd-bill/e4d737fa-c319-4b3d-89f2-cf70df291cd6,latest version,,,{}
c9407768-c92d-414d-a0dd-189a6146d843,ocd-bill/d2dfa821-9fa7-4640-9d72-56eabf23a124,latest version,,,{}
934dfb45-7976-434e-ab65-f923602b485c,ocd-bill/ee100a3a-175e-4896-90ec-96fdf1872e34,latest version,,,{}
68b08018-fe30-4899-8278-56a58deb1641,ocd-bill/9631cfbf-b042-42b7-814b-2bc051980966,Amendment #2024-1210h,,,{}
e9502bcb-f698-4292-9c98-198a1dce241d,ocd-bill/9631cfbf-b042-42b7-814b-2bc051980966,latest version,,,{}
85eccd52-5455-4d6f-9cd0-f7049b629101,ocd-bill/0a23db85-d951-46de-9b6b-87b0c915b4c8,latest version,,,{}
d74b0c35-afb5-4ce7-bb4f-93947a42c26d,ocd-bill/7d4963b0-7352-48a9-a8aa-308c1028cd64,Amendment #2024-0123h,,,{}
d34c2beb-552d-47bb-ac17-c51a188decbd,ocd-bill/7d4963b0-7352-48a9-a8aa-308c1028cd64,latest version,,,{}
438dac52-f7cd-4d4c-9ba0-e4556b4316f3,ocd-bill/0543d0bd-90c5-4716-8f33-4bb7315e101c,Amendment #2024-2309e,,,{}
4436bc52-866c-49fd-af5a-8e10e1ea788f,ocd-bill/62867492-0680-408e-81d0-6d1cdd4d93bd,Amendment #2024-2370e,,,{}
b618bc7c-3a2d-4e1b-9897-ecd8fa884c8c,ocd-bill/62867492-0680-408e-81d0-6d1cdd4d93bd,latest version,,,{}
5ce34c5d-fb09-440d-8acb-4584a355e38e,ocd-bill/9603d3ee-37d8-480c-81de-fb505562f846,Amendment #2024-0528h,,,{}
3158edea-7e90-499a-aacc-4f304cd26497,ocd-bill/9603d3ee-37d8-480c-81de-fb505562f846,latest version,,,{}
7f722ef9-d40b-4e18-8e8f-e08642ab0211,ocd-bill/78a0cc29-dbab-46c2-9c94-98c0b1fcd446,latest version,,,{}
66a40d18-5868-4606-a431-da35674b9ff1,ocd-bill/0543d0bd-90c5-4716-8f33-4bb7315e101c,latest version,,,{}
3466c1ae-dcda-4bda-9722-4e0a65a9d1f8,ocd-bill/481ff2a5-8914-4119-a4e3-cd709ad4257d,Amendment #2024-1538s,,,{}
2d85a7f4-6915-47cd-8096-decb36977107,ocd-bill/87f6c061-b5c6-44d9-bd9d-86c7ad099b3f,Amendment #2024-1992s,,,{}
e29a7d98-e917-4857-898f-0ca3ff4a3e81,ocd-bill/87f6c061-b5c6-44d9-bd9d-86c7ad099b3f,latest version,,,{}
f148a04c-e400-49e2-a6b3-ae4fe0266753,ocd-bill/f3e3bc02-e3e6-4242-80ad-e992fe30b2ec,Amendment #2024-0389h,,,{}
47fd89ce-8504-416d-a167-328e25010563,ocd-bill/f3e3bc02-e3e6-4242-80ad-e992fe30b2ec,latest version,,,{}
02cf8ef0-ea6a-46e0-a882-3496b37acf81,ocd-bill/6a6d6074-26f5-4e05-8ab1-d3e9e27c93d9,latest version,,,{}
ef96bbb7-2aa3-4412-abdd-ec2c138936db,ocd-bill/cbdac979-eab6-46f6-9a07-59b2ee8dd253,latest version,,,{}
c0a2ccbd-9309-426d-b572-0f984b00a070,ocd-bill/e717d271-7e57-4d31-a309-aa14ec0aea16,latest version,,,{}
4ab9fb86-b77a-4c5b-9516-5d1c4da85c34,ocd-bill/8652cc06-446f-486f-98fe-d58aaca61073,latest version,,,{}
6afe8561-e0ee-4430-8413-5d9dee4d91db,ocd-bill/36f38879-6c1c-4e7c-8d70-865f0ea4fca3,latest version,,,{}
ee16683e-bdcb-4c1b-a683-f5efe6184af7,ocd-bill/6855bd47-a403-4d13-9987-857d74c6928e,latest version,,,{}
3dfe2698-3409-4d8a-bf38-5ee8f078925f,ocd-bill/a584320e-4786-4770-9c0d-1f94ab10f95e,latest version,,,{}
9e6068db-0496-449f-920b-0f205a346322,ocd-bill/eeb3d858-1c30-42d3-9c69-82dce603b445,latest version,,,{}
ea292fa4-98ac-4d51-980f-565b9c94964c,ocd-bill/c5e2995b-0044-427b-bbf7-cb419e98e9a0,Amendment #2024-1886s,,,{}
7dfce8cb-9c29-44f5-8c15-0cef7ba54ca8,ocd-bill/c5e2995b-0044-427b-bbf7-cb419e98e9a0,latest version,,,{}
0003c2a5-7484-4e50-8d18-d4ffeed64ce7,ocd-bill/69335a96-2231-41ea-8c36-e619b93863eb,latest version,,,{}
501b2d86-079d-4946-8387-985c946e1ad8,ocd-bill/3054cdb3-ecf5-441d-aa08-d7d73b55ef5c,latest version,,,{}
8834ce6e-0a23-47f7-b677-ce8572b1cd60,ocd-bill/951275dc-f76e-42c4-b4ef-b892626188da,latest version,,,{}
1090899e-ed0e-4e86-bb0a-a2db963da005,ocd-bill/9663b115-fde5-47e0-8295-a995143067cc,Amendment #2024-1223h,,,{}
074ba66f-0a3d-47c6-bab9-c1b5c31b68aa,ocd-bill/111550b2-4abf-4604-bc34-a50395d950ec,Amendment #2024-0910h,,,{}
3b8bb482-9d07-490a-b7b8-b2f5601ec91b,ocd-bill/111550b2-4abf-4604-bc34-a50395d950ec,latest version,,,{}
aa024560-fd5f-42e7-8b9f-1a89da14aa55,ocd-bill/9663b115-fde5-47e0-8295-a995143067cc,latest version,,,{}
892b7f0e-874c-40c8-b83a-40356d3b17c5,ocd-bill/efb6b677-cb16-4247-bbd2-b581cd2e7035,Amendment #2024-1725h,,,{}
1557c79a-60a6-4731-887f-51dd2badaf03,ocd-bill/efb6b677-cb16-4247-bbd2-b581cd2e7035,latest version,,,{}
3dd51152-37f6-40ff-9867-743d83c321e4,ocd-bill/cbeb1c2d-1200-46b4-94fa-4505c40b4e43,Amendment #2024-1447h,,,{}
42621c61-1126-4d9c-b4a5-76810cc4e35c,ocd-bill/cbeb1c2d-1200-46b4-94fa-4505c40b4e43,latest version,,,{}
67a573cb-b996-4253-b074-48dde5d77730,ocd-bill/f99c380a-83e5-4a49-9a2c-8d134c6e8ca7,Amendment #2024-1809s,,,{}
ad71a5a7-8026-4f36-9ef0-c9b99d96b183,ocd-bill/f99c380a-83e5-4a49-9a2c-8d134c6e8ca7,latest version,,,{}
7f642416-fcfb-4856-bb53-3e68fbbac0dc,ocd-bill/bc658e97-4c97-44d0-8f89-5e1487715b06,Amendment #2024-1436s,,,{}
69d2c137-7875-4500-a8d4-61bafdda3e89,ocd-bill/ce0c6c67-e652-42f2-b52c-94c119174db5,latest version,,,{}
67f225c8-075f-4bdb-bd2c-baf94c1760eb,ocd-bill/f8f29f75-1df6-4743-b616-90fb8d52f464,Amendment #2024-1793h,,,{}
a8f0d442-ca17-4c91-a72c-630633a98cda,ocd-bill/f8f29f75-1df6-4743-b616-90fb8d52f464,latest version,,,{}
f60f6570-f63e-4839-af69-2ac806d29ad6,ocd-bill/bc658e97-4c97-44d0-8f89-5e1487715b06,latest version,,,{}
adc916db-3d8e-415e-9157-bbe5e13fed44,ocd-bill/fea23e1c-2e94-42ef-b839-8a6d6007b29d,Amendment #2024-1423s,,,{}
064f037b-572e-4a21-b4b2-afeb77543647,ocd-bill/fea23e1c-2e94-42ef-b839-8a6d6007b29d,latest version,,,{}
1f96bf73-e820-4bf6-84fc-3d1b13b2358b,ocd-bill/b6bcc1f4-52b9-4648-b15c-6dc32783b3cf,Amendment #2024-2355e,,,{}
e0195a6e-0546-491e-a376-7000f20976d3,ocd-bill/8f271aaf-9da8-49e3-a1b8-b5afbe6e82f0,Amendment #2024-2350e,,,{}
48bf9961-5bd6-4e0c-92fe-89a068b44b2e,ocd-bill/8f271aaf-9da8-49e3-a1b8-b5afbe6e82f0,latest version,,,{}
ca7ec667-8a81-4190-a1b9-696fd3dfbd8f,ocd-bill/9f8ae535-165f-4df3-bbf2-b31a7c17bfce,Amendment #2024-1544s,,,{}
cfddc3e4-a980-4e5d-919e-ecb4997d82ee,ocd-bill/9f8ae535-165f-4df3-bbf2-b31a7c17bfce,latest version,,,{}
d7beb2b1-e2e9-4b1f-ad4e-c870abdccaeb,ocd-bill/7b3f2a75-6423-4b7a-a3bd-b690b9fe62ff,latest version,,,{}
ccb24c12-e50b-44b2-8c6b-5bcd694b9de3,ocd-bill/f08b75bb-07cf-4b8a-8460-0b18606d5184,Amendment #2024-0362s,,,{}
139994f0-077d-452c-8216-d52a8e55bf1c,ocd-bill/f08b75bb-07cf-4b8a-8460-0b18606d5184,latest version,,,{}
686d8b01-074e-4ad7-8499-ab6446d8b678,ocd-bill/00675ff1-515b-4b2d-bc15-7b41a6ead79d,latest version,,,{}
bcac232f-dfef-4a65-a044-a37f2896b51a,ocd-bill/717426de-1133-4110-bac9-288e5eb4b7fc,latest version,,,{}
9a978887-9756-47ad-b81b-db9decef2cc6,ocd-bill/2d55806c-6b34-4cc8-b965-655cfe5b5633,latest version,,,{}
546a37b1-ddc9-42e3-91b4-8417262e6c4f,ocd-bill/33386184-0821-4dcd-93b6-4b7317620b2d,latest version,,,{}
d3734e9c-6a43-4ce4-a6f3-cd3d9ec59b80,ocd-bill/a3fe3daa-48ea-496c-b9d7-2847535e13fa,latest version,,,{}
a3512ffa-2536-4075-9bbd-9560e756a359,ocd-bill/b6bcc1f4-52b9-4648-b15c-6dc32783b3cf,latest version,,,{}
0d4d6995-3891-4d33-91ad-8cff15b71e36,ocd-bill/5e35e23c-27e7-413f-b1af-a6ca5cb23887,latest version,,,{}
b123e1ed-7d0e-474f-9bac-8a1ef5635673,ocd-bill/b2414ae8-10de-44a3-b20b-6b1adcc1c1d4,Amendment #2024-0514s,,,{}
01dc5483-edb2-420b-9861-e1e3236335ce,ocd-bill/b2414ae8-10de-44a3-b20b-6b1adcc1c1d4,latest version,,,{}
f65750bd-8a73-4d10-ae12-3b2f8e8a8a1a,ocd-bill/8740301c-4068-4d3d-8787-ebd48a9ed870,latest version,,,{}
