id,note,url,bill_id
fca7c95c-a2a0-4f9c-af56-5777f2bcdc85,,https://www.gencourt.state.nh.us/bill_status/legacy/bs2016/bill_status.aspx?lsr=2665&sy=2024&sortoption=&txtsessionyear=2024,ocd-bill/12bd05ac-05c3-4baa-b315-10d7c3b20815
407b9215-c596-42e9-baaa-00b462d18adc,,https://www.gencourt.state.nh.us/bill_status/legacy/bs2016/bill_status.aspx?lsr=2801&sy=2024&sortoption=&txtsessionyear=2024,ocd-bill/7f88641e-defb-459a-99bc-468a945c0968
cf4b65d5-3826-4a16-a2a6-bf268109b0f2,,https://www.gencourt.state.nh.us/bill_status/legacy/bs2016/bill_status.aspx?lsr=2899&sy=2024&sortoption=&txtsessionyear=2024,ocd-bill/8154f781-aeb1-492e-b854-1f3ecda2da9e
d36c898d-4330-4c62-a4c0-c1126f6dd514,,https://www.gencourt.state.nh.us/bill_status/legacy/bs2016/bill_status.aspx?lsr=0820&sy=2024&sortoption=&txtsessionyear=2024,ocd-bill/7a0c21ab-c1bd-4620-8c3d-63a97bd0d80a
1a0e90df-e90c-4f85-a0fb-b2a0a363af1c,,https://www.gencourt.state.nh.us/bill_status/legacy/bs2016/bill_status.aspx?lsr=2849&sy=2024&sortoption=&txtsessionyear=2024,ocd-bill/d03d66cd-b1c4-4f69-8bb5-a761543ccf3d
3b8417b4-2115-44d3-b554-dbc045aea535,,https://www.gencourt.state.nh.us/bill_status/legacy/bs2016/bill_status.aspx?lsr=3072&sy=2024&sortoption=&txtsessionyear=2024,ocd-bill/f1a5d0e6-a1f8-4a65-a35f-3a8beb6fdb67
acca9227-2d98-4ff1-95d9-c0d8614e18cb,,https://www.gencourt.state.nh.us/bill_status/legacy/bs2016/bill_status.aspx?lsr=2176&sy=2024&sortoption=&txtsessionyear=2024,ocd-bill/45c23385-3a44-4784-aacc-1bae04432a65
9f850488-755c-4456-a463-a637f3d09a25,,https://www.gencourt.state.nh.us/bill_status/legacy/bs2016/bill_status.aspx?lsr=0522&sy=2024&sortoption=&txtsessionyear=2024,ocd-bill/899b4339-b6dd-498b-b5ac-37c87ad75142
fd771d88-7637-497e-adcd-fd489834fb7c,,https://www.gencourt.state.nh.us/bill_status/legacy/bs2016/bill_status.aspx?lsr=0376&sy=2024&sortoption=&txtsessionyear=2024,ocd-bill/8ff516ef-027a-4182-87a9-8095a2889951
b4c83a5a-3488-450a-9bbd-d65b63a661bd,,https://www.gencourt.state.nh.us/bill_status/legacy/bs2016/bill_status.aspx?lsr=2019&sy=2024&sortoption=&txtsessionyear=2024,ocd-bill/e43af548-07a3-4433-8761-759b59f03c5f
3e6b3ce1-efac-4e47-acbe-b9cb5d6f55af,,https://www.gencourt.state.nh.us/bill_status/legacy/bs2016/bill_status.aspx?lsr=2167&sy=2024&sortoption=&txtsessionyear=2024,ocd-bill/a4c1f400-423d-4c29-b73e-34758b4ca73b
5e2ed729-ecf8-4dd9-b50e-2ab7b39b14f6,,https://www.gencourt.state.nh.us/bill_status/legacy/bs2016/bill_status.aspx?lsr=0482&sy=2024&sortoption=&txtsessionyear=2024,ocd-bill/c58ab260-931b-458f-a7e0-cff71b1af48e
0b5ab8e2-6288-4dde-95df-101e6bc75817,,https://www.gencourt.state.nh.us/bill_status/legacy/bs2016/bill_status.aspx?lsr=2529&sy=2024&sortoption=&txtsessionyear=2024,ocd-bill/1f9ecdb8-1809-47b3-a8e6-3f8622732e8d
d795f5da-91ba-4e31-94fc-dd593613d7d0,,https://www.gencourt.state.nh.us/bill_status/legacy/bs2016/bill_status.aspx?lsr=2606&sy=2024&sortoption=&txtsessionyear=2024,ocd-bill/909fe3dd-88d8-44ea-80c4-0ce87766c734
d01c8306-b65f-4a47-a6b9-2b7aaf42718f,,https://www.gencourt.state.nh.us/bill_status/legacy/bs2016/bill_status.aspx?lsr=0671&sy=2024&sortoption=&txtsessionyear=2024,ocd-bill/22712b81-1040-4ad9-bdcf-dfe545ec6e53
0c2d18ac-d127-4f61-90ca-02801c51c49f,,https://www.gencourt.state.nh.us/bill_status/legacy/bs2016/bill_status.aspx?lsr=2673&sy=2024&sortoption=&txtsessionyear=2024,ocd-bill/344036c3-b244-424c-9bb5-4ee83c33a270
20a35ae1-2c91-453c-9b9c-631201847bef,,https://www.gencourt.state.nh.us/bill_status/legacy/bs2016/bill_status.aspx?lsr=0045&sy=2024&sortoption=&txtsessionyear=2024,ocd-bill/faca1dd2-77d6-4b7e-a086-f29bf82c88e5
fb65cdf9-3364-4dc7-9751-85b7a6d364ab,,https://www.gencourt.state.nh.us/bill_status/legacy/bs2016/bill_status.aspx?lsr=0166&sy=2024&sortoption=&txtsessionyear=2024,ocd-bill/3639e173-981f-4533-ad44-4a6fe7033999
5db1c130-6402-4175-a1ec-135e85795f76,,https://www.gencourt.state.nh.us/bill_status/legacy/bs2016/bill_status.aspx?lsr=0736&sy=2024&sortoption=&txtsessionyear=2024,ocd-bill/cc7e491f-41e1-4253-bbfb-94ddd44dddac
7183410e-38bd-4741-8ec3-887ed275d079,,https://www.gencourt.state.nh.us/bill_status/legacy/bs2016/bill_status.aspx?lsr=0205&sy=2024&sortoption=&txtsessionyear=2024,ocd-bill/c1d4735f-46f4-44d7-bc06-fc03f5b20e3d
aaf949ab-c89e-4088-a0f0-132205bb8d74,,https://www.gencourt.state.nh.us/bill_status/legacy/bs2016/bill_status.aspx?lsr=0032&sy=2024&sortoption=&txtsessionyear=2024,ocd-bill/0ea6a92c-427f-4bec-944e-39a4ccab4a25
22f4c8b6-0078-45f2-a829-b2767ecfada2,,https://www.gencourt.state.nh.us/bill_status/legacy/bs2016/bill_status.aspx?lsr=0639&sy=2024&sortoption=&txtsessionyear=2024,ocd-bill/cba740f2-ffc1-46f2-bbc8-d4a3f7811ce1
84ee9097-c9b3-4136-9d3e-1ac2053be2ed,,https://www.gencourt.state.nh.us/bill_status/legacy/bs2016/bill_status.aspx?lsr=0957&sy=2024&sortoption=&txtsessionyear=2024,ocd-bill/fee6133c-b388-49d2-bded-efb115bd78aa
611a7b54-e374-4b63-8122-429039fcb4af,,https://www.gencourt.state.nh.us/bill_status/legacy/bs2016/bill_status.aspx?lsr=0329&sy=2024&sortoption=&txtsessionyear=2024,ocd-bill/18ec813d-8064-4b8a-a120-5011ef055a1e
32c1bdf7-8046-4ce1-9aba-04cf40f01e2d,,https://www.gencourt.state.nh.us/bill_status/legacy/bs2016/bill_status.aspx?lsr=2211&sy=2024&sortoption=&txtsessionyear=2024,ocd-bill/333d0aca-9199-4b24-a6c0-0171b466ffb2
2b130249-6893-4ed3-86a3-20f4410f549c,,https://www.gencourt.state.nh.us/bill_status/legacy/bs2016/bill_status.aspx?lsr=2313&sy=2024&sortoption=&txtsessionyear=2024,ocd-bill/15052dd6-5b0d-4684-9925-9ac164a13f59
74c5f8fe-dd13-4b32-a495-a4f2b12bbc14,,https://www.gencourt.state.nh.us/bill_status/legacy/bs2016/bill_status.aspx?lsr=3090&sy=2024&sortoption=&txtsessionyear=2024,ocd-bill/b356e581-4c81-447a-a76a-d270ac90cc31
dabf924e-9400-49c1-b436-e7e91cc47f04,,https://www.gencourt.state.nh.us/bill_status/legacy/bs2016/bill_status.aspx?lsr=2226&sy=2024&sortoption=&txtsessionyear=2024,ocd-bill/f532c5a4-1b6c-4362-bcf9-9fbffa13017e
07e6d65d-ea27-478d-bf26-7ad2fb66e8a2,,https://www.gencourt.state.nh.us/bill_status/legacy/bs2016/bill_status.aspx?lsr=0670&sy=2024&sortoption=&txtsessionyear=2024,ocd-bill/d997ea5d-2db9-46d1-996a-1db080a91ac0
188feda3-e9e7-4601-9adb-4ccc8f4880b8,,https://www.gencourt.state.nh.us/bill_status/legacy/bs2016/bill_status.aspx?lsr=2268&sy=2024&sortoption=&txtsessionyear=2024,ocd-bill/9ae756d4-baa0-45c6-b07b-0d08674d3c0c
33554624-7925-411d-9b08-0d8811dd9699,,https://www.gencourt.state.nh.us/bill_status/legacy/bs2016/bill_status.aspx?lsr=2656&sy=2024&sortoption=&txtsessionyear=2024,ocd-bill/fbdebbd0-66cd-4577-915c-61d94355e248
a5f5ec62-8539-4b6b-bfcd-cfc0de6bf9c2,,https://www.gencourt.state.nh.us/bill_status/legacy/bs2016/bill_status.aspx?lsr=2343&sy=2024&sortoption=&txtsessionyear=2024,ocd-bill/677273e3-3ae0-440f-99fe-865f09b4d698
b90c1f99-7b16-4d1e-903b-a4b43d7f64d1,,https://www.gencourt.state.nh.us/bill_status/legacy/bs2016/bill_status.aspx?lsr=3168&sy=2024&sortoption=&txtsessionyear=2024,ocd-bill/2d9da6a6-2c63-4125-b931-e7b29f6a2a29
b130e33a-a76e-4003-afd8-64312e785f4e,,https://www.gencourt.state.nh.us/bill_status/legacy/bs2016/bill_status.aspx?lsr=2574&sy=2024&sortoption=&txtsessionyear=2024,ocd-bill/d8c9cb64-1493-43ae-86d3-45ada8b1ea57
7edcc934-9ac1-4ee8-9298-52dd52357fb4,,https://www.gencourt.state.nh.us/bill_status/legacy/bs2016/bill_status.aspx?lsr=0174&sy=2024&sortoption=&txtsessionyear=2024,ocd-bill/5bae8645-5a40-43d1-8127-d431402df6de
1539eca3-b2a2-4c40-bbc2-1ad7f077ca2c,,https://www.gencourt.state.nh.us/bill_status/legacy/bs2016/bill_status.aspx?lsr=0710&sy=2024&sortoption=&txtsessionyear=2024,ocd-bill/0f82e576-487d-4475-b9bd-5862eec8f1b4
67920334-5cf9-406a-abdf-30c0f9389017,,https://www.gencourt.state.nh.us/bill_status/legacy/bs2016/bill_status.aspx?lsr=2817&sy=2024&sortoption=&txtsessionyear=2024,ocd-bill/68420b01-7e41-4fe2-afa8-8b82f676a1d8
2ca35050-ad89-4602-9a7a-07819994a88f,,https://www.gencourt.state.nh.us/bill_status/legacy/bs2016/bill_status.aspx?lsr=0629&sy=2024&sortoption=&txtsessionyear=2024,ocd-bill/b14c4e01-3f97-42f3-9767-2c88e4c7a184
58a3e31c-e980-473b-8ae2-ed6fc96d236e,,https://www.gencourt.state.nh.us/bill_status/legacy/bs2016/bill_status.aspx?lsr=2568&sy=2024&sortoption=&txtsessionyear=2024,ocd-bill/7983fa28-1df9-433f-af18-b674f1a5ff0e
0b594c26-a55e-4ab7-b226-5ff249b9acbb,,https://www.gencourt.state.nh.us/bill_status/legacy/bs2016/bill_status.aspx?lsr=2095&sy=2024&sortoption=&txtsessionyear=2024,ocd-bill/74596556-4173-472d-95ef-81f985c909de
6f916e3e-7a9f-45f0-af28-a09cb14bb3f1,,https://www.gencourt.state.nh.us/bill_status/legacy/bs2016/bill_status.aspx?lsr=2417&sy=2024&sortoption=&txtsessionyear=2024,ocd-bill/0f8ba45c-042a-459f-bf5a-05d8e201cc8e
f353ea18-3bcb-4576-ad41-493c3459b0e7,,https://www.gencourt.state.nh.us/bill_status/legacy/bs2016/bill_status.aspx?lsr=0558&sy=2024&sortoption=&txtsessionyear=2024,ocd-bill/40c5065d-ed19-4f80-ae7b-831d96612bac
3ab05e68-089d-41ab-adaa-133fbb99b87d,,https://www.gencourt.state.nh.us/bill_status/legacy/bs2016/bill_status.aspx?lsr=2076&sy=2024&sortoption=&txtsessionyear=2024,ocd-bill/3b42597b-0fe6-4d31-ae46-99b0170836e5
448dc0a3-3b29-47c5-bd89-f8634954c878,,https://www.gencourt.state.nh.us/bill_status/legacy/bs2016/bill_status.aspx?lsr=0270&sy=2024&sortoption=&txtsessionyear=2024,ocd-bill/fe217857-7c02-40cd-97ae-6b96368e7556
7066c838-d9d3-4440-8330-4e897ab09437,,https://www.gencourt.state.nh.us/bill_status/legacy/bs2016/bill_status.aspx?lsr=2322&sy=2024&sortoption=&txtsessionyear=2024,ocd-bill/cc51d120-f7bc-42d5-82e6-6594f8074a1b
c69eb14b-d95c-4f39-bf73-a6b11c784f5c,,https://www.gencourt.state.nh.us/bill_status/legacy/bs2016/bill_status.aspx?lsr=2309&sy=2024&sortoption=&txtsessionyear=2024,ocd-bill/497565d7-ab35-4eba-959e-4104d21ebb08
4e014715-dee1-4a28-95fc-8ba5fb484297,,https://www.gencourt.state.nh.us/bill_status/legacy/bs2016/bill_status.aspx?lsr=0151&sy=2024&sortoption=&txtsessionyear=2024,ocd-bill/05193a12-efe5-4957-9a19-15219a4c3d73
989c97c7-288f-44ed-bb20-20323e27dd99,,https://www.gencourt.state.nh.us/bill_status/legacy/bs2016/bill_status.aspx?lsr=0372&sy=2024&sortoption=&txtsessionyear=2024,ocd-bill/9e35b958-9e0e-4983-a65a-abc975ba7204
2109a1f8-0c28-49a5-bc2b-c67fbe6789a9,,https://www.gencourt.state.nh.us/bill_status/legacy/bs2016/bill_status.aspx?lsr=2419&sy=2024&sortoption=&txtsessionyear=2024,ocd-bill/e7d458a5-030f-4358-b6d7-5d365863ed42
093dcf68-5a95-4412-8202-7a4bb28702f6,,https://www.gencourt.state.nh.us/bill_status/legacy/bs2016/bill_status.aspx?lsr=0186&sy=2024&sortoption=&txtsessionyear=2024,ocd-bill/e9b0c50c-5d47-4795-aebb-f98711179ad2
94c9d444-fe87-45f3-a5f7-93c7a72f941f,,https://www.gencourt.state.nh.us/bill_status/legacy/bs2016/bill_status.aspx?lsr=2025&sy=2024&sortoption=&txtsessionyear=2024,ocd-bill/a6548818-f73b-49ae-9318-ef94f6aeaae9
d009d640-e9fb-4963-b861-9a994314b901,,https://www.gencourt.state.nh.us/bill_status/legacy/bs2016/bill_status.aspx?lsr=2621&sy=2024&sortoption=&txtsessionyear=2024,ocd-bill/64ffff42-087a-4348-bd70-3e32f080b693
8ee3cbd0-8397-48b1-8c13-bf3dc285aa1f,,https://www.gencourt.state.nh.us/bill_status/legacy/bs2016/bill_status.aspx?lsr=2119&sy=2024&sortoption=&txtsessionyear=2024,ocd-bill/820a68d0-e279-413c-bf7b-7e35d4969bb3
d2b452d3-7fa9-46c0-a639-12b9a77b59be,,https://www.gencourt.state.nh.us/bill_status/legacy/bs2016/bill_status.aspx?lsr=2412&sy=2024&sortoption=&txtsessionyear=2024,ocd-bill/6182b1a3-8623-441d-8daf-6bf2fb965258
df416c87-f68a-4afd-9a2e-280511d0b3c0,,https://www.gencourt.state.nh.us/bill_status/legacy/bs2016/bill_status.aspx?lsr=2764&sy=2024&sortoption=&txtsessionyear=2024,ocd-bill/c89e18f0-b06b-494c-9a00-705431a5e1aa
a0d0167f-06b8-4820-b3f7-fa5733f0b4e1,,https://www.gencourt.state.nh.us/bill_status/legacy/bs2016/bill_status.aspx?lsr=2366&sy=2024&sortoption=&txtsessionyear=2024,ocd-bill/26372b3b-3574-4d1e-a778-301081d4f2fb
23a9c943-532f-4b88-af96-b55e53d4bdac,,https://www.gencourt.state.nh.us/bill_status/legacy/bs2016/bill_status.aspx?lsr=2756&sy=2024&sortoption=&txtsessionyear=2024,ocd-bill/62362517-f176-4164-bae7-a525bf6679a5
2526feb6-297c-485e-9a2e-aa29ee702431,,https://www.gencourt.state.nh.us/bill_status/legacy/bs2016/bill_status.aspx?lsr=2941&sy=2024&sortoption=&txtsessionyear=2024,ocd-bill/296ee419-38db-4419-ae9d-3ec3a40abd41
82a708f8-d600-4a8e-a570-81914f0c2250,,https://www.gencourt.state.nh.us/bill_status/legacy/bs2016/bill_status.aspx?lsr=2190&sy=2024&sortoption=&txtsessionyear=2024,ocd-bill/0b8c0c31-fa41-412a-9d8b-9b9b8e94a3d5
a70fb3db-4591-4916-9185-d9359d591262,,https://www.gencourt.state.nh.us/bill_status/legacy/bs2016/bill_status.aspx?lsr=2667&sy=2024&sortoption=&txtsessionyear=2024,ocd-bill/386186dd-c102-4a1f-8036-db995e74873a
d8855e22-bc7d-420a-aacf-509f5c3267a6,,https://www.gencourt.state.nh.us/bill_status/legacy/bs2016/bill_status.aspx?lsr=2029&sy=2024&sortoption=&txtsessionyear=2024,ocd-bill/1fac1333-1ba2-4e5d-ba80-65fe18987a3d
147995af-bcb6-42b1-b3cb-e04bf07d05a7,,https://www.gencourt.state.nh.us/bill_status/legacy/bs2016/bill_status.aspx?lsr=2744&sy=2024&sortoption=&txtsessionyear=2024,ocd-bill/4e48cf92-615e-4a1f-99aa-1462acf4febf
282ebe60-af31-4b4f-bfe7-356719a741bf,,https://www.gencourt.state.nh.us/bill_status/legacy/bs2016/bill_status.aspx?lsr=0506&sy=2024&sortoption=&txtsessionyear=2024,ocd-bill/77171de3-8597-4593-837d-4f25ce5195ef
3c542273-da94-4107-baf1-2eec9f534b61,,https://www.gencourt.state.nh.us/bill_status/legacy/bs2016/bill_status.aspx?lsr=2798&sy=2024&sortoption=&txtsessionyear=2024,ocd-bill/f50580cc-75ee-48ef-8a73-7b042084f6fa
36e80ab8-47a4-4d27-83f6-061dbf469348,,https://www.gencourt.state.nh.us/bill_status/legacy/bs2016/bill_status.aspx?lsr=2962&sy=2024&sortoption=&txtsessionyear=2024,ocd-bill/b24acde5-eb1f-43fd-b287-277658b36320
3d1ca4c5-4a7b-4df6-a0b5-17d5f6b3ecd3,,https://www.gencourt.state.nh.us/bill_status/legacy/bs2016/bill_status.aspx?lsr=2139&sy=2024&sortoption=&txtsessionyear=2024,ocd-bill/ccb01971-04d2-4386-a061-40ffc02eef9e
029da1e3-aa38-4338-a2b4-40e643977ebe,,https://www.gencourt.state.nh.us/bill_status/legacy/bs2016/bill_status.aspx?lsr=0531&sy=2024&sortoption=&txtsessionyear=2024,ocd-bill/50f80bf3-9c10-4715-8484-a1c25d796361
e203eac2-d763-4c70-adc2-6f22664a1266,,https://www.gencourt.state.nh.us/bill_status/legacy/bs2016/bill_status.aspx?lsr=0713&sy=2024&sortoption=&txtsessionyear=2024,ocd-bill/17c4b593-1c44-49be-a3ce-78cced05ab7a
e2684441-aa5c-4713-8734-a26a975ada06,,https://www.gencourt.state.nh.us/bill_status/legacy/bs2016/bill_status.aspx?lsr=0134&sy=2024&sortoption=&txtsessionyear=2024,ocd-bill/59c73bcc-072a-4168-8afb-fd550b12b121
4f9b3a69-e42c-4f2f-bb4a-2e2fe10b2bd2,,https://www.gencourt.state.nh.us/bill_status/legacy/bs2016/bill_status.aspx?lsr=2880&sy=2024&sortoption=&txtsessionyear=2024,ocd-bill/818d0f77-988a-430c-8af1-258b7e348776
67d6c423-0fd3-467c-849c-da1d7a203808,,https://www.gencourt.state.nh.us/bill_status/legacy/bs2016/bill_status.aspx?lsr=2242&sy=2024&sortoption=&txtsessionyear=2024,ocd-bill/94126c15-2ccf-44ee-993c-b39f5c054927
bd822c47-a26d-4782-9456-bf55b1f47fe3,,https://www.gencourt.state.nh.us/bill_status/legacy/bs2016/bill_status.aspx?lsr=3017&sy=2024&sortoption=&txtsessionyear=2024,ocd-bill/a24321a1-60e0-4430-a0a0-bfb678ade483
94f7b0c0-f59d-4654-b09d-960801717a48,,https://www.gencourt.state.nh.us/bill_status/legacy/bs2016/bill_status.aspx?lsr=3146&sy=2024&sortoption=&txtsessionyear=2024,ocd-bill/adba3057-e936-4e3e-a8c8-1a04d0cbe6ea
a19714af-eed7-4e3f-b2b7-eea27e82f80a,,https://www.gencourt.state.nh.us/bill_status/legacy/bs2016/bill_status.aspx?lsr=0403&sy=2024&sortoption=&txtsessionyear=2024,ocd-bill/60157058-66f5-4e52-93cd-91914101d3ee
631c934c-ddc4-4911-b80b-cde856daf90e,,https://www.gencourt.state.nh.us/bill_status/legacy/bs2016/bill_status.aspx?lsr=0544&sy=2024&sortoption=&txtsessionyear=2024,ocd-bill/061e83a6-8ca7-440d-8d19-1b90377d5fbc
28d4df63-cef2-41c0-b176-0e0db62e00bf,,https://www.gencourt.state.nh.us/bill_status/legacy/bs2016/bill_status.aspx?lsr=2743&sy=2024&sortoption=&txtsessionyear=2024,ocd-bill/5711745c-0725-40f9-8428-0cf53d862a3c
4e66eaee-d50d-4ade-90b7-955631a58428,,https://www.gencourt.state.nh.us/bill_status/legacy/bs2016/bill_status.aspx?lsr=2355&sy=2024&sortoption=&txtsessionyear=2024,ocd-bill/4b4bdbf3-5575-4cfb-85b8-60daf9db2b94
e8c95525-2774-4b3d-83d3-e0aaf8ff6e3e,,https://www.gencourt.state.nh.us/bill_status/legacy/bs2016/bill_status.aspx?lsr=1026&sy=2024&sortoption=&txtsessionyear=2024,ocd-bill/94345ce1-7d80-4dbb-a9e8-cfaf84efe4f2
22d1c2ae-b22a-44dd-8837-eeacb4f40e0b,,https://www.gencourt.state.nh.us/bill_status/legacy/bs2016/bill_status.aspx?lsr=0409&sy=2024&sortoption=&txtsessionyear=2024,ocd-bill/d871538c-6da4-4b34-b6d5-0562573226c0
7c91e646-5245-44ad-b13f-59253ae309a9,,https://www.gencourt.state.nh.us/bill_status/legacy/bs2016/bill_status.aspx?lsr=2112&sy=2024&sortoption=&txtsessionyear=2024,ocd-bill/b3003656-fa7f-407f-b2ce-ca9a18203819
eb4b9680-d951-48c8-b37e-e6b64eabf63c,,https://www.gencourt.state.nh.us/bill_status/legacy/bs2016/bill_status.aspx?lsr=3097&sy=2024&sortoption=&txtsessionyear=2024,ocd-bill/8f82b2ca-918a-4bcb-8cdd-e7ef9d539be7
5f474f08-b8ae-4b63-93d2-0d0b03d4ef58,,https://www.gencourt.state.nh.us/bill_status/legacy/bs2016/bill_status.aspx?lsr=2731&sy=2024&sortoption=&txtsessionyear=2024,ocd-bill/7ca783c5-8fc9-4d7e-82ef-77fdc6560f64
07e4c0f6-8249-401d-bf3c-56def1a4a84b,,https://www.gencourt.state.nh.us/bill_status/legacy/bs2016/bill_status.aspx?lsr=2373&sy=2024&sortoption=&txtsessionyear=2024,ocd-bill/71630312-0265-487e-99fc-d60e97e1e7fd
78258691-e57d-4a4d-8d00-5222abfa9f8e,,https://www.gencourt.state.nh.us/bill_status/legacy/bs2016/bill_status.aspx?lsr=2785&sy=2024&sortoption=&txtsessionyear=2024,ocd-bill/9c10e87b-4548-4c1e-8abc-ddd5bbab8679
ffd0eeb8-7869-48d8-99c2-d2a24a75a654,,https://www.gencourt.state.nh.us/bill_status/legacy/bs2016/bill_status.aspx?lsr=2489&sy=2024&sortoption=&txtsessionyear=2024,ocd-bill/934e773c-3fe9-4992-afc3-ccf378afa041
4511b4ce-4f9d-402e-9d26-2ac707b1cf7a,,https://www.gencourt.state.nh.us/bill_status/legacy/bs2016/bill_status.aspx?lsr=2082&sy=2024&sortoption=&txtsessionyear=2024,ocd-bill/235a1f5f-817e-4c9e-86a6-9e45b6011f58
9ba79572-1d93-4efb-885a-a2a7e4c66d7d,,https://www.gencourt.state.nh.us/bill_status/legacy/bs2016/bill_status.aspx?lsr=0368&sy=2024&sortoption=&txtsessionyear=2024,ocd-bill/cf9277d2-63f5-4ccb-b52d-d0b66860632e
06523724-ad8c-4782-abad-c48d6c3c1629,,https://www.gencourt.state.nh.us/bill_status/legacy/bs2016/bill_status.aspx?lsr=2372&sy=2024&sortoption=&txtsessionyear=2024,ocd-bill/7798bd4d-b8fc-4b3c-99b2-a224ef89589b
a3fc7f53-a8ae-4928-8e81-dc01bc96da8c,,https://www.gencourt.state.nh.us/bill_status/legacy/bs2016/bill_status.aspx?lsr=2091&sy=2024&sortoption=&txtsessionyear=2024,ocd-bill/8508c408-cec3-4b24-8e00-620575e8c605
d22814f3-9a1f-4dfb-98f8-6b12bbbed8c6,,https://www.gencourt.state.nh.us/bill_status/legacy/bs2016/bill_status.aspx?lsr=2100&sy=2024&sortoption=&txtsessionyear=2024,ocd-bill/546b1318-090b-4442-b257-3ef4c6780adf
d1edb01d-30e1-43b4-97c7-a7d756dbc179,,https://www.gencourt.state.nh.us/bill_status/legacy/bs2016/bill_status.aspx?lsr=2045&sy=2024&sortoption=&txtsessionyear=2024,ocd-bill/0b600663-91fa-40ae-a070-9748a1a1d7ce
105c4f85-f14c-41fd-90f9-07245bfe3597,,https://www.gencourt.state.nh.us/bill_status/legacy/bs2016/bill_status.aspx?lsr=0354&sy=2024&sortoption=&txtsessionyear=2024,ocd-bill/e0b1387f-276d-4500-8b8c-0eb22efcf235
816ff349-86b9-4dea-89f4-885157092b2b,,https://www.gencourt.state.nh.us/bill_status/legacy/bs2016/bill_status.aspx?lsr=2586&sy=2024&sortoption=&txtsessionyear=2024,ocd-bill/afe808b5-86f2-4f6a-b8b3-2350660c0502
1db51d56-f1cd-4b5a-a148-80dfc760eff5,,https://www.gencourt.state.nh.us/bill_status/legacy/bs2016/bill_status.aspx?lsr=0048&sy=2024&sortoption=&txtsessionyear=2024,ocd-bill/bdbabd73-ff1d-4faf-8b9f-b23064cf0af9
acb3640c-ae1d-452f-a2bc-a6ce86f984e8,,https://www.gencourt.state.nh.us/bill_status/legacy/bs2016/bill_status.aspx?lsr=0337&sy=2024&sortoption=&txtsessionyear=2024,ocd-bill/12385736-7181-4627-aac3-dd8817981b79
d734743e-e12e-4b44-adc4-47b0fdd9f850,,https://www.gencourt.state.nh.us/bill_status/legacy/bs2016/bill_status.aspx?lsr=2651&sy=2024&sortoption=&txtsessionyear=2024,ocd-bill/464b71d1-57f8-4cd1-b801-fb033afe6767
10b34529-1d6f-4a1d-928d-b85623e92688,,https://www.gencourt.state.nh.us/bill_status/legacy/bs2016/bill_status.aspx?lsr=2799&sy=2024&sortoption=&txtsessionyear=2024,ocd-bill/ac38921c-85af-459e-886d-bf0744b073e3
eac161c2-2bc4-4df5-8b53-d01f83adc76e,,https://www.gencourt.state.nh.us/bill_status/legacy/bs2016/bill_status.aspx?lsr=2560&sy=2024&sortoption=&txtsessionyear=2024,ocd-bill/3d5ca8ea-d2b9-4645-8fbf-1959b1d6aeaf
56a0f246-d64c-4106-afa3-9c33b341cd06,,https://www.gencourt.state.nh.us/bill_status/legacy/bs2016/bill_status.aspx?lsr=2860&sy=2024&sortoption=&txtsessionyear=2024,ocd-bill/7d3bdbbd-3caa-4e8b-8817-5642886adeb4
bd32f80d-e95e-4cd9-9650-3d4f4c096abe,,https://www.gencourt.state.nh.us/bill_status/legacy/bs2016/bill_status.aspx?lsr=2423&sy=2024&sortoption=&txtsessionyear=2024,ocd-bill/b03b9e0b-a94f-4c82-aff7-b7cb5f6b701f
151f1741-4332-4e39-9fae-bfe8e1974c80,,https://www.gencourt.state.nh.us/bill_status/legacy/bs2016/bill_status.aspx?lsr=2160&sy=2024&sortoption=&txtsessionyear=2024,ocd-bill/900ce85e-a469-4f9c-bc5f-83eb1af2bd0a
a67c0fe7-1e45-457f-b431-c42c592bab1b,,https://www.gencourt.state.nh.us/bill_status/legacy/bs2016/bill_status.aspx?lsr=2932&sy=2024&sortoption=&txtsessionyear=2024,ocd-bill/5aa40e34-7cd4-4ab9-8566-26afe624be16
056b3538-bd55-4b2e-b240-747d8ef9b8e1,,https://www.gencourt.state.nh.us/bill_status/legacy/bs2016/bill_status.aspx?lsr=0592&sy=2024&sortoption=&txtsessionyear=2024,ocd-bill/97740b02-7a76-4b97-8bd1-84c3028a532e
29b4fa66-c9c6-4c1c-aef5-e89da9be71ea,,https://www.gencourt.state.nh.us/bill_status/legacy/bs2016/bill_status.aspx?lsr=2596&sy=2024&sortoption=&txtsessionyear=2024,ocd-bill/4575a3e6-2941-479d-93f6-35713bb8dcb9
e5b14041-ebf7-486f-b930-623552a3fd99,,https://www.gencourt.state.nh.us/bill_status/legacy/bs2016/bill_status.aspx?lsr=3099&sy=2024&sortoption=&txtsessionyear=2024,ocd-bill/a6ee0d35-b611-4da2-9adf-187cb29c38a0
4d9fd14f-aa99-4b5d-93f4-7a3dcd95bb46,,https://www.gencourt.state.nh.us/bill_status/legacy/bs2016/bill_status.aspx?lsr=3047&sy=2024&sortoption=&txtsessionyear=2024,ocd-bill/7dc8de20-617d-4682-97b8-5f4246aa7a15
b801a526-1a4a-42e0-bf51-e0b615946781,,https://www.gencourt.state.nh.us/bill_status/legacy/bs2016/bill_status.aspx?lsr=3067&sy=2024&sortoption=&txtsessionyear=2024,ocd-bill/811869c1-29f2-44ad-b6ae-72216ebb9590
45298814-8fdf-40e6-9a0f-f9b2fabc6d38,,https://www.gencourt.state.nh.us/bill_status/legacy/bs2016/bill_status.aspx?lsr=2462&sy=2024&sortoption=&txtsessionyear=2024,ocd-bill/1efb1f47-0a77-4d43-8310-9ba994c7116a
5606eb5d-2c7d-4502-9e77-694422fbc4dd,,https://www.gencourt.state.nh.us/bill_status/legacy/bs2016/bill_status.aspx?lsr=3138&sy=2024&sortoption=&txtsessionyear=2024,ocd-bill/bc9d8489-050a-4031-b324-9a9a560f4e34
f46d589b-c713-45eb-8c9e-f21c2fd2a70d,,https://www.gencourt.state.nh.us/bill_status/legacy/bs2016/bill_status.aspx?lsr=0235&sy=2024&sortoption=&txtsessionyear=2024,ocd-bill/23579395-b8f6-4331-8eb7-d2d0a109ab75
5ce8cb11-b90a-4dfb-846a-90c5ae07bdc2,,https://www.gencourt.state.nh.us/bill_status/legacy/bs2016/bill_status.aspx?lsr=2792&sy=2024&sortoption=&txtsessionyear=2024,ocd-bill/e6f34402-a654-4a66-bb6f-1dd306b9ee4e
05243bca-95eb-44d8-ab91-61841f380867,,https://www.gencourt.state.nh.us/bill_status/legacy/bs2016/bill_status.aspx?lsr=2278&sy=2024&sortoption=&txtsessionyear=2024,ocd-bill/37354c62-1ea7-4230-b4f3-6357bc239a96
8158d5d6-00c3-4dc4-9647-7f3f962d59df,,https://www.gencourt.state.nh.us/bill_status/legacy/bs2016/bill_status.aspx?lsr=2429&sy=2024&sortoption=&txtsessionyear=2024,ocd-bill/4ed56411-eda3-47ba-a1f6-ff11940f8cf6
9bce77f6-e360-4adc-8b12-6611f9c93219,,https://www.gencourt.state.nh.us/bill_status/legacy/bs2016/bill_status.aspx?lsr=2075&sy=2024&sortoption=&txtsessionyear=2024,ocd-bill/a6aaaf01-313d-4f2d-8721-c1cd7b88b6e2
1562d79e-b0ef-426d-acde-149ba97bd5dc,,https://www.gencourt.state.nh.us/bill_status/legacy/bs2016/bill_status.aspx?lsr=2484&sy=2024&sortoption=&txtsessionyear=2024,ocd-bill/2e0e7148-a973-4296-b7b5-2d7da198076c
4f8cae38-d4c7-4151-8992-738a3205b8ca,,https://www.gencourt.state.nh.us/bill_status/legacy/bs2016/bill_status.aspx?lsr=2508&sy=2024&sortoption=&txtsessionyear=2024,ocd-bill/4dbbf0f7-5097-471b-8fde-08ad13678e5c
12e34f7c-8371-47aa-87e3-3035458f3921,,https://www.gencourt.state.nh.us/bill_status/legacy/bs2016/bill_status.aspx?lsr=2876&sy=2024&sortoption=&txtsessionyear=2024,ocd-bill/c2ad743d-fd06-4ddd-8573-a6bbdf4a6975
cc743097-73f5-404c-bd26-b9b800305fae,,https://www.gencourt.state.nh.us/bill_status/legacy/bs2016/bill_status.aspx?lsr=2205&sy=2024&sortoption=&txtsessionyear=2024,ocd-bill/eb813c41-f707-4ca9-919d-5e0a6f123add
ed6bffe8-b224-46a2-a795-9d082940d1c9,,https://www.gencourt.state.nh.us/bill_status/legacy/bs2016/bill_status.aspx?lsr=2017&sy=2024&sortoption=&txtsessionyear=2024,ocd-bill/449e717b-2012-45f8-b84d-2eaae44cc05d
657a2e2a-3d5a-4e6e-a8c0-1b770b4a33ed,,https://www.gencourt.state.nh.us/bill_status/legacy/bs2016/bill_status.aspx?lsr=2768&sy=2024&sortoption=&txtsessionyear=2024,ocd-bill/b7f1f437-a270-43ea-ab5f-f094745fb4d8
69c8c791-57d2-4c33-b4d6-76e00d979246,,https://www.gencourt.state.nh.us/bill_status/legacy/bs2016/bill_status.aspx?lsr=0908&sy=2024&sortoption=&txtsessionyear=2024,ocd-bill/7017bca1-4c01-426d-a4ad-af420cbfedd0
f9d598cf-2263-40b8-ba0b-6cf03cd4de05,,https://www.gencourt.state.nh.us/bill_status/legacy/bs2016/bill_status.aspx?lsr=2722&sy=2024&sortoption=&txtsessionyear=2024,ocd-bill/405e90a7-8d1f-4049-b5ef-c1d2966151b8
e8ac50b4-762f-420b-9c92-026bdc3e30ee,,https://www.gencourt.state.nh.us/bill_status/legacy/bs2016/bill_status.aspx?lsr=0014&sy=2024&sortoption=&txtsessionyear=2024,ocd-bill/65ceb865-88c0-4eb9-b22a-8020504977ee
b6b533a3-b65f-46b9-80a1-20433d12a49f,,https://www.gencourt.state.nh.us/bill_status/legacy/bs2016/bill_status.aspx?lsr=2070&sy=2024&sortoption=&txtsessionyear=2024,ocd-bill/579fffe3-24b7-49db-b572-211fe22e6634
974292e0-9d18-4bd3-a6fe-3923e5fcf0f0,,https://www.gencourt.state.nh.us/bill_status/legacy/bs2016/bill_status.aspx?lsr=2202&sy=2024&sortoption=&txtsessionyear=2024,ocd-bill/6897778c-5913-4deb-9b2d-3c77af9f60b5
ab4e780a-501e-4ece-a31e-982d2401b0b1,,https://www.gencourt.state.nh.us/bill_status/legacy/bs2016/bill_status.aspx?lsr=2047&sy=2024&sortoption=&txtsessionyear=2024,ocd-bill/a69b883b-3eb5-4892-af93-c4b353bc679a
a70599ec-3614-4736-8c00-c0a97a5fb6b9,,https://www.gencourt.state.nh.us/bill_status/legacy/bs2016/bill_status.aspx?lsr=2011&sy=2024&sortoption=&txtsessionyear=2024,ocd-bill/d18e661f-ca43-431d-8501-aa4291e6c7eb
f9c06939-be3d-42d0-997d-343f3c4afac8,,https://www.gencourt.state.nh.us/bill_status/legacy/bs2016/bill_status.aspx?lsr=2168&sy=2024&sortoption=&txtsessionyear=2024,ocd-bill/e1f6083b-7c71-44c1-9a90-4c01b8c703df
88ee47db-0d32-4ad5-8a8f-227eb82e547d,,https://www.gencourt.state.nh.us/bill_status/legacy/bs2016/bill_status.aspx?lsr=2540&sy=2024&sortoption=&txtsessionyear=2024,ocd-bill/6123b56d-2d48-40bc-977b-78a23edca8dc
bf25e3e0-df4e-4ddb-b498-457af79a5647,,https://www.gencourt.state.nh.us/bill_status/legacy/bs2016/bill_status.aspx?lsr=2641&sy=2024&sortoption=&txtsessionyear=2024,ocd-bill/f0b402cf-62d4-4326-9c43-7475f0518206
4bb69d09-f89b-4215-8d83-ae43a2e5c972,,https://www.gencourt.state.nh.us/bill_status/legacy/bs2016/bill_status.aspx?lsr=2397&sy=2024&sortoption=&txtsessionyear=2024,ocd-bill/737bb25e-dae6-408c-a6ae-7a4f674957fe
46e7ee1e-8c6c-482c-9df1-6d2b87f757be,,https://www.gencourt.state.nh.us/bill_status/legacy/bs2016/bill_status.aspx?lsr=2524&sy=2024&sortoption=&txtsessionyear=2024,ocd-bill/bdb713da-1103-447d-add4-f9e1d516cff1
a2e7c39e-583c-4233-9867-96bc3fe98ce9,,https://www.gencourt.state.nh.us/bill_status/legacy/bs2016/bill_status.aspx?lsr=2033&sy=2024&sortoption=&txtsessionyear=2024,ocd-bill/fe9f5a4a-83cb-43f3-b8c7-d8047485ec6c
c22c8207-1da1-410a-b3c0-75c703fa30e1,,https://www.gencourt.state.nh.us/bill_status/legacy/bs2016/bill_status.aspx?lsr=2320&sy=2024&sortoption=&txtsessionyear=2024,ocd-bill/96992a70-aced-48c4-b2fe-6dba15e8bdcf
aad0a9be-9d00-4612-807b-e07674fb13bc,,https://www.gencourt.state.nh.us/bill_status/legacy/bs2016/bill_status.aspx?lsr=2418&sy=2024&sortoption=&txtsessionyear=2024,ocd-bill/cbafe274-f273-4807-b683-9d5f8deeab4e
f0292784-89e4-466c-af51-bcae41a65ff6,,https://www.gencourt.state.nh.us/bill_status/legacy/bs2016/bill_status.aspx?lsr=2920&sy=2024&sortoption=&txtsessionyear=2024,ocd-bill/7f378f8c-93b7-40cb-9129-ce2d13455eb0
b57b0ffe-db94-42b7-9d2f-fe6f8c9882b4,,https://www.gencourt.state.nh.us/bill_status/legacy/bs2016/bill_status.aspx?lsr=2685&sy=2024&sortoption=&txtsessionyear=2024,ocd-bill/616c11ff-8bd6-4ecc-b7bd-0f91a4f2bb16
0277e429-7511-4597-a8fc-1786d9c6a7fd,,https://www.gencourt.state.nh.us/bill_status/legacy/bs2016/bill_status.aspx?lsr=2271&sy=2024&sortoption=&txtsessionyear=2024,ocd-bill/70ff49f9-e32f-468d-8386-cc29f2099a64
09d6342c-7497-46b6-a4ad-2c24ccadf32e,,https://www.gencourt.state.nh.us/bill_status/legacy/bs2016/bill_status.aspx?lsr=0442&sy=2024&sortoption=&txtsessionyear=2024,ocd-bill/dd9a1fa6-d5a2-4497-8a71-cedeedef1f31
1f5307f3-6821-46cb-b120-d1a4e0419608,,https://www.gencourt.state.nh.us/bill_status/legacy/bs2016/bill_status.aspx?lsr=2618&sy=2024&sortoption=&txtsessionyear=2024,ocd-bill/b01c596c-ac2c-47d1-a01c-3f343c4c1dd3
e4557679-35f1-4328-a7cc-99fdd0f4ca96,,https://www.gencourt.state.nh.us/bill_status/legacy/bs2016/bill_status.aspx?lsr=2024&sy=2024&sortoption=&txtsessionyear=2024,ocd-bill/30d8a716-375b-4a4e-a9e3-d2ec29ddaf8c
e8539d0c-5163-475f-a50b-ac8008b6013e,,https://www.gencourt.state.nh.us/bill_status/legacy/bs2016/bill_status.aspx?lsr=2084&sy=2024&sortoption=&txtsessionyear=2024,ocd-bill/67516566-79f1-4884-94a1-7efa4772e412
d2f3552a-8fa6-4c7b-a469-56b5ad71e060,,https://www.gencourt.state.nh.us/bill_status/legacy/bs2016/bill_status.aspx?lsr=2438&sy=2024&sortoption=&txtsessionyear=2024,ocd-bill/62fc500a-70ca-4bd0-bcfa-4e7332f086da
e5df68e5-69cb-401c-be64-30bbbaf3e54b,,https://www.gencourt.state.nh.us/bill_status/legacy/bs2016/bill_status.aspx?lsr=2105&sy=2024&sortoption=&txtsessionyear=2024,ocd-bill/4f2a6b13-893d-426c-80f9-2850770abfb2
1f18308d-f9ec-457d-9ec9-eba07e2220e0,,https://www.gencourt.state.nh.us/bill_status/legacy/bs2016/bill_status.aspx?lsr=2435&sy=2024&sortoption=&txtsessionyear=2024,ocd-bill/2e97f190-262e-422a-8602-189a83936f67
e6d8a0ba-51fe-49fd-9c4a-054360608b11,,https://www.gencourt.state.nh.us/bill_status/legacy/bs2016/bill_status.aspx?lsr=2679&sy=2024&sortoption=&txtsessionyear=2024,ocd-bill/92c3798d-2c06-4f58-87f9-b608ac4903f3
358fda8c-7a99-4ce9-bd7d-8447439f8f75,,https://www.gencourt.state.nh.us/bill_status/legacy/bs2016/bill_status.aspx?lsr=2123&sy=2024&sortoption=&txtsessionyear=2024,ocd-bill/5d299dad-98ac-420b-9b83-0744b1872ef6
50117d1c-24a3-4b1a-9a4e-a3bcbeca1913,,https://www.gencourt.state.nh.us/bill_status/legacy/bs2016/bill_status.aspx?lsr=2465&sy=2024&sortoption=&txtsessionyear=2024,ocd-bill/093981f8-b503-4be8-9f5e-162ec5f651ba
aa52c11b-3d15-4b74-a3dd-47397e59b722,,https://www.gencourt.state.nh.us/bill_status/legacy/bs2016/bill_status.aspx?lsr=2542&sy=2024&sortoption=&txtsessionyear=2024,ocd-bill/61512f48-715a-4823-bdaf-26712bc899b2
4a5b3d08-0f36-4267-9abb-549b155d1bbc,,https://www.gencourt.state.nh.us/bill_status/legacy/bs2016/bill_status.aspx?lsr=2631&sy=2024&sortoption=&txtsessionyear=2024,ocd-bill/b0331031-fa37-4fe0-84cf-9ca1b8275fcb
b5d2b974-fcac-49f7-bd3b-7d3fbfeebac5,,https://www.gencourt.state.nh.us/bill_status/legacy/bs2016/bill_status.aspx?lsr=2357&sy=2024&sortoption=&txtsessionyear=2024,ocd-bill/af2b3e88-104e-4e8f-91d9-a6ef540b1a02
4f9893b6-00ba-4e89-9bfb-e4a01e0e6fe1,,https://www.gencourt.state.nh.us/bill_status/legacy/bs2016/bill_status.aspx?lsr=2077&sy=2024&sortoption=&txtsessionyear=2024,ocd-bill/f9d0a228-b276-4bf7-a9c2-43a0e8ee0536
04cc23fd-a133-437b-97ab-4989625226f4,,https://www.gencourt.state.nh.us/bill_status/legacy/bs2016/bill_status.aspx?lsr=2317&sy=2024&sortoption=&txtsessionyear=2024,ocd-bill/322f5db0-1581-4e69-a6c4-260f3c5255dd
0c03a74d-f680-4d34-99dc-8d1c72e2d243,,https://www.gencourt.state.nh.us/bill_status/legacy/bs2016/bill_status.aspx?lsr=2502&sy=2024&sortoption=&txtsessionyear=2024,ocd-bill/ac7ff09f-2d2e-4e5d-b18b-663660c62d53
310ddda3-8d63-4010-96b8-9bd331a364e8,,https://www.gencourt.state.nh.us/bill_status/legacy/bs2016/bill_status.aspx?lsr=2995&sy=2024&sortoption=&txtsessionyear=2024,ocd-bill/63740ce0-94e7-4dd5-b203-67334662b9b6
49c2e2d7-5c70-4f44-bffd-36302622903e,,https://www.gencourt.state.nh.us/bill_status/legacy/bs2016/bill_status.aspx?lsr=2842&sy=2024&sortoption=&txtsessionyear=2024,ocd-bill/8fd6b2a0-048d-4c11-ae84-c66c02ec139f
cf5aeaf1-10aa-40f5-8457-937e9a6f4083,,https://www.gencourt.state.nh.us/bill_status/legacy/bs2016/bill_status.aspx?lsr=2330&sy=2024&sortoption=&txtsessionyear=2024,ocd-bill/75853772-4e2d-4b9a-978d-5b98fe774d8f
ac1f242a-c581-4ca8-b757-2b522feddd04,,https://www.gencourt.state.nh.us/bill_status/legacy/bs2016/bill_status.aspx?lsr=2737&sy=2024&sortoption=&txtsessionyear=2024,ocd-bill/365bca70-8e34-4529-8146-a65a96f3cae3
947c5d49-a72b-4c54-8c3d-c14976e6e0cd,,https://www.gencourt.state.nh.us/bill_status/legacy/bs2016/bill_status.aspx?lsr=2235&sy=2024&sortoption=&txtsessionyear=2024,ocd-bill/0b18a822-0ad1-4c48-93ac-ccf6104654d4
b5715047-42d7-4ee0-8e8e-b044464437ec,,https://www.gencourt.state.nh.us/bill_status/legacy/bs2016/bill_status.aspx?lsr=0210&sy=2024&sortoption=&txtsessionyear=2024,ocd-bill/cf2e0efa-551c-452f-b1ba-63df85f48124
d29dd47b-f6cf-4120-8fd1-84a01620e773,,https://www.gencourt.state.nh.us/bill_status/legacy/bs2016/bill_status.aspx?lsr=2839&sy=2024&sortoption=&txtsessionyear=2024,ocd-bill/2ac21ea0-3812-4e29-8ad3-f75c7859f454
fc833fc2-1353-4569-b6fc-4b02c6aabbf0,,https://www.gencourt.state.nh.us/bill_status/legacy/bs2016/bill_status.aspx?lsr=0252&sy=2024&sortoption=&txtsessionyear=2024,ocd-bill/49b56104-236f-4656-a76f-ad70687490c9
9d9bd773-dd45-4aee-9f97-7dfaaf77eca2,,https://www.gencourt.state.nh.us/bill_status/legacy/bs2016/bill_status.aspx?lsr=2275&sy=2024&sortoption=&txtsessionyear=2024,ocd-bill/43940758-d9c7-48d2-a7ab-1eff7af39d6b
d1222248-337e-4574-a3be-2c43dfd6c606,,https://www.gencourt.state.nh.us/bill_status/legacy/bs2016/bill_status.aspx?lsr=0283&sy=2024&sortoption=&txtsessionyear=2024,ocd-bill/0c78b2b8-132d-4d3b-873a-936f6efc3d0d
9633250f-17b8-4fec-b523-30df702d22e7,,https://www.gencourt.state.nh.us/bill_status/legacy/bs2016/bill_status.aspx?lsr=2294&sy=2024&sortoption=&txtsessionyear=2024,ocd-bill/cd96ef3d-4c45-46d1-a010-f35617936405
72a997fa-a3be-4ca3-9f7d-cffb3d74d0d5,,https://www.gencourt.state.nh.us/bill_status/legacy/bs2016/bill_status.aspx?lsr=0476&sy=2024&sortoption=&txtsessionyear=2024,ocd-bill/947707ed-c7a7-4879-936c-c578b8fb0fe6
b3e91d2f-0316-46cd-aacb-27619df6bc41,,https://www.gencourt.state.nh.us/bill_status/legacy/bs2016/bill_status.aspx?lsr=2698&sy=2024&sortoption=&txtsessionyear=2024,ocd-bill/f2119e74-e1cf-4287-9c98-b770a9446f51
7ba06772-706f-4dee-84dd-d5aa1b9d80c2,,https://www.gencourt.state.nh.us/bill_status/legacy/bs2016/bill_status.aspx?lsr=2002&sy=2024&sortoption=&txtsessionyear=2024,ocd-bill/dafbebc4-26c5-46e5-9ace-b748bddce217
edf96b83-1abf-44f4-80a1-61c48f36d23f,,https://www.gencourt.state.nh.us/bill_status/legacy/bs2016/bill_status.aspx?lsr=3136&sy=2024&sortoption=&txtsessionyear=2024,ocd-bill/88e70b2f-5d1d-49e0-9f71-4f502ab6e3d1
907d7447-e819-4ea6-9018-b32d28e7f2ab,,https://www.gencourt.state.nh.us/bill_status/legacy/bs2016/bill_status.aspx?lsr=2452&sy=2024&sortoption=&txtsessionyear=2024,ocd-bill/13fd9583-9375-41a1-8a02-bf31293564ca
80100d09-5fb3-472f-959f-dfb49ec3ff7a,,https://www.gencourt.state.nh.us/bill_status/legacy/bs2016/bill_status.aspx?lsr=2431&sy=2024&sortoption=&txtsessionyear=2024,ocd-bill/88fd04d1-61d3-479e-8973-807d0e300eba
889bb0e9-ca8d-4734-9654-fbc4601ab3ad,,https://www.gencourt.state.nh.us/bill_status/legacy/bs2016/bill_status.aspx?lsr=2888&sy=2024&sortoption=&txtsessionyear=2024,ocd-bill/f03a9ea4-ba12-4100-8a7a-eeeefa958c9e
883d5ff5-557d-44c4-a9fc-b6b216e7f1c1,,https://www.gencourt.state.nh.us/bill_status/legacy/bs2016/bill_status.aspx?lsr=2917&sy=2024&sortoption=&txtsessionyear=2024,ocd-bill/162fcc33-3d66-48c3-908e-cae29ed9b9b3
762eb634-6761-497a-8b29-792ce3c3fc78,,https://www.gencourt.state.nh.us/bill_status/legacy/bs2016/bill_status.aspx?lsr=2142&sy=2024&sortoption=&txtsessionyear=2024,ocd-bill/5f5f09d6-d166-4846-babf-9f36116223a6
81ee871d-03ab-45b2-9e22-7f7fc5f520a4,,https://www.gencourt.state.nh.us/bill_status/legacy/bs2016/bill_status.aspx?lsr=2291&sy=2024&sortoption=&txtsessionyear=2024,ocd-bill/e84e60df-d0dd-49f2-a9d6-355a7766f4bf
6acd6e6a-dde0-4145-93e5-a1b1a8de6d1a,,https://www.gencourt.state.nh.us/bill_status/legacy/bs2016/bill_status.aspx?lsr=2793&sy=2024&sortoption=&txtsessionyear=2024,ocd-bill/ba2e8f3e-33b9-40fc-a46f-cf9299d1fa94
477ca046-be28-4ded-8466-0d76a4a096c9,,https://www.gencourt.state.nh.us/bill_status/legacy/bs2016/bill_status.aspx?lsr=0408&sy=2024&sortoption=&txtsessionyear=2024,ocd-bill/e455338c-80fe-494b-834d-c503cfdeb388
e3332b93-8f03-44d5-9e0e-e13139bcfe8c,,https://www.gencourt.state.nh.us/bill_status/legacy/bs2016/bill_status.aspx?lsr=2430&sy=2024&sortoption=&txtsessionyear=2024,ocd-bill/f33b3f53-7c32-4fb5-8f59-794cd2c1b435
4383dab9-ec74-4097-acc0-f2daf1a9cd4c,,https://www.gencourt.state.nh.us/bill_status/legacy/bs2016/bill_status.aspx?lsr=2108&sy=2024&sortoption=&txtsessionyear=2024,ocd-bill/99477919-281f-4a84-96e2-fae202527058
7ccbd2f6-3311-413a-a4d5-41a0333a0f48,,https://www.gencourt.state.nh.us/bill_status/legacy/bs2016/bill_status.aspx?lsr=2724&sy=2024&sortoption=&txtsessionyear=2024,ocd-bill/4b4d090d-1249-4b0b-a31c-a9848c195917
9d1d436e-7c5c-43c0-b554-eccf8b033fbb,,https://www.gencourt.state.nh.us/bill_status/legacy/bs2016/bill_status.aspx?lsr=2258&sy=2024&sortoption=&txtsessionyear=2024,ocd-bill/71e24835-4f05-440f-99f1-c886785ec0df
33d3dc2b-2078-4760-81af-02a9ea186827,,https://www.gencourt.state.nh.us/bill_status/legacy/bs2016/bill_status.aspx?lsr=2280&sy=2024&sortoption=&txtsessionyear=2024,ocd-bill/8f5b9328-9a17-4a02-9603-8dbed437e637
a8620bb4-6d22-4e1a-8c21-2abb4b9ddb51,,https://www.gencourt.state.nh.us/bill_status/legacy/bs2016/bill_status.aspx?lsr=0340&sy=2024&sortoption=&txtsessionyear=2024,ocd-bill/62596c65-d59d-415a-a9c7-5eec47b2b61c
a271f2fc-3f96-4ee9-b324-af555c916cf1,,https://www.gencourt.state.nh.us/bill_status/legacy/bs2016/bill_status.aspx?lsr=3159&sy=2024&sortoption=&txtsessionyear=2024,ocd-bill/9c8918a8-94d0-4263-89f4-b012cf0aca3e
cf30a884-2508-47fe-9a9b-6b7f4ba4d89d,,https://www.gencourt.state.nh.us/bill_status/legacy/bs2016/bill_status.aspx?lsr=0698&sy=2024&sortoption=&txtsessionyear=2024,ocd-bill/4603dc43-9b63-4e8d-9d4a-b52f962b5b6b
cce0114a-5e51-42bd-99fc-d56855b0e8d5,,https://www.gencourt.state.nh.us/bill_status/legacy/bs2016/bill_status.aspx?lsr=2777&sy=2024&sortoption=&txtsessionyear=2024,ocd-bill/077a3518-7f95-4a75-87ea-f07d758e9004
29a89d50-d39e-49bc-942a-cc6d31c6dd96,,https://www.gencourt.state.nh.us/bill_status/legacy/bs2016/bill_status.aspx?lsr=2510&sy=2024&sortoption=&txtsessionyear=2024,ocd-bill/5640c9d7-15bd-4f37-89dd-7108e1c0ea74
14901263-5569-426e-bf1f-73b93fe3a336,,https://www.gencourt.state.nh.us/bill_status/legacy/bs2016/bill_status.aspx?lsr=2472&sy=2024&sortoption=&txtsessionyear=2024,ocd-bill/4aefa0ad-227e-4c88-a9a1-35f79ec70891
d069f0bf-b5b8-48b5-8fa0-f396bf4ade8c,,https://www.gencourt.state.nh.us/bill_status/legacy/bs2016/bill_status.aspx?lsr=2948&sy=2024&sortoption=&txtsessionyear=2024,ocd-bill/f0ac7bf8-b774-4e7c-8b52-38b54b494871
50d47f34-3d97-40e4-93ba-5404f1055583,,https://www.gencourt.state.nh.us/bill_status/legacy/bs2016/bill_status.aspx?lsr=2117&sy=2024&sortoption=&txtsessionyear=2024,ocd-bill/29ea44d5-65ff-4cf4-b3c8-ef94a03dde69
abeee105-e4d5-464c-9502-4cfa2283659b,,https://www.gencourt.state.nh.us/bill_status/legacy/bs2016/bill_status.aspx?lsr=2844&sy=2024&sortoption=&txtsessionyear=2024,ocd-bill/14b53143-8587-47f3-9734-7d4347ad07e3
ebd083b3-36e1-4321-a749-7cdb90f12524,,https://www.gencourt.state.nh.us/bill_status/legacy/bs2016/bill_status.aspx?lsr=2064&sy=2024&sortoption=&txtsessionyear=2024,ocd-bill/a13a8ee6-f83a-4f91-b47f-92e9b617e86c
12e1d62d-276e-4cc8-8353-e27e3dc1f26b,,https://www.gencourt.state.nh.us/bill_status/legacy/bs2016/bill_status.aspx?lsr=2358&sy=2024&sortoption=&txtsessionyear=2024,ocd-bill/751d9a93-d764-4bff-891b-1c5beb7ecbde
efba6c5c-b7f6-45b1-ab72-f784a01efc47,,https://www.gencourt.state.nh.us/bill_status/legacy/bs2016/bill_status.aspx?lsr=2654&sy=2024&sortoption=&txtsessionyear=2024,ocd-bill/93408f42-01f4-4f7d-8cb1-eab813107190
2aed24d5-a6d7-40c0-adb1-12b05ced3d3c,,https://www.gencourt.state.nh.us/bill_status/legacy/bs2016/bill_status.aspx?lsr=2156&sy=2024&sortoption=&txtsessionyear=2024,ocd-bill/bf01a2a7-1e5c-4142-8fbd-55797123e4ba
b03ba9ec-6538-4277-8bed-8a111472fc50,,https://www.gencourt.state.nh.us/bill_status/legacy/bs2016/bill_status.aspx?lsr=2752&sy=2024&sortoption=&txtsessionyear=2024,ocd-bill/5434353b-2c20-4d8b-bb8e-0e0ac5bfc2c2
eebe879c-edc0-49ba-a869-7199b805c8c2,,https://www.gencourt.state.nh.us/bill_status/legacy/bs2016/bill_status.aspx?lsr=2212&sy=2024&sortoption=&txtsessionyear=2024,ocd-bill/145057ba-1f83-47ec-bdb2-4c84198ece2c
98626ccd-17b4-4d88-9bc1-282321b69d87,,https://www.gencourt.state.nh.us/bill_status/legacy/bs2016/bill_status.aspx?lsr=2200&sy=2024&sortoption=&txtsessionyear=2024,ocd-bill/50e9a128-0f03-4b07-a289-2511eb574092
c5476424-2703-4329-aad1-bce9a002c2f7,,https://www.gencourt.state.nh.us/bill_status/legacy/bs2016/bill_status.aspx?lsr=0167&sy=2024&sortoption=&txtsessionyear=2024,ocd-bill/1268175d-b2b4-4a36-bada-0b934267609f
4476ec74-aff1-48e9-b9e5-4bab113619c5,,https://www.gencourt.state.nh.us/bill_status/legacy/bs2016/bill_status.aspx?lsr=2970&sy=2024&sortoption=&txtsessionyear=2024,ocd-bill/e7425fab-04e2-40c3-a719-b0285055e62b
d22d51f7-53ff-4dde-a5d7-ffe1106f3f55,,https://www.gencourt.state.nh.us/bill_status/legacy/bs2016/bill_status.aspx?lsr=0635&sy=2024&sortoption=&txtsessionyear=2024,ocd-bill/fc1fdcf2-7374-47e6-ac1d-7c8c37b0d4ce
9db8e808-7302-451d-bdbc-6ac31b938126,,https://www.gencourt.state.nh.us/bill_status/legacy/bs2016/bill_status.aspx?lsr=2463&sy=2024&sortoption=&txtsessionyear=2024,ocd-bill/f6fafa64-9f36-47de-b2a0-37752b39d10a
87629e8e-15da-4d9d-b502-ee3a595ef150,,https://www.gencourt.state.nh.us/bill_status/legacy/bs2016/bill_status.aspx?lsr=2132&sy=2024&sortoption=&txtsessionyear=2024,ocd-bill/a575b361-1200-4745-bb38-1694bff1463c
557b18a3-05b5-43d7-b58a-cd94e0dda1fd,,https://www.gencourt.state.nh.us/bill_status/legacy/bs2016/bill_status.aspx?lsr=2442&sy=2024&sortoption=&txtsessionyear=2024,ocd-bill/13793c6b-b7f0-4473-810b-bf54ada391ba
5835a8fa-8d30-4919-a714-3bd4d689f61c,,https://www.gencourt.state.nh.us/bill_status/legacy/bs2016/bill_status.aspx?lsr=2249&sy=2024&sortoption=&txtsessionyear=2024,ocd-bill/93763d1b-f8ad-454d-880a-8fcf423f2410
f9ced3ce-967e-4652-8c37-47ee0d5a6b93,,https://www.gencourt.state.nh.us/bill_status/legacy/bs2016/bill_status.aspx?lsr=0535&sy=2024&sortoption=&txtsessionyear=2024,ocd-bill/156e554f-74ba-4a24-8174-cec8b89d6d86
ebd121f5-a52c-49b6-86b3-1a0ac67eb1de,,https://www.gencourt.state.nh.us/bill_status/legacy/bs2016/bill_status.aspx?lsr=2832&sy=2024&sortoption=&txtsessionyear=2024,ocd-bill/b5bb243a-9877-42ed-a94f-36c08633f057
ca796178-6644-42eb-a831-d48bfed33fc8,,https://www.gencourt.state.nh.us/bill_status/legacy/bs2016/bill_status.aspx?lsr=2393&sy=2024&sortoption=&txtsessionyear=2024,ocd-bill/94fc04bd-5ec0-4152-8a9f-f4136f5fac87
e9d75acb-560b-4ea4-bff9-94c6ec6596c6,,https://www.gencourt.state.nh.us/bill_status/legacy/bs2016/bill_status.aspx?lsr=2537&sy=2024&sortoption=&txtsessionyear=2024,ocd-bill/63e17806-d576-471d-bd7b-62dba7680dec
9f6ac068-3f5e-48dd-b587-6fca2e99a823,,https://www.gencourt.state.nh.us/bill_status/legacy/bs2016/bill_status.aspx?lsr=2538&sy=2024&sortoption=&txtsessionyear=2024,ocd-bill/aa175faa-e87d-48e3-a347-10a409df39aa
436d6975-a584-4009-b46b-82ba0c001fa7,,https://www.gencourt.state.nh.us/bill_status/legacy/bs2016/bill_status.aspx?lsr=0716&sy=2024&sortoption=&txtsessionyear=2024,ocd-bill/9fb78793-e711-4208-b030-c6ae0cd1c398
de592249-8109-4fe8-acf1-f9da8cd3c72b,,https://www.gencourt.state.nh.us/bill_status/legacy/bs2016/bill_status.aspx?lsr=2526&sy=2024&sortoption=&txtsessionyear=2024,ocd-bill/60b42890-7152-4db3-afc1-22ab39217217
27763b0b-ec85-47b8-b03e-27f1dbadb55f,,https://www.gencourt.state.nh.us/bill_status/legacy/bs2016/bill_status.aspx?lsr=2238&sy=2024&sortoption=&txtsessionyear=2024,ocd-bill/df3b87c1-1235-4f16-9d98-565cf5764bab
0e0ed504-6a59-4d62-96d3-bb6188749636,,https://www.gencourt.state.nh.us/bill_status/legacy/bs2016/bill_status.aspx?lsr=0689&sy=2024&sortoption=&txtsessionyear=2024,ocd-bill/0126455a-3916-435e-8527-8950b7fd3c04
0cbe0a1b-2887-4b59-93d5-d71c5a3cbfb3,,https://www.gencourt.state.nh.us/bill_status/legacy/bs2016/bill_status.aspx?lsr=2264&sy=2024&sortoption=&txtsessionyear=2024,ocd-bill/9b8fb0fd-ff22-4aeb-888c-57016466f957
89ef0e49-3444-4a69-b7f4-283b6c401152,,https://www.gencourt.state.nh.us/bill_status/legacy/bs2016/bill_status.aspx?lsr=0293&sy=2024&sortoption=&txtsessionyear=2024,ocd-bill/6b0aa582-855e-43a1-9854-3ef52339c6da
b416a732-b075-4c51-964a-ef3755cc8b03,,https://www.gencourt.state.nh.us/bill_status/legacy/bs2016/bill_status.aspx?lsr=2456&sy=2024&sortoption=&txtsessionyear=2024,ocd-bill/217ba3ba-90c8-4856-9c03-11e6f4a40cff
8a8a4758-49ac-4347-9974-758dcc158259,,https://www.gencourt.state.nh.us/bill_status/legacy/bs2016/bill_status.aspx?lsr=2741&sy=2024&sortoption=&txtsessionyear=2024,ocd-bill/7d67b96b-75c7-4f90-a3bd-07844390068e
9a5049cd-f108-4a12-861b-5cf712182c4a,,https://www.gencourt.state.nh.us/bill_status/legacy/bs2016/bill_status.aspx?lsr=2569&sy=2024&sortoption=&txtsessionyear=2024,ocd-bill/c896e85b-4c3d-4d49-a602-4c477e1d30a5
28857a40-2520-4039-a973-151002bf1ae5,,https://www.gencourt.state.nh.us/bill_status/legacy/bs2016/bill_status.aspx?lsr=0390&sy=2024&sortoption=&txtsessionyear=2024,ocd-bill/7e3cb711-7c17-4424-b233-52e3dea49957
bdbf23a6-7221-4257-8e38-ba98d66ff03b,,https://www.gencourt.state.nh.us/bill_status/legacy/bs2016/bill_status.aspx?lsr=2303&sy=2024&sortoption=&txtsessionyear=2024,ocd-bill/192ee747-e8c4-4f81-b860-855d18790362
9b8321e1-4702-4076-a854-f6f10fd91aed,,https://www.gencourt.state.nh.us/bill_status/legacy/bs2016/bill_status.aspx?lsr=2361&sy=2024&sortoption=&txtsessionyear=2024,ocd-bill/2cb37956-42cf-4aad-856a-a3425e976acb
2a3dcb62-7340-444e-a6de-8a760a336aa5,,https://www.gencourt.state.nh.us/bill_status/legacy/bs2016/bill_status.aspx?lsr=2705&sy=2024&sortoption=&txtsessionyear=2024,ocd-bill/2e2811e2-3c44-45f4-95d8-9057b93c97aa
2a9759f6-b2eb-478f-960c-219a8125cb7c,,https://www.gencourt.state.nh.us/bill_status/legacy/bs2016/bill_status.aspx?lsr=2532&sy=2024&sortoption=&txtsessionyear=2024,ocd-bill/73658280-1ffc-4680-8958-45c6e9628752
dce12487-646c-400e-bb4b-82412940a759,,https://www.gencourt.state.nh.us/bill_status/legacy/bs2016/bill_status.aspx?lsr=2709&sy=2024&sortoption=&txtsessionyear=2024,ocd-bill/c0f938ea-2ab7-4217-bc2b-1906266334aa
feb126be-21ee-43c3-921f-37001270fa7e,,https://www.gencourt.state.nh.us/bill_status/legacy/bs2016/bill_status.aspx?lsr=2094&sy=2024&sortoption=&txtsessionyear=2024,ocd-bill/3b182adb-a7c1-412b-9116-c635abd09951
139d6e0f-e709-4aaa-a7a9-cf38a023fda9,,https://www.gencourt.state.nh.us/bill_status/legacy/bs2016/bill_status.aspx?lsr=2177&sy=2024&sortoption=&txtsessionyear=2024,ocd-bill/441c0dc7-9dd8-484c-af84-2839bcb5a0ed
05050033-7938-4ca4-b86e-20700c7a093d,,https://www.gencourt.state.nh.us/bill_status/legacy/bs2016/bill_status.aspx?lsr=2383&sy=2024&sortoption=&txtsessionyear=2024,ocd-bill/fb6065c0-1a13-48a7-8e8a-2dc642aed4c2
2686ac6d-dece-4f7b-8eb9-1ce8174aa006,,https://www.gencourt.state.nh.us/bill_status/legacy/bs2016/bill_status.aspx?lsr=2977&sy=2024&sortoption=&txtsessionyear=2024,ocd-bill/3a26336f-bd43-46c2-81bb-45211c16afe4
d5a1afe3-b215-4530-9d35-d72d689933d6,,https://www.gencourt.state.nh.us/bill_status/legacy/bs2016/bill_status.aspx?lsr=2947&sy=2024&sortoption=&txtsessionyear=2024,ocd-bill/77ba5f40-6369-4dbf-b290-f1612237af9e
97f7e942-bf71-4c10-b4d2-0acf522c371f,,https://www.gencourt.state.nh.us/bill_status/legacy/bs2016/bill_status.aspx?lsr=2727&sy=2024&sortoption=&txtsessionyear=2024,ocd-bill/ed0c412d-601d-4b4a-befe-7f053a3b1028
51f12ced-5f7d-4ded-a8aa-23c64699e265,,https://www.gencourt.state.nh.us/bill_status/legacy/bs2016/bill_status.aspx?lsr=2369&sy=2024&sortoption=&txtsessionyear=2024,ocd-bill/41c0fd49-574e-4fc8-ab90-caa4454d59df
240491de-fbe5-45bd-a7d3-650f281b33b5,,https://www.gencourt.state.nh.us/bill_status/legacy/bs2016/bill_status.aspx?lsr=2716&sy=2024&sortoption=&txtsessionyear=2024,ocd-bill/f7b42976-276c-4de5-ade3-b49412290730
e5e61712-3f1c-44ba-afac-61de99024f02,,https://www.gencourt.state.nh.us/bill_status/legacy/bs2016/bill_status.aspx?lsr=3135&sy=2024&sortoption=&txtsessionyear=2024,ocd-bill/13b436a8-71c3-4b1d-9a6a-94971531b413
8de69a3b-c6a6-459f-849f-54afd3c8b593,,https://www.gencourt.state.nh.us/bill_status/legacy/bs2016/bill_status.aspx?lsr=1041&sy=2024&sortoption=&txtsessionyear=2024,ocd-bill/3b140606-96c7-4af0-82b2-ad0e765bb5e7
ce484444-c52d-4f47-8f44-d3255ef893c8,,https://www.gencourt.state.nh.us/bill_status/legacy/bs2016/bill_status.aspx?lsr=3078&sy=2024&sortoption=&txtsessionyear=2024,ocd-bill/9b49418e-fc73-479a-8046-14e75e095da7
0bb95134-297c-449f-b330-0a1ce3654406,,https://www.gencourt.state.nh.us/bill_status/legacy/bs2016/bill_status.aspx?lsr=3093&sy=2024&sortoption=&txtsessionyear=2024,ocd-bill/323df0ef-42da-4491-a519-161dce584d74
91edb3cb-c20b-497a-baf7-3db047136852,,https://www.gencourt.state.nh.us/bill_status/legacy/bs2016/bill_status.aspx?lsr=2525&sy=2024&sortoption=&txtsessionyear=2024,ocd-bill/74622094-e5a2-4c6d-beb4-0774b2c164c3
edae3e9f-1fa6-49be-923e-6a6ff2adf9b5,,https://www.gencourt.state.nh.us/bill_status/legacy/bs2016/bill_status.aspx?lsr=0578&sy=2024&sortoption=&txtsessionyear=2024,ocd-bill/f14a5c88-cd6b-4a16-9481-58458044c6fc
6e97abf9-878c-42ae-ad9f-4328fe0c389c,,https://www.gencourt.state.nh.us/bill_status/legacy/bs2016/bill_status.aspx?lsr=2266&sy=2024&sortoption=&txtsessionyear=2024,ocd-bill/90b72448-40eb-4f6a-8432-e54b357a01f2
f3903a1c-73bc-44e0-963f-a63771643a8d,,https://www.gencourt.state.nh.us/bill_status/legacy/bs2016/bill_status.aspx?lsr=2650&sy=2024&sortoption=&txtsessionyear=2024,ocd-bill/74ef1095-2ef0-4efe-8e58-e2bbdb6998aa
df437679-d08e-4859-86ef-8863af73f65f,,https://www.gencourt.state.nh.us/bill_status/legacy/bs2016/bill_status.aspx?lsr=3027&sy=2024&sortoption=&txtsessionyear=2024,ocd-bill/557746d9-5233-4b71-a9c7-6110f06fd048
fac9cd32-e1ba-4f57-9869-32519780f8dd,,https://www.gencourt.state.nh.us/bill_status/legacy/bs2016/bill_status.aspx?lsr=2339&sy=2024&sortoption=&txtsessionyear=2024,ocd-bill/f828c43f-83db-4f4d-a9ea-f024fb6c6055
9cb56e02-5b75-4be6-b678-bfbdcd524e8c,,https://www.gencourt.state.nh.us/bill_status/legacy/bs2016/bill_status.aspx?lsr=1032&sy=2024&sortoption=&txtsessionyear=2024,ocd-bill/d1efd799-e6ba-40c4-9263-2b03a6190660
655045b3-63a3-49e9-ad05-82c0510ff8fe,,https://www.gencourt.state.nh.us/bill_status/legacy/bs2016/bill_status.aspx?lsr=2875&sy=2024&sortoption=&txtsessionyear=2024,ocd-bill/31609c90-afdf-45f6-ad57-42d9bdb06051
505bdd71-1bee-4a72-8170-8eb8e781b173,,https://www.gencourt.state.nh.us/bill_status/legacy/bs2016/bill_status.aspx?lsr=3016&sy=2024&sortoption=&txtsessionyear=2024,ocd-bill/19d2c0de-2762-42d5-a520-998c55d00f23
72b3da93-ca58-4b9f-b031-26f8bfaf269f,,https://www.gencourt.state.nh.us/bill_status/legacy/bs2016/bill_status.aspx?lsr=0079&sy=2024&sortoption=&txtsessionyear=2024,ocd-bill/2aa187f4-eea4-4358-be41-0da3e5d46162
12c57559-b613-499a-9f99-e5ee19c1acbf,,https://www.gencourt.state.nh.us/bill_status/legacy/bs2016/bill_status.aspx?lsr=2735&sy=2024&sortoption=&txtsessionyear=2024,ocd-bill/4b6f062a-de9d-42d2-8fe3-4e21dbee1293
df911ba3-0eea-4400-b6db-de681f44481b,,https://www.gencourt.state.nh.us/bill_status/legacy/bs2016/bill_status.aspx?lsr=3147&sy=2024&sortoption=&txtsessionyear=2024,ocd-bill/1ef9312e-361d-4773-a03f-f37be8cd499f
6a0504c7-f636-4234-a15d-b655b04670db,,https://www.gencourt.state.nh.us/bill_status/legacy/bs2016/bill_status.aspx?lsr=0906&sy=2024&sortoption=&txtsessionyear=2024,ocd-bill/e718ac1c-4f93-4e2e-a04a-618c71d5bef5
a474ae90-c607-4f10-97ca-0a83e19242e5,,https://www.gencourt.state.nh.us/bill_status/legacy/bs2016/bill_status.aspx?lsr=2225&sy=2024&sortoption=&txtsessionyear=2024,ocd-bill/38e34825-275f-4473-b4c4-4e1063c2490e
47e5d735-9eb4-4178-a3f1-7874d2047630,,https://www.gencourt.state.nh.us/bill_status/legacy/bs2016/bill_status.aspx?lsr=2036&sy=2024&sortoption=&txtsessionyear=2024,ocd-bill/f00c181c-5f7e-4ed2-b452-781e4ffc2560
832b992b-e633-40f6-ab3c-f5a4828fbbe5,,https://www.gencourt.state.nh.us/bill_status/legacy/bs2016/bill_status.aspx?lsr=2950&sy=2024&sortoption=&txtsessionyear=2024,ocd-bill/fdc5eb79-5907-496a-9260-dff7ba432ecd
d688710e-a0cc-4c0f-b278-3873d8148b3d,,https://www.gencourt.state.nh.us/bill_status/legacy/bs2016/bill_status.aspx?lsr=2988&sy=2024&sortoption=&txtsessionyear=2024,ocd-bill/26c5b98e-013e-4421-8116-0fe18372f059
ea8e6462-fa8d-4960-bb53-296ab2d08fe2,,https://www.gencourt.state.nh.us/bill_status/legacy/bs2016/bill_status.aspx?lsr=2862&sy=2024&sortoption=&txtsessionyear=2024,ocd-bill/088ae7c9-a208-47a6-887a-585c5616a5cb
5f374598-3064-4470-931c-fbae67f6a17e,,https://www.gencourt.state.nh.us/bill_status/legacy/bs2016/bill_status.aspx?lsr=2580&sy=2024&sortoption=&txtsessionyear=2024,ocd-bill/ade68a7a-162f-42b2-988f-7e9ecb909ce8
cbcc6019-e7e3-47f7-809a-c426b4837fe0,,https://www.gencourt.state.nh.us/bill_status/legacy/bs2016/bill_status.aspx?lsr=2803&sy=2024&sortoption=&txtsessionyear=2024,ocd-bill/4ff92911-9058-4679-9a28-597a29d96ad9
b428300b-1d1b-4d83-86b1-6e555f71970e,,https://www.gencourt.state.nh.us/bill_status/legacy/bs2016/bill_status.aspx?lsr=0465&sy=2024&sortoption=&txtsessionyear=2024,ocd-bill/4345a102-da4e-4294-8136-c08e11595d2e
146537df-c0ac-46b3-bfe1-46abc9464065,,https://www.gencourt.state.nh.us/bill_status/legacy/bs2016/bill_status.aspx?lsr=2147&sy=2024&sortoption=&txtsessionyear=2024,ocd-bill/8743ed3b-f2ed-4cc2-b069-e4cf36b71a5e
d71da848-5d4f-48c5-a317-f74d4d982347,,https://www.gencourt.state.nh.us/bill_status/legacy/bs2016/bill_status.aspx?lsr=2404&sy=2024&sortoption=&txtsessionyear=2024,ocd-bill/fd85851e-7682-42d2-960e-4831a2da90c8
1c89968c-873a-491e-8687-d76a1c40afed,,https://www.gencourt.state.nh.us/bill_status/legacy/bs2016/bill_status.aspx?lsr=3141&sy=2024&sortoption=&txtsessionyear=2024,ocd-bill/9abcd38c-a6cb-4388-8e9c-cd880895b729
7aee6063-f41b-4ca0-9e5a-7e1a6d83d779,,https://www.gencourt.state.nh.us/bill_status/legacy/bs2016/bill_status.aspx?lsr=2893&sy=2024&sortoption=&txtsessionyear=2024,ocd-bill/de99fc75-9964-46d9-800b-5d5a42df2aaf
da1f8a3a-7df1-4d70-8c0f-29e1db84cf37,,https://www.gencourt.state.nh.us/bill_status/legacy/bs2016/bill_status.aspx?lsr=3065&sy=2024&sortoption=&txtsessionyear=2024,ocd-bill/8f0763fc-77f3-4004-8af1-0b986733593f
ede00431-6506-49e0-8757-4e4e527f91f6,,https://www.gencourt.state.nh.us/bill_status/legacy/bs2016/bill_status.aspx?lsr=3063&sy=2024&sortoption=&txtsessionyear=2024,ocd-bill/bc61a570-29b0-4823-83ff-75331ffb5252
1e13615e-334e-4c17-8255-a9cf3cda1223,,https://www.gencourt.state.nh.us/bill_status/legacy/bs2016/bill_status.aspx?lsr=2788&sy=2024&sortoption=&txtsessionyear=2024,ocd-bill/addbc5fb-a0f4-4b7e-83de-286a02934a8e
603ff5f8-77ad-4872-874f-2bd910b22300,,https://www.gencourt.state.nh.us/bill_status/legacy/bs2016/bill_status.aspx?lsr=3023&sy=2024&sortoption=&txtsessionyear=2024,ocd-bill/c2337b31-f094-41b0-aa1b-11c5eb7b1501
8d5b8026-4149-4c9a-bcb7-71b36b290544,,https://www.gencourt.state.nh.us/bill_status/legacy/bs2016/bill_status.aspx?lsr=3122&sy=2024&sortoption=&txtsessionyear=2024,ocd-bill/c42cdb76-26c2-4704-b75e-e120c7b86849
61be9369-166f-4329-a308-9044bc5bf295,,https://www.gencourt.state.nh.us/bill_status/legacy/bs2016/bill_status.aspx?lsr=2691&sy=2024&sortoption=&txtsessionyear=2024,ocd-bill/70308385-9cd0-43a3-ba66-0bd268beb57a
2edacff6-041f-4c10-90f0-fdea1c08674f,,https://www.gencourt.state.nh.us/bill_status/legacy/bs2016/bill_status.aspx?lsr=2854&sy=2024&sortoption=&txtsessionyear=2024,ocd-bill/10a05d28-2aef-44d8-aa0f-54781f43ed0a
a94c0171-ffed-475c-bcd9-18fa97e4a7e0,,https://www.gencourt.state.nh.us/bill_status/legacy/bs2016/bill_status.aspx?lsr=2857&sy=2024&sortoption=&txtsessionyear=2024,ocd-bill/a8ba0115-3dd0-4c52-a941-a530998bb3bc
9a6f829d-84a9-4f64-93a9-a4b53e91f0e4,,https://www.gencourt.state.nh.us/bill_status/legacy/bs2016/bill_status.aspx?lsr=3105&sy=2024&sortoption=&txtsessionyear=2024,ocd-bill/36da89ce-3abb-4c24-a1ac-8e952358c3b4
516ea344-1ada-485a-adf4-0111a59b60e0,,https://www.gencourt.state.nh.us/bill_status/legacy/bs2016/bill_status.aspx?lsr=3089&sy=2024&sortoption=&txtsessionyear=2024,ocd-bill/7af14723-81d0-4ad8-a0b0-bf1150e899ed
82bcb26f-0cb1-4213-95f8-97502d88cbfa,,https://www.gencourt.state.nh.us/bill_status/legacy/bs2016/bill_status.aspx?lsr=2353&sy=2024&sortoption=&txtsessionyear=2024,ocd-bill/13a966d1-07bb-487a-87be-20cedcbefaa3
361dda7f-7089-470d-8015-2bac0e0a7de8,,https://www.gencourt.state.nh.us/bill_status/legacy/bs2016/bill_status.aspx?lsr=3071&sy=2024&sortoption=&txtsessionyear=2024,ocd-bill/215b4126-455d-4c1f-a5cf-e85b397bec69
fd0adaed-c919-4d43-b175-45ad1d8004bd,,https://www.gencourt.state.nh.us/bill_status/legacy/bs2016/bill_status.aspx?lsr=2332&sy=2024&sortoption=&txtsessionyear=2024,ocd-bill/df2db8a4-a974-4519-954c-a573ea3b1a63
5d382113-e77f-48e4-a724-aae5b00bb80d,,https://www.gencourt.state.nh.us/bill_status/legacy/bs2016/bill_status.aspx?lsr=3014&sy=2024&sortoption=&txtsessionyear=2024,ocd-bill/067c9edd-80bd-4f97-b2e1-5acaa8d07d7a
2e86c53f-5463-41b2-939d-b4429d6487b9,,https://www.gencourt.state.nh.us/bill_status/legacy/bs2016/bill_status.aspx?lsr=2808&sy=2024&sortoption=&txtsessionyear=2024,ocd-bill/9ccb281b-c4e3-42a6-b908-fa1c0e015768
adab6549-4818-42a4-b3c4-a41d7bf11886,,https://www.gencourt.state.nh.us/bill_status/legacy/bs2016/bill_status.aspx?lsr=2141&sy=2024&sortoption=&txtsessionyear=2024,ocd-bill/bf0cadfb-64d2-445d-b99d-8abe235458ef
dc8c8df3-7b77-4789-9425-c4b6691995a1,,https://www.gencourt.state.nh.us/bill_status/legacy/bs2016/bill_status.aspx?lsr=2101&sy=2024&sortoption=&txtsessionyear=2024,ocd-bill/a5a3ff71-57aa-461b-a0d0-7d77f18ccc9b
d495f0af-bd2d-4b25-b17b-078c451f404e,,https://www.gencourt.state.nh.us/bill_status/legacy/bs2016/bill_status.aspx?lsr=2043&sy=2024&sortoption=&txtsessionyear=2024,ocd-bill/32dc7ced-8d72-472e-9ea7-937189775cdc
f01a3e24-02e6-45d6-ab7d-365888e3a97e,,https://www.gencourt.state.nh.us/bill_status/legacy/bs2016/bill_status.aspx?lsr=2427&sy=2024&sortoption=&txtsessionyear=2024,ocd-bill/147aab5e-4dcc-457b-b4a4-bb36a4389a95
cda70508-0902-4b6d-8eaa-5d06adb9213c,,https://www.gencourt.state.nh.us/bill_status/legacy/bs2016/bill_status.aspx?lsr=2629&sy=2024&sortoption=&txtsessionyear=2024,ocd-bill/683bf4c9-0859-457c-8787-b2563c5bdee2
6dbca5ba-236e-4857-bc19-e09c8c8089f2,,https://www.gencourt.state.nh.us/bill_status/legacy/bs2016/bill_status.aspx?lsr=2384&sy=2024&sortoption=&txtsessionyear=2024,ocd-bill/267ee43c-bfec-446e-b982-289255283f52
bad084f0-7cd8-47d9-ba06-662e361ba8f3,,https://www.gencourt.state.nh.us/bill_status/legacy/bs2016/bill_status.aspx?lsr=0062&sy=2024&sortoption=&txtsessionyear=2024,ocd-bill/52bd852f-ead9-448d-8cbc-7f4b142258f1
30bb91a9-94e3-4a3a-a9fa-a0ef5e5f14fa,,https://www.gencourt.state.nh.us/bill_status/legacy/bs2016/bill_status.aspx?lsr=2185&sy=2024&sortoption=&txtsessionyear=2024,ocd-bill/d4d277f4-847d-4730-a541-a0e1c66558ad
847b5017-cc15-4a29-8e26-8becf555112a,,https://www.gencourt.state.nh.us/bill_status/legacy/bs2016/bill_status.aspx?lsr=2931&sy=2024&sortoption=&txtsessionyear=2024,ocd-bill/c8261382-c31d-4b9d-82f6-0fc8c003c03e
17791590-c383-4c43-a8c8-041021972edc,,https://www.gencourt.state.nh.us/bill_status/legacy/bs2016/bill_status.aspx?lsr=2437&sy=2024&sortoption=&txtsessionyear=2024,ocd-bill/9a132f18-2124-4948-b645-115df594aa41
15255735-a3c6-4268-8ed0-bdf305f1b91e,,https://www.gencourt.state.nh.us/bill_status/legacy/bs2016/bill_status.aspx?lsr=2649&sy=2024&sortoption=&txtsessionyear=2024,ocd-bill/79b249d4-8640-4b40-a743-60ab494895b9
7708e453-7f40-4ed1-9d4b-6250ce5fd585,,https://www.gencourt.state.nh.us/bill_status/legacy/bs2016/bill_status.aspx?lsr=2480&sy=2024&sortoption=&txtsessionyear=2024,ocd-bill/997892cb-d622-49fd-981c-171438ed912d
2c04b8d1-d4cf-4024-84bd-b424d13b4c69,,https://www.gencourt.state.nh.us/bill_status/legacy/bs2016/bill_status.aspx?lsr=0879&sy=2024&sortoption=&txtsessionyear=2024,ocd-bill/c3b2a508-1ea3-4a32-94f0-e922565e9a1e
7cb3b7bb-11f8-4b8b-8d7a-02151f76910c,,https://www.gencourt.state.nh.us/bill_status/legacy/bs2016/bill_status.aspx?lsr=0307&sy=2024&sortoption=&txtsessionyear=2024,ocd-bill/ac3c6824-4f3e-49c4-a3d8-f3965c92bdb1
90533bc8-56da-4f9c-9cb1-d9d811a6cc25,,https://www.gencourt.state.nh.us/bill_status/legacy/bs2016/bill_status.aspx?lsr=2150&sy=2024&sortoption=&txtsessionyear=2024,ocd-bill/adcfdc3e-19b5-481d-bc96-986d3910945a
4cae0c69-97b0-454a-be62-b3434dfd19a7,,https://www.gencourt.state.nh.us/bill_status/legacy/bs2016/bill_status.aspx?lsr=0433&sy=2024&sortoption=&txtsessionyear=2024,ocd-bill/1d7b37f2-53af-47a2-a492-847b9a5785d2
e91c90da-06fc-48eb-9d39-8e60a1566d0a,,https://www.gencourt.state.nh.us/bill_status/legacy/bs2016/bill_status.aspx?lsr=0971&sy=2024&sortoption=&txtsessionyear=2024,ocd-bill/7160273c-7e00-4479-9120-37b58f6b8070
74ebd37a-96da-4c13-9b19-6f10cef19654,,https://www.gencourt.state.nh.us/bill_status/legacy/bs2016/bill_status.aspx?lsr=2591&sy=2024&sortoption=&txtsessionyear=2024,ocd-bill/2e44fba7-70f2-4c31-b256-ab34937a56ae
8afba45b-ebb1-4e7e-8248-ebd7af93d9a2,,https://www.gencourt.state.nh.us/bill_status/legacy/bs2016/bill_status.aspx?lsr=0434&sy=2024&sortoption=&txtsessionyear=2024,ocd-bill/db3e9263-4825-48d5-bd9b-32d102112176
d992bc99-c82f-4e7d-a954-ff81f9e1ca58,,https://www.gencourt.state.nh.us/bill_status/legacy/bs2016/bill_status.aspx?lsr=2298&sy=2024&sortoption=&txtsessionyear=2024,ocd-bill/6e14a3d1-1de5-4261-be60-3793ff023496
5441d2e3-1eb2-401d-b8db-b7c37cb9391d,,https://www.gencourt.state.nh.us/bill_status/legacy/bs2016/bill_status.aspx?lsr=0418&sy=2024&sortoption=&txtsessionyear=2024,ocd-bill/1b082640-33ea-4113-a142-4d6592d8b48f
2daa4d37-32ae-4b05-9be4-50e9f7f8a338,,https://www.gencourt.state.nh.us/bill_status/legacy/bs2016/bill_status.aspx?lsr=0888&sy=2024&sortoption=&txtsessionyear=2024,ocd-bill/14faeb67-f58a-4a93-b5a2-37d1e7756d00
973cbeaa-ee0d-4fc2-9bf4-87adf30dd6ab,,https://www.gencourt.state.nh.us/bill_status/legacy/bs2016/bill_status.aspx?lsr=0223&sy=2024&sortoption=&txtsessionyear=2024,ocd-bill/d457c49b-1469-4bdf-99b9-46550b191bde
2cfba29c-b44b-472f-99f0-924eccfb5a17,,https://www.gencourt.state.nh.us/bill_status/legacy/bs2016/bill_status.aspx?lsr=2458&sy=2024&sortoption=&txtsessionyear=2024,ocd-bill/9851a2a4-6c71-4920-944e-145731d8f241
0042a77d-8219-43e4-bb75-cfecfbd938ec,,https://www.gencourt.state.nh.us/bill_status/legacy/bs2016/bill_status.aspx?lsr=2608&sy=2024&sortoption=&txtsessionyear=2024,ocd-bill/8348bda8-cd9f-45c4-9bcc-43205dcb6c1b
b096b179-2e77-48ce-b9d0-0a7c56568667,,https://www.gencourt.state.nh.us/bill_status/legacy/bs2016/bill_status.aspx?lsr=2800&sy=2024&sortoption=&txtsessionyear=2024,ocd-bill/f25cc30e-8e16-45cd-b8d0-9f5bac08ba29
2c08f1f3-4ea9-48e1-ba6e-b10295df4833,,https://www.gencourt.state.nh.us/bill_status/legacy/bs2016/bill_status.aspx?lsr=2367&sy=2024&sortoption=&txtsessionyear=2024,ocd-bill/54121d43-81d7-4f4f-8775-43ee2140e73e
fc21550a-d6c2-4498-927b-5ada762c8bec,,https://www.gencourt.state.nh.us/bill_status/legacy/bs2016/bill_status.aspx?lsr=2573&sy=2024&sortoption=&txtsessionyear=2024,ocd-bill/ac53ec3d-a3be-4680-aa86-fc977622ff85
b41976c4-6f0e-4184-a0cd-4a74d3f8933b,,https://www.gencourt.state.nh.us/bill_status/legacy/bs2016/bill_status.aspx?lsr=2321&sy=2024&sortoption=&txtsessionyear=2024,ocd-bill/21efdeae-9a09-4be2-9b2e-cac317e99412
940842d7-b8c5-4851-bbdc-3ab92beb791f,,https://www.gencourt.state.nh.us/bill_status/legacy/bs2016/bill_status.aspx?lsr=2121&sy=2024&sortoption=&txtsessionyear=2024,ocd-bill/31584b91-ee3f-4bd7-ad37-b03a49ea17f2
157e3ba8-2e3b-467c-80df-06d8af1c1940,,https://www.gencourt.state.nh.us/bill_status/legacy/bs2016/bill_status.aspx?lsr=2488&sy=2024&sortoption=&txtsessionyear=2024,ocd-bill/ba8b54e9-208d-4e17-afbf-15cca30d59f3
ca6d07e9-6feb-481c-bbee-c6ded66ed3d6,,https://www.gencourt.state.nh.us/bill_status/legacy/bs2016/bill_status.aspx?lsr=2371&sy=2024&sortoption=&txtsessionyear=2024,ocd-bill/c5df10bc-79ee-49ed-b55d-efdda5482f4a
e62c3abf-4baf-4bba-97f2-51339eec7470,,https://www.gencourt.state.nh.us/bill_status/legacy/bs2016/bill_status.aspx?lsr=0431&sy=2024&sortoption=&txtsessionyear=2024,ocd-bill/3b6418d2-0668-4901-b489-692526d1bdeb
69751059-29c4-41ad-894f-f389b1bd7750,,https://www.gencourt.state.nh.us/bill_status/legacy/bs2016/bill_status.aspx?lsr=0387&sy=2024&sortoption=&txtsessionyear=2024,ocd-bill/f49c32c5-ca67-4a2e-93a9-1c2efee031d6
ee979a47-2016-427c-a073-f409a612fa37,,https://www.gencourt.state.nh.us/bill_status/legacy/bs2016/bill_status.aspx?lsr=2173&sy=2024&sortoption=&txtsessionyear=2024,ocd-bill/015a4271-1d44-4c02-9854-d0f2a4f215b8
478a28cb-6ed9-4863-8d17-5e686e18946d,,https://www.gencourt.state.nh.us/bill_status/legacy/bs2016/bill_status.aspx?lsr=2446&sy=2024&sortoption=&txtsessionyear=2024,ocd-bill/1581b49e-552f-4fab-bb5e-dbcc01b8a4fd
03144005-c8d0-4310-9a16-4e19b177a5e8,,https://www.gencourt.state.nh.us/bill_status/legacy/bs2016/bill_status.aspx?lsr=2485&sy=2024&sortoption=&txtsessionyear=2024,ocd-bill/bdb43822-dc74-4ee4-a6cf-56f92301fe22
e5366daf-6723-43f5-be0e-0f6b19e862d2,,https://www.gencourt.state.nh.us/bill_status/legacy/bs2016/bill_status.aspx?lsr=0699&sy=2024&sortoption=&txtsessionyear=2024,ocd-bill/3818a9dd-7435-418e-a6c2-26631ac3b2f9
680152b5-edfb-459f-aa67-d1287d838c92,,https://www.gencourt.state.nh.us/bill_status/legacy/bs2016/bill_status.aspx?lsr=1048&sy=2024&sortoption=&txtsessionyear=2024,ocd-bill/999c7fc3-11bd-4f06-85b3-5d9c0c14b09f
0bc14ea5-10ea-4142-82c7-8109c4c5d0de,,https://www.gencourt.state.nh.us/bill_status/legacy/bs2016/bill_status.aspx?lsr=0118&sy=2024&sortoption=&txtsessionyear=2024,ocd-bill/ccd4c941-e07b-43b5-93c3-ccf513adb42b
faf3d58c-eab7-4d76-a706-a2e846f10fb6,,https://www.gencourt.state.nh.us/bill_status/legacy/bs2016/bill_status.aspx?lsr=2666&sy=2024&sortoption=&txtsessionyear=2024,ocd-bill/86f0a895-f64a-4523-bd97-616a02e2a57f
0afc0bca-bfc4-4c13-9289-58725ba84fb8,,https://www.gencourt.state.nh.us/bill_status/legacy/bs2016/bill_status.aspx?lsr=2578&sy=2024&sortoption=&txtsessionyear=2024,ocd-bill/039b14da-53a3-4573-97e4-685ccaa99b2b
e77af953-8ee2-4daf-ae10-d7f0601fbf14,,https://www.gencourt.state.nh.us/bill_status/legacy/bs2016/bill_status.aspx?lsr=2026&sy=2024&sortoption=&txtsessionyear=2024,ocd-bill/e6dbb3e2-6c50-446c-8208-045ae82935bf
91705d36-ad9c-4f99-99b1-6b0161e3c8cf,,https://www.gencourt.state.nh.us/bill_status/legacy/bs2016/bill_status.aspx?lsr=2174&sy=2024&sortoption=&txtsessionyear=2024,ocd-bill/c40ce594-0d55-44dd-a95b-7fb643ddc688
044b4db4-6013-492f-9b2b-c70cec351e46,,https://www.gencourt.state.nh.us/bill_status/legacy/bs2016/bill_status.aspx?lsr=0218&sy=2024&sortoption=&txtsessionyear=2024,ocd-bill/8be00876-4897-44b8-8436-3f0b8a0789fb
5af8f90f-e95b-4edb-86bf-7ec0ee59c228,,https://www.gencourt.state.nh.us/bill_status/legacy/bs2016/bill_status.aspx?lsr=2457&sy=2024&sortoption=&txtsessionyear=2024,ocd-bill/f61bfe03-9a74-4d72-ad81-4fb55a2291be
b1294d92-0dc8-4547-bb8f-e53c05acb0bd,,https://www.gencourt.state.nh.us/bill_status/legacy/bs2016/bill_status.aspx?lsr=0711&sy=2024&sortoption=&txtsessionyear=2024,ocd-bill/e9184d2c-868e-448d-8e04-a1a5714652e0
332b8bea-74b3-4e71-9401-e2b6f38db9d2,,https://www.gencourt.state.nh.us/bill_status/legacy/bs2016/bill_status.aspx?lsr=2403&sy=2024&sortoption=&txtsessionyear=2024,ocd-bill/e6bc142c-1904-4cc6-b73f-fd817d2d9ac4
5753818e-a2e5-4f43-939f-03783a176c74,,https://www.gencourt.state.nh.us/bill_status/legacy/bs2016/bill_status.aspx?lsr=2809&sy=2024&sortoption=&txtsessionyear=2024,ocd-bill/4f012bd8-1eab-45b0-8ae2-75c647f08381
d087d16f-d543-4d87-8439-08faf652baac,,https://www.gencourt.state.nh.us/bill_status/legacy/bs2016/bill_status.aspx?lsr=0942&sy=2024&sortoption=&txtsessionyear=2024,ocd-bill/dce8dd09-4fde-44b4-816b-9026225a8813
7e914255-8410-4525-8762-46f10cb0a3ba,,https://www.gencourt.state.nh.us/bill_status/legacy/bs2016/bill_status.aspx?lsr=2316&sy=2024&sortoption=&txtsessionyear=2024,ocd-bill/37d19fc0-0f89-428f-ae9b-3506c25aaf7f
45547c2a-25a3-446e-8e7e-0551c6e6ae8e,,https://www.gencourt.state.nh.us/bill_status/legacy/bs2016/bill_status.aspx?lsr=2461&sy=2024&sortoption=&txtsessionyear=2024,ocd-bill/39a39ecf-f830-40de-af2b-3a7f2cf20e0f
05ef5987-c7f6-4ba3-906d-c89c0b814f21,,https://www.gencourt.state.nh.us/bill_status/legacy/bs2016/bill_status.aspx?lsr=0254&sy=2024&sortoption=&txtsessionyear=2024,ocd-bill/dec0957f-997f-46c6-b84f-9934d6a99b1e
c128da72-e11f-4a52-9ce9-2b2881724879,,https://www.gencourt.state.nh.us/bill_status/legacy/bs2016/bill_status.aspx?lsr=2133&sy=2024&sortoption=&txtsessionyear=2024,ocd-bill/b1a6ebba-a964-4383-b137-3ddaae574007
66ceab54-41fd-4ff9-83db-bd31fb69dd1e,,https://www.gencourt.state.nh.us/bill_status/legacy/bs2016/bill_status.aspx?lsr=1018&sy=2024&sortoption=&txtsessionyear=2024,ocd-bill/41b44c93-7053-4116-93df-f6f285b68b61
0fa4ea72-0f31-4508-8393-d5d2e9e8f52a,,https://www.gencourt.state.nh.us/bill_status/legacy/bs2016/bill_status.aspx?lsr=2342&sy=2024&sortoption=&txtsessionyear=2024,ocd-bill/638a0ed4-f81c-4952-97c1-2c045c450ba1
59bae105-da65-4b8c-b485-5abffff06c62,,https://www.gencourt.state.nh.us/bill_status/legacy/bs2016/bill_status.aspx?lsr=0121&sy=2024&sortoption=&txtsessionyear=2024,ocd-bill/ce29dda0-9a74-42b2-845c-be2c846ac763
ae20f310-6505-4d92-ad44-19464a124a8c,,https://www.gencourt.state.nh.us/bill_status/legacy/bs2016/bill_status.aspx?lsr=0089&sy=2024&sortoption=&txtsessionyear=2024,ocd-bill/6a4b9a38-0a56-4777-bd60-b8da7fa5a4ee
305be847-40b6-4c84-8d71-2dcc7486747f,,https://www.gencourt.state.nh.us/bill_status/legacy/bs2016/bill_status.aspx?lsr=0923&sy=2024&sortoption=&txtsessionyear=2024,ocd-bill/360b879f-af8b-4620-9a97-9e73ad67f924
ac23b903-d8f0-4831-9ae2-9a065a2a2d86,,https://www.gencourt.state.nh.us/bill_status/legacy/bs2016/bill_status.aspx?lsr=2923&sy=2024&sortoption=&txtsessionyear=2024,ocd-bill/9b828bd4-93fb-410a-8ee5-0a09e25b245c
67ca1271-49aa-49aa-a54d-26ae7f06a1c9,,https://www.gencourt.state.nh.us/bill_status/legacy/bs2016/bill_status.aspx?lsr=2122&sy=2024&sortoption=&txtsessionyear=2024,ocd-bill/8765d1f6-23b5-406b-8694-ff4b00a777ed
b889e06c-12f5-4c4d-a134-02eb5e8e0759,,https://www.gencourt.state.nh.us/bill_status/legacy/bs2016/bill_status.aspx?lsr=2157&sy=2024&sortoption=&txtsessionyear=2024,ocd-bill/4fe7538c-3ae0-46a6-a2c2-cbc8656b0469
09306126-ed42-4d83-986c-789d2d56f193,,https://www.gencourt.state.nh.us/bill_status/legacy/bs2016/bill_status.aspx?lsr=2719&sy=2024&sortoption=&txtsessionyear=2024,ocd-bill/45210b9d-3f8e-4f4a-b8c1-8f2fdc6c7139
0946de11-032c-4d7d-8b4a-0a225ea6a1ac,,https://www.gencourt.state.nh.us/bill_status/legacy/bs2016/bill_status.aspx?lsr=0640&sy=2024&sortoption=&txtsessionyear=2024,ocd-bill/62df9fa1-72b3-43aa-b08e-31f9a8353775
d712b966-59e8-4bfb-a1c3-99a1aa796f28,,https://www.gencourt.state.nh.us/bill_status/legacy/bs2016/bill_status.aspx?lsr=2292&sy=2024&sortoption=&txtsessionyear=2024,ocd-bill/5332f1d9-9a84-4203-98cb-c66e49806f68
f0a7d86d-2792-4043-85d5-4d902d7e2837,,https://www.gencourt.state.nh.us/bill_status/legacy/bs2016/bill_status.aspx?lsr=2218&sy=2024&sortoption=&txtsessionyear=2024,ocd-bill/e4f95c1e-293e-4bb7-acaf-0adba1209161
e9d67876-6406-416a-902a-56ce11f1e830,,https://www.gencourt.state.nh.us/bill_status/legacy/bs2016/bill_status.aspx?lsr=2576&sy=2024&sortoption=&txtsessionyear=2024,ocd-bill/4baa1ccb-bc0f-4e6d-8c23-dab5d9519810
d8ba0106-549a-4fc4-ab92-2d85f86d078d,,https://www.gencourt.state.nh.us/bill_status/legacy/bs2016/bill_status.aspx?lsr=0041&sy=2024&sortoption=&txtsessionyear=2024,ocd-bill/32627aca-f9aa-4f20-8a62-bcf6d48b264b
02f28d6e-ac08-4946-9362-3bd6477e2d07,,https://www.gencourt.state.nh.us/bill_status/legacy/bs2016/bill_status.aspx?lsr=2022&sy=2024&sortoption=&txtsessionyear=2024,ocd-bill/996bc3ba-f59e-44a0-858a-e5d5272e9a86
ca8e17f7-acd2-4365-b8fe-25f633fa5c00,,https://www.gencourt.state.nh.us/bill_status/legacy/bs2016/bill_status.aspx?lsr=0654&sy=2024&sortoption=&txtsessionyear=2024,ocd-bill/bb91f16e-c7be-4982-9ad3-965263512bc4
c781b618-5cd1-4137-93be-63305e9dd3ea,,https://www.gencourt.state.nh.us/bill_status/legacy/bs2016/bill_status.aspx?lsr=0010&sy=2024&sortoption=&txtsessionyear=2024,ocd-bill/3cef71bc-4d45-4ae8-905b-16d1cc3c3f51
3913ac71-24e3-49c2-9100-2abae73d0a3d,,https://www.gencourt.state.nh.us/bill_status/legacy/bs2016/bill_status.aspx?lsr=0945&sy=2024&sortoption=&txtsessionyear=2024,ocd-bill/68901e37-04c8-46c2-805e-6a8b7e594242
fefeaedf-5532-4c26-a769-7653e72905bf,,https://www.gencourt.state.nh.us/bill_status/legacy/bs2016/bill_status.aspx?lsr=2922&sy=2024&sortoption=&txtsessionyear=2024,ocd-bill/6183ee0d-6adc-41d0-8b2c-bddd548c5395
ac6a06e8-5230-474b-8650-2a831e1b714c,,https://www.gencourt.state.nh.us/bill_status/legacy/bs2016/bill_status.aspx?lsr=0863&sy=2024&sortoption=&txtsessionyear=2024,ocd-bill/dd878f9c-c04d-4cb0-833d-0ab067421600
1e00c970-ce38-4aec-a046-e1adcf813083,,https://www.gencourt.state.nh.us/bill_status/legacy/bs2016/bill_status.aspx?lsr=0690&sy=2024&sortoption=&txtsessionyear=2024,ocd-bill/0aaf273b-fefb-4c61-b56c-afa64f19965a
903b1be0-6929-46f0-ba78-0bbc1aea3bb0,,https://www.gencourt.state.nh.us/bill_status/legacy/bs2016/bill_status.aspx?lsr=0550&sy=2024&sortoption=&txtsessionyear=2024,ocd-bill/1eefcde0-91ce-42be-9ef5-e425edd52a20
8c3f0644-71d8-43be-be45-4884491dd8dd,,https://www.gencourt.state.nh.us/bill_status/legacy/bs2016/bill_status.aspx?lsr=0968&sy=2024&sortoption=&txtsessionyear=2024,ocd-bill/625ce888-f497-490e-8542-51b86973da36
1803f100-1f72-4c7e-89a2-21ffbe899568,,https://www.gencourt.state.nh.us/bill_status/legacy/bs2016/bill_status.aspx?lsr=2327&sy=2024&sortoption=&txtsessionyear=2024,ocd-bill/ae28c8ed-babe-4188-a78b-be278e4a34aa
1cf7cd2f-b429-4f43-8011-5fbb9b267f09,,https://www.gencourt.state.nh.us/bill_status/legacy/bs2016/bill_status.aspx?lsr=1053&sy=2024&sortoption=&txtsessionyear=2024,ocd-bill/a68694aa-888a-49b2-8624-d9f850ed6a7f
ed13a2bc-db75-4113-be46-2ca942b446a7,,https://www.gencourt.state.nh.us/bill_status/legacy/bs2016/bill_status.aspx?lsr=2590&sy=2024&sortoption=&txtsessionyear=2024,ocd-bill/82e68b14-5108-43ed-8501-e60fc0a7ef95
604e0a25-968f-41be-a5a9-a462b3888288,,https://www.gencourt.state.nh.us/bill_status/legacy/bs2016/bill_status.aspx?lsr=0988&sy=2024&sortoption=&txtsessionyear=2024,ocd-bill/afe4e23d-b7c0-4d31-be7e-89b84e775637
8209bb4d-2ff5-4c06-8716-42d2f36e1634,,https://www.gencourt.state.nh.us/bill_status/legacy/bs2016/bill_status.aspx?lsr=2478&sy=2024&sortoption=&txtsessionyear=2024,ocd-bill/1725ad60-9310-4aa4-893b-d0d459a9c025
b65bb3f1-7852-4aa8-9698-285b27ed96fa,,https://www.gencourt.state.nh.us/bill_status/legacy/bs2016/bill_status.aspx?lsr=0966&sy=2024&sortoption=&txtsessionyear=2024,ocd-bill/56ef3c43-8409-4982-9032-28e3bcb58b71
04b968b2-7840-4fae-b5e6-d8a79afe72ec,,https://www.gencourt.state.nh.us/bill_status/legacy/bs2016/bill_status.aspx?lsr=0126&sy=2024&sortoption=&txtsessionyear=2024,ocd-bill/a00461a8-4085-4f32-acb9-0446cbb624fc
f7a1b4f4-74c1-42e1-b802-640700d55a19,,https://www.gencourt.state.nh.us/bill_status/legacy/bs2016/bill_status.aspx?lsr=0928&sy=2024&sortoption=&txtsessionyear=2024,ocd-bill/a9f5195d-3505-43c9-b635-845a161070dc
cde767a7-22ab-484a-824d-4041e1ccd09b,,https://www.gencourt.state.nh.us/bill_status/legacy/bs2016/bill_status.aspx?lsr=2692&sy=2024&sortoption=&txtsessionyear=2024,ocd-bill/921d0e0c-9cba-41d1-a648-77750cb83131
e2714194-d913-44ce-9cc6-30b288681ac0,,https://www.gencourt.state.nh.us/bill_status/legacy/bs2016/bill_status.aspx?lsr=2680&sy=2024&sortoption=&txtsessionyear=2024,ocd-bill/73b13278-1947-4b19-b873-6d97b80afc6c
46de04bf-6840-4885-96cf-b84f4831072a,,https://www.gencourt.state.nh.us/bill_status/legacy/bs2016/bill_status.aspx?lsr=1015&sy=2024&sortoption=&txtsessionyear=2024,ocd-bill/fc25eba9-9365-4911-8f7a-cbdfd1230420
da1cf3d7-9185-4380-a148-63aa3707c467,,https://www.gencourt.state.nh.us/bill_status/legacy/bs2016/bill_status.aspx?lsr=0386&sy=2024&sortoption=&txtsessionyear=2024,ocd-bill/42ca09b4-eb4e-4be4-ba4c-4070c43cb4dc
4a2a6426-ebf0-44ec-a306-b811812e1a68,,https://www.gencourt.state.nh.us/bill_status/legacy/bs2016/bill_status.aspx?lsr=2328&sy=2024&sortoption=&txtsessionyear=2024,ocd-bill/4eaf556d-721d-437c-bd1a-31938bb87784
120bc0ff-453f-450a-8c6c-0bbc0044c269,,https://www.gencourt.state.nh.us/bill_status/legacy/bs2016/bill_status.aspx?lsr=2925&sy=2024&sortoption=&txtsessionyear=2024,ocd-bill/ff78166a-86fc-47b2-bd98-12581f72e232
89e2f927-6ec0-442b-9308-22a042094350,,https://www.gencourt.state.nh.us/bill_status/legacy/bs2016/bill_status.aspx?lsr=0962&sy=2024&sortoption=&txtsessionyear=2024,ocd-bill/86de48b5-dbac-4946-88c2-2c83389473be
fe3242d0-278b-4d55-9487-dfe4fb251850,,https://www.gencourt.state.nh.us/bill_status/legacy/bs2016/bill_status.aspx?lsr=2042&sy=2024&sortoption=&txtsessionyear=2024,ocd-bill/02ed83e2-925d-4ea2-a9ba-21e0a3bb1d58
11a053a1-91f5-4c64-9cc8-ffe028e9dafc,,https://www.gencourt.state.nh.us/bill_status/legacy/bs2016/bill_status.aspx?lsr=2628&sy=2024&sortoption=&txtsessionyear=2024,ocd-bill/30c73fff-1bca-4ed7-be3a-e05eb6e59a10
b9f9d69b-e85b-42b4-a1d9-7c9a6cdf499e,,https://www.gencourt.state.nh.us/bill_status/legacy/bs2016/bill_status.aspx?lsr=2098&sy=2024&sortoption=&txtsessionyear=2024,ocd-bill/bb038813-8ff1-4d2b-993e-959081ba5d84
08b9c999-a792-4794-a890-1fb89f235e61,,https://www.gencourt.state.nh.us/bill_status/legacy/bs2016/bill_status.aspx?lsr=0085&sy=2024&sortoption=&txtsessionyear=2024,ocd-bill/c9b250c9-bdf6-4c60-b1fb-38384ffc3c9d
21672e60-044c-4b5e-82ca-21d0c717c5c2,,https://www.gencourt.state.nh.us/bill_status/legacy/bs2016/bill_status.aspx?lsr=2301&sy=2024&sortoption=&txtsessionyear=2024,ocd-bill/f6a73804-8ba3-4203-b304-43ce21ef1cb7
1de32fe6-1c10-4973-9198-7ca66e01dcbf,,https://www.gencourt.state.nh.us/bill_status/legacy/bs2016/bill_status.aspx?lsr=2189&sy=2024&sortoption=&txtsessionyear=2024,ocd-bill/5cb44b43-1beb-4f12-ac29-053db7f95ee8
feab9507-9c03-4f9f-bd73-66f685146565,,https://www.gencourt.state.nh.us/bill_status/legacy/bs2016/bill_status.aspx?lsr=0250&sy=2024&sortoption=&txtsessionyear=2024,ocd-bill/b2ac974c-dd78-409d-8ac6-d7d6bdfc2164
123960b2-53fb-4a8f-b44c-0b8ac7b94022,,https://www.gencourt.state.nh.us/bill_status/legacy/bs2016/bill_status.aspx?lsr=2425&sy=2024&sortoption=&txtsessionyear=2024,ocd-bill/86619d42-a631-4229-a224-72404f02e85f
365d25f6-21b2-43db-bff6-e028603ef12a,,https://www.gencourt.state.nh.us/bill_status/legacy/bs2016/bill_status.aspx?lsr=0477&sy=2024&sortoption=&txtsessionyear=2024,ocd-bill/73d3420a-1d85-4d2d-bdb6-3a1a52a1ce3a
b75bcca9-83f4-45c0-a7e9-6bcc6105d3d7,,https://www.gencourt.state.nh.us/bill_status/legacy/bs2016/bill_status.aspx?lsr=2152&sy=2024&sortoption=&txtsessionyear=2024,ocd-bill/60c7580f-50bb-4559-ae28-a3595e87d4eb
43f2d72d-4337-4c30-9e43-564e5d82fd09,,https://www.gencourt.state.nh.us/bill_status/legacy/bs2016/bill_status.aspx?lsr=2601&sy=2024&sortoption=&txtsessionyear=2024,ocd-bill/fa0d0fcf-69e8-41e5-8ced-9177c11ec212
42578b9d-3597-4d23-b186-775e5b634778,,https://www.gencourt.state.nh.us/bill_status/legacy/bs2016/bill_status.aspx?lsr=2454&sy=2024&sortoption=&txtsessionyear=2024,ocd-bill/1bc495bf-e57b-4397-97d7-7b0c091b4bc1
8834d54d-924e-4bf3-bfd4-6ff06eadd8ec,,https://www.gencourt.state.nh.us/bill_status/legacy/bs2016/bill_status.aspx?lsr=2179&sy=2024&sortoption=&txtsessionyear=2024,ocd-bill/a160a7f2-7015-433c-a7ba-dd74b8182069
3e95741c-8666-4599-a56a-92bfcad94a7d,,https://www.gencourt.state.nh.us/bill_status/legacy/bs2016/bill_status.aspx?lsr=3092&sy=2024&sortoption=&txtsessionyear=2024,ocd-bill/202e108f-52f9-4ed4-b30d-fc20e5c3205a
c0825ff5-cfa1-4fe3-a9c1-0859e78bd1fc,,https://www.gencourt.state.nh.us/bill_status/legacy/bs2016/bill_status.aspx?lsr=1008&sy=2024&sortoption=&txtsessionyear=2024,ocd-bill/1f168f7a-2c87-4f26-a42c-db0bb7fa1f2f
f1708158-250c-48ca-abdf-c8c5225706fa,,https://www.gencourt.state.nh.us/bill_status/legacy/bs2016/bill_status.aspx?lsr=0229&sy=2024&sortoption=&txtsessionyear=2024,ocd-bill/fd22e998-ce1f-463b-9f3f-315ae847b479
a1d4f2a0-54c9-49b0-b2f3-28ed2a94dcb2,,https://www.gencourt.state.nh.us/bill_status/legacy/bs2016/bill_status.aspx?lsr=0930&sy=2024&sortoption=&txtsessionyear=2024,ocd-bill/0c696eda-3315-420f-bf87-9e1267e24dc9
abe95a81-4855-4f8a-b281-4824f00b3e82,,https://www.gencourt.state.nh.us/bill_status/legacy/bs2016/bill_status.aspx?lsr=2396&sy=2024&sortoption=&txtsessionyear=2024,ocd-bill/f0fbcb94-4c84-458b-b310-4f4b95e1782d
75b6a476-5f1d-4706-bc27-c6b207592d9c,,https://www.gencourt.state.nh.us/bill_status/legacy/bs2016/bill_status.aspx?lsr=2924&sy=2024&sortoption=&txtsessionyear=2024,ocd-bill/97e947d3-ac1c-4555-bbf5-3d568d2bd4a2
592c8dfb-5b09-49d7-a8fc-61991a3441e1,,https://www.gencourt.state.nh.us/bill_status/legacy/bs2016/bill_status.aspx?lsr=2028&sy=2024&sortoption=&txtsessionyear=2024,ocd-bill/aae11f6e-40b0-42fb-a2ca-1c8ed70ed9e1
440d1be2-06f4-4461-ba67-97164d28a108,,https://www.gencourt.state.nh.us/bill_status/legacy/bs2016/bill_status.aspx?lsr=2256&sy=2024&sortoption=&txtsessionyear=2024,ocd-bill/7b443fff-3071-4e68-b878-e8f76dfac845
7fc6309b-8a11-49a5-ae26-0c937c4f1260,,https://www.gencourt.state.nh.us/bill_status/legacy/bs2016/bill_status.aspx?lsr=0574&sy=2024&sortoption=&txtsessionyear=2024,ocd-bill/33adc2af-43f5-418e-97c7-81f68e33e5de
e8de994c-228d-4a68-9fb1-df02a69e89bb,,https://www.gencourt.state.nh.us/bill_status/legacy/bs2016/bill_status.aspx?lsr=0330&sy=2024&sortoption=&txtsessionyear=2024,ocd-bill/74be3dde-7b91-4fec-bd5d-09380c18db73
8eda4fc3-2450-41fc-94a1-ab21aabc89fc,,https://www.gencourt.state.nh.us/bill_status/legacy/bs2016/bill_status.aspx?lsr=0366&sy=2024&sortoption=&txtsessionyear=2024,ocd-bill/e869b963-eacc-42e3-a643-80b6513d039d
5f665bd6-af06-46cb-a0ed-408dcc332668,,https://www.gencourt.state.nh.us/bill_status/legacy/bs2016/bill_status.aspx?lsr=0769&sy=2024&sortoption=&txtsessionyear=2024,ocd-bill/062ce864-16e5-4a28-953a-c964c5f090ea
ea2faf3c-6b57-4e4b-90d5-0283f3b76898,,https://www.gencourt.state.nh.us/bill_status/legacy/bs2016/bill_status.aspx?lsr=0141&sy=2024&sortoption=&txtsessionyear=2024,ocd-bill/4c8e1240-2351-4eed-93f4-01aee13e7e7f
865e3dcc-047a-4002-8d47-f8cc4299710e,,https://www.gencourt.state.nh.us/bill_status/legacy/bs2016/bill_status.aspx?lsr=2273&sy=2024&sortoption=&txtsessionyear=2024,ocd-bill/3b3b3966-bf7e-425a-97ed-c4d900d09dab
59bf9bcc-f985-4379-a8de-294826ef865b,,https://www.gencourt.state.nh.us/bill_status/legacy/bs2016/bill_status.aspx?lsr=2370&sy=2024&sortoption=&txtsessionyear=2024,ocd-bill/a959e4d1-132f-4097-8f6a-614d606141a2
60476f7b-0263-48b9-a094-bf3f872fb30b,,https://www.gencourt.state.nh.us/bill_status/legacy/bs2016/bill_status.aspx?lsr=2382&sy=2024&sortoption=&txtsessionyear=2024,ocd-bill/e9456b0d-2c25-4c15-9560-9b75be9531ee
37468ffa-1d8c-4b19-a1ff-fa201a0cbef9,,https://www.gencourt.state.nh.us/bill_status/legacy/bs2016/bill_status.aspx?lsr=2486&sy=2024&sortoption=&txtsessionyear=2024,ocd-bill/85ac0d20-43b2-43d8-8c01-ae08e7f2402a
ea507919-6433-42f4-ac48-0a5f7062fa9a,,https://www.gencourt.state.nh.us/bill_status/legacy/bs2016/bill_status.aspx?lsr=0885&sy=2024&sortoption=&txtsessionyear=2024,ocd-bill/4166e441-20cf-49d7-a05f-a8166014caef
dba4358f-583f-45eb-af9d-ab5f8bd151b5,,https://www.gencourt.state.nh.us/bill_status/legacy/bs2016/bill_status.aspx?lsr=0714&sy=2024&sortoption=&txtsessionyear=2024,ocd-bill/3d2b76c5-fe98-40f7-abce-80c1efabc965
60e56ca0-3470-491a-ac1b-298d4b23cc6b,,https://www.gencourt.state.nh.us/bill_status/legacy/bs2016/bill_status.aspx?lsr=0595&sy=2024&sortoption=&txtsessionyear=2024,ocd-bill/bef62528-224d-4039-af46-2ce79945d418
12fcd1dc-03d5-4a00-9503-bc16c6681b27,,https://www.gencourt.state.nh.us/bill_status/legacy/bs2016/bill_status.aspx?lsr=0725&sy=2024&sortoption=&txtsessionyear=2024,ocd-bill/0c5b4769-0026-4452-93d3-3e595b2fe063
7365b9aa-4638-4cfe-a90f-c175fc435be3,,https://www.gencourt.state.nh.us/bill_status/legacy/bs2016/bill_status.aspx?lsr=2818&sy=2024&sortoption=&txtsessionyear=2024,ocd-bill/7f12b90d-f84b-4a90-a9df-754125546659
0bd6934e-7e7f-4fd3-b599-afe650e70272,,https://www.gencourt.state.nh.us/bill_status/legacy/bs2016/bill_status.aspx?lsr=0287&sy=2024&sortoption=&txtsessionyear=2024,ocd-bill/495c672d-0a5b-436f-82fc-b558034b26fd
65981ffe-ff19-41dd-87ea-f81b179bde0c,,https://www.gencourt.state.nh.us/bill_status/legacy/bs2016/bill_status.aspx?lsr=2116&sy=2024&sortoption=&txtsessionyear=2024,ocd-bill/79b8e00e-a835-4135-a8db-56cdd38e151a
5dd37556-1775-4723-ae33-6d4fc6249bb1,,https://www.gencourt.state.nh.us/bill_status/legacy/bs2016/bill_status.aspx?lsr=2833&sy=2024&sortoption=&txtsessionyear=2024,ocd-bill/d285a0e3-6357-4c10-a383-9fa9da7a418c
f35cdb2e-1b08-44ad-a576-71a9eb955ff6,,https://www.gencourt.state.nh.us/bill_status/legacy/bs2016/bill_status.aspx?lsr=3042&sy=2024&sortoption=&txtsessionyear=2024,ocd-bill/91df9f7d-e1cb-4e9b-8878-7b755f816a23
469c846d-1db1-4de9-96dc-375ff196999d,,https://www.gencourt.state.nh.us/bill_status/legacy/bs2016/bill_status.aspx?lsr=2797&sy=2024&sortoption=&txtsessionyear=2024,ocd-bill/c2417672-5e4d-4d03-a321-b992a81b5550
f7c4bb19-3772-4b59-94a5-db2fc1cc3445,,https://www.gencourt.state.nh.us/bill_status/legacy/bs2016/bill_status.aspx?lsr=0380&sy=2024&sortoption=&txtsessionyear=2024,ocd-bill/599962e8-1013-46ca-b265-6d18f38302e0
f2acea06-002a-4a3b-b51b-8a26d20c7f99,,https://www.gencourt.state.nh.us/bill_status/legacy/bs2016/bill_status.aspx?lsr=2536&sy=2024&sortoption=&txtsessionyear=2024,ocd-bill/3fbeae37-d3cb-4fea-b79b-66df733f6abe
286acb39-07c5-4481-bae9-42521df7b1f2,,https://www.gencourt.state.nh.us/bill_status/legacy/bs2016/bill_status.aspx?lsr=2736&sy=2024&sortoption=&txtsessionyear=2024,ocd-bill/7d63dae0-f310-4631-83b4-6f54c5855e78
e290abca-5d6c-4868-b7f4-0b00be094912,,https://www.gencourt.state.nh.us/bill_status/legacy/bs2016/bill_status.aspx?lsr=2295&sy=2024&sortoption=&txtsessionyear=2024,ocd-bill/212cc95c-18ac-45a9-8b10-709889529ae5
1ef2f92f-f502-4d47-a997-811c36390521,,https://www.gencourt.state.nh.us/bill_status/legacy/bs2016/bill_status.aspx?lsr=2822&sy=2024&sortoption=&txtsessionyear=2024,ocd-bill/3526d06b-c18a-4e67-ac93-14bf35f84d91
cb6a4930-91b1-4749-86c8-8b3ece3997ff,,https://www.gencourt.state.nh.us/bill_status/legacy/bs2016/bill_status.aspx?lsr=2595&sy=2024&sortoption=&txtsessionyear=2024,ocd-bill/595b6aa2-45a1-4cce-9740-467ba9ff3be1
3004df86-3d82-414c-9a8d-1d56d2292729,,https://www.gencourt.state.nh.us/bill_status/legacy/bs2016/bill_status.aspx?lsr=2714&sy=2024&sortoption=&txtsessionyear=2024,ocd-bill/b26ac734-ba5e-4c05-8646-ccefd526b4c5
f322f6ed-9889-487f-90d5-202a9af956bd,,https://www.gencourt.state.nh.us/bill_status/legacy/bs2016/bill_status.aspx?lsr=0352&sy=2024&sortoption=&txtsessionyear=2024,ocd-bill/ec35b18a-4e7b-41bf-bdd6-4e3eaf07ab45
2d125561-cdaf-4cd5-8514-3b47ec2c7987,,https://www.gencourt.state.nh.us/bill_status/legacy/bs2016/bill_status.aspx?lsr=2927&sy=2024&sortoption=&txtsessionyear=2024,ocd-bill/e9fbb47d-e588-41b7-9285-db654cbfd891
3902b985-9e3f-4b63-b830-b6bd432a9756,,https://www.gencourt.state.nh.us/bill_status/legacy/bs2016/bill_status.aspx?lsr=2114&sy=2024&sortoption=&txtsessionyear=2024,ocd-bill/d5f6e84f-b87a-4c78-a295-58a6c090b06e
553f7fe3-e59c-4ccf-b6b2-77ac7f8196aa,,https://www.gencourt.state.nh.us/bill_status/legacy/bs2016/bill_status.aspx?lsr=3167&sy=2024&sortoption=&txtsessionyear=2024,ocd-bill/56728ed6-b689-4e41-9953-c7517e01ec4a
2d1dd811-cfb0-4321-85c6-edf8f1dcc577,,https://www.gencourt.state.nh.us/bill_status/legacy/bs2016/bill_status.aspx?lsr=3153&sy=2024&sortoption=&txtsessionyear=2024,ocd-bill/1414d6b0-144d-4c8d-bba0-1036e9e0d6d8
c10a3d6c-21fb-489d-97a9-06a5a02c5724,,https://www.gencourt.state.nh.us/bill_status/legacy/bs2016/bill_status.aspx?lsr=2134&sy=2024&sortoption=&txtsessionyear=2024,ocd-bill/9006f021-8a02-4fdb-ae73-7ce7fd4cb95b
683c1965-c176-4c76-b76f-e9f385379fb2,,https://www.gencourt.state.nh.us/bill_status/legacy/bs2016/bill_status.aspx?lsr=2338&sy=2024&sortoption=&txtsessionyear=2024,ocd-bill/f7abe873-903b-4c94-952f-cb52f45a18f1
c469821f-55ec-4d71-8f4e-8be93e829d22,,https://www.gencourt.state.nh.us/bill_status/legacy/bs2016/bill_status.aspx?lsr=2926&sy=2024&sortoption=&txtsessionyear=2024,ocd-bill/4d27816d-9fa3-425e-a466-6382eaa5c7ed
f22ff9e3-bf5e-487a-98a8-876d69ed28f3,,https://www.gencourt.state.nh.us/bill_status/legacy/bs2016/bill_status.aspx?lsr=2049&sy=2024&sortoption=&txtsessionyear=2024,ocd-bill/7818ce96-3c1c-4c8c-ae9b-005cc0dd02c8
1e32bc7b-d12f-4b41-9a26-2b119b51a520,,https://www.gencourt.state.nh.us/bill_status/legacy/bs2016/bill_status.aspx?lsr=2816&sy=2024&sortoption=&txtsessionyear=2024,ocd-bill/fb74d7ec-bf4e-4fd6-a4ab-6226aa237fe4
823d1b1b-0667-41cf-8e10-d2b7a8db0f97,,https://www.gencourt.state.nh.us/bill_status/legacy/bs2016/bill_status.aspx?lsr=0956&sy=2024&sortoption=&txtsessionyear=2024,ocd-bill/71b6aed5-ff00-4b1f-a951-1d1a1e038518
7e8f261c-82bf-461b-9b92-e5a0f5c29bee,,https://www.gencourt.state.nh.us/bill_status/legacy/bs2016/bill_status.aspx?lsr=2852&sy=2024&sortoption=&txtsessionyear=2024,ocd-bill/cef4d10d-b4a1-47c8-9b77-ab79e05febd7
831eac54-d1fc-4157-b98e-356c465f0e02,,https://www.gencourt.state.nh.us/bill_status/legacy/bs2016/bill_status.aspx?lsr=2810&sy=2024&sortoption=&txtsessionyear=2024,ocd-bill/7d8fefd9-670e-42d4-b040-6684487f3e99
04c0139f-5cc7-4b56-946c-78ed3ba74f3d,,https://www.gencourt.state.nh.us/bill_status/legacy/bs2016/bill_status.aspx?lsr=2819&sy=2024&sortoption=&txtsessionyear=2024,ocd-bill/4893b991-dc99-4dce-88f2-fb0968429b42
9b929270-718a-4b2b-abed-581f14b7e813,,https://www.gencourt.state.nh.us/bill_status/legacy/bs2016/bill_status.aspx?lsr=2706&sy=2024&sortoption=&txtsessionyear=2024,ocd-bill/4298bb19-dcbc-4a8b-9767-88a6600ecd0b
ce20545b-b39b-4cdb-9a66-6134500dd66a,,https://www.gencourt.state.nh.us/bill_status/legacy/bs2016/bill_status.aspx?lsr=2319&sy=2024&sortoption=&txtsessionyear=2024,ocd-bill/fdfb3406-d7cd-46c7-af11-ef5009e21270
0ecca9fa-5014-4345-a70b-a84df7953287,,https://www.gencourt.state.nh.us/bill_status/legacy/bs2016/bill_status.aspx?lsr=3039&sy=2024&sortoption=&txtsessionyear=2024,ocd-bill/f9794246-dfdc-4053-b02d-cb3c9259d158
f7e03231-4737-4a49-afd0-6f1cdd00f3ff,,https://www.gencourt.state.nh.us/bill_status/legacy/bs2016/bill_status.aspx?lsr=2561&sy=2024&sortoption=&txtsessionyear=2024,ocd-bill/99ecdbda-585c-4e17-bcc9-a75b3e78fe94
c3390679-5798-4674-b3d3-2bf6f019f2c2,,https://www.gencourt.state.nh.us/bill_status/legacy/bs2016/bill_status.aspx?lsr=2781&sy=2024&sortoption=&txtsessionyear=2024,ocd-bill/6b25ab00-82b1-4469-9e47-5169a9c15d64
1ab9596c-910b-4c0a-9f86-6e69a2974a66,,https://www.gencourt.state.nh.us/bill_status/legacy/bs2016/bill_status.aspx?lsr=2957&sy=2024&sortoption=&txtsessionyear=2024,ocd-bill/ff4534ef-2f6a-46fb-bb8d-109260b4df0a
82d22902-8d6c-480c-a05e-76a6d1082931,,https://www.gencourt.state.nh.us/bill_status/legacy/bs2016/bill_status.aspx?lsr=2837&sy=2024&sortoption=&txtsessionyear=2024,ocd-bill/e46b9b6d-ed5c-45c0-a74a-1abaa7345729
6d606202-0199-4beb-b2cc-5d8ef0242059,,https://www.gencourt.state.nh.us/bill_status/legacy/bs2016/bill_status.aspx?lsr=2757&sy=2024&sortoption=&txtsessionyear=2024,ocd-bill/5a57479a-3814-499d-907b-0aac78568e25
d46cafcc-010c-4dc2-9181-aa07cac24f86,,https://www.gencourt.state.nh.us/bill_status/legacy/bs2016/bill_status.aspx?lsr=3008&sy=2024&sortoption=&txtsessionyear=2024,ocd-bill/f2146838-83c7-4e0e-a7fc-1e18c2c1bee7
137c05ff-aac0-4a68-baa7-dbbf3848f491,,https://www.gencourt.state.nh.us/bill_status/legacy/bs2016/bill_status.aspx?lsr=2960&sy=2024&sortoption=&txtsessionyear=2024,ocd-bill/f13161ff-179b-4e82-8139-1056b25d31f0
d64dd1c6-9a3d-4020-821a-4a5dfd31b8e2,,https://www.gencourt.state.nh.us/bill_status/legacy/bs2016/bill_status.aspx?lsr=2066&sy=2024&sortoption=&txtsessionyear=2024,ocd-bill/8ed01851-d29e-4aea-9773-eca40617a6bf
5024a7df-8343-4957-9ae9-639adb7b8879,,https://www.gencourt.state.nh.us/bill_status/legacy/bs2016/bill_status.aspx?lsr=2289&sy=2024&sortoption=&txtsessionyear=2024,ocd-bill/b6ea2c97-3ed3-40f8-91b5-1dd56a14aa1f
7648e12b-314b-4b6f-910b-e8f3c0b0cd40,,https://www.gencourt.state.nh.us/bill_status/legacy/bs2016/bill_status.aspx?lsr=2153&sy=2024&sortoption=&txtsessionyear=2024,ocd-bill/426811fc-aac2-4d4b-8685-3bccdb3c3e84
2ac785a5-0e93-48ce-a3e2-390e2f653539,,https://www.gencourt.state.nh.us/bill_status/legacy/bs2016/bill_status.aspx?lsr=3050&sy=2024&sortoption=&txtsessionyear=2024,ocd-bill/b9abf236-56db-4c32-98b8-617534f44c9b
965a0974-1b2e-475e-8d7c-1134d4554e84,,https://www.gencourt.state.nh.us/bill_status/legacy/bs2016/bill_status.aspx?lsr=3166&sy=2024&sortoption=&txtsessionyear=2024,ocd-bill/20110f1e-8c3b-4705-8542-43cb5208f7a0
f4b1221c-3dcf-4206-8f26-6d8c118e2d5c,,https://www.gencourt.state.nh.us/bill_status/legacy/bs2016/bill_status.aspx?lsr=2609&sy=2024&sortoption=&txtsessionyear=2024,ocd-bill/18211c79-86c8-47d1-afbc-ae47f86fa8a5
4021a710-97c6-45b6-8915-549a073f0297,,https://www.gencourt.state.nh.us/bill_status/legacy/bs2016/bill_status.aspx?lsr=0678&sy=2024&sortoption=&txtsessionyear=2024,ocd-bill/5031d535-195f-4bd1-b89f-0346bb0d1f07
4ed8055e-45bb-48dc-9436-d83dc41ccf16,,https://www.gencourt.state.nh.us/bill_status/legacy/bs2016/bill_status.aspx?lsr=2996&sy=2024&sortoption=&txtsessionyear=2024,ocd-bill/4d48dbbe-7554-4270-8c98-037c51e05361
7c2cf8ad-a220-4c19-a7b1-d56e4470222d,,https://www.gencourt.state.nh.us/bill_status/legacy/bs2016/bill_status.aspx?lsr=2942&sy=2024&sortoption=&txtsessionyear=2024,ocd-bill/d81ef711-0cd9-467e-905e-b7407ba2135e
827f3435-8297-47d5-8091-0138a597d4d6,,https://www.gencourt.state.nh.us/bill_status/legacy/bs2016/bill_status.aspx?lsr=2980&sy=2024&sortoption=&txtsessionyear=2024,ocd-bill/2717c483-9624-47af-8cd8-bf9eb476a035
f89fc258-fb59-4403-ae1f-2a9b0b1870c5,,https://www.gencourt.state.nh.us/bill_status/legacy/bs2016/bill_status.aspx?lsr=3038&sy=2024&sortoption=&txtsessionyear=2024,ocd-bill/77fca1a7-3c2f-4096-8000-827df7747d18
d6e2d299-e6f7-49dd-9f91-c0e9e511cace,,https://www.gencourt.state.nh.us/bill_status/legacy/bs2016/bill_status.aspx?lsr=2952&sy=2024&sortoption=&txtsessionyear=2024,ocd-bill/e77a12df-8fa4-4a42-846b-76c3b39161cf
2f4f00ec-ad92-456d-b3ca-78d6dec0d21e,,https://www.gencourt.state.nh.us/bill_status/legacy/bs2016/bill_status.aspx?lsr=3044&sy=2024&sortoption=&txtsessionyear=2024,ocd-bill/e0c9764e-d3b9-4faf-81bd-b23262fdd3d9
3cda1bac-12b2-4add-b1cb-8962ab5131f2,,https://www.gencourt.state.nh.us/bill_status/legacy/bs2016/bill_status.aspx?lsr=2945&sy=2024&sortoption=&txtsessionyear=2024,ocd-bill/943db747-a5a6-419b-816a-b06f90f2c508
a1d93cc5-ea74-4e7a-b1ae-5223d60bf81f,,https://www.gencourt.state.nh.us/bill_status/legacy/bs2016/bill_status.aspx?lsr=2991&sy=2024&sortoption=&txtsessionyear=2024,ocd-bill/b159212d-a2ce-45b8-9a77-da3d18ef7fc6
022f36cc-3146-415c-9a8b-6f51440eff01,,https://www.gencourt.state.nh.us/bill_status/legacy/bs2016/bill_status.aspx?lsr=2953&sy=2024&sortoption=&txtsessionyear=2024,ocd-bill/757e30d9-b535-448d-be47-0f8bb5cb6f4f
f7257888-a299-4a40-bcdf-0280219b29c0,,https://www.gencourt.state.nh.us/bill_status/legacy/bs2016/bill_status.aspx?lsr=2972&sy=2024&sortoption=&txtsessionyear=2024,ocd-bill/cfbcb422-6717-4ac4-b100-497fe63fc8c9
23e7d3c3-165a-451f-ba6f-0627fd7ad1c0,,https://www.gencourt.state.nh.us/bill_status/legacy/bs2016/bill_status.aspx?lsr=2973&sy=2024&sortoption=&txtsessionyear=2024,ocd-bill/6fa0c805-f316-4d43-9183-0a29ecba5d27
39404869-cde2-4b38-aa1c-03de524da6b7,,https://www.gencourt.state.nh.us/bill_status/legacy/bs2016/bill_status.aspx?lsr=3018&sy=2024&sortoption=&txtsessionyear=2024,ocd-bill/d647ee07-b6db-4d39-8fbc-4ccbfbf5ba1e
55ac4997-c8d3-4f65-9740-cc6d1f5cce9c,,https://www.gencourt.state.nh.us/bill_status/legacy/bs2016/bill_status.aspx?lsr=2984&sy=2024&sortoption=&txtsessionyear=2024,ocd-bill/948d9bfa-08ca-49bf-8799-228752bc7cea
7c225050-7153-4d99-82f2-e15bfcc5874d,,https://www.gencourt.state.nh.us/bill_status/legacy/bs2016/bill_status.aspx?lsr=3137&sy=2024&sortoption=&txtsessionyear=2024,ocd-bill/7cb04c4b-6d8b-4b3d-a265-131a47fb076b
873eea50-833a-4991-b606-51e5681c2363,,https://www.gencourt.state.nh.us/bill_status/legacy/bs2016/bill_status.aspx?lsr=2231&sy=2024&sortoption=&txtsessionyear=2024,ocd-bill/b2422f0e-8fbd-473e-9d2a-19baf7c9ffe7
f80af4df-1723-4705-8d0a-2f9e0cba9fd6,,https://www.gencourt.state.nh.us/bill_status/legacy/bs2016/bill_status.aspx?lsr=0990&sy=2024&sortoption=&txtsessionyear=2024,ocd-bill/21feeb3e-d761-464a-95e5-5a72c3372892
12fcf063-ecac-47ae-b75e-61a06b0573ef,,https://www.gencourt.state.nh.us/bill_status/legacy/bs2016/bill_status.aspx?lsr=3020&sy=2024&sortoption=&txtsessionyear=2024,ocd-bill/5738238b-da06-4235-9df2-4133fb21595d
858b0fc8-2079-4c36-a138-f4bcf7b813ae,,https://www.gencourt.state.nh.us/bill_status/legacy/bs2016/bill_status.aspx?lsr=2906&sy=2024&sortoption=&txtsessionyear=2024,ocd-bill/7a29ea52-edbd-4cee-9a7c-cd38081197e9
8cb64f3e-c510-4134-a3ad-a5daf4035f63,,https://www.gencourt.state.nh.us/bill_status/legacy/bs2016/bill_status.aspx?lsr=2163&sy=2024&sortoption=&txtsessionyear=2024,ocd-bill/40f4062d-3c75-4156-be33-71b95f981609
aa10d732-bbec-427d-9b87-cb868cd41d4c,,https://www.gencourt.state.nh.us/bill_status/legacy/bs2016/bill_status.aspx?lsr=3108&sy=2024&sortoption=&txtsessionyear=2024,ocd-bill/32e17c23-c6f7-444a-bbda-5fd1b4695128
a268b43c-3a83-4fe9-9ead-1e238e04de7b,,https://www.gencourt.state.nh.us/bill_status/legacy/bs2016/bill_status.aspx?lsr=2700&sy=2024&sortoption=&txtsessionyear=2024,ocd-bill/3cb62f24-527d-42df-b9bc-5589e20dcc53
737227bd-3dd2-4839-9883-3596973d7502,,https://www.gencourt.state.nh.us/bill_status/legacy/bs2016/bill_status.aspx?lsr=2230&sy=2024&sortoption=&txtsessionyear=2024,ocd-bill/d7d0334e-08fc-4382-98d8-2718a17ec78f
6d9872fd-c20f-4aec-a246-c20be48d49bb,,https://www.gencourt.state.nh.us/bill_status/legacy/bs2016/bill_status.aspx?lsr=2873&sy=2024&sortoption=&txtsessionyear=2024,ocd-bill/6f02e07f-534e-4df7-9bc0-39a32eae75d9
97fc9f11-0dda-41b3-80b3-8acf79ef092a,,https://www.gencourt.state.nh.us/bill_status/legacy/bs2016/bill_status.aspx?lsr=3126&sy=2024&sortoption=&txtsessionyear=2024,ocd-bill/89c5d22d-b3fc-4a4d-86c1-2e25fe90f8a5
5c5b1764-3831-45c3-a49f-7662f494455f,,https://www.gencourt.state.nh.us/bill_status/legacy/bs2016/bill_status.aspx?lsr=2879&sy=2024&sortoption=&txtsessionyear=2024,ocd-bill/f30c0ed5-6022-4a68-92c8-ed4f2d730d08
6ebe0c04-b1b2-4bcc-a261-50ebef7402b0,,https://www.gencourt.state.nh.us/bill_status/legacy/bs2016/bill_status.aspx?lsr=3118&sy=2024&sortoption=&txtsessionyear=2024,ocd-bill/84218920-9800-4575-aafe-7f867b041fc5
445bd855-dbc4-47ea-8af5-dc1d7c363843,,https://www.gencourt.state.nh.us/bill_status/legacy/bs2016/bill_status.aspx?lsr=3125&sy=2024&sortoption=&txtsessionyear=2024,ocd-bill/b1446648-6978-42b6-89ea-e7913fce74c0
8fd1dab8-4af4-4cc3-ad81-15b0f2aee2d1,,https://www.gencourt.state.nh.us/bill_status/legacy/bs2016/bill_status.aspx?lsr=2958&sy=2024&sortoption=&txtsessionyear=2024,ocd-bill/0539d0a9-0778-4d21-a733-d3f5dc740f9e
1e9bf6a8-f7fa-4548-92e3-fb28755e2f26,,https://www.gencourt.state.nh.us/bill_status/legacy/bs2016/bill_status.aspx?lsr=2919&sy=2024&sortoption=&txtsessionyear=2024,ocd-bill/2b275195-d5f2-4f9f-9429-3ed429c2a08f
72e84c4f-c76b-4174-b32f-aeea3e764f28,,https://www.gencourt.state.nh.us/bill_status/legacy/bs2016/bill_status.aspx?lsr=3082&sy=2024&sortoption=&txtsessionyear=2024,ocd-bill/e123382c-6f40-441f-bebf-88949aeded8a
0e00dd2c-fb03-4645-bcc4-71cfba54d483,,https://www.gencourt.state.nh.us/bill_status/legacy/bs2016/bill_status.aspx?lsr=2858&sy=2024&sortoption=&txtsessionyear=2024,ocd-bill/c07941ac-cacd-452d-b505-a2b36e9e0789
ebb86afe-9371-4bbb-9c99-4acb057c2012,,https://www.gencourt.state.nh.us/bill_status/legacy/bs2016/bill_status.aspx?lsr=2865&sy=2024&sortoption=&txtsessionyear=2024,ocd-bill/0c5ae9b5-7b19-414c-a42d-2205ee23f795
47288cfd-3def-44d5-b870-e711488d120b,,https://www.gencourt.state.nh.us/bill_status/legacy/bs2016/bill_status.aspx?lsr=2869&sy=2024&sortoption=&txtsessionyear=2024,ocd-bill/29355e5b-261e-4897-9cdb-3c51b4c994c5
f6c145a9-a72f-4852-892d-23cf4ff2be99,,https://www.gencourt.state.nh.us/bill_status/legacy/bs2016/bill_status.aspx?lsr=3104&sy=2024&sortoption=&txtsessionyear=2024,ocd-bill/eda570d3-96c3-4cd6-a119-b7e9bcef75a7
81dd6898-f138-4dbe-971c-bd6ba038dfca,,https://www.gencourt.state.nh.us/bill_status/legacy/bs2016/bill_status.aspx?lsr=2915&sy=2024&sortoption=&txtsessionyear=2024,ocd-bill/0de20cdd-fbec-4356-92bb-fd233b772eb7
768cf2aa-6fcd-4147-9f0b-7bf022684250,,https://www.gencourt.state.nh.us/bill_status/legacy/bs2016/bill_status.aspx?lsr=3132&sy=2024&sortoption=&txtsessionyear=2024,ocd-bill/e032c3b4-674e-40d0-96e7-5e44ebecb0da
7d8c061f-abbc-49ab-979e-a8e65cc8d3a1,,https://www.gencourt.state.nh.us/bill_status/legacy/bs2016/bill_status.aspx?lsr=0981&sy=2024&sortoption=&txtsessionyear=2024,ocd-bill/5004cc6b-60b1-40b0-9760-445e0fc1bd85
871f2da3-38c0-4481-a916-17d2b89b0b17,,https://www.gencourt.state.nh.us/bill_status/legacy/bs2016/bill_status.aspx?lsr=3079&sy=2024&sortoption=&txtsessionyear=2024,ocd-bill/673db54c-616d-4531-b6b3-61c6c439ae4e
925a1a27-09b9-4a47-a153-dfef16c9ca47,,https://www.gencourt.state.nh.us/bill_status/legacy/bs2016/bill_status.aspx?lsr=2909&sy=2024&sortoption=&txtsessionyear=2024,ocd-bill/c4154630-8826-42c2-a10a-09fb01cd0ce3
9b94170a-6e17-421b-b3bb-ffa6dec2c7e4,,https://www.gencourt.state.nh.us/bill_status/legacy/bs2016/bill_status.aspx?lsr=3087&sy=2024&sortoption=&txtsessionyear=2024,ocd-bill/12e73617-fcd5-4118-8944-24a9f30da8ab
e442b59e-793c-434c-876a-89e34a2ab3ff,,https://www.gencourt.state.nh.us/bill_status/legacy/bs2016/bill_status.aspx?lsr=2867&sy=2024&sortoption=&txtsessionyear=2024,ocd-bill/1d115a28-a555-4442-ae9c-2f9060822385
c4b4d58c-46b0-45ab-9dfd-1400ca4f3a47,,https://www.gencourt.state.nh.us/bill_status/legacy/bs2016/bill_status.aspx?lsr=2902&sy=2024&sortoption=&txtsessionyear=2024,ocd-bill/f930c0e0-5b2f-4ccd-beb2-606af5eaaefc
4b2dfcb8-53c5-4140-9107-c702977a5a4f,,https://www.gencourt.state.nh.us/bill_status/legacy/bs2016/bill_status.aspx?lsr=2285&sy=2024&sortoption=&txtsessionyear=2024,ocd-bill/386ed39b-e0a8-478e-9ee7-70ab68043dd6
f2e5eea6-78e8-40cd-86d7-f9a48b7d36d9,,https://www.gencourt.state.nh.us/bill_status/legacy/bs2016/bill_status.aspx?lsr=2296&sy=2024&sortoption=&txtsessionyear=2024,ocd-bill/49d56005-a877-4dc4-ac4e-6d0f536faf96
120a5eaf-ed9d-4c54-ad08-ac5c9b16c057,,https://www.gencourt.state.nh.us/bill_status/legacy/bs2016/bill_status.aspx?lsr=2500&sy=2024&sortoption=&txtsessionyear=2024,ocd-bill/76a0495a-2cec-423d-b299-23aef4bb2ee6
8803df1f-6830-4423-9a06-60dbcb730919,,https://www.gencourt.state.nh.us/bill_status/legacy/bs2016/bill_status.aspx?lsr=3033&sy=2024&sortoption=&txtsessionyear=2024,ocd-bill/c27b4674-d660-49b6-9737-7c38066bdc95
2a073b86-78a2-4f8d-86f3-17c4e2d611d6,,https://www.gencourt.state.nh.us/bill_status/legacy/bs2016/bill_status.aspx?lsr=2612&sy=2024&sortoption=&txtsessionyear=2024,ocd-bill/d5b06bf1-5000-418c-921d-1effdd815e15
1655b8b9-d1a3-4e9d-88a5-8dd55d81db29,,https://www.gencourt.state.nh.us/bill_status/legacy/bs2016/bill_status.aspx?lsr=2131&sy=2024&sortoption=&txtsessionyear=2024,ocd-bill/5e2d15ec-57d8-4904-a727-ee2354886bdc
8949eac1-c6c6-45dd-8e4a-c25426bb6f66,,https://www.gencourt.state.nh.us/bill_status/legacy/bs2016/bill_status.aspx?lsr=2901&sy=2024&sortoption=&txtsessionyear=2024,ocd-bill/34c87947-5fcc-4756-8a8b-3c95cac39c4c
5f405e47-40b2-48c2-a4d2-5a94f11cc196,,https://www.gencourt.state.nh.us/bill_status/legacy/bs2016/bill_status.aspx?lsr=2840&sy=2024&sortoption=&txtsessionyear=2024,ocd-bill/d3d6dc34-096a-4539-aa03-5bffcd51f9b7
82f15c4e-91b1-43bc-b667-894049320a9c,,https://www.gencourt.state.nh.us/bill_status/legacy/bs2016/bill_status.aspx?lsr=3031&sy=2024&sortoption=&txtsessionyear=2024,ocd-bill/c638ad8f-db7c-4ca5-8ca8-b10aa39eee5b
f33d8238-bb18-4338-ad7d-190647c1995f,,https://www.gencourt.state.nh.us/bill_status/legacy/bs2016/bill_status.aspx?lsr=2436&sy=2024&sortoption=&txtsessionyear=2024,ocd-bill/101918b8-a2ce-4aa3-8686-c122d805474d
d485695a-99b4-4cb9-8191-df782125b2e4,,https://www.gencourt.state.nh.us/bill_status/legacy/bs2016/bill_status.aspx?lsr=2336&sy=2024&sortoption=&txtsessionyear=2024,ocd-bill/fd5253c0-1938-41fb-b018-4f1aa7f556d8
5244f086-0f53-4923-8a72-ba5d2a1dce49,,https://www.gencourt.state.nh.us/bill_status/legacy/bs2016/bill_status.aspx?lsr=2392&sy=2024&sortoption=&txtsessionyear=2024,ocd-bill/c2f18e21-ee48-42a7-aac9-5ae76ec6b4fb
bc3142f1-6c49-4cda-b513-75ec1c718df1,,https://www.gencourt.state.nh.us/bill_status/legacy/bs2016/bill_status.aspx?lsr=2300&sy=2024&sortoption=&txtsessionyear=2024,ocd-bill/eaebe8c2-e216-4576-be10-3e1835a25bc9
4feffa0b-e59c-409e-8ceb-7a1168598dbe,,https://www.gencourt.state.nh.us/bill_status/legacy/bs2016/bill_status.aspx?lsr=2395&sy=2024&sortoption=&txtsessionyear=2024,ocd-bill/ca907503-2b17-405e-87cf-e39184a186f2
178070fb-58c4-4b00-a99a-1b0cf4880aab,,https://www.gencourt.state.nh.us/bill_status/legacy/bs2016/bill_status.aspx?lsr=2081&sy=2024&sortoption=&txtsessionyear=2024,ocd-bill/5b72d5af-b5b1-47f1-bc05-5b5c95ffcdb1
1b9fdb76-17a2-4515-acf7-7c4f59ae6ec1,,https://www.gencourt.state.nh.us/bill_status/legacy/bs2016/bill_status.aspx?lsr=2401&sy=2024&sortoption=&txtsessionyear=2024,ocd-bill/e23ee860-2590-47e0-b2fd-3bf6f7595f14
897296ad-9efa-4d64-b23b-7c9088ecefa7,,https://www.gencourt.state.nh.us/bill_status/legacy/bs2016/bill_status.aspx?lsr=2782&sy=2024&sortoption=&txtsessionyear=2024,ocd-bill/73ed41b8-0f18-4e5d-8965-7fb41f1e2a21
305cf9ce-d1bc-4368-892c-61988c274e97,,https://www.gencourt.state.nh.us/bill_status/legacy/bs2016/bill_status.aspx?lsr=2527&sy=2024&sortoption=&txtsessionyear=2024,ocd-bill/e93f5a71-98fd-4f67-84c7-f079e5b36a89
e57f23a4-ac24-47fe-ad61-79068f1464c6,,https://www.gencourt.state.nh.us/bill_status/legacy/bs2016/bill_status.aspx?lsr=2110&sy=2024&sortoption=&txtsessionyear=2024,ocd-bill/785d6973-b7ee-4e13-9a4f-e97c29d14160
fec04e6b-6d92-4c0b-b114-edc83ef612e2,,https://www.gencourt.state.nh.us/bill_status/legacy/bs2016/bill_status.aspx?lsr=2402&sy=2024&sortoption=&txtsessionyear=2024,ocd-bill/c0f112e1-56a2-4656-9a86-e8820e249c2b
8e62185d-dce4-4cfe-9137-90701cdc5fa1,,https://www.gencourt.state.nh.us/bill_status/legacy/bs2016/bill_status.aspx?lsr=2410&sy=2024&sortoption=&txtsessionyear=2024,ocd-bill/e263c95c-c26f-4cdb-8b55-49fdcf9d5a72
21acfee0-14ca-4709-b1e1-a9e8233eafee,,https://www.gencourt.state.nh.us/bill_status/legacy/bs2016/bill_status.aspx?lsr=2279&sy=2024&sortoption=&txtsessionyear=2024,ocd-bill/2799c7b6-7127-4a61-a11e-ad870a904314
764d9af8-b6a6-41a7-9599-f75aec9bd7dd,,https://www.gencourt.state.nh.us/bill_status/legacy/bs2016/bill_status.aspx?lsr=2448&sy=2024&sortoption=&txtsessionyear=2024,ocd-bill/36c8fa4f-390c-4aca-ade6-1dbe27fe005d
b0e877cc-49f2-40cf-b161-438da560f581,,https://www.gencourt.state.nh.us/bill_status/legacy/bs2016/bill_status.aspx?lsr=2678&sy=2024&sortoption=&txtsessionyear=2024,ocd-bill/fe3bf80c-4523-4ef7-8826-506c5dedfae9
4ae092fa-7a68-47aa-8d21-e39c3e91a7c0,,https://www.gencourt.state.nh.us/bill_status/legacy/bs2016/bill_status.aspx?lsr=2223&sy=2024&sortoption=&txtsessionyear=2024,ocd-bill/532bd7b2-41db-4fd8-b405-09f6511472b7
694175f6-d024-4181-8a0f-4fe718320dc5,,https://www.gencourt.state.nh.us/bill_status/legacy/bs2016/bill_status.aspx?lsr=2445&sy=2024&sortoption=&txtsessionyear=2024,ocd-bill/271b9f87-4829-4ab0-ad2d-b27beec466d8
b3f538bf-1220-4709-a2b9-3b22369186fc,,https://www.gencourt.state.nh.us/bill_status/legacy/bs2016/bill_status.aspx?lsr=2549&sy=2024&sortoption=&txtsessionyear=2024,ocd-bill/fb2baa82-24b8-4814-a94c-8cd10c8734b9
642110de-f2cd-40e6-b14c-fedba2b21755,,https://www.gencourt.state.nh.us/bill_status/legacy/bs2016/bill_status.aspx?lsr=3091&sy=2024&sortoption=&txtsessionyear=2024,ocd-bill/3e2cb6a5-a693-4566-8b99-0d4a743ecf66
3a6e14f3-d313-4a71-b9cf-45077ded7d1c,,https://www.gencourt.state.nh.us/bill_status/legacy/bs2016/bill_status.aspx?lsr=3049&sy=2024&sortoption=&txtsessionyear=2024,ocd-bill/ab955343-76d4-4f65-a19b-760ce75bd5f0
882d906e-f7c1-443a-8f1f-9659764aa868,,https://www.gencourt.state.nh.us/bill_status/legacy/bs2016/bill_status.aspx?lsr=2721&sy=2024&sortoption=&txtsessionyear=2024,ocd-bill/f98d5953-917e-40f9-bffd-a7c079cd2967
7577bfd9-bf9f-4d66-9f3a-90eab5f64b82,,https://www.gencourt.state.nh.us/bill_status/legacy/bs2016/bill_status.aspx?lsr=2001&sy=2024&sortoption=&txtsessionyear=2024,ocd-bill/0d3d3630-f4dd-4aff-b17b-3bd12bfe8671
3d0c41f3-be09-4c64-992f-ed964d00ef5a,,https://www.gencourt.state.nh.us/bill_status/legacy/bs2016/bill_status.aspx?lsr=2703&sy=2024&sortoption=&txtsessionyear=2024,ocd-bill/1c8ef10b-cacf-47d4-87a8-d41bd9a6cae4
310b581b-a97b-47a1-b7bb-2a8312a75e2c,,https://www.gencourt.state.nh.us/bill_status/legacy/bs2016/bill_status.aspx?lsr=2060&sy=2024&sortoption=&txtsessionyear=2024,ocd-bill/9fd7743c-b9b8-4481-8bb5-4083075a3a45
3e83ebfc-3044-4d6e-b10a-eafe99e4861d,,https://www.gencourt.state.nh.us/bill_status/legacy/bs2016/bill_status.aspx?lsr=2197&sy=2024&sortoption=&txtsessionyear=2024,ocd-bill/182537d5-43eb-4887-be4c-6576fd17629a
ee7da1fe-faa6-4938-bc5c-a003f770c9d7,,https://www.gencourt.state.nh.us/bill_status/legacy/bs2016/bill_status.aspx?lsr=2015&sy=2024&sortoption=&txtsessionyear=2024,ocd-bill/1be6fb43-aaf1-4a28-a886-b4b888d697f5
d44d6213-1260-4918-825c-5192b495ed9a,,https://www.gencourt.state.nh.us/bill_status/legacy/bs2016/bill_status.aspx?lsr=2416&sy=2024&sortoption=&txtsessionyear=2024,ocd-bill/1263e7a8-58ef-47ec-99d9-404478ff2402
eb37a149-74ec-4b72-8d4e-2a28a0485dfb,,https://www.gencourt.state.nh.us/bill_status/legacy/bs2016/bill_status.aspx?lsr=2182&sy=2024&sortoption=&txtsessionyear=2024,ocd-bill/d124be6b-06b4-4a39-a144-41785218474b
c04d11c2-5445-4a5f-949b-a85c4b73a381,,https://www.gencourt.state.nh.us/bill_status/legacy/bs2016/bill_status.aspx?lsr=2210&sy=2024&sortoption=&txtsessionyear=2024,ocd-bill/df05f079-9e18-41f2-bf2c-fc2500d82644
d710eb9b-b8ef-46d9-91d8-3e25a606d24e,,https://www.gencourt.state.nh.us/bill_status/legacy/bs2016/bill_status.aspx?lsr=0601&sy=2024&sortoption=&txtsessionyear=2024,ocd-bill/6bac12fa-de9b-4691-bdc1-eb761110ae09
0b89bf37-a431-49b2-9da7-08e13d4dc6d4,,https://www.gencourt.state.nh.us/bill_status/legacy/bs2016/bill_status.aspx?lsr=2217&sy=2024&sortoption=&txtsessionyear=2024,ocd-bill/60c2195e-b628-4fa0-a164-3d6381c33af2
14f7e9c6-7994-47eb-86db-a1bb0231d0d4,,https://www.gencourt.state.nh.us/bill_status/legacy/bs2016/bill_status.aspx?lsr=2138&sy=2024&sortoption=&txtsessionyear=2024,ocd-bill/4bf5bb44-fecb-4885-a249-80605db87772
110fce0b-426e-40eb-9225-17519b973f9e,,https://www.gencourt.state.nh.us/bill_status/legacy/bs2016/bill_status.aspx?lsr=2600&sy=2024&sortoption=&txtsessionyear=2024,ocd-bill/475e7223-1d6d-4b51-a951-b90af7e8a51d
7e431f13-1a58-42e8-a655-355fcb73a1bc,,https://www.gencourt.state.nh.us/bill_status/legacy/bs2016/bill_status.aspx?lsr=2058&sy=2024&sortoption=&txtsessionyear=2024,ocd-bill/d2609d51-db83-4fde-bdfe-59857fee6a4e
8d9d7374-3d59-4eb0-9791-aeb6bf3f6615,,https://www.gencourt.state.nh.us/bill_status/legacy/bs2016/bill_status.aspx?lsr=2433&sy=2024&sortoption=&txtsessionyear=2024,ocd-bill/83b4d06f-0ac4-40cf-a467-0b38b604d34e
aefd6726-7756-4db9-ab38-092a97f0724b,,https://www.gencourt.state.nh.us/bill_status/legacy/bs2016/bill_status.aspx?lsr=2208&sy=2024&sortoption=&txtsessionyear=2024,ocd-bill/3c76cb7c-7a11-441c-94c2-06cff00b4d85
4fa1ab10-64ba-47d6-91d3-90442bdb7526,,https://www.gencourt.state.nh.us/bill_status/legacy/bs2016/bill_status.aspx?lsr=2204&sy=2024&sortoption=&txtsessionyear=2024,ocd-bill/1ae94949-d45e-4043-920b-08981b4c7598
36ead14f-7662-4d3a-a3de-50e69bdf80c0,,https://www.gencourt.state.nh.us/bill_status/legacy/bs2016/bill_status.aspx?lsr=2351&sy=2024&sortoption=&txtsessionyear=2024,ocd-bill/791da588-5535-4cf1-b32a-602fb515aaeb
a5857ccb-8140-48db-b193-5c676c44a10b,,https://www.gencourt.state.nh.us/bill_status/legacy/bs2016/bill_status.aspx?lsr=2277&sy=2024&sortoption=&txtsessionyear=2024,ocd-bill/0f08886e-aef5-42f3-b2e0-36a2833472a3
fd743d55-74eb-4ec6-9135-80ddb1776564,,https://www.gencourt.state.nh.us/bill_status/legacy/bs2016/bill_status.aspx?lsr=2092&sy=2024&sortoption=&txtsessionyear=2024,ocd-bill/1176b28d-1627-4fe0-b3ee-878d789bf1a0
92ca72ee-a22f-4ded-b4a7-24dd39cc0064,,https://www.gencourt.state.nh.us/bill_status/legacy/bs2016/bill_status.aspx?lsr=2323&sy=2024&sortoption=&txtsessionyear=2024,ocd-bill/ae371ee9-fb3d-4bb1-85c5-717ffb0918a8
505244e5-10c5-4e09-bd06-ee0c0b6f047f,,https://www.gencourt.state.nh.us/bill_status/legacy/bs2016/bill_status.aspx?lsr=2118&sy=2024&sortoption=&txtsessionyear=2024,ocd-bill/066d3970-e09d-4db6-8c6b-215186ee2dca
de3011ca-4c79-469b-97e4-a13b59d88508,,https://www.gencourt.state.nh.us/bill_status/legacy/bs2016/bill_status.aspx?lsr=2096&sy=2024&sortoption=&txtsessionyear=2024,ocd-bill/ecdaebf8-c2ce-4466-90c4-aca6a0e03854
499b212b-1e5e-428d-9d23-6e9cf4585354,,https://www.gencourt.state.nh.us/bill_status/legacy/bs2016/bill_status.aspx?lsr=2469&sy=2024&sortoption=&txtsessionyear=2024,ocd-bill/d20d7af1-bccf-46b6-ba3e-cc7d7e04aba7
8ad4624e-7d82-4d34-865b-341afe73cd5e,,https://www.gencourt.state.nh.us/bill_status/legacy/bs2016/bill_status.aspx?lsr=2079&sy=2024&sortoption=&txtsessionyear=2024,ocd-bill/62528dad-6b3f-484b-91cb-1205ecf1f4f9
218b6435-6f4d-4608-98d1-fd3f0be7ec50,,https://www.gencourt.state.nh.us/bill_status/legacy/bs2016/bill_status.aspx?lsr=2715&sy=2024&sortoption=&txtsessionyear=2024,ocd-bill/e185ebac-6f17-4191-8d6b-8622a8f6a218
284bc820-399b-4316-89c6-55834f9222eb,,https://www.gencourt.state.nh.us/bill_status/legacy/bs2016/bill_status.aspx?lsr=2648&sy=2024&sortoption=&txtsessionyear=2024,ocd-bill/afd3a0be-6b9b-400f-bd96-4139e81fbc7d
7e53fa36-2844-4b26-9394-80be48d04ea5,,https://www.gencourt.state.nh.us/bill_status/legacy/bs2016/bill_status.aspx?lsr=2144&sy=2024&sortoption=&txtsessionyear=2024,ocd-bill/22d26894-cbfe-44e7-81b1-1f2d84ffc86c
bbc440d2-9aef-49b2-82e0-9decdbaf6323,,https://www.gencourt.state.nh.us/bill_status/legacy/bs2016/bill_status.aspx?lsr=2352&sy=2024&sortoption=&txtsessionyear=2024,ocd-bill/2c53fb24-80bf-46b9-af68-60c73b7e24c1
9d445c15-de2f-4729-a64e-5b2ad765075d,,https://www.gencourt.state.nh.us/bill_status/legacy/bs2016/bill_status.aspx?lsr=2379&sy=2024&sortoption=&txtsessionyear=2024,ocd-bill/4794d30b-ad13-4b4b-bc90-fc8039885d6c
ab6fbd46-6a87-4faa-808e-664d2d5666cc,,https://www.gencourt.state.nh.us/bill_status/legacy/bs2016/bill_status.aspx?lsr=2175&sy=2024&sortoption=&txtsessionyear=2024,ocd-bill/d6579956-b48a-4ab5-b152-0f9ea7a33460
aba67050-2d01-45fa-80dc-b4b977b035bf,,https://www.gencourt.state.nh.us/bill_status/legacy/bs2016/bill_status.aspx?lsr=2340&sy=2024&sortoption=&txtsessionyear=2024,ocd-bill/a4135c32-8247-48bf-8262-e47e402d833d
beefb506-d8a7-4d61-878a-2b5b92630ad7,,https://www.gencourt.state.nh.us/bill_status/legacy/bs2016/bill_status.aspx?lsr=2676&sy=2024&sortoption=&txtsessionyear=2024,ocd-bill/52e28c8e-15a6-4e6f-9ae4-1fee4c7186c3
378a597e-b401-4d0f-8526-b4071b1f0010,,https://www.gencourt.state.nh.us/bill_status/legacy/bs2016/bill_status.aspx?lsr=2365&sy=2024&sortoption=&txtsessionyear=2024,ocd-bill/3c439e41-f9a1-431f-8593-08e1e7bb3f50
591c2c25-7ce3-404a-93c1-e22f59115ef3,,https://www.gencourt.state.nh.us/bill_status/legacy/bs2016/bill_status.aspx?lsr=2732&sy=2024&sortoption=&txtsessionyear=2024,ocd-bill/278b88cf-54c8-4f2d-8e59-f75f259786c9
419dbd5b-32ab-42c3-baff-041ee9800aac,,https://www.gencourt.state.nh.us/bill_status/legacy/bs2016/bill_status.aspx?lsr=2413&sy=2024&sortoption=&txtsessionyear=2024,ocd-bill/162fa07b-4dad-4313-934f-b3b2f2d9419e
852e7f8f-62b4-488e-ba58-7200e9e225b2,,https://www.gencourt.state.nh.us/bill_status/legacy/bs2016/bill_status.aspx?lsr=2362&sy=2024&sortoption=&txtsessionyear=2024,ocd-bill/e1e7cd56-2e07-4dc6-97a8-f6d11d9a441f
0a0e6e20-4d83-4675-a5ad-cf5319f87e8d,,https://www.gencourt.state.nh.us/bill_status/legacy/bs2016/bill_status.aspx?lsr=2035&sy=2024&sortoption=&txtsessionyear=2024,ocd-bill/a261f10d-102e-43e0-a6b3-9c4e5bb3289c
173d3f9c-6709-469a-b96e-72b06b0af4bf,,https://www.gencourt.state.nh.us/bill_status/legacy/bs2016/bill_status.aspx?lsr=2315&sy=2024&sortoption=&txtsessionyear=2024,ocd-bill/7dc647b8-35f1-44f1-989f-0b0f66795268
a5c97cf5-7ae7-4f22-ad6a-736e9089db27,,https://www.gencourt.state.nh.us/bill_status/legacy/bs2016/bill_status.aspx?lsr=2260&sy=2024&sortoption=&txtsessionyear=2024,ocd-bill/97d258fd-9679-4403-b85c-98d65323e8d9
ed0561b6-f1c8-4f70-8f01-9cf4443a1670,,https://www.gencourt.state.nh.us/bill_status/legacy/bs2016/bill_status.aspx?lsr=2071&sy=2024&sortoption=&txtsessionyear=2024,ocd-bill/4a84bf72-4a3a-4f0e-a67d-4e168fd3a203
2d2df94b-bd19-4b6f-a781-d592f3f95b87,,https://www.gencourt.state.nh.us/bill_status/legacy/bs2016/bill_status.aspx?lsr=2426&sy=2024&sortoption=&txtsessionyear=2024,ocd-bill/bce33792-564a-41f4-b6ed-4e9a820aa5f9
e8a73ce1-b02f-4c69-8565-aeb14ae4b769,,https://www.gencourt.state.nh.us/bill_status/legacy/bs2016/bill_status.aspx?lsr=2633&sy=2024&sortoption=&txtsessionyear=2024,ocd-bill/910cf52f-1e96-48d7-b855-666a5007a66c
e62a1d55-9e35-4ef2-9cf7-62d5dee0ccf3,,https://www.gencourt.state.nh.us/bill_status/legacy/bs2016/bill_status.aspx?lsr=2221&sy=2024&sortoption=&txtsessionyear=2024,ocd-bill/469da923-c97b-49d0-a816-e14a18186095
5abc69a0-81b4-469f-a852-8c42d3356919,,https://www.gencourt.state.nh.us/bill_status/legacy/bs2016/bill_status.aspx?lsr=2181&sy=2024&sortoption=&txtsessionyear=2024,ocd-bill/929a386c-ae59-46c0-bd81-777181f55671
5d33e2ba-b281-45af-a581-cd7330f2bbf6,,https://www.gencourt.state.nh.us/bill_status/legacy/bs2016/bill_status.aspx?lsr=2635&sy=2024&sortoption=&txtsessionyear=2024,ocd-bill/d12e34a6-450b-4c1d-993c-ae526c9e0e72
a0691514-486b-4392-b215-aa2f42f272e1,,https://www.gencourt.state.nh.us/bill_status/legacy/bs2016/bill_status.aspx?lsr=2474&sy=2024&sortoption=&txtsessionyear=2024,ocd-bill/b3ad4ea6-cb17-4b0e-8dc3-46ad7005c4bb
f3900d95-14ac-484d-b861-439b793a3c9b,,https://www.gencourt.state.nh.us/bill_status/legacy/bs2016/bill_status.aspx?lsr=2759&sy=2024&sortoption=&txtsessionyear=2024,ocd-bill/e4955d62-653a-4055-9530-44cdc1e64370
cd8db369-5a05-4b7f-b6f8-7e898d899b2f,,https://www.gencourt.state.nh.us/bill_status/legacy/bs2016/bill_status.aspx?lsr=2539&sy=2024&sortoption=&txtsessionyear=2024,ocd-bill/ce6ae833-b0b3-4f43-9e1d-358280eeeccd
59852ab7-af32-4d98-a5d6-13ba0aa7a366,,https://www.gencourt.state.nh.us/bill_status/legacy/bs2016/bill_status.aspx?lsr=2929&sy=2024&sortoption=&txtsessionyear=2024,ocd-bill/4a2d89b2-e26e-4640-8578-ca09057cb212
3649ce25-2152-46f1-b95d-5cac59b5c54d,,https://www.gencourt.state.nh.us/bill_status/legacy/bs2016/bill_status.aspx?lsr=0679&sy=2024&sortoption=&txtsessionyear=2024,ocd-bill/d2230960-1a9a-4b78-be3c-287b10130ed8
861c10a2-d2e4-4174-b340-f79a7f626ce7,,https://www.gencourt.state.nh.us/bill_status/legacy/bs2016/bill_status.aspx?lsr=2662&sy=2024&sortoption=&txtsessionyear=2024,ocd-bill/a7666eef-3dd3-455a-a4b8-6199b7146d42
f21aa28a-5784-483e-b120-914ba51b4f3c,,https://www.gencourt.state.nh.us/bill_status/legacy/bs2016/bill_status.aspx?lsr=2178&sy=2024&sortoption=&txtsessionyear=2024,ocd-bill/81407e24-5194-4a76-ba7c-88ff5e5876a7
4761ba8d-af1a-45cf-925f-da48f5fab62d,,https://www.gencourt.state.nh.us/bill_status/legacy/bs2016/bill_status.aspx?lsr=2227&sy=2024&sortoption=&txtsessionyear=2024,ocd-bill/0548b8ca-b7dc-482a-9c19-b81f9f4a65d8
ad0cd815-7f5c-4387-bd03-7dad0d20291a,,https://www.gencourt.state.nh.us/bill_status/legacy/bs2016/bill_status.aspx?lsr=2222&sy=2024&sortoption=&txtsessionyear=2024,ocd-bill/ef9e0516-3317-4b56-b3bf-9ae1a2bde9e8
1677cdbb-a910-428e-9cae-1d401fd0fcf2,,https://www.gencourt.state.nh.us/bill_status/legacy/bs2016/bill_status.aspx?lsr=2386&sy=2024&sortoption=&txtsessionyear=2024,ocd-bill/22842da1-e95b-4c5a-8e1f-b91a83cd26ef
db5cf6db-656b-4390-8381-443cd9c27ee7,,https://www.gencourt.state.nh.us/bill_status/legacy/bs2016/bill_status.aspx?lsr=2136&sy=2024&sortoption=&txtsessionyear=2024,ocd-bill/378b775b-0d69-4c0e-b423-4478007afa53
6cb8176a-7c8c-47a1-a14a-0182bb7fdd9a,,https://www.gencourt.state.nh.us/bill_status/legacy/bs2016/bill_status.aspx?lsr=0907&sy=2024&sortoption=&txtsessionyear=2024,ocd-bill/e731d4c7-9586-4fbd-becd-20c6df32b958
79b7e8b1-91b8-44be-8092-016460e69568,,https://www.gencourt.state.nh.us/bill_status/legacy/bs2016/bill_status.aspx?lsr=2450&sy=2024&sortoption=&txtsessionyear=2024,ocd-bill/2ef6894c-25e5-476b-9c4f-ccf179b391ab
521021b9-25d3-41a9-bf00-14a19a460b6a,,https://www.gencourt.state.nh.us/bill_status/legacy/bs2016/bill_status.aspx?lsr=0719&sy=2024&sortoption=&txtsessionyear=2024,ocd-bill/88e56c6a-db2d-46ca-9baf-5710fca813cd
11c341d8-e4d7-483c-bec8-1ccb945a917c,,https://www.gencourt.state.nh.us/bill_status/legacy/bs2016/bill_status.aspx?lsr=0029&sy=2024&sortoption=&txtsessionyear=2024,ocd-bill/cc444819-197f-4201-8bbb-c7b846b4c572
a29d249e-d2a9-45f8-a127-d071c1d6a05a,,https://www.gencourt.state.nh.us/bill_status/legacy/bs2016/bill_status.aspx?lsr=1031&sy=2024&sortoption=&txtsessionyear=2024,ocd-bill/0ace8123-60b7-4cac-aecc-de982817744c
fb1713ef-e6c0-4750-8ee9-eba003cf65c3,,https://www.gencourt.state.nh.us/bill_status/legacy/bs2016/bill_status.aspx?lsr=2614&sy=2024&sortoption=&txtsessionyear=2024,ocd-bill/c264e651-c625-4118-8f0a-7e1ff2bb9f25
ae51a955-3791-4670-b0ff-5434c09aa4b6,,https://www.gencourt.state.nh.us/bill_status/legacy/bs2016/bill_status.aspx?lsr=1022&sy=2024&sortoption=&txtsessionyear=2024,ocd-bill/bc7b0f28-500f-420d-9fe8-d17cc820b839
081b2dd5-256e-49e3-b093-692db268e9d0,,https://www.gencourt.state.nh.us/bill_status/legacy/bs2016/bill_status.aspx?lsr=0325&sy=2024&sortoption=&txtsessionyear=2024,ocd-bill/5e2ab333-9bc0-46a2-9e23-9e33385c5597
aee774ce-bc6c-4ac6-a7d8-3aaf3cafb33a,,https://www.gencourt.state.nh.us/bill_status/legacy/bs2016/bill_status.aspx?lsr=0207&sy=2024&sortoption=&txtsessionyear=2024,ocd-bill/2183b0f8-f5bf-4483-9e60-21b1406892e4
ed6cb9be-f6f2-4ca2-9cda-eb9e4c0d786a,,https://www.gencourt.state.nh.us/bill_status/legacy/bs2016/bill_status.aspx?lsr=1024&sy=2024&sortoption=&txtsessionyear=2024,ocd-bill/57eab89f-aca3-4f98-825d-469903375557
81730bdf-2939-480b-8021-b21f4263ebec,,https://www.gencourt.state.nh.us/bill_status/legacy/bs2016/bill_status.aspx?lsr=0694&sy=2024&sortoption=&txtsessionyear=2024,ocd-bill/72021c84-cdfc-41f8-b894-4c02d46d0090
b1d1459c-b40f-488c-a9a3-c2fdbe924928,,https://www.gencourt.state.nh.us/bill_status/legacy/bs2016/bill_status.aspx?lsr=0745&sy=2024&sortoption=&txtsessionyear=2024,ocd-bill/55e71100-7973-4fb7-bd36-6223b7942060
5ad484df-1ee6-4af5-ab04-070b32cafe28,,https://www.gencourt.state.nh.us/bill_status/legacy/bs2016/bill_status.aspx?lsr=1054&sy=2024&sortoption=&txtsessionyear=2024,ocd-bill/eb974276-b1a0-4563-9110-554be523ec15
47cae39f-596d-4df9-a643-fd8596d6d382,,https://www.gencourt.state.nh.us/bill_status/legacy/bs2016/bill_status.aspx?lsr=0509&sy=2024&sortoption=&txtsessionyear=2024,ocd-bill/2a1942e1-4d67-4489-a599-1a390d1bb8d2
f683af91-8c60-45cb-af81-754d219d78ed,,https://www.gencourt.state.nh.us/bill_status/legacy/bs2016/bill_status.aspx?lsr=0799&sy=2024&sortoption=&txtsessionyear=2024,ocd-bill/b2dd0b03-bf99-4634-ba7f-32a0a233032e
eb80289f-de4a-48e9-9e8b-a5f657d0683a,,https://www.gencourt.state.nh.us/bill_status/legacy/bs2016/bill_status.aspx?lsr=0798&sy=2024&sortoption=&txtsessionyear=2024,ocd-bill/e29b243b-277d-41ff-bfdb-4310c312260e
196969ab-94e3-4b4b-8bd2-f0a6183aa271,,https://www.gencourt.state.nh.us/bill_status/legacy/bs2016/bill_status.aspx?lsr=0588&sy=2024&sortoption=&txtsessionyear=2024,ocd-bill/230218f9-6364-4235-aa14-c7cec099c058
ad045b80-19cc-45b9-a04f-b19ccca55bfe,,https://www.gencourt.state.nh.us/bill_status/legacy/bs2016/bill_status.aspx?lsr=3019&sy=2024&sortoption=&txtsessionyear=2024,ocd-bill/f428b32b-2b5e-4212-96a3-ce77e0a52ef8
7f74cc21-fa98-4aa0-a5bf-83535fbdfa7f,,https://www.gencourt.state.nh.us/bill_status/legacy/bs2016/bill_status.aspx?lsr=0115&sy=2024&sortoption=&txtsessionyear=2024,ocd-bill/a744d97f-9f0a-4e6a-a76a-4e2fe6e969e3
5da6c213-b6f3-4c5b-8dda-b367ee63ce92,,https://www.gencourt.state.nh.us/bill_status/legacy/bs2016/bill_status.aspx?lsr=0586&sy=2024&sortoption=&txtsessionyear=2024,ocd-bill/acdbbe03-c5fa-4955-a152-1e8a8875b86b
e495c4aa-d8b3-492a-af03-842449a8af42,,https://www.gencourt.state.nh.us/bill_status/legacy/bs2016/bill_status.aspx?lsr=0373&sy=2024&sortoption=&txtsessionyear=2024,ocd-bill/44d9ec3f-f80f-4522-96c5-7fecdc87b93c
dfcac393-975c-4e0c-aecb-c48277e48f14,,https://www.gencourt.state.nh.us/bill_status/legacy/bs2016/bill_status.aspx?lsr=1044&sy=2024&sortoption=&txtsessionyear=2024,ocd-bill/4b07b773-b5a5-4d06-bbc1-8ab9685e1c67
85f32dc7-f200-4b6a-a659-bb6d83e09313,,https://www.gencourt.state.nh.us/bill_status/legacy/bs2016/bill_status.aspx?lsr=0811&sy=2024&sortoption=&txtsessionyear=2024,ocd-bill/0485c985-737a-41a5-8408-952b36c25154
8d4dae14-ee68-4aa0-ab28-c96124b79869,,https://www.gencourt.state.nh.us/bill_status/legacy/bs2016/bill_status.aspx?lsr=2758&sy=2024&sortoption=&txtsessionyear=2024,ocd-bill/18b292d0-2568-4d9a-9386-232155b276ec
2207dc04-ba5f-44d8-9397-31b6af2a331b,,https://www.gencourt.state.nh.us/bill_status/legacy/bs2016/bill_status.aspx?lsr=2579&sy=2024&sortoption=&txtsessionyear=2024,ocd-bill/149780ca-333f-47d9-90a3-b8dee53ad3e1
192e426f-93af-488d-b95b-4afbf4847ad2,,https://www.gencourt.state.nh.us/bill_status/legacy/bs2016/bill_status.aspx?lsr=3116&sy=2024&sortoption=&txtsessionyear=2024,ocd-bill/0c4822d8-9efe-4e99-a9fc-359ecea20962
5eabc63c-0f00-4fc1-ace5-99c639e68f6a,,https://www.gencourt.state.nh.us/bill_status/legacy/bs2016/bill_status.aspx?lsr=0922&sy=2024&sortoption=&txtsessionyear=2024,ocd-bill/ee1870be-7e47-4d58-bea8-5dc55abd40a8
fac6a180-d11b-4f6b-8c2c-50ff9f4a23f7,,https://www.gencourt.state.nh.us/bill_status/legacy/bs2016/bill_status.aspx?lsr=1004&sy=2024&sortoption=&txtsessionyear=2024,ocd-bill/e35933f5-6c49-4992-8062-ee1af548b9fc
41a55122-8d33-4db1-b209-d63b8d59fdda,,https://www.gencourt.state.nh.us/bill_status/legacy/bs2016/bill_status.aspx?lsr=0398&sy=2024&sortoption=&txtsessionyear=2024,ocd-bill/9e25df8f-7dc1-4097-af01-2409f0cf836a
9394133e-cd1f-4e99-ba7b-8883f33d83a1,,https://www.gencourt.state.nh.us/bill_status/legacy/bs2016/bill_status.aspx?lsr=2985&sy=2024&sortoption=&txtsessionyear=2024,ocd-bill/73fd4c36-1b6b-4ccf-8fa3-cbc06a61da5e
8d9b83c6-754d-45f9-b117-50b27fc76e44,,https://www.gencourt.state.nh.us/bill_status/legacy/bs2016/bill_status.aspx?lsr=0492&sy=2024&sortoption=&txtsessionyear=2024,ocd-bill/729f1cfe-98ac-4788-b952-ac9245f45364
38430ad5-2fd7-42bd-8a05-d15aba9bf401,,https://www.gencourt.state.nh.us/bill_status/legacy/bs2016/bill_status.aspx?lsr=0012&sy=2024&sortoption=&txtsessionyear=2024,ocd-bill/6224aa5c-35a9-4098-a85b-e849037dcf57
bb698789-2856-42c4-ac7f-46ebe5ed1c4d,,https://www.gencourt.state.nh.us/bill_status/legacy/bs2016/bill_status.aspx?lsr=0138&sy=2024&sortoption=&txtsessionyear=2024,ocd-bill/6af4a1bf-1141-45f1-ba58-a0887bf2299b
dddf3d42-5749-417a-b781-d7f0d8f75eb7,,https://www.gencourt.state.nh.us/bill_status/legacy/bs2016/bill_status.aspx?lsr=0350&sy=2024&sortoption=&txtsessionyear=2024,ocd-bill/099ee337-04b8-489a-9011-7e443792f890
171fff4c-fc56-441d-b42e-b131712b1058,,https://www.gencourt.state.nh.us/bill_status/legacy/bs2016/bill_status.aspx?lsr=0428&sy=2024&sortoption=&txtsessionyear=2024,ocd-bill/42047b69-2d5d-4d6f-adca-07746e773f5b
067b8724-7c59-460d-b420-912a2ed7feaa,,https://www.gencourt.state.nh.us/bill_status/legacy/bs2016/bill_status.aspx?lsr=0538&sy=2024&sortoption=&txtsessionyear=2024,ocd-bill/93f27654-3b48-4341-a9ba-c7d1cd1f28a8
efe8a8ee-f3ca-49e7-9826-1827e7b7cd9e,,https://www.gencourt.state.nh.us/bill_status/legacy/bs2016/bill_status.aspx?lsr=0219&sy=2024&sortoption=&txtsessionyear=2024,ocd-bill/dd756cb5-a79b-47b8-8d24-567ebd577cf5
8b95f869-ef70-4ba9-84c4-9a85e0d3d091,,https://www.gencourt.state.nh.us/bill_status/legacy/bs2016/bill_status.aspx?lsr=0469&sy=2024&sortoption=&txtsessionyear=2024,ocd-bill/06f7295f-c021-4b6a-9176-206b7423e91b
e7fd8f73-e01b-40d5-a018-aebb9d05a009,,https://www.gencourt.state.nh.us/bill_status/legacy/bs2016/bill_status.aspx?lsr=2900&sy=2024&sortoption=&txtsessionyear=2024,ocd-bill/fe1220e0-2b66-48fb-b61d-8c66b5ca7587
12537c8a-c274-4cd9-8c78-c826368c4c6d,,https://www.gencourt.state.nh.us/bill_status/legacy/bs2016/bill_status.aspx?lsr=3160&sy=2024&sortoption=&txtsessionyear=2024,ocd-bill/40c2a8ba-408e-4b28-bcbd-9262d948796d
9908e4c7-826f-4cbe-b897-fd7d5bf74b9b,,https://www.gencourt.state.nh.us/bill_status/legacy/bs2016/bill_status.aspx?lsr=3083&sy=2024&sortoption=&txtsessionyear=2024,ocd-bill/b710ef79-3798-406e-aa91-24cf17f88ff1
5e6f08ab-7639-4fe6-8801-20b5ca3c0232,,https://www.gencourt.state.nh.us/bill_status/legacy/bs2016/bill_status.aspx?lsr=3148&sy=2024&sortoption=&txtsessionyear=2024,ocd-bill/1fb0fdcc-892d-4801-8165-b7f1bd13dda0
387b6e16-7bb1-463c-a5c8-a321dfa720f5,,https://www.gencourt.state.nh.us/bill_status/legacy/bs2016/bill_status.aspx?lsr=2856&sy=2024&sortoption=&txtsessionyear=2024,ocd-bill/d56460e9-514b-4cc0-a03f-8fa7dff6e693
18ef5627-a518-40b6-8568-3b3d7a3e222f,,https://www.gencourt.state.nh.us/bill_status/legacy/bs2016/bill_status.aspx?lsr=3000&sy=2024&sortoption=&txtsessionyear=2024,ocd-bill/f8a3fc55-e7cc-4f55-af6f-603fe494ce45
caefabe3-d3aa-4634-9012-5527e5631e6b,,https://www.gencourt.state.nh.us/bill_status/legacy/bs2016/bill_status.aspx?lsr=2903&sy=2024&sortoption=&txtsessionyear=2024,ocd-bill/af9b16d6-73d9-4df7-8467-13a0b5044dae
7ce69c58-05c9-4469-9f76-aba9ac8a0a16,,https://www.gencourt.state.nh.us/bill_status/legacy/bs2016/bill_status.aspx?lsr=2820&sy=2024&sortoption=&txtsessionyear=2024,ocd-bill/bddf5f84-1834-4123-b783-a001ebbc6fc5
c26d7085-df00-4da4-b1ce-04ee53fe534e,,https://www.gencourt.state.nh.us/bill_status/legacy/bs2016/bill_status.aspx?lsr=3025&sy=2024&sortoption=&txtsessionyear=2024,ocd-bill/8f6444b1-391a-495b-9a7f-f82b164c96f2
5e215741-06ea-4676-8b53-3bb3dbb2084d,,https://www.gencourt.state.nh.us/bill_status/legacy/bs2016/bill_status.aspx?lsr=2913&sy=2024&sortoption=&txtsessionyear=2024,ocd-bill/a110d625-580b-4c63-8671-08e6ab72b859
071b0672-d350-4113-8ac9-71a065efa765,,https://www.gencourt.state.nh.us/bill_status/legacy/bs2016/bill_status.aspx?lsr=2974&sy=2024&sortoption=&txtsessionyear=2024,ocd-bill/5ad766ee-b3e8-45f1-8a0b-a2e932247d15
c04178ee-7db0-4445-848b-8ff5754ec8dc,,https://www.gencourt.state.nh.us/bill_status/legacy/bs2016/bill_status.aspx?lsr=2976&sy=2024&sortoption=&txtsessionyear=2024,ocd-bill/98d5181a-8cdd-44fe-af87-57be7c8934f3
9b0c726f-b9ef-4ddc-9bec-54e276ca7d29,,https://www.gencourt.state.nh.us/bill_status/legacy/bs2016/bill_status.aspx?lsr=3127&sy=2024&sortoption=&txtsessionyear=2024,ocd-bill/80ecfe80-9d40-4379-ad9f-deb937105986
2b3b49b5-8487-4df7-be67-43d6de7c82d9,,https://www.gencourt.state.nh.us/bill_status/legacy/bs2016/bill_status.aspx?lsr=3056&sy=2024&sortoption=&txtsessionyear=2024,ocd-bill/e37561ee-9008-449c-801e-5b3f77475829
3ad8eb69-597b-43bd-aea7-d309225b7968,,https://www.gencourt.state.nh.us/bill_status/legacy/bs2016/bill_status.aspx?lsr=2195&sy=2024&sortoption=&txtsessionyear=2024,ocd-bill/20771811-34ea-43c8-ab82-068b3a238084
6706f679-29bb-4da2-9259-1eeb308ea934,,https://www.gencourt.state.nh.us/bill_status/legacy/bs2016/bill_status.aspx?lsr=2533&sy=2024&sortoption=&txtsessionyear=2024,ocd-bill/bb36a7d5-3185-47e1-8bcd-024fff3c7a17
3e334d20-0332-48f6-bb13-f34171669f01,,https://www.gencourt.state.nh.us/bill_status/legacy/bs2016/bill_status.aspx?lsr=0704&sy=2024&sortoption=&txtsessionyear=2024,ocd-bill/7ae162c8-73a2-4bb4-8958-b54277fb2031
cb7dbb08-a32c-467c-b1dc-38dc496f4931,,https://www.gencourt.state.nh.us/bill_status/legacy/bs2016/bill_status.aspx?lsr=2632&sy=2024&sortoption=&txtsessionyear=2024,ocd-bill/d4fec4bd-6782-48e5-a1cd-01bcf6bcd05f
7454269a-fe2a-4be3-bc95-91b1fdb22448,,https://www.gencourt.state.nh.us/bill_status/legacy/bs2016/bill_status.aspx?lsr=2006&sy=2024&sortoption=&txtsessionyear=2024,ocd-bill/9b6dfe4f-aa71-450c-be2b-2b326f0c172f
e7297b3b-59f3-418b-aedf-1a61c5309dbf,,https://www.gencourt.state.nh.us/bill_status/legacy/bs2016/bill_status.aspx?lsr=0405&sy=2024&sortoption=&txtsessionyear=2024,ocd-bill/5527c106-ac81-40e8-ac82-f611b5bf99b6
aaeab9ee-dee8-4788-99bd-74d616586d70,,https://www.gencourt.state.nh.us/bill_status/legacy/bs2016/bill_status.aspx?lsr=2270&sy=2024&sortoption=&txtsessionyear=2024,ocd-bill/2a8d282c-79e2-486b-923c-2f160a09ad22
602c061f-65b7-426d-8fe6-c009af3020a9,,https://www.gencourt.state.nh.us/bill_status/legacy/bs2016/bill_status.aspx?lsr=2708&sy=2024&sortoption=&txtsessionyear=2024,ocd-bill/fc0dbe76-53c8-4068-a8f7-9bfcaeb80da3
8190f24a-d383-4b9c-848e-e31ba7db7836,,https://www.gencourt.state.nh.us/bill_status/legacy/bs2016/bill_status.aspx?lsr=2140&sy=2024&sortoption=&txtsessionyear=2024,ocd-bill/4d3bb019-a4c5-4de4-9a8e-cfaebe0e0718
a976972f-e42c-43c5-b6eb-fc959ebf3868,,https://www.gencourt.state.nh.us/bill_status/legacy/bs2016/bill_status.aspx?lsr=2113&sy=2024&sortoption=&txtsessionyear=2024,ocd-bill/4a0762e4-e90f-43eb-afd1-0a9df6dc0ad5
3757469c-74ce-4977-b216-25fbbaa68209,,https://www.gencourt.state.nh.us/bill_status/legacy/bs2016/bill_status.aspx?lsr=0243&sy=2024&sortoption=&txtsessionyear=2024,ocd-bill/0091e42d-fe7f-4971-8d0d-39c9f57e7056
2e32f664-76c4-4f21-a475-108b4ed7cc95,,https://www.gencourt.state.nh.us/bill_status/legacy/bs2016/bill_status.aspx?lsr=2546&sy=2024&sortoption=&txtsessionyear=2024,ocd-bill/b14c174c-84e3-449a-a7ba-c84eebbf4f64
f82918c1-16bd-45a1-82a3-75ca9d74ebc3,,https://www.gencourt.state.nh.us/bill_status/legacy/bs2016/bill_status.aspx?lsr=2644&sy=2024&sortoption=&txtsessionyear=2024,ocd-bill/1fc3fa57-2ac9-4188-9836-06c2a5e0ca59
46690c04-2749-47a8-99fa-bcaac5204cdf,,https://www.gencourt.state.nh.us/bill_status/legacy/bs2016/bill_status.aspx?lsr=2520&sy=2024&sortoption=&txtsessionyear=2024,ocd-bill/6145d6a8-b424-48ec-86e5-312fe294dae7
9264c137-580d-41e8-8a02-b403491042d7,,https://www.gencourt.state.nh.us/bill_status/legacy/bs2016/bill_status.aspx?lsr=2346&sy=2024&sortoption=&txtsessionyear=2024,ocd-bill/ef84e8b7-9337-4135-8b19-b15692bcf9a2
082ae7c8-1253-4d4f-b86e-bc7c8b1a403b,,https://www.gencourt.state.nh.us/bill_status/legacy/bs2016/bill_status.aspx?lsr=2137&sy=2024&sortoption=&txtsessionyear=2024,ocd-bill/cac7cd38-852e-412b-b8f4-97ecc3280a56
8b59ffb4-0ade-4665-8583-d8181902856a,,https://www.gencourt.state.nh.us/bill_status/legacy/bs2016/bill_status.aspx?lsr=0999&sy=2024&sortoption=&txtsessionyear=2024,ocd-bill/3971d08d-7ff7-4987-811a-0730ee52f066
f756d883-346f-4454-8d5a-6a837c0c569c,,https://www.gencourt.state.nh.us/bill_status/legacy/bs2016/bill_status.aspx?lsr=2245&sy=2024&sortoption=&txtsessionyear=2024,ocd-bill/d254bf78-8b2d-4d8c-ba3c-0f947185c2bb
7f1c0722-aa28-4737-8921-c8e7fba2e4e7,,https://www.gencourt.state.nh.us/bill_status/legacy/bs2016/bill_status.aspx?lsr=1006&sy=2024&sortoption=&txtsessionyear=2024,ocd-bill/1c683c53-b1e8-4273-bb5a-990b6c9f017e
76ab76bb-3105-4a7c-b44d-2fe734d471d1,,https://www.gencourt.state.nh.us/bill_status/legacy/bs2016/bill_status.aspx?lsr=2769&sy=2024&sortoption=&txtsessionyear=2024,ocd-bill/74a87bb6-f9e0-4d41-a2c8-5975bb52e9af
43ae42e6-79f1-4cf6-98db-96c00a74798a,,https://www.gencourt.state.nh.us/bill_status/legacy/bs2016/bill_status.aspx?lsr=2180&sy=2024&sortoption=&txtsessionyear=2024,ocd-bill/2d4624ee-2990-44fe-a10b-7e24ee615508
c00c1342-28f0-451b-828e-00ee77f63e30,,https://www.gencourt.state.nh.us/bill_status/legacy/bs2016/bill_status.aspx?lsr=2830&sy=2024&sortoption=&txtsessionyear=2024,ocd-bill/b13ef5a4-e261-4b77-b46e-40861594b420
714f07cb-01d5-4c91-a284-620fd32bcd9b,,https://www.gencourt.state.nh.us/bill_status/legacy/bs2016/bill_status.aspx?lsr=3165&sy=2024&sortoption=&txtsessionyear=2024,ocd-bill/2334e426-e5f3-4b9c-966d-4b38162caf8d
27d98dc4-8604-40b9-a535-65ff2e11706b,,https://www.gencourt.state.nh.us/bill_status/legacy/bs2016/bill_status.aspx?lsr=3112&sy=2024&sortoption=&txtsessionyear=2024,ocd-bill/7e6324db-4fd3-4ddb-965f-7922d3645324
ea341393-a103-4c1d-9ea7-fed448af48ab,,https://www.gencourt.state.nh.us/bill_status/legacy/bs2016/bill_status.aspx?lsr=3157&sy=2024&sortoption=&txtsessionyear=2024,ocd-bill/4c79bfa4-c0ab-4070-85c3-23adca3659ec
ad5ea8aa-1064-443e-88d8-c6d79c4851ab,,https://www.gencourt.state.nh.us/bill_status/legacy/bs2016/bill_status.aspx?lsr=2086&sy=2024&sortoption=&txtsessionyear=2024,ocd-bill/fd81d37b-2748-43f8-a69b-105c424ecb1b
379f9600-fe1b-49aa-88f3-24e1ad7266c9,,https://www.gencourt.state.nh.us/bill_status/legacy/bs2016/bill_status.aspx?lsr=2083&sy=2024&sortoption=&txtsessionyear=2024,ocd-bill/b4b7d304-4d61-4946-93d7-00ba00102962
0b53d0ce-6484-44c6-9bf5-eb2501019138,,https://www.gencourt.state.nh.us/bill_status/legacy/bs2016/bill_status.aspx?lsr=2986&sy=2024&sortoption=&txtsessionyear=2024,ocd-bill/7b76fcc5-aa6a-42d3-b4ad-aa9b4e980605
49ea496c-014a-4403-b8fc-aafe5b1d49aa,,https://www.gencourt.state.nh.us/bill_status/legacy/bs2016/bill_status.aspx?lsr=2378&sy=2024&sortoption=&txtsessionyear=2024,ocd-bill/e21f5ec5-9d19-4ba4-b032-a142c7962fd4
b1696a27-3442-4e15-b17e-47401337393d,,https://www.gencourt.state.nh.us/bill_status/legacy/bs2016/bill_status.aspx?lsr=2481&sy=2024&sortoption=&txtsessionyear=2024,ocd-bill/6c6a5ada-05ae-4c03-adb6-6dab6fa41be5
da3a4130-3d89-4d19-843f-d98637fc1e94,,https://www.gencourt.state.nh.us/bill_status/legacy/bs2016/bill_status.aspx?lsr=2293&sy=2024&sortoption=&txtsessionyear=2024,ocd-bill/c79099e5-4181-410c-96aa-f55ac8ece715
f7275213-132e-486f-b9db-9d19c686e929,,https://www.gencourt.state.nh.us/bill_status/legacy/bs2016/bill_status.aspx?lsr=3048&sy=2024&sortoption=&txtsessionyear=2024,ocd-bill/404cd19c-95c2-4ec7-9068-203393fcb942
ab9b0985-331a-4a89-8df1-f84a2e667253,,https://www.gencourt.state.nh.us/bill_status/legacy/bs2016/bill_status.aspx?lsr=2497&sy=2024&sortoption=&txtsessionyear=2024,ocd-bill/e6681ce8-e16c-40d7-9068-b4571cdfa2aa
7a37ee8f-9282-446d-a20c-ed287382b86d,,https://www.gencourt.state.nh.us/bill_status/legacy/bs2016/bill_status.aspx?lsr=3070&sy=2024&sortoption=&txtsessionyear=2024,ocd-bill/736bd953-1797-4add-8505-cfe4c2781333
47f2f394-2b57-4f3d-9012-c589f470ed79,,https://www.gencourt.state.nh.us/bill_status/legacy/bs2016/bill_status.aspx?lsr=2447&sy=2024&sortoption=&txtsessionyear=2024,ocd-bill/5f2a2971-c39c-4219-b70d-147453e7bd6e
bb7aa8ef-31f5-470f-9012-3e54efb049c5,,https://www.gencourt.state.nh.us/bill_status/legacy/bs2016/bill_status.aspx?lsr=2866&sy=2024&sortoption=&txtsessionyear=2024,ocd-bill/bd4bd296-a80c-4136-b23c-bb4ffe7b3676
f7027535-ebe1-4084-95ef-bf969afc4172,,https://www.gencourt.state.nh.us/bill_status/legacy/bs2016/bill_status.aspx?lsr=3107&sy=2024&sortoption=&txtsessionyear=2024,ocd-bill/9bf3108f-55b0-4596-845f-8cfbe6186242
6617a7c9-85ba-48b9-82fd-0bf74eaf76cb,,https://www.gencourt.state.nh.us/bill_status/legacy/bs2016/bill_status.aspx?lsr=0082&sy=2024&sortoption=&txtsessionyear=2024,ocd-bill/642ce226-b315-496d-b57b-0bda2635ac6f
085c7ae5-567c-4412-b293-002a031d4505,,https://www.gencourt.state.nh.us/bill_status/legacy/bs2016/bill_status.aspx?lsr=3115&sy=2024&sortoption=&txtsessionyear=2024,ocd-bill/e07cb8de-5e2a-4733-8a09-9b5cc1798fd4
53f65bca-cda9-4f69-90d2-920a234e0f25,,https://www.gencourt.state.nh.us/bill_status/legacy/bs2016/bill_status.aspx?lsr=2337&sy=2024&sortoption=&txtsessionyear=2024,ocd-bill/4ee440fa-bb00-4e66-a7ec-aa7ac2f6b64b
8777b98f-fe8a-48d2-bba8-254e1bba9235,,https://www.gencourt.state.nh.us/bill_status/legacy/bs2016/bill_status.aspx?lsr=0437&sy=2024&sortoption=&txtsessionyear=2024,ocd-bill/e5da5d4c-4677-47ff-9f1c-0304db2d93f7
65bee01b-24b9-423e-824f-099d7cf1d792,,https://www.gencourt.state.nh.us/bill_status/legacy/bs2016/bill_status.aspx?lsr=2274&sy=2024&sortoption=&txtsessionyear=2024,ocd-bill/98c67a31-5b91-4903-85f4-28780f23bd7b
6294c15b-a854-4278-93a8-25dffd425553,,https://www.gencourt.state.nh.us/bill_status/legacy/bs2016/bill_status.aspx?lsr=2702&sy=2024&sortoption=&txtsessionyear=2024,ocd-bill/37d987e4-a126-40dc-a27a-34279241ab72
a2ba8d1d-f9cc-4639-a3d2-ecae3cda81ca,,https://www.gencourt.state.nh.us/bill_status/legacy/bs2016/bill_status.aspx?lsr=2535&sy=2024&sortoption=&txtsessionyear=2024,ocd-bill/e1ce5012-78c5-43ab-9990-62f752983557
eb3a5273-d1a6-4460-b0a0-d64401e9c9a0,,https://www.gencourt.state.nh.us/bill_status/legacy/bs2016/bill_status.aspx?lsr=2206&sy=2024&sortoption=&txtsessionyear=2024,ocd-bill/5ba2c82e-6cd3-4e24-ac29-e5707fcecaa2
6c557082-cda7-46ee-b058-bb510f1d0697,,https://www.gencourt.state.nh.us/bill_status/legacy/bs2016/bill_status.aspx?lsr=2565&sy=2024&sortoption=&txtsessionyear=2024,ocd-bill/f3086d80-3709-4d69-afc9-8f87feb9e53d
c2a14dbd-8f38-43f9-8a49-d7eeb449a65c,,https://www.gencourt.state.nh.us/bill_status/legacy/bs2016/bill_status.aspx?lsr=2062&sy=2024&sortoption=&txtsessionyear=2024,ocd-bill/c6650e95-b6b2-4673-b723-b68e1c80d7bd
ab5b6a9f-66f7-417a-886f-b099d53a3f8f,,https://www.gencourt.state.nh.us/bill_status/legacy/bs2016/bill_status.aspx?lsr=2795&sy=2024&sortoption=&txtsessionyear=2024,ocd-bill/23161171-15e1-41a3-8309-69a0a2c5282a
062af8b7-c6d7-4bbd-80de-cbb713b6afdf,,https://www.gencourt.state.nh.us/bill_status/legacy/bs2016/bill_status.aspx?lsr=2514&sy=2024&sortoption=&txtsessionyear=2024,ocd-bill/1f6a9930-e50f-46d4-8134-3ca8a318f658
248ca210-a15c-4aa6-aaf7-d5b03a47daa0,,https://www.gencourt.state.nh.us/bill_status/legacy/bs2016/bill_status.aspx?lsr=2507&sy=2024&sortoption=&txtsessionyear=2024,ocd-bill/83a80ad9-7242-43ec-98e5-dcd3acaf3c88
4a1d8723-1ebe-4dec-8643-ca6ac4da4fbb,,https://www.gencourt.state.nh.us/bill_status/legacy/bs2016/bill_status.aspx?lsr=2780&sy=2024&sortoption=&txtsessionyear=2024,ocd-bill/b3a6376b-b449-44d6-b848-a39bc6042125
6251f95e-d708-4227-8a97-4e10d47409ec,,https://www.gencourt.state.nh.us/bill_status/legacy/bs2016/bill_status.aspx?lsr=2501&sy=2024&sortoption=&txtsessionyear=2024,ocd-bill/698f99fa-ec57-49b2-ac8a-b30855e68ba2
d0d60a08-5b0c-4b92-998c-94df7da385fe,,https://www.gencourt.state.nh.us/bill_status/legacy/bs2016/bill_status.aspx?lsr=2592&sy=2024&sortoption=&txtsessionyear=2024,ocd-bill/43b646b9-4d6a-4286-9053-4605889c959d
93196b4d-9d3b-4682-bf5e-8ef2a8542cd2,,https://www.gencourt.state.nh.us/bill_status/legacy/bs2016/bill_status.aspx?lsr=2562&sy=2024&sortoption=&txtsessionyear=2024,ocd-bill/4062402b-3c8e-43e1-8664-6ecc3fc15fdc
fe688ed4-83bc-4e8d-8608-cbb770b110e3,,https://www.gencourt.state.nh.us/bill_status/legacy/bs2016/bill_status.aspx?lsr=2283&sy=2024&sortoption=&txtsessionyear=2024,ocd-bill/421fdb57-12ce-4179-87dd-81b8a6ff8e7a
b614e65c-6b8a-46ae-b93a-e6a8444f340e,,https://www.gencourt.state.nh.us/bill_status/legacy/bs2016/bill_status.aspx?lsr=2399&sy=2024&sortoption=&txtsessionyear=2024,ocd-bill/bd777cd6-f995-4239-8f6f-2d7dc1f98ead
a900bbbd-0911-47e5-bb38-9921a5a0da4e,,https://www.gencourt.state.nh.us/bill_status/legacy/bs2016/bill_status.aspx?lsr=2773&sy=2024&sortoption=&txtsessionyear=2024,ocd-bill/40e8efe2-0c3a-4d07-abc8-d5003d73df30
6a89dbc1-7249-4d07-a092-cb947d1714ac,,https://www.gencourt.state.nh.us/bill_status/legacy/bs2016/bill_status.aspx?lsr=2602&sy=2024&sortoption=&txtsessionyear=2024,ocd-bill/289fb2a4-1eb1-45c5-8213-d24517f70d3e
f28536ba-7ac2-4b46-ae07-dd89ece07447,,https://www.gencourt.state.nh.us/bill_status/legacy/bs2016/bill_status.aspx?lsr=2610&sy=2024&sortoption=&txtsessionyear=2024,ocd-bill/846f2533-0797-4d70-983b-cec4efd5028e
c955bcbb-369b-4444-8e39-c901bc5d5d3a,,https://www.gencourt.state.nh.us/bill_status/legacy/bs2016/bill_status.aspx?lsr=2794&sy=2024&sortoption=&txtsessionyear=2024,ocd-bill/90d12749-6c89-47bf-a7e4-7d7cd957fb93
cae72467-61fc-4299-8ed7-e06803c1a930,,https://www.gencourt.state.nh.us/bill_status/legacy/bs2016/bill_status.aspx?lsr=2356&sy=2024&sortoption=&txtsessionyear=2024,ocd-bill/e15896d5-e8b3-4036-a2df-af7df7a35a51
5920ef68-b2e7-4251-a9fd-ed8a8c90f4ee,,https://www.gencourt.state.nh.us/bill_status/legacy/bs2016/bill_status.aspx?lsr=2786&sy=2024&sortoption=&txtsessionyear=2024,ocd-bill/8b6fb687-2b1e-43aa-8b4b-118661a10aab
3f10e592-44d7-4c52-8374-666f9e8c50db,,https://www.gencourt.state.nh.us/bill_status/legacy/bs2016/bill_status.aspx?lsr=2556&sy=2024&sortoption=&txtsessionyear=2024,ocd-bill/1d048b3f-7fce-4d5f-a302-0fb34fdbdfd5
af70695f-b1b5-40ce-a1cb-2ec7c5d9b18b,,https://www.gencourt.state.nh.us/bill_status/legacy/bs2016/bill_status.aspx?lsr=2464&sy=2024&sortoption=&txtsessionyear=2024,ocd-bill/fd251f87-51aa-495f-8eac-0308a98c51dc
2a5e2607-b906-41f2-b4cf-2411b859269c,,https://www.gencourt.state.nh.us/bill_status/legacy/bs2016/bill_status.aspx?lsr=2550&sy=2024&sortoption=&txtsessionyear=2024,ocd-bill/8ec96970-c70b-4283-9aa1-7c6974642897
37019983-1a6b-40ab-a044-5918a5f31c46,,https://www.gencourt.state.nh.us/bill_status/legacy/bs2016/bill_status.aspx?lsr=2675&sy=2024&sortoption=&txtsessionyear=2024,ocd-bill/f4459637-7f47-4121-8ea5-ff3d4a146f4c
cd9f3bde-dc68-4415-9fd4-816eecc23e8b,,https://www.gencourt.state.nh.us/bill_status/legacy/bs2016/bill_status.aspx?lsr=2607&sy=2024&sortoption=&txtsessionyear=2024,ocd-bill/e606cdd1-9324-492a-b70e-6d2811452783
4fc4f3e8-b651-4e20-b805-73fab557e45e,,https://www.gencourt.state.nh.us/bill_status/legacy/bs2016/bill_status.aspx?lsr=2739&sy=2024&sortoption=&txtsessionyear=2024,ocd-bill/0bb471b0-1be9-432a-9940-65d0e9a13ef6
3a9ba9fe-dfd2-4553-8cf4-eacdb26d65da,,https://www.gencourt.state.nh.us/bill_status/legacy/bs2016/bill_status.aspx?lsr=2511&sy=2024&sortoption=&txtsessionyear=2024,ocd-bill/ac7f0536-abd6-4b74-a4d4-d7d7546045cd
15a98960-67ba-44a4-ac20-613631f030f6,,https://www.gencourt.state.nh.us/bill_status/legacy/bs2016/bill_status.aspx?lsr=2796&sy=2024&sortoption=&txtsessionyear=2024,ocd-bill/70c7c0f4-cdc0-4e70-81c1-478ba36a70f6
4fba5d0e-b942-4e62-b3ce-ad22f82949d4,,https://www.gencourt.state.nh.us/bill_status/legacy/bs2016/bill_status.aspx?lsr=2829&sy=2024&sortoption=&txtsessionyear=2024,ocd-bill/db2ec841-8967-467c-be13-c3542504e87b
5f577067-9949-4e87-a980-5481f9781894,,https://www.gencourt.state.nh.us/bill_status/legacy/bs2016/bill_status.aspx?lsr=2933&sy=2024&sortoption=&txtsessionyear=2024,ocd-bill/0f48e65b-91d4-439e-b199-f09a4ee8e2cb
81c8793d-ff77-4443-87e3-e5dae5824ac1,,https://www.gencourt.state.nh.us/bill_status/legacy/bs2016/bill_status.aspx?lsr=2871&sy=2024&sortoption=&txtsessionyear=2024,ocd-bill/94718280-5374-4359-b829-ff96b14efe87
ad63df77-d801-4e7e-acf3-7aa22ea602f8,,https://www.gencourt.state.nh.us/bill_status/legacy/bs2016/bill_status.aspx?lsr=2672&sy=2024&sortoption=&txtsessionyear=2024,ocd-bill/f8c42c84-d557-448a-850f-65a8d7f809b9
9a15550a-9ea3-415e-849f-559573bd7f1b,,https://www.gencourt.state.nh.us/bill_status/legacy/bs2016/bill_status.aspx?lsr=2823&sy=2024&sortoption=&txtsessionyear=2024,ocd-bill/ba9d9acf-abee-4a5a-b4c1-ee09abc215ea
891878e9-4c4f-4e30-b186-95e742ebdbf2,,https://www.gencourt.state.nh.us/bill_status/legacy/bs2016/bill_status.aspx?lsr=2966&sy=2024&sortoption=&txtsessionyear=2024,ocd-bill/fce16287-d895-405e-96b9-efabeffb4f9d
8782ab75-5a64-4ad5-976e-f286ca668d09,,https://www.gencourt.state.nh.us/bill_status/legacy/bs2016/bill_status.aspx?lsr=3123&sy=2024&sortoption=&txtsessionyear=2024,ocd-bill/ded8bf5a-4b36-42ea-a0a3-25b86b7b881c
13e384f2-283e-4d7b-a4ee-5a4102f0c3e9,,https://www.gencourt.state.nh.us/bill_status/legacy/bs2016/bill_status.aspx?lsr=2904&sy=2024&sortoption=&txtsessionyear=2024,ocd-bill/cf23ae2e-a48d-412a-9a4c-b276d8ed111d
782ea85d-3e95-418d-a407-3207286cfb58,,https://www.gencourt.state.nh.us/bill_status/legacy/bs2016/bill_status.aspx?lsr=3086&sy=2024&sortoption=&txtsessionyear=2024,ocd-bill/3e66a9de-8df3-45b8-81de-6005b02c12dd
6abc2f01-0e34-4b31-81cb-326326a88733,,https://www.gencourt.state.nh.us/bill_status/legacy/bs2016/bill_status.aspx?lsr=2907&sy=2024&sortoption=&txtsessionyear=2024,ocd-bill/86b6041a-4080-450f-aed4-765296d621de
3120dd1b-bc78-43dc-a93a-406617765f5c,,https://www.gencourt.state.nh.us/bill_status/legacy/bs2016/bill_status.aspx?lsr=2613&sy=2024&sortoption=&txtsessionyear=2024,ocd-bill/f7325203-3a6f-4ae4-820c-c4d114acecb3
34a5b2c9-80b2-42b2-8799-b46a3844b619,,https://www.gencourt.state.nh.us/bill_status/legacy/bs2016/bill_status.aspx?lsr=2853&sy=2024&sortoption=&txtsessionyear=2024,ocd-bill/72b54952-9c8c-4e77-b3c5-56deb688a993
e9707cc5-7afd-4c68-8cfb-7aae2a16d4b0,,https://www.gencourt.state.nh.us/bill_status/legacy/bs2016/bill_status.aspx?lsr=2506&sy=2024&sortoption=&txtsessionyear=2024,ocd-bill/f10c8594-4a91-4336-b9ad-974bf0b68067
7067d093-37df-4362-81ea-979df41f0be4,,https://www.gencourt.state.nh.us/bill_status/legacy/bs2016/bill_status.aspx?lsr=2864&sy=2024&sortoption=&txtsessionyear=2024,ocd-bill/080e03c9-2091-4655-bb5f-11272df85628
e87542c3-ad19-4e61-9503-29e213f6cc2a,,https://www.gencourt.state.nh.us/bill_status/legacy/bs2016/bill_status.aspx?lsr=2186&sy=2024&sortoption=&txtsessionyear=2024,ocd-bill/bd17c799-a8b5-4953-82ba-0f8208e5f857
15575ada-f69b-4796-bd3b-18913af00a2e,,https://www.gencourt.state.nh.us/bill_status/legacy/bs2016/bill_status.aspx?lsr=0261&sy=2024&sortoption=&txtsessionyear=2024,ocd-bill/710e13c3-3997-44c3-a3f0-6e4d5c608e4a
80ec454e-1a30-4232-8756-88d0f75129d9,,https://www.gencourt.state.nh.us/bill_status/legacy/bs2016/bill_status.aspx?lsr=2432&sy=2024&sortoption=&txtsessionyear=2024,ocd-bill/3f574c6e-1aa5-43cb-bdf3-0d44c9a23d0a
50fd5da8-89d0-4031-8741-6ee473ce9c20,,https://www.gencourt.state.nh.us/bill_status/legacy/bs2016/bill_status.aspx?lsr=3010&sy=2024&sortoption=&txtsessionyear=2024,ocd-bill/79f68e33-9468-4c60-b037-1b463250b135
62ee1b9c-859a-42b4-bb36-b39824ba38d2,,https://www.gencourt.state.nh.us/bill_status/legacy/bs2016/bill_status.aspx?lsr=2930&sy=2024&sortoption=&txtsessionyear=2024,ocd-bill/fd6e10d3-2b61-42a1-8a94-1dd779dfe534
b089e97e-6ff4-40c8-9b84-e433cc2a10bc,,https://www.gencourt.state.nh.us/bill_status/legacy/bs2016/bill_status.aspx?lsr=2861&sy=2024&sortoption=&txtsessionyear=2024,ocd-bill/d0f7197e-f40a-4361-bc12-1726f83e4620
87c35241-9696-4b66-ae1c-6a9fc7467061,,https://www.gencourt.state.nh.us/bill_status/legacy/bs2016/bill_status.aspx?lsr=2374&sy=2024&sortoption=&txtsessionyear=2024,ocd-bill/4db5cae7-b0ae-42e7-b0e0-e4af872d9943
2f94e13c-17dd-4bc3-82f3-3d1a9563be95,,https://www.gencourt.state.nh.us/bill_status/legacy/bs2016/bill_status.aspx?lsr=2885&sy=2024&sortoption=&txtsessionyear=2024,ocd-bill/15f8bab6-f518-4cf2-ae63-c4454d971a3d
a8ab6a62-38a0-4357-8a20-c3bd7d6a8290,,https://www.gencourt.state.nh.us/bill_status/legacy/bs2016/bill_status.aspx?lsr=0847&sy=2024&sortoption=&txtsessionyear=2024,ocd-bill/2f523e82-55ad-438e-975e-05572422a413
1fb3c718-8d6e-4bb4-b9da-af13e5e20527,,https://www.gencourt.state.nh.us/bill_status/legacy/bs2016/bill_status.aspx?lsr=2233&sy=2024&sortoption=&txtsessionyear=2024,ocd-bill/1718a152-41c8-43bd-864c-54d427f56b04
8de1919e-8f84-407a-8472-1a85f9bfe1a5,,https://www.gencourt.state.nh.us/bill_status/legacy/bs2016/bill_status.aspx?lsr=2963&sy=2024&sortoption=&txtsessionyear=2024,ocd-bill/39d8bd11-cc81-4ea9-8447-c68b3239dc59
3f67b5b7-f257-4746-a05f-34e6f101caa1,,https://www.gencourt.state.nh.us/bill_status/legacy/bs2016/bill_status.aspx?lsr=0159&sy=2024&sortoption=&txtsessionyear=2024,ocd-bill/48762f7b-b818-4f5c-8b45-cea593066434
28d8f1f9-e3dc-4a3b-868e-6e5e625bdb21,,https://www.gencourt.state.nh.us/bill_status/legacy/bs2016/bill_status.aspx?lsr=3101&sy=2024&sortoption=&txtsessionyear=2024,ocd-bill/5ad4460d-f3ad-4806-8114-18007c9e566f
b0382418-bdeb-440d-8b05-227fdaf43c24,,https://www.gencourt.state.nh.us/bill_status/legacy/bs2016/bill_status.aspx?lsr=0440&sy=2024&sortoption=&txtsessionyear=2024,ocd-bill/1132d21f-df00-4a96-9116-8102a0ba6e6a
359c3b86-9b5a-41c8-a2de-9e1aee88c6be,,https://www.gencourt.state.nh.us/bill_status/legacy/bs2016/bill_status.aspx?lsr=2636&sy=2024&sortoption=&txtsessionyear=2024,ocd-bill/382814f5-d35d-4b4a-993f-9c78872fa8fd
c8301ef6-350c-4b9d-a335-62a54b6c6a5d,,https://www.gencourt.state.nh.us/bill_status/legacy/bs2016/bill_status.aspx?lsr=2740&sy=2024&sortoption=&txtsessionyear=2024,ocd-bill/34ed9771-a870-4982-8f5c-df51fb4f8a63
c5f46c17-1add-4c4b-a138-a3bf4fea9281,,https://www.gencourt.state.nh.us/bill_status/legacy/bs2016/bill_status.aspx?lsr=3113&sy=2024&sortoption=&txtsessionyear=2024,ocd-bill/1e5348d5-6103-4d9f-9ab0-b75afe153c29
80e13b53-5d50-40de-802b-17b267e64129,,https://www.gencourt.state.nh.us/bill_status/legacy/bs2016/bill_status.aspx?lsr=0857&sy=2024&sortoption=&txtsessionyear=2024,ocd-bill/bf50c6f9-c964-47f9-bcfe-78a97e0c2da5
2eac3fb8-bd24-4fb1-8ed2-59b8540b317d,,https://www.gencourt.state.nh.us/bill_status/legacy/bs2016/bill_status.aspx?lsr=3109&sy=2024&sortoption=&txtsessionyear=2024,ocd-bill/e07e0f45-3397-457e-8d10-3a611bb74e2e
fd85145c-b69e-4d36-b453-6eeafd4022f1,,https://www.gencourt.state.nh.us/bill_status/legacy/bs2016/bill_status.aspx?lsr=0496&sy=2024&sortoption=&txtsessionyear=2024,ocd-bill/84ca0409-6ae5-4267-8104-d4b6ddbcfdd7
9bee72f7-e69d-402a-ae89-75f38ffd579e,,https://www.gencourt.state.nh.us/bill_status/legacy/bs2016/bill_status.aspx?lsr=2774&sy=2024&sortoption=&txtsessionyear=2024,ocd-bill/b8e126e2-ac4d-43c2-983c-56d6003d1fbe
54e0d212-d790-423a-9574-bb65a8f1a2a0,,https://www.gencourt.state.nh.us/bill_status/legacy/bs2016/bill_status.aspx?lsr=0568&sy=2024&sortoption=&txtsessionyear=2024,ocd-bill/6df215fa-8016-42f1-9e09-40297bce89a7
59f6c1f6-ced4-4bb2-92eb-70a871a44ae6,,https://www.gencourt.state.nh.us/bill_status/legacy/bs2016/bill_status.aspx?lsr=2377&sy=2024&sortoption=&txtsessionyear=2024,ocd-bill/41c274dc-0abf-4e6c-bd00-cd7cb01b5231
67454987-21b5-442c-bc0c-404254a3f344,,https://www.gencourt.state.nh.us/bill_status/legacy/bs2016/bill_status.aspx?lsr=3066&sy=2024&sortoption=&txtsessionyear=2024,ocd-bill/f2662a95-2a4a-4f51-9da7-1a759d2672e1
88adb23f-925f-4b96-8cb7-ef0d4512d02b,,https://www.gencourt.state.nh.us/bill_status/legacy/bs2016/bill_status.aspx?lsr=0389&sy=2024&sortoption=&txtsessionyear=2024,ocd-bill/534057cf-8627-4a0c-a5fc-7581e559fdf3
036b2596-169a-4e5f-a0c0-5df3ba502303,,https://www.gencourt.state.nh.us/bill_status/legacy/bs2016/bill_status.aspx?lsr=0598&sy=2024&sortoption=&txtsessionyear=2024,ocd-bill/5053642c-174d-4fd5-ad50-4de295aa399f
0991f688-4d79-441b-be7a-f40649e9c9e3,,https://www.gencourt.state.nh.us/bill_status/legacy/bs2016/bill_status.aspx?lsr=2626&sy=2024&sortoption=&txtsessionyear=2024,ocd-bill/fede6ff2-f833-4cd5-abee-df52fc8feb9e
b9d4703c-c54b-4164-808a-cbe3ba5fa554,,https://www.gencourt.state.nh.us/bill_status/legacy/bs2016/bill_status.aspx?lsr=2194&sy=2024&sortoption=&txtsessionyear=2024,ocd-bill/f9ecd7a0-55f6-4f70-a193-069462a7ba49
4c32d6de-6765-4ca8-93ab-2e017eef19cd,,https://www.gencourt.state.nh.us/bill_status/legacy/bs2016/bill_status.aspx?lsr=2585&sy=2024&sortoption=&txtsessionyear=2024,ocd-bill/7d046e1e-4f43-4875-a3ed-68ebdf9fb474
249be9fd-0ff0-4a41-be05-f64924928834,,https://www.gencourt.state.nh.us/bill_status/legacy/bs2016/bill_status.aspx?lsr=3139&sy=2024&sortoption=&txtsessionyear=2024,ocd-bill/7af37f08-4d0e-452c-97a4-a978ff175ee6
6b8f6733-4190-4781-897f-23c77277dba4,,https://www.gencourt.state.nh.us/bill_status/legacy/bs2016/bill_status.aspx?lsr=2765&sy=2024&sortoption=&txtsessionyear=2024,ocd-bill/6cb3bdc9-3235-43f4-9a11-18e7e6e69d46
cb90f9f8-ca2a-4667-9f44-003668acce4a,,https://www.gencourt.state.nh.us/bill_status/legacy/bs2016/bill_status.aspx?lsr=2243&sy=2024&sortoption=&txtsessionyear=2024,ocd-bill/67f0d8ed-2128-456d-bbe0-b2433cddf168
6e1a6cea-599a-496a-93e8-681d2f426b04,,https://www.gencourt.state.nh.us/bill_status/legacy/bs2016/bill_status.aspx?lsr=3164&sy=2024&sortoption=&txtsessionyear=2024,ocd-bill/e857bc59-6e35-4eb4-a27e-885113bc4557
8f29710c-58ad-40b0-b5ed-d4bca4ebdacf,,https://www.gencourt.state.nh.us/bill_status/legacy/bs2016/bill_status.aspx?lsr=0004&sy=2024&sortoption=&txtsessionyear=2024,ocd-bill/ac2004c2-8792-4264-86d4-ba5d167042a1
296ec4b5-c8aa-4b05-9357-0241028e9ddb,,https://www.gencourt.state.nh.us/bill_status/legacy/bs2016/bill_status.aspx?lsr=0023&sy=2024&sortoption=&txtsessionyear=2024,ocd-bill/174202bb-5213-4e62-a1c2-e5119e41c7e1
b8e1f2e2-59d2-49b3-bbda-d12267b5d229,,https://www.gencourt.state.nh.us/bill_status/legacy/bs2016/bill_status.aspx?lsr=2918&sy=2024&sortoption=&txtsessionyear=2024,ocd-bill/ea3448eb-2647-40cf-8679-8521a839fd27
ce90b482-090b-4579-815e-8b2a8426c347,,https://www.gencourt.state.nh.us/bill_status/legacy/bs2016/bill_status.aspx?lsr=3059&sy=2024&sortoption=&txtsessionyear=2024,ocd-bill/651538e5-8cab-40c2-9414-d3764be0c90c
864fbe1f-67fa-42a3-82e6-71a102362268,,https://www.gencourt.state.nh.us/bill_status/legacy/bs2016/bill_status.aspx?lsr=0949&sy=2024&sortoption=&txtsessionyear=2024,ocd-bill/8bb664aa-094c-4ec6-8a20-faae3b703453
905674d0-4e8a-4af8-86e8-bf709f0c2128,,https://www.gencourt.state.nh.us/bill_status/legacy/bs2016/bill_status.aspx?lsr=0546&sy=2024&sortoption=&txtsessionyear=2024,ocd-bill/0066b624-11e8-43fa-9454-b85c31cd894d
b5163164-e887-4ab7-b5a2-078e4b22953b,,https://www.gencourt.state.nh.us/bill_status/legacy/bs2016/bill_status.aspx?lsr=2477&sy=2024&sortoption=&txtsessionyear=2024,ocd-bill/cff23da4-eb13-4c1c-8b5e-eea1311e883d
dc68fe1d-b15a-49ad-97f8-bdf97cd31aba,,https://www.gencourt.state.nh.us/bill_status/legacy/bs2016/bill_status.aspx?lsr=0070&sy=2024&sortoption=&txtsessionyear=2024,ocd-bill/3220edd2-44cc-47ad-9a2d-17c24cd9b021
34ee517b-c679-4627-bd66-ac521fd51356,,https://www.gencourt.state.nh.us/bill_status/legacy/bs2016/bill_status.aspx?lsr=0746&sy=2024&sortoption=&txtsessionyear=2024,ocd-bill/0cece6fb-a8f2-4050-a3cf-2bef8e595ede
903f7fc2-9333-47e8-ada1-b376f606f694,,https://www.gencourt.state.nh.us/bill_status/legacy/bs2016/bill_status.aspx?lsr=2149&sy=2024&sortoption=&txtsessionyear=2024,ocd-bill/5f8a7ed7-d37c-4c18-84c1-fb0659b771e3
0a803fd9-4937-4f6f-8d67-4a5029104a32,,https://www.gencourt.state.nh.us/bill_status/legacy/bs2016/bill_status.aspx?lsr=3117&sy=2024&sortoption=&txtsessionyear=2024,ocd-bill/2963099b-0a6e-49d6-92ff-243aff5e805f
1115bd85-238f-494f-9b31-90663deab514,,https://www.gencourt.state.nh.us/bill_status/legacy/bs2016/bill_status.aspx?lsr=2670&sy=2024&sortoption=&txtsessionyear=2024,ocd-bill/dea76dc6-6b87-4e8c-a931-3221101824c3
59bc0d7d-5ec6-4179-827c-33feaa13d1a9,,https://www.gencourt.state.nh.us/bill_status/legacy/bs2016/bill_status.aspx?lsr=2834&sy=2024&sortoption=&txtsessionyear=2024,ocd-bill/18e9b9a4-5f51-4e64-8de7-0287d07fdc4d
f254b74f-9d1a-4cc6-9755-0e4d9ee8bb2d,,https://www.gencourt.state.nh.us/bill_status/legacy/bs2016/bill_status.aspx?lsr=0950&sy=2024&sortoption=&txtsessionyear=2024,ocd-bill/1b500c82-d84d-4e5d-882d-8d1daa31142a
f5b9f5fc-a77f-423d-a015-ccba78b70967,,https://www.gencourt.state.nh.us/bill_status/legacy/bs2016/bill_status.aspx?lsr=0450&sy=2024&sortoption=&txtsessionyear=2024,ocd-bill/b283e33c-5516-4825-854e-3e13582d9d0e
1cd2c04e-5e37-4ea3-8b8b-f9bdb77d6a71,,https://www.gencourt.state.nh.us/bill_status/legacy/bs2016/bill_status.aspx?lsr=0554&sy=2024&sortoption=&txtsessionyear=2024,ocd-bill/51f3a45e-3647-40c6-ab2c-d56476e26e4f
1ed70582-147f-47a2-9066-bfb83820718b,,https://www.gencourt.state.nh.us/bill_status/legacy/bs2016/bill_status.aspx?lsr=3053&sy=2024&sortoption=&txtsessionyear=2024,ocd-bill/df4589fc-ef6e-4196-822f-97e6e8807a6c
bacfa24f-27ef-48ab-bf7e-705434df9cab,,https://www.gencourt.state.nh.us/bill_status/legacy/bs2016/bill_status.aspx?lsr=2921&sy=2024&sortoption=&txtsessionyear=2024,ocd-bill/9b5f5272-a3eb-47da-91c9-811be0dc87b8
1c6ed99f-b821-4d4e-a641-39ea00775f31,,https://www.gencourt.state.nh.us/bill_status/legacy/bs2016/bill_status.aspx?lsr=0868&sy=2024&sortoption=&txtsessionyear=2024,ocd-bill/a73606b6-1e10-4d57-82dc-9673096d9417
fb2bf82e-a216-4e8a-af03-4dee531433b4,,https://www.gencourt.state.nh.us/bill_status/legacy/bs2016/bill_status.aspx?lsr=3030&sy=2024&sortoption=&txtsessionyear=2024,ocd-bill/f99fe7ff-815a-4b10-a13b-0a1306a302a6
2c1f1c99-8167-4116-97d0-ca0421de4df2,,https://www.gencourt.state.nh.us/bill_status/legacy/bs2016/bill_status.aspx?lsr=0683&sy=2024&sortoption=&txtsessionyear=2024,ocd-bill/79f71cca-681a-47bd-b8b3-2b8d02bcd57f
27d8c161-98b8-4e06-b833-ef634a46e0ef,,https://www.gencourt.state.nh.us/bill_status/legacy/bs2016/bill_status.aspx?lsr=2085&sy=2024&sortoption=&txtsessionyear=2024,ocd-bill/98f256b5-1454-4a5c-b1d7-b4aedf23a78a
45762783-a789-4e51-88c3-122d5828bf22,,https://www.gencourt.state.nh.us/bill_status/legacy/bs2016/bill_status.aspx?lsr=3015&sy=2024&sortoption=&txtsessionyear=2024,ocd-bill/e3865e55-48c1-43fe-b1bf-4f20b1c08eb5
3a4462bc-c4e7-47fb-b52b-ee6ec3ea38bf,,https://www.gencourt.state.nh.us/bill_status/legacy/bs2016/bill_status.aspx?lsr=0265&sy=2024&sortoption=&txtsessionyear=2024,ocd-bill/dcde1f46-3ede-4255-923f-35f052c3c91f
d2918664-e980-42ab-b4cb-ac81abdd26a2,,https://www.gencourt.state.nh.us/bill_status/legacy/bs2016/bill_status.aspx?lsr=2196&sy=2024&sortoption=&txtsessionyear=2024,ocd-bill/4ce288e4-ca4f-4c1a-8698-fafe47ac95d6
858a93ec-42dd-41c6-a42e-04aef03cbe9a,,https://www.gencourt.state.nh.us/bill_status/legacy/bs2016/bill_status.aspx?lsr=2603&sy=2024&sortoption=&txtsessionyear=2024,ocd-bill/9b6e3c74-5e4b-4520-8554-fde80d93895b
b7031b8b-90ba-495c-87f8-ef181c456e7f,,https://www.gencourt.state.nh.us/bill_status/legacy/bs2016/bill_status.aspx?lsr=3077&sy=2024&sortoption=&txtsessionyear=2024,ocd-bill/c2e43a08-e520-420b-a2db-de8adbd4496b
c9dd5b12-192c-4a10-badc-2ce89b097c0c,,https://www.gencourt.state.nh.us/bill_status/legacy/bs2016/bill_status.aspx?lsr=2615&sy=2024&sortoption=&txtsessionyear=2024,ocd-bill/6c267046-343f-4adf-9d36-4e2b0d197366
02734b0c-a559-4a20-aced-80bf2157b244,,https://www.gencourt.state.nh.us/bill_status/legacy/bs2016/bill_status.aspx?lsr=2936&sy=2024&sortoption=&txtsessionyear=2024,ocd-bill/d7fbb748-9bc8-4e5d-adb9-af571fcbdf6f
f3afdd39-4896-4177-98b9-c4c5230aaaf4,,https://www.gencourt.state.nh.us/bill_status/legacy/bs2016/bill_status.aspx?lsr=2763&sy=2024&sortoption=&txtsessionyear=2024,ocd-bill/6bedc1d4-685a-45f4-91b0-8874c1dd43a2
16a31625-1dcb-443b-b53b-da9377458067,,https://www.gencourt.state.nh.us/bill_status/legacy/bs2016/bill_status.aspx?lsr=3006&sy=2024&sortoption=&txtsessionyear=2024,ocd-bill/c786dc2c-ef6f-4274-a744-836a4fdbc4c5
f51757dd-a040-4487-a558-e4ee5351e986,,https://www.gencourt.state.nh.us/bill_status/legacy/bs2016/bill_status.aspx?lsr=2659&sy=2024&sortoption=&txtsessionyear=2024,ocd-bill/93897247-6341-4e26-a1bf-c5fa66604aca
fa4c9509-cc04-4d5f-98c9-5dc56a234252,,https://www.gencourt.state.nh.us/bill_status/legacy/bs2016/bill_status.aspx?lsr=2473&sy=2024&sortoption=&txtsessionyear=2024,ocd-bill/d9dcc93d-68ef-4884-9038-dca8ae51c2a3
af2709c4-a55e-47e5-9117-39d809fed1e1,,https://www.gencourt.state.nh.us/bill_status/legacy/bs2016/bill_status.aspx?lsr=2896&sy=2024&sortoption=&txtsessionyear=2024,ocd-bill/9a1311c6-4d43-4263-a458-a713c0dc3931
c9635cf7-9b70-4af8-ac58-4c2bef2ae201,,https://www.gencourt.state.nh.us/bill_status/legacy/bs2016/bill_status.aspx?lsr=2630&sy=2024&sortoption=&txtsessionyear=2024,ocd-bill/f146a15d-6b7b-469c-b91e-3aa1327af3c3
7d9cbe94-50ae-41a8-bf93-a59ea522cd79,,https://www.gencourt.state.nh.us/bill_status/legacy/bs2016/bill_status.aspx?lsr=2978&sy=2024&sortoption=&txtsessionyear=2024,ocd-bill/45e92f7d-1011-481b-b78e-34f37ebc4163
47c50a09-9d26-4147-a487-9bd387efef33,,https://www.gencourt.state.nh.us/bill_status/legacy/bs2016/bill_status.aspx?lsr=3009&sy=2024&sortoption=&txtsessionyear=2024,ocd-bill/ffe309d7-4160-4bb2-9617-e1b83d96c805
86f02269-53b5-4e94-adc7-a8a8269fc6d5,,https://www.gencourt.state.nh.us/bill_status/legacy/bs2016/bill_status.aspx?lsr=2828&sy=2024&sortoption=&txtsessionyear=2024,ocd-bill/c7e9dcf8-7636-4d12-a4cf-5dacea88827b
5b74da19-73c9-495d-a3e9-d88e9f229f0a,,https://www.gencourt.state.nh.us/bill_status/legacy/bs2016/bill_status.aspx?lsr=2982&sy=2024&sortoption=&txtsessionyear=2024,ocd-bill/9d4a1870-7ca6-4778-b44d-7a5eb947abed
14e1a8f2-842b-4167-94f6-b7765d4b0f97,,https://www.gencourt.state.nh.us/bill_status/legacy/bs2016/bill_status.aspx?lsr=2955&sy=2024&sortoption=&txtsessionyear=2024,ocd-bill/56aa6c21-8fc0-4a9a-81de-72329e330c9f
f3f55f0b-a527-45a1-a13c-ec361941ce34,,https://www.gencourt.state.nh.us/bill_status/legacy/bs2016/bill_status.aspx?lsr=0627&sy=2024&sortoption=&txtsessionyear=2024,ocd-bill/ae3b3d68-9c1a-471d-a70a-3dfe9f5061cd
c44f3178-ecf5-486e-8d2d-51541eeb4b19,,https://www.gencourt.state.nh.us/bill_status/legacy/bs2016/bill_status.aspx?lsr=3103&sy=2024&sortoption=&txtsessionyear=2024,ocd-bill/3e5a4412-17c5-452d-8d77-61ee6e5abc40
442678c7-ff4f-41c8-93a3-5ee6108bced3,,https://www.gencourt.state.nh.us/bill_status/legacy/bs2016/bill_status.aspx?lsr=3068&sy=2024&sortoption=&txtsessionyear=2024,ocd-bill/1bb5fd4c-608e-40b8-b138-d0def9a59eb2
a5adfd1f-20be-4d35-80c8-a97579663de5,,https://www.gencourt.state.nh.us/bill_status/legacy/bs2016/bill_status.aspx?lsr=0471&sy=2024&sortoption=&txtsessionyear=2024,ocd-bill/c598b5cf-a9d5-4ccb-8a66-8bc298fb8f48
1ec7195a-8de8-4763-a3ed-e029b970e417,,https://www.gencourt.state.nh.us/bill_status/legacy/bs2016/bill_status.aspx?lsr=2286&sy=2024&sortoption=&txtsessionyear=2024,ocd-bill/bae51d2a-4c93-449d-a4d8-1c3b8f92f357
00153778-d6e0-4fa1-a3c9-db5d84b644b1,,https://www.gencourt.state.nh.us/bill_status/legacy/bs2016/bill_status.aspx?lsr=2859&sy=2024&sortoption=&txtsessionyear=2024,ocd-bill/6c7755c6-7a46-4588-ae91-94cab5c51078
c4acecd9-cfbe-462c-b788-11555d47ac4b,,https://www.gencourt.state.nh.us/bill_status/legacy/bs2016/bill_status.aspx?lsr=0858&sy=2024&sortoption=&txtsessionyear=2024,ocd-bill/30d1b1dd-46c8-4788-9612-ada398d68a04
83a97b98-7856-4c62-8941-ce6a9e546083,,https://www.gencourt.state.nh.us/bill_status/legacy/bs2016/bill_status.aspx?lsr=2863&sy=2024&sortoption=&txtsessionyear=2024,ocd-bill/23c18720-2c67-4de7-8dc4-f8676758b978
cc3741c3-7026-4e1f-a65d-8edbe4fd1a14,,https://www.gencourt.state.nh.us/bill_status/legacy/bs2016/bill_status.aspx?lsr=1023&sy=2024&sortoption=&txtsessionyear=2024,ocd-bill/6a65ea05-44ce-4766-9887-6089bc465e4f
e6324d4a-fc78-448a-9137-0386c722b32c,,https://www.gencourt.state.nh.us/bill_status/legacy/bs2016/bill_status.aspx?lsr=0422&sy=2024&sortoption=&txtsessionyear=2024,ocd-bill/4709d250-d041-49fd-8296-a16b3d842c16
25ea2122-f84b-4631-8235-d9ec2b355193,,https://www.gencourt.state.nh.us/bill_status/legacy/bs2016/bill_status.aspx?lsr=0161&sy=2024&sortoption=&txtsessionyear=2024,ocd-bill/9feb62db-bb6c-4c83-926e-8376726aeb71
512792fc-ab66-4707-865e-b26ba7609b1d,,https://www.gencourt.state.nh.us/bill_status/legacy/bs2016/bill_status.aspx?lsr=0894&sy=2024&sortoption=&txtsessionyear=2024,ocd-bill/cfeae803-2ec0-417b-a427-5fd7e5630d30
71494e2e-b469-4a2d-b072-bf10d5208a80,,https://www.gencourt.state.nh.us/bill_status/legacy/bs2016/bill_status.aspx?lsr=2009&sy=2024&sortoption=&txtsessionyear=2024,ocd-bill/dfb5672c-ddd4-4ce2-9269-50813317d6b6
1954ca25-a5c3-4469-8209-93266f5835a7,,https://www.gencourt.state.nh.us/bill_status/legacy/bs2016/bill_status.aspx?lsr=2770&sy=2024&sortoption=&txtsessionyear=2024,ocd-bill/4c9e6202-5a44-42ef-8054-2d0e81e1e814
402b8030-8092-4d10-82de-5d80cf9378c4,,https://www.gencourt.state.nh.us/bill_status/legacy/bs2016/bill_status.aspx?lsr=0137&sy=2024&sortoption=&txtsessionyear=2024,ocd-bill/6128154c-ba32-4b79-a536-407b982fb3de
278f293a-9102-4bd9-b494-de65beb41505,,https://www.gencourt.state.nh.us/bill_status/legacy/bs2016/bill_status.aspx?lsr=0246&sy=2024&sortoption=&txtsessionyear=2024,ocd-bill/e4530d82-ac36-4558-84ee-ece057dff454
f4f2543e-e3cd-449a-a059-f02d370a7d3a,,https://www.gencourt.state.nh.us/bill_status/legacy/bs2016/bill_status.aspx?lsr=2870&sy=2024&sortoption=&txtsessionyear=2024,ocd-bill/be4b45e4-da9c-4495-925b-bbfec83c15a6
68c08dda-7d2d-40b7-b88b-1531efe82001,,https://www.gencourt.state.nh.us/bill_status/legacy/bs2016/bill_status.aspx?lsr=2813&sy=2024&sortoption=&txtsessionyear=2024,ocd-bill/9c61d94c-5459-48a1-a1b9-c9d2fc6818c4
32cc4182-4b88-45a4-a6c8-e8c056413ea3,,https://www.gencourt.state.nh.us/bill_status/legacy/bs2016/bill_status.aspx?lsr=2308&sy=2024&sortoption=&txtsessionyear=2024,ocd-bill/d54cc8b3-716d-4f32-9ccc-a30bdd6a4b52
1460ebe0-1a80-4c8b-9a35-b7e2c0ea1e5a,,https://www.gencourt.state.nh.us/bill_status/legacy/bs2016/bill_status.aspx?lsr=2558&sy=2024&sortoption=&txtsessionyear=2024,ocd-bill/a519416c-9e85-49c3-a97e-642535db3807
ade13f9d-af89-4851-b24f-afbcd66c2111,,https://www.gencourt.state.nh.us/bill_status/legacy/bs2016/bill_status.aspx?lsr=2467&sy=2024&sortoption=&txtsessionyear=2024,ocd-bill/7483c4c6-b7bb-455e-ae02-80e38d47c831
a1671fc7-606a-4bf9-8904-87fb4736f3e1,,https://www.gencourt.state.nh.us/bill_status/legacy/bs2016/bill_status.aspx?lsr=2789&sy=2024&sortoption=&txtsessionyear=2024,ocd-bill/1a7fda22-00b6-4b7f-9746-d213484a5536
732bc542-59a9-4394-bd98-396abf44ef72,,https://www.gencourt.state.nh.us/bill_status/legacy/bs2016/bill_status.aspx?lsr=2660&sy=2024&sortoption=&txtsessionyear=2024,ocd-bill/f6c4952a-3fa7-4872-a407-af5171c5003b
a4666204-3b42-4e13-aba8-a3a7cdba8bbc,,https://www.gencourt.state.nh.us/bill_status/legacy/bs2016/bill_status.aspx?lsr=0647&sy=2024&sortoption=&txtsessionyear=2024,ocd-bill/cc60e12f-c29a-4c73-af33-fdbdf6e297a6
1b089540-5738-497b-8ec5-c5bebb2a1781,,https://www.gencourt.state.nh.us/bill_status/legacy/bs2016/bill_status.aspx?lsr=2414&sy=2024&sortoption=&txtsessionyear=2024,ocd-bill/f8143751-7fc7-4a63-ba93-693527d989a6
2cf64c12-4535-4a0f-b83f-81eb74515f45,,https://www.gencourt.state.nh.us/bill_status/legacy/bs2016/bill_status.aspx?lsr=2276&sy=2024&sortoption=&txtsessionyear=2024,ocd-bill/38e8ad1c-c8c4-492a-ae45-db7539d9856a
a1fcd4a0-96ca-4ba3-9418-b09c6bd3e49d,,https://www.gencourt.state.nh.us/bill_status/legacy/bs2016/bill_status.aspx?lsr=2073&sy=2024&sortoption=&txtsessionyear=2024,ocd-bill/d24933a0-fd5f-4fad-88ed-c26cb9432bfb
0c934e46-6f95-468b-8d31-d9dca9c82fa3,,https://www.gencourt.state.nh.us/bill_status/legacy/bs2016/bill_status.aspx?lsr=2987&sy=2024&sortoption=&txtsessionyear=2024,ocd-bill/901c7943-d352-4c22-9d04-32553bcb9353
c72a1952-503e-46fd-a5c5-8548f1b89408,,https://www.gencourt.state.nh.us/bill_status/legacy/bs2016/bill_status.aspx?lsr=2772&sy=2024&sortoption=&txtsessionyear=2024,ocd-bill/8c092a7c-e065-4309-83a7-f5fbaf6cb59d
5dd09374-59ab-4a83-bfc7-2d2347cd6416,,https://www.gencourt.state.nh.us/bill_status/legacy/bs2016/bill_status.aspx?lsr=2350&sy=2024&sortoption=&txtsessionyear=2024,ocd-bill/3f39ac2d-98d3-421c-9df1-a2545ea028b0
a6f39ffa-701b-49a0-84fd-7b13d514089a,,https://www.gencourt.state.nh.us/bill_status/legacy/bs2016/bill_status.aspx?lsr=2545&sy=2024&sortoption=&txtsessionyear=2024,ocd-bill/41a242ab-e327-4553-b8f8-6287a8a44bec
562d9ca1-6ac1-4f2c-8717-d2fd309467b4,,https://www.gencourt.state.nh.us/bill_status/legacy/bs2016/bill_status.aspx?lsr=2307&sy=2024&sortoption=&txtsessionyear=2024,ocd-bill/e6e9f0d4-6c32-48ef-8c22-382f3403539b
d733d9c5-cf98-4a9e-a7d5-e4b45cbd58d0,,https://www.gencourt.state.nh.us/bill_status/legacy/bs2016/bill_status.aspx?lsr=2187&sy=2024&sortoption=&txtsessionyear=2024,ocd-bill/3d91fc83-c690-4ea4-90f1-a8ea5add7fb4
52c6d6ba-cdf9-423b-8407-0523d0de28bd,,https://www.gencourt.state.nh.us/bill_status/legacy/bs2016/bill_status.aspx?lsr=2003&sy=2024&sortoption=&txtsessionyear=2024,ocd-bill/312cee74-08a9-42ab-a244-c8441e277ae4
fe8e4997-172e-4af9-954f-8042038bcb69,,https://www.gencourt.state.nh.us/bill_status/legacy/bs2016/bill_status.aspx?lsr=2944&sy=2024&sortoption=&txtsessionyear=2024,ocd-bill/75956000-d88d-4655-b7a2-556a495eb9ec
17ae9f63-8dc5-4f80-a382-d4e7f82191e7,,https://www.gencourt.state.nh.us/bill_status/legacy/bs2016/bill_status.aspx?lsr=0717&sy=2024&sortoption=&txtsessionyear=2024,ocd-bill/47ddba3e-b431-4a12-adcb-965a6cb7624d
3f599cd6-2c00-4f29-8f09-49298a88ce56,,https://www.gencourt.state.nh.us/bill_status/legacy/bs2016/bill_status.aspx?lsr=2161&sy=2024&sortoption=&txtsessionyear=2024,ocd-bill/c22b2c98-3874-4643-aa06-25995fb0024f
5e835049-803f-4486-9b35-56cf8159087b,,https://www.gencourt.state.nh.us/bill_status/legacy/bs2016/bill_status.aspx?lsr=0344&sy=2024&sortoption=&txtsessionyear=2024,ocd-bill/0f6929fa-9045-4053-9257-8aeca5985252
10e12bbd-5533-48ed-a627-42e4c7d13af1,,https://www.gencourt.state.nh.us/bill_status/legacy/bs2016/bill_status.aspx?lsr=0549&sy=2024&sortoption=&txtsessionyear=2024,ocd-bill/8a46086e-d0d5-4dbc-94df-994d20af5d3f
248bb175-f072-4fff-8011-e8144afb637a,,https://www.gencourt.state.nh.us/bill_status/legacy/bs2016/bill_status.aspx?lsr=2191&sy=2024&sortoption=&txtsessionyear=2024,ocd-bill/20346f77-f0b8-46d5-8f77-d2104e7e89a5
56fc1556-3d27-4e30-acf1-31a300fc2956,,https://www.gencourt.state.nh.us/bill_status/legacy/bs2016/bill_status.aspx?lsr=0561&sy=2024&sortoption=&txtsessionyear=2024,ocd-bill/1f2b204c-fa77-46cf-869d-8e3346d220b1
2d4bd1e1-9810-47f3-bcbe-85dcae35af0c,,https://www.gencourt.state.nh.us/bill_status/legacy/bs2016/bill_status.aspx?lsr=0282&sy=2024&sortoption=&txtsessionyear=2024,ocd-bill/c8fc370e-6908-4d2c-9bf0-1aa583f1b19a
c1a6af10-5f6b-4c76-855e-b0d2a98453d9,,https://www.gencourt.state.nh.us/bill_status/legacy/bs2016/bill_status.aspx?lsr=2054&sy=2024&sortoption=&txtsessionyear=2024,ocd-bill/b04d9914-0762-4a80-8619-b5e33e26f0f4
918fc7d5-b23a-4a14-8665-ace548e09524,,https://www.gencourt.state.nh.us/bill_status/legacy/bs2016/bill_status.aspx?lsr=2487&sy=2024&sortoption=&txtsessionyear=2024,ocd-bill/d82aa4a1-efc8-494d-a8ce-a7039cf42ad3
2b26cbce-ff76-4fe4-bcb5-a3cfee2ecd1c,,https://www.gencourt.state.nh.us/bill_status/legacy/bs2016/bill_status.aspx?lsr=0955&sy=2024&sortoption=&txtsessionyear=2024,ocd-bill/d035b445-6327-4af2-b951-99071cd431da
d5e3f57d-20d7-4f57-ab36-b0b3626639c9,,https://www.gencourt.state.nh.us/bill_status/legacy/bs2016/bill_status.aspx?lsr=3022&sy=2024&sortoption=&txtsessionyear=2024,ocd-bill/064abbe7-768a-404c-8dee-c663fe80012e
902e4048-55d9-4f5f-8d9d-00cf54fcfe2a,,https://www.gencourt.state.nh.us/bill_status/legacy/bs2016/bill_status.aspx?lsr=3114&sy=2024&sortoption=&txtsessionyear=2024,ocd-bill/ed8bc90f-4f8b-4554-b5db-6db8bbd7e34b
2172abb7-3dea-4195-91a5-6c6e0444b68f,,https://www.gencourt.state.nh.us/bill_status/legacy/bs2016/bill_status.aspx?lsr=2183&sy=2024&sortoption=&txtsessionyear=2024,ocd-bill/77e9f02e-bb7a-4e8b-bf0c-0d36c7f8a2c1
8b23a604-93ac-41e9-8d9d-a748c6bd38a4,,https://www.gencourt.state.nh.us/bill_status/legacy/bs2016/bill_status.aspx?lsr=2252&sy=2024&sortoption=&txtsessionyear=2024,ocd-bill/2626c26a-f50d-47da-b0f9-c4e8e66123e3
7fd903c9-2c3c-4b54-afec-e57de707c828,,https://www.gencourt.state.nh.us/bill_status/legacy/bs2016/bill_status.aspx?lsr=0935&sy=2024&sortoption=&txtsessionyear=2024,ocd-bill/817848df-0551-49ab-8565-79b607f86b9d
49f68d59-55d6-4999-b0f5-21fad740be94,,https://www.gencourt.state.nh.us/bill_status/legacy/bs2016/bill_status.aspx?lsr=2515&sy=2024&sortoption=&txtsessionyear=2024,ocd-bill/496f72fa-9e9f-444d-a233-4678532578a3
cba6045a-06c1-415a-b651-4798cca93b17,,https://www.gencourt.state.nh.us/bill_status/legacy/bs2016/bill_status.aspx?lsr=2312&sy=2024&sortoption=&txtsessionyear=2024,ocd-bill/39ba97c6-a509-4486-a34a-7414c3a19d1a
390c22eb-7ad5-47bf-8d3b-f630c9e1b805,,https://www.gencourt.state.nh.us/bill_status/legacy/bs2016/bill_status.aspx?lsr=2411&sy=2024&sortoption=&txtsessionyear=2024,ocd-bill/529c486b-47a3-4682-9d00-d97f6d8947da
cf0c4a02-52a0-49ad-9506-ecd0c4696b03,,https://www.gencourt.state.nh.us/bill_status/legacy/bs2016/bill_status.aspx?lsr=2201&sy=2024&sortoption=&txtsessionyear=2024,ocd-bill/ad1d4b4c-ee21-4335-a9da-fe8717b5212e
cd03997c-98dd-4702-aeeb-54c017f18695,,https://www.gencourt.state.nh.us/bill_status/legacy/bs2016/bill_status.aspx?lsr=2482&sy=2024&sortoption=&txtsessionyear=2024,ocd-bill/224af623-c009-44c7-ad22-7912c7b83921
30ac8e2a-fc7f-484b-9ef7-a046ac508fd3,,https://www.gencourt.state.nh.us/bill_status/legacy/bs2016/bill_status.aspx?lsr=0585&sy=2024&sortoption=&txtsessionyear=2024,ocd-bill/c41fa6ab-8290-4d95-951f-d19b7a6257fb
7528e069-3c4f-4679-aa88-8bc1fd62a26a,,https://www.gencourt.state.nh.us/bill_status/legacy/bs2016/bill_status.aspx?lsr=2318&sy=2024&sortoption=&txtsessionyear=2024,ocd-bill/7c8f4ae3-096d-4c7b-b45b-7e03bd48e3cd
b1808bdf-a2ac-4d02-9877-dbf74412ee33,,https://www.gencourt.state.nh.us/bill_status/legacy/bs2016/bill_status.aspx?lsr=3156&sy=2024&sortoption=&txtsessionyear=2024,ocd-bill/026ba0da-185e-474e-bf7b-3ae0178e35ba
98c54aac-c0cb-40b6-8dfa-ab3eb8a20c19,,https://www.gencourt.state.nh.us/bill_status/legacy/bs2016/bill_status.aspx?lsr=0393&sy=2024&sortoption=&txtsessionyear=2024,ocd-bill/14775a89-3ee7-4b74-8a7c-685a269c4c8f
dcb83237-f0e6-4d5f-86bb-c38192a7e664,,https://www.gencourt.state.nh.us/bill_status/legacy/bs2016/bill_status.aspx?lsr=2388&sy=2024&sortoption=&txtsessionyear=2024,ocd-bill/604cbb16-d182-4a4c-9413-68d282b8dcbe
c173b0cc-397a-404f-b25e-099f12c7f4a6,,https://www.gencourt.state.nh.us/bill_status/legacy/bs2016/bill_status.aspx?lsr=2244&sy=2024&sortoption=&txtsessionyear=2024,ocd-bill/aaa58db3-4684-4c06-9ff1-5af1d781b7f7
cf985aa6-6a10-4d94-bc82-6777b1af3884,,https://www.gencourt.state.nh.us/bill_status/legacy/bs2016/bill_status.aspx?lsr=2523&sy=2024&sortoption=&txtsessionyear=2024,ocd-bill/13f79e9c-4566-405f-8451-9c5ca9d642df
d1b0d97b-ce31-44e8-9fb6-2cf885b5b13e,,https://www.gencourt.state.nh.us/bill_status/legacy/bs2016/bill_status.aspx?lsr=2364&sy=2024&sortoption=&txtsessionyear=2024,ocd-bill/3c7656b1-4560-4bd5-ba31-8f0f1ad788ee
84b22b3f-6563-4438-805c-717b597af21b,,https://www.gencourt.state.nh.us/bill_status/legacy/bs2016/bill_status.aspx?lsr=0338&sy=2024&sortoption=&txtsessionyear=2024,ocd-bill/567491cd-2e59-414d-b24a-b70c18edf46c
e8e31720-cb84-4eb0-bbbe-4887a2a1fdde,,https://www.gencourt.state.nh.us/bill_status/legacy/bs2016/bill_status.aspx?lsr=2209&sy=2024&sortoption=&txtsessionyear=2024,ocd-bill/2aa1e2a3-f1b8-4f8a-802a-6bada93f5ab6
1003aeac-6629-40b8-af60-dacc59cf03be,,https://www.gencourt.state.nh.us/bill_status/legacy/bs2016/bill_status.aspx?lsr=2400&sy=2024&sortoption=&txtsessionyear=2024,ocd-bill/7230de02-cd7c-4a41-998e-1ca528b2974d
01f7b88b-b437-4ece-a7bb-a8545dac9a3a,,https://www.gencourt.state.nh.us/bill_status/legacy/bs2016/bill_status.aspx?lsr=2234&sy=2024&sortoption=&txtsessionyear=2024,ocd-bill/1b1c089e-b85e-4790-8cc4-6db328fa0383
d5526aee-7a4c-4ca8-bdbe-458355b0b7c2,,https://www.gencourt.state.nh.us/bill_status/legacy/bs2016/bill_status.aspx?lsr=2165&sy=2024&sortoption=&txtsessionyear=2024,ocd-bill/c7248a9e-f52a-4119-89fb-d59d98967097
99c23fb5-b49e-431f-a446-fa9965031309,,https://www.gencourt.state.nh.us/bill_status/legacy/bs2016/bill_status.aspx?lsr=2005&sy=2024&sortoption=&txtsessionyear=2024,ocd-bill/f111e288-3cca-4916-a885-9015a3582111
17f4ec98-b928-4ef1-86b5-cc3edd6c77ed,,https://www.gencourt.state.nh.us/bill_status/legacy/bs2016/bill_status.aspx?lsr=2044&sy=2024&sortoption=&txtsessionyear=2024,ocd-bill/c1c02a2d-7a50-488d-83d6-114bab03e96e
5775363f-8eb7-488c-b6a8-9c7b00510bf2,,https://www.gencourt.state.nh.us/bill_status/legacy/bs2016/bill_status.aspx?lsr=2954&sy=2024&sortoption=&txtsessionyear=2024,ocd-bill/aa97653d-6a2a-4a80-988b-2e8d3026a1bf
73f49813-32e4-4d12-9dd6-a2d6c4c49987,,https://www.gencourt.state.nh.us/bill_status/legacy/bs2016/bill_status.aspx?lsr=2135&sy=2024&sortoption=&txtsessionyear=2024,ocd-bill/6ffaa25a-1710-4226-a907-e97882d23f56
e35dad46-626f-401b-b974-7c1a748b9a62,,https://www.gencourt.state.nh.us/bill_status/legacy/bs2016/bill_status.aspx?lsr=2967&sy=2024&sortoption=&txtsessionyear=2024,ocd-bill/695c13cf-fa14-412d-bea6-c0a4da0a605c
295091f7-5b45-483e-bfc4-b48a040245ed,,https://www.gencourt.state.nh.us/bill_status/legacy/bs2016/bill_status.aspx?lsr=2013&sy=2024&sortoption=&txtsessionyear=2024,ocd-bill/9d2b8864-878f-410d-bfc2-d7d3c5e566b8
5014612b-75f4-497c-ac12-02220651f6d0,,https://www.gencourt.state.nh.us/bill_status/legacy/bs2016/bill_status.aspx?lsr=2253&sy=2024&sortoption=&txtsessionyear=2024,ocd-bill/3b54431b-69c1-4ad4-8334-6099f4ffb748
0df38078-f015-4f94-b651-c203fbebb014,,https://www.gencourt.state.nh.us/bill_status/legacy/bs2016/bill_status.aspx?lsr=2964&sy=2024&sortoption=&txtsessionyear=2024,ocd-bill/de2f3320-6c11-4e0a-beb2-f855c6fc28cf
6a577a41-a4c7-44d8-b8bf-d464c479c90b,,https://www.gencourt.state.nh.us/bill_status/legacy/bs2016/bill_status.aspx?lsr=2553&sy=2024&sortoption=&txtsessionyear=2024,ocd-bill/0045ab9b-b6aa-4fd3-b20d-6f54f664b53f
a458470e-57ac-4523-9ce7-91256270e3e1,,https://www.gencourt.state.nh.us/bill_status/legacy/bs2016/bill_status.aspx?lsr=2754&sy=2024&sortoption=&txtsessionyear=2024,ocd-bill/0483dc5e-5f70-4d23-b9de-2014cac89232
257bf86c-b57e-46af-8205-6c3560400340,,https://www.gencourt.state.nh.us/bill_status/legacy/bs2016/bill_status.aspx?lsr=2069&sy=2024&sortoption=&txtsessionyear=2024,ocd-bill/60515bea-a84b-45ab-9623-0aef9debe288
ffeab0d2-a4b5-41ea-81eb-3a1471fa2151,,https://www.gencourt.state.nh.us/bill_status/legacy/bs2016/bill_status.aspx?lsr=2994&sy=2024&sortoption=&txtsessionyear=2024,ocd-bill/fd126aae-f1bf-497e-bd0b-ccb00d93d79e
5ba8b3d9-b079-4cd1-baea-a4c5288156aa,,https://www.gencourt.state.nh.us/bill_status/legacy/bs2016/bill_status.aspx?lsr=2699&sy=2024&sortoption=&txtsessionyear=2024,ocd-bill/e9646af7-b8fe-408c-8e4a-27691676914a
f7b1271e-5c9f-4a76-8619-c04351d640e8,,https://www.gencourt.state.nh.us/bill_status/legacy/bs2016/bill_status.aspx?lsr=2375&sy=2024&sortoption=&txtsessionyear=2024,ocd-bill/3356d40d-fbd6-4362-b97f-b6552d2253a3
7f504918-4e74-445c-b6a7-cd366437f254,,https://www.gencourt.state.nh.us/bill_status/legacy/bs2016/bill_status.aspx?lsr=2694&sy=2024&sortoption=&txtsessionyear=2024,ocd-bill/98c0c9de-8be5-4b68-a054-d12f7ecc392d
7d553428-f942-4dfb-b5a4-523d0209b6a4,,https://www.gencourt.state.nh.us/bill_status/legacy/bs2016/bill_status.aspx?lsr=3054&sy=2024&sortoption=&txtsessionyear=2024,ocd-bill/7a74240b-0071-4b99-ac21-63114848d430
bdb9d13a-f290-416a-a650-06379ee3a6d4,,https://www.gencourt.state.nh.us/bill_status/legacy/bs2016/bill_status.aspx?lsr=2449&sy=2024&sortoption=&txtsessionyear=2024,ocd-bill/9868c569-46b0-451e-9c45-14b4dac2d3db
5a668c1a-1fd8-448d-9e57-3fa5cdd374ae,,https://www.gencourt.state.nh.us/bill_status/legacy/bs2016/bill_status.aspx?lsr=2020&sy=2024&sortoption=&txtsessionyear=2024,ocd-bill/18b00a21-e739-4059-b60c-e42fa4138bda
160d09a6-b06b-4824-b55c-f0ef7a7e47f1,,https://www.gencourt.state.nh.us/bill_status/legacy/bs2016/bill_status.aspx?lsr=2983&sy=2024&sortoption=&txtsessionyear=2024,ocd-bill/b174e295-8568-4c66-a0b6-de313af045ba
6120135e-11f2-43fb-bb15-992edb638ad1,,https://www.gencourt.state.nh.us/bill_status/legacy/bs2016/bill_status.aspx?lsr=2874&sy=2024&sortoption=&txtsessionyear=2024,ocd-bill/b2e8ab79-e019-415a-9d54-10bbeed74f89
39d77ee0-4e16-49d4-bc52-9acce561ed8e,,https://www.gencourt.state.nh.us/bill_status/legacy/bs2016/bill_status.aspx?lsr=2582&sy=2024&sortoption=&txtsessionyear=2024,ocd-bill/b4a044f7-9aba-45e7-b5a0-493069f3ca7b
cfbbe9b2-74c6-4d3f-a77d-7d8c048bae1c,,https://www.gencourt.state.nh.us/bill_status/legacy/bs2016/bill_status.aspx?lsr=0843&sy=2024&sortoption=&txtsessionyear=2024,ocd-bill/7ee1ffb5-a1e1-46c1-95f7-3ee53c77e67d
e9bd7ef8-2310-4797-ae00-7d64456a4581,,https://www.gencourt.state.nh.us/bill_status/legacy/bs2016/bill_status.aspx?lsr=2439&sy=2024&sortoption=&txtsessionyear=2024,ocd-bill/3ed1443d-dcf4-4a2b-a4be-7a719d335619
f7d994a5-a038-4077-8136-aa6c44c59a18,,https://www.gencourt.state.nh.us/bill_status/legacy/bs2016/bill_status.aspx?lsr=2935&sy=2024&sortoption=&txtsessionyear=2024,ocd-bill/72d1e7ca-e2d9-4053-bf0a-80a445546af9
c9075dfa-26c4-4e9f-9cd1-38f4d6d9b580,,https://www.gencourt.state.nh.us/bill_status/legacy/bs2016/bill_status.aspx?lsr=2269&sy=2024&sortoption=&txtsessionyear=2024,ocd-bill/2d3f5d4f-51c2-468e-9f63-d8c3600ad78a
415a56ed-0fc7-418a-8dd7-90c99554ddfd,,https://www.gencourt.state.nh.us/bill_status/legacy/bs2016/bill_status.aspx?lsr=3163&sy=2024&sortoption=&txtsessionyear=2024,ocd-bill/f13e3084-3e42-4d9e-bce2-3ba1046473da
bdb9b6ef-210b-4237-9390-003e99701b06,,https://www.gencourt.state.nh.us/bill_status/legacy/bs2016/bill_status.aspx?lsr=3095&sy=2024&sortoption=&txtsessionyear=2024,ocd-bill/05dd517b-fba1-4c8e-8dda-9096fae7839a
2922bef7-092f-4d64-873a-f5418fadd0eb,,https://www.gencourt.state.nh.us/bill_status/legacy/bs2016/bill_status.aspx?lsr=3060&sy=2024&sortoption=&txtsessionyear=2024,ocd-bill/f3dd94a4-8cfb-439d-a168-ec0b07f2d80a
b101a9a5-e288-42ba-8167-4c17ff05f6cb,,https://www.gencourt.state.nh.us/bill_status/legacy/bs2016/bill_status.aspx?lsr=2171&sy=2024&sortoption=&txtsessionyear=2024,ocd-bill/46f7e276-6ebc-421c-8264-141d72bb3979
3f31b42f-3f50-4b5e-99c2-3fd2e357f3cc,,https://www.gencourt.state.nh.us/bill_status/legacy/bs2016/bill_status.aspx?lsr=3062&sy=2024&sortoption=&txtsessionyear=2024,ocd-bill/2b22a846-9675-40b0-8b63-8a469db448cf
fe324cfe-ffd3-42e4-9730-706cafed48b1,,https://www.gencourt.state.nh.us/bill_status/legacy/bs2016/bill_status.aspx?lsr=2990&sy=2024&sortoption=&txtsessionyear=2024,ocd-bill/b08667dd-87d8-41ad-b189-dce0f4da49c9
f78bc594-dc55-4ee1-b474-da544252a32d,,https://www.gencourt.state.nh.us/bill_status/legacy/bs2016/bill_status.aspx?lsr=2969&sy=2024&sortoption=&txtsessionyear=2024,ocd-bill/5fe01434-d19a-421c-ae81-2a2783fab828
e1ca86de-6055-426c-8d56-2f2e5a2eeead,,https://www.gencourt.state.nh.us/bill_status/legacy/bs2016/bill_status.aspx?lsr=2102&sy=2024&sortoption=&txtsessionyear=2024,ocd-bill/880f539d-f641-433a-b1f0-7c4b28b43240
8f38047e-dede-48cf-8b21-477225f7f1d1,,https://www.gencourt.state.nh.us/bill_status/legacy/bs2016/bill_status.aspx?lsr=3144&sy=2024&sortoption=&txtsessionyear=2024,ocd-bill/b5aced4c-a142-411f-b7e4-11d0bb235828
0a511683-5ea6-431b-834a-649d53d48dc3,,https://www.gencourt.state.nh.us/bill_status/legacy/bs2016/bill_status.aspx?lsr=2806&sy=2024&sortoption=&txtsessionyear=2024,ocd-bill/1a9c5bf3-94d3-4709-9cd1-941180ea2cbe
50b730c9-8abc-49f1-a500-b0904c301c9e,,https://www.gencourt.state.nh.us/bill_status/legacy/bs2016/bill_status.aspx?lsr=3037&sy=2024&sortoption=&txtsessionyear=2024,ocd-bill/133be2a2-7d2b-4f72-ad7d-59efb42c3838
f3ade9b2-ec60-4ff7-bfb8-f57a0414e1a5,,https://www.gencourt.state.nh.us/bill_status/legacy/bs2016/bill_status.aspx?lsr=2827&sy=2024&sortoption=&txtsessionyear=2024,ocd-bill/c8649699-d5c4-4cd3-88e7-ee0c51a6e7f4
1110e203-cd10-459f-9a24-72aba68c928b,,https://www.gencourt.state.nh.us/bill_status/legacy/bs2016/bill_status.aspx?lsr=3035&sy=2024&sortoption=&txtsessionyear=2024,ocd-bill/70448365-6647-4001-9fc4-585fc92fb620
636e8b96-f87f-4119-8040-60dee9df5dd4,,https://www.gencourt.state.nh.us/bill_status/legacy/bs2016/bill_status.aspx?lsr=2390&sy=2024&sortoption=&txtsessionyear=2024,ocd-bill/474d9c0e-7c0c-43c2-b5ff-222058a10911
52340c06-bfcd-433b-8062-f5f5b01a226a,,https://www.gencourt.state.nh.us/bill_status/legacy/bs2016/bill_status.aspx?lsr=2531&sy=2024&sortoption=&txtsessionyear=2024,ocd-bill/94250a5c-694f-4ec2-b1f3-9bd4b2131777
3f2bde88-d80c-4fd9-9f40-8289fba1b773,,https://www.gencourt.state.nh.us/bill_status/legacy/bs2016/bill_status.aspx?lsr=0395&sy=2024&sortoption=&txtsessionyear=2024,ocd-bill/aa918314-cdfa-48db-895b-3031d36aa28e
da491012-b2eb-4cd9-8d48-daff00f2c006,,https://www.gencourt.state.nh.us/bill_status/legacy/bs2016/bill_status.aspx?lsr=2031&sy=2024&sortoption=&txtsessionyear=2024,ocd-bill/477f7312-d5f5-443a-97ff-16948c004988
de1aa409-d7c8-4fee-b54d-4a23ee8c5790,,https://www.gencourt.state.nh.us/bill_status/legacy/bs2016/bill_status.aspx?lsr=2459&sy=2024&sortoption=&txtsessionyear=2024,ocd-bill/ea4cdcb0-e6c4-44e6-bcb1-492f8b203241
71e7036f-54fb-4661-b303-41064eb9fcc9,,https://www.gencourt.state.nh.us/bill_status/legacy/bs2016/bill_status.aspx?lsr=0831&sy=2024&sortoption=&txtsessionyear=2024,ocd-bill/1e35a36c-49ee-447e-acf0-d32ab7a99fcd
89e404fd-1a29-478b-9ebc-d5bc5a5258b2,,https://www.gencourt.state.nh.us/bill_status/legacy/bs2016/bill_status.aspx?lsr=2368&sy=2024&sortoption=&txtsessionyear=2024,ocd-bill/1c0eac3e-9fa8-4555-b0fa-1346470db07d
0da67b35-9ac5-4d8a-83b3-6c0e16d52aca,,https://www.gencourt.state.nh.us/bill_status/legacy/bs2016/bill_status.aspx?lsr=2158&sy=2024&sortoption=&txtsessionyear=2024,ocd-bill/d6aca562-c8d6-412f-9d1f-b036bd78bafe
ae45a79c-d794-4865-9d3a-ae41cca58a4e,,https://www.gencourt.state.nh.us/bill_status/legacy/bs2016/bill_status.aspx?lsr=2677&sy=2024&sortoption=&txtsessionyear=2024,ocd-bill/174b4296-dd46-44c1-ad1e-70a36b739113
a567183d-62fc-441a-9f43-42c6a312723a,,https://www.gencourt.state.nh.us/bill_status/legacy/bs2016/bill_status.aspx?lsr=2146&sy=2024&sortoption=&txtsessionyear=2024,ocd-bill/d5289431-1d8a-4437-924a-2bd50f904fe5
42cd9080-2292-41a0-9824-113ddc586358,,https://www.gencourt.state.nh.us/bill_status/legacy/bs2016/bill_status.aspx?lsr=2791&sy=2024&sortoption=&txtsessionyear=2024,ocd-bill/7939dab1-4c21-497b-b95e-df09df2dbc93
6ba200d7-f374-4cfb-90aa-5daeeb11e214,,https://www.gencourt.state.nh.us/bill_status/legacy/bs2016/bill_status.aspx?lsr=2010&sy=2024&sortoption=&txtsessionyear=2024,ocd-bill/07a5aae2-532a-4d59-b7ec-c624cd333f4a
06aed021-8b71-410b-976f-c2a089370e5e,,https://www.gencourt.state.nh.us/bill_status/legacy/bs2016/bill_status.aspx?lsr=2663&sy=2024&sortoption=&txtsessionyear=2024,ocd-bill/8b875a32-dc4a-4abf-87f8-f12396966f80
f6fce994-cb28-4c29-b343-771a1edba9ef,,https://www.gencourt.state.nh.us/bill_status/legacy/bs2016/bill_status.aspx?lsr=0114&sy=2024&sortoption=&txtsessionyear=2024,ocd-bill/c7f205b0-786d-4ac3-b315-17263c6608dd
fdf55e94-3ab7-4e9d-8882-a67ca9e37a30,,https://www.gencourt.state.nh.us/bill_status/legacy/bs2016/bill_status.aspx?lsr=2008&sy=2024&sortoption=&txtsessionyear=2024,ocd-bill/1aa5ed8b-dad7-4af9-98e0-89c634452b2e
0cd58731-f3c4-4a6e-8e28-3396a1be1159,,https://www.gencourt.state.nh.us/bill_status/legacy/bs2016/bill_status.aspx?lsr=2916&sy=2024&sortoption=&txtsessionyear=2024,ocd-bill/0fb1128c-ce07-4860-92d5-2d76495f829b
77f85832-9aad-4a4a-869f-a70d1401b789,,https://www.gencourt.state.nh.us/bill_status/legacy/bs2016/bill_status.aspx?lsr=2938&sy=2024&sortoption=&txtsessionyear=2024,ocd-bill/5fbfc33b-ec1e-4af0-85ba-f08faed248db
fc3dbacb-a27c-4a6b-a66e-6b1d2ae6113a,,https://www.gencourt.state.nh.us/bill_status/legacy/bs2016/bill_status.aspx?lsr=2263&sy=2024&sortoption=&txtsessionyear=2024,ocd-bill/6f83dfed-135a-4a5c-99c9-708f12124366
f355d542-b6ef-48f4-a3c8-a5e60c22ebd7,,https://www.gencourt.state.nh.us/bill_status/legacy/bs2016/bill_status.aspx?lsr=2516&sy=2024&sortoption=&txtsessionyear=2024,ocd-bill/9f334909-6954-44d0-b021-1c3ee15d274d
ca217c40-ea7f-40fe-8091-501b748aebd8,,https://www.gencourt.state.nh.us/bill_status/legacy/bs2016/bill_status.aspx?lsr=0958&sy=2024&sortoption=&txtsessionyear=2024,ocd-bill/2c353f3d-175f-4038-b3cd-50da4f1c7b26
86fce345-44ef-451d-955d-7ddb1c6011c9,,https://www.gencourt.state.nh.us/bill_status/legacy/bs2016/bill_status.aspx?lsr=2956&sy=2024&sortoption=&txtsessionyear=2024,ocd-bill/e6c52919-c0db-47cd-9629-4f44f2d298f3
f79a31b9-58ee-449e-b833-d8109793b7b5,,https://www.gencourt.state.nh.us/bill_status/legacy/bs2016/bill_status.aspx?lsr=2349&sy=2024&sortoption=&txtsessionyear=2024,ocd-bill/721b6534-21df-4841-a53e-e9633be8edd2
2a0406f0-a9d2-4339-99bc-21aa09885a46,,https://www.gencourt.state.nh.us/bill_status/legacy/bs2016/bill_status.aspx?lsr=2130&sy=2024&sortoption=&txtsessionyear=2024,ocd-bill/63ac9c2b-2114-42cd-9df0-b3d24f22505f
1f72111a-3137-46e2-9b2b-f10191302440,,https://www.gencourt.state.nh.us/bill_status/legacy/bs2016/bill_status.aspx?lsr=2394&sy=2024&sortoption=&txtsessionyear=2024,ocd-bill/fd1f7e35-b679-4dfa-9bbb-b3142f0898f2
669b0305-e06b-469b-88a0-06e6053e0a1e,,https://www.gencourt.state.nh.us/bill_status/legacy/bs2016/bill_status.aspx?lsr=2050&sy=2024&sortoption=&txtsessionyear=2024,ocd-bill/63bbc967-703a-49fd-91e8-425fd5bdad71
43c3adb4-097c-4ec8-9c66-42c59e7c35c2,,https://www.gencourt.state.nh.us/bill_status/legacy/bs2016/bill_status.aspx?lsr=0412&sy=2024&sortoption=&txtsessionyear=2024,ocd-bill/db23d5cf-0e37-438c-8e4c-39a06a7650e6
f16ced8f-0d5a-4dad-b65a-3537be187f51,,https://www.gencourt.state.nh.us/bill_status/legacy/bs2016/bill_status.aspx?lsr=2325&sy=2024&sortoption=&txtsessionyear=2024,ocd-bill/b7a0a2ba-d5c8-4ffe-8da7-5f91c7e7213b
87f24787-8135-4e24-a70b-ca888d1f8825,,https://www.gencourt.state.nh.us/bill_status/legacy/bs2016/bill_status.aspx?lsr=2495&sy=2024&sortoption=&txtsessionyear=2024,ocd-bill/d7b48ce9-1792-4c55-8f67-7c22cee3b30f
181d18fa-1c00-4592-aa80-a0fa4ba433e3,,https://www.gencourt.state.nh.us/bill_status/legacy/bs2016/bill_status.aspx?lsr=3011&sy=2024&sortoption=&txtsessionyear=2024,ocd-bill/5d7a8134-a48b-462d-9ec8-35490c6ff3d8
a8f16f95-a887-4283-9cfb-4004e5ac7774,,https://www.gencourt.state.nh.us/bill_status/legacy/bs2016/bill_status.aspx?lsr=2825&sy=2024&sortoption=&txtsessionyear=2024,ocd-bill/25e02d7d-069b-43bc-a6fe-67c500a4ee4b
5ebf0a4b-b787-482f-937c-3440ac22c515,,https://www.gencourt.state.nh.us/bill_status/legacy/bs2016/bill_status.aspx?lsr=0303&sy=2024&sortoption=&txtsessionyear=2024,ocd-bill/6d3557cc-f64b-4501-89bd-138af0ce95fe
c688ea33-ce37-453f-907c-4866ea61ec0b,,https://www.gencourt.state.nh.us/bill_status/legacy/bs2016/bill_status.aspx?lsr=3100&sy=2024&sortoption=&txtsessionyear=2024,ocd-bill/70d77e03-da18-4e8f-bac7-ed417995fdd7
6eaae290-0886-47cd-befc-123f3b4121c1,,https://www.gencourt.state.nh.us/bill_status/legacy/bs2016/bill_status.aspx?lsr=2494&sy=2024&sortoption=&txtsessionyear=2024,ocd-bill/545de3ff-8000-467d-b90f-b02b90fdd72a
49eaea1b-a2a5-4a07-a4e9-260063757ea6,,https://www.gencourt.state.nh.us/bill_status/legacy/bs2016/bill_status.aspx?lsr=2512&sy=2024&sortoption=&txtsessionyear=2024,ocd-bill/312511ad-56dd-447a-a9a1-fee3809f1e94
38f7d49f-70cc-469a-b7f0-2584919cc3d7,,https://www.gencourt.state.nh.us/bill_status/legacy/bs2016/bill_status.aspx?lsr=2468&sy=2024&sortoption=&txtsessionyear=2024,ocd-bill/897fca91-9b07-4f73-99a9-f61f37cd0cbd
7717974d-4ca0-42d5-a33e-fcabbb2b70b5,,https://www.gencourt.state.nh.us/bill_status/legacy/bs2016/bill_status.aspx?lsr=2934&sy=2024&sortoption=&txtsessionyear=2024,ocd-bill/37030d28-cb4c-4063-a034-a648ef2f903e
f6ef9665-cdce-492f-bc40-e3bfcabb1ed6,,https://www.gencourt.state.nh.us/bill_status/legacy/bs2016/bill_status.aspx?lsr=2908&sy=2024&sortoption=&txtsessionyear=2024,ocd-bill/7fd2a75c-45db-4f37-b91c-7d1b3e10d96b
9edd230e-dd05-4af1-aff8-f38f62fb4dae,,https://www.gencourt.state.nh.us/bill_status/legacy/bs2016/bill_status.aspx?lsr=2409&sy=2024&sortoption=&txtsessionyear=2024,ocd-bill/f6416ea0-2163-4cce-84d0-b262e9bfa5fc
cb2dec91-ecb3-437e-827e-c2608163945b,,https://www.gencourt.state.nh.us/bill_status/legacy/bs2016/bill_status.aspx?lsr=2647&sy=2024&sortoption=&txtsessionyear=2024,ocd-bill/def148f1-89ba-4bc4-b4b8-469d6f8f8758
f4a8b54e-c5fe-4fcd-84e1-82e87e61ecdf,,https://www.gencourt.state.nh.us/bill_status/legacy/bs2016/bill_status.aspx?lsr=2548&sy=2024&sortoption=&txtsessionyear=2024,ocd-bill/34c2b0f4-4c15-4049-887b-3d578856fd85
c0fa622f-b96a-4fb3-ac05-c98052dab517,,https://www.gencourt.state.nh.us/bill_status/legacy/bs2016/bill_status.aspx?lsr=2640&sy=2024&sortoption=&txtsessionyear=2024,ocd-bill/a2485094-de9e-4578-a96a-0c4a42eae7c6
71dad8b7-d29f-44eb-aaa5-a36fe308de75,,https://www.gencourt.state.nh.us/bill_status/legacy/bs2016/bill_status.aspx?lsr=3007&sy=2024&sortoption=&txtsessionyear=2024,ocd-bill/6d1ac492-652f-4bcf-85a4-d195ae367740
930c7e95-9056-41ff-acbb-0b5a1fbd912b,,https://www.gencourt.state.nh.us/bill_status/legacy/bs2016/bill_status.aspx?lsr=2554&sy=2024&sortoption=&txtsessionyear=2024,ocd-bill/d6320f86-15fa-4d7f-9d1a-6dc2889071b7
00f5a457-8224-41e7-8d57-90e3410102f4,,https://www.gencourt.state.nh.us/bill_status/legacy/bs2016/bill_status.aspx?lsr=2424&sy=2024&sortoption=&txtsessionyear=2024,ocd-bill/0fc4d45f-85ef-4d0c-9311-2d75177ab99a
0fa1a602-9e06-4b22-9250-9643ab5157ae,,https://www.gencourt.state.nh.us/bill_status/legacy/bs2016/bill_status.aspx?lsr=0382&sy=2024&sortoption=&txtsessionyear=2024,ocd-bill/9c9342c9-16fe-41ef-ad55-1fa79417807f
090c48af-e245-4fb3-8189-8773895276e8,,https://www.gencourt.state.nh.us/bill_status/legacy/bs2016/bill_status.aspx?lsr=3029&sy=2024&sortoption=&txtsessionyear=2024,ocd-bill/06c136e0-3d78-4510-9d39-37a567df18f7
aa831a39-f34f-46c3-a8d4-477fb27145b0,,https://www.gencourt.state.nh.us/bill_status/legacy/bs2016/bill_status.aspx?lsr=0142&sy=2024&sortoption=&txtsessionyear=2024,ocd-bill/61ea4849-2366-4cae-a63a-eb7d72ed0cf7
9ce2cbee-99b6-4716-808b-b0e9ff9a359e,,https://www.gencourt.state.nh.us/bill_status/legacy/bs2016/bill_status.aspx?lsr=0575&sy=2024&sortoption=&txtsessionyear=2024,ocd-bill/f58198bc-082e-4c7d-bb40-9832f724a270
885f2ce2-5307-4a44-a88d-5f71a7fdc918,,https://www.gencourt.state.nh.us/bill_status/legacy/bs2016/bill_status.aspx?lsr=3005&sy=2024&sortoption=&txtsessionyear=2024,ocd-bill/b3643945-acad-4154-86e2-a840da9e7d22
bb024223-ee32-48b6-ab20-f7c5e4ebf96b,,https://www.gencourt.state.nh.us/bill_status/legacy/bs2016/bill_status.aspx?lsr=2324&sy=2024&sortoption=&txtsessionyear=2024,ocd-bill/45b9e940-52e9-47a4-8bfc-fffb500008c4
86dd10bf-3580-4188-9f62-d75a5d471d13,,https://www.gencourt.state.nh.us/bill_status/legacy/bs2016/bill_status.aspx?lsr=0559&sy=2024&sortoption=&txtsessionyear=2024,ocd-bill/93abd60f-93f0-418d-bb79-f4cc6aad6ec8
bed8a1fc-f232-4663-9e1e-bdd719efd18e,,https://www.gencourt.state.nh.us/bill_status/legacy/bs2016/bill_status.aspx?lsr=2671&sy=2024&sortoption=&txtsessionyear=2024,ocd-bill/b3c86190-0138-4555-b00f-d45a5f8051ca
0d771e1c-6cfe-4e57-a88d-c62a508777e3,,https://www.gencourt.state.nh.us/bill_status/legacy/bs2016/bill_status.aspx?lsr=2905&sy=2024&sortoption=&txtsessionyear=2024,ocd-bill/118b3b96-1e86-4770-9512-f3127b5c6613
5950470b-0d85-43dd-bfeb-75aec6867161,,https://www.gencourt.state.nh.us/bill_status/legacy/bs2016/bill_status.aspx?lsr=2898&sy=2024&sortoption=&txtsessionyear=2024,ocd-bill/ae4a9172-c370-4a34-8323-87b15ff72cf8
87e0689f-27c1-42a1-961e-47f8bd8f042f,,https://www.gencourt.state.nh.us/bill_status/legacy/bs2016/bill_status.aspx?lsr=2992&sy=2024&sortoption=&txtsessionyear=2024,ocd-bill/d71ae710-fcc0-4754-bef6-d7b59ed00f4d
70167133-a918-40b4-a87f-bb7d85c5903b,,https://www.gencourt.state.nh.us/bill_status/legacy/bs2016/bill_status.aspx?lsr=2360&sy=2024&sortoption=&txtsessionyear=2024,ocd-bill/897bd820-81b9-4939-a41b-f04159a3f5ef
5fcd461f-1053-4a11-ad99-018efc5f7f9a,,https://www.gencourt.state.nh.us/bill_status/legacy/bs2016/bill_status.aspx?lsr=3080&sy=2024&sortoption=&txtsessionyear=2024,ocd-bill/d8acd3f8-8e1f-4376-8ad9-a8cdaadfeb0b
e9d57956-8a3b-402c-b32e-73974955c773,,https://www.gencourt.state.nh.us/bill_status/legacy/bs2016/bill_status.aspx?lsr=2997&sy=2024&sortoption=&txtsessionyear=2024,ocd-bill/6d39abce-c844-4000-beee-da8b1e2ced98
34f5f491-2b3a-4eee-aa6d-7bc197117e71,,https://www.gencourt.state.nh.us/bill_status/legacy/bs2016/bill_status.aspx?lsr=2460&sy=2024&sortoption=&txtsessionyear=2024,ocd-bill/d49427a8-3d6a-4f1f-8be1-7160a5957ebe
a6d2891b-91de-4e53-8d84-2806b839f271,,https://www.gencourt.state.nh.us/bill_status/legacy/bs2016/bill_status.aspx?lsr=3003&sy=2024&sortoption=&txtsessionyear=2024,ocd-bill/d23f3562-655c-43ba-b6bc-07d191cc0aa6
f7f42341-55d9-418d-9fe6-0e76d449c859,,https://www.gencourt.state.nh.us/bill_status/legacy/bs2016/bill_status.aspx?lsr=2492&sy=2024&sortoption=&txtsessionyear=2024,ocd-bill/cb65b204-d37a-4949-8b35-1571383ac47c
249ce68d-0300-4037-9497-d53c3ae864eb,,https://www.gencourt.state.nh.us/bill_status/legacy/bs2016/bill_status.aspx?lsr=0709&sy=2024&sortoption=&txtsessionyear=2024,ocd-bill/b7bee6f4-82ee-4a2b-9663-31a9676c170e
63ae4436-8dad-4be8-8b26-931e8326ce50,,https://www.gencourt.state.nh.us/bill_status/legacy/bs2016/bill_status.aspx?lsr=2815&sy=2024&sortoption=&txtsessionyear=2024,ocd-bill/a9ab7a1a-ccb1-4e36-8c06-87afd26d5d6f
6cc746bf-ceef-48df-85a1-4c80b109093a,,https://www.gencourt.state.nh.us/bill_status/legacy/bs2016/bill_status.aspx?lsr=0299&sy=2024&sortoption=&txtsessionyear=2024,ocd-bill/dd3b012e-897b-4b76-9482-35f085cc1666
06b97334-6a77-438c-a4f3-063d2fb72e76,,https://www.gencourt.state.nh.us/bill_status/legacy/bs2016/bill_status.aspx?lsr=2440&sy=2024&sortoption=&txtsessionyear=2024,ocd-bill/9de470e8-3a2d-4f96-80e9-27135e4b3fac
ab23694c-63a7-4d88-80c2-6b0dd42dbfbc,,https://www.gencourt.state.nh.us/bill_status/legacy/bs2016/bill_status.aspx?lsr=2331&sy=2024&sortoption=&txtsessionyear=2024,ocd-bill/bbd492ac-61b8-4bb7-9099-8f57de26286b
dc5a036b-ce4c-4570-9a03-a447f40e4690,,https://www.gencourt.state.nh.us/bill_status/legacy/bs2016/bill_status.aspx?lsr=0682&sy=2024&sortoption=&txtsessionyear=2024,ocd-bill/cef67f62-7f89-4aa8-ab0a-3a6cc0c0a4f2
fceb9d9c-a156-4410-8fb6-26946e1985d9,,https://www.gencourt.state.nh.us/bill_status/legacy/bs2016/bill_status.aspx?lsr=2090&sy=2024&sortoption=&txtsessionyear=2024,ocd-bill/fe6dc418-2725-4279-b226-5200f45bf021
e4d4906d-623f-4900-b010-8aba80f0fc7e,,https://www.gencourt.state.nh.us/bill_status/legacy/bs2016/bill_status.aspx?lsr=2127&sy=2024&sortoption=&txtsessionyear=2024,ocd-bill/194de3ad-8aea-4708-ac19-3d7714f14546
5509db3a-a6f7-4d76-b9b5-124db64a11c6,,https://www.gencourt.state.nh.us/bill_status/legacy/bs2016/bill_status.aspx?lsr=2428&sy=2024&sortoption=&txtsessionyear=2024,ocd-bill/05c6e3a9-777b-4c42-b052-fe3ca54723ec
127c27c2-5b9b-4f07-a540-20654c66f4fe,,https://www.gencourt.state.nh.us/bill_status/legacy/bs2016/bill_status.aspx?lsr=2219&sy=2024&sortoption=&txtsessionyear=2024,ocd-bill/afd89a12-63da-4aff-9822-914aa53c4829
ebc4a336-0a2e-4db5-9c47-efc6eb3ab153,,https://www.gencourt.state.nh.us/bill_status/legacy/bs2016/bill_status.aspx?lsr=3134&sy=2024&sortoption=&txtsessionyear=2024,ocd-bill/170e618d-fc3b-405a-a68e-317382d4d1a8
daceceab-533e-4c83-af5a-2c1510481a3a,,https://www.gencourt.state.nh.us/bill_status/legacy/bs2016/bill_status.aspx?lsr=2570&sy=2024&sortoption=&txtsessionyear=2024,ocd-bill/61620fd3-e5d0-4102-9412-afc38a4976dd
f42f9fc3-5de5-4a06-8cc6-d0e60132e378,,https://www.gencourt.state.nh.us/bill_status/legacy/bs2016/bill_status.aspx?lsr=2623&sy=2024&sortoption=&txtsessionyear=2024,ocd-bill/12f0cd44-fb79-4ece-9817-feb959abf23e
d613d61d-aa31-439c-be9b-4c027d06e54c,,https://www.gencourt.state.nh.us/bill_status/legacy/bs2016/bill_status.aspx?lsr=2881&sy=2024&sortoption=&txtsessionyear=2024,ocd-bill/0697686a-637a-40c7-b713-ee3589771008
7983a617-1c8b-4c2a-9443-79ace6d9c488,,https://www.gencourt.state.nh.us/bill_status/legacy/bs2016/bill_status.aspx?lsr=2207&sy=2024&sortoption=&txtsessionyear=2024,ocd-bill/6257338a-e972-41ca-b39e-67120d73600a
5018b9de-e55e-430e-acb8-c775edeacfbd,,https://www.gencourt.state.nh.us/bill_status/legacy/bs2016/bill_status.aspx?lsr=2668&sy=2024&sortoption=&txtsessionyear=2024,ocd-bill/ea07aeb4-7972-4004-a9a0-279739f3971a
c93a2ee5-3117-4866-ba81-dfbad3857b97,,https://www.gencourt.state.nh.us/bill_status/legacy/bs2016/bill_status.aspx?lsr=2216&sy=2024&sortoption=&txtsessionyear=2024,ocd-bill/dd59775d-a476-427d-861f-97945da7fd7c
225f2638-f76d-4bf6-886e-557eeecaf928,,https://www.gencourt.state.nh.us/bill_status/legacy/bs2016/bill_status.aspx?lsr=2398&sy=2024&sortoption=&txtsessionyear=2024,ocd-bill/7d246c7b-33e8-46a4-9263-19683f7dcbbb
fa00e8f7-8bef-4778-9d41-d69fe4a3b810,,https://www.gencourt.state.nh.us/bill_status/legacy/bs2016/bill_status.aspx?lsr=2836&sy=2024&sortoption=&txtsessionyear=2024,ocd-bill/23c3b1ba-677d-46c3-b819-5acd6171d1ac
39e4e69b-e75b-4e22-b834-cc2eba3adcb4,,https://www.gencourt.state.nh.us/bill_status/legacy/bs2016/bill_status.aspx?lsr=2302&sy=2024&sortoption=&txtsessionyear=2024,ocd-bill/9623f5cc-05a9-47b5-983f-215de43b9f2e
daaa1dc4-3ad4-42b8-9dc0-0166f42ab21f,,https://www.gencourt.state.nh.us/bill_status/legacy/bs2016/bill_status.aspx?lsr=2804&sy=2024&sortoption=&txtsessionyear=2024,ocd-bill/ad7f8bee-0048-4303-a6a5-3bdd60ade1bc
3e2fd71a-ff05-4833-81f5-745fd7fba938,,https://www.gencourt.state.nh.us/bill_status/legacy/bs2016/bill_status.aspx?lsr=2645&sy=2024&sortoption=&txtsessionyear=2024,ocd-bill/d470624a-603b-47f3-8a5b-4ba267ef6769
688445ce-967f-43dc-a6df-e965a1871dcc,,https://www.gencourt.state.nh.us/bill_status/legacy/bs2016/bill_status.aspx?lsr=2517&sy=2024&sortoption=&txtsessionyear=2024,ocd-bill/fc2b3dd4-a3e5-4caf-8b3e-5dd78be4d2b5
1aba00f6-f781-4755-b055-1c2193d01ce2,,https://www.gencourt.state.nh.us/bill_status/legacy/bs2016/bill_status.aspx?lsr=2021&sy=2024&sortoption=&txtsessionyear=2024,ocd-bill/a8acc68a-843f-492b-b284-2ba7dfc531d6
210a7243-7121-4540-8f86-3f8b31700e6d,,https://www.gencourt.state.nh.us/bill_status/legacy/bs2016/bill_status.aspx?lsr=0722&sy=2024&sortoption=&txtsessionyear=2024,ocd-bill/ef2626b3-96e5-4f4e-bc71-e9fdd6e5bd0d
00315ee9-7a62-4a7e-a922-1972a68b7b6a,,https://www.gencourt.state.nh.us/bill_status/legacy/bs2016/bill_status.aspx?lsr=2658&sy=2024&sortoption=&txtsessionyear=2024,ocd-bill/ca58cd54-c39e-42f8-b487-e978078b99e6
d5929b53-e9bb-493f-b047-330e31b5ae96,,https://www.gencourt.state.nh.us/bill_status/legacy/bs2016/bill_status.aspx?lsr=2949&sy=2024&sortoption=&txtsessionyear=2024,ocd-bill/6b8ddfb2-9f9d-4db5-9ea6-fcaaf834517b
39ba3315-daf7-4bb7-aaad-401420e10376,,https://www.gencourt.state.nh.us/bill_status/legacy/bs2016/bill_status.aspx?lsr=2499&sy=2024&sortoption=&txtsessionyear=2024,ocd-bill/d6f81adc-8d67-4a38-867d-09ff1e50f94d
f4710757-df3d-49f1-a2ef-c0e4a9594ac0,,https://www.gencourt.state.nh.us/bill_status/legacy/bs2016/bill_status.aspx?lsr=3128&sy=2024&sortoption=&txtsessionyear=2024,ocd-bill/4c43e4cc-1bd3-4086-83d9-29dcf0fa19c3
42ce819b-1916-46e6-bb3d-0c0fc45c4ccd,,https://www.gencourt.state.nh.us/bill_status/legacy/bs2016/bill_status.aspx?lsr=2389&sy=2024&sortoption=&txtsessionyear=2024,ocd-bill/ac65c684-d096-4233-b740-ee8910a520d6
d6dcdd7d-5fef-4410-8250-a69705197f25,,https://www.gencourt.state.nh.us/bill_status/legacy/bs2016/bill_status.aspx?lsr=3143&sy=2024&sortoption=&txtsessionyear=2024,ocd-bill/56e9b361-4e61-4f55-b986-c54d4f0ee449
ab8684d8-ec67-40e2-acc6-36a2eb81c5a0,,https://www.gencourt.state.nh.us/bill_status/legacy/bs2016/bill_status.aspx?lsr=2329&sy=2024&sortoption=&txtsessionyear=2024,ocd-bill/6089ee4a-1ddf-4a51-a26b-a188b2939f10
96ee45c1-496e-4d39-8b4f-07465e82f9ff,,https://www.gencourt.state.nh.us/bill_status/legacy/bs2016/bill_status.aspx?lsr=0809&sy=2024&sortoption=&txtsessionyear=2024,ocd-bill/2955e2f0-ede4-4002-934a-49c89d0620a6
d8a682a4-d833-486f-8060-f0e530249eb7,,https://www.gencourt.state.nh.us/bill_status/legacy/bs2016/bill_status.aspx?lsr=2848&sy=2024&sortoption=&txtsessionyear=2024,ocd-bill/9d629937-2a70-4cab-86b4-f90a5818ac98
edaa5f32-f326-4839-86a2-7bae843be739,,https://www.gencourt.state.nh.us/bill_status/legacy/bs2016/bill_status.aspx?lsr=2981&sy=2024&sortoption=&txtsessionyear=2024,ocd-bill/0b54e0f3-5595-4aa6-afe6-12589c9598cf
d110e02d-8ce5-4738-b745-11c52ed07604,,https://www.gencourt.state.nh.us/bill_status/legacy/bs2016/bill_status.aspx?lsr=0802&sy=2024&sortoption=&txtsessionyear=2024,ocd-bill/5782b283-4e8c-4a1e-b573-368b2d091114
1681ce8c-23fe-4555-871c-a67e465267cd,,https://www.gencourt.state.nh.us/bill_status/legacy/bs2016/bill_status.aspx?lsr=2014&sy=2024&sortoption=&txtsessionyear=2024,ocd-bill/3a0db2f9-7da3-4be4-9051-83fc5c611083
92a45152-dd00-40b3-afa3-a50373691b29,,https://www.gencourt.state.nh.us/bill_status/legacy/bs2016/bill_status.aspx?lsr=2272&sy=2024&sortoption=&txtsessionyear=2024,ocd-bill/8f0f49bc-3e5f-4e69-a754-6d6360e7f449
231dac69-4724-433d-9807-af268101362a,,https://www.gencourt.state.nh.us/bill_status/legacy/bs2016/bill_status.aspx?lsr=2363&sy=2024&sortoption=&txtsessionyear=2024,ocd-bill/3818b039-f668-47ed-92ba-4817e80728be
02f79fe2-11fa-4588-9805-c3ca7f25b7cb,,https://www.gencourt.state.nh.us/bill_status/legacy/bs2016/bill_status.aspx?lsr=2354&sy=2024&sortoption=&txtsessionyear=2024,ocd-bill/9b484460-13a9-4e10-bed9-ce63ec718bc6
4a136009-ebd0-4810-9979-35fbc119c8c5,,https://www.gencourt.state.nh.us/bill_status/legacy/bs2016/bill_status.aspx?lsr=0581&sy=2024&sortoption=&txtsessionyear=2024,ocd-bill/9999346b-78d6-462b-82f3-390fa96c1444
cfbc1501-f10e-4bf3-8106-895c20f8b7b6,,https://www.gencourt.state.nh.us/bill_status/legacy/bs2016/bill_status.aspx?lsr=0285&sy=2024&sortoption=&txtsessionyear=2024,ocd-bill/fe1cf98b-7f57-4abb-a69a-3b1cc145a2d1
bde53d6b-d99b-43cd-b99e-ac6b7ebfe577,,https://www.gencourt.state.nh.us/bill_status/legacy/bs2016/bill_status.aspx?lsr=2775&sy=2024&sortoption=&txtsessionyear=2024,ocd-bill/e40c20c7-72db-47ce-a86f-2804edcb5d7d
bff9fce4-c895-4fa7-b5f8-ba62730fd8fa,,https://www.gencourt.state.nh.us/bill_status/legacy/bs2016/bill_status.aspx?lsr=2892&sy=2024&sortoption=&txtsessionyear=2024,ocd-bill/8aaa01cf-d36b-449a-a6fe-3ce6e569aac1
7fc984ec-742e-4fe7-b552-2fa39e292195,,https://www.gencourt.state.nh.us/bill_status/legacy/bs2016/bill_status.aspx?lsr=2184&sy=2024&sortoption=&txtsessionyear=2024,ocd-bill/9adad471-e1e0-4cad-8aab-05c893810997
fe4894e1-ca3a-4c4b-985b-470d0d974375,,https://www.gencourt.state.nh.us/bill_status/legacy/bs2016/bill_status.aspx?lsr=2790&sy=2024&sortoption=&txtsessionyear=2024,ocd-bill/47747bc2-24cb-4e40-956e-d2d9496a0a8b
32d2b730-994c-4bb8-9507-acb32979bf60,,https://www.gencourt.state.nh.us/bill_status/legacy/bs2016/bill_status.aspx?lsr=2683&sy=2024&sortoption=&txtsessionyear=2024,ocd-bill/efa3942d-3d5e-4858-a5d8-6c8323791e05
5f943ee7-64f8-4be7-9591-a86df60fbc84,,https://www.gencourt.state.nh.us/bill_status/legacy/bs2016/bill_status.aspx?lsr=2421&sy=2024&sortoption=&txtsessionyear=2024,ocd-bill/d1d99061-0201-4218-92d6-4981bc1d7433
5e755589-c112-4943-a690-b1a01a42cddb,,https://www.gencourt.state.nh.us/bill_status/legacy/bs2016/bill_status.aspx?lsr=2575&sy=2024&sortoption=&txtsessionyear=2024,ocd-bill/94719369-3a99-4d64-b002-fc2529801690
6e54e2bb-fd87-47d7-bff4-4e0c7dd4346c,,https://www.gencourt.state.nh.us/bill_status/legacy/bs2016/bill_status.aspx?lsr=0480&sy=2024&sortoption=&txtsessionyear=2024,ocd-bill/80e96aa8-6a35-4de2-9fac-6a52701fb82e
c68ea207-afb9-477c-bb48-2b5b85f39d8e,,https://www.gencourt.state.nh.us/bill_status/legacy/bs2016/bill_status.aspx?lsr=2052&sy=2024&sortoption=&txtsessionyear=2024,ocd-bill/4b4e439c-92f0-4cdf-b51b-ca93d03e6f64
eb07cf76-37db-41fe-89ac-265748eab565,,https://www.gencourt.state.nh.us/bill_status/legacy/bs2016/bill_status.aspx?lsr=2344&sy=2024&sortoption=&txtsessionyear=2024,ocd-bill/723be922-2d03-46bf-aee5-d2d69b2a853d
bfe57fba-45ae-41df-b3a9-a74315b3af99,,https://www.gencourt.state.nh.us/bill_status/legacy/bs2016/bill_status.aspx?lsr=2895&sy=2024&sortoption=&txtsessionyear=2024,ocd-bill/057bd5a6-da76-402c-ac31-ca97685a9c81
6a3c2b2d-9b74-4e51-9ee2-9d46b0c9db8f,,https://www.gencourt.state.nh.us/bill_status/legacy/bs2016/bill_status.aspx?lsr=3110&sy=2024&sortoption=&txtsessionyear=2024,ocd-bill/221023dd-ed25-4172-8e47-79ef8f6d1970
ec0ac92e-d1d7-4acc-a14c-dc06e1cd6ecd,,https://www.gencourt.state.nh.us/bill_status/legacy/bs2016/bill_status.aspx?lsr=3075&sy=2024&sortoption=&txtsessionyear=2024,ocd-bill/6e21d9b5-e4e8-4603-88f1-5744b2a3f141
7cc7a7bf-5e0e-43e8-8b71-bb84d7b1440a,,https://www.gencourt.state.nh.us/bill_status/legacy/bs2016/bill_status.aspx?lsr=2855&sy=2024&sortoption=&txtsessionyear=2024,ocd-bill/81377728-2936-4730-be7e-aa37c0f2f56e
ca65ffa4-ce05-4b66-b17c-8ea39be0f21b,,https://www.gencourt.state.nh.us/bill_status/legacy/bs2016/bill_status.aspx?lsr=2068&sy=2024&sortoption=&txtsessionyear=2024,ocd-bill/495cdf02-fc77-4f93-8aeb-b4a44cd6b8cb
795e2a5c-f0ff-41f1-bdd8-538f9c08c38d,,https://www.gencourt.state.nh.us/bill_status/legacy/bs2016/bill_status.aspx?lsr=2314&sy=2024&sortoption=&txtsessionyear=2024,ocd-bill/9baa3e3d-e666-4a0d-ab36-1445070cb6d3
4aa57443-ef84-4e44-9adf-f9ba6106323c,,https://www.gencourt.state.nh.us/bill_status/legacy/bs2016/bill_status.aspx?lsr=0031&sy=2024&sortoption=&txtsessionyear=2024,ocd-bill/1101e674-7856-4094-b391-bb39e984518a
029de54a-03e8-4246-91a4-5c6f25194acc,,https://www.gencourt.state.nh.us/bill_status/legacy/bs2016/bill_status.aspx?lsr=3150&sy=2024&sortoption=&txtsessionyear=2024,ocd-bill/5f799e5c-249f-4a8a-8fcc-bb6428e0e70b
8951ad23-27c6-496a-a6e5-fa1c41dc3dc9,,https://www.gencourt.state.nh.us/bill_status/legacy/bs2016/bill_status.aspx?lsr=0539&sy=2024&sortoption=&txtsessionyear=2024,ocd-bill/f2d74ffa-2700-4c20-949b-d3a8bc1375f8
e0af1d34-9c22-4059-82e4-9bc17c1525de,,https://www.gencourt.state.nh.us/bill_status/legacy/bs2016/bill_status.aspx?lsr=2265&sy=2024&sortoption=&txtsessionyear=2024,ocd-bill/e4d15cd9-2dc9-47a6-a876-4e92b4117567
14d259f1-30b8-44cf-b1ae-94f1d2bf9c98,,https://www.gencourt.state.nh.us/bill_status/legacy/bs2016/bill_status.aspx?lsr=2220&sy=2024&sortoption=&txtsessionyear=2024,ocd-bill/91f08876-02bd-4ea6-8621-edae865fccea
89c48fd3-5da3-41e6-afb9-5f342c49db6c,,https://www.gencourt.state.nh.us/bill_status/legacy/bs2016/bill_status.aspx?lsr=0555&sy=2024&sortoption=&txtsessionyear=2024,ocd-bill/57b2bf97-8f18-4e32-a65d-0eface3b0f53
009bf34f-246d-439d-bb0d-d1df36eae751,,https://www.gencourt.state.nh.us/bill_status/legacy/bs2016/bill_status.aspx?lsr=2583&sy=2024&sortoption=&txtsessionyear=2024,ocd-bill/07c79d05-51aa-4e0f-a6e2-ccf70761664a
fcdd87dc-de6a-4bff-81f4-e9da992fc9e3,,https://www.gencourt.state.nh.us/bill_status/legacy/bs2016/bill_status.aspx?lsr=2466&sy=2024&sortoption=&txtsessionyear=2024,ocd-bill/fd9c4702-d249-4162-9143-cb7ac7facd32
e964ac7e-1eb3-4860-91a9-e4fa96f2f166,,https://www.gencourt.state.nh.us/bill_status/legacy/bs2016/bill_status.aspx?lsr=2236&sy=2024&sortoption=&txtsessionyear=2024,ocd-bill/fe5d1277-b63d-44d7-a924-b31817d3ef4e
01c5a8c1-351f-4269-af7d-60d949c9e288,,https://www.gencourt.state.nh.us/bill_status/legacy/bs2016/bill_status.aspx?lsr=0015&sy=2024&sortoption=&txtsessionyear=2024,ocd-bill/9e693142-dac0-42eb-a6f8-dd172612d250
a080f2f3-ec65-4bd0-bdbc-6138661b22ae,,https://www.gencourt.state.nh.us/bill_status/legacy/bs2016/bill_status.aspx?lsr=2753&sy=2024&sortoption=&txtsessionyear=2024,ocd-bill/16f27585-f9e1-4902-a19a-90d110074c19
6150ba08-bd7c-49d5-b9ba-9e6c1cffa7c3,,https://www.gencourt.state.nh.us/bill_status/legacy/bs2016/bill_status.aspx?lsr=2749&sy=2024&sortoption=&txtsessionyear=2024,ocd-bill/b1b9bba3-77da-4022-960a-91a03b396627
d4f34fdd-d3c3-48bf-9986-73e058bf722c,,https://www.gencourt.state.nh.us/bill_status/legacy/bs2016/bill_status.aspx?lsr=0625&sy=2024&sortoption=&txtsessionyear=2024,ocd-bill/6ecfc0ff-727f-47f0-b0d8-4d33bf6c011f
b945e63d-19d3-415d-b3d2-21a7271d1aea,,https://www.gencourt.state.nh.us/bill_status/legacy/bs2016/bill_status.aspx?lsr=2733&sy=2024&sortoption=&txtsessionyear=2024,ocd-bill/91787cb4-9b2f-4fff-9a14-5c308618fa23
54e1f13e-3aaf-4827-b7da-798a0efe10a5,,https://www.gencourt.state.nh.us/bill_status/legacy/bs2016/bill_status.aspx?lsr=2476&sy=2024&sortoption=&txtsessionyear=2024,ocd-bill/9abd4492-c73c-4ce9-82ba-837c8ec91063
13966188-a761-48ac-b47b-3649e0561880,,https://www.gencourt.state.nh.us/bill_status/legacy/bs2016/bill_status.aspx?lsr=2097&sy=2024&sortoption=&txtsessionyear=2024,ocd-bill/2393e2cc-405d-4d72-8439-7435b464ab00
e6acb2b3-0eaa-48b1-8051-8da6f0ac895c,,https://www.gencourt.state.nh.us/bill_status/legacy/bs2016/bill_status.aspx?lsr=2455&sy=2024&sortoption=&txtsessionyear=2024,ocd-bill/09f1c3b0-359b-4422-ae0e-0747d82fb7e1
133cafb3-218f-4d18-9c23-fd5272734d28,,https://www.gencourt.state.nh.us/bill_status/legacy/bs2016/bill_status.aspx?lsr=2811&sy=2024&sortoption=&txtsessionyear=2024,ocd-bill/74f096ed-4b8a-453e-90f2-b2f80b07f03b
1f5b7414-1321-4f6f-ac11-35816a68da2b,,https://www.gencourt.state.nh.us/bill_status/legacy/bs2016/bill_status.aspx?lsr=2154&sy=2024&sortoption=&txtsessionyear=2024,ocd-bill/56cffd48-aaa5-4922-aed5-4a617354f970
58fdae03-9fa5-43d4-a0a0-2605d0d2fdb3,,https://www.gencourt.state.nh.us/bill_status/legacy/bs2016/bill_status.aspx?lsr=0456&sy=2024&sortoption=&txtsessionyear=2024,ocd-bill/87fd6be7-874b-4c5f-9f6c-457ac024e124
8d804bbf-c342-4c1d-a110-e74262bb045b,,https://www.gencourt.state.nh.us/bill_status/legacy/bs2016/bill_status.aspx?lsr=2166&sy=2024&sortoption=&txtsessionyear=2024,ocd-bill/20efb67e-34db-4465-889e-3d49849fb58a
9f887e1d-3d85-4794-ba18-4b77c5b8dc8a,,https://www.gencourt.state.nh.us/bill_status/legacy/bs2016/bill_status.aspx?lsr=2638&sy=2024&sortoption=&txtsessionyear=2024,ocd-bill/f55ab7b4-9721-492d-ab39-b3f2bcb2e5c5
5bbda56a-3413-4826-809a-7fed0b915fc7,,https://www.gencourt.state.nh.us/bill_status/legacy/bs2016/bill_status.aspx?lsr=0677&sy=2024&sortoption=&txtsessionyear=2024,ocd-bill/c5bdfd4f-2c81-42d1-acce-de57650681fb
ad51953a-533d-4c0a-84b6-80164e5b35ff,,https://www.gencourt.state.nh.us/bill_status/legacy/bs2016/bill_status.aspx?lsr=3133&sy=2024&sortoption=&txtsessionyear=2024,ocd-bill/1007ad37-c528-46ca-bbc6-70b8cc226a7b
0f593601-edcd-4f31-bf66-9cc4534b60ea,,https://www.gencourt.state.nh.us/bill_status/legacy/bs2016/bill_status.aspx?lsr=2762&sy=2024&sortoption=&txtsessionyear=2024,ocd-bill/bba88eed-d3c6-411e-8cc8-e4def9bc7dca
26a26f6b-f9a0-4953-9c79-cfa48f0ebb47,,https://www.gencourt.state.nh.us/bill_status/legacy/bs2016/bill_status.aspx?lsr=0169&sy=2024&sortoption=&txtsessionyear=2024,ocd-bill/0f7eb860-0df5-4b47-8c0f-eeb571f91fca
49cc0c59-e12b-4b16-9e2c-b08becc33be0,,https://www.gencourt.state.nh.us/bill_status/legacy/bs2016/bill_status.aspx?lsr=2912&sy=2024&sortoption=&txtsessionyear=2024,ocd-bill/bfe3008d-f728-47bc-8829-5e453ee76e0a
12bff4db-9f93-42e0-bfa8-29b28cc75bbb,,https://www.gencourt.state.nh.us/bill_status/legacy/bs2016/bill_status.aspx?lsr=2125&sy=2024&sortoption=&txtsessionyear=2024,ocd-bill/c4e2f098-0c47-4a2c-9afd-723be352e21d
41c4d799-4316-43bc-ab39-cee03a7b6b9b,,https://www.gencourt.state.nh.us/bill_status/legacy/bs2016/bill_status.aspx?lsr=2882&sy=2024&sortoption=&txtsessionyear=2024,ocd-bill/4dde15ef-fe05-4f3e-859f-01fa21f67b64
332fb64d-2a19-400b-93ba-9414bbc8c13e,,https://www.gencourt.state.nh.us/bill_status/legacy/bs2016/bill_status.aspx?lsr=2038&sy=2024&sortoption=&txtsessionyear=2024,ocd-bill/7633bdf7-83e9-445a-a7f9-a71b31725678
333e942f-e402-4079-b87a-8a391d3e1196,,https://www.gencourt.state.nh.us/bill_status/legacy/bs2016/bill_status.aspx?lsr=2843&sy=2024&sortoption=&txtsessionyear=2024,ocd-bill/1528a4d2-042b-41f8-8c9e-1515ad794b50
fd013c73-c0eb-4b1e-9b9f-bd7af8b85fd1,,https://www.gencourt.state.nh.us/bill_status/legacy/bs2016/bill_status.aspx?lsr=3069&sy=2024&sortoption=&txtsessionyear=2024,ocd-bill/6aa1805a-dee2-4887-a2b1-756c32fb6e85
7e3a344a-e999-434f-ae48-9c9c9dca634d,,https://www.gencourt.state.nh.us/bill_status/legacy/bs2016/bill_status.aspx?lsr=2728&sy=2024&sortoption=&txtsessionyear=2024,ocd-bill/b87cbde7-053d-427c-9204-32a3fb4a7821
b4f2e275-95ca-4374-b616-1856266cb57e,,https://www.gencourt.state.nh.us/bill_status/legacy/bs2016/bill_status.aspx?lsr=2589&sy=2024&sortoption=&txtsessionyear=2024,ocd-bill/34239904-dee3-4161-ae9d-65b683918094
9890dbdf-81dc-410b-b3a3-a2f401afc40d,,https://www.gencourt.state.nh.us/bill_status/legacy/bs2016/bill_status.aspx?lsr=3124&sy=2024&sortoption=&txtsessionyear=2024,ocd-bill/5db9c643-d84c-4e97-8457-5027cca33b58
fd576813-7aa9-43b1-9757-9531ce7d397c,,https://www.gencourt.state.nh.us/bill_status/legacy/bs2016/bill_status.aspx?lsr=2946&sy=2024&sortoption=&txtsessionyear=2024,ocd-bill/f4288b52-a440-4d9a-8a18-eaa17e30e7de
0ff9bab0-a894-4be6-ac8e-8fd5387bfb55,,https://www.gencourt.state.nh.us/bill_status/legacy/bs2016/bill_status.aspx?lsr=2779&sy=2024&sortoption=&txtsessionyear=2024,ocd-bill/cb6a9cf5-27bb-424b-9509-9631ca06d4bf
23d4dc98-a0f7-444f-98c5-d5f1cc3aa8c0,,https://www.gencourt.state.nh.us/bill_status/legacy/bs2016/bill_status.aspx?lsr=0247&sy=2024&sortoption=&txtsessionyear=2024,ocd-bill/fea2cedb-deb7-4ce9-baf0-f5a91c947128
f4b70604-460f-4f5c-a45f-377539734ae6,,https://www.gencourt.state.nh.us/bill_status/legacy/bs2016/bill_status.aspx?lsr=2012&sy=2024&sortoption=&txtsessionyear=2024,ocd-bill/472cf1eb-30b0-407c-8051-cf343e01f93b
01a43b61-3999-4755-9772-19d1e4d2172a,,https://www.gencourt.state.nh.us/bill_status/legacy/bs2016/bill_status.aspx?lsr=2387&sy=2024&sortoption=&txtsessionyear=2024,ocd-bill/974dcf0a-b9f8-45b8-9dfd-bf1806197985
4c1708bd-c1c8-4340-83e4-fb2bb0af28ec,,https://www.gencourt.state.nh.us/bill_status/legacy/bs2016/bill_status.aspx?lsr=3129&sy=2024&sortoption=&txtsessionyear=2024,ocd-bill/fe6b9e9c-86a6-4d1b-88f5-8dec44f097fb
a07918bc-6f7c-40e9-8807-41d7793a054f,,https://www.gencourt.state.nh.us/bill_status/legacy/bs2016/bill_status.aspx?lsr=2868&sy=2024&sortoption=&txtsessionyear=2024,ocd-bill/9d7e2c25-af78-4830-b2e3-61a81d6cef34
8bc2dc3f-4a4c-4302-bf92-35723e1f471e,,https://www.gencourt.state.nh.us/bill_status/legacy/bs2016/bill_status.aspx?lsr=0470&sy=2024&sortoption=&txtsessionyear=2024,ocd-bill/839a536f-833a-44b9-bfd0-9fe7642422fd
7a83dd65-a221-43a4-8be6-0ffb0fed1e9c,,https://www.gencourt.state.nh.us/bill_status/legacy/bs2016/bill_status.aspx?lsr=0953&sy=2024&sortoption=&txtsessionyear=2024,ocd-bill/8d68d007-d544-4a60-99b8-f243a120f852
83238bab-eb44-4722-a89f-b6dcf15306c7,,https://www.gencourt.state.nh.us/bill_status/legacy/bs2016/bill_status.aspx?lsr=2729&sy=2024&sortoption=&txtsessionyear=2024,ocd-bill/6d433016-a30d-49f6-afce-64e601aff93e
b97478e5-6a60-49df-aba9-345aed223154,,https://www.gencourt.state.nh.us/bill_status/legacy/bs2016/bill_status.aspx?lsr=2971&sy=2024&sortoption=&txtsessionyear=2024,ocd-bill/4da1181a-e3e0-4c81-80d6-eeb7c2adf119
5978f308-fcb7-41ab-a4ed-2adda88fc0a3,,https://www.gencourt.state.nh.us/bill_status/legacy/bs2016/bill_status.aspx?lsr=3111&sy=2024&sortoption=&txtsessionyear=2024,ocd-bill/8f63b999-67e5-4f26-90b5-f8586ecaa683
1320f949-f495-4f65-97e3-2f694500b00e,,https://www.gencourt.state.nh.us/bill_status/legacy/bs2016/bill_status.aspx?lsr=2376&sy=2024&sortoption=&txtsessionyear=2024,ocd-bill/f1ffe0d7-8952-4387-afca-2eea0fd48c2f
375e2ae4-8b1a-436c-961b-d7f708cdfa72,,https://www.gencourt.state.nh.us/bill_status/legacy/bs2016/bill_status.aspx?lsr=2111&sy=2024&sortoption=&txtsessionyear=2024,ocd-bill/ac656fff-f45d-400e-a3c9-a205415fc268
77151718-0c26-4b3f-87da-890c9cbde3a9,,https://www.gencourt.state.nh.us/bill_status/legacy/bs2016/bill_status.aspx?lsr=0782&sy=2024&sortoption=&txtsessionyear=2024,ocd-bill/b658105b-eb77-4b79-856c-b958d82f149a
4bd65b8d-53b4-45d5-a76e-ac997019177b,,https://www.gencourt.state.nh.us/bill_status/legacy/bs2016/bill_status.aspx?lsr=2159&sy=2024&sortoption=&txtsessionyear=2024,ocd-bill/ffb6e484-2ef0-481f-8271-d5a03d50ccfc
fff66747-84ad-4c62-a2a1-1fcb9b83b534,,https://www.gencourt.state.nh.us/bill_status/legacy/bs2016/bill_status.aspx?lsr=0548&sy=2024&sortoption=&txtsessionyear=2024,ocd-bill/790e09ac-8e00-4a20-97d8-56be3fd9ec0d
2c2001fc-bb2d-4bea-9215-fc44f713cc7b,,https://www.gencourt.state.nh.us/bill_status/legacy/bs2016/bill_status.aspx?lsr=0524&sy=2024&sortoption=&txtsessionyear=2024,ocd-bill/cd077bf7-6bbb-4db3-bc5f-0372c4276d45
1a4b1d2c-eb31-4d0f-9a20-8b967136ab0a,,https://www.gencourt.state.nh.us/bill_status/legacy/bs2016/bill_status.aspx?lsr=2999&sy=2024&sortoption=&txtsessionyear=2024,ocd-bill/60593ae6-5ff1-4ca2-888a-9a34a11224de
5e35bf2a-58e4-49b6-bca4-bf1844f4f292,,https://www.gencourt.state.nh.us/bill_status/legacy/bs2016/bill_status.aspx?lsr=3074&sy=2024&sortoption=&txtsessionyear=2024,ocd-bill/c916478f-a974-4773-b1e6-e938a380654a
f1938740-1cb0-44af-b944-39d6c405a7ef,,https://www.gencourt.state.nh.us/bill_status/legacy/bs2016/bill_status.aspx?lsr=2886&sy=2024&sortoption=&txtsessionyear=2024,ocd-bill/0855bb80-64a1-4258-b8d4-0d8c7d917b1a
1d70a1c6-875f-45ca-ae4a-d01177f8a744,,https://www.gencourt.state.nh.us/bill_status/legacy/bs2016/bill_status.aspx?lsr=2103&sy=2024&sortoption=&txtsessionyear=2024,ocd-bill/71399ac9-d04d-431c-9699-a4581d98f5a6
08b1e723-5bbb-4fc7-87af-babdaadd5196,,https://www.gencourt.state.nh.us/bill_status/legacy/bs2016/bill_status.aspx?lsr=2261&sy=2024&sortoption=&txtsessionyear=2024,ocd-bill/34e0d5c5-2450-4cdb-9268-1f518ea5b8d4
f71bfb2f-1c30-4cfe-b9f9-521fe75b0b70,,https://www.gencourt.state.nh.us/bill_status/legacy/bs2016/bill_status.aspx?lsr=2381&sy=2024&sortoption=&txtsessionyear=2024,ocd-bill/bd49cd5a-b7f0-4a02-a6af-1c3cd3d52034
a5583db8-7325-4e31-9c40-f19c19d24200,,https://www.gencourt.state.nh.us/bill_status/legacy/bs2016/bill_status.aspx?lsr=2434&sy=2024&sortoption=&txtsessionyear=2024,ocd-bill/e11fa29b-93b4-477f-b365-c4a22ce64973
e3d048d1-6f83-4b41-a8a6-42de4d3c9ba3,,https://www.gencourt.state.nh.us/bill_status/legacy/bs2016/bill_status.aspx?lsr=2348&sy=2024&sortoption=&txtsessionyear=2024,ocd-bill/0b338a49-635d-49f0-8e61-be08051c1c23
c5575cf1-1fa0-477f-afbe-119b1c4b6f1d,,https://www.gencourt.state.nh.us/bill_status/legacy/bs2016/bill_status.aspx?lsr=2505&sy=2024&sortoption=&txtsessionyear=2024,ocd-bill/85988e0c-30a3-458c-aec8-9f5296e5a1eb
d2f37172-1677-4ec7-aff2-210a1a9b333f,,https://www.gencourt.state.nh.us/bill_status/legacy/bs2016/bill_status.aspx?lsr=2039&sy=2024&sortoption=&txtsessionyear=2024,ocd-bill/ccd0ceec-76d1-498f-941e-9e93fc53575f
2b8b305d-67da-4eba-b158-3b02ba407f56,,https://www.gencourt.state.nh.us/bill_status/legacy/bs2016/bill_status.aspx?lsr=2697&sy=2024&sortoption=&txtsessionyear=2024,ocd-bill/239c7a15-2191-4eff-b3c6-c32e7fb9074a
9b29ed28-af54-4ad7-84ca-ae30d65006e4,,https://www.gencourt.state.nh.us/bill_status/legacy/bs2016/bill_status.aspx?lsr=2687&sy=2024&sortoption=&txtsessionyear=2024,ocd-bill/726f8f6a-5b1b-483d-8a64-a89b55dbbbf3
a5a6692a-962a-4c1b-b5c7-1d061d100032,,https://www.gencourt.state.nh.us/bill_status/legacy/bs2016/bill_status.aspx?lsr=2490&sy=2024&sortoption=&txtsessionyear=2024,ocd-bill/e0bd49b0-d86b-498c-b5f3-ea1a7d8d6175
ef529f98-1780-4da8-bbec-19bc249a471e,,https://www.gencourt.state.nh.us/bill_status/legacy/bs2016/bill_status.aspx?lsr=0263&sy=2024&sortoption=&txtsessionyear=2024,ocd-bill/8782433e-b3dd-4e5a-91c3-8a701a078a1f
7d93625a-5843-430f-8067-496e36fdc799,,https://www.gencourt.state.nh.us/bill_status/legacy/bs2016/bill_status.aspx?lsr=2598&sy=2024&sortoption=&txtsessionyear=2024,ocd-bill/553d9151-0926-4b66-bd65-face74d73e1b
7399315b-70be-4d27-a8ad-c3f350a0fd95,,https://www.gencourt.state.nh.us/bill_status/legacy/bs2016/bill_status.aspx?lsr=0451&sy=2024&sortoption=&txtsessionyear=2024,ocd-bill/32dcf135-8a76-40e5-b79a-20ff3b889058
c0f4f770-b9c8-4488-867e-c68d98c8f97a,,https://www.gencourt.state.nh.us/bill_status/legacy/bs2016/bill_status.aspx?lsr=3152&sy=2024&sortoption=&txtsessionyear=2024,ocd-bill/47759bf9-32cc-476b-9344-9e1252bcb97a
d24bee20-94c6-4269-9eae-d523381cf4af,,https://www.gencourt.state.nh.us/bill_status/legacy/bs2016/bill_status.aspx?lsr=2783&sy=2024&sortoption=&txtsessionyear=2024,ocd-bill/c3aa2424-80fa-4299-b3e8-c040069558c1
e82b3fd9-e5c0-4dc3-95d4-5cb4f05f55f0,,https://www.gencourt.state.nh.us/bill_status/legacy/bs2016/bill_status.aspx?lsr=2653&sy=2024&sortoption=&txtsessionyear=2024,ocd-bill/1dfab355-8df1-4a59-8616-83050a5b9af0
ed04dba1-4f7a-4656-97b6-6b6a3ae9f6c5,,https://www.gencourt.state.nh.us/bill_status/legacy/bs2016/bill_status.aspx?lsr=0674&sy=2024&sortoption=&txtsessionyear=2024,ocd-bill/05241b33-7322-4af8-94c8-5d0e73a252c8
86f86dfd-a5ec-463d-bf8f-b525ed776f9e,,https://www.gencourt.state.nh.us/bill_status/legacy/bs2016/bill_status.aspx?lsr=2690&sy=2024&sortoption=&txtsessionyear=2024,ocd-bill/55a86de8-52e8-4d8b-baa2-e28f0ae2056c
3c1a1b2d-ef63-41b8-9a2b-9c6a2b4e902a,,https://www.gencourt.state.nh.us/bill_status/legacy/bs2016/bill_status.aspx?lsr=3084&sy=2024&sortoption=&txtsessionyear=2024,ocd-bill/f3567ba2-9316-408a-9e95-60b8817eff43
a426bf11-d226-416f-9702-8d92c6d9762e,,https://www.gencourt.state.nh.us/bill_status/legacy/bs2016/bill_status.aspx?lsr=2441&sy=2024&sortoption=&txtsessionyear=2024,ocd-bill/ebd1cbff-3969-4e79-ad9f-2a3a05ca6dff
8a7cf5df-5125-4eb5-8326-eabcef743583,,https://www.gencourt.state.nh.us/bill_status/legacy/bs2016/bill_status.aspx?lsr=0486&sy=2024&sortoption=&txtsessionyear=2024,ocd-bill/8bbdfa96-5346-408d-9d4c-4ad55470dd6e
6b39d72a-610d-456f-bf22-ec6c424f5ae9,,https://www.gencourt.state.nh.us/bill_status/legacy/bs2016/bill_status.aspx?lsr=2072&sy=2024&sortoption=&txtsessionyear=2024,ocd-bill/e04b3eab-2227-4ecb-81aa-2ee8839e9cc8
de813367-06d9-40e4-936c-8712f363001a,,https://www.gencourt.state.nh.us/bill_status/legacy/bs2016/bill_status.aspx?lsr=2688&sy=2024&sortoption=&txtsessionyear=2024,ocd-bill/d2aae3aa-5628-438e-8cc9-a3580e66b14c
79701eeb-25b7-4cd7-b352-7f2abca9663e,,https://www.gencourt.state.nh.us/bill_status/legacy/bs2016/bill_status.aspx?lsr=0457&sy=2024&sortoption=&txtsessionyear=2024,ocd-bill/c9713c07-f7fc-46b3-989e-0302569be01c
a21679d6-659f-4fdc-ad44-b87ef230fae7,,https://www.gencourt.state.nh.us/bill_status/legacy/bs2016/bill_status.aspx?lsr=2597&sy=2024&sortoption=&txtsessionyear=2024,ocd-bill/75a93011-9e63-4e58-be9d-6252e8156a5c
6f8d2c55-32a0-4504-8f08-f71ba3b829fb,,https://www.gencourt.state.nh.us/bill_status/legacy/bs2016/bill_status.aspx?lsr=2503&sy=2024&sortoption=&txtsessionyear=2024,ocd-bill/870c256e-8384-4ed8-afc3-2e03e048f6f1
9031de78-76e1-4cbe-b272-758f4bf53df0,,https://www.gencourt.state.nh.us/bill_status/legacy/bs2016/bill_status.aspx?lsr=2471&sy=2024&sortoption=&txtsessionyear=2024,ocd-bill/1a676a46-17c9-44be-a688-b05ab4c8b943
7f9c4756-806d-4921-b85f-345fa9dfac08,,https://www.gencourt.state.nh.us/bill_status/legacy/bs2016/bill_status.aspx?lsr=2193&sy=2024&sortoption=&txtsessionyear=2024,ocd-bill/4c0f730a-3e0d-4e05-ba24-6b5b00ee4758
21ab4f20-4ddd-4dd1-84d4-e7ab95ddbf3b,,https://www.gencourt.state.nh.us/bill_status/legacy/bs2016/bill_status.aspx?lsr=3149&sy=2024&sortoption=&txtsessionyear=2024,ocd-bill/282550de-3c64-4aae-9373-1f90bb3eefc0
e630e179-77d3-4f81-bfea-5829958f8abb,,https://www.gencourt.state.nh.us/bill_status/legacy/bs2016/bill_status.aspx?lsr=2251&sy=2024&sortoption=&txtsessionyear=2024,ocd-bill/2b7f957f-e312-4ea3-a8f9-2b6e7283d2cb
5dad8c3e-6845-43fd-a1cc-ac744f83e25a,,https://www.gencourt.state.nh.us/bill_status/legacy/bs2016/bill_status.aspx?lsr=2543&sy=2024&sortoption=&txtsessionyear=2024,ocd-bill/f1468ec1-e5d5-4311-a30c-31a822925c9c
c869df85-abd5-4eb2-a3ee-7310657383e7,,https://www.gencourt.state.nh.us/bill_status/legacy/bs2016/bill_status.aspx?lsr=2288&sy=2024&sortoption=&txtsessionyear=2024,ocd-bill/7ec8040b-e82c-4dbf-9019-de5510f401b5
627ee9fe-861b-43b5-8a16-e0adab593d5a,,https://www.gencourt.state.nh.us/bill_status/legacy/bs2016/bill_status.aspx?lsr=2483&sy=2024&sortoption=&txtsessionyear=2024,ocd-bill/600379dc-6eda-439c-972b-7d5e596a850f
73f690a2-8924-4414-b316-66ca4058ae54,,https://www.gencourt.state.nh.us/bill_status/legacy/bs2016/bill_status.aspx?lsr=2787&sy=2024&sortoption=&txtsessionyear=2024,ocd-bill/5400ea4e-f410-4ed7-b1f0-5fe348bbc5e6
661ffceb-68dc-4136-bc05-e2583a013dd1,,https://www.gencourt.state.nh.us/bill_status/legacy/bs2016/bill_status.aspx?lsr=2642&sy=2024&sortoption=&txtsessionyear=2024,ocd-bill/1f1cff6a-91f2-4950-aae3-d70ce208bcef
84b0e894-b53a-491c-acf8-9494f8264bd1,,https://www.gencourt.state.nh.us/bill_status/legacy/bs2016/bill_status.aspx?lsr=2522&sy=2024&sortoption=&txtsessionyear=2024,ocd-bill/348baa5a-e0e3-42ac-9a30-c71255635ada
fcb38f88-237f-4038-859b-d3108cd35b4a,,https://www.gencourt.state.nh.us/bill_status/legacy/bs2016/bill_status.aspx?lsr=2518&sy=2024&sortoption=&txtsessionyear=2024,ocd-bill/eb0a4d6e-6b29-45ff-b720-cb154c8dbb24
5d888ded-674b-4826-9d3a-de4a120c9a2c,,https://www.gencourt.state.nh.us/bill_status/legacy/bs2016/bill_status.aspx?lsr=0727&sy=2024&sortoption=&txtsessionyear=2024,ocd-bill/8bc5f8d4-63b4-4f0b-b634-4fb3b0c23675
e77b51a3-9aad-4c9e-ae60-a6c3946f5109,,https://www.gencourt.state.nh.us/bill_status/legacy/bs2016/bill_status.aspx?lsr=0135&sy=2024&sortoption=&txtsessionyear=2024,ocd-bill/4cfcbff7-5ff3-44eb-a776-5ffa5343d0d6
d0db5214-91d3-4349-ab36-cb213115329b,,https://www.gencourt.state.nh.us/bill_status/legacy/bs2016/bill_status.aspx?lsr=2805&sy=2024&sortoption=&txtsessionyear=2024,ocd-bill/9c41866d-d2bc-4c59-add4-c1802980066d
44896218-72d8-41b6-bff6-6f72314292ea,,https://www.gencourt.state.nh.us/bill_status/legacy/bs2016/bill_status.aspx?lsr=2192&sy=2024&sortoption=&txtsessionyear=2024,ocd-bill/586bf1cb-fb19-4579-ae93-7d7206c2c0d1
46f4812b-4b5c-4529-a5b7-1e99f2d28dba,,https://www.gencourt.state.nh.us/bill_status/legacy/bs2016/bill_status.aspx?lsr=2513&sy=2024&sortoption=&txtsessionyear=2024,ocd-bill/94beb961-f7eb-4ffd-858e-8adb26c19d0c
b6646504-3d17-4145-ab19-bb99cab03ad3,,https://www.gencourt.state.nh.us/bill_status/legacy/bs2016/bill_status.aspx?lsr=0011&sy=2024&sortoption=&txtsessionyear=2024,ocd-bill/140b6ae3-88af-494e-ac61-4bbc53d270c3
6441c472-92dc-4928-b9ea-6b2f745269c3,,https://www.gencourt.state.nh.us/bill_status/legacy/bs2016/bill_status.aspx?lsr=3021&sy=2024&sortoption=&txtsessionyear=2024,ocd-bill/401c7f3c-01ce-4ea2-8904-97aa39f342d7
0ecadaec-ee74-479f-bb43-84a1f106c464,,https://www.gencourt.state.nh.us/bill_status/legacy/bs2016/bill_status.aspx?lsr=0484&sy=2024&sortoption=&txtsessionyear=2024,ocd-bill/87d02fb5-b3f9-4c82-8323-572809de9dad
552b2290-998c-4b36-bff1-62254147acf3,,https://www.gencourt.state.nh.us/bill_status/legacy/bs2016/bill_status.aspx?lsr=2897&sy=2024&sortoption=&txtsessionyear=2024,ocd-bill/81ad837e-6da8-449a-8527-b9fa62d81e0d
71fc9954-70d9-4bfb-86d7-238180183329,,https://www.gencourt.state.nh.us/bill_status/legacy/bs2016/bill_status.aspx?lsr=2023&sy=2024&sortoption=&txtsessionyear=2024,ocd-bill/778e5821-33ed-4319-8dc7-86f9a8ac867c
9f5c01dc-6a62-4843-97c3-81f3b7daba53,,https://www.gencourt.state.nh.us/bill_status/legacy/bs2016/bill_status.aspx?lsr=2877&sy=2024&sortoption=&txtsessionyear=2024,ocd-bill/97cb6ba7-9519-4bba-bb9b-517fda032e9c
b9f285a4-d0df-48d8-ac3b-cc665828fc4f,,https://www.gencourt.state.nh.us/bill_status/legacy/bs2016/bill_status.aspx?lsr=2188&sy=2024&sortoption=&txtsessionyear=2024,ocd-bill/fc6fda71-0679-4c10-8474-1cf1d250fbba
010ae58b-325e-43ba-a12f-1ee6e8e2c363,,https://www.gencourt.state.nh.us/bill_status/legacy/bs2016/bill_status.aspx?lsr=2056&sy=2024&sortoption=&txtsessionyear=2024,ocd-bill/dd10ea4d-73be-4192-9e36-3b3298fc169d
d7aa4724-7903-4b54-a178-6dc25e83f4d4,,https://www.gencourt.state.nh.us/bill_status/legacy/bs2016/bill_status.aspx?lsr=0750&sy=2024&sortoption=&txtsessionyear=2024,ocd-bill/a096ee54-cf0d-4d39-aab4-a07dc862f548
ebbe8751-f7d8-42c6-8a55-ce8b0a994edb,,https://www.gencourt.state.nh.us/bill_status/legacy/bs2016/bill_status.aspx?lsr=3058&sy=2024&sortoption=&txtsessionyear=2024,ocd-bill/4cc02a7b-abd0-42df-89fe-39ca49e90dcc
ec217576-28ec-4dd8-a0f4-090eec8f4954,,https://www.gencourt.state.nh.us/bill_status/legacy/bs2016/bill_status.aspx?lsr=2807&sy=2024&sortoption=&txtsessionyear=2024,ocd-bill/32e7d070-d0fc-4447-8209-413e174f953d
d09a7e83-6d57-4ae7-83d9-399acb1e9433,,https://www.gencourt.state.nh.us/bill_status/legacy/bs2016/bill_status.aspx?lsr=2198&sy=2024&sortoption=&txtsessionyear=2024,ocd-bill/cbf1a3ca-25e5-4100-b4eb-518192a3609a
d0627ddb-2c4b-4670-a319-8f3789f4a805,,https://www.gencourt.state.nh.us/bill_status/legacy/bs2016/bill_status.aspx?lsr=3085&sy=2024&sortoption=&txtsessionyear=2024,ocd-bill/a0cc73e9-ade3-4e1a-9259-ee09da2ffee7
f122908f-db3e-4530-ad51-1365a82783b8,,https://www.gencourt.state.nh.us/bill_status/legacy/bs2016/bill_status.aspx?lsr=2872&sy=2024&sortoption=&txtsessionyear=2024,ocd-bill/047836af-af14-4407-b04d-0528f808862f
cc166010-0011-4a93-800b-049cf147321c,,https://www.gencourt.state.nh.us/bill_status/legacy/bs2016/bill_status.aspx?lsr=2884&sy=2024&sortoption=&txtsessionyear=2024,ocd-bill/4461e695-14ee-46a0-832d-61b83977b9c6
d36d341e-5451-409c-9d21-7ce56d845831,,https://www.gencourt.state.nh.us/bill_status/legacy/bs2016/bill_status.aspx?lsr=0766&sy=2024&sortoption=&txtsessionyear=2024,ocd-bill/8c835db3-4dfe-4025-b393-a98fd25ef0db
894a9992-56b9-485c-ac40-359eab75a63b,,https://www.gencourt.state.nh.us/bill_status/legacy/bs2016/bill_status.aspx?lsr=2203&sy=2024&sortoption=&txtsessionyear=2024,ocd-bill/274dd68c-2c51-4f0e-8673-8945000dcbc0
e86c86e5-889e-458a-a07d-4bc04812ab60,,https://www.gencourt.state.nh.us/bill_status/legacy/bs2016/bill_status.aspx?lsr=0812&sy=2024&sortoption=&txtsessionyear=2024,ocd-bill/58343099-6d0e-4092-88de-ed42ff2f9334
c711c656-6d7e-49a8-9f15-71e34a3974bf,,https://www.gencourt.state.nh.us/bill_status/legacy/bs2016/bill_status.aspx?lsr=3151&sy=2024&sortoption=&txtsessionyear=2024,ocd-bill/4d7c74b0-87a3-4109-a682-7e8354bafe45
69c331d0-d469-42fd-abf2-f0b62ca47856,,https://www.gencourt.state.nh.us/bill_status/legacy/bs2016/bill_status.aspx?lsr=0995&sy=2024&sortoption=&txtsessionyear=2024,ocd-bill/62d0de93-cadf-4cfa-82c8-a38fa9ba40ef
3c31f700-6821-481f-9c07-d6b0a6d3e258,,https://www.gencourt.state.nh.us/bill_status/legacy/bs2016/bill_status.aspx?lsr=3161&sy=2024&sortoption=&txtsessionyear=2024,ocd-bill/4d7eda3f-5799-41f6-99fa-3a5e53202214
e33162fc-2940-4f92-8765-b7e61a4e983e,,https://www.gencourt.state.nh.us/bill_status/legacy/bs2016/bill_status.aspx?lsr=2707&sy=2024&sortoption=&txtsessionyear=2024,ocd-bill/2e8da822-b009-45a0-be8b-d29b6f17476b
1418dc61-8836-478a-a5d3-08a3bf9a5afc,,https://www.gencourt.state.nh.us/bill_status/legacy/bs2016/bill_status.aspx?lsr=2878&sy=2024&sortoption=&txtsessionyear=2024,ocd-bill/a7528f97-77b2-44f8-ac01-1b87fd55c8ed
2db1efab-2960-4500-a4d2-1c8882e05718,,https://www.gencourt.state.nh.us/bill_status/legacy/bs2016/bill_status.aspx?lsr=3121&sy=2024&sortoption=&txtsessionyear=2024,ocd-bill/e87a7ae4-c62c-42d4-97ed-4854bd1a49b4
9042c0bc-56d5-4a32-8ac2-b834651df0d9,,https://www.gencourt.state.nh.us/bill_status/legacy/bs2016/bill_status.aspx?lsr=2007&sy=2024&sortoption=&txtsessionyear=2024,ocd-bill/4bfd927e-206e-46ff-8260-a41312016992
6db8d68f-8f04-4d8e-857f-99a15ed56729,,https://www.gencourt.state.nh.us/bill_status/legacy/bs2016/bill_status.aspx?lsr=3098&sy=2024&sortoption=&txtsessionyear=2024,ocd-bill/83ba3366-bf76-49af-b3bb-ac4079bd6642
bfdc697a-f1eb-41e3-b559-163fe22e1920,,https://www.gencourt.state.nh.us/bill_status/legacy/bs2016/bill_status.aspx?lsr=2845&sy=2024&sortoption=&txtsessionyear=2024,ocd-bill/8bdb812f-2fe7-4cf4-97da-166c47d38d2f
faee350b-2768-4970-84fc-d3f7659e65c9,,https://www.gencourt.state.nh.us/bill_status/legacy/bs2016/bill_status.aspx?lsr=2284&sy=2024&sortoption=&txtsessionyear=2024,ocd-bill/e0a8b4c7-051a-4884-8c7f-c1e6799e57bc
196b087b-4419-46af-91d6-ea0d1e5caa0a,,https://www.gencourt.state.nh.us/bill_status/legacy/bs2016/bill_status.aspx?lsr=1056&sy=2024&sortoption=&txtsessionyear=2024,ocd-bill/5027e999-6eec-4cb5-a6cd-a673de3b3b4d
fb4b8335-1786-4d7c-afc7-09730a60c4e8,,https://www.gencourt.state.nh.us/bill_status/legacy/bs2016/bill_status.aspx?lsr=3004&sy=2024&sortoption=&txtsessionyear=2024,ocd-bill/de067f64-d6d2-4af4-b831-c14b209a0ac1
21e1c83f-9fc4-4186-be57-fdaaae9106c1,,https://www.gencourt.state.nh.us/bill_status/legacy/bs2016/bill_status.aspx?lsr=3094&sy=2024&sortoption=&txtsessionyear=2024,ocd-bill/021c67d0-e7e6-46cb-a2b6-09dbe7fea99c
dac13bf7-cf2f-4fee-ac92-7aa5ed10d8b9,,https://www.gencourt.state.nh.us/bill_status/legacy/bs2016/bill_status.aspx?lsr=0245&sy=2024&sortoption=&txtsessionyear=2024,ocd-bill/5eeb24d6-cc46-4935-8d28-8281fee458ff
62e0cddb-a23f-4709-9121-f1296da94855,,https://www.gencourt.state.nh.us/bill_status/legacy/bs2016/bill_status.aspx?lsr=2126&sy=2024&sortoption=&txtsessionyear=2024,ocd-bill/9e226ee4-9f2f-44b1-8bc7-6fcbe61fea50
70a58033-6321-413e-9a09-a0bd3d0685b6,,https://www.gencourt.state.nh.us/bill_status/legacy/bs2016/bill_status.aspx?lsr=2504&sy=2024&sortoption=&txtsessionyear=2024,ocd-bill/51fe46c0-8102-43fa-8aa7-5ce8322a94a1
092f6a89-087f-4b46-b579-797c52672dd0,,https://www.gencourt.state.nh.us/bill_status/legacy/bs2016/bill_status.aspx?lsr=3088&sy=2024&sortoption=&txtsessionyear=2024,ocd-bill/11d60b64-62c0-4846-9a43-7456ae187f9b
5d2f421c-57d9-4b3b-93d9-b5a94649979b,,https://www.gencourt.state.nh.us/bill_status/legacy/bs2016/bill_status.aspx?lsr=3024&sy=2024&sortoption=&txtsessionyear=2024,ocd-bill/be5548c9-6581-4e8d-bd61-eafdbe0449f0
db04e34e-bfd9-4dfa-aee0-1486ce8d02f5,,https://www.gencourt.state.nh.us/bill_status/legacy/bs2016/bill_status.aspx?lsr=2254&sy=2024&sortoption=&txtsessionyear=2024,ocd-bill/25492b63-0c23-4d91-8715-38c5369e62bd
03b769f3-c6ac-449f-98a5-92defff244c5,,https://www.gencourt.state.nh.us/bill_status/legacy/bs2016/bill_status.aspx?lsr=2989&sy=2024&sortoption=&txtsessionyear=2024,ocd-bill/5ae161a8-80ec-46d9-b626-c31ba098a43e
0117173c-baa7-4e2f-83ee-53239476e4f6,,https://www.gencourt.state.nh.us/bill_status/legacy/bs2016/bill_status.aspx?lsr=2622&sy=2024&sortoption=&txtsessionyear=2024,ocd-bill/f789dbad-c6ca-4ec6-b252-02894bf0918c
815a5021-7f8a-41cc-b1c9-c987e85ba8ec,,https://www.gencourt.state.nh.us/bill_status/legacy/bs2016/bill_status.aspx?lsr=0176&sy=2024&sortoption=&txtsessionyear=2024,ocd-bill/342c629f-fefd-42c9-812e-d24c38562768
f5d57019-3db9-4c87-9abc-22724b7cecd6,,https://www.gencourt.state.nh.us/bill_status/legacy/bs2016/bill_status.aspx?lsr=2128&sy=2024&sortoption=&txtsessionyear=2024,ocd-bill/82b42e68-6400-4d89-a559-d10057da060f
6121d5e8-e97b-41b2-a761-59094c26d501,,https://www.gencourt.state.nh.us/bill_status/legacy/bs2016/bill_status.aspx?lsr=2572&sy=2024&sortoption=&txtsessionyear=2024,ocd-bill/aecf45f1-82e5-432f-b055-036e46062f33
f73bef4b-aa09-44a7-9402-0a9c1b29f39b,,https://www.gencourt.state.nh.us/bill_status/legacy/bs2016/bill_status.aspx?lsr=2846&sy=2024&sortoption=&txtsessionyear=2024,ocd-bill/e71f4c1a-efff-47bc-be7c-dcc671d7569d
a5b7da29-1f16-4cb2-9981-01575b4a6d6a,,https://www.gencourt.state.nh.us/bill_status/legacy/bs2016/bill_status.aspx?lsr=2750&sy=2024&sortoption=&txtsessionyear=2024,ocd-bill/81ea2f72-3c11-4f43-a2fc-64f1e43958ce
d2f94a8b-3ea8-4c6c-b684-48a3b77e78d5,,https://www.gencourt.state.nh.us/bill_status/legacy/bs2016/bill_status.aspx?lsr=3032&sy=2024&sortoption=&txtsessionyear=2024,ocd-bill/affa93df-15c3-4a31-896d-c66d8221ff65
b925528d-bfdc-4af8-8515-de15cbdc0248,,https://www.gencourt.state.nh.us/bill_status/legacy/bs2016/bill_status.aspx?lsr=2306&sy=2024&sortoption=&txtsessionyear=2024,ocd-bill/089014d6-79ff-4165-8fe2-a3454ec5395a
c21f4a2f-de36-484c-8d46-b245ddeec126,,https://www.gencourt.state.nh.us/bill_status/legacy/bs2016/bill_status.aspx?lsr=2887&sy=2024&sortoption=&txtsessionyear=2024,ocd-bill/dfb27bf4-ee62-4b4f-ad3a-583b2f72c71f
5f497b83-1080-44a1-b584-a95296049399,,https://www.gencourt.state.nh.us/bill_status/legacy/bs2016/bill_status.aspx?lsr=1039&sy=2024&sortoption=&txtsessionyear=2024,ocd-bill/65946274-f4d8-4611-9e73-1f002cf1036d
f42b4221-ddd4-48ee-b9c5-76d15a95c688,,https://www.gencourt.state.nh.us/bill_status/legacy/bs2016/bill_status.aspx?lsr=3061&sy=2024&sortoption=&txtsessionyear=2024,ocd-bill/2b37aac9-700f-40b6-bb86-ecf14fff95fe
6a0766e5-63c5-44fb-ab45-2216b9cc3f70,,https://www.gencourt.state.nh.us/bill_status/legacy/bs2016/bill_status.aspx?lsr=2107&sy=2024&sortoption=&txtsessionyear=2024,ocd-bill/86294bd9-f100-40d4-ae94-3af140fd6b66
df907045-313b-481c-9df1-796c484edbbb,,https://www.gencourt.state.nh.us/bill_status/legacy/bs2016/bill_status.aspx?lsr=3119&sy=2024&sortoption=&txtsessionyear=2024,ocd-bill/639549cf-8a5e-4142-884c-553325419ec4
767860a5-625f-4c81-ab6b-72b547dcd969,,https://www.gencourt.state.nh.us/bill_status/legacy/bs2016/bill_status.aspx?lsr=0057&sy=2024&sortoption=&txtsessionyear=2024,ocd-bill/52c0771f-75da-4a2d-b233-76943ec497da
58933eaf-dda2-4a6d-be2e-77ea38502e57,,https://www.gencourt.state.nh.us/bill_status/legacy/bs2016/bill_status.aspx?lsr=2891&sy=2024&sortoption=&txtsessionyear=2024,ocd-bill/cab7f268-7fb1-4226-8af3-d0f813051069
4451556b-7a45-4d03-9043-84d0995013e3,,https://www.gencourt.state.nh.us/bill_status/legacy/bs2016/bill_status.aspx?lsr=2890&sy=2024&sortoption=&txtsessionyear=2024,ocd-bill/7d1ec824-a197-4d16-bb3c-8dcc261c1f4a
c16749ab-5eda-4f22-bfd9-ff260be63561,,https://www.gencourt.state.nh.us/bill_status/legacy/bs2016/bill_status.aspx?lsr=2831&sy=2024&sortoption=&txtsessionyear=2024,ocd-bill/587cb998-39dd-4cba-bfed-2c4e65b18100
ce02bee5-7d31-4857-ab97-003135704acb,,https://www.gencourt.state.nh.us/bill_status/legacy/bs2016/bill_status.aspx?lsr=0827&sy=2024&sortoption=&txtsessionyear=2024,ocd-bill/e66c9a53-0009-4e67-b647-b719a0afbe9a
37de9f8b-43c2-43c0-ae99-d79890668fd3,,https://www.gencourt.state.nh.us/bill_status/legacy/bs2016/bill_status.aspx?lsr=2755&sy=2024&sortoption=&txtsessionyear=2024,ocd-bill/df0fc298-ce30-4b9a-9542-8d4f49ed51a0
d20b8caa-775d-4d21-a1c6-351cda4945f2,,https://www.gencourt.state.nh.us/bill_status/legacy/bs2016/bill_status.aspx?lsr=2341&sy=2024&sortoption=&txtsessionyear=2024,ocd-bill/7af3b53c-84cb-44a8-aa89-8daaba4eff1a
2c6b99a0-92cc-4919-b344-037c59e5f07f,,https://www.gencourt.state.nh.us/bill_status/legacy/bs2016/bill_status.aspx?lsr=2979&sy=2024&sortoption=&txtsessionyear=2024,ocd-bill/e1db051f-3178-4ed8-a9df-bf098808bcfa
b07bc1c9-149f-4e3c-a547-85a56ccf4741,,https://www.gencourt.state.nh.us/bill_status/legacy/bs2016/bill_status.aspx?lsr=2032&sy=2024&sortoption=&txtsessionyear=2024,ocd-bill/0cbf6e62-ae17-4470-a451-2a6fa1729392
adebdc08-cb46-41d1-8739-a020748027b0,,https://www.gencourt.state.nh.us/bill_status/legacy/bs2016/bill_status.aspx?lsr=3076&sy=2024&sortoption=&txtsessionyear=2024,ocd-bill/f42db41e-6928-4b9b-9264-5ac042b2c3bf
e55ee3a3-d5d1-4f26-a0aa-92fafa7cd5ac,,https://www.gencourt.state.nh.us/bill_status/legacy/bs2016/bill_status.aspx?lsr=3158&sy=2024&sortoption=&txtsessionyear=2024,ocd-bill/73c352e3-e07f-45f7-b481-06d0ff0bbaf1
43d5e26d-bcae-467d-9183-97519c9445a6,,https://www.gencourt.state.nh.us/bill_status/legacy/bs2016/bill_status.aspx?lsr=2968&sy=2024&sortoption=&txtsessionyear=2024,ocd-bill/81ee9cfe-9fd2-4825-b7eb-223cdd3d1214
4187c48a-4a2a-4fa6-bc25-3570b9e5d2e8,,https://www.gencourt.state.nh.us/bill_status/legacy/bs2016/bill_status.aspx?lsr=2087&sy=2024&sortoption=&txtsessionyear=2024,ocd-bill/8a4a3002-bdcd-431d-ac1b-383b3285a8f4
80576f56-5e28-4045-b208-88aefee07089,,https://www.gencourt.state.nh.us/bill_status/legacy/bs2016/bill_status.aspx?lsr=2311&sy=2024&sortoption=&txtsessionyear=2024,ocd-bill/204460da-ee71-4f21-8bbb-98399ddc9102
ce8a92c7-2244-48ea-a231-70b58c2a566e,,https://www.gencourt.state.nh.us/bill_status/legacy/bs2016/bill_status.aspx?lsr=2453&sy=2024&sortoption=&txtsessionyear=2024,ocd-bill/4273b4d4-ea6b-44b5-9171-d6174c1db43d
77710cde-08e7-4b07-81b0-e147ca21b659,,https://www.gencourt.state.nh.us/bill_status/legacy/bs2016/bill_status.aspx?lsr=0359&sy=2024&sortoption=&txtsessionyear=2024,ocd-bill/60479050-5658-4c51-89b6-0325647ca145
38a9ef9f-6ef0-4d4a-9fb9-f512e8c8bd82,,https://www.gencourt.state.nh.us/bill_status/legacy/bs2016/bill_status.aspx?lsr=2451&sy=2024&sortoption=&txtsessionyear=2024,ocd-bill/ddc6e2c8-6e77-42f9-a95a-f25e29e466d4
8b003dab-52f2-4166-bcd0-f21cf0827eea,,https://www.gencourt.state.nh.us/bill_status/legacy/bs2016/bill_status.aspx?lsr=2604&sy=2024&sortoption=&txtsessionyear=2024,ocd-bill/53c840e6-e451-4da1-9608-d6c510fd69e2
e4354fb1-a467-4e02-9737-072b4f9458d3,,https://www.gencourt.state.nh.us/bill_status/legacy/bs2016/bill_status.aspx?lsr=2617&sy=2024&sortoption=&txtsessionyear=2024,ocd-bill/2bb8748e-2c57-408e-a5f8-6c14c03eacaf
b98f96fc-6fb4-4cb1-a5b8-2e24e9e7ef68,,https://www.gencourt.state.nh.us/bill_status/legacy/bs2016/bill_status.aspx?lsr=2055&sy=2024&sortoption=&txtsessionyear=2024,ocd-bill/471ef50b-1a46-410c-b1db-2d7d99766466
bfac5743-0a91-47ab-a4ba-fe16e903d4e5,,https://www.gencourt.state.nh.us/bill_status/legacy/bs2016/bill_status.aspx?lsr=2041&sy=2024&sortoption=&txtsessionyear=2024,ocd-bill/95edb258-0b5e-43a1-9296-8c4ceabfc075
fc7805b4-78cb-4309-a2d2-30463d5f7dc5,,https://www.gencourt.state.nh.us/bill_status/legacy/bs2016/bill_status.aspx?lsr=2345&sy=2024&sortoption=&txtsessionyear=2024,ocd-bill/52b4af5e-bddd-44cb-a4db-7207efc5bdb6
466cd8da-7a33-4cb0-919f-f40c74bc819e,,https://www.gencourt.state.nh.us/bill_status/legacy/bs2016/bill_status.aspx?lsr=3045&sy=2024&sortoption=&txtsessionyear=2024,ocd-bill/e2e46dde-7c18-41c5-8e22-cff9b34d7186
8d6391e8-5930-4b31-9c8c-69d6b64e421a,,https://www.gencourt.state.nh.us/bill_status/legacy/bs2016/bill_status.aspx?lsr=0256&sy=2024&sortoption=&txtsessionyear=2024,ocd-bill/77a26528-b18c-432c-8ed1-ce0eb660b149
ee67cc13-8f67-4a77-b7d5-b16db9bacc09,,https://www.gencourt.state.nh.us/bill_status/legacy/bs2016/bill_status.aspx?lsr=2145&sy=2024&sortoption=&txtsessionyear=2024,ocd-bill/33755979-4fc4-47b9-91ab-16f95f6dde7e
2115db30-6225-4335-ac47-4c3903a8b5ae,,https://www.gencourt.state.nh.us/bill_status/legacy/bs2016/bill_status.aspx?lsr=2232&sy=2024&sortoption=&txtsessionyear=2024,ocd-bill/1ead00af-6d9d-47ee-ad95-3f24a2cbc3d4
39258a07-e9f4-4c5c-bff4-ed2626ae5028,,https://www.gencourt.state.nh.us/bill_status/legacy/bs2016/bill_status.aspx?lsr=2359&sy=2024&sortoption=&txtsessionyear=2024,ocd-bill/cc6653b8-4a30-4947-96b6-cc0a70b86ced
d6082b36-6e0b-4f44-9010-522333ae9d0a,,https://www.gencourt.state.nh.us/bill_status/legacy/bs2016/bill_status.aspx?lsr=0290&sy=2024&sortoption=&txtsessionyear=2024,ocd-bill/9d909772-c25f-498b-8306-88c7546af9b2
edb7984a-4d91-49a2-86fe-4e2377075157,,https://www.gencourt.state.nh.us/bill_status/legacy/bs2016/bill_status.aspx?lsr=2420&sy=2024&sortoption=&txtsessionyear=2024,ocd-bill/5f663332-b6d8-4814-842c-49fd7aed6f6c
a28e07ed-34f2-49b3-a285-cb667effcfb5,,https://www.gencourt.state.nh.us/bill_status/legacy/bs2016/bill_status.aspx?lsr=2519&sy=2024&sortoption=&txtsessionyear=2024,ocd-bill/47023224-632b-4c05-9d52-27b716447e10
d5f7262b-432f-4862-b00f-b1ec3d690019,,https://www.gencourt.state.nh.us/bill_status/legacy/bs2016/bill_status.aspx?lsr=0499&sy=2024&sortoption=&txtsessionyear=2024,ocd-bill/c7110d52-1fed-4599-ad55-d28a7d02e86c
68cd105b-0496-405c-a57e-dd47b2926539,,https://www.gencourt.state.nh.us/bill_status/legacy/bs2016/bill_status.aspx?lsr=2841&sy=2024&sortoption=&txtsessionyear=2024,ocd-bill/38e8cfe7-4382-49f7-b07f-16bdfc968a53
c590ab2c-dc7e-4a2e-97c4-97409a0d8ddb,,https://www.gencourt.state.nh.us/bill_status/legacy/bs2016/bill_status.aspx?lsr=2669&sy=2024&sortoption=&txtsessionyear=2024,ocd-bill/0f6aefbe-e013-4a26-9877-2f68c5b6c309
c364d50e-9f70-4621-b6e0-695b02651fc3,,https://www.gencourt.state.nh.us/bill_status/legacy/bs2016/bill_status.aspx?lsr=2639&sy=2024&sortoption=&txtsessionyear=2024,ocd-bill/f13b420a-bef4-45d0-b1df-6b509f31d1d5
20aa4a67-514e-468f-9ef7-4c1cf37481a5,,https://www.gencourt.state.nh.us/bill_status/legacy/bs2016/bill_status.aspx?lsr=2835&sy=2024&sortoption=&txtsessionyear=2024,ocd-bill/ec6bbb0e-64fc-4330-bddd-1b2d25481114
76072083-10aa-42db-ba17-25e738316a98,,https://www.gencourt.state.nh.us/bill_status/legacy/bs2016/bill_status.aspx?lsr=2057&sy=2024&sortoption=&txtsessionyear=2024,ocd-bill/b4d2f094-0624-422c-a99f-822a529fe9c5
67cfd6c8-f60d-4871-93ec-3d2bfba496d5,,https://www.gencourt.state.nh.us/bill_status/legacy/bs2016/bill_status.aspx?lsr=2748&sy=2024&sortoption=&txtsessionyear=2024,ocd-bill/a46ee817-488f-4ee6-8beb-cebf5597754c
7b1f34b5-d174-408c-a5ce-282c56bb4b2a,,https://www.gencourt.state.nh.us/bill_status/legacy/bs2016/bill_status.aspx?lsr=2637&sy=2024&sortoption=&txtsessionyear=2024,ocd-bill/74ea6c22-8266-478b-b854-72960d3082e1
143ff103-c56b-40d4-bce7-22854a71ccfe,,https://www.gencourt.state.nh.us/bill_status/legacy/bs2016/bill_status.aspx?lsr=2937&sy=2024&sortoption=&txtsessionyear=2024,ocd-bill/efd75963-c710-47d9-89ad-0c917bf0445e
e55d49b4-efb0-4a58-b6f7-9a5ec1141b7a,,https://www.gencourt.state.nh.us/bill_status/legacy/bs2016/bill_status.aspx?lsr=2778&sy=2024&sortoption=&txtsessionyear=2024,ocd-bill/571ee880-cbe1-4e05-9aa4-0791b27065aa
8ba6d9bf-8e46-4dda-b584-c40481c08f68,,https://www.gencourt.state.nh.us/bill_status/legacy/bs2016/bill_status.aspx?lsr=2479&sy=2024&sortoption=&txtsessionyear=2024,ocd-bill/885025b3-3df6-4530-9fa9-83d15d7787f3
2214e330-ead1-4f95-9b6f-2936e63ed81d,,https://www.gencourt.state.nh.us/bill_status/legacy/bs2016/bill_status.aspx?lsr=3051&sy=2024&sortoption=&txtsessionyear=2024,ocd-bill/0655f16f-29dc-4f32-b499-f469f451e953
ff6cb346-cc0d-4548-98d1-ab2da3c6e7a8,,https://www.gencourt.state.nh.us/bill_status/legacy/bs2016/bill_status.aspx?lsr=3106&sy=2024&sortoption=&txtsessionyear=2024,ocd-bill/93467ece-9600-446d-9559-2d3f63f43f31
d02ed3ef-26f1-4cac-a299-1deff46fc5d2,,https://www.gencourt.state.nh.us/bill_status/legacy/bs2016/bill_status.aspx?lsr=2928&sy=2024&sortoption=&txtsessionyear=2024,ocd-bill/c8777e18-2800-42cf-bc98-73cab0b344d8
41598546-feab-41b9-8383-3457aa792ee8,,https://www.gencourt.state.nh.us/bill_status/legacy/bs2016/bill_status.aspx?lsr=2259&sy=2024&sortoption=&txtsessionyear=2024,ocd-bill/f85c7076-826a-45c5-b1b2-e25d602d2576
e996a4ff-685c-4fd2-af61-50429eb6862f,,https://www.gencourt.state.nh.us/bill_status/legacy/bs2016/bill_status.aspx?lsr=2089&sy=2024&sortoption=&txtsessionyear=2024,ocd-bill/66574e4a-996a-4d3b-ac29-3248a3015af0
b2f0a8d8-dd36-44d0-9bc5-1f5ebf04da3d,,https://www.gencourt.state.nh.us/bill_status/legacy/bs2016/bill_status.aspx?lsr=2544&sy=2024&sortoption=&txtsessionyear=2024,ocd-bill/4f286a6c-7398-4cc2-ade8-348b0ab171ed
410427b5-519e-410b-8d1b-11d3f22806f8,,https://www.gencourt.state.nh.us/bill_status/legacy/bs2016/bill_status.aspx?lsr=3102&sy=2024&sortoption=&txtsessionyear=2024,ocd-bill/f65b7d3b-3999-4136-8137-d94f446d425b
3a40d04b-3176-4610-8b8f-8e1497893b4d,,https://www.gencourt.state.nh.us/bill_status/legacy/bs2016/bill_status.aspx?lsr=3155&sy=2024&sortoption=&txtsessionyear=2024,ocd-bill/5ca514ec-6017-48d5-b107-d3c70964ed9f
55609a63-59f7-48f0-a0c7-70877930bacf,,https://www.gencourt.state.nh.us/bill_status/legacy/bs2016/bill_status.aspx?lsr=2255&sy=2024&sortoption=&txtsessionyear=2024,ocd-bill/f15b3962-91ba-4bfd-bcab-7bb81679d7e6
78865fa5-418c-4b4b-875f-b5019380d72f,,https://www.gencourt.state.nh.us/bill_status/legacy/bs2016/bill_status.aspx?lsr=2239&sy=2024&sortoption=&txtsessionyear=2024,ocd-bill/14e954da-5aff-430c-818e-cdb293618286
df120d00-5678-461d-b31f-fdb24660860f,,https://www.gencourt.state.nh.us/bill_status/legacy/bs2016/bill_status.aspx?lsr=2061&sy=2024&sortoption=&txtsessionyear=2024,ocd-bill/5c2eed59-439f-4b96-9d41-3900cf9d222d
daf6d3c5-81ba-48d6-83bd-d87853ca255d,,https://www.gencourt.state.nh.us/bill_status/legacy/bs2016/bill_status.aspx?lsr=2290&sy=2024&sortoption=&txtsessionyear=2024,ocd-bill/f46556c8-d7d3-4a52-8324-338151779371
4dc7845b-cc5e-4860-8914-cb73adc92eaa,,https://www.gencourt.state.nh.us/bill_status/legacy/bs2016/bill_status.aspx?lsr=2634&sy=2024&sortoption=&txtsessionyear=2024,ocd-bill/0d402929-0173-4660-8533-de68c5615a2e
dc759825-49d8-44ee-b654-09ab996019e5,,https://www.gencourt.state.nh.us/bill_status/legacy/bs2016/bill_status.aspx?lsr=2620&sy=2024&sortoption=&txtsessionyear=2024,ocd-bill/ee59f8c8-934b-42bc-8e7b-430b8e537437
1204e577-693e-41c2-81b4-216b124f009d,,https://www.gencourt.state.nh.us/bill_status/legacy/bs2016/bill_status.aspx?lsr=3055&sy=2024&sortoption=&txtsessionyear=2024,ocd-bill/9c617c70-d56e-44d9-88b9-638029179577
dde6448b-d648-4808-af4c-d4a92cc25cd4,,https://www.gencourt.state.nh.us/bill_status/legacy/bs2016/bill_status.aspx?lsr=2155&sy=2024&sortoption=&txtsessionyear=2024,ocd-bill/dec10ed6-8ff4-4fbe-87d2-862b67b9d1dc
3a725c39-cbff-4869-bb5b-0777f280e250,,https://www.gencourt.state.nh.us/bill_status/legacy/bs2016/bill_status.aspx?lsr=3041&sy=2024&sortoption=&txtsessionyear=2024,ocd-bill/bafa082b-94bd-45a1-a79c-3b731736a58a
1d8b03f4-00f1-4322-b532-0453921e326d,,https://www.gencourt.state.nh.us/bill_status/legacy/bs2016/bill_status.aspx?lsr=0314&sy=2024&sortoption=&txtsessionyear=2024,ocd-bill/841b2cd8-aa7e-4ad2-bedb-8d1189ab2746
fd2e916b-04f5-4248-9205-bbe0caefd8ff,,https://www.gencourt.state.nh.us/bill_status/legacy/bs2016/bill_status.aspx?lsr=2262&sy=2024&sortoption=&txtsessionyear=2024,ocd-bill/3290538a-c534-4e69-9245-90a2fd725379
2d4dc217-1e01-4afa-8ed2-9557d4d4f6db,,https://www.gencourt.state.nh.us/bill_status/legacy/bs2016/bill_status.aspx?lsr=2282&sy=2024&sortoption=&txtsessionyear=2024,ocd-bill/c1eadac8-c4dc-4e5c-af95-4e25e3497d69
54014533-91c5-45fa-8ab1-fa540894ab3b,,https://www.gencourt.state.nh.us/bill_status/legacy/bs2016/bill_status.aspx?lsr=2213&sy=2024&sortoption=&txtsessionyear=2024,ocd-bill/9a97bee2-f45f-4fa9-a80b-f44761f85f3a
f078d5c1-8604-4056-aef3-f3cdfebf9122,,https://www.gencourt.state.nh.us/bill_status/legacy/bs2016/bill_status.aspx?lsr=2784&sy=2024&sortoption=&txtsessionyear=2024,ocd-bill/500dff4e-44b4-49b7-be86-117619d5c135
9a98d3a8-d496-492d-8198-4e4731004742,,https://www.gencourt.state.nh.us/bill_status/legacy/bs2016/bill_status.aspx?lsr=2305&sy=2024&sortoption=&txtsessionyear=2024,ocd-bill/7b86dc49-4b2a-4bd4-86f8-82938da090ec
102725e5-14c7-459f-802e-65916ac82b1c,,https://www.gencourt.state.nh.us/bill_status/legacy/bs2016/bill_status.aspx?lsr=2143&sy=2024&sortoption=&txtsessionyear=2024,ocd-bill/3fdeb3d9-99a6-43ac-8d8e-cc9baafe3dc9
1949ec17-2ec4-4b9f-9c95-f90954a47e10,,https://www.gencourt.state.nh.us/bill_status/legacy/bs2016/bill_status.aspx?lsr=2120&sy=2024&sortoption=&txtsessionyear=2024,ocd-bill/174e4f4b-10de-46e5-9591-eb0259b5ed1c
f235d996-f607-4927-9c8c-7dafaa0af699,,https://www.gencourt.state.nh.us/bill_status/legacy/bs2016/bill_status.aspx?lsr=2661&sy=2024&sortoption=&txtsessionyear=2024,ocd-bill/4d20a3ed-17ef-4cf1-9e04-352b6eac604a
3fdd0a30-6a8b-428e-abf0-953385fb7ed6,,https://www.gencourt.state.nh.us/bill_status/legacy/bs2016/bill_status.aspx?lsr=2065&sy=2024&sortoption=&txtsessionyear=2024,ocd-bill/de1825df-2a9e-4fe6-9fd5-4bdf0f3bae8c
c4472f3e-5ffd-4d1d-948b-c559a8cad96b,,https://www.gencourt.state.nh.us/bill_status/legacy/bs2016/bill_status.aspx?lsr=0463&sy=2024&sortoption=&txtsessionyear=2024,ocd-bill/ee3bf286-afda-4ab1-8b14-a4aaee2888b9
5256b3d8-5c2e-4825-bac5-a5170527a905,,https://www.gencourt.state.nh.us/bill_status/legacy/bs2016/bill_status.aspx?lsr=2491&sy=2024&sortoption=&txtsessionyear=2024,ocd-bill/e5d9fb27-709a-4000-b52c-5d442c8d84e6
29630449-ae63-4c35-b011-3d7577392a82,,https://www.gencourt.state.nh.us/bill_status/legacy/bs2016/bill_status.aspx?lsr=3036&sy=2024&sortoption=&txtsessionyear=2024,ocd-bill/d658b32b-8df8-4582-966f-9f6c11b5cba8
aab627c8-aa6e-459d-bce2-093a44031fef,,https://www.gencourt.state.nh.us/bill_status/legacy/bs2016/bill_status.aspx?lsr=2380&sy=2024&sortoption=&txtsessionyear=2024,ocd-bill/ba267e94-0869-4671-a72c-ffdf5a5a5132
6495fec0-2fb3-4011-8a06-8ce6a18fead1,,https://www.gencourt.state.nh.us/bill_status/legacy/bs2016/bill_status.aspx?lsr=2760&sy=2024&sortoption=&txtsessionyear=2024,ocd-bill/45552250-aba4-4f26-8b5e-13ce8d80e287
410a78c9-6c73-49b8-b24e-fd30d1bd2fc8,,https://www.gencourt.state.nh.us/bill_status/legacy/bs2016/bill_status.aspx?lsr=2241&sy=2024&sortoption=&txtsessionyear=2024,ocd-bill/14c56a98-2a4d-425e-af19-cba9cd55de66
fb791a1e-7d01-44d6-b944-c82271e706b3,,https://www.gencourt.state.nh.us/bill_status/legacy/bs2016/bill_status.aspx?lsr=2074&sy=2024&sortoption=&txtsessionyear=2024,ocd-bill/690d879a-9636-49ab-b305-3cd3d05d3639
6eff3a75-12e7-41ac-a93f-7be4930edfa6,,https://www.gencourt.state.nh.us/bill_status/legacy/bs2016/bill_status.aspx?lsr=2162&sy=2024&sortoption=&txtsessionyear=2024,ocd-bill/e806b0ba-21c9-4b2e-8d21-674230e6c687
412c8f70-04db-4644-bb05-1783d8915f74,,https://www.gencourt.state.nh.us/bill_status/legacy/bs2016/bill_status.aspx?lsr=2037&sy=2024&sortoption=&txtsessionyear=2024,ocd-bill/752007db-9c3d-4df5-be64-e1a01c6aeb6f
49399deb-53f4-48f0-8f9c-7eeb39f82f64,,https://www.gencourt.state.nh.us/bill_status/legacy/bs2016/bill_status.aspx?lsr=2129&sy=2024&sortoption=&txtsessionyear=2024,ocd-bill/ba6232a9-fdb6-4a67-bb6b-75af24903bbc
7d1ee50b-f436-45e1-a7ad-720f9b2f0b5f,,https://www.gencourt.state.nh.us/bill_status/legacy/bs2016/bill_status.aspx?lsr=2299&sy=2024&sortoption=&txtsessionyear=2024,ocd-bill/2eb121e2-928e-4536-99fe-484177191584
3191d553-dccc-4a3a-b1ba-5ca85c872591,,https://www.gencourt.state.nh.us/bill_status/legacy/bs2016/bill_status.aspx?lsr=2063&sy=2024&sortoption=&txtsessionyear=2024,ocd-bill/7b524016-a006-46aa-9700-72fd94ac26d8
7ff30417-9471-48cf-8cb2-fb439a426f1b,,https://www.gencourt.state.nh.us/bill_status/legacy/bs2016/bill_status.aspx?lsr=2059&sy=2024&sortoption=&txtsessionyear=2024,ocd-bill/72b00a1f-fcba-4834-bb64-cc88acb0e522
7896ddf4-39e2-4778-93c6-e07deaeaa688,,https://www.gencourt.state.nh.us/bill_status/legacy/bs2016/bill_status.aspx?lsr=2551&sy=2024&sortoption=&txtsessionyear=2024,ocd-bill/458319a3-f2ff-4b5c-9840-dd691e2ecb75
9e81ab31-8b99-4735-8f66-8a15613720ac,,https://www.gencourt.state.nh.us/bill_status/legacy/bs2016/bill_status.aspx?lsr=2824&sy=2024&sortoption=&txtsessionyear=2024,ocd-bill/5f88431a-4fa3-45ad-bb6e-dcebc350686b
c17954de-3a1f-417e-ab27-84dbfbb55b9b,,https://www.gencourt.state.nh.us/bill_status/legacy/bs2016/bill_status.aspx?lsr=3162&sy=2024&sortoption=&txtsessionyear=2024,ocd-bill/da3d5f04-c58c-40ba-965f-3280656f57fc
f91541c7-a214-46e1-919c-b73c4936c76a,,https://www.gencourt.state.nh.us/bill_status/legacy/bs2016/bill_status.aspx?lsr=3140&sy=2024&sortoption=&txtsessionyear=2024,ocd-bill/ab5bde3a-133d-4044-b66b-5c9bd59fb168
cce3efb1-4858-4370-aef1-d5e31f5fd06b,,https://www.gencourt.state.nh.us/bill_status/legacy/bs2016/bill_status.aspx?lsr=2334&sy=2024&sortoption=&txtsessionyear=2024,ocd-bill/57549cb8-0ec2-447e-874c-9153301cc21a
6ed01021-a19b-4e38-b86f-d28bf5925fa4,,https://www.gencourt.state.nh.us/bill_status/legacy/bs2016/bill_status.aspx?lsr=2776&sy=2024&sortoption=&txtsessionyear=2024,ocd-bill/84fee15b-eb84-4f85-9aef-6c885178908b
9af6b331-9d42-49b1-b800-4e28f2e8521e,,https://www.gencourt.state.nh.us/bill_status/legacy/bs2016/bill_status.aspx?lsr=2115&sy=2024&sortoption=&txtsessionyear=2024,ocd-bill/17e7b52a-30b8-4dd3-b01d-202a4ee0bf27
d50b76b1-06d3-4604-aae8-2a4f2f3ec067,,https://www.gencourt.state.nh.us/bill_status/legacy/bs2016/bill_status.aspx?lsr=2534&sy=2024&sortoption=&txtsessionyear=2024,ocd-bill/23203271-0efd-452c-a708-09b05527a531
fa29d5d1-0122-4948-9c4e-a708606d8650,,https://www.gencourt.state.nh.us/bill_status/legacy/bs2016/bill_status.aspx?lsr=2766&sy=2024&sortoption=&txtsessionyear=2024,ocd-bill/4107878c-2188-4ddf-99fe-9c12b90ab505
ca5c904f-0b53-4196-8416-46a336641d58,,https://www.gencourt.state.nh.us/bill_status/legacy/bs2016/bill_status.aspx?lsr=0060&sy=2024&sortoption=&txtsessionyear=2024,ocd-bill/19d23117-434e-481e-b709-0217099cbac4
0e4164d7-5615-418e-9383-ad8b87f45535,,https://www.gencourt.state.nh.us/bill_status/legacy/bs2016/bill_status.aspx?lsr=2406&sy=2024&sortoption=&txtsessionyear=2024,ocd-bill/490d5f15-3415-4760-b9fc-e6689abaffdc
62bb4877-450c-4c3c-9372-58835edf08a6,,https://www.gencourt.state.nh.us/bill_status/legacy/bs2016/bill_status.aspx?lsr=2164&sy=2024&sortoption=&txtsessionyear=2024,ocd-bill/4b0bc396-c981-42b9-9922-6247a0478a04
d2a0a6b5-dec2-4c4c-87db-fa80849448b0,,https://www.gencourt.state.nh.us/bill_status/legacy/bs2016/bill_status.aspx?lsr=2850&sy=2024&sortoption=&txtsessionyear=2024,ocd-bill/52759a9a-ad99-4f32-b819-cf60006c44f6
14907989-2690-46a6-b534-91969002d64b,,https://www.gencourt.state.nh.us/bill_status/legacy/bs2016/bill_status.aspx?lsr=2725&sy=2024&sortoption=&txtsessionyear=2024,ocd-bill/4ac79e8d-fa42-48f9-83bf-2effa0d4eee6
2e364588-db28-4953-b051-95fe5d8a294e,,https://www.gencourt.state.nh.us/bill_status/legacy/bs2016/bill_status.aspx?lsr=2443&sy=2024&sortoption=&txtsessionyear=2024,ocd-bill/407da57a-b86c-41b1-905c-61136183c902
62a3e8b8-1795-4169-ab96-aab95b0d7fc7,,https://www.gencourt.state.nh.us/bill_status/legacy/bs2016/bill_status.aspx?lsr=2577&sy=2024&sortoption=&txtsessionyear=2024,ocd-bill/b542254b-7dc3-4680-b511-93b745daaa8d
69e28a61-3488-4457-baef-79bdca8a9279,,https://www.gencourt.state.nh.us/bill_status/legacy/bs2016/bill_status.aspx?lsr=3154&sy=2024&sortoption=&txtsessionyear=2024,ocd-bill/b8adc666-ff1b-43a1-9135-b4ef1be8485f
f72af209-733d-4923-b317-7bef91a2802b,,https://www.gencourt.state.nh.us/bill_status/legacy/bs2016/bill_status.aspx?lsr=3001&sy=2024&sortoption=&txtsessionyear=2024,ocd-bill/806258a0-2d70-4f2f-b967-8b7229bd8c74
b9261c61-58ec-4870-876f-63f6c771c89a,,https://www.gencourt.state.nh.us/bill_status/legacy/bs2016/bill_status.aspx?lsr=2594&sy=2024&sortoption=&txtsessionyear=2024,ocd-bill/cd22f16d-396e-41a0-a90d-71e5c025c568
e4d7664f-7fd2-46b3-a2e3-e5779d9720b4,,https://www.gencourt.state.nh.us/bill_status/legacy/bs2016/bill_status.aspx?lsr=0071&sy=2024&sortoption=&txtsessionyear=2024,ocd-bill/df9f2d6f-f893-4606-8f5c-913b8b00cfba
34f72735-a12e-4474-9d16-8c441e6e24ea,,https://www.gencourt.state.nh.us/bill_status/legacy/bs2016/bill_status.aspx?lsr=2027&sy=2024&sortoption=&txtsessionyear=2024,ocd-bill/bb7d0417-3186-4dbd-a54a-eeaf24e14bf7
52191ab5-cdda-4eb2-98d3-d5c62e2dafc0,,https://www.gencourt.state.nh.us/bill_status/legacy/bs2016/bill_status.aspx?lsr=2407&sy=2024&sortoption=&txtsessionyear=2024,ocd-bill/aa44ac9e-f01f-41c3-bc60-5713e5a3b173
1a411d69-8d13-4470-9064-a06b4bd453e4,,https://www.gencourt.state.nh.us/bill_status/legacy/bs2016/bill_status.aspx?lsr=2552&sy=2024&sortoption=&txtsessionyear=2024,ocd-bill/0beb9b14-a86a-42ce-94fc-23bda7f27e4c
f48e87d1-4fa1-4afa-9c65-17d3b538e9f4,,https://www.gencourt.state.nh.us/bill_status/legacy/bs2016/bill_status.aspx?lsr=2528&sy=2024&sortoption=&txtsessionyear=2024,ocd-bill/d43d1e92-f690-4d33-8ec1-0c0b204a9c1f
e914cec6-04b0-412b-99bc-0e46bb850fec,,https://www.gencourt.state.nh.us/bill_status/legacy/bs2016/bill_status.aspx?lsr=2385&sy=2024&sortoption=&txtsessionyear=2024,ocd-bill/64b4731e-ce43-4519-ab2a-f3a4559e6b13
85a07a14-fecb-4497-9820-12260112cdc3,,https://www.gencourt.state.nh.us/bill_status/legacy/bs2016/bill_status.aspx?lsr=2686&sy=2024&sortoption=&txtsessionyear=2024,ocd-bill/01fcc151-0852-42c1-b598-076907737a5d
66bd3968-3e94-4455-bf73-d891d8da150c,,https://www.gencourt.state.nh.us/bill_status/legacy/bs2016/bill_status.aspx?lsr=2124&sy=2024&sortoption=&txtsessionyear=2024,ocd-bill/3e1db809-a25d-4200-b4e9-ad88f2082b32
b853e915-320b-4fac-9bf0-99a150971b6d,,https://www.gencourt.state.nh.us/bill_status/legacy/bs2016/bill_status.aspx?lsr=2496&sy=2024&sortoption=&txtsessionyear=2024,ocd-bill/5c4dce5c-9799-49fc-8958-e01186ae0d07
bbf385a6-7839-411f-be9f-7b2c63a8fedc,,https://www.gencourt.state.nh.us/bill_status/legacy/bs2016/bill_status.aspx?lsr=2655&sy=2024&sortoption=&txtsessionyear=2024,ocd-bill/8de96070-e898-4a47-8fee-0be331f16262
8f5bed71-3d44-4205-bbdb-d8781a059f97,,https://www.gencourt.state.nh.us/bill_status/legacy/bs2016/bill_status.aspx?lsr=2851&sy=2024&sortoption=&txtsessionyear=2024,ocd-bill/f9a17ad1-2715-4027-8ab0-f7fe068e48f1
97f04758-276d-4a28-a8a0-3b77476b46c0,,https://www.gencourt.state.nh.us/bill_status/legacy/bs2016/bill_status.aspx?lsr=0378&sy=2024&sortoption=&txtsessionyear=2024,ocd-bill/e8174fdd-b74c-4168-ac22-8ab4b803a0ec
e8be3853-f80b-4b4f-8029-c930bc81764c,,https://www.gencourt.state.nh.us/bill_status/legacy/bs2016/bill_status.aspx?lsr=2048&sy=2024&sortoption=&txtsessionyear=2024,ocd-bill/81eccf0e-dd00-4000-877d-32e6ed970dbf
a087ab07-9104-4811-86e7-fada4150a890,,https://www.gencourt.state.nh.us/bill_status/legacy/bs2016/bill_status.aspx?lsr=2695&sy=2024&sortoption=&txtsessionyear=2024,ocd-bill/f11027f2-ac25-4ecd-b6a8-b377369a97a5
93713c86-9f5c-44e4-a51b-54522ba280b2,,https://www.gencourt.state.nh.us/bill_status/legacy/bs2016/bill_status.aspx?lsr=2170&sy=2024&sortoption=&txtsessionyear=2024,ocd-bill/26bcea3d-1eb3-4077-a8a5-d475eda4c21f
7bdc96ae-0393-44bc-a2f8-e44e088f93b6,,https://www.gencourt.state.nh.us/bill_status/legacy/bs2016/bill_status.aspx?lsr=2199&sy=2024&sortoption=&txtsessionyear=2024,ocd-bill/e4d737fa-c319-4b3d-89f2-cf70df291cd6
f292ee84-c164-4f5f-9428-059db02503e8,,https://www.gencourt.state.nh.us/bill_status/legacy/bs2016/bill_status.aspx?lsr=2723&sy=2024&sortoption=&txtsessionyear=2024,ocd-bill/181871d9-b72c-40d2-8c5e-5ab76aacf293
2a6c8cc8-f551-42a9-af06-bb9c426d398e,,https://www.gencourt.state.nh.us/bill_status/legacy/bs2016/bill_status.aspx?lsr=2405&sy=2024&sortoption=&txtsessionyear=2024,ocd-bill/d2dfa821-9fa7-4640-9d72-56eabf23a124
050b2c5b-0c44-40e5-b374-b18775caca7b,,https://www.gencourt.state.nh.us/bill_status/legacy/bs2016/bill_status.aspx?lsr=2391&sy=2024&sortoption=&txtsessionyear=2024,ocd-bill/7d4963b0-7352-48a9-a8aa-308c1028cd64
25ff3a0b-5784-40c0-a00e-28154aef6e1a,,https://www.gencourt.state.nh.us/bill_status/legacy/bs2016/bill_status.aspx?lsr=2821&sy=2024&sortoption=&txtsessionyear=2024,ocd-bill/ee100a3a-175e-4896-90ec-96fdf1872e34
37568479-74a9-4719-b99c-b4b5902d2683,,https://www.gencourt.state.nh.us/bill_status/legacy/bs2016/bill_status.aspx?lsr=2720&sy=2024&sortoption=&txtsessionyear=2024,ocd-bill/9631cfbf-b042-42b7-814b-2bc051980966
4a2d4f83-7a75-479e-998a-ec5525cdbd45,,https://www.gencourt.state.nh.us/bill_status/legacy/bs2016/bill_status.aspx?lsr=2224&sy=2024&sortoption=&txtsessionyear=2024,ocd-bill/0ec00746-0a9d-43a4-a236-6bfe376e6d22
ff074bad-78eb-4a9b-bce3-f47f459441e5,,https://www.gencourt.state.nh.us/bill_status/legacy/bs2016/bill_status.aspx?lsr=2247&sy=2024&sortoption=&txtsessionyear=2024,ocd-bill/0543d0bd-90c5-4716-8f33-4bb7315e101c
5df42700-18dd-4fbc-a203-fd1234e66430,,https://www.gencourt.state.nh.us/bill_status/legacy/bs2016/bill_status.aspx?lsr=2563&sy=2024&sortoption=&txtsessionyear=2024,ocd-bill/9603d3ee-37d8-480c-81de-fb505562f846
f4ebb67d-85c7-4abb-b436-f44bf6b58aad,,https://www.gencourt.state.nh.us/bill_status/legacy/bs2016/bill_status.aspx?lsr=2267&sy=2024&sortoption=&txtsessionyear=2024,ocd-bill/78a0cc29-dbab-46c2-9c94-98c0b1fcd446
869ad5a5-e613-4a8d-8ac9-f7d6d6d2f2e4,,https://www.gencourt.state.nh.us/bill_status/legacy/bs2016/bill_status.aspx?lsr=2304&sy=2024&sortoption=&txtsessionyear=2024,ocd-bill/87f6c061-b5c6-44d9-bd9d-86c7ad099b3f
8e45b35e-9498-47b3-868f-9036a55205d8,,https://www.gencourt.state.nh.us/bill_status/legacy/bs2016/bill_status.aspx?lsr=2696&sy=2024&sortoption=&txtsessionyear=2024,ocd-bill/f3e3bc02-e3e6-4242-80ad-e992fe30b2ec
b50f377f-98cb-4816-a3b7-4e87deb9b5b6,,https://www.gencourt.state.nh.us/bill_status/legacy/bs2016/bill_status.aspx?lsr=0072&sy=2024&sortoption=&txtsessionyear=2024,ocd-bill/481ff2a5-8914-4119-a4e3-cd709ad4257d
cc538bfc-3493-4fb0-98ef-8b0ee8b0c3f5,,https://www.gencourt.state.nh.us/bill_status/legacy/bs2016/bill_status.aspx?lsr=2470&sy=2024&sortoption=&txtsessionyear=2024,ocd-bill/0a23db85-d951-46de-9b6b-87b0c915b4c8
4adb8a67-80b6-4f8b-a649-f9f7bffca967,,https://www.gencourt.state.nh.us/bill_status/legacy/bs2016/bill_status.aspx?lsr=2940&sy=2024&sortoption=&txtsessionyear=2024,ocd-bill/6a6d6074-26f5-4e05-8ab1-d3e9e27c93d9
ad0373ad-0b07-4f85-8cc8-764b147a20a9,,https://www.gencourt.state.nh.us/bill_status/legacy/bs2016/bill_status.aspx?lsr=3142&sy=2024&sortoption=&txtsessionyear=2024,ocd-bill/62867492-0680-408e-81d0-6d1cdd4d93bd
f3141ec6-1d57-46a1-8cc7-0dd616eac118,,https://www.gencourt.state.nh.us/bill_status/legacy/bs2016/bill_status.aspx?lsr=2053&sy=2024&sortoption=&txtsessionyear=2024,ocd-bill/e717d271-7e57-4d31-a309-aa14ec0aea16
9b4f7b85-3597-44ea-9028-0444c1c6d583,,https://www.gencourt.state.nh.us/bill_status/legacy/bs2016/bill_status.aspx?lsr=2541&sy=2024&sortoption=&txtsessionyear=2024,ocd-bill/8652cc06-446f-486f-98fe-d58aaca61073
caed7ba1-2a08-408d-a5f0-2a62b6af0aec,,https://www.gencourt.state.nh.us/bill_status/legacy/bs2016/bill_status.aspx?lsr=2106&sy=2024&sortoption=&txtsessionyear=2024,ocd-bill/cbdac979-eab6-46f6-9a07-59b2ee8dd253
75e30ea9-22ff-425d-bb81-fafded680920,,https://www.gencourt.state.nh.us/bill_status/legacy/bs2016/bill_status.aspx?lsr=2248&sy=2024&sortoption=&txtsessionyear=2024,ocd-bill/36f38879-6c1c-4e7c-8d70-865f0ea4fca3
2febc0ea-ad38-489b-845f-9e879b0fed05,,https://www.gencourt.state.nh.us/bill_status/legacy/bs2016/bill_status.aspx?lsr=2530&sy=2024&sortoption=&txtsessionyear=2024,ocd-bill/eeb3d858-1c30-42d3-9c69-82dce603b445
c7fe7277-484e-4fba-bd35-60d06ab76574,,https://www.gencourt.state.nh.us/bill_status/legacy/bs2016/bill_status.aspx?lsr=2335&sy=2024&sortoption=&txtsessionyear=2024,ocd-bill/6855bd47-a403-4d13-9987-857d74c6928e
4679f530-6ea4-473e-bdbc-84d26b73a441,,https://www.gencourt.state.nh.us/bill_status/legacy/bs2016/bill_status.aspx?lsr=2710&sy=2024&sortoption=&txtsessionyear=2024,ocd-bill/a584320e-4786-4770-9c0d-1f94ab10f95e
6d5b13f7-99ff-4a97-8d9b-2216dfe41a94,,https://www.gencourt.state.nh.us/bill_status/legacy/bs2016/bill_status.aspx?lsr=2625&sy=2024&sortoption=&txtsessionyear=2024,ocd-bill/3054cdb3-ecf5-441d-aa08-d7d73b55ef5c
4f8f2cac-76f1-444a-80d4-956f5369f3d1,,https://www.gencourt.state.nh.us/bill_status/legacy/bs2016/bill_status.aspx?lsr=2693&sy=2024&sortoption=&txtsessionyear=2024,ocd-bill/c5e2995b-0044-427b-bbf7-cb419e98e9a0
dcd1056a-2e7c-4f67-9a49-83574737e185,,https://www.gencourt.state.nh.us/bill_status/legacy/bs2016/bill_status.aspx?lsr=2643&sy=2024&sortoption=&txtsessionyear=2024,ocd-bill/951275dc-f76e-42c4-b4ef-b892626188da
81544cad-c41a-4179-88c4-67c5810800b0,,https://www.gencourt.state.nh.us/bill_status/legacy/bs2016/bill_status.aspx?lsr=2078&sy=2024&sortoption=&txtsessionyear=2024,ocd-bill/69335a96-2231-41ea-8c36-e619b93863eb
8de22079-07cd-4a2c-8a56-fec6df760e89,,https://www.gencourt.state.nh.us/bill_status/legacy/bs2016/bill_status.aspx?lsr=2746&sy=2024&sortoption=&txtsessionyear=2024,ocd-bill/111550b2-4abf-4604-bc34-a50395d950ec
e8d5caa8-ed06-48eb-b811-a340f29073bc,,https://www.gencourt.state.nh.us/bill_status/legacy/bs2016/bill_status.aspx?lsr=0244&sy=2024&sortoption=&txtsessionyear=2024,ocd-bill/23cc10b2-4d6b-474b-abf0-a7bf19ef54bd
c0e1f2da-d650-4ebb-b0fd-388d62c3762a,,https://www.gencourt.state.nh.us/bill_status/legacy/bs2016/bill_status.aspx?lsr=3052&sy=2024&sortoption=&txtsessionyear=2024,ocd-bill/ce0c6c67-e652-42f2-b52c-94c119174db5
5e716a4c-459c-44ed-aff4-c55d86814a3d,,https://www.gencourt.state.nh.us/bill_status/legacy/bs2016/bill_status.aspx?lsr=2975&sy=2024&sortoption=&txtsessionyear=2024,ocd-bill/f8f29f75-1df6-4743-b616-90fb8d52f464
14c42258-bef2-4635-bc92-4dd7721aad89,,https://www.gencourt.state.nh.us/bill_status/legacy/bs2016/bill_status.aspx?lsr=2961&sy=2024&sortoption=&txtsessionyear=2024,ocd-bill/8f271aaf-9da8-49e3-a1b8-b5afbe6e82f0
8b36470f-76e7-4442-820d-b3edacb72dc7,,https://www.gencourt.state.nh.us/bill_status/legacy/bs2016/bill_status.aspx?lsr=2228&sy=2024&sortoption=&txtsessionyear=2024,ocd-bill/9663b115-fde5-47e0-8295-a995143067cc
33306e45-7b2c-4ce4-bf52-c7a1b14563b6,,https://www.gencourt.state.nh.us/bill_status/legacy/bs2016/bill_status.aspx?lsr=3026&sy=2024&sortoption=&txtsessionyear=2024,ocd-bill/efb6b677-cb16-4247-bbd2-b581cd2e7035
1fcb0d14-85b1-48b7-819e-ee4836b2a487,,https://www.gencourt.state.nh.us/bill_status/legacy/bs2016/bill_status.aspx?lsr=3057&sy=2024&sortoption=&txtsessionyear=2024,ocd-bill/cbeb1c2d-1200-46b4-94fa-4505c40b4e43
be5e807d-2d72-4334-8bb0-5a6830235e44,,https://www.gencourt.state.nh.us/bill_status/legacy/bs2016/bill_status.aspx?lsr=2646&sy=2024&sortoption=&txtsessionyear=2024,ocd-bill/f99c380a-83e5-4a49-9a2c-8d134c6e8ca7
cccccf5c-d0cd-441c-a132-dc267b4e8045,,https://www.gencourt.state.nh.us/bill_status/legacy/bs2016/bill_status.aspx?lsr=2310&sy=2024&sortoption=&txtsessionyear=2024,ocd-bill/9f8ae535-165f-4df3-bbf2-b31a7c17bfce
a18fb6ef-8566-4962-904f-708e05df19ba,,https://www.gencourt.state.nh.us/bill_status/legacy/bs2016/bill_status.aspx?lsr=3120&sy=2024&sortoption=&txtsessionyear=2024,ocd-bill/bc658e97-4c97-44d0-8f89-5e1487715b06
025b5321-f328-420e-8af2-c2a11088a880,,https://www.gencourt.state.nh.us/bill_status/legacy/bs2016/bill_status.aspx?lsr=2939&sy=2024&sortoption=&txtsessionyear=2024,ocd-bill/fea23e1c-2e94-42ef-b839-8a6d6007b29d
3c856451-e21c-4451-add2-3fb901833f86,,https://www.gencourt.state.nh.us/bill_status/legacy/bs2016/bill_status.aspx?lsr=2018&sy=2024&sortoption=&txtsessionyear=2024,ocd-bill/7b3f2a75-6423-4b7a-a3bd-b690b9fe62ff
d62025ce-b344-40dc-85ed-49b65535b151,,https://www.gencourt.state.nh.us/bill_status/legacy/bs2016/bill_status.aspx?lsr=2914&sy=2024&sortoption=&txtsessionyear=2024,ocd-bill/b6bcc1f4-52b9-4648-b15c-6dc32783b3cf
09040b15-097c-48ff-8fff-c2ebc88b1af1,,https://www.gencourt.state.nh.us/bill_status/legacy/bs2016/bill_status.aspx?lsr=2959&sy=2024&sortoption=&txtsessionyear=2024,ocd-bill/f08b75bb-07cf-4b8a-8460-0b18606d5184
b90794e7-60f8-4842-a8e0-8b2e6a5baf02,,https://www.gencourt.state.nh.us/bill_status/legacy/bs2016/bill_status.aspx?lsr=2509&sy=2024&sortoption=&txtsessionyear=2024,ocd-bill/00675ff1-515b-4b2d-bc15-7b41a6ead79d
ef476cfb-18de-42d2-aaa3-8afcdafbf496,,https://www.gencourt.state.nh.us/bill_status/legacy/bs2016/bill_status.aspx?lsr=2016&sy=2024&sortoption=&txtsessionyear=2024,ocd-bill/2d55806c-6b34-4cc8-b965-655cfe5b5633
874d151e-0ce5-4275-8178-5d807fb2a52d,,https://www.gencourt.state.nh.us/bill_status/legacy/bs2016/bill_status.aspx?lsr=2051&sy=2024&sortoption=&txtsessionyear=2024,ocd-bill/33386184-0821-4dcd-93b6-4b7317620b2d
86cd5ca0-4e02-4d3e-8d14-e97dcb0a7f82,,https://www.gencourt.state.nh.us/bill_status/legacy/bs2016/bill_status.aspx?lsr=2104&sy=2024&sortoption=&txtsessionyear=2024,ocd-bill/717426de-1133-4110-bac9-288e5eb4b7fc
de620a64-819c-4874-babd-a3fae0dfcb11,,https://www.gencourt.state.nh.us/bill_status/legacy/bs2016/bill_status.aspx?lsr=2148&sy=2024&sortoption=&txtsessionyear=2024,ocd-bill/5e35e23c-27e7-413f-b1af-a6ca5cb23887
934c1bd3-3b8b-48bb-82c8-efb0ef0d1fe1,,https://www.gencourt.state.nh.us/bill_status/legacy/bs2016/bill_status.aspx?lsr=2814&sy=2024&sortoption=&txtsessionyear=2024,ocd-bill/b2414ae8-10de-44a3-b20b-6b1adcc1c1d4
5897b0fe-f4f4-441d-811a-c96e127eeece,,https://www.gencourt.state.nh.us/bill_status/legacy/bs2016/bill_status.aspx?lsr=2587&sy=2024&sortoption=&txtsessionyear=2024,ocd-bill/a3fe3daa-48ea-496c-b9d7-2847535e13fa
0ce1f952-099d-4d30-afa5-58531b9f33c6,,https://www.gencourt.state.nh.us/bill_status/legacy/bs2016/bill_status.aspx?lsr=2652&sy=2024&sortoption=&txtsessionyear=2024,ocd-bill/8740301c-4068-4d3d-8787-ebd48a9ed870
ed78b7a2-410c-4dde-9d19-54f32876036d,,https://www.gencourt.state.nh.us/bill_status/legacy/bs2016/bill_status.aspx?lsr=0941&sy=2024&sortoption=&txtsessionyear=2024,ocd-bill/7f899aa2-f18d-4e14-81a5-b79db795388c
