id,media_type,url,version_id
a9f987e9-ddbb-4064-972a-a8bcea98feb9,application/pdf,https://www.gencourt.state.nh.us/bill_status/legacy/bs2016/billText.aspx?sy=2024&id=1890&txtFormat=pdf&v=current,4d3ead79-b5f0-4c5b-b626-1502fff85fdf
3efb660a-b8b1-405e-b45a-d03d20c46f9d,text/html,https://www.gencourt.state.nh.us/bill_status/legacy/bs2016/billText.aspx?sy=2024&id=1890&txtFormat=html,4d3ead79-b5f0-4c5b-b626-1502fff85fdf
ce68722e-e003-48a6-8810-08927170501e,application/pdf,https://www.gencourt.state.nh.us/bill_status/legacy/bs2016/billText.aspx?sy=2024&id=1990&txtFormat=pdf&v=current,04561ee3-a820-4b60-9fa7-8872b9cf9c1d
9c98be6a-d531-4879-abb3-6b2c9ff2f981,text/html,https://www.gencourt.state.nh.us/bill_status/legacy/bs2016/billText.aspx?sy=2024&id=1990&txtFormat=html,04561ee3-a820-4b60-9fa7-8872b9cf9c1d
ec4d999f-01a4-4466-b73d-265e3c851966,application/pdf,https://www.gencourt.state.nh.us/bill_status/legacy/bs2016/billText.aspx?sy=2024&id=2023-0519s&txtFormat=amend,dfa6c3c2-b8ee-4938-a8b1-0f5a99a2ebad
7acde2e9-f1b6-4561-bff8-46396aa4664b,application/pdf,https://www.gencourt.state.nh.us/bill_status/legacy/bs2016/billText.aspx?sy=2024&id=1940&txtFormat=pdf&v=current,394b7aad-65ab-48f2-a265-6da7c0352657
5abf170f-f39b-456d-9fde-45df8913bad8,text/html,https://www.gencourt.state.nh.us/bill_status/legacy/bs2016/billText.aspx?sy=2024&id=1940&txtFormat=html,394b7aad-65ab-48f2-a265-6da7c0352657
9b1dacf0-2fe6-4c16-b901-2775013d3b81,application/pdf,https://www.gencourt.state.nh.us/bill_status/legacy/bs2016/billText.aspx?sy=2024&id=2024-1434s&txtFormat=amend,9f9900b9-609b-4910-85fd-a1c842ec0909
1ddc80d7-f5fd-4547-8d5b-20041f448b1c,application/pdf,https://www.gencourt.state.nh.us/bill_status/legacy/bs2016/billText.aspx?sy=2024&id=2163&txtFormat=pdf&v=current,ddccc40a-38c1-4866-b165-960d2fe76e3c
32ad2c6a-c87b-417d-9923-b23a934673f5,text/html,https://www.gencourt.state.nh.us/bill_status/legacy/bs2016/billText.aspx?sy=2024&id=2163&txtFormat=html,ddccc40a-38c1-4866-b165-960d2fe76e3c
ce3db541-0430-4c21-854d-2314821300c6,application/pdf,https://www.gencourt.state.nh.us/bill_status/legacy/bs2016/billText.aspx?sy=2024&id=1264&txtFormat=pdf&v=current,0cf62fd3-587d-456d-a8cf-fe99183994b3
ee047236-b153-44db-8759-a18c5337765e,text/html,https://www.gencourt.state.nh.us/bill_status/legacy/bs2016/billText.aspx?sy=2024&id=1264&txtFormat=html,0cf62fd3-587d-456d-a8cf-fe99183994b3
3f04484b-38aa-41e4-96f2-523115726f7d,application/pdf,https://www.gencourt.state.nh.us/bill_status/legacy/bs2016/billText.aspx?sy=2024&id=1106&txtFormat=pdf&v=current,6f91cee6-8720-46bb-93fd-1e174d1777e7
79f8870a-5084-4490-96af-3ada03a167e4,text/html,https://www.gencourt.state.nh.us/bill_status/legacy/bs2016/billText.aspx?sy=2024&id=1106&txtFormat=html,6f91cee6-8720-46bb-93fd-1e174d1777e7
3bd16a16-c7ac-47eb-b326-e815b5fb178b,application/pdf,https://www.gencourt.state.nh.us/bill_status/legacy/bs2016/billText.aspx?sy=2024&id=2023-0159h&txtFormat=amend,49d6e338-ed01-4c45-9f9c-62d547ca16f8
cadc470b-0c00-4eb1-b335-8f56e0d0153d,application/pdf,https://www.gencourt.state.nh.us/bill_status/legacy/bs2016/billText.aspx?sy=2024&id=1760&txtFormat=pdf&v=current,d0616b11-b191-4eb9-a8b8-492dbe1a2ce7
ddae80b5-8efc-4afe-bbb9-021ab9d16d99,text/html,https://www.gencourt.state.nh.us/bill_status/legacy/bs2016/billText.aspx?sy=2024&id=1760&txtFormat=html,d0616b11-b191-4eb9-a8b8-492dbe1a2ce7
31bddc62-0489-4728-86c3-b7f228b215fe,application/pdf,https://www.gencourt.state.nh.us/bill_status/legacy/bs2016/billText.aspx?sy=2024&id=2024-0237h&txtFormat=amend,7355dbc9-6b26-475f-9a1c-466c05cb3628
1135564a-28bf-4ec6-a42e-5964213e5b7c,application/pdf,https://www.gencourt.state.nh.us/bill_status/legacy/bs2016/billText.aspx?sy=2024&id=1255&txtFormat=pdf&v=current,63b0b049-64c7-4677-b445-8036f654f74c
85191156-e314-43a3-bd46-d47581f7d6ac,text/html,https://www.gencourt.state.nh.us/bill_status/legacy/bs2016/billText.aspx?sy=2024&id=1255&txtFormat=html,63b0b049-64c7-4677-b445-8036f654f74c
d8515bc5-8b81-4490-ac74-b327339d59d9,application/pdf,https://www.gencourt.state.nh.us/bill_status/legacy/bs2016/billText.aspx?sy=2024&id=1693&txtFormat=pdf&v=current,bae8b2b2-a931-49ad-8249-bba87f9ee316
2d088f59-19e0-4722-9aa9-8e846ce35624,text/html,https://www.gencourt.state.nh.us/bill_status/legacy/bs2016/billText.aspx?sy=2024&id=1693&txtFormat=html,bae8b2b2-a931-49ad-8249-bba87f9ee316
d04e2dc7-1c40-451d-a744-47f63698a3df,application/pdf,https://www.gencourt.state.nh.us/bill_status/legacy/bs2016/billText.aspx?sy=2024&id=1616&txtFormat=pdf&v=current,1fe5043f-1b3c-47df-b4ae-e62ed79dae3b
b10e0bba-04bb-46fe-8c31-3c0bad1b372e,text/html,https://www.gencourt.state.nh.us/bill_status/legacy/bs2016/billText.aspx?sy=2024&id=1616&txtFormat=html,1fe5043f-1b3c-47df-b4ae-e62ed79dae3b
ddef1c90-3fb8-44b4-b0c1-2b1b42d89bf7,application/pdf,https://www.gencourt.state.nh.us/bill_status/legacy/bs2016/billText.aspx?sy=2024&id=2024-0088e&txtFormat=amend,7acc668a-c256-49a9-acc5-bf346d578154
ad677017-6496-453e-bde4-bb92acc7f9f7,application/pdf,https://www.gencourt.state.nh.us/bill_status/legacy/bs2016/billText.aspx?sy=2024&id=2023-0586h&txtFormat=amend,f2225301-ba4b-4916-b065-df491b9434c2
5fd1993c-5f82-44ca-af8f-4aca3af173d7,application/pdf,https://www.gencourt.state.nh.us/bill_status/legacy/bs2016/billText.aspx?sy=2024&id=2024-0861s&txtFormat=amend,48cd78d6-de33-44e0-b107-bc5b47496e42
3c0c6ff7-f9ea-4f67-83f1-fc8c2b9e3772,application/pdf,https://www.gencourt.state.nh.us/bill_status/legacy/bs2016/billText.aspx?sy=2024&id=2181&txtFormat=pdf&v=current,1690b0e5-99f2-49e6-899b-4ee5b7c3b562
7ba3d050-94ff-448b-b6ff-b48608f51b50,text/html,https://www.gencourt.state.nh.us/bill_status/legacy/bs2016/billText.aspx?sy=2024&id=2181&txtFormat=html,1690b0e5-99f2-49e6-899b-4ee5b7c3b562
c3a981ba-04e1-44e9-8694-98476e7fe149,application/pdf,https://www.gencourt.state.nh.us/bill_status/legacy/bs2016/billText.aspx?sy=2024&id=2024-1040h&txtFormat=amend,8d7fbb4c-a823-4356-9240-c54eeaa39114
6b7e0fc3-3de0-4ff2-9fd7-28427fcf4a46,application/pdf,https://www.gencourt.state.nh.us/bill_status/legacy/bs2016/billText.aspx?sy=2024&id=1315&txtFormat=pdf&v=current,c35debe2-f672-4c78-85cf-ca8126219391
a098687e-2ccc-4925-b0d4-f9961ad01ada,text/html,https://www.gencourt.state.nh.us/bill_status/legacy/bs2016/billText.aspx?sy=2024&id=1315&txtFormat=html,c35debe2-f672-4c78-85cf-ca8126219391
23916715-69b3-4d52-8f6f-a3e144aed152,application/pdf,https://www.gencourt.state.nh.us/bill_status/legacy/bs2016/billText.aspx?sy=2024&id=1355&txtFormat=pdf&v=current,0c4b8580-8771-4e70-87db-3d639e7ca5c7
3b575e89-9bdd-4e7e-886b-2a0bbeca62eb,application/pdf,https://www.gencourt.state.nh.us/bill_status/legacy/bs2016/billText.aspx?sy=2024&id=1299&txtFormat=pdf&v=current,b545250f-7571-43b6-9e8b-69ed500b2fb8
f54a11b0-263b-4171-92b4-3d14168f34c5,text/html,https://www.gencourt.state.nh.us/bill_status/legacy/bs2016/billText.aspx?sy=2024&id=1299&txtFormat=html,b545250f-7571-43b6-9e8b-69ed500b2fb8
08015669-cfd3-4e30-a0bc-b53f424ab526,application/pdf,https://www.gencourt.state.nh.us/bill_status/legacy/bs2016/billText.aspx?sy=2024&id=2024-2336e&txtFormat=amend,45baffdb-a4fe-439b-b91c-084e8520cc44
5678f010-6c4c-41d1-8cf9-b285edda147e,application/pdf,https://www.gencourt.state.nh.us/bill_status/legacy/bs2016/billText.aspx?sy=2024&id=1400&txtFormat=pdf&v=current,c35e7cee-9874-4144-90e9-2a2c60a5bbc6
92571a02-16ce-46f2-b8e5-2c6f35badca8,text/html,https://www.gencourt.state.nh.us/bill_status/legacy/bs2016/billText.aspx?sy=2024&id=1400&txtFormat=html,c35e7cee-9874-4144-90e9-2a2c60a5bbc6
208d7604-14fe-411c-bfd3-17ba8bf89bd0,text/html,https://www.gencourt.state.nh.us/bill_status/legacy/bs2016/billText.aspx?sy=2024&id=1355&txtFormat=html,0c4b8580-8771-4e70-87db-3d639e7ca5c7
61925c50-96af-4583-ab43-bf02bc4aafd8,application/pdf,https://www.gencourt.state.nh.us/bill_status/legacy/bs2016/billText.aspx?sy=2024&id=2024-1740s&txtFormat=amend,a3bb90fe-953d-40b1-a5ef-64f74300e72a
fea20892-e007-46a2-8915-abeccbf22e46,application/pdf,https://www.gencourt.state.nh.us/bill_status/legacy/bs2016/billText.aspx?sy=2024&id=1743&txtFormat=pdf&v=current,9d2820f1-5c07-4922-8075-127c55c7e974
0eeaf2b6-4b88-4939-b3a1-a3c826f715eb,text/html,https://www.gencourt.state.nh.us/bill_status/legacy/bs2016/billText.aspx?sy=2024&id=1743&txtFormat=html,9d2820f1-5c07-4922-8075-127c55c7e974
131faea5-3ea0-4451-a0a7-1cf8d53d87a6,application/pdf,https://www.gencourt.state.nh.us/bill_status/legacy/bs2016/billText.aspx?sy=2024&id=1661&txtFormat=pdf&v=current,9e04ddfe-668c-43ed-a45f-81248bdbb2e6
f09d3349-b65a-468d-9ce3-b1b81497c542,text/html,https://www.gencourt.state.nh.us/bill_status/legacy/bs2016/billText.aspx?sy=2024&id=1661&txtFormat=html,9e04ddfe-668c-43ed-a45f-81248bdbb2e6
899433be-9c44-4918-a5c2-653cb863c7d2,application/pdf,https://www.gencourt.state.nh.us/bill_status/legacy/bs2016/billText.aspx?sy=2024&id=1908&txtFormat=pdf&v=current,a20f49f9-e845-432f-abcf-817a3fdcf394
293506dd-53cd-466b-8b88-ce2a5c2f7646,application/pdf,https://www.gencourt.state.nh.us/bill_status/legacy/bs2016/billText.aspx?sy=2024&id=1430&txtFormat=pdf&v=current,12cf841d-ff47-4c20-afab-9aa16a805aa5
85ad9ddb-9ec4-4f32-a8f4-3fc2896cbbd4,text/html,https://www.gencourt.state.nh.us/bill_status/legacy/bs2016/billText.aspx?sy=2024&id=1430&txtFormat=html,12cf841d-ff47-4c20-afab-9aa16a805aa5
9fb11364-1a13-4725-9a97-6ef47ff09944,text/html,https://www.gencourt.state.nh.us/bill_status/legacy/bs2016/billText.aspx?sy=2024&id=1908&txtFormat=html,a20f49f9-e845-432f-abcf-817a3fdcf394
d0631917-3690-416f-a626-90b9d2ead745,application/pdf,https://www.gencourt.state.nh.us/bill_status/legacy/bs2016/billText.aspx?sy=2024&id=1655&txtFormat=pdf&v=current,f880e05b-5f09-43d1-b29b-bf87c112702a
b34c63ab-7604-4fc3-9ea5-5d6409837629,text/html,https://www.gencourt.state.nh.us/bill_status/legacy/bs2016/billText.aspx?sy=2024&id=1655&txtFormat=html,f880e05b-5f09-43d1-b29b-bf87c112702a
4972104f-b82f-4172-bea4-626c74df4988,application/pdf,https://www.gencourt.state.nh.us/bill_status/legacy/bs2016/billText.aspx?sy=2024&id=2023-2324h&txtFormat=amend,08337d2e-e7ba-4f9c-b5e4-fa02e64c86b6
a4f88f3a-8e20-49cc-89ba-194992c35039,application/pdf,https://www.gencourt.state.nh.us/bill_status/legacy/bs2016/billText.aspx?sy=2024&id=2267&txtFormat=pdf&v=current,9d4bc067-5d2d-45c4-97e0-5d7642cd1484
6a7a9b54-0db4-41ed-b31d-7175f8219329,text/html,https://www.gencourt.state.nh.us/bill_status/legacy/bs2016/billText.aspx?sy=2024&id=2267&txtFormat=html,9d4bc067-5d2d-45c4-97e0-5d7642cd1484
dea81a0a-36ec-4cc5-b9e5-f7b63ebeae21,application/pdf,https://www.gencourt.state.nh.us/bill_status/legacy/bs2016/billText.aspx?sy=2024&id=2024-2344e&txtFormat=amend,2ef645a3-e3e7-4e0a-b286-9b40441f7f90
f4dcc91e-44e8-4119-9a6a-e4a46d536ce6,application/pdf,https://www.gencourt.state.nh.us/bill_status/legacy/bs2016/billText.aspx?sy=2024&id=1182&txtFormat=pdf&v=current,2167fe1c-a692-4e67-8059-3d3517f017f4
857e789a-b3a0-4127-ae11-8a013470710d,text/html,https://www.gencourt.state.nh.us/bill_status/legacy/bs2016/billText.aspx?sy=2024&id=1182&txtFormat=html,2167fe1c-a692-4e67-8059-3d3517f017f4
997f6ece-f999-4af6-a2fd-488c7e39315a,application/pdf,https://www.gencourt.state.nh.us/bill_status/legacy/bs2016/billText.aspx?sy=2024&id=2024-1723s&txtFormat=amend,8f11ca76-57c0-4c69-87c3-37a11745db95
633b124f-fda8-45ac-a00e-02341b1356c5,application/pdf,https://www.gencourt.state.nh.us/bill_status/legacy/bs2016/billText.aspx?sy=2024&id=1506&txtFormat=pdf&v=current,a1ccaa12-5646-414c-a02a-45a195a94341
7e2311c6-e8f8-4e5c-9daf-58a34e2256d2,application/pdf,https://www.gencourt.state.nh.us/bill_status/legacy/bs2016/billText.aspx?sy=2024&id=1504&txtFormat=pdf&v=current,3bdfb0e6-d432-40f8-9f00-4bb907b96138
645400b9-a8a1-430e-a405-eb2d0df987cb,text/html,https://www.gencourt.state.nh.us/bill_status/legacy/bs2016/billText.aspx?sy=2024&id=1506&txtFormat=html,a1ccaa12-5646-414c-a02a-45a195a94341
b349894f-21d9-414e-959d-c444e4516403,text/html,https://www.gencourt.state.nh.us/bill_status/legacy/bs2016/billText.aspx?sy=2024&id=1504&txtFormat=html,3bdfb0e6-d432-40f8-9f00-4bb907b96138
20555b5f-7d1d-4544-b919-c54b5f218e3a,application/pdf,https://www.gencourt.state.nh.us/bill_status/legacy/bs2016/billText.aspx?sy=2024&id=2024-1969s&txtFormat=amend,e3e3411d-ac3f-4975-8643-e19a1447a51f
524c5b44-629f-480f-aa3f-f7ddaa5d8ee9,application/pdf,https://www.gencourt.state.nh.us/bill_status/legacy/bs2016/billText.aspx?sy=2024&id=2024-2155s&txtFormat=amend,fbd589f3-ba54-4d22-9dfd-3fc8a67c7a0c
b0865dae-8d3c-4fc1-921f-36a6fc89bba6,application/pdf,https://www.gencourt.state.nh.us/bill_status/legacy/bs2016/billText.aspx?sy=2024&id=1163&txtFormat=pdf&v=current,de042da4-335f-4364-9b73-350b41c34a09
527c2696-6aa0-431f-a0de-ae8322a30752,text/html,https://www.gencourt.state.nh.us/bill_status/legacy/bs2016/billText.aspx?sy=2024&id=1163&txtFormat=html,de042da4-335f-4364-9b73-350b41c34a09
2250ccd4-085a-4d0c-9286-7efbb0af34c8,application/pdf,https://www.gencourt.state.nh.us/bill_status/legacy/bs2016/billText.aspx?sy=2024&id=2024-1966s&txtFormat=amend,1931fff1-dd62-4abe-82b6-e64f61f5db5d
267c5dab-e845-4722-9383-640055ab6f52,application/pdf,https://www.gencourt.state.nh.us/bill_status/legacy/bs2016/billText.aspx?sy=2024&id=1409&txtFormat=pdf&v=current,192dbe62-9bcc-49b0-9ad9-35c81f0e9202
6bf5f26f-c89f-4723-b3df-b3b05fdd1c88,text/html,https://www.gencourt.state.nh.us/bill_status/legacy/bs2016/billText.aspx?sy=2024&id=1409&txtFormat=html,192dbe62-9bcc-49b0-9ad9-35c81f0e9202
59356c70-e7bb-4079-9a02-e26cf873687f,application/pdf,https://www.gencourt.state.nh.us/bill_status/legacy/bs2016/billText.aspx?sy=2024&id=1396&txtFormat=pdf&v=current,b7c22104-3ffd-4558-8090-7d9a55128e96
10f17f3d-7b2c-4565-bc8f-4bba9981fdde,text/html,https://www.gencourt.state.nh.us/bill_status/legacy/bs2016/billText.aspx?sy=2024&id=1396&txtFormat=html,b7c22104-3ffd-4558-8090-7d9a55128e96
35556a03-7dc0-41cf-a0f7-75fca7de74f3,application/pdf,https://www.gencourt.state.nh.us/bill_status/legacy/bs2016/billText.aspx?sy=2024&id=1708&txtFormat=pdf&v=current,34a61e85-a088-4acf-a2b5-2fc346802135
b1a8cee0-1c72-4de3-a6f1-5a5a9cb83c95,application/pdf,https://www.gencourt.state.nh.us/bill_status/legacy/bs2016/billText.aspx?sy=2024&id=1112&txtFormat=pdf&v=current,32bd3d19-ac77-4adb-a8a7-3e29a4cfcec8
cd223e57-498c-446a-a96d-f6f60b1ddc63,text/html,https://www.gencourt.state.nh.us/bill_status/legacy/bs2016/billText.aspx?sy=2024&id=1112&txtFormat=html,32bd3d19-ac77-4adb-a8a7-3e29a4cfcec8
63c52dbf-a0a0-4590-aae8-b062086b03be,text/html,https://www.gencourt.state.nh.us/bill_status/legacy/bs2016/billText.aspx?sy=2024&id=1708&txtFormat=html,34a61e85-a088-4acf-a2b5-2fc346802135
cbfc5258-e062-439b-94d8-030560669983,application/pdf,https://www.gencourt.state.nh.us/bill_status/legacy/bs2016/billText.aspx?sy=2024&id=2024-1564s&txtFormat=amend,7916c1bb-b44f-4e1e-a479-6c2c12402ab9
1d63196d-95c5-4419-9914-5b0f1c7e6f99,application/pdf,https://www.gencourt.state.nh.us/bill_status/legacy/bs2016/billText.aspx?sy=2024&id=1499&txtFormat=pdf&v=current,2bb5970e-ba52-45d2-a654-6be950dff1dc
a24beec8-939d-4bce-8e3f-aa8dad1a7400,text/html,https://www.gencourt.state.nh.us/bill_status/legacy/bs2016/billText.aspx?sy=2024&id=1499&txtFormat=html,2bb5970e-ba52-45d2-a654-6be950dff1dc
10ce643a-362f-4028-b6ad-8c2ec4f56e2b,application/pdf,https://www.gencourt.state.nh.us/bill_status/legacy/bs2016/billText.aspx?sy=2024&id=1206&txtFormat=pdf&v=current,6fb796ba-6006-4cc1-b9c9-946c3065e784
1c24104e-a288-441f-8709-c1f673b6a5f9,text/html,https://www.gencourt.state.nh.us/bill_status/legacy/bs2016/billText.aspx?sy=2024&id=1206&txtFormat=html,6fb796ba-6006-4cc1-b9c9-946c3065e784
bb1debff-8e74-423f-84bc-0f1f6ca93905,application/pdf,https://www.gencourt.state.nh.us/bill_status/legacy/bs2016/billText.aspx?sy=2024&id=2024-0894h&txtFormat=amend,5f6ef70a-9447-4d68-9661-066f130eae89
cd9ae661-9321-4485-9218-57944fc91ee8,application/pdf,https://www.gencourt.state.nh.us/bill_status/legacy/bs2016/billText.aspx?sy=2024&id=1278&txtFormat=pdf&v=current,d728e639-fcf2-4aed-af78-3eb60a082567
caabd33f-b98a-4f87-846c-11157014d598,text/html,https://www.gencourt.state.nh.us/bill_status/legacy/bs2016/billText.aspx?sy=2024&id=1278&txtFormat=html,d728e639-fcf2-4aed-af78-3eb60a082567
a45f2321-752e-4dcb-a791-aa221b41fec1,application/pdf,https://www.gencourt.state.nh.us/bill_status/legacy/bs2016/billText.aspx?sy=2024&id=2024-2322e&txtFormat=amend,82035365-38ee-4332-afcd-e72b7b0a6b4d
3b599342-3ed4-45e4-87f8-5bec3a310a32,application/pdf,https://www.gencourt.state.nh.us/bill_status/legacy/bs2016/billText.aspx?sy=2024&id=1453&txtFormat=pdf&v=current,c2197dd2-d2ac-459c-8db5-7bf74deb10fe
5fb209dd-6944-40cf-8c42-f1624230dd37,text/html,https://www.gencourt.state.nh.us/bill_status/legacy/bs2016/billText.aspx?sy=2024&id=1453&txtFormat=html,c2197dd2-d2ac-459c-8db5-7bf74deb10fe
4f458296-0842-4a2a-b2cc-67c1a4f2c48b,application/pdf,https://www.gencourt.state.nh.us/bill_status/legacy/bs2016/billText.aspx?sy=2024&id=1843&txtFormat=pdf&v=current,85fd1a97-61da-4521-9e86-e98d9186ba98
e8e46b39-4c8b-4ef5-a821-8d51f60e1280,application/pdf,https://www.gencourt.state.nh.us/bill_status/legacy/bs2016/billText.aspx?sy=2024&id=2024-0506h&txtFormat=amend,c95aa7f7-aeab-4b1f-a53b-103bcd8288b9
68b0fbf6-20a5-487d-8636-7b5c1bdb09e5,application/pdf,https://www.gencourt.state.nh.us/bill_status/legacy/bs2016/billText.aspx?sy=2024&id=1851&txtFormat=pdf&v=current,af51c2ae-36d8-4e0f-a913-3cd7c19ee603
39be4a73-0a14-42b8-b28a-5fd3910d54bd,text/html,https://www.gencourt.state.nh.us/bill_status/legacy/bs2016/billText.aspx?sy=2024&id=1851&txtFormat=html,af51c2ae-36d8-4e0f-a913-3cd7c19ee603
f7fd7e72-00a4-421c-a38c-c3736bf79f03,application/pdf,https://www.gencourt.state.nh.us/bill_status/legacy/bs2016/billText.aspx?sy=2024&id=2032&txtFormat=pdf&v=current,1d41eefe-8b0b-4d9c-a05b-62e1a549e8a5
7cd3d99f-9150-4c67-8e11-b08e168af875,text/html,https://www.gencourt.state.nh.us/bill_status/legacy/bs2016/billText.aspx?sy=2024&id=2032&txtFormat=html,1d41eefe-8b0b-4d9c-a05b-62e1a549e8a5
e56b8746-d2d1-41a4-b7af-275f86037341,text/html,https://www.gencourt.state.nh.us/bill_status/legacy/bs2016/billText.aspx?sy=2024&id=1843&txtFormat=html,85fd1a97-61da-4521-9e86-e98d9186ba98
2f0f70f1-c522-4c25-91cf-90b5c44ee902,application/pdf,https://www.gencourt.state.nh.us/bill_status/legacy/bs2016/billText.aspx?sy=2024&id=1116&txtFormat=pdf&v=current,c5c25ba5-d1ed-409e-9991-c4a333d9d789
7ecb7532-9154-490f-8595-8f1f98464051,application/pdf,https://www.gencourt.state.nh.us/bill_status/legacy/bs2016/billText.aspx?sy=2024&id=1754&txtFormat=pdf&v=current,692b7641-4fce-4bad-878c-6895b61bc5c8
085236bc-8d76-4bf2-92c9-725616d15f30,text/html,https://www.gencourt.state.nh.us/bill_status/legacy/bs2016/billText.aspx?sy=2024&id=1754&txtFormat=html,692b7641-4fce-4bad-878c-6895b61bc5c8
56413e77-c520-4931-b5a7-6f7cc018d35c,application/pdf,https://www.gencourt.state.nh.us/bill_status/legacy/bs2016/billText.aspx?sy=2024&id=2024-1038h&txtFormat=amend,96db0f80-3b3e-40af-98e4-9e41d279f0e6
38d164cd-2fe3-49fc-9091-0a0d0a382388,application/pdf,https://www.gencourt.state.nh.us/bill_status/legacy/bs2016/billText.aspx?sy=2024&id=1831&txtFormat=pdf&v=current,7035a9c9-0103-4445-a975-0b695b6c9fcd
ed9ae871-51b4-4e83-bbcd-5ffac8013003,text/html,https://www.gencourt.state.nh.us/bill_status/legacy/bs2016/billText.aspx?sy=2024&id=1831&txtFormat=html,7035a9c9-0103-4445-a975-0b695b6c9fcd
de7d32a7-991d-480a-be19-05df84f9dee6,application/pdf,https://www.gencourt.state.nh.us/bill_status/legacy/bs2016/billText.aspx?sy=2024&id=2024-1707s&txtFormat=amend,a6efa970-55e0-4346-a49d-9e73ac7e2833
873a651f-a9b9-4345-a037-0e5e09dcd9a1,application/pdf,https://www.gencourt.state.nh.us/bill_status/legacy/bs2016/billText.aspx?sy=2024&id=1226&txtFormat=pdf&v=current,7a6d481e-5655-4224-9284-50379bc4668b
9006c5f0-c444-4879-a6ed-527561daa0ec,text/html,https://www.gencourt.state.nh.us/bill_status/legacy/bs2016/billText.aspx?sy=2024&id=1226&txtFormat=html,7a6d481e-5655-4224-9284-50379bc4668b
e2378c49-05f1-4cef-aefd-743097acb6b1,application/pdf,https://www.gencourt.state.nh.us/bill_status/legacy/bs2016/billText.aspx?sy=2024&id=1887&txtFormat=pdf&v=current,140c8bd4-8775-463a-87c8-48fa4710555d
e116f977-5747-46a4-9637-0e166014b5eb,text/html,https://www.gencourt.state.nh.us/bill_status/legacy/bs2016/billText.aspx?sy=2024&id=1887&txtFormat=html,140c8bd4-8775-463a-87c8-48fa4710555d
d4beea60-c19d-45b9-a30c-3b00fce3bc97,text/html,https://www.gencourt.state.nh.us/bill_status/legacy/bs2016/billText.aspx?sy=2024&id=1116&txtFormat=html,c5c25ba5-d1ed-409e-9991-c4a333d9d789
d8e544e3-e303-4ed1-8b6d-7b0eb286f529,application/pdf,https://www.gencourt.state.nh.us/bill_status/legacy/bs2016/billText.aspx?sy=2024&id=2023-2438h&txtFormat=amend,c03bb1fa-ef34-4c99-8a50-1ffaa16341ba
81cc73fa-374f-4984-af67-acd9807c52b7,application/pdf,https://www.gencourt.state.nh.us/bill_status/legacy/bs2016/billText.aspx?sy=2024&id=2023-2458h&txtFormat=amend,d54657c4-82d5-45b3-93e5-7cef96bb43ee
185d6a4d-0f0b-41da-99f1-091423069755,application/pdf,https://www.gencourt.state.nh.us/bill_status/legacy/bs2016/billText.aspx?sy=2024&id=1329&txtFormat=pdf&v=current,8573b615-792f-4fed-80fe-b2bd37767f36
2b857792-ab80-4945-827f-32ada6efab07,application/pdf,https://www.gencourt.state.nh.us/bill_status/legacy/bs2016/billText.aspx?sy=2024&id=2053&txtFormat=pdf&v=current,0470990f-3443-467b-83f6-350c573494b5
92d8085e-20bc-4ecf-8abd-bab862d1d1ab,text/html,https://www.gencourt.state.nh.us/bill_status/legacy/bs2016/billText.aspx?sy=2024&id=2053&txtFormat=html,0470990f-3443-467b-83f6-350c573494b5
003a29ba-b532-4c97-bef2-c894d9a4a6ce,text/html,https://www.gencourt.state.nh.us/bill_status/legacy/bs2016/billText.aspx?sy=2024&id=1329&txtFormat=html,8573b615-792f-4fed-80fe-b2bd37767f36
2a368705-f5f2-4c47-997d-3a831c3b94be,application/pdf,https://www.gencourt.state.nh.us/bill_status/legacy/bs2016/billText.aspx?sy=2024&id=2024-0147s&txtFormat=amend,0115030b-8a11-4fcd-861a-836505ad82cd
c3a45ee0-1a61-48d1-a746-10fa6171580b,application/pdf,https://www.gencourt.state.nh.us/bill_status/legacy/bs2016/billText.aspx?sy=2024&id=2108&txtFormat=pdf&v=current,a168a73f-69b1-43c3-bf1a-2438e67696ed
6171178a-d3eb-4409-bfcc-3447aece695d,text/html,https://www.gencourt.state.nh.us/bill_status/legacy/bs2016/billText.aspx?sy=2024&id=2108&txtFormat=html,a168a73f-69b1-43c3-bf1a-2438e67696ed
3f472158-8e97-4828-9259-455c51073ac5,application/pdf,https://www.gencourt.state.nh.us/bill_status/legacy/bs2016/billText.aspx?sy=2024&id=2024-1525s&txtFormat=amend,7c3c5fa7-3cc9-499a-83db-5432f7420722
88e5093f-388f-4e48-b3be-72376f75e9e1,application/pdf,https://www.gencourt.state.nh.us/bill_status/legacy/bs2016/billText.aspx?sy=2024&id=1830&txtFormat=pdf&v=current,260b466a-c443-49c1-846d-5989629de5c6
0bb5dbfe-01dd-4bb5-b404-81cf43590ff8,text/html,https://www.gencourt.state.nh.us/bill_status/legacy/bs2016/billText.aspx?sy=2024&id=1830&txtFormat=html,260b466a-c443-49c1-846d-5989629de5c6
f7125b73-aa2e-4037-9d4a-9d07055df914,application/pdf,https://www.gencourt.state.nh.us/bill_status/legacy/bs2016/billText.aspx?sy=2024&id=2245&txtFormat=pdf&v=current,efb58e05-cdae-45b9-aeb6-48a7bcd53697
706b712e-5e15-4e35-bd6c-b6d7d0e7f43d,text/html,https://www.gencourt.state.nh.us/bill_status/legacy/bs2016/billText.aspx?sy=2024&id=2245&txtFormat=html,efb58e05-cdae-45b9-aeb6-48a7bcd53697
30b7ab03-a9e5-4279-b68a-4f13c34ec277,application/pdf,https://www.gencourt.state.nh.us/bill_status/legacy/bs2016/billText.aspx?sy=2024&id=2024-0099h&txtFormat=amend,ad264b29-6526-4f22-b319-0537f23a91a4
61e1748a-2a45-452d-908a-971b14865bcb,application/pdf,https://www.gencourt.state.nh.us/bill_status/legacy/bs2016/billText.aspx?sy=2024&id=1971&txtFormat=pdf&v=current,3a911470-7a43-46ce-927b-3a6dd9d82487
48c646fc-2624-45d8-8027-eba8479814ff,text/html,https://www.gencourt.state.nh.us/bill_status/legacy/bs2016/billText.aspx?sy=2024&id=1971&txtFormat=html,3a911470-7a43-46ce-927b-3a6dd9d82487
adf9d0be-b97f-45df-9c8c-73f24a854e90,application/pdf,https://www.gencourt.state.nh.us/bill_status/legacy/bs2016/billText.aspx?sy=2024&id=1199&txtFormat=pdf&v=current,4d95c952-7b46-474f-841f-cbd6cf608dbc
cf080894-61bf-408e-aada-12ad8603f3fd,text/html,https://www.gencourt.state.nh.us/bill_status/legacy/bs2016/billText.aspx?sy=2024&id=1199&txtFormat=html,4d95c952-7b46-474f-841f-cbd6cf608dbc
415fbd55-3748-44e5-8249-2a6d6485cabf,application/pdf,https://www.gencourt.state.nh.us/bill_status/legacy/bs2016/billText.aspx?sy=2024&id=2188&txtFormat=pdf&v=current,4b97e9b8-4217-4b67-9270-4b29f7916778
5cb0ee1d-8b7b-4884-a9d2-267c1d8bddaa,text/html,https://www.gencourt.state.nh.us/bill_status/legacy/bs2016/billText.aspx?sy=2024&id=2188&txtFormat=html,4b97e9b8-4217-4b67-9270-4b29f7916778
2fcd3fea-3bad-48aa-9a7f-384e28d0482d,application/pdf,https://www.gencourt.state.nh.us/bill_status/legacy/bs2016/billText.aspx?sy=2024&id=1818&txtFormat=pdf&v=current,6b1fd435-4522-4907-97b3-5a8a062e01f3
0ee9a83d-7504-44ee-99f1-11f9774cb3d9,text/html,https://www.gencourt.state.nh.us/bill_status/legacy/bs2016/billText.aspx?sy=2024&id=1818&txtFormat=html,6b1fd435-4522-4907-97b3-5a8a062e01f3
53614baa-92cb-41ce-a93c-7e50d3a050c9,application/pdf,https://www.gencourt.state.nh.us/bill_status/legacy/bs2016/billText.aspx?sy=2024&id=1442&txtFormat=pdf&v=current,5565f501-4705-4301-8b1f-471a5f382d4c
e8ded3aa-7244-464f-84f5-72376960718a,text/html,https://www.gencourt.state.nh.us/bill_status/legacy/bs2016/billText.aspx?sy=2024&id=1442&txtFormat=html,5565f501-4705-4301-8b1f-471a5f382d4c
dd7eaa21-653b-4ef0-83af-0fed630c92b3,application/pdf,https://www.gencourt.state.nh.us/bill_status/legacy/bs2016/billText.aspx?sy=2024&id=2024-0269h&txtFormat=amend,561916e3-899d-45e5-986c-c2258e2229df
d44c689d-924e-4b3e-9738-0fb803cfdca0,application/pdf,https://www.gencourt.state.nh.us/bill_status/legacy/bs2016/billText.aspx?sy=2024&id=2024-0209h&txtFormat=amend,20e7941e-5eb7-41b1-b8a0-23d2f6ab1f1c
6ee29e8d-5def-4724-9b49-3f6fbc398379,application/pdf,https://www.gencourt.state.nh.us/bill_status/legacy/bs2016/billText.aspx?sy=2024&id=1460&txtFormat=pdf&v=current,fbe05c51-1783-46d0-87f8-291f51b69ce2
7c70d229-aeae-43a2-b93b-60a86abd7e90,text/html,https://www.gencourt.state.nh.us/bill_status/legacy/bs2016/billText.aspx?sy=2024&id=1460&txtFormat=html,fbe05c51-1783-46d0-87f8-291f51b69ce2
a11dd819-5db6-4857-9b2d-306cc756d390,application/pdf,https://www.gencourt.state.nh.us/bill_status/legacy/bs2016/billText.aspx?sy=2024&id=1459&txtFormat=pdf&v=current,4c29a542-da64-4134-9db7-bc2137df3141
27a8d518-7847-43bf-a11d-7c054bce463b,text/html,https://www.gencourt.state.nh.us/bill_status/legacy/bs2016/billText.aspx?sy=2024&id=1459&txtFormat=html,4c29a542-da64-4134-9db7-bc2137df3141
d6141d01-47a0-4318-aa6e-32c5098e7712,application/pdf,https://www.gencourt.state.nh.us/bill_status/legacy/bs2016/billText.aspx?sy=2024&id=2024-1643s&txtFormat=amend,a0f11fb4-cc35-4dd3-8dcb-298f9d2226c8
fc8d1396-c327-4b85-8391-fb6aae524f0b,application/pdf,https://www.gencourt.state.nh.us/bill_status/legacy/bs2016/billText.aspx?sy=2024&id=1576&txtFormat=pdf&v=current,4a8a31ea-22ec-48b0-8952-d381f33fdce1
d1011f01-72db-4d3e-910c-33a6ffe5f489,text/html,https://www.gencourt.state.nh.us/bill_status/legacy/bs2016/billText.aspx?sy=2024&id=1576&txtFormat=html,4a8a31ea-22ec-48b0-8952-d381f33fdce1
ed37a92d-32fa-4ea1-9625-a3769b8df1b3,application/pdf,https://www.gencourt.state.nh.us/bill_status/legacy/bs2016/billText.aspx?sy=2024&id=2024-1560s&txtFormat=amend,470a379d-aec3-444c-b273-73aeef3240ee
d500c431-bb98-404d-9b18-fb52894fd07e,application/pdf,https://www.gencourt.state.nh.us/bill_status/legacy/bs2016/billText.aspx?sy=2024&id=1169&txtFormat=pdf&v=current,69ae69e2-1522-4d2a-8cc7-5aa8bdf5e442
f49bf84c-f4dd-4941-b210-877fa8725a18,text/html,https://www.gencourt.state.nh.us/bill_status/legacy/bs2016/billText.aspx?sy=2024&id=1169&txtFormat=html,69ae69e2-1522-4d2a-8cc7-5aa8bdf5e442
d7e07f5c-0e0b-4d56-b387-9c2d37b4f2f3,application/pdf,https://www.gencourt.state.nh.us/bill_status/legacy/bs2016/billText.aspx?sy=2024&id=2024-1561s&txtFormat=amend,e363ca01-4ea3-4c24-870b-bce04db16a93
0b635633-4d2c-4601-8e2f-086aac37d4ad,application/pdf,https://www.gencourt.state.nh.us/bill_status/legacy/bs2016/billText.aspx?sy=2024&id=1178&txtFormat=pdf&v=current,23f229d4-a41b-48de-908f-b890a59ce8a3
90486607-8927-4f78-9755-c4e4dbde794c,text/html,https://www.gencourt.state.nh.us/bill_status/legacy/bs2016/billText.aspx?sy=2024&id=1178&txtFormat=html,23f229d4-a41b-48de-908f-b890a59ce8a3
f225bc46-a1f2-4076-8982-7d38983cd2bf,application/pdf,https://www.gencourt.state.nh.us/bill_status/legacy/bs2016/billText.aspx?sy=2024&id=1872&txtFormat=pdf&v=current,dcdcb726-50ef-4838-9afd-efb9dfc343b6
46f4f979-fb9a-45f0-bbac-624d2774aeed,text/html,https://www.gencourt.state.nh.us/bill_status/legacy/bs2016/billText.aspx?sy=2024&id=1872&txtFormat=html,dcdcb726-50ef-4838-9afd-efb9dfc343b6
03688f4d-01de-4487-acdf-ef3fec8c9c3a,application/pdf,https://www.gencourt.state.nh.us/bill_status/legacy/bs2016/billText.aspx?sy=2024&id=1187&txtFormat=pdf&v=current,7f59f37f-e4a0-438e-9813-2c5df4577b1b
1497542a-d9c4-4516-941a-73e096116128,application/pdf,https://www.gencourt.state.nh.us/bill_status/legacy/bs2016/billText.aspx?sy=2024&id=1132&txtFormat=pdf&v=current,a032a127-a483-4a77-9517-94a43c2baec1
0a5ce159-d289-4f72-ac4b-167049c5a411,text/html,https://www.gencourt.state.nh.us/bill_status/legacy/bs2016/billText.aspx?sy=2024&id=1132&txtFormat=html,a032a127-a483-4a77-9517-94a43c2baec1
3325f64c-5e8a-4bea-b06b-ec7765ee5db8,text/html,https://www.gencourt.state.nh.us/bill_status/legacy/bs2016/billText.aspx?sy=2024&id=1187&txtFormat=html,7f59f37f-e4a0-438e-9813-2c5df4577b1b
c2d2c48d-bcfa-423a-850c-2c00f2249834,application/pdf,https://www.gencourt.state.nh.us/bill_status/legacy/bs2016/billText.aspx?sy=2024&id=1738&txtFormat=pdf&v=current,8454865b-0b75-4b4e-a457-68bc1ea275df
26dafd8a-76df-4774-9b4e-77ec1ee890bc,application/pdf,https://www.gencourt.state.nh.us/bill_status/legacy/bs2016/billText.aspx?sy=2024&id=1673&txtFormat=pdf&v=current,398473e8-e6c1-4244-8b6e-0b634076a54a
2559afc3-3dd2-421b-9f5e-c73eacf204f1,text/html,https://www.gencourt.state.nh.us/bill_status/legacy/bs2016/billText.aspx?sy=2024&id=1673&txtFormat=html,398473e8-e6c1-4244-8b6e-0b634076a54a
cb04869a-55f2-49c5-8cf5-4ccb36d73cad,text/html,https://www.gencourt.state.nh.us/bill_status/legacy/bs2016/billText.aspx?sy=2024&id=1738&txtFormat=html,8454865b-0b75-4b4e-a457-68bc1ea275df
43dcccdf-ac66-4763-aa03-e367a0c7f270,application/pdf,https://www.gencourt.state.nh.us/bill_status/legacy/bs2016/billText.aspx?sy=2024&id=1888&txtFormat=pdf&v=current,f020f479-10d3-4e60-b2d0-604bf95f8066
a8fc5166-6adf-4f77-8566-d73a224574a1,text/html,https://www.gencourt.state.nh.us/bill_status/legacy/bs2016/billText.aspx?sy=2024&id=1888&txtFormat=html,f020f479-10d3-4e60-b2d0-604bf95f8066
24ad1a7f-0794-4017-a5e2-f449980350da,application/pdf,https://www.gencourt.state.nh.us/bill_status/legacy/bs2016/billText.aspx?sy=2024&id=1248&txtFormat=pdf&v=current,5993562f-24d6-4d9b-abe2-edcaa0c77b6d
cd50601b-20f8-4a3d-9841-786f5ca80c71,text/html,https://www.gencourt.state.nh.us/bill_status/legacy/bs2016/billText.aspx?sy=2024&id=1248&txtFormat=html,5993562f-24d6-4d9b-abe2-edcaa0c77b6d
5d7c6dd5-ede1-4d09-9d46-ebb611d9e454,application/pdf,https://www.gencourt.state.nh.us/bill_status/legacy/bs2016/billText.aspx?sy=2024&id=2024-1528s&txtFormat=amend,010c901e-c80f-46d3-8dfc-2024ddfa2b0e
204133c6-f713-4ace-88c8-446a8eb17423,application/pdf,https://www.gencourt.state.nh.us/bill_status/legacy/bs2016/billText.aspx?sy=2024&id=2023-1045h&txtFormat=amend,c49b7206-4e1d-4322-b164-4634837bfbc1
384a72ec-58a6-4a91-a5a7-3fa0c549421e,application/pdf,https://www.gencourt.state.nh.us/bill_status/legacy/bs2016/billText.aspx?sy=2024&id=2024-0556s&txtFormat=amend,d67cab5a-99bd-4765-a72b-92462abc4891
3bd302a6-de4d-4a49-a20a-de41d305dd2f,application/pdf,https://www.gencourt.state.nh.us/bill_status/legacy/bs2016/billText.aspx?sy=2024&id=1951&txtFormat=pdf&v=current,51342f8f-712d-4c0b-892f-f18a269b1431
b698ff4e-ba9a-44fb-9b1f-55c171e2170b,text/html,https://www.gencourt.state.nh.us/bill_status/legacy/bs2016/billText.aspx?sy=2024&id=1951&txtFormat=html,51342f8f-712d-4c0b-892f-f18a269b1431
0a79f28c-3f65-4fef-bb63-ad69a77ee55f,application/pdf,https://www.gencourt.state.nh.us/bill_status/legacy/bs2016/billText.aspx?sy=2024&id=1647&txtFormat=pdf&v=current,153894f5-48d2-485b-bb0a-26bc9fccf7c4
d2dcb06a-2c1d-44e8-a0e2-7e6e65e27a06,text/html,https://www.gencourt.state.nh.us/bill_status/legacy/bs2016/billText.aspx?sy=2024&id=1647&txtFormat=html,153894f5-48d2-485b-bb0a-26bc9fccf7c4
891d96fd-eaf5-4fe0-8ad5-0f168724c984,application/pdf,https://www.gencourt.state.nh.us/bill_status/legacy/bs2016/billText.aspx?sy=2024&id=2024-0866&txtFormat=amend,1f7151e9-c794-44c7-b671-89cab2eefb95
6bf044f2-d927-4b59-8982-1e9bfc2c1840,application/pdf,https://www.gencourt.state.nh.us/bill_status/legacy/bs2016/billText.aspx?sy=2024&id=2023&txtFormat=pdf&v=current,e17eed6f-6900-4ba9-b961-abba4476d9d7
411dcb10-a815-4f9b-a87c-ad752c2ab1bc,text/html,https://www.gencourt.state.nh.us/bill_status/legacy/bs2016/billText.aspx?sy=2024&id=2023&txtFormat=html,e17eed6f-6900-4ba9-b961-abba4476d9d7
1cc06ce4-ea9f-4fb5-b2ac-7826c05f9efc,application/pdf,https://www.gencourt.state.nh.us/bill_status/legacy/bs2016/billText.aspx?sy=2024&id=2024-2356e&txtFormat=amend,9f8ecad5-2504-4cf3-9925-3e12ead47c41
44bba79d-bc40-4323-bfc9-12e653938e1f,application/pdf,https://www.gencourt.state.nh.us/bill_status/legacy/bs2016/billText.aspx?sy=2024&id=2190&txtFormat=pdf&v=current,615345c0-0282-49d1-a135-f917fcacab06
eade6631-50c5-493e-a8f9-8cc7c71eb6e4,text/html,https://www.gencourt.state.nh.us/bill_status/legacy/bs2016/billText.aspx?sy=2024&id=2190&txtFormat=html,615345c0-0282-49d1-a135-f917fcacab06
34772b37-7ae9-4c26-8461-abedd6574e73,application/pdf,https://www.gencourt.state.nh.us/bill_status/legacy/bs2016/billText.aspx?sy=2024&id=1683&txtFormat=pdf&v=current,7580f753-fce8-4cd5-b753-aeb8a0b4b975
b13d5916-ae78-4f19-82a3-7f16410aa9bc,application/pdf,https://www.gencourt.state.nh.us/bill_status/legacy/bs2016/billText.aspx?sy=2024&id=2024-0810h&txtFormat=amend,b72b6b2a-0dfc-47e9-b644-f71393c932e6
063f3c1e-84f1-4936-bc75-0e7cb1cd3ba7,application/pdf,https://www.gencourt.state.nh.us/bill_status/legacy/bs2016/billText.aspx?sy=2024&id=1510&txtFormat=pdf&v=current,098a08bb-f397-476b-a1d7-1f896ae13454
98ea20c0-bf0e-4f17-b1ff-112bcd655008,text/html,https://www.gencourt.state.nh.us/bill_status/legacy/bs2016/billText.aspx?sy=2024&id=1510&txtFormat=html,098a08bb-f397-476b-a1d7-1f896ae13454
7f740aa4-d5ba-47d0-a01d-1069e9484ee2,text/html,https://www.gencourt.state.nh.us/bill_status/legacy/bs2016/billText.aspx?sy=2024&id=1683&txtFormat=html,7580f753-fce8-4cd5-b753-aeb8a0b4b975
58d926c0-5628-4c8c-b709-273688f95592,application/pdf,https://www.gencourt.state.nh.us/bill_status/legacy/bs2016/billText.aspx?sy=2024&id=2024-1855h&txtFormat=amend,aa9fa03b-c29e-4177-9eca-59b9ecb43a61
b4b841de-227d-4dce-93ec-cb95d39647c3,application/pdf,https://www.gencourt.state.nh.us/bill_status/legacy/bs2016/billText.aspx?sy=2024&id=2138&txtFormat=pdf&v=current,d3319c58-bb1d-4494-88cc-fbece115cfbe
843329b4-1484-46af-a5f1-c97106abf9c9,application/pdf,https://www.gencourt.state.nh.us/bill_status/legacy/bs2016/billText.aspx?sy=2024&id=2158&txtFormat=pdf&v=current,9ac8a773-f03b-4c00-ab16-0e9347bec856
587988f9-375b-48eb-b44b-f557079086c1,text/html,https://www.gencourt.state.nh.us/bill_status/legacy/bs2016/billText.aspx?sy=2024&id=2158&txtFormat=html,9ac8a773-f03b-4c00-ab16-0e9347bec856
0c54cd90-e5fe-42f4-b76f-faae77f6a49c,text/html,https://www.gencourt.state.nh.us/bill_status/legacy/bs2016/billText.aspx?sy=2024&id=2138&txtFormat=html,d3319c58-bb1d-4494-88cc-fbece115cfbe
d7074b21-3666-4f68-9c5d-c518d39201a4,application/pdf,https://www.gencourt.state.nh.us/bill_status/legacy/bs2016/billText.aspx?sy=2024&id=2024-2313e&txtFormat=amend,81c2d0f4-458d-49d9-ab59-b6a3ddfb035e
a7158a4a-e394-41a2-880a-8908746b141c,application/pdf,https://www.gencourt.state.nh.us/bill_status/legacy/bs2016/billText.aspx?sy=2024&id=1549&txtFormat=pdf&v=current,304b75b8-0a79-4cbf-89a4-d72db4979c6e
ddf253a4-bbdf-418a-a75e-02668a8ea87e,text/html,https://www.gencourt.state.nh.us/bill_status/legacy/bs2016/billText.aspx?sy=2024&id=1549&txtFormat=html,304b75b8-0a79-4cbf-89a4-d72db4979c6e
e1262aa8-f044-4b37-a912-dbab1bb199ad,application/pdf,https://www.gencourt.state.nh.us/bill_status/legacy/bs2016/billText.aspx?sy=2024&id=2237&txtFormat=pdf&v=current,c6b672e2-3ddb-4771-a2a7-7af64b568e01
ca084732-5879-40fb-a490-6f12797764a7,application/pdf,https://www.gencourt.state.nh.us/bill_status/legacy/bs2016/billText.aspx?sy=2024&id=2023-2317h&txtFormat=amend,3f40e8e0-b287-41c8-96bc-a58ca1108e99
9aa2262d-7ce1-427e-9f95-d79ae03758f6,text/html,https://www.gencourt.state.nh.us/bill_status/legacy/bs2016/billText.aspx?sy=2024&id=2237&txtFormat=html,c6b672e2-3ddb-4771-a2a7-7af64b568e01
4d9645da-3009-4201-8deb-cb7976333c46,application/pdf,https://www.gencourt.state.nh.us/bill_status/legacy/bs2016/billText.aspx?sy=2024&id=1516&txtFormat=pdf&v=current,7446a053-b7e2-420e-b3b0-01e0a8a751ba
8912b940-3198-4cb6-962b-13bd3db7550f,text/html,https://www.gencourt.state.nh.us/bill_status/legacy/bs2016/billText.aspx?sy=2024&id=1516&txtFormat=html,7446a053-b7e2-420e-b3b0-01e0a8a751ba
8483a8fa-8cbb-4c0e-b115-182eaa69cf30,application/pdf,https://www.gencourt.state.nh.us/bill_status/legacy/bs2016/billText.aspx?sy=2024&id=1162&txtFormat=pdf&v=current,8a2eb924-e355-4a16-8f4f-12c30c2b6db7
d87c0fbc-f943-489b-9e95-1e9e9faa9c84,text/html,https://www.gencourt.state.nh.us/bill_status/legacy/bs2016/billText.aspx?sy=2024&id=1162&txtFormat=html,8a2eb924-e355-4a16-8f4f-12c30c2b6db7
751ba3d0-6979-4656-bc13-cfd619367926,application/pdf,https://www.gencourt.state.nh.us/bill_status/legacy/bs2016/billText.aspx?sy=2024&id=2024-0829h&txtFormat=amend,af638db9-8f6f-461b-aee1-664d1f1b778b
a592edae-2f7a-44fb-aa84-0e03dd932805,application/pdf,https://www.gencourt.state.nh.us/bill_status/legacy/bs2016/billText.aspx?sy=2024&id=1571&txtFormat=pdf&v=current,1bdea79b-9e67-4073-859c-4d7f11dbc414
7bd14400-b09c-4bed-8e6d-2d77169f3125,text/html,https://www.gencourt.state.nh.us/bill_status/legacy/bs2016/billText.aspx?sy=2024&id=1571&txtFormat=html,1bdea79b-9e67-4073-859c-4d7f11dbc414
682225f3-7035-4f04-8ea9-256f13672a34,application/pdf,https://www.gencourt.state.nh.us/bill_status/legacy/bs2016/billText.aspx?sy=2024&id=1595&txtFormat=pdf&v=current,ab01157f-c693-4982-9991-4bcec4350a67
b1450ef3-ee75-466d-a1d1-1982e89600d2,text/html,https://www.gencourt.state.nh.us/bill_status/legacy/bs2016/billText.aspx?sy=2024&id=1595&txtFormat=html,ab01157f-c693-4982-9991-4bcec4350a67
cf97364f-0e15-40a9-a4b7-f6e8ce871c27,application/pdf,https://www.gencourt.state.nh.us/bill_status/legacy/bs2016/billText.aspx?sy=2024&id=1967&txtFormat=pdf&v=current,91ad045c-a903-41f6-9cb5-9f0f98df7dbf
cb222e7f-8fc5-4f22-b58b-cb94df09a6e8,text/html,https://www.gencourt.state.nh.us/bill_status/legacy/bs2016/billText.aspx?sy=2024&id=1967&txtFormat=html,91ad045c-a903-41f6-9cb5-9f0f98df7dbf
423f8e9c-77ce-480c-ab68-dae395c05085,application/pdf,https://www.gencourt.state.nh.us/bill_status/legacy/bs2016/billText.aspx?sy=2024&id=1104&txtFormat=pdf&v=current,0d43f192-cb33-4e33-ab67-1d66edec1a25
35b9f1bd-0864-4ff8-b651-04f486eed4a0,text/html,https://www.gencourt.state.nh.us/bill_status/legacy/bs2016/billText.aspx?sy=2024&id=1104&txtFormat=html,0d43f192-cb33-4e33-ab67-1d66edec1a25
cf12dcde-911a-4cfe-adc7-3db9e2b7a02f,application/pdf,https://www.gencourt.state.nh.us/bill_status/legacy/bs2016/billText.aspx?sy=2024&id=2024-0303h&txtFormat=amend,441cc6c9-cee6-49d2-9ada-8adf7da8e4ca
02fe019a-5bbd-45b9-89b7-f7b672378dfc,application/pdf,https://www.gencourt.state.nh.us/bill_status/legacy/bs2016/billText.aspx?sy=2024&id=1879&txtFormat=pdf&v=current,8e9a3909-2657-4422-9fab-cb2ef140fe9d
f1f4a0fb-b54a-40ab-b921-73c8a97ec5e7,text/html,https://www.gencourt.state.nh.us/bill_status/legacy/bs2016/billText.aspx?sy=2024&id=1879&txtFormat=html,8e9a3909-2657-4422-9fab-cb2ef140fe9d
6b001c84-6d72-49f9-b260-1e1f95507293,application/pdf,https://www.gencourt.state.nh.us/bill_status/legacy/bs2016/billText.aspx?sy=2024&id=1293&txtFormat=pdf&v=current,c28b62e2-faf0-4f5d-bae8-8c5fb49c1269
72303876-1fb4-4a3c-8109-6952136298e6,text/html,https://www.gencourt.state.nh.us/bill_status/legacy/bs2016/billText.aspx?sy=2024&id=1293&txtFormat=html,c28b62e2-faf0-4f5d-bae8-8c5fb49c1269
c59c299f-160a-4122-bb65-b36901f6b573,application/pdf,https://www.gencourt.state.nh.us/bill_status/legacy/bs2016/billText.aspx?sy=2024&id=1855&txtFormat=pdf&v=current,278c04f0-f5f5-4f7c-9d82-8630ded9d539
e585dda6-c530-40e3-878e-532f07c275e0,application/pdf,https://www.gencourt.state.nh.us/bill_status/legacy/bs2016/billText.aspx?sy=2024&id=2024-0703h&txtFormat=amend,9df6806f-bdfe-4ef5-91fd-4d37ed7ba9fb
c2cdd69c-194c-45e1-ab4d-6a091d167339,application/pdf,https://www.gencourt.state.nh.us/bill_status/legacy/bs2016/billText.aspx?sy=2024&id=1365&txtFormat=pdf&v=current,9fe0ea39-f8f2-43a3-99e1-bf07889ea444
3d4c423a-144d-486d-a85e-8b08a5b3c122,text/html,https://www.gencourt.state.nh.us/bill_status/legacy/bs2016/billText.aspx?sy=2024&id=1365&txtFormat=html,9fe0ea39-f8f2-43a3-99e1-bf07889ea444
32101923-9b41-42b3-b0a1-19051b23078c,text/html,https://www.gencourt.state.nh.us/bill_status/legacy/bs2016/billText.aspx?sy=2024&id=1855&txtFormat=html,278c04f0-f5f5-4f7c-9d82-8630ded9d539
6dad6a32-ea04-4c38-9b39-efd8baa1c50f,application/pdf,https://www.gencourt.state.nh.us/bill_status/legacy/bs2016/billText.aspx?sy=2024&id=1809&txtFormat=pdf&v=current,12f4a99c-04cb-46bd-9b04-ed1cea538c0e
98419db6-33f5-48a8-917d-df73c0fcf006,application/pdf,https://www.gencourt.state.nh.us/bill_status/legacy/bs2016/billText.aspx?sy=2024&id=2024-1467s&txtFormat=amend,a137ad4d-1619-4cad-b7ce-9b4b450d4832
daa00564-607a-438d-b5f9-6d3fb8609abb,text/html,https://www.gencourt.state.nh.us/bill_status/legacy/bs2016/billText.aspx?sy=2024&id=1809&txtFormat=html,12f4a99c-04cb-46bd-9b04-ed1cea538c0e
6de6f2a2-1968-4bf3-9ceb-dc405e6f8145,application/pdf,https://www.gencourt.state.nh.us/bill_status/legacy/bs2016/billText.aspx?sy=2024&id=1157&txtFormat=pdf&v=current,5d195c16-c2bd-49bd-addb-d67afc504e90
27acfe8d-a4d4-4201-a962-3644134a8431,text/html,https://www.gencourt.state.nh.us/bill_status/legacy/bs2016/billText.aspx?sy=2024&id=1157&txtFormat=html,5d195c16-c2bd-49bd-addb-d67afc504e90
ed2062f0-c122-4719-900a-706b224f8117,application/pdf,https://www.gencourt.state.nh.us/bill_status/legacy/bs2016/billText.aspx?sy=2024&id=1134&txtFormat=pdf&v=current,0af66eb4-65e4-4e59-9e38-e16639acf82f
bc5d491c-427e-4ce1-a97c-46cb362de418,application/pdf,https://www.gencourt.state.nh.us/bill_status/legacy/bs2016/billText.aspx?sy=2024&id=2024-2324e&txtFormat=amend,520d2fa8-14b5-4dd4-b2ab-cf1924b908bc
6c565707-bd0f-4a65-acb2-9c911e666450,application/pdf,https://www.gencourt.state.nh.us/bill_status/legacy/bs2016/billText.aspx?sy=2024&id=1290&txtFormat=pdf&v=current,4facb5af-e354-4921-b5b8-641ec452a256
461d96a2-2d32-4200-9fa0-ba655d711745,text/html,https://www.gencourt.state.nh.us/bill_status/legacy/bs2016/billText.aspx?sy=2024&id=1290&txtFormat=html,4facb5af-e354-4921-b5b8-641ec452a256
f23ef4e5-f315-40f6-976c-5fece532ba46,text/html,https://www.gencourt.state.nh.us/bill_status/legacy/bs2016/billText.aspx?sy=2024&id=1134&txtFormat=html,0af66eb4-65e4-4e59-9e38-e16639acf82f
3c386a87-ca0a-4550-9bab-360fc458f851,application/pdf,https://www.gencourt.state.nh.us/bill_status/legacy/bs2016/billText.aspx?sy=2024&id=2024-1527s&txtFormat=amend,65d8203f-dc99-4bbc-8ccc-d9ef5d3128de
c22f63b7-97d1-4253-87bf-706b4c225219,application/pdf,https://www.gencourt.state.nh.us/bill_status/legacy/bs2016/billText.aspx?sy=2024&id=1611&txtFormat=pdf&v=current,c964371a-ad10-4765-8d3e-e42c22fafd2e
94e88f88-b7ef-4cfe-be5b-9c54f8f342d4,text/html,https://www.gencourt.state.nh.us/bill_status/legacy/bs2016/billText.aspx?sy=2024&id=1611&txtFormat=html,c964371a-ad10-4765-8d3e-e42c22fafd2e
f3708d1d-0d53-475c-9c57-409ba08ff41d,application/pdf,https://www.gencourt.state.nh.us/bill_status/legacy/bs2016/billText.aspx?sy=2024&id=1256&txtFormat=pdf&v=current,78a95ac8-daab-4cfd-bc5d-afeb0c0e4b12
b1b506cf-7dc1-4cac-99e6-bf48844d5a45,text/html,https://www.gencourt.state.nh.us/bill_status/legacy/bs2016/billText.aspx?sy=2024&id=1256&txtFormat=html,78a95ac8-daab-4cfd-bc5d-afeb0c0e4b12
093026e1-5ebb-489d-9b99-36237697ea3d,application/pdf,https://www.gencourt.state.nh.us/bill_status/legacy/bs2016/billText.aspx?sy=2024&id=1627&txtFormat=pdf&v=current,814a32d5-f706-4022-ac58-18e8c4fe5791
97de64c6-bfe5-4225-899f-ec4cd0d2d6e4,application/pdf,https://www.gencourt.state.nh.us/bill_status/legacy/bs2016/billText.aspx?sy=2024&id=2024-2105s&txtFormat=amend,6ffbbd69-fd18-4c91-8b4b-ce2901529c5a
e4b9764d-e0b6-4677-9824-df51209c918a,application/pdf,https://www.gencourt.state.nh.us/bill_status/legacy/bs2016/billText.aspx?sy=2024&id=1098&txtFormat=pdf&v=current,f1a9622c-2d46-425d-b9b7-6fc32ab65638
0a21d6a0-226c-4f30-963f-63c433076815,text/html,https://www.gencourt.state.nh.us/bill_status/legacy/bs2016/billText.aspx?sy=2024&id=1627&txtFormat=html,814a32d5-f706-4022-ac58-18e8c4fe5791
dc125f37-fbb4-43ce-af2a-0adf438fb564,application/pdf,https://www.gencourt.state.nh.us/bill_status/legacy/bs2016/billText.aspx?sy=2024&id=1728&txtFormat=pdf&v=current,34cb0fdb-df26-4b48-af21-758e53baa078
c935e836-29f8-4a35-a02c-8e1e81ebbb30,text/html,https://www.gencourt.state.nh.us/bill_status/legacy/bs2016/billText.aspx?sy=2024&id=1098&txtFormat=html,f1a9622c-2d46-425d-b9b7-6fc32ab65638
af5aa5c7-cb09-401f-8f7e-e05415a5c5e3,application/pdf,https://www.gencourt.state.nh.us/bill_status/legacy/bs2016/billText.aspx?sy=2024&id=1484&txtFormat=pdf&v=current,259e219b-caad-4bba-ba88-6a1839cd3c34
eca0dc9e-a294-4d00-807d-787ed88484a6,text/html,https://www.gencourt.state.nh.us/bill_status/legacy/bs2016/billText.aspx?sy=2024&id=1484&txtFormat=html,259e219b-caad-4bba-ba88-6a1839cd3c34
a2d7dda1-ede1-46b3-b75f-91bfb0e938b6,application/pdf,https://www.gencourt.state.nh.us/bill_status/legacy/bs2016/billText.aspx?sy=2024&id=2024-1106h&txtFormat=amend,7542a07b-0e73-47e4-ae2e-bcc299778716
da2c183c-30e6-48dd-9a13-797b21f9cf20,application/pdf,https://www.gencourt.state.nh.us/bill_status/legacy/bs2016/billText.aspx?sy=2024&id=1120&txtFormat=pdf&v=current,f1b68008-ce03-4dbe-9962-1bbe964a51fc
bc2cb27b-45f9-4df4-a438-e7b023a91b9e,text/html,https://www.gencourt.state.nh.us/bill_status/legacy/bs2016/billText.aspx?sy=2024&id=1120&txtFormat=html,f1b68008-ce03-4dbe-9962-1bbe964a51fc
331b95d7-f048-4c3d-9ccb-41ddf15140df,application/pdf,https://www.gencourt.state.nh.us/bill_status/legacy/bs2016/billText.aspx?sy=2024&id=2024-1243h&txtFormat=amend,10caffdd-ee63-46bc-828a-4a3ba8277a2d
ba526ea2-5f6d-4d2d-8ef6-14f9e690c902,application/pdf,https://www.gencourt.state.nh.us/bill_status/legacy/bs2016/billText.aspx?sy=2024&id=1407&txtFormat=pdf&v=current,79f1e3c3-9bbf-489c-b7e6-f245c7edcaf6
70438730-7bb2-4649-9b1f-6711c2d307f8,text/html,https://www.gencourt.state.nh.us/bill_status/legacy/bs2016/billText.aspx?sy=2024&id=1407&txtFormat=html,79f1e3c3-9bbf-489c-b7e6-f245c7edcaf6
4697cc52-edc3-4fc2-b2cd-7002af6aed16,application/pdf,https://www.gencourt.state.nh.us/bill_status/legacy/bs2016/billText.aspx?sy=2024&id=1505&txtFormat=pdf&v=current,8115b253-f24e-4ff8-b1dc-c0f4338b1166
fc2a572e-3b38-436e-a167-45dee72f3c69,text/html,https://www.gencourt.state.nh.us/bill_status/legacy/bs2016/billText.aspx?sy=2024&id=1505&txtFormat=html,8115b253-f24e-4ff8-b1dc-c0f4338b1166
4fcdfd2f-0d10-4f49-9631-002101c5039a,application/pdf,https://www.gencourt.state.nh.us/bill_status/legacy/bs2016/billText.aspx?sy=2024&id=1772&txtFormat=pdf&v=current,89e7f62e-15a6-446f-9cb2-58fd9bda9f81
41bcd58d-e3a8-40df-bb04-ccbe630ef44e,text/html,https://www.gencourt.state.nh.us/bill_status/legacy/bs2016/billText.aspx?sy=2024&id=1772&txtFormat=html,89e7f62e-15a6-446f-9cb2-58fd9bda9f81
0819213d-41be-44b7-983b-bff131905a05,application/pdf,https://www.gencourt.state.nh.us/bill_status/legacy/bs2016/billText.aspx?sy=2024&id=2011&txtFormat=pdf&v=current,6f1c195f-d5a4-47d5-8d81-a431f3cc347f
96b6e962-74a0-4ebb-9bb5-1b7159d40fe3,text/html,https://www.gencourt.state.nh.us/bill_status/legacy/bs2016/billText.aspx?sy=2024&id=2011&txtFormat=html,6f1c195f-d5a4-47d5-8d81-a431f3cc347f
c4286136-63c3-44b8-bf14-be7174fafe40,application/pdf,https://www.gencourt.state.nh.us/bill_status/legacy/bs2016/billText.aspx?sy=2024&id=1705&txtFormat=pdf&v=current,d1ce4701-870c-45e5-82a0-c80c57d66a2f
aefaf86a-fdc6-4ecb-96cb-be0edd6d47c1,text/html,https://www.gencourt.state.nh.us/bill_status/legacy/bs2016/billText.aspx?sy=2024&id=1705&txtFormat=html,d1ce4701-870c-45e5-82a0-c80c57d66a2f
35784b0a-d79f-42f8-8cdd-4805468b6bc5,application/pdf,https://www.gencourt.state.nh.us/bill_status/legacy/bs2016/billText.aspx?sy=2024&id=2024-2253e&txtFormat=amend,13cb0f03-3aa8-4c0a-88d5-7d572def78ee
b1da7ab1-63a9-47b9-93e6-a99b52a3d459,application/pdf,https://www.gencourt.state.nh.us/bill_status/legacy/bs2016/billText.aspx?sy=2024&id=1358&txtFormat=pdf&v=current,eadcd6e6-7b20-4d2d-8dbe-f9af65447797
d7646545-16a6-4004-8a4d-1ce7bb0fe3b2,text/html,https://www.gencourt.state.nh.us/bill_status/legacy/bs2016/billText.aspx?sy=2024&id=1358&txtFormat=html,eadcd6e6-7b20-4d2d-8dbe-f9af65447797
eb5d4433-f91c-4740-9072-398f74203815,application/pdf,https://www.gencourt.state.nh.us/bill_status/legacy/bs2016/billText.aspx?sy=2024&id=2024-0855h&txtFormat=amend,59cc4a19-c00c-4d4e-8797-9d994c61323b
7f20dbab-6ac3-46b7-8e64-d4d8c0dda953,application/pdf,https://www.gencourt.state.nh.us/bill_status/legacy/bs2016/billText.aspx?sy=2024&id=1111&txtFormat=pdf&v=current,330c5e95-c40e-41be-a0ea-0196c2625ba4
bad64887-4de2-43d1-bec9-ca56a20daf9c,text/html,https://www.gencourt.state.nh.us/bill_status/legacy/bs2016/billText.aspx?sy=2024&id=1111&txtFormat=html,330c5e95-c40e-41be-a0ea-0196c2625ba4
c4ca7dfb-d17e-4fb2-a2ab-96a8ffdfd5c4,application/pdf,https://www.gencourt.state.nh.us/bill_status/legacy/bs2016/billText.aspx?sy=2024&id=1171&txtFormat=pdf&v=current,28c54f29-0115-440a-ba6f-2ca875001182
e4caf0eb-6fba-4890-9285-27ef51600b18,text/html,https://www.gencourt.state.nh.us/bill_status/legacy/bs2016/billText.aspx?sy=2024&id=1171&txtFormat=html,28c54f29-0115-440a-ba6f-2ca875001182
143d3263-44cf-4bb1-92a0-41bb1f59b822,text/html,https://www.gencourt.state.nh.us/bill_status/legacy/bs2016/billText.aspx?sy=2024&id=1728&txtFormat=html,34cb0fdb-df26-4b48-af21-758e53baa078
7c92db9b-d76e-49e1-a5b9-600493679445,application/pdf,https://www.gencourt.state.nh.us/bill_status/legacy/bs2016/billText.aspx?sy=2024&id=2024-0369h&txtFormat=amend,0f869e91-b3e2-463b-bef8-7d7398867013
c825a7c3-222d-4702-a3c4-ef282a047911,application/pdf,https://www.gencourt.state.nh.us/bill_status/legacy/bs2016/billText.aspx?sy=2024&id=1525&txtFormat=pdf&v=current,db2103e2-e249-429a-a253-cc0c02096242
be2a44e3-b000-4bec-8f74-3bfb89337454,text/html,https://www.gencourt.state.nh.us/bill_status/legacy/bs2016/billText.aspx?sy=2024&id=1525&txtFormat=html,db2103e2-e249-429a-a253-cc0c02096242
9c640585-0d3c-431a-806b-b737c4ced3f9,application/pdf,https://www.gencourt.state.nh.us/bill_status/legacy/bs2016/billText.aspx?sy=2024&id=1192&txtFormat=pdf&v=current,9d9ee8b0-e0c0-425b-a069-c75d0ea1df8b
1445ba24-d365-43b4-b37a-8542d76933c3,text/html,https://www.gencourt.state.nh.us/bill_status/legacy/bs2016/billText.aspx?sy=2024&id=1192&txtFormat=html,9d9ee8b0-e0c0-425b-a069-c75d0ea1df8b
8deb6488-3132-4bd6-9cb6-7455db8b7a63,application/pdf,https://www.gencourt.state.nh.us/bill_status/legacy/bs2016/billText.aspx?sy=2024&id=1522&txtFormat=pdf&v=current,dfa5d012-f8a2-4788-a632-d461b10ae6cc
7a387e18-e988-4def-800f-42b3e3cdc901,application/pdf,https://www.gencourt.state.nh.us/bill_status/legacy/bs2016/billText.aspx?sy=2024&id=1766&txtFormat=pdf&v=current,77e98186-642e-44d2-9ebe-286fe247acbb
d001d290-b5cc-4055-9227-2381fd74d9aa,text/html,https://www.gencourt.state.nh.us/bill_status/legacy/bs2016/billText.aspx?sy=2024&id=1766&txtFormat=html,77e98186-642e-44d2-9ebe-286fe247acbb
ab975659-fa11-4ebd-94cf-49643bedc429,application/pdf,https://www.gencourt.state.nh.us/bill_status/legacy/bs2016/billText.aspx?sy=2024&id=1210&txtFormat=pdf&v=current,ff2d82c1-2a38-4af0-9cfe-3d7f993805dd
c58cc668-01ca-41aa-a456-8767b5af862c,text/html,https://www.gencourt.state.nh.us/bill_status/legacy/bs2016/billText.aspx?sy=2024&id=1522&txtFormat=html,dfa5d012-f8a2-4788-a632-d461b10ae6cc
d63b4f19-6912-48df-8ef4-89aaebb5f9fd,application/pdf,https://www.gencourt.state.nh.us/bill_status/legacy/bs2016/billText.aspx?sy=2024&id=1552&txtFormat=pdf&v=current,85915f38-e7fc-4a7b-9016-7ab2b5ab5335
ac13feed-a8b2-4548-9430-2d36eff80dea,text/html,https://www.gencourt.state.nh.us/bill_status/legacy/bs2016/billText.aspx?sy=2024&id=1552&txtFormat=html,85915f38-e7fc-4a7b-9016-7ab2b5ab5335
cacf3165-c1a6-4577-9b53-63542ee9684b,application/pdf,https://www.gencourt.state.nh.us/bill_status/legacy/bs2016/billText.aspx?sy=2024&id=1629&txtFormat=pdf&v=current,e2a2d3c2-bd57-4c3c-b46b-61891165f611
9b110aae-26f3-4f45-8156-1d66f42bedb2,text/html,https://www.gencourt.state.nh.us/bill_status/legacy/bs2016/billText.aspx?sy=2024&id=1629&txtFormat=html,e2a2d3c2-bd57-4c3c-b46b-61891165f611
98b4aa68-d211-4586-b0b5-469c798cfba1,application/pdf,https://www.gencourt.state.nh.us/bill_status/legacy/bs2016/billText.aspx?sy=2024&id=2024-0921h&txtFormat=amend,1cb89fd4-be53-40fa-bf15-e857b0e6b6cd
8c79948a-0bbb-4bc2-bfe0-4d4ac29e63e4,application/pdf,https://www.gencourt.state.nh.us/bill_status/legacy/bs2016/billText.aspx?sy=2024&id=1718&txtFormat=pdf&v=current,2341fc8e-0054-4312-890c-9a3711bf5667
ef2556e3-4dc8-4e5f-acde-20569a20a6de,text/html,https://www.gencourt.state.nh.us/bill_status/legacy/bs2016/billText.aspx?sy=2024&id=1718&txtFormat=html,2341fc8e-0054-4312-890c-9a3711bf5667
ee5cc883-03cc-4e23-8f0f-65e001fb12cb,application/pdf,https://www.gencourt.state.nh.us/bill_status/legacy/bs2016/billText.aspx?sy=2024&id=2024-2367e&txtFormat=amend,5d482764-e6c4-4285-8018-ebc60c7a7fbc
b1a76e07-a3f0-4be1-871b-7dd276b8e067,text/html,https://www.gencourt.state.nh.us/bill_status/legacy/bs2016/billText.aspx?sy=2024&id=1210&txtFormat=html,ff2d82c1-2a38-4af0-9cfe-3d7f993805dd
bf58ea1e-326e-4123-82d3-8dbfd6ce1b11,application/pdf,https://www.gencourt.state.nh.us/bill_status/legacy/bs2016/billText.aspx?sy=2024&id=1444&txtFormat=pdf&v=current,1e9c8441-6fd7-4391-9f03-2331a504ba41
12a806ec-2b0d-4d1d-aaa2-979e2d3b84fc,text/html,https://www.gencourt.state.nh.us/bill_status/legacy/bs2016/billText.aspx?sy=2024&id=1444&txtFormat=html,1e9c8441-6fd7-4391-9f03-2331a504ba41
06b3cec6-3008-41a1-8f5f-34527bb27eeb,application/pdf,https://www.gencourt.state.nh.us/bill_status/legacy/bs2016/billText.aspx?sy=2024&id=1404&txtFormat=pdf&v=current,58da40ab-b1bf-4391-b178-4893e880ccb4
c7f1a51f-97c6-45c4-90cf-6a54d8f72214,application/pdf,https://www.gencourt.state.nh.us/bill_status/legacy/bs2016/billText.aspx?sy=2024&id=1164&txtFormat=pdf&v=current,de286d3d-8141-4e61-8622-1fc4c9eaf60a
dcf41d71-85af-48ed-b2af-a14439b95ae5,text/html,https://www.gencourt.state.nh.us/bill_status/legacy/bs2016/billText.aspx?sy=2024&id=1164&txtFormat=html,de286d3d-8141-4e61-8622-1fc4c9eaf60a
c9663637-8f0d-4360-bfe7-a27328f73316,text/html,https://www.gencourt.state.nh.us/bill_status/legacy/bs2016/billText.aspx?sy=2024&id=1404&txtFormat=html,58da40ab-b1bf-4391-b178-4893e880ccb4
4054bb57-c0b4-46fb-8b7d-f4e17abbfad6,application/pdf,https://www.gencourt.state.nh.us/bill_status/legacy/bs2016/billText.aspx?sy=2024&id=2024-0814s&txtFormat=amend,ec9209ac-c260-4bc5-ad0b-b4016b6aaad1
2be6013c-2389-4d2e-83c0-9a2ad24f9753,application/pdf,https://www.gencourt.state.nh.us/bill_status/legacy/bs2016/billText.aspx?sy=2024&id=1933&txtFormat=pdf&v=current,42292a48-dfc7-4b7c-8018-96b8742f6e2d
339f0584-b36f-4d55-984b-1345569807e1,application/pdf,https://www.gencourt.state.nh.us/bill_status/legacy/bs2016/billText.aspx?sy=2024&id=1589&txtFormat=pdf&v=current,98b8f244-1e13-4114-a6e7-900a7160d77b
5d75f7ee-db22-48af-a47b-028d793fd58f,text/html,https://www.gencourt.state.nh.us/bill_status/legacy/bs2016/billText.aspx?sy=2024&id=1589&txtFormat=html,98b8f244-1e13-4114-a6e7-900a7160d77b
d583f778-b043-452f-a014-aaf153934783,text/html,https://www.gencourt.state.nh.us/bill_status/legacy/bs2016/billText.aspx?sy=2024&id=1933&txtFormat=html,42292a48-dfc7-4b7c-8018-96b8742f6e2d
93cde036-87d0-4a2e-b2fe-ed88a0c50a64,application/pdf,https://www.gencourt.state.nh.us/bill_status/legacy/bs2016/billText.aspx?sy=2024&id=1417&txtFormat=pdf&v=current,0f18339d-b687-4f46-8dec-dcb4e5031b05
3766abc4-3f5a-4290-8e00-d0e46d6901eb,text/html,https://www.gencourt.state.nh.us/bill_status/legacy/bs2016/billText.aspx?sy=2024&id=1417&txtFormat=html,0f18339d-b687-4f46-8dec-dcb4e5031b05
96f444be-c26a-4059-a514-f80e0795d9da,application/pdf,https://www.gencourt.state.nh.us/bill_status/legacy/bs2016/billText.aspx?sy=2024&id=1824&txtFormat=pdf&v=current,13ba254b-6cdf-4b78-994d-1bbbc886277a
77707be8-83a2-4bcb-94b4-fd93f1ea3c36,text/html,https://www.gencourt.state.nh.us/bill_status/legacy/bs2016/billText.aspx?sy=2024&id=1824&txtFormat=html,13ba254b-6cdf-4b78-994d-1bbbc886277a
3bb5c2f5-ffcc-474d-a912-1d7ecfb9e92d,application/pdf,https://www.gencourt.state.nh.us/bill_status/legacy/bs2016/billText.aspx?sy=2024&id=1322&txtFormat=pdf&v=current,cd9e7055-f97a-47e0-92c6-21a04f8e35a8
84a24850-61d5-455d-a38b-23c2838fc2e2,application/pdf,https://www.gencourt.state.nh.us/bill_status/legacy/bs2016/billText.aspx?sy=2024&id=2086&txtFormat=pdf&v=current,c75bbf8e-bdd2-4416-89c9-c4790856f8eb
d080a8df-5eb7-436c-aacd-3e8dc8e37126,text/html,https://www.gencourt.state.nh.us/bill_status/legacy/bs2016/billText.aspx?sy=2024&id=2086&txtFormat=html,c75bbf8e-bdd2-4416-89c9-c4790856f8eb
1df7bb67-504a-4f98-96d8-58003f62d730,application/pdf,https://www.gencourt.state.nh.us/bill_status/legacy/bs2016/billText.aspx?sy=2024&id=2023-2423h&txtFormat=amend,7571c609-3a60-48ab-a332-e6b6e2167a6c
20037710-2d4c-4a58-b853-c519502c1be9,text/html,https://www.gencourt.state.nh.us/bill_status/legacy/bs2016/billText.aspx?sy=2024&id=1322&txtFormat=html,cd9e7055-f97a-47e0-92c6-21a04f8e35a8
3ddcd49b-7e81-453b-9ee2-ba0a9bd9e07b,application/pdf,https://www.gencourt.state.nh.us/bill_status/legacy/bs2016/billText.aspx?sy=2024&id=1930&txtFormat=pdf&v=current,dd454986-2ad8-48b2-a1dd-74b11e15224f
35471e84-9eb8-418d-923f-6e1b1bda8ee4,text/html,https://www.gencourt.state.nh.us/bill_status/legacy/bs2016/billText.aspx?sy=2024&id=1930&txtFormat=html,dd454986-2ad8-48b2-a1dd-74b11e15224f
fa377573-c8ce-4691-b9de-f70a9ae94cc1,application/pdf,https://www.gencourt.state.nh.us/bill_status/legacy/bs2016/billText.aspx?sy=2024&id=1362&txtFormat=pdf&v=current,85e33cc0-dd81-47e3-8f12-cb0755dd6d8f
d3448020-0215-47b2-8088-5aded82cad6f,text/html,https://www.gencourt.state.nh.us/bill_status/legacy/bs2016/billText.aspx?sy=2024&id=1362&txtFormat=html,85e33cc0-dd81-47e3-8f12-cb0755dd6d8f
ab0c31a5-4e42-452e-9089-e6032899202e,application/pdf,https://www.gencourt.state.nh.us/bill_status/legacy/bs2016/billText.aspx?sy=2024&id=2024-0492h&txtFormat=amend,0d554902-8bd2-44f7-abda-b204e009b38a
1303460e-dcb0-4a53-adb9-b646e801a4a4,application/pdf,https://www.gencourt.state.nh.us/bill_status/legacy/bs2016/billText.aspx?sy=2024&id=1381&txtFormat=pdf&v=current,591532dc-a536-4d33-bd6e-81f6b6cc06b1
21cae151-ac92-4964-89a1-fa26b119e6f9,text/html,https://www.gencourt.state.nh.us/bill_status/legacy/bs2016/billText.aspx?sy=2024&id=1381&txtFormat=html,591532dc-a536-4d33-bd6e-81f6b6cc06b1
fc9cfc5f-a71f-463e-9e24-269c0056c65a,application/pdf,https://www.gencourt.state.nh.us/bill_status/legacy/bs2016/billText.aspx?sy=2024&id=2024-1702s&txtFormat=amend,32d57285-bf0d-4bbb-8698-eeeb9aabe364
2db7907b-4a74-4b0a-aa65-e5d53074b421,application/pdf,https://www.gencourt.state.nh.us/bill_status/legacy/bs2016/billText.aspx?sy=2024&id=2235&txtFormat=pdf&v=current,13d0d068-b326-4d7b-9eb4-49f612d1d0ba
3783ab47-e6df-42c6-8b87-15d379d3c374,text/html,https://www.gencourt.state.nh.us/bill_status/legacy/bs2016/billText.aspx?sy=2024&id=2235&txtFormat=html,13d0d068-b326-4d7b-9eb4-49f612d1d0ba
e192f7c4-6f5d-4f52-99e7-0c6d785a5e87,application/pdf,https://www.gencourt.state.nh.us/bill_status/legacy/bs2016/billText.aspx?sy=2024&id=2024-1537s&txtFormat=amend,4652ae97-17df-4ea1-be8f-b6c5ed428b86
1beee0c4-b678-4104-9e74-1669273f209b,application/pdf,https://www.gencourt.state.nh.us/bill_status/legacy/bs2016/billText.aspx?sy=2024&id=1089&txtFormat=pdf&v=current,d784f49c-aa53-4f9c-9c5e-e66dfffd9be5
413f9a11-411f-40ec-bd42-63b138993346,text/html,https://www.gencourt.state.nh.us/bill_status/legacy/bs2016/billText.aspx?sy=2024&id=1089&txtFormat=html,d784f49c-aa53-4f9c-9c5e-e66dfffd9be5
032f5f0b-0da9-4d18-8eb8-bdbfe69efb8c,application/pdf,https://www.gencourt.state.nh.us/bill_status/legacy/bs2016/billText.aspx?sy=2024&id=2024-0673s&txtFormat=amend,62036d98-f9e1-49bb-861c-1e95448f4f10
5a760b7f-1033-4be5-a663-288aa9ddac59,application/pdf,https://www.gencourt.state.nh.us/bill_status/legacy/bs2016/billText.aspx?sy=2024&id=1979&txtFormat=pdf&v=current,60c40de7-a8ef-4c95-bad6-af350727eeb4
f71584ad-1270-4bdd-b8e9-f8bf8cb7b0ab,text/html,https://www.gencourt.state.nh.us/bill_status/legacy/bs2016/billText.aspx?sy=2024&id=1979&txtFormat=html,60c40de7-a8ef-4c95-bad6-af350727eeb4
1ba70008-27b7-4969-b516-97d77fd86860,application/pdf,https://www.gencourt.state.nh.us/bill_status/legacy/bs2016/billText.aspx?sy=2024&id=2024-0167s&txtFormat=amend,eb2f8e16-f568-412c-8ff2-80cd8e0ab892
a8551dc0-4acf-4375-bb05-92bedd9d19c7,application/pdf,https://www.gencourt.state.nh.us/bill_status/legacy/bs2016/billText.aspx?sy=2024&id=2008&txtFormat=pdf&v=current,f453b004-0288-4770-992c-9824f9eac53f
c483ec2e-a160-4cab-9e0d-deff8da27589,text/html,https://www.gencourt.state.nh.us/bill_status/legacy/bs2016/billText.aspx?sy=2024&id=2008&txtFormat=html,f453b004-0288-4770-992c-9824f9eac53f
80d886b2-d891-462b-ad71-5fd3f5166be9,application/pdf,https://www.gencourt.state.nh.us/bill_status/legacy/bs2016/billText.aspx?sy=2024&id=1785&txtFormat=pdf&v=current,fd310bf1-9169-4755-9840-1dbf9f9378cd
b7b5b3fb-08b8-4469-9e5a-8624b5d3a470,text/html,https://www.gencourt.state.nh.us/bill_status/legacy/bs2016/billText.aspx?sy=2024&id=1785&txtFormat=html,fd310bf1-9169-4755-9840-1dbf9f9378cd
0f889e17-f1c1-4501-ac46-8ff23b2d2035,application/pdf,https://www.gencourt.state.nh.us/bill_status/legacy/bs2016/billText.aspx?sy=2024&id=1518&txtFormat=pdf&v=current,7ea36235-76c4-4f64-836f-136b763dcd74
dc49f313-def0-4e18-8c61-c152e6a3a562,application/pdf,https://www.gencourt.state.nh.us/bill_status/legacy/bs2016/billText.aspx?sy=2024&id=1539&txtFormat=pdf&v=current,dceb3040-08cf-4b5e-933a-e547f6c2c524
fa5dfae4-3ea2-4998-b26e-f8df1d12cb88,text/html,https://www.gencourt.state.nh.us/bill_status/legacy/bs2016/billText.aspx?sy=2024&id=1539&txtFormat=html,dceb3040-08cf-4b5e-933a-e547f6c2c524
e25a5f73-31e8-4262-a19f-ff9b3a768c32,application/pdf,https://www.gencourt.state.nh.us/bill_status/legacy/bs2016/billText.aspx?sy=2024&id=1229&txtFormat=pdf&v=current,eff607c7-3155-43f6-90e0-ea4821da9501
d9205a3d-2b73-472f-a06a-63857d8fe1a3,text/html,https://www.gencourt.state.nh.us/bill_status/legacy/bs2016/billText.aspx?sy=2024&id=1229&txtFormat=html,eff607c7-3155-43f6-90e0-ea4821da9501
a81cafa0-a06e-4aa3-bfac-c8fb05b3cab2,text/html,https://www.gencourt.state.nh.us/bill_status/legacy/bs2016/billText.aspx?sy=2024&id=1518&txtFormat=html,7ea36235-76c4-4f64-836f-136b763dcd74
4e4dcc54-14f2-47ae-b9b4-9bef5af8b078,application/pdf,https://www.gencourt.state.nh.us/bill_status/legacy/bs2016/billText.aspx?sy=2024&id=2024-1945s&txtFormat=amend,15b4ef88-8966-4a2e-9a99-fefb4a923d3a
20ddc8db-9f1c-43dc-a203-831eaad9a87b,application/pdf,https://www.gencourt.state.nh.us/bill_status/legacy/bs2016/billText.aspx?sy=2024&id=1880&txtFormat=pdf&v=current,4f43c699-c487-4abc-b82f-91afda081ec5
20efa79d-b092-43a5-933f-ddb28ce757f6,application/pdf,https://www.gencourt.state.nh.us/bill_status/legacy/bs2016/billText.aspx?sy=2024&id=1378&txtFormat=pdf&v=current,9602090a-8ac5-45e2-9a7f-65c4fe07ba1e
5bf63612-46ae-4291-a9fd-bc83ba02e7fc,text/html,https://www.gencourt.state.nh.us/bill_status/legacy/bs2016/billText.aspx?sy=2024&id=1378&txtFormat=html,9602090a-8ac5-45e2-9a7f-65c4fe07ba1e
9d2aed0f-9492-4983-a6af-c3127f78a876,application/pdf,https://www.gencourt.state.nh.us/bill_status/legacy/bs2016/billText.aspx?sy=2024&id=1517&txtFormat=pdf&v=current,a15c13af-3d68-4a9f-9b0c-db866da07018
3f826a3e-4ab0-465d-b96f-efce8427e501,text/html,https://www.gencourt.state.nh.us/bill_status/legacy/bs2016/billText.aspx?sy=2024&id=1517&txtFormat=html,a15c13af-3d68-4a9f-9b0c-db866da07018
7dcc25c7-0b36-4147-b254-3cbf2d6ed653,application/pdf,https://www.gencourt.state.nh.us/bill_status/legacy/bs2016/billText.aspx?sy=2024&id=2024-2346e&txtFormat=amend,a811aa8a-3583-441a-a63e-9add617aa57c
5a2e8ad0-f087-4eba-8e88-af797969c659,application/pdf,https://www.gencourt.state.nh.us/bill_status/legacy/bs2016/billText.aspx?sy=2024&id=1195&txtFormat=pdf&v=current,bb709b02-a574-48e7-b8b9-18c76832e5bc
42611a5b-f660-4c70-bab1-616305eb8efa,text/html,https://www.gencourt.state.nh.us/bill_status/legacy/bs2016/billText.aspx?sy=2024&id=1195&txtFormat=html,bb709b02-a574-48e7-b8b9-18c76832e5bc
cacc3349-d01d-4e3c-9037-7d8977c1b201,application/pdf,https://www.gencourt.state.nh.us/bill_status/legacy/bs2016/billText.aspx?sy=2024&id=2024-1701s&txtFormat=amend,650aaf28-fd98-4da3-b49a-b117fc957aeb
a970d899-b5ef-4ef8-9c30-eea6cd564023,text/html,https://www.gencourt.state.nh.us/bill_status/legacy/bs2016/billText.aspx?sy=2024&id=1880&txtFormat=html,4f43c699-c487-4abc-b82f-91afda081ec5
93b80a9f-c62e-4695-b382-d2880b1f6704,application/pdf,https://www.gencourt.state.nh.us/bill_status/legacy/bs2016/billText.aspx?sy=2024&id=1811&txtFormat=pdf&v=current,97dca812-6df0-4550-972e-696c67bf250b
f934475b-76e3-4493-8a44-267f16686443,application/pdf,https://www.gencourt.state.nh.us/bill_status/legacy/bs2016/billText.aspx?sy=2024&id=1367&txtFormat=pdf&v=current,f78dc7ce-3db9-446b-8723-585a368d4ba0
76e7951f-abcc-4f36-8ed6-d79755d799e2,text/html,https://www.gencourt.state.nh.us/bill_status/legacy/bs2016/billText.aspx?sy=2024&id=1367&txtFormat=html,f78dc7ce-3db9-446b-8723-585a368d4ba0
3fecd9e7-8683-49d2-adc9-62d69a5e1f10,text/html,https://www.gencourt.state.nh.us/bill_status/legacy/bs2016/billText.aspx?sy=2024&id=1811&txtFormat=html,97dca812-6df0-4550-972e-696c67bf250b
d1e0d241-1ccd-4b01-8b0c-a4a6d2e1eea1,application/pdf,https://www.gencourt.state.nh.us/bill_status/legacy/bs2016/billText.aspx?sy=2024&id=2024-1737h&txtFormat=amend,4208bbc1-e6fb-4fb1-93d3-f2c24ac45d59
32703bbe-3f91-48f6-85c3-dcc1a4a8af97,application/pdf,https://www.gencourt.state.nh.us/bill_status/legacy/bs2016/billText.aspx?sy=2024&id=1345&txtFormat=pdf&v=current,11fcebb2-5bd4-480c-9463-a7925a01cc25
0e020d00-0dfd-43ab-accf-a55c08865592,text/html,https://www.gencourt.state.nh.us/bill_status/legacy/bs2016/billText.aspx?sy=2024&id=1345&txtFormat=html,11fcebb2-5bd4-480c-9463-a7925a01cc25
8f5d4b16-754f-401a-a89e-6cd929db599c,application/pdf,https://www.gencourt.state.nh.us/bill_status/legacy/bs2016/billText.aspx?sy=2024&id=1864&txtFormat=pdf&v=current,d48305a7-b96c-4bb1-9159-7c4df9d52fb4
9abc4cb6-fa6a-49dc-86f9-0f428bf7f8f7,text/html,https://www.gencourt.state.nh.us/bill_status/legacy/bs2016/billText.aspx?sy=2024&id=1864&txtFormat=html,d48305a7-b96c-4bb1-9159-7c4df9d52fb4
53827a17-45ca-450a-aa5b-7bc4d027b14f,application/pdf,https://www.gencourt.state.nh.us/bill_status/legacy/bs2016/billText.aspx?sy=2024&id=2024-1254h&txtFormat=amend,4bbbbbd2-884b-4df1-995c-311e5920c152
612336b8-02c5-40d6-b320-886521acbefe,application/pdf,https://www.gencourt.state.nh.us/bill_status/legacy/bs2016/billText.aspx?sy=2024&id=1597&txtFormat=pdf&v=current,ca672b30-0b8e-49ce-8e53-140f02b7e441
629ef17c-3600-4192-9133-53d17e680565,text/html,https://www.gencourt.state.nh.us/bill_status/legacy/bs2016/billText.aspx?sy=2024&id=1597&txtFormat=html,ca672b30-0b8e-49ce-8e53-140f02b7e441
cbf93cdd-3ceb-4f6d-af8e-01d7cb6ec2e9,application/pdf,https://www.gencourt.state.nh.us/bill_status/legacy/bs2016/billText.aspx?sy=2024&id=2258&txtFormat=pdf&v=current,40606c20-140d-4efc-a877-c4ac78accc03
1974375c-81a6-42dd-b13a-98b72b8dc9c1,text/html,https://www.gencourt.state.nh.us/bill_status/legacy/bs2016/billText.aspx?sy=2024&id=2258&txtFormat=html,40606c20-140d-4efc-a877-c4ac78accc03
7ad08b86-a65b-40e3-bd84-a2255ea027c5,application/pdf,https://www.gencourt.state.nh.us/bill_status/legacy/bs2016/billText.aspx?sy=2024&id=2023-0444h&txtFormat=amend,86ec83c1-0d5c-4e9e-8ef4-7cdb6e345312
0bc2ed2e-4959-4251-82b1-1e38307648a5,application/pdf,https://www.gencourt.state.nh.us/bill_status/legacy/bs2016/billText.aspx?sy=2024&id=2039&txtFormat=pdf&v=current,01e2098a-1a74-4c99-b21f-98fbee711506
5b9e9066-d53d-460d-a980-f9a378b33556,text/html,https://www.gencourt.state.nh.us/bill_status/legacy/bs2016/billText.aspx?sy=2024&id=2039&txtFormat=html,01e2098a-1a74-4c99-b21f-98fbee711506
bda22a13-6d0e-4411-97bf-08107365f569,application/pdf,https://www.gencourt.state.nh.us/bill_status/legacy/bs2016/billText.aspx?sy=2024&id=1204&txtFormat=pdf&v=current,d8817bb6-6bc8-4420-bc6e-4e0b93c48773
b0bddb37-0405-4f49-b34a-cdeea935db23,text/html,https://www.gencourt.state.nh.us/bill_status/legacy/bs2016/billText.aspx?sy=2024&id=1204&txtFormat=html,d8817bb6-6bc8-4420-bc6e-4e0b93c48773
b23c2bd4-46a1-47da-b13c-7d3a4cf5d1ae,application/pdf,https://www.gencourt.state.nh.us/bill_status/legacy/bs2016/billText.aspx?sy=2024&id=1151&txtFormat=pdf&v=current,4728a8f0-7379-448e-938a-de8a0adcdc2b
6f8e111e-1400-4f9e-b208-299ca8698f93,application/pdf,https://www.gencourt.state.nh.us/bill_status/legacy/bs2016/billText.aspx?sy=2024&id=2024-1123h&txtFormat=amend,fb5f42de-6d80-4ae8-9da0-f8f5829b8c6c
a1649ac9-bb75-47b2-a0c6-9496fe5a5827,application/pdf,https://www.gencourt.state.nh.us/bill_status/legacy/bs2016/billText.aspx?sy=2024&id=1559&txtFormat=pdf&v=current,49c69993-b107-4448-9f50-22616715564c
303f8b7f-6fdd-4d97-a261-4728f195c2d7,text/html,https://www.gencourt.state.nh.us/bill_status/legacy/bs2016/billText.aspx?sy=2024&id=1559&txtFormat=html,49c69993-b107-4448-9f50-22616715564c
8c525cf3-4a82-487b-a8af-b38265b0fce5,text/html,https://www.gencourt.state.nh.us/bill_status/legacy/bs2016/billText.aspx?sy=2024&id=1151&txtFormat=html,4728a8f0-7379-448e-938a-de8a0adcdc2b
a8c8b958-6f35-430f-9d97-29c83e17cb08,application/pdf,https://www.gencourt.state.nh.us/bill_status/legacy/bs2016/billText.aspx?sy=2024&id=2024-0244h&txtFormat=amend,aa1d348f-e099-4faa-9dab-4ce7d0f830e3
34033f8e-9204-4ceb-82a6-3d5441902c65,application/pdf,https://www.gencourt.state.nh.us/bill_status/legacy/bs2016/billText.aspx?sy=2024&id=1445&txtFormat=pdf&v=current,81ccd6b8-8528-49d5-b7b4-5eede42bef55
6c29c313-d1c1-42a5-bf0f-083aa6589e80,application/pdf,https://www.gencourt.state.nh.us/bill_status/legacy/bs2016/billText.aspx?sy=2024&id=2024-1803h&txtFormat=amend,d1aec959-b812-443e-872d-ed6ca43f54e9
267d4566-cf42-44b0-a8ee-dfbc3e9ef20e,application/pdf,https://www.gencourt.state.nh.us/bill_status/legacy/bs2016/billText.aspx?sy=2024&id=1935&txtFormat=pdf&v=current,caf08db5-a3af-4a11-93a9-710cbfaf97ee
d7cbdbd7-58ea-4ee4-a4e2-957bdad0015d,text/html,https://www.gencourt.state.nh.us/bill_status/legacy/bs2016/billText.aspx?sy=2024&id=1935&txtFormat=html,caf08db5-a3af-4a11-93a9-710cbfaf97ee
b2b3495a-b32c-4cfb-8884-5d845463de92,application/pdf,https://www.gencourt.state.nh.us/bill_status/legacy/bs2016/billText.aspx?sy=2024&id=1741&txtFormat=pdf&v=current,943aebe8-aa53-4064-9fa9-ada5d288fc7c
31a2e220-71df-4cde-9ce8-6ba009d4f62c,text/html,https://www.gencourt.state.nh.us/bill_status/legacy/bs2016/billText.aspx?sy=2024&id=1741&txtFormat=html,943aebe8-aa53-4064-9fa9-ada5d288fc7c
718f596e-a611-4deb-8b38-cdb803f010db,application/pdf,https://www.gencourt.state.nh.us/bill_status/legacy/bs2016/billText.aspx?sy=2024&id=2024-0885h&txtFormat=amend,2c78517e-19fc-45fa-895b-c21c6ac9de14
b6e7bb98-2a6b-4684-a59f-3190a3313f2b,application/pdf,https://www.gencourt.state.nh.us/bill_status/legacy/bs2016/billText.aspx?sy=2024&id=1243&txtFormat=pdf&v=current,4861f27b-80fe-426a-9f22-3c413661bbd1
11ee99c5-3119-4faa-a683-8a498217b23d,text/html,https://www.gencourt.state.nh.us/bill_status/legacy/bs2016/billText.aspx?sy=2024&id=1243&txtFormat=html,4861f27b-80fe-426a-9f22-3c413661bbd1
3667e2da-fbce-461a-b64a-2da50ef6f52d,application/pdf,https://www.gencourt.state.nh.us/bill_status/legacy/bs2016/billText.aspx?sy=2024&id=1839&txtFormat=pdf&v=current,b7403106-ca4a-4fba-9936-fddc914c62a6
3e7f5071-43b0-42ec-871e-bbb3c67b567c,text/html,https://www.gencourt.state.nh.us/bill_status/legacy/bs2016/billText.aspx?sy=2024&id=1445&txtFormat=html,81ccd6b8-8528-49d5-b7b4-5eede42bef55
50bb9ec7-9571-459e-8388-77f854e51686,application/pdf,https://www.gencourt.state.nh.us/bill_status/legacy/bs2016/billText.aspx?sy=2024&id=1300&txtFormat=pdf&v=current,37d657c9-505f-4733-8e9a-e4dbe40feede
9ee0f90f-58d4-4ca9-afb3-08c2c1209e06,text/html,https://www.gencourt.state.nh.us/bill_status/legacy/bs2016/billText.aspx?sy=2024&id=1300&txtFormat=html,37d657c9-505f-4733-8e9a-e4dbe40feede
3b721eb9-cb47-4b23-8002-3f9bcb5df030,application/pdf,https://www.gencourt.state.nh.us/bill_status/legacy/bs2016/billText.aspx?sy=2024&id=2024-2145s&txtFormat=amend,de6dd0ed-9886-494d-920e-1d90c13051e6
ac776a7d-2361-4208-88f2-5a0af85f0f63,text/html,https://www.gencourt.state.nh.us/bill_status/legacy/bs2016/billText.aspx?sy=2024&id=1839&txtFormat=html,b7403106-ca4a-4fba-9936-fddc914c62a6
684c9e3a-aad5-4dd4-93f4-2e1e6a1cec36,application/pdf,https://www.gencourt.state.nh.us/bill_status/legacy/bs2016/billText.aspx?sy=2024&id=2024-2352e&txtFormat=amend,6f0573bb-f55a-44ce-baca-ccac74005ee6
44323583-8909-4575-9cd9-c2942e036093,application/pdf,https://www.gencourt.state.nh.us/bill_status/legacy/bs2016/billText.aspx?sy=2024&id=1288&txtFormat=pdf&v=current,52509adb-c200-44d7-9fa2-5daf5ac5c720
4cbdb2d3-7b73-42ff-a221-935d158e38f6,application/pdf,https://www.gencourt.state.nh.us/bill_status/legacy/bs2016/billText.aspx?sy=2024&id=2061&txtFormat=pdf&v=current,c7739ad9-458c-4e61-9ae3-3bed8ce1811e
dadbc463-0067-4d4b-906e-209ca41f0c44,text/html,https://www.gencourt.state.nh.us/bill_status/legacy/bs2016/billText.aspx?sy=2024&id=2061&txtFormat=html,c7739ad9-458c-4e61-9ae3-3bed8ce1811e
ac606563-f46d-41ff-86f8-15b33d3dcefa,text/html,https://www.gencourt.state.nh.us/bill_status/legacy/bs2016/billText.aspx?sy=2024&id=1288&txtFormat=html,52509adb-c200-44d7-9fa2-5daf5ac5c720
b7ef6245-11e4-4b13-b31e-86c1627b0b89,application/pdf,https://www.gencourt.state.nh.us/bill_status/legacy/bs2016/billText.aspx?sy=2024&id=1550&txtFormat=pdf&v=current,2850d08c-26fd-4766-8e53-b48c60fe7ffd
77acf5d2-5be3-4049-a5e9-1196459ded3c,application/pdf,https://www.gencourt.state.nh.us/bill_status/legacy/bs2016/billText.aspx?sy=2024&id=2023-0602h&txtFormat=amend,283b8609-848d-4dfe-9d4b-acaab062c3f0
60682d57-7378-411f-8516-7c117345dbbd,application/pdf,https://www.gencourt.state.nh.us/bill_status/legacy/bs2016/billText.aspx?sy=2024&id=1219&txtFormat=pdf&v=current,e4d28bd9-9e17-4771-a398-930f7a1fcece
2cf7b0a9-5e7b-4752-b600-45ac44f55e54,text/html,https://www.gencourt.state.nh.us/bill_status/legacy/bs2016/billText.aspx?sy=2024&id=1219&txtFormat=html,e4d28bd9-9e17-4771-a398-930f7a1fcece
aafd2ed0-f88c-4bfd-baaa-6b088df29023,application/pdf,https://www.gencourt.state.nh.us/bill_status/legacy/bs2016/billText.aspx?sy=2024&id=2024-2374e&txtFormat=amend,4d6af655-51a2-4119-8b64-bb618868f1d6
96d5e9be-6713-486b-baf3-1600acf63bee,application/pdf,https://www.gencourt.state.nh.us/bill_status/legacy/bs2016/billText.aspx?sy=2024&id=1529&txtFormat=pdf&v=current,c167d22b-b067-4500-aeb7-78d35ebf8093
4b0b3d72-b911-4aa4-9249-ffb4ffc24d86,text/html,https://www.gencourt.state.nh.us/bill_status/legacy/bs2016/billText.aspx?sy=2024&id=1529&txtFormat=html,c167d22b-b067-4500-aeb7-78d35ebf8093
78c2d4cd-eaf6-4634-bd40-2327d94dfba6,application/pdf,https://www.gencourt.state.nh.us/bill_status/legacy/bs2016/billText.aspx?sy=2024&id=1336&txtFormat=pdf&v=current,7473535d-394f-4c18-8fae-e9de3dae5cb1
a99ab01a-074a-4d43-b3f5-5911cc5ee896,text/html,https://www.gencourt.state.nh.us/bill_status/legacy/bs2016/billText.aspx?sy=2024&id=1336&txtFormat=html,7473535d-394f-4c18-8fae-e9de3dae5cb1
8d0fb905-1033-4e40-8df0-015f7d905fbd,application/pdf,https://www.gencourt.state.nh.us/bill_status/legacy/bs2016/billText.aspx?sy=2024&id=1480&txtFormat=pdf&v=current,a9d268ac-fbe7-42b0-a68e-5c120d4e3011
c08a8c36-c719-4345-8597-11e5ea51b142,text/html,https://www.gencourt.state.nh.us/bill_status/legacy/bs2016/billText.aspx?sy=2024&id=1480&txtFormat=html,a9d268ac-fbe7-42b0-a68e-5c120d4e3011
2d3443a9-56e6-403a-8260-afb6d9070205,application/pdf,https://www.gencourt.state.nh.us/bill_status/legacy/bs2016/billText.aspx?sy=2024&id=2024-2338e&txtFormat=amend,0eb07a81-2163-4dd8-b765-71584671cb26
43ccdb3d-be13-4dd3-a46d-91f818b27686,application/pdf,https://www.gencourt.state.nh.us/bill_status/legacy/bs2016/billText.aspx?sy=2024&id=2024-1589h&txtFormat=amend,2cfe58e9-1856-4adf-9141-7d160b0fec63
f868e77b-c577-4767-b436-654318289405,application/pdf,https://www.gencourt.state.nh.us/bill_status/legacy/bs2016/billText.aspx?sy=2024&id=1923&txtFormat=pdf&v=current,a1ca67f2-7f7d-45f7-ab35-10930c844499
4edf59a5-92cc-4070-a201-2cedb8ad0331,text/html,https://www.gencourt.state.nh.us/bill_status/legacy/bs2016/billText.aspx?sy=2024&id=1923&txtFormat=html,a1ca67f2-7f7d-45f7-ab35-10930c844499
68538d03-92db-43de-b4e4-6726a5ba29bf,application/pdf,https://www.gencourt.state.nh.us/bill_status/legacy/bs2016/billText.aspx?sy=2024&id=1624&txtFormat=pdf&v=current,d012156e-e403-4d0c-b5dd-7901a6385e95
ba5ad90a-fb5a-44b3-96a8-c0bf764d2131,text/html,https://www.gencourt.state.nh.us/bill_status/legacy/bs2016/billText.aspx?sy=2024&id=1624&txtFormat=html,d012156e-e403-4d0c-b5dd-7901a6385e95
3b76b29d-0f88-4986-9747-08b9d0d47d8c,application/pdf,https://www.gencourt.state.nh.us/bill_status/legacy/bs2016/billText.aspx?sy=2024&id=1625&txtFormat=pdf&v=current,ad186622-7d07-4e23-94ba-4db9fe4f2e77
2bed0fcc-393b-4d08-9f16-d047e4391fe7,text/html,https://www.gencourt.state.nh.us/bill_status/legacy/bs2016/billText.aspx?sy=2024&id=1625&txtFormat=html,ad186622-7d07-4e23-94ba-4db9fe4f2e77
efef9fd8-a880-435b-9e48-001b94f0e032,application/pdf,https://www.gencourt.state.nh.us/bill_status/legacy/bs2016/billText.aspx?sy=2024&id=1613&txtFormat=pdf&v=current,534a485f-9f8a-4b31-b397-ff2223a3403b
cbc441aa-0dc9-488b-ad0b-622cfaac4f6b,text/html,https://www.gencourt.state.nh.us/bill_status/legacy/bs2016/billText.aspx?sy=2024&id=1613&txtFormat=html,534a485f-9f8a-4b31-b397-ff2223a3403b
ba695bf3-8d1a-4443-ad0c-007c460c11b7,application/pdf,https://www.gencourt.state.nh.us/bill_status/legacy/bs2016/billText.aspx?sy=2024&id=2024-1523s&txtFormat=amend,097a456e-c39f-46c2-89a0-e85a0c509be5
ecdc9961-31bd-442a-9dd7-56f135cd00f7,application/pdf,https://www.gencourt.state.nh.us/bill_status/legacy/bs2016/billText.aspx?sy=2024&id=1325&txtFormat=pdf&v=current,529efdb1-439b-4847-8090-d04e02886524
78c81592-ecaf-453a-8242-fe78779712d5,text/html,https://www.gencourt.state.nh.us/bill_status/legacy/bs2016/billText.aspx?sy=2024&id=1325&txtFormat=html,529efdb1-439b-4847-8090-d04e02886524
022e9104-1b40-48a0-ad2a-9ddea7a5322e,application/pdf,https://www.gencourt.state.nh.us/bill_status/legacy/bs2016/billText.aspx?sy=2024&id=2024-0419h&txtFormat=amend,5684a09f-3f7a-4d93-8d4b-73eec79c73bf
b5b1b73a-1449-4036-9cd0-4cd10414c345,application/pdf,https://www.gencourt.state.nh.us/bill_status/legacy/bs2016/billText.aspx?sy=2024&id=1351&txtFormat=pdf&v=current,f1e89011-9526-4887-b9b3-20410f97996e
1c47ca4a-859d-45b2-823b-49af095284ca,text/html,https://www.gencourt.state.nh.us/bill_status/legacy/bs2016/billText.aspx?sy=2024&id=1351&txtFormat=html,f1e89011-9526-4887-b9b3-20410f97996e
21430e69-d748-482e-95b5-fcb2c97e5db2,application/pdf,https://www.gencourt.state.nh.us/bill_status/legacy/bs2016/billText.aspx?sy=2024&id=2024-1967s&txtFormat=amend,ceb08e0e-1e24-4086-a7ca-bd7762e7b85d
711938c3-b6e0-4138-93f8-e1e9ed60857f,application/pdf,https://www.gencourt.state.nh.us/bill_status/legacy/bs2016/billText.aspx?sy=2024&id=1543&txtFormat=pdf&v=current,e783d525-f9db-4755-91a0-0da4e6eb8b69
c57756a4-1f03-437f-924e-fcf150e385e6,text/html,https://www.gencourt.state.nh.us/bill_status/legacy/bs2016/billText.aspx?sy=2024&id=1543&txtFormat=html,e783d525-f9db-4755-91a0-0da4e6eb8b69
50b732c3-afa0-423c-969a-36cc80c3025e,application/pdf,https://www.gencourt.state.nh.us/bill_status/legacy/bs2016/billText.aspx?sy=2024&id=1828&txtFormat=pdf&v=current,5f3f9f1f-dc5b-40d3-9f55-70b4c176bc0a
1f913d08-92a0-496e-8a40-2f351f131bb3,text/html,https://www.gencourt.state.nh.us/bill_status/legacy/bs2016/billText.aspx?sy=2024&id=1828&txtFormat=html,5f3f9f1f-dc5b-40d3-9f55-70b4c176bc0a
a3734279-b178-4b23-aab3-cc6c9f57fc78,application/pdf,https://www.gencourt.state.nh.us/bill_status/legacy/bs2016/billText.aspx?sy=2024&id=2024-0666h&txtFormat=amend,52ce0230-bd17-4619-97fd-62b2a4dcd9de
ad55bf54-35a5-4f4d-b7a7-cc5f44ffb3fe,application/pdf,https://www.gencourt.state.nh.us/bill_status/legacy/bs2016/billText.aspx?sy=2024&id=1656&txtFormat=pdf&v=current,46c5a485-3707-4da3-883e-ec819c10ffca
d5376b85-e6a5-4c4c-88c1-6b513d2f3ffc,text/html,https://www.gencourt.state.nh.us/bill_status/legacy/bs2016/billText.aspx?sy=2024&id=1656&txtFormat=html,46c5a485-3707-4da3-883e-ec819c10ffca
26ada49d-53d0-4838-8f93-a0bef79be88e,application/pdf,https://www.gencourt.state.nh.us/bill_status/legacy/bs2016/billText.aspx?sy=2024&id=1448&txtFormat=pdf&v=current,ee7dc1cc-14b0-40d6-9e61-66ac2df49d6a
5ac40738-e168-40ca-a546-18448ba6a7a2,text/html,https://www.gencourt.state.nh.us/bill_status/legacy/bs2016/billText.aspx?sy=2024&id=1448&txtFormat=html,ee7dc1cc-14b0-40d6-9e61-66ac2df49d6a
1a1dbc0e-8bd5-4502-bb09-958ad9ca9aaa,application/pdf,https://www.gencourt.state.nh.us/bill_status/legacy/bs2016/billText.aspx?sy=2024&id=2024-1827s&txtFormat=amend,ab852bc8-6793-41c8-8676-1f64772a8cc8
c598f13b-01cb-44c3-a88d-20022ddb5f8a,application/pdf,https://www.gencourt.state.nh.us/bill_status/legacy/bs2016/billText.aspx?sy=2024&id=1390&txtFormat=pdf&v=current,f88a8493-d24c-4356-8fcd-ba29fb74aa5b
0179364d-6ee1-4714-bbcc-5bad7dc9842c,text/html,https://www.gencourt.state.nh.us/bill_status/legacy/bs2016/billText.aspx?sy=2024&id=1390&txtFormat=html,f88a8493-d24c-4356-8fcd-ba29fb74aa5b
377cb6a5-b619-4235-a181-0c9aef5d01e1,application/pdf,https://www.gencourt.state.nh.us/bill_status/legacy/bs2016/billText.aspx?sy=2024&id=1792&txtFormat=pdf&v=current,6737de38-8c29-4bc2-9554-377e6919a029
7399799e-0e8c-4b85-a622-7e4d17022973,text/html,https://www.gencourt.state.nh.us/bill_status/legacy/bs2016/billText.aspx?sy=2024&id=1792&txtFormat=html,6737de38-8c29-4bc2-9554-377e6919a029
f425b3e9-ead3-4f2a-98c8-a0f3c8ea52c1,application/pdf,https://www.gencourt.state.nh.us/bill_status/legacy/bs2016/billText.aspx?sy=2024&id=1619&txtFormat=pdf&v=current,9a05a4f5-faa3-43ba-a470-174964f34d24
c1df8ea8-c805-428f-b2bd-685f56a51527,text/html,https://www.gencourt.state.nh.us/bill_status/legacy/bs2016/billText.aspx?sy=2024&id=1619&txtFormat=html,9a05a4f5-faa3-43ba-a470-174964f34d24
5bb2f856-d08b-48cd-995f-70fdccc8f412,application/pdf,https://www.gencourt.state.nh.us/bill_status/legacy/bs2016/billText.aspx?sy=2024&id=1796&txtFormat=pdf&v=current,2f1fa0c1-d8a3-47ab-a65e-15414e62fe69
611d9252-7177-4fe0-b4f5-9a8eac1d370d,text/html,https://www.gencourt.state.nh.us/bill_status/legacy/bs2016/billText.aspx?sy=2024&id=1796&txtFormat=html,2f1fa0c1-d8a3-47ab-a65e-15414e62fe69
423b90fc-ee5d-4b72-9761-f3851e0ab1d0,application/pdf,https://www.gencourt.state.nh.us/bill_status/legacy/bs2016/billText.aspx?sy=2024&id=1181&txtFormat=pdf&v=current,593b0826-b4fb-41fb-8b9d-24f8165b445b
6f14939a-a0f9-442f-9119-24a6a9900b45,text/html,https://www.gencourt.state.nh.us/bill_status/legacy/bs2016/billText.aspx?sy=2024&id=1181&txtFormat=html,593b0826-b4fb-41fb-8b9d-24f8165b445b
d6776d46-cc89-4d05-8bc5-4a7a22170f31,application/pdf,https://www.gencourt.state.nh.us/bill_status/legacy/bs2016/billText.aspx?sy=2024&id=1265&txtFormat=pdf&v=current,0f940547-44c3-4b29-81a7-d7f7eb50c8a9
05ee431a-0eb0-432f-9018-3adda8722372,text/html,https://www.gencourt.state.nh.us/bill_status/legacy/bs2016/billText.aspx?sy=2024&id=1265&txtFormat=html,0f940547-44c3-4b29-81a7-d7f7eb50c8a9
b7d4b1c5-b0f6-4306-8539-93fd6e9b7c98,application/pdf,https://www.gencourt.state.nh.us/bill_status/legacy/bs2016/billText.aspx?sy=2024&id=2024-2333e&txtFormat=amend,6351b18f-45dc-4487-a763-e8e70d380529
61e07f74-d993-4f11-9375-5dce81dc7061,application/pdf,https://www.gencourt.state.nh.us/bill_status/legacy/bs2016/billText.aspx?sy=2024&id=1470&txtFormat=pdf&v=current,b5e81e8b-4301-480d-adaa-2b4b4c07e0bf
9f16ce15-5030-4fdc-ba92-2edbd713eefc,text/html,https://www.gencourt.state.nh.us/bill_status/legacy/bs2016/billText.aspx?sy=2024&id=1470&txtFormat=html,b5e81e8b-4301-480d-adaa-2b4b4c07e0bf
f7daa2de-35df-4325-99c7-d04e0f608880,application/pdf,https://www.gencourt.state.nh.us/bill_status/legacy/bs2016/billText.aspx?sy=2024&id=2024-0865s&txtFormat=amend,d5e3fae0-ac9e-478f-9c7e-3dc915e4f6b5
76a009f4-afce-4a2d-a1ed-b508ac6ccd24,application/pdf,https://www.gencourt.state.nh.us/bill_status/legacy/bs2016/billText.aspx?sy=2024&id=2068&txtFormat=pdf&v=current,fb11330b-03aa-4c3c-8876-874bf33480b5
fa3f7ffa-ce80-4ebc-bf83-77e483ca2f7c,text/html,https://www.gencourt.state.nh.us/bill_status/legacy/bs2016/billText.aspx?sy=2024&id=2068&txtFormat=html,fb11330b-03aa-4c3c-8876-874bf33480b5
7dd0c1a8-eb69-491e-83fb-198f1d10111d,application/pdf,https://www.gencourt.state.nh.us/bill_status/legacy/bs2016/billText.aspx?sy=2024&id=1814&txtFormat=pdf&v=current,f6697d43-91ff-4c8d-8a8c-8b058cd995df
cce00911-e7fa-40b0-8130-ab709791616d,text/html,https://www.gencourt.state.nh.us/bill_status/legacy/bs2016/billText.aspx?sy=2024&id=1814&txtFormat=html,f6697d43-91ff-4c8d-8a8c-8b058cd995df
e03f640a-6b6c-418f-bb4b-1f7614127588,application/pdf,https://www.gencourt.state.nh.us/bill_status/legacy/bs2016/billText.aspx?sy=2024&id=2024-1265s&txtFormat=amend,db84d1bd-e042-4ff0-abb4-aa13cbc896c3
e1668a1e-b206-4df2-a492-262aaabc4fb7,application/pdf,https://www.gencourt.state.nh.us/bill_status/legacy/bs2016/billText.aspx?sy=2024&id=2038&txtFormat=pdf&v=current,78557e42-3966-44c6-bd9b-17d1cedf117b
bea68972-249f-42da-9402-2069b19c861d,text/html,https://www.gencourt.state.nh.us/bill_status/legacy/bs2016/billText.aspx?sy=2024&id=2038&txtFormat=html,78557e42-3966-44c6-bd9b-17d1cedf117b
d103ce4e-ebf0-4d6a-b6f8-4b6cd55698d6,application/pdf,https://www.gencourt.state.nh.us/bill_status/legacy/bs2016/billText.aspx?sy=2024&id=1456&txtFormat=pdf&v=current,bfd73cff-d9e0-4d19-b38d-39946c4641d1
768f3f2e-a6f4-416b-8c44-cafdae9d13d8,text/html,https://www.gencourt.state.nh.us/bill_status/legacy/bs2016/billText.aspx?sy=2024&id=1456&txtFormat=html,bfd73cff-d9e0-4d19-b38d-39946c4641d1
6a098242-4857-460a-939c-ac2ff3feb017,application/pdf,https://www.gencourt.state.nh.us/bill_status/legacy/bs2016/billText.aspx?sy=2024&id=2024-0560s&txtFormat=amend,247d90eb-e174-4476-a509-93650ec9b217
2839b93d-d2bc-4191-b4c6-773f0275d496,application/pdf,https://www.gencourt.state.nh.us/bill_status/legacy/bs2016/billText.aspx?sy=2024&id=2226&txtFormat=pdf&v=current,b67876b1-5ea1-4f2c-9e70-154aafd2542a
1100bcd7-6bb7-4b68-a800-0338a80e93c0,text/html,https://www.gencourt.state.nh.us/bill_status/legacy/bs2016/billText.aspx?sy=2024&id=2226&txtFormat=html,b67876b1-5ea1-4f2c-9e70-154aafd2542a
75af4ea3-fce8-467c-9d29-26b6998d3d10,application/pdf,https://www.gencourt.state.nh.us/bill_status/legacy/bs2016/billText.aspx?sy=2024&id=1803&txtFormat=pdf&v=current,b74a77ef-06e8-4fc0-96ff-36b9b49ec58e
fe5be7ac-99a8-4af2-aca9-58ce96871451,text/html,https://www.gencourt.state.nh.us/bill_status/legacy/bs2016/billText.aspx?sy=2024&id=1803&txtFormat=html,b74a77ef-06e8-4fc0-96ff-36b9b49ec58e
705c05d2-ef59-4670-ac2e-56f9eb77368b,text/html,https://www.gencourt.state.nh.us/bill_status/legacy/bs2016/billText.aspx?sy=2024&id=1550&txtFormat=html,2850d08c-26fd-4766-8e53-b48c60fe7ffd
3618e0ce-590c-4938-a086-aa4ef6e4f166,application/pdf,https://www.gencourt.state.nh.us/bill_status/legacy/bs2016/billText.aspx?sy=2024&id=2024-1819h&txtFormat=amend,c4573cbd-ca4a-4781-beeb-bad9b883b0d3
4cf7620c-ce19-45fa-a8d6-4291d43a8f73,application/pdf,https://www.gencourt.state.nh.us/bill_status/legacy/bs2016/billText.aspx?sy=2024&id=2169&txtFormat=pdf&v=current,79cded69-dddc-4a33-a2a1-393a7d8aa66a
8d2a5402-0f6f-43c8-87f5-279d11cfc65d,text/html,https://www.gencourt.state.nh.us/bill_status/legacy/bs2016/billText.aspx?sy=2024&id=2169&txtFormat=html,79cded69-dddc-4a33-a2a1-393a7d8aa66a
91a288f7-ddee-46f5-8df5-04b1bed8e042,application/pdf,https://www.gencourt.state.nh.us/bill_status/legacy/bs2016/billText.aspx?sy=2024&id=2024-0546s&txtFormat=amend,dfb30811-6c72-47ba-9d4e-d644b1beef4a
acb9f17c-3e97-41a6-8f9b-887aa019c37a,application/pdf,https://www.gencourt.state.nh.us/bill_status/legacy/bs2016/billText.aspx?sy=2024&id=2184&txtFormat=pdf&v=current,8b22ae42-511f-48be-85a7-06f2eed53c80
3f94f15d-27fc-485d-a0d6-f991ca866ff6,text/html,https://www.gencourt.state.nh.us/bill_status/legacy/bs2016/billText.aspx?sy=2024&id=2184&txtFormat=html,8b22ae42-511f-48be-85a7-06f2eed53c80
dd202379-7b7f-4bee-a7cb-1edb239d1a1c,application/pdf,https://www.gencourt.state.nh.us/bill_status/legacy/bs2016/billText.aspx?sy=2024&id=2024-0637h&txtFormat=amend,88e9b3fd-0024-4f72-9115-01e24370c475
6ffd4e93-acf6-4eb5-b46a-eb6296c06e03,application/pdf,https://www.gencourt.state.nh.us/bill_status/legacy/bs2016/billText.aspx?sy=2024&id=1612&txtFormat=pdf&v=current,3c769ae5-a6f4-4c3b-b6b4-2cdcab2c90aa
72383d48-9b7f-4268-8510-eb934e5a80eb,application/pdf,https://www.gencourt.state.nh.us/bill_status/legacy/bs2016/billText.aspx?sy=2024&id=2023-2418s&txtFormat=amend,4df603ce-c93d-4f8a-8017-e0296e23512f
8fb1f2df-8597-493c-8cfb-61b01a1ac957,application/pdf,https://www.gencourt.state.nh.us/bill_status/legacy/bs2016/billText.aspx?sy=2024&id=2024-2325e&txtFormat=amend,d6eef7a1-3787-4c29-b2df-4e398688395a
9e112d72-b77b-413c-9503-61ad5bd304ac,text/html,https://www.gencourt.state.nh.us/bill_status/legacy/bs2016/billText.aspx?sy=2024&id=1612&txtFormat=html,3c769ae5-a6f4-4c3b-b6b4-2cdcab2c90aa
1fa4a4f3-7edb-4bb4-bdd6-df2b608d8679,application/pdf,https://www.gencourt.state.nh.us/bill_status/legacy/bs2016/billText.aspx?sy=2024&id=1353&txtFormat=pdf&v=current,4c4f3bab-d06a-4bfe-b344-efb2a3d1efec
9407c955-851a-4275-b22e-850c317d5acd,text/html,https://www.gencourt.state.nh.us/bill_status/legacy/bs2016/billText.aspx?sy=2024&id=1353&txtFormat=html,4c4f3bab-d06a-4bfe-b344-efb2a3d1efec
93ee110b-41d6-4b8a-b5a8-63a4ebd44d24,application/pdf,https://www.gencourt.state.nh.us/bill_status/legacy/bs2016/billText.aspx?sy=2024&id=2024-2349e&txtFormat=amend,a1b69089-31a4-4f40-b105-dff89e0c8a32
7647c4ab-1452-480e-b7fc-6cd9fad478ad,application/pdf,https://www.gencourt.state.nh.us/bill_status/legacy/bs2016/billText.aspx?sy=2024&id=1737&txtFormat=pdf&v=current,004389c2-d6b3-4426-b8ca-a7f83e8a0bf3
9180f85c-d3fe-4f90-806a-c2023f1ec757,text/html,https://www.gencourt.state.nh.us/bill_status/legacy/bs2016/billText.aspx?sy=2024&id=1737&txtFormat=html,004389c2-d6b3-4426-b8ca-a7f83e8a0bf3
8453404e-a17c-4a3b-966f-ec81e202ffce,application/pdf,https://www.gencourt.state.nh.us/bill_status/legacy/bs2016/billText.aspx?sy=2024&id=2118&txtFormat=pdf&v=current,0e673f61-16fe-4e89-a1b8-4b29ffded25e
3cd2b9ed-a306-4a6a-9681-799269b14c58,text/html,https://www.gencourt.state.nh.us/bill_status/legacy/bs2016/billText.aspx?sy=2024&id=2118&txtFormat=html,0e673f61-16fe-4e89-a1b8-4b29ffded25e
8859a235-4df5-4e9f-bbef-31f2e167a4b1,application/pdf,https://www.gencourt.state.nh.us/bill_status/legacy/bs2016/billText.aspx?sy=2024&id=2024-2119s&txtFormat=amend,07db9fa0-8342-4309-ae24-ce0e93c90a07
42fd3054-a846-4603-a511-6eac81492000,application/pdf,https://www.gencourt.state.nh.us/bill_status/legacy/bs2016/billText.aspx?sy=2024&id=2024-1896h&txtFormat=amend,80309663-845e-4b41-85dc-3a041446bbcd
28629551-a0ff-4a3b-b184-4605a2a99e51,application/pdf,https://www.gencourt.state.nh.us/bill_status/legacy/bs2016/billText.aspx?sy=2024&id=1966&txtFormat=pdf&v=current,45bbcb5a-b623-47bd-89f9-8534953cae8f
bb35b69b-b404-48f5-947e-11931e2b2cd8,text/html,https://www.gencourt.state.nh.us/bill_status/legacy/bs2016/billText.aspx?sy=2024&id=1966&txtFormat=html,45bbcb5a-b623-47bd-89f9-8534953cae8f
7377f271-a1cc-4534-9d7f-964ce07b230f,application/pdf,https://www.gencourt.state.nh.us/bill_status/legacy/bs2016/billText.aspx?sy=2024&id=1426&txtFormat=pdf&v=current,697e27c7-4a2c-41c1-991b-a7f442bdcc51
796ad288-e0c8-4b6b-970e-545817922aa1,text/html,https://www.gencourt.state.nh.us/bill_status/legacy/bs2016/billText.aspx?sy=2024&id=1426&txtFormat=html,697e27c7-4a2c-41c1-991b-a7f442bdcc51
a42db2bb-07c9-42ff-aadc-b6b145fffc67,application/pdf,https://www.gencourt.state.nh.us/bill_status/legacy/bs2016/billText.aspx?sy=2024&id=2107&txtFormat=pdf&v=current,cb33fa15-0091-428f-9c08-40a0797681db
6ea37ff1-3c13-47c8-a767-c96aa3449098,text/html,https://www.gencourt.state.nh.us/bill_status/legacy/bs2016/billText.aspx?sy=2024&id=2107&txtFormat=html,cb33fa15-0091-428f-9c08-40a0797681db
d0c6ae13-caed-4432-8d48-83e2a17ecbd6,application/pdf,https://www.gencourt.state.nh.us/bill_status/legacy/bs2016/billText.aspx?sy=2024&id=1822&txtFormat=pdf&v=current,7b187053-e0a4-4d4d-a141-8d9a21f3408d
b3d1f0b7-f636-4a77-b679-954e5fff02fc,text/html,https://www.gencourt.state.nh.us/bill_status/legacy/bs2016/billText.aspx?sy=2024&id=1822&txtFormat=html,7b187053-e0a4-4d4d-a141-8d9a21f3408d
5f9ed095-e11c-48c9-b04b-d2607ac10502,application/pdf,https://www.gencourt.state.nh.us/bill_status/legacy/bs2016/billText.aspx?sy=2024&id=1123&txtFormat=pdf&v=current,8aec43f3-68b6-49ab-b40d-00bd3b63a66c
bbfff23a-34d2-433d-a942-90d8ff19e280,text/html,https://www.gencourt.state.nh.us/bill_status/legacy/bs2016/billText.aspx?sy=2024&id=1123&txtFormat=html,8aec43f3-68b6-49ab-b40d-00bd3b63a66c
bd81cff9-de10-41a0-b94a-3f147b3de034,application/pdf,https://www.gencourt.state.nh.us/bill_status/legacy/bs2016/billText.aspx?sy=2024&id=1314&txtFormat=pdf&v=current,c8778691-1ae8-4de7-818f-ec97740785df
8149c517-dd8e-492c-bcc7-5438bad1c2d2,text/html,https://www.gencourt.state.nh.us/bill_status/legacy/bs2016/billText.aspx?sy=2024&id=1314&txtFormat=html,c8778691-1ae8-4de7-818f-ec97740785df
f183ee10-5f8c-464e-b765-888c73824998,application/pdf,https://www.gencourt.state.nh.us/bill_status/legacy/bs2016/billText.aspx?sy=2024&id=2041&txtFormat=pdf&v=current,7aa4dd95-bd4c-4134-b3c9-44d054bb02d7
efe2ce76-989d-4c1d-a080-13d7afc80845,application/pdf,https://www.gencourt.state.nh.us/bill_status/legacy/bs2016/billText.aspx?sy=2024&id=2024-2316e&txtFormat=amend,c883cab8-f484-4891-af95-b5081108de53
7e93f765-7868-4fbb-a5a1-ca0e5563c1b4,application/pdf,https://www.gencourt.state.nh.us/bill_status/legacy/bs2016/billText.aspx?sy=2024&id=2246&txtFormat=pdf&v=current,351bae49-8828-4e54-b4ae-c5e887709521
c7b7f7ea-66ca-4a19-95c6-8744b0c244b4,text/html,https://www.gencourt.state.nh.us/bill_status/legacy/bs2016/billText.aspx?sy=2024&id=2246&txtFormat=html,351bae49-8828-4e54-b4ae-c5e887709521
09da1770-4fc0-401e-8397-a5226400c278,application/pdf,https://www.gencourt.state.nh.us/bill_status/legacy/bs2016/billText.aspx?sy=2024&id=2024-1698h&txtFormat=amend,a0e645b3-bc99-47cc-b412-33fd429bdc06
44fb4a65-ce6d-49b0-a007-22e9202c5e73,application/pdf,https://www.gencourt.state.nh.us/bill_status/legacy/bs2016/billText.aspx?sy=2024&id=2079&txtFormat=pdf&v=current,04f8268c-d918-4e7f-bdb2-22afa701eeb9
b6d17f7a-82c6-43a5-b84b-2ac42c2b7528,text/html,https://www.gencourt.state.nh.us/bill_status/legacy/bs2016/billText.aspx?sy=2024&id=2079&txtFormat=html,04f8268c-d918-4e7f-bdb2-22afa701eeb9
32dc5756-0b8c-40ea-97fa-dc84a75fdc39,application/pdf,https://www.gencourt.state.nh.us/bill_status/legacy/bs2016/billText.aspx?sy=2024&id=1440&txtFormat=pdf&v=current,14a8f397-9860-45bb-838d-7e7e9d7f5d1a
057b2259-04f9-460e-b951-1eb8f2c6e481,text/html,https://www.gencourt.state.nh.us/bill_status/legacy/bs2016/billText.aspx?sy=2024&id=1440&txtFormat=html,14a8f397-9860-45bb-838d-7e7e9d7f5d1a
9e6382bb-c3b9-4b1d-b15f-3bfb52fef79a,text/html,https://www.gencourt.state.nh.us/bill_status/legacy/bs2016/billText.aspx?sy=2024&id=2041&txtFormat=html,7aa4dd95-bd4c-4134-b3c9-44d054bb02d7
edde3030-5fbf-4a2f-a25c-5d4d97441791,application/pdf,https://www.gencourt.state.nh.us/bill_status/legacy/bs2016/billText.aspx?sy=2024&id=1667&txtFormat=pdf&v=current,8ce86488-a57d-4e42-bbdb-a7733d814975
7f13aee6-4eb5-44de-99d1-3128a81a14c6,application/pdf,https://www.gencourt.state.nh.us/bill_status/legacy/bs2016/billText.aspx?sy=2024&id=1953&txtFormat=pdf&v=current,41a4323c-ecfa-4a5c-880a-ec94c3a31432
698007e1-57ab-458b-a8c1-7398ea6c2e4a,text/html,https://www.gencourt.state.nh.us/bill_status/legacy/bs2016/billText.aspx?sy=2024&id=1953&txtFormat=html,41a4323c-ecfa-4a5c-880a-ec94c3a31432
2a74ba78-ad45-4318-8a18-1020fa92a727,application/pdf,https://www.gencourt.state.nh.us/bill_status/legacy/bs2016/billText.aspx?sy=2024&id=1892&txtFormat=pdf&v=current,ec794052-b4de-40f1-a150-5ce6aa308d97
959f0c39-a33f-4bf8-8c8b-576c375f38a9,text/html,https://www.gencourt.state.nh.us/bill_status/legacy/bs2016/billText.aspx?sy=2024&id=1892&txtFormat=html,ec794052-b4de-40f1-a150-5ce6aa308d97
212c6384-3c23-47a8-a20d-a081ac1402c0,text/html,https://www.gencourt.state.nh.us/bill_status/legacy/bs2016/billText.aspx?sy=2024&id=1667&txtFormat=html,8ce86488-a57d-4e42-bbdb-a7733d814975
88a95a30-7ac6-4ec1-9d2b-7bdc623285b0,application/pdf,https://www.gencourt.state.nh.us/bill_status/legacy/bs2016/billText.aspx?sy=2024&id=1491&txtFormat=pdf&v=current,7c3302ca-e6da-438d-b682-56c82ae5ec5e
4d2d5628-3947-4d00-bfa4-c7ce654a5132,text/html,https://www.gencourt.state.nh.us/bill_status/legacy/bs2016/billText.aspx?sy=2024&id=1491&txtFormat=html,7c3302ca-e6da-438d-b682-56c82ae5ec5e
cfa9b7f7-cad2-475d-9c7c-cce6a04f179c,application/pdf,https://www.gencourt.state.nh.us/bill_status/legacy/bs2016/billText.aspx?sy=2024&id=2240&txtFormat=pdf&v=current,c51cec24-c8e2-4ad5-b4ce-ab2a7667d56d
2aff74db-8c20-4810-9748-fc7568718635,application/pdf,https://www.gencourt.state.nh.us/bill_status/legacy/bs2016/billText.aspx?sy=2024&id=2024-1522s&txtFormat=amend,d6413291-62de-4154-8fb4-afedc3d4ee35
0bd0c68d-115e-4cd5-9995-0c719841766d,application/pdf,https://www.gencourt.state.nh.us/bill_status/legacy/bs2016/billText.aspx?sy=2024&id=2024-1988h&txtFormat=amend,d1a51c49-3d1d-45a6-a0dc-b31cac63e5a3
1301c182-a7e9-4c8e-8ef5-bc71a657b7b1,application/pdf,https://www.gencourt.state.nh.us/bill_status/legacy/bs2016/billText.aspx?sy=2024&id=1984&txtFormat=pdf&v=current,09942155-51d0-4701-ae1b-9f862567bb2e
e4d27d5c-a07a-4c9b-9a16-fca97c3ef588,text/html,https://www.gencourt.state.nh.us/bill_status/legacy/bs2016/billText.aspx?sy=2024&id=1984&txtFormat=html,09942155-51d0-4701-ae1b-9f862567bb2e
ec472c98-e87c-47ff-8b82-751edc1626b8,application/pdf,https://www.gencourt.state.nh.us/bill_status/legacy/bs2016/billText.aspx?sy=2024&id=2024-0712s&txtFormat=amend,a08740ea-c2de-4d80-8704-b5b8cd22d36c
dd88b64a-74c8-41be-bc78-2188ea389461,application/pdf,https://www.gencourt.state.nh.us/bill_status/legacy/bs2016/billText.aspx?sy=2024&id=2156&txtFormat=pdf&v=current,13e18f86-1067-4b59-8d24-e3fa0b371d5d
34e16b1d-9f7c-4652-ad68-520ddcfa7bb1,text/html,https://www.gencourt.state.nh.us/bill_status/legacy/bs2016/billText.aspx?sy=2024&id=2156&txtFormat=html,13e18f86-1067-4b59-8d24-e3fa0b371d5d
c5a9abd7-ecbc-4a4b-95c9-8c828779f7f5,application/pdf,https://www.gencourt.state.nh.us/bill_status/legacy/bs2016/billText.aspx?sy=2024&id=2024-0515s&txtFormat=amend,15ead040-b378-4613-8105-2807a2b564bb
1124fbc0-af44-44f3-b20a-69dc0e3dac34,application/pdf,https://www.gencourt.state.nh.us/bill_status/legacy/bs2016/billText.aspx?sy=2024&id=2154&txtFormat=pdf&v=current,a022c666-ad36-4728-a368-ab2fda568a61
f3b6c65b-bccb-40b3-bc2c-b42799a51033,text/html,https://www.gencourt.state.nh.us/bill_status/legacy/bs2016/billText.aspx?sy=2024&id=2154&txtFormat=html,a022c666-ad36-4728-a368-ab2fda568a61
8e985d0d-2952-4c36-a7a9-0bbe00f78ba7,application/pdf,https://www.gencourt.state.nh.us/bill_status/legacy/bs2016/billText.aspx?sy=2024&id=2024-1222h&txtFormat=amend,75324d52-e15d-4b2f-9b2d-6327a1635b60
b3574d36-e1a3-4a26-83d0-1652a1931a36,application/pdf,https://www.gencourt.state.nh.us/bill_status/legacy/bs2016/billText.aspx?sy=2024&id=1875&txtFormat=pdf&v=current,748a635b-33c8-4827-b599-3d3c87d43bba
9354d0b2-1d6a-4259-8e42-7bed0190d237,text/html,https://www.gencourt.state.nh.us/bill_status/legacy/bs2016/billText.aspx?sy=2024&id=1875&txtFormat=html,748a635b-33c8-4827-b599-3d3c87d43bba
f35dadd6-caac-4840-911f-392ea579617a,text/html,https://www.gencourt.state.nh.us/bill_status/legacy/bs2016/billText.aspx?sy=2024&id=2240&txtFormat=html,c51cec24-c8e2-4ad5-b4ce-ab2a7667d56d
5f98aaca-6fec-424a-ba7b-bd68762a0a5b,application/pdf,https://www.gencourt.state.nh.us/bill_status/legacy/bs2016/billText.aspx?sy=2024&id=2024-0567s&txtFormat=amend,f53e29a2-8336-45f1-9c5b-037e0ed562e3
2b56c3a1-ff3a-4fca-89f2-343b1c971e4b,application/pdf,https://www.gencourt.state.nh.us/bill_status/legacy/bs2016/billText.aspx?sy=2024&id=2024-0365s&txtFormat=amend,52fec362-4df7-4a56-9af9-b4d75f879eee
013499a2-c6c7-41cc-8df6-988efafe5d5d,application/pdf,https://www.gencourt.state.nh.us/bill_status/legacy/bs2016/billText.aspx?sy=2024&id=2114&txtFormat=pdf&v=current,28f50ebd-f48e-4a6e-976c-cc0000a18f6e
cc71f693-09be-40d2-a2f4-41a71c1e8afb,text/html,https://www.gencourt.state.nh.us/bill_status/legacy/bs2016/billText.aspx?sy=2024&id=2114&txtFormat=html,28f50ebd-f48e-4a6e-976c-cc0000a18f6e
7610dfb9-3b4f-4815-b0f0-24f97c6152d4,application/pdf,https://www.gencourt.state.nh.us/bill_status/legacy/bs2016/billText.aspx?sy=2024&id=2024-1638h&txtFormat=amend,e32509e8-c771-4b3f-8dbc-aff1b06dd936
4c0f2b3b-a524-4aa5-a80b-daf82f125820,application/pdf,https://www.gencourt.state.nh.us/bill_status/legacy/bs2016/billText.aspx?sy=2024&id=1945&txtFormat=pdf&v=current,412a2151-c450-4884-9fcb-5077ea88fbad
cd9d6b33-7395-44ea-ac25-612b50953871,text/html,https://www.gencourt.state.nh.us/bill_status/legacy/bs2016/billText.aspx?sy=2024&id=1945&txtFormat=html,412a2151-c450-4884-9fcb-5077ea88fbad
69327cc5-0c18-4237-ab95-148b60a79923,application/pdf,https://www.gencourt.state.nh.us/bill_status/legacy/bs2016/billText.aspx?sy=2024&id=2213&txtFormat=pdf&v=current,5e3a5d23-4fd0-43a6-95cf-9cf40b47081b
11c56b55-03de-416e-8781-89704fb7c3e4,text/html,https://www.gencourt.state.nh.us/bill_status/legacy/bs2016/billText.aspx?sy=2024&id=2213&txtFormat=html,5e3a5d23-4fd0-43a6-95cf-9cf40b47081b
21677e8e-8f91-463e-af8c-b4bbd9a1497f,application/pdf,https://www.gencourt.state.nh.us/bill_status/legacy/bs2016/billText.aspx?sy=2024&id=1778&txtFormat=pdf&v=current,de9b6943-10c6-4e7d-acf3-f314ca33074f
d07e9199-f62d-457c-90f6-0ec109ca20af,text/html,https://www.gencourt.state.nh.us/bill_status/legacy/bs2016/billText.aspx?sy=2024&id=1778&txtFormat=html,de9b6943-10c6-4e7d-acf3-f314ca33074f
246f80ce-045d-4354-842a-4358a6bcb797,application/pdf,https://www.gencourt.state.nh.us/bill_status/legacy/bs2016/billText.aspx?sy=2024&id=2196&txtFormat=pdf&v=current,5286abbb-3a6e-4bf2-9dd9-84905f13d5d4
07bc2505-f73e-4357-a277-54a93a6128a1,application/pdf,https://www.gencourt.state.nh.us/bill_status/legacy/bs2016/billText.aspx?sy=2024&id=2024-0521s&txtFormat=amend,2d9b28be-480c-44c1-8355-23b06091f5ae
b735a48b-2201-405b-a1fc-bd981335aed0,text/html,https://www.gencourt.state.nh.us/bill_status/legacy/bs2016/billText.aspx?sy=2024&id=2196&txtFormat=html,5286abbb-3a6e-4bf2-9dd9-84905f13d5d4
f02c0c4f-f120-4e76-84ea-0566c0fb6c4b,application/pdf,https://www.gencourt.state.nh.us/bill_status/legacy/bs2016/billText.aspx?sy=2024&id=1948&txtFormat=pdf&v=current,8e5f319a-6973-4da3-8bf0-a28a57df2e31
f16b9f56-bb8e-40fc-adaa-8df171c743cc,text/html,https://www.gencourt.state.nh.us/bill_status/legacy/bs2016/billText.aspx?sy=2024&id=1948&txtFormat=html,8e5f319a-6973-4da3-8bf0-a28a57df2e31
b85c78e7-d8e6-4271-82a7-3e7f39fd602c,application/pdf,https://www.gencourt.state.nh.us/bill_status/legacy/bs2016/billText.aspx?sy=2024&id=2022&txtFormat=pdf&v=current,50173b1e-46d1-47cd-8559-6a35fb75d1da
07c68ca9-72f1-4dd3-8975-2b4126475bda,text/html,https://www.gencourt.state.nh.us/bill_status/legacy/bs2016/billText.aspx?sy=2024&id=2022&txtFormat=html,50173b1e-46d1-47cd-8559-6a35fb75d1da
4190ed03-12a8-4ff8-af50-f08348e964f6,application/pdf,https://www.gencourt.state.nh.us/bill_status/legacy/bs2016/billText.aspx?sy=2024&id=2024-2353e&txtFormat=amend,d822be84-4de7-4214-ab86-c6b2e91d1e9f
2d5ab72c-d7cd-4b5d-adbf-418a69ef2fef,application/pdf,https://www.gencourt.state.nh.us/bill_status/legacy/bs2016/billText.aspx?sy=2024&id=2162&txtFormat=pdf&v=current,23286db4-4047-440f-94f3-d37a06adee7e
8c79c29d-1f7e-4894-85df-b2cf549373f6,text/html,https://www.gencourt.state.nh.us/bill_status/legacy/bs2016/billText.aspx?sy=2024&id=2162&txtFormat=html,23286db4-4047-440f-94f3-d37a06adee7e
fcd0ad7e-8385-46aa-bd37-e4da16d4de03,application/pdf,https://www.gencourt.state.nh.us/bill_status/legacy/bs2016/billText.aspx?sy=2024&id=2024-2366e&txtFormat=amend,a7f40e33-0266-4c1d-bf3e-caa3a6afcab9
d0bc98d9-c665-45a3-8456-a1aabd992032,application/pdf,https://www.gencourt.state.nh.us/bill_status/legacy/bs2016/billText.aspx?sy=2024&id=1419&txtFormat=pdf&v=current,acceda29-2a8a-42bf-912c-4b859d49df56
aece707e-cd67-4ad9-8940-df0848ae04bc,text/html,https://www.gencourt.state.nh.us/bill_status/legacy/bs2016/billText.aspx?sy=2024&id=1419&txtFormat=html,acceda29-2a8a-42bf-912c-4b859d49df56
36c1d36f-cc1b-471b-afe4-49ef4427de0b,application/pdf,https://www.gencourt.state.nh.us/bill_status/legacy/bs2016/billText.aspx?sy=2024&id=2024-1790h&txtFormat=amend,6104f4e9-dbba-4d05-a6ee-d6524f65df9c
45b62d1a-a032-4913-8274-8486028f5d91,application/pdf,https://www.gencourt.state.nh.us/bill_status/legacy/bs2016/billText.aspx?sy=2024&id=2105&txtFormat=pdf&v=current,9d477903-94dc-4b3a-bd62-d469ba581e1f
ffa9fafb-57d0-4dba-b648-c69161ff2baa,text/html,https://www.gencourt.state.nh.us/bill_status/legacy/bs2016/billText.aspx?sy=2024&id=2105&txtFormat=html,9d477903-94dc-4b3a-bd62-d469ba581e1f
78f5c90d-560e-47fe-90b1-8f92de826191,application/pdf,https://www.gencourt.state.nh.us/bill_status/legacy/bs2016/billText.aspx?sy=2024&id=2024-0219h&txtFormat=amend,fe2bc008-4b91-4373-b56e-79c0dfde3435
27fe5ead-019d-4bb0-974a-3da9571036a7,application/pdf,https://www.gencourt.state.nh.us/bill_status/legacy/bs2016/billText.aspx?sy=2024&id=2180&txtFormat=pdf&v=current,ef16b6de-41ee-4c08-b1c9-bc9252b9ca27
cd7931e4-f28d-43d0-970e-12254e5f3fec,text/html,https://www.gencourt.state.nh.us/bill_status/legacy/bs2016/billText.aspx?sy=2024&id=2180&txtFormat=html,ef16b6de-41ee-4c08-b1c9-bc9252b9ca27
3c3f83a9-5c6f-4b91-b043-f49b7ed90b5f,application/pdf,https://www.gencourt.state.nh.us/bill_status/legacy/bs2016/billText.aspx?sy=2024&id=2024-0768h&txtFormat=amend,3786c6b0-27ac-46f5-88b6-960e65345ab8
b30216fe-b0c2-4a23-b50f-fb81d79e131d,application/pdf,https://www.gencourt.state.nh.us/bill_status/legacy/bs2016/billText.aspx?sy=2024&id=1898&txtFormat=pdf&v=current,e1d1f061-fea3-4613-a4fa-316f2e16b568
83b0b224-bf43-45ff-bf6d-1e58e5c42720,application/pdf,https://www.gencourt.state.nh.us/bill_status/legacy/bs2016/billText.aspx?sy=2024&id=1228&txtFormat=pdf&v=current,442e867e-1f43-47ab-8187-ced8a9e9df82
58ecbfad-af50-44bc-aea1-fd0a35a08be4,text/html,https://www.gencourt.state.nh.us/bill_status/legacy/bs2016/billText.aspx?sy=2024&id=1228&txtFormat=html,442e867e-1f43-47ab-8187-ced8a9e9df82
a3e9f707-2a34-494d-98a3-cc832f392367,text/html,https://www.gencourt.state.nh.us/bill_status/legacy/bs2016/billText.aspx?sy=2024&id=1898&txtFormat=html,e1d1f061-fea3-4613-a4fa-316f2e16b568
1add7efd-6fea-47cb-b398-604999cb3485,application/pdf,https://www.gencourt.state.nh.us/bill_status/legacy/bs2016/billText.aspx?sy=2024&id=1130&txtFormat=pdf&v=current,296a4428-c1b9-49a0-b306-51f54d684f37
4d7fe4d8-a87e-479f-96e2-30838d101a9f,application/pdf,https://www.gencourt.state.nh.us/bill_status/legacy/bs2016/billText.aspx?sy=2024&id=1188&txtFormat=pdf&v=current,d8e2b063-389a-4adf-8b3b-e7aa0e18e443
b44000b7-22ba-4d84-bf8f-7eaeccda819c,text/html,https://www.gencourt.state.nh.us/bill_status/legacy/bs2016/billText.aspx?sy=2024&id=1188&txtFormat=html,d8e2b063-389a-4adf-8b3b-e7aa0e18e443
b7203948-04e9-4d96-9118-574536c4d6ea,application/pdf,https://www.gencourt.state.nh.us/bill_status/legacy/bs2016/billText.aspx?sy=2024&id=1514&txtFormat=pdf&v=current,4c36f806-0379-4db6-b654-faca54720f02
0c3fe07a-037b-4532-adc8-af6b8a25e72c,text/html,https://www.gencourt.state.nh.us/bill_status/legacy/bs2016/billText.aspx?sy=2024&id=1514&txtFormat=html,4c36f806-0379-4db6-b654-faca54720f02
6388ee26-830d-4381-a605-9d5655958df6,text/html,https://www.gencourt.state.nh.us/bill_status/legacy/bs2016/billText.aspx?sy=2024&id=1130&txtFormat=html,296a4428-c1b9-49a0-b306-51f54d684f37
ccc20a08-8932-4b4c-8fc5-86f78ea6e97c,application/pdf,https://www.gencourt.state.nh.us/bill_status/legacy/bs2016/billText.aspx?sy=2024&id=2024-0391h&txtFormat=amend,bc3feffd-1db9-4845-b965-a884d68c3a34
eebc7093-28c6-49b6-abd3-f3786f9c0452,application/pdf,https://www.gencourt.state.nh.us/bill_status/legacy/bs2016/billText.aspx?sy=2024&id=1716&txtFormat=pdf&v=current,26d73541-5e47-4a0d-8f67-127eaf22deb5
e5add32c-30b1-4620-8746-ae6e7ed35905,application/pdf,https://www.gencourt.state.nh.us/bill_status/legacy/bs2016/billText.aspx?sy=2024&id=1471&txtFormat=pdf&v=current,b890b0bd-924a-49af-97c6-df55d62a6553
2b893ad5-312c-4681-b1da-ff424e87f5c4,text/html,https://www.gencourt.state.nh.us/bill_status/legacy/bs2016/billText.aspx?sy=2024&id=1716&txtFormat=html,26d73541-5e47-4a0d-8f67-127eaf22deb5
90d52b2b-7ef2-4446-8b6e-1aa5b0ea202a,application/pdf,https://www.gencourt.state.nh.us/bill_status/legacy/bs2016/billText.aspx?sy=2024&id=1273&txtFormat=pdf&v=current,72efa521-3c29-4550-905f-60c0af9d1007
adc56191-8390-4b91-a2fd-e3913ddea50e,text/html,https://www.gencourt.state.nh.us/bill_status/legacy/bs2016/billText.aspx?sy=2024&id=1273&txtFormat=html,72efa521-3c29-4550-905f-60c0af9d1007
8114f3a1-3986-491a-a5d3-14f5b2bb9545,application/pdf,https://www.gencourt.state.nh.us/bill_status/legacy/bs2016/billText.aspx?sy=2024&id=2024-1693s&txtFormat=amend,e9afbc69-d893-48a3-99c2-47dbe540cacb
f30982a4-a820-46b7-a685-4442eeef6498,application/pdf,https://www.gencourt.state.nh.us/bill_status/legacy/bs2016/billText.aspx?sy=2024&id=1736&txtFormat=pdf&v=current,e260e128-ea34-45cf-a982-692b37b10a2b
b7346a3c-e8b2-4b72-816e-d4a3a56fc73d,text/html,https://www.gencourt.state.nh.us/bill_status/legacy/bs2016/billText.aspx?sy=2024&id=1736&txtFormat=html,e260e128-ea34-45cf-a982-692b37b10a2b
e62ff5b3-ae3a-4f81-8f6f-404e7f5afdb8,application/pdf,https://www.gencourt.state.nh.us/bill_status/legacy/bs2016/billText.aspx?sy=2024&id=1524&txtFormat=pdf&v=current,4e812c37-2360-495e-b9b9-d9f75486cbe4
f37a7f25-c501-4274-9b6c-09e79fc99c42,text/html,https://www.gencourt.state.nh.us/bill_status/legacy/bs2016/billText.aspx?sy=2024&id=1524&txtFormat=html,4e812c37-2360-495e-b9b9-d9f75486cbe4
51b70ecb-e654-463c-aa43-c242589010c0,text/html,https://www.gencourt.state.nh.us/bill_status/legacy/bs2016/billText.aspx?sy=2024&id=1471&txtFormat=html,b890b0bd-924a-49af-97c6-df55d62a6553
b98f2b0c-77a7-49ca-9e7a-9cc17bbc20f6,application/pdf,https://www.gencourt.state.nh.us/bill_status/legacy/bs2016/billText.aspx?sy=2024&id=2024-1612s&txtFormat=amend,46008372-c0be-496c-99c7-ad22e9ad0eec
07e5f796-55ef-442d-bd37-d0ce1b7a8f77,application/pdf,https://www.gencourt.state.nh.us/bill_status/legacy/bs2016/billText.aspx?sy=2024&id=2024-1085h&txtFormat=amend,a571064f-def6-4aba-b8e0-4563196e270e
8aaedc11-1322-47af-b83e-332bdcc28028,application/pdf,https://www.gencourt.state.nh.us/bill_status/legacy/bs2016/billText.aspx?sy=2024&id=1567&txtFormat=pdf&v=current,acb63d61-cad6-4d88-96b0-8f597f4e99e1
b55b2f65-484f-4f8f-9ac7-6987e31c3ab1,text/html,https://www.gencourt.state.nh.us/bill_status/legacy/bs2016/billText.aspx?sy=2024&id=1567&txtFormat=html,acb63d61-cad6-4d88-96b0-8f597f4e99e1
c5db386a-9618-4ebd-88a8-ff6007e0227d,application/pdf,https://www.gencourt.state.nh.us/bill_status/legacy/bs2016/billText.aspx?sy=2024&id=1237&txtFormat=pdf&v=current,9e57c58a-ca3f-4485-8284-a316ab94d00b
14671443-9c90-43ba-a866-5d96b1916d3b,application/pdf,https://www.gencourt.state.nh.us/bill_status/legacy/bs2016/billText.aspx?sy=2024&id=2023-2439h&txtFormat=amend,a9762fed-ab9e-4fc3-ae80-68effc7045fa
cdd32622-6172-459b-b366-3d0f6ffe029d,application/pdf,https://www.gencourt.state.nh.us/bill_status/legacy/bs2016/billText.aspx?sy=2024&id=2023-1754h&txtFormat=amend,63318fa4-0efe-43e6-a64f-4fe0e43e88a6
2040c696-64de-46ff-8316-9551043d77bc,application/pdf,https://www.gencourt.state.nh.us/bill_status/legacy/bs2016/billText.aspx?sy=2024&id=1678&txtFormat=pdf&v=current,f5e5e86b-ed24-4b6a-9607-b3f7b5449be9
a9e49bc3-b8e5-4fae-b190-79c3133f6c98,text/html,https://www.gencourt.state.nh.us/bill_status/legacy/bs2016/billText.aspx?sy=2024&id=1678&txtFormat=html,f5e5e86b-ed24-4b6a-9607-b3f7b5449be9
8a60d3d1-be80-4ac1-9256-db3129f9861e,application/pdf,https://www.gencourt.state.nh.us/bill_status/legacy/bs2016/billText.aspx?sy=2024&id=2023-1256s&txtFormat=amend,badba9cb-343f-46e5-94ce-801e80e51886
909ca425-2577-412f-b66f-38d691c5a668,text/html,https://www.gencourt.state.nh.us/bill_status/legacy/bs2016/billText.aspx?sy=2024&id=1237&txtFormat=html,9e57c58a-ca3f-4485-8284-a316ab94d00b
cb949e5f-1838-4893-984f-3a72b31b668d,application/pdf,https://www.gencourt.state.nh.us/bill_status/legacy/bs2016/billText.aspx?sy=2024&id=1454&txtFormat=pdf&v=current,415e8acc-134f-4e24-973e-a8eb3c7caf8f
1ef8ad69-2e4c-4b55-9d0d-44e4fcd55c02,text/html,https://www.gencourt.state.nh.us/bill_status/legacy/bs2016/billText.aspx?sy=2024&id=1454&txtFormat=html,415e8acc-134f-4e24-973e-a8eb3c7caf8f
b95ff4df-c455-42bb-84d8-cfb8e64b5d62,application/pdf,https://www.gencourt.state.nh.us/bill_status/legacy/bs2016/billText.aspx?sy=2024&id=1889&txtFormat=pdf&v=current,a102768a-2e28-4ef4-84a5-f486cda6ca22
145c1280-e1b3-42ec-9b8d-d6975f3b5741,application/pdf,https://www.gencourt.state.nh.us/bill_status/legacy/bs2016/billText.aspx?sy=2024&id=1545&txtFormat=pdf&v=current,6b19927d-c9de-4fad-ac10-b2b3f66b20f7
65bca5fb-3f77-4b02-b3ba-657e74b565c7,text/html,https://www.gencourt.state.nh.us/bill_status/legacy/bs2016/billText.aspx?sy=2024&id=1545&txtFormat=html,6b19927d-c9de-4fad-ac10-b2b3f66b20f7
035bcd79-f18d-4f19-9433-1475c021fa00,application/pdf,https://www.gencourt.state.nh.us/bill_status/legacy/bs2016/billText.aspx?sy=2024&id=1660&txtFormat=pdf&v=current,63767bb2-0856-46a2-a022-10a8664b4f9c
26641213-55ce-444e-8bbc-7315f17e9f84,text/html,https://www.gencourt.state.nh.us/bill_status/legacy/bs2016/billText.aspx?sy=2024&id=1660&txtFormat=html,63767bb2-0856-46a2-a022-10a8664b4f9c
70fcf76b-2bd3-4510-a5fb-bde99e104ea1,application/pdf,https://www.gencourt.state.nh.us/bill_status/legacy/bs2016/billText.aspx?sy=2024&id=1208&txtFormat=pdf&v=current,450f2fd2-2583-486c-bb9b-6d1b4e46552f
891afb8c-3357-4f88-aad5-cb4118263afa,text/html,https://www.gencourt.state.nh.us/bill_status/legacy/bs2016/billText.aspx?sy=2024&id=1208&txtFormat=html,450f2fd2-2583-486c-bb9b-6d1b4e46552f
e49cad76-632c-46d5-a9f7-053f919360b1,application/pdf,https://www.gencourt.state.nh.us/bill_status/legacy/bs2016/billText.aspx?sy=2024&id=2024-0111h&txtFormat=amend,55b5c0c9-a55d-46be-bb57-06e61b37af67
ca0abad0-8c4b-40b3-b61a-93e91c3f0f85,text/html,https://www.gencourt.state.nh.us/bill_status/legacy/bs2016/billText.aspx?sy=2024&id=1889&txtFormat=html,a102768a-2e28-4ef4-84a5-f486cda6ca22
fbce26ba-2969-4546-8fa9-a590ad191d41,application/pdf,https://www.gencourt.state.nh.us/bill_status/legacy/bs2016/billText.aspx?sy=2024&id=1458&txtFormat=pdf&v=current,ba7ea9a0-87f1-4762-a0b9-dfb44d5f2db5
f77c2fca-bb03-481e-9576-802b5fff66fa,text/html,https://www.gencourt.state.nh.us/bill_status/legacy/bs2016/billText.aspx?sy=2024&id=1458&txtFormat=html,ba7ea9a0-87f1-4762-a0b9-dfb44d5f2db5
549ce138-a6a1-4a3b-a634-92cf62ac9c0a,application/pdf,https://www.gencourt.state.nh.us/bill_status/legacy/bs2016/billText.aspx?sy=2024&id=2024-1548s&txtFormat=amend,771c911f-eb91-40f4-915f-0bb305dbb483
f63906f3-03d1-418a-9a84-33a1d7b1a890,application/pdf,https://www.gencourt.state.nh.us/bill_status/legacy/bs2016/billText.aspx?sy=2024&id=1261&txtFormat=pdf&v=current,fa624226-49f2-4181-b03a-063e45a32336
7068ca15-ee5d-4f71-8839-2a1d0c55e6ce,text/html,https://www.gencourt.state.nh.us/bill_status/legacy/bs2016/billText.aspx?sy=2024&id=1261&txtFormat=html,fa624226-49f2-4181-b03a-063e45a32336
0427cc7d-ba34-4a89-94f5-3098912f1282,application/pdf,https://www.gencourt.state.nh.us/bill_status/legacy/bs2016/billText.aspx?sy=2024&id=2024-1964s&txtFormat=amend,3ff9033d-5ad1-4785-a871-cd5825c2a264
02f6a248-7a4f-49bb-901a-e0b05a34649d,application/pdf,https://www.gencourt.state.nh.us/bill_status/legacy/bs2016/billText.aspx?sy=2024&id=1533&txtFormat=pdf&v=current,39d480ea-74a3-46bb-8ec0-3f3228fb6b0e
fecc6f36-753f-4095-ad88-ae9116d36133,text/html,https://www.gencourt.state.nh.us/bill_status/legacy/bs2016/billText.aspx?sy=2024&id=1533&txtFormat=html,39d480ea-74a3-46bb-8ec0-3f3228fb6b0e
4b2b37b3-afb4-49ae-88bf-91fa02478e13,application/pdf,https://www.gencourt.state.nh.us/bill_status/legacy/bs2016/billText.aspx?sy=2024&id=1572&txtFormat=pdf&v=current,54108a24-d8de-4d9c-8e31-ca799120f84d
e2a619cc-8eae-410b-be89-00c55abee1f4,application/pdf,https://www.gencourt.state.nh.us/bill_status/legacy/bs2016/billText.aspx?sy=2024&id=2024-2178s&txtFormat=amend,2fe7ee2b-10b6-4a31-b162-ecf5b84676f2
2333dbd3-c675-4aaf-8a38-5bf233a7fd76,text/html,https://www.gencourt.state.nh.us/bill_status/legacy/bs2016/billText.aspx?sy=2024&id=1572&txtFormat=html,54108a24-d8de-4d9c-8e31-ca799120f84d
72040831-8e9a-4cb0-895c-a9c9a90571ca,application/pdf,https://www.gencourt.state.nh.us/bill_status/legacy/bs2016/billText.aspx?sy=2024&id=1113&txtFormat=pdf&v=current,00332cf5-7127-41cd-816b-9619e7f48bc8
942cc58f-597f-4ccd-9336-958e286d00e7,application/pdf,https://www.gencourt.state.nh.us/bill_status/legacy/bs2016/billText.aspx?sy=2024&id=1753&txtFormat=pdf&v=current,59913230-debc-4e7e-aa35-d8ab83c75712
f0a54e8b-b701-43e4-aed5-c82af3483395,text/html,https://www.gencourt.state.nh.us/bill_status/legacy/bs2016/billText.aspx?sy=2024&id=1113&txtFormat=html,00332cf5-7127-41cd-816b-9619e7f48bc8
3f5093e5-2f03-410c-bc58-378e4e5b201b,application/pdf,https://www.gencourt.state.nh.us/bill_status/legacy/bs2016/billText.aspx?sy=2024&id=1262&txtFormat=pdf&v=current,8ed311ca-7035-4094-8f83-f79627795f89
bcb21aa1-14c7-4a88-83ee-3bc33e803c5e,text/html,https://www.gencourt.state.nh.us/bill_status/legacy/bs2016/billText.aspx?sy=2024&id=1262&txtFormat=html,8ed311ca-7035-4094-8f83-f79627795f89
e4b0b6f7-cca3-45a4-8b26-6f38b64905c1,application/pdf,https://www.gencourt.state.nh.us/bill_status/legacy/bs2016/billText.aspx?sy=2024&id=1544&txtFormat=pdf&v=current,0e7b726d-b022-4a1d-acd9-39765cb77a20
5443e2ca-5ab3-40fe-bc70-767d2712371c,text/html,https://www.gencourt.state.nh.us/bill_status/legacy/bs2016/billText.aspx?sy=2024&id=1753&txtFormat=html,59913230-debc-4e7e-aa35-d8ab83c75712
42eb50b1-cd0c-4d9b-911f-37eee904538a,application/pdf,https://www.gencourt.state.nh.us/bill_status/legacy/bs2016/billText.aspx?sy=2024&id=1665&txtFormat=pdf&v=current,b945ac1a-39cd-4c9f-847a-7381414d2bcd
5a7151a9-c032-4e54-9e7a-8fae440bfa9a,text/html,https://www.gencourt.state.nh.us/bill_status/legacy/bs2016/billText.aspx?sy=2024&id=1665&txtFormat=html,b945ac1a-39cd-4c9f-847a-7381414d2bcd
fe00398e-6c41-444f-800b-f19ef379a9f8,text/html,https://www.gencourt.state.nh.us/bill_status/legacy/bs2016/billText.aspx?sy=2024&id=1544&txtFormat=html,0e7b726d-b022-4a1d-acd9-39765cb77a20
1e85735b-c09e-49f9-b2fe-8d758b6bd282,application/pdf,https://www.gencourt.state.nh.us/bill_status/legacy/bs2016/billText.aspx?sy=2024&id=2023-0304h&txtFormat=amend,8da10cbd-9b20-4e2a-912b-4f82fd7d1918
07efb14c-2c63-4e89-a5ba-af559ed07c46,application/pdf,https://www.gencourt.state.nh.us/bill_status/legacy/bs2016/billText.aspx?sy=2024&id=1490&txtFormat=pdf&v=current,3450bb62-1e0e-4518-aea7-4f645631735e
5130c282-4d63-47e1-b1c2-b84e5ae5faff,text/html,https://www.gencourt.state.nh.us/bill_status/legacy/bs2016/billText.aspx?sy=2024&id=1490&txtFormat=html,3450bb62-1e0e-4518-aea7-4f645631735e
d3a29306-41ed-4cce-8b25-725a9763cc64,application/pdf,https://www.gencourt.state.nh.us/bill_status/legacy/bs2016/billText.aspx?sy=2024&id=1899&txtFormat=pdf&v=current,a04658bb-63bd-4d04-aca0-dc1e2442087d
139f3de7-9d13-468f-bf15-347105e3b178,text/html,https://www.gencourt.state.nh.us/bill_status/legacy/bs2016/billText.aspx?sy=2024&id=1899&txtFormat=html,a04658bb-63bd-4d04-aca0-dc1e2442087d
3a787bb3-b152-4730-bdd0-283488af52c6,application/pdf,https://www.gencourt.state.nh.us/bill_status/legacy/bs2016/billText.aspx?sy=2024&id=1403&txtFormat=pdf&v=current,e4ca8c24-b9c1-4792-9c61-959fccd57994
f692608d-01b3-449f-ac1d-53698b8af132,text/html,https://www.gencourt.state.nh.us/bill_status/legacy/bs2016/billText.aspx?sy=2024&id=1403&txtFormat=html,e4ca8c24-b9c1-4792-9c61-959fccd57994
b0424b87-e781-4be9-a580-0ddc3c096710,application/pdf,https://www.gencourt.state.nh.us/bill_status/legacy/bs2016/billText.aspx?sy=2024&id=1548&txtFormat=pdf&v=current,3df5f7eb-d574-4f82-8509-1efb0a5dc9cd
02e1a660-a02b-4aef-a739-d03b6359eed9,text/html,https://www.gencourt.state.nh.us/bill_status/legacy/bs2016/billText.aspx?sy=2024&id=1548&txtFormat=html,3df5f7eb-d574-4f82-8509-1efb0a5dc9cd
294b13bb-9ba0-4388-a945-001a37975608,application/pdf,https://www.gencourt.state.nh.us/bill_status/legacy/bs2016/billText.aspx?sy=2024&id=1220&txtFormat=pdf&v=current,70594f4d-03d6-4902-9122-9037ebde116d
f171b832-4c85-4d3d-8b80-0b17433550e5,application/pdf,https://www.gencourt.state.nh.us/bill_status/legacy/bs2016/billText.aspx?sy=2024&id=2023-2390h&txtFormat=amend,dfe633e5-1a32-484e-bcf3-3d85beb181ab
4df7b71a-b67d-4203-b930-4a4586c86ea2,application/pdf,https://www.gencourt.state.nh.us/bill_status/legacy/bs2016/billText.aspx?sy=2024&id=2023-2405h&txtFormat=amend,de74a7f2-ce0c-402b-b08d-220e35dc6eac
ac0da713-2771-4dd5-a978-ecd42aee416e,text/html,https://www.gencourt.state.nh.us/bill_status/legacy/bs2016/billText.aspx?sy=2024&id=1220&txtFormat=html,70594f4d-03d6-4902-9122-9037ebde116d
c240d364-2dc5-4bbf-9ab6-d1dac5da2c69,application/pdf,https://www.gencourt.state.nh.us/bill_status/legacy/bs2016/billText.aspx?sy=2024&id=2023-2396&txtFormat=amend,a7c26787-683c-4d74-afc8-2baf672b3a64
a9136346-86da-4f59-ba72-a5edceab8570,application/pdf,https://www.gencourt.state.nh.us/bill_status/legacy/bs2016/billText.aspx?sy=2024&id=1429&txtFormat=pdf&v=current,1ff01e95-b55c-4209-bf91-f3b8feb85d41
e4f36821-6bb0-49f4-82b8-b59e1dccaadd,text/html,https://www.gencourt.state.nh.us/bill_status/legacy/bs2016/billText.aspx?sy=2024&id=1429&txtFormat=html,1ff01e95-b55c-4209-bf91-f3b8feb85d41
677e23f6-99d0-420f-9e24-a8b713892a70,application/pdf,https://www.gencourt.state.nh.us/bill_status/legacy/bs2016/billText.aspx?sy=2024&id=2024-2201e&txtFormat=amend,8d3f5f04-8f5c-4928-854a-efe16ae1f089
6aa8053b-cdae-49a7-92b5-db4d5cd05508,application/pdf,https://www.gencourt.state.nh.us/bill_status/legacy/bs2016/billText.aspx?sy=2024&id=2024-1867h&txtFormat=amend,75d89d26-602a-4f26-9234-e004cfc68b00
c118ebd8-66dc-4a7f-bbee-8ecbc0cedf47,application/pdf,https://www.gencourt.state.nh.us/bill_status/legacy/bs2016/billText.aspx?sy=2024&id=1209&txtFormat=pdf&v=current,d87e7db8-38ef-45b7-b174-ef1d7cbe7a19
f2bc67b9-0b6b-4686-8345-8351be3d1da8,text/html,https://www.gencourt.state.nh.us/bill_status/legacy/bs2016/billText.aspx?sy=2024&id=1209&txtFormat=html,d87e7db8-38ef-45b7-b174-ef1d7cbe7a19
0e6b2238-f86d-42c5-a6bf-d0fd3a21a124,application/pdf,https://www.gencourt.state.nh.us/bill_status/legacy/bs2016/billText.aspx?sy=2024&id=2024-0582h&txtFormat=amend,ba080eb6-f99d-4b74-8842-5794c4ea936d
a8a58791-5a60-4f6e-8260-0a02617a2413,application/pdf,https://www.gencourt.state.nh.us/bill_status/legacy/bs2016/billText.aspx?sy=2024&id=1244&txtFormat=pdf&v=current,eb0614e7-1453-4880-9cb4-5f90f270c4a4
edfb494f-4aca-4675-9e64-624660ac7d65,text/html,https://www.gencourt.state.nh.us/bill_status/legacy/bs2016/billText.aspx?sy=2024&id=1244&txtFormat=html,eb0614e7-1453-4880-9cb4-5f90f270c4a4
475db668-60d7-4158-9e2b-fbaa8b865f2e,application/pdf,https://www.gencourt.state.nh.us/bill_status/legacy/bs2016/billText.aspx?sy=2024&id=1806&txtFormat=pdf&v=current,8676184b-1665-4a8d-9861-7379e32bcbe5
01fa6524-6530-4a91-8f9a-e6c3e96a16aa,application/pdf,https://www.gencourt.state.nh.us/bill_status/legacy/bs2016/billText.aspx?sy=2024&id=2014&txtFormat=pdf&v=current,89dbd1bf-2a26-443b-a30b-d0161b650275
518688ec-25c4-4741-b4ec-800e73df02ce,text/html,https://www.gencourt.state.nh.us/bill_status/legacy/bs2016/billText.aspx?sy=2024&id=2014&txtFormat=html,89dbd1bf-2a26-443b-a30b-d0161b650275
0a9468d2-2f82-4119-9f41-550a4e3f9b27,application/pdf,https://www.gencourt.state.nh.us/bill_status/legacy/bs2016/billText.aspx?sy=2024&id=2024-0774h&txtFormat=amend,84b8ac69-d337-4aed-a17b-2db6d886e15f
41481138-067f-4e0e-8731-da003e64f95f,application/pdf,https://www.gencourt.state.nh.us/bill_status/legacy/bs2016/billText.aspx?sy=2024&id=1379&txtFormat=pdf&v=current,e4e5f897-8e03-4272-b7d5-0c33706701c4
dba7c549-5b16-4ec0-913a-696da5ecf8cb,text/html,https://www.gencourt.state.nh.us/bill_status/legacy/bs2016/billText.aspx?sy=2024&id=1379&txtFormat=html,e4e5f897-8e03-4272-b7d5-0c33706701c4
ad7aa0b6-3c5d-492a-b2c3-1a62c174da9b,text/html,https://www.gencourt.state.nh.us/bill_status/legacy/bs2016/billText.aspx?sy=2024&id=1806&txtFormat=html,8676184b-1665-4a8d-9861-7379e32bcbe5
f7be98a8-bd0c-4fcb-9d9b-e9fe100fad56,application/pdf,https://www.gencourt.state.nh.us/bill_status/legacy/bs2016/billText.aspx?sy=2024&id=2024-0914h&txtFormat=amend,1cfd849a-e917-484a-862a-83b7625eb57b
360936a1-4c72-4c3e-9217-68e02016e07e,application/pdf,https://www.gencourt.state.nh.us/bill_status/legacy/bs2016/billText.aspx?sy=2024&id=1306&txtFormat=pdf&v=current,bd564d21-f237-45f7-8feb-9891bae35980
7a0c4b69-cf0b-4b37-b56c-d7d95e378aa0,text/html,https://www.gencourt.state.nh.us/bill_status/legacy/bs2016/billText.aspx?sy=2024&id=1306&txtFormat=html,bd564d21-f237-45f7-8feb-9891bae35980
da4bb5ce-7191-47a8-9cd7-dbfbb81fe589,application/pdf,https://www.gencourt.state.nh.us/bill_status/legacy/bs2016/billText.aspx?sy=2024&id=1109&txtFormat=pdf&v=current,d3358583-1dd1-4582-8655-2d51de6a5a01
120edefd-6890-4b27-b96c-bccdecef5b47,text/html,https://www.gencourt.state.nh.us/bill_status/legacy/bs2016/billText.aspx?sy=2024&id=1109&txtFormat=html,d3358583-1dd1-4582-8655-2d51de6a5a01
f9a935c2-9901-49e5-9de3-91a7f96512d6,application/pdf,https://www.gencourt.state.nh.us/bill_status/legacy/bs2016/billText.aspx?sy=2024&id=1663&txtFormat=pdf&v=current,80e8e703-5012-41b1-8ac0-f12c7ca7f903
3250e152-3355-4c5f-a99f-be9830ef0f7c,text/html,https://www.gencourt.state.nh.us/bill_status/legacy/bs2016/billText.aspx?sy=2024&id=1663&txtFormat=html,80e8e703-5012-41b1-8ac0-f12c7ca7f903
07168519-9bd9-4c65-9d13-e69ef426e5bf,application/pdf,https://www.gencourt.state.nh.us/bill_status/legacy/bs2016/billText.aspx?sy=2024&id=2024-1659h&txtFormat=amend,c0c22f00-74e6-4510-b3c1-b1fe0f36e34c
b51b7d68-53fc-40e2-a205-c8f33d7ec9e9,application/pdf,https://www.gencourt.state.nh.us/bill_status/legacy/bs2016/billText.aspx?sy=2024&id=2023-2415h&txtFormat=amend,2b63e73f-bad5-4ffb-8318-7865b0a53a69
c7655337-26eb-412e-9369-21463d442d50,application/pdf,https://www.gencourt.state.nh.us/bill_status/legacy/bs2016/billText.aspx?sy=2024&id=2013&txtFormat=pdf&v=current,06cc1132-2fe9-406a-82f8-0363adc2a107
5dfa08fb-91eb-4d24-ba68-561c221341e0,text/html,https://www.gencourt.state.nh.us/bill_status/legacy/bs2016/billText.aspx?sy=2024&id=2013&txtFormat=html,06cc1132-2fe9-406a-82f8-0363adc2a107
1e1f321e-6093-4dbd-9607-16b7bc43d712,application/pdf,https://www.gencourt.state.nh.us/bill_status/legacy/bs2016/billText.aspx?sy=2024&id=1414&txtFormat=pdf&v=current,eab87c8a-1f71-4cf5-8fb4-f96b2d69582c
460e72ff-7dec-43a3-98ff-b2caaaa92666,text/html,https://www.gencourt.state.nh.us/bill_status/legacy/bs2016/billText.aspx?sy=2024&id=1414&txtFormat=html,eab87c8a-1f71-4cf5-8fb4-f96b2d69582c
60543de2-3a65-44fd-aca5-425b95482ca5,application/pdf,https://www.gencourt.state.nh.us/bill_status/legacy/bs2016/billText.aspx?sy=2024&id=1677&txtFormat=pdf&v=current,4da5fe23-6602-44aa-9dab-7d1f42075935
42e37485-bded-49bc-a69e-97e3a6deb187,text/html,https://www.gencourt.state.nh.us/bill_status/legacy/bs2016/billText.aspx?sy=2024&id=1677&txtFormat=html,4da5fe23-6602-44aa-9dab-7d1f42075935
b2c96cb4-d946-48de-933d-7166347205da,application/pdf,https://www.gencourt.state.nh.us/bill_status/legacy/bs2016/billText.aspx?sy=2024&id=2016&txtFormat=pdf&v=current,cecf12fa-1777-4067-bdd7-2fc87da3aa54
3fb79b2c-aeb2-4e92-849f-e84b8d4414a8,text/html,https://www.gencourt.state.nh.us/bill_status/legacy/bs2016/billText.aspx?sy=2024&id=2016&txtFormat=html,cecf12fa-1777-4067-bdd7-2fc87da3aa54
119e42b5-835d-4c28-bafe-9b523f45450c,application/pdf,https://www.gencourt.state.nh.us/bill_status/legacy/bs2016/billText.aspx?sy=2024&id=2024-0763h&txtFormat=amend,e291c8b4-920c-460f-ab2f-5455181a73bc
a98dd6c0-ea57-4ad9-9a9e-c97110127044,application/pdf,https://www.gencourt.state.nh.us/bill_status/legacy/bs2016/billText.aspx?sy=2024&id=1565&txtFormat=pdf&v=current,134680fb-8ee2-455c-b96c-4af85643a2bd
2f6c7216-0484-4389-950e-47e0a85f0f74,application/pdf,https://www.gencourt.state.nh.us/bill_status/legacy/bs2016/billText.aspx?sy=2024&id=2023-2284h&txtFormat=amend,f44e5ece-dd28-4e57-96e2-6acbf40042fd
fbc4fab9-3c64-49ec-8029-75c0ba5ef373,text/html,https://www.gencourt.state.nh.us/bill_status/legacy/bs2016/billText.aspx?sy=2024&id=1565&txtFormat=html,134680fb-8ee2-455c-b96c-4af85643a2bd
1576cd04-8ca4-4cb1-841e-85e30aac7bc0,application/pdf,https://www.gencourt.state.nh.us/bill_status/legacy/bs2016/billText.aspx?sy=2024&id=1767&txtFormat=pdf&v=current,7be56812-13a6-4425-86da-2f2f8b463ad4
7739751d-45c8-4693-8154-202db7684be2,text/html,https://www.gencourt.state.nh.us/bill_status/legacy/bs2016/billText.aspx?sy=2024&id=1767&txtFormat=html,7be56812-13a6-4425-86da-2f2f8b463ad4
94dd1317-b57a-4faa-be58-4f79ca1bb96b,application/pdf,https://www.gencourt.state.nh.us/bill_status/legacy/bs2016/billText.aspx?sy=2024&id=2023-0924h&txtFormat=amend,582be10b-7575-4703-9d6d-15e022081b88
97286635-ea6a-4855-aabf-ebc91cc33cd5,application/pdf,https://www.gencourt.state.nh.us/bill_status/legacy/bs2016/billText.aspx?sy=2024&id=1415&txtFormat=pdf&v=current,8b16979f-ad2e-4b75-89dd-0536165565ef
37b5b6b9-16ec-45a3-96fa-245808ba856a,text/html,https://www.gencourt.state.nh.us/bill_status/legacy/bs2016/billText.aspx?sy=2024&id=1415&txtFormat=html,8b16979f-ad2e-4b75-89dd-0536165565ef
55546035-02e4-4237-85b6-29078453da80,application/pdf,https://www.gencourt.state.nh.us/bill_status/legacy/bs2016/billText.aspx?sy=2024&id=2023-2440h&txtFormat=amend,ab919a50-c3e6-4abe-aadf-8a2ed9c0c70b
42018234-a166-4ff2-8f41-41ed7ff24483,application/pdf,https://www.gencourt.state.nh.us/bill_status/legacy/bs2016/billText.aspx?sy=2024&id=1779&txtFormat=pdf&v=current,b1e3b356-60f8-4284-b6df-850ae5fb9092
d3f633b8-8282-40e8-ba29-d0afaba7830b,text/html,https://www.gencourt.state.nh.us/bill_status/legacy/bs2016/billText.aspx?sy=2024&id=1779&txtFormat=html,b1e3b356-60f8-4284-b6df-850ae5fb9092
9f7e3fbc-761d-4abf-bb9e-a5c358d77e3a,application/pdf,https://www.gencourt.state.nh.us/bill_status/legacy/bs2016/billText.aspx?sy=2024&id=1129&txtFormat=pdf&v=current,7a9fb1e8-6993-4f1b-a6bb-1894b25c7061
e05a7301-42d3-48b2-bfec-2c48e32b0750,text/html,https://www.gencourt.state.nh.us/bill_status/legacy/bs2016/billText.aspx?sy=2024&id=1129&txtFormat=html,7a9fb1e8-6993-4f1b-a6bb-1894b25c7061
25603700-63b3-4dca-ac39-bbb2b4edeea0,application/pdf,https://www.gencourt.state.nh.us/bill_status/legacy/bs2016/billText.aspx?sy=2024&id=1715&txtFormat=pdf&v=current,9f3b97a0-b01a-4ec9-a85c-2565d10a103c
4cce418b-3923-44dd-9e80-82f688ca562c,text/html,https://www.gencourt.state.nh.us/bill_status/legacy/bs2016/billText.aspx?sy=2024&id=1715&txtFormat=html,9f3b97a0-b01a-4ec9-a85c-2565d10a103c
0a38d1b6-77bf-4ad4-b53c-ceeddbc5ea3a,application/pdf,https://www.gencourt.state.nh.us/bill_status/legacy/bs2016/billText.aspx?sy=2024&id=1185&txtFormat=pdf&v=current,0960b94f-bc94-4760-af85-148b7525ba19
5fabe53e-5410-4204-b814-5c914d0f42e6,text/html,https://www.gencourt.state.nh.us/bill_status/legacy/bs2016/billText.aspx?sy=2024&id=1185&txtFormat=html,0960b94f-bc94-4760-af85-148b7525ba19
db16812f-4167-4714-98a4-dc828a0fe462,application/pdf,https://www.gencourt.state.nh.us/bill_status/legacy/bs2016/billText.aspx?sy=2024&id=1388&txtFormat=pdf&v=current,6eaed62d-be7a-4d3c-9ef2-6d3e1011479e
0246731a-6753-4bba-a8a0-61c268827833,text/html,https://www.gencourt.state.nh.us/bill_status/legacy/bs2016/billText.aspx?sy=2024&id=1388&txtFormat=html,6eaed62d-be7a-4d3c-9ef2-6d3e1011479e
f245e759-9eb1-4d75-989c-e7a54e9b8c80,application/pdf,https://www.gencourt.state.nh.us/bill_status/legacy/bs2016/billText.aspx?sy=2024&id=1277&txtFormat=pdf&v=current,ce3c8bd0-d50d-4008-822b-e52f8e522e06
1ba1fe9a-4174-409f-aef8-e75ae2dd0a3f,text/html,https://www.gencourt.state.nh.us/bill_status/legacy/bs2016/billText.aspx?sy=2024&id=1277&txtFormat=html,ce3c8bd0-d50d-4008-822b-e52f8e522e06
1a30d67a-c649-441d-8f2f-2c4b006316c9,application/pdf,https://www.gencourt.state.nh.us/bill_status/legacy/bs2016/billText.aspx?sy=2024&id=2024-1952s&txtFormat=amend,1242c9c0-c35b-4954-9fd4-ebff2fff5c67
fa665b50-5811-41ab-9d14-92da1ad2de70,application/pdf,https://www.gencourt.state.nh.us/bill_status/legacy/bs2016/billText.aspx?sy=2024&id=1688&txtFormat=pdf&v=current,3fabbf15-8dd2-47af-b676-f32e49dc0348
c8411a35-b4ec-444f-874e-d3b63f7fd434,text/html,https://www.gencourt.state.nh.us/bill_status/legacy/bs2016/billText.aspx?sy=2024&id=1688&txtFormat=html,3fabbf15-8dd2-47af-b676-f32e49dc0348
a0b0c7f9-3f69-40e4-bc78-28b9f49a81f5,application/pdf,https://www.gencourt.state.nh.us/bill_status/legacy/bs2016/billText.aspx?sy=2024&id=2024-2123s&txtFormat=amend,a04e76c1-8a27-486d-b0f3-ec9de20bd81b
b93cbb0e-efe9-4686-8527-7fbfd678a15f,application/pdf,https://www.gencourt.state.nh.us/bill_status/legacy/bs2016/billText.aspx?sy=2024&id=1541&txtFormat=pdf&v=current,04d32e5b-9f6d-4d8c-9b3d-1d31bd6335f7
1ecf50ec-9aec-4fd0-a4a8-d66aaa69b4c9,text/html,https://www.gencourt.state.nh.us/bill_status/legacy/bs2016/billText.aspx?sy=2024&id=1541&txtFormat=html,04d32e5b-9f6d-4d8c-9b3d-1d31bd6335f7
b647e160-5f30-4f15-bfe2-cffd23215253,application/pdf,https://www.gencourt.state.nh.us/bill_status/legacy/bs2016/billText.aspx?sy=2024&id=1267&txtFormat=pdf&v=current,dc5155cd-0492-41df-b636-a4b3af12aaf9
2d608d50-932f-44d1-becf-b92bfb7d07a5,application/pdf,https://www.gencourt.state.nh.us/bill_status/legacy/bs2016/billText.aspx?sy=2024&id=2024-0809h&txtFormat=amend,dadc2e4b-8959-445d-9258-49852ecc34c4
37c6ccb7-7cfc-4a25-8ee3-0f875c6812bc,application/pdf,https://www.gencourt.state.nh.us/bill_status/legacy/bs2016/billText.aspx?sy=2024&id=1512&txtFormat=pdf&v=current,7a4368be-12ca-49fa-a132-b266c7be9093
953d3b4d-b937-4039-98d2-88e9717264bc,text/html,https://www.gencourt.state.nh.us/bill_status/legacy/bs2016/billText.aspx?sy=2024&id=1512&txtFormat=html,7a4368be-12ca-49fa-a132-b266c7be9093
e386dae7-d387-4e84-b987-195724714731,application/pdf,https://www.gencourt.state.nh.us/bill_status/legacy/bs2016/billText.aspx?sy=2024&id=2183&txtFormat=pdf&v=current,46f2c564-1e65-4fc4-a5a0-5142da663229
00957e74-f20a-4d72-9f38-8cc7d418b1d7,text/html,https://www.gencourt.state.nh.us/bill_status/legacy/bs2016/billText.aspx?sy=2024&id=2183&txtFormat=html,46f2c564-1e65-4fc4-a5a0-5142da663229
b93c7306-18af-43e7-869e-57458e2fadd1,application/pdf,https://www.gencourt.state.nh.us/bill_status/legacy/bs2016/billText.aspx?sy=2024&id=1115&txtFormat=pdf&v=current,8e979e2d-1033-40d6-b1d2-af48c82ceb2c
f700946f-b029-40cd-90d0-31dad70e7d89,text/html,https://www.gencourt.state.nh.us/bill_status/legacy/bs2016/billText.aspx?sy=2024&id=1115&txtFormat=html,8e979e2d-1033-40d6-b1d2-af48c82ceb2c
5da70e82-34ca-462c-b8c9-da550f718072,application/pdf,https://www.gencourt.state.nh.us/bill_status/legacy/bs2016/billText.aspx?sy=2024&id=2015&txtFormat=pdf&v=current,e464dd59-fc0a-45f1-a84f-0cb447b8d95c
5cc0b479-f335-4b7a-811b-5b822fdbf28a,text/html,https://www.gencourt.state.nh.us/bill_status/legacy/bs2016/billText.aspx?sy=2024&id=2015&txtFormat=html,e464dd59-fc0a-45f1-a84f-0cb447b8d95c
c05faa9c-03cd-4464-92fd-912205df89b7,application/pdf,https://www.gencourt.state.nh.us/bill_status/legacy/bs2016/billText.aspx?sy=2024&id=1343&txtFormat=pdf&v=current,7c9b7057-70f1-4dda-8ff4-018ed1aacbc0
ceccbb0f-c784-418d-9cf1-a20668db7381,text/html,https://www.gencourt.state.nh.us/bill_status/legacy/bs2016/billText.aspx?sy=2024&id=1343&txtFormat=html,7c9b7057-70f1-4dda-8ff4-018ed1aacbc0
17669425-a5b3-4f4c-aeb0-0722b44dd12b,text/html,https://www.gencourt.state.nh.us/bill_status/legacy/bs2016/billText.aspx?sy=2024&id=1267&txtFormat=html,dc5155cd-0492-41df-b636-a4b3af12aaf9
f85c6130-4bb1-4129-bf5f-d28caee0dc75,application/pdf,https://www.gencourt.state.nh.us/bill_status/legacy/bs2016/billText.aspx?sy=2024&id=2024-0371s&txtFormat=amend,07bbb56b-8712-4aa6-9278-9d26c68ef301
9f8fd888-b09c-49a5-8aa9-ab247d66986a,application/pdf,https://www.gencourt.state.nh.us/bill_status/legacy/bs2016/billText.aspx?sy=2024&id=2024-2328e&txtFormat=amend,1dcd9079-e79e-47b4-8efe-f0518445da49
a8e46de6-ae22-43cf-8086-4c48da00faca,application/pdf,https://www.gencourt.state.nh.us/bill_status/legacy/bs2016/billText.aspx?sy=2024&id=2024-1944s&txtFormat=amend,3586347e-4f0e-4d87-9328-e969a1e6e6a8
e844a5e9-1f90-4fdd-92f3-c8903b2eabc9,application/pdf,https://www.gencourt.state.nh.us/bill_status/legacy/bs2016/billText.aspx?sy=2024&id=1360&txtFormat=pdf&v=current,ba11e2ea-5b56-427b-b5b3-b3d4e3b5a232
9caec0b0-6262-4f1a-acf0-20bf965c7f99,text/html,https://www.gencourt.state.nh.us/bill_status/legacy/bs2016/billText.aspx?sy=2024&id=1360&txtFormat=html,ba11e2ea-5b56-427b-b5b3-b3d4e3b5a232
7e58cfcf-1a82-4bf7-8b40-dd236cc2eac6,application/pdf,https://www.gencourt.state.nh.us/bill_status/legacy/bs2016/billText.aspx?sy=2024&id=2024-0354h&txtFormat=amend,1f0079eb-c81e-4e4f-903a-0fa5e5dcc31a
971be2b6-aeb3-4e7c-beca-c1fe4265c2e0,application/pdf,https://www.gencourt.state.nh.us/bill_status/legacy/bs2016/billText.aspx?sy=2024&id=1457&txtFormat=pdf&v=current,26a1d939-7c97-4d20-8be7-446e657a2e06
f1b1bb0d-45c3-46bb-ab88-a16b38744364,text/html,https://www.gencourt.state.nh.us/bill_status/legacy/bs2016/billText.aspx?sy=2024&id=1457&txtFormat=html,26a1d939-7c97-4d20-8be7-446e657a2e06
3326ea69-9fa9-42a3-8faf-25c7140237d5,application/pdf,https://www.gencourt.state.nh.us/bill_status/legacy/bs2016/billText.aspx?sy=2024&id=2024-0995h&txtFormat=amend,d8290ec5-f1fc-4b82-b182-eeeb492f7a24
1430ffc1-3f57-4acb-9226-db553d91692b,application/pdf,https://www.gencourt.state.nh.us/bill_status/legacy/bs2016/billText.aspx?sy=2024&id=1469&txtFormat=pdf&v=current,d741c1a3-cf32-4fd1-8f5f-3f617744904a
f9427e75-0aa8-4a63-a0cc-017de19ff2c1,text/html,https://www.gencourt.state.nh.us/bill_status/legacy/bs2016/billText.aspx?sy=2024&id=1469&txtFormat=html,d741c1a3-cf32-4fd1-8f5f-3f617744904a
30d25f15-2007-4187-a080-ad08802ffc63,application/pdf,https://www.gencourt.state.nh.us/bill_status/legacy/bs2016/billText.aspx?sy=2024&id=1573&txtFormat=pdf&v=current,e6cc560e-81e8-4043-b754-21aae84f30ee
f41a198c-dbec-42ee-a2e0-b130c08ba28b,text/html,https://www.gencourt.state.nh.us/bill_status/legacy/bs2016/billText.aspx?sy=2024&id=1573&txtFormat=html,e6cc560e-81e8-4043-b754-21aae84f30ee
3d6e9089-f4c4-4524-8d4d-f73b95099273,application/pdf,https://www.gencourt.state.nh.us/bill_status/legacy/bs2016/billText.aspx?sy=2024&id=2023-0657s&txtFormat=amend,b972ede0-645f-4bf9-b826-4c2102eae7d2
0c0ad0d8-dc11-4419-872f-7406a377a69a,application/pdf,https://www.gencourt.state.nh.us/bill_status/legacy/bs2016/billText.aspx?sy=2024&id=2023-2425h&txtFormat=amend,84f02e03-e446-4631-9f5a-d4c8d0a75110
39643b28-4546-46e2-adac-bacf589e7e18,application/pdf,https://www.gencourt.state.nh.us/bill_status/legacy/bs2016/billText.aspx?sy=2024&id=2023-2441h&txtFormat=amend,b09278ea-29ac-483d-9c51-64382e978130
e6ca3030-acef-4dec-978a-deeb5fff9753,application/pdf,https://www.gencourt.state.nh.us/bill_status/legacy/bs2016/billText.aspx?sy=2024&id=2023-2333h&txtFormat=amend,50c4931f-55d0-4ff5-bf45-2c3f69c6ec4e
777c28b0-f97f-45e6-a696-d73c521f366d,application/pdf,https://www.gencourt.state.nh.us/bill_status/legacy/bs2016/billText.aspx?sy=2024&id=1909&txtFormat=pdf&v=current,50ae16fa-6841-4a4f-a644-68ccb7d2e9c4
006d28f4-9d58-4901-a8df-8229e679f0b4,text/html,https://www.gencourt.state.nh.us/bill_status/legacy/bs2016/billText.aspx?sy=2024&id=1909&txtFormat=html,50ae16fa-6841-4a4f-a644-68ccb7d2e9c4
f766a0a9-9390-43f5-bd5b-86928ccfe6f1,application/pdf,https://www.gencourt.state.nh.us/bill_status/legacy/bs2016/billText.aspx?sy=2024&id=2024-2335e&txtFormat=amend,690ae767-6edb-427c-8cca-b5c289592645
b92f61b5-da58-4f58-8911-33c6f5e3376b,application/pdf,https://www.gencourt.state.nh.us/bill_status/legacy/bs2016/billText.aspx?sy=2024&id=2024-0085e&txtFormat=amend,7f51614d-0bed-4a76-a98d-8fe0fe0f7fd6
916868bd-3445-4632-8eed-008fb5224f32,application/pdf,https://www.gencourt.state.nh.us/bill_status/legacy/bs2016/billText.aspx?sy=2024&id=1203&txtFormat=pdf&v=current,daa9fd56-531c-4495-86d0-e9cb69d7fdfc
1dacd273-dc08-4749-9e67-4e62055a700c,text/html,https://www.gencourt.state.nh.us/bill_status/legacy/bs2016/billText.aspx?sy=2024&id=1203&txtFormat=html,daa9fd56-531c-4495-86d0-e9cb69d7fdfc
7d0dcad7-b688-40cd-ac5f-1e740e81212d,application/pdf,https://www.gencourt.state.nh.us/bill_status/legacy/bs2016/billText.aspx?sy=2024&id=1924&txtFormat=pdf&v=current,e2a8c5af-4535-4a36-aa77-61a70f176b3a
7f0e98f4-b8fb-4e0f-b247-683265658959,text/html,https://www.gencourt.state.nh.us/bill_status/legacy/bs2016/billText.aspx?sy=2024&id=1924&txtFormat=html,e2a8c5af-4535-4a36-aa77-61a70f176b3a
fd0c091c-b020-411c-bcd5-0bc8addeb1e7,application/pdf,https://www.gencourt.state.nh.us/bill_status/legacy/bs2016/billText.aspx?sy=2024&id=2024-1577h&txtFormat=amend,18fd3a15-2ff4-4f30-a5c8-ec91a8e27899
226b9b81-b13a-412d-b453-d4d4df131466,application/pdf,https://www.gencourt.state.nh.us/bill_status/legacy/bs2016/billText.aspx?sy=2024&id=2133&txtFormat=pdf&v=current,32722d3c-250e-45e5-a346-2a9597b237fd
55eb1d31-f6be-4acb-86f4-9872b00940d6,text/html,https://www.gencourt.state.nh.us/bill_status/legacy/bs2016/billText.aspx?sy=2024&id=2133&txtFormat=html,32722d3c-250e-45e5-a346-2a9597b237fd
e9e98a3d-ca08-447b-bc55-62ee5d37549c,application/pdf,https://www.gencourt.state.nh.us/bill_status/legacy/bs2016/billText.aspx?sy=2024&id=2024-0936h&txtFormat=amend,4b5968a6-5300-4377-8db9-fac37e79c05e
5a2301f6-aff3-40da-b17c-814ad824dfe5,application/pdf,https://www.gencourt.state.nh.us/bill_status/legacy/bs2016/billText.aspx?sy=2024&id=1886&txtFormat=pdf&v=current,890bb9eb-d037-4157-b94d-1ff78562e9e9
1d8d7385-d77a-4f8b-bdb3-af90cd48e094,text/html,https://www.gencourt.state.nh.us/bill_status/legacy/bs2016/billText.aspx?sy=2024&id=1886&txtFormat=html,890bb9eb-d037-4157-b94d-1ff78562e9e9
2759f655-66af-4338-a21b-8041edfe7608,application/pdf,https://www.gencourt.state.nh.us/bill_status/legacy/bs2016/billText.aspx?sy=2024&id=1623&txtFormat=pdf&v=current,2296bc7b-97df-4c0f-ac44-fdcec4cc604c
ac536c57-bc75-4343-a336-578f368eed2e,text/html,https://www.gencourt.state.nh.us/bill_status/legacy/bs2016/billText.aspx?sy=2024&id=1623&txtFormat=html,2296bc7b-97df-4c0f-ac44-fdcec4cc604c
96136b0d-fce8-4c22-b663-88be195fde33,application/pdf,https://www.gencourt.state.nh.us/bill_status/legacy/bs2016/billText.aspx?sy=2024&id=2024-0026h&txtFormat=amend,56643fd6-a865-4a82-91a3-38f607517e87
d2c8d596-c817-4028-a258-1e1e0cb5dc14,application/pdf,https://www.gencourt.state.nh.us/bill_status/legacy/bs2016/billText.aspx?sy=2024&id=1382&txtFormat=pdf&v=current,d2bc957c-7dfd-459f-9605-edc9fc3c0c7b
dfe06a70-337a-440f-9851-9606328ba76c,text/html,https://www.gencourt.state.nh.us/bill_status/legacy/bs2016/billText.aspx?sy=2024&id=1382&txtFormat=html,d2bc957c-7dfd-459f-9605-edc9fc3c0c7b
4b583fb2-05a6-45b5-b42f-200fcfcbbb5d,application/pdf,https://www.gencourt.state.nh.us/bill_status/legacy/bs2016/billText.aspx?sy=2024&id=1913&txtFormat=pdf&v=current,30972269-c7d7-4ca0-81e7-762549ce38a9
00ff91b7-0ba7-4792-ae39-012778d7b56a,text/html,https://www.gencourt.state.nh.us/bill_status/legacy/bs2016/billText.aspx?sy=2024&id=1913&txtFormat=html,30972269-c7d7-4ca0-81e7-762549ce38a9
54e5ce9f-60af-4837-b34c-34df608c11f5,application/pdf,https://www.gencourt.state.nh.us/bill_status/legacy/bs2016/billText.aspx?sy=2024&id=1682&txtFormat=pdf&v=current,965782d5-ac14-4a90-b06d-51a871d9cd2e
a4bcf0bd-7bfe-4546-a4ae-ce8f63b23e85,text/html,https://www.gencourt.state.nh.us/bill_status/legacy/bs2016/billText.aspx?sy=2024&id=1682&txtFormat=html,965782d5-ac14-4a90-b06d-51a871d9cd2e
9d0c42ff-9628-4e7e-8486-dde3931ffac1,application/pdf,https://www.gencourt.state.nh.us/bill_status/legacy/bs2016/billText.aspx?sy=2024&id=1801&txtFormat=pdf&v=current,949d7068-75ca-4e98-a613-5fd234cc5be4
e82c8086-4e88-4f87-8e0b-8d4b6ab35616,text/html,https://www.gencourt.state.nh.us/bill_status/legacy/bs2016/billText.aspx?sy=2024&id=1801&txtFormat=html,949d7068-75ca-4e98-a613-5fd234cc5be4
fd134664-b2e6-4e5e-b0fb-8b0747f31b1b,application/pdf,https://www.gencourt.state.nh.us/bill_status/legacy/bs2016/billText.aspx?sy=2024&id=2024-1647h&txtFormat=amend,86aef661-3f35-4e3f-b7ce-afa4068252d4
a82c174a-6494-444c-94f7-abd7a4e72c90,application/pdf,https://www.gencourt.state.nh.us/bill_status/legacy/bs2016/billText.aspx?sy=2024&id=2018&txtFormat=pdf&v=current,75882d84-cd2e-4951-9098-a0c7ab9c090c
edd4ce91-c51d-4b9c-afd3-8c662d0bb19b,text/html,https://www.gencourt.state.nh.us/bill_status/legacy/bs2016/billText.aspx?sy=2024&id=2018&txtFormat=html,75882d84-cd2e-4951-9098-a0c7ab9c090c
7435a603-4005-4fbf-abb4-afa06495e13a,application/pdf,https://www.gencourt.state.nh.us/bill_status/legacy/bs2016/billText.aspx?sy=2024&id=2024-1933h&txtFormat=amend,d45e33c1-add8-4869-b3a4-2afa7f7f9245
17b92a5b-fc1b-4065-982c-5ba5546bf13f,application/pdf,https://www.gencourt.state.nh.us/bill_status/legacy/bs2016/billText.aspx?sy=2024&id=2252&txtFormat=pdf&v=current,852fd4e8-7f31-4be2-82fc-36c28a5f4cf2
e800781e-6961-40c0-a476-8d843d39b09e,text/html,https://www.gencourt.state.nh.us/bill_status/legacy/bs2016/billText.aspx?sy=2024&id=2252&txtFormat=html,852fd4e8-7f31-4be2-82fc-36c28a5f4cf2
b67af90d-26f2-46b8-a1ec-0e21c3cfb8a1,application/pdf,https://www.gencourt.state.nh.us/bill_status/legacy/bs2016/billText.aspx?sy=2024&id=1823&txtFormat=pdf&v=current,e0d293d0-c183-4e5c-ae56-2c0a2d1e6f83
3227c45d-bfaa-482b-94b3-0734647482e9,text/html,https://www.gencourt.state.nh.us/bill_status/legacy/bs2016/billText.aspx?sy=2024&id=1823&txtFormat=html,e0d293d0-c183-4e5c-ae56-2c0a2d1e6f83
761e2f1b-12f3-4d50-aa10-43272db7d703,application/pdf,https://www.gencourt.state.nh.us/bill_status/legacy/bs2016/billText.aspx?sy=2024&id=2024-1037h&txtFormat=amend,550c5b65-ae29-4ba7-852b-2ca3315ee7f7
671e7055-3b84-4f6b-a6e6-b7e55fd4c091,application/pdf,https://www.gencourt.state.nh.us/bill_status/legacy/bs2016/billText.aspx?sy=2024&id=1201&txtFormat=pdf&v=current,d9861a28-e276-439d-a3be-1135d73d6b96
ec2f8be5-8061-49e8-a478-99dbc611a4f5,text/html,https://www.gencourt.state.nh.us/bill_status/legacy/bs2016/billText.aspx?sy=2024&id=1201&txtFormat=html,d9861a28-e276-439d-a3be-1135d73d6b96
9c1da759-701c-48bb-ada9-04eb4926a53e,application/pdf,https://www.gencourt.state.nh.us/bill_status/legacy/bs2016/billText.aspx?sy=2024&id=2266&txtFormat=pdf&v=current,42d9aa53-d557-404a-8c13-50be8f22ff6f
9a6025dc-1f2e-4768-a1aa-5cc37274b5b3,application/pdf,https://www.gencourt.state.nh.us/bill_status/legacy/bs2016/billText.aspx?sy=2024&id=2024-2091s&txtFormat=amend,0312dfe0-285c-4996-8a53-25489ee935b0
543c6582-2446-44af-8c6e-8cd2941d7bc2,application/pdf,https://www.gencourt.state.nh.us/bill_status/legacy/bs2016/billText.aspx?sy=2024&id=1221&txtFormat=pdf&v=current,acc77a8d-185c-43df-a61d-9403c594612f
5757a92b-048b-41ef-8dec-3e3fdcfb37fc,text/html,https://www.gencourt.state.nh.us/bill_status/legacy/bs2016/billText.aspx?sy=2024&id=2266&txtFormat=html,42d9aa53-d557-404a-8c13-50be8f22ff6f
17adedad-148b-4208-bcb7-e860f63f0aea,application/pdf,https://www.gencourt.state.nh.us/bill_status/legacy/bs2016/billText.aspx?sy=2024&id=2024-0572h&txtFormat=amend,41654790-f11a-493c-94be-ee8b421b6b75
938b2b13-2f61-493b-9a0c-8f2eff73700c,application/pdf,https://www.gencourt.state.nh.us/bill_status/legacy/bs2016/billText.aspx?sy=2024&id=1425&txtFormat=pdf&v=current,385c6186-8d16-41dd-9280-ea0b9e4f4fad
10b585c8-ae39-42bc-acf7-126285788902,text/html,https://www.gencourt.state.nh.us/bill_status/legacy/bs2016/billText.aspx?sy=2024&id=1425&txtFormat=html,385c6186-8d16-41dd-9280-ea0b9e4f4fad
81e32ad4-2df0-4ea6-807b-e73f5cac4990,application/pdf,https://www.gencourt.state.nh.us/bill_status/legacy/bs2016/billText.aspx?sy=2024&id=2024-0867s&txtFormat=amend,a154b0a7-3f69-421b-93c2-b009fa9fea64
d2273140-dcde-402b-910c-a13fe1d1bccd,application/pdf,https://www.gencourt.state.nh.us/bill_status/legacy/bs2016/billText.aspx?sy=2024&id=2017&txtFormat=pdf&v=current,84b09e8f-b778-41f9-8ab4-560448062299
965ee84a-2380-407e-9342-14fb505618db,text/html,https://www.gencourt.state.nh.us/bill_status/legacy/bs2016/billText.aspx?sy=2024&id=2017&txtFormat=html,84b09e8f-b778-41f9-8ab4-560448062299
c14f50a3-3a69-4af6-af0f-3d5b003ebcc8,text/html,https://www.gencourt.state.nh.us/bill_status/legacy/bs2016/billText.aspx?sy=2024&id=1221&txtFormat=html,acc77a8d-185c-43df-a61d-9403c594612f
99ce126f-5596-47df-bfb0-d6a50e1ea513,application/pdf,https://www.gencourt.state.nh.us/bill_status/legacy/bs2016/billText.aspx?sy=2024&id=2024-1865h&txtFormat=amend,27f2f9f0-cef0-46f3-858e-2e8a66f243d7
c04bbd63-6d68-44a7-99f8-f14b8ebfda70,application/pdf,https://www.gencourt.state.nh.us/bill_status/legacy/bs2016/billText.aspx?sy=2024&id=2024-0808h&txtFormat=amend,14ad4ea7-10b9-46f1-8e14-433be2635735
54e8c924-9878-4f3b-95b3-18799378b700,application/pdf,https://www.gencourt.state.nh.us/bill_status/legacy/bs2016/billText.aspx?sy=2024&id=1907&txtFormat=pdf&v=current,55f17721-be2b-4b75-ad7a-60001434dde4
4767500b-1c2e-4d4c-8212-d5672bb12dc2,text/html,https://www.gencourt.state.nh.us/bill_status/legacy/bs2016/billText.aspx?sy=2024&id=1907&txtFormat=html,55f17721-be2b-4b75-ad7a-60001434dde4
e7023ff4-e262-40d7-b40e-eedb200abbb2,application/pdf,https://www.gencourt.state.nh.us/bill_status/legacy/bs2016/billText.aspx?sy=2024&id=2023-2461h&txtFormat=amend,abfd004a-6d80-4bd2-b3ec-da76c3b7cc9a
9ffec402-ebd5-4d8c-a4d6-163a530c042d,application/pdf,https://www.gencourt.state.nh.us/bill_status/legacy/bs2016/billText.aspx?sy=2024&id=2024-1983h&txtFormat=amend,2da960a8-37fe-40fe-9173-cef272152ffd
0955706f-3710-4e34-b14f-ce6c130d0991,application/pdf,https://www.gencourt.state.nh.us/bill_status/legacy/bs2016/billText.aspx?sy=2024&id=1943&txtFormat=pdf&v=current,1aec1149-b235-4a30-9a58-a1342b2a6657
b2e881d0-5eee-473a-859a-050b8ad846f4,text/html,https://www.gencourt.state.nh.us/bill_status/legacy/bs2016/billText.aspx?sy=2024&id=1943&txtFormat=html,1aec1149-b235-4a30-9a58-a1342b2a6657
80cd9325-b82c-4b58-bb17-b920d7559c13,application/pdf,https://www.gencourt.state.nh.us/bill_status/legacy/bs2016/billText.aspx?sy=2024&id=2024-0835s&txtFormat=amend,412cb0be-8eb4-43a9-93fe-9b375b26965e
64b9edf5-9046-4950-98a4-5b76e6a1c5eb,application/pdf,https://www.gencourt.state.nh.us/bill_status/legacy/bs2016/billText.aspx?sy=2024&id=2048&txtFormat=pdf&v=current,1efb22c0-6dd9-4e08-bbf9-5e2b6360265c
fef993ea-8e92-46b9-981a-d68feda05093,application/pdf,https://www.gencourt.state.nh.us/bill_status/legacy/bs2016/billText.aspx?sy=2024&id=1136&txtFormat=pdf&v=current,27d9048d-4d07-46d0-b7d3-020721e22372
8ae77f8b-0f88-45fb-9666-fa0d2688c48b,text/html,https://www.gencourt.state.nh.us/bill_status/legacy/bs2016/billText.aspx?sy=2024&id=1136&txtFormat=html,27d9048d-4d07-46d0-b7d3-020721e22372
6d0a30c8-054d-4858-a5c1-827d1b377363,application/pdf,https://www.gencourt.state.nh.us/bill_status/legacy/bs2016/billText.aspx?sy=2024&id=2024-1829s&txtFormat=amend,74f674f4-bae1-4b0d-aced-e2fb1b02eddf
fbcaacbc-2c7b-4f42-9388-e46b109b9a78,application/pdf,https://www.gencourt.state.nh.us/bill_status/legacy/bs2016/billText.aspx?sy=2024&id=1900&txtFormat=pdf&v=current,fbfef913-ef38-429c-9a96-48d4c4c495e7
10e8bc85-b4c0-48ac-bb2a-8d1ada1c3b33,text/html,https://www.gencourt.state.nh.us/bill_status/legacy/bs2016/billText.aspx?sy=2024&id=1900&txtFormat=html,fbfef913-ef38-429c-9a96-48d4c4c495e7
7e6f64f6-f0b8-4420-9baf-cbd22c949e9c,text/html,https://www.gencourt.state.nh.us/bill_status/legacy/bs2016/billText.aspx?sy=2024&id=2048&txtFormat=html,1efb22c0-6dd9-4e08-bbf9-5e2b6360265c
3294d933-b6b5-4cdf-889f-dcd17e795ed9,application/pdf,https://www.gencourt.state.nh.us/bill_status/legacy/bs2016/billText.aspx?sy=2024&id=1793&txtFormat=pdf&v=current,4e8b2d9e-886a-485b-83c6-126b2be4e9b7
2ff584cf-8f36-42f0-a5e8-dc8bbb18e5ac,application/pdf,https://www.gencourt.state.nh.us/bill_status/legacy/bs2016/billText.aspx?sy=2024&id=1910&txtFormat=pdf&v=current,00042182-8ead-4b8f-9ad6-906dc17dd54a
96c27384-535b-474f-b181-9c3fe42cc99a,text/html,https://www.gencourt.state.nh.us/bill_status/legacy/bs2016/billText.aspx?sy=2024&id=1793&txtFormat=html,4e8b2d9e-886a-485b-83c6-126b2be4e9b7
93ed8339-ff81-4678-9709-970bd145f1f6,application/pdf,https://www.gencourt.state.nh.us/bill_status/legacy/bs2016/billText.aspx?sy=2024&id=1406&txtFormat=pdf&v=current,2a8d2c86-29f4-4045-b3e4-0c1bdc174c19
23874df2-3922-41b5-bb62-168b99a6294a,text/html,https://www.gencourt.state.nh.us/bill_status/legacy/bs2016/billText.aspx?sy=2024&id=1406&txtFormat=html,2a8d2c86-29f4-4045-b3e4-0c1bdc174c19
5dd5e36d-bcd1-46e1-a196-29f315bcff14,application/pdf,https://www.gencourt.state.nh.us/bill_status/legacy/bs2016/billText.aspx?sy=2024&id=2024-1137s&txtFormat=amend,97526ed7-bdcf-44b6-9b49-23652da0c3a0
b1565fbe-b1e4-45b1-bc49-8b9b53afa59f,application/pdf,https://www.gencourt.state.nh.us/bill_status/legacy/bs2016/billText.aspx?sy=2024&id=2130&txtFormat=pdf&v=current,d76e710f-a660-4523-a05c-8a9fb601781f
77f1d967-0c51-4328-9555-6ed144ae8112,text/html,https://www.gencourt.state.nh.us/bill_status/legacy/bs2016/billText.aspx?sy=2024&id=2130&txtFormat=html,d76e710f-a660-4523-a05c-8a9fb601781f
7fc333f0-a60c-4a2d-a06d-50cddf2a5f8a,application/pdf,https://www.gencourt.state.nh.us/bill_status/legacy/bs2016/billText.aspx?sy=2024&id=1648&txtFormat=pdf&v=current,c6e5c659-5306-494d-bb01-0440e8a2e92a
a2f792f4-7723-4e81-b912-e8b11be24f02,text/html,https://www.gencourt.state.nh.us/bill_status/legacy/bs2016/billText.aspx?sy=2024&id=1648&txtFormat=html,c6e5c659-5306-494d-bb01-0440e8a2e92a
3515b49b-d0e9-433a-a1e1-7fa6afba1af9,application/pdf,https://www.gencourt.state.nh.us/bill_status/legacy/bs2016/billText.aspx?sy=2024&id=2024-0982h&txtFormat=amend,9b01b100-21ae-4743-a35b-a859fddd85a0
f2cb07d2-5ec5-4e20-acbd-30062f893672,application/pdf,https://www.gencourt.state.nh.us/bill_status/legacy/bs2016/billText.aspx?sy=2024&id=1868&txtFormat=pdf&v=current,8f46fe53-955c-4495-9dde-83e38361de20
7433f8e4-572a-46c5-8aca-4a57b8cca2be,text/html,https://www.gencourt.state.nh.us/bill_status/legacy/bs2016/billText.aspx?sy=2024&id=1868&txtFormat=html,8f46fe53-955c-4495-9dde-83e38361de20
08350584-0089-43d0-a848-0d8ec6eb94f1,application/pdf,https://www.gencourt.state.nh.us/bill_status/legacy/bs2016/billText.aspx?sy=2024&id=1928&txtFormat=pdf&v=current,90e6541b-2723-4048-9e5e-2c9c7bfcd079
c9f97168-a907-4049-8e2f-2f63097813c7,text/html,https://www.gencourt.state.nh.us/bill_status/legacy/bs2016/billText.aspx?sy=2024&id=1910&txtFormat=html,00042182-8ead-4b8f-9ad6-906dc17dd54a
57448c92-10fd-4a91-99e4-280ca0c53ef4,text/html,https://www.gencourt.state.nh.us/bill_status/legacy/bs2016/billText.aspx?sy=2024&id=1928&txtFormat=html,90e6541b-2723-4048-9e5e-2c9c7bfcd079
216e4364-0f1c-4630-bcc1-0ddb39e44143,application/pdf,https://www.gencourt.state.nh.us/bill_status/legacy/bs2016/billText.aspx?sy=2024&id=2024-1400h&txtFormat=amend,88e5e91b-c391-41a0-8aca-7d85781523c8
77040e4d-8179-4bf3-bfc8-9345c891c549,application/pdf,https://www.gencourt.state.nh.us/bill_status/legacy/bs2016/billText.aspx?sy=2024&id=2099&txtFormat=pdf&v=current,7b299cd9-aff6-466d-a1d6-cb3438467200
821d38d9-efb6-4b31-a9d2-2be683ff673a,text/html,https://www.gencourt.state.nh.us/bill_status/legacy/bs2016/billText.aspx?sy=2024&id=2099&txtFormat=html,7b299cd9-aff6-466d-a1d6-cb3438467200
ca0fe772-070c-4ba7-bb4a-53394c5cf3b2,application/pdf,https://www.gencourt.state.nh.us/bill_status/legacy/bs2016/billText.aspx?sy=2024&id=2051&txtFormat=pdf&v=current,c1026831-3dd2-4c0a-9815-2a34c32604bc
8c589157-3388-478d-be8f-3bf8c88cb6bf,text/html,https://www.gencourt.state.nh.us/bill_status/legacy/bs2016/billText.aspx?sy=2024&id=2051&txtFormat=html,c1026831-3dd2-4c0a-9815-2a34c32604bc
b2574868-2cb8-49c1-89f4-0018514bf08a,application/pdf,https://www.gencourt.state.nh.us/bill_status/legacy/bs2016/billText.aspx?sy=2024&id=2024-2323e&txtFormat=amend,658b2a21-c611-46e1-9602-0996a1e7192e
11bb30ab-748b-4fa3-8a5b-70b0abab480d,application/pdf,https://www.gencourt.state.nh.us/bill_status/legacy/bs2016/billText.aspx?sy=2024&id=1240&txtFormat=pdf&v=current,507d6c3c-68de-4d94-8741-b3ed61113795
4ea7cd27-64cb-47c5-9bad-6df656fab583,text/html,https://www.gencourt.state.nh.us/bill_status/legacy/bs2016/billText.aspx?sy=2024&id=1240&txtFormat=html,507d6c3c-68de-4d94-8741-b3ed61113795
d62f1914-18da-4e7b-926b-2d1f80a345fe,application/pdf,https://www.gencourt.state.nh.us/bill_status/legacy/bs2016/billText.aspx?sy=2024&id=2141&txtFormat=pdf&v=current,c84000c3-e1e0-4ce8-897b-69ffff0e23e0
8ddeeb18-a43e-40fe-a084-590f298b4602,text/html,https://www.gencourt.state.nh.us/bill_status/legacy/bs2016/billText.aspx?sy=2024&id=2141&txtFormat=html,c84000c3-e1e0-4ce8-897b-69ffff0e23e0
7f9fce01-d612-4bd0-94bf-37d0e9dc987d,application/pdf,https://www.gencourt.state.nh.us/bill_status/legacy/bs2016/billText.aspx?sy=2024&id=2265&txtFormat=pdf&v=current,2aae8eee-3651-4401-80c9-0b303fee86e9
1ed92d55-4c36-4177-a360-4d59df8d7710,text/html,https://www.gencourt.state.nh.us/bill_status/legacy/bs2016/billText.aspx?sy=2024&id=2265&txtFormat=html,2aae8eee-3651-4401-80c9-0b303fee86e9
c3ff6319-3ddf-4081-b5f1-77cbda4e8d4a,application/pdf,https://www.gencourt.state.nh.us/bill_status/legacy/bs2016/billText.aspx?sy=2024&id=2024-1968s&txtFormat=amend,5a00c274-ca78-4847-b227-7450888dcb20
99a2e460-6b3c-4783-9e17-d7017fd28fad,application/pdf,https://www.gencourt.state.nh.us/bill_status/legacy/bs2016/billText.aspx?sy=2024&id=2024-2120s&txtFormat=amend,64c1360f-5be2-4973-a90f-bdf344becffc
fef4413e-beb0-45df-aa89-0e064d6e1c33,application/pdf,https://www.gencourt.state.nh.us/bill_status/legacy/bs2016/billText.aspx?sy=2024&id=1844&txtFormat=pdf&v=current,e2c0d99d-3838-4843-90b2-81fc9afa3f68
112a0e55-b522-4b21-9a75-d650a3a6bf8a,text/html,https://www.gencourt.state.nh.us/bill_status/legacy/bs2016/billText.aspx?sy=2024&id=1844&txtFormat=html,e2c0d99d-3838-4843-90b2-81fc9afa3f68
1ce9c044-2d22-4fea-a250-64b400b6adbf,application/pdf,https://www.gencourt.state.nh.us/bill_status/legacy/bs2016/billText.aspx?sy=2024&id=2024-1627s&txtFormat=amend,9a545814-951d-441d-8507-1a2b9e0412e2
18b332cc-631a-44ca-8f25-dcd4daad8d0b,application/pdf,https://www.gencourt.state.nh.us/bill_status/legacy/bs2016/billText.aspx?sy=2024&id=1696&txtFormat=pdf&v=current,e2dc5dd8-8fa9-4125-857a-fab52d7983f7
e85eec12-4f9a-4ed7-8724-5cf78c34f8f5,text/html,https://www.gencourt.state.nh.us/bill_status/legacy/bs2016/billText.aspx?sy=2024&id=1696&txtFormat=html,e2dc5dd8-8fa9-4125-857a-fab52d7983f7
383be334-b50e-4bea-8953-160541beeb16,application/pdf,https://www.gencourt.state.nh.us/bill_status/legacy/bs2016/billText.aspx?sy=2024&id=2087&txtFormat=pdf&v=current,416484c0-cff4-4463-b627-548d017697f8
abe6ccae-d6ef-407b-9b0c-5de3fb133725,text/html,https://www.gencourt.state.nh.us/bill_status/legacy/bs2016/billText.aspx?sy=2024&id=2087&txtFormat=html,416484c0-cff4-4463-b627-548d017697f8
d25e3f42-bb1f-4af0-885a-ef1bdb57a2d7,application/pdf,https://www.gencourt.state.nh.us/bill_status/legacy/bs2016/billText.aspx?sy=2024&id=2024-1678h&txtFormat=amend,2952847e-4356-47be-ac39-12dca208a443
b978d592-4a20-425e-bfac-309a38f9a778,application/pdf,https://www.gencourt.state.nh.us/bill_status/legacy/bs2016/billText.aspx?sy=2024&id=1153&txtFormat=pdf&v=current,27b25788-e313-44e2-a4bd-22cfbfcf17ea
2ba8dfe2-e74a-4061-8f03-9aed79fd42c8,text/html,https://www.gencourt.state.nh.us/bill_status/legacy/bs2016/billText.aspx?sy=2024&id=1153&txtFormat=html,27b25788-e313-44e2-a4bd-22cfbfcf17ea
91a0abd1-08fb-404b-9583-4787aa327ffc,application/pdf,https://www.gencourt.state.nh.us/bill_status/legacy/bs2016/billText.aspx?sy=2024&id=2024-1892h&txtFormat=amend,f410c1c0-30d7-40a0-b373-ba7eb56a4b85
4c9897d7-6d73-4bfb-ac12-d3cc82f6cfd3,application/pdf,https://www.gencourt.state.nh.us/bill_status/legacy/bs2016/billText.aspx?sy=2024&id=2033&txtFormat=pdf&v=current,a1827768-e094-4683-b1ab-15390cccc948
f5047fdb-309f-40a7-9885-b4d982a3f1f8,text/html,https://www.gencourt.state.nh.us/bill_status/legacy/bs2016/billText.aspx?sy=2024&id=2033&txtFormat=html,a1827768-e094-4683-b1ab-15390cccc948
5523730a-bbd6-4b1f-86d9-71dadbed269b,application/pdf,https://www.gencourt.state.nh.us/bill_status/legacy/bs2016/billText.aspx?sy=2024&id=2024-1454h&txtFormat=amend,2a5f677e-eef8-482b-96b6-5229dea445b4
60ecab94-c198-47b5-9959-7764f45b245d,application/pdf,https://www.gencourt.state.nh.us/bill_status/legacy/bs2016/billText.aspx?sy=2024&id=2129&txtFormat=pdf&v=current,a223f8cc-6a4b-479d-8a87-e526834faa9d
e8d84a55-f2a8-4691-af69-0feef376f4cf,text/html,https://www.gencourt.state.nh.us/bill_status/legacy/bs2016/billText.aspx?sy=2024&id=2129&txtFormat=html,a223f8cc-6a4b-479d-8a87-e526834faa9d
7e73151f-f149-4270-9d16-4723eddd70a1,application/pdf,https://www.gencourt.state.nh.us/bill_status/legacy/bs2016/billText.aspx?sy=2024&id=2024-2319e&txtFormat=amend,4073fba2-5c84-4e24-bcde-9c9ced0cf72c
7b671410-3e86-40db-9a44-d25c8c6cf2c0,application/pdf,https://www.gencourt.state.nh.us/bill_status/legacy/bs2016/billText.aspx?sy=2024&id=2043&txtFormat=pdf&v=current,2063cda9-0a49-4b16-9caf-49fd580883a1
81e70588-f377-4aa2-b810-fb702ddcf849,text/html,https://www.gencourt.state.nh.us/bill_status/legacy/bs2016/billText.aspx?sy=2024&id=2043&txtFormat=html,2063cda9-0a49-4b16-9caf-49fd580883a1
4ee24e4c-fdec-4aaf-bc59-fa494ced1617,application/pdf,https://www.gencourt.state.nh.us/bill_status/legacy/bs2016/billText.aspx?sy=2024&id=2135&txtFormat=pdf&v=current,894ebd2d-2c8f-465d-bced-533a7af2222a
4a6a5abf-3653-413d-a7e4-4786b82b8eee,text/html,https://www.gencourt.state.nh.us/bill_status/legacy/bs2016/billText.aspx?sy=2024&id=2135&txtFormat=html,894ebd2d-2c8f-465d-bced-533a7af2222a
b8b4b815-326c-451c-9d77-f6855229783a,application/pdf,https://www.gencourt.state.nh.us/bill_status/legacy/bs2016/billText.aspx?sy=2024&id=2036&txtFormat=pdf&v=current,a4a344a4-ac5a-4d80-a3a1-d3ad4b5c5a23
30ef0e7a-00d7-4226-b097-beb29bf4a806,application/pdf,https://www.gencourt.state.nh.us/bill_status/legacy/bs2016/billText.aspx?sy=2024&id=2071&txtFormat=pdf&v=current,7aca3159-4460-4d80-be79-0c049922d593
165e793d-a464-47ff-b9a7-2d0795ee1513,text/html,https://www.gencourt.state.nh.us/bill_status/legacy/bs2016/billText.aspx?sy=2024&id=2071&txtFormat=html,7aca3159-4460-4d80-be79-0c049922d593
cd44d6d9-4a8c-45af-bf39-ec8d43710e93,application/pdf,https://www.gencourt.state.nh.us/bill_status/legacy/bs2016/billText.aspx?sy=2024&id=2044&txtFormat=pdf&v=current,a7431e25-5aad-4f19-a8e8-cc0e8782cd41
f232e847-3299-465b-b972-0f34ed293413,text/html,https://www.gencourt.state.nh.us/bill_status/legacy/bs2016/billText.aspx?sy=2024&id=2044&txtFormat=html,a7431e25-5aad-4f19-a8e8-cc0e8782cd41
863dff68-8a9d-4d62-9be5-404a5c81a922,application/pdf,https://www.gencourt.state.nh.us/bill_status/legacy/bs2016/billText.aspx?sy=2024&id=2024-1558h&txtFormat=amend,2c45ec22-246c-4d84-a42c-cf728bd04fa3
a5b4e59b-8207-4843-aeed-046f3889a1cd,application/pdf,https://www.gencourt.state.nh.us/bill_status/legacy/bs2016/billText.aspx?sy=2024&id=2063&txtFormat=pdf&v=current,152c7d0b-6dd1-47fd-a6c6-aba17bccf254
b9319f45-901c-4580-8e24-c65cb3844e6c,text/html,https://www.gencourt.state.nh.us/bill_status/legacy/bs2016/billText.aspx?sy=2024&id=2063&txtFormat=html,152c7d0b-6dd1-47fd-a6c6-aba17bccf254
085cb7c2-48b3-40d2-88d1-0fb848e5d0ca,application/pdf,https://www.gencourt.state.nh.us/bill_status/legacy/bs2016/billText.aspx?sy=2024&id=2024-0151s&txtFormat=amend,12c28369-0130-417e-a71e-1e36cb9a48f0
ae5e6a38-25ba-4e07-b7fe-75aaabb12b4b,application/pdf,https://www.gencourt.state.nh.us/bill_status/legacy/bs2016/billText.aspx?sy=2024&id=2064&txtFormat=pdf&v=current,a36fd277-9f7e-4b59-a0fc-52190c555163
c4d843e4-9998-40cd-a1f1-e3ce186594cc,text/html,https://www.gencourt.state.nh.us/bill_status/legacy/bs2016/billText.aspx?sy=2024&id=2064&txtFormat=html,a36fd277-9f7e-4b59-a0fc-52190c555163
a0f68f71-132d-4ca4-ac89-3aef04bad1e0,application/pdf,https://www.gencourt.state.nh.us/bill_status/legacy/bs2016/billText.aspx?sy=2024&id=2024-2320e&txtFormat=amend,2009b058-c146-4494-9df9-f0c8559e0150
212dc1bf-cdac-4780-8930-43d748529076,application/pdf,https://www.gencourt.state.nh.us/bill_status/legacy/bs2016/billText.aspx?sy=2024&id=2109&txtFormat=pdf&v=current,c5a577bf-c1a0-4835-bfa4-18c21c072ccf
6cf6dab5-6ed9-4983-9626-8a525b1d0d5f,text/html,https://www.gencourt.state.nh.us/bill_status/legacy/bs2016/billText.aspx?sy=2024&id=2109&txtFormat=html,c5a577bf-c1a0-4835-bfa4-18c21c072ccf
e2e013f9-068d-4cc1-af6b-01dc92ef34bd,application/pdf,https://www.gencourt.state.nh.us/bill_status/legacy/bs2016/billText.aspx?sy=2024&id=2024-0819s&txtFormat=amend,f711e772-ad29-4e1d-a0df-af1742241569
7c96ddb4-cd68-4154-8a0c-c1834f9248d2,application/pdf,https://www.gencourt.state.nh.us/bill_status/legacy/bs2016/billText.aspx?sy=2024&id=2075&txtFormat=pdf&v=current,147283c5-c618-46e0-ac9e-bdc75fa34be6
1e64db37-eb77-4732-bcc1-e475b6c6a492,text/html,https://www.gencourt.state.nh.us/bill_status/legacy/bs2016/billText.aspx?sy=2024&id=2075&txtFormat=html,147283c5-c618-46e0-ac9e-bdc75fa34be6
9cadb6c7-961c-4ec4-afcb-c3221e02dbb1,application/pdf,https://www.gencourt.state.nh.us/bill_status/legacy/bs2016/billText.aspx?sy=2024&id=2236&txtFormat=pdf&v=current,c0d08776-b59a-4384-bceb-c9e413d8713d
e71251a6-8320-4622-9f66-72f27c53eb5b,text/html,https://www.gencourt.state.nh.us/bill_status/legacy/bs2016/billText.aspx?sy=2024&id=2236&txtFormat=html,c0d08776-b59a-4384-bceb-c9e413d8713d
2fe8b93d-cfb0-4f37-adfc-132a5db1d256,text/html,https://www.gencourt.state.nh.us/bill_status/legacy/bs2016/billText.aspx?sy=2024&id=2036&txtFormat=html,a4a344a4-ac5a-4d80-a3a1-d3ad4b5c5a23
344bf815-cb0e-487a-92e2-2bd5a7ecf67b,application/pdf,https://www.gencourt.state.nh.us/bill_status/legacy/bs2016/billText.aspx?sy=2024&id=2082&txtFormat=pdf&v=current,565b0d8d-da4f-46ab-9714-2eb3af025312
18fe5fdd-cc0e-4c3f-9943-e95fb0848516,text/html,https://www.gencourt.state.nh.us/bill_status/legacy/bs2016/billText.aspx?sy=2024&id=2082&txtFormat=html,565b0d8d-da4f-46ab-9714-2eb3af025312
d9933c07-49b7-46e0-bad3-f3bdff82a36a,application/pdf,https://www.gencourt.state.nh.us/bill_status/legacy/bs2016/billText.aspx?sy=2024&id=2024-0583s&txtFormat=amend,61f43c2e-04f6-426d-aa7c-8d36c821dab8
3fd91adb-7a4d-472b-bd03-1320dfe12394,application/pdf,https://www.gencourt.state.nh.us/bill_status/legacy/bs2016/billText.aspx?sy=2024&id=2024-0978h&txtFormat=amend,f8febeed-b253-4648-b65a-ad3e517b0806
9f69fa4e-8d3e-4cfa-8d32-f6457831dae7,application/pdf,https://www.gencourt.state.nh.us/bill_status/legacy/bs2016/billText.aspx?sy=2024&id=1320&txtFormat=pdf&v=current,4e81b458-29fa-40e5-a93d-8981b44e17ed
36011122-c453-4b98-b1cf-d70e00dd87a3,text/html,https://www.gencourt.state.nh.us/bill_status/legacy/bs2016/billText.aspx?sy=2024&id=1320&txtFormat=html,4e81b458-29fa-40e5-a93d-8981b44e17ed
65937e48-7a6d-48bb-a10c-669144614d0c,application/pdf,https://www.gencourt.state.nh.us/bill_status/legacy/bs2016/billText.aspx?sy=2024&id=1997&txtFormat=pdf&v=current,de75a829-0f06-4928-bb90-f7f01cf450c1
187a2d84-200a-4f45-b558-df49995e3b09,text/html,https://www.gencourt.state.nh.us/bill_status/legacy/bs2016/billText.aspx?sy=2024&id=1997&txtFormat=html,de75a829-0f06-4928-bb90-f7f01cf450c1
595d2a58-89b4-48a7-8787-8c56d5daa7f2,application/pdf,https://www.gencourt.state.nh.us/bill_status/legacy/bs2016/billText.aspx?sy=2024&id=2024-1347h&txtFormat=amend,249725bc-4b7d-4864-b4f0-de03a8147b01
19c7e87f-6e69-4e4a-9e7a-7ba09866c6d6,application/pdf,https://www.gencourt.state.nh.us/bill_status/legacy/bs2016/billText.aspx?sy=2024&id=1251&txtFormat=pdf&v=current,4d934a5b-4d7b-45bd-b35c-33066b97fed2
aa8dd84a-dca0-47e1-a6dd-21ee149de3f1,text/html,https://www.gencourt.state.nh.us/bill_status/legacy/bs2016/billText.aspx?sy=2024&id=1251&txtFormat=html,4d934a5b-4d7b-45bd-b35c-33066b97fed2
a8399534-7b17-47fa-885c-e45fcd4bef8e,application/pdf,https://www.gencourt.state.nh.us/bill_status/legacy/bs2016/billText.aspx?sy=2024&id=2024-1488s&txtFormat=amend,cc3e0013-955c-4ed1-bda7-a0d42eff7216
f2c0978b-5487-440d-8422-55bf171b3900,application/pdf,https://www.gencourt.state.nh.us/bill_status/legacy/bs2016/billText.aspx?sy=2024&id=2199&txtFormat=pdf&v=current,94900514-8a65-4939-b885-6488878060c7
3fdfbe1e-2ba5-49a2-bc1c-5905918becb3,text/html,https://www.gencourt.state.nh.us/bill_status/legacy/bs2016/billText.aspx?sy=2024&id=2199&txtFormat=html,94900514-8a65-4939-b885-6488878060c7
a871865a-4014-4c9b-a55a-36e5fbd45c04,application/pdf,https://www.gencourt.state.nh.us/bill_status/legacy/bs2016/billText.aspx?sy=2024&id=1787&txtFormat=pdf&v=current,132ce2df-7d82-4a6d-9773-bc72dda78336
92c6d7eb-7ec4-4070-87c9-7e92c19fa22c,text/html,https://www.gencourt.state.nh.us/bill_status/legacy/bs2016/billText.aspx?sy=2024&id=1787&txtFormat=html,132ce2df-7d82-4a6d-9773-bc72dda78336
0d902863-676c-45fb-8b33-37f70e9f021e,application/pdf,https://www.gencourt.state.nh.us/bill_status/legacy/bs2016/billText.aspx?sy=2024&id=1319&txtFormat=pdf&v=current,6e8dbe54-119e-4d8f-ac88-82bdd1a51935
42e351e2-7e04-43e9-8e2d-1bfc6de10088,text/html,https://www.gencourt.state.nh.us/bill_status/legacy/bs2016/billText.aspx?sy=2024&id=1319&txtFormat=html,6e8dbe54-119e-4d8f-ac88-82bdd1a51935
2a0d8dab-8f2e-4ba4-9c58-0bb993c14c6f,application/pdf,https://www.gencourt.state.nh.us/bill_status/legacy/bs2016/billText.aspx?sy=2024&id=2024-1622h&txtFormat=amend,cde874ac-6a21-4ccb-8742-0167e7b9efd8
ec3a885f-e25e-4a00-a580-6f4522388dc7,application/pdf,https://www.gencourt.state.nh.us/bill_status/legacy/bs2016/billText.aspx?sy=2024&id=1964&txtFormat=pdf&v=current,03d4e185-af30-4f26-a2d6-dc62d2ae0998
bb463658-8017-479e-af97-3638c13febe2,text/html,https://www.gencourt.state.nh.us/bill_status/legacy/bs2016/billText.aspx?sy=2024&id=1964&txtFormat=html,03d4e185-af30-4f26-a2d6-dc62d2ae0998
eb6f7524-3275-4143-9d14-90ff7e2c2d0f,application/pdf,https://www.gencourt.state.nh.us/bill_status/legacy/bs2016/billText.aspx?sy=2024&id=2024-0983s&txtFormat=amend,753fad4a-ad3f-44cf-aa41-cfed20a9bb61
dee5498f-94e7-4a1f-89b2-dde61be32229,application/pdf,https://www.gencourt.state.nh.us/bill_status/legacy/bs2016/billText.aspx?sy=2024&id=2217&txtFormat=pdf&v=current,35c71b81-d75b-4487-b1ef-13854b08261b
fff43187-815c-4dcf-8b91-7651b3f419a0,text/html,https://www.gencourt.state.nh.us/bill_status/legacy/bs2016/billText.aspx?sy=2024&id=2217&txtFormat=html,35c71b81-d75b-4487-b1ef-13854b08261b
5a75c706-e157-4645-8c26-c1c059ee6f7a,application/pdf,https://www.gencourt.state.nh.us/bill_status/legacy/bs2016/billText.aspx?sy=2024&id=1970&txtFormat=pdf&v=current,bb776080-504b-4bbe-869e-db6393499d23
c4822cf7-120a-4b19-a1a7-f47ec3125293,text/html,https://www.gencourt.state.nh.us/bill_status/legacy/bs2016/billText.aspx?sy=2024&id=1970&txtFormat=html,bb776080-504b-4bbe-869e-db6393499d23
4cb00385-d752-4c01-a364-06e4053666ae,application/pdf,https://www.gencourt.state.nh.us/bill_status/legacy/bs2016/billText.aspx?sy=2024&id=2209&txtFormat=pdf&v=current,c863d14f-cd11-47c4-bd01-d18ca41c888f
a64f3450-70c7-45ca-84e1-8ee276e2dbc4,text/html,https://www.gencourt.state.nh.us/bill_status/legacy/bs2016/billText.aspx?sy=2024&id=2209&txtFormat=html,c863d14f-cd11-47c4-bd01-d18ca41c888f
da4aea13-9aff-4907-b9bc-8a18f2da97fe,application/pdf,https://www.gencourt.state.nh.us/bill_status/legacy/bs2016/billText.aspx?sy=2024&id=2216&txtFormat=pdf&v=current,f21e98b9-bd5f-47cf-be63-933bef46c206
d12c69e2-598d-49a2-a4d7-97c7bc2aaca3,text/html,https://www.gencourt.state.nh.us/bill_status/legacy/bs2016/billText.aspx?sy=2024&id=2216&txtFormat=html,f21e98b9-bd5f-47cf-be63-933bef46c206
edab945a-b7b5-40e1-a234-22ef2f25da2a,application/pdf,https://www.gencourt.state.nh.us/bill_status/legacy/bs2016/billText.aspx?sy=2024&id=2049&txtFormat=pdf&v=current,bcf47128-5a08-4f82-9e84-921ec994f3b8
81d042ab-3f4d-4b33-af4a-96f12be99e4d,text/html,https://www.gencourt.state.nh.us/bill_status/legacy/bs2016/billText.aspx?sy=2024&id=2049&txtFormat=html,bcf47128-5a08-4f82-9e84-921ec994f3b8
3f7cfd30-bdbd-42f7-9205-81527ead08a7,application/pdf,https://www.gencourt.state.nh.us/bill_status/legacy/bs2016/billText.aspx?sy=2024&id=2024-1337s&txtFormat=amend,b6ba6de7-d4f1-4c40-82ab-a31eb4575c15
4ed98229-9fe9-4a49-ac6f-a052ba1cb027,application/pdf,https://www.gencourt.state.nh.us/bill_status/legacy/bs2016/billText.aspx?sy=2024&id=1960&txtFormat=pdf&v=current,6e7337c1-ce7a-470f-9020-8ce4c9ff1b99
7bbc7f16-0a6b-4e84-8e57-ee595fae7ac1,text/html,https://www.gencourt.state.nh.us/bill_status/legacy/bs2016/billText.aspx?sy=2024&id=1960&txtFormat=html,6e7337c1-ce7a-470f-9020-8ce4c9ff1b99
7f400957-86d5-4f1e-a1b7-c094ca73228d,application/pdf,https://www.gencourt.state.nh.us/bill_status/legacy/bs2016/billText.aspx?sy=2024&id=2111&txtFormat=pdf&v=current,054cc179-167e-4ee8-87e4-daff1b2bfe01
3dcf664d-a261-4ae3-b9d1-07cd3dd0638c,text/html,https://www.gencourt.state.nh.us/bill_status/legacy/bs2016/billText.aspx?sy=2024&id=2111&txtFormat=html,054cc179-167e-4ee8-87e4-daff1b2bfe01
4cdf87ac-94b8-48f8-abf7-426f0a4b9a79,application/pdf,https://www.gencourt.state.nh.us/bill_status/legacy/bs2016/billText.aspx?sy=2024&id=2173&txtFormat=pdf&v=current,f3a4ef15-2421-4ac9-bd7e-f56d9b510b10
2880231a-6748-436c-924c-d063b88b8434,application/pdf,https://www.gencourt.state.nh.us/bill_status/legacy/bs2016/billText.aspx?sy=2024&id=2010&txtFormat=pdf&v=current,64bd431a-026b-4d80-812a-a54be11c70bd
0122504e-62bb-4d53-bda1-4694da5a183d,text/html,https://www.gencourt.state.nh.us/bill_status/legacy/bs2016/billText.aspx?sy=2024&id=2010&txtFormat=html,64bd431a-026b-4d80-812a-a54be11c70bd
f2bae6db-05cd-4b3f-a00a-60ae7766f8b1,text/html,https://www.gencourt.state.nh.us/bill_status/legacy/bs2016/billText.aspx?sy=2024&id=2173&txtFormat=html,f3a4ef15-2421-4ac9-bd7e-f56d9b510b10
e382d663-873b-4f6e-b523-ba76ce51cfbf,application/pdf,https://www.gencourt.state.nh.us/bill_status/legacy/bs2016/billText.aspx?sy=2024&id=1949&txtFormat=pdf&v=current,79e20ce0-d3ab-4204-9caa-41c948335967
a67b3908-5fa2-4516-942d-e38587574c0e,application/pdf,https://www.gencourt.state.nh.us/bill_status/legacy/bs2016/billText.aspx?sy=2024&id=2195&txtFormat=pdf&v=current,a2f8d302-6ed7-4bed-9bce-386c2844d45d
b6bf57e7-99f5-4141-ae90-a77203fa300b,text/html,https://www.gencourt.state.nh.us/bill_status/legacy/bs2016/billText.aspx?sy=2024&id=1949&txtFormat=html,79e20ce0-d3ab-4204-9caa-41c948335967
8c718750-7a7b-4ccc-8d8a-bb819c6a781f,application/pdf,https://www.gencourt.state.nh.us/bill_status/legacy/bs2016/billText.aspx?sy=2024&id=2024-0404s&txtFormat=amend,22ba6700-36e2-42ed-8b2e-0f0aa07a5be8
f60fb46e-47df-4853-adaf-c4b8f1472b1f,text/html,https://www.gencourt.state.nh.us/bill_status/legacy/bs2016/billText.aspx?sy=2024&id=2195&txtFormat=html,a2f8d302-6ed7-4bed-9bce-386c2844d45d
293ea03a-9400-46ad-a074-327140c454fb,application/pdf,https://www.gencourt.state.nh.us/bill_status/legacy/bs2016/billText.aspx?sy=2024&id=2223&txtFormat=pdf&v=current,bfe113da-ee2b-454c-a810-c93f7f1acf6f
e821f35e-2a50-40f0-b80d-ee06b219c1e5,application/pdf,https://www.gencourt.state.nh.us/bill_status/legacy/bs2016/billText.aspx?sy=2024&id=1956&txtFormat=pdf&v=current,46be0c02-f5be-4ebc-8f16-16b153424774
0ac886bb-672d-4d28-8610-98734baff82d,text/html,https://www.gencourt.state.nh.us/bill_status/legacy/bs2016/billText.aspx?sy=2024&id=1956&txtFormat=html,46be0c02-f5be-4ebc-8f16-16b153424774
f773f240-51c5-4fb4-88ee-4e20695f97cc,text/html,https://www.gencourt.state.nh.us/bill_status/legacy/bs2016/billText.aspx?sy=2024&id=2223&txtFormat=html,bfe113da-ee2b-454c-a810-c93f7f1acf6f
b0f3373b-e855-4882-9939-98526af80d3a,application/pdf,https://www.gencourt.state.nh.us/bill_status/legacy/bs2016/billText.aspx?sy=2024&id=2024-1856h&txtFormat=amend,6cc0017c-c893-43cb-81d2-ab47af70ee94
d12e0367-f027-452b-9d4a-7fc17ef33fcc,application/pdf,https://www.gencourt.state.nh.us/bill_status/legacy/bs2016/billText.aspx?sy=2024&id=2170&txtFormat=pdf&v=current,0e97db06-3e53-4753-85df-3e5d36011d67
bd14f9ce-77cf-49ee-9629-2b90e4bf7bdc,text/html,https://www.gencourt.state.nh.us/bill_status/legacy/bs2016/billText.aspx?sy=2024&id=2170&txtFormat=html,0e97db06-3e53-4753-85df-3e5d36011d67
595ec58b-bf17-425b-a8ef-d9d546ce1846,application/pdf,https://www.gencourt.state.nh.us/bill_status/legacy/bs2016/billText.aspx?sy=2024&id=2024-1925h&txtFormat=amend,6bf4699f-0899-4271-add7-5866594b444f
53ebd3a9-fcfd-4222-98b1-ecc81d146c0d,application/pdf,https://www.gencourt.state.nh.us/bill_status/legacy/bs2016/billText.aspx?sy=2024&id=2000&txtFormat=pdf&v=current,4a048e2c-897f-4b58-91c2-beb953dd7634
f8d06ffc-dabc-4ee0-b39a-6ea5a6900a38,text/html,https://www.gencourt.state.nh.us/bill_status/legacy/bs2016/billText.aspx?sy=2024&id=2000&txtFormat=html,4a048e2c-897f-4b58-91c2-beb953dd7634
5c603871-6832-465c-a590-840c3ef777ff,application/pdf,https://www.gencourt.state.nh.us/bill_status/legacy/bs2016/billText.aspx?sy=2024&id=2178&txtFormat=pdf&v=current,33daa959-9100-4e40-93d0-b6335831a317
9eac6ffa-ecdb-4aca-90c3-9f0202213b94,text/html,https://www.gencourt.state.nh.us/bill_status/legacy/bs2016/billText.aspx?sy=2024&id=2178&txtFormat=html,33daa959-9100-4e40-93d0-b6335831a317
ee60d26c-fd27-4f38-a34b-ad1e94ff3e87,application/pdf,https://www.gencourt.state.nh.us/bill_status/legacy/bs2016/billText.aspx?sy=2024&id=2024-1796h&txtFormat=amend,4f7e6859-4f9f-46d7-8ece-5975b142eebe
26d58a3b-7d9a-424f-9bc3-68d58212262a,application/pdf,https://www.gencourt.state.nh.us/bill_status/legacy/bs2016/billText.aspx?sy=2024&id=2024-2314e&txtFormat=amend,1165b44f-49df-49cb-bdd6-72d7d437fa17
3abda89a-c10c-462b-97d5-3e22662eb2f4,application/pdf,https://www.gencourt.state.nh.us/bill_status/legacy/bs2016/billText.aspx?sy=2024&id=2006&txtFormat=pdf&v=current,982a9cc7-5a54-425a-a041-19d010182bf5
7e131c93-fca8-461a-906d-4ed06dd22c7e,text/html,https://www.gencourt.state.nh.us/bill_status/legacy/bs2016/billText.aspx?sy=2024&id=2006&txtFormat=html,982a9cc7-5a54-425a-a041-19d010182bf5
6f4e5de5-bb47-4b0a-b478-3b821dad3ed4,application/pdf,https://www.gencourt.state.nh.us/bill_status/legacy/bs2016/billText.aspx?sy=2024&id=1383&txtFormat=pdf&v=current,1f48b9ab-9722-4a1d-b3a8-811f1f053382
eac9adef-1d86-45c9-9c75-f070ab3966ea,text/html,https://www.gencourt.state.nh.us/bill_status/legacy/bs2016/billText.aspx?sy=2024&id=1383&txtFormat=html,1f48b9ab-9722-4a1d-b3a8-811f1f053382
c70623a4-5b4a-4c64-8466-3db8a593f44c,application/pdf,https://www.gencourt.state.nh.us/bill_status/legacy/bs2016/billText.aspx?sy=2024&id=1958&txtFormat=pdf&v=current,55be1ff4-35d7-4a22-83e4-aeeb82f9b8b4
de3f20e0-2e9b-4d6c-a9e5-38ec906fdc62,text/html,https://www.gencourt.state.nh.us/bill_status/legacy/bs2016/billText.aspx?sy=2024&id=1958&txtFormat=html,55be1ff4-35d7-4a22-83e4-aeeb82f9b8b4
99bd2e2a-0aaf-46aa-919d-98e9aa382307,application/pdf,https://www.gencourt.state.nh.us/bill_status/legacy/bs2016/billText.aspx?sy=2024&id=1993&txtFormat=pdf&v=current,8e13990e-9424-4550-a896-928bd9e23459
cd8686e0-8862-4f87-928d-ba41050cd4a4,text/html,https://www.gencourt.state.nh.us/bill_status/legacy/bs2016/billText.aspx?sy=2024&id=1993&txtFormat=html,8e13990e-9424-4550-a896-928bd9e23459
93df499b-b063-4abf-88ad-1efa2f323a9f,application/pdf,https://www.gencourt.state.nh.us/bill_status/legacy/bs2016/billText.aspx?sy=2024&id=2024-1671h&txtFormat=amend,37d75b30-f9fe-4dd2-92e9-455b27c3e1f8
a42bb75b-fef5-4f1c-998f-47d62d7126de,application/pdf,https://www.gencourt.state.nh.us/bill_status/legacy/bs2016/billText.aspx?sy=2024&id=2124&txtFormat=pdf&v=current,751dde9f-5cb7-457a-99d7-d2ed59d44bc5
97574041-e023-4bd2-96ba-1efff7d308a4,application/pdf,https://www.gencourt.state.nh.us/bill_status/legacy/bs2016/billText.aspx?sy=2024&id=2024-2348e&txtFormat=amend,32b60dd3-7c61-4d76-81ed-cf5ae4c6c4b4
43c31596-d872-4032-83d9-db20cfbbbc33,application/pdf,https://www.gencourt.state.nh.us/bill_status/legacy/bs2016/billText.aspx?sy=2024&id=1587&txtFormat=pdf&v=current,53aa1a5b-4aab-4192-811a-ba0daac84128
2934d186-81bb-4cb1-a13a-856f562ac068,text/html,https://www.gencourt.state.nh.us/bill_status/legacy/bs2016/billText.aspx?sy=2024&id=1587&txtFormat=html,53aa1a5b-4aab-4192-811a-ba0daac84128
c96b5f64-e8ad-4493-a05d-86ed6d2cfb6b,text/html,https://www.gencourt.state.nh.us/bill_status/legacy/bs2016/billText.aspx?sy=2024&id=2124&txtFormat=html,751dde9f-5cb7-457a-99d7-d2ed59d44bc5
32811af1-269b-4499-a79b-225e59ae9e96,application/pdf,https://www.gencourt.state.nh.us/bill_status/legacy/bs2016/billText.aspx?sy=2024&id=1218&txtFormat=pdf&v=current,8a5127cb-9aa6-431c-9263-482876d5d104
a1708050-281b-4a03-98aa-66451202efdd,text/html,https://www.gencourt.state.nh.us/bill_status/legacy/bs2016/billText.aspx?sy=2024&id=1218&txtFormat=html,8a5127cb-9aa6-431c-9263-482876d5d104
f83dbd5c-72fd-48ce-a707-480245c305b8,application/pdf,https://www.gencourt.state.nh.us/bill_status/legacy/bs2016/billText.aspx?sy=2024&id=1992&txtFormat=pdf&v=current,638f8de3-34e5-405c-a72b-51e9c89282ad
98e8893c-810f-4b61-b3a7-9d705599e038,text/html,https://www.gencourt.state.nh.us/bill_status/legacy/bs2016/billText.aspx?sy=2024&id=1992&txtFormat=html,638f8de3-34e5-405c-a72b-51e9c89282ad
4d345c77-d096-488d-9430-687f52a2627f,application/pdf,https://www.gencourt.state.nh.us/bill_status/legacy/bs2016/billText.aspx?sy=2024&id=2024-1915h&txtFormat=amend,673fcc23-8a42-4d23-8629-a8fa2b4e451e
8a611903-136e-4d59-8a42-9dc230da7bc9,application/pdf,https://www.gencourt.state.nh.us/bill_status/legacy/bs2016/billText.aspx?sy=2024&id=1931&txtFormat=pdf&v=current,9ab88f16-e333-42a6-9944-d372df1f1229
4c71d829-8d0e-44a0-954c-ad5e21d27247,text/html,https://www.gencourt.state.nh.us/bill_status/legacy/bs2016/billText.aspx?sy=2024&id=1931&txtFormat=html,9ab88f16-e333-42a6-9944-d372df1f1229
e81fa3c7-47c1-4149-bbb1-93a54aa477a4,application/pdf,https://www.gencourt.state.nh.us/bill_status/legacy/bs2016/billText.aspx?sy=2024&id=2122&txtFormat=pdf&v=current,cbf729c5-db1e-4277-abae-670eaebeef49
d7b0857c-4785-4439-820c-940541f2cb8f,text/html,https://www.gencourt.state.nh.us/bill_status/legacy/bs2016/billText.aspx?sy=2024&id=2122&txtFormat=html,cbf729c5-db1e-4277-abae-670eaebeef49
faef4f93-b392-492e-b8f8-ab5fc6ced5dd,application/pdf,https://www.gencourt.state.nh.us/bill_status/legacy/bs2016/billText.aspx?sy=2024&id=1523&txtFormat=pdf&v=current,170228a2-f92f-40c3-aeaa-7f144a14f4ee
75f9b472-5d98-4917-831f-1b3a67c9a27b,text/html,https://www.gencourt.state.nh.us/bill_status/legacy/bs2016/billText.aspx?sy=2024&id=1523&txtFormat=html,170228a2-f92f-40c3-aeaa-7f144a14f4ee
4ab62469-b9d6-4e7e-8c02-554dd06e2b75,application/pdf,https://www.gencourt.state.nh.us/bill_status/legacy/bs2016/billText.aspx?sy=2024&id=1423&txtFormat=pdf&v=current,5ea5bd40-4378-466f-98a5-e93ac66cccc2
2961949c-d0f6-40b5-aa14-cd33ad609499,text/html,https://www.gencourt.state.nh.us/bill_status/legacy/bs2016/billText.aspx?sy=2024&id=1423&txtFormat=html,5ea5bd40-4378-466f-98a5-e93ac66cccc2
91617cd4-6c62-48ce-8dd6-65bd60a23522,application/pdf,https://www.gencourt.state.nh.us/bill_status/legacy/bs2016/billText.aspx?sy=2024&id=1479&txtFormat=pdf&v=current,087c5ccf-68c2-4613-9444-dab1877427a2
6d2c0cd5-01f0-4fc7-8fe8-4819d380d482,text/html,https://www.gencourt.state.nh.us/bill_status/legacy/bs2016/billText.aspx?sy=2024&id=1479&txtFormat=html,087c5ccf-68c2-4613-9444-dab1877427a2
a5762d29-ed45-443c-9315-a254ae435f54,application/pdf,https://www.gencourt.state.nh.us/bill_status/legacy/bs2016/billText.aspx?sy=2024&id=2024-1981s&txtFormat=amend,0d9bec95-6637-4a7f-9b3d-c32e60e1ed05
41d2fbfc-5829-42c0-be85-95a6084f0990,application/pdf,https://www.gencourt.state.nh.us/bill_status/legacy/bs2016/billText.aspx?sy=2024&id=1168&txtFormat=pdf&v=current,20d2a7e8-3101-42d5-92d1-0e6bac59aea3
d5f858d3-4a7c-41fe-9c5e-899ec68c1279,text/html,https://www.gencourt.state.nh.us/bill_status/legacy/bs2016/billText.aspx?sy=2024&id=1168&txtFormat=html,20d2a7e8-3101-42d5-92d1-0e6bac59aea3
15f4f796-6db1-4261-8d47-7f2e984e3bb9,application/pdf,https://www.gencourt.state.nh.us/bill_status/legacy/bs2016/billText.aspx?sy=2024&id=1482&txtFormat=pdf&v=current,99ef4453-87ad-4a8c-809c-6840dff6ccc3
52dba5ae-bdf8-4039-9c60-086bc7f414fb,application/pdf,https://www.gencourt.state.nh.us/bill_status/legacy/bs2016/billText.aspx?sy=2024&id=1699&txtFormat=pdf&v=current,b2355e19-7767-49d6-9470-80e20fdf0bb7
33b7d1e5-fcf9-4329-81ff-fc354e1bcf04,text/html,https://www.gencourt.state.nh.us/bill_status/legacy/bs2016/billText.aspx?sy=2024&id=1699&txtFormat=html,b2355e19-7767-49d6-9470-80e20fdf0bb7
893e44e1-0024-40d1-a068-87fd831c770d,application/pdf,https://www.gencourt.state.nh.us/bill_status/legacy/bs2016/billText.aspx?sy=2024&id=2024-1621s&txtFormat=amend,dceb0278-4405-4f9f-8464-d93d8425b91b
a618632e-ef82-4333-ace3-8ff570d4a685,application/pdf,https://www.gencourt.state.nh.us/bill_status/legacy/bs2016/billText.aspx?sy=2024&id=1614&txtFormat=pdf&v=current,bf46e149-6f58-4a5d-8000-9e4874e555e8
b3b2a633-f5cf-475b-9538-ea95b3dbe6a2,text/html,https://www.gencourt.state.nh.us/bill_status/legacy/bs2016/billText.aspx?sy=2024&id=1614&txtFormat=html,bf46e149-6f58-4a5d-8000-9e4874e555e8
a3264e81-2fad-40e2-8108-c17923437a92,text/html,https://www.gencourt.state.nh.us/bill_status/legacy/bs2016/billText.aspx?sy=2024&id=1482&txtFormat=html,99ef4453-87ad-4a8c-809c-6840dff6ccc3
a4e511ae-bdc1-4f93-aaab-1fc683dff2a0,application/pdf,https://www.gencourt.state.nh.us/bill_status/legacy/bs2016/billText.aspx?sy=2024&id=1869&txtFormat=pdf&v=current,f7a02161-8c8c-4c1e-8e46-3ac4e220a71b
86e9f57b-2f67-4527-8944-860228c5a17b,text/html,https://www.gencourt.state.nh.us/bill_status/legacy/bs2016/billText.aspx?sy=2024&id=1869&txtFormat=html,f7a02161-8c8c-4c1e-8e46-3ac4e220a71b
edcc38aa-346a-4125-b388-bc658b73d0a5,application/pdf,https://www.gencourt.state.nh.us/bill_status/legacy/bs2016/billText.aspx?sy=2024&id=2024-1477s&txtFormat=amend,188d9950-8f70-4019-8622-3015105f11f3
9c127502-713f-456e-b77b-e13c00e4c031,application/pdf,https://www.gencourt.state.nh.us/bill_status/legacy/bs2016/billText.aspx?sy=2024&id=1489&txtFormat=pdf&v=current,5ef69c8a-d443-462d-9bd0-1bea8c4fc993
eb07af79-1545-4ad1-96e7-ab9b0f6f5ae7,text/html,https://www.gencourt.state.nh.us/bill_status/legacy/bs2016/billText.aspx?sy=2024&id=1489&txtFormat=html,5ef69c8a-d443-462d-9bd0-1bea8c4fc993
6e5c3000-4f58-4b7f-87e5-ad262e13d5cc,application/pdf,https://www.gencourt.state.nh.us/bill_status/legacy/bs2016/billText.aspx?sy=2024&id=1197&txtFormat=pdf&v=current,13c76867-71b5-43e3-b59e-157f2893c543
2f948c3b-8b9d-42a0-9f68-43cd16c3665a,application/pdf,https://www.gencourt.state.nh.us/bill_status/legacy/bs2016/billText.aspx?sy=2024&id=1488&txtFormat=pdf&v=current,cd90150e-b7c1-4e6d-9cbe-1682cf40d5b5
aff1d7ea-7f1e-4835-b78a-4250ae9dd050,text/html,https://www.gencourt.state.nh.us/bill_status/legacy/bs2016/billText.aspx?sy=2024&id=1488&txtFormat=html,cd90150e-b7c1-4e6d-9cbe-1682cf40d5b5
4b2c6938-e389-4093-a73d-fc5a76453168,application/pdf,https://www.gencourt.state.nh.us/bill_status/legacy/bs2016/billText.aspx?sy=2024&id=2182&txtFormat=pdf&v=current,eca1b9a6-4766-4b41-a876-a97f3fdb9c3f
43e92167-9858-45c7-a5b3-582f4c603f21,text/html,https://www.gencourt.state.nh.us/bill_status/legacy/bs2016/billText.aspx?sy=2024&id=2182&txtFormat=html,eca1b9a6-4766-4b41-a876-a97f3fdb9c3f
348c5fe2-8fc2-4667-9ee4-81bc0bd8f535,application/pdf,https://www.gencourt.state.nh.us/bill_status/legacy/bs2016/billText.aspx?sy=2024&id=2024-0562h&txtFormat=amend,cbd6253d-9625-4c8a-a3bd-5bb4ed158e26
3c52aee4-0b42-48b0-b3cd-56042c313e13,application/pdf,https://www.gencourt.state.nh.us/bill_status/legacy/bs2016/billText.aspx?sy=2024&id=1497&txtFormat=pdf&v=current,05d36612-3a05-4f8b-8eb0-24363be94e9c
293b10fb-25c5-443d-95a6-8f1200942aae,text/html,https://www.gencourt.state.nh.us/bill_status/legacy/bs2016/billText.aspx?sy=2024&id=1497&txtFormat=html,05d36612-3a05-4f8b-8eb0-24363be94e9c
13bba509-2559-4190-9773-ff4c2d626cb6,application/pdf,https://www.gencourt.state.nh.us/bill_status/legacy/bs2016/billText.aspx?sy=2024&id=1366&txtFormat=pdf&v=current,32484baf-22f8-42c6-8413-6d1fee1e395f
26b3a8c1-95f0-41c3-9de4-60f5e7574876,text/html,https://www.gencourt.state.nh.us/bill_status/legacy/bs2016/billText.aspx?sy=2024&id=1366&txtFormat=html,32484baf-22f8-42c6-8413-6d1fee1e395f
4db94c20-afb6-49dc-98f8-ada14702ada2,application/pdf,https://www.gencourt.state.nh.us/bill_status/legacy/bs2016/billText.aspx?sy=2024&id=1535&txtFormat=pdf&v=current,6dac6c5a-7b72-4502-9aa5-e3fd265879ed
ca24b145-bb7e-48f4-b8fd-eae32804b7f6,text/html,https://www.gencourt.state.nh.us/bill_status/legacy/bs2016/billText.aspx?sy=2024&id=1535&txtFormat=html,6dac6c5a-7b72-4502-9aa5-e3fd265879ed
9403e9c8-b8cc-4bfb-bf32-ccd9e6fab9af,text/html,https://www.gencourt.state.nh.us/bill_status/legacy/bs2016/billText.aspx?sy=2024&id=1197&txtFormat=html,13c76867-71b5-43e3-b59e-157f2893c543
a53bba69-37f9-41d7-93d0-5e3a7867128d,application/pdf,https://www.gencourt.state.nh.us/bill_status/legacy/bs2016/billText.aspx?sy=2024&id=1312&txtFormat=pdf&v=current,c8b8e2b5-1aa8-4045-8aa3-0ee7999f05d1
4e3bb772-6a46-41c1-9d44-0d5b513517e1,text/html,https://www.gencourt.state.nh.us/bill_status/legacy/bs2016/billText.aspx?sy=2024&id=1312&txtFormat=html,c8b8e2b5-1aa8-4045-8aa3-0ee7999f05d1
e415dcdb-a678-4874-ae8d-75931dc82459,application/pdf,https://www.gencourt.state.nh.us/bill_status/legacy/bs2016/billText.aspx?sy=2024&id=1532&txtFormat=pdf&v=current,e805127c-263e-4a72-af40-80a6be7090a1
dc9177f8-92b2-4419-8cf4-ed8d5775db40,text/html,https://www.gencourt.state.nh.us/bill_status/legacy/bs2016/billText.aspx?sy=2024&id=1532&txtFormat=html,e805127c-263e-4a72-af40-80a6be7090a1
fdb1108c-91e0-4b24-a96a-19e4f7d3adf2,application/pdf,https://www.gencourt.state.nh.us/bill_status/legacy/bs2016/billText.aspx?sy=2024&id=1636&txtFormat=pdf&v=current,fdf8acf7-c664-43f4-bfee-46a1a2d216dc
f8acce3d-bfb5-40c6-aed8-3e1b3faa8df0,text/html,https://www.gencourt.state.nh.us/bill_status/legacy/bs2016/billText.aspx?sy=2024&id=1636&txtFormat=html,fdf8acf7-c664-43f4-bfee-46a1a2d216dc
094ecb4e-31f2-4e04-af67-f18747e07d28,application/pdf,https://www.gencourt.state.nh.us/bill_status/legacy/bs2016/billText.aspx?sy=2024&id=2024-0930h&txtFormat=amend,92f75e6d-04c7-41e1-bb13-63c1cea78b60
d885c4c8-b4cb-47a0-8390-174018c88b84,application/pdf,https://www.gencourt.state.nh.us/bill_status/legacy/bs2016/billText.aspx?sy=2024&id=1088&txtFormat=pdf&v=current,41a7cdd1-5a69-41c1-8860-5524b89cc070
7b3a4b2f-7ac4-44ba-91ba-7e5df85b53e7,text/html,https://www.gencourt.state.nh.us/bill_status/legacy/bs2016/billText.aspx?sy=2024&id=1088&txtFormat=html,41a7cdd1-5a69-41c1-8860-5524b89cc070
d08dc372-33b0-4df8-8f98-034e2efe6cf5,application/pdf,https://www.gencourt.state.nh.us/bill_status/legacy/bs2016/billText.aspx?sy=2024&id=1790&txtFormat=pdf&v=current,8c9fba9b-8864-4cc1-8e0c-b47b1dd431b6
0fc01ee3-cc00-4340-9016-1fea4ba6e6a8,text/html,https://www.gencourt.state.nh.us/bill_status/legacy/bs2016/billText.aspx?sy=2024&id=1790&txtFormat=html,8c9fba9b-8864-4cc1-8e0c-b47b1dd431b6
b09d35df-4f69-487b-b01a-066be3191041,application/pdf,https://www.gencourt.state.nh.us/bill_status/legacy/bs2016/billText.aspx?sy=2024&id=1102&txtFormat=pdf&v=current,90de48ec-ac29-4ac6-8905-1e80c3f130b9
8c81006c-8abb-43e4-bc35-ae33d3a5dd44,text/html,https://www.gencourt.state.nh.us/bill_status/legacy/bs2016/billText.aspx?sy=2024&id=1102&txtFormat=html,90de48ec-ac29-4ac6-8905-1e80c3f130b9
dcc4e565-25e0-423f-bf68-6baeda4a2a87,application/pdf,https://www.gencourt.state.nh.us/bill_status/legacy/bs2016/billText.aspx?sy=2024&id=2024-1267s&txtFormat=amend,32c6366f-bb04-4eb9-9713-29d38b171906
f91e6e51-6a6e-41b9-8917-19754eafb4c5,application/pdf,https://www.gencourt.state.nh.us/bill_status/legacy/bs2016/billText.aspx?sy=2024&id=2024-0612h&txtFormat=amend,02395b5e-1991-4377-8141-7103887388b7
bca84b2c-20de-4c02-8e60-16e4731d51e3,application/pdf,https://www.gencourt.state.nh.us/bill_status/legacy/bs2016/billText.aspx?sy=2024&id=2140&txtFormat=pdf&v=current,ca0d4805-4e4f-4ada-9739-f8a2e93b0921
94e9ca65-bd6c-46f7-8fb6-7d98e192aafe,application/pdf,https://www.gencourt.state.nh.us/bill_status/legacy/bs2016/billText.aspx?sy=2024&id=1765&txtFormat=pdf&v=current,a9fdcb79-8611-4a8c-92b2-5dcc6f133a04
d1d8baa6-1339-4773-bdd2-e3655e903c0e,text/html,https://www.gencourt.state.nh.us/bill_status/legacy/bs2016/billText.aspx?sy=2024&id=1765&txtFormat=html,a9fdcb79-8611-4a8c-92b2-5dcc6f133a04
0da53b24-5615-49d5-b9c7-63d769df8c6b,text/html,https://www.gencourt.state.nh.us/bill_status/legacy/bs2016/billText.aspx?sy=2024&id=2140&txtFormat=html,ca0d4805-4e4f-4ada-9739-f8a2e93b0921
787644a0-0007-4e3c-b348-b4809bcfa443,application/pdf,https://www.gencourt.state.nh.us/bill_status/legacy/bs2016/billText.aspx?sy=2024&id=1147&txtFormat=pdf&v=current,2caea5c9-c70e-4944-ac9d-3854a32bd81e
9fba7c35-8638-49e1-b520-ed9e3fbe7380,text/html,https://www.gencourt.state.nh.us/bill_status/legacy/bs2016/billText.aspx?sy=2024&id=1147&txtFormat=html,2caea5c9-c70e-4944-ac9d-3854a32bd81e
8b4a589e-ed65-44d3-998c-f1f7f8a87e17,application/pdf,https://www.gencourt.state.nh.us/bill_status/legacy/bs2016/billText.aspx?sy=2024&id=1285&txtFormat=pdf&v=current,e8c44d5e-16f4-4c56-9ae0-396e4c1656c5
bd892379-c7f7-43e3-a397-62a0dfa9f293,text/html,https://www.gencourt.state.nh.us/bill_status/legacy/bs2016/billText.aspx?sy=2024&id=1285&txtFormat=html,e8c44d5e-16f4-4c56-9ae0-396e4c1656c5
802efd26-2415-4ecb-870d-4004063365fe,application/pdf,https://www.gencourt.state.nh.us/bill_status/legacy/bs2016/billText.aspx?sy=2024&id=2024-2079s&txtFormat=amend,af526fdc-42f8-4fe6-abb6-5663d8ed7048
a89266b0-61ee-494b-9269-877dd9ee5382,application/pdf,https://www.gencourt.state.nh.us/bill_status/legacy/bs2016/billText.aspx?sy=2024&id=1270&txtFormat=pdf&v=current,10e917da-123b-4ff3-9127-b1d5ccd60d2a
f21f24be-dbf4-49a0-aca4-558741894162,text/html,https://www.gencourt.state.nh.us/bill_status/legacy/bs2016/billText.aspx?sy=2024&id=1270&txtFormat=html,10e917da-123b-4ff3-9127-b1d5ccd60d2a
c79e985c-bc4b-451d-9a84-804944466977,application/pdf,https://www.gencourt.state.nh.us/bill_status/legacy/bs2016/billText.aspx?sy=2024&id=1503&txtFormat=pdf&v=current,1208d58b-12d1-4cbe-aadc-af91fe102f47
f3b5c1ee-dc75-4c88-8ed5-ec389c9e1601,text/html,https://www.gencourt.state.nh.us/bill_status/legacy/bs2016/billText.aspx?sy=2024&id=1503&txtFormat=html,1208d58b-12d1-4cbe-aadc-af91fe102f47
93db1f2d-8205-4bff-a1fb-8437f0aa8168,application/pdf,https://www.gencourt.state.nh.us/bill_status/legacy/bs2016/billText.aspx?sy=2024&id=1298&txtFormat=pdf&v=current,fdc711fe-718f-4e36-a8af-c59a9a0ed20f
70b0eb1f-2c72-4334-ae50-8590c7dcdbbb,text/html,https://www.gencourt.state.nh.us/bill_status/legacy/bs2016/billText.aspx?sy=2024&id=1298&txtFormat=html,fdc711fe-718f-4e36-a8af-c59a9a0ed20f
7c439853-6fc5-479f-b705-7d4511521ebc,application/pdf,https://www.gencourt.state.nh.us/bill_status/legacy/bs2016/billText.aspx?sy=2024&id=1305&txtFormat=pdf&v=current,e3f05aa4-e5b6-4cbf-945f-da8539342bfb
bfd2b389-4782-4d19-a098-81764e6f5cf3,text/html,https://www.gencourt.state.nh.us/bill_status/legacy/bs2016/billText.aspx?sy=2024&id=1305&txtFormat=html,e3f05aa4-e5b6-4cbf-945f-da8539342bfb
8fcaa9ca-46c5-404a-9d8c-4408d13c8946,application/pdf,https://www.gencourt.state.nh.us/bill_status/legacy/bs2016/billText.aspx?sy=2024&id=1225&txtFormat=pdf&v=current,ee55d7ef-ffa5-43b7-ac31-abe78bb00d4d
9811eaf1-3940-44b4-b18e-0bb84222422d,text/html,https://www.gencourt.state.nh.us/bill_status/legacy/bs2016/billText.aspx?sy=2024&id=1225&txtFormat=html,ee55d7ef-ffa5-43b7-ac31-abe78bb00d4d
9f20f941-6398-4073-8b89-8fc2e8ea37c9,application/pdf,https://www.gencourt.state.nh.us/bill_status/legacy/bs2016/billText.aspx?sy=2024&id=2024-2108s&txtFormat=amend,832f5ab2-889d-44ab-903b-8f41b7244313
619428c4-6ad2-4676-9dfc-9f9488e4cb52,application/pdf,https://www.gencourt.state.nh.us/bill_status/legacy/bs2016/billText.aspx?sy=2024&id=1808&txtFormat=pdf&v=current,879cc043-b29c-4f6a-98ef-ea7523faa889
eaeff317-5023-4391-a0f5-2111cb68cc12,text/html,https://www.gencourt.state.nh.us/bill_status/legacy/bs2016/billText.aspx?sy=2024&id=1808&txtFormat=html,879cc043-b29c-4f6a-98ef-ea7523faa889
3ae76751-e69a-43f1-87b3-44d5a8083e90,application/pdf,https://www.gencourt.state.nh.us/bill_status/legacy/bs2016/billText.aspx?sy=2024&id=1145&txtFormat=pdf&v=current,d3f2c311-8dcd-426d-bb25-d92112bda1d4
678bef03-bf6a-4cfb-a884-2b92606e41b0,text/html,https://www.gencourt.state.nh.us/bill_status/legacy/bs2016/billText.aspx?sy=2024&id=1145&txtFormat=html,d3f2c311-8dcd-426d-bb25-d92112bda1d4
ca6e5818-f3a1-40cb-8d77-e06fb96d70ee,application/pdf,https://www.gencourt.state.nh.us/bill_status/legacy/bs2016/billText.aspx?sy=2024&id=2024-0741h&txtFormat=amend,cc9e5723-040d-40b4-a1fc-7dc09eed5e16
ef3943d2-2909-40ed-b302-714d29936c57,application/pdf,https://www.gencourt.state.nh.us/bill_status/legacy/bs2016/billText.aspx?sy=2024&id=1520&txtFormat=pdf&v=current,3451651f-45ea-488d-bb49-b550f2cdf3d2
4a59c7c3-a321-4a1d-aade-360cc14a14bc,text/html,https://www.gencourt.state.nh.us/bill_status/legacy/bs2016/billText.aspx?sy=2024&id=1520&txtFormat=html,3451651f-45ea-488d-bb49-b550f2cdf3d2
d3b4b51d-b663-48c9-9aed-b9bf314129b7,application/pdf,https://www.gencourt.state.nh.us/bill_status/legacy/bs2016/billText.aspx?sy=2024&id=1296&txtFormat=pdf&v=current,87821779-eadf-428f-9b16-c9bfa7285a78
18cb3bd3-df00-4ccf-a4e1-e84bf37f17ee,text/html,https://www.gencourt.state.nh.us/bill_status/legacy/bs2016/billText.aspx?sy=2024&id=1296&txtFormat=html,87821779-eadf-428f-9b16-c9bfa7285a78
d44285b2-6b68-4ea2-bf6f-a79823755616,application/pdf,https://www.gencourt.state.nh.us/bill_status/legacy/bs2016/billText.aspx?sy=2024&id=1687&txtFormat=pdf&v=current,a43b1a31-f102-427f-b6d6-2028c38dcffe
05cf757c-bd38-4f05-8913-ca69532d61d1,application/pdf,https://www.gencourt.state.nh.us/bill_status/legacy/bs2016/billText.aspx?sy=2024&id=2024-2104s&txtFormat=amend,977bdd2d-4631-4389-a810-c7cb394c2114
9d7355d6-7419-4133-9024-ce3bbdb12e9d,application/pdf,https://www.gencourt.state.nh.us/bill_status/legacy/bs2016/billText.aspx?sy=2024&id=1292&txtFormat=pdf&v=current,adfd188d-f7bd-4a08-9896-5ce58d52f74c
695a3bbd-d3f4-48ed-9e06-87428a3c16da,text/html,https://www.gencourt.state.nh.us/bill_status/legacy/bs2016/billText.aspx?sy=2024&id=1292&txtFormat=html,adfd188d-f7bd-4a08-9896-5ce58d52f74c
9e1d6c1c-3048-47e6-a706-326a5914ac8f,application/pdf,https://www.gencourt.state.nh.us/bill_status/legacy/bs2016/billText.aspx?sy=2024&id=1364&txtFormat=pdf&v=current,df2df8b1-73cb-429c-b517-f0cddf5c8109
fa64334c-d8ea-4c98-985d-c890d471851e,text/html,https://www.gencourt.state.nh.us/bill_status/legacy/bs2016/billText.aspx?sy=2024&id=1364&txtFormat=html,df2df8b1-73cb-429c-b517-f0cddf5c8109
b0313579-2934-42c9-a9ad-8ae5b2f5f40c,application/pdf,https://www.gencourt.state.nh.us/bill_status/legacy/bs2016/billText.aspx?sy=2024&id=1179&txtFormat=pdf&v=current,44aaec23-1031-444d-8ebf-563007011c5a
5a2cab84-7d09-4c3f-80d2-f82a6847b156,text/html,https://www.gencourt.state.nh.us/bill_status/legacy/bs2016/billText.aspx?sy=2024&id=1179&txtFormat=html,44aaec23-1031-444d-8ebf-563007011c5a
c95589d7-5651-4d49-b903-a5318a923eed,application/pdf,https://www.gencourt.state.nh.us/bill_status/legacy/bs2016/billText.aspx?sy=2024&id=1438&txtFormat=pdf&v=current,2c3411d1-1223-4285-9214-938f31c757d4
65e2a5ca-a230-4393-be4c-9a675681825f,text/html,https://www.gencourt.state.nh.us/bill_status/legacy/bs2016/billText.aspx?sy=2024&id=1438&txtFormat=html,2c3411d1-1223-4285-9214-938f31c757d4
47575008-39f5-44df-a9e3-0f25056f52e4,application/pdf,https://www.gencourt.state.nh.us/bill_status/legacy/bs2016/billText.aspx?sy=2024&id=2024-2331e&txtFormat=amend,41a1ecd5-ea87-4d2b-991f-40caac33e080
d8bd49f0-f7d4-49eb-9fb3-c0c76566ca35,text/html,https://www.gencourt.state.nh.us/bill_status/legacy/bs2016/billText.aspx?sy=2024&id=1687&txtFormat=html,a43b1a31-f102-427f-b6d6-2028c38dcffe
bbc13ba6-8625-4cf3-af43-e6f42555381e,application/pdf,https://www.gencourt.state.nh.us/bill_status/legacy/bs2016/billText.aspx?sy=2024&id=1410&txtFormat=pdf&v=current,8c01b09e-51bf-47db-b31a-7a9b06957990
51dc462d-e349-401c-a4d9-51f40b573a3a,text/html,https://www.gencourt.state.nh.us/bill_status/legacy/bs2016/billText.aspx?sy=2024&id=1410&txtFormat=html,8c01b09e-51bf-47db-b31a-7a9b06957990
d0d74848-8a75-4417-b1d3-b7cd428323be,application/pdf,https://www.gencourt.state.nh.us/bill_status/legacy/bs2016/billText.aspx?sy=2024&id=1183&txtFormat=pdf&v=current,5417598e-1ea8-467c-8df3-d3ceeacd4dd9
ea053768-e542-4335-860b-ccc273a5dcba,text/html,https://www.gencourt.state.nh.us/bill_status/legacy/bs2016/billText.aspx?sy=2024&id=1183&txtFormat=html,5417598e-1ea8-467c-8df3-d3ceeacd4dd9
08b89bfb-63fc-4557-bfbd-1cf1139c9490,application/pdf,https://www.gencourt.state.nh.us/bill_status/legacy/bs2016/billText.aspx?sy=2024&id=2024-1808s&txtFormat=amend,75fa35c4-7064-4189-8144-e51cda051feb
e16aa911-e81a-4dc5-9a54-0d9ceac587ad,application/pdf,https://www.gencourt.state.nh.us/bill_status/legacy/bs2016/billText.aspx?sy=2024&id=1556&txtFormat=pdf&v=current,e45ddcc3-f954-49ce-b311-a03253006465
3b4a72be-4787-4df9-956b-090fbd791c51,text/html,https://www.gencourt.state.nh.us/bill_status/legacy/bs2016/billText.aspx?sy=2024&id=1556&txtFormat=html,e45ddcc3-f954-49ce-b311-a03253006465
a4baeba4-0024-4144-ab0b-fe22512aa8ab,application/pdf,https://www.gencourt.state.nh.us/bill_status/legacy/bs2016/billText.aspx?sy=2024&id=2024-1077h&txtFormat=amend,838a9f46-bd56-4046-95da-fffc30a4292b
c388b4c9-1306-4943-a49c-dae3806d27c8,application/pdf,https://www.gencourt.state.nh.us/bill_status/legacy/bs2016/billText.aspx?sy=2024&id=1205&txtFormat=pdf&v=current,050a1114-c3ee-4b0d-a5fc-970c865bc9e2
5a79db73-44bb-4c07-8fec-826e1c889f77,text/html,https://www.gencourt.state.nh.us/bill_status/legacy/bs2016/billText.aspx?sy=2024&id=1205&txtFormat=html,050a1114-c3ee-4b0d-a5fc-970c865bc9e2
c4f097bd-3fbf-4c6f-ba22-e189511457e5,application/pdf,https://www.gencourt.state.nh.us/bill_status/legacy/bs2016/billText.aspx?sy=2024&id=1802&txtFormat=pdf&v=current,b5d1452c-0b72-432c-9b7e-4ac9a22672c7
8fe88698-9560-4ee2-9485-154b295e9526,text/html,https://www.gencourt.state.nh.us/bill_status/legacy/bs2016/billText.aspx?sy=2024&id=1802&txtFormat=html,b5d1452c-0b72-432c-9b7e-4ac9a22672c7
2f1e7bae-febf-4e1b-a9eb-471d689bc38d,application/pdf,https://www.gencourt.state.nh.us/bill_status/legacy/bs2016/billText.aspx?sy=2024&id=1735&txtFormat=pdf&v=current,34b7e7ea-396f-4eca-bfce-5bfcb743d7dd
93330b5a-e995-4c83-a978-568975ccf8b0,text/html,https://www.gencourt.state.nh.us/bill_status/legacy/bs2016/billText.aspx?sy=2024&id=1735&txtFormat=html,34b7e7ea-396f-4eca-bfce-5bfcb743d7dd
a7266629-f48b-42d3-9a4a-d81d656ad95b,application/pdf,https://www.gencourt.state.nh.us/bill_status/legacy/bs2016/billText.aspx?sy=2024&id=1231&txtFormat=pdf&v=current,6d76fa77-4a5e-4875-b1ef-fbd61a8af47e
c0701abe-d145-4cf6-a5b6-b6a988d5e31b,text/html,https://www.gencourt.state.nh.us/bill_status/legacy/bs2016/billText.aspx?sy=2024&id=1231&txtFormat=html,6d76fa77-4a5e-4875-b1ef-fbd61a8af47e
393e8187-524d-4dad-a246-52dfc07dd566,application/pdf,https://www.gencourt.state.nh.us/bill_status/legacy/bs2016/billText.aspx?sy=2024&id=1439&txtFormat=pdf&v=current,929fcd43-e90e-4696-a4ef-973bbbb03466
eb231c27-f501-43fc-bea5-8007b11d717d,text/html,https://www.gencourt.state.nh.us/bill_status/legacy/bs2016/billText.aspx?sy=2024&id=1439&txtFormat=html,929fcd43-e90e-4696-a4ef-973bbbb03466
7dbe7989-38d2-4f41-b053-e9733aecf6f7,application/pdf,https://www.gencourt.state.nh.us/bill_status/legacy/bs2016/billText.aspx?sy=2024&id=1466&txtFormat=pdf&v=current,c272d3ff-0351-4407-9007-6667ce4c81e7
d9676479-849c-43f6-83a8-b1bc8c9b6d47,text/html,https://www.gencourt.state.nh.us/bill_status/legacy/bs2016/billText.aspx?sy=2024&id=1466&txtFormat=html,c272d3ff-0351-4407-9007-6667ce4c81e7
2efb7847-a63c-4fe8-b408-766a66f71daf,application/pdf,https://www.gencourt.state.nh.us/bill_status/legacy/bs2016/billText.aspx?sy=2024&id=1263&txtFormat=pdf&v=current,de1bebd6-6d0c-4bb8-a9a6-5306265888bf
e2d9c3e1-2364-431b-a3fa-037db3c92596,text/html,https://www.gencourt.state.nh.us/bill_status/legacy/bs2016/billText.aspx?sy=2024&id=1263&txtFormat=html,de1bebd6-6d0c-4bb8-a9a6-5306265888bf
3f006c65-f800-4036-a394-e771ce89a9e2,application/pdf,https://www.gencourt.state.nh.us/bill_status/legacy/bs2016/billText.aspx?sy=2024&id=2024-0950h&txtFormat=amend,24ff6619-be1c-4874-8f2b-3c9f97d676f6
5fbc76c4-743b-4c16-8df6-4cead2354645,application/pdf,https://www.gencourt.state.nh.us/bill_status/legacy/bs2016/billText.aspx?sy=2024&id=1427&txtFormat=pdf&v=current,5fbe143b-8196-45e9-9f38-386460d7a219
45a94e2c-a7b4-4a28-bc4f-2471033d9340,text/html,https://www.gencourt.state.nh.us/bill_status/legacy/bs2016/billText.aspx?sy=2024&id=1427&txtFormat=html,5fbe143b-8196-45e9-9f38-386460d7a219
19f3a5ed-34ee-47ab-bfb8-08b1dd547a05,application/pdf,https://www.gencourt.state.nh.us/bill_status/legacy/bs2016/billText.aspx?sy=2024&id=1763&txtFormat=pdf&v=current,96ba16af-9fad-42dd-9917-22c49f634bdb
aa3a1523-05b5-4223-8942-e4647b013c9b,text/html,https://www.gencourt.state.nh.us/bill_status/legacy/bs2016/billText.aspx?sy=2024&id=1763&txtFormat=html,96ba16af-9fad-42dd-9917-22c49f634bdb
a757935e-a4ef-4b80-8314-37aeb0525cf8,application/pdf,https://www.gencourt.state.nh.us/bill_status/legacy/bs2016/billText.aspx?sy=2024&id=2024-2009s&txtFormat=amend,21ed7ee3-e36e-4456-9f14-a2f6973c931b
55374212-ee3c-4a2c-a7af-cf794b7898cc,application/pdf,https://www.gencourt.state.nh.us/bill_status/legacy/bs2016/billText.aspx?sy=2024&id=1452&txtFormat=pdf&v=current,72cbe577-b3f6-4c09-915d-f0f0f0608944
4799902a-dacc-4c2e-ab25-bf27f79d73d2,text/html,https://www.gencourt.state.nh.us/bill_status/legacy/bs2016/billText.aspx?sy=2024&id=1452&txtFormat=html,72cbe577-b3f6-4c09-915d-f0f0f0608944
816ee5c9-4cdc-4841-92b0-9754211f6bea,application/pdf,https://www.gencourt.state.nh.us/bill_status/legacy/bs2016/billText.aspx?sy=2024&id=1819&txtFormat=pdf&v=current,621065ce-6a96-41a2-a9cc-ad6c42e7ef3f
73458309-f585-4b72-9509-62cd5b4a741b,text/html,https://www.gencourt.state.nh.us/bill_status/legacy/bs2016/billText.aspx?sy=2024&id=1819&txtFormat=html,621065ce-6a96-41a2-a9cc-ad6c42e7ef3f
f0d32bd4-76c7-4373-bc12-7f8a368db095,application/pdf,https://www.gencourt.state.nh.us/bill_status/legacy/bs2016/billText.aspx?sy=2024&id=1500&txtFormat=pdf&v=current,069554c3-f8f7-427b-acf2-aa2b8ee98586
ee5144cc-46d9-4f2f-8641-556fde4a22f1,text/html,https://www.gencourt.state.nh.us/bill_status/legacy/bs2016/billText.aspx?sy=2024&id=1500&txtFormat=html,069554c3-f8f7-427b-acf2-aa2b8ee98586
5d230c6b-e996-4c27-8e99-09de62d790c1,application/pdf,https://www.gencourt.state.nh.us/bill_status/legacy/bs2016/billText.aspx?sy=2024&id=1166&txtFormat=pdf&v=current,1c092f69-36cb-442d-920f-929e106f8f89
c058f90a-afa4-4af7-b488-1e495dacc86f,text/html,https://www.gencourt.state.nh.us/bill_status/legacy/bs2016/billText.aspx?sy=2024&id=1166&txtFormat=html,1c092f69-36cb-442d-920f-929e106f8f89
33e27e74-56ba-4f79-bc6a-076c0c531901,application/pdf,https://www.gencourt.state.nh.us/bill_status/legacy/bs2016/billText.aspx?sy=2024&id=2024-1949s&txtFormat=amend,c1da7b84-595c-4fb8-b464-af3e77c0343c
f57381a1-8a36-42f5-896c-71d30e6b5298,application/pdf,https://www.gencourt.state.nh.us/bill_status/legacy/bs2016/billText.aspx?sy=2024&id=1513&txtFormat=pdf&v=current,cf029798-b8f8-4601-b819-4a3139031bfe
b34e1825-ed2a-4577-9da4-329c6e882995,text/html,https://www.gencourt.state.nh.us/bill_status/legacy/bs2016/billText.aspx?sy=2024&id=1513&txtFormat=html,cf029798-b8f8-4601-b819-4a3139031bfe
11c2bd05-592b-426d-bb26-4f5df9a2c298,application/pdf,https://www.gencourt.state.nh.us/bill_status/legacy/bs2016/billText.aspx?sy=2024&id=1561&txtFormat=pdf&v=current,377a5dc5-c2fe-4d42-9bae-82a39665c916
565ed4e2-ad6e-49f8-9a84-a44b20c7d438,application/pdf,https://www.gencourt.state.nh.us/bill_status/legacy/bs2016/billText.aspx?sy=2024&id=1449&txtFormat=pdf&v=current,df987c5a-8513-445b-9b87-b01cef0693fd
88a7c60b-445c-4008-a7e8-4842dd75fc72,text/html,https://www.gencourt.state.nh.us/bill_status/legacy/bs2016/billText.aspx?sy=2024&id=1449&txtFormat=html,df987c5a-8513-445b-9b87-b01cef0693fd
09da5ae2-e936-42d2-8e1f-c4a76c8f0361,application/pdf,https://www.gencourt.state.nh.us/bill_status/legacy/bs2016/billText.aspx?sy=2024&id=1122&txtFormat=pdf&v=current,817d721e-3eaa-4d03-959c-47dd28d7203c
664f2d8d-4af6-491d-82c2-f6eb0dfaec75,text/html,https://www.gencourt.state.nh.us/bill_status/legacy/bs2016/billText.aspx?sy=2024&id=1122&txtFormat=html,817d721e-3eaa-4d03-959c-47dd28d7203c
771dc765-a2ab-4bfa-83d7-283b1b27c3b0,application/pdf,https://www.gencourt.state.nh.us/bill_status/legacy/bs2016/billText.aspx?sy=2024&id=1347&txtFormat=pdf&v=current,942e7662-ce8a-4fc1-ba27-7c416c76d497
d1a61ef9-b877-426e-9d3b-d8d8d46a598f,text/html,https://www.gencourt.state.nh.us/bill_status/legacy/bs2016/billText.aspx?sy=2024&id=1347&txtFormat=html,942e7662-ce8a-4fc1-ba27-7c416c76d497
46e69921-0994-4450-81b1-d3ba4da9a3a3,text/html,https://www.gencourt.state.nh.us/bill_status/legacy/bs2016/billText.aspx?sy=2024&id=1561&txtFormat=html,377a5dc5-c2fe-4d42-9bae-82a39665c916
e974666f-6b52-43c2-929c-e388098768f2,application/pdf,https://www.gencourt.state.nh.us/bill_status/legacy/bs2016/billText.aspx?sy=2024&id=2024-0964h&txtFormat=amend,1e4ff78d-cf0f-460f-91a8-130208963729
b1a374bc-dab6-4fd7-bcae-747a6cadf3fb,application/pdf,https://www.gencourt.state.nh.us/bill_status/legacy/bs2016/billText.aspx?sy=2024&id=1720&txtFormat=pdf&v=current,4a309e14-8e11-48c3-9471-e86c5ea3554f
8ffefa27-f8fe-445c-8c73-5bd27f88ccac,text/html,https://www.gencourt.state.nh.us/bill_status/legacy/bs2016/billText.aspx?sy=2024&id=1720&txtFormat=html,4a309e14-8e11-48c3-9471-e86c5ea3554f
e9967f0b-fcdf-4f63-80a3-75c9944b488c,application/pdf,https://www.gencourt.state.nh.us/bill_status/legacy/bs2016/billText.aspx?sy=2024&id=2024-0245h&txtFormat=amend,541619f4-04dc-4796-a7b8-4d0e13a6dc88
0ddf954c-c802-4617-b08c-3bdd7baeb66a,application/pdf,https://www.gencourt.state.nh.us/bill_status/legacy/bs2016/billText.aspx?sy=2024&id=1158&txtFormat=pdf&v=current,3465d5d2-155a-489a-b0f3-15ecf5c16057
163c9eb8-9ce6-4ada-98ea-8c39df935a70,text/html,https://www.gencourt.state.nh.us/bill_status/legacy/bs2016/billText.aspx?sy=2024&id=1158&txtFormat=html,3465d5d2-155a-489a-b0f3-15ecf5c16057
fc1cc491-86cf-48fa-9608-4b71511cc054,application/pdf,https://www.gencourt.state.nh.us/bill_status/legacy/bs2016/billText.aspx?sy=2024&id=2024-0646h&txtFormat=amend,78d0ef0c-37e7-4688-9ad2-e73ed392416d
61ed8604-6e8b-4d58-8c8e-b524eb5d4a80,application/pdf,https://www.gencourt.state.nh.us/bill_status/legacy/bs2016/billText.aspx?sy=2024&id=1310&txtFormat=pdf&v=current,81dcd6fd-dddb-43f2-ba2f-68ad44c57f9c
1d21fb8d-5d49-46a2-8159-f4779a82f465,text/html,https://www.gencourt.state.nh.us/bill_status/legacy/bs2016/billText.aspx?sy=2024&id=1310&txtFormat=html,81dcd6fd-dddb-43f2-ba2f-68ad44c57f9c
d69ce8ec-0d70-4ad7-905d-bcccbfef6e3c,application/pdf,https://www.gencourt.state.nh.us/bill_status/legacy/bs2016/billText.aspx?sy=2024&id=1626&txtFormat=pdf&v=current,553625c7-5f39-4c8e-8b8f-16f8af5b0065
fb0e5159-7d23-4162-a37a-9f25e075d649,text/html,https://www.gencourt.state.nh.us/bill_status/legacy/bs2016/billText.aspx?sy=2024&id=1626&txtFormat=html,553625c7-5f39-4c8e-8b8f-16f8af5b0065
e8ea8243-c539-45b8-a2c0-cc136330e1e7,application/pdf,https://www.gencourt.state.nh.us/bill_status/legacy/bs2016/billText.aspx?sy=2024&id=1316&txtFormat=pdf&v=current,f76f5d86-b582-47ca-93af-46d48d847aaf
77464fe7-c507-44e1-88ed-f36d3723f8f5,text/html,https://www.gencourt.state.nh.us/bill_status/legacy/bs2016/billText.aspx?sy=2024&id=1316&txtFormat=html,f76f5d86-b582-47ca-93af-46d48d847aaf
4103af53-1104-4f89-b7a6-0675c6a99583,application/pdf,https://www.gencourt.state.nh.us/bill_status/legacy/bs2016/billText.aspx?sy=2024&id=1269&txtFormat=pdf&v=current,6aa1c6dd-a519-4fe6-950e-335b662e9dff
317cfc99-c02c-4e73-9729-79e1b435b190,text/html,https://www.gencourt.state.nh.us/bill_status/legacy/bs2016/billText.aspx?sy=2024&id=1269&txtFormat=html,6aa1c6dd-a519-4fe6-950e-335b662e9dff
c242a960-15fe-403d-98b3-5b7e27332a3a,application/pdf,https://www.gencourt.state.nh.us/bill_status/legacy/bs2016/billText.aspx?sy=2024&id=1722&txtFormat=pdf&v=current,5b8eeba5-fc37-4d8c-ba08-2d409a31856a
72d861d3-9bb8-4823-a42d-f3d7658b35a6,text/html,https://www.gencourt.state.nh.us/bill_status/legacy/bs2016/billText.aspx?sy=2024&id=1722&txtFormat=html,5b8eeba5-fc37-4d8c-ba08-2d409a31856a
06748c40-3ea1-4580-9830-3c6515f7d34c,application/pdf,https://www.gencourt.state.nh.us/bill_status/legacy/bs2016/billText.aspx?sy=2024&id=1846&txtFormat=pdf&v=current,a16a454f-0cf2-44a2-ad99-9cc877ff39e6
5f1e492b-03f0-496d-b043-3a9d9685438e,text/html,https://www.gencourt.state.nh.us/bill_status/legacy/bs2016/billText.aspx?sy=2024&id=1846&txtFormat=html,a16a454f-0cf2-44a2-ad99-9cc877ff39e6
5cc4a5f6-ebad-43df-ad75-4b57bb840ef2,application/pdf,https://www.gencourt.state.nh.us/bill_status/legacy/bs2016/billText.aspx?sy=2024&id=1749&txtFormat=pdf&v=current,cf3ae305-46e5-4470-8ae2-1b48dbfdaf29
99105393-46fc-48ef-8f15-f34f980e4b7f,text/html,https://www.gencourt.state.nh.us/bill_status/legacy/bs2016/billText.aspx?sy=2024&id=1749&txtFormat=html,cf3ae305-46e5-4470-8ae2-1b48dbfdaf29
63bf56c0-1536-4098-991b-1edde09a31e1,application/pdf,https://www.gencourt.state.nh.us/bill_status/legacy/bs2016/billText.aspx?sy=2024&id=1266&txtFormat=pdf&v=current,0e1ea5ab-827e-44f6-a8a9-e87cfd5ecba4
bbbe2620-31c4-4ad5-8e69-61a1cc4e85ba,text/html,https://www.gencourt.state.nh.us/bill_status/legacy/bs2016/billText.aspx?sy=2024&id=1266&txtFormat=html,0e1ea5ab-827e-44f6-a8a9-e87cfd5ecba4
078983e0-2976-4dc9-8e76-05a5ae9717cf,application/pdf,https://www.gencourt.state.nh.us/bill_status/legacy/bs2016/billText.aspx?sy=2024&id=2024-2341e&txtFormat=amend,5d7f8568-d428-4431-b01a-0b17cf5eef9a
3153233f-0907-49c9-be7a-33f578958a53,application/pdf,https://www.gencourt.state.nh.us/bill_status/legacy/bs2016/billText.aspx?sy=2024&id=2024-1780h&txtFormat=amend,78f7f8bb-3bea-41fe-8b0d-7488c61d6791
9921ddb0-b9b0-4828-a24c-22bbd32e651b,application/pdf,https://www.gencourt.state.nh.us/bill_status/legacy/bs2016/billText.aspx?sy=2024&id=2020&txtFormat=pdf&v=current,751e7866-60a2-4ad3-8f78-2f1e8565d0b7
69ab8d2e-12a5-45d5-bf13-0c5aff1c1760,text/html,https://www.gencourt.state.nh.us/bill_status/legacy/bs2016/billText.aspx?sy=2024&id=2020&txtFormat=html,751e7866-60a2-4ad3-8f78-2f1e8565d0b7
c32c8e02-157c-4249-99be-03670df52442,application/pdf,https://www.gencourt.state.nh.us/bill_status/legacy/bs2016/billText.aspx?sy=2024&id=1473&txtFormat=pdf&v=current,9b7235ef-c4fb-4462-8700-7522867a4180
c941c0fb-a238-4e0b-a2af-bb96efd6fe19,text/html,https://www.gencourt.state.nh.us/bill_status/legacy/bs2016/billText.aspx?sy=2024&id=1473&txtFormat=html,9b7235ef-c4fb-4462-8700-7522867a4180
0f4d0e20-a049-4d73-9a07-ddf15a4f5ada,application/pdf,https://www.gencourt.state.nh.us/bill_status/legacy/bs2016/billText.aspx?sy=2024&id=2024-0911h&txtFormat=amend,c9cd1a00-ba06-4739-849a-96d05a47c4c8
5a0134ca-2cdc-454c-83fd-633fdffaf3b4,application/pdf,https://www.gencourt.state.nh.us/bill_status/legacy/bs2016/billText.aspx?sy=2024&id=1537&txtFormat=pdf&v=current,c3077c64-a7a7-4234-9d42-79ab97826e48
7b57b59a-f95c-47b5-8c45-4e61fc2068ae,text/html,https://www.gencourt.state.nh.us/bill_status/legacy/bs2016/billText.aspx?sy=2024&id=1537&txtFormat=html,c3077c64-a7a7-4234-9d42-79ab97826e48
9bb78f1e-0287-45a6-b362-19a2881f8c21,application/pdf,https://www.gencourt.state.nh.us/bill_status/legacy/bs2016/billText.aspx?sy=2024&id=2024-1694s&txtFormat=amend,73b2bd8a-b13d-450a-a127-6360e5becf6e
bd2158cf-baff-4bab-98d7-49b6b87376ed,application/pdf,https://www.gencourt.state.nh.us/bill_status/legacy/bs2016/billText.aspx?sy=2024&id=1311&txtFormat=pdf&v=current,6e37a657-54ee-4690-806a-d635aa0b4e2b
161e4a11-dc21-4b8c-b414-e1e6b5d45555,application/pdf,https://www.gencourt.state.nh.us/bill_status/legacy/bs2016/billText.aspx?sy=2024&id=1223&txtFormat=pdf&v=current,769f9185-dde7-46be-a069-084b3acb6af0
3465f4d0-6f96-4cc9-b923-5d0ec9d4d7d9,text/html,https://www.gencourt.state.nh.us/bill_status/legacy/bs2016/billText.aspx?sy=2024&id=1223&txtFormat=html,769f9185-dde7-46be-a069-084b3acb6af0
8e618ed8-0be8-4d74-bcd3-e47964bdfec3,application/pdf,https://www.gencourt.state.nh.us/bill_status/legacy/bs2016/billText.aspx?sy=2024&id=2023-0801s&txtFormat=amend,aa3f4ee9-5a27-4aa3-8d60-fab93d9e536c
cea3161c-c230-4b69-906b-23269dff61d6,application/pdf,https://www.gencourt.state.nh.us/bill_status/legacy/bs2016/billText.aspx?sy=2024&id=2023-1186s&txtFormat=amend,e99c2b9a-af36-4ba4-ae01-c4d9ff08a670
47b16294-169a-4b0c-876f-0c9fd948ecea,text/html,https://www.gencourt.state.nh.us/bill_status/legacy/bs2016/billText.aspx?sy=2024&id=1311&txtFormat=html,6e37a657-54ee-4690-806a-d635aa0b4e2b
8f97a4e4-9c73-462c-887e-25b83e98439f,application/pdf,https://www.gencourt.state.nh.us/bill_status/legacy/bs2016/billText.aspx?sy=2024&id=2023-2321h&txtFormat=amend,e99f791f-2de1-445b-9700-925026cc71e1
87ee96c5-77b4-4a70-86e7-11ee258d9138,application/pdf,https://www.gencourt.state.nh.us/bill_status/legacy/bs2016/billText.aspx?sy=2024&id=2023-0268s&txtFormat=amend,93ea669e-6ddb-460f-b574-5520376844f2
76d1649a-4006-4ec7-a6fb-f22f017c8b14,application/pdf,https://www.gencourt.state.nh.us/bill_status/legacy/bs2016/billText.aspx?sy=2024&id=2024-1602h&txtFormat=amend,af1c8e70-3e74-4c21-bde9-29a50644998c
ff948209-f1ac-4981-8fe3-d64560e12666,application/pdf,https://www.gencourt.state.nh.us/bill_status/legacy/bs2016/billText.aspx?sy=2024&id=2023-2300h&txtFormat=amend,e8aae495-7bd1-402b-a70f-41b94c94fe0b
fd55205c-17c2-4c4a-b088-59a96724350f,application/pdf,https://www.gencourt.state.nh.us/bill_status/legacy/bs2016/billText.aspx?sy=2024&id=2023-2356h&txtFormat=amend,6c9dbe37-ebec-4bdc-bfcf-d2ce28ab77af
8f251b64-cc66-484c-b063-3aac0ce753d3,application/pdf,https://www.gencourt.state.nh.us/bill_status/legacy/bs2016/billText.aspx?sy=2024&id=2024-0068s&txtFormat=amend,ad82caa4-2eb0-41d7-b2dd-957706148717
96ba6dc6-6eed-46fe-a398-36ba212172f2,application/pdf,https://www.gencourt.state.nh.us/bill_status/legacy/bs2016/billText.aspx?sy=2024&id=2110&txtFormat=pdf&v=current,c31571cb-ce57-487d-8cae-f187e2201320
efde21c3-4c4b-4174-9b08-333bdc23feb2,text/html,https://www.gencourt.state.nh.us/bill_status/legacy/bs2016/billText.aspx?sy=2024&id=2110&txtFormat=html,c31571cb-ce57-487d-8cae-f187e2201320
6c9bcab4-4ff8-4935-888c-4a34c6344ef4,application/pdf,https://www.gencourt.state.nh.us/bill_status/legacy/bs2016/billText.aspx?sy=2024&id=2023-0160h&txtFormat=amend,fc2d0f1f-1884-435c-9e88-65184045ca8f
e2640303-32f9-4468-a43f-890742a2f557,application/pdf,https://www.gencourt.state.nh.us/bill_status/legacy/bs2016/billText.aspx?sy=2024&id=2023-2330h&txtFormat=amend,192357b6-4405-43f7-b03c-f5f3d15fb8e1
004a10cb-ee44-47e3-86b0-816b2409c705,application/pdf,https://www.gencourt.state.nh.us/bill_status/legacy/bs2016/billText.aspx?sy=2024&id=2023-0904h&txtFormat=amend,f1c0881b-f1a1-48f0-b383-193feb4b3768
a0989a61-e55e-40d7-b78e-ba6564ce2c9d,application/pdf,https://www.gencourt.state.nh.us/bill_status/legacy/bs2016/billText.aspx?sy=2024&id=2023-1138s&txtFormat=amend,8c861f5d-f898-4cc4-8368-0258d9247b51
3ff52bd2-def3-43bf-a886-ea98c346e37f,application/pdf,https://www.gencourt.state.nh.us/bill_status/legacy/bs2016/billText.aspx?sy=2024&id=2023-0636s&txtFormat=amend,b9ef80da-0642-4894-9b0a-5a5f628fdb19
e38165db-c8b0-459d-9cec-f0a3c34bbcab,application/pdf,https://www.gencourt.state.nh.us/bill_status/legacy/bs2016/billText.aspx?sy=2024&id=1666&txtFormat=pdf&v=current,2ca7f0cc-b0ff-47b1-88af-4339803b3d8a
6ff75719-e68e-46e5-851c-14ae583ccbeb,application/pdf,https://www.gencourt.state.nh.us/bill_status/legacy/bs2016/billText.aspx?sy=2024&id=1845&txtFormat=pdf&v=current,c7540680-2e80-44c4-ba95-e0373292a7f4
94b73beb-ab99-4d8b-a1cd-a4c08f322195,text/html,https://www.gencourt.state.nh.us/bill_status/legacy/bs2016/billText.aspx?sy=2024&id=1845&txtFormat=html,c7540680-2e80-44c4-ba95-e0373292a7f4
042feea7-6ea3-487c-802a-29a4a4aca844,application/pdf,https://www.gencourt.state.nh.us/bill_status/legacy/bs2016/billText.aspx?sy=2024&id=2024-0984s&txtFormat=amend,45b473aa-be67-4230-88e5-67bbb21fb665
91500be0-50c0-43af-91ba-be44004b60c1,application/pdf,https://www.gencourt.state.nh.us/bill_status/legacy/bs2016/billText.aspx?sy=2024&id=2207&txtFormat=pdf&v=current,6fb1b641-0717-42e5-892a-acbc8045d9fa
1f72d269-8bcd-4bb0-a365-67af61359e6d,text/html,https://www.gencourt.state.nh.us/bill_status/legacy/bs2016/billText.aspx?sy=2024&id=1666&txtFormat=html,2ca7f0cc-b0ff-47b1-88af-4339803b3d8a
bdfc5f20-1e86-4d13-ab0a-4d2e34e2ae85,application/pdf,https://www.gencourt.state.nh.us/bill_status/legacy/bs2016/billText.aspx?sy=2024&id=2076&txtFormat=pdf&v=current,8b31c6ba-1bb3-4856-bec5-8db0ab2477b5
927d85bb-9317-46f6-9263-7ea298681674,text/html,https://www.gencourt.state.nh.us/bill_status/legacy/bs2016/billText.aspx?sy=2024&id=2076&txtFormat=html,8b31c6ba-1bb3-4856-bec5-8db0ab2477b5
6331b489-2655-4ca4-8efd-6724db988872,application/pdf,https://www.gencourt.state.nh.us/bill_status/legacy/bs2016/billText.aspx?sy=2024&id=2024-2357e&txtFormat=amend,d1bfc9c5-cd2d-4807-81bd-e223ee8ba745
c4613e1d-f000-489a-98f7-6cbbf80006d4,text/html,https://www.gencourt.state.nh.us/bill_status/legacy/bs2016/billText.aspx?sy=2024&id=2207&txtFormat=html,6fb1b641-0717-42e5-892a-acbc8045d9fa
b3ec7c22-a0af-46c2-b9c4-4abd8c02551f,application/pdf,https://www.gencourt.state.nh.us/bill_status/legacy/bs2016/billText.aspx?sy=2024&id=2023-0169h&txtFormat=amend,7b8fd7f8-2024-4945-ae3a-22a544ddfbc7
032d3cf8-c680-43f4-b311-6aabcbdeb8ed,application/pdf,https://www.gencourt.state.nh.us/bill_status/legacy/bs2016/billText.aspx?sy=2024&id=2024-1729s&txtFormat=amend,a26cda42-4a9e-4515-a82c-adacc1196e3b
70b84971-157f-4bea-9c9a-5b2686fb623b,application/pdf,https://www.gencourt.state.nh.us/bill_status/legacy/bs2016/billText.aspx?sy=2024&id=1991&txtFormat=pdf&v=current,eaaa10a6-d86f-4df4-b996-7fd4457842b7
2afb9e2d-7895-41ad-8df6-41ee9010e61b,text/html,https://www.gencourt.state.nh.us/bill_status/legacy/bs2016/billText.aspx?sy=2024&id=1991&txtFormat=html,eaaa10a6-d86f-4df4-b996-7fd4457842b7
776eb829-811a-4c4a-8da6-cabfef6132c9,application/pdf,https://www.gencourt.state.nh.us/bill_status/legacy/bs2016/billText.aspx?sy=2024&id=2024-0029s&txtFormat=amend,fa0ebeea-5fae-451f-ae59-38e6f407cd8b
cd057e91-a08f-4fa4-abd8-a5a96fd41cc4,application/pdf,https://www.gencourt.state.nh.us/bill_status/legacy/bs2016/billText.aspx?sy=2024&id=2024-1427h&txtFormat=amend,d27a4ba0-5fa6-4e42-a83a-e68fff61ece1
3331d5f9-f0c1-4256-aa48-0b9ef84f0c90,application/pdf,https://www.gencourt.state.nh.us/bill_status/legacy/bs2016/billText.aspx?sy=2024&id=1911&txtFormat=pdf&v=current,fbc71278-0087-4755-a50c-393ac7461156
bb515847-0429-47dd-9713-549b047aaa53,text/html,https://www.gencourt.state.nh.us/bill_status/legacy/bs2016/billText.aspx?sy=2024&id=1911&txtFormat=html,fbc71278-0087-4755-a50c-393ac7461156
a21052cd-be3c-40ae-b927-54e933667275,application/pdf,https://www.gencourt.state.nh.us/bill_status/legacy/bs2016/billText.aspx?sy=2024&id=2259&txtFormat=pdf&v=current,72d9384f-6f01-4e99-97f0-3e0beebd5954
410b691d-1c0e-4bcd-8d0e-f1d9a68b1d63,text/html,https://www.gencourt.state.nh.us/bill_status/legacy/bs2016/billText.aspx?sy=2024&id=2259&txtFormat=html,72d9384f-6f01-4e99-97f0-3e0beebd5954
55fdeaca-39f7-4bd2-85e5-9dab96bb261b,application/pdf,https://www.gencourt.state.nh.us/bill_status/legacy/bs2016/billText.aspx?sy=2024&id=2174&txtFormat=pdf&v=current,37a0bb2e-5bf7-45bb-ae73-0a94222f7711
2fa85a04-47d7-4475-8bdf-0671f3bba8ce,text/html,https://www.gencourt.state.nh.us/bill_status/legacy/bs2016/billText.aspx?sy=2024&id=2174&txtFormat=html,37a0bb2e-5bf7-45bb-ae73-0a94222f7711
e5e2af28-b0dd-47a7-b4f4-c5d354a927ef,application/pdf,https://www.gencourt.state.nh.us/bill_status/legacy/bs2016/billText.aspx?sy=2024&id=2247&txtFormat=pdf&v=current,0891aac1-9890-4918-8882-d1844e687509
0697bb80-649e-4d2e-ad2c-aff1259f6f68,text/html,https://www.gencourt.state.nh.us/bill_status/legacy/bs2016/billText.aspx?sy=2024&id=2247&txtFormat=html,0891aac1-9890-4918-8882-d1844e687509
3762ddde-f72e-4a49-8b15-8302706fcd22,application/pdf,https://www.gencourt.state.nh.us/bill_status/legacy/bs2016/billText.aspx?sy=2024&id=2024-0966s&txtFormat=amend,8bbe00f6-856f-4812-b8f0-d5b79bd8b6c7
b00ec979-6cce-42af-ae22-a859890426fc,application/pdf,https://www.gencourt.state.nh.us/bill_status/legacy/bs2016/billText.aspx?sy=2024&id=1947&txtFormat=pdf&v=current,922e6e76-8508-466b-b1a2-cf9238f3be2f
bb986702-7841-4dab-92ae-fd1052d9141a,text/html,https://www.gencourt.state.nh.us/bill_status/legacy/bs2016/billText.aspx?sy=2024&id=1947&txtFormat=html,922e6e76-8508-466b-b1a2-cf9238f3be2f
6e3b50b0-cb35-4c19-a177-878fe8841b31,application/pdf,https://www.gencourt.state.nh.us/bill_status/legacy/bs2016/billText.aspx?sy=2024&id=2091&txtFormat=pdf&v=current,51f54d41-7f23-467e-857c-e2ba2d7ac250
5cae1ed4-285c-4d10-9843-6186feef7938,text/html,https://www.gencourt.state.nh.us/bill_status/legacy/bs2016/billText.aspx?sy=2024&id=2091&txtFormat=html,51f54d41-7f23-467e-857c-e2ba2d7ac250
15434e2e-d1f9-41ae-80d5-5d72c3f34429,application/pdf,https://www.gencourt.state.nh.us/bill_status/legacy/bs2016/billText.aspx?sy=2024&id=2024-0678s&txtFormat=amend,618ed2a9-4ce0-46b9-b220-306dcd12f2c5
62ea79e6-c99c-473d-b668-51a60c5c6222,application/pdf,https://www.gencourt.state.nh.us/bill_status/legacy/bs2016/billText.aspx?sy=2024&id=1994&txtFormat=pdf&v=current,122c7bd9-f0f0-4854-a5ee-f58d4598b134
414b609b-e808-4e82-ba8c-4e8f022d86dc,text/html,https://www.gencourt.state.nh.us/bill_status/legacy/bs2016/billText.aspx?sy=2024&id=1994&txtFormat=html,122c7bd9-f0f0-4854-a5ee-f58d4598b134
f54fbfed-d4f1-4b8e-9354-e10acb93198d,application/pdf,https://www.gencourt.state.nh.us/bill_status/legacy/bs2016/billText.aspx?sy=2024&id=2024-1815h&txtFormat=amend,711e107a-e913-4570-8bbe-b73bffef1b55
e1e9bad8-44f6-4446-830f-2e2a34cbb5ab,application/pdf,https://www.gencourt.state.nh.us/bill_status/legacy/bs2016/billText.aspx?sy=2024&id=2116&txtFormat=pdf&v=current,746daae2-edfc-402c-a7ae-b9d9d38b5db0
0f73a6d3-ff7c-4039-ae4d-93783b686a83,text/html,https://www.gencourt.state.nh.us/bill_status/legacy/bs2016/billText.aspx?sy=2024&id=2116&txtFormat=html,746daae2-edfc-402c-a7ae-b9d9d38b5db0
af941257-78d7-4c71-ba5e-2e3a22f29058,application/pdf,https://www.gencourt.state.nh.us/bill_status/legacy/bs2016/billText.aspx?sy=2024&id=2004&txtFormat=pdf&v=current,3d3d8de9-4daa-4ca6-9d5a-93b6f73727dc
bdc04e0d-95ff-4009-9b1a-99f26db73f19,text/html,https://www.gencourt.state.nh.us/bill_status/legacy/bs2016/billText.aspx?sy=2024&id=2004&txtFormat=html,3d3d8de9-4daa-4ca6-9d5a-93b6f73727dc
3780e504-24a8-49c4-a43f-e851c79ccc40,application/pdf,https://www.gencourt.state.nh.us/bill_status/legacy/bs2016/billText.aspx?sy=2024&id=2024-2358e&txtFormat=amend,61578ad4-879c-4b74-ab68-d6561b8829fb
f252f8ef-8c1e-4e63-a8e3-6f4c820bd8fe,application/pdf,https://www.gencourt.state.nh.us/bill_status/legacy/bs2016/billText.aspx?sy=2024&id=2065&txtFormat=pdf&v=current,1f431463-674a-4ab6-ac5b-f4288604c8e7
3646f4f5-503e-495d-a518-9a63a21d613a,text/html,https://www.gencourt.state.nh.us/bill_status/legacy/bs2016/billText.aspx?sy=2024&id=2065&txtFormat=html,1f431463-674a-4ab6-ac5b-f4288604c8e7
fe0b958f-820d-4a39-88e7-55e1ace7268c,application/pdf,https://www.gencourt.state.nh.us/bill_status/legacy/bs2016/billText.aspx?sy=2024&id=2024-2363e&txtFormat=amend,1c88d609-bfb9-4569-ac57-526c3a68fa6f
7da57049-a7c2-4571-a2e6-72f9a14c7abe,application/pdf,https://www.gencourt.state.nh.us/bill_status/legacy/bs2016/billText.aspx?sy=2024&id=2067&txtFormat=pdf&v=current,d274786a-a7f6-48b2-b2a6-d2743420a878
1de81f1f-51f4-4438-9b5f-44b2e9cffe1f,text/html,https://www.gencourt.state.nh.us/bill_status/legacy/bs2016/billText.aspx?sy=2024&id=2067&txtFormat=html,d274786a-a7f6-48b2-b2a6-d2743420a878
6d1937bb-fffd-44ef-ba05-1f3d9f694b0b,application/pdf,https://www.gencourt.state.nh.us/bill_status/legacy/bs2016/billText.aspx?sy=2024&id=1283&txtFormat=pdf&v=current,45b2ab0a-2a61-4586-b0a4-8da23c6cfde0
4610625d-4d14-4164-b7d5-5a1e999fdc81,text/html,https://www.gencourt.state.nh.us/bill_status/legacy/bs2016/billText.aspx?sy=2024&id=1283&txtFormat=html,45b2ab0a-2a61-4586-b0a4-8da23c6cfde0
d6a83f93-7a7d-48a9-a43a-4b4852d4e544,application/pdf,https://www.gencourt.state.nh.us/bill_status/legacy/bs2016/billText.aspx?sy=2024&id=1357&txtFormat=pdf&v=current,839cc595-67bd-4443-8207-b12cea4a1536
a080bd03-2728-471e-af74-6a9a84fa7688,text/html,https://www.gencourt.state.nh.us/bill_status/legacy/bs2016/billText.aspx?sy=2024&id=1357&txtFormat=html,839cc595-67bd-4443-8207-b12cea4a1536
bc99270a-cdee-47ba-a292-565204dce856,application/pdf,https://www.gencourt.state.nh.us/bill_status/legacy/bs2016/billText.aspx?sy=2024&id=2024-0767h&txtFormat=amend,21969886-db26-42d5-9283-f232a2bfed65
cceec294-0f5a-4cd2-991a-751252f8df54,application/pdf,https://www.gencourt.state.nh.us/bill_status/legacy/bs2016/billText.aspx?sy=2024&id=1620&txtFormat=pdf&v=current,26a41a73-8c9a-4b4b-a09c-2052efb1fb70
61cd0526-bfe7-453a-a1d8-b97a95b6f3d4,text/html,https://www.gencourt.state.nh.us/bill_status/legacy/bs2016/billText.aspx?sy=2024&id=1620&txtFormat=html,26a41a73-8c9a-4b4b-a09c-2052efb1fb70
5eba8454-f7fc-4083-8640-f814e20b49a3,application/pdf,https://www.gencourt.state.nh.us/bill_status/legacy/bs2016/billText.aspx?sy=2024&id=2023-2406h&txtFormat=amend,5fb6a645-af2d-4ed3-9eb0-0de8fa8e48e7
548dfe76-9cbb-4bdd-8350-c1d5c626aba3,application/pdf,https://www.gencourt.state.nh.us/bill_status/legacy/bs2016/billText.aspx?sy=2024&id=1719&txtFormat=pdf&v=current,81cf7dce-9e32-4280-b5cb-93614507d379
5327f764-6ce9-45fb-a50a-3298784adce3,text/html,https://www.gencourt.state.nh.us/bill_status/legacy/bs2016/billText.aspx?sy=2024&id=1719&txtFormat=html,81cf7dce-9e32-4280-b5cb-93614507d379
3fa4438e-5cef-46fd-bd92-97e3e46b7627,application/pdf,https://www.gencourt.state.nh.us/bill_status/legacy/bs2016/billText.aspx?sy=2024&id=2024-2327e&txtFormat=amend,86384f3c-245e-4160-9ba0-d845ce91dee1
33155e94-40f2-4c86-8ec3-ec8363024d98,application/pdf,https://www.gencourt.state.nh.us/bill_status/legacy/bs2016/billText.aspx?sy=2024&id=1093&txtFormat=pdf&v=current,6ffe98f6-e79d-4970-bfe1-fdb294854127
918f138d-ab1e-49b5-a174-2a92d114292f,text/html,https://www.gencourt.state.nh.us/bill_status/legacy/bs2016/billText.aspx?sy=2024&id=1093&txtFormat=html,6ffe98f6-e79d-4970-bfe1-fdb294854127
a8945353-de39-4bfa-9157-fe015d2e21fb,application/pdf,https://www.gencourt.state.nh.us/bill_status/legacy/bs2016/billText.aspx?sy=2024&id=1795&txtFormat=pdf&v=current,b197d263-2b1c-432a-bc67-caf3cfe4a442
55892329-8a14-4143-85b9-9ac3ee5720c6,text/html,https://www.gencourt.state.nh.us/bill_status/legacy/bs2016/billText.aspx?sy=2024&id=1795&txtFormat=html,b197d263-2b1c-432a-bc67-caf3cfe4a442
e3d78769-89b7-4b24-b408-117b0f3ca310,application/pdf,https://www.gencourt.state.nh.us/bill_status/legacy/bs2016/billText.aspx?sy=2024&id=2024-1048h&txtFormat=amend,bd357a36-cbc4-472a-8bf4-f6b5d421074a
399d6399-4923-4375-9039-0fcc9583365a,application/pdf,https://www.gencourt.state.nh.us/bill_status/legacy/bs2016/billText.aspx?sy=2024&id=1227&txtFormat=pdf&v=current,40ed90ae-da08-48b2-82ca-d191b75275f7
956c01b7-a719-49bd-af9a-e279d608e96e,text/html,https://www.gencourt.state.nh.us/bill_status/legacy/bs2016/billText.aspx?sy=2024&id=1227&txtFormat=html,40ed90ae-da08-48b2-82ca-d191b75275f7
3828e330-c391-4bf5-8235-50bf67ff0148,application/pdf,https://www.gencourt.state.nh.us/bill_status/legacy/bs2016/billText.aspx?sy=2024&id=2024-0573h&txtFormat=amend,8b33486b-469d-4c83-9e9a-4846c6733269
0e38e07e-b5a5-4b20-992c-ac739e9a14b2,application/pdf,https://www.gencourt.state.nh.us/bill_status/legacy/bs2016/billText.aspx?sy=2024&id=1200&txtFormat=pdf&v=current,f307fa81-27ca-4617-af12-40b55587c7b2
45f9254a-6ab9-4d70-b930-61304d8849a3,text/html,https://www.gencourt.state.nh.us/bill_status/legacy/bs2016/billText.aspx?sy=2024&id=1200&txtFormat=html,f307fa81-27ca-4617-af12-40b55587c7b2
3f77f848-af46-4d53-b6f0-39941f28bbca,application/pdf,https://www.gencourt.state.nh.us/bill_status/legacy/bs2016/billText.aspx?sy=2024&id=2024-1942s&txtFormat=amend,aa0eff48-d225-40f0-85b1-df98c77ea9e2
b7d60a12-10a9-4fb8-a0f5-ede8dafe641f,application/pdf,https://www.gencourt.state.nh.us/bill_status/legacy/bs2016/billText.aspx?sy=2024&id=1633&txtFormat=pdf&v=current,e73f6a73-2d2d-4fa1-9611-d2df5e2318ec
531191db-8755-4ca0-a3f7-2fe94e8295f9,application/pdf,https://www.gencourt.state.nh.us/bill_status/legacy/bs2016/billText.aspx?sy=2024&id=2218&txtFormat=pdf&v=current,c2b41687-d0c9-4e56-af32-e37035fd4667
c251be67-70d5-4045-98b5-b0e3bd6c2682,text/html,https://www.gencourt.state.nh.us/bill_status/legacy/bs2016/billText.aspx?sy=2024&id=2218&txtFormat=html,c2b41687-d0c9-4e56-af32-e37035fd4667
55fa2ea8-2985-4d6e-88e9-8e5528596edd,application/pdf,https://www.gencourt.state.nh.us/bill_status/legacy/bs2016/billText.aspx?sy=2024&id=2147&txtFormat=pdf&v=current,629a99b0-484d-427d-a5c0-c71274e3f895
6f870fec-5788-4c01-baff-40746120596b,text/html,https://www.gencourt.state.nh.us/bill_status/legacy/bs2016/billText.aspx?sy=2024&id=2147&txtFormat=html,629a99b0-484d-427d-a5c0-c71274e3f895
7cccef5f-019a-4adb-bc5e-1fbded7eeb8c,application/pdf,https://www.gencourt.state.nh.us/bill_status/legacy/bs2016/billText.aspx?sy=2024&id=2024-0972h&txtFormat=amend,d4896309-d9a3-4d2c-bcaf-638252264cc2
a96d5e64-d566-4c11-a8b9-841d0cd5d516,application/pdf,https://www.gencourt.state.nh.us/bill_status/legacy/bs2016/billText.aspx?sy=2024&id=1731&txtFormat=pdf&v=current,69fde35c-f56d-44c9-b0e6-6b4a8e6fcc4c
a8fbf87d-3a45-45a5-bf32-98805b9b0897,text/html,https://www.gencourt.state.nh.us/bill_status/legacy/bs2016/billText.aspx?sy=2024&id=1731&txtFormat=html,69fde35c-f56d-44c9-b0e6-6b4a8e6fcc4c
9a7eba13-55b9-4e30-be0b-d14341b22160,application/pdf,https://www.gencourt.state.nh.us/bill_status/legacy/bs2016/billText.aspx?sy=2024&id=2024-1474s&txtFormat=amend,a30d033f-de5a-401f-b37e-9b3ff1173e6e
53a1f708-5866-4b70-b1e1-2b39ce617abb,application/pdf,https://www.gencourt.state.nh.us/bill_status/legacy/bs2016/billText.aspx?sy=2024&id=1607&txtFormat=pdf&v=current,17516231-338b-4174-a7e1-425b00faeec4
879eda03-51d5-4bfe-aa26-3dd8d7cf1d8a,text/html,https://www.gencourt.state.nh.us/bill_status/legacy/bs2016/billText.aspx?sy=2024&id=1607&txtFormat=html,17516231-338b-4174-a7e1-425b00faeec4
990455df-eba5-4c38-a189-c3dbaf7836a0,application/pdf,https://www.gencourt.state.nh.us/bill_status/legacy/bs2016/billText.aspx?sy=2024&id=1433&txtFormat=pdf&v=current,5259be8e-db1e-4374-ab99-e6873ae2abcb
24e92201-50d7-4f41-8618-c1a8ddb8f99a,text/html,https://www.gencourt.state.nh.us/bill_status/legacy/bs2016/billText.aspx?sy=2024&id=1433&txtFormat=html,5259be8e-db1e-4374-ab99-e6873ae2abcb
51437081-38ca-45fd-92bc-29986c92d33f,application/pdf,https://www.gencourt.state.nh.us/bill_status/legacy/bs2016/billText.aspx?sy=2024&id=1224&txtFormat=pdf&v=current,0d0cf908-4151-40ea-bf1f-1235cb54e1e0
ebd1041b-ca61-4663-8161-0d0b3a77181b,text/html,https://www.gencourt.state.nh.us/bill_status/legacy/bs2016/billText.aspx?sy=2024&id=1224&txtFormat=html,0d0cf908-4151-40ea-bf1f-1235cb54e1e0
2b21b89a-8cc7-4de0-9356-1012c27bb9fd,application/pdf,https://www.gencourt.state.nh.us/bill_status/legacy/bs2016/billText.aspx?sy=2024&id=2023-2470h&txtFormat=amend,a0a4a9fe-4171-4d99-99e2-ac83dc45051c
24e11589-b06c-4b21-83cf-a30435277f94,application/pdf,https://www.gencourt.state.nh.us/bill_status/legacy/bs2016/billText.aspx?sy=2024&id=1332&txtFormat=pdf&v=current,570a6a75-7edd-44c5-a0c5-cab3b03ba31c
1b7c60ac-66c5-44af-b8dd-2c1ae807ee60,text/html,https://www.gencourt.state.nh.us/bill_status/legacy/bs2016/billText.aspx?sy=2024&id=1332&txtFormat=html,570a6a75-7edd-44c5-a0c5-cab3b03ba31c
98ee431a-9298-45fd-88df-379a2f2f8cd8,application/pdf,https://www.gencourt.state.nh.us/bill_status/legacy/bs2016/billText.aspx?sy=2024&id=2023-1264s&txtFormat=amend,20ca3232-df3a-4c29-aaf7-aea0dc3d26c0
92605bce-8d09-4ca0-bc41-3b1915cd7dcb,application/pdf,https://www.gencourt.state.nh.us/bill_status/legacy/bs2016/billText.aspx?sy=2024&id=1856&txtFormat=pdf&v=current,d1f6bc09-10c3-4f81-91d7-d73ca8285cbd
dcc6c1e6-1a0c-4dd1-aa3c-e79e4df979ff,text/html,https://www.gencourt.state.nh.us/bill_status/legacy/bs2016/billText.aspx?sy=2024&id=1856&txtFormat=html,d1f6bc09-10c3-4f81-91d7-d73ca8285cbd
2b2d0728-f118-44ff-9c21-7fdf95b4d897,application/pdf,https://www.gencourt.state.nh.us/bill_status/legacy/bs2016/billText.aspx?sy=2024&id=2024-1257h&txtFormat=amend,fa60615b-13cc-448c-b7f8-d0d79213f9c7
a2f3a268-1adf-4523-821f-3868ff21577a,application/pdf,https://www.gencourt.state.nh.us/bill_status/legacy/bs2016/billText.aspx?sy=2024&id=1268&txtFormat=pdf&v=current,cad4d4fd-69ab-431b-85a1-721ac8677666
14f0ed02-872b-4f10-9f9a-257655aa0754,text/html,https://www.gencourt.state.nh.us/bill_status/legacy/bs2016/billText.aspx?sy=2024&id=1268&txtFormat=html,cad4d4fd-69ab-431b-85a1-721ac8677666
d7ffca75-a932-4cf6-872c-496deae8110b,application/pdf,https://www.gencourt.state.nh.us/bill_status/legacy/bs2016/billText.aspx?sy=2024&id=2264&txtFormat=pdf&v=current,3a99cbda-8882-44ad-ad85-b4305dd9cae7
d94f2d70-dd45-4052-8b0b-c799032bd87b,text/html,https://www.gencourt.state.nh.us/bill_status/legacy/bs2016/billText.aspx?sy=2024&id=2264&txtFormat=html,3a99cbda-8882-44ad-ad85-b4305dd9cae7
b2422655-c3d3-4a6d-bbd2-440dbfe82096,application/pdf,https://www.gencourt.state.nh.us/bill_status/legacy/bs2016/billText.aspx?sy=2024&id=1921&txtFormat=pdf&v=current,0f745f96-6542-4f3e-8304-f27e0d8a27a0
f3bcddbc-5271-49ee-919a-85d9faaa15d0,text/html,https://www.gencourt.state.nh.us/bill_status/legacy/bs2016/billText.aspx?sy=2024&id=1921&txtFormat=html,0f745f96-6542-4f3e-8304-f27e0d8a27a0
ae7cd736-a00d-48ec-9d3c-b71301f5ae70,application/pdf,https://www.gencourt.state.nh.us/bill_status/legacy/bs2016/billText.aspx?sy=2024&id=2024-2321e&txtFormat=amend,8c3ea415-d7f4-4e55-947b-3c4d4c7eed46
4b0bbbfe-74c3-4fb4-a25c-5ab10d336861,application/pdf,https://www.gencourt.state.nh.us/bill_status/legacy/bs2016/billText.aspx?sy=2024&id=2203&txtFormat=pdf&v=current,d55928a5-238b-4c38-82c1-489f5c6ed8a0
c80b2b40-19e3-4b1b-9575-395736448453,text/html,https://www.gencourt.state.nh.us/bill_status/legacy/bs2016/billText.aspx?sy=2024&id=2203&txtFormat=html,d55928a5-238b-4c38-82c1-489f5c6ed8a0
9b5c3b6b-79a6-4596-b620-a3cd688542db,application/pdf,https://www.gencourt.state.nh.us/bill_status/legacy/bs2016/billText.aspx?sy=2024&id=2256&txtFormat=pdf&v=current,2dee719c-23e4-4b1e-b5de-07615d5bf2a8
79efd5ac-9059-4496-9bca-b3c37a7f45c5,text/html,https://www.gencourt.state.nh.us/bill_status/legacy/bs2016/billText.aspx?sy=2024&id=2256&txtFormat=html,2dee719c-23e4-4b1e-b5de-07615d5bf2a8
2332d1b8-294a-4668-a860-5cbb12a32012,application/pdf,https://www.gencourt.state.nh.us/bill_status/legacy/bs2016/billText.aspx?sy=2024&id=2024-0332h&txtFormat=amend,50a83175-0daa-45e3-95ce-a82bcea65fc1
ce1993ff-8592-41fb-b82d-4eff5a0cb62f,application/pdf,https://www.gencourt.state.nh.us/bill_status/legacy/bs2016/billText.aspx?sy=2024&id=1173&txtFormat=pdf&v=current,69117d73-7692-45a3-9893-628c77cd866e
c9412e9f-696b-41a2-9489-6289a451040c,text/html,https://www.gencourt.state.nh.us/bill_status/legacy/bs2016/billText.aspx?sy=2024&id=1173&txtFormat=html,69117d73-7692-45a3-9893-628c77cd866e
7fb5ca64-6954-4184-a72d-ad2be091288f,application/pdf,https://www.gencourt.state.nh.us/bill_status/legacy/bs2016/billText.aspx?sy=2024&id=1170&txtFormat=pdf&v=current,69f6cced-b8ee-43e3-a2ba-138e3a640b54
5ce632ff-815e-4d36-8f14-6f93bf015d6c,text/html,https://www.gencourt.state.nh.us/bill_status/legacy/bs2016/billText.aspx?sy=2024&id=1170&txtFormat=html,69f6cced-b8ee-43e3-a2ba-138e3a640b54
0a0e7c81-32a3-4306-81fa-413894243eea,application/pdf,https://www.gencourt.state.nh.us/bill_status/legacy/bs2016/billText.aspx?sy=2024&id=2077&txtFormat=pdf&v=current,bbe5817a-f5ff-4650-a23b-14fd8fa051c4
d917e97a-bde4-4a21-a647-d1c4609db1c4,text/html,https://www.gencourt.state.nh.us/bill_status/legacy/bs2016/billText.aspx?sy=2024&id=2077&txtFormat=html,bbe5817a-f5ff-4650-a23b-14fd8fa051c4
186f3bb2-8953-4f30-9f78-194fe4d53c1b,application/pdf,https://www.gencourt.state.nh.us/bill_status/legacy/bs2016/billText.aspx?sy=2024&id=2024-0424h&txtFormat=amend,33b9dfb8-4729-4b79-b7d4-40e2f7848183
91e33c93-90a3-41e2-8bc7-d4f493cab9f4,application/pdf,https://www.gencourt.state.nh.us/bill_status/legacy/bs2016/billText.aspx?sy=2024&id=1465&txtFormat=pdf&v=current,1bdb97b0-03d6-470c-bdaa-b61df4613c5f
572147e3-13b1-439f-88f8-5253010a87c8,text/html,https://www.gencourt.state.nh.us/bill_status/legacy/bs2016/billText.aspx?sy=2024&id=1465&txtFormat=html,1bdb97b0-03d6-470c-bdaa-b61df4613c5f
ed5e288e-5c3e-4a52-b644-d90ce39633f0,application/pdf,https://www.gencourt.state.nh.us/bill_status/legacy/bs2016/billText.aspx?sy=2024&id=1568&txtFormat=pdf&v=current,141b4606-a74d-4859-9914-990eb8422695
75abad30-4f40-404c-8433-ea67ffe842bd,text/html,https://www.gencourt.state.nh.us/bill_status/legacy/bs2016/billText.aspx?sy=2024&id=1568&txtFormat=html,141b4606-a74d-4859-9914-990eb8422695
036fd046-a15a-486c-8507-4d0a3374d9b4,application/pdf,https://www.gencourt.state.nh.us/bill_status/legacy/bs2016/billText.aspx?sy=2024&id=2024-0227h&txtFormat=amend,f625f682-8c41-4d52-9fd5-91e4e3aa9c62
1e583781-586b-4fb1-88d0-2069cf0434c7,application/pdf,https://www.gencourt.state.nh.us/bill_status/legacy/bs2016/billText.aspx?sy=2024&id=1380&txtFormat=pdf&v=current,e55ae318-85af-4f63-a398-07b5f9a8b9e3
cb9f1db9-38b7-4cc4-a915-6a6eb3f0a934,text/html,https://www.gencourt.state.nh.us/bill_status/legacy/bs2016/billText.aspx?sy=2024&id=1380&txtFormat=html,e55ae318-85af-4f63-a398-07b5f9a8b9e3
88a981c8-82dd-4254-b376-da83f9eaa366,application/pdf,https://www.gencourt.state.nh.us/bill_status/legacy/bs2016/billText.aspx?sy=2024&id=2024-1464s&txtFormat=amend,b0e3e355-1602-4e94-8322-f4604d59449f
fd589560-8e7b-408e-bdd9-922c97e947a6,application/pdf,https://www.gencourt.state.nh.us/bill_status/legacy/bs2016/billText.aspx?sy=2024&id=2139&txtFormat=pdf&v=current,618071fb-2f64-43cf-a45b-c18075b0411c
e1a4e5c0-ce09-4735-972b-1e6c721478fc,text/html,https://www.gencourt.state.nh.us/bill_status/legacy/bs2016/billText.aspx?sy=2024&id=2139&txtFormat=html,618071fb-2f64-43cf-a45b-c18075b0411c
78327c3a-37c7-46b9-af84-eed93d483aee,application/pdf,https://www.gencourt.state.nh.us/bill_status/legacy/bs2016/billText.aspx?sy=2024&id=1584&txtFormat=pdf&v=current,458df395-f7f5-4a69-8bf9-972dbc79fe9c
92d6c905-d7ba-4da6-b44a-bb496873f573,text/html,https://www.gencourt.state.nh.us/bill_status/legacy/bs2016/billText.aspx?sy=2024&id=1584&txtFormat=html,458df395-f7f5-4a69-8bf9-972dbc79fe9c
2f6b1d7d-bdbf-4bee-a1dd-3fcb38902e89,application/pdf,https://www.gencourt.state.nh.us/bill_status/legacy/bs2016/billText.aspx?sy=2024&id=2024-1903s&txtFormat=amend,89fe6491-12fd-4c65-b1c8-4b7d2c02438e
65519b6b-b3db-449c-9f00-20d43228fd89,application/pdf,https://www.gencourt.state.nh.us/bill_status/legacy/bs2016/billText.aspx?sy=2024&id=1534&txtFormat=pdf&v=current,02d8a927-a26e-4e7c-8d60-c3debd86f818
19a00da0-5838-4c7e-ad45-abe927b505b5,text/html,https://www.gencourt.state.nh.us/bill_status/legacy/bs2016/billText.aspx?sy=2024&id=1534&txtFormat=html,02d8a927-a26e-4e7c-8d60-c3debd86f818
21448869-75dd-4063-9346-308cd8c958c9,application/pdf,https://www.gencourt.state.nh.us/bill_status/legacy/bs2016/billText.aspx?sy=2024&id=1957&txtFormat=pdf&v=current,ed3e2318-94ce-4acf-b2c9-7992a916533e
83384f64-0f8b-4f5c-9bdf-e49b885d68fa,text/html,https://www.gencourt.state.nh.us/bill_status/legacy/bs2016/billText.aspx?sy=2024&id=1957&txtFormat=html,ed3e2318-94ce-4acf-b2c9-7992a916533e
35420aec-c936-44c1-b9c6-6c9ce0b414df,text/html,https://www.gencourt.state.nh.us/bill_status/legacy/bs2016/billText.aspx?sy=2024&id=1633&txtFormat=html,e73f6a73-2d2d-4fa1-9611-d2df5e2318ec
dd8021ce-70d9-446c-8286-812c1f71746c,application/pdf,https://www.gencourt.state.nh.us/bill_status/legacy/bs2016/billText.aspx?sy=2024&id=2161&txtFormat=pdf&v=current,0f6de1d0-7eec-446a-9a0f-df683fe7e164
e5eb4c3d-b7ea-4330-ae7a-f71de8e5f03f,text/html,https://www.gencourt.state.nh.us/bill_status/legacy/bs2016/billText.aspx?sy=2024&id=2161&txtFormat=html,0f6de1d0-7eec-446a-9a0f-df683fe7e164
fee28cc5-4fef-4eb7-9eb0-b73aa24e87c7,application/pdf,https://www.gencourt.state.nh.us/bill_status/legacy/bs2016/billText.aspx?sy=2024&id=2024-0518s&txtFormat=amend,3dfac602-d0dd-406a-83b2-2204a0bda42f
0431563e-2486-4ecc-9f2e-12d07e0f943c,application/pdf,https://www.gencourt.state.nh.us/bill_status/legacy/bs2016/billText.aspx?sy=2024&id=2206&txtFormat=pdf&v=current,f6446219-6201-49df-a4df-40a565d0e316
14a44aa7-3630-447e-b2fa-8af57ac6e310,text/html,https://www.gencourt.state.nh.us/bill_status/legacy/bs2016/billText.aspx?sy=2024&id=2206&txtFormat=html,f6446219-6201-49df-a4df-40a565d0e316
92542c33-dbb2-4249-a2cd-2b884e006955,application/pdf,https://www.gencourt.state.nh.us/bill_status/legacy/bs2016/billText.aspx?sy=2024&id=2024-0630h&txtFormat=amend,6516e207-f699-462c-8718-639850bc0eb9
0b362b78-c0d9-4ca0-aeed-c530a0b475a6,application/pdf,https://www.gencourt.state.nh.us/bill_status/legacy/bs2016/billText.aspx?sy=2024&id=1424&txtFormat=pdf&v=current,6f9a7102-f7c9-45aa-adc5-eb02fd3cf8f9
d9328849-c789-44d8-a862-1314bb75caa3,application/pdf,https://www.gencourt.state.nh.us/bill_status/legacy/bs2016/billText.aspx?sy=2024&id=2198&txtFormat=pdf&v=current,f697fc74-13a9-4eb9-b4b9-62928a2822d8
fc833a11-e17c-4f95-be52-a05256fd6095,text/html,https://www.gencourt.state.nh.us/bill_status/legacy/bs2016/billText.aspx?sy=2024&id=2198&txtFormat=html,f697fc74-13a9-4eb9-b4b9-62928a2822d8
9dce455a-de41-4245-b46e-bb4b930b7bee,text/html,https://www.gencourt.state.nh.us/bill_status/legacy/bs2016/billText.aspx?sy=2024&id=1424&txtFormat=html,6f9a7102-f7c9-45aa-adc5-eb02fd3cf8f9
60e92547-e8bf-45e0-ba18-54f58f73c7b4,application/pdf,https://www.gencourt.state.nh.us/bill_status/legacy/bs2016/billText.aspx?sy=2024&id=1789&txtFormat=pdf&v=current,e44a70db-92fc-4ea7-a946-71af73895a5a
8a592f93-6311-4fa2-8ea2-9c5c4cb53fc1,text/html,https://www.gencourt.state.nh.us/bill_status/legacy/bs2016/billText.aspx?sy=2024&id=1789&txtFormat=html,e44a70db-92fc-4ea7-a946-71af73895a5a
0d47dd5d-30c4-4f7f-a243-cde867d381ea,application/pdf,https://www.gencourt.state.nh.us/bill_status/legacy/bs2016/billText.aspx?sy=2024&id=1622&txtFormat=pdf&v=current,dbfa73bb-fb97-4abf-b961-b3d76840f993
ede32072-2f21-4d3f-9545-dffe7dd4de12,application/pdf,https://www.gencourt.state.nh.us/bill_status/legacy/bs2016/billText.aspx?sy=2024&id=2024-0585h&txtFormat=amend,431c9964-b553-4750-b7a7-316afdb2fe51
6e62cba5-56ec-456a-874e-65c6581efa55,text/html,https://www.gencourt.state.nh.us/bill_status/legacy/bs2016/billText.aspx?sy=2024&id=1622&txtFormat=html,dbfa73bb-fb97-4abf-b961-b3d76840f993
8ed226bd-ed2e-4d58-9b7e-806fdfc30269,application/pdf,https://www.gencourt.state.nh.us/bill_status/legacy/bs2016/billText.aspx?sy=2024&id=2024-0513h&txtFormat=amend,2bbb7c37-d26b-4886-8b84-847eceaadcc2
e76d839e-fccd-45b1-a5ab-0d5a8442515d,application/pdf,https://www.gencourt.state.nh.us/bill_status/legacy/bs2016/billText.aspx?sy=2024&id=1294&txtFormat=pdf&v=current,b128b3b2-2388-4b75-9b64-1a3d0eb476de
10f6fb85-aee1-44c7-a6f3-2d364c784f9a,text/html,https://www.gencourt.state.nh.us/bill_status/legacy/bs2016/billText.aspx?sy=2024&id=1294&txtFormat=html,b128b3b2-2388-4b75-9b64-1a3d0eb476de
1d9f0ba2-bd5c-4f04-8aac-f2a6ac0fb670,application/pdf,https://www.gencourt.state.nh.us/bill_status/legacy/bs2016/billText.aspx?sy=2024&id=1652&txtFormat=pdf&v=current,e13baef0-9611-4463-88c5-256f5b42f718
5125b305-85c4-440c-9353-1ddb4ad928e9,text/html,https://www.gencourt.state.nh.us/bill_status/legacy/bs2016/billText.aspx?sy=2024&id=1652&txtFormat=html,e13baef0-9611-4463-88c5-256f5b42f718
3f8d9e06-3894-4646-9869-f94ee14b1322,application/pdf,https://www.gencourt.state.nh.us/bill_status/legacy/bs2016/billText.aspx?sy=2024&id=1149&txtFormat=pdf&v=current,aee1c522-0915-4d7f-b9fc-ae2805ed237d
873c5412-f59e-442b-add1-2fb2d4884684,text/html,https://www.gencourt.state.nh.us/bill_status/legacy/bs2016/billText.aspx?sy=2024&id=1149&txtFormat=html,aee1c522-0915-4d7f-b9fc-ae2805ed237d
172a1e3f-8451-4f29-9bfc-37125a1afb45,application/pdf,https://www.gencourt.state.nh.us/bill_status/legacy/bs2016/billText.aspx?sy=2024&id=1882&txtFormat=pdf&v=current,a330b33e-e2dd-4905-a909-1fc7cb2c010a
1a0cf75d-5d99-4541-8676-fd29d9a9d3f2,text/html,https://www.gencourt.state.nh.us/bill_status/legacy/bs2016/billText.aspx?sy=2024&id=1882&txtFormat=html,a330b33e-e2dd-4905-a909-1fc7cb2c010a
2a2b5db5-af7b-4289-89c2-7f4669f49f3c,application/pdf,https://www.gencourt.state.nh.us/bill_status/legacy/bs2016/billText.aspx?sy=2024&id=1601&txtFormat=pdf&v=current,625d463f-413f-4282-a488-c4f1ea91acbe
46a450d5-b453-433b-a4ae-da03e3b5f232,text/html,https://www.gencourt.state.nh.us/bill_status/legacy/bs2016/billText.aspx?sy=2024&id=1601&txtFormat=html,625d463f-413f-4282-a488-c4f1ea91acbe
4a327ac8-453a-4b16-9a59-60130cb5c48f,application/pdf,https://www.gencourt.state.nh.us/bill_status/legacy/bs2016/billText.aspx?sy=2024&id=1867&txtFormat=pdf&v=current,41c4a929-b7f0-490d-a252-664f85b0e6f1
6884a4db-231a-4c7a-9e14-babf1e6fa77a,text/html,https://www.gencourt.state.nh.us/bill_status/legacy/bs2016/billText.aspx?sy=2024&id=1867&txtFormat=html,41c4a929-b7f0-490d-a252-664f85b0e6f1
f3f3d209-e13d-4623-8262-ab3b2390afe4,application/pdf,https://www.gencourt.state.nh.us/bill_status/legacy/bs2016/billText.aspx?sy=2024&id=2024-0759h&txtFormat=amend,3f0c4ea7-78e9-403b-a1b5-0b983ffbe7f9
74d37072-0ebb-4774-8dcf-4a6d223c3fd5,application/pdf,https://www.gencourt.state.nh.us/bill_status/legacy/bs2016/billText.aspx?sy=2024&id=1594&txtFormat=pdf&v=current,33c651e6-33f8-4776-af9e-fcb4bb405843
63806429-dd28-41c0-b880-28e8634def19,application/pdf,https://www.gencourt.state.nh.us/bill_status/legacy/bs2016/billText.aspx?sy=2024&id=1361&txtFormat=pdf&v=current,fd8e8738-ac66-43aa-944f-cb89bf5bffc0
e0647038-ca46-4fa5-a27c-5626548327aa,text/html,https://www.gencourt.state.nh.us/bill_status/legacy/bs2016/billText.aspx?sy=2024&id=1361&txtFormat=html,fd8e8738-ac66-43aa-944f-cb89bf5bffc0
076349df-751a-4977-b756-54c19e979ac8,application/pdf,https://www.gencourt.state.nh.us/bill_status/legacy/bs2016/billText.aspx?sy=2024&id=2024-0745h&txtFormat=amend,4729dd5f-f209-4be1-8c86-0fb3e3125110
d64386dc-93f4-4f70-98e6-7194bf2dbce3,application/pdf,https://www.gencourt.state.nh.us/bill_status/legacy/bs2016/billText.aspx?sy=2024&id=1588&txtFormat=pdf&v=current,d1f65e8e-64ec-46e3-b9b0-f0a4c7e22d56
abb4ec2c-e72c-466f-9964-7c89679cfad3,text/html,https://www.gencourt.state.nh.us/bill_status/legacy/bs2016/billText.aspx?sy=2024&id=1588&txtFormat=html,d1f65e8e-64ec-46e3-b9b0-f0a4c7e22d56
40de1f2a-2d31-4c5e-ab81-5eca21e6ed8d,text/html,https://www.gencourt.state.nh.us/bill_status/legacy/bs2016/billText.aspx?sy=2024&id=1594&txtFormat=html,33c651e6-33f8-4776-af9e-fcb4bb405843
15d2186e-27d5-4291-bd34-2b53a262fd40,application/pdf,https://www.gencourt.state.nh.us/bill_status/legacy/bs2016/billText.aspx?sy=2024&id=1649&txtFormat=pdf&v=current,44bd346e-3cd5-4c0c-9f33-7f1e9c0bb5d6
6e1c6295-6465-42a5-b5e8-ed8bac7369ef,text/html,https://www.gencourt.state.nh.us/bill_status/legacy/bs2016/billText.aspx?sy=2024&id=1649&txtFormat=html,44bd346e-3cd5-4c0c-9f33-7f1e9c0bb5d6
ea5b0f3a-8ace-49c7-b267-5f1235e69c36,application/pdf,https://www.gencourt.state.nh.us/bill_status/legacy/bs2016/billText.aspx?sy=2024&id=1370&txtFormat=pdf&v=current,e7da9437-0639-4bb8-96c9-39f5960248e1
bcfa52f6-5869-4bbf-b4cc-5cfe0bea5182,text/html,https://www.gencourt.state.nh.us/bill_status/legacy/bs2016/billText.aspx?sy=2024&id=1370&txtFormat=html,e7da9437-0639-4bb8-96c9-39f5960248e1
afae67f9-6113-463d-8d0e-06eb0ab846eb,application/pdf,https://www.gencourt.state.nh.us/bill_status/legacy/bs2016/billText.aspx?sy=2024&id=2024-1965s&txtFormat=amend,9ea0e57c-dabd-4ffd-b52c-96d75fb6c795
63270954-8acb-4837-8947-75ac02c42572,application/pdf,https://www.gencourt.state.nh.us/bill_status/legacy/bs2016/billText.aspx?sy=2024&id=1486&txtFormat=pdf&v=current,bf0c9894-f386-4aa4-a872-7c2029ccc245
306077ce-10f3-4bf9-b5bc-84191e06384a,text/html,https://www.gencourt.state.nh.us/bill_status/legacy/bs2016/billText.aspx?sy=2024&id=1486&txtFormat=html,bf0c9894-f386-4aa4-a872-7c2029ccc245
fade9324-016f-4bcd-a64c-5c5b3bb521d8,application/pdf,https://www.gencourt.state.nh.us/bill_status/legacy/bs2016/billText.aspx?sy=2024&id=1860&txtFormat=pdf&v=current,450cec29-46b8-44ef-9db4-24239e0446d7
9ec4b212-9f45-4f85-8158-1558f624dbd6,application/pdf,https://www.gencourt.state.nh.us/bill_status/legacy/bs2016/billText.aspx?sy=2024&id=1679&txtFormat=pdf&v=current,f5023ef4-3b2c-4a7a-9477-fb89193702da
7f25df5e-3fee-4475-8708-2b468d4e9c54,text/html,https://www.gencourt.state.nh.us/bill_status/legacy/bs2016/billText.aspx?sy=2024&id=1679&txtFormat=html,f5023ef4-3b2c-4a7a-9477-fb89193702da
a19f29ed-7da6-4e22-aafe-ab0cb4a2c444,application/pdf,https://www.gencourt.state.nh.us/bill_status/legacy/bs2016/billText.aspx?sy=2024&id=1697&txtFormat=pdf&v=current,0a8474ef-23b8-4e5a-b96d-138678a62d0f
e2bcf796-a8ee-4d86-bf8a-5519e6dcf47d,text/html,https://www.gencourt.state.nh.us/bill_status/legacy/bs2016/billText.aspx?sy=2024&id=1697&txtFormat=html,0a8474ef-23b8-4e5a-b96d-138678a62d0f
e5b71f5d-77b3-416e-96ec-d174f6d06015,application/pdf,https://www.gencourt.state.nh.us/bill_status/legacy/bs2016/billText.aspx?sy=2024&id=2024-0530h&txtFormat=amend,c868a127-3236-4f99-8389-f8a3c561ca0a
243495ee-3ced-4d7e-8d46-73fd90c98e03,application/pdf,https://www.gencourt.state.nh.us/bill_status/legacy/bs2016/billText.aspx?sy=2024&id=1881&txtFormat=pdf&v=current,eabf5bb4-9cee-4821-8431-f42d9c9181ce
a6d61d9d-5ea1-46d4-88e0-e1e80740dd1d,text/html,https://www.gencourt.state.nh.us/bill_status/legacy/bs2016/billText.aspx?sy=2024&id=1881&txtFormat=html,eabf5bb4-9cee-4821-8431-f42d9c9181ce
6095d4ed-1020-48f6-a079-c49aa85c555d,application/pdf,https://www.gencourt.state.nh.us/bill_status/legacy/bs2016/billText.aspx?sy=2024&id=1873&txtFormat=pdf&v=current,c95d1d6e-c2c9-46e2-93fa-a491f14454b2
272b3f9d-8183-4359-bb8c-5a4102ab89fa,text/html,https://www.gencourt.state.nh.us/bill_status/legacy/bs2016/billText.aspx?sy=2024&id=1873&txtFormat=html,c95d1d6e-c2c9-46e2-93fa-a491f14454b2
5c8a8dad-78c8-4741-b5e3-50a40d94a326,application/pdf,https://www.gencourt.state.nh.us/bill_status/legacy/bs2016/billText.aspx?sy=2024&id=1643&txtFormat=pdf&v=current,124dc46a-9c93-4eae-993a-0beb2723a6ff
7eca5404-5a0a-4f32-b6e6-e9780c53ee43,text/html,https://www.gencourt.state.nh.us/bill_status/legacy/bs2016/billText.aspx?sy=2024&id=1643&txtFormat=html,124dc46a-9c93-4eae-993a-0beb2723a6ff
4adaafd3-483f-4324-a2f8-feb3b3096ec7,text/html,https://www.gencourt.state.nh.us/bill_status/legacy/bs2016/billText.aspx?sy=2024&id=1860&txtFormat=html,450cec29-46b8-44ef-9db4-24239e0446d7
6939c6f4-0b45-453a-8e87-75c1ffa3499d,application/pdf,https://www.gencourt.state.nh.us/bill_status/legacy/bs2016/billText.aspx?sy=2024&id=1551&txtFormat=pdf&v=current,1623fbb8-0bcc-48c8-b34d-e8d4cf9486f4
c1fb1123-79c3-41df-bb77-eea6633fffda,text/html,https://www.gencourt.state.nh.us/bill_status/legacy/bs2016/billText.aspx?sy=2024&id=1551&txtFormat=html,1623fbb8-0bcc-48c8-b34d-e8d4cf9486f4
0b7a6e66-0198-4c2e-929d-261377bb1f66,application/pdf,https://www.gencourt.state.nh.us/bill_status/legacy/bs2016/billText.aspx?sy=2024&id=1689&txtFormat=pdf&v=current,aac8ea7f-2cdd-4413-97d9-528127e0bcbe
c61305eb-ab3c-43bf-afa5-912e58c39724,text/html,https://www.gencourt.state.nh.us/bill_status/legacy/bs2016/billText.aspx?sy=2024&id=1689&txtFormat=html,aac8ea7f-2cdd-4413-97d9-528127e0bcbe
424548f9-2fd2-4039-b690-9966d29ebefe,application/pdf,https://www.gencourt.state.nh.us/bill_status/legacy/bs2016/billText.aspx?sy=2024&id=1826&txtFormat=pdf&v=current,c406e291-b55d-4fa0-889b-eab4bb109a6f
eb5bf32e-a2f6-4b59-8938-e1ed87171973,text/html,https://www.gencourt.state.nh.us/bill_status/legacy/bs2016/billText.aspx?sy=2024&id=1826&txtFormat=html,c406e291-b55d-4fa0-889b-eab4bb109a6f
dfb7105a-ac5a-47b8-8edd-5e54511a2766,application/pdf,https://www.gencourt.state.nh.us/bill_status/legacy/bs2016/billText.aspx?sy=2024&id=1598&txtFormat=pdf&v=current,4e6af7db-4fa0-45a0-afb8-34a417c12a4e
38d6dead-e97d-4ae7-a183-8603ba3f63ff,text/html,https://www.gencourt.state.nh.us/bill_status/legacy/bs2016/billText.aspx?sy=2024&id=1598&txtFormat=html,4e6af7db-4fa0-45a0-afb8-34a417c12a4e
a7f18fa3-5fff-4708-aa7d-28d31af4ae3c,application/pdf,https://www.gencourt.state.nh.us/bill_status/legacy/bs2016/billText.aspx?sy=2024&id=2024-0373h&txtFormat=amend,010c76bd-3f20-403d-8aa7-2f2434142f92
1bad2966-4c09-40d4-bafe-b76a271b6997,application/pdf,https://www.gencourt.state.nh.us/bill_status/legacy/bs2016/billText.aspx?sy=2024&id=1762&txtFormat=pdf&v=current,19b9c4b5-3559-438f-9991-39a7214f3919
375d0263-b3a7-4508-9cee-8517c9582248,text/html,https://www.gencourt.state.nh.us/bill_status/legacy/bs2016/billText.aspx?sy=2024&id=1762&txtFormat=html,19b9c4b5-3559-438f-9991-39a7214f3919
c1e90ec2-ac6d-44fe-ad16-977fa29116a4,application/pdf,https://www.gencourt.state.nh.us/bill_status/legacy/bs2016/billText.aspx?sy=2024&id=1694&txtFormat=pdf&v=current,3310ae4b-c9fd-4a8e-84aa-be47b84307d8
ec116e5b-c2d6-497d-8e70-3fdcd5462c61,text/html,https://www.gencourt.state.nh.us/bill_status/legacy/bs2016/billText.aspx?sy=2024&id=1694&txtFormat=html,3310ae4b-c9fd-4a8e-84aa-be47b84307d8
e33d6dcf-dcbd-4827-8c94-b8a6b3a496a7,application/pdf,https://www.gencourt.state.nh.us/bill_status/legacy/bs2016/billText.aspx?sy=2024&id=2024-1708h&txtFormat=amend,69d21ea2-1c96-4e68-823b-571904bf538f
26059c2e-5d22-4e76-b0e6-92b4b0c23d83,application/pdf,https://www.gencourt.state.nh.us/bill_status/legacy/bs2016/billText.aspx?sy=2024&id=1920&txtFormat=pdf&v=current,f3b0fdd8-1aaf-474d-8b0b-e032bfdf5fab
5ebe3e86-ce2f-4a8f-b075-a89d9fab000c,text/html,https://www.gencourt.state.nh.us/bill_status/legacy/bs2016/billText.aspx?sy=2024&id=1920&txtFormat=html,f3b0fdd8-1aaf-474d-8b0b-e032bfdf5fab
16535991-9c9e-4db3-9bd5-c123bb69ce2d,application/pdf,https://www.gencourt.state.nh.us/bill_status/legacy/bs2016/billText.aspx?sy=2024&id=1883&txtFormat=pdf&v=current,3219190b-b873-484c-899d-83cdd4de1902
4cf9b87b-cfbc-46ad-b978-300ef8f2edef,text/html,https://www.gencourt.state.nh.us/bill_status/legacy/bs2016/billText.aspx?sy=2024&id=1883&txtFormat=html,3219190b-b873-484c-899d-83cdd4de1902
329b0ba4-e7cd-46ce-ab36-df8c38484395,application/pdf,https://www.gencourt.state.nh.us/bill_status/legacy/bs2016/billText.aspx?sy=2024&id=2024-0542s&txtFormat=amend,a094b1d6-948f-4ac1-8692-beec88af4be8
1ab881e5-d7cb-44fa-83b0-20c411202e41,application/pdf,https://www.gencourt.state.nh.us/bill_status/legacy/bs2016/billText.aspx?sy=2024&id=2024&txtFormat=pdf&v=current,2619f371-c561-4609-b8da-d86176601458
d466abfc-428c-4357-b991-d96fcae23e97,text/html,https://www.gencourt.state.nh.us/bill_status/legacy/bs2016/billText.aspx?sy=2024&id=2024&txtFormat=html,2619f371-c561-4609-b8da-d86176601458
92d12f93-fc63-4eeb-a457-4a27fad57272,application/pdf,https://www.gencourt.state.nh.us/bill_status/legacy/bs2016/billText.aspx?sy=2024&id=2024-1598h&txtFormat=amend,d7da763e-3a90-4bb8-9222-533544766d89
4c831c4f-3e78-4dd9-8e67-118297c22944,application/pdf,https://www.gencourt.state.nh.us/bill_status/legacy/bs2016/billText.aspx?sy=2024&id=2057&txtFormat=pdf&v=current,540deac3-9b8f-465b-a359-3b5785d4f00e
3f274368-4399-4d1b-8f3d-661a6cb4a5ea,text/html,https://www.gencourt.state.nh.us/bill_status/legacy/bs2016/billText.aspx?sy=2024&id=2057&txtFormat=html,540deac3-9b8f-465b-a359-3b5785d4f00e
e18abacc-f78d-4c39-9f31-40b9db14044a,application/pdf,https://www.gencourt.state.nh.us/bill_status/legacy/bs2016/billText.aspx?sy=2024&id=1962&txtFormat=pdf&v=current,f8a732e3-86ad-4ce9-8940-941b6e235916
1cdbaab0-d494-40f2-abd6-5adbf9e45c97,text/html,https://www.gencourt.state.nh.us/bill_status/legacy/bs2016/billText.aspx?sy=2024&id=1962&txtFormat=html,f8a732e3-86ad-4ce9-8940-941b6e235916
f2e8b3d4-c98b-48f3-a26d-fba0524c3a29,application/pdf,https://www.gencourt.state.nh.us/bill_status/legacy/bs2016/billText.aspx?sy=2024&id=2024-2364e&txtFormat=amend,ac384122-f7ca-468d-8a99-e95a128f8b75
9e15a693-864e-4a3d-831d-04f38b7184e9,application/pdf,https://www.gencourt.state.nh.us/bill_status/legacy/bs2016/billText.aspx?sy=2024&id=1759&txtFormat=pdf&v=current,6e82284a-834a-4447-a40d-95dac2efa520
77154912-b625-4ca2-9a43-24a3765a52d8,text/html,https://www.gencourt.state.nh.us/bill_status/legacy/bs2016/billText.aspx?sy=2024&id=1759&txtFormat=html,6e82284a-834a-4447-a40d-95dac2efa520
9d3baaaa-850b-490b-9486-2af689adc098,application/pdf,https://www.gencourt.state.nh.us/bill_status/legacy/bs2016/billText.aspx?sy=2024&id=2024-0576s&txtFormat=amend,eb3fb7b6-2618-42e3-b146-028872975059
aeb4e47e-61c3-41b2-af06-536bbc28c355,application/pdf,https://www.gencourt.state.nh.us/bill_status/legacy/bs2016/billText.aspx?sy=2024&id=1914&txtFormat=pdf&v=current,fa6dd201-b142-4dbd-a759-d5afb2e05726
21d35cee-d80a-48ea-a227-ba4307f107a3,text/html,https://www.gencourt.state.nh.us/bill_status/legacy/bs2016/billText.aspx?sy=2024&id=1914&txtFormat=html,fa6dd201-b142-4dbd-a759-d5afb2e05726
08a42298-4240-4bbe-ac9f-702dbf7c0bd6,application/pdf,https://www.gencourt.state.nh.us/bill_status/legacy/bs2016/billText.aspx?sy=2024&id=2024-0864s&txtFormat=amend,669e8d13-0e1c-448c-b64d-ffb0f583ec12
ac2ca470-b8d6-46ee-bd12-942cb1992cf6,application/pdf,https://www.gencourt.state.nh.us/bill_status/legacy/bs2016/billText.aspx?sy=2024&id=1995&txtFormat=pdf&v=current,51f2d603-cc53-4b87-851e-021678b0cb44
ef6c163c-5304-4069-8365-5204bfb6acec,text/html,https://www.gencourt.state.nh.us/bill_status/legacy/bs2016/billText.aspx?sy=2024&id=1995&txtFormat=html,51f2d603-cc53-4b87-851e-021678b0cb44
ee31f2b3-457d-4916-8a21-fda7cefb1b8d,application/pdf,https://www.gencourt.state.nh.us/bill_status/legacy/bs2016/billText.aspx?sy=2024&id=2024-1917h&txtFormat=amend,8481257d-1f0d-4114-979d-06236ca2d04c
301d536c-cb22-4dd2-b0f2-b6a5efa679ae,application/pdf,https://www.gencourt.state.nh.us/bill_status/legacy/bs2016/billText.aspx?sy=2024&id=1998&txtFormat=pdf&v=current,24a73ed1-ee2e-4a8c-b2bd-86b2c2e4f078
43f0507f-f577-4727-8676-dbae4ffb7766,text/html,https://www.gencourt.state.nh.us/bill_status/legacy/bs2016/billText.aspx?sy=2024&id=1998&txtFormat=html,24a73ed1-ee2e-4a8c-b2bd-86b2c2e4f078
6ed12f18-48dc-42fe-a60e-1b087717eeb2,application/pdf,https://www.gencourt.state.nh.us/bill_status/legacy/bs2016/billText.aspx?sy=2024&id=2214&txtFormat=pdf&v=current,1dee0e0b-159c-4a51-9afb-61859ffdd2a2
61be882a-945c-4d37-a0b7-52ebe7377da2,application/pdf,https://www.gencourt.state.nh.us/bill_status/legacy/bs2016/billText.aspx?sy=2024&id=2024-1731s&txtFormat=amend,d7c9627a-55b4-480d-a109-cdd12bbdb47c
f12a6454-ae0d-4877-81e2-20fbc17a3647,application/pdf,https://www.gencourt.state.nh.us/bill_status/legacy/bs2016/billText.aspx?sy=2024&id=1637&txtFormat=pdf&v=current,4cf159e4-d021-4575-ba47-299152f3e5be
888a0ba9-5bef-4594-ae1a-c3db9fc3ee7f,text/html,https://www.gencourt.state.nh.us/bill_status/legacy/bs2016/billText.aspx?sy=2024&id=1637&txtFormat=html,4cf159e4-d021-4575-ba47-299152f3e5be
53104eac-6f47-425a-9996-dc155799906c,application/pdf,https://www.gencourt.state.nh.us/bill_status/legacy/bs2016/billText.aspx?sy=2024&id=2024-1442h&txtFormat=amend,b7d5d7d0-8974-4977-9d1d-be65ab9524e4
04d9d351-99b0-45dd-8c97-c90166bb48bb,application/pdf,https://www.gencourt.state.nh.us/bill_status/legacy/bs2016/billText.aspx?sy=2024&id=1944&txtFormat=pdf&v=current,34b48a84-3665-4b80-898e-43f5ab5ef038
1ca0fb88-c114-41e7-8507-b5a09684a473,text/html,https://www.gencourt.state.nh.us/bill_status/legacy/bs2016/billText.aspx?sy=2024&id=1944&txtFormat=html,34b48a84-3665-4b80-898e-43f5ab5ef038
43cb0e9c-d026-44ac-ada8-cf3b97adb2a3,application/pdf,https://www.gencourt.state.nh.us/bill_status/legacy/bs2016/billText.aspx?sy=2024&id=2024-1782h&txtFormat=amend,b446951a-66b2-41b3-9165-5f1e77109779
6a3845ee-2255-40bd-8d78-81cd57e6643d,application/pdf,https://www.gencourt.state.nh.us/bill_status/legacy/bs2016/billText.aspx?sy=2024&id=1955&txtFormat=pdf&v=current,d43b6b03-8c27-48e7-88b3-48d3a15b28ee
39246f20-4adc-42cb-aad6-27c5d5bf3bcc,text/html,https://www.gencourt.state.nh.us/bill_status/legacy/bs2016/billText.aspx?sy=2024&id=1955&txtFormat=html,d43b6b03-8c27-48e7-88b3-48d3a15b28ee
fdcbaba3-cffc-485f-95c7-a2b325c7cf7f,text/html,https://www.gencourt.state.nh.us/bill_status/legacy/bs2016/billText.aspx?sy=2024&id=2214&txtFormat=html,1dee0e0b-159c-4a51-9afb-61859ffdd2a2
b4b831f0-b6f1-48dc-b558-4300c9c1ee7d,application/pdf,https://www.gencourt.state.nh.us/bill_status/legacy/bs2016/billText.aspx?sy=2024&id=2177&txtFormat=pdf&v=current,8aa38730-6f5e-47f8-ac03-25761ab8055a
6149da95-14e1-4753-ac61-10b5711e6686,text/html,https://www.gencourt.state.nh.us/bill_status/legacy/bs2016/billText.aspx?sy=2024&id=2177&txtFormat=html,8aa38730-6f5e-47f8-ac03-25761ab8055a
3928cce0-a52e-4d7b-b0bc-e7f863c72df9,application/pdf,https://www.gencourt.state.nh.us/bill_status/legacy/bs2016/billText.aspx?sy=2024&id=1593&txtFormat=pdf&v=current,6d1404c6-25aa-4584-92c0-7a6825197c56
be5cf48e-96c5-447c-8bb6-7b4010f09958,text/html,https://www.gencourt.state.nh.us/bill_status/legacy/bs2016/billText.aspx?sy=2024&id=1593&txtFormat=html,6d1404c6-25aa-4584-92c0-7a6825197c56
0a276787-cd87-4108-9487-e9d1849f8dda,application/pdf,https://www.gencourt.state.nh.us/bill_status/legacy/bs2016/billText.aspx?sy=2024&id=2024-1133h&txtFormat=amend,459bc442-9ed8-4044-a038-ef94496b16e8
fa77650a-34e7-4578-a073-1a756143fb28,application/pdf,https://www.gencourt.state.nh.us/bill_status/legacy/bs2016/billText.aspx?sy=2024&id=1274&txtFormat=pdf&v=current,a644fba9-bc4a-48bf-92de-7f9405a9a051
faf91b85-deb3-482d-9fd7-d43a096d91eb,text/html,https://www.gencourt.state.nh.us/bill_status/legacy/bs2016/billText.aspx?sy=2024&id=1274&txtFormat=html,a644fba9-bc4a-48bf-92de-7f9405a9a051
5778d1da-6ba4-44dc-bfce-ff880b331687,application/pdf,https://www.gencourt.state.nh.us/bill_status/legacy/bs2016/billText.aspx?sy=2024&id=1519&txtFormat=pdf&v=current,d37986c4-921c-404d-8cd7-1dba5bb97ac4
790830fc-3fda-414c-8343-47f1b3b90935,text/html,https://www.gencourt.state.nh.us/bill_status/legacy/bs2016/billText.aspx?sy=2024&id=1519&txtFormat=html,d37986c4-921c-404d-8cd7-1dba5bb97ac4
b2707173-b376-414c-8b8b-9c5ac67d9333,application/pdf,https://www.gencourt.state.nh.us/bill_status/legacy/bs2016/billText.aspx?sy=2024&id=2101&txtFormat=pdf&v=current,e408df7d-7939-4102-9a0a-43f04f22d574
8c57abf7-8603-4467-aa5c-21cf37572a22,application/pdf,https://www.gencourt.state.nh.us/bill_status/legacy/bs2016/billText.aspx?sy=2024&id=2024-0686h&txtFormat=amend,6d59437c-6d95-4d2d-93c3-35f978b069ac
fbb1ba44-86a7-4f68-9780-fd0d97a6d3b2,text/html,https://www.gencourt.state.nh.us/bill_status/legacy/bs2016/billText.aspx?sy=2024&id=2101&txtFormat=html,e408df7d-7939-4102-9a0a-43f04f22d574
40566361-fb86-42cb-a048-7f7f3bf6d7ad,application/pdf,https://www.gencourt.state.nh.us/bill_status/legacy/bs2016/billText.aspx?sy=2024&id=2023-2355h&txtFormat=amend,659da648-4ba2-4fa9-8cc2-dbdeca54ae39
44991abc-0573-467a-9311-85ccd550dd0c,application/pdf,https://www.gencourt.state.nh.us/bill_status/legacy/bs2016/billText.aspx?sy=2024&id=1700&txtFormat=pdf&v=current,2882cb18-809d-4b00-bcd3-6d375845cb63
57fb1e2b-3d52-4b6e-8c90-f897d6eab9a0,text/html,https://www.gencourt.state.nh.us/bill_status/legacy/bs2016/billText.aspx?sy=2024&id=1700&txtFormat=html,2882cb18-809d-4b00-bcd3-6d375845cb63
24f83864-f67b-415f-a3da-05ffe68bce32,application/pdf,https://www.gencourt.state.nh.us/bill_status/legacy/bs2016/billText.aspx?sy=2024&id=2021&txtFormat=pdf&v=current,f78046f8-cc0a-4690-b5ae-e1d099122427
c2d2ebdf-e5f8-4d5f-82b0-91be5af73bcd,application/pdf,https://www.gencourt.state.nh.us/bill_status/legacy/bs2016/billText.aspx?sy=2024&id=2024-0554s&txtFormat=amend,aa11c715-e048-4ab6-892d-6e75d773e949
914b3c21-9197-4df4-abcc-d349ab1a574f,text/html,https://www.gencourt.state.nh.us/bill_status/legacy/bs2016/billText.aspx?sy=2024&id=2021&txtFormat=html,f78046f8-cc0a-4690-b5ae-e1d099122427
4dad98f7-f5f4-4d00-8d31-f592b4c2dfe7,application/pdf,https://www.gencourt.state.nh.us/bill_status/legacy/bs2016/billText.aspx?sy=2024&id=2024-0993s&txtFormat=amend,2f9ffb7e-7432-44be-a792-b6a7f54e3e93
6c2ca8eb-56e2-4d92-b2ce-a5be57c6f2e6,application/pdf,https://www.gencourt.state.nh.us/bill_status/legacy/bs2016/billText.aspx?sy=2024&id=1976&txtFormat=pdf&v=current,9d69f655-c0e1-4637-b3ca-d1db711d0886
086b27e6-da27-48fe-b940-f91feb0fc9ee,application/pdf,https://www.gencourt.state.nh.us/bill_status/legacy/bs2016/billText.aspx?sy=2024&id=1952&txtFormat=pdf&v=current,dd05f3cc-9281-40ad-a85e-4b8b62a7090b
949c6248-77ca-46c2-af0b-42644570ff69,text/html,https://www.gencourt.state.nh.us/bill_status/legacy/bs2016/billText.aspx?sy=2024&id=1952&txtFormat=html,dd05f3cc-9281-40ad-a85e-4b8b62a7090b
aad1d78b-9915-433c-9366-a49dbbfe5904,application/pdf,https://www.gencourt.state.nh.us/bill_status/legacy/bs2016/billText.aspx?sy=2024&id=2024-2329e&txtFormat=amend,8abaace1-c707-4fb6-b68e-078cf05a9a5f
fab2864c-2c70-49a3-8c79-c2785b154fc0,text/html,https://www.gencourt.state.nh.us/bill_status/legacy/bs2016/billText.aspx?sy=2024&id=1976&txtFormat=html,9d69f655-c0e1-4637-b3ca-d1db711d0886
646a8470-9be0-4cad-80b4-a3e138c8dd8b,application/pdf,https://www.gencourt.state.nh.us/bill_status/legacy/bs2016/billText.aspx?sy=2024&id=2192&txtFormat=pdf&v=current,fa6dfc43-c4df-4267-ab67-484d0da450d4
b0c844fa-bca9-4922-89f1-964c3519e158,text/html,https://www.gencourt.state.nh.us/bill_status/legacy/bs2016/billText.aspx?sy=2024&id=2192&txtFormat=html,fa6dfc43-c4df-4267-ab67-484d0da450d4
c0212866-1274-4cbc-9a82-5a65b0574b33,application/pdf,https://www.gencourt.state.nh.us/bill_status/legacy/bs2016/billText.aspx?sy=2024&id=1307&txtFormat=pdf&v=current,92dbaa71-c30d-4893-ad7a-13a33b008afd
5f326ac4-7c60-4569-a30d-6e03634a63cd,text/html,https://www.gencourt.state.nh.us/bill_status/legacy/bs2016/billText.aspx?sy=2024&id=1307&txtFormat=html,92dbaa71-c30d-4893-ad7a-13a33b008afd
900b5d98-ca1f-4cdf-be7d-62a7d4e55a88,application/pdf,https://www.gencourt.state.nh.us/bill_status/legacy/bs2016/billText.aspx?sy=2024&id=2024-1533h&txtFormat=amend,d07e4be8-b1f8-441f-8c97-203ab2fd3b91
3d34de3e-9d15-481f-ac95-a4e2e86774e0,application/pdf,https://www.gencourt.state.nh.us/bill_status/legacy/bs2016/billText.aspx?sy=2024&id=2054&txtFormat=pdf&v=current,bd494492-91fe-4e7f-a2be-9b247db6f839
30cd4828-91a6-4a9d-82a0-d35c703c77ac,text/html,https://www.gencourt.state.nh.us/bill_status/legacy/bs2016/billText.aspx?sy=2024&id=2054&txtFormat=html,bd494492-91fe-4e7f-a2be-9b247db6f839
40b3ab82-db61-428d-ba23-169b8b5ab4ff,application/pdf,https://www.gencourt.state.nh.us/bill_status/legacy/bs2016/billText.aspx?sy=2024&id=2023-2442h&txtFormat=amend,84992604-1993-468a-9117-f362bceaccde
85cfc5c6-1117-412e-bb42-c66f05acf111,application/pdf,https://www.gencourt.state.nh.us/bill_status/legacy/bs2016/billText.aspx?sy=2024&id=1723&txtFormat=pdf&v=current,bf5cabcb-4312-4eea-95ab-33d569ca8c51
d14c913b-1549-4a33-a6ed-14808d77a3c3,text/html,https://www.gencourt.state.nh.us/bill_status/legacy/bs2016/billText.aspx?sy=2024&id=1723&txtFormat=html,bf5cabcb-4312-4eea-95ab-33d569ca8c51
5e8f112b-c79d-4eb8-8ada-f64a70cd846c,application/pdf,https://www.gencourt.state.nh.us/bill_status/legacy/bs2016/billText.aspx?sy=2024&id=1827&txtFormat=pdf&v=current,998c8ab5-5bd7-4b27-acb7-7975bfbca232
f4cb454d-334d-45e9-a2de-208b43f042bc,text/html,https://www.gencourt.state.nh.us/bill_status/legacy/bs2016/billText.aspx?sy=2024&id=1827&txtFormat=html,998c8ab5-5bd7-4b27-acb7-7975bfbca232
59a587a5-467e-4547-aa26-6e65264c9eb4,application/pdf,https://www.gencourt.state.nh.us/bill_status/legacy/bs2016/billText.aspx?sy=2024&id=2024-1831h&txtFormat=amend,8567539f-5cc3-4424-9117-7d49a60ad837
a02f8e56-cc0b-484a-ba56-fbe90d1ea36d,application/pdf,https://www.gencourt.state.nh.us/bill_status/legacy/bs2016/billText.aspx?sy=2024&id=2204&txtFormat=pdf&v=current,23828b03-4056-4d6b-91d7-43c7a2a5149c
d7679ae5-8708-4062-8297-029d9f59df28,text/html,https://www.gencourt.state.nh.us/bill_status/legacy/bs2016/billText.aspx?sy=2024&id=2204&txtFormat=html,23828b03-4056-4d6b-91d7-43c7a2a5149c
f6adfe41-24d2-4793-addd-ab02e8cdc270,application/pdf,https://www.gencourt.state.nh.us/bill_status/legacy/bs2016/billText.aspx?sy=2024&id=2024-0601e&txtFormat=amend,61527f91-2cc0-4917-90d3-5abf5d8173e7
53069c17-0751-4a91-9347-3a9f0d336e1b,application/pdf,https://www.gencourt.state.nh.us/bill_status/legacy/bs2016/billText.aspx?sy=2024&id=2200&txtFormat=pdf&v=current,3c8b1c8a-41c0-41db-9356-04fe300d8ddd
d35801c6-910e-4647-8aa5-c372afb318f0,text/html,https://www.gencourt.state.nh.us/bill_status/legacy/bs2016/billText.aspx?sy=2024&id=2200&txtFormat=html,3c8b1c8a-41c0-41db-9356-04fe300d8ddd
5010c903-430a-44df-92a0-4abff6823f24,application/pdf,https://www.gencourt.state.nh.us/bill_status/legacy/bs2016/billText.aspx?sy=2024&id=2023-2450h&txtFormat=amend,0c7a635d-14db-435d-9370-f19d3dc5977d
d1f92203-156b-4515-8f6e-56bd53975f51,application/pdf,https://www.gencourt.state.nh.us/bill_status/legacy/bs2016/billText.aspx?sy=2024&id=1464&txtFormat=pdf&v=current,f7793302-8f8a-4168-940a-8a5450388b01
bcc5f972-aba0-4550-8f9a-57c20b9d1e18,text/html,https://www.gencourt.state.nh.us/bill_status/legacy/bs2016/billText.aspx?sy=2024&id=1464&txtFormat=html,f7793302-8f8a-4168-940a-8a5450388b01
ad70fbfc-6d93-4bd4-a74c-64fec127cc9d,application/pdf,https://www.gencourt.state.nh.us/bill_status/legacy/bs2016/billText.aspx?sy=2024&id=1861&txtFormat=pdf&v=current,a46df4ed-4928-41ed-87e6-f7a27607d80f
1c0470bb-8d4d-47ed-8bcc-e8ce917f4b48,text/html,https://www.gencourt.state.nh.us/bill_status/legacy/bs2016/billText.aspx?sy=2024&id=1861&txtFormat=html,a46df4ed-4928-41ed-87e6-f7a27607d80f
05bc6acb-b7c8-44e6-838c-df7cde79d04e,application/pdf,https://www.gencourt.state.nh.us/bill_status/legacy/bs2016/billText.aspx?sy=2024&id=2157&txtFormat=pdf&v=current,665d7dfe-4c31-412f-8a08-1c7d55f604cd
f5802833-e404-404f-84f8-9aeaf174a13b,text/html,https://www.gencourt.state.nh.us/bill_status/legacy/bs2016/billText.aspx?sy=2024&id=2157&txtFormat=html,665d7dfe-4c31-412f-8a08-1c7d55f604cd
64de4c15-f490-4963-93f4-61bdffe8d94f,application/pdf,https://www.gencourt.state.nh.us/bill_status/legacy/bs2016/billText.aspx?sy=2024&id=2023-2404h&txtFormat=amend,95780dab-7cc5-4fad-bcf7-5cfefcbc7cf2
cba5bff7-5af6-472a-b43a-6bf09559a948,application/pdf,https://www.gencourt.state.nh.us/bill_status/legacy/bs2016/billText.aspx?sy=2024&id=1672&txtFormat=pdf&v=current,73dd0ef5-9484-4ca6-9652-c540984350ed
72014659-44e1-4b9c-ba6c-d53476f66af1,text/html,https://www.gencourt.state.nh.us/bill_status/legacy/bs2016/billText.aspx?sy=2024&id=1672&txtFormat=html,73dd0ef5-9484-4ca6-9652-c540984350ed
cf3191b2-0c22-4a21-801d-a5055ec24516,application/pdf,https://www.gencourt.state.nh.us/bill_status/legacy/bs2016/billText.aspx?sy=2024&id=1713&txtFormat=pdf&v=current,97ea6b53-53bc-47b6-9a58-3be06dcfcf34
5365ce64-ff49-4394-88cd-afcecd009bcc,application/pdf,https://www.gencourt.state.nh.us/bill_status/legacy/bs2016/billText.aspx?sy=2024&id=1461&txtFormat=pdf&v=current,2d46fca6-f750-4769-b556-f88dd578537b
410f59d4-690c-4b08-b81e-bb2f4db7cd80,text/html,https://www.gencourt.state.nh.us/bill_status/legacy/bs2016/billText.aspx?sy=2024&id=1461&txtFormat=html,2d46fca6-f750-4769-b556-f88dd578537b
834a206f-e304-487c-a641-405d5234b4db,text/html,https://www.gencourt.state.nh.us/bill_status/legacy/bs2016/billText.aspx?sy=2024&id=1713&txtFormat=html,97ea6b53-53bc-47b6-9a58-3be06dcfcf34
d99ec47b-c72b-4644-a19b-36d339c0a59b,application/pdf,https://www.gencourt.state.nh.us/bill_status/legacy/bs2016/billText.aspx?sy=2024&id=1282&txtFormat=pdf&v=current,bae247df-b7f2-4936-b23e-e1c3c0c04add
d123e662-a404-4663-a1ee-373b35cee249,text/html,https://www.gencourt.state.nh.us/bill_status/legacy/bs2016/billText.aspx?sy=2024&id=1282&txtFormat=html,bae247df-b7f2-4936-b23e-e1c3c0c04add
8bb11a4f-1b1c-4052-adcd-3b7815f7cb0d,application/pdf,https://www.gencourt.state.nh.us/bill_status/legacy/bs2016/billText.aspx?sy=2024&id=2024-2342e&txtFormat=amend,71f2a4a4-e110-4cec-8c05-140bd31a31ad
46694b87-d178-4330-8001-f319f147a050,application/pdf,https://www.gencourt.state.nh.us/bill_status/legacy/bs2016/billText.aspx?sy=2024&id=2263&txtFormat=pdf&v=current,9ca622d8-1df4-4263-9d1d-db977fea57e0
e15ea5c2-e654-4c84-bcb7-1d2e1012a709,text/html,https://www.gencourt.state.nh.us/bill_status/legacy/bs2016/billText.aspx?sy=2024&id=2263&txtFormat=html,9ca622d8-1df4-4263-9d1d-db977fea57e0
4f3501de-b5ee-4df7-bfec-3a57b5adb8f0,application/pdf,https://www.gencourt.state.nh.us/bill_status/legacy/bs2016/billText.aspx?sy=2024&id=2238&txtFormat=pdf&v=current,a21a5aa6-2cb6-4338-8d75-1e0614ba553c
5bd71a55-9e05-4894-ba39-7249ec8b5c57,application/pdf,https://www.gencourt.state.nh.us/bill_status/legacy/bs2016/billText.aspx?sy=2024&id=2023-2475s&txtFormat=amend,ece0a76c-6671-4e01-810c-eeb591e517a0
6078003f-41eb-4471-aec6-12278a9193f4,application/pdf,https://www.gencourt.state.nh.us/bill_status/legacy/bs2016/billText.aspx?sy=2024&id=1330&txtFormat=pdf&v=current,b4bb5f60-b87d-4b02-ab0f-ef910bd0ff12
85bc5722-1e32-4d6c-84d3-f1f8cb42c08d,text/html,https://www.gencourt.state.nh.us/bill_status/legacy/bs2016/billText.aspx?sy=2024&id=1330&txtFormat=html,b4bb5f60-b87d-4b02-ab0f-ef910bd0ff12
2aa1807a-a8c1-4302-9d32-b8d94281fd8b,application/pdf,https://www.gencourt.state.nh.us/bill_status/legacy/bs2016/billText.aspx?sy=2024&id=2024-1606s&txtFormat=amend,c6d66843-9f2f-4977-baf2-0603f0f4a55c
d7f9204c-f4a7-4598-af8f-7e881a2da3b9,application/pdf,https://www.gencourt.state.nh.us/bill_status/legacy/bs2016/billText.aspx?sy=2024&id=2024-0413s&txtFormat=amend,a9f4877d-fcb5-4fe9-ab0a-f1a323b8b2f1
ad1cfa94-acc6-4349-a819-628074ded887,application/pdf,https://www.gencourt.state.nh.us/bill_status/legacy/bs2016/billText.aspx?sy=2024&id=2009&txtFormat=pdf&v=current,75813646-8ccc-45ed-ab8f-a11d39051120
546a41c7-74e3-4327-915a-09b63347cdde,text/html,https://www.gencourt.state.nh.us/bill_status/legacy/bs2016/billText.aspx?sy=2024&id=2009&txtFormat=html,75813646-8ccc-45ed-ab8f-a11d39051120
d90fc3c8-3d95-4642-8867-ac3aa85a1d76,application/pdf,https://www.gencourt.state.nh.us/bill_status/legacy/bs2016/billText.aspx?sy=2024&id=2024-2372e&txtFormat=amend,0560a4ee-f60b-40fb-a1d8-4ec1a2980dbb
afe3ac1e-d854-4dd0-a412-d5e4d8bb3d80,application/pdf,https://www.gencourt.state.nh.us/bill_status/legacy/bs2016/billText.aspx?sy=2024&id=1236&txtFormat=pdf&v=current,882df029-147a-47f1-94fa-a5fd3c01b07b
e74c5719-ef2c-463d-9b97-d70d9204c74c,text/html,https://www.gencourt.state.nh.us/bill_status/legacy/bs2016/billText.aspx?sy=2024&id=1236&txtFormat=html,882df029-147a-47f1-94fa-a5fd3c01b07b
79d9c637-217a-4bf5-9285-cb85afba2b40,application/pdf,https://www.gencourt.state.nh.us/bill_status/legacy/bs2016/billText.aspx?sy=2024&id=2024-1565h&txtFormat=amend,9ab2793f-f057-4a2e-94a4-bca44bd05cf4
293cc373-6ca2-40d2-ac95-2c56059666f5,application/pdf,https://www.gencourt.state.nh.us/bill_status/legacy/bs2016/billText.aspx?sy=2024&id=2150&txtFormat=pdf&v=current,0e176b90-391c-4784-9e26-2e8930ad4c17
8bb0f38f-21a2-4613-8bd0-a6110c7e3f3e,text/html,https://www.gencourt.state.nh.us/bill_status/legacy/bs2016/billText.aspx?sy=2024&id=2150&txtFormat=html,0e176b90-391c-4784-9e26-2e8930ad4c17
8b46586b-32a0-4c00-9e17-1da77cfe94cb,text/html,https://www.gencourt.state.nh.us/bill_status/legacy/bs2016/billText.aspx?sy=2024&id=2238&txtFormat=html,a21a5aa6-2cb6-4338-8d75-1e0614ba553c
d1e210a2-40d9-4a05-b4a0-00f010e23182,application/pdf,https://www.gencourt.state.nh.us/bill_status/legacy/bs2016/billText.aspx?sy=2024&id=1852&txtFormat=pdf&v=current,65bbfab3-ef6d-48a1-a829-59a69948f9c6
f9920127-2c36-4e5f-9961-33e3b0e2bdae,application/pdf,https://www.gencourt.state.nh.us/bill_status/legacy/bs2016/billText.aspx?sy=2024&id=2023-2301h&txtFormat=amend,dc94c1ae-a10d-4fa2-84e8-d89a133af502
478a7bc1-3734-4af6-b667-3ae228d758e5,application/pdf,https://www.gencourt.state.nh.us/bill_status/legacy/bs2016/billText.aspx?sy=2024&id=1564&txtFormat=pdf&v=current,3571fe24-98e9-45c5-95f6-62b03bd0e632
37059b58-110d-478d-b2d5-80822aa47e3e,text/html,https://www.gencourt.state.nh.us/bill_status/legacy/bs2016/billText.aspx?sy=2024&id=1564&txtFormat=html,3571fe24-98e9-45c5-95f6-62b03bd0e632
40c931b0-1067-4583-93e0-9041aeb96579,application/pdf,https://www.gencourt.state.nh.us/bill_status/legacy/bs2016/billText.aspx?sy=2024&id=2023-2311h&txtFormat=amend,74955074-2728-4cde-aeff-99f672184810
5bb2c4de-2fa7-4eff-9c0c-e217f991cb4a,application/pdf,https://www.gencourt.state.nh.us/bill_status/legacy/bs2016/billText.aspx?sy=2024&id=2024-1130s&txtFormat=amend,cd373e26-9b92-4518-bc00-9e0fa2e0ebac
4d44e787-6586-41f9-b628-166adf270e92,application/pdf,https://www.gencourt.state.nh.us/bill_status/legacy/bs2016/billText.aspx?sy=2024&id=2208&txtFormat=pdf&v=current,a9efe7c7-ed2c-4ca2-86e0-6ac1730d5533
ff0dc301-7826-4b6d-a186-7fa9319c7bb3,text/html,https://www.gencourt.state.nh.us/bill_status/legacy/bs2016/billText.aspx?sy=2024&id=2208&txtFormat=html,a9efe7c7-ed2c-4ca2-86e0-6ac1730d5533
50a76274-cfae-4700-96d5-197c719a10df,application/pdf,https://www.gencourt.state.nh.us/bill_status/legacy/bs2016/billText.aspx?sy=2024&id=2024-1897s&txtFormat=amend,d1269237-cb91-499f-b5fb-312b70d208cf
b119b0e4-19dc-4393-aa77-ae6b32d13c77,application/pdf,https://www.gencourt.state.nh.us/bill_status/legacy/bs2016/billText.aspx?sy=2024&id=1757&txtFormat=pdf&v=current,17e09938-73ef-4aad-b31d-031af6cfed90
9fc875da-5506-43a5-95fc-68b71a7a1679,text/html,https://www.gencourt.state.nh.us/bill_status/legacy/bs2016/billText.aspx?sy=2024&id=1757&txtFormat=html,17e09938-73ef-4aad-b31d-031af6cfed90
57629614-f446-42d9-89d0-37222406638a,application/pdf,https://www.gencourt.state.nh.us/bill_status/legacy/bs2016/billText.aspx?sy=2024&id=2024-0863s&txtFormat=amend,20717a29-632c-40d0-9967-50af529998ce
509b95d6-08cf-45ba-b0e8-3a7eb0ea42f6,application/pdf,https://www.gencourt.state.nh.us/bill_status/legacy/bs2016/billText.aspx?sy=2024&id=1925&txtFormat=pdf&v=current,b9de5139-5eb9-4ba6-b41c-e676b42a458b
35912029-3103-4591-9ab9-ca729c13811e,text/html,https://www.gencourt.state.nh.us/bill_status/legacy/bs2016/billText.aspx?sy=2024&id=1925&txtFormat=html,b9de5139-5eb9-4ba6-b41c-e676b42a458b
25c45f11-9660-40d3-a0af-b7cde3455ca8,application/pdf,https://www.gencourt.state.nh.us/bill_status/legacy/bs2016/billText.aspx?sy=2024&id=2023-1685h&txtFormat=amend,482c99c5-c279-4d48-a0a0-2e19d7d9559b
db32f8fe-4eb3-46d6-a7dc-3186ae431798,application/pdf,https://www.gencourt.state.nh.us/bill_status/legacy/bs2016/billText.aspx?sy=2024&id=2023-2315h&txtFormat=amend,41403d40-452e-4643-a8ed-936454d848b7
6979141f-2b09-4a49-b319-8a9c77c58519,application/pdf,https://www.gencourt.state.nh.us/bill_status/legacy/bs2016/billText.aspx?sy=2024&id=2024-0845e&txtFormat=amend,4bfda0f2-dd9f-483d-a65e-edac76a2e05a
0e4d910b-bee0-4e04-b02c-ffe189120ee6,application/pdf,https://www.gencourt.state.nh.us/bill_status/legacy/bs2016/billText.aspx?sy=2024&id=2024-0113s&txtFormat=amend,8b8e851d-2274-41b6-9d00-b4bec6531634
13b47387-0626-4b9e-a121-3683200743d7,text/html,https://www.gencourt.state.nh.us/bill_status/legacy/bs2016/billText.aspx?sy=2024&id=1852&txtFormat=html,65bbfab3-ef6d-48a1-a829-59a69948f9c6
57b6f52c-af1a-4118-a88a-9c09b2462ec2,application/pdf,https://www.gencourt.state.nh.us/bill_status/legacy/bs2016/billText.aspx?sy=2024&id=2121&txtFormat=pdf&v=current,9185ba75-5adc-4814-9309-d811b3aa6078
b358b2a4-3f42-4798-b5e5-03ad6869b5b0,text/html,https://www.gencourt.state.nh.us/bill_status/legacy/bs2016/billText.aspx?sy=2024&id=2121&txtFormat=html,9185ba75-5adc-4814-9309-d811b3aa6078
d85a2384-3f50-441d-a8bb-7112e05883d3,application/pdf,https://www.gencourt.state.nh.us/bill_status/legacy/bs2016/billText.aspx?sy=2024&id=2024-0267h&txtFormat=amend,6a20ef99-4d12-4c34-ada5-ef6fad748970
57611169-9972-4b86-86ee-7234137b5dcc,application/pdf,https://www.gencourt.state.nh.us/bill_status/legacy/bs2016/billText.aspx?sy=2024&id=1172&txtFormat=pdf&v=current,d5876ff4-b39b-48a3-aa28-9e5a7488f11d
7f704a85-748a-4157-9e4a-1db1aac5736a,text/html,https://www.gencourt.state.nh.us/bill_status/legacy/bs2016/billText.aspx?sy=2024&id=1172&txtFormat=html,d5876ff4-b39b-48a3-aa28-9e5a7488f11d
0cb6dd23-9d98-465f-bbf3-4aea7c3d9b08,application/pdf,https://www.gencourt.state.nh.us/bill_status/legacy/bs2016/billText.aspx?sy=2024&id=1284&txtFormat=pdf&v=current,a5a631d3-795f-44c3-84ab-203b6e7b1078
96e40256-5560-4355-8fc7-3fc2bf591f83,text/html,https://www.gencourt.state.nh.us/bill_status/legacy/bs2016/billText.aspx?sy=2024&id=1284&txtFormat=html,a5a631d3-795f-44c3-84ab-203b6e7b1078
0fb286e6-c7ef-4468-a0e3-026370bd3522,application/pdf,https://www.gencourt.state.nh.us/bill_status/legacy/bs2016/billText.aspx?sy=2024&id=1690&txtFormat=pdf&v=current,aa859b47-2a39-4d3d-a039-588c1be2b525
75280e8a-8624-4008-9ea3-f450bb0baf18,text/html,https://www.gencourt.state.nh.us/bill_status/legacy/bs2016/billText.aspx?sy=2024&id=1690&txtFormat=html,aa859b47-2a39-4d3d-a039-588c1be2b525
29ede546-505d-476c-aaca-fd8fbb76ef0c,application/pdf,https://www.gencourt.state.nh.us/bill_status/legacy/bs2016/billText.aspx?sy=2024&id=2024-1112s&txtFormat=amend,a47ead74-f02c-4201-862d-e64c50fa1560
b74228aa-7902-4d47-a3c0-2972e1140ed6,application/pdf,https://www.gencourt.state.nh.us/bill_status/legacy/bs2016/billText.aspx?sy=2024&id=2106&txtFormat=pdf&v=current,afdb7f6c-91d4-490f-843f-e97cf1046822
26a8e291-2b5c-46e9-a6c4-97112cebcd56,text/html,https://www.gencourt.state.nh.us/bill_status/legacy/bs2016/billText.aspx?sy=2024&id=2106&txtFormat=html,afdb7f6c-91d4-490f-843f-e97cf1046822
02a65f99-2622-4a83-9103-a9052299dc16,application/pdf,https://www.gencourt.state.nh.us/bill_status/legacy/bs2016/billText.aspx?sy=2024&id=2023-0071h&txtFormat=amend,d41e68a7-4414-4dbf-9b0c-3b79d9621f3d
3af73e17-e356-47f9-af83-4c9958b59362,application/pdf,https://www.gencourt.state.nh.us/bill_status/legacy/bs2016/billText.aspx?sy=2024&id=2024-2315e&txtFormat=amend,7748fbd0-f558-43e4-99c2-bbfff5ef21d1
112b5de6-46e6-4c44-8e2b-1003a498e527,application/pdf,https://www.gencourt.state.nh.us/bill_status/legacy/bs2016/billText.aspx?sy=2024&id=2168&txtFormat=pdf&v=current,a9d5f22d-7e94-4a2b-a1f0-442db9075f57
460c068d-4f52-4bb9-b18f-4876117b0243,text/html,https://www.gencourt.state.nh.us/bill_status/legacy/bs2016/billText.aspx?sy=2024&id=2168&txtFormat=html,a9d5f22d-7e94-4a2b-a1f0-442db9075f57
380add5f-7699-41cd-8150-c79acab3dcf2,application/pdf,https://www.gencourt.state.nh.us/bill_status/legacy/bs2016/billText.aspx?sy=2024&id=2024-2116s&txtFormat=amend,47fb53e8-c081-4959-ab09-0dc5bb2a6c48
cf266d60-f41d-412a-a326-e944d16876ef,application/pdf,https://www.gencourt.state.nh.us/bill_status/legacy/bs2016/billText.aspx?sy=2024&id=1702&txtFormat=pdf&v=current,1eb8edde-6440-400f-9962-35ecd3f05c46
59d9dbf1-c0cc-4093-8d21-eb1d2935bc60,text/html,https://www.gencourt.state.nh.us/bill_status/legacy/bs2016/billText.aspx?sy=2024&id=1702&txtFormat=html,1eb8edde-6440-400f-9962-35ecd3f05c46
18e2c8d3-178e-431a-9e8c-14761627c7e2,application/pdf,https://www.gencourt.state.nh.us/bill_status/legacy/bs2016/billText.aspx?sy=2024&id=2027&txtFormat=pdf&v=current,ff1fd9fd-e383-46b0-a5f6-81d0a822a0df
a7185d41-4ec7-4529-86a4-64f43b78afc8,application/pdf,https://www.gencourt.state.nh.us/bill_status/legacy/bs2016/billText.aspx?sy=2024&id=2144&txtFormat=pdf&v=current,d7b5e587-85a5-43c4-8146-4cfcd8a18940
eb73482c-9ad3-46bf-928a-36e4ce01d5c9,text/html,https://www.gencourt.state.nh.us/bill_status/legacy/bs2016/billText.aspx?sy=2024&id=2144&txtFormat=html,d7b5e587-85a5-43c4-8146-4cfcd8a18940
954431cd-8760-4999-bfea-1e5a3360aa5a,application/pdf,https://www.gencourt.state.nh.us/bill_status/legacy/bs2016/billText.aspx?sy=2024&id=2024-0152s&txtFormat=amend,3c28e8fa-bcb1-46bd-9183-e6b9d5f364d0
857ff613-feab-495a-a97c-a04755f92e08,text/html,https://www.gencourt.state.nh.us/bill_status/legacy/bs2016/billText.aspx?sy=2024&id=2027&txtFormat=html,ff1fd9fd-e383-46b0-a5f6-81d0a822a0df
c42b205a-32af-4ff4-9754-849f5cc4262e,application/pdf,https://www.gencourt.state.nh.us/bill_status/legacy/bs2016/billText.aspx?sy=2024&id=2024-0610h&txtFormat=amend,b8b0d127-4b62-4d96-907d-fa5b990e96eb
7f4aabac-a642-4dca-ad6d-ff8209e0c19b,application/pdf,https://www.gencourt.state.nh.us/bill_status/legacy/bs2016/billText.aspx?sy=2024&id=1850&txtFormat=pdf&v=current,b8009133-7ae4-4210-901c-e722fb8def35
12cbac18-70fb-454d-bf98-f81e26523a26,text/html,https://www.gencourt.state.nh.us/bill_status/legacy/bs2016/billText.aspx?sy=2024&id=1850&txtFormat=html,b8009133-7ae4-4210-901c-e722fb8def35
355acc74-3b21-42ee-97e6-880c1678bc96,application/pdf,https://www.gencourt.state.nh.us/bill_status/legacy/bs2016/billText.aspx?sy=2024&id=1746&txtFormat=pdf&v=current,27cfa8f1-af4b-4954-9a5e-779166ff6362
126edb2b-345c-4351-89e0-cd9c0236644d,text/html,https://www.gencourt.state.nh.us/bill_status/legacy/bs2016/billText.aspx?sy=2024&id=1746&txtFormat=html,27cfa8f1-af4b-4954-9a5e-779166ff6362
ba3c683d-a441-4249-99a2-b1be43cdc689,application/pdf,https://www.gencourt.state.nh.us/bill_status/legacy/bs2016/billText.aspx?sy=2024&id=2024-1739h&txtFormat=amend,9963b12c-4a7d-4e6b-a8fa-5e6732e6461b
d310da30-a93b-4795-ab71-3dc6309e7051,application/pdf,https://www.gencourt.state.nh.us/bill_status/legacy/bs2016/billText.aspx?sy=2024&id=1987&txtFormat=pdf&v=current,f5384047-f63a-4ef8-8288-976ebd872f68
857ed36e-6012-4a89-aee5-f0ebad9156e5,application/pdf,https://www.gencourt.state.nh.us/bill_status/legacy/bs2016/billText.aspx?sy=2024&id=2012&txtFormat=pdf&v=current,38674091-e101-455a-9d0f-cc6f84116921
0da8c272-5e25-4fa7-9255-5c428dba5e14,text/html,https://www.gencourt.state.nh.us/bill_status/legacy/bs2016/billText.aspx?sy=2024&id=2012&txtFormat=html,38674091-e101-455a-9d0f-cc6f84116921
e213cae7-6355-49a4-973b-81f70128dfaa,application/pdf,https://www.gencourt.state.nh.us/bill_status/legacy/bs2016/billText.aspx?sy=2024&id=2097&txtFormat=pdf&v=current,8cf01183-11e9-4e02-a68e-607944a971ec
f317384b-4e73-4f24-bcc5-61a34536d433,text/html,https://www.gencourt.state.nh.us/bill_status/legacy/bs2016/billText.aspx?sy=2024&id=2097&txtFormat=html,8cf01183-11e9-4e02-a68e-607944a971ec
146a69f7-f7bc-4091-b8cc-37322326b939,application/pdf,https://www.gencourt.state.nh.us/bill_status/legacy/bs2016/billText.aspx?sy=2024&id=1560&txtFormat=pdf&v=current,bf82392e-13e2-45d7-bedb-29d875877205
c65a9b87-c5aa-4406-acd2-a97d1f6af001,text/html,https://www.gencourt.state.nh.us/bill_status/legacy/bs2016/billText.aspx?sy=2024&id=1560&txtFormat=html,bf82392e-13e2-45d7-bedb-29d875877205
3842384f-39f0-413d-ac8c-8fbf50f678b7,application/pdf,https://www.gencourt.state.nh.us/bill_status/legacy/bs2016/billText.aspx?sy=2024&id=2073&txtFormat=pdf&v=current,94170af5-b79a-4bbb-9bb1-d0ef00b73cc0
e9d2084e-b2ac-428c-90e9-aa3d512b4219,text/html,https://www.gencourt.state.nh.us/bill_status/legacy/bs2016/billText.aspx?sy=2024&id=2073&txtFormat=html,94170af5-b79a-4bbb-9bb1-d0ef00b73cc0
17611e87-f756-451a-b316-a011ad3986c3,application/pdf,https://www.gencourt.state.nh.us/bill_status/legacy/bs2016/billText.aspx?sy=2024&id=1717&txtFormat=pdf&v=current,64075e65-a2fe-4d04-978d-38a611335ef6
324d822e-9ed4-4718-8d7e-e022b62d1c86,text/html,https://www.gencourt.state.nh.us/bill_status/legacy/bs2016/billText.aspx?sy=2024&id=1717&txtFormat=html,64075e65-a2fe-4d04-978d-38a611335ef6
fa63e162-f95e-4f18-93dc-1c2ec87f63b0,application/pdf,https://www.gencourt.state.nh.us/bill_status/legacy/bs2016/billText.aspx?sy=2024&id=2024-2351e&txtFormat=amend,4e6b537d-adc5-4b2e-95da-555ebb9b2ed4
9597f654-3c04-4749-9a49-8f19da2634c8,application/pdf,https://www.gencourt.state.nh.us/bill_status/legacy/bs2016/billText.aspx?sy=2024&id=2069&txtFormat=pdf&v=current,f6d7baea-b9c6-45c8-90c3-45294cd93c41
512b7433-224f-4bf3-85b1-c5da8a0baf97,text/html,https://www.gencourt.state.nh.us/bill_status/legacy/bs2016/billText.aspx?sy=2024&id=2069&txtFormat=html,f6d7baea-b9c6-45c8-90c3-45294cd93c41
f35cf0d4-fe5d-4332-8e41-93c7776a2b5b,text/html,https://www.gencourt.state.nh.us/bill_status/legacy/bs2016/billText.aspx?sy=2024&id=1987&txtFormat=html,f5384047-f63a-4ef8-8288-976ebd872f68
c9f12c4c-90c3-4005-8ad4-482698619c96,application/pdf,https://www.gencourt.state.nh.us/bill_status/legacy/bs2016/billText.aspx?sy=2024&id=2024-1270s&txtFormat=amend,0179b492-1690-473b-b551-c47c96beb757
67414d09-dbbd-4a6a-aa8e-a88c8a3625b1,application/pdf,https://www.gencourt.state.nh.us/bill_status/legacy/bs2016/billText.aspx?sy=2024&id=2100&txtFormat=pdf&v=current,bae95302-6d8a-48a8-9004-c2259de765bf
6c4f7fac-91a9-45e7-81b4-b5b533985f1a,text/html,https://www.gencourt.state.nh.us/bill_status/legacy/bs2016/billText.aspx?sy=2024&id=2100&txtFormat=html,bae95302-6d8a-48a8-9004-c2259de765bf
b9f7aeed-00e5-4414-8faf-5270fc772837,application/pdf,https://www.gencourt.state.nh.us/bill_status/legacy/bs2016/billText.aspx?sy=2024&id=2024-0714s&txtFormat=amend,eb36d04e-a806-4045-b21e-54793d368cab
78df9566-3513-490a-937c-4cd5b365c14c,application/pdf,https://www.gencourt.state.nh.us/bill_status/legacy/bs2016/billText.aspx?sy=2024&id=1919&txtFormat=pdf&v=current,28a71242-4e65-497a-b083-03a532f2c1d3
64a9a7da-cd07-4dfc-b5f0-686eca51c37c,application/pdf,https://www.gencourt.state.nh.us/bill_status/legacy/bs2016/billText.aspx?sy=2024&id=2194&txtFormat=pdf&v=current,74f07cd5-2823-47c8-b994-b99229a30889
5ecade8e-6f79-4473-b3bc-786727940c5e,text/html,https://www.gencourt.state.nh.us/bill_status/legacy/bs2016/billText.aspx?sy=2024&id=2194&txtFormat=html,74f07cd5-2823-47c8-b994-b99229a30889
72d89a0a-354e-482f-9c17-4e7c84ab5848,text/html,https://www.gencourt.state.nh.us/bill_status/legacy/bs2016/billText.aspx?sy=2024&id=1919&txtFormat=html,28a71242-4e65-497a-b083-03a532f2c1d3
81f560cd-d808-4708-85cc-6aa7c4717a7b,application/pdf,https://www.gencourt.state.nh.us/bill_status/legacy/bs2016/billText.aspx?sy=2024&id=2046&txtFormat=pdf&v=current,8611e502-aaf8-4ba9-bf76-4cce7b2b7d0c
5cdec00d-994c-4f97-84f2-6e9e5015c7f3,application/pdf,https://www.gencourt.state.nh.us/bill_status/legacy/bs2016/billText.aspx?sy=2024&id=2024-1332h&txtFormat=amend,1fd0d9b0-2b43-4a0b-a81e-4ba201689943
11a471a1-f8e1-4f8a-9e57-e74232f58771,text/html,https://www.gencourt.state.nh.us/bill_status/legacy/bs2016/billText.aspx?sy=2024&id=2046&txtFormat=html,8611e502-aaf8-4ba9-bf76-4cce7b2b7d0c
f98d5fe5-978d-402e-9f9d-a015b9e9bffa,application/pdf,https://www.gencourt.state.nh.us/bill_status/legacy/bs2016/billText.aspx?sy=2024&id=2159&txtFormat=pdf&v=current,e0a0f01f-9c18-464a-9feb-08d591d50601
dccc1430-9758-45ce-969b-c4af24789cae,application/pdf,https://www.gencourt.state.nh.us/bill_status/legacy/bs2016/billText.aspx?sy=2024&id=2023-0010h&txtFormat=amend,5a2d0c83-d11e-48b5-b9ec-e00e8f815723
920bf486-3a77-49a0-8e12-2d8113385645,text/html,https://www.gencourt.state.nh.us/bill_status/legacy/bs2016/billText.aspx?sy=2024&id=2159&txtFormat=html,e0a0f01f-9c18-464a-9feb-08d591d50601
3a489c6c-5323-4478-b7e4-68120e5c3356,application/pdf,https://www.gencourt.state.nh.us/bill_status/legacy/bs2016/billText.aspx?sy=2024&id=1373&txtFormat=pdf&v=current,cc723707-41ab-4121-ace1-5c2cf3555aea
ecaf6107-a88c-4697-8743-f9955548266c,application/pdf,https://www.gencourt.state.nh.us/bill_status/legacy/bs2016/billText.aspx?sy=2024&id=1950&txtFormat=pdf&v=current,dcb751ff-23f0-49df-a1c6-0a782bb8c12e
e7fdbeae-2013-4a99-853a-d26aaec81854,text/html,https://www.gencourt.state.nh.us/bill_status/legacy/bs2016/billText.aspx?sy=2024&id=1950&txtFormat=html,dcb751ff-23f0-49df-a1c6-0a782bb8c12e
bd528cad-7f37-4cb5-9808-71237a580fda,text/html,https://www.gencourt.state.nh.us/bill_status/legacy/bs2016/billText.aspx?sy=2024&id=1373&txtFormat=html,cc723707-41ab-4121-ace1-5c2cf3555aea
7047a9f6-a0f8-47e6-9494-ba85742dbc52,application/pdf,https://www.gencourt.state.nh.us/bill_status/legacy/bs2016/billText.aspx?sy=2024&id=2024-0049s&txtFormat=amend,a5c8e9bf-2e9f-4e70-b05b-c23996816f31
232f2532-3961-45ab-9410-c5670ca17be0,application/pdf,https://www.gencourt.state.nh.us/bill_status/legacy/bs2016/billText.aspx?sy=2024&id=2024-0672s&txtFormat=amend,66533ee2-17f7-455a-a825-ccfc9d0d42b4
1f7fd634-819c-485a-b001-6a9bfd56098e,application/pdf,https://www.gencourt.state.nh.us/bill_status/legacy/bs2016/billText.aspx?sy=2024&id=1954&txtFormat=pdf&v=current,abf7a8b3-64bf-44ef-83f3-f4c03e7c2b8e
94ca6814-4530-4940-9b1b-62aff8f42d03,text/html,https://www.gencourt.state.nh.us/bill_status/legacy/bs2016/billText.aspx?sy=2024&id=1954&txtFormat=html,abf7a8b3-64bf-44ef-83f3-f4c03e7c2b8e
2b4ae05f-452a-4a0b-9927-33ae131d39b1,application/pdf,https://www.gencourt.state.nh.us/bill_status/legacy/bs2016/billText.aspx?sy=2024&id=2024-0723s&txtFormat=amend,8d19c4f9-2785-4974-97ae-13cf2d85d6e6
5cc02c07-77a8-4fdd-9f02-2331e09fcc9d,application/pdf,https://www.gencourt.state.nh.us/bill_status/legacy/bs2016/billText.aspx?sy=2024&id=2023-1676h&txtFormat=amend,b591d0f6-fceb-4313-9ffd-5f1825d0b109
4d0a6418-f5e7-4ac5-bfa7-943e4f9188cd,application/pdf,https://www.gencourt.state.nh.us/bill_status/legacy/bs2016/billText.aspx?sy=2024&id=2024-1716s&txtFormat=amend,4ffeec63-065b-4e95-bdcf-5f9a660db8d6
f9bc168e-1f70-4104-99f7-4f8b61ce2da0,application/pdf,https://www.gencourt.state.nh.us/bill_status/legacy/bs2016/billText.aspx?sy=2024&id=2024-0737h&txtFormat=amend,1e741f15-1724-4e20-97d0-33c9e18dd173
0bef33de-fba0-421b-bbed-d2e19d65f689,application/pdf,https://www.gencourt.state.nh.us/bill_status/legacy/bs2016/billText.aspx?sy=2024&id=2024-1041h&txtFormat=amend,793fb859-fdd5-46f5-8806-f0fa2f67f1cb
2e7f33b0-48b9-446e-b745-bfbc4add1a97,application/pdf,https://www.gencourt.state.nh.us/bill_status/legacy/bs2016/billText.aspx?sy=2024&id=1096&txtFormat=pdf&v=current,b40fe05d-e8fc-4df9-81b0-9be1afc192f3
93afce34-6b69-4208-88e5-b8765f70b542,text/html,https://www.gencourt.state.nh.us/bill_status/legacy/bs2016/billText.aspx?sy=2024&id=1096&txtFormat=html,b40fe05d-e8fc-4df9-81b0-9be1afc192f3
5c292ee3-aa11-407e-b663-d9657377616a,application/pdf,https://www.gencourt.state.nh.us/bill_status/legacy/bs2016/billText.aspx?sy=2024&id=1857&txtFormat=pdf&v=current,d3e49310-0532-4a79-9a1f-2d281fbf9de8
c8393287-9b71-4283-8dd0-3191747bdcdb,text/html,https://www.gencourt.state.nh.us/bill_status/legacy/bs2016/billText.aspx?sy=2024&id=1857&txtFormat=html,d3e49310-0532-4a79-9a1f-2d281fbf9de8
b07f9298-c54d-4804-9e75-8365cee05a08,application/pdf,https://www.gencourt.state.nh.us/bill_status/legacy/bs2016/billText.aspx?sy=2024&id=2024-1794h&txtFormat=amend,c73af322-6af9-4bdd-95f6-24d9992701ea
8ff953d3-f51b-42e8-8aeb-57948cc4b367,application/pdf,https://www.gencourt.state.nh.us/bill_status/legacy/bs2016/billText.aspx?sy=2024&id=1961&txtFormat=pdf&v=current,909293af-aeea-4c4d-b5e8-d7b33ebd84e1
1becf87a-f8fb-450d-b132-b5b26cf0d47a,text/html,https://www.gencourt.state.nh.us/bill_status/legacy/bs2016/billText.aspx?sy=2024&id=1961&txtFormat=html,909293af-aeea-4c4d-b5e8-d7b33ebd84e1
63a358e8-6443-41ee-aa69-4ecd187fa261,application/pdf,https://www.gencourt.state.nh.us/bill_status/legacy/bs2016/billText.aspx?sy=2024&id=2024-1410h&txtFormat=amend,556dbf55-8b1c-4dd4-ba68-70d43d31abb7
08d11c25-4c3c-4af2-80fe-f4f21d61373c,application/pdf,https://www.gencourt.state.nh.us/bill_status/legacy/bs2016/billText.aspx?sy=2024&id=1645&txtFormat=pdf&v=current,a087c3be-781f-4b66-b83a-88a6223aedfc
980838f9-39f1-4831-839d-5b3bcb85d3cf,application/pdf,https://www.gencourt.state.nh.us/bill_status/legacy/bs2016/billText.aspx?sy=2024&id=1904&txtFormat=pdf&v=current,1d7399e1-f6af-4378-a1d7-8718e08c36b5
bd05c776-d189-4e15-a90a-1830e8cc94f5,text/html,https://www.gencourt.state.nh.us/bill_status/legacy/bs2016/billText.aspx?sy=2024&id=1904&txtFormat=html,1d7399e1-f6af-4378-a1d7-8718e08c36b5
9113f9e1-3e8c-4ccc-9d4f-fc9322cbd1fb,text/html,https://www.gencourt.state.nh.us/bill_status/legacy/bs2016/billText.aspx?sy=2024&id=1645&txtFormat=html,a087c3be-781f-4b66-b83a-88a6223aedfc
36cca1cc-e1d3-4444-a6b0-f512db8bfeda,application/pdf,https://www.gencourt.state.nh.us/bill_status/legacy/bs2016/billText.aspx?sy=2024&id=1876&txtFormat=pdf&v=current,3bfc2ddb-a787-4911-895e-7a4aadd70f17
5dab4daa-b5a3-4849-81d4-e9486389c503,text/html,https://www.gencourt.state.nh.us/bill_status/legacy/bs2016/billText.aspx?sy=2024&id=1876&txtFormat=html,3bfc2ddb-a787-4911-895e-7a4aadd70f17
b3e044a8-1bc5-4675-9e59-553a18c30851,application/pdf,https://www.gencourt.state.nh.us/bill_status/legacy/bs2016/billText.aspx?sy=2024&id=1747&txtFormat=pdf&v=current,e0d63516-e443-4aa3-a890-9fef67e5f98e
229b81b5-e867-4893-bdfe-da037b81af4d,text/html,https://www.gencourt.state.nh.us/bill_status/legacy/bs2016/billText.aspx?sy=2024&id=1747&txtFormat=html,e0d63516-e443-4aa3-a890-9fef67e5f98e
35ddf03c-8697-4dee-9b63-324803f5d166,application/pdf,https://www.gencourt.state.nh.us/bill_status/legacy/bs2016/billText.aspx?sy=2024&id=2023-0441h&txtFormat=amend,42bc4f3a-1080-4989-b43e-cbb579e03c7b
1e606c16-5e9f-497d-b8b4-6a2372fa4a3a,application/pdf,https://www.gencourt.state.nh.us/bill_status/legacy/bs2016/billText.aspx?sy=2024&id=2024-0973h&txtFormat=amend,f479014e-38dc-4fed-9e78-e41944675636
0835ba5a-190c-424f-9b22-58be7b4a38c0,application/pdf,https://www.gencourt.state.nh.us/bill_status/legacy/bs2016/billText.aspx?sy=2024&id=1501&txtFormat=pdf&v=current,dc855bba-530c-4f85-886c-0de5fd77debb
934a8224-a537-4425-808d-ea9b6051d2d4,application/pdf,https://www.gencourt.state.nh.us/bill_status/legacy/bs2016/billText.aspx?sy=2024&id=1395&txtFormat=pdf&v=current,293baea9-62a1-45c2-a27c-5f5a94938b4f
e644743a-a78d-4f5a-8b46-380b8d1ac565,text/html,https://www.gencourt.state.nh.us/bill_status/legacy/bs2016/billText.aspx?sy=2024&id=1395&txtFormat=html,293baea9-62a1-45c2-a27c-5f5a94938b4f
c849f14d-a792-4dcb-8afd-9a9d523ee9ba,application/pdf,https://www.gencourt.state.nh.us/bill_status/legacy/bs2016/billText.aspx?sy=2024&id=1554&txtFormat=pdf&v=current,4d28e0a4-8cf5-40ca-b83a-270305486662
11ebd8a3-8e69-4346-8327-4ecdc7a076ed,text/html,https://www.gencourt.state.nh.us/bill_status/legacy/bs2016/billText.aspx?sy=2024&id=1554&txtFormat=html,4d28e0a4-8cf5-40ca-b83a-270305486662
e857f466-4fc3-4bf9-a393-08c5ce99fb01,application/pdf,https://www.gencourt.state.nh.us/bill_status/legacy/bs2016/billText.aspx?sy=2024&id=2024-0149s&txtFormat=amend,83f0a137-86a8-4e3b-95f4-5bc4ed08da60
628adb96-c9c3-4e39-aa0e-a09c020aabf2,application/pdf,https://www.gencourt.state.nh.us/bill_status/legacy/bs2016/billText.aspx?sy=2024&id=2078&txtFormat=pdf&v=current,8b3095b0-e06d-4a3d-905c-27bf2da30d92
d4acc5ac-ef2c-4315-84cd-903ca3b4aa5e,text/html,https://www.gencourt.state.nh.us/bill_status/legacy/bs2016/billText.aspx?sy=2024&id=2078&txtFormat=html,8b3095b0-e06d-4a3d-905c-27bf2da30d92
c5da6193-ab97-4748-b6fe-91c1353cd609,application/pdf,https://www.gencourt.state.nh.us/bill_status/legacy/bs2016/billText.aspx?sy=2024&id=1363&txtFormat=pdf&v=current,88f91b25-569a-4498-a65e-d15f460c84e6
e5099a9e-268e-4e8d-b0c7-ceec018956e4,text/html,https://www.gencourt.state.nh.us/bill_status/legacy/bs2016/billText.aspx?sy=2024&id=1363&txtFormat=html,88f91b25-569a-4498-a65e-d15f460c84e6
d370e1eb-6904-4166-851b-4217447b040e,application/pdf,https://www.gencourt.state.nh.us/bill_status/legacy/bs2016/billText.aspx?sy=2024&id=2024-2109s&txtFormat=amend,57c7567d-3e72-4a9b-a4ce-88d97a7d9a3a
7e2bc4fc-b763-4de2-be82-667b1af2c088,application/pdf,https://www.gencourt.state.nh.us/bill_status/legacy/bs2016/billText.aspx?sy=2024&id=1160&txtFormat=pdf&v=current,4e942e9f-70ef-49c6-97de-b5cbe4269613
75faa599-3a64-4863-a6a4-feae8272adbf,text/html,https://www.gencourt.state.nh.us/bill_status/legacy/bs2016/billText.aspx?sy=2024&id=1160&txtFormat=html,4e942e9f-70ef-49c6-97de-b5cbe4269613
91eb7164-3fe1-4149-8029-3d483be4d156,text/html,https://www.gencourt.state.nh.us/bill_status/legacy/bs2016/billText.aspx?sy=2024&id=1501&txtFormat=html,dc855bba-530c-4f85-886c-0de5fd77debb
295f1630-38de-4145-b718-63355644385b,application/pdf,https://www.gencourt.state.nh.us/bill_status/legacy/bs2016/billText.aspx?sy=2024&id=1275&txtFormat=pdf&v=current,a32747f1-ad8a-4c9d-869c-919ab216ca70
6b50aed1-b3f4-4271-9578-2ed6079e81df,text/html,https://www.gencourt.state.nh.us/bill_status/legacy/bs2016/billText.aspx?sy=2024&id=1275&txtFormat=html,a32747f1-ad8a-4c9d-869c-919ab216ca70
15667852-6e5d-4d71-b384-d593bb8a196b,application/pdf,https://www.gencourt.state.nh.us/bill_status/legacy/bs2016/billText.aspx?sy=2024&id=1090&txtFormat=pdf&v=current,cb70c771-b7f1-4ca8-b04a-4a0827ffe2a4
5616d8dc-3c8f-48d3-bad3-ac810c27c4a2,text/html,https://www.gencourt.state.nh.us/bill_status/legacy/bs2016/billText.aspx?sy=2024&id=1090&txtFormat=html,cb70c771-b7f1-4ca8-b04a-4a0827ffe2a4
dfb7b41b-6652-4517-96ea-83a7cf5153af,application/pdf,https://www.gencourt.state.nh.us/bill_status/legacy/bs2016/billText.aspx?sy=2024&id=1437&txtFormat=pdf&v=current,d93678aa-27ae-4f03-9c9f-d3d71f2e86f5
096e787a-52f7-4479-b65f-af8752033186,text/html,https://www.gencourt.state.nh.us/bill_status/legacy/bs2016/billText.aspx?sy=2024&id=1437&txtFormat=html,d93678aa-27ae-4f03-9c9f-d3d71f2e86f5
83354981-d000-4fa3-afd4-e3df0e84009a,application/pdf,https://www.gencourt.state.nh.us/bill_status/legacy/bs2016/billText.aspx?sy=2024&id=1632&txtFormat=pdf&v=current,71f8bdc7-b4db-4f26-83a6-c9dd6eb0748a
6880c4bd-ec7c-4576-b843-df50b02015c6,text/html,https://www.gencourt.state.nh.us/bill_status/legacy/bs2016/billText.aspx?sy=2024&id=1632&txtFormat=html,71f8bdc7-b4db-4f26-83a6-c9dd6eb0748a
be9cc787-306f-431e-9d55-43f333fea925,application/pdf,https://www.gencourt.state.nh.us/bill_status/legacy/bs2016/billText.aspx?sy=2024&id=2024-0890h&txtFormat=amend,843c4e45-9edd-4a7a-b471-e1d8b8dad8ce
e863d1bb-0f21-4f1f-9332-5f2fc6b60d2c,application/pdf,https://www.gencourt.state.nh.us/bill_status/legacy/bs2016/billText.aspx?sy=2024&id=1394&txtFormat=pdf&v=current,6b877c2d-532c-42ee-9081-a0bb47747128
d8669d33-0d90-420a-9c01-5c528b9e8c88,text/html,https://www.gencourt.state.nh.us/bill_status/legacy/bs2016/billText.aspx?sy=2024&id=1394&txtFormat=html,6b877c2d-532c-42ee-9081-a0bb47747128
4c0a9968-09ec-4bcc-8bbc-f800dd1126a4,application/pdf,https://www.gencourt.state.nh.us/bill_status/legacy/bs2016/billText.aspx?sy=2024&id=2035&txtFormat=pdf&v=current,fb2dd171-37f2-41e7-b33e-9a274f31d822
a3b1e5dc-d8f4-4a06-a618-c40282f0ad81,text/html,https://www.gencourt.state.nh.us/bill_status/legacy/bs2016/billText.aspx?sy=2024&id=2035&txtFormat=html,fb2dd171-37f2-41e7-b33e-9a274f31d822
51d3fccc-734d-4134-828e-f0ba6933468c,application/pdf,https://www.gencourt.state.nh.us/bill_status/legacy/bs2016/billText.aspx?sy=2024&id=1279&txtFormat=pdf&v=current,8223505c-0cfb-4930-a97b-6258bc0b90a4
7abb7dfc-6cd7-475a-9ffa-2efb9206e7bf,text/html,https://www.gencourt.state.nh.us/bill_status/legacy/bs2016/billText.aspx?sy=2024&id=1279&txtFormat=html,8223505c-0cfb-4930-a97b-6258bc0b90a4
b1662f61-a0eb-4d5c-8a51-67335f9d48dc,application/pdf,https://www.gencourt.state.nh.us/bill_status/legacy/bs2016/billText.aspx?sy=2024&id=1859&txtFormat=pdf&v=current,43bc3071-2e8e-46ab-97f5-60cff56b6ae2
62eb27c7-3573-42f5-a832-eacdff32c37e,text/html,https://www.gencourt.state.nh.us/bill_status/legacy/bs2016/billText.aspx?sy=2024&id=1859&txtFormat=html,43bc3071-2e8e-46ab-97f5-60cff56b6ae2
493a0b7e-6246-4eef-a8f3-8c820453630d,application/pdf,https://www.gencourt.state.nh.us/bill_status/legacy/bs2016/billText.aspx?sy=2024&id=2024-1721s&txtFormat=amend,7181e0cd-47fb-4851-ae18-213b1b99fad0
bc9548a1-301e-41bc-bb9e-075a2595d071,application/pdf,https://www.gencourt.state.nh.us/bill_status/legacy/bs2016/billText.aspx?sy=2024&id=1399&txtFormat=pdf&v=current,18a81016-9da1-40fb-92dd-fd5b07f82fd8
ac4ccc41-fbe2-4236-8488-fa9356d4eb87,text/html,https://www.gencourt.state.nh.us/bill_status/legacy/bs2016/billText.aspx?sy=2024&id=1399&txtFormat=html,18a81016-9da1-40fb-92dd-fd5b07f82fd8
7087b5bd-d747-4fea-99cd-57d0ff449e25,application/pdf,https://www.gencourt.state.nh.us/bill_status/legacy/bs2016/billText.aspx?sy=2024&id=2024-0839h&txtFormat=amend,caed3b12-26d2-4bde-9171-033b76d09a8f
4d8e2c69-ba00-4fcc-b6ee-a2d8096b647c,application/pdf,https://www.gencourt.state.nh.us/bill_status/legacy/bs2016/billText.aspx?sy=2024&id=1249&txtFormat=pdf&v=current,a1851f53-b28b-49f1-85c2-de2eb8348886
443a2549-fd64-4a41-87b9-15a86c0703f7,text/html,https://www.gencourt.state.nh.us/bill_status/legacy/bs2016/billText.aspx?sy=2024&id=1249&txtFormat=html,a1851f53-b28b-49f1-85c2-de2eb8348886
0eaba3d8-831f-4431-8983-206c7400be1e,application/pdf,https://www.gencourt.state.nh.us/bill_status/legacy/bs2016/billText.aspx?sy=2024&id=2024-2330e&txtFormat=amend,998bbfc2-7783-48f0-a334-c2daa75e4d53
525dd92a-c360-44d5-beb5-ad4bbb15ff75,application/pdf,https://www.gencourt.state.nh.us/bill_status/legacy/bs2016/billText.aspx?sy=2024&id=2024-0851h&txtFormat=amend,f02a44fd-457d-44e3-b8f7-9acfd8d79846
8ff47469-d747-4aed-b7f2-2864dfb420f2,application/pdf,https://www.gencourt.state.nh.us/bill_status/legacy/bs2016/billText.aspx?sy=2024&id=1141&txtFormat=pdf&v=current,5e27d875-5fd5-40be-aa9f-b86f5a9af0b7
a184cf09-bc10-4de4-9f03-b8586a758026,text/html,https://www.gencourt.state.nh.us/bill_status/legacy/bs2016/billText.aspx?sy=2024&id=1141&txtFormat=html,5e27d875-5fd5-40be-aa9f-b86f5a9af0b7
0439597a-6f4a-4deb-9c30-273f449a2cdc,application/pdf,https://www.gencourt.state.nh.us/bill_status/legacy/bs2016/billText.aspx?sy=2024&id=1574&txtFormat=pdf&v=current,4f8efa52-8614-46d6-a4f3-b633857e979a
77ce2b74-cabb-4e24-a9fb-5ed1ea4c9c7e,text/html,https://www.gencourt.state.nh.us/bill_status/legacy/bs2016/billText.aspx?sy=2024&id=1574&txtFormat=html,4f8efa52-8614-46d6-a4f3-b633857e979a
94611391-2cd5-4498-a808-23ed69c38df6,application/pdf,https://www.gencourt.state.nh.us/bill_status/legacy/bs2016/billText.aspx?sy=2024&id=2113&txtFormat=pdf&v=current,b9ac6fe8-cb75-4880-903e-c9bab76953bc
df42d648-2b8b-4101-851a-70c14aa537e2,text/html,https://www.gencourt.state.nh.us/bill_status/legacy/bs2016/billText.aspx?sy=2024&id=2113&txtFormat=html,b9ac6fe8-cb75-4880-903e-c9bab76953bc
e6644a8c-f2ca-46fd-a1f2-0c1ded78cc38,application/pdf,https://www.gencourt.state.nh.us/bill_status/legacy/bs2016/billText.aspx?sy=2024&id=2024-1425h&txtFormat=amend,96d9f51a-132b-4619-bbc3-e5608c025950
d9464011-312f-4446-aa2c-c76b57eff561,application/pdf,https://www.gencourt.state.nh.us/bill_status/legacy/bs2016/billText.aspx?sy=2024&id=2205&txtFormat=pdf&v=current,dd7fea87-12b6-4734-8e81-35bbb20278b3
3975444c-91f8-40d0-a851-0614e22b1464,text/html,https://www.gencourt.state.nh.us/bill_status/legacy/bs2016/billText.aspx?sy=2024&id=2205&txtFormat=html,dd7fea87-12b6-4734-8e81-35bbb20278b3
8761545d-1b24-40b2-8867-5a27133c0adf,application/pdf,https://www.gencourt.state.nh.us/bill_status/legacy/bs2016/billText.aspx?sy=2024&id=2024-1624s&txtFormat=amend,dfb5ffed-5a98-44c5-be19-7f6ff115d9c1
a304a4c6-bd8e-4c61-acee-1c6e6e5e0a3d,application/pdf,https://www.gencourt.state.nh.us/bill_status/legacy/bs2016/billText.aspx?sy=2024&id=1271&txtFormat=pdf&v=current,75631223-bcaa-4911-8992-e650a001fe6c
8258b907-976c-4bf1-99f8-1e95651914de,text/html,https://www.gencourt.state.nh.us/bill_status/legacy/bs2016/billText.aspx?sy=2024&id=1271&txtFormat=html,75631223-bcaa-4911-8992-e650a001fe6c
8408aa96-2033-4965-82d2-4f4883122d55,application/pdf,https://www.gencourt.state.nh.us/bill_status/legacy/bs2016/billText.aspx?sy=2024&id=1498&txtFormat=pdf&v=current,65dced94-4a2d-4c0f-a732-44f4c3f3dd80
77d36143-ef80-4576-bd24-64252c998755,text/html,https://www.gencourt.state.nh.us/bill_status/legacy/bs2016/billText.aspx?sy=2024&id=1498&txtFormat=html,65dced94-4a2d-4c0f-a732-44f4c3f3dd80
a5a378f0-c4a5-4ff3-a68c-ab9c697d18f5,application/pdf,https://www.gencourt.state.nh.us/bill_status/legacy/bs2016/billText.aspx?sy=2024&id=1602&txtFormat=pdf&v=current,ecc2fc5c-d57a-46d4-b405-a35da51d3a72
16d439a6-f5ba-433e-8133-acf5d1ba7c3e,text/html,https://www.gencourt.state.nh.us/bill_status/legacy/bs2016/billText.aspx?sy=2024&id=1602&txtFormat=html,ecc2fc5c-d57a-46d4-b405-a35da51d3a72
e0af20d8-7197-4311-a1db-3080d3c57712,application/pdf,https://www.gencourt.state.nh.us/bill_status/legacy/bs2016/billText.aspx?sy=2024&id=1289&txtFormat=pdf&v=current,1fb5021f-675d-4651-ab0b-03a3e0913da6
9415a0d4-d0f2-4e02-8319-92f32a5dc76c,text/html,https://www.gencourt.state.nh.us/bill_status/legacy/bs2016/billText.aspx?sy=2024&id=1289&txtFormat=html,1fb5021f-675d-4651-ab0b-03a3e0913da6
8f0e65e7-49e6-4555-a247-f4944c41bdab,application/pdf,https://www.gencourt.state.nh.us/bill_status/legacy/bs2016/billText.aspx?sy=2024&id=2255&txtFormat=pdf&v=current,de2b25f3-ccd7-4cdc-b915-1d9bbe899153
8779f3df-dd09-47a9-87c9-3a2a81806a24,text/html,https://www.gencourt.state.nh.us/bill_status/legacy/bs2016/billText.aspx?sy=2024&id=2255&txtFormat=html,de2b25f3-ccd7-4cdc-b915-1d9bbe899153
cee86675-3fb8-4008-b095-ea153eb96060,application/pdf,https://www.gencourt.state.nh.us/bill_status/legacy/bs2016/billText.aspx?sy=2024&id=2024-2334e&txtFormat=amend,e9066ed7-8fa3-424a-abe1-e68c11e45b51
385fb5c3-4f0b-4223-aa49-ff7e33bebdcf,application/pdf,https://www.gencourt.state.nh.us/bill_status/legacy/bs2016/billText.aspx?sy=2024&id=1475&txtFormat=pdf&v=current,a60466ef-20fb-462c-a104-4b5ad81d0c54
55070b09-625f-4e2d-9c35-cc5003fad6bb,text/html,https://www.gencourt.state.nh.us/bill_status/legacy/bs2016/billText.aspx?sy=2024&id=1475&txtFormat=html,a60466ef-20fb-462c-a104-4b5ad81d0c54
12737925-e7d3-46c3-b67c-6eab0bdf0e24,application/pdf,https://www.gencourt.state.nh.us/bill_status/legacy/bs2016/billText.aspx?sy=2024&id=1569&txtFormat=pdf&v=current,c1c1ffdf-bb1b-4860-a021-55cb9559df73
edaba42c-44cf-471b-9cdd-1fcff7a09b7e,text/html,https://www.gencourt.state.nh.us/bill_status/legacy/bs2016/billText.aspx?sy=2024&id=1569&txtFormat=html,c1c1ffdf-bb1b-4860-a021-55cb9559df73
67bf5e69-b58b-471a-b8e7-b9464ee1a58a,application/pdf,https://www.gencourt.state.nh.us/bill_status/legacy/bs2016/billText.aspx?sy=2024&id=1405&txtFormat=pdf&v=current,8ee80c86-25b4-46ac-8029-c4f1d890beac
9c7ea3a2-0d36-4b1e-8f75-61ced5cd5bad,application/pdf,https://www.gencourt.state.nh.us/bill_status/legacy/bs2016/billText.aspx?sy=2024&id=2024-2345e&txtFormat=amend,9a3d45b7-183d-4722-acf8-1a4a03971513
7ae4191c-2ebe-435d-b8a1-ff2beb279beb,text/html,https://www.gencourt.state.nh.us/bill_status/legacy/bs2016/billText.aspx?sy=2024&id=1405&txtFormat=html,8ee80c86-25b4-46ac-8029-c4f1d890beac
f2ceadc8-e81a-48f6-92c7-f0920d4e1fe1,application/pdf,https://www.gencourt.state.nh.us/bill_status/legacy/bs2016/billText.aspx?sy=2024&id=1331&txtFormat=pdf&v=current,e6818180-da2e-4e4f-ad1e-82dd27cfa303
0d40d755-0239-4be3-a347-fba654c28fdc,text/html,https://www.gencourt.state.nh.us/bill_status/legacy/bs2016/billText.aspx?sy=2024&id=1331&txtFormat=html,e6818180-da2e-4e4f-ad1e-82dd27cfa303
c9b2d90a-3cb8-4bd7-a94b-ebe3c3c08696,application/pdf,https://www.gencourt.state.nh.us/bill_status/legacy/bs2016/billText.aspx?sy=2024&id=1610&txtFormat=pdf&v=current,1951331d-d640-4b60-a015-954b2f3c30d6
6ff1af96-f03c-40e7-8f55-b872e951ea1f,text/html,https://www.gencourt.state.nh.us/bill_status/legacy/bs2016/billText.aspx?sy=2024&id=1610&txtFormat=html,1951331d-d640-4b60-a015-954b2f3c30d6
c46f3219-e279-4181-90fa-f36d41132517,application/pdf,https://www.gencourt.state.nh.us/bill_status/legacy/bs2016/billText.aspx?sy=2024&id=1451&txtFormat=pdf&v=current,20f4c413-c04c-4432-8a6f-cfbaa5c37565
fb2d54bf-35c3-4206-8395-f7c949b7d5a3,application/pdf,https://www.gencourt.state.nh.us/bill_status/legacy/bs2016/billText.aspx?sy=2024&id=1339&txtFormat=pdf&v=current,a09344d5-171a-42ce-ab5d-b1570e4b74ec
f5a7d487-57a1-4977-90d6-4896c27bbaca,text/html,https://www.gencourt.state.nh.us/bill_status/legacy/bs2016/billText.aspx?sy=2024&id=1451&txtFormat=html,20f4c413-c04c-4432-8a6f-cfbaa5c37565
61dbeb77-a830-47c3-980e-5576fc22c519,application/pdf,https://www.gencourt.state.nh.us/bill_status/legacy/bs2016/billText.aspx?sy=2024&id=1321&txtFormat=pdf&v=current,61fb9f94-7d77-4d5b-9a26-dff01c1182c4
aa969152-982f-47c8-8f20-ab008ace6e43,text/html,https://www.gencourt.state.nh.us/bill_status/legacy/bs2016/billText.aspx?sy=2024&id=1321&txtFormat=html,61fb9f94-7d77-4d5b-9a26-dff01c1182c4
7ca5e1f5-edb6-4b54-8246-214dcafaf7ef,application/pdf,https://www.gencourt.state.nh.us/bill_status/legacy/bs2016/billText.aspx?sy=2024&id=2024-1005h&txtFormat=amend,fd2a92b1-ca06-4263-882c-964dcb430bde
73523719-0fe2-4c3e-9dfc-7a207bfe7978,text/html,https://www.gencourt.state.nh.us/bill_status/legacy/bs2016/billText.aspx?sy=2024&id=1339&txtFormat=html,a09344d5-171a-42ce-ab5d-b1570e4b74ec
22663cc1-5e6d-43d6-8c21-66ac6c808f34,application/pdf,https://www.gencourt.state.nh.us/bill_status/legacy/bs2016/billText.aspx?sy=2024&id=2024-1186h&txtFormat=amend,8ecadecc-6d9e-4490-bdae-56f9035a8e46
17e55aad-77ca-47b5-92d4-d8af04b33f84,application/pdf,https://www.gencourt.state.nh.us/bill_status/legacy/bs2016/billText.aspx?sy=2024&id=1131&txtFormat=pdf&v=current,b66453d2-aa5d-4478-a7c4-f65c4febe392
5953f70c-e654-46ed-ad5d-d83885fa4348,text/html,https://www.gencourt.state.nh.us/bill_status/legacy/bs2016/billText.aspx?sy=2024&id=1131&txtFormat=html,b66453d2-aa5d-4478-a7c4-f65c4febe392
56999264-d390-48ac-bde6-e8b5297bc1c1,application/pdf,https://www.gencourt.state.nh.us/bill_status/legacy/bs2016/billText.aspx?sy=2024&id=2024-0242h&txtFormat=amend,d00d6b62-dac7-4140-912e-0eaf44bff7fe
049f6cbd-e3e9-441a-bdbe-aeddffe8b1fc,application/pdf,https://www.gencourt.state.nh.us/bill_status/legacy/bs2016/billText.aspx?sy=2024&id=1092&txtFormat=pdf&v=current,cfd7adea-da68-449f-9f66-6bc453d8e21d
c5975dee-d06f-44dc-874d-b43e1b17cb05,text/html,https://www.gencourt.state.nh.us/bill_status/legacy/bs2016/billText.aspx?sy=2024&id=1092&txtFormat=html,cfd7adea-da68-449f-9f66-6bc453d8e21d
7f4833d7-8b9e-4481-85c3-68dc247a0211,application/pdf,https://www.gencourt.state.nh.us/bill_status/legacy/bs2016/billText.aspx?sy=2024&id=2024-1711h&txtFormat=amend,68a05c94-3a76-4304-b3ac-d513c7ed2513
5f44b92b-8c63-45fb-adc4-7fb15ba67273,application/pdf,https://www.gencourt.state.nh.us/bill_status/legacy/bs2016/billText.aspx?sy=2024&id=2058&txtFormat=pdf&v=current,787cf006-b555-458b-a169-492489dc87de
2f6c0482-6456-48fb-bf77-3efe944a22de,text/html,https://www.gencourt.state.nh.us/bill_status/legacy/bs2016/billText.aspx?sy=2024&id=2058&txtFormat=html,787cf006-b555-458b-a169-492489dc87de
7bbaa228-192b-40af-b0af-a25aa9dc0a4d,application/pdf,https://www.gencourt.state.nh.us/bill_status/legacy/bs2016/billText.aspx?sy=2024&id=2045&txtFormat=pdf&v=current,2575424c-ada6-4686-9ab6-08ad49e96f28
fdcbcbed-716d-4e1e-84c0-0596a4882cf6,text/html,https://www.gencourt.state.nh.us/bill_status/legacy/bs2016/billText.aspx?sy=2024&id=2045&txtFormat=html,2575424c-ada6-4686-9ab6-08ad49e96f28
d51aa1c7-7aa7-4c92-99b5-038b2091b3ad,application/pdf,https://www.gencourt.state.nh.us/bill_status/legacy/bs2016/billText.aspx?sy=2024&id=2024-0638h&txtFormat=amend,1eb9f5f9-45cd-4452-a589-45d9a4e4d9ab
40efd51a-6148-4c75-a6b8-d0ffad0c9c48,application/pdf,https://www.gencourt.state.nh.us/bill_status/legacy/bs2016/billText.aspx?sy=2024&id=1222&txtFormat=pdf&v=current,afd65d83-ce91-41f6-b36b-74d12966682e
0865799f-89f6-4a06-8044-039783d54b05,text/html,https://www.gencourt.state.nh.us/bill_status/legacy/bs2016/billText.aspx?sy=2024&id=1222&txtFormat=html,afd65d83-ce91-41f6-b36b-74d12966682e
52b9deb4-1679-4ba7-b894-be30410b71b0,application/pdf,https://www.gencourt.state.nh.us/bill_status/legacy/bs2016/billText.aspx?sy=2024&id=1100&txtFormat=pdf&v=current,39a9711c-0e42-40da-b45f-f4c7299dbfba
abb194c0-83f3-454a-ae71-f826d90db05f,text/html,https://www.gencourt.state.nh.us/bill_status/legacy/bs2016/billText.aspx?sy=2024&id=1100&txtFormat=html,39a9711c-0e42-40da-b45f-f4c7299dbfba
3734a793-f693-43dd-885c-8b2d51dcd05f,application/pdf,https://www.gencourt.state.nh.us/bill_status/legacy/bs2016/billText.aspx?sy=2024&id=2024-1437s&txtFormat=amend,a93e2434-4052-4316-8481-4dc5914c574c
481a22ea-6db3-4b15-99f7-38b9ee00ca65,application/pdf,https://www.gencourt.state.nh.us/bill_status/legacy/bs2016/billText.aspx?sy=2024&id=2055&txtFormat=pdf&v=current,56a206c3-cfdb-4bd2-8ddd-8629f0ebc962
251e67e0-928b-4c1d-bb52-c90c351faeda,text/html,https://www.gencourt.state.nh.us/bill_status/legacy/bs2016/billText.aspx?sy=2024&id=2055&txtFormat=html,56a206c3-cfdb-4bd2-8ddd-8629f0ebc962
41afd414-27e0-4dd9-a346-979e722eb9fa,application/pdf,https://www.gencourt.state.nh.us/bill_status/legacy/bs2016/billText.aspx?sy=2024&id=1640&txtFormat=pdf&v=current,dbc68fde-fc86-465e-a104-1de15a68e33f
6772621e-e5c1-4693-841f-020c87be5f43,text/html,https://www.gencourt.state.nh.us/bill_status/legacy/bs2016/billText.aspx?sy=2024&id=1640&txtFormat=html,dbc68fde-fc86-465e-a104-1de15a68e33f
5a9feadc-4058-4ac0-a4a5-f4d768ffc658,application/pdf,https://www.gencourt.state.nh.us/bill_status/legacy/bs2016/billText.aspx?sy=2024&id=1340&txtFormat=pdf&v=current,b80635b2-9880-48fc-9f7c-ea8898dc739f
029c1337-770c-4551-b408-8d2b28818642,text/html,https://www.gencourt.state.nh.us/bill_status/legacy/bs2016/billText.aspx?sy=2024&id=1340&txtFormat=html,b80635b2-9880-48fc-9f7c-ea8898dc739f
9de4538b-a150-4331-8b68-aaf57f195c61,application/pdf,https://www.gencourt.state.nh.us/bill_status/legacy/bs2016/billText.aspx?sy=2024&id=1107&txtFormat=pdf&v=current,a0508831-1a71-4257-bfdd-cf7eaba27f8a
00d43658-1d43-4da6-b1d0-76296e1f1268,text/html,https://www.gencourt.state.nh.us/bill_status/legacy/bs2016/billText.aspx?sy=2024&id=1107&txtFormat=html,a0508831-1a71-4257-bfdd-cf7eaba27f8a
b43e1945-a312-4d66-9618-f688faa364f0,application/pdf,https://www.gencourt.state.nh.us/bill_status/legacy/bs2016/billText.aspx?sy=2024&id=2024-2015s&txtFormat=amend,dbf50a88-89c8-4964-96d2-b4d012b1392b
a1a4b217-1bf1-4da4-adf6-2baf573db813,application/pdf,https://www.gencourt.state.nh.us/bill_status/legacy/bs2016/billText.aspx?sy=2024&id=1841&txtFormat=pdf&v=current,61648701-9b54-42db-9506-6d26f016850d
542b4721-92ef-47fa-a87e-f5e1ada69346,text/html,https://www.gencourt.state.nh.us/bill_status/legacy/bs2016/billText.aspx?sy=2024&id=1841&txtFormat=html,61648701-9b54-42db-9506-6d26f016850d
688bff5a-c74d-4212-b227-ca8518620bb0,application/pdf,https://www.gencourt.state.nh.us/bill_status/legacy/bs2016/billText.aspx?sy=2024&id=2024-0403h&txtFormat=amend,580453d6-253c-47b0-b8d0-d701c36dc978
43435e89-d39a-4702-b5bb-b00f3bf81041,application/pdf,https://www.gencourt.state.nh.us/bill_status/legacy/bs2016/billText.aspx?sy=2024&id=1297&txtFormat=pdf&v=current,e81df261-584e-49ae-b6a5-388f3ca8e3df
3b152917-f33f-430c-82a5-fb936769a1ff,text/html,https://www.gencourt.state.nh.us/bill_status/legacy/bs2016/billText.aspx?sy=2024&id=1297&txtFormat=html,e81df261-584e-49ae-b6a5-388f3ca8e3df
3313b4fd-2934-4c0c-a7d9-a9a03a17dcd2,application/pdf,https://www.gencourt.state.nh.us/bill_status/legacy/bs2016/billText.aspx?sy=2024&id=1487&txtFormat=pdf&v=current,7b81292a-06d1-4aa6-86bc-4a30d8d9f796
b2a2a0f4-e508-4562-bb6f-7a761af5a258,text/html,https://www.gencourt.state.nh.us/bill_status/legacy/bs2016/billText.aspx?sy=2024&id=1487&txtFormat=html,7b81292a-06d1-4aa6-86bc-4a30d8d9f796
24d238c9-d556-432f-8328-5957b056dc1d,application/pdf,https://www.gencourt.state.nh.us/bill_status/legacy/bs2016/billText.aspx?sy=2024&id=1253&txtFormat=pdf&v=current,9356b3e4-ba9a-49c8-b30e-e5e73f6940a7
08891c7d-622a-4f3a-8390-ae0a16c8c63e,application/pdf,https://www.gencourt.state.nh.us/bill_status/legacy/bs2016/billText.aspx?sy=2024&id=1156&txtFormat=pdf&v=current,2998a46f-df1f-4661-8362-e210e866310c
1e4a5203-4318-4828-8eff-31a0ec534dac,text/html,https://www.gencourt.state.nh.us/bill_status/legacy/bs2016/billText.aspx?sy=2024&id=1156&txtFormat=html,2998a46f-df1f-4661-8362-e210e866310c
e0e8ae0f-47fa-4b85-9e8e-70c6b165fb49,text/html,https://www.gencourt.state.nh.us/bill_status/legacy/bs2016/billText.aspx?sy=2024&id=1253&txtFormat=html,9356b3e4-ba9a-49c8-b30e-e5e73f6940a7
0ec6a377-cbb9-49d6-a4a8-aaae10f9b84a,application/pdf,https://www.gencourt.state.nh.us/bill_status/legacy/bs2016/billText.aspx?sy=2024&id=1781&txtFormat=pdf&v=current,bd2ed2d7-ed6c-4b9e-a298-6da20881ce76
b031aa2a-ecab-4c7a-92d7-fb9f3f4d3b99,text/html,https://www.gencourt.state.nh.us/bill_status/legacy/bs2016/billText.aspx?sy=2024&id=1781&txtFormat=html,bd2ed2d7-ed6c-4b9e-a298-6da20881ce76
6853a523-e6a4-49ba-8b6a-9e6550e52315,application/pdf,https://www.gencourt.state.nh.us/bill_status/legacy/bs2016/billText.aspx?sy=2024&id=2145&txtFormat=pdf&v=current,ead40cca-383d-4fd2-a5f4-f0457486e079
7eafdb12-1549-47c9-a835-e4e4cad92ef6,text/html,https://www.gencourt.state.nh.us/bill_status/legacy/bs2016/billText.aspx?sy=2024&id=2145&txtFormat=html,ead40cca-383d-4fd2-a5f4-f0457486e079
611c4bb4-d38f-4995-923d-66094f0bb7db,application/pdf,https://www.gencourt.state.nh.us/bill_status/legacy/bs2016/billText.aspx?sy=2024&id=1536&txtFormat=pdf&v=current,eadddcf7-9413-4826-ab39-00a59900725f
5c98e63e-58cf-4fac-8694-b97dc3d32cdc,text/html,https://www.gencourt.state.nh.us/bill_status/legacy/bs2016/billText.aspx?sy=2024&id=1536&txtFormat=html,eadddcf7-9413-4826-ab39-00a59900725f
94a72b2b-cb07-4e0e-a887-3f3ffb03ed07,application/pdf,https://www.gencourt.state.nh.us/bill_status/legacy/bs2016/billText.aspx?sy=2024&id=2024-0664s&txtFormat=amend,6d5ea49e-33f3-4b4f-8328-7abd72a0e445
a8f8a3bb-ab2b-4852-910c-637ab20253bb,application/pdf,https://www.gencourt.state.nh.us/bill_status/legacy/bs2016/billText.aspx?sy=2024&id=2074&txtFormat=pdf&v=current,2b2e369b-81d3-4379-ae73-af90e6e8a385
c278a6fc-c3cc-4854-8427-ea6bb3a9eac1,text/html,https://www.gencourt.state.nh.us/bill_status/legacy/bs2016/billText.aspx?sy=2024&id=2074&txtFormat=html,2b2e369b-81d3-4379-ae73-af90e6e8a385
97762ee6-a403-4c5b-a4aa-fe411d1401ab,application/pdf,https://www.gencourt.state.nh.us/bill_status/legacy/bs2016/billText.aspx?sy=2024&id=2024-0979h&txtFormat=amend,8a39956e-fe54-45a5-9840-8688694bd972
66a14698-21fa-4dc8-9136-61713362c66e,application/pdf,https://www.gencourt.state.nh.us/bill_status/legacy/bs2016/billText.aspx?sy=2024&id=1669&txtFormat=pdf&v=current,9a5e5b17-deea-43d0-8158-d4f288886a73
5d563554-7608-4e67-a8f8-fa072ef833c7,text/html,https://www.gencourt.state.nh.us/bill_status/legacy/bs2016/billText.aspx?sy=2024&id=1669&txtFormat=html,9a5e5b17-deea-43d0-8158-d4f288886a73
fda1caf0-5ed9-46ab-8d65-8e10007fb612,application/pdf,https://www.gencourt.state.nh.us/bill_status/legacy/bs2016/billText.aspx?sy=2024&id=2186&txtFormat=pdf&v=current,ba3171bb-a057-4188-80cb-4dfb156e90a2
8e6f5f55-65ec-4892-9cac-471e57ebbe1c,text/html,https://www.gencourt.state.nh.us/bill_status/legacy/bs2016/billText.aspx?sy=2024&id=2186&txtFormat=html,ba3171bb-a057-4188-80cb-4dfb156e90a2
d97d7cb1-4c74-4819-9274-42ce71571edb,application/pdf,https://www.gencourt.state.nh.us/bill_status/legacy/bs2016/billText.aspx?sy=2024&id=1965&txtFormat=pdf&v=current,2e5ea759-1015-4590-a4a3-13822291791d
9868f850-1d5b-495e-9973-00834ead0cbd,text/html,https://www.gencourt.state.nh.us/bill_status/legacy/bs2016/billText.aspx?sy=2024&id=1965&txtFormat=html,2e5ea759-1015-4590-a4a3-13822291791d
159cc64d-c3ff-4ea0-8d8c-9d180bdad2a0,application/pdf,https://www.gencourt.state.nh.us/bill_status/legacy/bs2016/billText.aspx?sy=2024&id=2024-2368e&txtFormat=amend,48e699c6-d97f-45b0-9f0c-1461510f1291
16368237-cf8e-453b-a9e4-bee0591e4cf4,application/pdf,https://www.gencourt.state.nh.us/bill_status/legacy/bs2016/billText.aspx?sy=2024&id=1526&txtFormat=pdf&v=current,1924a882-546d-404f-ad36-b791aee8b551
63ae1dce-c748-424b-96b9-b26f47646c2b,text/html,https://www.gencourt.state.nh.us/bill_status/legacy/bs2016/billText.aspx?sy=2024&id=1526&txtFormat=html,1924a882-546d-404f-ad36-b791aee8b551
05083142-778f-4df7-90b2-899fde056df1,application/pdf,https://www.gencourt.state.nh.us/bill_status/legacy/bs2016/billText.aspx?sy=2024&id=2024-1310h&txtFormat=amend,9263da61-0e90-4354-9f88-afc02b1c5670
abc864bb-df32-4edc-837d-5657aeb37822,application/pdf,https://www.gencourt.state.nh.us/bill_status/legacy/bs2016/billText.aspx?sy=2024&id=2026&txtFormat=pdf&v=current,5ffb738b-740b-4110-ace0-14ae5f1ccd4a
ad09619f-2508-414b-9397-475265d226a1,text/html,https://www.gencourt.state.nh.us/bill_status/legacy/bs2016/billText.aspx?sy=2024&id=2026&txtFormat=html,5ffb738b-740b-4110-ace0-14ae5f1ccd4a
6d158996-5467-4881-8242-9b2d3e4fa184,application/pdf,https://www.gencourt.state.nh.us/bill_status/legacy/bs2016/billText.aspx?sy=2024&id=2024-2103s&txtFormat=amend,56c15878-a483-49b5-be18-3791a4b45176
db069e32-6f9e-4020-9508-8e55f41986ed,application/pdf,https://www.gencourt.state.nh.us/bill_status/legacy/bs2016/billText.aspx?sy=2024&id=1356&txtFormat=pdf&v=current,50b4f65f-cd9c-4e5b-b346-257651e1d085
964f5bbd-7873-4386-b5e9-93bfcebd7358,application/pdf,https://www.gencourt.state.nh.us/bill_status/legacy/bs2016/billText.aspx?sy=2024&id=2024-0697s&txtFormat=amend,af6b6b03-d1ef-4bc4-8628-5e5763cdb5c8
e3375b8d-8e1a-4026-b929-b28880d234f0,application/pdf,https://www.gencourt.state.nh.us/bill_status/legacy/bs2016/billText.aspx?sy=2024&id=2085&txtFormat=pdf&v=current,81a76696-044f-4efb-91c8-55d16b0524ea
50b03824-0d03-497c-86f1-26b92661f866,text/html,https://www.gencourt.state.nh.us/bill_status/legacy/bs2016/billText.aspx?sy=2024&id=2085&txtFormat=html,81a76696-044f-4efb-91c8-55d16b0524ea
12d6cefe-56fb-4abe-bfc2-54e18adafcbd,text/html,https://www.gencourt.state.nh.us/bill_status/legacy/bs2016/billText.aspx?sy=2024&id=1356&txtFormat=html,50b4f65f-cd9c-4e5b-b346-257651e1d085
740791ec-fe3a-4173-bc47-12800e9d7417,application/pdf,https://www.gencourt.state.nh.us/bill_status/legacy/bs2016/billText.aspx?sy=2024&id=2024-1663h&txtFormat=amend,f711a919-5441-43c7-99a0-cf2321af220b
9ddd28a8-5ead-472e-8cd0-06e5ccf9b0a9,application/pdf,https://www.gencourt.state.nh.us/bill_status/legacy/bs2016/billText.aspx?sy=2024&id=2262&txtFormat=pdf&v=current,fb6876d7-9113-470d-b522-4594dadbe9c5
d5cf7d5b-3345-404e-85e7-da05e566bd9a,text/html,https://www.gencourt.state.nh.us/bill_status/legacy/bs2016/billText.aspx?sy=2024&id=2262&txtFormat=html,fb6876d7-9113-470d-b522-4594dadbe9c5
681ef15d-d2b3-40ea-b39d-b55d7cce7bed,application/pdf,https://www.gencourt.state.nh.us/bill_status/legacy/bs2016/billText.aspx?sy=2024&id=2151&txtFormat=pdf&v=current,75e245df-13e7-4acf-8446-d18657c9dadc
1efc4247-ac21-4abe-aa06-845791f7da89,application/pdf,https://www.gencourt.state.nh.us/bill_status/legacy/bs2016/billText.aspx?sy=2024&id=1786&txtFormat=pdf&v=current,b2dd6cae-4d4b-4378-b993-13dc6ca189a3
f3b8593a-1b7c-4487-9395-e7726d3d07b7,text/html,https://www.gencourt.state.nh.us/bill_status/legacy/bs2016/billText.aspx?sy=2024&id=1786&txtFormat=html,b2dd6cae-4d4b-4378-b993-13dc6ca189a3
1bc98c58-735d-4189-bae3-fa144d12d45c,application/pdf,https://www.gencourt.state.nh.us/bill_status/legacy/bs2016/billText.aspx?sy=2024&id=1462&txtFormat=pdf&v=current,c5f6f8b2-645f-4c54-8e1f-1120bfd1272f
ae1e9f42-00ef-4ef8-8464-a096085e3407,text/html,https://www.gencourt.state.nh.us/bill_status/legacy/bs2016/billText.aspx?sy=2024&id=1462&txtFormat=html,c5f6f8b2-645f-4c54-8e1f-1120bfd1272f
5475c623-afc5-41e1-919d-265da07a72d5,application/pdf,https://www.gencourt.state.nh.us/bill_status/legacy/bs2016/billText.aspx?sy=2024&id=2024-0092s&txtFormat=amend,adff3857-e404-4627-b87c-f7173d0ab4e5
19113e74-bd53-4f3f-80b5-c4d13ed70874,application/pdf,https://www.gencourt.state.nh.us/bill_status/legacy/bs2016/billText.aspx?sy=2024&id=2081&txtFormat=pdf&v=current,c2d58efd-6c4f-4c67-82e2-c1b4d3eb26c9
75352275-a7ea-45d8-a5a2-de01f0bca713,text/html,https://www.gencourt.state.nh.us/bill_status/legacy/bs2016/billText.aspx?sy=2024&id=2081&txtFormat=html,c2d58efd-6c4f-4c67-82e2-c1b4d3eb26c9
1f387560-38de-42f4-afc7-7ba3906ae22e,application/pdf,https://www.gencourt.state.nh.us/bill_status/legacy/bs2016/billText.aspx?sy=2024&id=2060&txtFormat=pdf&v=current,03589406-7416-4ee1-9b5c-4d5c0f846d4a
960b9d3f-1a5d-45ef-8324-3f222ab6964a,text/html,https://www.gencourt.state.nh.us/bill_status/legacy/bs2016/billText.aspx?sy=2024&id=2060&txtFormat=html,03589406-7416-4ee1-9b5c-4d5c0f846d4a
e3712f91-13e6-47c4-a4b1-afdedb1d309b,application/pdf,https://www.gencourt.state.nh.us/bill_status/legacy/bs2016/billText.aspx?sy=2024&id=1896&txtFormat=pdf&v=current,897f764b-9b58-470e-8cf8-4d11ed541661
8afd483b-0fab-4b0e-be5d-6716fe90f582,text/html,https://www.gencourt.state.nh.us/bill_status/legacy/bs2016/billText.aspx?sy=2024&id=1896&txtFormat=html,897f764b-9b58-470e-8cf8-4d11ed541661
8b1328ce-94d9-41f1-8d25-fe4f8ad39abc,application/pdf,https://www.gencourt.state.nh.us/bill_status/legacy/bs2016/billText.aspx?sy=2024&id=2024-0487h&txtFormat=amend,dbe07e71-a1e1-46f1-a220-2c058122dfd5
9eee2bda-ab74-4d20-b037-c464f71febc5,application/pdf,https://www.gencourt.state.nh.us/bill_status/legacy/bs2016/billText.aspx?sy=2024&id=1259&txtFormat=pdf&v=current,afb769e5-1e67-4656-85b1-757ad12cf70d
825cbb2c-d987-4f14-86d5-161b31efff8c,text/html,https://www.gencourt.state.nh.us/bill_status/legacy/bs2016/billText.aspx?sy=2024&id=1259&txtFormat=html,afb769e5-1e67-4656-85b1-757ad12cf70d
c1c110ca-e3c5-440d-adc2-48f97df2367c,application/pdf,https://www.gencourt.state.nh.us/bill_status/legacy/bs2016/billText.aspx?sy=2024&id=2024-1500h&txtFormat=amend,bc4a94e0-3645-4c57-99cc-75c15adce78d
59c5d677-dfc2-49b7-a3dd-da2781961c6e,application/pdf,https://www.gencourt.state.nh.us/bill_status/legacy/bs2016/billText.aspx?sy=2024&id=2153&txtFormat=pdf&v=current,79a556c9-9770-4586-8b8b-8cb4f6f46c18
0f002bd7-1b5b-4907-836f-c0b7f3bb6d30,text/html,https://www.gencourt.state.nh.us/bill_status/legacy/bs2016/billText.aspx?sy=2024&id=2153&txtFormat=html,79a556c9-9770-4586-8b8b-8cb4f6f46c18
81c4ecdd-4cfb-43b6-b7e1-95e695aa3322,text/html,https://www.gencourt.state.nh.us/bill_status/legacy/bs2016/billText.aspx?sy=2024&id=2151&txtFormat=html,75e245df-13e7-4acf-8446-d18657c9dadc
0cbc137c-36bb-4636-ab0b-ed0d6832db06,application/pdf,https://www.gencourt.state.nh.us/bill_status/legacy/bs2016/billText.aspx?sy=2024&id=2128&txtFormat=pdf&v=current,c942bfb8-0701-47ba-ae6e-a702f1b86394
032493ed-1c41-464d-bbc7-b971a9125c26,text/html,https://www.gencourt.state.nh.us/bill_status/legacy/bs2016/billText.aspx?sy=2024&id=2128&txtFormat=html,c942bfb8-0701-47ba-ae6e-a702f1b86394
d8738c4e-01b6-40e8-b751-ea32caba72c9,application/pdf,https://www.gencourt.state.nh.us/bill_status/legacy/bs2016/billText.aspx?sy=2024&id=2126&txtFormat=pdf&v=current,2b3bd24c-6a70-4c1f-8c01-52f5df8b472a
df2ecddf-1640-4fc2-a1d5-0ea3ebabd912,text/html,https://www.gencourt.state.nh.us/bill_status/legacy/bs2016/billText.aspx?sy=2024&id=2126&txtFormat=html,2b3bd24c-6a70-4c1f-8c01-52f5df8b472a
c33d4f71-9c7e-4a8f-a572-0b9f72acd086,application/pdf,https://www.gencourt.state.nh.us/bill_status/legacy/bs2016/billText.aspx?sy=2024&id=1618&txtFormat=pdf&v=current,1e2897b5-3bfe-4c8f-97b4-678c19f2a142
da2f234b-b8bc-4e9d-a631-c6a472aeee9e,text/html,https://www.gencourt.state.nh.us/bill_status/legacy/bs2016/billText.aspx?sy=2024&id=1618&txtFormat=html,1e2897b5-3bfe-4c8f-97b4-678c19f2a142
f2635c0c-014d-43c7-840e-596765f2f26c,application/pdf,https://www.gencourt.state.nh.us/bill_status/legacy/bs2016/billText.aspx?sy=2024&id=2023-2409h&txtFormat=amend,ce84866b-c563-4e2f-a580-a9fe94003c4f
34de2894-4148-43b5-a842-c568dd30b882,application/pdf,https://www.gencourt.state.nh.us/bill_status/legacy/bs2016/billText.aspx?sy=2024&id=2024-0213h&txtFormat=amend,4dbbc638-275c-468a-b67f-4eb6ae23c6e6
be3055c8-4391-4a05-a47e-79b0c45fac97,application/pdf,https://www.gencourt.state.nh.us/bill_status/legacy/bs2016/billText.aspx?sy=2024&id=1189&txtFormat=pdf&v=current,bac4164f-04c0-45d9-a64c-ec33b97362bd
68469b23-5350-4d3f-a376-d816ea799866,text/html,https://www.gencourt.state.nh.us/bill_status/legacy/bs2016/billText.aspx?sy=2024&id=1189&txtFormat=html,bac4164f-04c0-45d9-a64c-ec33b97362bd
6076f2c2-b0d6-4871-86dc-53fc938150d7,application/pdf,https://www.gencourt.state.nh.us/bill_status/legacy/bs2016/billText.aspx?sy=2024&id=2024-0431h&txtFormat=amend,f3a5a180-383c-4691-9510-b4ef51962820
4ee79e89-7738-4451-897d-2ff67d267367,application/pdf,https://www.gencourt.state.nh.us/bill_status/legacy/bs2016/billText.aspx?sy=2024&id=2243&txtFormat=pdf&v=current,b8255a37-2de4-41a9-a379-d42699d0c53d
529da05b-4618-4a20-8de1-16ad593fe030,text/html,https://www.gencourt.state.nh.us/bill_status/legacy/bs2016/billText.aspx?sy=2024&id=2243&txtFormat=html,b8255a37-2de4-41a9-a379-d42699d0c53d
09ff7fa8-3af0-45fa-b44e-8e5e6f7725d2,application/pdf,https://www.gencourt.state.nh.us/bill_status/legacy/bs2016/billText.aspx?sy=2024&id=2024-2311e&txtFormat=amend,633cb81d-bc5c-40e0-934b-23bdc88673eb
154a960d-95db-4ad6-9298-d79eb1ccb169,application/pdf,https://www.gencourt.state.nh.us/bill_status/legacy/bs2016/billText.aspx?sy=2024&id=1246&txtFormat=pdf&v=current,d6514634-162d-4ca0-9c56-b5dd1492fe1e
3d65c4ce-a023-4d96-9030-25d83e2664e8,text/html,https://www.gencourt.state.nh.us/bill_status/legacy/bs2016/billText.aspx?sy=2024&id=1246&txtFormat=html,d6514634-162d-4ca0-9c56-b5dd1492fe1e
e5ea4cad-2fe0-44c3-8ec0-ef59a1ad0958,application/pdf,https://www.gencourt.state.nh.us/bill_status/legacy/bs2016/billText.aspx?sy=2024&id=2024-2050s&txtFormat=amend,406de952-7635-4a5c-a89a-18bdf0624efd
dec2d084-f6fc-4d7e-a390-b3fe54b901f3,application/pdf,https://www.gencourt.state.nh.us/bill_status/legacy/bs2016/billText.aspx?sy=2024&id=1118&txtFormat=pdf&v=current,51b85edd-b363-4985-b6f6-40cb38598931
194d043e-400e-4686-8674-1760997b9217,application/pdf,https://www.gencourt.state.nh.us/bill_status/legacy/bs2016/billText.aspx?sy=2024&id=1918&txtFormat=pdf&v=current,d28e285d-79e7-4532-95b4-4ff9076fbc77
7d9aba1c-032a-4dfa-91a7-f3bb3ae5b44d,text/html,https://www.gencourt.state.nh.us/bill_status/legacy/bs2016/billText.aspx?sy=2024&id=1918&txtFormat=html,d28e285d-79e7-4532-95b4-4ff9076fbc77
cf2e79a6-b3e7-400f-8a4f-f50516fdfd74,application/pdf,https://www.gencourt.state.nh.us/bill_status/legacy/bs2016/billText.aspx?sy=2024&id=2024-0682h&txtFormat=amend,7b1a8af0-4f71-4fbf-bf08-fd07fa37fe8c
b4810756-b530-4d36-bd63-7fec4a4c9239,application/pdf,https://www.gencourt.state.nh.us/bill_status/legacy/bs2016/billText.aspx?sy=2024&id=1477&txtFormat=pdf&v=current,0bbf2bce-b3bc-4b7d-9bb4-44add5aca418
8fc5f391-7544-4b7d-9394-e6d15f2e62a2,text/html,https://www.gencourt.state.nh.us/bill_status/legacy/bs2016/billText.aspx?sy=2024&id=1477&txtFormat=html,0bbf2bce-b3bc-4b7d-9bb4-44add5aca418
8eac5e3a-9f81-4174-a087-cbe91ddde565,application/pdf,https://www.gencourt.state.nh.us/bill_status/legacy/bs2016/billText.aspx?sy=2024&id=2024-1990s&txtFormat=amend,87ea0e4d-c6cd-4c07-b0f3-ab199604a7e2
b814901b-c4ab-420d-a1e5-fbd7e41c466e,application/pdf,https://www.gencourt.state.nh.us/bill_status/legacy/bs2016/billText.aspx?sy=2024&id=1546&txtFormat=pdf&v=current,e135bfb8-47d4-4651-bee8-25bd54b9c298
60810b83-bfe9-4db7-a241-c50b82dd1609,text/html,https://www.gencourt.state.nh.us/bill_status/legacy/bs2016/billText.aspx?sy=2024&id=1546&txtFormat=html,e135bfb8-47d4-4651-bee8-25bd54b9c298
541cbe00-1f61-4201-8126-981bc782da9a,application/pdf,https://www.gencourt.state.nh.us/bill_status/legacy/bs2016/billText.aspx?sy=2024&id=2023-0665s&txtFormat=amend,1ec723fe-c6e6-4671-9660-9ad6e4ea4c67
d7f434fe-5584-4259-bba2-8bd726060ab7,application/pdf,https://www.gencourt.state.nh.us/bill_status/legacy/bs2016/billText.aspx?sy=2024&id=1455&txtFormat=pdf&v=current,f4514d7e-dd93-4ba4-86bb-0c81151a7817
82b45748-510c-4e4c-9807-6b22fd0e94ba,text/html,https://www.gencourt.state.nh.us/bill_status/legacy/bs2016/billText.aspx?sy=2024&id=1455&txtFormat=html,f4514d7e-dd93-4ba4-86bb-0c81151a7817
0de7e360-071a-4d16-8016-54d391f861d6,application/pdf,https://www.gencourt.state.nh.us/bill_status/legacy/bs2016/billText.aspx?sy=2024&id=2024-2179s&txtFormat=amend,f789e130-6fa3-4215-9069-acb20ee25de0
a3772f27-0788-4299-8c9d-d4ef44de7a83,application/pdf,https://www.gencourt.state.nh.us/bill_status/legacy/bs2016/billText.aspx?sy=2024&id=1233&txtFormat=pdf&v=current,478c160c-c532-4783-a64e-31988eeaf058
dbf12612-36a2-4353-bfad-f86b142d4a7f,text/html,https://www.gencourt.state.nh.us/bill_status/legacy/bs2016/billText.aspx?sy=2024&id=1233&txtFormat=html,478c160c-c532-4783-a64e-31988eeaf058
cc373689-ee7e-420b-8100-7a67671e5f84,text/html,https://www.gencourt.state.nh.us/bill_status/legacy/bs2016/billText.aspx?sy=2024&id=1118&txtFormat=html,51b85edd-b363-4985-b6f6-40cb38598931
0a2c6402-0821-4926-a4e1-511e2ebb86a7,application/pdf,https://www.gencourt.state.nh.us/bill_status/legacy/bs2016/billText.aspx?sy=2024&id=1878&txtFormat=pdf&v=current,3916a816-bae8-44b6-9166-85d6b81b8fb3
61f724b0-96ce-40bf-a680-2bf0f557bf4f,text/html,https://www.gencourt.state.nh.us/bill_status/legacy/bs2016/billText.aspx?sy=2024&id=1878&txtFormat=html,3916a816-bae8-44b6-9166-85d6b81b8fb3
270ac50f-f483-42e1-948c-be86253c6809,application/pdf,https://www.gencourt.state.nh.us/bill_status/legacy/bs2016/billText.aspx?sy=2024&id=1097&txtFormat=pdf&v=current,6aa6963a-2bb0-4d6b-941b-b22962b173d5
ec4427ff-46c5-48ba-b5c6-affe5ba91b7f,text/html,https://www.gencourt.state.nh.us/bill_status/legacy/bs2016/billText.aspx?sy=2024&id=1097&txtFormat=html,6aa6963a-2bb0-4d6b-941b-b22962b173d5
aa5615e1-9f4f-4530-bae4-20ac65b35fe1,application/pdf,https://www.gencourt.state.nh.us/bill_status/legacy/bs2016/billText.aspx?sy=2024&id=1750&txtFormat=pdf&v=current,d5783b7b-37f3-4d66-958b-fb8beeb9b346
46a15644-e5f3-42a0-8772-39d61a0b1266,application/pdf,https://www.gencourt.state.nh.us/bill_status/legacy/bs2016/billText.aspx?sy=2024&id=1764&txtFormat=pdf&v=current,7ee32361-d8ff-4a4a-8ca8-45a7bb0d6e50
264a7d0f-a5a5-4748-9940-1b30fac977ab,text/html,https://www.gencourt.state.nh.us/bill_status/legacy/bs2016/billText.aspx?sy=2024&id=1764&txtFormat=html,7ee32361-d8ff-4a4a-8ca8-45a7bb0d6e50
bb47ab93-a4a1-4bd5-bc3b-1ce5960aa3a5,application/pdf,https://www.gencourt.state.nh.us/bill_status/legacy/bs2016/billText.aspx?sy=2024&id=2024-0476h&txtFormat=amend,9fedd4bc-322d-47ad-8bd0-97b0a91beee7
787aef63-9609-4d23-94a8-908fb790383e,application/pdf,https://www.gencourt.state.nh.us/bill_status/legacy/bs2016/billText.aspx?sy=2024&id=1095&txtFormat=pdf&v=current,f179b0b9-49d6-4833-9640-158783a1f163
0cc85287-332c-4da2-acef-55a01748de04,text/html,https://www.gencourt.state.nh.us/bill_status/legacy/bs2016/billText.aspx?sy=2024&id=1095&txtFormat=html,f179b0b9-49d6-4833-9640-158783a1f163
a102b119-0bfb-48ca-b23d-c6868b979782,application/pdf,https://www.gencourt.state.nh.us/bill_status/legacy/bs2016/billText.aspx?sy=2024&id=2024-0396s&txtFormat=amend,e51f628b-7de4-4d06-914b-1b500ca00929
2a7f2ba0-3291-413e-8cfb-cafffee09a13,application/pdf,https://www.gencourt.state.nh.us/bill_status/legacy/bs2016/billText.aspx?sy=2024&id=2007&txtFormat=pdf&v=current,d186020c-0435-466b-bc56-e1c8e2f4ab5b
ded2ade4-0126-4bf6-8865-9cd29af5026f,text/html,https://www.gencourt.state.nh.us/bill_status/legacy/bs2016/billText.aspx?sy=2024&id=2007&txtFormat=html,d186020c-0435-466b-bc56-e1c8e2f4ab5b
be08b3ec-5bd4-4846-a2ff-93377996fa19,application/pdf,https://www.gencourt.state.nh.us/bill_status/legacy/bs2016/billText.aspx?sy=2024&id=2024-1449h&txtFormat=amend,e052d5f6-009c-40c8-861e-fbdfa024a440
70ec3031-c00f-4f3f-ab7a-3f062398d2f0,application/pdf,https://www.gencourt.state.nh.us/bill_status/legacy/bs2016/billText.aspx?sy=2024&id=2029&txtFormat=pdf&v=current,ede9999f-1ff4-4fc4-a9f5-2820007953e8
9ad0729a-2b96-4324-8abf-56e2b4c4420d,text/html,https://www.gencourt.state.nh.us/bill_status/legacy/bs2016/billText.aspx?sy=2024&id=2029&txtFormat=html,ede9999f-1ff4-4fc4-a9f5-2820007953e8
baf20bb9-59f5-467b-beaa-fa275d85ddba,application/pdf,https://www.gencourt.state.nh.us/bill_status/legacy/bs2016/billText.aspx?sy=2024&id=2024-2124s&txtFormat=amend,72e2774b-5627-40f1-8524-06623d7fc7a1
82136e18-042b-4e7d-a4f6-6d7f656f780f,application/pdf,https://www.gencourt.state.nh.us/bill_status/legacy/bs2016/billText.aspx?sy=2024&id=1350&txtFormat=pdf&v=current,1ff2ccd4-1c35-447b-8585-1585fc256f9e
5b7ce6fe-1d23-4e53-9d60-79a9172236ca,text/html,https://www.gencourt.state.nh.us/bill_status/legacy/bs2016/billText.aspx?sy=2024&id=1350&txtFormat=html,1ff2ccd4-1c35-447b-8585-1585fc256f9e
d69a00e1-0974-4b2a-8bd2-20547eee1b20,application/pdf,https://www.gencourt.state.nh.us/bill_status/legacy/bs2016/billText.aspx?sy=2024&id=1603&txtFormat=pdf&v=current,8413f6f4-4dcd-4f14-bf26-736834e9fffc
a58e9cd8-5a2a-4a20-9f9c-a4001ab5face,text/html,https://www.gencourt.state.nh.us/bill_status/legacy/bs2016/billText.aspx?sy=2024&id=1603&txtFormat=html,8413f6f4-4dcd-4f14-bf26-736834e9fffc
766ba911-46d9-44b3-98a7-29cca8157cdc,application/pdf,https://www.gencourt.state.nh.us/bill_status/legacy/bs2016/billText.aspx?sy=2024&id=1217&txtFormat=pdf&v=current,aced5d51-440b-4396-867c-cf41c76de28d
fb70b50f-0cee-494d-b7e3-9f904cf350c4,text/html,https://www.gencourt.state.nh.us/bill_status/legacy/bs2016/billText.aspx?sy=2024&id=1217&txtFormat=html,aced5d51-440b-4396-867c-cf41c76de28d
0b5deae7-26ef-48fa-b6cf-aa416297cd61,application/pdf,https://www.gencourt.state.nh.us/bill_status/legacy/bs2016/billText.aspx?sy=2024&id=1412&txtFormat=pdf&v=current,e208737e-fb08-4789-a2a1-fcce8e366205
a8a1ed09-d7e5-4e41-996f-c9891ab63d4d,text/html,https://www.gencourt.state.nh.us/bill_status/legacy/bs2016/billText.aspx?sy=2024&id=1412&txtFormat=html,e208737e-fb08-4789-a2a1-fcce8e366205
deb3119e-72d4-4648-9af8-309c6206c1d9,application/pdf,https://www.gencourt.state.nh.us/bill_status/legacy/bs2016/billText.aspx?sy=2024&id=2047&txtFormat=pdf&v=current,80d5187b-6dd7-42d9-af48-726d54987d60
4c31a36d-225c-4f69-b892-b133156f19c5,text/html,https://www.gencourt.state.nh.us/bill_status/legacy/bs2016/billText.aspx?sy=2024&id=2047&txtFormat=html,80d5187b-6dd7-42d9-af48-726d54987d60
3597f712-0a63-45c0-a1e9-86ee00aec471,text/html,https://www.gencourt.state.nh.us/bill_status/legacy/bs2016/billText.aspx?sy=2024&id=1750&txtFormat=html,d5783b7b-37f3-4d66-958b-fb8beeb9b346
693f0946-5cdf-4a43-bf18-38db34a91e6f,application/pdf,https://www.gencourt.state.nh.us/bill_status/legacy/bs2016/billText.aspx?sy=2024&id=2024-1876s&txtFormat=amend,d155036f-b507-42ef-a428-2f16c33da7d9
111b0018-df21-45cf-81d7-f445e717daf3,application/pdf,https://www.gencourt.state.nh.us/bill_status/legacy/bs2016/billText.aspx?sy=2024&id=1582&txtFormat=pdf&v=current,c2803a30-8c3c-478c-9e50-7f57646ca70d
b7b1dd81-0da9-470c-b185-4d2dc39a65ee,text/html,https://www.gencourt.state.nh.us/bill_status/legacy/bs2016/billText.aspx?sy=2024&id=1582&txtFormat=html,c2803a30-8c3c-478c-9e50-7f57646ca70d
35f91494-d61d-4283-958a-874f81b2fed0,application/pdf,https://www.gencourt.state.nh.us/bill_status/legacy/bs2016/billText.aspx?sy=2024&id=1916&txtFormat=pdf&v=current,41216075-87e7-4600-a6e1-10886472bc8d
92dc08f2-ecb5-4012-bf78-daa55f5ff6a8,text/html,https://www.gencourt.state.nh.us/bill_status/legacy/bs2016/billText.aspx?sy=2024&id=1916&txtFormat=html,41216075-87e7-4600-a6e1-10886472bc8d
76b1034c-6b07-4af4-ba9b-d00f92d1c950,application/pdf,https://www.gencourt.state.nh.us/bill_status/legacy/bs2016/billText.aspx?sy=2024&id=2024-0683s&txtFormat=amend,efedc37c-07a7-4c1d-bff3-30295b05c33c
f567da92-ee8c-425e-893c-be62db30b437,application/pdf,https://www.gencourt.state.nh.us/bill_status/legacy/bs2016/billText.aspx?sy=2024&id=2191&txtFormat=pdf&v=current,bbe1615a-d5cf-46ad-8f81-f2e85d726bd9
bd33bfe7-9d9d-4855-a12a-b82e4485b723,application/pdf,https://www.gencourt.state.nh.us/bill_status/legacy/bs2016/billText.aspx?sy=2024&id=2024-2361e&txtFormat=amend,a19a6971-289f-4f61-85bd-4e4b898166c4
d6274acf-78fd-4c17-82dc-b44ecb075c42,application/pdf,https://www.gencourt.state.nh.us/bill_status/legacy/bs2016/billText.aspx?sy=2024&id=1436&txtFormat=pdf&v=current,5860e388-93bc-41db-b84c-9718ee5fb170
2bf65842-4044-4586-b98d-c8401d766bb1,text/html,https://www.gencourt.state.nh.us/bill_status/legacy/bs2016/billText.aspx?sy=2024&id=2191&txtFormat=html,bbe1615a-d5cf-46ad-8f81-f2e85d726bd9
886be093-ec18-409e-8290-39b293d6b48b,application/pdf,https://www.gencourt.state.nh.us/bill_status/legacy/bs2016/billText.aspx?sy=2024&id=2024-2369e&txtFormat=amend,43d7d478-03e8-4632-8e3e-194c109010f5
6755c437-838e-40ec-9d5b-30782c439b9e,text/html,https://www.gencourt.state.nh.us/bill_status/legacy/bs2016/billText.aspx?sy=2024&id=1436&txtFormat=html,5860e388-93bc-41db-b84c-9718ee5fb170
6a089341-eaa4-49b2-9334-414bcd49d8d0,application/pdf,https://www.gencourt.state.nh.us/bill_status/legacy/bs2016/billText.aspx?sy=2024&id=1481&txtFormat=pdf&v=current,a5370304-a023-46d3-bc20-0e729c61264b
1dde84a8-9287-49cb-874e-e5a6ddfd42cf,text/html,https://www.gencourt.state.nh.us/bill_status/legacy/bs2016/billText.aspx?sy=2024&id=1481&txtFormat=html,a5370304-a023-46d3-bc20-0e729c61264b
40a2ecea-c37b-4ca1-8de2-45953252d29e,application/pdf,https://www.gencourt.state.nh.us/bill_status/legacy/bs2016/billText.aspx?sy=2024&id=1581&txtFormat=pdf&v=current,cace6da9-c7b5-44ee-b5af-0c4ba4339f97
38ea8c4d-add2-45c7-9c93-2ffa6244d590,application/pdf,https://www.gencourt.state.nh.us/bill_status/legacy/bs2016/billText.aspx?sy=2024&id=2024-0874h&txtFormat=amend,7c24c061-670c-4946-a2ca-87d723269c4b
1b3dc8fc-28ce-434e-b861-cb21d7f710bb,application/pdf,https://www.gencourt.state.nh.us/bill_status/legacy/bs2016/billText.aspx?sy=2024&id=1137&txtFormat=pdf&v=current,16585e1b-aa8e-474d-b1d9-3676bcd54be3
f9742fb4-f9c7-402a-a1a5-d54d32df50a4,text/html,https://www.gencourt.state.nh.us/bill_status/legacy/bs2016/billText.aspx?sy=2024&id=1137&txtFormat=html,16585e1b-aa8e-474d-b1d9-3676bcd54be3
1144e0e0-31fb-4962-9523-71178f1b7289,text/html,https://www.gencourt.state.nh.us/bill_status/legacy/bs2016/billText.aspx?sy=2024&id=1581&txtFormat=html,cace6da9-c7b5-44ee-b5af-0c4ba4339f97
925b3a64-6f12-4a2c-aa50-28d976e474d5,application/pdf,https://www.gencourt.state.nh.us/bill_status/legacy/bs2016/billText.aspx?sy=2024&id=1599&txtFormat=pdf&v=current,ac86dd8b-4ea2-45e0-ac97-1d2597097516
a1c0847d-6deb-4dd9-830e-37efb52b7276,text/html,https://www.gencourt.state.nh.us/bill_status/legacy/bs2016/billText.aspx?sy=2024&id=1599&txtFormat=html,ac86dd8b-4ea2-45e0-ac97-1d2597097516
9a94a004-7d02-440e-92d7-9d795e671188,application/pdf,https://www.gencourt.state.nh.us/bill_status/legacy/bs2016/billText.aspx?sy=2024&id=1734&txtFormat=pdf&v=current,9927c105-d474-4af3-9ed9-66a90d2a786b
b2cadc32-a34d-4ee8-876d-5e849752d38b,text/html,https://www.gencourt.state.nh.us/bill_status/legacy/bs2016/billText.aspx?sy=2024&id=1734&txtFormat=html,9927c105-d474-4af3-9ed9-66a90d2a786b
84c17625-e6c3-4225-bdfd-8c8fe959beb3,application/pdf,https://www.gencourt.state.nh.us/bill_status/legacy/bs2016/billText.aspx?sy=2024&id=2024-1961s&txtFormat=amend,07480f18-7acc-4172-9be1-967f9f0c7b06
06f3660d-7292-4f53-b8dc-4b5f1d3cd844,application/pdf,https://www.gencourt.state.nh.us/bill_status/legacy/bs2016/billText.aspx?sy=2024&id=1555&txtFormat=pdf&v=current,21bb1f8c-df04-49a1-a885-44f59c912270
55b08e76-6683-4efd-bbb3-db1834a8b39c,text/html,https://www.gencourt.state.nh.us/bill_status/legacy/bs2016/billText.aspx?sy=2024&id=1555&txtFormat=html,21bb1f8c-df04-49a1-a885-44f59c912270
2502d00b-6460-4964-b6a7-55e57119864d,application/pdf,https://www.gencourt.state.nh.us/bill_status/legacy/bs2016/billText.aspx?sy=2024&id=2025&txtFormat=pdf&v=current,31f3a21b-5d81-43e2-9a36-7cd95ddaedab
3c164e8a-fc80-4d72-bd07-3b3f05c16c37,application/pdf,https://www.gencourt.state.nh.us/bill_status/legacy/bs2016/billText.aspx?sy=2024&id=2023-2272h&txtFormat=amend,cf958a94-932a-40d7-abd2-87883085dcbd
ced3b012-a4ea-4cfe-bc02-6bf8258d24f7,application/pdf,https://www.gencourt.state.nh.us/bill_status/legacy/bs2016/billText.aspx?sy=2024&id=2024-1676h&txtFormat=amend,cd56c76f-fabf-477f-bb45-b4201c446c89
b4bb87c1-e757-4bb4-ab32-3379f992e5e8,text/html,https://www.gencourt.state.nh.us/bill_status/legacy/bs2016/billText.aspx?sy=2024&id=2025&txtFormat=html,31f3a21b-5d81-43e2-9a36-7cd95ddaedab
53780535-f5dd-440b-8e69-84bb43b7b352,application/pdf,https://www.gencourt.state.nh.us/bill_status/legacy/bs2016/billText.aspx?sy=2024&id=1999&txtFormat=pdf&v=current,284c90c8-8da6-4495-b561-b6d2f5732fda
2593b22d-a394-4343-984a-beb7a7a5acaa,text/html,https://www.gencourt.state.nh.us/bill_status/legacy/bs2016/billText.aspx?sy=2024&id=1999&txtFormat=html,284c90c8-8da6-4495-b561-b6d2f5732fda
11c58789-8002-419c-afd6-ed3786c0f194,application/pdf,https://www.gencourt.state.nh.us/bill_status/legacy/bs2016/billText.aspx?sy=2024&id=1496&txtFormat=pdf&v=current,4d6323b9-085e-477e-9ad3-d766b4a64773
38c1748a-4fbf-4330-b87e-6f113a107945,text/html,https://www.gencourt.state.nh.us/bill_status/legacy/bs2016/billText.aspx?sy=2024&id=1496&txtFormat=html,4d6323b9-085e-477e-9ad3-d766b4a64773
3d5ed039-69a7-4b40-8466-ebd14f459406,application/pdf,https://www.gencourt.state.nh.us/bill_status/legacy/bs2016/billText.aspx?sy=2024&id=1727&txtFormat=pdf&v=current,54b5a03f-c815-413e-b9df-d311d6b2e2b5
631a8c41-59b4-483b-83c5-88a15348194d,text/html,https://www.gencourt.state.nh.us/bill_status/legacy/bs2016/billText.aspx?sy=2024&id=1727&txtFormat=html,54b5a03f-c815-413e-b9df-d311d6b2e2b5
7ee83385-4803-47a3-a89d-920b5bc57221,application/pdf,https://www.gencourt.state.nh.us/bill_status/legacy/bs2016/billText.aspx?sy=2024&id=2024-0826s&txtFormat=amend,7149e305-e758-407e-a5d7-40099c0cadcc
bdec6493-3986-48cd-95b1-fc9c7c7203f0,application/pdf,https://www.gencourt.state.nh.us/bill_status/legacy/bs2016/billText.aspx?sy=2024&id=2098&txtFormat=pdf&v=current,7027839b-effe-491c-a7ec-5933eba5e9d7
4f6da837-b7c9-4b66-9474-3e6d5731db14,application/pdf,https://www.gencourt.state.nh.us/bill_status/legacy/bs2016/billText.aspx?sy=2024&id=2102&txtFormat=pdf&v=current,2c8a29b9-a108-42e2-96bb-9380282fd468
ace5e809-e2cf-42f2-88fc-10cbaf77f6ec,text/html,https://www.gencourt.state.nh.us/bill_status/legacy/bs2016/billText.aspx?sy=2024&id=2102&txtFormat=html,2c8a29b9-a108-42e2-96bb-9380282fd468
4b09bed2-29a1-444a-9912-b4be4313bd71,application/pdf,https://www.gencourt.state.nh.us/bill_status/legacy/bs2016/billText.aspx?sy=2024&id=2024-1947s&txtFormat=amend,8b06061d-f93f-4cd7-8d11-d373dd5f5149
7799cca7-8158-4d33-8fcc-62c46133aa91,text/html,https://www.gencourt.state.nh.us/bill_status/legacy/bs2016/billText.aspx?sy=2024&id=2098&txtFormat=html,7027839b-effe-491c-a7ec-5933eba5e9d7
70a96345-9ab4-4e8c-8a48-836743818e6a,application/pdf,https://www.gencourt.state.nh.us/bill_status/legacy/bs2016/billText.aspx?sy=2024&id=1641&txtFormat=pdf&v=current,23ecfde1-9517-42f8-8c10-0c8b833b395c
6a4f1fce-d975-4221-8932-faf21503c688,text/html,https://www.gencourt.state.nh.us/bill_status/legacy/bs2016/billText.aspx?sy=2024&id=1641&txtFormat=html,23ecfde1-9517-42f8-8c10-0c8b833b395c
b0a7e959-a684-4d12-9e44-6d9d2d606504,application/pdf,https://www.gencourt.state.nh.us/bill_status/legacy/bs2016/billText.aspx?sy=2024&id=1511&txtFormat=pdf&v=current,5d3ff2b6-fa06-4641-ab92-81bbca371729
f314372a-8330-43e0-8a93-f89195e79630,text/html,https://www.gencourt.state.nh.us/bill_status/legacy/bs2016/billText.aspx?sy=2024&id=1511&txtFormat=html,5d3ff2b6-fa06-4641-ab92-81bbca371729
fa490263-0673-4ee1-b129-eb09c63e8dca,application/pdf,https://www.gencourt.state.nh.us/bill_status/legacy/bs2016/billText.aspx?sy=2024&id=2024-1516s&txtFormat=amend,c1abd67e-d262-43f7-935a-559dff37cf60
aa421577-fba6-4d13-92a3-3d72ca57dcd6,application/pdf,https://www.gencourt.state.nh.us/bill_status/legacy/bs2016/billText.aspx?sy=2024&id=2083&txtFormat=pdf&v=current,b3570465-4af2-46a3-bcc9-65e19d3bec6e
77372cd5-e6cf-4a36-902b-7a48b16ee270,application/pdf,https://www.gencourt.state.nh.us/bill_status/legacy/bs2016/billText.aspx?sy=2024&id=1635&txtFormat=pdf&v=current,851058ca-e8a7-4f35-8d04-20eafcdaa05a
1df51683-54d5-46a7-8cff-60ac9e6dd58a,text/html,https://www.gencourt.state.nh.us/bill_status/legacy/bs2016/billText.aspx?sy=2024&id=1635&txtFormat=html,851058ca-e8a7-4f35-8d04-20eafcdaa05a
5c413b09-fc89-49df-b5ac-d7610925aab6,application/pdf,https://www.gencourt.state.nh.us/bill_status/legacy/bs2016/billText.aspx?sy=2024&id=2023-2366h&txtFormat=amend,5ae7e739-218b-4a04-81a8-8515b4fb433d
e8ba95c5-af3e-481d-a31d-a43ad420de5e,application/pdf,https://www.gencourt.state.nh.us/bill_status/legacy/bs2016/billText.aspx?sy=2024&id=2024-1898h&txtFormat=amend,8847f82e-4942-48fe-baf9-fa1e60929387
6cd986cc-0d03-4248-8ba0-81c7663c5bef,application/pdf,https://www.gencourt.state.nh.us/bill_status/legacy/bs2016/billText.aspx?sy=2024&id=2120&txtFormat=pdf&v=current,eec8ec3d-b9a3-48ab-8778-b68de359f860
1e278125-4735-451e-a7f2-964e942a0e43,text/html,https://www.gencourt.state.nh.us/bill_status/legacy/bs2016/billText.aspx?sy=2024&id=2120&txtFormat=html,eec8ec3d-b9a3-48ab-8778-b68de359f860
32073897-a729-4bb6-97ba-a5305f1c8ac1,application/pdf,https://www.gencourt.state.nh.us/bill_status/legacy/bs2016/billText.aspx?sy=2024&id=2023-2382h&txtFormat=amend,44b91a04-11ba-4a7f-8c9d-44a1716a3436
ef9ceca3-144e-4f6e-9a42-9f1f322a2ca0,application/pdf,https://www.gencourt.state.nh.us/bill_status/legacy/bs2016/billText.aspx?sy=2024&id=2023-2395h&txtFormat=amend,f298ee52-5989-4cf5-9852-b5aec04fe5d8
54850e7e-14c0-4838-86d4-8287864f1ae9,application/pdf,https://www.gencourt.state.nh.us/bill_status/legacy/bs2016/billText.aspx?sy=2024&id=2024-1688h&txtFormat=amend,b50d0b30-c8d6-4639-8db7-71cc1b12aa03
cdc10e46-72a8-4036-a43d-14e4b351a9bf,application/pdf,https://www.gencourt.state.nh.us/bill_status/legacy/bs2016/billText.aspx?sy=2024&id=2096&txtFormat=pdf&v=current,f18a0304-99cc-4b65-83c1-34bbea4a27e3
5551abfa-b283-4d5e-8840-65e913e585bd,text/html,https://www.gencourt.state.nh.us/bill_status/legacy/bs2016/billText.aspx?sy=2024&id=2096&txtFormat=html,f18a0304-99cc-4b65-83c1-34bbea4a27e3
c42e941b-ef42-4654-b4a1-1f36ed56e769,application/pdf,https://www.gencourt.state.nh.us/bill_status/legacy/bs2016/billText.aspx?sy=2024&id=1411&txtFormat=pdf&v=current,5379ed32-85a9-4855-8680-684da1d0222d
5a97a5b0-5ce8-4fc3-94dd-36d5557b75fa,text/html,https://www.gencourt.state.nh.us/bill_status/legacy/bs2016/billText.aspx?sy=2024&id=1411&txtFormat=html,5379ed32-85a9-4855-8680-684da1d0222d
e6e844c4-96c5-4c7c-937a-66c2e311533d,application/pdf,https://www.gencourt.state.nh.us/bill_status/legacy/bs2016/billText.aspx?sy=2024&id=1758&txtFormat=pdf&v=current,5f2dca1f-428d-4eda-b7b8-a1c974eb4d63
9de17b5a-657d-479b-9769-6e4e0efa5c14,text/html,https://www.gencourt.state.nh.us/bill_status/legacy/bs2016/billText.aspx?sy=2024&id=1758&txtFormat=html,5f2dca1f-428d-4eda-b7b8-a1c974eb4d63
90613953-a53b-42f2-853e-5c11a0397fee,application/pdf,https://www.gencourt.state.nh.us/bill_status/legacy/bs2016/billText.aspx?sy=2024&id=2024-1610h&txtFormat=amend,179e2e00-1dc7-4417-ba58-517151702dae
efdd3410-0780-4bb7-bdba-9fb63221ffbf,application/pdf,https://www.gencourt.state.nh.us/bill_status/legacy/bs2016/billText.aspx?sy=2024&id=1996&txtFormat=pdf&v=current,38f4efbb-b3a2-43f9-884e-3ff0d630bd3e
3b0681a2-d400-44e4-8c12-882dc01608b1,text/html,https://www.gencourt.state.nh.us/bill_status/legacy/bs2016/billText.aspx?sy=2024&id=1996&txtFormat=html,38f4efbb-b3a2-43f9-884e-3ff0d630bd3e
71452c7f-644c-4309-84ca-5d80c8377fdf,application/pdf,https://www.gencourt.state.nh.us/bill_status/legacy/bs2016/billText.aspx?sy=2024&id=2024-1453h&txtFormat=amend,5087e1ad-5b66-440a-bf28-bf955902f4c1
56e6102e-25f6-4b79-8988-7c9cb9043cee,application/pdf,https://www.gencourt.state.nh.us/bill_status/legacy/bs2016/billText.aspx?sy=2024&id=1989&txtFormat=pdf&v=current,6e6f4a97-930f-4f99-9656-60ca6fe28853
6db66fc2-35b2-4ebc-ba28-c8fb2a0db549,text/html,https://www.gencourt.state.nh.us/bill_status/legacy/bs2016/billText.aspx?sy=2024&id=1989&txtFormat=html,6e6f4a97-930f-4f99-9656-60ca6fe28853
694b75c3-8c77-4f89-9131-102575d14a05,application/pdf,https://www.gencourt.state.nh.us/bill_status/legacy/bs2016/billText.aspx?sy=2024&id=2024-2354e&txtFormat=amend,175cc774-8e5f-4e23-bff2-1c8e10528c14
340234a1-46b1-49f4-95ee-7c3ec6d90e8e,text/html,https://www.gencourt.state.nh.us/bill_status/legacy/bs2016/billText.aspx?sy=2024&id=2083&txtFormat=html,b3570465-4af2-46a3-bcc9-65e19d3bec6e
2b732b41-c104-4ae5-aa5c-58ebf67e36b5,application/pdf,https://www.gencourt.state.nh.us/bill_status/legacy/bs2016/billText.aspx?sy=2024&id=1447&txtFormat=pdf&v=current,7fe9e711-a41f-4d7c-af0b-f99912c81307
24c29b98-5951-4198-9e6c-560694dde81c,text/html,https://www.gencourt.state.nh.us/bill_status/legacy/bs2016/billText.aspx?sy=2024&id=1447&txtFormat=html,7fe9e711-a41f-4d7c-af0b-f99912c81307
53406d74-a88e-40c1-ab57-a71243605038,application/pdf,https://www.gencourt.state.nh.us/bill_status/legacy/bs2016/billText.aspx?sy=2024&id=2024-1492h&txtFormat=amend,6944c704-9bfa-4913-94fe-2d282d3b9bf1
14f45e80-aafe-44f3-a522-724d70d2a35e,application/pdf,https://www.gencourt.state.nh.us/bill_status/legacy/bs2016/billText.aspx?sy=2024&id=2171&txtFormat=pdf&v=current,fb25d026-2055-493a-955c-8c241b755f27
92ae73f2-220f-4c57-9b8a-c25fec68a8c5,text/html,https://www.gencourt.state.nh.us/bill_status/legacy/bs2016/billText.aspx?sy=2024&id=2171&txtFormat=html,fb25d026-2055-493a-955c-8c241b755f27
0a603a17-b810-41ab-b3b5-f2f4d99ebac8,application/pdf,https://www.gencourt.state.nh.us/bill_status/legacy/bs2016/billText.aspx?sy=2024&id=1579&txtFormat=pdf&v=current,e971e7ac-7aef-4dee-8eda-d846f5d6e4e6
2161bd6d-f4c9-421d-91d1-4be9121d7c6a,text/html,https://www.gencourt.state.nh.us/bill_status/legacy/bs2016/billText.aspx?sy=2024&id=1579&txtFormat=html,e971e7ac-7aef-4dee-8eda-d846f5d6e4e6
3608714e-1573-40cc-ad43-a998a4f1a1d9,application/pdf,https://www.gencourt.state.nh.us/bill_status/legacy/bs2016/billText.aspx?sy=2024&id=2024-1995h&txtFormat=amend,8bf26bba-3a86-457c-9e33-73f9ce81ae25
2425b7c7-21a4-4d0a-a08c-3ae21884ff68,application/pdf,https://www.gencourt.state.nh.us/bill_status/legacy/bs2016/billText.aspx?sy=2024&id=1906&txtFormat=pdf&v=current,45418d30-9104-454d-8b5a-abbeaf1f6b58
2e47c945-6813-41cf-8a19-b0051dfa1169,text/html,https://www.gencourt.state.nh.us/bill_status/legacy/bs2016/billText.aspx?sy=2024&id=1906&txtFormat=html,45418d30-9104-454d-8b5a-abbeaf1f6b58
bac6a85a-ba35-4466-a81c-ef7a6fc53e04,application/pdf,https://www.gencourt.state.nh.us/bill_status/legacy/bs2016/billText.aspx?sy=2024&id=1527&txtFormat=pdf&v=current,34584499-ae43-4463-9e09-9c0f54e68676
cdfaf833-ec7a-49ea-8bd7-2401d20b6010,application/pdf,https://www.gencourt.state.nh.us/bill_status/legacy/bs2016/billText.aspx?sy=2024&id=2088&txtFormat=pdf&v=current,908a4193-0c3a-4098-a7ab-8c71990bb1fd
a50fd4a0-36bc-4ff8-86f6-f1684856da8b,text/html,https://www.gencourt.state.nh.us/bill_status/legacy/bs2016/billText.aspx?sy=2024&id=2088&txtFormat=html,908a4193-0c3a-4098-a7ab-8c71990bb1fd
b321dade-ead6-49de-a42a-2ab5742f74e5,application/pdf,https://www.gencourt.state.nh.us/bill_status/legacy/bs2016/billText.aspx?sy=2024&id=2024-1129h&txtFormat=amend,3946bacd-c966-4f8e-ac88-9e6d24cc982a
f650820c-cb6b-456a-88ec-80f1130235ff,application/pdf,https://www.gencourt.state.nh.us/bill_status/legacy/bs2016/billText.aspx?sy=2024&id=1547&txtFormat=pdf&v=current,7956be96-3383-4792-88e0-0ad70739b228
17872d24-4410-448c-8718-6b1dae38676f,text/html,https://www.gencourt.state.nh.us/bill_status/legacy/bs2016/billText.aspx?sy=2024&id=1547&txtFormat=html,7956be96-3383-4792-88e0-0ad70739b228
19de9793-8b3e-4903-a20b-6b02ecbc2317,application/pdf,https://www.gencourt.state.nh.us/bill_status/legacy/bs2016/billText.aspx?sy=2024&id=2024-1866h&txtFormat=amend,82a1ee72-c366-482d-b341-bb35cfc9a0cb
f00423c4-12c0-4376-be65-188848d0cbaa,application/pdf,https://www.gencourt.state.nh.us/bill_status/legacy/bs2016/billText.aspx?sy=2024&id=2094&txtFormat=pdf&v=current,dd4dfd2e-3877-40eb-bc3b-b24218c08fa6
b74b8596-965c-45cc-936b-cdcc35909574,text/html,https://www.gencourt.state.nh.us/bill_status/legacy/bs2016/billText.aspx?sy=2024&id=2094&txtFormat=html,dd4dfd2e-3877-40eb-bc3b-b24218c08fa6
bc4f01f9-94ec-4542-b362-106e0c5ebfbc,application/pdf,https://www.gencourt.state.nh.us/bill_status/legacy/bs2016/billText.aspx?sy=2024&id=1418&txtFormat=pdf&v=current,81719e9a-500d-4244-b6f9-b20d3845243d
90226884-6c52-46a3-bd3c-a8f7223b4bd3,text/html,https://www.gencourt.state.nh.us/bill_status/legacy/bs2016/billText.aspx?sy=2024&id=1418&txtFormat=html,81719e9a-500d-4244-b6f9-b20d3845243d
c060af17-9aa8-4c55-9a7b-67d01ed0d79d,application/pdf,https://www.gencourt.state.nh.us/bill_status/legacy/bs2016/billText.aspx?sy=2024&id=2024-1608s&txtFormat=amend,2719b0bd-79b8-4b43-b64d-99f2d8ea6ff4
991747d4-df73-44cf-ab96-7c358a39d4a4,application/pdf,https://www.gencourt.state.nh.us/bill_status/legacy/bs2016/billText.aspx?sy=2024&id=1657&txtFormat=pdf&v=current,9bdf90a7-bfc7-418c-b2a4-ac4fcf6b0094
64519d2e-aef5-46e7-b726-daad69b7ccbb,text/html,https://www.gencourt.state.nh.us/bill_status/legacy/bs2016/billText.aspx?sy=2024&id=1657&txtFormat=html,9bdf90a7-bfc7-418c-b2a4-ac4fcf6b0094
7170269c-62bc-496f-a17f-137d5e2907c5,application/pdf,https://www.gencourt.state.nh.us/bill_status/legacy/bs2016/billText.aspx?sy=2024&id=2024-0349h&txtFormat=amend,edbe291e-4572-410b-9391-289d96ab0ba1
650b15b1-0d71-4180-bc68-907d2753d125,application/pdf,https://www.gencourt.state.nh.us/bill_status/legacy/bs2016/billText.aspx?sy=2024&id=1177&txtFormat=pdf&v=current,8e28d77b-efe9-46db-bacb-93608c1f1d4d
e9029568-94e6-4134-937c-61e9f4fc1a4b,text/html,https://www.gencourt.state.nh.us/bill_status/legacy/bs2016/billText.aspx?sy=2024&id=1177&txtFormat=html,8e28d77b-efe9-46db-bacb-93608c1f1d4d
a6333e62-d0ec-49e2-887f-743ed5e97e56,text/html,https://www.gencourt.state.nh.us/bill_status/legacy/bs2016/billText.aspx?sy=2024&id=1527&txtFormat=html,34584499-ae43-4463-9e09-9c0f54e68676
6332f181-b8a5-472e-9f53-84b48d8bd002,application/pdf,https://www.gencourt.state.nh.us/bill_status/legacy/bs2016/billText.aspx?sy=2024&id=2024-1614s&txtFormat=amend,9923f277-670d-40d6-886f-537141d761f0
1721aec0-10a1-41b8-8b25-3b616ebe1a73,application/pdf,https://www.gencourt.state.nh.us/bill_status/legacy/bs2016/billText.aspx?sy=2024&id=2225&txtFormat=pdf&v=current,167308d3-c5de-4ac7-b0e5-7365b84b9347
38d4317d-6fdc-4f03-b513-b10af2c5358e,text/html,https://www.gencourt.state.nh.us/bill_status/legacy/bs2016/billText.aspx?sy=2024&id=2225&txtFormat=html,167308d3-c5de-4ac7-b0e5-7365b84b9347
3d756220-4c95-4b03-b259-62326aa77fd3,application/pdf,https://www.gencourt.state.nh.us/bill_status/legacy/bs2016/billText.aspx?sy=2024&id=2024-1327h&txtFormat=amend,2e80dbf7-c458-4892-82d7-b9ea9205dcc7
970692fd-932b-4da7-9838-27c2ca1fc52a,application/pdf,https://www.gencourt.state.nh.us/bill_status/legacy/bs2016/billText.aspx?sy=2024&id=1710&txtFormat=pdf&v=current,b469251e-eed3-4409-a504-312399397a05
ef9475e5-cbbf-42a5-bedf-ba3e87cdc961,application/pdf,https://www.gencourt.state.nh.us/bill_status/legacy/bs2016/billText.aspx?sy=2024&id=2024-1874s&txtFormat=amend,885d8c5e-3517-453c-8576-aaf048486dbe
090ebf61-ba2d-42e6-8553-6de8b8d30865,application/pdf,https://www.gencourt.state.nh.us/bill_status/legacy/bs2016/billText.aspx?sy=2024&id=1214&txtFormat=pdf&v=current,d442736c-4e7e-412a-aac8-905d7d0027a6
80aaf6e9-c9c4-4fc6-ae86-2c16e5c1dd62,text/html,https://www.gencourt.state.nh.us/bill_status/legacy/bs2016/billText.aspx?sy=2024&id=1214&txtFormat=html,d442736c-4e7e-412a-aac8-905d7d0027a6
2b18c20c-eff5-4e14-a334-1eb3d6c837dc,application/pdf,https://www.gencourt.state.nh.us/bill_status/legacy/bs2016/billText.aspx?sy=2024&id=2024-0881h&txtFormat=amend,9e4b2b7e-a6fd-411a-b973-2b87f9fbaf17
384391e5-90c7-4bba-b346-812789c0215a,text/html,https://www.gencourt.state.nh.us/bill_status/legacy/bs2016/billText.aspx?sy=2024&id=1710&txtFormat=html,b469251e-eed3-4409-a504-312399397a05
d333b0bd-2928-42c5-8b64-2f572445a885,application/pdf,https://www.gencourt.state.nh.us/bill_status/legacy/bs2016/billText.aspx?sy=2024&id=1972&txtFormat=pdf&v=current,ad9ac0ba-0114-494d-9a68-af27e0db5c3e
8657edcb-9099-46ba-8887-cb9fc7f757af,text/html,https://www.gencourt.state.nh.us/bill_status/legacy/bs2016/billText.aspx?sy=2024&id=1972&txtFormat=html,ad9ac0ba-0114-494d-9a68-af27e0db5c3e
b8ee5b34-f843-4983-aed1-85cef91fee0c,application/pdf,https://www.gencourt.state.nh.us/bill_status/legacy/bs2016/billText.aspx?sy=2024&id=1295&txtFormat=pdf&v=current,3312c1c6-4153-4f37-83d9-af5d89d0fb0d
3da82756-8a83-41c4-95ec-f8537324f0d3,text/html,https://www.gencourt.state.nh.us/bill_status/legacy/bs2016/billText.aspx?sy=2024&id=1295&txtFormat=html,3312c1c6-4153-4f37-83d9-af5d89d0fb0d
b1aad48c-7fe3-43d4-8d4e-ef4c4d47d8d8,application/pdf,https://www.gencourt.state.nh.us/bill_status/legacy/bs2016/billText.aspx?sy=2024&id=1755&txtFormat=pdf&v=current,c3e00be0-edeb-419b-be1e-c0558e723c0e
cb3f1655-47a3-4b68-9d6e-a79803a0b778,text/html,https://www.gencourt.state.nh.us/bill_status/legacy/bs2016/billText.aspx?sy=2024&id=1755&txtFormat=html,c3e00be0-edeb-419b-be1e-c0558e723c0e
4cb1d203-da29-4e22-9cbf-a9bece5d133f,application/pdf,https://www.gencourt.state.nh.us/bill_status/legacy/bs2016/billText.aspx?sy=2024&id=2024-0417h&txtFormat=amend,f5f15cdd-fe84-419d-b334-985c1473cb6e
28f9a93d-da3b-490c-aa36-a83dcd745aba,application/pdf,https://www.gencourt.state.nh.us/bill_status/legacy/bs2016/billText.aspx?sy=2024&id=1304&txtFormat=pdf&v=current,1d1a0ada-119d-4762-9d85-ca6b6efb6179
b555a755-6640-4b5d-8354-651bf8383136,text/html,https://www.gencourt.state.nh.us/bill_status/legacy/bs2016/billText.aspx?sy=2024&id=1304&txtFormat=html,1d1a0ada-119d-4762-9d85-ca6b6efb6179
74005dbf-eb63-40d7-81ff-dc929d65ade7,application/pdf,https://www.gencourt.state.nh.us/bill_status/legacy/bs2016/billText.aspx?sy=2024&id=2024-2172s&txtFormat=amend,d2879432-37f9-4304-a33f-e499a90f87ba
aa483b6a-2a62-402a-9179-3518e670ce86,application/pdf,https://www.gencourt.state.nh.us/bill_status/legacy/bs2016/billText.aspx?sy=2024&id=1515&txtFormat=pdf&v=current,3228b6bd-4bef-4647-8fe7-0884c1dcf33a
689f530c-e9d9-460b-a8fe-86646352976a,text/html,https://www.gencourt.state.nh.us/bill_status/legacy/bs2016/billText.aspx?sy=2024&id=1515&txtFormat=html,3228b6bd-4bef-4647-8fe7-0884c1dcf33a
0ccc8172-317a-4e77-9712-937499985891,application/pdf,https://www.gencourt.state.nh.us/bill_status/legacy/bs2016/billText.aspx?sy=2024&id=1308&txtFormat=pdf&v=current,9f97e83d-e859-4c7d-ae84-edea8068cdbe
47f15c98-6145-402a-9704-a55e478b6e24,text/html,https://www.gencourt.state.nh.us/bill_status/legacy/bs2016/billText.aspx?sy=2024&id=1308&txtFormat=html,9f97e83d-e859-4c7d-ae84-edea8068cdbe
65e067ad-22e9-448c-874c-9f64a032ac62,application/pdf,https://www.gencourt.state.nh.us/bill_status/legacy/bs2016/billText.aspx?sy=2024&id=1927&txtFormat=pdf&v=current,246116cd-9263-4781-a5ab-b7a73706d890
a7cfc0b3-ef78-4498-ad43-bafe2d314dc6,text/html,https://www.gencourt.state.nh.us/bill_status/legacy/bs2016/billText.aspx?sy=2024&id=1927&txtFormat=html,246116cd-9263-4781-a5ab-b7a73706d890
ecdcfc91-e4d6-48c1-898d-b01e0fd9d7d7,application/pdf,https://www.gencourt.state.nh.us/bill_status/legacy/bs2016/billText.aspx?sy=2024&id=1732&txtFormat=pdf&v=current,70ebdaed-d963-4d3a-9659-afe84734db0f
0b7b3cbc-ee4c-4a20-aa83-76a89dc354b0,text/html,https://www.gencourt.state.nh.us/bill_status/legacy/bs2016/billText.aspx?sy=2024&id=1732&txtFormat=html,70ebdaed-d963-4d3a-9659-afe84734db0f
59be7540-5750-4ed0-beba-ac2350232cab,application/pdf,https://www.gencourt.state.nh.us/bill_status/legacy/bs2016/billText.aspx?sy=2024&id=1108&txtFormat=pdf&v=current,04321a22-81ee-4da2-9af1-72709f3afb2c
8b55309c-3810-4eea-aa1c-ad7f8fa73243,text/html,https://www.gencourt.state.nh.us/bill_status/legacy/bs2016/billText.aspx?sy=2024&id=1108&txtFormat=html,04321a22-81ee-4da2-9af1-72709f3afb2c
abe9174d-066b-441f-8bc8-4b0907698217,application/pdf,https://www.gencourt.state.nh.us/bill_status/legacy/bs2016/billText.aspx?sy=2024&id=1604&txtFormat=pdf&v=current,6bcfda07-63b9-4339-8c00-99d33c10d03e
05011123-0693-4828-9130-8057834d0b26,text/html,https://www.gencourt.state.nh.us/bill_status/legacy/bs2016/billText.aspx?sy=2024&id=1604&txtFormat=html,6bcfda07-63b9-4339-8c00-99d33c10d03e
f35aafc9-c71a-4025-97a5-39ac359ea1ae,application/pdf,https://www.gencourt.state.nh.us/bill_status/legacy/bs2016/billText.aspx?sy=2024&id=2040&txtFormat=pdf&v=current,1e8c6b65-b3c6-42f3-aed0-f40c85805f07
e9e9a9fe-72e2-42f7-9b72-578bf0382886,text/html,https://www.gencourt.state.nh.us/bill_status/legacy/bs2016/billText.aspx?sy=2024&id=2040&txtFormat=html,1e8c6b65-b3c6-42f3-aed0-f40c85805f07
3dc651c6-a7d1-47d9-b1ad-232565d721eb,application/pdf,https://www.gencourt.state.nh.us/bill_status/legacy/bs2016/billText.aspx?sy=2024&id=1745&txtFormat=pdf&v=current,5969fb5d-03d1-4622-9ca7-a5af1ee21ec4
60bf43a0-cd35-4f8f-90f0-406971d5463c,text/html,https://www.gencourt.state.nh.us/bill_status/legacy/bs2016/billText.aspx?sy=2024&id=1745&txtFormat=html,5969fb5d-03d1-4622-9ca7-a5af1ee21ec4
73ecd47f-921c-46a3-8ea6-c4a618ae6682,application/pdf,https://www.gencourt.state.nh.us/bill_status/legacy/bs2016/billText.aspx?sy=2024&id=2024-2137s&txtFormat=amend,d8ebf421-f41d-4152-886c-bc89c145a52a
7f8f5b8a-f01c-422c-a6de-494d4b03457d,application/pdf,https://www.gencourt.state.nh.us/bill_status/legacy/bs2016/billText.aspx?sy=2024&id=1893&txtFormat=pdf&v=current,5f143c02-00b1-456d-afab-88a8bb2b9a4f
a0647fc6-2a82-42a0-bcae-e9e9f13e6b54,application/pdf,https://www.gencourt.state.nh.us/bill_status/legacy/bs2016/billText.aspx?sy=2024&id=2242&txtFormat=pdf&v=current,87624ab8-567f-471d-87ae-9927771403b9
0dec6961-69dd-4b62-aa6b-d58d44c06251,text/html,https://www.gencourt.state.nh.us/bill_status/legacy/bs2016/billText.aspx?sy=2024&id=2242&txtFormat=html,87624ab8-567f-471d-87ae-9927771403b9
a953b93e-9e5c-42dd-a207-3460ff7440ff,text/html,https://www.gencourt.state.nh.us/bill_status/legacy/bs2016/billText.aspx?sy=2024&id=1893&txtFormat=html,5f143c02-00b1-456d-afab-88a8bb2b9a4f
75b4942c-473c-4413-bdf7-07306dea8d2b,application/pdf,https://www.gencourt.state.nh.us/bill_status/legacy/bs2016/billText.aspx?sy=2024&id=1586&txtFormat=pdf&v=current,c215d093-1e0e-4569-8526-db4c85e35398
8f719d5c-7151-4a75-975d-03e12d8ab96f,text/html,https://www.gencourt.state.nh.us/bill_status/legacy/bs2016/billText.aspx?sy=2024&id=1586&txtFormat=html,c215d093-1e0e-4569-8526-db4c85e35398
f2ff04de-29fb-49c5-849d-205aafbf5390,application/pdf,https://www.gencourt.state.nh.us/bill_status/legacy/bs2016/billText.aspx?sy=2024&id=2219&txtFormat=pdf&v=current,296f3c77-5d57-411a-ad64-d5b8e50495ea
b1fed469-8b81-4889-962a-3b139540b33f,text/html,https://www.gencourt.state.nh.us/bill_status/legacy/bs2016/billText.aspx?sy=2024&id=2219&txtFormat=html,296f3c77-5d57-411a-ad64-d5b8e50495ea
f757165c-ea30-4fa4-a7d5-008c828e2ff0,application/pdf,https://www.gencourt.state.nh.us/bill_status/legacy/bs2016/billText.aspx?sy=2024&id=2024-1618s&txtFormat=amend,9a910d59-e579-4bbb-96f6-8bf36e4e2df6
8d1efc35-ccd5-4f90-908e-16b27fd40ca1,application/pdf,https://www.gencourt.state.nh.us/bill_status/legacy/bs2016/billText.aspx?sy=2024&id=1476&txtFormat=pdf&v=current,8e4f241a-7818-4bb5-b8a9-0f17b54ecda4
eaef3859-b03f-4e46-b841-6de95963e7b6,text/html,https://www.gencourt.state.nh.us/bill_status/legacy/bs2016/billText.aspx?sy=2024&id=1476&txtFormat=html,8e4f241a-7818-4bb5-b8a9-0f17b54ecda4
2441e83b-6a25-402e-a986-765b9e8816ae,application/pdf,https://www.gencourt.state.nh.us/bill_status/legacy/bs2016/billText.aspx?sy=2024&id=2023-0253s&txtFormat=amend,08c1b39c-596d-4077-a011-59c3bfca7f22
6c4752d5-4552-48ff-a32d-80add05e4904,application/pdf,https://www.gencourt.state.nh.us/bill_status/legacy/bs2016/billText.aspx?sy=2024&id=1416&txtFormat=pdf&v=current,4ad4ac0f-4b79-4a70-877f-eef1d6b10ddb
eaeca670-a3b0-45f5-9b48-1afcf1db5cff,text/html,https://www.gencourt.state.nh.us/bill_status/legacy/bs2016/billText.aspx?sy=2024&id=1416&txtFormat=html,4ad4ac0f-4b79-4a70-877f-eef1d6b10ddb
0c706bcd-007c-4ef9-a5f3-b9a5dddc29b4,application/pdf,https://www.gencourt.state.nh.us/bill_status/legacy/bs2016/billText.aspx?sy=2024&id=2072&txtFormat=pdf&v=current,036e7de1-d4d3-4203-8402-c4dd0c0e1e6c
c377f6a0-a22a-4c0c-a1a6-a482bff9f59b,text/html,https://www.gencourt.state.nh.us/bill_status/legacy/bs2016/billText.aspx?sy=2024&id=2072&txtFormat=html,036e7de1-d4d3-4203-8402-c4dd0c0e1e6c
2d740735-c4fe-40db-8139-0d6bd7a79298,application/pdf,https://www.gencourt.state.nh.us/bill_status/legacy/bs2016/billText.aspx?sy=2024&id=2024-0574s&txtFormat=amend,07ded028-3409-470a-bbbf-bb84094d7032
1235ef5d-5e54-4208-a193-75dddfc60330,application/pdf,https://www.gencourt.state.nh.us/bill_status/legacy/bs2016/billText.aspx?sy=2024&id=2023-0376h&txtFormat=amend,4318c861-cb4e-4fa5-85cf-9b0577fe2295
f844d530-276a-41f9-bb1a-693fba0d9573,application/pdf,https://www.gencourt.state.nh.us/bill_status/legacy/bs2016/billText.aspx?sy=2024&id=1101&txtFormat=pdf&v=current,ceec6f84-e45d-438e-8cf8-8fb8af237925
11e5930a-10f6-4cb8-8162-d595e7d99049,text/html,https://www.gencourt.state.nh.us/bill_status/legacy/bs2016/billText.aspx?sy=2024&id=1101&txtFormat=html,ceec6f84-e45d-438e-8cf8-8fb8af237925
87bab852-ce12-439b-8c83-65b9044c2afb,application/pdf,https://www.gencourt.state.nh.us/bill_status/legacy/bs2016/billText.aspx?sy=2024&id=2024-2359e&txtFormat=amend,92e730d2-aca1-41bd-b8ea-a6dc5f4eb365
22964e57-3af8-417a-92f4-eecf4e887c1a,application/pdf,https://www.gencourt.state.nh.us/bill_status/legacy/bs2016/billText.aspx?sy=2024&id=1359&txtFormat=pdf&v=current,d3c1cb03-ce7e-46f3-9d89-499a351f23c1
1b3a1e7b-059b-4a55-8e8e-c5e15f1820e0,application/pdf,https://www.gencourt.state.nh.us/bill_status/legacy/bs2016/billText.aspx?sy=2024&id=2024-0179s&txtFormat=amend,7a15d49c-dff2-4902-b78d-1017e80612b6
06ad8c06-1ad4-484c-b578-8759bb0ab9ce,application/pdf,https://www.gencourt.state.nh.us/bill_status/legacy/bs2016/billText.aspx?sy=2024&id=1939&txtFormat=pdf&v=current,27fac47a-637d-4a67-b29e-a3cab4cf65e2
0b4117a1-2a73-4ef9-a40c-7c685e4adeda,text/html,https://www.gencourt.state.nh.us/bill_status/legacy/bs2016/billText.aspx?sy=2024&id=1939&txtFormat=html,27fac47a-637d-4a67-b29e-a3cab4cf65e2
2f41e4bd-5585-4c60-9bb0-120d0a92e808,application/pdf,https://www.gencourt.state.nh.us/bill_status/legacy/bs2016/billText.aspx?sy=2024&id=2024-0859h&txtFormat=amend,efb00aa7-3c55-4448-9297-a1af91b12713
e4312d42-a522-4e67-8ed6-0acdcceca327,application/pdf,https://www.gencourt.state.nh.us/bill_status/legacy/bs2016/billText.aspx?sy=2024&id=1450&txtFormat=pdf&v=current,f1c34d3b-3e36-4176-95c6-9c4d20be9e80
975899b4-79ae-4d31-8118-b7f1f00c531d,text/html,https://www.gencourt.state.nh.us/bill_status/legacy/bs2016/billText.aspx?sy=2024&id=1450&txtFormat=html,f1c34d3b-3e36-4176-95c6-9c4d20be9e80
9ca91004-d423-4dc9-aa79-7f5660267e77,application/pdf,https://www.gencourt.state.nh.us/bill_status/legacy/bs2016/billText.aspx?sy=2024&id=2024-2013s&txtFormat=amend,cf21ce83-cf8d-470a-b0f9-3da71763c1f7
34e1a0dd-299d-45b0-85f7-2519fb653add,application/pdf,https://www.gencourt.state.nh.us/bill_status/legacy/bs2016/billText.aspx?sy=2024&id=1441&txtFormat=pdf&v=current,869c9a19-20c2-44e6-bddb-bc831e14bd6d
ebfaef7c-df52-4a83-a22c-ebe84662874f,text/html,https://www.gencourt.state.nh.us/bill_status/legacy/bs2016/billText.aspx?sy=2024&id=1441&txtFormat=html,869c9a19-20c2-44e6-bddb-bc831e14bd6d
1e7ae01f-1c7e-423f-bb70-5a764cdedad0,text/html,https://www.gencourt.state.nh.us/bill_status/legacy/bs2016/billText.aspx?sy=2024&id=1359&txtFormat=html,d3c1cb03-ce7e-46f3-9d89-499a351f23c1
022eaf2d-30c7-4516-be6f-8589e5ca9f54,application/pdf,https://www.gencourt.state.nh.us/bill_status/legacy/bs2016/billText.aspx?sy=2024&id=2024-0701h&txtFormat=amend,bbbba84d-1261-4aa9-a069-7e3405cf84f4
a382ab74-cf90-423b-b9c3-09cb30c40693,application/pdf,https://www.gencourt.state.nh.us/bill_status/legacy/bs2016/billText.aspx?sy=2024&id=1272&txtFormat=pdf&v=current,05a47e46-4a0f-45bd-8e97-6c8e8e7a1194
c5374738-035d-44fb-afc6-a3e95a5b6427,text/html,https://www.gencourt.state.nh.us/bill_status/legacy/bs2016/billText.aspx?sy=2024&id=1272&txtFormat=html,05a47e46-4a0f-45bd-8e97-6c8e8e7a1194
69e65634-1cf6-4b6f-940d-55edc97876fc,application/pdf,https://www.gencourt.state.nh.us/bill_status/legacy/bs2016/billText.aspx?sy=2024&id=1862&txtFormat=pdf&v=current,47bf2dc2-76df-4e7f-89fc-aa4a0acbb944
5d9bdb27-2713-4727-9ce8-3d2113792e08,application/pdf,https://www.gencourt.state.nh.us/bill_status/legacy/bs2016/billText.aspx?sy=2024&id=1877&txtFormat=pdf&v=current,dd5b5acf-02f0-4543-bb67-fccf3e152107
748b5315-6f3d-4613-b672-5b21c64e90b9,text/html,https://www.gencourt.state.nh.us/bill_status/legacy/bs2016/billText.aspx?sy=2024&id=1877&txtFormat=html,dd5b5acf-02f0-4543-bb67-fccf3e152107
311c8781-9456-4e8c-9e03-4490b5fc3b6d,application/pdf,https://www.gencourt.state.nh.us/bill_status/legacy/bs2016/billText.aspx?sy=2024&id=1508&txtFormat=pdf&v=current,ed5d6abf-9b16-4105-a84b-57f869bf8b46
a1f59174-90b8-4a51-9b81-d8c7cc72c0ae,text/html,https://www.gencourt.state.nh.us/bill_status/legacy/bs2016/billText.aspx?sy=2024&id=1508&txtFormat=html,ed5d6abf-9b16-4105-a84b-57f869bf8b46
6872e9e8-fc58-49fe-83c4-ff4fdd58960c,application/pdf,https://www.gencourt.state.nh.us/bill_status/legacy/bs2016/billText.aspx?sy=2024&id=1662&txtFormat=pdf&v=current,5ed186e4-9115-498b-8a75-e5910c1d8f1b
76df3592-c6d1-4496-9aa9-600224251a05,text/html,https://www.gencourt.state.nh.us/bill_status/legacy/bs2016/billText.aspx?sy=2024&id=1662&txtFormat=html,5ed186e4-9115-498b-8a75-e5910c1d8f1b
6a24aeba-ba6b-47c1-8a6f-6b4bf03c0ac9,application/pdf,https://www.gencourt.state.nh.us/bill_status/legacy/bs2016/billText.aspx?sy=2024&id=1431&txtFormat=pdf&v=current,472baa3a-8790-4c51-99d7-e9a73137cc8f
a0eb439f-11dc-4739-8bbc-6ee866f155ac,text/html,https://www.gencourt.state.nh.us/bill_status/legacy/bs2016/billText.aspx?sy=2024&id=1431&txtFormat=html,472baa3a-8790-4c51-99d7-e9a73137cc8f
096b134a-84ae-4567-b2b1-3b6a57a03496,application/pdf,https://www.gencourt.state.nh.us/bill_status/legacy/bs2016/billText.aspx?sy=2024&id=2023-2326h&txtFormat=amend,3ce96fb7-6914-41b6-82b5-60d822b1ee7b
a535c7ab-f275-40a4-909e-e69ce12bc064,application/pdf,https://www.gencourt.state.nh.us/bill_status/legacy/bs2016/billText.aspx?sy=2024&id=1139&txtFormat=pdf&v=current,35a285a0-6081-4fc0-8e59-4c728bcdbfd3
1400d66c-013e-4564-b6ec-2c18332497f5,text/html,https://www.gencourt.state.nh.us/bill_status/legacy/bs2016/billText.aspx?sy=2024&id=1139&txtFormat=html,35a285a0-6081-4fc0-8e59-4c728bcdbfd3
67b82307-8e93-47a9-90a1-2fae13c80a09,application/pdf,https://www.gencourt.state.nh.us/bill_status/legacy/bs2016/billText.aspx?sy=2024&id=2024-0108s&txtFormat=amend,4e730fbc-6e5b-4da3-8317-16a48b8ef531
2e7d2d99-e160-43aa-83a7-b997fdd4e229,text/html,https://www.gencourt.state.nh.us/bill_status/legacy/bs2016/billText.aspx?sy=2024&id=1862&txtFormat=html,47bf2dc2-76df-4e7f-89fc-aa4a0acbb944
321a2254-37f6-4bca-9818-87bf9cf6d0f9,application/pdf,https://www.gencourt.state.nh.us/bill_status/legacy/bs2016/billText.aspx?sy=2024&id=1983&txtFormat=pdf&v=current,9c99f43a-838e-4d02-bae4-e4fb47bb88d2
eb07195b-a2c6-4d8b-be00-26df6d0d9270,text/html,https://www.gencourt.state.nh.us/bill_status/legacy/bs2016/billText.aspx?sy=2024&id=1983&txtFormat=html,9c99f43a-838e-4d02-bae4-e4fb47bb88d2
8fc8877b-30c4-4e1e-ab9c-22845a88a5bc,application/pdf,https://www.gencourt.state.nh.us/bill_status/legacy/bs2016/billText.aspx?sy=2024&id=1770&txtFormat=pdf&v=current,e22b32bf-f7b7-465e-b5d3-3da563d9e05e
571c0608-339e-4b00-89cf-24322e4101e0,text/html,https://www.gencourt.state.nh.us/bill_status/legacy/bs2016/billText.aspx?sy=2024&id=1770&txtFormat=html,e22b32bf-f7b7-465e-b5d3-3da563d9e05e
97130c94-0b4d-498f-bfa5-4f5b290cb35e,application/pdf,https://www.gencourt.state.nh.us/bill_status/legacy/bs2016/billText.aspx?sy=2024&id=1986&txtFormat=pdf&v=current,aaf5cb34-62c4-40dd-aeee-afe70ce23cc3
4adeaee2-4858-4d60-9112-d5cb4226f55c,text/html,https://www.gencourt.state.nh.us/bill_status/legacy/bs2016/billText.aspx?sy=2024&id=1986&txtFormat=html,aaf5cb34-62c4-40dd-aeee-afe70ce23cc3
2d65fdd3-fdce-4e34-af37-eee7336c4ae8,application/pdf,https://www.gencourt.state.nh.us/bill_status/legacy/bs2016/billText.aspx?sy=2024&id=2024-1569h&txtFormat=amend,b8ffbaf3-a500-465a-8c3a-675a70d51d94
5059cea0-1f2c-47cd-ad7d-fe1819cd526e,application/pdf,https://www.gencourt.state.nh.us/bill_status/legacy/bs2016/billText.aspx?sy=2024&id=2166&txtFormat=pdf&v=current,e31ead0c-94cb-4e33-9b79-4a4f8e4d4cb0
20b51283-b236-4f7e-879b-d72149268307,text/html,https://www.gencourt.state.nh.us/bill_status/legacy/bs2016/billText.aspx?sy=2024&id=2166&txtFormat=html,e31ead0c-94cb-4e33-9b79-4a4f8e4d4cb0
3ec914e8-dc90-41a4-a485-537355b12b94,application/pdf,https://www.gencourt.state.nh.us/bill_status/legacy/bs2016/billText.aspx?sy=2024&id=2024-0185s&txtFormat=amend,32d4576d-49ad-4899-9af1-25837fb5d030
a9132813-2e35-4354-825a-355c639ac473,application/pdf,https://www.gencourt.state.nh.us/bill_status/legacy/bs2016/billText.aspx?sy=2024&id=1946&txtFormat=pdf&v=current,4e1c47ea-ca94-47df-8fcf-d55c78524d66
bf5307c7-4e60-45ab-9c56-9b3cf4b3fdfa,text/html,https://www.gencourt.state.nh.us/bill_status/legacy/bs2016/billText.aspx?sy=2024&id=1946&txtFormat=html,4e1c47ea-ca94-47df-8fcf-d55c78524d66
b70197b7-756b-4e16-b68d-ca46d520df5a,application/pdf,https://www.gencourt.state.nh.us/bill_status/legacy/bs2016/billText.aspx?sy=2024&id=1155&txtFormat=pdf&v=current,33ffb71e-2adc-4fdb-9da8-f1a252d7b242
3e5fe2b8-ca87-471b-90f9-d0b1c32e895e,text/html,https://www.gencourt.state.nh.us/bill_status/legacy/bs2016/billText.aspx?sy=2024&id=1155&txtFormat=html,33ffb71e-2adc-4fdb-9da8-f1a252d7b242
343c92c2-0d56-4124-9cb1-52c7d6c39984,application/pdf,https://www.gencourt.state.nh.us/bill_status/legacy/bs2016/billText.aspx?sy=2024&id=1401&txtFormat=pdf&v=current,ebf4e4f4-5b89-42cd-bebd-d4e2d6ceec86
e92a7f05-72f3-43c0-a36f-9c07814e1a9e,text/html,https://www.gencourt.state.nh.us/bill_status/legacy/bs2016/billText.aspx?sy=2024&id=1401&txtFormat=html,ebf4e4f4-5b89-42cd-bebd-d4e2d6ceec86
a46951ee-59da-4aee-9808-0a751bb651c7,application/pdf,https://www.gencourt.state.nh.us/bill_status/legacy/bs2016/billText.aspx?sy=2024&id=2023-2436h&txtFormat=amend,c55812ea-8576-483d-9127-4a6cce1d775f
e46b454f-7ce7-444f-82f0-61249c97f563,application/pdf,https://www.gencourt.state.nh.us/bill_status/legacy/bs2016/billText.aspx?sy=2024&id=2024-2347e&txtFormat=amend,b7051c0a-c9f1-4f57-878c-09aadb7f77ae
d94375c6-18ca-4097-8625-7bf60895f52a,application/pdf,https://www.gencourt.state.nh.us/bill_status/legacy/bs2016/billText.aspx?sy=2024&id=1352&txtFormat=pdf&v=current,1e8aa7d5-61ad-41b4-b979-1cfc30f53f0f
6a7cb5de-f08b-466a-9111-42c9dbfe256b,text/html,https://www.gencourt.state.nh.us/bill_status/legacy/bs2016/billText.aspx?sy=2024&id=1352&txtFormat=html,1e8aa7d5-61ad-41b4-b979-1cfc30f53f0f
0f6bd7de-913a-4d58-aec9-01ab21a142de,application/pdf,https://www.gencourt.state.nh.us/bill_status/legacy/bs2016/billText.aspx?sy=2024&id=2249&txtFormat=pdf&v=current,b6d1b804-ccd5-4457-8694-383cfda0fcd6
98bcde20-97e1-46cb-bcfb-8bb3a166a0ec,text/html,https://www.gencourt.state.nh.us/bill_status/legacy/bs2016/billText.aspx?sy=2024&id=2249&txtFormat=html,b6d1b804-ccd5-4457-8694-383cfda0fcd6
71f90025-143b-4551-b7b4-9ca4b8f4e316,application/pdf,https://www.gencourt.state.nh.us/bill_status/legacy/bs2016/billText.aspx?sy=2024&id=2024-0662h&txtFormat=amend,acef29f8-a14a-40d6-bb51-8c14cbe610d2
6da4e6e8-2613-431a-867b-e2db65e9c7f0,application/pdf,https://www.gencourt.state.nh.us/bill_status/legacy/bs2016/billText.aspx?sy=2024&id=1309&txtFormat=pdf&v=current,bc8a9b12-bfc8-44fd-a72c-47bf7717791c
41f24578-6e7c-4b5e-a9c7-186365f043a2,application/pdf,https://www.gencourt.state.nh.us/bill_status/legacy/bs2016/billText.aspx?sy=2024&id=2201&txtFormat=pdf&v=current,03fc0419-99a0-4e2a-9285-3193fc2ede51
4af2ade6-ffd4-4390-8cf3-77c5c93dcc10,text/html,https://www.gencourt.state.nh.us/bill_status/legacy/bs2016/billText.aspx?sy=2024&id=2201&txtFormat=html,03fc0419-99a0-4e2a-9285-3193fc2ede51
4fe4f45d-2092-4471-ba57-b1a58134381b,application/pdf,https://www.gencourt.state.nh.us/bill_status/legacy/bs2016/billText.aspx?sy=2024&id=2023-0705h&txtFormat=amend,eaa3fa32-fd39-4c69-accf-a7434e7211fe
feeb53e5-69dd-4cf8-8ed3-c4cd3d3ad944,text/html,https://www.gencourt.state.nh.us/bill_status/legacy/bs2016/billText.aspx?sy=2024&id=1309&txtFormat=html,bc8a9b12-bfc8-44fd-a72c-47bf7717791c
76046fa4-4d3c-4e0c-8e4e-d2bbd8e7d43a,application/pdf,https://www.gencourt.state.nh.us/bill_status/legacy/bs2016/billText.aspx?sy=2024&id=1670&txtFormat=pdf&v=current,1ef26c24-eefb-4a7c-b9d3-4d3ee36bd1c1
614e2924-054a-4427-83dc-86140da48645,text/html,https://www.gencourt.state.nh.us/bill_status/legacy/bs2016/billText.aspx?sy=2024&id=1670&txtFormat=html,1ef26c24-eefb-4a7c-b9d3-4d3ee36bd1c1
1abb8936-fde2-4f5a-9919-0e00d30e739f,application/pdf,https://www.gencourt.state.nh.us/bill_status/legacy/bs2016/billText.aspx?sy=2024&id=1553&txtFormat=pdf&v=current,bf20eab2-4df3-4af8-bac1-235eb9d54155
fb2bdffb-e112-4ed4-b6c1-ac86c2ebee0d,text/html,https://www.gencourt.state.nh.us/bill_status/legacy/bs2016/billText.aspx?sy=2024&id=1553&txtFormat=html,bf20eab2-4df3-4af8-bac1-235eb9d54155
93aeda35-eb19-4c4f-b0e2-2ebd38f80fce,application/pdf,https://www.gencourt.state.nh.us/bill_status/legacy/bs2016/billText.aspx?sy=2024&id=2024-0505h&txtFormat=amend,ccdfd7fe-1033-4ca9-bb89-75d7531b6072
7a593769-5919-48d7-a287-056e0a4f6303,application/pdf,https://www.gencourt.state.nh.us/bill_status/legacy/bs2016/billText.aspx?sy=2024&id=1323&txtFormat=pdf&v=current,ab1ad41e-ea20-42d5-876d-99bf0d4ab5d1
b352f625-10e0-480a-a80a-28eb7ddd2136,text/html,https://www.gencourt.state.nh.us/bill_status/legacy/bs2016/billText.aspx?sy=2024&id=1323&txtFormat=html,ab1ad41e-ea20-42d5-876d-99bf0d4ab5d1
ae780741-1c63-45bf-a943-33bd7a8e0068,application/pdf,https://www.gencourt.state.nh.us/bill_status/legacy/bs2016/billText.aspx?sy=2024&id=1836&txtFormat=pdf&v=current,14154f45-b6ae-408f-84b8-b78e4ead5f59
536b401c-fd4c-4f0a-8234-39b1dda73f36,text/html,https://www.gencourt.state.nh.us/bill_status/legacy/bs2016/billText.aspx?sy=2024&id=1836&txtFormat=html,14154f45-b6ae-408f-84b8-b78e4ead5f59
32ecc91e-0167-483d-b469-d32b7dced7ad,application/pdf,https://www.gencourt.state.nh.us/bill_status/legacy/bs2016/billText.aspx?sy=2024&id=1820&txtFormat=pdf&v=current,a8749946-6b26-4ea4-9b96-ea259d27c83f
7800564f-0020-472a-a720-86ef51e251d5,text/html,https://www.gencourt.state.nh.us/bill_status/legacy/bs2016/billText.aspx?sy=2024&id=1820&txtFormat=html,a8749946-6b26-4ea4-9b96-ea259d27c83f
62805ab2-34ea-4fe1-a7e6-6c53f9e9343b,application/pdf,https://www.gencourt.state.nh.us/bill_status/legacy/bs2016/billText.aspx?sy=2024&id=2024-2202e&txtFormat=amend,1adca932-6ede-41ba-9761-8526fdab9161
4c7a9335-8f1c-498f-8791-eb30507bfaa6,application/pdf,https://www.gencourt.state.nh.us/bill_status/legacy/bs2016/billText.aspx?sy=2024&id=1563&txtFormat=pdf&v=current,f4addb1e-0ebd-4a78-b517-99b9107599c8
c6c9fde6-e00b-41d2-a628-afd56b39c389,text/html,https://www.gencourt.state.nh.us/bill_status/legacy/bs2016/billText.aspx?sy=2024&id=1563&txtFormat=html,f4addb1e-0ebd-4a78-b517-99b9107599c8
9f129ed9-f343-4dbf-a36f-7f40a5bfaa08,application/pdf,https://www.gencourt.state.nh.us/bill_status/legacy/bs2016/billText.aspx?sy=2024&id=1254&txtFormat=pdf&v=current,ea98dd51-394a-4d98-ba6a-c2a09bfb8d30
3e3610a0-109e-4e17-b832-8365195dddf6,text/html,https://www.gencourt.state.nh.us/bill_status/legacy/bs2016/billText.aspx?sy=2024&id=1254&txtFormat=html,ea98dd51-394a-4d98-ba6a-c2a09bfb8d30
db69d4bd-ead2-46cf-b03a-9d41398a9679,application/pdf,https://www.gencourt.state.nh.us/bill_status/legacy/bs2016/billText.aspx?sy=2024&id=2224&txtFormat=pdf&v=current,828b30f3-c441-4180-9ed7-9a76eabdbf23
61287213-e28e-4581-91a7-300856c7bac4,text/html,https://www.gencourt.state.nh.us/bill_status/legacy/bs2016/billText.aspx?sy=2024&id=2224&txtFormat=html,828b30f3-c441-4180-9ed7-9a76eabdbf23
72efefd9-6c14-4eef-ab5d-bc3ab91b720a,application/pdf,https://www.gencourt.state.nh.us/bill_status/legacy/bs2016/billText.aspx?sy=2024&id=2024-0174h&txtFormat=amend,ecaaeb67-bf8d-4cee-a974-dd4e1328329c
1d5733c5-9e7d-4a88-8540-b14caad9a63e,application/pdf,https://www.gencourt.state.nh.us/bill_status/legacy/bs2016/billText.aspx?sy=2024&id=2023-0223&txtFormat=amend,8d75b176-7cb6-4e3b-9106-1606cf0a8267
86c6ac6e-63a1-4dff-8ae0-95f9ff7c9f51,application/pdf,https://www.gencourt.state.nh.us/bill_status/legacy/bs2016/billText.aspx?sy=2024&id=2024-0433h&txtFormat=amend,17824561-5ecd-4d2f-9895-90058d885eac
255460b3-3ac3-4fc2-975e-c349f3ff1ee0,application/pdf,https://www.gencourt.state.nh.us/bill_status/legacy/bs2016/billText.aspx?sy=2024&id=1184&txtFormat=pdf&v=current,c3a68fdc-3094-477f-a9ae-9b8307cd67c1
480e320d-0a0e-4337-b09b-809560fb929c,application/pdf,https://www.gencourt.state.nh.us/bill_status/legacy/bs2016/billText.aspx?sy=2024&id=1840&txtFormat=pdf&v=current,7a88e7e5-bb36-443a-95b1-3e072a8e3cd9
800223e5-dcc1-411d-a3a3-6144979b4647,text/html,https://www.gencourt.state.nh.us/bill_status/legacy/bs2016/billText.aspx?sy=2024&id=1840&txtFormat=html,7a88e7e5-bb36-443a-95b1-3e072a8e3cd9
dbfea749-ecd5-4c25-8c5a-5140327e4319,application/pdf,https://www.gencourt.state.nh.us/bill_status/legacy/bs2016/billText.aspx?sy=2024&id=1542&txtFormat=pdf&v=current,fea3f7cd-35a9-4582-9672-4757802322df
edce04cb-7725-4066-8d25-2f14841e0356,text/html,https://www.gencourt.state.nh.us/bill_status/legacy/bs2016/billText.aspx?sy=2024&id=1542&txtFormat=html,fea3f7cd-35a9-4582-9672-4757802322df
d8a633d3-0fd3-4dad-8542-c5a04398790c,application/pdf,https://www.gencourt.state.nh.us/bill_status/legacy/bs2016/billText.aspx?sy=2024&id=2024-0653h&txtFormat=amend,1a40184a-ccbd-40e0-8a05-7b5df19cbfa0
448fac4a-f6cd-4283-b5e5-b6f47b66ba18,application/pdf,https://www.gencourt.state.nh.us/bill_status/legacy/bs2016/billText.aspx?sy=2024&id=1901&txtFormat=pdf&v=current,270b2768-5553-4068-8f0b-af580f11e3d3
e4ff5bf8-1078-4934-9738-afa741b91e06,text/html,https://www.gencourt.state.nh.us/bill_status/legacy/bs2016/billText.aspx?sy=2024&id=1901&txtFormat=html,270b2768-5553-4068-8f0b-af580f11e3d3
36e4c0b3-d4e3-43b8-8e0b-ed75621d1ba4,text/html,https://www.gencourt.state.nh.us/bill_status/legacy/bs2016/billText.aspx?sy=2024&id=1184&txtFormat=html,c3a68fdc-3094-477f-a9ae-9b8307cd67c1
fc11cc7d-811f-4426-babe-2c95d4624d16,application/pdf,https://www.gencourt.state.nh.us/bill_status/legacy/bs2016/billText.aspx?sy=2024&id=1725&txtFormat=pdf&v=current,f327b3e9-0675-4e03-821f-6b1660610d41
ed09832e-a0da-4085-ac9e-f36864e7889e,text/html,https://www.gencourt.state.nh.us/bill_status/legacy/bs2016/billText.aspx?sy=2024&id=1725&txtFormat=html,f327b3e9-0675-4e03-821f-6b1660610d41
584f13bc-3ada-4745-b889-9f6a1b5b8fb7,application/pdf,https://www.gencourt.state.nh.us/bill_status/legacy/bs2016/billText.aspx?sy=2024&id=1849&txtFormat=pdf&v=current,0b493098-520d-4ddb-877b-a885ec524392
390c88aa-9302-4c59-9c46-20a5e734f5f5,text/html,https://www.gencourt.state.nh.us/bill_status/legacy/bs2016/billText.aspx?sy=2024&id=1849&txtFormat=html,0b493098-520d-4ddb-877b-a885ec524392
0c2389fb-531f-4211-80a8-8e3a7f310270,application/pdf,https://www.gencourt.state.nh.us/bill_status/legacy/bs2016/billText.aspx?sy=2024&id=1125&txtFormat=pdf&v=current,563f13f9-b98e-4c8c-ac59-0d679fe93b26
91b4645f-fa91-4f33-a57c-e034762dfd58,text/html,https://www.gencourt.state.nh.us/bill_status/legacy/bs2016/billText.aspx?sy=2024&id=1125&txtFormat=html,563f13f9-b98e-4c8c-ac59-0d679fe93b26
05dab78e-51ad-4860-9026-e03210d644d0,application/pdf,https://www.gencourt.state.nh.us/bill_status/legacy/bs2016/billText.aspx?sy=2024&id=2024-0107s&txtFormat=amend,a64a6eff-b0ce-455b-9030-7f0aac183891
c8b2c624-53ce-41bc-9883-3b5d669d47b9,application/pdf,https://www.gencourt.state.nh.us/bill_status/legacy/bs2016/billText.aspx?sy=2024&id=1241&txtFormat=pdf&v=current,e1d29d2b-2e5a-459b-a04c-843c646b3c30
41cfc821-840c-4e30-88b5-78ea6561e249,text/html,https://www.gencourt.state.nh.us/bill_status/legacy/bs2016/billText.aspx?sy=2024&id=1241&txtFormat=html,e1d29d2b-2e5a-459b-a04c-843c646b3c30
53063173-ad4e-44a5-9f3e-b131eabf8f65,application/pdf,https://www.gencourt.state.nh.us/bill_status/legacy/bs2016/billText.aspx?sy=2024&id=2024-0862s&txtFormat=amend,31202372-dc8a-43be-bdd5-78c52e31ccde
95c7c117-c68d-4913-8234-3ed9f8ea55a0,application/pdf,https://www.gencourt.state.nh.us/bill_status/legacy/bs2016/billText.aspx?sy=2024&id=2003&txtFormat=pdf&v=current,d226638e-d6b7-4dad-ae8f-fa1e0b47a28f
b24d850d-e799-4f8d-8ef3-7bbb9a1943fe,text/html,https://www.gencourt.state.nh.us/bill_status/legacy/bs2016/billText.aspx?sy=2024&id=2003&txtFormat=html,d226638e-d6b7-4dad-ae8f-fa1e0b47a28f
1146f47a-c03f-465f-ae3e-0f9f8101618a,application/pdf,https://www.gencourt.state.nh.us/bill_status/legacy/bs2016/billText.aspx?sy=2024&id=1212&txtFormat=pdf&v=current,eadba9eb-ecd4-4fd1-941f-6c62d383c7e5
1889d68a-9516-4049-9c21-6453e15d628c,text/html,https://www.gencourt.state.nh.us/bill_status/legacy/bs2016/billText.aspx?sy=2024&id=1212&txtFormat=html,eadba9eb-ecd4-4fd1-941f-6c62d383c7e5
93a20eec-6e43-46e0-9a5d-fd86dd9ed7ea,application/pdf,https://www.gencourt.state.nh.us/bill_status/legacy/bs2016/billText.aspx?sy=2024&id=2024-2198e&txtFormat=amend,6a3a8844-b454-4d59-8274-8cb263774026
69e2621b-f8e7-4b02-a253-945eb003c961,application/pdf,https://www.gencourt.state.nh.us/bill_status/legacy/bs2016/billText.aspx?sy=2024&id=1973&txtFormat=pdf&v=current,525dcb3b-f11a-413f-b12e-2eff34085a82
8c6245ed-8433-442f-9ec9-39f1ffdaa57a,text/html,https://www.gencourt.state.nh.us/bill_status/legacy/bs2016/billText.aspx?sy=2024&id=1973&txtFormat=html,525dcb3b-f11a-413f-b12e-2eff34085a82
d890b544-257a-4916-ac05-90eb8e54d1bf,application/pdf,https://www.gencourt.state.nh.us/bill_status/legacy/bs2016/billText.aspx?sy=2024&id=1934&txtFormat=pdf&v=current,d67cb81a-1213-4059-abe1-601aa6081b5e
ceb37e1d-2c64-4f9f-8b05-6171feb60ce3,text/html,https://www.gencourt.state.nh.us/bill_status/legacy/bs2016/billText.aspx?sy=2024&id=1934&txtFormat=html,d67cb81a-1213-4059-abe1-601aa6081b5e
542c71ac-6500-492a-aa71-cd1a5c331075,application/pdf,https://www.gencourt.state.nh.us/bill_status/legacy/bs2016/billText.aspx?sy=2024&id=2024-0405s&txtFormat=amend,e79ce748-ff58-4f3c-af05-75f83488f34c
dcd9c371-be4c-48a9-857f-d3c67bffe986,application/pdf,https://www.gencourt.state.nh.us/bill_status/legacy/bs2016/billText.aspx?sy=2024&id=2037&txtFormat=pdf&v=current,394c4d6d-bb61-424e-ac1a-8a8dc554d39f
c167ba22-ca93-4235-ba9d-e7cd05aabeab,text/html,https://www.gencourt.state.nh.us/bill_status/legacy/bs2016/billText.aspx?sy=2024&id=2037&txtFormat=html,394c4d6d-bb61-424e-ac1a-8a8dc554d39f
48611789-c661-4659-99ab-52508df52b93,application/pdf,https://www.gencourt.state.nh.us/bill_status/legacy/bs2016/billText.aspx?sy=2024&id=2160&txtFormat=pdf&v=current,256d2810-89e0-4ac7-acf7-78d70a4d6d1f
04ade166-e4b2-4a55-a2b4-b15a3a5eec1c,text/html,https://www.gencourt.state.nh.us/bill_status/legacy/bs2016/billText.aspx?sy=2024&id=2160&txtFormat=html,256d2810-89e0-4ac7-acf7-78d70a4d6d1f
b3e83b4d-bfd6-47b6-933e-c6f6dd9aac5a,application/pdf,https://www.gencourt.state.nh.us/bill_status/legacy/bs2016/billText.aspx?sy=2024&id=1815&txtFormat=pdf&v=current,69f83838-4bd3-4d65-9e8e-ba78f3c2c8a3
f8901e62-cfd3-40dc-8ed5-9e671b7ab07e,text/html,https://www.gencourt.state.nh.us/bill_status/legacy/bs2016/billText.aspx?sy=2024&id=1815&txtFormat=html,69f83838-4bd3-4d65-9e8e-ba78f3c2c8a3
52d921b9-88a6-44e0-a646-902e59a68489,application/pdf,https://www.gencourt.state.nh.us/bill_status/legacy/bs2016/billText.aspx?sy=2024&id=1676&txtFormat=pdf&v=current,4210093b-c9e7-44c9-ae83-c427d9b31e8d
ddc0817f-8cb9-4790-b054-594982db3b35,text/html,https://www.gencourt.state.nh.us/bill_status/legacy/bs2016/billText.aspx?sy=2024&id=1676&txtFormat=html,4210093b-c9e7-44c9-ae83-c427d9b31e8d
469c55e8-1c1a-4947-8cf6-ec181ea819c5,application/pdf,https://www.gencourt.state.nh.us/bill_status/legacy/bs2016/billText.aspx?sy=2024&id=1866&txtFormat=pdf&v=current,d19fe5ac-f2f6-4c6d-9964-942012d1710f
2d1f6cd2-05de-43b9-9d4c-4788ac903103,application/pdf,https://www.gencourt.state.nh.us/bill_status/legacy/bs2016/billText.aspx?sy=2024&id=2215&txtFormat=pdf&v=current,44a6d498-678d-49fe-b612-7bafe8cbbbae
19e3bf2c-68dd-4c5d-b881-35f531571864,text/html,https://www.gencourt.state.nh.us/bill_status/legacy/bs2016/billText.aspx?sy=2024&id=2215&txtFormat=html,44a6d498-678d-49fe-b612-7bafe8cbbbae
dcb58119-f003-45ce-81f7-1a91d0e3c25c,text/html,https://www.gencourt.state.nh.us/bill_status/legacy/bs2016/billText.aspx?sy=2024&id=1866&txtFormat=html,d19fe5ac-f2f6-4c6d-9964-942012d1710f
0876e620-3714-47bb-9d35-d9eb0b547861,application/pdf,https://www.gencourt.state.nh.us/bill_status/legacy/bs2016/billText.aspx?sy=2024&id=2024-1910h&txtFormat=amend,f49a9525-560a-4ea5-8a22-29b113ed10ec
9d2f70f1-0284-48b9-80af-752b1696e21e,application/pdf,https://www.gencourt.state.nh.us/bill_status/legacy/bs2016/billText.aspx?sy=2024&id=2220&txtFormat=pdf&v=current,33c66367-01e1-49f8-a251-e41b48276434
1c3da25e-e517-4eda-8c11-6ddacfd69c16,text/html,https://www.gencourt.state.nh.us/bill_status/legacy/bs2016/billText.aspx?sy=2024&id=2220&txtFormat=html,33c66367-01e1-49f8-a251-e41b48276434
51297afe-b693-40be-b700-62728d22d242,application/pdf,https://www.gencourt.state.nh.us/bill_status/legacy/bs2016/billText.aspx?sy=2024&id=1474&txtFormat=pdf&v=current,50611ca8-2881-4da5-9ebb-52c787921134
5ae196b0-5c09-4373-b062-e13ac37b718b,text/html,https://www.gencourt.state.nh.us/bill_status/legacy/bs2016/billText.aspx?sy=2024&id=1474&txtFormat=html,50611ca8-2881-4da5-9ebb-52c787921134
6f6419c9-6fef-46dd-8770-7183e8a5d6b4,application/pdf,https://www.gencourt.state.nh.us/bill_status/legacy/bs2016/billText.aspx?sy=2024&id=1959&txtFormat=pdf&v=current,ab46c57a-0e71-48de-8135-65c01c2de77c
e17aef19-01e1-4f3c-ae49-1bc97e1b453e,text/html,https://www.gencourt.state.nh.us/bill_status/legacy/bs2016/billText.aspx?sy=2024&id=1959&txtFormat=html,ab46c57a-0e71-48de-8135-65c01c2de77c
e799b191-146f-4fe9-82d7-02b45dc81eca,application/pdf,https://www.gencourt.state.nh.us/bill_status/legacy/bs2016/billText.aspx?sy=2024&id=2023-2306h&txtFormat=amend,25aebe0d-9c14-4a3b-8585-942503f0c786
98713b79-b98e-4363-9e31-47f8ba7019aa,application/pdf,https://www.gencourt.state.nh.us/bill_status/legacy/bs2016/billText.aspx?sy=2024&id=1816&txtFormat=pdf&v=current,d84a3340-0ac3-4a90-85ab-c94503433937
4347813a-f7c6-479c-8e64-4fe37942878c,text/html,https://www.gencourt.state.nh.us/bill_status/legacy/bs2016/billText.aspx?sy=2024&id=1816&txtFormat=html,d84a3340-0ac3-4a90-85ab-c94503433937
4a67f6a1-3503-4370-9736-3601d2dcdf39,application/pdf,https://www.gencourt.state.nh.us/bill_status/legacy/bs2016/billText.aspx?sy=2024&id=2023-0849s&txtFormat=amend,a3b30b07-1ff6-4c01-b9cd-85f13df316a3
2e802b05-94dd-4edd-8c74-d0234802b38f,application/pdf,https://www.gencourt.state.nh.us/bill_status/legacy/bs2016/billText.aspx?sy=2024&id=2062&txtFormat=pdf&v=current,40ae65b8-053b-41fe-b7dd-51bb049fce58
50a9674a-113e-4ae3-8a34-c05ceefad170,text/html,https://www.gencourt.state.nh.us/bill_status/legacy/bs2016/billText.aspx?sy=2024&id=2062&txtFormat=html,40ae65b8-053b-41fe-b7dd-51bb049fce58
69a14e42-8292-44df-8e70-69084ebec003,application/pdf,https://www.gencourt.state.nh.us/bill_status/legacy/bs2016/billText.aspx?sy=2024&id=2024-1397h&txtFormat=amend,da241e69-6cff-410a-8811-85a53e1e0114
4ee32938-a107-4d4e-9302-0cb36b3e0e82,application/pdf,https://www.gencourt.state.nh.us/bill_status/legacy/bs2016/billText.aspx?sy=2024&id=2202&txtFormat=pdf&v=current,b03b00f9-dd1b-415b-8721-7a487cfe1d24
e04a1338-a69a-454d-ab5a-e45ce271dd68,text/html,https://www.gencourt.state.nh.us/bill_status/legacy/bs2016/billText.aspx?sy=2024&id=2202&txtFormat=html,b03b00f9-dd1b-415b-8721-7a487cfe1d24
c2ae5d43-d57a-412d-a0b9-5c1cea350fcc,application/pdf,https://www.gencourt.state.nh.us/bill_status/legacy/bs2016/billText.aspx?sy=2024&id=1463&txtFormat=pdf&v=current,8f9b7df4-a106-4372-8c19-24e634760fb1
b32c09f9-c9be-4520-b95a-7697138cdd7b,text/html,https://www.gencourt.state.nh.us/bill_status/legacy/bs2016/billText.aspx?sy=2024&id=1463&txtFormat=html,8f9b7df4-a106-4372-8c19-24e634760fb1
a936ec65-6cd5-489e-b7b0-600f58d2e4bf,application/pdf,https://www.gencourt.state.nh.us/bill_status/legacy/bs2016/billText.aspx?sy=2024&id=2024-2326e&txtFormat=amend,29ef8b1b-ac97-4402-aab6-cc9fd4f3188e
02184f38-4475-464c-a5c8-c5fc4adac6af,application/pdf,https://www.gencourt.state.nh.us/bill_status/legacy/bs2016/billText.aspx?sy=2024&id=1198&txtFormat=pdf&v=current,548cb3ef-3072-4d94-8416-857be7864469
b27faabb-d292-4b76-8002-32026e11825b,text/html,https://www.gencourt.state.nh.us/bill_status/legacy/bs2016/billText.aspx?sy=2024&id=1198&txtFormat=html,548cb3ef-3072-4d94-8416-857be7864469
4a13d136-1fa5-4fa7-9b7e-f23185248476,application/pdf,https://www.gencourt.state.nh.us/bill_status/legacy/bs2016/billText.aspx?sy=2024&id=1247&txtFormat=pdf&v=current,c7b0f342-6fac-4ad3-976f-ac8102298224
ed032ce1-9f4d-42de-bac5-87b93ad9bec5,text/html,https://www.gencourt.state.nh.us/bill_status/legacy/bs2016/billText.aspx?sy=2024&id=1247&txtFormat=html,c7b0f342-6fac-4ad3-976f-ac8102298224
6f57d162-8c4e-446a-8ec7-87676e466455,application/pdf,https://www.gencourt.state.nh.us/bill_status/legacy/bs2016/billText.aspx?sy=2024&id=2024-2308e&txtFormat=amend,b616c633-8a7f-4eb5-b301-24fe2d826c95
1c3f3e59-fe26-4e24-9caa-a4828af1453d,application/pdf,https://www.gencourt.state.nh.us/bill_status/legacy/bs2016/billText.aspx?sy=2024&id=1977&txtFormat=pdf&v=current,00f48d45-ded1-4371-8a4a-6331d5f5a11e
b1af3746-6e78-42ad-91ef-f44dcf412361,text/html,https://www.gencourt.state.nh.us/bill_status/legacy/bs2016/billText.aspx?sy=2024&id=1977&txtFormat=html,00f48d45-ded1-4371-8a4a-6331d5f5a11e
9e58fa16-a832-4b28-9840-426a7c75aed2,application/pdf,https://www.gencourt.state.nh.us/bill_status/legacy/bs2016/billText.aspx?sy=2024&id=2023-2422h&txtFormat=amend,0223e922-8299-42e9-890e-2023a99514a1
ab230fea-7f71-4dda-929d-924fe4f452a6,application/pdf,https://www.gencourt.state.nh.us/bill_status/legacy/bs2016/billText.aspx?sy=2024&id=2023-0544h&txtFormat=amend,05acb51f-8e68-4f2e-bfd9-f6698b28da6f
1fcade5d-88f8-4d1b-ac4a-cf9ce7d664eb,application/pdf,https://www.gencourt.state.nh.us/bill_status/legacy/bs2016/billText.aspx?sy=2024&id=2024-0156s&txtFormat=amend,9bd93873-f062-4933-b4f0-365429f50ab2
5b9c1f84-8f95-4d05-a6c0-338691a06482,application/pdf,https://www.gencourt.state.nh.us/bill_status/legacy/bs2016/billText.aspx?sy=2024&id=2090&txtFormat=pdf&v=current,2fedc7c5-21b3-4957-8604-e495962c910c
1487eecf-b306-45ef-a13d-b423ea72cbcd,text/html,https://www.gencourt.state.nh.us/bill_status/legacy/bs2016/billText.aspx?sy=2024&id=2090&txtFormat=html,2fedc7c5-21b3-4957-8604-e495962c910c
14ac144e-ee7d-4850-97d7-67dfbff42558,application/pdf,https://www.gencourt.state.nh.us/bill_status/legacy/bs2016/billText.aspx?sy=2024&id=2165&txtFormat=pdf&v=current,d4b84be5-3b95-4b32-a51d-5de7cdfa0fbb
89f59c7f-a3ba-4826-b95f-3f5ef7f9d1e5,text/html,https://www.gencourt.state.nh.us/bill_status/legacy/bs2016/billText.aspx?sy=2024&id=2165&txtFormat=html,d4b84be5-3b95-4b32-a51d-5de7cdfa0fbb
ab5c2b7c-8685-4d9f-93cc-ec977234d204,application/pdf,https://www.gencourt.state.nh.us/bill_status/legacy/bs2016/billText.aspx?sy=2024&id=2024-0193h&txtFormat=amend,7767ea66-a073-4251-935c-2eefe8bc78c4
b4f8f20b-3b8f-4feb-a127-858b5a7a8e27,application/pdf,https://www.gencourt.state.nh.us/bill_status/legacy/bs2016/billText.aspx?sy=2024&id=1099&txtFormat=pdf&v=current,dc71abfe-224f-4ca2-8bdd-c266337fa5a3
cde57ff8-0c0a-4061-8782-f72cfea2cd1c,text/html,https://www.gencourt.state.nh.us/bill_status/legacy/bs2016/billText.aspx?sy=2024&id=1099&txtFormat=html,dc71abfe-224f-4ca2-8bdd-c266337fa5a3
d9365635-618d-401d-bbd5-f79702d0b101,application/pdf,https://www.gencourt.state.nh.us/bill_status/legacy/bs2016/billText.aspx?sy=2024&id=2024-2164s&txtFormat=amend,72c97ae7-a6bf-423f-ad52-4c42cb2f1635
6890af30-e25d-44dd-99a0-8c985d8b1c7d,application/pdf,https://www.gencourt.state.nh.us/bill_status/legacy/bs2016/billText.aspx?sy=2024&id=1348&txtFormat=pdf&v=current,3e82467e-b9da-4cce-8d3d-35529985ca3f
44f7828a-8e3b-4a20-a39e-45ee72596e6a,application/pdf,https://www.gencourt.state.nh.us/bill_status/legacy/bs2016/billText.aspx?sy=2024&id=2024-2197e&txtFormat=amend,c7f7c691-cf91-4d22-a08b-083d2ce093f3
dd8d70dd-8644-46ec-a81d-1175dc4db02f,application/pdf,https://www.gencourt.state.nh.us/bill_status/legacy/bs2016/billText.aspx?sy=2024&id=1190&txtFormat=pdf&v=current,ef3e4150-c376-4c0e-b2c6-3321929c9062
ccd476bc-e23d-4c6b-b932-60233421c02f,text/html,https://www.gencourt.state.nh.us/bill_status/legacy/bs2016/billText.aspx?sy=2024&id=1190&txtFormat=html,ef3e4150-c376-4c0e-b2c6-3321929c9062
d3c584f2-565d-46aa-9f33-7db9485d22b9,text/html,https://www.gencourt.state.nh.us/bill_status/legacy/bs2016/billText.aspx?sy=2024&id=1348&txtFormat=html,3e82467e-b9da-4cce-8d3d-35529985ca3f
e2889edf-1a67-4fcb-995e-c47f66bbfdd1,application/pdf,https://www.gencourt.state.nh.us/bill_status/legacy/bs2016/billText.aspx?sy=2024&id=2024-1519s&txtFormat=amend,d1e44438-9806-49ab-ae18-96893a3a9482
c3baa138-e3a7-4b14-b494-c7e66d920adf,application/pdf,https://www.gencourt.state.nh.us/bill_status/legacy/bs2016/billText.aspx?sy=2024&id=1468&txtFormat=pdf&v=current,dcef2fca-e1c6-4756-8691-71ff2778bcb4
b38d265c-a257-40dc-b109-a7c8ec4568a6,text/html,https://www.gencourt.state.nh.us/bill_status/legacy/bs2016/billText.aspx?sy=2024&id=1468&txtFormat=html,dcef2fca-e1c6-4756-8691-71ff2778bcb4
64ed218d-4244-4aeb-bf02-03b58d2b4d4a,application/pdf,https://www.gencourt.state.nh.us/bill_status/legacy/bs2016/billText.aspx?sy=2024&id=2024-0375h&txtFormat=amend,4d6bd40d-860f-4206-9714-32e03bd9f56c
b18b0265-3c29-4365-bb7d-3671bd606567,application/pdf,https://www.gencourt.state.nh.us/bill_status/legacy/bs2016/billText.aspx?sy=2024&id=1592&txtFormat=pdf&v=current,c5e4daca-3ba6-4a08-9cfd-6262a69af3b6
5ccdad40-0e0f-42b6-8962-710fb8f5434f,text/html,https://www.gencourt.state.nh.us/bill_status/legacy/bs2016/billText.aspx?sy=2024&id=1592&txtFormat=html,c5e4daca-3ba6-4a08-9cfd-6262a69af3b6
f6d114ca-c250-4cde-a88d-3a61d333232f,application/pdf,https://www.gencourt.state.nh.us/bill_status/legacy/bs2016/billText.aspx?sy=2024&id=1126&txtFormat=pdf&v=current,413d0777-a85d-4ede-9b32-f4ee53197c8b
54035493-57a6-44df-8728-02a8edcc4090,application/pdf,https://www.gencourt.state.nh.us/bill_status/legacy/bs2016/billText.aspx?sy=2024&id=1521&txtFormat=pdf&v=current,d22a6919-7624-447b-a937-b7376f420120
1558fef6-d00f-4d76-9930-8413e814cb26,text/html,https://www.gencourt.state.nh.us/bill_status/legacy/bs2016/billText.aspx?sy=2024&id=1521&txtFormat=html,d22a6919-7624-447b-a937-b7376f420120
eb2beddd-d702-427a-9316-6459149269a6,application/pdf,https://www.gencourt.state.nh.us/bill_status/legacy/bs2016/billText.aspx?sy=2024&id=2024-2339e&txtFormat=amend,743b39e1-fa34-4b3d-ad4f-d7247496377d
4a6960ae-4fb3-46a6-a032-2112107fbea2,application/pdf,https://www.gencourt.state.nh.us/bill_status/legacy/bs2016/billText.aspx?sy=2024&id=1435&txtFormat=pdf&v=current,dac84780-2ff8-40c1-8eca-2e180bd373b1
fc59179d-5751-4f7e-a45b-a355eae7a827,text/html,https://www.gencourt.state.nh.us/bill_status/legacy/bs2016/billText.aspx?sy=2024&id=1435&txtFormat=html,dac84780-2ff8-40c1-8eca-2e180bd373b1
1a00108c-052a-4f90-9511-9c019e844b4b,application/pdf,https://www.gencourt.state.nh.us/bill_status/legacy/bs2016/billText.aspx?sy=2024&id=2024-1873s&txtFormat=amend,7e9fd486-a9c6-4358-a04e-d2271a90a6ee
8db5128f-5b98-4891-98c7-59196e5f563a,application/pdf,https://www.gencourt.state.nh.us/bill_status/legacy/bs2016/billText.aspx?sy=2024&id=1784&txtFormat=pdf&v=current,505a2a4e-5bc9-421c-8fa1-291af1286ab4
2d66cc32-aba3-4a01-8f71-128a14139776,text/html,https://www.gencourt.state.nh.us/bill_status/legacy/bs2016/billText.aspx?sy=2024&id=1784&txtFormat=html,505a2a4e-5bc9-421c-8fa1-291af1286ab4
629cef26-9a97-498a-9929-4343bd1e8a38,application/pdf,https://www.gencourt.state.nh.us/bill_status/legacy/bs2016/billText.aspx?sy=2024&id=1685&txtFormat=pdf&v=current,dec458f3-c76f-4539-8073-02c7c9a60a8f
7d2d7988-76f6-4a68-8db1-f40292c0fa03,text/html,https://www.gencourt.state.nh.us/bill_status/legacy/bs2016/billText.aspx?sy=2024&id=1685&txtFormat=html,dec458f3-c76f-4539-8073-02c7c9a60a8f
f9312f48-79b2-454a-835f-5ebef40a1143,text/html,https://www.gencourt.state.nh.us/bill_status/legacy/bs2016/billText.aspx?sy=2024&id=1126&txtFormat=html,413d0777-a85d-4ede-9b32-f4ee53197c8b
ab997554-9bf1-4463-9519-6e7bf8d34cf6,application/pdf,https://www.gencourt.state.nh.us/bill_status/legacy/bs2016/billText.aspx?sy=2024&id=2024-0738h&txtFormat=amend,77f7296a-5bd3-4e74-857a-e919ebbe32d1
a629d92f-5271-451d-acc3-8a327e3d9d5d,application/pdf,https://www.gencourt.state.nh.us/bill_status/legacy/bs2016/billText.aspx?sy=2024&id=1577&txtFormat=pdf&v=current,8ff01935-cf7c-4377-a549-e7a74cf7ada5
1025a1e4-f3e2-4ee3-8ca2-67640e70b708,text/html,https://www.gencourt.state.nh.us/bill_status/legacy/bs2016/billText.aspx?sy=2024&id=1577&txtFormat=html,8ff01935-cf7c-4377-a549-e7a74cf7ada5
ed0543fc-417a-4895-b71b-695987a1614e,application/pdf,https://www.gencourt.state.nh.us/bill_status/legacy/bs2016/billText.aspx?sy=2024&id=1870&txtFormat=pdf&v=current,05b63b64-b2ed-433f-8b04-37d09cb1dfd0
df7e625b-4931-4b92-ac9a-a547ea827e01,text/html,https://www.gencourt.state.nh.us/bill_status/legacy/bs2016/billText.aspx?sy=2024&id=1870&txtFormat=html,05b63b64-b2ed-433f-8b04-37d09cb1dfd0
cffcd67d-976c-4149-81e0-d5f64b9b777d,application/pdf,https://www.gencourt.state.nh.us/bill_status/legacy/bs2016/billText.aspx?sy=2024&id=1740&txtFormat=pdf&v=current,c9483ed7-06ff-48c3-8c67-643e1fb358f5
71e04bed-d400-4b8c-b5ea-06ab7f3f18fb,text/html,https://www.gencourt.state.nh.us/bill_status/legacy/bs2016/billText.aspx?sy=2024&id=1740&txtFormat=html,c9483ed7-06ff-48c3-8c67-643e1fb358f5
909b9999-b6cf-4d8c-8e4e-22991605a73d,application/pdf,https://www.gencourt.state.nh.us/bill_status/legacy/bs2016/billText.aspx?sy=2024&id=2023-2463h&txtFormat=amend,525dbe53-ddbd-4ee2-b4b1-5d9e4edadde3
e469055d-2822-4d49-8f86-5585afe08f67,application/pdf,https://www.gencourt.state.nh.us/bill_status/legacy/bs2016/billText.aspx?sy=2024&id=2024-1950h&txtFormat=amend,a8af3ea2-aba6-47a9-a5b5-78108c57c1e2
e8a5fd42-74d4-41d7-b0ce-e876bf5d9ac6,application/pdf,https://www.gencourt.state.nh.us/bill_status/legacy/bs2016/billText.aspx?sy=2024&id=2251&txtFormat=pdf&v=current,63d5e979-d6ef-4fa5-859e-952e9499f119
340f3648-25b6-47f2-9957-9e92c11bb2d1,text/html,https://www.gencourt.state.nh.us/bill_status/legacy/bs2016/billText.aspx?sy=2024&id=2251&txtFormat=html,63d5e979-d6ef-4fa5-859e-952e9499f119
00f31225-abc3-4d09-a81c-d21de7d5cda3,application/pdf,https://www.gencourt.state.nh.us/bill_status/legacy/bs2016/billText.aspx?sy=2024&id=2024-1238s&txtFormat=amend,539c48bc-a6d7-4cee-a8af-58fde8b74bae
91143f78-0c22-4743-9453-9fa1d54042a5,application/pdf,https://www.gencourt.state.nh.us/bill_status/legacy/bs2016/billText.aspx?sy=2024&id=2175&txtFormat=pdf&v=current,9d47616f-2620-4bc1-b9d8-921bf832531c
f1e42ba1-eda1-4b29-9989-c82e717aace8,text/html,https://www.gencourt.state.nh.us/bill_status/legacy/bs2016/billText.aspx?sy=2024&id=2175&txtFormat=html,9d47616f-2620-4bc1-b9d8-921bf832531c
282044f9-7202-49b0-b14c-627225b5a6bb,application/pdf,https://www.gencourt.state.nh.us/bill_status/legacy/bs2016/billText.aspx?sy=2024&id=2024-2177s&txtFormat=amend,ef89cc02-45b0-4b51-9154-8083c3f03843
d5d45b45-834f-49ec-940a-96143924a078,application/pdf,https://www.gencourt.state.nh.us/bill_status/legacy/bs2016/billText.aspx?sy=2024&id=1777&txtFormat=pdf&v=current,c8dcf273-9ef5-4ea9-ba69-32f77e9e9d0c
5b510c3d-468a-4696-b4ae-92be0bff00bb,application/pdf,https://www.gencourt.state.nh.us/bill_status/legacy/bs2016/billText.aspx?sy=2024&id=1774&txtFormat=pdf&v=current,c96719ac-90af-4d11-bff3-668b16ac0724
790b1a8e-1610-42ff-95bd-ce55e6753f3b,text/html,https://www.gencourt.state.nh.us/bill_status/legacy/bs2016/billText.aspx?sy=2024&id=1774&txtFormat=html,c96719ac-90af-4d11-bff3-668b16ac0724
9e017885-495f-47fc-bb7f-d65ee74ec48e,application/pdf,https://www.gencourt.state.nh.us/bill_status/legacy/bs2016/billText.aspx?sy=2024&id=1159&txtFormat=pdf&v=current,c6438598-8511-449f-9b22-141e6e1fcf2e
6b6edcaf-0bef-44ab-ad0c-9a4a4fa60e1f,text/html,https://www.gencourt.state.nh.us/bill_status/legacy/bs2016/billText.aspx?sy=2024&id=1159&txtFormat=html,c6438598-8511-449f-9b22-141e6e1fcf2e
27420bee-84db-4f7e-a153-0c85a79c0fcc,application/pdf,https://www.gencourt.state.nh.us/bill_status/legacy/bs2016/billText.aspx?sy=2024&id=2024-2310e&txtFormat=amend,cf0b94c8-8ea0-4dad-b876-478058430a31
e1a6672f-15e5-4d82-875f-3f065b119296,application/pdf,https://www.gencourt.state.nh.us/bill_status/legacy/bs2016/billText.aspx?sy=2024&id=1528&txtFormat=pdf&v=current,3fca1149-165e-4362-9140-d36ee1fe6f8a
488946f8-93cf-4863-9a3a-a48daa73791e,text/html,https://www.gencourt.state.nh.us/bill_status/legacy/bs2016/billText.aspx?sy=2024&id=1528&txtFormat=html,3fca1149-165e-4362-9140-d36ee1fe6f8a
f797e34e-ce2c-495c-89ec-4828bdccbe2d,application/pdf,https://www.gencourt.state.nh.us/bill_status/legacy/bs2016/billText.aspx?sy=2024&id=2024-1412s&txtFormat=amend,3b8bc679-7f0e-4877-a6ec-e4b36fe3c23e
d0f0d59c-3847-466c-9eb9-681fc2aa30de,application/pdf,https://www.gencourt.state.nh.us/bill_status/legacy/bs2016/billText.aspx?sy=2024&id=1684&txtFormat=pdf&v=current,295fe21a-9f79-45de-b509-c52dba6008f1
ce91d65b-f631-426d-a3e7-6500682a82a9,text/html,https://www.gencourt.state.nh.us/bill_status/legacy/bs2016/billText.aspx?sy=2024&id=1684&txtFormat=html,295fe21a-9f79-45de-b509-c52dba6008f1
eb71ad83-f85d-44d4-b7cd-88feecc2f9af,application/pdf,https://www.gencourt.state.nh.us/bill_status/legacy/bs2016/billText.aspx?sy=2024&id=2024-1595h&txtFormat=amend,483701fa-062c-49d8-96c8-ea8cd91fd54a
cb209933-a633-4afa-89d4-3e792361c211,application/pdf,https://www.gencourt.state.nh.us/bill_status/legacy/bs2016/billText.aspx?sy=2024&id=2248&txtFormat=pdf&v=current,31c1846f-bed1-4296-bced-15269037b08e
544d59dc-b9a0-4327-b843-c828f0bc6d4a,text/html,https://www.gencourt.state.nh.us/bill_status/legacy/bs2016/billText.aspx?sy=2024&id=2248&txtFormat=html,31c1846f-bed1-4296-bced-15269037b08e
ba31927b-c762-41fe-9df6-f510198f1416,application/pdf,https://www.gencourt.state.nh.us/bill_status/legacy/bs2016/billText.aspx?sy=2024&id=1570&txtFormat=pdf&v=current,a59bc2fa-ee01-4af8-bc7f-8c04fbb8b325
2811ec62-f511-457f-95ae-1d2f6253b31d,text/html,https://www.gencourt.state.nh.us/bill_status/legacy/bs2016/billText.aspx?sy=2024&id=1570&txtFormat=html,a59bc2fa-ee01-4af8-bc7f-8c04fbb8b325
94c72e07-edd5-4cdc-ae1f-d0dd4c255284,application/pdf,https://www.gencourt.state.nh.us/bill_status/legacy/bs2016/billText.aspx?sy=2024&id=1590&txtFormat=pdf&v=current,da1266eb-f525-4bb5-bbe6-1f5293db790d
269a6435-ec76-44df-984b-4902ae08ecc1,text/html,https://www.gencourt.state.nh.us/bill_status/legacy/bs2016/billText.aspx?sy=2024&id=1590&txtFormat=html,da1266eb-f525-4bb5-bbe6-1f5293db790d
f1a4d357-7a36-4e38-af9c-0b75334f795e,application/pdf,https://www.gencourt.state.nh.us/bill_status/legacy/bs2016/billText.aspx?sy=2024&id=1558&txtFormat=pdf&v=current,40d9462a-24e2-4bfd-b512-d0186e10cfe8
56c2e835-5e63-4acb-a82d-d687b40efee0,text/html,https://www.gencourt.state.nh.us/bill_status/legacy/bs2016/billText.aspx?sy=2024&id=1558&txtFormat=html,40d9462a-24e2-4bfd-b512-d0186e10cfe8
6c400563-2ef9-4307-83fc-26338a94a04c,application/pdf,https://www.gencourt.state.nh.us/bill_status/legacy/bs2016/billText.aspx?sy=2024&id=1281&txtFormat=pdf&v=current,f44aa3a4-36a8-4d10-8692-7d199f89e943
2d9084f0-27b9-457c-a0e3-6933964f3be9,text/html,https://www.gencourt.state.nh.us/bill_status/legacy/bs2016/billText.aspx?sy=2024&id=1281&txtFormat=html,f44aa3a4-36a8-4d10-8692-7d199f89e943
55f5c945-e716-4a29-892f-ce8da88bfef4,application/pdf,https://www.gencourt.state.nh.us/bill_status/legacy/bs2016/billText.aspx?sy=2024&id=2024-1623s&txtFormat=amend,b270bac0-844c-469d-a575-2b5d6535f00a
3056c181-394e-40e9-a98f-0046e3f1135c,application/pdf,https://www.gencourt.state.nh.us/bill_status/legacy/bs2016/billText.aspx?sy=2024&id=1338&txtFormat=pdf&v=current,95b4fb30-f517-420b-9f59-6a489fb49baf
d096f1ad-1075-4e56-8fb3-d0e87e4d77ea,text/html,https://www.gencourt.state.nh.us/bill_status/legacy/bs2016/billText.aspx?sy=2024&id=1338&txtFormat=html,95b4fb30-f517-420b-9f59-6a489fb49baf
1c263d55-87d9-49af-8ac2-dc89424210e4,application/pdf,https://www.gencourt.state.nh.us/bill_status/legacy/bs2016/billText.aspx?sy=2024&id=2024-1646s&txtFormat=amend,77ff0338-46ce-408e-8cf1-276bfa44c2bd
914e5d9f-035a-47d4-a859-aa5bfd354231,application/pdf,https://www.gencourt.state.nh.us/bill_status/legacy/bs2016/billText.aspx?sy=2024&id=1630&txtFormat=pdf&v=current,e939597b-9ed6-40d6-bb49-a5129f090f18
4e21eecf-8e61-4e35-9f24-b1a30e71d6ba,text/html,https://www.gencourt.state.nh.us/bill_status/legacy/bs2016/billText.aspx?sy=2024&id=1630&txtFormat=html,e939597b-9ed6-40d6-bb49-a5129f090f18
0a8ef500-e33e-49fa-aaf2-2d366773833b,application/pdf,https://www.gencourt.state.nh.us/bill_status/legacy/bs2016/billText.aspx?sy=2024&id=1375&txtFormat=pdf&v=current,2e815358-2d4d-426d-be39-2906849d40bf
cb0581ce-affb-4851-9443-a25310b039b8,text/html,https://www.gencourt.state.nh.us/bill_status/legacy/bs2016/billText.aspx?sy=2024&id=1375&txtFormat=html,2e815358-2d4d-426d-be39-2906849d40bf
5bedddc4-0d65-461b-9616-4b928cbd8658,text/html,https://www.gencourt.state.nh.us/bill_status/legacy/bs2016/billText.aspx?sy=2024&id=1777&txtFormat=html,c8dcf273-9ef5-4ea9-ba69-32f77e9e9d0c
f9081df6-29b8-4f44-9382-55b90de5c118,application/pdf,https://www.gencourt.state.nh.us/bill_status/legacy/bs2016/billText.aspx?sy=2024&id=1729&txtFormat=pdf&v=current,322b6e0f-7c21-4db9-9ec8-aec4e2ee893b
995ee56d-9c99-430f-8cb5-134ede56f32d,text/html,https://www.gencourt.state.nh.us/bill_status/legacy/bs2016/billText.aspx?sy=2024&id=1729&txtFormat=html,322b6e0f-7c21-4db9-9ec8-aec4e2ee893b
d415d412-2d9a-4c8e-9551-eea81644d171,application/pdf,https://www.gencourt.state.nh.us/bill_status/legacy/bs2016/billText.aspx?sy=2024&id=1874&txtFormat=pdf&v=current,5c64b819-0c05-401f-af2b-ca6ab695243a
32dce6e0-ea63-4680-a476-156dd12d2b0c,text/html,https://www.gencourt.state.nh.us/bill_status/legacy/bs2016/billText.aspx?sy=2024&id=1874&txtFormat=html,5c64b819-0c05-401f-af2b-ca6ab695243a
c32c7243-64d5-4424-b2e3-5c6956f04080,application/pdf,https://www.gencourt.state.nh.us/bill_status/legacy/bs2016/billText.aspx?sy=2024&id=2024-0252h&txtFormat=amend,f785e5dc-707f-4c8b-9ede-1570771dc86d
99eb6283-665e-42c7-a736-0ad770384446,application/pdf,https://www.gencourt.state.nh.us/bill_status/legacy/bs2016/billText.aspx?sy=2024&id=1609&txtFormat=pdf&v=current,03d7e2cc-d483-4a4b-801e-ec249013c09c
f4410546-582a-48e2-a583-62e83461fb68,text/html,https://www.gencourt.state.nh.us/bill_status/legacy/bs2016/billText.aspx?sy=2024&id=1609&txtFormat=html,03d7e2cc-d483-4a4b-801e-ec249013c09c
199df625-9ac5-4b8e-a7e4-40a5f61d251d,application/pdf,https://www.gencourt.state.nh.us/bill_status/legacy/bs2016/billText.aspx?sy=2024&id=2024-1982s&txtFormat=amend,49bdad0f-886e-4de6-bd0c-297b8758e793
dee838b1-d421-42c8-a2ae-01eb95251fc0,application/pdf,https://www.gencourt.state.nh.us/bill_status/legacy/bs2016/billText.aspx?sy=2024&id=1605&txtFormat=pdf&v=current,b4174c7c-3e78-4cb6-a6a7-4fba1aed189f
d027c3a9-a6a3-4cf2-bab6-bc9eca684f0a,text/html,https://www.gencourt.state.nh.us/bill_status/legacy/bs2016/billText.aspx?sy=2024&id=1605&txtFormat=html,b4174c7c-3e78-4cb6-a6a7-4fba1aed189f
09af914a-5b1e-4e40-9d68-aff962791915,application/pdf,https://www.gencourt.state.nh.us/bill_status/legacy/bs2016/billText.aspx?sy=2024&id=2023-0117h&txtFormat=amend,c7c45e9a-99d0-4242-a6e5-39d921f84b9c
cf64fa4c-759c-4980-aa50-c3bdb75360ec,application/pdf,https://www.gencourt.state.nh.us/bill_status/legacy/bs2016/billText.aspx?sy=2024&id=2024-2337e&txtFormat=amend,4f5cebd2-8802-4a89-a9fc-ccd511de114d
82aeaa67-1810-43e3-a2f8-28ece43aeba8,application/pdf,https://www.gencourt.state.nh.us/bill_status/legacy/bs2016/billText.aspx?sy=2024&id=2024-2373e&txtFormat=amend,3bb08dab-7783-4968-aeaf-bf7653549713
5a2e8366-d030-4414-b323-003dd9d41cbb,application/pdf,https://www.gencourt.state.nh.us/bill_status/legacy/bs2016/billText.aspx?sy=2024&id=1280&txtFormat=pdf&v=current,396b2af8-c3d8-4e3b-95a5-e2968e897837
82bd3937-1b8b-427b-97fd-46410945d550,text/html,https://www.gencourt.state.nh.us/bill_status/legacy/bs2016/billText.aspx?sy=2024&id=1280&txtFormat=html,396b2af8-c3d8-4e3b-95a5-e2968e897837
ac450672-bea9-4b91-923f-3d4636793b7e,application/pdf,https://www.gencourt.state.nh.us/bill_status/legacy/bs2016/billText.aspx?sy=2024&id=1894&txtFormat=pdf&v=current,20f9bff9-e947-44dc-9eff-2c8a9ac61487
e6351b05-864d-4cc2-9f90-10ddaca8eeca,text/html,https://www.gencourt.state.nh.us/bill_status/legacy/bs2016/billText.aspx?sy=2024&id=1894&txtFormat=html,20f9bff9-e947-44dc-9eff-2c8a9ac61487
37885f8f-27a7-4a7d-b118-dcc7529af560,application/pdf,https://www.gencourt.state.nh.us/bill_status/legacy/bs2016/billText.aspx?sy=2024&id=1988&txtFormat=pdf&v=current,4d2e248c-7635-4a71-a0df-a43265823d1a
431cb0f5-8e4a-4a17-81cc-0cc5aa107b93,application/pdf,https://www.gencourt.state.nh.us/bill_status/legacy/bs2016/billText.aspx?sy=2024&id=1600&txtFormat=pdf&v=current,b13d21b1-b1bc-49c7-9fae-8f9da83e6170
05f90f54-e563-4f7d-aac7-5f3c54b5d834,text/html,https://www.gencourt.state.nh.us/bill_status/legacy/bs2016/billText.aspx?sy=2024&id=1600&txtFormat=html,b13d21b1-b1bc-49c7-9fae-8f9da83e6170
bb5071b9-c7ad-4410-8179-2fd32898ec93,text/html,https://www.gencourt.state.nh.us/bill_status/legacy/bs2016/billText.aspx?sy=2024&id=1988&txtFormat=html,4d2e248c-7635-4a71-a0df-a43265823d1a
2271841d-4a93-44ff-8bd5-d0ffc89e1c9d,application/pdf,https://www.gencourt.state.nh.us/bill_status/legacy/bs2016/billText.aspx?sy=2024&id=2024-0575s&txtFormat=amend,158ad802-aa5e-438e-af29-6d551bb4060b
dd813db8-2226-4a42-8c1a-00eb23ce1394,application/pdf,https://www.gencourt.state.nh.us/bill_status/legacy/bs2016/billText.aspx?sy=2024&id=1110&txtFormat=pdf&v=current,7fe7496e-a86d-4010-9352-0491010dd00a
de82e4ea-294a-45aa-909a-a525cf2b428c,text/html,https://www.gencourt.state.nh.us/bill_status/legacy/bs2016/billText.aspx?sy=2024&id=1110&txtFormat=html,7fe7496e-a86d-4010-9352-0491010dd00a
338d1415-1b67-4ba8-9d15-27c7ddd778d3,application/pdf,https://www.gencourt.state.nh.us/bill_status/legacy/bs2016/billText.aspx?sy=2024&id=1968&txtFormat=pdf&v=current,defeace8-61a4-4469-86e8-cf8c305f8350
7aace969-d884-4656-beff-0f7680ce06b2,application/pdf,https://www.gencourt.state.nh.us/bill_status/legacy/bs2016/billText.aspx?sy=2024&id=2024-1971h&txtFormat=amend,066c416e-8750-4e14-b49e-b4acab893243
d280f91c-06ae-4025-9145-a93876c7d2fc,text/html,https://www.gencourt.state.nh.us/bill_status/legacy/bs2016/billText.aspx?sy=2024&id=1968&txtFormat=html,defeace8-61a4-4469-86e8-cf8c305f8350
d43ce633-c91e-4b49-8c4b-f90149515682,application/pdf,https://www.gencourt.state.nh.us/bill_status/legacy/bs2016/billText.aspx?sy=2024&id=2024-1248h&txtFormat=amend,29e5528d-8acb-4b2e-a7d2-83f568f7ba86
de6112ad-d1db-422d-b0ed-80855a35fc63,application/pdf,https://www.gencourt.state.nh.us/bill_status/legacy/bs2016/billText.aspx?sy=2024&id=1143&txtFormat=pdf&v=current,b4a97cd1-b707-4685-bbd2-1278575e2c04
b4cde231-ac96-4a3e-9b48-059835344264,text/html,https://www.gencourt.state.nh.us/bill_status/legacy/bs2016/billText.aspx?sy=2024&id=1143&txtFormat=html,b4a97cd1-b707-4685-bbd2-1278575e2c04
29df0f53-ea91-408b-a166-8951a040e933,application/pdf,https://www.gencourt.state.nh.us/bill_status/legacy/bs2016/billText.aspx?sy=2024&id=1276&txtFormat=pdf&v=current,1466a19c-9ca2-4225-a1f4-2dd0a231be2c
cb9fbc7c-8655-4e37-a119-24666e98d3cc,application/pdf,https://www.gencourt.state.nh.us/bill_status/legacy/bs2016/billText.aspx?sy=2024&id=2112&txtFormat=pdf&v=current,9c9f7a08-9f6a-43de-80b8-5a1f24a19a24
7b963a59-8ee1-463f-b588-323918638b5b,text/html,https://www.gencourt.state.nh.us/bill_status/legacy/bs2016/billText.aspx?sy=2024&id=2112&txtFormat=html,9c9f7a08-9f6a-43de-80b8-5a1f24a19a24
3caad088-581d-43e1-9dda-0931e5f59e64,text/html,https://www.gencourt.state.nh.us/bill_status/legacy/bs2016/billText.aspx?sy=2024&id=1276&txtFormat=html,1466a19c-9ca2-4225-a1f4-2dd0a231be2c
dce068fe-4b21-4a26-a373-8078f1e8cb77,application/pdf,https://www.gencourt.state.nh.us/bill_status/legacy/bs2016/billText.aspx?sy=2024&id=2024-0824s&txtFormat=amend,d177d36e-d55c-4ceb-a8d3-841802a08d0d
e0ab1391-d85c-49c2-bd3e-d96a6a9798bd,application/pdf,https://www.gencourt.state.nh.us/bill_status/legacy/bs2016/billText.aspx?sy=2024&id=2149&txtFormat=pdf&v=current,42ce358e-23ee-4470-906a-1c27854afdaf
0104ab46-4ccb-44b6-8222-34e1fe22c502,text/html,https://www.gencourt.state.nh.us/bill_status/legacy/bs2016/billText.aspx?sy=2024&id=2149&txtFormat=html,42ce358e-23ee-4470-906a-1c27854afdaf
d93f3da8-0cf6-496b-848f-f40dd13a2393,application/pdf,https://www.gencourt.state.nh.us/bill_status/legacy/bs2016/billText.aspx?sy=2024&id=1286&txtFormat=pdf&v=current,1e94e118-6b7e-4ace-8f6a-d817c77ae73b
d15b3833-df41-41a6-b0d0-b90b0358b28b,text/html,https://www.gencourt.state.nh.us/bill_status/legacy/bs2016/billText.aspx?sy=2024&id=1286&txtFormat=html,1e94e118-6b7e-4ace-8f6a-d817c77ae73b
35d03e47-d6a2-45e2-90a4-e33098f8e446,application/pdf,https://www.gencourt.state.nh.us/bill_status/legacy/bs2016/billText.aspx?sy=2024&id=2023-2292h&txtFormat=amend,b578a2ed-7017-4931-9de7-c201ff7ae72a
e92d431c-34df-453d-bcce-6562d3f1b812,application/pdf,https://www.gencourt.state.nh.us/bill_status/legacy/bs2016/billText.aspx?sy=2024&id=2024-1941s&txtFormat=amend,f965d3ed-bc7f-43a7-a6df-b0e03481f661
7cb25185-9604-4e3d-b0a2-f336c298f19b,application/pdf,https://www.gencourt.state.nh.us/bill_status/legacy/bs2016/billText.aspx?sy=2024&id=1897&txtFormat=pdf&v=current,ecc6508a-93a4-410c-81ff-78e335459c1c
5ec2b322-668a-46aa-96b3-3812aa1ff6ca,application/pdf,https://www.gencourt.state.nh.us/bill_status/legacy/bs2016/billText.aspx?sy=2024&id=2024-2112s&txtFormat=amend,45d864e7-1699-4258-b7e1-3f9a42c6522d
1260d055-2e88-4981-a36d-90193bd4cef9,application/pdf,https://www.gencourt.state.nh.us/bill_status/legacy/bs2016/billText.aspx?sy=2024&id=1963&txtFormat=pdf&v=current,59a5395e-2a41-4e0d-aef2-ff983e64a817
ad1d1489-5971-4297-a7a6-6c8aea34cd1a,text/html,https://www.gencourt.state.nh.us/bill_status/legacy/bs2016/billText.aspx?sy=2024&id=1963&txtFormat=html,59a5395e-2a41-4e0d-aef2-ff983e64a817
4801a145-3765-4a7c-bf7a-55fe44b1421b,application/pdf,https://www.gencourt.state.nh.us/bill_status/legacy/bs2016/billText.aspx?sy=2024&id=2024-1012s&txtFormat=amend,1f3d9cce-ab7a-4871-ab2a-7467429c957c
eefe064c-95b4-4e83-840e-267b882f52bf,application/pdf,https://www.gencourt.state.nh.us/bill_status/legacy/bs2016/billText.aspx?sy=2024&id=1975&txtFormat=pdf&v=current,5b4ffc23-8c76-4bac-93ac-7b2a020d7d8c
46ef1d79-7a25-48d5-a98d-16e9803a1dfe,text/html,https://www.gencourt.state.nh.us/bill_status/legacy/bs2016/billText.aspx?sy=2024&id=1975&txtFormat=html,5b4ffc23-8c76-4bac-93ac-7b2a020d7d8c
ab418e3c-a680-40d4-8bab-1f0de21283a1,application/pdf,https://www.gencourt.state.nh.us/bill_status/legacy/bs2016/billText.aspx?sy=2024&id=2024-0965s&txtFormat=amend,e016f988-25d9-4573-b720-bdf53ca1f8a6
39a73cba-e9b9-45b3-a364-c55802c55cdb,text/html,https://www.gencourt.state.nh.us/bill_status/legacy/bs2016/billText.aspx?sy=2024&id=1897&txtFormat=html,ecc6508a-93a4-410c-81ff-78e335459c1c
93a133b4-8b62-4ae1-a74c-dd969bfbea48,application/pdf,https://www.gencourt.state.nh.us/bill_status/legacy/bs2016/billText.aspx?sy=2024&id=2023-0589s&txtFormat=amend,65deb6d7-e955-44a9-ba42-d172ee87f1b9
f846cf2c-0c35-4f48-8523-4ac4fca05200,application/pdf,https://www.gencourt.state.nh.us/bill_status/legacy/bs2016/billText.aspx?sy=2024&id=2250&txtFormat=pdf&v=current,415c5fc4-24c5-402b-a63e-7f6492ce2265
a0c1c71c-c69d-4fc1-a283-6b352039087e,text/html,https://www.gencourt.state.nh.us/bill_status/legacy/bs2016/billText.aspx?sy=2024&id=2250&txtFormat=html,415c5fc4-24c5-402b-a63e-7f6492ce2265
44ac9bf3-65a3-4511-bcb2-90fd3b2eb465,application/pdf,https://www.gencourt.state.nh.us/bill_status/legacy/bs2016/billText.aspx?sy=2024&id=2023-2434h&txtFormat=amend,bbe4df6b-469e-4307-bb22-1e778f8045d4
47e284f3-b837-4284-af27-f629cb7228cf,application/pdf,https://www.gencourt.state.nh.us/bill_status/legacy/bs2016/billText.aspx?sy=2024&id=1794&txtFormat=pdf&v=current,05b411e7-4ab6-4942-9e99-30f92c430813
c240d355-e814-4aa5-bf4c-683f3364fc00,text/html,https://www.gencourt.state.nh.us/bill_status/legacy/bs2016/billText.aspx?sy=2024&id=1794&txtFormat=html,05b411e7-4ab6-4942-9e99-30f92c430813
21f4cf8e-fdfe-4565-80b7-15d7ccb612b6,application/pdf,https://www.gencourt.state.nh.us/bill_status/legacy/bs2016/billText.aspx?sy=2024&id=2260&txtFormat=pdf&v=current,054ac4ad-db0e-4c11-8600-2da0ef451a26
e455090e-c2ee-465f-a2e8-b596ec268ed2,text/html,https://www.gencourt.state.nh.us/bill_status/legacy/bs2016/billText.aspx?sy=2024&id=2260&txtFormat=html,054ac4ad-db0e-4c11-8600-2da0ef451a26
df531317-a804-4b36-87f0-619a316c30c4,application/pdf,https://www.gencourt.state.nh.us/bill_status/legacy/bs2016/billText.aspx?sy=2024&id=2024-1420s&txtFormat=amend,683bb2e6-5048-4795-a254-e36be48eaa5f
73b06111-ed28-4c08-a6c9-7550c81f6b95,application/pdf,https://www.gencourt.state.nh.us/bill_status/legacy/bs2016/billText.aspx?sy=2024&id=2176&txtFormat=pdf&v=current,61e4e3ac-1163-4780-af68-810e4c95bc09
7411e5ad-03bd-4b4b-8c1d-4cb6133fcb3f,text/html,https://www.gencourt.state.nh.us/bill_status/legacy/bs2016/billText.aspx?sy=2024&id=2176&txtFormat=html,61e4e3ac-1163-4780-af68-810e4c95bc09
2c3ea19b-ac04-49c0-a199-8feb3f2a67be,application/pdf,https://www.gencourt.state.nh.us/bill_status/legacy/bs2016/billText.aspx?sy=2024&id=1291&txtFormat=pdf&v=current,4f952194-2393-4354-a218-30e85fcc92ec
dd2dbdd2-da61-48d3-8986-5eea1558cf65,text/html,https://www.gencourt.state.nh.us/bill_status/legacy/bs2016/billText.aspx?sy=2024&id=1291&txtFormat=html,4f952194-2393-4354-a218-30e85fcc92ec
6affcaec-df5e-4295-a391-c2a1c82a4f9e,application/pdf,https://www.gencourt.state.nh.us/bill_status/legacy/bs2016/billText.aspx?sy=2024&id=1094&txtFormat=pdf&v=current,65182808-e240-47c1-b045-2b3988c5709f
ba05f9d0-fcbf-4c59-bfec-c8ebcd1d6b70,text/html,https://www.gencourt.state.nh.us/bill_status/legacy/bs2016/billText.aspx?sy=2024&id=1094&txtFormat=html,65182808-e240-47c1-b045-2b3988c5709f
d088ba59-7620-4e63-87c3-56321e5699af,application/pdf,https://www.gencourt.state.nh.us/bill_status/legacy/bs2016/billText.aspx?sy=2024&id=1936&txtFormat=pdf&v=current,6a6a4381-f643-42a2-aeec-110445162d0f
934c94ab-57cb-4c9a-bdd5-4c2f300fc15a,text/html,https://www.gencourt.state.nh.us/bill_status/legacy/bs2016/billText.aspx?sy=2024&id=1936&txtFormat=html,6a6a4381-f643-42a2-aeec-110445162d0f
88ed407b-1455-40e7-8a15-f3f156d15fb3,application/pdf,https://www.gencourt.state.nh.us/bill_status/legacy/bs2016/billText.aspx?sy=2024&id=2185&txtFormat=pdf&v=current,d4f05d57-a246-44ed-b0e4-965fc8c72a0f
5c23e984-e817-4877-91e4-65bd5351d442,text/html,https://www.gencourt.state.nh.us/bill_status/legacy/bs2016/billText.aspx?sy=2024&id=2185&txtFormat=html,d4f05d57-a246-44ed-b0e4-965fc8c72a0f
9820a344-cbba-404d-bd51-29da0fae8f39,application/pdf,https://www.gencourt.state.nh.us/bill_status/legacy/bs2016/billText.aspx?sy=2024&id=1969&txtFormat=pdf&v=current,0361d257-98e9-42d4-85dd-46bafe35ae9f
9e97cf1f-2756-4e49-9440-678226a88555,text/html,https://www.gencourt.state.nh.us/bill_status/legacy/bs2016/billText.aspx?sy=2024&id=1969&txtFormat=html,0361d257-98e9-42d4-85dd-46bafe35ae9f
74001488-0ef4-4f14-9968-80216b757bcf,application/pdf,https://www.gencourt.state.nh.us/bill_status/legacy/bs2016/billText.aspx?sy=2024&id=2024-0834s&txtFormat=amend,341950b8-32df-4367-9e0f-29318be11b12
69b5313c-d4dc-4330-bbc9-c55f8648da41,application/pdf,https://www.gencourt.state.nh.us/bill_status/legacy/bs2016/billText.aspx?sy=2024&id=2212&txtFormat=pdf&v=current,23d98a32-b320-4cac-b9aa-06f1e390d178
0c4039d8-f710-4ffe-8d9c-2090f0f66bb5,text/html,https://www.gencourt.state.nh.us/bill_status/legacy/bs2016/billText.aspx?sy=2024&id=2212&txtFormat=html,23d98a32-b320-4cac-b9aa-06f1e390d178
8de61185-f62f-4b3f-9c41-66d8ac38c951,application/pdf,https://www.gencourt.state.nh.us/bill_status/legacy/bs2016/billText.aspx?sy=2024&id=2189&txtFormat=pdf&v=current,5278a034-2337-4c73-931a-f413af807def
4b05f7e8-f542-488e-9429-f0bb1950d5fe,text/html,https://www.gencourt.state.nh.us/bill_status/legacy/bs2016/billText.aspx?sy=2024&id=2189&txtFormat=html,5278a034-2337-4c73-931a-f413af807def
8f1e11e2-3299-4be5-a053-691e55c1a908,application/pdf,https://www.gencourt.state.nh.us/bill_status/legacy/bs2016/billText.aspx?sy=2024&id=1213&txtFormat=pdf&v=current,a3bed8e7-b866-4e05-a6e8-7e59e509e87b
a7a0265c-36ba-49fa-b25f-4118212bef30,text/html,https://www.gencourt.state.nh.us/bill_status/legacy/bs2016/billText.aspx?sy=2024&id=1213&txtFormat=html,a3bed8e7-b866-4e05-a6e8-7e59e509e87b
e7572dad-82c0-45d9-a48b-c4fe9014f9b6,application/pdf,https://www.gencourt.state.nh.us/bill_status/legacy/bs2016/billText.aspx?sy=2024&id=2024-0717h&txtFormat=amend,c270673b-a2e0-4b69-9720-eb6a6f17f8fc
0afbdd16-709d-4401-a2a9-d7d3fa60fb0c,application/pdf,https://www.gencourt.state.nh.us/bill_status/legacy/bs2016/billText.aspx?sy=2024&id=1371&txtFormat=pdf&v=current,ca246775-a048-4297-91e5-4d5b71e07a84
62f835e3-8e06-423d-afcf-d048ccbf2d76,text/html,https://www.gencourt.state.nh.us/bill_status/legacy/bs2016/billText.aspx?sy=2024&id=1371&txtFormat=html,ca246775-a048-4297-91e5-4d5b71e07a84
e67c29ec-5111-4942-a4e7-ea24e70135f8,application/pdf,https://www.gencourt.state.nh.us/bill_status/legacy/bs2016/billText.aspx?sy=2024&id=1591&txtFormat=pdf&v=current,d4fcf8cb-b7e0-4b98-93b7-fe528f63fb8e
26ccd2d6-076b-4df8-88ae-01ea0d0efab7,text/html,https://www.gencourt.state.nh.us/bill_status/legacy/bs2016/billText.aspx?sy=2024&id=1591&txtFormat=html,d4fcf8cb-b7e0-4b98-93b7-fe528f63fb8e
fec00ed8-dc6b-4b01-81ef-bc83ebf86c7a,application/pdf,https://www.gencourt.state.nh.us/bill_status/legacy/bs2016/billText.aspx?sy=2024&id=2024-1785h&txtFormat=amend,29c412bf-13cb-4f43-92a0-2cb6a27bffa2
bff90596-d8cf-4454-8c28-31448da7cc79,application/pdf,https://www.gencourt.state.nh.us/bill_status/legacy/bs2016/billText.aspx?sy=2024&id=2179&txtFormat=pdf&v=current,6982519b-c58c-45fa-9e9c-5a5611095e71
9ea9ef62-4297-48ff-b4cd-a4ec9cac98da,application/pdf,https://www.gencourt.state.nh.us/bill_status/legacy/bs2016/billText.aspx?sy=2024&id=2024-0012s&txtFormat=amend,f85a758d-3e67-435f-8baa-4fbb4cd21e29
99efd975-06f2-4399-bb98-38cd58b69376,application/pdf,https://www.gencourt.state.nh.us/bill_status/legacy/bs2016/billText.aspx?sy=2024&id=2024-1491h&txtFormat=amend,f1429083-e261-4dae-b05a-7d4c90b1e2e0
3a24a2e7-d8ff-4733-a4c2-999a7aa2b83a,application/pdf,https://www.gencourt.state.nh.us/bill_status/legacy/bs2016/billText.aspx?sy=2024&id=2095&txtFormat=pdf&v=current,e2dfe017-130a-4737-b987-f7bc1ee2c15d
44a2c8e7-0ccf-4162-996f-52747a1629e1,text/html,https://www.gencourt.state.nh.us/bill_status/legacy/bs2016/billText.aspx?sy=2024&id=2095&txtFormat=html,e2dfe017-130a-4737-b987-f7bc1ee2c15d
6913ddb3-bca8-4f1c-a2f4-39ce20597de4,application/pdf,https://www.gencourt.state.nh.us/bill_status/legacy/bs2016/billText.aspx?sy=2024&id=1341&txtFormat=pdf&v=current,d096d8bc-9203-4f0e-8bc3-a9171b14febf
6e2396e7-2f6e-45f8-8ae1-3d534d795328,text/html,https://www.gencourt.state.nh.us/bill_status/legacy/bs2016/billText.aspx?sy=2024&id=1341&txtFormat=html,d096d8bc-9203-4f0e-8bc3-a9171b14febf
8915e60e-1db7-44b2-b001-6b8f230fc4db,application/pdf,https://www.gencourt.state.nh.us/bill_status/legacy/bs2016/billText.aspx?sy=2024&id=2024-1390s&txtFormat=amend,ad9279c4-eb24-4d0b-9c63-616c78be97b2
eb6869d8-70f6-4bd9-bb0b-912a62773e05,application/pdf,https://www.gencourt.state.nh.us/bill_status/legacy/bs2016/billText.aspx?sy=2024&id=2080&txtFormat=pdf&v=current,aab92c10-7cb8-453b-a609-be49c8e28aaf
7a3147c6-13cd-4e8c-9611-c97cd9b304c7,text/html,https://www.gencourt.state.nh.us/bill_status/legacy/bs2016/billText.aspx?sy=2024&id=2080&txtFormat=html,aab92c10-7cb8-453b-a609-be49c8e28aaf
0a76c8fe-b077-4f44-965f-770a4b7f1bed,application/pdf,https://www.gencourt.state.nh.us/bill_status/legacy/bs2016/billText.aspx?sy=2024&id=2024-0519h&txtFormat=amend,e20b7b3e-0400-498c-a740-53eef7226850
408ead5f-5234-4016-8965-cdaf39792cfb,application/pdf,https://www.gencourt.state.nh.us/bill_status/legacy/bs2016/billText.aspx?sy=2024&id=1393&txtFormat=pdf&v=current,d91e323a-d996-433a-9bb8-0504fea72eed
ace75140-06b5-438b-b2a3-56c167fd44cf,text/html,https://www.gencourt.state.nh.us/bill_status/legacy/bs2016/billText.aspx?sy=2024&id=1393&txtFormat=html,d91e323a-d996-433a-9bb8-0504fea72eed
d10e2d19-0e95-4b64-a0c7-76315dc2d815,application/pdf,https://www.gencourt.state.nh.us/bill_status/legacy/bs2016/billText.aspx?sy=2024&id=1709&txtFormat=pdf&v=current,f7a19f44-41a4-49f1-824c-0b7696b0d7cc
87f7ebc4-9d91-4f77-a41d-774bd8e64e5c,text/html,https://www.gencourt.state.nh.us/bill_status/legacy/bs2016/billText.aspx?sy=2024&id=1709&txtFormat=html,f7a19f44-41a4-49f1-824c-0b7696b0d7cc
42b391d8-8157-4c11-a88e-502f160ab38d,application/pdf,https://www.gencourt.state.nh.us/bill_status/legacy/bs2016/billText.aspx?sy=2024&id=2023-0418&txtFormat=amend,ab26ad16-2ff6-442c-acb5-85625895a513
783f8071-6bc5-4782-a9aa-2b6187c98d89,application/pdf,https://www.gencourt.state.nh.us/bill_status/legacy/bs2016/billText.aspx?sy=2024&id=1215&txtFormat=pdf&v=current,cbf76178-03bf-4674-912d-0a68b1913702
fa10dd13-a2cd-43b0-ad77-fea9a708fb9b,text/html,https://www.gencourt.state.nh.us/bill_status/legacy/bs2016/billText.aspx?sy=2024&id=1215&txtFormat=html,cbf76178-03bf-4674-912d-0a68b1913702
aec69c60-6d2d-4b24-8c51-84887bed8100,application/pdf,https://www.gencourt.state.nh.us/bill_status/legacy/bs2016/billText.aspx?sy=2024&id=2024-2343e&txtFormat=amend,dd4c853d-6b13-4659-bab9-e6c4fac197de
ceafc4f0-d590-4364-8ca0-bfb8ec0f2f86,text/html,https://www.gencourt.state.nh.us/bill_status/legacy/bs2016/billText.aspx?sy=2024&id=2179&txtFormat=html,6982519b-c58c-45fa-9e9c-5a5611095e71
bcd16883-cfc1-408e-842e-2767984648ba,application/pdf,https://www.gencourt.state.nh.us/bill_status/legacy/bs2016/billText.aspx?sy=2024&id=2115&txtFormat=pdf&v=current,ff9876ba-8e95-4ed2-864c-d26a13f57fc2
a5af8ea2-4e31-44ba-905f-c95740633491,text/html,https://www.gencourt.state.nh.us/bill_status/legacy/bs2016/billText.aspx?sy=2024&id=2115&txtFormat=html,ff9876ba-8e95-4ed2-864c-d26a13f57fc2
57d0b843-590d-4a49-82e4-ad696f3334a7,application/pdf,https://www.gencourt.state.nh.us/bill_status/legacy/bs2016/billText.aspx?sy=2024&id=2024-1596h&txtFormat=amend,20cf46a7-7696-4ab4-870b-23d7d4276701
4de79dc7-5c92-4d82-b6ad-3f31d3a00072,application/pdf,https://www.gencourt.state.nh.us/bill_status/legacy/bs2016/billText.aspx?sy=2024&id=2123&txtFormat=pdf&v=current,dfe9cb51-64b4-4133-9deb-827b9b225ca6
3ae2e5c5-e9d4-4a72-b8aa-9ee1a1f525b7,text/html,https://www.gencourt.state.nh.us/bill_status/legacy/bs2016/billText.aspx?sy=2024&id=2123&txtFormat=html,dfe9cb51-64b4-4133-9deb-827b9b225ca6
fc6ff7b3-a760-4599-a665-ea7045fe0427,application/pdf,https://www.gencourt.state.nh.us/bill_status/legacy/bs2016/billText.aspx?sy=2024&id=2024-1114s&txtFormat=amend,ef33e73a-0d5b-439e-942c-edaec89f1851
cc603e4f-821b-4dbe-aefb-833b5b8b438c,application/pdf,https://www.gencourt.state.nh.us/bill_status/legacy/bs2016/billText.aspx?sy=2024&id=2210&txtFormat=pdf&v=current,80fc81ae-e365-4339-9766-269c719d4bed
ad00e182-b89e-48bd-bc36-e6193b019a40,text/html,https://www.gencourt.state.nh.us/bill_status/legacy/bs2016/billText.aspx?sy=2024&id=2210&txtFormat=html,80fc81ae-e365-4339-9766-269c719d4bed
f6e10520-1cb1-4a7a-b47d-607a30feb81c,application/pdf,https://www.gencourt.state.nh.us/bill_status/legacy/bs2016/billText.aspx?sy=2024&id=2024-0833s&txtFormat=amend,55387761-4557-45a6-bbb4-4339701525f9
83a0f33c-4b88-4162-85ef-2dfb7956e742,application/pdf,https://www.gencourt.state.nh.us/bill_status/legacy/bs2016/billText.aspx?sy=2024&id=1978&txtFormat=pdf&v=current,c548ff5e-951c-4911-acb9-ae3423a528dd
916417c6-3078-4fb6-89ea-10a2248900df,text/html,https://www.gencourt.state.nh.us/bill_status/legacy/bs2016/billText.aspx?sy=2024&id=1978&txtFormat=html,c548ff5e-951c-4911-acb9-ae3423a528dd
9dc408d9-e8f8-4f43-9139-bfd4571d17c7,application/pdf,https://www.gencourt.state.nh.us/bill_status/legacy/bs2016/billText.aspx?sy=2024&id=2023-2419s&txtFormat=amend,64a92d82-24df-49c2-b4e5-38c4e0a8106a
e706ad5c-ecad-4f2a-a5ee-7bcc0155bd4a,application/pdf,https://www.gencourt.state.nh.us/bill_status/legacy/bs2016/billText.aspx?sy=2024&id=2024-1414s&txtFormat=amend,a5aa57f2-a0e3-4d9f-a38c-dfa94a4f2100
85b0eee6-6ee6-4c2e-87ca-ead3882fe3c6,application/pdf,https://www.gencourt.state.nh.us/bill_status/legacy/bs2016/billText.aspx?sy=2024&id=2152&txtFormat=pdf&v=current,d12b34f7-a9b0-465d-a355-7c0ced8ecf8c
2e684d63-1881-4509-9a5b-e83cb3c2142f,text/html,https://www.gencourt.state.nh.us/bill_status/legacy/bs2016/billText.aspx?sy=2024&id=2152&txtFormat=html,d12b34f7-a9b0-465d-a355-7c0ced8ecf8c
597d3bd0-1744-4e3f-85bf-16862cbf46f0,application/pdf,https://www.gencourt.state.nh.us/bill_status/legacy/bs2016/billText.aspx?sy=2024&id=1194&txtFormat=pdf&v=current,210cbe27-07d5-450a-91ce-1ea84af6d606
bfb8fe7a-fe82-4b28-9f7b-7ec305db3513,text/html,https://www.gencourt.state.nh.us/bill_status/legacy/bs2016/billText.aspx?sy=2024&id=1194&txtFormat=html,210cbe27-07d5-450a-91ce-1ea84af6d606
9fa88caa-d0d6-41c3-a291-51100a2d6272,application/pdf,https://www.gencourt.state.nh.us/bill_status/legacy/bs2016/billText.aspx?sy=2024&id=2023-2444h&txtFormat=amend,e83554bc-6d33-4f9c-acf2-3dcf8ba10836
5b057834-d832-44dc-b989-f362cc7bfcf3,application/pdf,https://www.gencourt.state.nh.us/bill_status/legacy/bs2016/billText.aspx?sy=2024&id=1842&txtFormat=pdf&v=current,cf6f6f34-0b64-4d91-bcd7-72e63b55e292
54784821-20d1-4b73-be66-9aed626fdff6,text/html,https://www.gencourt.state.nh.us/bill_status/legacy/bs2016/billText.aspx?sy=2024&id=1842&txtFormat=html,cf6f6f34-0b64-4d91-bcd7-72e63b55e292
f2ffd346-fdd1-409d-98a3-f3a5b54c0dc3,application/pdf,https://www.gencourt.state.nh.us/bill_status/legacy/bs2016/billText.aspx?sy=2024&id=1428&txtFormat=pdf&v=current,901b3c93-2945-4d96-849e-926e3afe3f10
25be39a0-fdfe-435b-b9ca-fa2bdfce672b,text/html,https://www.gencourt.state.nh.us/bill_status/legacy/bs2016/billText.aspx?sy=2024&id=1428&txtFormat=html,901b3c93-2945-4d96-849e-926e3afe3f10
2e6bc6a5-505b-483e-b642-fbdc9015189c,application/pdf,https://www.gencourt.state.nh.us/bill_status/legacy/bs2016/billText.aspx?sy=2024&id=2023-0142h&txtFormat=amend,b0ddd102-aa24-4aee-a21e-6a1ffe5d418f
0daa4c17-6a07-4822-8edf-fe6f1873838f,application/pdf,https://www.gencourt.state.nh.us/bill_status/legacy/bs2016/billText.aspx?sy=2024&id=2024-1294h&txtFormat=amend,51f64746-a855-4295-89b1-538a46c82b7b
649bd3ad-b2ee-4cec-b812-91f736597f77,application/pdf,https://www.gencourt.state.nh.us/bill_status/legacy/bs2016/billText.aspx?sy=2024&id=1982&txtFormat=pdf&v=current,8a69c719-3ff7-4919-9197-7d9cff3c64c4
c346fd82-6f2e-49bd-8dec-b5d100b8204b,application/pdf,https://www.gencourt.state.nh.us/bill_status/legacy/bs2016/billText.aspx?sy=2024&id=1659&txtFormat=pdf&v=current,a849b0ab-0ad4-4bdf-ba84-68a2576c998f
13dc6ad0-8441-4578-9ed2-cca7d2a51170,text/html,https://www.gencourt.state.nh.us/bill_status/legacy/bs2016/billText.aspx?sy=2024&id=1659&txtFormat=html,a849b0ab-0ad4-4bdf-ba84-68a2576c998f
5b1c59b7-38af-4c00-90a6-c2406dfe4996,text/html,https://www.gencourt.state.nh.us/bill_status/legacy/bs2016/billText.aspx?sy=2024&id=1982&txtFormat=html,8a69c719-3ff7-4919-9197-7d9cff3c64c4
9144e61f-66dd-448d-9571-a1be5d2cca8d,application/pdf,https://www.gencourt.state.nh.us/bill_status/legacy/bs2016/billText.aspx?sy=2024&id=2024-1568h&txtFormat=amend,2c30e1f9-d162-4195-a5c3-3d25b9dfedee
eba9c0b3-e150-41ae-a012-520c89f48a6d,application/pdf,https://www.gencourt.state.nh.us/bill_status/legacy/bs2016/billText.aspx?sy=2024&id=2024-1126s&txtFormat=amend,c49d001d-6de5-40b7-894a-cebeb8ba1da9
8d4ac6a7-41cd-4e50-b6dd-fb8de2850b13,application/pdf,https://www.gencourt.state.nh.us/bill_status/legacy/bs2016/billText.aspx?sy=2024&id=1937&txtFormat=pdf&v=current,047824f1-332a-4e5b-8a23-ddcd700a0ef8
4e555965-49d9-42a6-8bc3-c758c79f4a3c,text/html,https://www.gencourt.state.nh.us/bill_status/legacy/bs2016/billText.aspx?sy=2024&id=1937&txtFormat=html,047824f1-332a-4e5b-8a23-ddcd700a0ef8
59f5972b-63b2-4df9-ba0e-845af5ea09a3,application/pdf,https://www.gencourt.state.nh.us/bill_status/legacy/bs2016/billText.aspx?sy=2024&id=1981&txtFormat=pdf&v=current,4fb0bd9e-fb6b-42fb-8fa8-d207db462494
5e1ca8d5-bf77-460f-87d7-8d05d0ee1a62,text/html,https://www.gencourt.state.nh.us/bill_status/legacy/bs2016/billText.aspx?sy=2024&id=1981&txtFormat=html,4fb0bd9e-fb6b-42fb-8fa8-d207db462494
13350d5d-508d-496b-ace1-684f72a1a9b9,application/pdf,https://www.gencourt.state.nh.us/bill_status/legacy/bs2016/billText.aspx?sy=2024&id=1922&txtFormat=pdf&v=current,ae19b897-9ee4-4646-ab1e-3f3f4d40cc7d
c8766afa-206a-415e-b7f3-93b4e238760a,text/html,https://www.gencourt.state.nh.us/bill_status/legacy/bs2016/billText.aspx?sy=2024&id=1922&txtFormat=html,ae19b897-9ee4-4646-ab1e-3f3f4d40cc7d
d645212d-2a89-41a8-907b-f5cdf2bf3929,application/pdf,https://www.gencourt.state.nh.us/bill_status/legacy/bs2016/billText.aspx?sy=2024&id=2059&txtFormat=pdf&v=current,c856206a-55ee-440c-9a62-eabdeb688896
eaf3d1e1-1295-492c-a959-23dc8fae6931,text/html,https://www.gencourt.state.nh.us/bill_status/legacy/bs2016/billText.aspx?sy=2024&id=2059&txtFormat=html,c856206a-55ee-440c-9a62-eabdeb688896
99044dd7-14b9-48af-92ea-42381121fd6d,application/pdf,https://www.gencourt.state.nh.us/bill_status/legacy/bs2016/billText.aspx?sy=2024&id=2070&txtFormat=pdf&v=current,c9f3308e-9abd-4003-8d53-a0126007e4a7
8400b7f9-4c0b-4bb2-ac41-1b1d343afbd6,text/html,https://www.gencourt.state.nh.us/bill_status/legacy/bs2016/billText.aspx?sy=2024&id=2070&txtFormat=html,c9f3308e-9abd-4003-8d53-a0126007e4a7
70da25cf-fb79-48a7-8b9b-d079080896bc,application/pdf,https://www.gencourt.state.nh.us/bill_status/legacy/bs2016/billText.aspx?sy=2024&id=1119&txtFormat=pdf&v=current,044e8ddf-4cbd-4256-8c31-228bacda3f4c
e7551315-c177-4435-8685-5865688917e8,text/html,https://www.gencourt.state.nh.us/bill_status/legacy/bs2016/billText.aspx?sy=2024&id=1119&txtFormat=html,044e8ddf-4cbd-4256-8c31-228bacda3f4c
35061c58-e46d-43e3-886e-9a21e95b2ec3,application/pdf,https://www.gencourt.state.nh.us/bill_status/legacy/bs2016/billText.aspx?sy=2024&id=2167&txtFormat=pdf&v=current,a2fe3178-b779-4e01-a1dd-aee8e2884190
301dc738-5a49-4d29-bc6d-00c8526c9037,text/html,https://www.gencourt.state.nh.us/bill_status/legacy/bs2016/billText.aspx?sy=2024&id=2167&txtFormat=html,a2fe3178-b779-4e01-a1dd-aee8e2884190
f9f996b2-a8a1-4865-8e86-e62a4f889361,application/pdf,https://www.gencourt.state.nh.us/bill_status/legacy/bs2016/billText.aspx?sy=2024&id=2024-1452h&txtFormat=amend,cd47aa03-3386-40bd-9c2f-6266de837d62
f11d7d71-24eb-45b3-9f8b-c08dfbab6078,application/pdf,https://www.gencourt.state.nh.us/bill_status/legacy/bs2016/billText.aspx?sy=2024&id=2257&txtFormat=pdf&v=current,0cd1ab87-7c4c-40b0-9124-2f3ff0490101
0c459995-d7ca-405a-a2ba-ee6a6f05006a,text/html,https://www.gencourt.state.nh.us/bill_status/legacy/bs2016/billText.aspx?sy=2024&id=2257&txtFormat=html,0cd1ab87-7c4c-40b0-9124-2f3ff0490101
db22ceba-db1c-4df4-ac22-0b93d543b5da,application/pdf,https://www.gencourt.state.nh.us/bill_status/legacy/bs2016/billText.aspx?sy=2024&id=2024-1308h&txtFormat=amend,87585c05-dab4-460f-80ae-b7449b3711eb
5fd10b08-6160-45ac-bd23-105e33d91177,application/pdf,https://www.gencourt.state.nh.us/bill_status/legacy/bs2016/billText.aspx?sy=2024&id=1837&txtFormat=pdf&v=current,3c693e4c-fb91-469a-bffb-ebf28a1f34d1
0e9b83e7-7573-422d-8846-276d3110bfa9,text/html,https://www.gencourt.state.nh.us/bill_status/legacy/bs2016/billText.aspx?sy=2024&id=1837&txtFormat=html,3c693e4c-fb91-469a-bffb-ebf28a1f34d1
de0d6343-10c8-41f1-9744-6c0cb31c6b88,application/pdf,https://www.gencourt.state.nh.us/bill_status/legacy/bs2016/billText.aspx?sy=2024&id=2024-0350h&txtFormat=amend,29fd5b9e-6ec4-444e-a684-37bb9247bdd5
afb9e85c-43eb-477e-8988-f6acecf2e542,application/pdf,https://www.gencourt.state.nh.us/bill_status/legacy/bs2016/billText.aspx?sy=2024&id=1174&txtFormat=pdf&v=current,20a7753d-5d0f-44c4-9cac-8f1404c4fc17
19c1665b-bc6d-4977-a98b-7f30a98a38bf,text/html,https://www.gencourt.state.nh.us/bill_status/legacy/bs2016/billText.aspx?sy=2024&id=1174&txtFormat=html,20a7753d-5d0f-44c4-9cac-8f1404c4fc17
96819171-4a2d-4a54-aacd-25f2bf6d51b3,application/pdf,https://www.gencourt.state.nh.us/bill_status/legacy/bs2016/billText.aspx?sy=2024&id=1538&txtFormat=pdf&v=current,b9d03834-fabf-4f77-89c4-960715fa847f
6b04bdf1-473f-4dbd-ae27-162ab70ed6e4,text/html,https://www.gencourt.state.nh.us/bill_status/legacy/bs2016/billText.aspx?sy=2024&id=1538&txtFormat=html,b9d03834-fabf-4f77-89c4-960715fa847f
d527f962-9859-483c-8db9-74222c278c2d,application/pdf,https://www.gencourt.state.nh.us/bill_status/legacy/bs2016/billText.aspx?sy=2024&id=1691&txtFormat=pdf&v=current,d3852bcf-5015-4cd5-ad47-052de0e147a2
9784b67c-1f18-4944-a928-dbd78d7205c0,text/html,https://www.gencourt.state.nh.us/bill_status/legacy/bs2016/billText.aspx?sy=2024&id=1691&txtFormat=html,d3852bcf-5015-4cd5-ad47-052de0e147a2
fcf1d48e-2c08-46bb-8a07-88c0fe44097d,application/pdf,https://www.gencourt.state.nh.us/bill_status/legacy/bs2016/billText.aspx?sy=2024&id=2024-0707h&txtFormat=amend,66fdb812-99df-4001-8248-7f792c1cd268
b6ca3db3-6f13-4dea-8c0a-7923055dc4b5,application/pdf,https://www.gencourt.state.nh.us/bill_status/legacy/bs2016/billText.aspx?sy=2024&id=1398&txtFormat=pdf&v=current,c5495016-1139-413a-a0e1-8f0f4cd0f41c
147939fa-e6aa-4069-9572-4494625f2084,text/html,https://www.gencourt.state.nh.us/bill_status/legacy/bs2016/billText.aspx?sy=2024&id=1398&txtFormat=html,c5495016-1139-413a-a0e1-8f0f4cd0f41c
fc9578ac-e1a4-4c04-bb93-d1d268e3545b,application/pdf,https://www.gencourt.state.nh.us/bill_status/legacy/bs2016/billText.aspx?sy=2024&id=2024-2340e&txtFormat=amend,954248c9-5980-42e9-aaa0-0d8a59bef2f4
f22d6407-7b0b-49f4-b0f0-a14c7885bdc7,application/pdf,https://www.gencourt.state.nh.us/bill_status/legacy/bs2016/billText.aspx?sy=2024&id=1540&txtFormat=pdf&v=current,c722363e-ab5b-43d7-b7fc-1c3196524645
4e2be7ca-66f8-4b59-b32f-8c2bc24849a1,text/html,https://www.gencourt.state.nh.us/bill_status/legacy/bs2016/billText.aspx?sy=2024&id=1540&txtFormat=html,c722363e-ab5b-43d7-b7fc-1c3196524645
e7abb184-c6f1-4ab2-9e7f-b85550c6b424,application/pdf,https://www.gencourt.state.nh.us/bill_status/legacy/bs2016/billText.aspx?sy=2024&id=2024-1470s&txtFormat=amend,831b31e8-d4ad-42c4-8149-f9e9ace27a9a
3a636d58-ebbf-44db-8bb8-62f75a0b13ce,application/pdf,https://www.gencourt.state.nh.us/bill_status/legacy/bs2016/billText.aspx?sy=2024&id=1704&txtFormat=pdf&v=current,57976524-cd4d-4cc9-93f6-27cdf8f03baa
9164d508-c5a9-40e2-93f2-f2abdc89674d,text/html,https://www.gencourt.state.nh.us/bill_status/legacy/bs2016/billText.aspx?sy=2024&id=1704&txtFormat=html,57976524-cd4d-4cc9-93f6-27cdf8f03baa
b5dfdeca-4aff-43de-8b2d-a56b2902b0e0,application/pdf,https://www.gencourt.state.nh.us/bill_status/legacy/bs2016/billText.aspx?sy=2024&id=2024-1703s&txtFormat=amend,d3762f29-fd68-4fc2-bea8-0d6d923cfba2
d3772354-eefe-4c30-b75e-b94c33b56993,application/pdf,https://www.gencourt.state.nh.us/bill_status/legacy/bs2016/billText.aspx?sy=2024&id=1128&txtFormat=pdf&v=current,a20c31fe-14f2-4e55-b306-be88b32025fd
d072cc97-19b4-42f0-9b5e-a241308681fa,text/html,https://www.gencourt.state.nh.us/bill_status/legacy/bs2016/billText.aspx?sy=2024&id=1128&txtFormat=html,a20c31fe-14f2-4e55-b306-be88b32025fd
b70eaca1-c9fc-402f-afe0-48f280390269,application/pdf,https://www.gencourt.state.nh.us/bill_status/legacy/bs2016/billText.aspx?sy=2024&id=2024-0939h&txtFormat=amend,c99a23fe-2273-44a5-a737-c5278480df61
d889e5c1-8491-43f2-8311-b0efb62d01a5,application/pdf,https://www.gencourt.state.nh.us/bill_status/legacy/bs2016/billText.aspx?sy=2024&id=1432&txtFormat=pdf&v=current,a62fc950-2f8f-4a94-a9c1-750a7545c8fe
f714b42d-1069-455a-9e14-2dd957016654,text/html,https://www.gencourt.state.nh.us/bill_status/legacy/bs2016/billText.aspx?sy=2024&id=1432&txtFormat=html,a62fc950-2f8f-4a94-a9c1-750a7545c8fe
df7e203c-64ce-42ea-b0cd-f113b493534d,application/pdf,https://www.gencourt.state.nh.us/bill_status/legacy/bs2016/billText.aspx?sy=2024&id=2024-2371e&txtFormat=amend,e0dde9c9-3c91-4062-ae29-fe12e2906562
1b5d7f98-68ae-4229-a088-b1fab6e0e84b,application/pdf,https://www.gencourt.state.nh.us/bill_status/legacy/bs2016/billText.aspx?sy=2024&id=2136&txtFormat=pdf&v=current,79cf4800-c701-46ff-b25e-4f5d1bde59a0
bed6bb03-0e0c-4a93-836c-93021f18cac2,text/html,https://www.gencourt.state.nh.us/bill_status/legacy/bs2016/billText.aspx?sy=2024&id=2136&txtFormat=html,79cf4800-c701-46ff-b25e-4f5d1bde59a0
5b15f735-1544-4d88-bdd5-4676d3a2990a,application/pdf,https://www.gencourt.state.nh.us/bill_status/legacy/bs2016/billText.aspx?sy=2024&id=2023-0533h&txtFormat=amend,8f84dd67-4831-4c10-b011-548a98edce85
08f3a37d-fef9-49e0-9613-f4e3faab96cf,application/pdf,https://www.gencourt.state.nh.us/bill_status/legacy/bs2016/billText.aspx?sy=2024&id=1232&txtFormat=pdf&v=current,5ac4049c-5d86-46d1-aa61-63429c2d92a6
eba0e159-4945-4175-913c-ace30c910152,text/html,https://www.gencourt.state.nh.us/bill_status/legacy/bs2016/billText.aspx?sy=2024&id=1232&txtFormat=html,5ac4049c-5d86-46d1-aa61-63429c2d92a6
1ba27e1f-fc97-46df-836d-8cfe093a1843,application/pdf,https://www.gencourt.state.nh.us/bill_status/legacy/bs2016/billText.aspx?sy=2024&id=1245&txtFormat=pdf&v=current,155edce3-f59a-4d1f-b2e9-3eca2862ec77
bbbcddd0-cef2-4135-bc0c-42c9c60ec202,text/html,https://www.gencourt.state.nh.us/bill_status/legacy/bs2016/billText.aspx?sy=2024&id=1245&txtFormat=html,155edce3-f59a-4d1f-b2e9-3eca2862ec77
4d3d47ee-6197-4200-b123-5734971c794e,application/pdf,https://www.gencourt.state.nh.us/bill_status/legacy/bs2016/billText.aspx?sy=2024&id=1446&txtFormat=pdf&v=current,3b7fdf6d-ded0-41e7-af7c-96218806e20d
35f0a0ad-69cf-4388-8b7e-1870f35df79f,text/html,https://www.gencourt.state.nh.us/bill_status/legacy/bs2016/billText.aspx?sy=2024&id=1446&txtFormat=html,3b7fdf6d-ded0-41e7-af7c-96218806e20d
d01031b0-420c-48f7-b3e4-8c0e66b143d5,application/pdf,https://www.gencourt.state.nh.us/bill_status/legacy/bs2016/billText.aspx?sy=2024&id=2023-0347h&txtFormat=amend,ca4d976c-dfda-4db4-89f3-58cf78387d57
e07e078a-79f3-4abd-beef-b146d9c6e9f4,application/pdf,https://www.gencourt.state.nh.us/bill_status/legacy/bs2016/billText.aspx?sy=2024&id=1507&txtFormat=pdf&v=current,438d0685-1a6c-4e26-9075-2ded8ab696b6
bb8adf76-1216-462a-a4e7-cebe7e936454,text/html,https://www.gencourt.state.nh.us/bill_status/legacy/bs2016/billText.aspx?sy=2024&id=1507&txtFormat=html,438d0685-1a6c-4e26-9075-2ded8ab696b6
21244937-9807-4532-9fff-15a0e6ad593d,application/pdf,https://www.gencourt.state.nh.us/bill_status/legacy/bs2016/billText.aspx?sy=2024&id=2024-2317e&txtFormat=amend,d9acb8b9-3f7e-4399-9ff7-d668eb0e0791
ad00c263-9956-417e-bdcc-f134b7e1c440,application/pdf,https://www.gencourt.state.nh.us/bill_status/legacy/bs2016/billText.aspx?sy=2024&id=1142&txtFormat=pdf&v=current,d1d3adb5-b572-4464-8971-f845fee3a44a
1738f541-f1c5-43dd-bd08-466582aced38,text/html,https://www.gencourt.state.nh.us/bill_status/legacy/bs2016/billText.aspx?sy=2024&id=1142&txtFormat=html,d1d3adb5-b572-4464-8971-f845fee3a44a
1e4ded38-3518-4f0f-bd4d-ab3c16c2565e,application/pdf,https://www.gencourt.state.nh.us/bill_status/legacy/bs2016/billText.aspx?sy=2024&id=2024-0975s&txtFormat=amend,49cc4e0e-bf4b-495c-b292-f15eb6069931
f2df02a9-78a2-4c5a-98b2-7210d1f1adb8,application/pdf,https://www.gencourt.state.nh.us/bill_status/legacy/bs2016/billText.aspx?sy=2024&id=1932&txtFormat=pdf&v=current,8878b10d-0ddf-4ace-99ce-132955fafd68
0fc8c6de-a5da-405a-877a-68ae2a9497a3,text/html,https://www.gencourt.state.nh.us/bill_status/legacy/bs2016/billText.aspx?sy=2024&id=1932&txtFormat=html,8878b10d-0ddf-4ace-99ce-132955fafd68
84e5bb48-8e05-4030-aeaf-14221d5691b3,application/pdf,https://www.gencourt.state.nh.us/bill_status/legacy/bs2016/billText.aspx?sy=2024&id=1606&txtFormat=pdf&v=current,2f683b16-5975-406f-b21c-da6ddac9c5b0
c0f9828d-5b31-493f-ba1f-aad394d1d88b,text/html,https://www.gencourt.state.nh.us/bill_status/legacy/bs2016/billText.aspx?sy=2024&id=1606&txtFormat=html,2f683b16-5975-406f-b21c-da6ddac9c5b0
2a56c8f6-bec9-48f3-98da-4faee809d67a,application/pdf,https://www.gencourt.state.nh.us/bill_status/legacy/bs2016/billText.aspx?sy=2024&id=2024-1157h&txtFormat=amend,6866e3bb-27e3-458c-8c86-504275ff69bc
0846b3f7-395e-4d93-80cf-5085ed492a52,application/pdf,https://www.gencourt.state.nh.us/bill_status/legacy/bs2016/billText.aspx?sy=2024&id=1756&txtFormat=pdf&v=current,6b94a380-779c-4fa5-97ca-1a012ae4c595
67cf594f-7d99-4a45-8237-859031041421,text/html,https://www.gencourt.state.nh.us/bill_status/legacy/bs2016/billText.aspx?sy=2024&id=1756&txtFormat=html,6b94a380-779c-4fa5-97ca-1a012ae4c595
ab262fa1-1d5d-4c5d-b3a7-1cfd614952ed,application/pdf,https://www.gencourt.state.nh.us/bill_status/legacy/bs2016/billText.aspx?sy=2024&id=2024-0191h&txtFormat=amend,155d0b0e-9a9c-4c90-9f4d-3f6fcf6350b2
f395ecf0-5a38-4f72-b9c2-e31976529b69,application/pdf,https://www.gencourt.state.nh.us/bill_status/legacy/bs2016/billText.aspx?sy=2024&id=1835&txtFormat=pdf&v=current,8e54a7de-a702-4d98-b822-f79012a0dd02
7f2679c8-6a31-457b-a2ca-25bd63f823f1,text/html,https://www.gencourt.state.nh.us/bill_status/legacy/bs2016/billText.aspx?sy=2024&id=1835&txtFormat=html,8e54a7de-a702-4d98-b822-f79012a0dd02
ab276b15-8739-4740-b8ba-70cc567940a8,application/pdf,https://www.gencourt.state.nh.us/bill_status/legacy/bs2016/billText.aspx?sy=2024&id=1724&txtFormat=pdf&v=current,ee5615ff-e5ef-4f1f-882e-a5f3aa3d6266
925fbbfb-6d94-45bf-b390-b4c2bd2f514a,text/html,https://www.gencourt.state.nh.us/bill_status/legacy/bs2016/billText.aspx?sy=2024&id=1724&txtFormat=html,ee5615ff-e5ef-4f1f-882e-a5f3aa3d6266
b992f5cd-c55e-442f-8f7a-93394d181368,application/pdf,https://www.gencourt.state.nh.us/bill_status/legacy/bs2016/billText.aspx?sy=2024&id=1726&txtFormat=pdf&v=current,901d5e28-a55f-4b9f-be0d-e405ad68c5be
1048a989-3953-40a5-b10c-3abf7c5c7782,text/html,https://www.gencourt.state.nh.us/bill_status/legacy/bs2016/billText.aspx?sy=2024&id=1726&txtFormat=html,901d5e28-a55f-4b9f-be0d-e405ad68c5be
3ea9b3a9-3447-46dc-bc61-0e8c084a4c84,application/pdf,https://www.gencourt.state.nh.us/bill_status/legacy/bs2016/billText.aspx?sy=2024&id=2024-0658s&txtFormat=amend,aea91aa4-7bc0-4e0e-81b4-8455414496b0
83f7902f-fe12-43d1-8db7-7310d16314f3,application/pdf,https://www.gencourt.state.nh.us/bill_status/legacy/bs2016/billText.aspx?sy=2024&id=1926&txtFormat=pdf&v=current,923666de-7571-4bce-8d04-5cdf87d1db97
5e136ee7-6634-40c6-a107-eb93522960fd,text/html,https://www.gencourt.state.nh.us/bill_status/legacy/bs2016/billText.aspx?sy=2024&id=1926&txtFormat=html,923666de-7571-4bce-8d04-5cdf87d1db97
5fad96c8-24e4-4901-b179-63e7836fa36a,application/pdf,https://www.gencourt.state.nh.us/bill_status/legacy/bs2016/billText.aspx?sy=2024&id=2024-0212h&txtFormat=amend,9c70559e-d4ae-4804-991b-956f20a23d6e
223f81fd-175d-4e3a-8a79-0c2a4672f867,application/pdf,https://www.gencourt.state.nh.us/bill_status/legacy/bs2016/billText.aspx?sy=2024&id=1144&txtFormat=pdf&v=current,385ca408-907d-4487-b0b0-ae505b4f3249
44815927-7be2-4dda-8ad4-2802cabdc064,text/html,https://www.gencourt.state.nh.us/bill_status/legacy/bs2016/billText.aspx?sy=2024&id=1144&txtFormat=html,385ca408-907d-4487-b0b0-ae505b4f3249
116f54e6-d48e-4ed1-8d54-9fba26f2a68c,application/pdf,https://www.gencourt.state.nh.us/bill_status/legacy/bs2016/billText.aspx?sy=2024&id=2028&txtFormat=pdf&v=current,f10c30c7-c649-4490-82b9-889ebfb28f16
ac5293ac-cfba-471f-94d4-4729114db8e4,text/html,https://www.gencourt.state.nh.us/bill_status/legacy/bs2016/billText.aspx?sy=2024&id=2028&txtFormat=html,f10c30c7-c649-4490-82b9-889ebfb28f16
dbf84f8a-4e3e-4ac3-88dc-114705b2dfb0,application/pdf,https://www.gencourt.state.nh.us/bill_status/legacy/bs2016/billText.aspx?sy=2024&id=2024-1116s&txtFormat=amend,40751e78-df6e-42f6-83aa-8568b06a04a7
4f5789c9-b613-43e0-acc0-9f0dbe9cdf96,application/pdf,https://www.gencourt.state.nh.us/bill_status/legacy/bs2016/billText.aspx?sy=2024&id=2142&txtFormat=pdf&v=current,2687a3c2-e3ba-4b91-8848-ffaadbd40b98
5cf270b0-5e79-41ca-966d-a88e7842d9a7,text/html,https://www.gencourt.state.nh.us/bill_status/legacy/bs2016/billText.aspx?sy=2024&id=2142&txtFormat=html,2687a3c2-e3ba-4b91-8848-ffaadbd40b98
9ce4223a-a24d-423f-be67-a8649c9913a4,application/pdf,https://www.gencourt.state.nh.us/bill_status/legacy/bs2016/billText.aspx?sy=2024&id=2024-0813h&txtFormat=amend,699a3544-905d-4f38-961b-a67c683832ec
fef5d692-cbfc-4639-8ab6-d79998d8021d,application/pdf,https://www.gencourt.state.nh.us/bill_status/legacy/bs2016/billText.aspx?sy=2024&id=1566&txtFormat=pdf&v=current,aa118d2a-ea6b-488e-af3f-c0266e679864
6cf98c5e-4a55-4b7d-a3a7-00d6a31bcf39,text/html,https://www.gencourt.state.nh.us/bill_status/legacy/bs2016/billText.aspx?sy=2024&id=1566&txtFormat=html,aa118d2a-ea6b-488e-af3f-c0266e679864
b642241d-f179-44cb-8828-7a1260e35339,application/pdf,https://www.gencourt.state.nh.us/bill_status/legacy/bs2016/billText.aspx?sy=2024&id=2197&txtFormat=pdf&v=current,9a100e73-25bc-4546-ab65-f68de1ac2ba3
81392d49-8c54-42af-9958-d698a08626a2,application/pdf,https://www.gencourt.state.nh.us/bill_status/legacy/bs2016/billText.aspx?sy=2024&id=1865&txtFormat=pdf&v=current,ef9d0385-c9d4-4e3f-b6b0-a5241010cf18
9ad5615c-3324-4cc7-9005-3dca1f8bbbf1,text/html,https://www.gencourt.state.nh.us/bill_status/legacy/bs2016/billText.aspx?sy=2024&id=1865&txtFormat=html,ef9d0385-c9d4-4e3f-b6b0-a5241010cf18
7efa7058-f275-4020-8e13-eb29a994d0f2,application/pdf,https://www.gencourt.state.nh.us/bill_status/legacy/bs2016/billText.aspx?sy=2024&id=1346&txtFormat=pdf&v=current,2645bb21-dfe0-4300-bf35-f72896a8a062
2d3f90af-36e9-4c52-bb45-92190288ce7f,text/html,https://www.gencourt.state.nh.us/bill_status/legacy/bs2016/billText.aspx?sy=2024&id=1346&txtFormat=html,2645bb21-dfe0-4300-bf35-f72896a8a062
5e177442-f353-4688-a9ea-4b30ef14a399,application/pdf,https://www.gencourt.state.nh.us/bill_status/legacy/bs2016/billText.aspx?sy=2024&id=2193&txtFormat=pdf&v=current,33771e8f-99b5-418d-ab17-a0235ce9636e
71d5ff5d-c40e-4627-8a99-c2335d65e327,text/html,https://www.gencourt.state.nh.us/bill_status/legacy/bs2016/billText.aspx?sy=2024&id=2193&txtFormat=html,33771e8f-99b5-418d-ab17-a0235ce9636e
96fcf288-1b23-4dc1-84fd-44e3c6974461,application/pdf,https://www.gencourt.state.nh.us/bill_status/legacy/bs2016/billText.aspx?sy=2024&id=2024-1911h&txtFormat=amend,00ab2f7a-a3e9-456c-bf94-0f4104d4b1cf
f1985d13-ee7e-47fc-8aa0-cc6a6f66f31c,application/pdf,https://www.gencourt.state.nh.us/bill_status/legacy/bs2016/billText.aspx?sy=2024&id=2254&txtFormat=pdf&v=current,536256bd-63c4-420a-829c-350f572b1c92
1fa55bfc-b337-4ea6-bebe-d3eae41c7683,text/html,https://www.gencourt.state.nh.us/bill_status/legacy/bs2016/billText.aspx?sy=2024&id=2254&txtFormat=html,536256bd-63c4-420a-829c-350f572b1c92
5d43df0e-ac45-4794-9b92-6c5849fe8e71,application/pdf,https://www.gencourt.state.nh.us/bill_status/legacy/bs2016/billText.aspx?sy=2024&id=1176&txtFormat=pdf&v=current,653ffc45-ef96-4e88-af91-807e59547ee9
23893135-b386-4d81-9f13-26dd231b312c,text/html,https://www.gencourt.state.nh.us/bill_status/legacy/bs2016/billText.aspx?sy=2024&id=1176&txtFormat=html,653ffc45-ef96-4e88-af91-807e59547ee9
6768bbf1-6074-4478-bcf3-cd53db551b51,application/pdf,https://www.gencourt.state.nh.us/bill_status/legacy/bs2016/billText.aspx?sy=2024&id=1631&txtFormat=pdf&v=current,bf6722e9-870e-470a-8b29-fc2a8f0f5645
d97c005f-066c-4751-a98e-bf3270618e18,text/html,https://www.gencourt.state.nh.us/bill_status/legacy/bs2016/billText.aspx?sy=2024&id=1631&txtFormat=html,bf6722e9-870e-470a-8b29-fc2a8f0f5645
1562b4c7-5618-480f-a179-3e053b239565,text/html,https://www.gencourt.state.nh.us/bill_status/legacy/bs2016/billText.aspx?sy=2024&id=2197&txtFormat=html,9a100e73-25bc-4546-ab65-f68de1ac2ba3
40bbb5a2-2d85-44e4-a4fe-5be74f77618a,application/pdf,https://www.gencourt.state.nh.us/bill_status/legacy/bs2016/billText.aspx?sy=2024&id=2019&txtFormat=pdf&v=current,638d4155-8a38-4273-ada8-c824279ed8e2
4fc63078-4fc1-49eb-8126-7c6993fe31b8,text/html,https://www.gencourt.state.nh.us/bill_status/legacy/bs2016/billText.aspx?sy=2024&id=2019&txtFormat=html,638d4155-8a38-4273-ada8-c824279ed8e2
a5c95803-7149-4764-a56b-5f17c3859f42,application/pdf,https://www.gencourt.state.nh.us/bill_status/legacy/bs2016/billText.aspx?sy=2024&id=1342&txtFormat=pdf&v=current,fa9becc8-fea3-4a08-a75f-9bd12a8b16f4
c5aea072-15df-4111-b92b-682f4e75acd3,text/html,https://www.gencourt.state.nh.us/bill_status/legacy/bs2016/billText.aspx?sy=2024&id=1342&txtFormat=html,fa9becc8-fea3-4a08-a75f-9bd12a8b16f4
79d5cb68-3f96-4c48-8e1a-5a6cba884a8b,application/pdf,https://www.gencourt.state.nh.us/bill_status/legacy/bs2016/billText.aspx?sy=2024&id=2024-2360e&txtFormat=amend,91a6ce19-fdcf-420f-b297-6fa4b6ce8f2c
5beea224-d674-4cac-8c91-635ab0cedea7,application/pdf,https://www.gencourt.state.nh.us/bill_status/legacy/bs2016/billText.aspx?sy=2024&id=1377&txtFormat=pdf&v=current,74204c16-7539-4245-832a-879234034b7a
9c0380e2-61c9-4438-9ecd-5d4bb5a2a8f3,text/html,https://www.gencourt.state.nh.us/bill_status/legacy/bs2016/billText.aspx?sy=2024&id=1377&txtFormat=html,74204c16-7539-4245-832a-879234034b7a
70c49a2d-10c9-4313-b4a0-fdeeaee00308,application/pdf,https://www.gencourt.state.nh.us/bill_status/legacy/bs2016/billText.aspx?sy=2024&id=1148&txtFormat=pdf&v=current,274a5a77-1750-4bbe-8a47-4b34aadca864
385f948b-23f9-447d-bb73-195c812f8357,text/html,https://www.gencourt.state.nh.us/bill_status/legacy/bs2016/billText.aspx?sy=2024&id=1148&txtFormat=html,274a5a77-1750-4bbe-8a47-4b34aadca864
cfff9c18-c7be-49e5-b075-c43f3b0d61ac,application/pdf,https://www.gencourt.state.nh.us/bill_status/legacy/bs2016/billText.aspx?sy=2024&id=1326&txtFormat=pdf&v=current,d24e92e3-40ee-4920-bd5d-7952ec5f68b7
59862d99-6d89-413b-81e2-4ff656e5053c,text/html,https://www.gencourt.state.nh.us/bill_status/legacy/bs2016/billText.aspx?sy=2024&id=1326&txtFormat=html,d24e92e3-40ee-4920-bd5d-7952ec5f68b7
2f404977-8480-4fa2-a7c3-beaad30e7bf2,application/pdf,https://www.gencourt.state.nh.us/bill_status/legacy/bs2016/billText.aspx?sy=2024&id=2024-0795s&txtFormat=amend,83a3b5db-3b1c-4714-9879-ed2d37c5c24b
2044dc62-a036-4d1e-9da5-af258310d471,application/pdf,https://www.gencourt.state.nh.us/bill_status/legacy/bs2016/billText.aspx?sy=2024&id=1721&txtFormat=pdf&v=current,c17a8d1b-9a8e-4b78-bff5-678aa4f7fa25
a3a0a470-6317-4ab4-9a74-9bed51dd100c,text/html,https://www.gencourt.state.nh.us/bill_status/legacy/bs2016/billText.aspx?sy=2024&id=1721&txtFormat=html,c17a8d1b-9a8e-4b78-bff5-678aa4f7fa25
7e01c39e-0d72-41e3-adb6-8a1dd5cb8401,application/pdf,https://www.gencourt.state.nh.us/bill_status/legacy/bs2016/billText.aspx?sy=2024&id=2146&txtFormat=pdf&v=current,4b1071ac-1684-4b10-a0cd-277221b77efc
b3ef3045-b7da-4138-be27-27e83ae609bf,text/html,https://www.gencourt.state.nh.us/bill_status/legacy/bs2016/billText.aspx?sy=2024&id=2146&txtFormat=html,4b1071ac-1684-4b10-a0cd-277221b77efc
2850d127-b959-4421-9b1d-5751f91e0524,application/pdf,https://www.gencourt.state.nh.us/bill_status/legacy/bs2016/billText.aspx?sy=2024&id=2024-0198h&txtFormat=amend,ded716b3-db63-48e9-9d74-92a6aecb90af
95ce0eeb-754b-4d48-a32f-bc0116bccd81,application/pdf,https://www.gencourt.state.nh.us/bill_status/legacy/bs2016/billText.aspx?sy=2024&id=2024-2007s&txtFormat=amend,c16150aa-38f1-4bc6-8cff-594e14d71e20
a831c52b-c8db-4d04-b6c0-ef7775c99b80,application/pdf,https://www.gencourt.state.nh.us/bill_status/legacy/bs2016/billText.aspx?sy=2024&id=1242&txtFormat=pdf&v=current,ed843629-4ce8-4e45-bc23-88a8f065c306
f15d86f4-9d5b-4b66-941c-85f69f5e7d58,text/html,https://www.gencourt.state.nh.us/bill_status/legacy/bs2016/billText.aspx?sy=2024&id=1242&txtFormat=html,ed843629-4ce8-4e45-bc23-88a8f065c306
b5c75942-7699-4d24-9796-2a3afca10dc2,application/pdf,https://www.gencourt.state.nh.us/bill_status/legacy/bs2016/billText.aspx?sy=2024&id=2024-0830s&txtFormat=amend,ea4af3cc-a818-4371-b371-fcdca37c9a98
0d868369-ab02-432c-8734-0048221052ed,application/pdf,https://www.gencourt.state.nh.us/bill_status/legacy/bs2016/billText.aspx?sy=2024&id=2132&txtFormat=pdf&v=current,33e2e674-70c6-4430-b7af-8e5d0de498cd
165a20f6-83af-4ad2-bfda-b7bfbba34262,text/html,https://www.gencourt.state.nh.us/bill_status/legacy/bs2016/billText.aspx?sy=2024&id=2132&txtFormat=html,33e2e674-70c6-4430-b7af-8e5d0de498cd
609fa83e-f287-4949-8f64-f8faf5d2caf4,application/pdf,https://www.gencourt.state.nh.us/bill_status/legacy/bs2016/billText.aspx?sy=2024&id=2024-2152s&txtFormat=amend,dcb4b74a-68a1-454e-a1d6-c4f61b80116e
0e28f29c-0cd1-4943-9af4-5621fe4a5fed,application/pdf,https://www.gencourt.state.nh.us/bill_status/legacy/bs2016/billText.aspx?sy=2024&id=1369&txtFormat=pdf&v=current,5c2e6065-8a8d-4dcf-96c0-a74b3954158b
4d0f3ee1-18ee-4934-8b09-9f8973708121,text/html,https://www.gencourt.state.nh.us/bill_status/legacy/bs2016/billText.aspx?sy=2024&id=1369&txtFormat=html,5c2e6065-8a8d-4dcf-96c0-a74b3954158b
d9ca9e87-ab14-4f2b-98ba-b2364c0b7b16,application/pdf,https://www.gencourt.state.nh.us/bill_status/legacy/bs2016/billText.aspx?sy=2024&id=2024-1823s&txtFormat=amend,e33995ae-9d52-4160-85c7-791bc3f6c32c
d135219a-a3f5-4fac-ae2a-4f0cb5e231d1,application/pdf,https://www.gencourt.state.nh.us/bill_status/legacy/bs2016/billText.aspx?sy=2024&id=1392&txtFormat=pdf&v=current,26fa57ec-c2c5-4422-adf1-f476d5a84d3b
523c7547-8775-42a4-a90e-98580371a104,text/html,https://www.gencourt.state.nh.us/bill_status/legacy/bs2016/billText.aspx?sy=2024&id=1392&txtFormat=html,26fa57ec-c2c5-4422-adf1-f476d5a84d3b
e883a59d-96c7-4a5d-b5a9-ab2a4fbcfdb0,application/pdf,https://www.gencourt.state.nh.us/bill_status/legacy/bs2016/billText.aspx?sy=2024&id=2024-1719s&txtFormat=amend,f772f97c-a0e9-41f9-81d0-4264ced7c7e7
d46e7e1e-98f6-4130-a2f6-ff99ca151b12,application/pdf,https://www.gencourt.state.nh.us/bill_status/legacy/bs2016/billText.aspx?sy=2024&id=1349&txtFormat=pdf&v=current,a10dce64-2e3f-41e1-b00b-cc304e6db9dc
194e5581-efac-4bb3-ab3b-511e23153ffa,text/html,https://www.gencourt.state.nh.us/bill_status/legacy/bs2016/billText.aspx?sy=2024&id=1349&txtFormat=html,a10dce64-2e3f-41e1-b00b-cc304e6db9dc
cfe817f5-95c0-41f3-8ad7-1ff58e14952d,application/pdf,https://www.gencourt.state.nh.us/bill_status/legacy/bs2016/billText.aspx?sy=2024&id=2024-1256h&txtFormat=amend,610e07a2-fa42-4d6f-8a7e-1ad19728855c
5f9363bf-e3fb-48cd-ad3e-681955fd3dca,application/pdf,https://www.gencourt.state.nh.us/bill_status/legacy/bs2016/billText.aspx?sy=2024&id=1301&txtFormat=pdf&v=current,aa2b7c6c-e0eb-41bf-9b91-946ce1f38936
aed80796-fc8e-49c8-a52a-54d959fd3b4d,text/html,https://www.gencourt.state.nh.us/bill_status/legacy/bs2016/billText.aspx?sy=2024&id=1301&txtFormat=html,aa2b7c6c-e0eb-41bf-9b91-946ce1f38936
71c19908-1742-4e76-8fb7-6cf62002c3df,application/pdf,https://www.gencourt.state.nh.us/bill_status/legacy/bs2016/billText.aspx?sy=2024&id=2024-2199e&txtFormat=amend,aeba3a65-7347-44b7-b91a-f469def4ea05
1e129465-ad45-4d41-94b8-bde6fd31256f,application/pdf,https://www.gencourt.state.nh.us/bill_status/legacy/bs2016/billText.aspx?sy=2024&id=1871&txtFormat=pdf&v=current,31fa90b4-2a7d-4696-a466-0f33caa60f1e
b171b330-e81d-4a86-a0d5-546eede73c72,text/html,https://www.gencourt.state.nh.us/bill_status/legacy/bs2016/billText.aspx?sy=2024&id=1871&txtFormat=html,31fa90b4-2a7d-4696-a466-0f33caa60f1e
cf3dff89-c4ae-4e87-9607-af71634ee639,application/pdf,https://www.gencourt.state.nh.us/bill_status/legacy/bs2016/billText.aspx?sy=2024&id=1748&txtFormat=pdf&v=current,4a8e2dae-1fe9-4607-a951-c29831760e45
78e1de34-2f1d-4513-8641-92040b674127,text/html,https://www.gencourt.state.nh.us/bill_status/legacy/bs2016/billText.aspx?sy=2024&id=1748&txtFormat=html,4a8e2dae-1fe9-4607-a951-c29831760e45
bd7c20ea-9a8c-4089-9560-9b55968454cf,application/pdf,https://www.gencourt.state.nh.us/bill_status/legacy/bs2016/billText.aspx?sy=2024&id=1578&txtFormat=pdf&v=current,d6babd9f-3184-4fa1-a4b3-9b009e39aede
b04b68f2-69ba-466f-ba7a-9d629742d254,text/html,https://www.gencourt.state.nh.us/bill_status/legacy/bs2016/billText.aspx?sy=2024&id=1578&txtFormat=html,d6babd9f-3184-4fa1-a4b3-9b009e39aede
783da2ab-a761-4d7a-bb06-e5feb2063df5,application/pdf,https://www.gencourt.state.nh.us/bill_status/legacy/bs2016/billText.aspx?sy=2024&id=1230&txtFormat=pdf&v=current,b7f15719-56ef-4b3a-be1e-256214f1bde0
ac51009a-d86a-4443-aed1-6ba95ebb025a,text/html,https://www.gencourt.state.nh.us/bill_status/legacy/bs2016/billText.aspx?sy=2024&id=1230&txtFormat=html,b7f15719-56ef-4b3a-be1e-256214f1bde0
b30c5457-6b45-4b95-b753-4ef51f2e978e,application/pdf,https://www.gencourt.state.nh.us/bill_status/legacy/bs2016/billText.aspx?sy=2024&id=1207&txtFormat=pdf&v=current,00524b76-c872-4733-812e-3a65e4833e7c
fe5fad17-ba03-47ca-88d1-88da7a63d84b,text/html,https://www.gencourt.state.nh.us/bill_status/legacy/bs2016/billText.aspx?sy=2024&id=1207&txtFormat=html,00524b76-c872-4733-812e-3a65e4833e7c
7e36e992-44b6-4cb4-b4d7-55ed5581a428,application/pdf,https://www.gencourt.state.nh.us/bill_status/legacy/bs2016/billText.aspx?sy=2024&id=1152&txtFormat=pdf&v=current,378a8bcf-ebd2-478f-a8d0-cca011c5dbc7
eef517e5-a9f0-4fd4-8ebe-9777744dd126,text/html,https://www.gencourt.state.nh.us/bill_status/legacy/bs2016/billText.aspx?sy=2024&id=1152&txtFormat=html,378a8bcf-ebd2-478f-a8d0-cca011c5dbc7
d3c0c81c-f6bb-4c38-b703-4f84536f3e50,application/pdf,https://www.gencourt.state.nh.us/bill_status/legacy/bs2016/billText.aspx?sy=2024&id=2024-2318e&txtFormat=amend,e5284567-86aa-4224-9077-1e50bd1a3239
86e208f2-c689-4988-bd97-2629d0a10ca8,application/pdf,https://www.gencourt.state.nh.us/bill_status/legacy/bs2016/billText.aspx?sy=2024&id=1707&txtFormat=pdf&v=current,999ec580-d92e-426e-b4f6-abf3a93604ae
ad58ea97-eb26-47b6-97a3-10393c098781,text/html,https://www.gencourt.state.nh.us/bill_status/legacy/bs2016/billText.aspx?sy=2024&id=1707&txtFormat=html,999ec580-d92e-426e-b4f6-abf3a93604ae
ed9f005d-e9e3-42ba-b386-03899a153a3b,application/pdf,https://www.gencourt.state.nh.us/bill_status/legacy/bs2016/billText.aspx?sy=2024&id=2024-1804s&txtFormat=amend,e37ab1bf-57ee-4b0e-9302-a274b18bd543
8fedfd46-1dc2-47c8-921c-bbdae6f93a34,application/pdf,https://www.gencourt.state.nh.us/bill_status/legacy/bs2016/billText.aspx?sy=2024&id=2127&txtFormat=pdf&v=current,480db9a6-b349-4e0f-a306-cb59640bd522
ce887947-9623-4b01-b0f9-cd50399682cf,text/html,https://www.gencourt.state.nh.us/bill_status/legacy/bs2016/billText.aspx?sy=2024&id=2127&txtFormat=html,480db9a6-b349-4e0f-a306-cb59640bd522
2d047e7d-bd6a-451a-b573-f07b7d913a6e,application/pdf,https://www.gencourt.state.nh.us/bill_status/legacy/bs2016/billText.aspx?sy=2024&id=1847&txtFormat=pdf&v=current,9ccf881a-bc57-44c5-b538-45c70138ca79
f478184a-a0c1-454d-8f60-07206a792e57,application/pdf,https://www.gencourt.state.nh.us/bill_status/legacy/bs2016/billText.aspx?sy=2024&id=2024-0728h&txtFormat=amend,89b54195-3b61-4cc2-9c07-86734d61c25b
fd8db73d-5958-4af0-ad1c-3d72a4ce2f22,application/pdf,https://www.gencourt.state.nh.us/bill_status/legacy/bs2016/billText.aspx?sy=2024&id=1467&txtFormat=pdf&v=current,30dd0f4c-a26d-4aaa-a462-358f9ae27f03
4631ed4c-aa8c-4472-a11f-d4812ff658ca,text/html,https://www.gencourt.state.nh.us/bill_status/legacy/bs2016/billText.aspx?sy=2024&id=1847&txtFormat=html,9ccf881a-bc57-44c5-b538-45c70138ca79
732dd28a-8431-4845-ac3d-dbd1bf68eaa7,application/pdf,https://www.gencourt.state.nh.us/bill_status/legacy/bs2016/billText.aspx?sy=2024&id=1328&txtFormat=pdf&v=current,e4e7c734-429a-4d1e-a598-217f77a64667
a7355c68-6129-4d31-9313-0f8c96662b4f,text/html,https://www.gencourt.state.nh.us/bill_status/legacy/bs2016/billText.aspx?sy=2024&id=1328&txtFormat=html,e4e7c734-429a-4d1e-a598-217f77a64667
485eb079-5e23-4bd0-a002-4479a881e4be,application/pdf,https://www.gencourt.state.nh.us/bill_status/legacy/bs2016/billText.aspx?sy=2024&id=1250&txtFormat=pdf&v=current,d7613bf4-6129-47d6-9b79-d1e98451964f
c8130fc0-1b97-4b92-a3b9-921335c82333,text/html,https://www.gencourt.state.nh.us/bill_status/legacy/bs2016/billText.aspx?sy=2024&id=1250&txtFormat=html,d7613bf4-6129-47d6-9b79-d1e98451964f
9abeecef-c3ae-4ffa-8be5-2a6281fbb424,application/pdf,https://www.gencourt.state.nh.us/bill_status/legacy/bs2016/billText.aspx?sy=2024&id=1124&txtFormat=pdf&v=current,38f7ba02-96fe-48f0-b7d4-1b220e49b45b
159aea62-fddc-4d30-a6fd-b89fece1c412,text/html,https://www.gencourt.state.nh.us/bill_status/legacy/bs2016/billText.aspx?sy=2024&id=1124&txtFormat=html,38f7ba02-96fe-48f0-b7d4-1b220e49b45b
3e391e7e-0ccf-4fdd-a901-1cfc5619e67f,application/pdf,https://www.gencourt.state.nh.us/bill_status/legacy/bs2016/billText.aspx?sy=2024&id=1216&txtFormat=pdf&v=current,b840c8e5-ece9-484d-904c-da2ede09a4d0
d5a69b85-0bc9-4f27-b3bb-b783f2698bdc,text/html,https://www.gencourt.state.nh.us/bill_status/legacy/bs2016/billText.aspx?sy=2024&id=1216&txtFormat=html,b840c8e5-ece9-484d-904c-da2ede09a4d0
9b528010-1769-4413-8869-83d319c129ac,application/pdf,https://www.gencourt.state.nh.us/bill_status/legacy/bs2016/billText.aspx?sy=2024&id=2024-1851s&txtFormat=amend,aba9b6dd-c2cd-4a7e-bc39-957145eb009e
d7bafe8e-8fc6-4ff6-9df6-47bd59dbf841,application/pdf,https://www.gencourt.state.nh.us/bill_status/legacy/bs2016/billText.aspx?sy=2024&id=1150&txtFormat=pdf&v=current,3ef154d3-9e07-4728-ba6d-fbc3354f4009
48950d2c-0de6-429d-9717-2575e8f2fd9d,text/html,https://www.gencourt.state.nh.us/bill_status/legacy/bs2016/billText.aspx?sy=2024&id=1150&txtFormat=html,3ef154d3-9e07-4728-ba6d-fbc3354f4009
40fad944-82be-41ac-b0bd-12c648a773ca,application/pdf,https://www.gencourt.state.nh.us/bill_status/legacy/bs2016/billText.aspx?sy=2024&id=1146&txtFormat=pdf&v=current,b6c881d7-1312-4254-b6a1-c8d2bb351962
1f0928c4-e564-4b87-8726-3bc05d862766,text/html,https://www.gencourt.state.nh.us/bill_status/legacy/bs2016/billText.aspx?sy=2024&id=1146&txtFormat=html,b6c881d7-1312-4254-b6a1-c8d2bb351962
50a70e23-d5e4-413b-96b7-5598bb9b5244,application/pdf,https://www.gencourt.state.nh.us/bill_status/legacy/bs2016/billText.aspx?sy=2024&id=1638&txtFormat=pdf&v=current,68b786b0-114d-4bdc-a457-c0e4747b7e1a
68dedc39-48e2-4a33-ae79-004fffbf7215,text/html,https://www.gencourt.state.nh.us/bill_status/legacy/bs2016/billText.aspx?sy=2024&id=1638&txtFormat=html,68b786b0-114d-4bdc-a457-c0e4747b7e1a
ab885e72-b59b-496b-a279-ac54c809aa4c,application/pdf,https://www.gencourt.state.nh.us/bill_status/legacy/bs2016/billText.aspx?sy=2024&id=2024-1178h&txtFormat=amend,f8539643-e28a-4da6-8a26-b7a516fadc3e
9065c722-702d-4143-b180-652b33fbcc8d,application/pdf,https://www.gencourt.state.nh.us/bill_status/legacy/bs2016/billText.aspx?sy=2024&id=1386&txtFormat=pdf&v=current,7876bbec-c041-46ef-ac80-010ebaffe853
22be201b-9685-4953-98f2-8ad6e13a7d70,text/html,https://www.gencourt.state.nh.us/bill_status/legacy/bs2016/billText.aspx?sy=2024&id=1386&txtFormat=html,7876bbec-c041-46ef-ac80-010ebaffe853
c7ef042c-a332-4086-b8dd-516043fb05d0,application/pdf,https://www.gencourt.state.nh.us/bill_status/legacy/bs2016/billText.aspx?sy=2024&id=2024-0525h&txtFormat=amend,3ff978d4-925e-483a-87f4-f69ebd9a1c15
d4baa04a-2594-4b34-a3e1-2e8cd99910d4,application/pdf,https://www.gencourt.state.nh.us/bill_status/legacy/bs2016/billText.aspx?sy=2024&id=2239&txtFormat=pdf&v=current,f084fd37-df32-489e-acc1-204d6aad9538
28d1ed89-caf5-445f-ba4f-8aa8a9050a52,text/html,https://www.gencourt.state.nh.us/bill_status/legacy/bs2016/billText.aspx?sy=2024&id=1467&txtFormat=html,30dd0f4c-a26d-4aaa-a462-358f9ae27f03
add4f304-c8e6-4565-b355-830a4c018fa5,application/pdf,https://www.gencourt.state.nh.us/bill_status/legacy/bs2016/billText.aspx?sy=2024&id=2024-1025h&txtFormat=amend,013a63bf-1d52-4a6f-9ab0-5f223360d549
c58fd4b3-a729-48e0-b58a-ed31bb347cae,application/pdf,https://www.gencourt.state.nh.us/bill_status/legacy/bs2016/billText.aspx?sy=2024&id=1161&txtFormat=pdf&v=current,1d3afbb0-23c4-40fc-9b95-ecb8170c9170
520f6491-ebe2-4ef4-9ff5-10d6627b3c79,text/html,https://www.gencourt.state.nh.us/bill_status/legacy/bs2016/billText.aspx?sy=2024&id=1161&txtFormat=html,1d3afbb0-23c4-40fc-9b95-ecb8170c9170
9a10ea8d-9321-444d-8d7e-9e73ecb690c2,application/pdf,https://www.gencourt.state.nh.us/bill_status/legacy/bs2016/billText.aspx?sy=2024&id=2024-1696h&txtFormat=amend,d4cc8197-0e37-486a-af73-c698e0380498
8516469f-6363-4148-9b98-ffe0adcf3110,application/pdf,https://www.gencourt.state.nh.us/bill_status/legacy/bs2016/billText.aspx?sy=2024&id=1915&txtFormat=pdf&v=current,574dffb1-b5d0-4e6a-8404-de3548b1bde1
884e8687-5e3d-4e68-9d5f-b50ced5c7772,text/html,https://www.gencourt.state.nh.us/bill_status/legacy/bs2016/billText.aspx?sy=2024&id=1915&txtFormat=html,574dffb1-b5d0-4e6a-8404-de3548b1bde1
3b40c38a-f801-4622-b82a-f09508c7dbca,application/pdf,https://www.gencourt.state.nh.us/bill_status/legacy/bs2016/billText.aspx?sy=2024&id=2261&txtFormat=pdf&v=current,14e339ac-8459-4269-b314-635227bc0ca5
7a1793f7-5f89-4f7a-a716-a56dcefb2191,text/html,https://www.gencourt.state.nh.us/bill_status/legacy/bs2016/billText.aspx?sy=2024&id=2261&txtFormat=html,14e339ac-8459-4269-b314-635227bc0ca5
977de3e4-148e-4fbb-9617-6efeff256087,application/pdf,https://www.gencourt.state.nh.us/bill_status/legacy/bs2016/billText.aspx?sy=2024&id=2024-2365e&txtFormat=amend,074b3545-2ab1-42e3-80b0-572caffc86bc
10602b1c-92ea-4949-a071-f0f666523ed3,application/pdf,https://www.gencourt.state.nh.us/bill_status/legacy/bs2016/billText.aspx?sy=2024&id=1202&txtFormat=pdf&v=current,00325525-370c-4c5f-8be2-3d9a7707a7b1
284e9b65-beed-4fcc-ad56-aca3bced2514,text/html,https://www.gencourt.state.nh.us/bill_status/legacy/bs2016/billText.aspx?sy=2024&id=1202&txtFormat=html,00325525-370c-4c5f-8be2-3d9a7707a7b1
c18d7e98-4c68-465b-abe0-092893ea649b,application/pdf,https://www.gencourt.state.nh.us/bill_status/legacy/bs2016/billText.aspx?sy=2024&id=1421&txtFormat=pdf&v=current,8801e304-8040-479a-b1df-9f634c94b38b
50be11e8-5a5b-4f1e-b750-192499ddd8ae,text/html,https://www.gencourt.state.nh.us/bill_status/legacy/bs2016/billText.aspx?sy=2024&id=1421&txtFormat=html,8801e304-8040-479a-b1df-9f634c94b38b
c366b799-b488-4de8-aee1-d07e96c3ba19,application/pdf,https://www.gencourt.state.nh.us/bill_status/legacy/bs2016/billText.aspx?sy=2024&id=1863&txtFormat=pdf&v=current,d4a87a12-854c-4c74-94d9-425a6297b551
e671c5e2-c67e-46f4-8775-2f1125b6de82,text/html,https://www.gencourt.state.nh.us/bill_status/legacy/bs2016/billText.aspx?sy=2024&id=1863&txtFormat=html,d4a87a12-854c-4c74-94d9-425a6297b551
3f69129f-97bc-4582-8ce6-d96b2d0c1615,application/pdf,https://www.gencourt.state.nh.us/bill_status/legacy/bs2016/billText.aspx?sy=2024&id=1530&txtFormat=pdf&v=current,af84f733-7f49-443c-b1ef-4b895389133c
ad16b1e9-a896-41d8-8636-38b4b0b022af,text/html,https://www.gencourt.state.nh.us/bill_status/legacy/bs2016/billText.aspx?sy=2024&id=1530&txtFormat=html,af84f733-7f49-443c-b1ef-4b895389133c
88ca0008-37a1-43b2-81f9-4a80a9ebbed9,application/pdf,https://www.gencourt.state.nh.us/bill_status/legacy/bs2016/billText.aspx?sy=2024&id=2024-1724s&txtFormat=amend,abceed24-a5df-40e0-ba75-7af316233c80
bff3e843-ffee-4fad-be1a-dbfcacdd5149,application/pdf,https://www.gencourt.state.nh.us/bill_status/legacy/bs2016/billText.aspx?sy=2024&id=1664&txtFormat=pdf&v=current,709f31be-ec84-49ee-a486-f9fb0c190ea6
54d779f1-465a-4f5b-9cdc-17cf483b75c2,text/html,https://www.gencourt.state.nh.us/bill_status/legacy/bs2016/billText.aspx?sy=2024&id=1664&txtFormat=html,709f31be-ec84-49ee-a486-f9fb0c190ea6
e04e7dc4-886a-48ff-bf5f-307fa64d5279,text/html,https://www.gencourt.state.nh.us/bill_status/legacy/bs2016/billText.aspx?sy=2024&id=2239&txtFormat=html,f084fd37-df32-489e-acc1-204d6aad9538
0523a72b-dcb4-4857-a56c-bf365d8de8c3,application/pdf,https://www.gencourt.state.nh.us/bill_status/legacy/bs2016/billText.aspx?sy=2024&id=1853&txtFormat=pdf&v=current,952da0d5-9311-43d6-a96e-af3a8ea5b2e9
d8908627-85f2-4d5e-b175-479edcd3b767,text/html,https://www.gencourt.state.nh.us/bill_status/legacy/bs2016/billText.aspx?sy=2024&id=1853&txtFormat=html,952da0d5-9311-43d6-a96e-af3a8ea5b2e9
809c0d28-dd17-4ecf-9203-d22cfac5db0f,application/pdf,https://www.gencourt.state.nh.us/bill_status/legacy/bs2016/billText.aspx?sy=2024&id=2024-1060h&txtFormat=amend,7b05c03e-fa3d-4953-855c-460dbdc3ff6c
9cb64dd0-9404-42d9-881d-9fdbd1ba6f75,application/pdf,https://www.gencourt.state.nh.us/bill_status/legacy/bs2016/billText.aspx?sy=2024&id=1493&txtFormat=pdf&v=current,b8fdb5bc-df53-4dea-961e-1d6a98c37e5e
c0ea95e2-907c-4182-ab0c-a978ac79e00e,text/html,https://www.gencourt.state.nh.us/bill_status/legacy/bs2016/billText.aspx?sy=2024&id=1493&txtFormat=html,b8fdb5bc-df53-4dea-961e-1d6a98c37e5e
dce59144-d942-40f2-adb7-56561f985363,application/pdf,https://www.gencourt.state.nh.us/bill_status/legacy/bs2016/billText.aspx?sy=2024&id=2024-1769s&txtFormat=amend,590e0c81-e897-4ca8-abec-bb3ddb4b0b5f
461160a0-228a-4837-913d-8baae86285fe,application/pdf,https://www.gencourt.state.nh.us/bill_status/legacy/bs2016/billText.aspx?sy=2024&id=1621&txtFormat=pdf&v=current,0070ab32-9cc1-4e6b-84e9-f553a2bb2182
abeff1ab-949c-4c30-ac0d-04ad30d75e0b,text/html,https://www.gencourt.state.nh.us/bill_status/legacy/bs2016/billText.aspx?sy=2024&id=1621&txtFormat=html,0070ab32-9cc1-4e6b-84e9-f553a2bb2182
b17be39b-fad7-40a0-97d4-776086dd1eab,application/pdf,https://www.gencourt.state.nh.us/bill_status/legacy/bs2016/billText.aspx?sy=2024&id=2024-0172s&txtFormat=amend,0707f093-c701-42ae-8a14-04e07820a716
6e6d8478-80dc-4296-abd5-2de58bc4bc38,application/pdf,https://www.gencourt.state.nh.us/bill_status/legacy/bs2016/billText.aspx?sy=2024&id=1941&txtFormat=pdf&v=current,60c5513f-b4fd-4279-a633-0fb00cd00769
b5eab33e-e779-4ec7-bff3-169c23580313,text/html,https://www.gencourt.state.nh.us/bill_status/legacy/bs2016/billText.aspx?sy=2024&id=1941&txtFormat=html,60c5513f-b4fd-4279-a633-0fb00cd00769
36ca5ae3-94cc-481e-a4f3-2785b9d9db1c,application/pdf,https://www.gencourt.state.nh.us/bill_status/legacy/bs2016/billText.aspx?sy=2024&id=1252&txtFormat=pdf&v=current,3e697cdb-29ca-4de4-b18e-daede03e8aac
00ff3775-45c2-4bc6-a6c0-746bf2ab744b,text/html,https://www.gencourt.state.nh.us/bill_status/legacy/bs2016/billText.aspx?sy=2024&id=1252&txtFormat=html,3e697cdb-29ca-4de4-b18e-daede03e8aac
a2f25044-340f-4be9-964a-8df8c3b006d6,application/pdf,https://www.gencourt.state.nh.us/bill_status/legacy/bs2016/billText.aspx?sy=2024&id=2253&txtFormat=pdf&v=current,d5c78aa8-c5c5-4bc9-8533-ca17b6c31ddd
c8a659ff-d6c2-4d35-b94b-e0888e730c12,text/html,https://www.gencourt.state.nh.us/bill_status/legacy/bs2016/billText.aspx?sy=2024&id=2253&txtFormat=html,d5c78aa8-c5c5-4bc9-8533-ca17b6c31ddd
8b5b45d9-67e2-49e4-9811-f0d81e085e05,application/pdf,https://www.gencourt.state.nh.us/bill_status/legacy/bs2016/billText.aspx?sy=2024&id=2024-1559h&txtFormat=amend,03818f6a-1bcd-431c-a86e-390e6eb7b98f
8a929e82-5682-4137-a950-0dc3a0f52e75,application/pdf,https://www.gencourt.state.nh.us/bill_status/legacy/bs2016/billText.aspx?sy=2024&id=2092&txtFormat=pdf&v=current,4272b370-dacd-47e7-a60a-3370c5694c0f
33e8c738-9856-4938-97f3-89530971bf18,application/pdf,https://www.gencourt.state.nh.us/bill_status/legacy/bs2016/billText.aspx?sy=2024&id=1812&txtFormat=pdf&v=current,be3ff293-7b34-40d4-818e-3b4ef22e1b2b
267ad3ea-e223-48ec-8fb5-358c73069ea4,text/html,https://www.gencourt.state.nh.us/bill_status/legacy/bs2016/billText.aspx?sy=2024&id=2092&txtFormat=html,4272b370-dacd-47e7-a60a-3370c5694c0f
5dd550b3-d967-47d5-9b30-a314ace3fb86,application/pdf,https://www.gencourt.state.nh.us/bill_status/legacy/bs2016/billText.aspx?sy=2024&id=2024-0784h&txtFormat=amend,1c06f952-8f91-41d1-9edb-126e2f5e5ce4
1f4515e2-274c-48cb-8512-3e9341e90c30,application/pdf,https://www.gencourt.state.nh.us/bill_status/legacy/bs2016/billText.aspx?sy=2024&id=1681&txtFormat=pdf&v=current,16289ce2-00c3-41a9-8e03-ea4253496f55
a2eb3c78-9a74-4513-9be7-67ba9a7865ce,text/html,https://www.gencourt.state.nh.us/bill_status/legacy/bs2016/billText.aspx?sy=2024&id=1812&txtFormat=html,be3ff293-7b34-40d4-818e-3b4ef22e1b2b
7743f8e9-3690-4d73-bfaa-6af777ceb6f3,application/pdf,https://www.gencourt.state.nh.us/bill_status/legacy/bs2016/billText.aspx?sy=2024&id=1810&txtFormat=pdf&v=current,1625509c-4bc1-4931-8062-dcd4bbabfd57
3a219547-367a-492d-8a0e-40525beed8f1,text/html,https://www.gencourt.state.nh.us/bill_status/legacy/bs2016/billText.aspx?sy=2024&id=1810&txtFormat=html,1625509c-4bc1-4931-8062-dcd4bbabfd57
074b8cff-6bc3-4320-bf93-2d92ebf45808,application/pdf,https://www.gencourt.state.nh.us/bill_status/legacy/bs2016/billText.aspx?sy=2024&id=1313&txtFormat=pdf&v=current,dcbaae5b-0da6-4189-a818-546621423ff5
66b936ff-8e80-4a2d-b88a-8c9a1faa62b2,text/html,https://www.gencourt.state.nh.us/bill_status/legacy/bs2016/billText.aspx?sy=2024&id=1313&txtFormat=html,dcbaae5b-0da6-4189-a818-546621423ff5
e3177bba-5bc6-473d-aea9-a5939d08f085,application/pdf,https://www.gencourt.state.nh.us/bill_status/legacy/bs2016/billText.aspx?sy=2024&id=2023-2451h&txtFormat=amend,c18dfc73-bd61-4142-9fe3-42bbad91c3cf
3dfa0697-439c-40f6-a3c5-4a80f7ee3ade,application/pdf,https://www.gencourt.state.nh.us/bill_status/legacy/bs2016/billText.aspx?sy=2024&id=1114&txtFormat=pdf&v=current,7b76f076-5e12-4c48-a63e-4f425f3d475d
379e56e8-ccc4-43c6-ad95-3904226c5c11,text/html,https://www.gencourt.state.nh.us/bill_status/legacy/bs2016/billText.aspx?sy=2024&id=1114&txtFormat=html,7b76f076-5e12-4c48-a63e-4f425f3d475d
5335bc6f-6dab-4258-be05-610f5afd37dd,application/pdf,https://www.gencourt.state.nh.us/bill_status/legacy/bs2016/billText.aspx?sy=2024&id=1494&txtFormat=pdf&v=current,8c9e6620-ea27-4376-8c47-7f249caefa28
2184c426-7815-4d8c-b53e-4ab2070c202a,text/html,https://www.gencourt.state.nh.us/bill_status/legacy/bs2016/billText.aspx?sy=2024&id=1494&txtFormat=html,8c9e6620-ea27-4376-8c47-7f249caefa28
54358b59-754a-447d-91c1-e70fe2185923,text/html,https://www.gencourt.state.nh.us/bill_status/legacy/bs2016/billText.aspx?sy=2024&id=1681&txtFormat=html,16289ce2-00c3-41a9-8e03-ea4253496f55
af09d11f-592c-43e8-8e56-17a4784e01e6,application/pdf,https://www.gencourt.state.nh.us/bill_status/legacy/bs2016/billText.aspx?sy=2024&id=1583&txtFormat=pdf&v=current,e7c73e7a-c598-4fdf-bf5d-3aca67a7b69e
541d88b1-cd64-4cb0-b0c8-dee95cbdec7d,application/pdf,https://www.gencourt.state.nh.us/bill_status/legacy/bs2016/billText.aspx?sy=2024&id=2024-1848s&txtFormat=amend,8aab01fa-a21a-407e-a919-6a8a4684d310
fda7c158-df3a-42a8-9c4b-cfa6d6ddadd0,text/html,https://www.gencourt.state.nh.us/bill_status/legacy/bs2016/billText.aspx?sy=2024&id=1583&txtFormat=html,e7c73e7a-c598-4fdf-bf5d-3aca67a7b69e
60499c42-df11-4624-8709-63c39639828b,application/pdf,https://www.gencourt.state.nh.us/bill_status/legacy/bs2016/billText.aspx?sy=2024&id=2024-1274h&txtFormat=amend,e89d0907-9ca2-42b3-8067-babd01ed5417
90d0a817-14f5-479a-bfa1-1cb0f529896b,application/pdf,https://www.gencourt.state.nh.us/bill_status/legacy/bs2016/billText.aspx?sy=2024&id=1742&txtFormat=pdf&v=current,d2ee2d63-3bc8-4108-af4a-6a478e7c4a46
a139ffe8-23e2-466f-abac-31fccaa0d7cf,text/html,https://www.gencourt.state.nh.us/bill_status/legacy/bs2016/billText.aspx?sy=2024&id=1742&txtFormat=html,d2ee2d63-3bc8-4108-af4a-6a478e7c4a46
7f45ab46-1f26-493b-98c7-db1f4192e085,application/pdf,https://www.gencourt.state.nh.us/bill_status/legacy/bs2016/billText.aspx?sy=2024&id=1942&txtFormat=pdf&v=current,f1a08cd7-ebe8-469e-a4c6-6ac15759aff5
29529a37-7cd8-41d1-9652-a0cc2d5f8a5b,text/html,https://www.gencourt.state.nh.us/bill_status/legacy/bs2016/billText.aspx?sy=2024&id=1942&txtFormat=html,f1a08cd7-ebe8-469e-a4c6-6ac15759aff5
fa901b2c-6320-4a18-84fe-e14c22e9c980,application/pdf,https://www.gencourt.state.nh.us/bill_status/legacy/bs2016/billText.aspx?sy=2024&id=2024-1726s&txtFormat=amend,e0c3787b-13b7-428f-81a0-eac89a157cd5
54bf71c1-d853-4e2b-8b74-4bd8df563fed,application/pdf,https://www.gencourt.state.nh.us/bill_status/legacy/bs2016/billText.aspx?sy=2024&id=1135&txtFormat=pdf&v=current,6d9712a3-a5df-49cf-8f28-a6cc16794a0d
8608a262-5980-4248-b6c9-a9cd7d3e7826,text/html,https://www.gencourt.state.nh.us/bill_status/legacy/bs2016/billText.aspx?sy=2024&id=1135&txtFormat=html,6d9712a3-a5df-49cf-8f28-a6cc16794a0d
a7287b72-72e9-4095-8d27-8d597b2d6584,application/pdf,https://www.gencourt.state.nh.us/bill_status/legacy/bs2016/billText.aspx?sy=2024&id=2024-1071h&txtFormat=amend,8bd4ff52-eac4-4144-aa31-f3d59dd519c6
7fa3b75b-9638-4c6b-90f9-3a06f9fe1b71,application/pdf,https://www.gencourt.state.nh.us/bill_status/legacy/bs2016/billText.aspx?sy=2024&id=1782&txtFormat=pdf&v=current,989c640e-e6f3-4b74-b6e8-11c1f3180607
d79ad261-5b28-4851-8ea8-f52fc40be240,application/pdf,https://www.gencourt.state.nh.us/bill_status/legacy/bs2016/billText.aspx?sy=2024&id=1639&txtFormat=pdf&v=current,eb72d619-87ee-4cf9-8dcf-1d913f04bd6e
6f273cee-a80e-4689-8ab0-08d87c9ba68b,text/html,https://www.gencourt.state.nh.us/bill_status/legacy/bs2016/billText.aspx?sy=2024&id=1639&txtFormat=html,eb72d619-87ee-4cf9-8dcf-1d913f04bd6e
ce400fbd-be10-40f9-8b13-12f4219104be,application/pdf,https://www.gencourt.state.nh.us/bill_status/legacy/bs2016/billText.aspx?sy=2024&id=2024-0931h&txtFormat=amend,d9f927be-09ca-4857-8007-5b564390e724
879f4975-2546-4972-9532-66205c925639,application/pdf,https://www.gencourt.state.nh.us/bill_status/legacy/bs2016/billText.aspx?sy=2024&id=1615&txtFormat=pdf&v=current,d50b3e55-69c6-4cdb-a769-a8922d940a52
889e421a-28cd-4b0d-8f7f-ccbbcd70c4f8,text/html,https://www.gencourt.state.nh.us/bill_status/legacy/bs2016/billText.aspx?sy=2024&id=1615&txtFormat=html,d50b3e55-69c6-4cdb-a769-a8922d940a52
5ecfd830-1aad-492e-95ef-7c59bb37a7f2,application/pdf,https://www.gencourt.state.nh.us/bill_status/legacy/bs2016/billText.aspx?sy=2024&id=1472&txtFormat=pdf&v=current,b34096a9-0fe7-4c35-874e-f8d3b39ada26
194df5a7-7339-4350-95d5-9da3a68798c7,text/html,https://www.gencourt.state.nh.us/bill_status/legacy/bs2016/billText.aspx?sy=2024&id=1472&txtFormat=html,b34096a9-0fe7-4c35-874e-f8d3b39ada26
13e6c6b4-624b-479e-a6f1-b83c096e9c50,application/pdf,https://www.gencourt.state.nh.us/bill_status/legacy/bs2016/billText.aspx?sy=2024&id=2024-0753h&txtFormat=amend,7a7ac660-f793-4d7c-b7dd-77eb76417cc0
27b9f869-56af-4c9f-985e-a45ee8b9d023,application/pdf,https://www.gencourt.state.nh.us/bill_status/legacy/bs2016/billText.aspx?sy=2024&id=1773&txtFormat=pdf&v=current,e1ee23ba-52b4-421c-8f34-064921cfe70a
25a82416-b580-4fb8-9bfd-5bc7733eea63,text/html,https://www.gencourt.state.nh.us/bill_status/legacy/bs2016/billText.aspx?sy=2024&id=1773&txtFormat=html,e1ee23ba-52b4-421c-8f34-064921cfe70a
a189943b-dec7-4df0-bd58-694be2d3e842,application/pdf,https://www.gencourt.state.nh.us/bill_status/legacy/bs2016/billText.aspx?sy=2024&id=1211&txtFormat=pdf&v=current,6d2d3848-b48b-4947-bd5b-c69713ae8b7e
8845fba3-1eeb-470e-b85c-6ef010878b94,text/html,https://www.gencourt.state.nh.us/bill_status/legacy/bs2016/billText.aspx?sy=2024&id=1211&txtFormat=html,6d2d3848-b48b-4947-bd5b-c69713ae8b7e
7f426590-1364-429a-9f4d-a53d50c5bfd1,application/pdf,https://www.gencourt.state.nh.us/bill_status/legacy/bs2016/billText.aspx?sy=2024&id=1912&txtFormat=pdf&v=current,934dfb45-7976-434e-ab65-f923602b485c
dacb2f00-b2ec-492a-9b3b-96b9c2470158,text/html,https://www.gencourt.state.nh.us/bill_status/legacy/bs2016/billText.aspx?sy=2024&id=1912&txtFormat=html,934dfb45-7976-434e-ab65-f923602b485c
2a88c3a4-846e-4a51-9ff2-761e13c0fcef,application/pdf,https://www.gencourt.state.nh.us/bill_status/legacy/bs2016/billText.aspx?sy=2024&id=2024-1210h&txtFormat=amend,68b08018-fe30-4899-8278-56a58deb1641
390d2d3a-9efb-4d69-a7e8-9348d0ae3a3f,application/pdf,https://www.gencourt.state.nh.us/bill_status/legacy/bs2016/billText.aspx?sy=2024&id=1807&txtFormat=pdf&v=current,e9502bcb-f698-4292-9c98-198a1dce241d
1854856c-bb75-401d-b046-d7a5e406a764,text/html,https://www.gencourt.state.nh.us/bill_status/legacy/bs2016/billText.aspx?sy=2024&id=1807&txtFormat=html,e9502bcb-f698-4292-9c98-198a1dce241d
60d4c189-7822-4627-ada5-f35a88158c5d,application/pdf,https://www.gencourt.state.nh.us/bill_status/legacy/bs2016/billText.aspx?sy=2024&id=1557&txtFormat=pdf&v=current,85eccd52-5455-4d6f-9cd0-f7049b629101
7ab646ad-dcfd-4206-bec1-fc6634b13cb4,text/html,https://www.gencourt.state.nh.us/bill_status/legacy/bs2016/billText.aspx?sy=2024&id=1557&txtFormat=html,85eccd52-5455-4d6f-9cd0-f7049b629101
309ac8e2-0761-42ae-963f-a768273c5674,application/pdf,https://www.gencourt.state.nh.us/bill_status/legacy/bs2016/billText.aspx?sy=2024&id=2024-2370e&txtFormat=amend,4436bc52-866c-49fd-af5a-8e10e1ea788f
1f96a5f5-5c9b-4dc0-9552-13dded38b5db,application/pdf,https://www.gencourt.state.nh.us/bill_status/legacy/bs2016/billText.aspx?sy=2024&id=2241&txtFormat=pdf&v=current,b618bc7c-3a2d-4e1b-9897-ecd8fa884c8c
9c603798-4382-440e-96ef-17354280214d,text/html,https://www.gencourt.state.nh.us/bill_status/legacy/bs2016/billText.aspx?sy=2024&id=2241&txtFormat=html,b618bc7c-3a2d-4e1b-9897-ecd8fa884c8c
c654bcc9-5e28-4c5b-9893-aaa6d19cba82,application/pdf,https://www.gencourt.state.nh.us/bill_status/legacy/bs2016/billText.aspx?sy=2024&id=2024-2309e&txtFormat=amend,438dac52-f7cd-4d4c-9ba0-e4556b4316f3
62800f44-86ad-4a04-ac14-155f9a453dfd,application/pdf,https://www.gencourt.state.nh.us/bill_status/legacy/bs2016/billText.aspx?sy=2024&id=1334&txtFormat=pdf&v=current,66a40d18-5868-4606-a431-da35674b9ff1
a60a22ac-5eae-47d1-9b39-41718960796c,text/html,https://www.gencourt.state.nh.us/bill_status/legacy/bs2016/billText.aspx?sy=2024&id=1334&txtFormat=html,66a40d18-5868-4606-a431-da35674b9ff1
8a289171-7ee6-4cdf-92f0-344e81f53f18,application/pdf,https://www.gencourt.state.nh.us/bill_status/legacy/bs2016/billText.aspx?sy=2024&id=2024-0528h&txtFormat=amend,5ce34c5d-fb09-440d-8acb-4584a355e38e
e84f3834-ae01-45e6-b834-6c15d1f76c7d,application/pdf,https://www.gencourt.state.nh.us/bill_status/legacy/bs2016/billText.aspx?sy=2024&id=1650&txtFormat=pdf&v=current,3158edea-7e90-499a-aacc-4f304cd26497
4ae07d75-aca2-49b8-8611-640270f6692f,text/html,https://www.gencourt.state.nh.us/bill_status/legacy/bs2016/billText.aspx?sy=2024&id=1650&txtFormat=html,3158edea-7e90-499a-aacc-4f304cd26497
74e18374-a5bc-45a2-88bf-e6b4d3eabdde,application/pdf,https://www.gencourt.state.nh.us/bill_status/legacy/bs2016/billText.aspx?sy=2024&id=1354&txtFormat=pdf&v=current,7f722ef9-d40b-4e18-8e8f-e08642ab0211
b8d863cb-5ca6-486a-87b6-173c394c1788,text/html,https://www.gencourt.state.nh.us/bill_status/legacy/bs2016/billText.aspx?sy=2024&id=1354&txtFormat=html,7f722ef9-d40b-4e18-8e8f-e08642ab0211
0e0221ab-474b-4c49-8354-667073999df1,text/html,https://www.gencourt.state.nh.us/bill_status/legacy/bs2016/billText.aspx?sy=2024&id=1782&txtFormat=html,989c640e-e6f3-4b74-b6e8-11c1f3180607
c200c86c-8f11-4a5d-869e-72c58149b52d,application/pdf,https://www.gencourt.state.nh.us/bill_status/legacy/bs2016/billText.aspx?sy=2024&id=2024-0887h&txtFormat=amend,9fa57d50-e04e-4e02-a1b7-130ee94392af
bc30b43b-dc0a-4ab1-824a-cfb18b2f6ecc,application/pdf,https://www.gencourt.state.nh.us/bill_status/legacy/bs2016/billText.aspx?sy=2024&id=1258&txtFormat=pdf&v=current,d0042c09-de2b-450e-a835-d905bdb0f3d6
0db914ba-60d5-43ac-a5ac-a1217bfb23ce,text/html,https://www.gencourt.state.nh.us/bill_status/legacy/bs2016/billText.aspx?sy=2024&id=1258&txtFormat=html,d0042c09-de2b-450e-a835-d905bdb0f3d6
b72d0da7-fda4-4557-8bc9-a3998fc59cb9,application/pdf,https://www.gencourt.state.nh.us/bill_status/legacy/bs2016/billText.aspx?sy=2024&id=2024-2362e&txtFormat=amend,3dca5aae-4aa2-4b28-be68-60004dc2f834
37360965-79f3-45b7-839d-b906e81ae407,application/pdf,https://www.gencourt.state.nh.us/bill_status/legacy/bs2016/billText.aspx?sy=2024&id=2024-1992s&txtFormat=amend,2d85a7f4-6915-47cd-8096-decb36977107
2b34d457-7462-4b58-a370-625cda578ad4,application/pdf,https://www.gencourt.state.nh.us/bill_status/legacy/bs2016/billText.aspx?sy=2024&id=1391&txtFormat=pdf&v=current,e29a7d98-e917-4857-898f-0ca3ff4a3e81
99da4769-ee46-4199-b473-bea2e06d250e,text/html,https://www.gencourt.state.nh.us/bill_status/legacy/bs2016/billText.aspx?sy=2024&id=1391&txtFormat=html,e29a7d98-e917-4857-898f-0ca3ff4a3e81
09b8ad1b-7274-454a-b208-50aaca79c3ac,application/pdf,https://www.gencourt.state.nh.us/bill_status/legacy/bs2016/billText.aspx?sy=2024&id=2024-0389h&txtFormat=amend,f148a04c-e400-49e2-a6b3-ae4fe0266753
75e304f0-8cad-415a-b489-adec69f2796e,application/pdf,https://www.gencourt.state.nh.us/bill_status/legacy/bs2016/billText.aspx?sy=2024&id=1783&txtFormat=pdf&v=current,47fd89ce-8504-416d-a167-328e25010563
e1289f19-a687-45f9-88c0-a6fe10652d10,text/html,https://www.gencourt.state.nh.us/bill_status/legacy/bs2016/billText.aspx?sy=2024&id=1783&txtFormat=html,47fd89ce-8504-416d-a167-328e25010563
6849b3b8-e2e5-4364-8e96-d2cd7a59b485,application/pdf,https://www.gencourt.state.nh.us/bill_status/legacy/bs2016/billText.aspx?sy=2024&id=2024-1538s&txtFormat=amend,3466c1ae-dcda-4bda-9722-4e0a65a9d1f8
dbd6154c-3848-40a6-a695-3157b2d8046c,application/pdf,https://www.gencourt.state.nh.us/bill_status/legacy/bs2016/billText.aspx?sy=2024&id=2031&txtFormat=pdf&v=current,02cf8ef0-ea6a-46e0-a882-3496b37acf81
14e85906-e63b-406c-abec-8287cd7f2561,text/html,https://www.gencourt.state.nh.us/bill_status/legacy/bs2016/billText.aspx?sy=2024&id=2031&txtFormat=html,02cf8ef0-ea6a-46e0-a882-3496b37acf81
09b1fab3-b29b-4ee5-870e-c8f805b518d8,application/pdf,https://www.gencourt.state.nh.us/bill_status/legacy/bs2016/billText.aspx?sy=2024&id=1287&txtFormat=pdf&v=current,fa07dd5a-f578-44e5-bd20-37cd616936ca
3fe20ac7-adca-4e61-84e2-f6be3c0c6d0d,text/html,https://www.gencourt.state.nh.us/bill_status/legacy/bs2016/billText.aspx?sy=2024&id=1287&txtFormat=html,fa07dd5a-f578-44e5-bd20-37cd616936ca
add5c33d-9fc4-4b19-b279-84bfa3e2dcd6,application/pdf,https://www.gencourt.state.nh.us/bill_status/legacy/bs2016/billText.aspx?sy=2024&id=1492&txtFormat=pdf&v=current,c9407768-c92d-414d-a0dd-189a6146d843
be330788-a9d9-466b-8076-c80810921602,text/html,https://www.gencourt.state.nh.us/bill_status/legacy/bs2016/billText.aspx?sy=2024&id=1492&txtFormat=html,c9407768-c92d-414d-a0dd-189a6146d843
d86cf3cc-3005-4872-aea7-d47d9d44f20f,application/pdf,https://www.gencourt.state.nh.us/bill_status/legacy/bs2016/billText.aspx?sy=2024&id=2024-0123h&txtFormat=amend,d74b0c35-afb5-4ce7-bb4f-93947a42c26d
0df17eb7-b3b6-4c3f-95ca-b317ab76085b,application/pdf,https://www.gencourt.state.nh.us/bill_status/legacy/bs2016/billText.aspx?sy=2024&id=1478&txtFormat=pdf&v=current,d34c2beb-552d-47bb-ac17-c51a188decbd
68dfa14a-cdb1-4a0d-a2bc-743ab3bc46ba,text/html,https://www.gencourt.state.nh.us/bill_status/legacy/bs2016/billText.aspx?sy=2024&id=1478&txtFormat=html,d34c2beb-552d-47bb-ac17-c51a188decbd
6150d3f9-04a1-4a02-b925-4e4efbcb909b,application/pdf,https://www.gencourt.state.nh.us/bill_status/legacy/bs2016/billText.aspx?sy=2024&id=1193&txtFormat=pdf&v=current,ef96bbb7-2aa3-4412-abdd-ec2c138936db
54c0946c-978e-4483-9f52-ee7c7ca3a321,application/pdf,https://www.gencourt.state.nh.us/bill_status/legacy/bs2016/billText.aspx?sy=2024&id=1140&txtFormat=pdf&v=current,c0a2ccbd-9309-426d-b572-0f984b00a070
e4f41dfa-bafe-48f7-8fc6-19264ea07752,text/html,https://www.gencourt.state.nh.us/bill_status/legacy/bs2016/billText.aspx?sy=2024&id=1140&txtFormat=html,c0a2ccbd-9309-426d-b572-0f984b00a070
2732b5f9-5671-4987-b59b-94a3d6f01ed2,application/pdf,https://www.gencourt.state.nh.us/bill_status/legacy/bs2016/billText.aspx?sy=2024&id=1628&txtFormat=pdf&v=current,4ab9fb86-b77a-4c5b-9516-5d1c4da85c34
56931ace-67c5-4d30-9b5f-38be06548f99,text/html,https://www.gencourt.state.nh.us/bill_status/legacy/bs2016/billText.aspx?sy=2024&id=1628&txtFormat=html,4ab9fb86-b77a-4c5b-9516-5d1c4da85c34
4adf6ded-2056-4935-9f74-5e54f5791230,application/pdf,https://www.gencourt.state.nh.us/bill_status/legacy/bs2016/billText.aspx?sy=2024&id=1335&txtFormat=pdf&v=current,6afe8561-e0ee-4430-8413-5d9dee4d91db
6b9a1615-a745-4d52-8f09-6b59a3b90e74,text/html,https://www.gencourt.state.nh.us/bill_status/legacy/bs2016/billText.aspx?sy=2024&id=1335&txtFormat=html,6afe8561-e0ee-4430-8413-5d9dee4d91db
20c1a9da-224e-4f16-adaf-5a5bc7dcfa86,text/html,https://www.gencourt.state.nh.us/bill_status/legacy/bs2016/billText.aspx?sy=2024&id=1193&txtFormat=html,ef96bbb7-2aa3-4412-abdd-ec2c138936db
2aefdd9b-44af-4047-91a6-838c2a6c58d2,application/pdf,https://www.gencourt.state.nh.us/bill_status/legacy/bs2016/billText.aspx?sy=2024&id=1617&txtFormat=pdf&v=current,9e6068db-0496-449f-920b-0f205a346322
119f4d39-68d1-42ef-9fcd-465d9349f68f,application/pdf,https://www.gencourt.state.nh.us/bill_status/legacy/bs2016/billText.aspx?sy=2024&id=1422&txtFormat=pdf&v=current,ee16683e-bdcb-4c1b-a683-f5efe6184af7
8a2eb2a6-dce7-45b7-aac7-094e1b4fc9d4,text/html,https://www.gencourt.state.nh.us/bill_status/legacy/bs2016/billText.aspx?sy=2024&id=1422&txtFormat=html,ee16683e-bdcb-4c1b-a683-f5efe6184af7
208c1cb2-6d8a-48b2-8b4b-4395ec8e332b,text/html,https://www.gencourt.state.nh.us/bill_status/legacy/bs2016/billText.aspx?sy=2024&id=1617&txtFormat=html,9e6068db-0496-449f-920b-0f205a346322
a836d544-0c29-4579-b2b3-16f742dc3544,application/pdf,https://www.gencourt.state.nh.us/bill_status/legacy/bs2016/billText.aspx?sy=2024&id=2024-1886s&txtFormat=amend,ea292fa4-98ac-4d51-980f-565b9c94964c
673b0ba6-5253-42f3-9a41-f2dc8543b243,application/pdf,https://www.gencourt.state.nh.us/bill_status/legacy/bs2016/billText.aspx?sy=2024&id=1797&txtFormat=pdf&v=current,3dfe2698-3409-4d8a-bf38-5ee8f078925f
744ab7d4-44af-4ff5-a574-2bd63dd21721,text/html,https://www.gencourt.state.nh.us/bill_status/legacy/bs2016/billText.aspx?sy=2024&id=1797&txtFormat=html,3dfe2698-3409-4d8a-bf38-5ee8f078925f
bf31b726-85bb-4bd9-8312-2b3fdfbb3d18,application/pdf,https://www.gencourt.state.nh.us/bill_status/legacy/bs2016/billText.aspx?sy=2024&id=1712&txtFormat=pdf&v=current,501b2d86-079d-4946-8387-985c946e1ad8
96bdc4a6-3040-4602-90ed-be0fc71caf4d,text/html,https://www.gencourt.state.nh.us/bill_status/legacy/bs2016/billText.aspx?sy=2024&id=1712&txtFormat=html,501b2d86-079d-4946-8387-985c946e1ad8
3caa6b93-3571-454a-8747-03968bb1bfe3,application/pdf,https://www.gencourt.state.nh.us/bill_status/legacy/bs2016/billText.aspx?sy=2024&id=1730&txtFormat=pdf&v=current,8834ce6e-0a23-47f7-b677-ce8572b1cd60
72a52a63-dbbe-4a41-add1-f155b73db647,text/html,https://www.gencourt.state.nh.us/bill_status/legacy/bs2016/billText.aspx?sy=2024&id=1730&txtFormat=html,8834ce6e-0a23-47f7-b677-ce8572b1cd60
ee761c11-acb2-481d-9067-f99096d50562,application/pdf,https://www.gencourt.state.nh.us/bill_status/legacy/bs2016/billText.aspx?sy=2024&id=2024-0910h&txtFormat=amend,074ba66f-0a3d-47c6-bab9-c1b5c31b68aa
5180bf50-eb9d-4372-bc75-5c685b2eac8c,application/pdf,https://www.gencourt.state.nh.us/bill_status/legacy/bs2016/billText.aspx?sy=2024&id=1833&txtFormat=pdf&v=current,3b8bb482-9d07-490a-b7b8-b2f5601ec91b
fc997740-07ae-427e-83f3-a781217bcaa8,text/html,https://www.gencourt.state.nh.us/bill_status/legacy/bs2016/billText.aspx?sy=2024&id=1833&txtFormat=html,3b8bb482-9d07-490a-b7b8-b2f5601ec91b
c8535022-e832-48fb-ba6b-8e65ebca9060,application/pdf,https://www.gencourt.state.nh.us/bill_status/legacy/bs2016/billText.aspx?sy=2024&id=2024-1223h&txtFormat=amend,1090899e-ed0e-4e86-bb0a-a2db963da005
4a6a5bb3-f891-49be-872b-6fbc2d27fadd,application/pdf,https://www.gencourt.state.nh.us/bill_status/legacy/bs2016/billText.aspx?sy=2024&id=1317&txtFormat=pdf&v=current,aa024560-fd5f-42e7-8b9f-1a89da14aa55
751f592a-edbd-490e-ab7a-89ae6bccda68,text/html,https://www.gencourt.state.nh.us/bill_status/legacy/bs2016/billText.aspx?sy=2024&id=1317&txtFormat=html,aa024560-fd5f-42e7-8b9f-1a89da14aa55
19cec7f8-0204-4a05-a67b-6892e2ce7c24,application/pdf,https://www.gencourt.state.nh.us/bill_status/legacy/bs2016/billText.aspx?sy=2024&id=2024-1725h&txtFormat=amend,892b7f0e-874c-40c8-b83a-40356d3b17c5
94013c8d-6e33-46ab-be2f-bea4a6d07e02,application/pdf,https://www.gencourt.state.nh.us/bill_status/legacy/bs2016/billText.aspx?sy=2024&id=1780&txtFormat=pdf&v=current,7dfce8cb-9c29-44f5-8c15-0cef7ba54ca8
69d6053c-68d5-467f-8055-eb02548b4299,text/html,https://www.gencourt.state.nh.us/bill_status/legacy/bs2016/billText.aspx?sy=2024&id=1780&txtFormat=html,7dfce8cb-9c29-44f5-8c15-0cef7ba54ca8
83e1a348-53f4-4390-87ca-eb9bc705c04e,application/pdf,https://www.gencourt.state.nh.us/bill_status/legacy/bs2016/billText.aspx?sy=2024&id=2117&txtFormat=pdf&v=current,1557c79a-60a6-4731-887f-51dd2badaf03
b5f4afb9-b3c9-492f-9045-cf8fe5bb9d87,text/html,https://www.gencourt.state.nh.us/bill_status/legacy/bs2016/billText.aspx?sy=2024&id=2117&txtFormat=html,1557c79a-60a6-4731-887f-51dd2badaf03
8a689f6b-548f-47fe-8be6-0a29160235b8,application/pdf,https://www.gencourt.state.nh.us/bill_status/legacy/bs2016/billText.aspx?sy=2024&id=2024-1447h&txtFormat=amend,3dd51152-37f6-40ff-9867-743d83c321e4
4aeba9d5-2c42-414f-bb55-3622b3874940,application/pdf,https://www.gencourt.state.nh.us/bill_status/legacy/bs2016/billText.aspx?sy=2024&id=2148&txtFormat=pdf&v=current,42621c61-1126-4d9c-b4a5-76810cc4e35c
a7b4d34e-1eae-4e30-980c-dcccd07fd669,text/html,https://www.gencourt.state.nh.us/bill_status/legacy/bs2016/billText.aspx?sy=2024&id=2148&txtFormat=html,42621c61-1126-4d9c-b4a5-76810cc4e35c
318e11db-6031-4ec7-8b85-4d0d28dd5d8b,application/pdf,https://www.gencourt.state.nh.us/bill_status/legacy/bs2016/billText.aspx?sy=2024&id=2024-1809s&txtFormat=amend,67a573cb-b996-4253-b074-48dde5d77730
9bc9ebf2-2e22-42eb-b6ca-6d25a64d9ab5,application/pdf,https://www.gencourt.state.nh.us/bill_status/legacy/bs2016/billText.aspx?sy=2024&id=1733&txtFormat=pdf&v=current,ad71a5a7-8026-4f36-9ef0-c9b99d96b183
f1eb9890-2cf9-4f20-bd62-bdfb1580009a,text/html,https://www.gencourt.state.nh.us/bill_status/legacy/bs2016/billText.aspx?sy=2024&id=1733&txtFormat=html,ad71a5a7-8026-4f36-9ef0-c9b99d96b183
cd8967ed-cf34-4a81-865e-7e9616f11dfd,application/pdf,https://www.gencourt.state.nh.us/bill_status/legacy/bs2016/billText.aspx?sy=2024&id=2024-1436s&txtFormat=amend,7f642416-fcfb-4856-bb53-3e68fbbac0dc
4346755a-123e-4b81-993e-2848df944edd,application/pdf,https://www.gencourt.state.nh.us/bill_status/legacy/bs2016/billText.aspx?sy=2024&id=2211&txtFormat=pdf&v=current,f60f6570-f63e-4839-af69-2ac806d29ad6
d19da368-fa07-4d89-b5df-54f691112df2,text/html,https://www.gencourt.state.nh.us/bill_status/legacy/bs2016/billText.aspx?sy=2024&id=2211&txtFormat=html,f60f6570-f63e-4839-af69-2ac806d29ad6
fe8829d0-c243-4527-8bb8-fac1c901b85d,application/pdf,https://www.gencourt.state.nh.us/bill_status/legacy/bs2016/billText.aspx?sy=2024&id=2024-1423s&txtFormat=amend,adc916db-3d8e-415e-9157-bbe5e13fed44
e5e077d6-77bb-4491-a692-feea59e2f7e6,application/pdf,https://www.gencourt.state.nh.us/bill_status/legacy/bs2016/billText.aspx?sy=2024&id=2030&txtFormat=pdf&v=current,064f037b-572e-4a21-b4b2-afeb77543647
5fb4ec50-2a22-411a-9632-af0f26962ee0,text/html,https://www.gencourt.state.nh.us/bill_status/legacy/bs2016/billText.aspx?sy=2024&id=2030&txtFormat=html,064f037b-572e-4a21-b4b2-afeb77543647
16ffa1ab-7836-46b0-bdc8-bbeedafaaa44,application/pdf,https://www.gencourt.state.nh.us/bill_status/legacy/bs2016/billText.aspx?sy=2024&id=2143&txtFormat=pdf&v=current,69d2c137-7875-4500-a8d4-61bafdda3e89
513e9c16-db51-4936-8dac-2a2316c7504d,text/html,https://www.gencourt.state.nh.us/bill_status/legacy/bs2016/billText.aspx?sy=2024&id=2143&txtFormat=html,69d2c137-7875-4500-a8d4-61bafdda3e89
2fddfe38-fa47-46f1-a9a6-32f081cf3741,application/pdf,https://www.gencourt.state.nh.us/bill_status/legacy/bs2016/billText.aspx?sy=2024&id=2024-1793h&txtFormat=amend,67f225c8-075f-4bdb-bd2c-baf94c1760eb
a7c01c6e-9978-4a4f-a86f-463155be2213,application/pdf,https://www.gencourt.state.nh.us/bill_status/legacy/bs2016/billText.aspx?sy=2024&id=2066&txtFormat=pdf&v=current,a8f0d442-ca17-4c91-a72c-630633a98cda
d590f434-5532-44d9-8f98-7929278b6c4c,text/html,https://www.gencourt.state.nh.us/bill_status/legacy/bs2016/billText.aspx?sy=2024&id=2066&txtFormat=html,a8f0d442-ca17-4c91-a72c-630633a98cda
b12f01e3-c70d-44f3-a0e4-d197e9d1e844,application/pdf,https://www.gencourt.state.nh.us/bill_status/legacy/bs2016/billText.aspx?sy=2024&id=2024-2350e&txtFormat=amend,e0195a6e-0546-491e-a376-7000f20976d3
57b90a8c-dbdb-4db6-8deb-66d1277830d3,application/pdf,https://www.gencourt.state.nh.us/bill_status/legacy/bs2016/billText.aspx?sy=2024&id=2052&txtFormat=pdf&v=current,48bf9961-5bd6-4e0c-92fe-89a068b44b2e
08f61198-8a31-4b07-964b-2f5090fe6456,text/html,https://www.gencourt.state.nh.us/bill_status/legacy/bs2016/billText.aspx?sy=2024&id=2052&txtFormat=html,48bf9961-5bd6-4e0c-92fe-89a068b44b2e
9a4fc13f-ba25-4014-b3e9-28e45d64d110,application/pdf,https://www.gencourt.state.nh.us/bill_status/legacy/bs2016/billText.aspx?sy=2024&id=2024-1544s&txtFormat=amend,ca7ec667-8a81-4190-a1b9-696fd3dfbd8f
758d34ab-fe0c-4648-b599-10d8d44268d8,application/pdf,https://www.gencourt.state.nh.us/bill_status/legacy/bs2016/billText.aspx?sy=2024&id=1397&txtFormat=pdf&v=current,cfddc3e4-a980-4e5d-919e-ecb4997d82ee
f162ac3d-c0c2-40f3-824e-6bfc0ebf11fd,text/html,https://www.gencourt.state.nh.us/bill_status/legacy/bs2016/billText.aspx?sy=2024&id=1397&txtFormat=html,cfddc3e4-a980-4e5d-919e-ecb4997d82ee
47b176b0-9db2-4452-abec-c189339e7939,application/pdf,https://www.gencourt.state.nh.us/bill_status/legacy/bs2016/billText.aspx?sy=2024&id=2024-2355e&txtFormat=amend,1f96bf73-e820-4bf6-84fc-3d1b13b2358b
93881a68-e470-4986-bce1-a64eab279ada,application/pdf,https://www.gencourt.state.nh.us/bill_status/legacy/bs2016/billText.aspx?sy=2024&id=2005&txtFormat=pdf&v=current,a3512ffa-2536-4075-9bbd-9560e756a359
92d8ebf2-dd73-41cd-bf4f-96a226185381,text/html,https://www.gencourt.state.nh.us/bill_status/legacy/bs2016/billText.aspx?sy=2024&id=2005&txtFormat=html,a3512ffa-2536-4075-9bbd-9560e756a359
1539af8f-3987-4b2b-894d-eb864e464bed,application/pdf,https://www.gencourt.state.nh.us/bill_status/legacy/bs2016/billText.aspx?sy=2024&id=1105&txtFormat=pdf&v=current,d7beb2b1-e2e9-4b1f-ad4e-c870abdccaeb
41d11443-b448-4bab-bcbc-e5d3a2385c7b,text/html,https://www.gencourt.state.nh.us/bill_status/legacy/bs2016/billText.aspx?sy=2024&id=1105&txtFormat=html,d7beb2b1-e2e9-4b1f-ad4e-c870abdccaeb
36c4e536-f803-4940-a4f4-a041043c947b,application/pdf,https://www.gencourt.state.nh.us/bill_status/legacy/bs2016/billText.aspx?sy=2024&id=2024-0362s&txtFormat=amend,ccb24c12-e50b-44b2-8c6b-5bcd694b9de3
20fff0f2-1f6f-4408-a54b-a963348ff5db,application/pdf,https://www.gencourt.state.nh.us/bill_status/legacy/bs2016/billText.aspx?sy=2024&id=2050&txtFormat=pdf&v=current,139994f0-077d-452c-8216-d52a8e55bf1c
deb8a0a6-a2fd-4e52-b234-68644ccd8b1c,text/html,https://www.gencourt.state.nh.us/bill_status/legacy/bs2016/billText.aspx?sy=2024&id=2050&txtFormat=html,139994f0-077d-452c-8216-d52a8e55bf1c
38460c20-2223-4942-bd61-172f590f05f8,application/pdf,https://www.gencourt.state.nh.us/bill_status/legacy/bs2016/billText.aspx?sy=2024&id=1596&txtFormat=pdf&v=current,686d8b01-074e-4ad7-8499-ab6446d8b678
b148d1e1-729e-4d56-a612-92e4c6848cf5,text/html,https://www.gencourt.state.nh.us/bill_status/legacy/bs2016/billText.aspx?sy=2024&id=1596&txtFormat=html,686d8b01-074e-4ad7-8499-ab6446d8b678
324c651b-3095-4103-a79e-eda2ed44af80,application/pdf,https://www.gencourt.state.nh.us/bill_status/legacy/bs2016/billText.aspx?sy=2024&id=1191&txtFormat=pdf&v=current,bcac232f-dfef-4a65-a044-a37f2896b51a
94f49e8d-3b64-4c0b-ba11-527cf3385275,text/html,https://www.gencourt.state.nh.us/bill_status/legacy/bs2016/billText.aspx?sy=2024&id=1191&txtFormat=html,bcac232f-dfef-4a65-a044-a37f2896b51a
3b37e1de-b2ad-4f4b-b77c-ec2ca0661b13,application/pdf,https://www.gencourt.state.nh.us/bill_status/legacy/bs2016/billText.aspx?sy=2024&id=1103&txtFormat=pdf&v=current,9a978887-9756-47ad-b81b-db9decef2cc6
4470de67-d74d-4402-9e50-fd0b31bd4969,text/html,https://www.gencourt.state.nh.us/bill_status/legacy/bs2016/billText.aspx?sy=2024&id=1103&txtFormat=html,9a978887-9756-47ad-b81b-db9decef2cc6
92e0cee5-fa27-4734-a5b2-456cc5544898,application/pdf,https://www.gencourt.state.nh.us/bill_status/legacy/bs2016/billText.aspx?sy=2024&id=1165&txtFormat=pdf&v=current,0003c2a5-7484-4e50-8d18-d4ffeed64ce7
4626c688-ca1a-4e2d-b529-93f6da98cde3,text/html,https://www.gencourt.state.nh.us/bill_status/legacy/bs2016/billText.aspx?sy=2024&id=1165&txtFormat=html,0003c2a5-7484-4e50-8d18-d4ffeed64ce7
3084aeff-9265-4746-87fc-928a2e9881a9,application/pdf,https://www.gencourt.state.nh.us/bill_status/legacy/bs2016/billText.aspx?sy=2024&id=1235&txtFormat=pdf&v=current,0d4d6995-3891-4d33-91ad-8cff15b71e36
93f62f9f-588a-4ea8-8866-7e5d4b807f33,application/pdf,https://www.gencourt.state.nh.us/bill_status/legacy/bs2016/billText.aspx?sy=2024&id=1138&txtFormat=pdf&v=current,546a37b1-ddc9-42e3-91b4-8417262e6c4f
75723609-6063-4480-a4a0-78da8cef974a,text/html,https://www.gencourt.state.nh.us/bill_status/legacy/bs2016/billText.aspx?sy=2024&id=1138&txtFormat=html,546a37b1-ddc9-42e3-91b4-8417262e6c4f
09bed937-6ca7-41d5-ae21-c5a96e88e364,text/html,https://www.gencourt.state.nh.us/bill_status/legacy/bs2016/billText.aspx?sy=2024&id=1235&txtFormat=html,0d4d6995-3891-4d33-91ad-8cff15b71e36
89215399-2e54-477c-b1db-24ffcb9ce42d,application/pdf,https://www.gencourt.state.nh.us/bill_status/legacy/bs2016/billText.aspx?sy=2024&id=2024-0514s&txtFormat=amend,b123e1ed-7d0e-474f-9bac-8a1ef5635673
37684562-9805-4a8a-a0cc-164a3ac61e1f,application/pdf,https://www.gencourt.state.nh.us/bill_status/legacy/bs2016/billText.aspx?sy=2024&id=1905&txtFormat=pdf&v=current,01dc5483-edb2-420b-9861-e1e3236335ce
22aa0024-c3d4-4bdd-b72f-57c1c3a9b881,application/pdf,https://www.gencourt.state.nh.us/bill_status/legacy/bs2016/billText.aspx?sy=2024&id=1674&txtFormat=pdf&v=current,d3734e9c-6a43-4ce4-a6f3-cd3d9ec59b80
b4ba95d1-38b0-4fe7-abb2-936a6cafc83c,text/html,https://www.gencourt.state.nh.us/bill_status/legacy/bs2016/billText.aspx?sy=2024&id=1674&txtFormat=html,d3734e9c-6a43-4ce4-a6f3-cd3d9ec59b80
ed33c1ca-7d66-4bf1-9636-94be235acc85,application/pdf,https://www.gencourt.state.nh.us/bill_status/legacy/bs2016/billText.aspx?sy=2024&id=1739&txtFormat=pdf&v=current,f65750bd-8a73-4d10-ae12-3b2f8e8a8a1a
ef700233-27c0-414d-825f-4449156364d3,text/html,https://www.gencourt.state.nh.us/bill_status/legacy/bs2016/billText.aspx?sy=2024&id=1739&txtFormat=html,f65750bd-8a73-4d10-ae12-3b2f8e8a8a1a
6ec449f7-d7a0-43fc-95e9-ee9d8c641ac7,text/html,https://www.gencourt.state.nh.us/bill_status/legacy/bs2016/billText.aspx?sy=2024&id=1905&txtFormat=html,01dc5483-edb2-420b-9861-e1e3236335ce
