id,vote_event_id,option,value
3c799c77-9ebe-4c8c-bf8b-e3b990d4ca71,ocd-vote/2467c760-bc0b-4da3-9c49-b4acc2566c7b,no,7
12129b04-8024-4b8b-952f-a836039304f8,ocd-vote/2467c760-bc0b-4da3-9c49-b4acc2566c7b,yes,17
de1aec63-6c61-4621-8da4-3a18766bafa6,ocd-vote/45e28c4c-8428-4009-ac75-c39d387f9096,other,19
25af4252-52ce-433a-9e52-b01d00e6ec12,ocd-vote/45e28c4c-8428-4009-ac75-c39d387f9096,no,193
dba4404b-3638-446a-8324-2c90432eeb15,ocd-vote/45e28c4c-8428-4009-ac75-c39d387f9096,yes,182
60e52c12-2a9d-44dd-b70b-6384f0ec3274,ocd-vote/8cb46cb2-99e2-4fd9-84c5-083d20dfc477,other,27
2b904e9e-c5b4-445a-9c52-b787af503d16,ocd-vote/8cb46cb2-99e2-4fd9-84c5-083d20dfc477,no,78
cfb4b0c3-35a2-4e0e-900a-3dd6c545c657,ocd-vote/8cb46cb2-99e2-4fd9-84c5-083d20dfc477,yes,289
c3be1c48-a80e-4ce2-8d48-dec5e52c5815,ocd-vote/27bf52c8-b09b-42ca-8601-da8d0a3e37b8,other,19
c8e9eae0-709a-43f3-92e2-ccab6b9af6ad,ocd-vote/27bf52c8-b09b-42ca-8601-da8d0a3e37b8,no,178
98c927aa-331c-4a9e-b7d5-2dfab89c4f47,ocd-vote/27bf52c8-b09b-42ca-8601-da8d0a3e37b8,yes,198
9f66123d-423e-4646-b903-6f596df00dd4,ocd-vote/ed7eb9de-a13a-4a40-ab36-be1c3a4cb103,other,45
a20a089d-9198-4b74-8918-0fe4d22e2e87,ocd-vote/ed7eb9de-a13a-4a40-ab36-be1c3a4cb103,no,147
1980b771-7b98-4f9f-b448-8d12302c89cd,ocd-vote/ed7eb9de-a13a-4a40-ab36-be1c3a4cb103,yes,202
271d3032-e51e-424a-99fd-08cd4064504c,ocd-vote/1f88fbcf-5272-4cf9-baec-e3db6dbae678,no,0
fb3ef4c7-9780-491c-84ea-2b28e88229b1,ocd-vote/1f88fbcf-5272-4cf9-baec-e3db6dbae678,yes,24
423962a5-0c07-4256-8dba-a3d2e7f2f431,ocd-vote/cab94dd7-d859-41b7-9bed-737d54f83830,no,10
233c4b66-2ce9-4c7a-b9f5-b751ccd6f3b8,ocd-vote/cab94dd7-d859-41b7-9bed-737d54f83830,yes,14
cbfa5fbd-183e-4be0-b4d7-9b3899d6e139,ocd-vote/44832760-efd3-4617-a524-56a26b4f73f6,no,0
99f24c60-e72f-455e-b976-7600d170431b,ocd-vote/44832760-efd3-4617-a524-56a26b4f73f6,yes,24
b214f028-5fea-4fc8-9ba3-0ce8e911fbad,ocd-vote/8da21b21-6e18-45de-9105-90bbbd4eff67,no,0
ef931d21-a6b9-4fac-8f2c-a44d30ef6130,ocd-vote/8da21b21-6e18-45de-9105-90bbbd4eff67,yes,24
65aa838d-5067-47f4-bc7f-d871cc66482d,ocd-vote/1565930e-172c-43bd-8375-4642ba201449,other,26
48b83ed0-3df9-4f27-aeba-6e1516a1b003,ocd-vote/1565930e-172c-43bd-8375-4642ba201449,no,167
e86f3ebf-10b8-4a2c-935e-88c9d48ec889,ocd-vote/1565930e-172c-43bd-8375-4642ba201449,yes,202
141c871a-2aea-45aa-8791-266091217a06,ocd-vote/d6cdfcad-32f5-4283-934f-af3d217705a4,no,10
229dcfc2-4052-40bc-bd58-929f53ff5188,ocd-vote/d6cdfcad-32f5-4283-934f-af3d217705a4,yes,14
110b2925-85e7-4caa-a7f0-22d81fa856a0,ocd-vote/a7ad5c3e-edde-4d48-82fd-db246a1710da,no,0
a23d788f-0995-4469-8db5-bf966dfe3e7f,ocd-vote/a7ad5c3e-edde-4d48-82fd-db246a1710da,yes,24
4d5ec99f-b4c5-4439-810b-0acda39a8600,ocd-vote/33a07202-0a25-4332-b609-55824eb8ab55,other,39
96c354a7-fca4-4f34-a9b7-d81bc5425d92,ocd-vote/33a07202-0a25-4332-b609-55824eb8ab55,no,169
a4ea127a-bee0-450b-a3b4-2ec81334337c,ocd-vote/33a07202-0a25-4332-b609-55824eb8ab55,yes,188
8da14cca-82f9-453c-85f9-cbee8ca089ee,ocd-vote/3d8fa10c-cedf-4fa9-b493-3e5e1cee9f14,no,0
e8d48dfd-4665-47a6-bb9a-431fe4c6a9ac,ocd-vote/3d8fa10c-cedf-4fa9-b493-3e5e1cee9f14,yes,24
c8ab0bc4-4f8c-4908-9569-c7f569ee32b6,ocd-vote/08b5dd89-9376-46b2-ae1e-130eaf8ca670,no,0
8249f811-e54e-46cc-89cf-710c51f7105a,ocd-vote/08b5dd89-9376-46b2-ae1e-130eaf8ca670,yes,24
8aad939c-0297-4141-b347-2193b727add2,ocd-vote/919b5a6e-ef44-4e87-9e6f-d38f8c7aaa9b,no,0
bcf4e13d-53db-453f-b92c-f38270a5b945,ocd-vote/919b5a6e-ef44-4e87-9e6f-d38f8c7aaa9b,yes,24
aa04d9b2-aa02-4cf0-87fa-ee1eaff13169,ocd-vote/7d45720e-79c2-4015-a352-c715aaa54b0a,other,21
2cea131a-5748-42ba-8414-f091c9ad7f17,ocd-vote/7d45720e-79c2-4015-a352-c715aaa54b0a,no,163
ac825c43-6070-4bd7-bd89-7fe1442b73ac,ocd-vote/7d45720e-79c2-4015-a352-c715aaa54b0a,yes,210
3b9688be-a1c0-451a-82e0-00e330ea48a1,ocd-vote/342a9532-f4b9-4618-a83e-3733873ee80d,other,20
60a24ba9-b099-4d26-bff3-aca0098679ce,ocd-vote/342a9532-f4b9-4618-a83e-3733873ee80d,no,187
a8cdc724-a119-42b5-b02f-e0e10f174575,ocd-vote/342a9532-f4b9-4618-a83e-3733873ee80d,yes,188
92dd72ec-cb56-4a3b-b328-1321810558b8,ocd-vote/e0bf3777-af12-4aa8-a887-401ba643199d,no,0
9cc8a5c3-2da7-419c-a352-99e09365e1c5,ocd-vote/e0bf3777-af12-4aa8-a887-401ba643199d,yes,24
f44f2cf7-cb3d-4ac7-901a-7e7c47817e25,ocd-vote/a7bcbcce-c97e-4e6c-b9d2-b4f6e170d415,no,1
65049c39-f6a5-4068-a1cc-6920618a4a50,ocd-vote/a7bcbcce-c97e-4e6c-b9d2-b4f6e170d415,yes,23
fd73505a-bd53-43b0-bbb0-67af8652749e,ocd-vote/0a8dad34-cdd2-495b-9fd9-0c71f61dc0ac,other,47
a1fcd45b-7dbf-4647-be6a-58caed6f45ed,ocd-vote/0a8dad34-cdd2-495b-9fd9-0c71f61dc0ac,no,164
2665407a-7123-4dc4-8482-f82a4a6d8b1a,ocd-vote/0a8dad34-cdd2-495b-9fd9-0c71f61dc0ac,yes,183
9b2d545b-b0f1-4946-8c6c-ecc5790998b3,ocd-vote/cdadbb73-21c3-41bc-a98d-eaade84d39fb,other,1
3412b7c3-f4db-4872-94fe-3fd09ef0cfb4,ocd-vote/cdadbb73-21c3-41bc-a98d-eaade84d39fb,no,3
3e26f009-b671-40ee-9e97-169175b3e982,ocd-vote/cdadbb73-21c3-41bc-a98d-eaade84d39fb,yes,20
9abcdfc0-73f9-4596-986f-cb0581838994,ocd-vote/f6b2dafb-bf88-4595-8f06-3045c3f2c603,other,50
fed9c7e9-4530-4761-bf27-f8b1d7e69363,ocd-vote/f6b2dafb-bf88-4595-8f06-3045c3f2c603,no,155
15027192-fd6e-4061-b00e-50f049dd4940,ocd-vote/f6b2dafb-bf88-4595-8f06-3045c3f2c603,yes,190
97b350fc-f72e-4ee6-a95d-0f76c2830e05,ocd-vote/c98090e2-8d21-420c-b5a3-26ad1642737e,no,0
38b23da4-431a-4ff6-b5a0-547273346d52,ocd-vote/c98090e2-8d21-420c-b5a3-26ad1642737e,yes,24
54713e5f-1b5f-425a-994f-da0421d7886b,ocd-vote/1d69f450-8fae-460d-85c0-9515f7b9e7fc,no,0
4af1eba1-3c21-4d0e-84e7-1582842860b5,ocd-vote/1d69f450-8fae-460d-85c0-9515f7b9e7fc,yes,24
e877ac5a-cf95-4a94-91c8-d7f81540caa3,ocd-vote/b48e2c6c-7355-4219-b265-50fda06b9470,no,1
8c1319ce-ac4f-4b8f-969e-ce915a6c1aaf,ocd-vote/b48e2c6c-7355-4219-b265-50fda06b9470,yes,23
c2d4b4e3-86fc-46a2-912d-539abad254a6,ocd-vote/fa7b1e68-d5ce-4e7c-89d4-42762e4887fc,other,20
e69965c3-795b-41fb-85f4-48f81629882e,ocd-vote/fa7b1e68-d5ce-4e7c-89d4-42762e4887fc,no,176
5604567f-ee00-4771-b71e-ce8dccefaab5,ocd-vote/fa7b1e68-d5ce-4e7c-89d4-42762e4887fc,yes,198
bd3270df-f785-42c7-bc30-d574d632e02b,ocd-vote/bed71590-55e6-4696-b9d3-8fc12fb95de1,no,0
6fd92d00-c192-405b-a2b1-45fc25a79c2e,ocd-vote/bed71590-55e6-4696-b9d3-8fc12fb95de1,yes,24
a4282655-514a-4dfa-8488-20320a1e254d,ocd-vote/7ca74be8-35b2-4531-8ddf-1aeb3f28fbdb,no,1
d357136b-1804-4e8e-a9df-b5384d28013f,ocd-vote/7ca74be8-35b2-4531-8ddf-1aeb3f28fbdb,yes,23
f77501b2-da95-4835-a3b9-e1e6ab024982,ocd-vote/0c400e7d-0ddc-41ea-8776-e1790986a73e,no,0
ad09d765-4298-49fe-83ba-0b06f925c39b,ocd-vote/0c400e7d-0ddc-41ea-8776-e1790986a73e,yes,24
388f44b3-b605-4db5-a3c9-8aaf1645bc16,ocd-vote/bf24b2f8-df27-4c76-885c-5a48440685fd,no,1
d75a0798-cc44-4ee7-90a4-a0aab8bf721b,ocd-vote/bf24b2f8-df27-4c76-885c-5a48440685fd,yes,23
26f23c14-3822-46af-8c27-cd7292548163,ocd-vote/12a42c14-c47b-4183-964a-1922e5847e75,no,0
c14f3d92-6df0-4d4d-b194-60f63119a9c3,ocd-vote/12a42c14-c47b-4183-964a-1922e5847e75,yes,24
a5996941-2556-4183-950b-c186c8040159,ocd-vote/badaa612-3249-4b26-b8a6-3f63ec1b2c10,no,0
b7bcdd62-8968-4477-949a-554fc73d98cd,ocd-vote/badaa612-3249-4b26-b8a6-3f63ec1b2c10,yes,24
9f4ee04e-f97b-4be2-ae93-23b496a3be34,ocd-vote/06f4ed2e-d3f3-48c5-99f3-7568c62ed196,no,0
ba8f3485-c93b-4a9d-90f9-04dca8dde214,ocd-vote/06f4ed2e-d3f3-48c5-99f3-7568c62ed196,yes,24
f6d41f81-01b1-4235-8cb0-71a784a932d8,ocd-vote/757311b6-6004-4229-8635-282f13f87da0,no,9
c65bc7d3-63b1-4b04-9f1b-d02c3a40d789,ocd-vote/757311b6-6004-4229-8635-282f13f87da0,yes,15
215f56bd-4690-40b9-9202-33cf013f23d7,ocd-vote/e9ddb6de-d953-4c96-a58c-b194702d6c3b,no,8
7fb019ae-7ca6-4fc3-9dac-821203549e4a,ocd-vote/e9ddb6de-d953-4c96-a58c-b194702d6c3b,yes,16
9af93425-2330-4e3d-afab-2b71980f8097,ocd-vote/87e68d9d-ad33-4c61-be71-b8dac6f89b8c,no,0
fb11c275-3beb-4a89-a111-088bcad20c93,ocd-vote/87e68d9d-ad33-4c61-be71-b8dac6f89b8c,yes,24
ff966175-b0fb-4e72-900e-34fe07355636,ocd-vote/a0e83635-93b7-42d4-b251-87de526e5164,no,1
02412e85-eb02-4e1d-b9cf-dc7c0fbd8ec3,ocd-vote/a0e83635-93b7-42d4-b251-87de526e5164,yes,23
219ee8cc-48b1-41d2-91d6-f002b0cbf08c,ocd-vote/268812ca-88c8-49dc-bc8a-34a8a7325c02,no,1
a01d52b4-eee6-4493-a2b7-6ba4e0a2f25c,ocd-vote/268812ca-88c8-49dc-bc8a-34a8a7325c02,yes,23
b035eb3d-2487-4484-947e-b0643e4e7d2c,ocd-vote/e4a817a4-c6d9-4b56-a12c-8d23c4a06d0a,no,1
d72ae840-46b0-430f-bd1b-f94e6257c297,ocd-vote/e4a817a4-c6d9-4b56-a12c-8d23c4a06d0a,yes,23
a5b4651c-cad6-4f0a-9875-0491c84aefd9,ocd-vote/7d47afe6-b327-4190-8f27-563a946e7be2,other,1
e2f5a3df-994c-491f-a684-d4731f9ec8c1,ocd-vote/7d47afe6-b327-4190-8f27-563a946e7be2,no,14
2d55cd70-ece5-4d3d-8842-52aae414115c,ocd-vote/7d47afe6-b327-4190-8f27-563a946e7be2,yes,9
a082d2b9-9f5d-4013-b74c-cf745d09d340,ocd-vote/d2b6a511-d297-4822-8ec2-aa0cbbf82c85,no,12
c071b521-6c52-43b1-a0f9-7c2ad06b6dd9,ocd-vote/d2b6a511-d297-4822-8ec2-aa0cbbf82c85,yes,12
0889fdb0-4813-4494-8401-fa8b6bc0bfbd,ocd-vote/dd26d941-4459-4162-b8a4-fde713307273,no,0
32f2bb59-205d-4ec6-bfac-9d41d36a528d,ocd-vote/dd26d941-4459-4162-b8a4-fde713307273,yes,24
866d1557-e166-40d7-a8c9-c8f35991a490,ocd-vote/24f85aac-50be-43f5-a884-9ec255813873,other,23
4f613694-6b09-4d8b-a83f-0cfbe15d3544,ocd-vote/24f85aac-50be-43f5-a884-9ec255813873,no,179
50cf32e3-ee9e-4a04-b8f7-e1e8fb298296,ocd-vote/24f85aac-50be-43f5-a884-9ec255813873,yes,193
fef863c3-7f0e-4ded-a16c-825bf71a738f,ocd-vote/731ad1b9-85da-4054-94fe-62595167d09c,no,1
04a54e96-3659-4eec-9a34-6f858c605dee,ocd-vote/731ad1b9-85da-4054-94fe-62595167d09c,yes,23
e2b521e6-a03d-40f9-9927-c22b4afba60e,ocd-vote/f9a90958-4628-4cdf-bb25-bd353f63a937,no,0
74d9b704-b048-48d4-9d48-5564bfdbe7e5,ocd-vote/f9a90958-4628-4cdf-bb25-bd353f63a937,yes,24
6a9b5711-2e24-4724-a91a-450ad05b6a28,ocd-vote/60b3d7e6-8ea7-4107-836e-4bc6d26bb1f6,no,4
821b35a2-c049-420f-bc1e-980e38d47b08,ocd-vote/60b3d7e6-8ea7-4107-836e-4bc6d26bb1f6,yes,20
af73a4a1-6ec7-4a27-8e8b-03e7db85d0b8,ocd-vote/1cc43206-6251-48cf-83b0-c1f1120d4262,other,40
6cd7773f-5343-461e-a793-dd3b621a806e,ocd-vote/1cc43206-6251-48cf-83b0-c1f1120d4262,no,162
df4eca6d-00e3-49eb-a67b-54638d6ef95e,ocd-vote/1cc43206-6251-48cf-83b0-c1f1120d4262,yes,191
eea9a140-5faf-4090-97ea-2be38370e07e,ocd-vote/a78dab9b-b874-4785-ba93-65cb06836640,other,1
99c49bb6-ae08-462c-adb1-7e2519f5f293,ocd-vote/a78dab9b-b874-4785-ba93-65cb06836640,no,0
54c05b62-06e6-4f2b-86dd-0c8aec01de47,ocd-vote/a78dab9b-b874-4785-ba93-65cb06836640,yes,23
43579afb-aac5-4b64-b820-e64e651a6d57,ocd-vote/2316517d-1de9-479e-b256-989d8edde524,no,10
9a9df2cd-e31a-49b4-84ce-449542f696bf,ocd-vote/2316517d-1de9-479e-b256-989d8edde524,yes,14
579969a3-02fb-4cd9-92dd-191a7d8a1d5d,ocd-vote/dd57d31d-a764-400c-9b39-3b248184f73b,no,10
7f983b64-9353-432b-afdb-8928d2218156,ocd-vote/dd57d31d-a764-400c-9b39-3b248184f73b,yes,14
5ad6c9e6-c12b-438a-90e0-e08104f2d395,ocd-vote/bcdf8942-97f2-43e7-a84f-08f1bfb1199b,no,0
bc5a446b-c6c6-4e92-b798-ed832fae821a,ocd-vote/bcdf8942-97f2-43e7-a84f-08f1bfb1199b,yes,24
270a0592-eed7-40b6-ac04-3f476f2b30a5,ocd-vote/5e630526-726e-4038-903f-f8f32fe32f2d,no,12
f1865b8a-0239-4b87-bf8a-e578e668a96c,ocd-vote/5e630526-726e-4038-903f-f8f32fe32f2d,yes,12
2ad3a51d-98bc-4193-81eb-ad241895100c,ocd-vote/cc498c16-1342-4a2a-988d-1da9f05a024e,no,0
94c9215b-5046-41db-95b3-756fa762f9b5,ocd-vote/cc498c16-1342-4a2a-988d-1da9f05a024e,yes,24
46b3a343-61dc-4575-a8fb-f5623316b024,ocd-vote/7de5426b-2502-46b9-bf4e-d454249493d1,other,43
9afd12a2-e9f4-479d-8958-e8e239e2352a,ocd-vote/7de5426b-2502-46b9-bf4e-d454249493d1,no,158
d5a4b1ac-4c28-4a1a-b75e-44775d0c6225,ocd-vote/7de5426b-2502-46b9-bf4e-d454249493d1,yes,195
18a2163e-afe7-497b-a3f1-c48f44a542c8,ocd-vote/ecc0039c-9fea-4fe8-ad6e-b1020eb51b6a,no,0
d01e285f-e3fb-4876-875d-dfc5bd7186dd,ocd-vote/ecc0039c-9fea-4fe8-ad6e-b1020eb51b6a,yes,24
3592fdaf-f6a3-4f06-8bb0-0278133a793a,ocd-vote/09ce38fd-e0b8-4daf-b010-ba9e292ff12e,other,1
eeb3a3ea-557b-4c13-86fc-c25240178b8f,ocd-vote/09ce38fd-e0b8-4daf-b010-ba9e292ff12e,no,12
92dc096f-83e3-479e-b365-42bad038f74e,ocd-vote/09ce38fd-e0b8-4daf-b010-ba9e292ff12e,yes,11
adea63cc-9df2-484c-ba56-1f69f313fc7f,ocd-vote/5c2c8842-b268-412a-8502-d104fdda7e37,no,10
a669941b-37d5-4fa3-8749-a73f977af772,ocd-vote/5c2c8842-b268-412a-8502-d104fdda7e37,yes,14
774de41e-57e2-4fb0-bbb7-60109de6acc4,ocd-vote/68db0032-c87e-452a-aa13-fad8ba8ee647,no,10
a1c4e379-4678-4d29-9d9a-3a9385680ba7,ocd-vote/68db0032-c87e-452a-aa13-fad8ba8ee647,yes,14
2841b017-e0df-4462-9e96-f71353ac014d,ocd-vote/6c0bb776-2708-4c5e-9d86-ba2491cb07aa,no,10
86ee940f-071f-4120-aa6b-2cf279d1af5b,ocd-vote/6c0bb776-2708-4c5e-9d86-ba2491cb07aa,yes,14
168ad863-28c0-49ed-890a-2e7678625b86,ocd-vote/a30d21aa-c565-40eb-a72b-7b65de5fb839,no,4
dd0b41ef-4ba0-4c49-a1b0-780c2abb7c94,ocd-vote/a30d21aa-c565-40eb-a72b-7b65de5fb839,yes,20
5788e8a7-55a0-4471-a105-58996ee6178f,ocd-vote/7fdc65d2-0c19-4ce7-bc3b-cdbbe40b1350,no,0
28c4dc78-b0af-4d52-9fba-ccfbe0bcfcb6,ocd-vote/7fdc65d2-0c19-4ce7-bc3b-cdbbe40b1350,yes,24
cdd06ccf-1355-412b-a892-763c6ac09090,ocd-vote/15e0ee48-83d9-43b3-aa29-5fe3f4a9d4f4,other,27
a2e9f189-4355-4e81-99db-347297a1be71,ocd-vote/15e0ee48-83d9-43b3-aa29-5fe3f4a9d4f4,no,174
8e65938a-7871-4310-8e21-fcf52829b242,ocd-vote/15e0ee48-83d9-43b3-aa29-5fe3f4a9d4f4,yes,194
3cac37e6-cfd1-43b8-9c58-ee76d0eb4b99,ocd-vote/c8ff766f-9020-46bc-85a5-ce9fdb6badb1,other,22
69eaa9df-b243-49ec-95b0-a625b26c3793,ocd-vote/c8ff766f-9020-46bc-85a5-ce9fdb6badb1,no,198
9a2ef0be-8ec4-4c0d-b1ac-ed0459c42c04,ocd-vote/c8ff766f-9020-46bc-85a5-ce9fdb6badb1,yes,177
971c9a5c-2457-43b1-abf3-7f558740406b,ocd-vote/2cae671b-4e1f-4cbd-b135-64526fe998cc,no,14
e8dac27c-39a6-40bd-903f-433612bc6950,ocd-vote/2cae671b-4e1f-4cbd-b135-64526fe998cc,yes,10
afbc0ab1-d7b8-4228-b3d8-48e076dd70c0,ocd-vote/02da6fd7-8877-4093-85fa-a9241e75c111,no,0
fa974aa0-956f-4057-a329-2f118e162ee2,ocd-vote/02da6fd7-8877-4093-85fa-a9241e75c111,yes,24
55e033b4-c4b2-473e-856f-388a62ed8b6f,ocd-vote/ab99da0e-d37c-4fb6-b346-0eccf7c08e16,no,10
3ad92e0c-c43e-48b9-9c9c-850564820e42,ocd-vote/ab99da0e-d37c-4fb6-b346-0eccf7c08e16,yes,14
4dc59781-882e-42dd-8ff5-4977b73f5bf2,ocd-vote/b021ce4a-a672-4913-a78f-80e713f6427b,other,46
5c662aab-1563-48d6-a08c-5f9e53c765d8,ocd-vote/b021ce4a-a672-4913-a78f-80e713f6427b,no,144
84af28f1-534b-4209-abb5-cccac4423895,ocd-vote/b021ce4a-a672-4913-a78f-80e713f6427b,yes,206
a6c16a36-8324-4e2d-9657-30ed461b5918,ocd-vote/e1d30d15-2e31-44ad-8e2f-3c7d69dc6f1d,no,0
fd73841a-42ca-49b2-b40a-ce689de8c4b1,ocd-vote/e1d30d15-2e31-44ad-8e2f-3c7d69dc6f1d,yes,24
6042edfb-7e67-4443-ae90-7e42590830a7,ocd-vote/1be774cc-9b72-4e90-bfd1-34033b0b32b3,other,14
c08f2112-b7ee-4fd9-8fcc-2af65b8bbf53,ocd-vote/1be774cc-9b72-4e90-bfd1-34033b0b32b3,no,197
7115177d-79e7-49d7-9aa9-e68aafb766cf,ocd-vote/1be774cc-9b72-4e90-bfd1-34033b0b32b3,yes,184
1be76792-fe06-4d30-97ff-73f8abbac259,ocd-vote/8b2ac81f-94ba-4c0d-ab5a-2450f15f10d6,other,1
0728027a-4d8b-4ec3-9068-772e55757390,ocd-vote/8b2ac81f-94ba-4c0d-ab5a-2450f15f10d6,no,9
b659e2a0-aa9a-4603-9b38-4b3b0e4d044b,ocd-vote/8b2ac81f-94ba-4c0d-ab5a-2450f15f10d6,yes,14
b65dbfd2-45d9-41ee-8936-f89f45e7ee2e,ocd-vote/7933e6b0-c1d5-4b2f-a049-4f9d987f94b6,no,10
4a56b82f-3805-47d6-bf1e-d2b5f434f26b,ocd-vote/7933e6b0-c1d5-4b2f-a049-4f9d987f94b6,yes,14
49db0c46-f47f-41f8-8f4a-6a946925877b,ocd-vote/5868246d-de19-4aaa-8bb4-d77f819fb121,other,18
049972a1-d674-4b3d-a99f-5ea9c61c7425,ocd-vote/5868246d-de19-4aaa-8bb4-d77f819fb121,no,197
da87e932-6b2f-4d57-8db5-8846dbd51a98,ocd-vote/5868246d-de19-4aaa-8bb4-d77f819fb121,yes,179
b0a04faf-a68a-43b4-9945-82bd690264b6,ocd-vote/7696c069-ff67-4624-b6f9-61d32b716b2f,other,1
c9811791-0332-4f0f-bdec-7ff6aec880e3,ocd-vote/7696c069-ff67-4624-b6f9-61d32b716b2f,no,14
fd30fbed-1c6c-418a-b8f4-2845fd53c3cc,ocd-vote/7696c069-ff67-4624-b6f9-61d32b716b2f,yes,9
f65ced46-679a-4560-921e-7c6c39e1c47a,ocd-vote/f503a7c4-4af7-4f5f-87c7-6d5c003a5d35,no,11
8a93f123-de22-45d4-bf76-7f6e8d2db03c,ocd-vote/f503a7c4-4af7-4f5f-87c7-6d5c003a5d35,yes,13
9d3a0712-7268-4eed-9fc0-01cd3516857f,ocd-vote/c265d368-9b71-429c-9673-a1cd5a3b4870,other,54
11d72ef9-ddc0-4c7b-8161-f01c3a9e26a3,ocd-vote/c265d368-9b71-429c-9673-a1cd5a3b4870,no,152
dc6bca37-0523-4cbb-ace2-4f9aeafce3af,ocd-vote/c265d368-9b71-429c-9673-a1cd5a3b4870,yes,190
cda6753c-77f3-4bf3-9b77-32704402088b,ocd-vote/c2d0c826-8315-4369-8235-5d4083061fc3,other,45
360fabdf-295e-42ea-9464-d686e572b518,ocd-vote/c2d0c826-8315-4369-8235-5d4083061fc3,no,160
eea6bc54-b9d3-4405-b145-9682bf0ad82e,ocd-vote/c2d0c826-8315-4369-8235-5d4083061fc3,yes,191
d6f51dfa-56e3-4db4-9b80-d6d39c3e0dc1,ocd-vote/f340b3d2-2f8d-4766-beae-6ad9e8e2523a,no,0
89760ca6-becc-4dbe-9759-d5dc1b7f93ec,ocd-vote/f340b3d2-2f8d-4766-beae-6ad9e8e2523a,yes,24
a7453471-da22-4951-9994-c40b128f1f1a,ocd-vote/b5389638-55b0-4aba-bcdb-039e2fe3b980,no,0
bdd30999-23fc-4e49-8f43-57258cd10080,ocd-vote/b5389638-55b0-4aba-bcdb-039e2fe3b980,yes,24
5513e7bb-94d2-4d45-b414-93b2fba9a32e,ocd-vote/6bcf2d36-47a8-41ce-91dd-7123160ab5b6,other,16
5a30daf3-1c05-4cdf-a518-c3a7373891a6,ocd-vote/6bcf2d36-47a8-41ce-91dd-7123160ab5b6,no,199
976595d7-2902-4939-a04d-198af2dea0f6,ocd-vote/6bcf2d36-47a8-41ce-91dd-7123160ab5b6,yes,181
017d67f5-956f-4ad9-906d-1e0707e86130,ocd-vote/023787db-3fe9-4e05-bf86-b5833cc44770,no,0
58815b7f-dc4b-410a-81ba-a35360a07e5d,ocd-vote/023787db-3fe9-4e05-bf86-b5833cc44770,yes,24
c657218b-c404-4771-8d85-95f290d566dc,ocd-vote/5e7da2b2-ddd7-418e-9218-79fe3649a805,no,0
f2b3d1ad-d860-4096-9423-f74fceef26bb,ocd-vote/5e7da2b2-ddd7-418e-9218-79fe3649a805,yes,24
8e79618e-8bab-4f1e-a2b6-c45333210b54,ocd-vote/0b7b5597-8ef5-4790-be3e-f040b8cd841b,no,0
b1ef59ce-b5c3-412a-95e6-bc75eb8eae7f,ocd-vote/0b7b5597-8ef5-4790-be3e-f040b8cd841b,yes,24
726a40a6-a9fb-49ea-aca4-91dc11334baa,ocd-vote/ea3ce20e-bd5d-4016-a179-c83903ec6c9c,no,0
c0e14cd5-0a03-43b8-9406-b47853e967ec,ocd-vote/ea3ce20e-bd5d-4016-a179-c83903ec6c9c,yes,24
6d2b5e6e-d522-448b-98f2-21a98b154ed8,ocd-vote/2ae61585-102d-46e8-a720-3e7aa2055651,other,21
e57cc3ab-b83e-4e78-b27b-ca014f8ed43e,ocd-vote/2ae61585-102d-46e8-a720-3e7aa2055651,no,181
acbb7766-fba6-46a8-bce7-f39afd06c17d,ocd-vote/2ae61585-102d-46e8-a720-3e7aa2055651,yes,193
45b0f3ad-a1fa-4605-80e8-16b87ccba947,ocd-vote/f4a5fa31-49fb-4af6-a99c-c8a60148e518,no,0
c356c834-b314-455e-aecc-ca7153d0bd0d,ocd-vote/f4a5fa31-49fb-4af6-a99c-c8a60148e518,yes,24
0e09ec10-3067-4590-b8d7-70c8ae0a4012,ocd-vote/bc8b61f2-2c7b-4baf-a45c-6d60d3b871b6,no,0
62bfbb2d-9911-4bd8-bdd1-487316776ed1,ocd-vote/bc8b61f2-2c7b-4baf-a45c-6d60d3b871b6,yes,24
ba0316a4-8862-4aec-9087-f6c6916169f0,ocd-vote/6ddfadd4-e826-492e-912c-dcf382bf4c02,no,0
3249900a-14df-44fa-8f30-f9b1c444b0b9,ocd-vote/6ddfadd4-e826-492e-912c-dcf382bf4c02,yes,24
20659ba8-0d98-4a63-a31c-011ed4a830b1,ocd-vote/348a2f28-2180-47db-901e-499585ce46be,no,0
f3fc2389-49f3-4c15-a514-8f6789acfdea,ocd-vote/348a2f28-2180-47db-901e-499585ce46be,yes,24
cd59307a-035b-4b8f-b3c9-1c4f82c7a99f,ocd-vote/dbc2e76d-3865-45e1-8578-65859f2691a1,other,1
47ab0a0b-e2f5-4033-91f4-01514e8c600e,ocd-vote/dbc2e76d-3865-45e1-8578-65859f2691a1,no,0
bea526d1-50f2-4517-9042-a7421602768a,ocd-vote/dbc2e76d-3865-45e1-8578-65859f2691a1,yes,23
1ab575bd-2cb1-449a-9e65-dba053766d0a,ocd-vote/89533203-9ecb-4cb0-a2ba-dc106d2a6419,no,0
0214adff-192d-4f4b-bf5d-a679ac976b7c,ocd-vote/89533203-9ecb-4cb0-a2ba-dc106d2a6419,yes,24
606bbc14-3b69-447d-a5b7-f2b0049070d1,ocd-vote/899e3cf2-0fd4-4644-8b07-0fe2ceffe28f,no,9
aceca596-237b-4e06-b7ca-3ce21ee379e2,ocd-vote/899e3cf2-0fd4-4644-8b07-0fe2ceffe28f,yes,15
52416e59-0e7a-4a5b-99e1-de0ec85cc93c,ocd-vote/5297a47f-8c7a-4b27-804f-6bb1814be48a,other,38
6e9cf23f-8de3-4fdd-b5f0-e30a2462e4ec,ocd-vote/5297a47f-8c7a-4b27-804f-6bb1814be48a,no,186
11a7477f-fccc-4b07-9c77-4e3bf23b5f7a,ocd-vote/5297a47f-8c7a-4b27-804f-6bb1814be48a,yes,172
d9e2464d-a03c-47c6-a3a8-9187b57f15fa,ocd-vote/8540813a-d608-4cab-b7c7-5df74db193bf,other,1
51558492-fca5-4dee-a1ff-8f8a2c073cc9,ocd-vote/8540813a-d608-4cab-b7c7-5df74db193bf,no,0
4aa7e4f9-7b28-41c0-af6b-85423c2de20d,ocd-vote/8540813a-d608-4cab-b7c7-5df74db193bf,yes,23
6e8e7113-1c9d-40e6-b948-d1f5561de724,ocd-vote/1b7282f6-9270-424b-9c5c-d84c36988631,no,10
aa381d18-83d6-4eff-897b-a9529c97aeeb,ocd-vote/1b7282f6-9270-424b-9c5c-d84c36988631,yes,14
1686342f-78a8-4918-b38a-c059645216f6,ocd-vote/12cd138b-f9d5-4a06-ab91-10f72fce7ade,no,10
c6f4a802-5ba8-4632-8a1b-6483e1bd0d57,ocd-vote/12cd138b-f9d5-4a06-ab91-10f72fce7ade,yes,14
530dc615-8618-4eb4-9f82-a5412750f2af,ocd-vote/45d8e6f7-bece-48bc-ba5e-11844d88586c,other,39
57989636-5edd-472c-b947-fbbab268e549,ocd-vote/45d8e6f7-bece-48bc-ba5e-11844d88586c,no,214
82340aec-5fd5-4fd0-aeed-c88097a325c7,ocd-vote/45d8e6f7-bece-48bc-ba5e-11844d88586c,yes,142
ba87c573-73d4-43e5-b709-06d20e74f676,ocd-vote/56003bef-55ab-4049-af39-4af901c81490,no,0
b57b947d-96e0-448e-8d74-a1edcf5ddc02,ocd-vote/56003bef-55ab-4049-af39-4af901c81490,yes,24
31d669a7-41bb-4e56-8020-d255cffd0c52,ocd-vote/ca259777-f6e9-4f63-b644-912168d24da0,other,20
9f3cfc01-d530-48e2-8ecd-828d63343351,ocd-vote/ca259777-f6e9-4f63-b644-912168d24da0,no,203
2b9d2e4a-c93c-4fef-8e68-38bbc3edfcce,ocd-vote/ca259777-f6e9-4f63-b644-912168d24da0,yes,174
b43c17d5-a0e9-48d8-96e1-a2913dc462cc,ocd-vote/98741962-3d18-4e58-99b8-a5a4d37557e5,no,10
61ad6b32-2d74-4e7a-ab76-e1eb5cc326bf,ocd-vote/98741962-3d18-4e58-99b8-a5a4d37557e5,yes,14
351e2633-750d-466f-837e-f72a8923c269,ocd-vote/daa2a092-0587-4552-a7ae-c524a1246ee1,no,0
7fb2de71-e2ec-4101-96f1-329ba570e969,ocd-vote/daa2a092-0587-4552-a7ae-c524a1246ee1,yes,24
e503e7aa-0280-483e-9f57-08fc68c0edc5,ocd-vote/0e03fec9-3295-44ed-8822-8fe91f6a40cc,no,0
e1810efc-5f3c-496c-b853-2f3f506264e1,ocd-vote/0e03fec9-3295-44ed-8822-8fe91f6a40cc,yes,24
8215ab30-fe78-44d9-84a9-40a65986b8de,ocd-vote/7e2d71a2-a5e4-423c-b7c3-dd9d94687dbc,no,18
38affa81-bc8a-48ed-b5c0-c6878d1187f8,ocd-vote/7e2d71a2-a5e4-423c-b7c3-dd9d94687dbc,yes,6
b99f1fb6-789f-41c3-acd3-5407e9d8fd25,ocd-vote/29736ad8-637c-4635-ac3f-5772557cdf4e,no,0
5fa547b9-ed23-402c-ac23-d07498f83b39,ocd-vote/29736ad8-637c-4635-ac3f-5772557cdf4e,yes,24
818903bb-dcc1-493a-860a-0f8678900f38,ocd-vote/3c268880-e079-401a-bca6-172977823db5,no,10
7474666d-b323-4aa4-ba26-05f6c5d76cae,ocd-vote/3c268880-e079-401a-bca6-172977823db5,yes,14
ed2fe068-1cbf-45fd-810b-70e605355528,ocd-vote/32682546-f1c1-4db2-aec5-0e090bf74ea2,no,10
2cd542f3-b509-4049-b454-201d8df2dcaa,ocd-vote/32682546-f1c1-4db2-aec5-0e090bf74ea2,yes,14
2c85df88-84dd-4bd8-bb2d-c6ff3f4c937c,ocd-vote/6cddc2c4-7f96-40c6-bfaf-e316b3eb1ae3,other,46
4e962d50-bceb-4173-93e8-9873aafc1b79,ocd-vote/6cddc2c4-7f96-40c6-bfaf-e316b3eb1ae3,no,148
43633466-0ba6-4329-935e-8ed1ea5536a4,ocd-vote/6cddc2c4-7f96-40c6-bfaf-e316b3eb1ae3,yes,202
f506320f-c94a-469c-a1ec-2e5711cbf3f3,ocd-vote/e27ea2a5-d7fa-49e6-8f9d-f75238586a44,no,0
8009322a-3066-4812-a70c-7603249a0c9b,ocd-vote/e27ea2a5-d7fa-49e6-8f9d-f75238586a44,yes,24
8f6b34fe-f9f9-4668-a833-c417ea0d3f11,ocd-vote/056abaae-ac4b-4e56-9260-e0c6ad30a4c6,no,0
6a01c7f0-5dc3-43f4-b0af-5cbf18783672,ocd-vote/056abaae-ac4b-4e56-9260-e0c6ad30a4c6,yes,24
e6ddcd4c-2e07-40ca-98bf-c2515a2bbbfc,ocd-vote/fd3021f7-9fc7-4662-8a77-8b96d4af9efd,other,28
d05d6ae9-2e78-462f-8161-f2738adf9b20,ocd-vote/fd3021f7-9fc7-4662-8a77-8b96d4af9efd,no,164
6c54bb45-8bba-4f57-8d6d-c24657f9ca61,ocd-vote/fd3021f7-9fc7-4662-8a77-8b96d4af9efd,yes,203
706848fb-124a-4a13-8ae7-e883abec9c81,ocd-vote/43d96229-5e99-4946-945e-926c3cd7cd28,other,163
e7cad57d-fcab-405a-97b2-b1e6b4a635a1,ocd-vote/43d96229-5e99-4946-945e-926c3cd7cd28,no,186
0a795081-0b34-48a7-8654-bb2703df676b,ocd-vote/43d96229-5e99-4946-945e-926c3cd7cd28,yes,46
723b5eca-c197-44df-87ab-65f44c9335c1,ocd-vote/b4ca334a-9cc4-463e-97f5-c933d2d43038,other,44
8dac6ef3-33de-4054-956f-ff51115ab597,ocd-vote/b4ca334a-9cc4-463e-97f5-c933d2d43038,no,190
ccd852e7-6c10-44a4-a69a-4482c8737eed,ocd-vote/b4ca334a-9cc4-463e-97f5-c933d2d43038,yes,162
bd34af42-d88b-4be4-a35c-29b55f36f55e,ocd-vote/08af8aad-6aad-4dc0-8475-d03c1e8d09d2,no,15
aa5b852e-a162-4870-acc2-0d32debe1cd1,ocd-vote/08af8aad-6aad-4dc0-8475-d03c1e8d09d2,yes,9
7812f8e1-3e2c-48f6-853c-0d4b78fd3fdd,ocd-vote/ebb9b57e-8fec-4066-9c12-b2efc0fd1ce4,other,23
09402fd8-1228-43c9-aca7-b0030a3cacb6,ocd-vote/ebb9b57e-8fec-4066-9c12-b2efc0fd1ce4,no,170
4182bae5-b67d-4fea-a0fa-919cf0b855bb,ocd-vote/ebb9b57e-8fec-4066-9c12-b2efc0fd1ce4,yes,201
c2719feb-2847-4c59-a872-60d335b05ba5,ocd-vote/f492cd90-59da-4ee3-bf36-db68827ec679,no,10
5b1fd5e3-feef-4c27-8366-6e15471acd75,ocd-vote/f492cd90-59da-4ee3-bf36-db68827ec679,yes,14
0dd1fcc1-6ac2-4660-8e16-45451b5b8e39,ocd-vote/a4753a98-535b-4d26-a6ac-16148fca64d9,no,0
3bf9a119-e509-4a1c-bde5-e1a2b67d8d58,ocd-vote/a4753a98-535b-4d26-a6ac-16148fca64d9,yes,24
0b55f495-3486-4841-9480-2e6cafd5884c,ocd-vote/fdf2b19b-057d-4ef1-9199-1a1b63176cc1,no,10
9d94a42a-f4f0-4fad-854c-f48276e8035d,ocd-vote/fdf2b19b-057d-4ef1-9199-1a1b63176cc1,yes,14
b56e70f9-1f7e-49d8-ad0f-4813387f633e,ocd-vote/1280f26f-b294-479b-bda8-aae87117dd25,no,3
c9637861-d8ff-419d-b444-a24f7ab1f6cf,ocd-vote/1280f26f-b294-479b-bda8-aae87117dd25,yes,21
de967d30-cd57-458c-9e51-6535c2ff82a8,ocd-vote/bfcdb12d-57bf-4c7c-93ac-a27a7df21168,no,0
d57c35bc-2469-4399-8660-a75c9a7ede97,ocd-vote/bfcdb12d-57bf-4c7c-93ac-a27a7df21168,yes,24
506f5400-7f87-462b-8d11-22f0e2eb0201,ocd-vote/7c91937f-0fe2-4b09-b324-fd43fdb40e91,other,27
3bc34c4e-6be7-4a93-9464-317cf0159411,ocd-vote/7c91937f-0fe2-4b09-b324-fd43fdb40e91,no,167
18816159-3985-471e-b2ee-a708481e6a04,ocd-vote/7c91937f-0fe2-4b09-b324-fd43fdb40e91,yes,200
803c5359-6347-49fd-b847-56570859901b,ocd-vote/6901d5f5-2ed4-4636-92d4-b1e5a068aa5c,other,47
2a12bc4f-b1e6-4dde-a677-5f741fd690d0,ocd-vote/6901d5f5-2ed4-4636-92d4-b1e5a068aa5c,no,141
fc7f3bbe-7dd8-4459-b111-4b0b977068e5,ocd-vote/6901d5f5-2ed4-4636-92d4-b1e5a068aa5c,yes,208
a54e6a0b-55d4-40d7-801f-69b9e679631b,ocd-vote/9852b638-f54b-4138-ab57-c0227ed67801,other,23
1c5ed679-29a5-4f7c-9c9c-f61c5a421afa,ocd-vote/9852b638-f54b-4138-ab57-c0227ed67801,no,165
5272d0fc-5775-4567-b5f9-9e5c69fbdea2,ocd-vote/9852b638-f54b-4138-ab57-c0227ed67801,yes,208
4238c370-2e9f-430e-a70a-fed3e9b4d808,ocd-vote/67bb9e09-d521-4244-b3a4-33acb1086221,no,0
fb571448-e0ea-47ce-bcc4-9ba6125cfd99,ocd-vote/67bb9e09-d521-4244-b3a4-33acb1086221,yes,24
e902a3ed-26d1-4343-922c-1dc703b21011,ocd-vote/eab340a9-8e17-42ad-b18a-d3023aec20ff,other,1
b24a4ee6-068b-4a0d-ac48-00a55a84ee8b,ocd-vote/eab340a9-8e17-42ad-b18a-d3023aec20ff,no,13
25658bad-d1be-4d2c-93d8-31e52c844799,ocd-vote/eab340a9-8e17-42ad-b18a-d3023aec20ff,yes,10
79e03084-2670-4411-baab-4feafb905fcd,ocd-vote/8b134089-3293-44c6-a49e-d1e8fb0234df,no,0
cbfa4db1-0986-4bba-b4ed-7441356bb9db,ocd-vote/8b134089-3293-44c6-a49e-d1e8fb0234df,yes,24
361291f0-2fcd-4a13-8241-3ef5c37f3f05,ocd-vote/b80852d1-832d-43cf-aa07-63a2f5eaf934,other,15
5e498498-1603-4932-b544-7c805b41846f,ocd-vote/b80852d1-832d-43cf-aa07-63a2f5eaf934,no,203
99a8f17d-5de7-4029-b105-38fbd1607d74,ocd-vote/b80852d1-832d-43cf-aa07-63a2f5eaf934,yes,178
08ac64ab-dda9-4132-89f7-5c45cc4bf89e,ocd-vote/45fabc04-ce73-4a9b-b814-37492979f161,other,2
562cae63-2530-4c26-996b-cfa7e2bc9277,ocd-vote/45fabc04-ce73-4a9b-b814-37492979f161,no,8
50038c54-f3db-4dbf-a55c-146d2551dcf1,ocd-vote/45fabc04-ce73-4a9b-b814-37492979f161,yes,14
47de2739-1718-496d-9ab6-b200bc6413b6,ocd-vote/bbfd40a5-2e3a-4044-95e3-6fb21d2752c5,other,1
8e635c98-ba46-46a7-a768-8fd40bd0bb18,ocd-vote/bbfd40a5-2e3a-4044-95e3-6fb21d2752c5,no,3
0c7540e6-65df-4e76-bb72-c0761a6db570,ocd-vote/bbfd40a5-2e3a-4044-95e3-6fb21d2752c5,yes,20
c4e541c1-8090-4190-a24d-55e02ba17e7b,ocd-vote/e5f916b2-0e69-4e9a-962a-3669c9b08b76,no,10
062c4db2-e08e-460a-9ce0-cf038dccc155,ocd-vote/e5f916b2-0e69-4e9a-962a-3669c9b08b76,yes,14
c45a1af7-e019-4fb0-90aa-b3b97e26db0c,ocd-vote/38165d25-82c3-4b07-8036-4f4d2dfa6c27,no,0
b9f43b89-ad6c-46be-a5e2-da0005acb592,ocd-vote/38165d25-82c3-4b07-8036-4f4d2dfa6c27,yes,24
55e9570b-df97-4093-89c2-65be4feb1b62,ocd-vote/99da4850-294d-4f77-8fe5-42b6c4834dce,no,0
f5cc013c-cf1f-41d4-beda-aa6752cfe6dc,ocd-vote/99da4850-294d-4f77-8fe5-42b6c4834dce,yes,24
564c1091-dda6-4444-9500-16bb81520e4f,ocd-vote/7d8aa2ae-75f2-4de3-8bfb-c613f55a9e55,no,10
34cbdedd-30b1-4ab5-aa90-479a3b4b5877,ocd-vote/7d8aa2ae-75f2-4de3-8bfb-c613f55a9e55,yes,14
33a19208-9e5b-4c93-8597-8662aa292c5d,ocd-vote/802a931a-94d4-4553-a126-5c0ffcd3b38f,other,48
b0349d6a-0913-46f1-8bb2-676113d3375d,ocd-vote/802a931a-94d4-4553-a126-5c0ffcd3b38f,no,17
9ccf56aa-3dd2-401a-8702-6654743da13b,ocd-vote/802a931a-94d4-4553-a126-5c0ffcd3b38f,yes,331
6a3ee6cf-0f4b-41f4-90a4-08b739d703f5,ocd-vote/fd644965-2305-4993-a5d1-f5dd6be7afed,no,11
57d1108d-0c63-4cab-9444-26e07ec93a7c,ocd-vote/fd644965-2305-4993-a5d1-f5dd6be7afed,yes,13
6a40761e-4058-458d-821d-e4c5d5e8d10c,ocd-vote/0b59bf0c-a85f-479c-825f-00d296c537b4,other,1
47affa40-f481-4df6-be17-3094406cb9d0,ocd-vote/0b59bf0c-a85f-479c-825f-00d296c537b4,no,13
b0135f99-09ce-4475-99cb-7994e721c8db,ocd-vote/0b59bf0c-a85f-479c-825f-00d296c537b4,yes,10
681f2a6d-ed19-4813-86f6-9880b9683d64,ocd-vote/7e615286-b60f-4088-8b87-5c6771485cd6,other,26
ee71b251-814e-4c4e-91a6-37eb420b88cf,ocd-vote/7e615286-b60f-4088-8b87-5c6771485cd6,no,172
4cd9f934-40e9-4e91-a4b4-7087b07a187e,ocd-vote/7e615286-b60f-4088-8b87-5c6771485cd6,yes,197
d2a7aed6-5051-4e31-be18-6a8972f8a921,ocd-vote/420726af-3a5f-4bb4-8d79-f5e53eb63156,no,0
4ecf4bd2-9ea2-400c-ac61-2dba8d2fd119,ocd-vote/420726af-3a5f-4bb4-8d79-f5e53eb63156,yes,24
21ff77fb-1b6b-46d7-b833-ea8fb4de48de,ocd-vote/045afde6-17b4-488a-bf37-7fbe0fa0631d,no,10
4089f45a-430c-4890-b7f6-5f6eea86fea9,ocd-vote/045afde6-17b4-488a-bf37-7fbe0fa0631d,yes,14
9afbdb8e-ea2a-4680-b9e1-10132f6b2b5c,ocd-vote/dd2b812a-53a0-40c7-8075-1a368e749e65,no,0
de59621a-3d82-42d8-9859-48fc798feb89,ocd-vote/dd2b812a-53a0-40c7-8075-1a368e749e65,yes,24
c1103488-d865-4ccf-8177-4bc36c75661c,ocd-vote/a85c020e-1851-409b-9534-674385732920,other,48
f1336fa1-7a60-4456-9094-eb3a988e65c0,ocd-vote/a85c020e-1851-409b-9534-674385732920,no,207
29e6431d-eb46-4a16-aee7-2f13f1092002,ocd-vote/a85c020e-1851-409b-9534-674385732920,yes,141
632c06b9-5c4a-4608-b642-bd5600425d4d,ocd-vote/95906605-d7fd-427c-929f-af90f522b165,other,18
8cbea266-fdcf-4e16-b627-1db4c0c38ed1,ocd-vote/95906605-d7fd-427c-929f-af90f522b165,no,203
7bd202e6-9609-47ac-8a3e-cf1447e2c602,ocd-vote/95906605-d7fd-427c-929f-af90f522b165,yes,175
122ed8e3-67e5-4870-b728-2a5047236c44,ocd-vote/ed301aa6-1175-47b3-97ed-0adba992fa71,no,10
fbb83995-76db-4cbd-b14f-cdda908da911,ocd-vote/ed301aa6-1175-47b3-97ed-0adba992fa71,yes,14
10a42e35-5fde-422d-ad9e-ad1d8ed38d2c,ocd-vote/da91c869-4039-45c5-bdc4-ca27c30f977d,no,14
4c382a48-029f-4d29-805f-232937f645c5,ocd-vote/da91c869-4039-45c5-bdc4-ca27c30f977d,yes,10
6de954f1-9260-4b43-af53-e8d2dd6317e8,ocd-vote/226fce26-8177-4651-8bfa-e3e26392e185,other,42
6769e13f-84be-4841-a9d8-75111c22f235,ocd-vote/226fce26-8177-4651-8bfa-e3e26392e185,no,182
d7245f73-e867-4589-a329-777d219a84c5,ocd-vote/226fce26-8177-4651-8bfa-e3e26392e185,yes,173
aa3b6f72-20e8-4969-9205-a9537f8a5c5a,ocd-vote/18219a01-e1e0-4c2e-b630-5546ed775b07,no,18
103537c1-65ed-4cbf-a0e8-11b085ddf99a,ocd-vote/18219a01-e1e0-4c2e-b630-5546ed775b07,yes,6
c61cbd96-b22b-4bd7-8f19-d62cef5eca20,ocd-vote/ea25a301-d100-49f0-8bce-e1f73d30d212,no,0
eebc8ab6-a2b4-477f-a5db-59078e06a8f0,ocd-vote/ea25a301-d100-49f0-8bce-e1f73d30d212,yes,24
f563228a-7ff6-418c-8855-7af92056b0b1,ocd-vote/63cee29f-17e5-47ae-9989-f7f82d2f8860,no,23
05a4e563-93bb-4cf0-8a78-33865ec0cf9f,ocd-vote/63cee29f-17e5-47ae-9989-f7f82d2f8860,yes,1
fac8f053-770b-4f2c-8efd-bcfd173f863d,ocd-vote/53eb0011-cae8-4022-95d8-2c60b2167b20,no,0
db44dfb1-3796-4928-a8df-b62b89943276,ocd-vote/53eb0011-cae8-4022-95d8-2c60b2167b20,yes,24
8b4a789d-d914-494c-bb96-1f0a64d1a39f,ocd-vote/ff1c7d6c-1be7-449a-9e8c-38b74777c5d0,no,0
601272bf-86b7-43e5-976b-10941f5278e8,ocd-vote/ff1c7d6c-1be7-449a-9e8c-38b74777c5d0,yes,24
db048c18-cf8f-4337-8b9c-7676ee9b5788,ocd-vote/faa7550d-08e5-406f-b84d-ccef40464eb1,other,40
eb6da75c-b701-4d3c-8afc-d879b6ea89e0,ocd-vote/faa7550d-08e5-406f-b84d-ccef40464eb1,no,192
26e5f1d0-1ea9-4b95-8066-649bed460b96,ocd-vote/faa7550d-08e5-406f-b84d-ccef40464eb1,yes,162
baa970f8-d22c-46bc-8a4f-5e82b1e89150,ocd-vote/ba36d442-4165-410a-85b7-96e5ed457a0a,no,2
0f5a026c-2c40-4166-8dfe-c0bb2ae66e9e,ocd-vote/ba36d442-4165-410a-85b7-96e5ed457a0a,yes,22
e94203df-4501-4cab-aba6-e60502619296,ocd-vote/aba356ff-65ec-4190-b9a8-9d1bbc9c7924,other,21
4536ffc1-997e-4fdd-a6b3-696b5c24022b,ocd-vote/aba356ff-65ec-4190-b9a8-9d1bbc9c7924,no,204
53127e30-8fb9-4023-86c0-e12cbca94832,ocd-vote/aba356ff-65ec-4190-b9a8-9d1bbc9c7924,yes,172
20616932-f0cb-41c1-9358-e2062d837b01,ocd-vote/e10900e4-251e-4377-b806-aa911a7cfc15,other,21
d6d8ca09-8cf9-4945-9fd2-00fe9533daf5,ocd-vote/e10900e4-251e-4377-b806-aa911a7cfc15,no,167
680214ba-fe21-4026-af6a-4c7f9e1d2182,ocd-vote/e10900e4-251e-4377-b806-aa911a7cfc15,yes,206
8b830b0d-5cff-4a96-af46-ea7c38506fa5,ocd-vote/bfb35a12-76c9-44f3-ac7c-e865c8f2ede9,no,0
6a7d888f-c0b1-4db5-b48d-10fb50f457cf,ocd-vote/bfb35a12-76c9-44f3-ac7c-e865c8f2ede9,yes,24
697f2c1e-f7b4-49d5-a057-67e8ed26d7bf,ocd-vote/c317c2d3-e707-494e-9b0e-59db928d006b,other,37
ccd32dd1-8d80-409e-b4f7-674526429c58,ocd-vote/c317c2d3-e707-494e-9b0e-59db928d006b,no,155
b4671d3d-79f7-46ae-bfab-647219f5cd20,ocd-vote/c317c2d3-e707-494e-9b0e-59db928d006b,yes,203
b5b03220-f08b-433a-aa46-079a20381175,ocd-vote/64549a35-65c3-4c37-91fb-228671c72208,other,34
2a60ccc5-e40e-4ce5-94c3-00d6f0aa072d,ocd-vote/64549a35-65c3-4c37-91fb-228671c72208,no,158
7c443153-7754-4c5b-aedb-7f70c41dde40,ocd-vote/64549a35-65c3-4c37-91fb-228671c72208,yes,205
47af9093-8c15-4ee6-8029-9dec50d8d9f2,ocd-vote/c758b4ff-949d-46b3-8102-9a0c67e82245,other,24
19d57bc8-0753-48a0-8010-8c3904302a53,ocd-vote/c758b4ff-949d-46b3-8102-9a0c67e82245,no,201
8ed95a2c-5f1b-4243-9469-ce91dbfc522f,ocd-vote/c758b4ff-949d-46b3-8102-9a0c67e82245,yes,171
b74fda23-a412-4850-ab26-0b2c4e2a2644,ocd-vote/65124fee-53c4-4b3f-96fd-51e6d31fc29b,other,51
84470d1f-4354-4024-9b76-44355047c82e,ocd-vote/65124fee-53c4-4b3f-96fd-51e6d31fc29b,no,152
87aab65a-2ad1-44b6-835f-951c44a2482d,ocd-vote/65124fee-53c4-4b3f-96fd-51e6d31fc29b,yes,193
85ad7bda-0aba-426a-bd12-52e2702c620c,ocd-vote/dfb87fb7-c8f2-495e-8cae-600e5037e358,other,18
db269058-27e6-4159-9bf0-2032a1d46f59,ocd-vote/dfb87fb7-c8f2-495e-8cae-600e5037e358,no,181
e1a62c93-e804-4f1e-abac-a5dfe4443883,ocd-vote/dfb87fb7-c8f2-495e-8cae-600e5037e358,yes,198
fc86d3ed-4dbe-4942-a260-d100e98419fc,ocd-vote/9d38a34f-121b-4d55-bb52-513692dc81da,no,14
28a9738a-34b0-4caf-a139-f7d2d627576f,ocd-vote/9d38a34f-121b-4d55-bb52-513692dc81da,yes,10
c94dde0f-045a-4dd2-a80f-a85c9d74d24e,ocd-vote/c7f9bc2d-69d6-4b73-9411-2be2d567cf30,no,10
a824cd6f-7c83-4345-af1d-4ef5c9468476,ocd-vote/c7f9bc2d-69d6-4b73-9411-2be2d567cf30,yes,14
1ac42dd0-7401-4792-9cd1-bfaaed7b608d,ocd-vote/52369a98-3257-49e5-aa29-6829aad8da6f,no,0
b5d6c086-3769-4225-bb2d-ad16d5cb2ecf,ocd-vote/52369a98-3257-49e5-aa29-6829aad8da6f,yes,24
da9d67e0-d979-4b62-8446-2c72ad6c8a59,ocd-vote/5e9d622e-5eb3-4d96-94aa-72e8eb5d7a92,no,10
542968ed-e764-40c3-b9a6-d41a1c0173ac,ocd-vote/5e9d622e-5eb3-4d96-94aa-72e8eb5d7a92,yes,14
258c2cab-6b5b-43ce-81e6-f3c5c58b3657,ocd-vote/59cbeebf-4b00-40c5-ab97-07039a8090a4,no,0
06f9607c-882f-4141-b08b-a493b9437b27,ocd-vote/59cbeebf-4b00-40c5-ab97-07039a8090a4,yes,24
fbd50e33-dbe6-4698-86e9-e0f36cc674b9,ocd-vote/91cf857c-3ad9-4754-9997-34496a2fd1cb,no,3
d98839ee-35fc-4be8-8d7e-58fa3b0c0c8d,ocd-vote/91cf857c-3ad9-4754-9997-34496a2fd1cb,yes,21
0c5f03b0-c7bd-4442-831d-4d29a4e58d24,ocd-vote/5885e031-ca52-4fcb-8c6f-10a3994c4022,other,23
83295f03-eb5c-4238-9709-bf26e947b08b,ocd-vote/5885e031-ca52-4fcb-8c6f-10a3994c4022,no,178
7740d033-3a2f-4101-9b41-e62f62b6a2b4,ocd-vote/5885e031-ca52-4fcb-8c6f-10a3994c4022,yes,192
dfef20a8-0e28-4ac9-a49c-9c9d6c8e9ea8,ocd-vote/373c0608-1303-43b6-85ac-3443713e95fc,no,0
08cd4e86-eabf-4e63-ae1c-6301f2ec584b,ocd-vote/373c0608-1303-43b6-85ac-3443713e95fc,yes,24
d429f427-6c1a-4e39-9143-456f4c596981,ocd-vote/ee2d2639-6b82-412b-bd68-3e2944a811c3,no,0
fff8e6f3-a914-44ca-ab89-0a5dd8fac991,ocd-vote/ee2d2639-6b82-412b-bd68-3e2944a811c3,yes,24
72c990c6-df0e-4f02-b0ea-325eaf547745,ocd-vote/7a047566-7326-4bb1-81fa-964ebeb965dc,other,39
79bcda07-cbac-4ba4-a96e-a683d8260a59,ocd-vote/7a047566-7326-4bb1-81fa-964ebeb965dc,no,187
0a170049-58ed-4628-95f7-6e635f5a2277,ocd-vote/7a047566-7326-4bb1-81fa-964ebeb965dc,yes,168
85043c99-5c66-4256-9659-8fa8d18ef9d4,ocd-vote/32746d2d-e2ae-456a-8406-a2544cf9962b,no,14
278287c3-7582-4169-8ecc-b7470f769310,ocd-vote/32746d2d-e2ae-456a-8406-a2544cf9962b,yes,10
5b685a2b-adb4-42d4-8e18-53a3369b2bf9,ocd-vote/3c40622d-393c-4ece-95a1-7c6af00ccfe7,no,0
caef7950-f86d-4960-a5dc-16cc86a653ff,ocd-vote/3c40622d-393c-4ece-95a1-7c6af00ccfe7,yes,24
892bb1c6-08e6-4c77-bfe2-687d722c72ee,ocd-vote/d8601104-907a-42c3-a09a-34a16f440ccd,no,14
fad7877f-3003-48de-b021-6a18fccc6da7,ocd-vote/d8601104-907a-42c3-a09a-34a16f440ccd,yes,10
b560492e-ec2d-4ad8-aa32-869312f8036b,ocd-vote/edd15c61-39fb-4fbf-94e6-be5322a5ad56,other,1
35008181-9071-4ccc-8761-c5401d3d5725,ocd-vote/edd15c61-39fb-4fbf-94e6-be5322a5ad56,no,14
32b934e2-59c7-440f-94e5-095e8c3ad33e,ocd-vote/edd15c61-39fb-4fbf-94e6-be5322a5ad56,yes,9
84961570-dcc1-457f-a0ff-25525b928bd5,ocd-vote/48d93358-005c-4fa7-82fd-1442b2feb559,no,4
53716965-4f33-44cf-b3da-443d71b310ee,ocd-vote/48d93358-005c-4fa7-82fd-1442b2feb559,yes,20
24dcc5b6-26d6-43ed-9eb4-403b282a65c1,ocd-vote/196c69b1-112e-4e1f-9441-1d0fb3d3af4e,other,22
5b61bfe6-68d5-4044-a004-53e9441d334c,ocd-vote/196c69b1-112e-4e1f-9441-1d0fb3d3af4e,no,183
2cee8e3f-6311-4991-8d8e-726c577ec608,ocd-vote/196c69b1-112e-4e1f-9441-1d0fb3d3af4e,yes,192
33c5ed44-1097-4ade-a964-5e0910cdae73,ocd-vote/e5e07d4a-5987-4417-8dae-78d7950dabc4,no,10
c7f7ba57-ab25-4651-b7a8-a279713cc6e8,ocd-vote/e5e07d4a-5987-4417-8dae-78d7950dabc4,yes,14
477f1762-19ad-4dea-a88b-96d5c5875bb5,ocd-vote/419c251c-e8a9-41d2-b931-4084d40bb570,no,24
21b91106-9608-4357-9d32-a0f11520f3bb,ocd-vote/419c251c-e8a9-41d2-b931-4084d40bb570,yes,0
4ac32b5e-a200-4073-b14a-deab4b6f0a87,ocd-vote/18d7d10b-a860-4840-95c0-b4a5336bb189,no,14
db38cbc8-e6bf-45df-a8d3-b38bde96ea8f,ocd-vote/18d7d10b-a860-4840-95c0-b4a5336bb189,yes,10
fd78d1da-e769-4ac0-bc55-55b2485d7958,ocd-vote/f461d567-ca4a-433c-a0c5-4fc780651ebb,no,24
ad621c0a-76b1-4110-a510-0f29fa96d29b,ocd-vote/f461d567-ca4a-433c-a0c5-4fc780651ebb,yes,0
07be4455-e2c7-498b-acf6-7118a90d8344,ocd-vote/89ece386-ca6a-44f7-bc76-5ea79c5d54eb,other,22
ccbabc35-39fb-48d9-b7a6-bbfbbf2352f6,ocd-vote/89ece386-ca6a-44f7-bc76-5ea79c5d54eb,no,178
327e6146-60ad-42e2-be12-618e3b090230,ocd-vote/89ece386-ca6a-44f7-bc76-5ea79c5d54eb,yes,196
32dd4cf2-b848-4923-b24b-95d5c560b2c0,ocd-vote/6e15f418-1a3c-45f2-91d8-b44573c27f12,no,1
4c0b3b26-235b-4aa5-a2a9-3944fdf03ea9,ocd-vote/6e15f418-1a3c-45f2-91d8-b44573c27f12,yes,23
85c9bce5-c96d-41ec-9c31-099122638e89,ocd-vote/89249906-b616-46cf-aedf-539a6d3a8ce4,other,1
ce6d0640-4c2b-4847-a17f-62386e3a546c,ocd-vote/89249906-b616-46cf-aedf-539a6d3a8ce4,no,10
deaa2b9a-c321-419b-be58-fc1564838185,ocd-vote/89249906-b616-46cf-aedf-539a6d3a8ce4,yes,13
7f7ab93a-0ccc-434e-a3f6-9a487c9bb6bb,ocd-vote/6d720459-01c2-4087-b3ac-fef31d050d77,other,21
483b0015-68c0-48cf-81da-113235ac5c89,ocd-vote/6d720459-01c2-4087-b3ac-fef31d050d77,no,174
8c4015f1-0598-4abe-a12f-68df960c0d98,ocd-vote/6d720459-01c2-4087-b3ac-fef31d050d77,yes,201
b57e7c3f-095b-4dd2-9548-b11802e62ee5,ocd-vote/c5ac99a2-b120-466c-a0c9-541748e18d75,other,31
b8a6f439-9e5b-42ad-99b8-a2c0738aff2e,ocd-vote/c5ac99a2-b120-466c-a0c9-541748e18d75,no,58
315ef5c3-0515-4092-bdd8-e3a3d9557bf2,ocd-vote/c5ac99a2-b120-466c-a0c9-541748e18d75,yes,307
75c0e6dc-1030-4947-946b-e85110cc6f77,ocd-vote/5aec31d7-9f3e-438c-a5e3-d66ab7e554f9,no,0
228bde95-b3ce-403b-a5de-0c19fa4041cc,ocd-vote/5aec31d7-9f3e-438c-a5e3-d66ab7e554f9,yes,24
d7ca53d0-9776-4a79-b370-8132ea8d4d68,ocd-vote/a7537b2e-11cb-4a38-86b9-075001141dc5,no,10
c0265a68-dbe5-46b9-8435-95fd2744476d,ocd-vote/a7537b2e-11cb-4a38-86b9-075001141dc5,yes,14
17e6c5b3-651e-4660-bf57-33b74a65d350,ocd-vote/fb6bf76b-6115-479f-8ad7-31a0096a04ca,other,1
adc1a740-9656-4255-9009-12606f8fc7d8,ocd-vote/fb6bf76b-6115-479f-8ad7-31a0096a04ca,no,13
3cd4db73-3c69-47d9-adcb-025673bd6692,ocd-vote/fb6bf76b-6115-479f-8ad7-31a0096a04ca,yes,10
8e27c1c7-bc75-4e21-87b5-ab1a36e822c0,ocd-vote/0987a497-5845-4ba7-899a-879b40f0460a,other,1
9f607e38-c6c6-4132-ade9-4ac7f3fe443e,ocd-vote/0987a497-5845-4ba7-899a-879b40f0460a,no,17
8dc70227-f254-4b5a-9dfb-bfcf89dea069,ocd-vote/0987a497-5845-4ba7-899a-879b40f0460a,yes,6
3610188a-d93c-4046-9ad8-8dc62b655116,ocd-vote/9448b01e-4737-464f-95ec-cd7ae6a11f7a,no,0
2e5d65e7-6c6e-4203-a489-c2da1b10d0f2,ocd-vote/9448b01e-4737-464f-95ec-cd7ae6a11f7a,yes,24
09dabb7b-5733-41ff-8f99-b6bce355c8fe,ocd-vote/4972d49d-4547-49be-a198-ffb6349113a1,other,27
9ac7c3ad-6d27-4f0b-a45b-7e07c6bbc4c6,ocd-vote/4972d49d-4547-49be-a198-ffb6349113a1,no,169
fd2d039c-8748-40a6-a479-8267fa0895b6,ocd-vote/4972d49d-4547-49be-a198-ffb6349113a1,yes,198
5bcf8125-6235-4178-91b2-090e637a1c4a,ocd-vote/8e0a9f7f-ed23-43c6-b5a0-aaca23c84a6d,other,21
53875689-8381-470e-bb78-4eaabd0ddb2a,ocd-vote/8e0a9f7f-ed23-43c6-b5a0-aaca23c84a6d,no,207
027571c4-dd7d-49dc-adac-56fa01125c1f,ocd-vote/8e0a9f7f-ed23-43c6-b5a0-aaca23c84a6d,yes,168
ba2073d3-8d17-4eca-b050-68f843ff20b3,ocd-vote/0c090424-0538-46e8-9f32-433b8efe0e80,other,1
23e79827-00a2-4517-aab7-fdd254a2c0cd,ocd-vote/0c090424-0538-46e8-9f32-433b8efe0e80,no,14
ec240b91-36fb-45d0-9795-74e23ac40937,ocd-vote/0c090424-0538-46e8-9f32-433b8efe0e80,yes,9
416f5a93-81cb-4c7a-9eeb-5c09127eeb2b,ocd-vote/c546b146-6297-49c0-b543-a788eedfd99c,no,0
0b073699-2c5e-43c7-82be-2622acc42978,ocd-vote/c546b146-6297-49c0-b543-a788eedfd99c,yes,24
923d9296-2337-4532-a4dc-0c6c2709fbe3,ocd-vote/c1490057-abcf-439b-a488-05dc1a028541,other,52
a0935f81-1bf8-489c-b6a3-eae61cb42f38,ocd-vote/c1490057-abcf-439b-a488-05dc1a028541,no,169
6774d9d3-d503-49c8-8c4d-0c3a0ae836e2,ocd-vote/c1490057-abcf-439b-a488-05dc1a028541,yes,172
ff465389-ab86-46a4-ae5a-d41e189e4f81,ocd-vote/78d4fcc9-25d3-47ab-8738-dad0b47befea,no,14
110fc297-36a4-4517-9738-0907d1605f98,ocd-vote/78d4fcc9-25d3-47ab-8738-dad0b47befea,yes,10
58e9d2e2-e751-4800-a669-ee4597365bbd,ocd-vote/5974ceb8-5211-4167-a776-b9b18f73ad36,no,14
45784f05-2c2d-4a5e-963b-6cd186a8590b,ocd-vote/5974ceb8-5211-4167-a776-b9b18f73ad36,yes,10
fd16d53f-cb7f-42c2-9275-65cbfe1b3857,ocd-vote/0ce02988-3fd8-4144-ad74-5c67a2659401,other,35
d8d0908b-5113-43a1-a794-7c7bff631973,ocd-vote/0ce02988-3fd8-4144-ad74-5c67a2659401,no,150
0186174f-d3ad-4400-bd40-7f128e1e626c,ocd-vote/0ce02988-3fd8-4144-ad74-5c67a2659401,yes,211
fefee0cc-222e-4f53-a99e-ce4f98efe633,ocd-vote/cc7ad976-5a87-4b74-9b7d-c2f638335354,no,4
2db93e6c-ef5c-4077-bc11-e9a78cd45a06,ocd-vote/cc7ad976-5a87-4b74-9b7d-c2f638335354,yes,20
f8801da6-f8f6-43ea-9fc2-b418d4f0c0ea,ocd-vote/6591415f-1c33-48b1-8e99-f1add28f9380,no,10
da8fa65c-949d-48f5-9042-a80690d2d5b7,ocd-vote/6591415f-1c33-48b1-8e99-f1add28f9380,yes,14
17dc4a18-d08c-4394-af92-6a0d8a7826f0,ocd-vote/11b42aa1-ba9f-4355-a6e6-d01a206f7f31,no,0
ec940fd6-f4ba-45e8-941d-8664d8cb2b39,ocd-vote/11b42aa1-ba9f-4355-a6e6-d01a206f7f31,yes,24
e37e5d99-182e-4b8c-a218-68cac1c35523,ocd-vote/5c0ed85c-7d17-44df-8592-cbae85967fb6,other,45
5e27f05c-5a22-4888-9b24-0482febe272e,ocd-vote/5c0ed85c-7d17-44df-8592-cbae85967fb6,no,153
fefddf8b-203b-45c2-a82e-0cfc7174060e,ocd-vote/5c0ed85c-7d17-44df-8592-cbae85967fb6,yes,198
6fc2f84d-ed1f-4c22-965b-5664bd2dad58,ocd-vote/42a19e88-2a1f-4e3e-8848-eddd633d01bd,no,0
c0ca2630-5499-4914-8592-75213fba74c6,ocd-vote/42a19e88-2a1f-4e3e-8848-eddd633d01bd,yes,24
6c3b1d5d-d86a-435f-8103-57ed61387f34,ocd-vote/c4852330-0681-42f1-bfae-30ddee40fe3b,no,0
64bfd313-94b7-4d20-8428-9762805dedb2,ocd-vote/c4852330-0681-42f1-bfae-30ddee40fe3b,yes,24
5535630c-fcc3-4f8c-b528-897d2b9ecde2,ocd-vote/0602530a-d305-4557-af40-a515cdb4b180,other,1
9a7aae51-8d63-4ed8-b82c-c4511a63223a,ocd-vote/0602530a-d305-4557-af40-a515cdb4b180,no,5
c51735c9-05c1-4f60-a4bb-3c4dbc1d5fd6,ocd-vote/0602530a-d305-4557-af40-a515cdb4b180,yes,18
e9092cf6-5f6d-4e7a-92dc-1b89a5393be6,ocd-vote/e38656d0-5ae7-4569-b017-8a766fb1f75d,no,0
06315888-92c4-468e-93b1-fd0a1f5e274f,ocd-vote/e38656d0-5ae7-4569-b017-8a766fb1f75d,yes,24
78a79ed7-18fe-4d06-9637-86b9cd845e14,ocd-vote/eeb5225b-9cb1-4442-85ef-89103404d2d8,no,12
efbb6a4d-7545-4028-92d4-a3d0a204381a,ocd-vote/eeb5225b-9cb1-4442-85ef-89103404d2d8,yes,12
d1391e4f-be83-4de5-ac7f-567a6feb4cc7,ocd-vote/cd1e2f2e-2ca0-4e8c-b1df-4c48d517a078,other,20
68a7f86d-f1db-4247-a8fb-579fb0bd8c48,ocd-vote/cd1e2f2e-2ca0-4e8c-b1df-4c48d517a078,no,196
b60f3daa-6599-4a36-b856-fc99b1e99213,ocd-vote/cd1e2f2e-2ca0-4e8c-b1df-4c48d517a078,yes,181
5f185abc-f12c-4203-87d2-cfb2ddb4e7aa,ocd-vote/a3c6f513-249e-4d35-93ba-c5e77051fa34,other,21
88206eba-f5d6-437c-9544-ed2b8e244047,ocd-vote/a3c6f513-249e-4d35-93ba-c5e77051fa34,no,172
f689e2db-15d0-40fe-9fc7-e4b19de1ce7f,ocd-vote/a3c6f513-249e-4d35-93ba-c5e77051fa34,yes,204
751de502-71e6-42a4-b193-b8bfd971ab6e,ocd-vote/7ed163f2-9ba1-4bb3-b74c-18a863c047d5,no,0
dce86b6a-9e33-4237-ad84-b979f1d7cc67,ocd-vote/7ed163f2-9ba1-4bb3-b74c-18a863c047d5,yes,24
6c43039a-36a3-4315-b8ae-b18ce13e9645,ocd-vote/de5b95ee-07bf-4b86-a57f-f14bff9ef985,no,0
461ba1c1-c68e-4221-b66f-f8931f0b9beb,ocd-vote/de5b95ee-07bf-4b86-a57f-f14bff9ef985,yes,24
277b9765-a5cc-4875-8a1c-cb3394585ceb,ocd-vote/cfd5ace5-8329-4365-9b7d-4cd3830a68a5,other,17
df4169a2-16ab-40aa-b473-156c5821a004,ocd-vote/cfd5ace5-8329-4365-9b7d-4cd3830a68a5,no,179
64343a5c-0470-4ce3-bfc7-7ed84e135ab2,ocd-vote/cfd5ace5-8329-4365-9b7d-4cd3830a68a5,yes,198
34269e23-fcb5-4621-acf3-56411f480a70,ocd-vote/a2627827-effc-44c3-b1dc-785b1ed37cd6,other,1
b03fe28f-e499-497b-8718-c92f65f84b88,ocd-vote/a2627827-effc-44c3-b1dc-785b1ed37cd6,no,0
4bdb2e18-6c61-45dc-8b2f-c580b6cff258,ocd-vote/a2627827-effc-44c3-b1dc-785b1ed37cd6,yes,23
bf3e22ed-cf72-4f8a-b540-09d408e7c2e3,ocd-vote/8c39ac50-8a66-4704-b866-214f8b792d6b,other,2
b36e8bf8-ce54-445c-9366-c043865cd49c,ocd-vote/8c39ac50-8a66-4704-b866-214f8b792d6b,no,9
59512ee1-e363-4d5c-a92a-24f211f24a2c,ocd-vote/8c39ac50-8a66-4704-b866-214f8b792d6b,yes,13
48e93375-3ca5-4c86-93fc-e2ab73242c09,ocd-vote/8e01ac63-0aa6-4f68-b8aa-cebc4613d57a,other,23
c20e5821-974a-46f2-9bf1-0c8175c225bc,ocd-vote/8e01ac63-0aa6-4f68-b8aa-cebc4613d57a,no,172
f03c16d7-a428-490c-b1bb-cd6923e6bd55,ocd-vote/8e01ac63-0aa6-4f68-b8aa-cebc4613d57a,yes,199
7ed2fb52-3bfe-46d7-a33e-29120208643f,ocd-vote/b7750a98-855c-46ab-ad12-5eed3c91a20f,other,15
e2629830-e38e-4f1d-aa25-459db5e61522,ocd-vote/b7750a98-855c-46ab-ad12-5eed3c91a20f,no,178
145beb55-dc16-40d3-b480-5f848fe5ebd6,ocd-vote/b7750a98-855c-46ab-ad12-5eed3c91a20f,yes,201
043a0bd4-4809-48f8-9125-50395afdee1b,ocd-vote/e1d5950f-e963-4d70-af60-1de8b8431e7b,no,0
5d683350-8372-4ab7-a59d-8dd15aa98bfa,ocd-vote/e1d5950f-e963-4d70-af60-1de8b8431e7b,yes,24
2cc757fb-16c4-43ba-afe6-89b13e01a404,ocd-vote/e4f80bb3-5268-48f8-bdc5-aeb859d1164e,no,6
10d949b9-4203-4016-b344-482d074dab33,ocd-vote/e4f80bb3-5268-48f8-bdc5-aeb859d1164e,yes,18
091080be-4381-4193-8ed8-c9ef9fbbbaae,ocd-vote/8f3e5da1-2818-4103-b51f-134df6e34730,no,0
3afb7eb3-8077-48d6-aa20-3e553f4ba720,ocd-vote/8f3e5da1-2818-4103-b51f-134df6e34730,yes,24
945868eb-e935-41e2-854a-e8bbc8f14ba7,ocd-vote/4a223f73-87ac-4a9b-b003-7906bda88790,other,56
220ed55a-e5fb-456f-bf3c-2bbec5ad92c8,ocd-vote/4a223f73-87ac-4a9b-b003-7906bda88790,no,171
503451b2-1428-4f05-ab52-3b8538612fb3,ocd-vote/4a223f73-87ac-4a9b-b003-7906bda88790,yes,166
b37b9628-b48f-4742-b520-d78eb0bedf5a,ocd-vote/6395858d-38de-441a-b2f1-2e587fb504de,no,0
c9677de2-9ea5-4580-84f5-761f604533b7,ocd-vote/6395858d-38de-441a-b2f1-2e587fb504de,yes,24
d52f33a1-88bb-4300-9696-08964f785f7b,ocd-vote/34b331b6-dbab-4669-9027-7b301c117134,other,26
174b3473-a30e-49ed-bf79-1fde78445a63,ocd-vote/34b331b6-dbab-4669-9027-7b301c117134,no,188
7dda7130-cfa7-401b-8393-bc5705aad7bf,ocd-vote/34b331b6-dbab-4669-9027-7b301c117134,yes,180
9fd33cc4-94a1-4f31-a981-603a01f01a6c,ocd-vote/4c0d8761-e9e0-4293-b829-01190246754c,other,20
1ba0d133-08b3-499d-b6ab-f790c4c590b8,ocd-vote/4c0d8761-e9e0-4293-b829-01190246754c,no,136
d35c0620-e307-4516-86b7-ab8bc1692c25,ocd-vote/4c0d8761-e9e0-4293-b829-01190246754c,yes,240
c0f09faa-5ce3-446a-bb7d-bef034a8499f,ocd-vote/84ae803f-f07c-4a60-86e9-c2c55f89e91d,other,42
47c54a11-0238-4d2a-b0a2-6dc26421ea1b,ocd-vote/84ae803f-f07c-4a60-86e9-c2c55f89e91d,no,173
fc3d42a2-9b0d-4fe9-a41e-474f6b032e88,ocd-vote/84ae803f-f07c-4a60-86e9-c2c55f89e91d,yes,181
2be651dd-830d-43b1-a9e4-d704033d8a58,ocd-vote/59646819-5308-4856-8c02-f66cdc856b09,no,0
a6917745-82a4-4da7-a782-2253feae9f04,ocd-vote/59646819-5308-4856-8c02-f66cdc856b09,yes,24
757f93f2-6533-43f2-bc55-a3a5ec440134,ocd-vote/1b9d112a-daff-4d47-ae29-c2d5e14b76a6,no,0
6e68070f-f5cf-4aac-9ff7-4d6139ee141c,ocd-vote/1b9d112a-daff-4d47-ae29-c2d5e14b76a6,yes,24
841cef85-185c-4a0e-97b1-5d8138786e64,ocd-vote/16a7fb6e-5404-4156-9e9f-efca52deed0a,other,19
e4054895-b2cd-43f6-adb2-34b39ceff75a,ocd-vote/16a7fb6e-5404-4156-9e9f-efca52deed0a,no,184
af6af61f-f885-4f02-9a49-a3070ea751da,ocd-vote/16a7fb6e-5404-4156-9e9f-efca52deed0a,yes,192
174bcac4-3fd4-4e26-8b05-e469ca137d59,ocd-vote/1abf0a2d-d9e9-44f5-9fd8-c4beded04fd9,no,14
f3ca465b-f778-45da-9066-4917c0e72730,ocd-vote/1abf0a2d-d9e9-44f5-9fd8-c4beded04fd9,yes,10
fcc8c07d-b8e5-45df-b658-6ae6d0e85dce,ocd-vote/b75f8bdc-3313-4f6f-9dab-619f8bfc279c,no,3
0ca2fc3d-fb9b-4d06-a287-74bbc5ce5df6,ocd-vote/b75f8bdc-3313-4f6f-9dab-619f8bfc279c,yes,21
c7a5189b-5dec-48c6-881b-2924828002ad,ocd-vote/968c58d3-3345-465e-90b1-d27ef4393052,other,18
f0ebad44-74e1-4811-915f-02bb2173f439,ocd-vote/968c58d3-3345-465e-90b1-d27ef4393052,no,201
3baa398f-d11c-4532-9613-0d0d42d1c9f6,ocd-vote/968c58d3-3345-465e-90b1-d27ef4393052,yes,176
0328d8f3-592b-41db-b734-074aba0050f7,ocd-vote/f196d09a-e78d-4225-9a7f-04f42c92833d,no,10
6d35b9f2-4252-431f-bbf9-63aedb7b1c67,ocd-vote/f196d09a-e78d-4225-9a7f-04f42c92833d,yes,14
70198a5c-da6b-484d-a94e-23b3e4c6480e,ocd-vote/3de7a960-30a5-42dd-b3fa-9d7653eb93a4,other,38
63be478e-f8a0-469c-824e-9b3e8292821e,ocd-vote/3de7a960-30a5-42dd-b3fa-9d7653eb93a4,no,6
ebb890ae-939f-4c6e-a0a9-8510d4ff5dcb,ocd-vote/3de7a960-30a5-42dd-b3fa-9d7653eb93a4,yes,352
6f3f4742-2e1a-458e-9389-44a04b4e0cdb,ocd-vote/daaf582c-95e3-48d0-8362-2406c2ed7f74,other,23
1fd99dce-a555-4f26-b557-74a8d15e73e0,ocd-vote/daaf582c-95e3-48d0-8362-2406c2ed7f74,no,134
a829184c-6d49-4ff0-aedc-c0dd1cf11ec4,ocd-vote/daaf582c-95e3-48d0-8362-2406c2ed7f74,yes,240
3863d3a1-80cd-4bdc-9a36-2a34fdfd9194,ocd-vote/e396e5d9-c16d-42cc-9472-11396beb2df4,no,0
48238b6d-aeb4-4cf2-8671-d1cdeb194a9f,ocd-vote/e396e5d9-c16d-42cc-9472-11396beb2df4,yes,24
641e56ed-cc32-45dc-8e48-fa58b9b85ae4,ocd-vote/ddcc6ec8-b9c1-43fe-ab2b-92b74f64f3e1,other,22
bf187883-52e3-4f07-863a-062399a246fe,ocd-vote/ddcc6ec8-b9c1-43fe-ab2b-92b74f64f3e1,no,319
c53cdeef-e356-4e2d-8adf-41ddbeb23ffb,ocd-vote/ddcc6ec8-b9c1-43fe-ab2b-92b74f64f3e1,yes,56
2d8113d9-b863-4e00-80fa-7715e8abe02d,ocd-vote/92576ed6-c8b8-4b95-abe7-68b5c6c647f6,other,19
00be7975-d76b-40d0-bb40-4fc70c8d0e2e,ocd-vote/92576ed6-c8b8-4b95-abe7-68b5c6c647f6,no,169
fea73330-2826-42a5-a2e8-be990741a093,ocd-vote/92576ed6-c8b8-4b95-abe7-68b5c6c647f6,yes,207
0991aa28-0925-4bad-b330-3c0a6514dd04,ocd-vote/77063e9b-cac0-4571-a71a-ab4f25f52ef7,other,58
f1443259-377d-4100-9325-a113798890ff,ocd-vote/77063e9b-cac0-4571-a71a-ab4f25f52ef7,no,179
f1001477-74fa-4eae-a1be-8e51f91119dd,ocd-vote/77063e9b-cac0-4571-a71a-ab4f25f52ef7,yes,159
22c9eccb-21e7-4fc1-9282-593696a7716f,ocd-vote/2b648f39-c752-4d6b-b27d-0fe0613f67e1,no,0
0985d6f7-6622-43bb-bc26-d3a05d18e678,ocd-vote/2b648f39-c752-4d6b-b27d-0fe0613f67e1,yes,24
7112fbcd-639a-4056-901f-74f211749039,ocd-vote/991ceccb-dfc2-4884-8969-5e16854657ef,other,18
48ac5cc6-d254-45a8-9ac7-9e962cb9f33a,ocd-vote/991ceccb-dfc2-4884-8969-5e16854657ef,no,192
7c1473a0-bd88-4e44-90b6-b8a67f8b9d38,ocd-vote/991ceccb-dfc2-4884-8969-5e16854657ef,yes,184
6df4e348-8856-4a6e-bcdd-e491a436e9ff,ocd-vote/46249f71-98df-405e-abfe-044fc99a109e,no,0
dd1dd853-3829-4715-8df0-38be0222ccb1,ocd-vote/46249f71-98df-405e-abfe-044fc99a109e,yes,24
e1ca0001-b29a-4aea-ad77-3abf04942b32,ocd-vote/c741cbbf-d2e2-49c3-b951-0f9f27ce6481,other,1
bf6ecc26-d631-46f1-9396-84a81854761e,ocd-vote/c741cbbf-d2e2-49c3-b951-0f9f27ce6481,no,0
9af442a7-2f59-4a34-956a-397ab2c54014,ocd-vote/c741cbbf-d2e2-49c3-b951-0f9f27ce6481,yes,23
c1d5f608-f3e0-4d44-8168-f032daa995ff,ocd-vote/2a88e231-f004-4d35-a039-c06427b6463b,no,10
715d46ed-6c50-4104-8f10-54816fea5277,ocd-vote/2a88e231-f004-4d35-a039-c06427b6463b,yes,14
c66a5acf-1611-4188-bd27-1cc07fe76bc6,ocd-vote/4f87793c-9f8a-4bde-80c5-bd25fe2e8fe2,other,20
d54ac4c0-25a9-44fd-a445-71fe6b2ba95f,ocd-vote/4f87793c-9f8a-4bde-80c5-bd25fe2e8fe2,no,180
8190f038-7857-45eb-b1e8-20d078775663,ocd-vote/4f87793c-9f8a-4bde-80c5-bd25fe2e8fe2,yes,194
afb46dcf-8503-4797-a1fc-90c686562808,ocd-vote/ed6d58b8-ed0c-4227-9483-4efef10d282e,other,32
e59b04d0-c9c8-451f-9f23-c6125134a9bf,ocd-vote/ed6d58b8-ed0c-4227-9483-4efef10d282e,no,162
9147d5bd-e3ed-43ae-8cb3-b696e79a9214,ocd-vote/ed6d58b8-ed0c-4227-9483-4efef10d282e,yes,200
4522f478-5800-4c1d-9abd-6e8264a911f9,ocd-vote/ca6edf86-5ba6-4496-b796-0e6a8b7d94aa,no,10
e6ed19cd-8b65-494d-99f6-3d351765ce9d,ocd-vote/ca6edf86-5ba6-4496-b796-0e6a8b7d94aa,yes,14
0a64298b-f367-47ee-a165-76e76fdcd946,ocd-vote/018ff20c-c0da-44aa-a5d8-b6ebbfda5c2c,no,3
8bfcd7b8-b530-4feb-8299-2ebd466dce72,ocd-vote/018ff20c-c0da-44aa-a5d8-b6ebbfda5c2c,yes,21
f7bfaf04-34fb-4b74-b320-365da3e7f0c7,ocd-vote/ca89b46c-1dbd-4b48-99fb-c2b54aef31c3,no,10
bb52c80e-547b-4622-b84c-1c4d8dfdea36,ocd-vote/ca89b46c-1dbd-4b48-99fb-c2b54aef31c3,yes,14
3dadfcd7-91e5-4476-a82a-81f14d2754f4,ocd-vote/6083a228-bbcf-4f0a-8b98-b10266126c79,no,0
62c94320-758f-45fc-9db0-3031da0aa69c,ocd-vote/6083a228-bbcf-4f0a-8b98-b10266126c79,yes,24
a8802596-1d7d-4781-84fa-b43ff51c7d33,ocd-vote/9958bba5-e851-4c8f-9553-b2247f65b2bd,no,0
bef8f330-ea5e-44f4-9849-d9d3acc69ae7,ocd-vote/9958bba5-e851-4c8f-9553-b2247f65b2bd,yes,24
e3af2915-0cd5-4e85-8eb2-69b1fb7fb1c6,ocd-vote/2c9a4a0d-a409-4f12-af7d-e720d3de3695,no,1
c647ca83-edcb-486c-8706-77ae9f1f46af,ocd-vote/2c9a4a0d-a409-4f12-af7d-e720d3de3695,yes,23
8fc76ce8-9dbf-4376-ab8d-6a6f81abb85d,ocd-vote/e5a46f1f-631d-4d74-b819-85e354d94ad7,other,39
f6f39de0-af96-49fe-9940-2f7851651314,ocd-vote/e5a46f1f-631d-4d74-b819-85e354d94ad7,no,168
a906f4ba-82c3-4514-8461-c3a7f8ccb901,ocd-vote/e5a46f1f-631d-4d74-b819-85e354d94ad7,yes,189
250c1eef-1f10-4dde-9f88-8a751211226d,ocd-vote/de0e0489-0ca1-42c2-97a8-7dde4402f4b7,no,9
8c78fc0f-9233-45d5-a438-1b3be825fdb4,ocd-vote/de0e0489-0ca1-42c2-97a8-7dde4402f4b7,yes,15
a05fec88-7a19-4a81-8e42-fa880321406a,ocd-vote/d3acd9b8-96be-41c0-98d2-e86b84e6aaf1,other,13
0695ee0d-939f-43a8-a7fc-17b2cf96360c,ocd-vote/d3acd9b8-96be-41c0-98d2-e86b84e6aaf1,no,208
9a24e3f6-fd24-4c4f-afa2-b7329d88d045,ocd-vote/d3acd9b8-96be-41c0-98d2-e86b84e6aaf1,yes,175
63a0412e-9cea-48d3-a733-afaa8f3efc4a,ocd-vote/06020ec1-f25f-4bf4-ae5f-58fe4c0f9877,other,20
8f4af893-5057-4444-acda-f4e8a2d048d4,ocd-vote/06020ec1-f25f-4bf4-ae5f-58fe4c0f9877,no,175
0d7547cc-da4c-43c0-b08d-dd30e5b40797,ocd-vote/06020ec1-f25f-4bf4-ae5f-58fe4c0f9877,yes,202
79e0e9d0-c861-453a-85c2-c7a15ba81179,ocd-vote/45a8e181-d8f0-4c5a-8cd1-c6ef037f3171,other,42
f3a044b0-c6ac-4c1c-9d07-ed8639b05986,ocd-vote/45a8e181-d8f0-4c5a-8cd1-c6ef037f3171,no,163
672e9999-a434-42d0-bf54-3ddac352eeb3,ocd-vote/45a8e181-d8f0-4c5a-8cd1-c6ef037f3171,yes,189
c797ad4d-4dfc-4f44-82af-f8460a079f81,ocd-vote/ecc445d0-7396-4fd9-bc99-2118a93407b9,other,19
1ff71232-d446-45d1-a3e7-942f6424ad3c,ocd-vote/ecc445d0-7396-4fd9-bc99-2118a93407b9,no,113
de49e437-09ac-47d7-966e-04a7a687e045,ocd-vote/ecc445d0-7396-4fd9-bc99-2118a93407b9,yes,264
77381494-0de5-40b4-bd7b-9abb18e629ff,ocd-vote/340d834f-3219-46ce-88c6-d1fa0813ee25,no,0
181f4d38-7cae-4996-9a8b-28fbc6ef4ee0,ocd-vote/340d834f-3219-46ce-88c6-d1fa0813ee25,yes,24
b510c194-250d-436e-9fb6-78677705ed36,ocd-vote/1114d509-813e-4da1-81c7-233e8db5bbb0,no,10
a0c42bd2-9406-4554-92f4-83e33aaf1fe1,ocd-vote/1114d509-813e-4da1-81c7-233e8db5bbb0,yes,14
78386791-434a-43de-ba88-5758ff325fde,ocd-vote/405e3351-e68b-446c-84bb-212574731b4d,no,6
87c619c2-0c47-49c0-a281-11c47f72a0d5,ocd-vote/405e3351-e68b-446c-84bb-212574731b4d,yes,18
e33ed64a-7dd4-4492-af2d-fa260a42023c,ocd-vote/c6d7c1c9-8d40-4a12-873b-e48ba9126335,no,10
2ce0d078-57b2-4447-a533-a18244c34183,ocd-vote/c6d7c1c9-8d40-4a12-873b-e48ba9126335,yes,14
d5b643f1-4181-4876-a82a-ebdd3ec50a47,ocd-vote/46563ce3-22d2-4a09-9794-360d917bf506,other,20
2311e00f-6c40-4b7e-aed8-fc80c5163789,ocd-vote/46563ce3-22d2-4a09-9794-360d917bf506,no,158
16173be7-fa5b-4069-b663-ab001d2cfa0c,ocd-vote/46563ce3-22d2-4a09-9794-360d917bf506,yes,219
5db69516-07fd-4a90-b7a4-9ac8c7b14f97,ocd-vote/f4d2f0c9-4c19-419d-88bc-adda242f4d30,no,0
8d6e7877-a702-4331-8160-a4e29e11f176,ocd-vote/f4d2f0c9-4c19-419d-88bc-adda242f4d30,yes,24
23371d57-677e-47bf-b4ec-c002fb05562a,ocd-vote/97890eda-2c32-47dc-bddb-899560d46a09,other,13
3a2e83f0-f64a-4d0a-91d9-9981ef66a328,ocd-vote/97890eda-2c32-47dc-bddb-899560d46a09,no,178
bbe33c0a-9c25-4832-9d70-15a63b17f25c,ocd-vote/97890eda-2c32-47dc-bddb-899560d46a09,yes,205
e8e30e7b-c08b-4e7c-9990-01307decbb0f,ocd-vote/5069f8cb-ff52-46ce-85f2-13c4d96e014d,other,21
c90d6f87-b8cb-4fa8-8847-e4b1912793dd,ocd-vote/5069f8cb-ff52-46ce-85f2-13c4d96e014d,no,167
bb72543e-380b-4d9f-bb8e-a4740a37ee9a,ocd-vote/5069f8cb-ff52-46ce-85f2-13c4d96e014d,yes,208
86f9f5bb-0d7d-4102-bf18-5c05d3b0b9f7,ocd-vote/4d2dbbe7-e273-4d37-9875-fdb046b7bd12,no,0
149ba6b0-5ea4-4f13-837f-2a4497b9d9ef,ocd-vote/4d2dbbe7-e273-4d37-9875-fdb046b7bd12,yes,24
d0cc8be2-4dd6-4bfe-9c27-1e3f50144d66,ocd-vote/c7f9ff51-b68f-4fde-9ede-901cd5f56710,no,12
06efc963-a351-41b0-8195-8d5b9b48211c,ocd-vote/c7f9ff51-b68f-4fde-9ede-901cd5f56710,yes,12
327da9a5-be47-4b58-b8fe-e4b00748f019,ocd-vote/263bb409-41c0-4cf0-88ae-2e330782df4f,other,48
a6d6ce72-3f88-43fe-b030-2f19a293df7b,ocd-vote/263bb409-41c0-4cf0-88ae-2e330782df4f,no,146
b31546ce-2824-45cf-abe5-b532621b9bd5,ocd-vote/263bb409-41c0-4cf0-88ae-2e330782df4f,yes,201
1be45314-ab05-4c9c-9eaa-a19313b3a738,ocd-vote/133b6da7-2fc1-4fa6-88e0-1b9d54d1332b,other,36
0a2d68d7-3ecf-4d08-b42d-56780f8efa58,ocd-vote/133b6da7-2fc1-4fa6-88e0-1b9d54d1332b,no,159
20b5b1fa-3082-444d-b3e7-5e16b9fc84f8,ocd-vote/133b6da7-2fc1-4fa6-88e0-1b9d54d1332b,yes,197
92b2ab6b-274f-4140-9d6d-45c185c4aa12,ocd-vote/d53079f3-a10a-4b38-91fb-c5f50325f1eb,no,14
3227e533-d03e-4f42-a80f-166ebca9fe69,ocd-vote/d53079f3-a10a-4b38-91fb-c5f50325f1eb,yes,10
918892f8-4943-4a54-bd8c-44767f2f0267,ocd-vote/eec66842-9d84-43cd-a78b-269f4b7bb173,no,22
b0adafc1-4be9-4781-8ba8-a94de74d8312,ocd-vote/eec66842-9d84-43cd-a78b-269f4b7bb173,yes,2
e7d483ca-f751-4b16-a4f4-c63c9767aef2,ocd-vote/ebc0173d-e466-46dc-abf1-55f61f58e235,no,4
82febd31-f16a-4f0e-ae9e-827fc4967806,ocd-vote/ebc0173d-e466-46dc-abf1-55f61f58e235,yes,20
47995622-850e-493f-8cac-856eff636fa8,ocd-vote/5b0c2028-81b1-4426-a389-562221972fad,no,0
4f420a4e-e834-4ffa-b3f4-4ce5a38f95ed,ocd-vote/5b0c2028-81b1-4426-a389-562221972fad,yes,24
86736179-1085-4b14-bdb0-ac8370846465,ocd-vote/1ecf391f-7272-4b70-84d2-bb0230761a5f,other,21
e0e30d7b-ae2d-4835-a558-45ba6455f4a3,ocd-vote/1ecf391f-7272-4b70-84d2-bb0230761a5f,no,173
459ae125-bec1-45b8-aeab-f6113541b688,ocd-vote/1ecf391f-7272-4b70-84d2-bb0230761a5f,yes,199
0b900e88-9711-436e-a05a-f5046c89f4d7,ocd-vote/7d70f60e-46e3-404c-9caf-e20ff3b44478,no,2
735d1a7a-a64d-45e2-acd4-ae000aa7e2db,ocd-vote/7d70f60e-46e3-404c-9caf-e20ff3b44478,yes,22
ee60583c-7146-4763-957c-29643d7c50f3,ocd-vote/2715c846-b4a6-41b6-ae9b-b7fad63837c3,other,2
41a7370a-98c5-475d-bc58-1f329ecc6ff7,ocd-vote/2715c846-b4a6-41b6-ae9b-b7fad63837c3,no,9
1b6d1f15-566d-434e-993d-82033330623f,ocd-vote/2715c846-b4a6-41b6-ae9b-b7fad63837c3,yes,13
5dc0eecf-4206-4310-bce9-46bc1a3f46b9,ocd-vote/028cfdcf-0218-4bf8-9138-14ccdbfaa956,other,39
8f631fd3-e8f2-477d-ba76-54c494d145ad,ocd-vote/028cfdcf-0218-4bf8-9138-14ccdbfaa956,no,158
3ad93530-8d23-4097-96f0-6e6a76d0ca7b,ocd-vote/028cfdcf-0218-4bf8-9138-14ccdbfaa956,yes,198
65047ab9-375d-4262-a90e-b6e8a02d2042,ocd-vote/d1004492-4fea-467a-b612-9bf4e6c93cec,no,0
8ec4fb46-796b-4265-b7f9-eff626bc12f0,ocd-vote/d1004492-4fea-467a-b612-9bf4e6c93cec,yes,24
c29b9b88-98d0-4035-aa7a-e62068cb57df,ocd-vote/d65e1568-c0b6-41d3-a117-ea4d249886ed,other,30
730eff03-fd94-4ec6-8a84-0a70c8ab4c65,ocd-vote/d65e1568-c0b6-41d3-a117-ea4d249886ed,no,276
6a5b2d20-9d43-47e2-b2c4-8fe65e097d92,ocd-vote/d65e1568-c0b6-41d3-a117-ea4d249886ed,yes,90
1c085038-0351-4409-b4de-ca25ba17f515,ocd-vote/59eeb8d9-a6f6-48df-b654-33e78df69a88,other,20
229c8e08-d5c8-484e-8ef6-8e8efae21859,ocd-vote/59eeb8d9-a6f6-48df-b654-33e78df69a88,no,180
a679c73f-2419-4ec8-a839-c08bbde810e2,ocd-vote/59eeb8d9-a6f6-48df-b654-33e78df69a88,yes,197
17b82e88-1ce7-427e-b002-0f16fb9cc725,ocd-vote/c153488c-3fe4-4329-9483-3d94a2b5ed5e,no,0
0885b92d-00a5-4ebc-9b28-01004718b43e,ocd-vote/c153488c-3fe4-4329-9483-3d94a2b5ed5e,yes,24
10664f1c-672a-4356-99ea-55a985b11a27,ocd-vote/8fd65289-fb4a-4358-8ffa-d8e26af442ed,other,46
0866a3cb-72c6-4765-9764-07ca31169c33,ocd-vote/8fd65289-fb4a-4358-8ffa-d8e26af442ed,no,147
466f22e2-46ac-4f05-8a0c-347abef0984b,ocd-vote/8fd65289-fb4a-4358-8ffa-d8e26af442ed,yes,203
8d88b31a-2a97-4873-8311-6e4ba1a741ab,ocd-vote/802076a3-37e0-4c20-838b-ac5d26fa69f8,other,22
780ed463-6c74-409d-aa45-af6feadfb3a3,ocd-vote/802076a3-37e0-4c20-838b-ac5d26fa69f8,no,199
e4600eae-0a28-4fdb-9a36-d661afef1051,ocd-vote/802076a3-37e0-4c20-838b-ac5d26fa69f8,yes,175
95702976-ea29-4f51-9516-5c637fd4b66f,ocd-vote/ccfa04db-f15d-4f6a-8523-1ac9879dfcd7,other,18
604c9304-979a-44ee-a18c-91dd84899e9e,ocd-vote/ccfa04db-f15d-4f6a-8523-1ac9879dfcd7,no,169
59bfe960-fdf0-49bd-9f09-71790b2f8319,ocd-vote/ccfa04db-f15d-4f6a-8523-1ac9879dfcd7,yes,208
01305dd0-8d46-449c-bb37-46fa37d3ebfd,ocd-vote/3f32faae-2286-44d8-9389-a199e22f29d8,no,10
3e5c20f6-71e9-4c99-8f55-2df55e681a22,ocd-vote/3f32faae-2286-44d8-9389-a199e22f29d8,yes,14
0757d091-17ea-484a-8a9c-f1eca2cf87ad,ocd-vote/13a38ec8-5d26-4c48-95f1-a2624a75dd2f,no,0
e83a96ce-c94f-4a60-8de3-8a63430782f7,ocd-vote/13a38ec8-5d26-4c48-95f1-a2624a75dd2f,yes,24
8c04e032-1a39-4fc1-8985-48df50548bd4,ocd-vote/652fd044-fd58-4436-9a4c-e3c1bd9aa585,other,25
29001274-6dda-4ed3-af9f-69b3c564b4f5,ocd-vote/652fd044-fd58-4436-9a4c-e3c1bd9aa585,no,197
b01e0bc6-45ac-4fe3-9962-5d361781d317,ocd-vote/652fd044-fd58-4436-9a4c-e3c1bd9aa585,yes,174
4f644ed8-e402-4131-8cd5-c4b7ed14ce05,ocd-vote/daff5761-b025-4fec-86f0-c891310cf863,other,18
d0822c8b-f033-4d94-b74f-50c864738770,ocd-vote/daff5761-b025-4fec-86f0-c891310cf863,no,194
b7a72d95-852e-45c4-92b2-c7f734e4c2d7,ocd-vote/daff5761-b025-4fec-86f0-c891310cf863,yes,184
4f3b6f77-28da-49f0-af25-d3cc01081bd1,ocd-vote/cdf98928-7802-4383-9634-70a99eac26f3,other,17
7edaf1cd-773f-40e3-8902-9cfe3c7eba1e,ocd-vote/cdf98928-7802-4383-9634-70a99eac26f3,no,172
5d4c1c73-7bfb-4682-94de-61f0a610c421,ocd-vote/cdf98928-7802-4383-9634-70a99eac26f3,yes,208
a185f72c-ebf0-4887-85cb-78ad07549db0,ocd-vote/91d1f023-5287-4766-9517-f93802727cc6,no,0
a813a5e7-abf7-4a1c-8ccb-a6d11f915d0f,ocd-vote/91d1f023-5287-4766-9517-f93802727cc6,yes,24
6e7fc3e4-f368-4c81-a4cf-c7a8ea1ccf5d,ocd-vote/a4d2a643-f5ea-4177-8736-e301c75aae18,other,1
6bb2ae51-77eb-4f3d-8d37-c8be3d4c3fb0,ocd-vote/a4d2a643-f5ea-4177-8736-e301c75aae18,no,10
7d8618c7-5060-45ce-8308-49197f91fdf7,ocd-vote/a4d2a643-f5ea-4177-8736-e301c75aae18,yes,13
c0b9c556-f872-4107-b28e-6f963941379c,ocd-vote/ef146880-8bd4-468a-a23b-b8552503c64c,no,0
efe0d6f4-b875-42ba-8456-80d0247930bc,ocd-vote/ef146880-8bd4-468a-a23b-b8552503c64c,yes,24
fe59061e-84ad-41b3-9e0a-1ce4f4ce2341,ocd-vote/b833a41f-a93a-4b5c-907f-9108d81546a5,other,49
c18828b4-55c5-4f6c-b9f4-1f64021a7ad5,ocd-vote/b833a41f-a93a-4b5c-907f-9108d81546a5,no,149
263be54b-86e4-484e-ac1e-068bb229a5c1,ocd-vote/b833a41f-a93a-4b5c-907f-9108d81546a5,yes,198
61bb8803-ad16-4522-8c63-4dbc8e37c477,ocd-vote/4af02ca2-4eb2-43d0-a807-661766c311ce,no,0
3720ee38-b81e-4a07-b379-453f1d55df81,ocd-vote/4af02ca2-4eb2-43d0-a807-661766c311ce,yes,24
60e523b5-8038-46a5-afcb-85787f18549d,ocd-vote/96ad0d33-d95f-4df0-8184-b9e2fb536c5d,no,10
b36bc092-9623-41d9-a0ee-4a8b49cb5aee,ocd-vote/96ad0d33-d95f-4df0-8184-b9e2fb536c5d,yes,14
9003b8b4-e985-433b-9c47-7cc460b2ae22,ocd-vote/b566e0d7-d8e8-400e-a66c-58b5aa0e72ac,no,0
e0301bf6-382c-4b92-a080-14f080a39bca,ocd-vote/b566e0d7-d8e8-400e-a66c-58b5aa0e72ac,yes,24
3ca06fb9-1936-46c0-aa51-d68c59baef0f,ocd-vote/66b09006-fdf2-4de2-bc11-06d1358870f1,other,55
3d1e5092-74a3-42e4-b265-f4bd43387872,ocd-vote/66b09006-fdf2-4de2-bc11-06d1358870f1,no,137
3c62ba6d-967e-44aa-b989-a41e2b3ad011,ocd-vote/66b09006-fdf2-4de2-bc11-06d1358870f1,yes,203
2ba5cf55-421e-40cd-a2e4-ced643e837bd,ocd-vote/100198b0-9b8d-4e41-be36-8b921a99d388,no,10
5715fc35-873b-4dae-8e6c-8ee1ce4fb4f0,ocd-vote/100198b0-9b8d-4e41-be36-8b921a99d388,yes,14
c168b1e8-5cbc-4c00-97f6-ad3d74582212,ocd-vote/8f9d754b-7887-4c81-9715-fe74d6ab25bc,no,6
2c431e7c-560a-489a-b44c-a881174015ad,ocd-vote/8f9d754b-7887-4c81-9715-fe74d6ab25bc,yes,18
af7db851-e20e-4c37-8dea-de80d97c033d,ocd-vote/6641993e-0c66-4304-a50d-b11557e9b23f,no,3
6e45e5c4-317d-4f91-b4af-bdd6f481c83c,ocd-vote/6641993e-0c66-4304-a50d-b11557e9b23f,yes,21
930c43b2-44e6-4143-9768-c9fe82a5051d,ocd-vote/29e5c202-31d5-4035-b1fe-25f7466d4ed6,other,56
54530e4c-c403-4016-8540-138de73d5b35,ocd-vote/29e5c202-31d5-4035-b1fe-25f7466d4ed6,no,6
6520328a-af6b-438c-9962-a4009eeafb86,ocd-vote/29e5c202-31d5-4035-b1fe-25f7466d4ed6,yes,333
d35e2de2-fdcb-40fa-8ded-9929d306974a,ocd-vote/a1e24c01-f55e-41d0-ac99-ce0839ad640b,no,0
ffa17318-ba6a-4fa3-a3e1-668067c373a9,ocd-vote/a1e24c01-f55e-41d0-ac99-ce0839ad640b,yes,24
d52a573a-506f-4f1f-b1eb-d5bc705d6133,ocd-vote/462a0c6e-3f6a-459b-a811-47a8a8483836,no,0
c921c5e2-ec23-4b89-90c0-f29e24a2e127,ocd-vote/462a0c6e-3f6a-459b-a811-47a8a8483836,yes,24
b61f4f14-cf64-4364-8c5c-ea7fb440309e,ocd-vote/90467282-d897-452c-824d-5b11ad094fd8,other,48
c8562e58-76cf-4c02-b779-c0cc592d5e50,ocd-vote/90467282-d897-452c-824d-5b11ad094fd8,no,150
f6ee7938-887c-4d07-9da4-fc37719a732a,ocd-vote/90467282-d897-452c-824d-5b11ad094fd8,yes,198
fde29779-81ee-4f01-a6b3-707f8ddee92c,ocd-vote/6551fe6f-7c36-4d19-be31-7fecf988a0cf,no,0
703ee018-d499-4e35-99d2-413ca7725910,ocd-vote/6551fe6f-7c36-4d19-be31-7fecf988a0cf,yes,24
bb6d1453-8fe3-464d-9917-52da58df215e,ocd-vote/b32684ec-227f-49b9-a0e8-689172c0332d,no,10
c377de45-35d2-40c1-8fa5-8424b194f559,ocd-vote/b32684ec-227f-49b9-a0e8-689172c0332d,yes,14
b44768ff-6ec2-4dbd-9f0c-17a1d83243fc,ocd-vote/e77731b2-a410-41cb-b816-31030c30737c,other,17
fff79efe-8cc0-4776-9174-37dbd11e21eb,ocd-vote/e77731b2-a410-41cb-b816-31030c30737c,no,204
1f3ecb1d-d7a0-4de2-ae24-1961cacb6eba,ocd-vote/e77731b2-a410-41cb-b816-31030c30737c,yes,175
97987499-1572-4882-9c84-6b13b587e4d2,ocd-vote/63fbbe1e-bc37-4c17-9cdc-b37fcee45467,other,39
695b8878-91a9-492d-9718-1bfb42c1630c,ocd-vote/63fbbe1e-bc37-4c17-9cdc-b37fcee45467,no,101
6af6b63e-a734-4c9c-aef2-f9e7b74a8a5f,ocd-vote/63fbbe1e-bc37-4c17-9cdc-b37fcee45467,yes,255
918acde2-53de-401e-841f-b749692ffb79,ocd-vote/5f3d5526-3367-43f9-b3e8-2c4c08e1351d,no,0
4ea71b69-dd67-4351-ac23-f5c55027d720,ocd-vote/5f3d5526-3367-43f9-b3e8-2c4c08e1351d,yes,24
454dbee2-406f-47f2-a777-7580a00a275c,ocd-vote/96b67d05-faaf-4c24-b15f-ad24585d0b06,no,12
754cfb5f-b2ae-49a4-b55a-e7ea10447157,ocd-vote/96b67d05-faaf-4c24-b15f-ad24585d0b06,yes,12
b0cb24a2-7f72-479a-b8d3-e56ed5544dab,ocd-vote/510dcc7e-14f4-4116-ac39-3cef3585cf91,no,10
0b16c9ab-5dfa-4bbd-b7f9-093b1f7d9465,ocd-vote/510dcc7e-14f4-4116-ac39-3cef3585cf91,yes,14
5628ed10-e0d3-4e3c-9459-5b396f851973,ocd-vote/2557aac2-de00-4101-a77d-790cc4ce8e55,no,0
b8021768-d897-466e-8d54-2104d79a0b49,ocd-vote/2557aac2-de00-4101-a77d-790cc4ce8e55,yes,24
d0bc1abf-56ab-4cb1-89af-a953d0264146,ocd-vote/e457594f-c0cd-4571-8d01-d8e30c3c8ee4,no,0
c1b538f9-33cd-4807-b535-c146940fcef7,ocd-vote/e457594f-c0cd-4571-8d01-d8e30c3c8ee4,yes,24
15340e93-70c1-4394-b7b3-86a90495fc6e,ocd-vote/58ca0ed9-efb7-4c05-91a4-04d31c46dfa0,no,13
52659358-4a87-43f6-b7bb-3dce9f5cf2c2,ocd-vote/58ca0ed9-efb7-4c05-91a4-04d31c46dfa0,yes,11
a22b0102-b020-4e15-a5a7-a1b9d40a2fff,ocd-vote/61eac871-d6dd-4977-9ab2-8f43e2faf923,no,0
83f2f1b1-e6bf-43a9-b459-9f4c39a12c1c,ocd-vote/61eac871-d6dd-4977-9ab2-8f43e2faf923,yes,24
6dd523a8-6e4b-41a9-9cfc-3207194e97e6,ocd-vote/6cf8ca00-a425-4ab4-bef6-a7fe27d1f63b,no,0
c4663837-b345-4381-a0f3-3c53bff2d098,ocd-vote/6cf8ca00-a425-4ab4-bef6-a7fe27d1f63b,yes,24
ba01a561-66f2-48e9-8144-a01dec102a01,ocd-vote/1e9cfa2d-f9a3-4bfa-b030-0608680c9740,other,1
9d7bb9ee-ec81-4185-ac87-f3674b65bfa1,ocd-vote/1e9cfa2d-f9a3-4bfa-b030-0608680c9740,no,8
217e7502-28b3-488c-95b5-40c5fc0229ed,ocd-vote/1e9cfa2d-f9a3-4bfa-b030-0608680c9740,yes,15
7dceebdb-20be-4da2-8ef6-5a5ff1b13fc5,ocd-vote/4c1f1f80-19bf-4f2f-8ea6-f620581d28f2,no,4
c9f4e719-28aa-4a30-bd86-b7a0637d861d,ocd-vote/4c1f1f80-19bf-4f2f-8ea6-f620581d28f2,yes,20
745909cd-e805-4c9d-b842-7ea90490d326,ocd-vote/f7eb0761-fd0c-4f55-ae03-1f2bf4b687dd,no,7
836dbcce-7c4b-46ae-980b-52f7bdbcbf0b,ocd-vote/f7eb0761-fd0c-4f55-ae03-1f2bf4b687dd,yes,17
401ca6c5-e720-4117-aea5-4bef47cc0842,ocd-vote/fe736a1a-2512-48e7-bf14-d0c884277893,no,0
4a475eb2-357e-4aa2-b4e8-695b25d6a857,ocd-vote/fe736a1a-2512-48e7-bf14-d0c884277893,yes,24
b8cb5916-5877-43cc-9322-be4a485995cc,ocd-vote/dd0cf4e3-a863-4ebe-b71c-b9015c5f1639,no,10
41bf77c4-fb6f-45c4-85dc-b3ee8f3facde,ocd-vote/dd0cf4e3-a863-4ebe-b71c-b9015c5f1639,yes,14
2e9d492f-0b4d-4b0b-917c-30b9fc3c1395,ocd-vote/9d635fe1-f857-4444-bf33-7789fe54cad9,no,12
8055f79f-8b85-426d-b9af-cb7c79e3e83d,ocd-vote/9d635fe1-f857-4444-bf33-7789fe54cad9,yes,12
f19e6e26-243a-4939-a0b6-66097489e160,ocd-vote/af9a5089-096b-4938-a6cc-da33449c1e42,no,10
4c449361-7041-464e-963b-953485372c57,ocd-vote/af9a5089-096b-4938-a6cc-da33449c1e42,yes,14
0702ddd1-f7b6-4e7b-9123-fcc4b728fe82,ocd-vote/9b11060c-32a5-4b82-bab5-f4481697ab3f,other,1
9d42f2d1-57a6-4fa5-bd03-5d3d7a762466,ocd-vote/9b11060c-32a5-4b82-bab5-f4481697ab3f,no,2
c42cbf86-a48a-4089-a9e4-09c700090266,ocd-vote/9b11060c-32a5-4b82-bab5-f4481697ab3f,yes,21
aa05aa05-b8ff-4ee9-81df-fbb61b58a610,ocd-vote/db267990-9f69-40f1-a941-3ceca4e97ca0,other,15
616cf762-1c31-4dd0-bdac-6e07b90455ff,ocd-vote/db267990-9f69-40f1-a941-3ceca4e97ca0,no,201
1ec566a7-c078-4752-baa3-f45c0b508821,ocd-vote/db267990-9f69-40f1-a941-3ceca4e97ca0,yes,180
ba1b68b7-fdbc-4062-bde2-b2f9848d30d1,ocd-vote/df0ab8da-673e-4e8a-a85f-48c138fb9982,no,0
29c1010b-c270-4515-bcfd-2dbcdfe9627f,ocd-vote/df0ab8da-673e-4e8a-a85f-48c138fb9982,yes,24
194010fd-df2e-4a8e-aeb5-611d8163bfe1,ocd-vote/08e04752-3177-4160-ac01-a7f5a162033f,no,0
1b3dc23a-2e45-4ab0-9d13-d68d04346fc5,ocd-vote/08e04752-3177-4160-ac01-a7f5a162033f,yes,24
b2c808cf-6751-4708-99a5-ef641660d6db,ocd-vote/e3f47aaa-98df-4ac0-9ab4-9891d6eabe46,other,34
4383a81a-88e4-456b-b0e2-c714c970f395,ocd-vote/e3f47aaa-98df-4ac0-9ab4-9891d6eabe46,no,187
1178e6a2-afbd-4b02-a3bd-c09b300fd811,ocd-vote/e3f47aaa-98df-4ac0-9ab4-9891d6eabe46,yes,171
c5576b47-d27b-411d-947e-2c75ed7ff75c,ocd-vote/86e09200-fcde-4318-9a4e-1c3c531fdcfc,no,0
61668d8c-52ba-4800-bb8a-bb48b7c82d2a,ocd-vote/86e09200-fcde-4318-9a4e-1c3c531fdcfc,yes,24
069f6523-37ae-489a-ba9a-e058b049bba8,ocd-vote/7fb8979a-cc59-45d7-a459-6ff1c82fef54,no,0
ea10ea2d-428c-4016-b268-cf35abc34318,ocd-vote/7fb8979a-cc59-45d7-a459-6ff1c82fef54,yes,24
25cd1cda-87f5-4380-a97a-d8074d087cca,ocd-vote/386dd402-0cc7-4057-9552-0ef02c094fd0,no,0
4be357f7-3dd8-4394-906c-8009d27285cb,ocd-vote/386dd402-0cc7-4057-9552-0ef02c094fd0,yes,24
50772920-a96b-4b09-b3c1-f51886b96993,ocd-vote/cd6cc7de-0be4-4347-b445-604fcfa8d13c,no,0
3a205c8f-1dc1-47f8-aa5d-6d889b388800,ocd-vote/cd6cc7de-0be4-4347-b445-604fcfa8d13c,yes,24
2f103a20-3503-4fcf-8888-ee78eef0481a,ocd-vote/5097a97a-2b73-4af9-a66b-459ce4e40935,no,13
8f86a4db-ad2b-4ccb-a65b-e3fb2a94308d,ocd-vote/5097a97a-2b73-4af9-a66b-459ce4e40935,yes,11
4d6fe6f0-b03f-4ea9-8a23-db117cfc5c53,ocd-vote/1865001e-764e-4d00-b570-7fdba0f89c0d,no,10
3318f852-7bec-4f89-8eae-c67df433a41b,ocd-vote/1865001e-764e-4d00-b570-7fdba0f89c0d,yes,14
91e4a62f-18d7-4422-9c90-e64a8fd12c6a,ocd-vote/d24b4d39-a403-40f1-a420-4de11ce2ca91,other,47
5e6a1a78-da83-4fb6-96ac-0e684f0d5f3c,ocd-vote/d24b4d39-a403-40f1-a420-4de11ce2ca91,no,89
14689abd-7f34-4d80-ad06-e2d19bb473d8,ocd-vote/d24b4d39-a403-40f1-a420-4de11ce2ca91,yes,260
01cdbea7-77d1-4e27-ac05-5a3320b14ffe,ocd-vote/940b94fc-03ab-4d5c-9806-17f26fcf2558,other,14
9f521020-170a-4e0b-a46e-fadf373fa210,ocd-vote/940b94fc-03ab-4d5c-9806-17f26fcf2558,no,178
5b4531a7-7917-4ba0-826c-c4b268a2d9e6,ocd-vote/940b94fc-03ab-4d5c-9806-17f26fcf2558,yes,204
fd90a3e4-6071-469f-bf5a-6ba340696b63,ocd-vote/43c70866-2e92-405b-8bb5-2c48fd5dab1c,no,0
ae661de5-bfa5-418e-b764-720eca131d11,ocd-vote/43c70866-2e92-405b-8bb5-2c48fd5dab1c,yes,24
ae26fc9e-8469-41f7-87bf-19225192949a,ocd-vote/7ef1878e-0b35-4bad-a626-6e9bdbe73289,other,1
62bf287a-f2a6-433b-b13c-e86c4a55129d,ocd-vote/7ef1878e-0b35-4bad-a626-6e9bdbe73289,no,14
2d1209e2-9c6d-4649-b875-6293ef9e9eba,ocd-vote/7ef1878e-0b35-4bad-a626-6e9bdbe73289,yes,9
9b59523a-6da3-41a0-9cd5-9e90e21bd9f7,ocd-vote/96f57a5c-c6e5-40d4-84b7-ac4e10aad6a5,no,10
39d4bc90-80d4-46ae-a023-974d6dfc6cef,ocd-vote/96f57a5c-c6e5-40d4-84b7-ac4e10aad6a5,yes,14
d09a3004-607e-4754-b95a-9332e2ad9bf3,ocd-vote/71984d66-8135-4577-8b76-a46f5f0f7f7d,other,15
4d54cfcd-ed53-4201-abe5-4b20592ba60b,ocd-vote/71984d66-8135-4577-8b76-a46f5f0f7f7d,no,201
c3b37c11-9370-467d-bef7-72feb5c39033,ocd-vote/71984d66-8135-4577-8b76-a46f5f0f7f7d,yes,180
a6e2370f-726d-41cd-bd59-4e2b93c73b2f,ocd-vote/ade54fac-09e7-4dbe-95a6-fa627e465baa,other,1
61213725-31f4-45d7-82bd-fbd2dee5bc3f,ocd-vote/ade54fac-09e7-4dbe-95a6-fa627e465baa,no,14
8a76918f-916a-472d-bd2d-30581001aad1,ocd-vote/ade54fac-09e7-4dbe-95a6-fa627e465baa,yes,9
a479faf3-6c5c-4a16-9d9b-0915c30d73cb,ocd-vote/67988c9f-e174-41be-bcb5-f38fe59e769c,no,0
3a66321b-f7ff-40d1-a3d4-58a7bd8fb10a,ocd-vote/67988c9f-e174-41be-bcb5-f38fe59e769c,yes,24
b89ed000-b98e-45ad-b1e7-41a9611bf97c,ocd-vote/f9591cbd-7d03-405a-92c6-73ce088a93e2,no,10
9547beba-932a-4591-b979-cbaf5f617da7,ocd-vote/f9591cbd-7d03-405a-92c6-73ce088a93e2,yes,14
ac7fb87d-c4df-4c73-99ad-573793f059f6,ocd-vote/846cd820-ae54-484b-bf6e-0d24bfdc3013,no,0
6645c6f0-d636-4895-80de-4f7f50d5c7ad,ocd-vote/846cd820-ae54-484b-bf6e-0d24bfdc3013,yes,24
f578f815-b158-4ef5-8140-a6f9edad9bd8,ocd-vote/c9bad04a-9a4a-4977-8dec-abe43946d432,no,24
605652a9-c506-498e-ae60-992f14dc15d5,ocd-vote/c9bad04a-9a4a-4977-8dec-abe43946d432,yes,0
528789e3-5c4d-47bd-88cc-755d9d3c893e,ocd-vote/3e7b4330-df3e-4afb-860f-242e03a2532f,no,0
c001806c-9fae-4f81-9616-64109d14f06d,ocd-vote/3e7b4330-df3e-4afb-860f-242e03a2532f,yes,24
21547f9e-3f3a-4de5-a5bd-d8b580ffc95b,ocd-vote/bcf51169-1423-402b-bc2f-b565e52e1ecd,no,12
00e24ef7-9640-4dfe-b14b-448b74ffe12b,ocd-vote/bcf51169-1423-402b-bc2f-b565e52e1ecd,yes,12
f9dd4205-a595-42e3-ad47-28ede18e7c3e,ocd-vote/763cffb8-833b-417f-860d-decac7bfec64,no,0
9a993454-0953-4cd6-8758-4edea16082d4,ocd-vote/763cffb8-833b-417f-860d-decac7bfec64,yes,24
05c12f1c-101e-494d-a053-fcffa33cf908,ocd-vote/435fbc08-3af4-4dbd-ab90-5a625d2b089c,no,35
d834abb5-fe9f-4898-8e6f-e32489605970,ocd-vote/435fbc08-3af4-4dbd-ab90-5a625d2b089c,yes,236
569050f4-503f-4fba-a7c5-2fcd2094fb47,ocd-vote/26a00bb1-56c6-4c4f-b35c-ac95ffed06df,no,5
73a4b732-b76c-4e01-93d2-ee6b5af6d84b,ocd-vote/26a00bb1-56c6-4c4f-b35c-ac95ffed06df,yes,19
7abaeb3a-21d7-4ada-a160-9038d56cbd6f,ocd-vote/ab330501-ee51-47bc-aeff-39306efe19bc,no,10
bf6cc517-15b3-4be3-ba5e-6f5210ab7ab0,ocd-vote/ab330501-ee51-47bc-aeff-39306efe19bc,yes,14
dfd97d04-21d5-41a7-b4f1-96f55ba72e3c,ocd-vote/03c11987-8ddc-41f5-8e2c-cce26d809d2e,no,9
4b5bcd1a-8781-4487-a89a-923f252aa1e9,ocd-vote/03c11987-8ddc-41f5-8e2c-cce26d809d2e,yes,15
8ca35b90-111e-4b47-b40b-54ade0a35621,ocd-vote/319c8890-b910-4957-8080-aafb150a9eda,no,0
30f97695-5921-4242-952f-c58c809230df,ocd-vote/319c8890-b910-4957-8080-aafb150a9eda,yes,24
0758c65c-3f2d-4081-95fa-8a80a0a9a0de,ocd-vote/ffc2e84e-1ad7-4fd2-a5a4-206b21bf016b,no,10
15843418-f7db-45df-83b4-19dc2f28fd2f,ocd-vote/ffc2e84e-1ad7-4fd2-a5a4-206b21bf016b,yes,14
7f665ba8-4c8f-4585-ae4a-9a019a3e1a39,ocd-vote/45208c1c-667d-44c7-8391-b4ca9846f652,no,0
fd0fbeaf-4378-4f23-846b-5232f01a75a9,ocd-vote/45208c1c-667d-44c7-8391-b4ca9846f652,yes,24
6f23e795-4dfa-4deb-9424-51fa9213da93,ocd-vote/d6f52b20-d1d5-45d7-944c-6ce29249db8b,no,10
85637ca3-f910-4794-9713-d28efdd04979,ocd-vote/d6f52b20-d1d5-45d7-944c-6ce29249db8b,yes,14
05eeeee8-eada-47c3-bde1-66ba3edcf501,ocd-vote/3f5466fe-3bc4-460e-b5a3-3cc1487ab35c,other,1
abaaf509-711f-476d-8e14-b6923a053d58,ocd-vote/3f5466fe-3bc4-460e-b5a3-3cc1487ab35c,no,14
6f711341-fb14-4395-9020-b236289a4754,ocd-vote/3f5466fe-3bc4-460e-b5a3-3cc1487ab35c,yes,9
486db91e-9d5e-4050-a79d-ed719b688dd5,ocd-vote/d8c42bac-c384-4a4d-afff-16ec92f83be3,no,0
1a7937e0-2f8f-4f2e-a776-5121238957cc,ocd-vote/d8c42bac-c384-4a4d-afff-16ec92f83be3,yes,24
f91e30ae-d4d1-4509-9403-934ad6a62b0d,ocd-vote/a68fe08d-460c-4397-9a56-73fd60dd6857,other,35
36c68bc4-0d6e-44c8-848b-2372f81c47ea,ocd-vote/a68fe08d-460c-4397-9a56-73fd60dd6857,no,155
1a8908c7-222d-45fd-8cba-1f6c93ee74d5,ocd-vote/a68fe08d-460c-4397-9a56-73fd60dd6857,yes,206
f77d75fd-7736-49a9-a6e2-a61fb95e129b,ocd-vote/5e414236-05b2-4195-8515-6b4f2d2eac88,no,0
23b1f780-09b4-43c9-a08f-cdd6a920bdc4,ocd-vote/5e414236-05b2-4195-8515-6b4f2d2eac88,yes,24
aad3c7cd-7fc8-4e62-ad1e-15ab39f9d1ed,ocd-vote/410eec99-e48a-4ce1-b0b6-e74c1d849ffa,no,10
692726cf-1490-4603-9b1c-ca343b60590e,ocd-vote/410eec99-e48a-4ce1-b0b6-e74c1d849ffa,yes,14
26cf82a1-16e0-45d6-9fcf-e33c9f11fe2a,ocd-vote/0e97ecfc-19cd-4eb6-b45a-04ec03a558a2,no,2
fae7080f-bfba-4941-9bd0-6512bb06024d,ocd-vote/0e97ecfc-19cd-4eb6-b45a-04ec03a558a2,yes,22
d0bb5401-1ff6-46ff-9145-311a32791567,ocd-vote/efa4f839-b0fd-4bee-ae99-3d23b5c2c909,no,14
d041a61c-44ff-4e3b-a599-2beb2b82c2fe,ocd-vote/efa4f839-b0fd-4bee-ae99-3d23b5c2c909,yes,10
4eeae91d-3d8a-484c-8321-c25d8858f7af,ocd-vote/c34cfce3-fded-4743-bb6c-6f09e5d84b5b,other,57
f4b46141-f686-4b86-be60-c5e1812b8fd4,ocd-vote/c34cfce3-fded-4743-bb6c-6f09e5d84b5b,no,159
340a1dc9-7094-4615-b6cf-280ba4f3fa58,ocd-vote/c34cfce3-fded-4743-bb6c-6f09e5d84b5b,yes,180
fd6ad36c-0b59-43f2-9d92-4ed854775155,ocd-vote/f234508f-55f0-477f-948d-f148f9e7171f,no,0
a62a7bbe-dee8-4352-9cdc-136e8eff9337,ocd-vote/f234508f-55f0-477f-948d-f148f9e7171f,yes,24
8e7e6dbc-a198-4db3-a82d-8244b4d37130,ocd-vote/e54fe2bc-ed07-4f9e-a95b-34449f7ce020,no,0
bb451327-fe1f-4d76-aa25-36b59ca5f97f,ocd-vote/e54fe2bc-ed07-4f9e-a95b-34449f7ce020,yes,24
37824387-4d9b-4638-8a7d-39ad726662a8,ocd-vote/04e99cc0-2b3d-47e2-8e23-f4ed4cc3e280,no,24
1ee32d79-e4e2-4328-b6f8-56ffb21b5fc6,ocd-vote/04e99cc0-2b3d-47e2-8e23-f4ed4cc3e280,yes,0
b9d5d3ce-4fb5-40b2-8495-3ee2f680fed0,ocd-vote/5f5e3846-53e5-49dc-928f-d46be2c83833,other,40
4de70d3e-a988-4087-8cb2-fbb2ce7bbc1c,ocd-vote/5f5e3846-53e5-49dc-928f-d46be2c83833,no,141
aa13c581-34ca-46eb-9942-761e36093612,ocd-vote/5f5e3846-53e5-49dc-928f-d46be2c83833,yes,214
87721e85-cbf2-4c63-aae5-5733eb9100ea,ocd-vote/48440a41-f96b-4364-af33-83d5ae4faad8,other,17
21969372-e0da-48a7-918f-6b4252ad2a4d,ocd-vote/48440a41-f96b-4364-af33-83d5ae4faad8,no,218
8b76d3b1-e3b4-4cef-a67b-23391d774d81,ocd-vote/48440a41-f96b-4364-af33-83d5ae4faad8,yes,161
d7889f59-3589-45b9-8bc7-57ef3825477d,ocd-vote/fd23db2c-185a-4d2c-bc07-d621f4552f2b,no,0
19111913-75e7-4924-8b76-f13f845e472a,ocd-vote/fd23db2c-185a-4d2c-bc07-d621f4552f2b,yes,24
263f82bb-2180-437c-9215-7af0c77f2926,ocd-vote/1a91b193-1813-4294-80ec-28d98e925665,other,1
e8c048ab-aaed-4996-98d5-b69fa8e13994,ocd-vote/1a91b193-1813-4294-80ec-28d98e925665,no,1
35962585-b8ba-480c-b686-2ec2646f5ca7,ocd-vote/1a91b193-1813-4294-80ec-28d98e925665,yes,22
75a93898-8a78-41f6-b7bf-98360beac9d7,ocd-vote/6e6e7bba-82a4-41ca-8eca-70f8a9c69961,no,11
5034d39c-93d0-40a6-9300-936d8d921d17,ocd-vote/6e6e7bba-82a4-41ca-8eca-70f8a9c69961,yes,13
96557970-61be-4bab-9842-e94088cf4c2a,ocd-vote/a8c9c180-366f-4e66-9ad9-9c817aba1a7a,no,0
e9eade67-c3d4-47a1-88aa-c3f87245e372,ocd-vote/a8c9c180-366f-4e66-9ad9-9c817aba1a7a,yes,24
4c247b09-2808-41a1-b7fe-52cbf3ac8b38,ocd-vote/2667ebaa-b4c2-43d4-943b-6808f6d0827b,no,0
9c218e3c-f89d-4e20-8bde-76cc358e457f,ocd-vote/2667ebaa-b4c2-43d4-943b-6808f6d0827b,yes,24
b8410456-2361-495c-a0ed-3731ae26f740,ocd-vote/06f35061-2dc9-4088-88ab-c0757f0539d1,no,1
74d1c453-a5c3-423b-a875-e554550fd70d,ocd-vote/06f35061-2dc9-4088-88ab-c0757f0539d1,yes,23
affa2efd-ee6a-413e-9ab4-e6d5ffae8fc9,ocd-vote/fd6e32ae-6aa9-4066-91bf-06d23607d6d9,other,12
906f904c-2f6b-4984-a461-fab235e01de9,ocd-vote/fd6e32ae-6aa9-4066-91bf-06d23607d6d9,no,208
af9c71a1-8ceb-48e1-a9cc-9e4d1ac55aab,ocd-vote/fd6e32ae-6aa9-4066-91bf-06d23607d6d9,yes,176
e2640e39-77e9-4dd5-a8e3-0198783e9d60,ocd-vote/fe1423c5-0d50-4fdf-81d3-90b39f95fce6,other,38
898e536e-761f-413d-88e9-d46771d858c5,ocd-vote/fe1423c5-0d50-4fdf-81d3-90b39f95fce6,no,114
fc219ce7-0d38-40e0-a5eb-e407372f1761,ocd-vote/fe1423c5-0d50-4fdf-81d3-90b39f95fce6,yes,243
23f3c654-0a8a-45e8-9dc0-1f174f0cf0b9,ocd-vote/67642515-7777-4e50-9de0-7270325d4703,other,16
77b191d2-4807-46ed-b5e8-67ee9ba1c5ff,ocd-vote/67642515-7777-4e50-9de0-7270325d4703,no,206
92f2104e-020e-4d5a-903d-7a7466993adb,ocd-vote/67642515-7777-4e50-9de0-7270325d4703,yes,174
be2de2f6-7061-49f7-9bf5-91e2cc9d5671,ocd-vote/e6903386-df3d-4360-a6f0-1c863f7ebaf6,other,1
d1c1807e-1e23-4af6-a965-c7ad71047dbb,ocd-vote/e6903386-df3d-4360-a6f0-1c863f7ebaf6,no,14
07415b70-3b51-48f2-b12b-09974a66c777,ocd-vote/e6903386-df3d-4360-a6f0-1c863f7ebaf6,yes,9
680eeee8-71a2-4a8d-8a25-7b91c8c2a446,ocd-vote/4ecb7074-5212-4921-9ac4-03612b11b452,no,17
c7da1de7-e090-479a-b452-8f4c85320c5b,ocd-vote/4ecb7074-5212-4921-9ac4-03612b11b452,yes,7
8f8054a0-357f-4e69-8ec0-3ff9317babc3,ocd-vote/0efddb4b-0dc4-4684-a32d-981ffa69dd5f,no,10
66dfc5fa-b690-449a-98f8-34a9e6858bd3,ocd-vote/0efddb4b-0dc4-4684-a32d-981ffa69dd5f,yes,14
7bcbe0ee-1ea6-4d82-ad54-24b0efc08bdc,ocd-vote/319efe55-1332-4099-b279-c8be672f2f94,other,36
b61ff639-64ea-42d7-b884-58788aaf1408,ocd-vote/319efe55-1332-4099-b279-c8be672f2f94,no,162
477e41de-f75d-41c3-9c0e-6416018fe4bf,ocd-vote/319efe55-1332-4099-b279-c8be672f2f94,yes,198
2ccbeaa9-2356-428a-b1e8-fdfb27c4c810,ocd-vote/a788fc6b-d9ec-45f1-9996-7f5daa6123ca,other,166
2f2fbb13-c7cc-4e07-a971-31095fe98671,ocd-vote/a788fc6b-d9ec-45f1-9996-7f5daa6123ca,no,184
b7b490b1-52ae-435e-92f7-4e65a2bdeeae,ocd-vote/a788fc6b-d9ec-45f1-9996-7f5daa6123ca,yes,45
dea68959-26f7-4f02-993a-04c307b82db7,ocd-vote/8ddf11ee-3a71-40f5-a6ba-7e483948435c,no,14
f1e0cf9a-ac7a-4344-9fef-48a70fcca57b,ocd-vote/8ddf11ee-3a71-40f5-a6ba-7e483948435c,yes,10
2647678b-0322-4200-b94b-04b633a56c42,ocd-vote/ce709b06-b9b7-4a1a-9ebf-b3007fef4674,other,21
a9f87e5b-5a2c-4395-8fa5-97a081ec27b1,ocd-vote/ce709b06-b9b7-4a1a-9ebf-b3007fef4674,no,177
8c2616b3-ce79-42ae-a506-d47d0fbf9127,ocd-vote/ce709b06-b9b7-4a1a-9ebf-b3007fef4674,yes,199
9758cea0-2bcc-43f4-9727-baddf407cd45,ocd-vote/fecc4250-8eb5-41d5-be49-c5abeed823f2,no,0
6356cf70-79b3-4df3-a900-932dde8a9d41,ocd-vote/fecc4250-8eb5-41d5-be49-c5abeed823f2,yes,24
dd9199ad-4c7e-4e8c-a130-166c8a1b8dbe,ocd-vote/afce7f3e-f8df-4558-9908-209fb26a99fb,no,0
6cc01516-a3f6-4779-9683-c82183c07ca3,ocd-vote/afce7f3e-f8df-4558-9908-209fb26a99fb,yes,24
f4db6b21-552d-4826-8c14-8f8eca5a76d9,ocd-vote/c403cca8-2c01-4f6b-ac70-b490b36193de,no,6
e1c08525-d9a8-4533-a5e6-57c66a83b9bc,ocd-vote/c403cca8-2c01-4f6b-ac70-b490b36193de,yes,18
3778b992-b65c-4c4a-bd24-185c08b1556e,ocd-vote/77d54681-2b53-4bed-963a-2f78cd585fef,no,0
e1143854-1ac7-48d7-ae0c-e879a0ed6e83,ocd-vote/77d54681-2b53-4bed-963a-2f78cd585fef,yes,24
0b905815-95af-4261-bffb-194ff2dafba7,ocd-vote/3d67a328-c12a-4419-8903-0f7c623dfc7c,no,10
14b53102-3b06-436b-aa7d-d305971fa3e0,ocd-vote/3d67a328-c12a-4419-8903-0f7c623dfc7c,yes,14
583124c3-e09b-4517-81eb-4ce8edb92991,ocd-vote/4ba1101c-bfec-4d90-9fc8-5c160b97d3c5,no,0
d7d4e6f3-6c3f-4f28-aeef-dd91639a814e,ocd-vote/4ba1101c-bfec-4d90-9fc8-5c160b97d3c5,yes,24
0fc9152f-e5ff-4f14-9daf-33c7a5600d88,ocd-vote/b14aaed9-ccd5-4f16-a6c3-68bcca53d555,no,10
7ef882e4-c18e-4e1b-a2d3-dde4b0cf9b21,ocd-vote/b14aaed9-ccd5-4f16-a6c3-68bcca53d555,yes,14
468e93fc-a6ad-46c6-9403-ec5572d3be8a,ocd-vote/534c4c37-f5aa-4b6f-9e02-5d000d3acc1c,no,0
6fc6854b-894b-41ab-a8de-cf3928d81f99,ocd-vote/534c4c37-f5aa-4b6f-9e02-5d000d3acc1c,yes,24
3b15b0ac-819c-4f57-9324-b5736c7f989a,ocd-vote/d256dba0-bace-441e-8a9f-54acd6d64606,other,25
ca4fc8b7-bad4-473e-a2f8-d1c69ef86967,ocd-vote/d256dba0-bace-441e-8a9f-54acd6d64606,no,174
ba401307-dcfc-4995-8a96-4c29ac91332a,ocd-vote/d256dba0-bace-441e-8a9f-54acd6d64606,yes,195
a063dc3a-eecc-4cf3-b2d2-4134b8397be7,ocd-vote/981ae09d-1a18-4baa-b571-fabff58bf9a8,no,14
1a90977c-4056-43d2-b05b-b595ec03011c,ocd-vote/981ae09d-1a18-4baa-b571-fabff58bf9a8,yes,10
ff068f9f-4a2a-40ea-b5bb-aab9c7f74412,ocd-vote/066baac6-26cb-4c09-9df8-d17b736303fb,no,0
eccd55ff-a1fd-4c4a-80c6-2e3154af36e5,ocd-vote/066baac6-26cb-4c09-9df8-d17b736303fb,yes,24
fd13ec25-db26-4259-8eac-2496046e20af,ocd-vote/162ce1aa-8d05-481f-ac37-aa89785b8047,no,24
8628eb68-e4d0-4803-80eb-a293bc6587ff,ocd-vote/162ce1aa-8d05-481f-ac37-aa89785b8047,yes,0
b36f9c10-a5bf-4d93-a020-c2e64bf9cf15,ocd-vote/4da0c9b2-f0bd-45ec-b335-600ff2d9c97f,no,0
5845202e-0443-4734-9120-b5b360e8ade7,ocd-vote/4da0c9b2-f0bd-45ec-b335-600ff2d9c97f,yes,24
ff989ed2-639b-43bc-bae8-e1e8037c1298,ocd-vote/471791cf-d4a4-46e4-aed7-35fb4861a91a,no,0
26fcd025-88ea-4ec6-970f-709af0ecf58d,ocd-vote/471791cf-d4a4-46e4-aed7-35fb4861a91a,yes,24
25dc4fc7-e567-4b14-bb07-d0fe36ba4d0c,ocd-vote/9aa15981-aff0-4996-9328-85b7f219bfb3,no,1
38fd9daa-e9a3-4c58-9f82-8dc7aa8bbd95,ocd-vote/9aa15981-aff0-4996-9328-85b7f219bfb3,yes,23
fe37d4fc-d59f-478d-b99e-b01758144acf,ocd-vote/fadad566-de13-4d9e-883c-42f38ead883f,other,1
d759560d-1641-407e-a383-07bbf38be72d,ocd-vote/fadad566-de13-4d9e-883c-42f38ead883f,no,14
4954bb03-0b00-4d89-9859-e22fffdb3cb3,ocd-vote/fadad566-de13-4d9e-883c-42f38ead883f,yes,9
a33800ee-d881-45aa-a039-c9c752240a86,ocd-vote/166c0dce-f8ce-4735-b1bb-c9b9abdb2b17,no,0
bc159540-e0ab-4509-b3c9-fa2296f95a86,ocd-vote/166c0dce-f8ce-4735-b1bb-c9b9abdb2b17,yes,24
6e97249e-57a3-45f2-aba8-1894cfcad8fa,ocd-vote/945df5cf-4448-4faa-a31b-f2b1bc4a6601,other,1
eb23d0b3-2eec-4bfd-a45c-81d603ba5ad7,ocd-vote/945df5cf-4448-4faa-a31b-f2b1bc4a6601,no,0
d25698ca-89ef-4c21-8562-53d1431bf4e9,ocd-vote/945df5cf-4448-4faa-a31b-f2b1bc4a6601,yes,23
eb792771-c212-429a-adde-1abf4aba2c6d,ocd-vote/d77100d3-7fd6-4847-8448-36a05f3e0350,no,1
5acc7a74-36d6-44b2-bfb3-8899d992da3b,ocd-vote/d77100d3-7fd6-4847-8448-36a05f3e0350,yes,23
5bbc6d0d-4808-416d-bdb0-2c87a353a5e1,ocd-vote/c15652e0-06a2-4e64-8ec7-d04a84573539,other,24
621e1380-1427-4415-8abe-3e97b4afae70,ocd-vote/c15652e0-06a2-4e64-8ec7-d04a84573539,no,168
4c81c4ca-896d-4aa8-a473-90c8f56cc828,ocd-vote/c15652e0-06a2-4e64-8ec7-d04a84573539,yes,204
bd55e111-0e15-409c-bf8a-c22880f615bb,ocd-vote/35cd6d03-6598-4975-b104-b7ec5607aef3,no,8
b2c69f53-5ada-41fb-9e19-c368fcc7ef89,ocd-vote/35cd6d03-6598-4975-b104-b7ec5607aef3,yes,16
42feb14d-ce4c-47f1-ae13-0ba1a2eda6c5,ocd-vote/ba862b5a-e51a-4201-ab86-52110bd38935,no,14
83f18261-f551-47f8-a702-17739b98a915,ocd-vote/ba862b5a-e51a-4201-ab86-52110bd38935,yes,10
89d8b405-e90e-49c4-9e55-087e5a977251,ocd-vote/6fbe81da-fb28-4fb5-bdd6-521a3c125def,no,0
5baf5338-aa74-4a20-9aa9-4aebe1e200cd,ocd-vote/6fbe81da-fb28-4fb5-bdd6-521a3c125def,yes,24
07a71c3e-d7ae-486d-b7c0-a3b43cbc0008,ocd-vote/296901ee-150f-471f-8a43-bad3ae967487,no,10
69161224-42d6-49c6-b465-438f45bd7b42,ocd-vote/296901ee-150f-471f-8a43-bad3ae967487,yes,14
0e051acb-5836-4295-8607-b07bbe500da0,ocd-vote/ef5487bb-57de-40fd-989a-3d758e84668f,no,8
eb0f3080-34cb-4f5e-80bb-469189029d40,ocd-vote/ef5487bb-57de-40fd-989a-3d758e84668f,yes,16
8f7f3e94-e7cc-46d3-b70c-1f5c38539c19,ocd-vote/d383502b-4277-43f1-b359-1493c16747e3,no,0
729410ba-c645-4c6b-8409-7623e3fc0717,ocd-vote/d383502b-4277-43f1-b359-1493c16747e3,yes,24
474be958-c51a-4183-8425-aa94c8ca2edb,ocd-vote/693faa9d-d360-476a-a568-3615b1462cff,no,0
a13cd047-21f6-42d0-bb44-e061c2acd9ac,ocd-vote/693faa9d-d360-476a-a568-3615b1462cff,yes,24
207d5e11-8aa0-498c-877b-12598470430c,ocd-vote/734c2ce7-6175-466a-ad8b-2cb44b5a51b7,other,21
9ab8c53f-76d7-471e-80ac-ed9dc42f6691,ocd-vote/734c2ce7-6175-466a-ad8b-2cb44b5a51b7,no,207
dbafc2b2-08ad-4307-9e0e-ec8f48db2dcc,ocd-vote/734c2ce7-6175-466a-ad8b-2cb44b5a51b7,yes,168
08eaec22-0711-4203-8a91-b9cd23a9d6d4,ocd-vote/9ab41ef9-186a-4e23-8a82-5ad506584d8a,no,0
f2d90af1-632a-4a1b-af20-51d72ae55e4f,ocd-vote/9ab41ef9-186a-4e23-8a82-5ad506584d8a,yes,24
9607aca1-cae0-4ea0-9722-039beeedbc9d,ocd-vote/9bac56b9-85f7-492a-8f02-70a97b9781bd,other,42
4e0c7122-8070-455c-9a55-fdf1ccea7220,ocd-vote/9bac56b9-85f7-492a-8f02-70a97b9781bd,no,89
3b50d4f2-1feb-465a-a14c-09fdcc633b2a,ocd-vote/9bac56b9-85f7-492a-8f02-70a97b9781bd,yes,264
21a41368-d295-4ff5-b8f4-4240369da373,ocd-vote/05e29745-f24d-4c08-9dce-4d5eec4af19a,no,0
1568cd30-72cc-4dd0-a045-c6f52e42176b,ocd-vote/05e29745-f24d-4c08-9dce-4d5eec4af19a,yes,24
4bd3f0d2-d6f9-4d7d-b850-1a0a3d029b83,ocd-vote/e4ee5bf9-26a3-4c65-b4e6-c3b1ebb1d2a9,other,48
88087aad-044d-4cf6-8586-93e2b74c943c,ocd-vote/e4ee5bf9-26a3-4c65-b4e6-c3b1ebb1d2a9,no,156
6f9d0034-c808-4b1c-9708-a2b0ee6c000a,ocd-vote/e4ee5bf9-26a3-4c65-b4e6-c3b1ebb1d2a9,yes,192
9a93a802-adc1-4fec-89aa-aa68e975430c,ocd-vote/0ad8cb87-e583-4dae-90a9-2487fafc9c97,other,1
2e46bc54-5b96-45e6-845f-558534bbeebd,ocd-vote/0ad8cb87-e583-4dae-90a9-2487fafc9c97,no,0
3fe2abd2-ce76-4f13-b893-9f564dce1345,ocd-vote/0ad8cb87-e583-4dae-90a9-2487fafc9c97,yes,23
c14623ae-38a4-4ada-a1f0-05caa4fd9a67,ocd-vote/1379a65d-3f0f-4b5c-bf0b-33e161869091,no,5
56498891-0f81-40bd-b181-6b837bbfa2ab,ocd-vote/1379a65d-3f0f-4b5c-bf0b-33e161869091,yes,19
7f04e7e2-8d49-473f-a161-f5dd17b6e032,ocd-vote/0b7bb17e-7ab0-4f64-bc0d-77ba54ce37a4,other,22
77f8738c-f072-41fa-b05c-a407137811ff,ocd-vote/0b7bb17e-7ab0-4f64-bc0d-77ba54ce37a4,no,169
4bc8ec7d-1075-4f12-a970-313be4e7aecc,ocd-vote/0b7bb17e-7ab0-4f64-bc0d-77ba54ce37a4,yes,204
11479965-4ff6-4e87-b6e3-0b4ac49d5a8a,ocd-vote/2e354394-ee47-47ee-a388-83d3b7ff504a,other,23
22c28732-8bc2-4483-bea1-9f8f3f3c9c2e,ocd-vote/2e354394-ee47-47ee-a388-83d3b7ff504a,no,175
bfdf15fe-3cb3-4890-b296-4739cc9ad26d,ocd-vote/2e354394-ee47-47ee-a388-83d3b7ff504a,yes,197
b713ee9e-19e4-4e82-bca9-02ac634e94e4,ocd-vote/0926179c-a966-483a-a803-852ae204d794,no,0
3e601c6e-505b-4756-bbe4-70cea99653ce,ocd-vote/0926179c-a966-483a-a803-852ae204d794,yes,24
20377eda-7d29-4cb5-ae4f-c0cac9a1d916,ocd-vote/33314c52-8249-4221-a11e-0dae8fb409e0,no,0
62a85dd0-1510-4b2b-839b-ae2db97cb353,ocd-vote/33314c52-8249-4221-a11e-0dae8fb409e0,yes,24
09850456-db37-46d4-ad7a-35f9475e90b0,ocd-vote/4d8e500b-bdb3-441a-8412-ca127d93c140,no,10
6432a4d8-5ea3-46e4-81bf-a14f9fab2618,ocd-vote/4d8e500b-bdb3-441a-8412-ca127d93c140,yes,14
4c8543f9-5125-4741-b6f3-c9c8aa645543,ocd-vote/99fa1e3a-eb0e-4eef-9e49-25c9b01c2b28,other,28
3e270d5e-dddd-477e-be34-7a02f2482e1a,ocd-vote/99fa1e3a-eb0e-4eef-9e49-25c9b01c2b28,no,159
1962c9aa-a5c5-4104-9766-f4816b6ed11e,ocd-vote/99fa1e3a-eb0e-4eef-9e49-25c9b01c2b28,yes,208
9f57504a-7fe2-414a-bd3d-8663ec9dac42,ocd-vote/44799d8b-6f78-4eb9-b3b6-99f9c962ece9,other,14
632476a8-33cf-4757-a97a-d5c431468a08,ocd-vote/44799d8b-6f78-4eb9-b3b6-99f9c962ece9,no,207
8a2235e3-1678-482a-97b8-8f3b61c8d352,ocd-vote/44799d8b-6f78-4eb9-b3b6-99f9c962ece9,yes,174
d0d6bf5f-7c9e-4e47-9f22-c8dd54712657,ocd-vote/83e205e2-be0d-466c-926a-075bee9c8aeb,other,24
54548ed2-27c5-4aa7-a51d-9be6c045e136,ocd-vote/83e205e2-be0d-466c-926a-075bee9c8aeb,no,173
abbc306e-b4a0-4f7d-b5f2-bec4d18237fe,ocd-vote/83e205e2-be0d-466c-926a-075bee9c8aeb,yes,196
8cbfa977-4b0e-4d80-8348-0670cbd10b11,ocd-vote/aa63f164-7ca9-48e8-b9d3-ef7ca8b9333c,other,1
6b67cf97-ea00-4506-857a-778c62ef8866,ocd-vote/aa63f164-7ca9-48e8-b9d3-ef7ca8b9333c,no,0
6d886744-c3be-46a1-8fc2-e0fc2dd6047e,ocd-vote/aa63f164-7ca9-48e8-b9d3-ef7ca8b9333c,yes,23
d983ab44-3d8b-41b0-a67e-505123c87dc9,ocd-vote/794a3b23-a08f-49ae-b784-ba39ca7a5221,other,1
4f155dc4-cba3-4a3b-a291-b1a98b711562,ocd-vote/794a3b23-a08f-49ae-b784-ba39ca7a5221,no,10
92d9928f-faa2-4be9-909a-3f76e3a61b32,ocd-vote/794a3b23-a08f-49ae-b784-ba39ca7a5221,yes,13
1ee9b71e-fef1-40c1-b151-37fafc8845d7,ocd-vote/fd0d049c-1e90-4add-885d-59bdab7cd67c,no,10
cd72854b-cdb6-4d03-b05c-f8cf5bf576f8,ocd-vote/fd0d049c-1e90-4add-885d-59bdab7cd67c,yes,14
0451ffb7-e32e-45ec-b94e-751e5d606293,ocd-vote/2d10db76-cb79-4f83-be99-0e090dcf44ae,other,2
ade5bdce-f1d9-4908-b429-8a693157a07c,ocd-vote/2d10db76-cb79-4f83-be99-0e090dcf44ae,no,9
8dfae221-1222-4750-ae43-c4d790e28a69,ocd-vote/2d10db76-cb79-4f83-be99-0e090dcf44ae,yes,13
5eb6a7b7-0b17-4049-ba15-a41a54209e1f,ocd-vote/70338403-a7e1-4102-9816-b1ccbb542cb3,no,0
a84e8eaa-0e71-4067-9757-6c6486775026,ocd-vote/70338403-a7e1-4102-9816-b1ccbb542cb3,yes,24
f302fbb6-8f11-41d2-8586-05eca3a197ef,ocd-vote/76739473-72b1-4d37-bac0-cfec14d1fade,no,0
34ce7275-5e07-41d0-a167-844662cedbde,ocd-vote/76739473-72b1-4d37-bac0-cfec14d1fade,yes,24
696a58e7-439b-48d7-ba83-150901afd23e,ocd-vote/3e6b0e84-fa8a-407a-a160-dec7e17dcc91,no,15
9f7bd907-40a2-4fc2-95b5-6dc882ac3e77,ocd-vote/3e6b0e84-fa8a-407a-a160-dec7e17dcc91,yes,9
fbaa48a4-ec73-4819-ae14-1993f9febc83,ocd-vote/aea28614-8d7d-405d-ba63-750f497c6774,other,1
4f40b400-bdf9-42c9-9b17-38c3318e0e47,ocd-vote/aea28614-8d7d-405d-ba63-750f497c6774,no,0
c7867364-209f-49d0-8c97-1d3942a8c94c,ocd-vote/aea28614-8d7d-405d-ba63-750f497c6774,yes,23
dfa6c2a9-a2cf-4c67-93ca-5d62b3498b55,ocd-vote/ee7ee8d2-6654-4b83-85a4-88cc6e14d1a1,no,0
3536044e-055c-43b3-97d8-164bfd951a60,ocd-vote/ee7ee8d2-6654-4b83-85a4-88cc6e14d1a1,yes,24
d8ff4331-a139-4ab2-a221-72567aec2f8a,ocd-vote/23409f59-b272-42e2-bd99-df5fee82f210,other,1
83fb30d5-2cb5-4aff-afc5-478bf25ad0a9,ocd-vote/23409f59-b272-42e2-bd99-df5fee82f210,no,14
c87e365f-6b51-4d3b-b0e4-2edf4527ab8c,ocd-vote/23409f59-b272-42e2-bd99-df5fee82f210,yes,9
bb83e398-7c60-4305-a835-357ce478dfd2,ocd-vote/a96d32ce-351c-4d27-9e0a-3b641b00307b,no,3
c701d250-e4a1-4aab-a3af-0e3d3352cf93,ocd-vote/a96d32ce-351c-4d27-9e0a-3b641b00307b,yes,21
32fdadca-2b35-478f-859a-d3433d612c12,ocd-vote/c134f9a4-95aa-49a9-84dc-79e0fe465538,other,30
569fa170-bfba-4ad4-8dd4-56c137154b94,ocd-vote/c134f9a4-95aa-49a9-84dc-79e0fe465538,no,33
9eeb2a83-a896-49d5-828e-7b917e7fe640,ocd-vote/c134f9a4-95aa-49a9-84dc-79e0fe465538,yes,333
e027da7a-4142-44b5-9c5d-859b5f4655e7,ocd-vote/f5cefb4e-fefc-44b8-a330-bb81609f0014,no,0
6d9010e8-23e1-4e7c-afee-fb66e8dc270d,ocd-vote/f5cefb4e-fefc-44b8-a330-bb81609f0014,yes,24
0a767244-84e0-4c45-a226-8b61b71b0dd2,ocd-vote/1a726ecf-9ffa-4925-9006-af4b5f1d1965,no,1
1f3fe904-203f-4933-97a4-63edab60798f,ocd-vote/1a726ecf-9ffa-4925-9006-af4b5f1d1965,yes,23
12a88caa-863d-4b19-af1a-635676261edc,ocd-vote/85292aa3-83a5-4966-9c2f-31f8c2bab0d2,other,2
c3a9d3bb-2ba2-470f-82d2-822a136c3742,ocd-vote/85292aa3-83a5-4966-9c2f-31f8c2bab0d2,no,12
be690842-f6f6-4b86-8a2b-158fedae4c45,ocd-vote/85292aa3-83a5-4966-9c2f-31f8c2bab0d2,yes,10
0e1d40db-9dec-4ff1-8291-9519595336d2,ocd-vote/0fcdb091-f814-4ac4-b8ce-6ea446fcab65,other,21
720fb318-8e76-49a2-b5a7-04526c095fd1,ocd-vote/0fcdb091-f814-4ac4-b8ce-6ea446fcab65,no,176
76995574-0be2-4cdb-87c3-b7fd861a3be8,ocd-vote/0fcdb091-f814-4ac4-b8ce-6ea446fcab65,yes,200
20b71f50-886a-46b6-b485-ed9b8037dff9,ocd-vote/8e3c3ac2-73a6-432d-b282-1d6cf6a2b8d5,no,10
0388dac8-ce55-4a25-baf7-69b37f285772,ocd-vote/8e3c3ac2-73a6-432d-b282-1d6cf6a2b8d5,yes,14
446ebc8d-aad1-4787-9426-880e08a51da8,ocd-vote/a47ba7df-f29f-455a-a869-8d6fe838f6ad,no,0
a232ea92-23fb-4c60-a6cf-b415fec0e279,ocd-vote/a47ba7df-f29f-455a-a869-8d6fe838f6ad,yes,24
ff43ea43-c439-437d-9e95-ee5eefc3d9f4,ocd-vote/254f2f7c-e6b1-4115-a1b2-4c73e6d0bef9,other,22
6300071c-c12a-4870-b4bc-6e3a7f09c5aa,ocd-vote/254f2f7c-e6b1-4115-a1b2-4c73e6d0bef9,no,173
f6031a94-8676-45c8-8de9-905e3b39d7e3,ocd-vote/254f2f7c-e6b1-4115-a1b2-4c73e6d0bef9,yes,199
af84d406-00d9-4d6d-a12f-ef09e6d0d6c2,ocd-vote/713ba2fc-4342-4ed1-a2d1-ea8d52657557,no,8
2c4e03c0-2645-45dc-a33c-15d2a73d9f97,ocd-vote/713ba2fc-4342-4ed1-a2d1-ea8d52657557,yes,16
6c75ffda-abd9-4fbc-ad38-daba1df1ab90,ocd-vote/41d037b0-ccf3-4e88-9db2-aea901f5d808,no,10
b63eb807-5a0d-43f1-954e-f536de8dea12,ocd-vote/41d037b0-ccf3-4e88-9db2-aea901f5d808,yes,14
059c2aab-c314-45ca-996a-59276927a23e,ocd-vote/06418287-2c92-47b8-8ac9-9069760d16f6,no,10
3d8a0bba-b955-4b7a-8b00-4db2507702b0,ocd-vote/06418287-2c92-47b8-8ac9-9069760d16f6,yes,14
ea63f2ec-3190-49dc-8aa5-1ed117b64268,ocd-vote/afb2da83-1fc9-4a3e-92d5-639ae1017346,other,35
e666a67c-e4eb-4de8-9943-7209168a05b8,ocd-vote/afb2da83-1fc9-4a3e-92d5-639ae1017346,no,130
c6dcdf0c-6a04-4d21-b521-06a48d1863d8,ocd-vote/afb2da83-1fc9-4a3e-92d5-639ae1017346,yes,230
0b396e64-983b-4a87-a1c0-419149f8f128,ocd-vote/a07fb2fc-bd02-4825-9572-1455fdc17d1b,other,43
17e23180-bd75-440c-97eb-b450e9dd2338,ocd-vote/a07fb2fc-bd02-4825-9572-1455fdc17d1b,no,158
42855da0-3fa4-488d-92f9-4ccbeb3406f7,ocd-vote/a07fb2fc-bd02-4825-9572-1455fdc17d1b,yes,195
44fefa39-f70e-4f28-b7a5-f033614809e4,ocd-vote/1c80755d-88ea-4eec-9e4c-0b0a427e41cc,no,10
2b414d48-9022-4c45-9482-27f5965d6e1b,ocd-vote/1c80755d-88ea-4eec-9e4c-0b0a427e41cc,yes,14
d1af3cae-d5d5-4bf9-bf0e-b2f846686221,ocd-vote/e93a6c8b-712b-4d17-bfad-9f2924f1b49e,other,1
8a70f699-d55f-4da2-b531-46fde013b2de,ocd-vote/e93a6c8b-712b-4d17-bfad-9f2924f1b49e,no,0
1add72a4-da21-4a9c-ba45-e7299e3a3dc8,ocd-vote/e93a6c8b-712b-4d17-bfad-9f2924f1b49e,yes,23
059ddd3f-d57e-4dc0-9dd6-2248c30a60f8,ocd-vote/6112afdf-70d6-4cb7-b2a4-1f9ae4757501,no,0
0044287b-a105-43ce-92e4-e1d95c0362ac,ocd-vote/6112afdf-70d6-4cb7-b2a4-1f9ae4757501,yes,24
7c4ddd89-5f7c-471f-a3c7-c3b90b42d911,ocd-vote/caad2fd6-5bf1-461d-8ca3-58edcaec5f98,no,13
99289127-1c54-4799-9a2c-670ee128ef03,ocd-vote/caad2fd6-5bf1-461d-8ca3-58edcaec5f98,yes,11
0a9ac1ec-0300-4b87-8091-6d211c17583f,ocd-vote/c63bcfee-8730-4090-b63b-3329b4b5acd7,no,0
14611a73-b213-4262-ad23-c83224a0147e,ocd-vote/c63bcfee-8730-4090-b63b-3329b4b5acd7,yes,24
608c5681-c800-42e9-82a4-0c2ea5cdb684,ocd-vote/fe3efdfd-9e06-432c-bb3f-499d5ea4dfeb,other,27
6c73e26d-52e2-4df4-bba8-106b57842deb,ocd-vote/fe3efdfd-9e06-432c-bb3f-499d5ea4dfeb,no,200
39729037-9a15-4091-a97a-2beaef0c0e96,ocd-vote/fe3efdfd-9e06-432c-bb3f-499d5ea4dfeb,yes,169
d43afbde-b030-46fe-8d9d-f5ada5fa8dde,ocd-vote/7636b739-f90c-42dc-bd29-7f0e53b279fa,other,19
0cc4f0db-90e9-4034-bcd3-db672af21aad,ocd-vote/7636b739-f90c-42dc-bd29-7f0e53b279fa,no,193
f64d9012-356d-474d-a383-12f04939cbff,ocd-vote/7636b739-f90c-42dc-bd29-7f0e53b279fa,yes,183
16f42973-6ee2-4600-895c-60628a49ef82,ocd-vote/92307ccf-6268-4ce0-89d1-881087482cf5,other,1
8dcb0a2a-2c5a-40fa-929e-2a084020dfd6,ocd-vote/92307ccf-6268-4ce0-89d1-881087482cf5,no,14
ee7e429a-e972-4b8b-b3f6-0724f396414f,ocd-vote/92307ccf-6268-4ce0-89d1-881087482cf5,yes,9
2d68c3f7-2e6f-4d3c-aa23-a4d2b213b8ef,ocd-vote/39db111e-6e42-4391-b574-174fd4ee3abd,no,0
bb69db4e-14f6-4d30-bceb-2ecec1dfd4b9,ocd-vote/39db111e-6e42-4391-b574-174fd4ee3abd,yes,24
77304615-ccb9-4382-b5aa-2237b8aae4c7,ocd-vote/d36155f4-055d-4d67-bb1c-55fb981ef9c1,other,44
7adcce87-7829-4e0f-98d0-7924dc6ccdc1,ocd-vote/d36155f4-055d-4d67-bb1c-55fb981ef9c1,no,196
15e88e9a-dfc4-4968-8850-67f3da17a57e,ocd-vote/d36155f4-055d-4d67-bb1c-55fb981ef9c1,yes,156
a3cc4cf3-ed5d-43a5-b6fb-2d46d694385f,ocd-vote/011852ac-b66a-45cb-be53-34ed1471f9e1,no,10
7f81527f-0b22-449e-85bb-bbb70e174e46,ocd-vote/011852ac-b66a-45cb-be53-34ed1471f9e1,yes,14
bce41a85-2bdc-40e4-8384-e1e1d03d5859,ocd-vote/378b0095-db52-4b88-8a1a-4c949db4d3c4,other,17
89f468a0-2c33-431f-b733-84e62e3eef67,ocd-vote/378b0095-db52-4b88-8a1a-4c949db4d3c4,no,193
d197206d-d3d0-4878-9027-014f63f8e1a2,ocd-vote/378b0095-db52-4b88-8a1a-4c949db4d3c4,yes,186
423008b7-9cbe-4b49-a074-6557bfb87bf4,ocd-vote/91bf15a7-8f06-4038-b1b0-f37a56891956,other,21
b9659d51-ec1b-4987-871f-0804425e14a6,ocd-vote/91bf15a7-8f06-4038-b1b0-f37a56891956,no,171
34f53e8b-6bbd-4a90-9a32-f4f0766519da,ocd-vote/91bf15a7-8f06-4038-b1b0-f37a56891956,yes,202
b3b80ff2-22d0-4549-887d-8bcb78ec4799,ocd-vote/4c777e4e-55ab-4521-b0c2-628f87ed6d3f,other,24
f4031025-cf26-403c-b231-ba0c4b0d886c,ocd-vote/4c777e4e-55ab-4521-b0c2-628f87ed6d3f,no,177
4d035d2d-bb66-4ef9-a57a-7855e4db1f5b,ocd-vote/4c777e4e-55ab-4521-b0c2-628f87ed6d3f,yes,195
603c0551-19b9-4e83-857d-e5fbe319b563,ocd-vote/a80489dc-f77a-44f1-b255-22c8f80bf29c,no,0
bcfc3eaf-a1ad-42ad-9c8c-a09fef9a34ef,ocd-vote/a80489dc-f77a-44f1-b255-22c8f80bf29c,yes,24
6f242d0a-d497-4c04-8221-8932d17bd63b,ocd-vote/f8661f3a-5561-4633-adf3-1e99cf485c06,no,1
ba8785a6-b454-41b4-a7bd-4b2b121abf7e,ocd-vote/f8661f3a-5561-4633-adf3-1e99cf485c06,yes,23
5a55efa4-23fb-4474-a1b8-75b9f2cc0af1,ocd-vote/910dc020-f662-47ad-b928-61274971e45d,other,1
4dc68763-4cb1-4243-acc3-cb1cc8e9d5d4,ocd-vote/910dc020-f662-47ad-b928-61274971e45d,no,15
d7e21051-060c-47d6-9b81-8b1fbb5b1607,ocd-vote/910dc020-f662-47ad-b928-61274971e45d,yes,8
d3c19635-31d3-4ca9-af48-ba91917846fa,ocd-vote/d601eee0-0de4-44d9-b836-27f024eadbf1,other,26
b6504ab7-3df2-4e67-b052-cbdc8ef0ed6f,ocd-vote/d601eee0-0de4-44d9-b836-27f024eadbf1,no,159
959e7b09-ae4e-42cd-94b7-990c0db594b8,ocd-vote/d601eee0-0de4-44d9-b836-27f024eadbf1,yes,212
24d805f9-dbf1-4ad1-8f8c-d174f2e80e4e,ocd-vote/c05f4179-5c19-4dad-95ed-daf8e7e3ebad,other,21
c86ae83f-fc23-4d65-a6e3-01590aa7818b,ocd-vote/c05f4179-5c19-4dad-95ed-daf8e7e3ebad,no,175
7c12d25d-d886-4628-b54b-dd7a2674f2c7,ocd-vote/c05f4179-5c19-4dad-95ed-daf8e7e3ebad,yes,199
782d247c-9253-4332-8b03-bc3e19427970,ocd-vote/dda723f7-935a-4114-b317-005584700e6b,other,15
2c14c5dc-85be-4152-9e6f-6d25d355cca8,ocd-vote/dda723f7-935a-4114-b317-005584700e6b,no,206
784032f2-8d3d-447f-859b-992ac1ef1eac,ocd-vote/dda723f7-935a-4114-b317-005584700e6b,yes,175
321ab60f-4a0a-43ee-9ce5-a74b779eb99c,ocd-vote/437a088b-baae-47ff-a31a-0452d1a6434f,no,0
b0aab993-e3fe-44d9-9c54-0b64f4fb13ca,ocd-vote/437a088b-baae-47ff-a31a-0452d1a6434f,yes,24
b0201f43-e2c1-4369-8166-1691bee74176,ocd-vote/54ee02c3-d2a5-4af5-a78a-8ca5d5c7015e,no,0
67ed523a-82c6-493f-ab4b-1c31f54134b7,ocd-vote/54ee02c3-d2a5-4af5-a78a-8ca5d5c7015e,yes,24
6409771b-e604-4dfb-860e-caf50d37440f,ocd-vote/3a7b2aae-6b4f-48aa-98f2-5976e0068928,other,22
bbdbf48a-5e30-447a-96ee-e52b7f7275b3,ocd-vote/3a7b2aae-6b4f-48aa-98f2-5976e0068928,no,208
4e539b52-3578-426f-808b-8f4ba7165ca2,ocd-vote/3a7b2aae-6b4f-48aa-98f2-5976e0068928,yes,164
206e1d4e-bc14-4f04-a070-58c0e60a6da7,ocd-vote/1025e1d6-1b0b-41f3-b004-c3d1858dc7d3,no,0
e4b33316-ccf5-4e39-9ab6-fa78814fe2c6,ocd-vote/1025e1d6-1b0b-41f3-b004-c3d1858dc7d3,yes,24
741c2bcf-0348-40bd-b847-12f3545e1a58,ocd-vote/c3898acb-48de-434a-9236-7f4a7ba9710f,no,0
e48b28f8-680f-49c3-9028-82319f0f0770,ocd-vote/c3898acb-48de-434a-9236-7f4a7ba9710f,yes,24
913091a0-1241-4957-beac-6853bfc8c2a1,ocd-vote/9f553b88-cbf1-43ab-bd21-6409dfd28979,other,47
c75cbff8-0d33-43ff-adad-fa1856ee27ea,ocd-vote/9f553b88-cbf1-43ab-bd21-6409dfd28979,no,197
21b8dabc-e515-4cf4-989d-12d1dbeadd6c,ocd-vote/9f553b88-cbf1-43ab-bd21-6409dfd28979,yes,152
502fb074-a3c7-4f4c-b1df-ccd1828d9079,ocd-vote/db74fc38-acf9-498d-a92e-7eed4ad768c3,no,0
723d083a-38db-4803-8806-1b88a1fbfebb,ocd-vote/db74fc38-acf9-498d-a92e-7eed4ad768c3,yes,24
6eae6830-ec27-4e75-bea5-c290de4b2b1d,ocd-vote/2f2a7f67-d692-4113-bbf9-47de124434ee,other,13
10a55006-f1ba-4c95-8705-3f418babd502,ocd-vote/2f2a7f67-d692-4113-bbf9-47de124434ee,no,197
32a61102-d728-456a-9a59-ab355bf5855a,ocd-vote/2f2a7f67-d692-4113-bbf9-47de124434ee,yes,186
a0a98c55-2267-40c4-b86e-85f55f88dfe2,ocd-vote/54567c86-e864-4bdc-883d-85c1e4e1ac95,no,10
d9c30caa-a8e3-490c-a469-515583849aa7,ocd-vote/54567c86-e864-4bdc-883d-85c1e4e1ac95,yes,14
0415a7d1-9dc8-43a5-ac8b-c48002d711fa,ocd-vote/f3be47aa-9af7-454f-9960-759a2011442c,no,0
091a0336-26a5-4121-b39b-2cce8a2c3347,ocd-vote/f3be47aa-9af7-454f-9960-759a2011442c,yes,24
dc015340-f0c6-4731-9f2c-2fe087ae9de9,ocd-vote/318ea4e7-4178-4d46-8c03-8a36b75393b7,no,1
d8fbdee1-2d83-489e-ab30-2e728325fad4,ocd-vote/318ea4e7-4178-4d46-8c03-8a36b75393b7,yes,23
d7f4b8e1-6b65-4142-80ad-d32316148812,ocd-vote/d63716ba-ac57-4162-a5f9-6aa950839b1f,other,24
7c077155-6fb9-4151-a376-a061aab12c2d,ocd-vote/d63716ba-ac57-4162-a5f9-6aa950839b1f,no,207
398606d5-393f-497c-b746-07a2666dc273,ocd-vote/d63716ba-ac57-4162-a5f9-6aa950839b1f,yes,166
1d67e4ba-70dd-4349-99fd-2f9c065b06f1,ocd-vote/adb7c8d1-bffb-465f-8fde-22daaae679d1,other,15
b8080bf2-f48b-4ff6-9981-e6315ecb5c4b,ocd-vote/adb7c8d1-bffb-465f-8fde-22daaae679d1,no,206
00428199-c741-4ca1-91dd-eb83dca5847a,ocd-vote/adb7c8d1-bffb-465f-8fde-22daaae679d1,yes,175
2ee93379-6b8d-4052-8ad6-c9bbe678ce20,ocd-vote/dfb73171-9a8d-45d9-81b9-aaf8881b7a1c,no,1
fa75bca1-84e2-467d-8812-a6340ca22259,ocd-vote/dfb73171-9a8d-45d9-81b9-aaf8881b7a1c,yes,23
f65c6530-0d77-49a7-b5b6-e2c8249bcad5,ocd-vote/dab181ed-041a-4d8d-95d2-c0c56a1f04e5,other,17
620be058-8de9-4887-b801-0cb826b528a2,ocd-vote/dab181ed-041a-4d8d-95d2-c0c56a1f04e5,no,192
3571a6d4-a47b-4e65-8bd6-68c5e9d866b1,ocd-vote/dab181ed-041a-4d8d-95d2-c0c56a1f04e5,yes,185
126f5e3b-b637-400c-be58-02b63b4f6a59,ocd-vote/2c2a45bd-d199-482e-b391-4ec31dcaef09,other,1
26fcb63d-5f0c-4ab1-9f72-4c99bcd44164,ocd-vote/2c2a45bd-d199-482e-b391-4ec31dcaef09,no,1
821de680-29fc-4b06-bd55-24756c5b321a,ocd-vote/2c2a45bd-d199-482e-b391-4ec31dcaef09,yes,22
ed9a2ff5-050a-435c-a4ed-bf1b49647ba7,ocd-vote/55709a10-7fcd-4358-a664-eb56d9255c60,other,41
f1edba7e-4e3d-4a3e-ac34-dd649a55032d,ocd-vote/55709a10-7fcd-4358-a664-eb56d9255c60,no,156
f24a3188-7870-4410-9fb8-ae305acb091d,ocd-vote/55709a10-7fcd-4358-a664-eb56d9255c60,yes,199
473fb13e-144d-4dbd-9fdf-af98c3377556,ocd-vote/f0098916-bfa5-4752-834f-60b421b81e4e,other,15
ec024640-5ed5-4d52-892f-12cfb8721c54,ocd-vote/f0098916-bfa5-4752-834f-60b421b81e4e,no,181
62f573a8-731f-4abd-8e3c-be7e9c9ac497,ocd-vote/f0098916-bfa5-4752-834f-60b421b81e4e,yes,200
366a8855-468c-465b-b7aa-3da4ad6fb3fe,ocd-vote/9d4cbe94-04f8-433f-b8f8-6838ae9cd931,no,0
3bac4a56-a14e-4f65-b74e-4b7e495d8e7f,ocd-vote/9d4cbe94-04f8-433f-b8f8-6838ae9cd931,yes,24
dac8309f-9616-41ad-811a-3102aece39e2,ocd-vote/c1d3ab60-3b00-4f86-913d-7c8b80679edf,other,20
afbad004-4f3c-4e42-abed-d60a63060fa3,ocd-vote/c1d3ab60-3b00-4f86-913d-7c8b80679edf,no,191
94866de9-dd38-428a-9383-75988f3fe720,ocd-vote/c1d3ab60-3b00-4f86-913d-7c8b80679edf,yes,186
0e8da7cf-3b74-468e-a832-505f517cb625,ocd-vote/3b2b14c3-f2aa-4e8a-b706-6ba9e4fffb4d,other,20
7216ebc5-bdcf-4a77-8154-cffccd945ef8,ocd-vote/3b2b14c3-f2aa-4e8a-b706-6ba9e4fffb4d,no,185
a283174d-7432-407e-9324-46a6e7403314,ocd-vote/3b2b14c3-f2aa-4e8a-b706-6ba9e4fffb4d,yes,190
6e283104-b76f-449d-8b40-dd4820374ea8,ocd-vote/3f755a9e-2ec8-4238-a73c-1be97ee81c49,other,26
905099ef-1bd1-4269-92f8-2ce3b60e623e,ocd-vote/3f755a9e-2ec8-4238-a73c-1be97ee81c49,no,176
14246447-4481-4a38-875e-f694a08e3f67,ocd-vote/3f755a9e-2ec8-4238-a73c-1be97ee81c49,yes,194
3a39d021-782e-4dc7-8b6a-967f0b334c70,ocd-vote/c4573cf8-fc20-4cc8-a83e-df9bb73aabac,other,24
b9dfb178-abfa-4515-bfa4-384ad85afab7,ocd-vote/c4573cf8-fc20-4cc8-a83e-df9bb73aabac,no,19
00738f16-532f-45bf-907b-a722ee933255,ocd-vote/c4573cf8-fc20-4cc8-a83e-df9bb73aabac,yes,354
0c4cbeeb-8d50-49f9-ae55-42c29f85d100,ocd-vote/cc6a8f53-d748-40bc-b607-9faeedcedf7f,no,0
e31223a2-2ac3-4b55-af42-2c403bbc126d,ocd-vote/cc6a8f53-d748-40bc-b607-9faeedcedf7f,yes,24
38f089f9-7f15-4eea-a588-68a70d89c07f,ocd-vote/a4f46110-596a-4e42-ab5a-d6cc4db80b61,no,14
3c931c34-3232-4506-bfad-75c0aa45daf4,ocd-vote/a4f46110-596a-4e42-ab5a-d6cc4db80b61,yes,10
0a6fceba-65f5-4df6-86f1-245484f64771,ocd-vote/a57e1395-c8b2-4ae5-8711-2b5d439128b7,other,13
0133a89f-27a2-461d-a59f-efeb0ddc434d,ocd-vote/a57e1395-c8b2-4ae5-8711-2b5d439128b7,no,206
5efb5f8a-0f96-4aac-b3d8-f79a09d2f344,ocd-vote/a57e1395-c8b2-4ae5-8711-2b5d439128b7,yes,177
a2458ccc-6d93-4b08-b544-ddfd8932d337,ocd-vote/8a574d28-1ded-4f6a-a02a-523bdb97f817,other,22
0940467a-767c-452c-b0fd-0fa3735d7147,ocd-vote/8a574d28-1ded-4f6a-a02a-523bdb97f817,no,193
e6602299-7b63-41a5-818b-92c7005e16e8,ocd-vote/8a574d28-1ded-4f6a-a02a-523bdb97f817,yes,182
8fab824c-c65d-4e49-b3a8-7596f298f8ce,ocd-vote/5db1694b-9e28-4ee0-be99-e9dca5c684a5,other,27
65d3bbb3-21c0-4047-9997-84325fe0e6c1,ocd-vote/5db1694b-9e28-4ee0-be99-e9dca5c684a5,no,145
b26899a2-4f28-47ae-a731-158c7ee59eea,ocd-vote/5db1694b-9e28-4ee0-be99-e9dca5c684a5,yes,223
34ed3c58-26ea-472c-84ae-e2005dbd5156,ocd-vote/b2fb0536-1890-4c93-9ba9-92ca2538eaa3,other,22
b519a494-6d40-4e7a-b617-cc365cde7a11,ocd-vote/b2fb0536-1890-4c93-9ba9-92ca2538eaa3,no,172
f7f66375-53c8-472c-bcc9-02e5cdc0d6d5,ocd-vote/b2fb0536-1890-4c93-9ba9-92ca2538eaa3,yes,203
3a379a01-ea32-4e6b-9eb2-2d240e30e4da,ocd-vote/ef193bdc-ff5c-49c9-a928-2096d8b77478,other,23
54b33694-0fca-4821-975f-dc6a4e2f37bf,ocd-vote/ef193bdc-ff5c-49c9-a928-2096d8b77478,no,174
0204a5b1-49f5-4404-ae38-035437bc98d9,ocd-vote/ef193bdc-ff5c-49c9-a928-2096d8b77478,yes,198
917cd0b3-1a76-41a7-9531-e7aecc7c1222,ocd-vote/5845fb14-0941-4cc3-84ef-5bb54e57168a,other,1
0d46be2c-02ff-492c-b3f4-08bc3d6e4295,ocd-vote/5845fb14-0941-4cc3-84ef-5bb54e57168a,no,14
14a310b7-423f-4a5a-b7a7-74cbab184dd1,ocd-vote/5845fb14-0941-4cc3-84ef-5bb54e57168a,yes,9
5ed27ddf-b2c4-43c5-97c0-0c2a7d873b50,ocd-vote/57604b06-f76a-448b-bc18-e86fa4f933c1,no,10
7a3db195-c554-41a6-91fb-c852e3bf1516,ocd-vote/57604b06-f76a-448b-bc18-e86fa4f933c1,yes,14
c5881cba-c4c0-4c83-9986-1d33bcf4abe3,ocd-vote/80ce4186-cfaa-4004-8846-69be205b1168,no,10
d2d69fef-f3de-4f74-9245-02094a981e6a,ocd-vote/80ce4186-cfaa-4004-8846-69be205b1168,yes,14
2285ff5a-cc7a-46fd-a50d-c02d6c846ee1,ocd-vote/7f97b533-8549-4da7-a820-e26d19068001,no,0
c324331f-c468-4aa7-bce1-a87b26cf269b,ocd-vote/7f97b533-8549-4da7-a820-e26d19068001,yes,24
993d06a2-f2df-417b-941a-d5e62983165c,ocd-vote/bec268fa-4c30-4443-bf67-3f7484fd3693,other,32
a091e4de-4371-4e7e-af6d-b02e589246cc,ocd-vote/bec268fa-4c30-4443-bf67-3f7484fd3693,no,184
19641fef-95cf-45d1-a157-1acc3c6f7c30,ocd-vote/bec268fa-4c30-4443-bf67-3f7484fd3693,yes,178
c714a207-bf64-4661-875a-5030b536ff16,ocd-vote/1d9d9578-34a7-46a5-abd1-e75860dc3be6,other,20
4f3bcdbd-fb29-4a70-ae92-88c4cebbea4a,ocd-vote/1d9d9578-34a7-46a5-abd1-e75860dc3be6,no,163
41ee8593-a17a-442f-b5a4-d8b9c10703da,ocd-vote/1d9d9578-34a7-46a5-abd1-e75860dc3be6,yes,211
29a64be3-1ace-4154-8279-078d53b37fe1,ocd-vote/e2bb9783-e675-4881-94ba-033f4b7aad32,no,0
15ff69cd-3590-4032-8a74-b5747a8d1474,ocd-vote/e2bb9783-e675-4881-94ba-033f4b7aad32,yes,24
7e58c513-1294-410e-8e62-ed9efcddfc09,ocd-vote/477ef2f1-d4df-497b-8b90-9f222fc42204,no,10
1b8a218d-6869-42d2-bde9-80469ff5136a,ocd-vote/477ef2f1-d4df-497b-8b90-9f222fc42204,yes,14
4662721f-d450-4cae-a3c3-d4adff3d73f1,ocd-vote/ae1a48cb-ea24-40fb-ab5b-dd06c3c7b581,no,0
93a67b15-5e2a-4b5c-8c19-c044dd8114e2,ocd-vote/ae1a48cb-ea24-40fb-ab5b-dd06c3c7b581,yes,24
f5ae79fe-d4c5-4ba9-95a9-2a0ba5cb4cf7,ocd-vote/bbfc3a89-5cdb-49f4-af14-f0f8b4691076,other,1
e2333af5-5847-4629-8bbb-c4a13da8dc19,ocd-vote/bbfc3a89-5cdb-49f4-af14-f0f8b4691076,no,9
940b45ea-7f77-4c73-aac4-25f88ed06127,ocd-vote/bbfc3a89-5cdb-49f4-af14-f0f8b4691076,yes,14
0fe51cc9-be01-4c85-afa0-a69411bbbc66,ocd-vote/47423f21-472a-4790-89fe-5de37d9a3f5f,other,57
40242df4-2d13-48a9-9934-b6f37a0b8665,ocd-vote/47423f21-472a-4790-89fe-5de37d9a3f5f,no,175
566ebd49-9b85-4c49-93be-0bc633d31d25,ocd-vote/47423f21-472a-4790-89fe-5de37d9a3f5f,yes,164
e6ec97a0-7737-4b5a-afee-7586909dd2cb,ocd-vote/fdcb6013-06e4-4eb5-bff0-273ec4a61e6e,no,0
f0db54a7-4a0b-4af1-a775-4467a14d9dcd,ocd-vote/fdcb6013-06e4-4eb5-bff0-273ec4a61e6e,yes,24
a02049d9-a2af-40f8-9162-40eb9267985e,ocd-vote/97922080-9c66-4c01-9265-c5e7390da97f,other,18
f26263cd-eb94-41b9-9c9e-35ae2fd15808,ocd-vote/97922080-9c66-4c01-9265-c5e7390da97f,no,178
695094bf-ee10-42e0-8160-4468e6ba48a9,ocd-vote/97922080-9c66-4c01-9265-c5e7390da97f,yes,200
05a0c2ee-2df5-4a6d-805d-4fff39d0cd69,ocd-vote/c4b880ff-2373-4015-b4b8-38cd536db055,no,0
5b2e440c-2473-4d47-9883-3eb3e8c3d5fb,ocd-vote/c4b880ff-2373-4015-b4b8-38cd536db055,yes,24
18a236f3-edc2-47fb-828b-b37051e202fd,ocd-vote/3f9bfda8-0e81-43d9-9d1b-54491044b08e,no,0
4c95b4b7-3e27-42ec-bb97-5eed3234a575,ocd-vote/3f9bfda8-0e81-43d9-9d1b-54491044b08e,yes,24
4f1f8590-cd0a-4619-bb9b-e6bbf6ccd071,ocd-vote/ef8f9fee-527e-4c9f-aefa-541f7c1c5f4b,no,0
69d57211-4931-4e54-a8bf-b4f5fc4ac59e,ocd-vote/ef8f9fee-527e-4c9f-aefa-541f7c1c5f4b,yes,24
db589063-28a9-4e3f-a0d9-9839b963b588,ocd-vote/fc72bae8-f9aa-40e8-9e63-a87ddf077464,other,40
52b221ab-34f3-4b8f-acfd-021c58f4793b,ocd-vote/fc72bae8-f9aa-40e8-9e63-a87ddf077464,no,206
d811e68c-2491-47bd-9b3c-aff0ecc72654,ocd-vote/fc72bae8-f9aa-40e8-9e63-a87ddf077464,yes,150
b36f34da-3db3-4c6d-a3e0-964a14bbb5ef,ocd-vote/8d415a13-a0d2-45e1-89d2-fd72076ca2b8,no,10
9e60b119-9b6e-469a-9a9e-546c64ade592,ocd-vote/8d415a13-a0d2-45e1-89d2-fd72076ca2b8,yes,14
ada832d0-c6e9-4683-8130-c9d6869cdf51,ocd-vote/31d03784-152b-4ff8-899e-ab76f1a220f0,no,10
9b9b4d1e-4f57-4fb7-ab74-a440e8ce5680,ocd-vote/31d03784-152b-4ff8-899e-ab76f1a220f0,yes,14
a93c6c95-992b-4c57-8a16-ceaf6a3c1c83,ocd-vote/158c2fbc-4ad4-4c10-8b15-7d877fa9d7df,no,0
9f376436-e11c-4f31-9abd-b8a2773fa849,ocd-vote/158c2fbc-4ad4-4c10-8b15-7d877fa9d7df,yes,24
df608a87-cfd7-44b2-bdd3-2ccdaeabc66c,ocd-vote/c1ef6447-4496-481a-bf28-b9db7574d128,no,3
820c9386-03f9-4cd9-9604-ac6dbf4b6d73,ocd-vote/c1ef6447-4496-481a-bf28-b9db7574d128,yes,21
38403005-e8c6-4370-b488-72eebecf70b6,ocd-vote/89d04849-dc49-4fbd-8930-b4a1071c8974,no,0
44184e78-cbfe-4657-a5c8-e3672f5c6b4e,ocd-vote/89d04849-dc49-4fbd-8930-b4a1071c8974,yes,24
36953cfa-0dba-4127-b37a-1cc4e58eba84,ocd-vote/e44a1337-9474-42bf-a6b5-9302d84ef2c6,no,0
13068dbf-22a9-43fa-a507-129f53d92384,ocd-vote/e44a1337-9474-42bf-a6b5-9302d84ef2c6,yes,24
c39b94ce-e293-4c62-bf26-86b5f78c841a,ocd-vote/31d3ee32-ed4c-4b97-8e49-40989d20a9c9,other,21
efcc6d45-8ccc-4b51-8630-d188868c81de,ocd-vote/31d3ee32-ed4c-4b97-8e49-40989d20a9c9,no,173
588c5579-9650-4758-a648-5ccf49be4233,ocd-vote/31d3ee32-ed4c-4b97-8e49-40989d20a9c9,yes,200
3eb4adc0-2cc5-42ca-944c-b37d17e39239,ocd-vote/0a4e8f36-a2e8-4d21-9f87-24ba40510b4e,no,13
1cf076f1-0bde-4fde-af20-524fcfb0db92,ocd-vote/0a4e8f36-a2e8-4d21-9f87-24ba40510b4e,yes,11
3ff02c60-541a-4801-b499-5622a9e19811,ocd-vote/7a05dcc8-45ba-4513-a8bc-cdb8825b371f,other,1
f0d8f336-ac28-45a5-914d-0c75f2f3d3d8,ocd-vote/7a05dcc8-45ba-4513-a8bc-cdb8825b371f,no,2
b81bef0a-21c0-41bc-aac8-251ea06b5273,ocd-vote/7a05dcc8-45ba-4513-a8bc-cdb8825b371f,yes,21
3f0fd984-95a3-4afb-8991-c0b253d3518f,ocd-vote/2ddd65f3-701e-4bb9-9048-c657b7006bc2,no,14
b9f601d4-c466-47d6-9553-95d9d8b6aba5,ocd-vote/2ddd65f3-701e-4bb9-9048-c657b7006bc2,yes,10
9b7565d8-9ef7-4016-96bf-11cc87e98e32,ocd-vote/28e320bf-0ad2-460d-a3f3-57eeb8009de4,no,0
4edd1ad9-7210-4789-805e-7292be8efe80,ocd-vote/28e320bf-0ad2-460d-a3f3-57eeb8009de4,yes,24
0c755e79-bce0-4b82-86d7-eed8596226f2,ocd-vote/2d4a997b-52da-40c2-ac01-f2bc090aec24,no,10
a3161a8d-752c-4b4d-b35a-6bf28167b70d,ocd-vote/2d4a997b-52da-40c2-ac01-f2bc090aec24,yes,14
5a2c954d-ac54-4af9-a97b-00fa1d55f14d,ocd-vote/b261440d-9712-4f56-8c3f-0b8e6f1a8c0f,other,1
e042b913-adaa-4a0e-8cd1-aa180a4d0df8,ocd-vote/b261440d-9712-4f56-8c3f-0b8e6f1a8c0f,no,7
ab4bd272-5bf7-4d08-af3c-a81b2250a0b1,ocd-vote/b261440d-9712-4f56-8c3f-0b8e6f1a8c0f,yes,16
