id,identifier,motion_text,motion_classification,start_date,result,organization_id,bill_id,bill_action_id,jurisdiction,session_identifier
ocd-vote/9d4cbe94-04f8-433f-b8f8-6838ae9cd931,,Introduction of SB 2,['passage'],2021-01-06T00:00:00-05:00,pass,ocd-organization/c95932a0-2ac1-4f14-a0c4-ade8568daac6,ocd-bill/092ef6b2-a7c5-476d-81e3-21d387dc7f95,,New Hampshire,2021
ocd-vote/435fbc08-3af4-4dbd-ab90-5a625d2b089c,,Rules Suspension - Condemn Violence,['passage'],2021-01-06T00:00:00-05:00,pass,ocd-organization/3b857974-4029-4508-94d4-ce3b86c64602,ocd-bill/34e8ffb5-a1a0-4105-8e60-abeb7a44c67d,,New Hampshire,2021
ocd-vote/7fdc65d2-0c19-4ce7-bc3b-cdbbe40b1350,,Ought to Pass w/Amendment,['passage'],2021-01-06T00:00:00-05:00,pass,ocd-organization/c95932a0-2ac1-4f14-a0c4-ade8568daac6,ocd-bill/092ef6b2-a7c5-476d-81e3-21d387dc7f95,,New Hampshire,2021
ocd-vote/ee2d2639-6b82-412b-bd68-3e2944a811c3,,Ought to Pass,['passage'],2021-01-06T00:00:00-05:00,pass,ocd-organization/c95932a0-2ac1-4f14-a0c4-ade8568daac6,ocd-bill/1f395f1e-a6aa-4c7b-ab72-92f064bab23b,,New Hampshire,2021
ocd-vote/ee7ee8d2-6654-4b83-85a4-88cc6e14d1a1,,Third Reading and Final Passage in the Early Session,['passage'],2021-01-06T00:00:00-05:00,pass,ocd-organization/c95932a0-2ac1-4f14-a0c4-ade8568daac6,ocd-bill/092ef6b2-a7c5-476d-81e3-21d387dc7f95,,New Hampshire,2021
ocd-vote/0e03fec9-3295-44ed-8822-8fe91f6a40cc,,Ought to Pass,['passage'],2021-01-06T00:00:00-05:00,pass,ocd-organization/c95932a0-2ac1-4f14-a0c4-ade8568daac6,ocd-bill/4dcec304-3a09-429c-9e6f-5bbdb3fac0c9,,New Hampshire,2021
ocd-vote/6083a228-bbcf-4f0a-8b98-b10266126c79,,Floor Amendment 0005s,['passage'],2021-01-06T00:00:00-05:00,pass,ocd-organization/c95932a0-2ac1-4f14-a0c4-ade8568daac6,ocd-bill/092ef6b2-a7c5-476d-81e3-21d387dc7f95,,New Hampshire,2021
ocd-vote/d383502b-4277-43f1-b359-1493c16747e3,,Suspension of all Rules Necessary,['passage'],2021-01-06T00:00:00-05:00,pass,ocd-organization/c95932a0-2ac1-4f14-a0c4-ade8568daac6,ocd-bill/092ef6b2-a7c5-476d-81e3-21d387dc7f95,,New Hampshire,2021
ocd-vote/a1e24c01-f55e-41d0-ac99-ce0839ad640b,,Rereferred,['passage'],2021-02-04T00:00:00-05:00,pass,ocd-organization/c95932a0-2ac1-4f14-a0c4-ade8568daac6,ocd-bill/120f3eb3-6d13-4575-8d06-c601b7514091,,New Hampshire,2021
ocd-vote/db74fc38-acf9-498d-a92e-7eed4ad768c3,,Committee Amendment 0033s,['passage'],2021-02-04T00:00:00-05:00,pass,ocd-organization/c95932a0-2ac1-4f14-a0c4-ade8568daac6,ocd-bill/c9a8c0e5-e56e-4870-8b34-062f75082f3f,,New Hampshire,2021
ocd-vote/bed71590-55e6-4696-b9d3-8fc12fb95de1,,"Special ordered to Thursday, February 11, 2021",['passage'],2021-02-04T00:00:00-05:00,pass,ocd-organization/c95932a0-2ac1-4f14-a0c4-ade8568daac6,ocd-bill/83665716-9cbd-481c-a705-835c526fe751,,New Hampshire,2021
ocd-vote/91d1f023-5287-4766-9517-f93802727cc6,,Ought to Pass w/Amendment,['passage'],2021-02-04T00:00:00-05:00,pass,ocd-organization/c95932a0-2ac1-4f14-a0c4-ade8568daac6,ocd-bill/be275ad2-346f-4687-80f7-716d3d6f5fff,,New Hampshire,2021
ocd-vote/38165d25-82c3-4b07-8036-4f4d2dfa6c27,,Ought to Pass,['passage'],2021-02-04T00:00:00-05:00,pass,ocd-organization/c95932a0-2ac1-4f14-a0c4-ade8568daac6,ocd-bill/d5ae5144-7be6-4afa-bc5b-4cdac3d92536,,New Hampshire,2021
ocd-vote/48d93358-005c-4fa7-82fd-1442b2feb559,,Ought to Pass,['passage'],2021-02-04T00:00:00-05:00,pass,ocd-organization/c95932a0-2ac1-4f14-a0c4-ade8568daac6,ocd-bill/78d57eec-2514-4f31-b9c5-f6e862f57c61,,New Hampshire,2021
ocd-vote/3d8fa10c-cedf-4fa9-b493-3e5e1cee9f14,,Committee Amendment 0111s,['passage'],2021-02-04T00:00:00-05:00,pass,ocd-organization/c95932a0-2ac1-4f14-a0c4-ade8568daac6,ocd-bill/be275ad2-346f-4687-80f7-716d3d6f5fff,,New Hampshire,2021
ocd-vote/11b42aa1-ba9f-4355-a6e6-d01a206f7f31,,Ought to Pass,['passage'],2021-02-04T00:00:00-05:00,pass,ocd-organization/c95932a0-2ac1-4f14-a0c4-ade8568daac6,ocd-bill/17f4ebf3-7b7b-4f2c-b60f-4040870a5b62,,New Hampshire,2021
ocd-vote/ffc2e84e-1ad7-4fd2-a5a4-206b21bf016b,,Laid on Table,['passage'],2021-02-04T00:00:00-05:00,pass,ocd-organization/c95932a0-2ac1-4f14-a0c4-ade8568daac6,ocd-bill/8e9724c1-c932-4687-8e7c-5f55a4354307,,New Hampshire,2021
ocd-vote/43c70866-2e92-405b-8bb5-2c48fd5dab1c,,Ought to Pass,['passage'],2021-02-04T00:00:00-05:00,pass,ocd-organization/c95932a0-2ac1-4f14-a0c4-ade8568daac6,ocd-bill/5011abad-37da-448e-b81b-2ee6505ada9b,,New Hampshire,2021
ocd-vote/86e09200-fcde-4318-9a4e-1c3c531fdcfc,,Ought to Pass w/Amendment,['passage'],2021-02-04T00:00:00-05:00,pass,ocd-organization/c95932a0-2ac1-4f14-a0c4-ade8568daac6,ocd-bill/c9a8c0e5-e56e-4870-8b34-062f75082f3f,,New Hampshire,2021
ocd-vote/fd644965-2305-4993-a5d1-f5dd6be7afed,,Ought to Pass,['passage'],2021-02-11T00:00:00-05:00,pass,ocd-organization/c95932a0-2ac1-4f14-a0c4-ade8568daac6,ocd-bill/c7cdeaf7-74ac-4d67-8ef8-336ed1c6dfc0,,New Hampshire,2021
ocd-vote/0e97ecfc-19cd-4eb6-b45a-04ec03a558a2,,Ought to Pass,['passage'],2021-02-11T00:00:00-05:00,pass,ocd-organization/c95932a0-2ac1-4f14-a0c4-ade8568daac6,ocd-bill/a9b90164-0e37-4f99-a65e-3cc2ae424157,,New Hampshire,2021
ocd-vote/ef146880-8bd4-468a-a23b-b8552503c64c,,Committee Amendment 0024s,['passage'],2021-02-11T00:00:00-05:00,pass,ocd-organization/c95932a0-2ac1-4f14-a0c4-ade8568daac6,ocd-bill/83665716-9cbd-481c-a705-835c526fe751,,New Hampshire,2021
ocd-vote/1b9d112a-daff-4d47-ae29-c2d5e14b76a6,,Ought to Pass,['passage'],2021-02-11T00:00:00-05:00,pass,ocd-organization/c95932a0-2ac1-4f14-a0c4-ade8568daac6,ocd-bill/65b2b565-4454-4826-a059-e739df59e944,,New Hampshire,2021
ocd-vote/45208c1c-667d-44c7-8391-b4ca9846f652,,Ought to Pass w/Amendment,['passage'],2021-02-11T00:00:00-05:00,pass,ocd-organization/c95932a0-2ac1-4f14-a0c4-ade8568daac6,ocd-bill/e7326ff9-71b3-4639-bc3e-ffb01a0afa91,,New Hampshire,2021
ocd-vote/33314c52-8249-4221-a11e-0dae8fb409e0,,Committee Amendment 0167s,['passage'],2021-02-11T00:00:00-05:00,pass,ocd-organization/c95932a0-2ac1-4f14-a0c4-ade8568daac6,ocd-bill/e7326ff9-71b3-4639-bc3e-ffb01a0afa91,,New Hampshire,2021
ocd-vote/318ea4e7-4178-4d46-8c03-8a36b75393b7,,Ought to Pass w/Amendment,['passage'],2021-02-11T00:00:00-05:00,pass,ocd-organization/c95932a0-2ac1-4f14-a0c4-ade8568daac6,ocd-bill/83665716-9cbd-481c-a705-835c526fe751,,New Hampshire,2021
ocd-vote/1b7282f6-9270-424b-9c5c-d84c36988631,,Inexpedient to Legislate,['passage'],2021-02-11T00:00:00-05:00,pass,ocd-organization/c95932a0-2ac1-4f14-a0c4-ade8568daac6,ocd-bill/81353301-e55a-440b-aef8-0e4e767a2641,,New Hampshire,2021
ocd-vote/1c80755d-88ea-4eec-9e4c-0b0a427e41cc,,Laid on Table,['passage'],2021-02-11T00:00:00-05:00,pass,ocd-organization/c95932a0-2ac1-4f14-a0c4-ade8568daac6,ocd-bill/9fc33735-2d7f-4529-babe-0e8e73489cb1,,New Hampshire,2021
ocd-vote/d1004492-4fea-467a-b612-9bf4e6c93cec,,Ought to Pass w/Amendment,['passage'],2021-02-11T00:00:00-05:00,pass,ocd-organization/c95932a0-2ac1-4f14-a0c4-ade8568daac6,ocd-bill/da283cab-e352-4015-a3ad-46fdd7be359e,,New Hampshire,2021
ocd-vote/af9a5089-096b-4938-a6cc-da33449c1e42,,Laid on Table,['passage'],2021-02-11T00:00:00-05:00,pass,ocd-organization/c95932a0-2ac1-4f14-a0c4-ade8568daac6,ocd-bill/2da361a5-8016-4767-a4ec-1b23907da4ae,,New Hampshire,2021
ocd-vote/bfcdb12d-57bf-4c7c-93ac-a27a7df21168,,Floor Amendment 0322s,['passage'],2021-02-11T00:00:00-05:00,pass,ocd-organization/c95932a0-2ac1-4f14-a0c4-ade8568daac6,ocd-bill/83665716-9cbd-481c-a705-835c526fe751,,New Hampshire,2021
ocd-vote/ecc0039c-9fea-4fe8-ad6e-b1020eb51b6a,,Committee Amendment 0165s,['passage'],2021-02-11T00:00:00-05:00,pass,ocd-organization/c95932a0-2ac1-4f14-a0c4-ade8568daac6,ocd-bill/da283cab-e352-4015-a3ad-46fdd7be359e,,New Hampshire,2021
ocd-vote/de0e0489-0ca1-42c2-97a8-7dde4402f4b7,,Inexpedient to Legislate,['passage'],2021-02-11T00:00:00-05:00,pass,ocd-organization/c95932a0-2ac1-4f14-a0c4-ade8568daac6,ocd-bill/504c2c9f-8082-4145-9f4a-68a8b3806929,,New Hampshire,2021
ocd-vote/a0e83635-93b7-42d4-b251-87de526e5164,,Ought to Pass w/Amendment,['passage'],2021-02-18T00:00:00-05:00,pass,ocd-organization/c95932a0-2ac1-4f14-a0c4-ade8568daac6,ocd-bill/28db7ab9-d98a-488e-8222-2256377363ed,,New Hampshire,2021
ocd-vote/056abaae-ac4b-4e56-9260-e0c6ad30a4c6,,Floor Amendment 0432s,['passage'],2021-02-18T00:00:00-05:00,pass,ocd-organization/c95932a0-2ac1-4f14-a0c4-ade8568daac6,ocd-bill/9fc33735-2d7f-4529-babe-0e8e73489cb1,,New Hampshire,2021
ocd-vote/693faa9d-d360-476a-a568-3615b1462cff,,Ought to Pass,['passage'],2021-02-18T00:00:00-05:00,pass,ocd-organization/c95932a0-2ac1-4f14-a0c4-ade8568daac6,ocd-bill/fbea8ca7-d229-4fac-a0fc-1e001cae5486,,New Hampshire,2021
ocd-vote/ba862b5a-e51a-4201-ab86-52110bd38935,,Floor Amendment 0438s,['passage'],2021-02-18T00:00:00-05:00,fail,ocd-organization/c95932a0-2ac1-4f14-a0c4-ade8568daac6,ocd-bill/fbea8ca7-d229-4fac-a0fc-1e001cae5486,,New Hampshire,2021
ocd-vote/162ce1aa-8d05-481f-ac37-aa89785b8047,,Committee Amendment 0315s,['passage'],2021-02-18T00:00:00-05:00,fail,ocd-organization/c95932a0-2ac1-4f14-a0c4-ade8568daac6,ocd-bill/336f6c88-f5f5-434c-90cf-6e300c272484,,New Hampshire,2021
ocd-vote/c403cca8-2c01-4f6b-ac70-b490b36193de,,Ought to Pass w/Amendment,['passage'],2021-02-18T00:00:00-05:00,pass,ocd-organization/c95932a0-2ac1-4f14-a0c4-ade8568daac6,ocd-bill/120f3eb3-6d13-4575-8d06-c601b7514091,,New Hampshire,2021
ocd-vote/2667ebaa-b4c2-43d4-943b-6808f6d0827b,,Ought to Pass,['passage'],2021-02-18T00:00:00-05:00,pass,ocd-organization/c95932a0-2ac1-4f14-a0c4-ade8568daac6,ocd-bill/54099548-b67f-40d8-b0b0-98fc65b949ce,,New Hampshire,2021
ocd-vote/1a726ecf-9ffa-4925-9006-af4b5f1d1965,,Committee Amendment 0326s,['passage'],2021-02-18T00:00:00-05:00,pass,ocd-organization/c95932a0-2ac1-4f14-a0c4-ade8568daac6,ocd-bill/28db7ab9-d98a-488e-8222-2256377363ed,,New Hampshire,2021
ocd-vote/319c8890-b910-4957-8080-aafb150a9eda,,Reconsideration of Committee Amendment 0315s,['passage'],2021-02-18T00:00:00-05:00,pass,ocd-organization/c95932a0-2ac1-4f14-a0c4-ade8568daac6,ocd-bill/336f6c88-f5f5-434c-90cf-6e300c272484,,New Hampshire,2021
ocd-vote/7fb8979a-cc59-45d7-a459-6ff1c82fef54,,Ought to Pass,['passage'],2021-02-18T00:00:00-05:00,pass,ocd-organization/c95932a0-2ac1-4f14-a0c4-ade8568daac6,ocd-bill/6ede07c8-1461-41f4-9605-46b1303aaa41,,New Hampshire,2021
ocd-vote/7f97b533-8549-4da7-a820-e26d19068001,,Floor Amendment 0429s,['passage'],2021-02-18T00:00:00-05:00,pass,ocd-organization/c95932a0-2ac1-4f14-a0c4-ade8568daac6,ocd-bill/6a78bf3a-0b77-462e-9545-a9136a441ac1,,New Hampshire,2021
ocd-vote/e396e5d9-c16d-42cc-9472-11396beb2df4,,Ought to Pass w/Amendment,['passage'],2021-02-18T00:00:00-05:00,pass,ocd-organization/c95932a0-2ac1-4f14-a0c4-ade8568daac6,ocd-bill/9fc33735-2d7f-4529-babe-0e8e73489cb1,,New Hampshire,2021
ocd-vote/b75f8bdc-3313-4f6f-9dab-619f8bfc279c,,Ought to Pass w/Amendment,['passage'],2021-02-18T00:00:00-05:00,pass,ocd-organization/c95932a0-2ac1-4f14-a0c4-ade8568daac6,ocd-bill/336f6c88-f5f5-434c-90cf-6e300c272484,,New Hampshire,2021
ocd-vote/e4f80bb3-5268-48f8-bdc5-aeb859d1164e,,Committee Amendment 0281s,['passage'],2021-02-18T00:00:00-05:00,pass,ocd-organization/c95932a0-2ac1-4f14-a0c4-ade8568daac6,ocd-bill/120f3eb3-6d13-4575-8d06-c601b7514091,,New Hampshire,2021
ocd-vote/419c251c-e8a9-41d2-b931-4084d40bb570,,Inexpedient to Legislate,['passage'],2021-02-18T00:00:00-05:00,fail,ocd-organization/c95932a0-2ac1-4f14-a0c4-ade8568daac6,ocd-bill/9fc33735-2d7f-4529-babe-0e8e73489cb1,,New Hampshire,2021
ocd-vote/ff1c7d6c-1be7-449a-9e8c-38b74777c5d0,,Remove from Table,['passage'],2021-02-18T00:00:00-05:00,pass,ocd-organization/c95932a0-2ac1-4f14-a0c4-ade8568daac6,ocd-bill/9fc33735-2d7f-4529-babe-0e8e73489cb1,,New Hampshire,2021
ocd-vote/63cee29f-17e5-47ae-9989-f7f82d2f8860,,Committee Amendment 0315s,['passage'],2021-02-18T00:00:00-05:00,fail,ocd-organization/c95932a0-2ac1-4f14-a0c4-ade8568daac6,ocd-bill/336f6c88-f5f5-434c-90cf-6e300c272484,,New Hampshire,2021
ocd-vote/67bb9e09-d521-4244-b3a4-33acb1086221,,Ought to Pass w/Amendment,['passage'],2021-02-18T00:00:00-05:00,pass,ocd-organization/c95932a0-2ac1-4f14-a0c4-ade8568daac6,ocd-bill/6a78bf3a-0b77-462e-9545-a9136a441ac1,,New Hampshire,2021
ocd-vote/c1ef6447-4496-481a-bf28-b9db7574d128,,Floor Amendment 0416s,['passage'],2021-02-18T00:00:00-05:00,pass,ocd-organization/c95932a0-2ac1-4f14-a0c4-ade8568daac6,ocd-bill/336f6c88-f5f5-434c-90cf-6e300c272484,,New Hampshire,2021
ocd-vote/d36155f4-055d-4d67-bb1c-55fb981ef9c1,,Table,['passage'],2021-02-26T08:07:57-05:00,fail,ocd-organization/3b857974-4029-4508-94d4-ce3b86c64602,ocd-bill/9ecf8dad-02cf-41b6-b6a9-89f821c0ad20,,New Hampshire,2021
ocd-vote/33a07202-0a25-4332-b609-55824eb8ab55,,OTPA,['passage'],2021-02-26T09:21:53-05:00,pass,ocd-organization/3b857974-4029-4508-94d4-ce3b86c64602,ocd-bill/9ecf8dad-02cf-41b6-b6a9-89f821c0ad20,,New Hampshire,2021
ocd-vote/55709a10-7fcd-4358-a664-eb56d9255c60,,OTPA,['passage'],2021-02-26T09:23:58-05:00,pass,ocd-organization/3b857974-4029-4508-94d4-ce3b86c64602,ocd-bill/29082dd2-571d-4444-8f91-04daaaf71391,,New Hampshire,2021
ocd-vote/028cfdcf-0218-4bf8-9138-14ccdbfaa956,,ITL,['passage'],2021-02-26T09:25:19-05:00,pass,ocd-organization/3b857974-4029-4508-94d4-ce3b86c64602,ocd-bill/8bcdf2a8-affa-4a1b-a1d9-831ecebd0557,,New Hampshire,2021
ocd-vote/5f5e3846-53e5-49dc-928f-d46be2c83833,,OTPA,['passage'],2021-02-26T09:26:50-05:00,pass,ocd-organization/3b857974-4029-4508-94d4-ce3b86c64602,ocd-bill/4260c213-b954-47cf-935b-7ca84d0f0fdf,,New Hampshire,2021
ocd-vote/fc72bae8-f9aa-40e8-9e63-a87ddf077464,,Adopt Amendment,['passage'],2021-02-26T09:29:16-05:00,fail,ocd-organization/3b857974-4029-4508-94d4-ce3b86c64602,ocd-bill/4a84b6b7-6912-4862-9d4c-99c67e540ddd,,New Hampshire,2021
ocd-vote/5297a47f-8c7a-4b27-804f-6bb1814be48a,,OTP,['passage'],2021-02-26T09:33:08-05:00,fail,ocd-organization/3b857974-4029-4508-94d4-ce3b86c64602,ocd-bill/5f3c3d4f-f3fa-48e5-aef5-6ccbcf383060,,New Hampshire,2021
ocd-vote/e5a46f1f-631d-4d74-b819-85e354d94ad7,,ITL,['passage'],2021-02-26T09:34:20-05:00,pass,ocd-organization/3b857974-4029-4508-94d4-ce3b86c64602,ocd-bill/5f3c3d4f-f3fa-48e5-aef5-6ccbcf383060,,New Hampshire,2021
ocd-vote/77063e9b-cac0-4571-a71a-ab4f25f52ef7,,Reconsider,['passage'],2021-02-26T09:42:27-05:00,fail,ocd-organization/3b857974-4029-4508-94d4-ce3b86c64602,ocd-bill/5f3c3d4f-f3fa-48e5-aef5-6ccbcf383060,,New Hampshire,2021
ocd-vote/66b09006-fdf2-4de2-bc11-06d1358870f1,,Reconsider,['passage'],2021-02-26T09:43:51-05:00,pass,ocd-organization/3b857974-4029-4508-94d4-ce3b86c64602,ocd-bill/460e5483-dc4e-4852-9297-7f8c10f183a9,,New Hampshire,2021
ocd-vote/8fd65289-fb4a-4358-8ffa-d8e26af442ed,,OTPA,['passage'],2021-02-26T09:45:16-05:00,pass,ocd-organization/3b857974-4029-4508-94d4-ce3b86c64602,ocd-bill/460e5483-dc4e-4852-9297-7f8c10f183a9,,New Hampshire,2021
ocd-vote/29e5c202-31d5-4035-b1fe-25f7466d4ed6,,OTPA,['passage'],2021-02-26T09:50:48-05:00,pass,ocd-organization/3b857974-4029-4508-94d4-ce3b86c64602,ocd-bill/380c08d8-d3fa-4e2b-b32c-a44253d31af4,,New Hampshire,2021
ocd-vote/a07fb2fc-bd02-4825-9572-1455fdc17d1b,,Indefinitely Postpone,['passage'],2021-02-26T09:55:35-05:00,pass,ocd-organization/3b857974-4029-4508-94d4-ce3b86c64602,ocd-bill/c66ad20a-6292-4b97-b0be-8cdeef6ab00e,,New Hampshire,2021
ocd-vote/84ae803f-f07c-4a60-86e9-c2c55f89e91d,,ITL,['passage'],2021-02-26T09:57:59-05:00,pass,ocd-organization/3b857974-4029-4508-94d4-ce3b86c64602,ocd-bill/5563debc-0f75-424b-a8d8-3d85b6654eaf,,New Hampshire,2021
ocd-vote/b4ca334a-9cc4-463e-97f5-c933d2d43038,,ITL,['passage'],2021-02-26T10:00:30-05:00,fail,ocd-organization/3b857974-4029-4508-94d4-ce3b86c64602,ocd-bill/53d59561-8310-4d4a-ad68-04ae97c40634,,New Hampshire,2021
ocd-vote/c2d0c826-8315-4369-8235-5d4083061fc3,,OTP,['passage'],2021-02-26T10:02:11-05:00,pass,ocd-organization/3b857974-4029-4508-94d4-ce3b86c64602,ocd-bill/53d59561-8310-4d4a-ad68-04ae97c40634,,New Hampshire,2021
ocd-vote/9f553b88-cbf1-43ab-bd21-6409dfd28979,,Reconsider,['passage'],2021-02-26T10:04:02-05:00,fail,ocd-organization/3b857974-4029-4508-94d4-ce3b86c64602,ocd-bill/53d59561-8310-4d4a-ad68-04ae97c40634,,New Hampshire,2021
ocd-vote/6cddc2c4-7f96-40c6-bfaf-e316b3eb1ae3,,ITL,['passage'],2021-02-26T10:05:27-05:00,pass,ocd-organization/3b857974-4029-4508-94d4-ce3b86c64602,ocd-bill/eecb14c6-fcfe-43f1-901e-cc4f83f46777,,New Hampshire,2021
ocd-vote/5c0ed85c-7d17-44df-8592-cbae85967fb6,,ITL,['passage'],2021-02-26T10:07:01-05:00,pass,ocd-organization/3b857974-4029-4508-94d4-ce3b86c64602,ocd-bill/0ca9296e-ed1a-4248-823c-81a0141032c5,,New Hampshire,2021
ocd-vote/90467282-d897-452c-824d-5b11ad094fd8,,OTPA,['passage'],2021-02-26T10:09:03-05:00,pass,ocd-organization/3b857974-4029-4508-94d4-ce3b86c64602,ocd-bill/54a8612b-9add-4489-ba6c-4f4680d331bd,,New Hampshire,2021
ocd-vote/c34cfce3-fded-4743-bb6c-6f09e5d84b5b,,Special Order,['passage'],2021-02-26T10:13:53-05:00,pass,ocd-organization/3b857974-4029-4508-94d4-ce3b86c64602,ocd-bill/0a0f2b2f-8b1d-4bcb-bb2c-20ec0ae6a7da,,New Hampshire,2021
ocd-vote/a788fc6b-d9ec-45f1-9996-7f5daa6123ca,,Table,['passage'],2021-02-26T10:17:16-05:00,fail,ocd-organization/3b857974-4029-4508-94d4-ce3b86c64602,ocd-bill/0a0f2b2f-8b1d-4bcb-bb2c-20ec0ae6a7da,,New Hampshire,2021
ocd-vote/43d96229-5e99-4946-945e-926c3cd7cd28,,ITL,['passage'],2021-02-26T10:18:39-05:00,fail,ocd-organization/3b857974-4029-4508-94d4-ce3b86c64602,ocd-bill/0a0f2b2f-8b1d-4bcb-bb2c-20ec0ae6a7da,,New Hampshire,2021
ocd-vote/802a931a-94d4-4553-a126-5c0ffcd3b38f,,Table,['passage'],2021-02-26T10:30:27-05:00,pass,ocd-organization/3b857974-4029-4508-94d4-ce3b86c64602,ocd-bill/3c24d6db-e26f-4bfa-86ab-83d8295fc236,,New Hampshire,2021
ocd-vote/b021ce4a-a672-4913-a78f-80e713f6427b,,OTPA,['passage'],2021-02-26T10:32:53-05:00,pass,ocd-organization/3b857974-4029-4508-94d4-ce3b86c64602,ocd-bill/12e31c76-abec-4090-a58d-048f7d8fcd21,,New Hampshire,2021
ocd-vote/a85c020e-1851-409b-9534-674385732920,,Reconsider,['passage'],2021-02-26T10:34:08-05:00,fail,ocd-organization/3b857974-4029-4508-94d4-ce3b86c64602,ocd-bill/12e31c76-abec-4090-a58d-048f7d8fcd21,,New Hampshire,2021
ocd-vote/d24b4d39-a403-40f1-a420-4de11ce2ca91,,ITL,['passage'],2021-02-26T10:35:32-05:00,pass,ocd-organization/3b857974-4029-4508-94d4-ce3b86c64602,ocd-bill/b2926f42-65dd-4c72-a487-05800a35fb83,,New Hampshire,2021
ocd-vote/c265d368-9b71-429c-9673-a1cd5a3b4870,,OTP,['passage'],2021-02-26T10:37:11-05:00,pass,ocd-organization/3b857974-4029-4508-94d4-ce3b86c64602,ocd-bill/87f82862-2755-4c17-a4c2-2ef7d75957d7,,New Hampshire,2021
ocd-vote/65124fee-53c4-4b3f-96fd-51e6d31fc29b,,OTPA,['passage'],2021-02-26T10:38:32-05:00,pass,ocd-organization/3b857974-4029-4508-94d4-ce3b86c64602,ocd-bill/3b18201a-e59c-4644-ae54-6607d00e1eec,,New Hampshire,2021
ocd-vote/b833a41f-a93a-4b5c-907f-9108d81546a5,,OTPA,['passage'],2021-02-26T10:40:01-05:00,pass,ocd-organization/3b857974-4029-4508-94d4-ce3b86c64602,ocd-bill/4e28dc94-bf30-421b-b4b8-c71db2d32644,,New Hampshire,2021
ocd-vote/6901d5f5-2ed4-4636-92d4-b1e5a068aa5c,,OTPA,['passage'],2021-02-26T10:41:25-05:00,pass,ocd-organization/3b857974-4029-4508-94d4-ce3b86c64602,ocd-bill/c8439076-84bb-42a6-ac02-1848cca0d354,,New Hampshire,2021
ocd-vote/263bb409-41c0-4cf0-88ae-2e330782df4f,,OTP,['passage'],2021-02-26T10:43:02-05:00,pass,ocd-organization/3b857974-4029-4508-94d4-ce3b86c64602,ocd-bill/94a64fd7-e7c7-42c8-9102-8c88e9f5c251,,New Hampshire,2021
ocd-vote/f6b2dafb-bf88-4595-8f06-3045c3f2c603,,OTP,['passage'],2021-02-26T10:44:21-05:00,pass,ocd-organization/3b857974-4029-4508-94d4-ce3b86c64602,ocd-bill/241e8d7f-701a-49f4-b3cb-7e8e661d47f8,,New Hampshire,2021
ocd-vote/e4ee5bf9-26a3-4c65-b4e6-c3b1ebb1d2a9,,OTP,['passage'],2021-02-26T10:46:27-05:00,pass,ocd-organization/3b857974-4029-4508-94d4-ce3b86c64602,ocd-bill/4bfd8adc-424f-4073-9fa4-dbf94cb573a8,,New Hampshire,2021
ocd-vote/47423f21-472a-4790-89fe-5de37d9a3f5f,,Remove from Table,['passage'],2021-02-26T10:57:04-05:00,fail,ocd-organization/3b857974-4029-4508-94d4-ce3b86c64602,ocd-bill/624c5b0b-f676-42fb-96db-2dcbf5aad0dd,,New Hampshire,2021
ocd-vote/a96d32ce-351c-4d27-9e0a-3b641b00307b,,Rereferred,['passage'],2021-03-04T00:00:00-05:00,pass,ocd-organization/c95932a0-2ac1-4f14-a0c4-ade8568daac6,ocd-bill/3fe5fab0-704f-4a34-8f90-d38fca86708f,,New Hampshire,2021
ocd-vote/c63bcfee-8730-4090-b63b-3329b4b5acd7,,Committee Amendment 0450s,['passage'],2021-03-04T00:00:00-05:00,pass,ocd-organization/c95932a0-2ac1-4f14-a0c4-ade8568daac6,ocd-bill/dfe00e8f-0bcd-45ea-84d9-61f33432aeb9,,New Hampshire,2021
ocd-vote/39db111e-6e42-4391-b574-174fd4ee3abd,,Ought to Pass w/Amendment,['passage'],2021-03-04T00:00:00-05:00,pass,ocd-organization/c95932a0-2ac1-4f14-a0c4-ade8568daac6,ocd-bill/6e959b4c-e441-4339-bd18-e0dfecc841b0,,New Hampshire,2021
ocd-vote/c3898acb-48de-434a-9236-7f4a7ba9710f,,Laid on Table,['passage'],2021-03-04T00:00:00-05:00,pass,ocd-organization/c95932a0-2ac1-4f14-a0c4-ade8568daac6,ocd-bill/72d9ba5b-5487-4c4f-b9fe-a4048fc792bb,,New Hampshire,2021
ocd-vote/5e630526-726e-4038-903f-f8f32fe32f2d,,Rereferred,['passage'],2021-03-04T00:00:00-05:00,fail,ocd-organization/c95932a0-2ac1-4f14-a0c4-ade8568daac6,ocd-bill/817fe3b0-840a-44d4-b11e-76d6e9b00570,,New Hampshire,2021
ocd-vote/6c0bb776-2708-4c5e-9d86-ba2491cb07aa,,OTPA Divide Question Part II,['passage'],2021-03-04T00:00:00-05:00,pass,ocd-organization/c95932a0-2ac1-4f14-a0c4-ade8568daac6,ocd-bill/ff087863-6ef9-49e9-95ce-9b3f07bbf4a3,,New Hampshire,2021
ocd-vote/98741962-3d18-4e58-99b8-a5a4d37557e5,,Committee Amendment 0422s,['passage'],2021-03-04T00:00:00-05:00,pass,ocd-organization/c95932a0-2ac1-4f14-a0c4-ade8568daac6,ocd-bill/ab751af4-cfd4-4d66-9b52-c1f1c233318b,,New Hampshire,2021
ocd-vote/89d04849-dc49-4fbd-8930-b4a1071c8974,,Ought to Pass w/Amendment,['passage'],2021-03-04T00:00:00-05:00,pass,ocd-organization/c95932a0-2ac1-4f14-a0c4-ade8568daac6,ocd-bill/c99266df-0ac6-493b-8dca-1dd8ffaedfa6,,New Hampshire,2021
ocd-vote/bfb35a12-76c9-44f3-ac7c-e865c8f2ede9,,Committee Amendment 0452s,['passage'],2021-03-04T00:00:00-05:00,pass,ocd-organization/c95932a0-2ac1-4f14-a0c4-ade8568daac6,ocd-bill/cbc1137e-1c32-4709-8404-4c7e4873e5f4,,New Hampshire,2021
ocd-vote/e1d5950f-e963-4d70-af60-1de8b8431e7b,,Committee Amendment 0420s,['passage'],2021-03-04T00:00:00-05:00,pass,ocd-organization/c95932a0-2ac1-4f14-a0c4-ade8568daac6,ocd-bill/ff087863-6ef9-49e9-95ce-9b3f07bbf4a3,,New Hampshire,2021
ocd-vote/340d834f-3219-46ce-88c6-d1fa0813ee25,,Committee Amendment 0449s,['passage'],2021-03-04T00:00:00-05:00,pass,ocd-organization/c95932a0-2ac1-4f14-a0c4-ade8568daac6,ocd-bill/6e959b4c-e441-4339-bd18-e0dfecc841b0,,New Hampshire,2021
ocd-vote/c6d7c1c9-8d40-4a12-873b-e48ba9126335,,Ought to Pass w/Amendment,['passage'],2021-03-04T00:00:00-05:00,pass,ocd-organization/c95932a0-2ac1-4f14-a0c4-ade8568daac6,ocd-bill/ab751af4-cfd4-4d66-9b52-c1f1c233318b,,New Hampshire,2021
ocd-vote/80ce4186-cfaa-4004-8846-69be205b1168,,Inexpedient to Legislate,['passage'],2021-03-04T00:00:00-05:00,pass,ocd-organization/c95932a0-2ac1-4f14-a0c4-ade8568daac6,ocd-bill/817fe3b0-840a-44d4-b11e-76d6e9b00570,,New Hampshire,2021
ocd-vote/58ca0ed9-efb7-4c05-91a4-04d31c46dfa0,,Rereferred,['passage'],2021-03-04T00:00:00-05:00,fail,ocd-organization/c95932a0-2ac1-4f14-a0c4-ade8568daac6,ocd-bill/817fe3b0-840a-44d4-b11e-76d6e9b00570,,New Hampshire,2021
ocd-vote/61eac871-d6dd-4977-9ab2-8f43e2faf923,,Reconsideration,['passage'],2021-03-04T00:00:00-05:00,pass,ocd-organization/c95932a0-2ac1-4f14-a0c4-ade8568daac6,ocd-bill/817fe3b0-840a-44d4-b11e-76d6e9b00570,,New Hampshire,2021
ocd-vote/fe736a1a-2512-48e7-bf14-d0c884277893,,Ought to Pass,['passage'],2021-03-04T00:00:00-05:00,pass,ocd-organization/c95932a0-2ac1-4f14-a0c4-ade8568daac6,ocd-bill/65b2b565-4454-4826-a059-e739df59e944,,New Hampshire,2021
ocd-vote/badaa612-3249-4b26-b8a6-3f63ec1b2c10,,Ought to Pass w/Amendment,['passage'],2021-03-04T00:00:00-05:00,pass,ocd-organization/c95932a0-2ac1-4f14-a0c4-ade8568daac6,ocd-bill/dfe00e8f-0bcd-45ea-84d9-61f33432aeb9,,New Hampshire,2021
ocd-vote/f234508f-55f0-477f-948d-f148f9e7171f,,Ought to Pass w/Amendment,['passage'],2021-03-04T00:00:00-05:00,pass,ocd-organization/c95932a0-2ac1-4f14-a0c4-ade8568daac6,ocd-bill/cbc1137e-1c32-4709-8404-4c7e4873e5f4,,New Hampshire,2021
ocd-vote/6e6e7bba-82a4-41ca-8eca-70f8a9c69961,,Ought to Pass,['passage'],2021-03-04T00:00:00-05:00,pass,ocd-organization/c95932a0-2ac1-4f14-a0c4-ade8568daac6,ocd-bill/72d9ba5b-5487-4c4f-b9fe-a4048fc792bb,,New Hampshire,2021
ocd-vote/afce7f3e-f8df-4558-9908-209fb26a99fb,,Committee Amendment 0451s,['passage'],2021-03-04T00:00:00-05:00,pass,ocd-organization/c95932a0-2ac1-4f14-a0c4-ade8568daac6,ocd-bill/c99266df-0ac6-493b-8dca-1dd8ffaedfa6,,New Hampshire,2021
ocd-vote/9aa15981-aff0-4996-9328-85b7f219bfb3,,OTPA Divide Part I & III,['passage'],2021-03-04T00:00:00-05:00,pass,ocd-organization/c95932a0-2ac1-4f14-a0c4-ade8568daac6,ocd-bill/ff087863-6ef9-49e9-95ce-9b3f07bbf4a3,,New Hampshire,2021
ocd-vote/4da0c9b2-f0bd-45ec-b335-600ff2d9c97f,,Ought to Pass w/Amendment,['passage'],2021-03-11T00:00:00-05:00,pass,ocd-organization/c95932a0-2ac1-4f14-a0c4-ade8568daac6,ocd-bill/e17967d4-f5e4-4261-9051-f9b68a9fbdf4,,New Hampshire,2021
ocd-vote/066baac6-26cb-4c09-9df8-d17b736303fb,,Reconsideration,['passage'],2021-03-11T00:00:00-05:00,pass,ocd-organization/c95932a0-2ac1-4f14-a0c4-ade8568daac6,ocd-bill/43da3bf1-c688-4365-ae6f-e7d97d7723ec,,New Hampshire,2021
ocd-vote/534c4c37-f5aa-4b6f-9e02-5d000d3acc1c,,OTPA Divide the Question Part II-IV,['passage'],2021-03-11T00:00:00-05:00,pass,ocd-organization/c95932a0-2ac1-4f14-a0c4-ade8568daac6,ocd-bill/fa97115e-7c97-408d-82a6-b900ca796280,,New Hampshire,2021
ocd-vote/420726af-3a5f-4bb4-8d79-f5e53eb63156,,Ought to Pass w/Amendment,['passage'],2021-03-11T00:00:00-05:00,pass,ocd-organization/c95932a0-2ac1-4f14-a0c4-ade8568daac6,ocd-bill/43da3bf1-c688-4365-ae6f-e7d97d7723ec,,New Hampshire,2021
ocd-vote/3d67a328-c12a-4419-8903-0f7c623dfc7c,,Rereferred,['passage'],2021-03-11T00:00:00-05:00,pass,ocd-organization/c95932a0-2ac1-4f14-a0c4-ade8568daac6,ocd-bill/50e8ab08-5edc-45c2-ae1f-57bc279f79ea,,New Hampshire,2021
ocd-vote/1379a65d-3f0f-4b5c-bf0b-33e161869091,,"Divide the Question Committee Amendment 0617s Section 1, RSA 310-A:1-d, II(h)(2), Section 164, RSA 319-C:6, and Section 178",['passage'],2021-03-11T00:00:00-05:00,pass,ocd-organization/c95932a0-2ac1-4f14-a0c4-ade8568daac6,ocd-bill/43da3bf1-c688-4365-ae6f-e7d97d7723ec,,New Hampshire,2021
ocd-vote/c4852330-0681-42f1-bfae-30ddee40fe3b,,Ought to Pass,['passage'],2021-03-11T00:00:00-05:00,pass,ocd-organization/c95932a0-2ac1-4f14-a0c4-ade8568daac6,ocd-bill/5bb9fb23-407f-403a-be3d-ff409340f49a,,New Hampshire,2021
ocd-vote/fecc4250-8eb5-41d5-be49-c5abeed823f2,,Laid on Table,['passage'],2021-03-11T00:00:00-05:00,pass,ocd-organization/c95932a0-2ac1-4f14-a0c4-ade8568daac6,ocd-bill/5bb9fb23-407f-403a-be3d-ff409340f49a,,New Hampshire,2021
ocd-vote/8f3e5da1-2818-4103-b51f-134df6e34730,,Committee Amendment 0552s,['passage'],2021-03-11T00:00:00-05:00,pass,ocd-organization/c95932a0-2ac1-4f14-a0c4-ade8568daac6,ocd-bill/fa97115e-7c97-408d-82a6-b900ca796280,,New Hampshire,2021
ocd-vote/2cae671b-4e1f-4cbd-b135-64526fe998cc,,Divide the Question Divide the Question Committee Amendment 0617s Sections 166 and 178,['passage'],2021-03-11T00:00:00-05:00,fail,ocd-organization/c95932a0-2ac1-4f14-a0c4-ade8568daac6,ocd-bill/43da3bf1-c688-4365-ae6f-e7d97d7723ec,,New Hampshire,2021
ocd-vote/f196d09a-e78d-4225-9a7f-04f42c92833d,,Inexpedient to Legislate,['passage'],2021-03-11T00:00:00-05:00,pass,ocd-organization/c95932a0-2ac1-4f14-a0c4-ade8568daac6,ocd-bill/2f608af8-92a8-4a37-9ebe-5b9b37f77140,,New Hampshire,2021
ocd-vote/a4f46110-596a-4e42-ab5a-d6cc4db80b61,,Committee Amendment Sections 1-4 and 6,['passage'],2021-03-11T00:00:00-05:00,fail,ocd-organization/c95932a0-2ac1-4f14-a0c4-ade8568daac6,ocd-bill/1fc0e25b-e36c-40f9-9ab7-fe2ab8b77d37,,New Hampshire,2021
ocd-vote/f340b3d2-2f8d-4766-beae-6ad9e8e2523a,,Rereferred,['passage'],2021-03-11T00:00:00-05:00,pass,ocd-organization/c95932a0-2ac1-4f14-a0c4-ade8568daac6,ocd-bill/d3f3f101-8d8e-412c-9680-17dd67f5fd06,,New Hampshire,2021
ocd-vote/06f4ed2e-d3f3-48c5-99f3-7568c62ed196,,Reconsideration,['passage'],2021-03-11T00:00:00-05:00,pass,ocd-organization/c95932a0-2ac1-4f14-a0c4-ade8568daac6,ocd-bill/25373f38-5912-4581-bb20-67d627a001b0,,New Hampshire,2021
ocd-vote/5f3d5526-3367-43f9-b3e8-2c4c08e1351d,,Floor Amendment 0783s,['passage'],2021-03-11T00:00:00-05:00,pass,ocd-organization/c95932a0-2ac1-4f14-a0c4-ade8568daac6,ocd-bill/a9b90164-0e37-4f99-a65e-3cc2ae424157,,New Hampshire,2021
ocd-vote/b32684ec-227f-49b9-a0e8-689172c0332d,,Inexpedient to Legislate,['passage'],2021-03-11T00:00:00-05:00,pass,ocd-organization/c95932a0-2ac1-4f14-a0c4-ade8568daac6,ocd-bill/556edcb7-543c-4516-9bcd-0a6164ee885e,,New Hampshire,2021
ocd-vote/6551fe6f-7c36-4d19-be31-7fecf988a0cf,,Committee Amendment Sections 5 and 6,['passage'],2021-03-11T00:00:00-05:00,pass,ocd-organization/c95932a0-2ac1-4f14-a0c4-ade8568daac6,ocd-bill/1fc0e25b-e36c-40f9-9ab7-fe2ab8b77d37,,New Hampshire,2021
ocd-vote/ea25a301-d100-49f0-8bce-e1f73d30d212,,Laid on Table,['passage'],2021-03-11T00:00:00-05:00,pass,ocd-organization/c95932a0-2ac1-4f14-a0c4-ade8568daac6,ocd-bill/fa97115e-7c97-408d-82a6-b900ca796280,,New Hampshire,2021
ocd-vote/462a0c6e-3f6a-459b-a811-47a8a8483836,,Committee Amendment,['passage'],2021-03-11T00:00:00-05:00,pass,ocd-organization/c95932a0-2ac1-4f14-a0c4-ade8568daac6,ocd-bill/e17967d4-f5e4-4261-9051-f9b68a9fbdf4,,New Hampshire,2021
ocd-vote/bbfd40a5-2e3a-4044-95e3-6fb21d2752c5,,Ought to Pass w/Amendment,['passage'],2021-03-11T00:00:00-05:00,pass,ocd-organization/c95932a0-2ac1-4f14-a0c4-ade8568daac6,ocd-bill/af08ed65-99d4-45c9-8201-a9fef149b4c4,,New Hampshire,2021
ocd-vote/53eb0011-cae8-4022-95d8-2c60b2167b20,,Ought to Pass w/Amendment,['passage'],2021-03-11T00:00:00-05:00,pass,ocd-organization/c95932a0-2ac1-4f14-a0c4-ade8568daac6,ocd-bill/1fc0e25b-e36c-40f9-9ab7-fe2ab8b77d37,,New Hampshire,2021
ocd-vote/a7bcbcce-c97e-4e6c-b9d2-b4f6e170d415,,Ought to Pass w/Amendment,['passage'],2021-03-11T00:00:00-05:00,pass,ocd-organization/c95932a0-2ac1-4f14-a0c4-ade8568daac6,ocd-bill/25373f38-5912-4581-bb20-67d627a001b0,,New Hampshire,2021
ocd-vote/4d8e500b-bdb3-441a-8412-ca127d93c140,,OTPA Divide the Question Part I,['passage'],2021-03-11T00:00:00-05:00,pass,ocd-organization/c95932a0-2ac1-4f14-a0c4-ade8568daac6,ocd-bill/fa97115e-7c97-408d-82a6-b900ca796280,,New Hampshire,2021
ocd-vote/7d70f60e-46e3-404c-9caf-e20ff3b44478,,Ought to Pass w/Amendment,['passage'],2021-03-11T00:00:00-05:00,pass,ocd-organization/c95932a0-2ac1-4f14-a0c4-ade8568daac6,ocd-bill/a02fb03d-e497-4c42-a798-b18eaea43087,,New Hampshire,2021
ocd-vote/ba36d442-4165-410a-85b7-96e5ed457a0a,,Ought to Pass w/Amendment,['passage'],2021-03-11T00:00:00-05:00,pass,ocd-organization/c95932a0-2ac1-4f14-a0c4-ade8568daac6,ocd-bill/a9b90164-0e37-4f99-a65e-3cc2ae424157,,New Hampshire,2021
ocd-vote/12a42c14-c47b-4183-964a-1922e5847e75,,Ought to Pass w/Amendment,['passage'],2021-03-11T00:00:00-05:00,pass,ocd-organization/c95932a0-2ac1-4f14-a0c4-ade8568daac6,ocd-bill/25373f38-5912-4581-bb20-67d627a001b0,,New Hampshire,2021
ocd-vote/945df5cf-4448-4faa-a31b-f2b1bc4a6601,,Floor Amendment 0765s,['passage'],2021-03-11T00:00:00-05:00,pass,ocd-organization/c95932a0-2ac1-4f14-a0c4-ade8568daac6,ocd-bill/af08ed65-99d4-45c9-8201-a9fef149b4c4,,New Hampshire,2021
ocd-vote/7d8aa2ae-75f2-4de3-8bfb-c613f55a9e55,,Committee Amendment 0597s,['passage'],2021-03-11T00:00:00-05:00,pass,ocd-organization/c95932a0-2ac1-4f14-a0c4-ade8568daac6,ocd-bill/25373f38-5912-4581-bb20-67d627a001b0,,New Hampshire,2021
ocd-vote/bcdf8942-97f2-43e7-a84f-08f1bfb1199b,,Committee Amendment 0550s,['passage'],2021-03-11T00:00:00-05:00,pass,ocd-organization/c95932a0-2ac1-4f14-a0c4-ade8568daac6,ocd-bill/a02fb03d-e497-4c42-a798-b18eaea43087,,New Hampshire,2021
ocd-vote/0987a497-5845-4ba7-899a-879b40f0460a,,Rereferred,['passage'],2021-03-11T00:00:00-05:00,fail,ocd-organization/c95932a0-2ac1-4f14-a0c4-ade8568daac6,ocd-bill/af08ed65-99d4-45c9-8201-a9fef149b4c4,,New Hampshire,2021
ocd-vote/06418287-2c92-47b8-8ac9-9069760d16f6,,Laid on Table,['passage'],2021-03-11T00:00:00-05:00,pass,ocd-organization/c95932a0-2ac1-4f14-a0c4-ade8568daac6,ocd-bill/44afbbe2-9777-463c-a927-1f389843438d,,New Hampshire,2021
ocd-vote/bcf51169-1423-402b-bc2f-b565e52e1ecd,,Divide the Question Committee Amendment 0617s Sections 166 and 178,['passage'],2021-03-11T00:00:00-05:00,fail,ocd-organization/c95932a0-2ac1-4f14-a0c4-ade8568daac6,ocd-bill/43da3bf1-c688-4365-ae6f-e7d97d7723ec,,New Hampshire,2021
ocd-vote/3e7b4330-df3e-4afb-860f-242e03a2532f,,Laid on Table,['passage'],2021-03-11T00:00:00-05:00,pass,ocd-organization/c95932a0-2ac1-4f14-a0c4-ade8568daac6,ocd-bill/e09d191d-4b7c-4fdd-b16f-42c1ebf77920,,New Hampshire,2021
ocd-vote/846cd820-ae54-484b-bf6e-0d24bfdc3013,,Laid on Table,['passage'],2021-03-11T00:00:00-05:00,pass,ocd-organization/c95932a0-2ac1-4f14-a0c4-ade8568daac6,ocd-bill/a02fb03d-e497-4c42-a798-b18eaea43087,,New Hampshire,2021
ocd-vote/9b11060c-32a5-4b82-bab5-f4481697ab3f,,OTPA Divide the Question Part II,['passage'],2021-03-18T00:00:00-04:00,pass,ocd-organization/c95932a0-2ac1-4f14-a0c4-ade8568daac6,ocd-bill/1c5b9e57-372b-4882-b3b2-6248a5e5f26c,,New Hampshire,2021
ocd-vote/3c40622d-393c-4ece-95a1-7c6af00ccfe7,,Ought to Pass w/Amendment,['passage'],2021-03-18T00:00:00-04:00,pass,ocd-organization/c95932a0-2ac1-4f14-a0c4-ade8568daac6,ocd-bill/7f649202-524d-40b0-801a-3bb776b8422b,,New Hampshire,2021
ocd-vote/6cf8ca00-a425-4ab4-bef6-a7fe27d1f63b,,Ought to Pass w/Amendment,['passage'],2021-03-18T00:00:00-04:00,pass,ocd-organization/c95932a0-2ac1-4f14-a0c4-ade8568daac6,ocd-bill/c2c4a4fa-e38c-4e93-bde9-8e1810f4efa8,,New Hampshire,2021
ocd-vote/e5e07d4a-5987-4417-8dae-78d7950dabc4,,Floor Amendment 0814s,['passage'],2021-03-18T00:00:00-04:00,pass,ocd-organization/c95932a0-2ac1-4f14-a0c4-ade8568daac6,ocd-bill/9dacd5a5-b9fb-4e50-8510-d2725f8b4b8a,,New Hampshire,2021
ocd-vote/96ad0d33-d95f-4df0-8184-b9e2fb536c5d,,Committee Amendment 0769s,['passage'],2021-03-18T00:00:00-04:00,pass,ocd-organization/c95932a0-2ac1-4f14-a0c4-ade8568daac6,ocd-bill/9dacd5a5-b9fb-4e50-8510-d2725f8b4b8a,,New Hampshire,2021
ocd-vote/54567c86-e864-4bdc-883d-85c1e4e1ac95,,Laid on Table,['passage'],2021-03-18T00:00:00-04:00,pass,ocd-organization/c95932a0-2ac1-4f14-a0c4-ade8568daac6,ocd-bill/9dacd5a5-b9fb-4e50-8510-d2725f8b4b8a,,New Hampshire,2021
ocd-vote/c153488c-3fe4-4329-9483-3d94a2b5ed5e,,Laid on Table,['passage'],2021-03-18T00:00:00-04:00,pass,ocd-organization/c95932a0-2ac1-4f14-a0c4-ade8568daac6,ocd-bill/149015c5-a008-4a8e-9f89-ec48ccd3bf49,,New Hampshire,2021
ocd-vote/b48e2c6c-7355-4219-b265-50fda06b9470,,Committee Amendment 0795s,['passage'],2021-03-18T00:00:00-04:00,pass,ocd-organization/c95932a0-2ac1-4f14-a0c4-ade8568daac6,ocd-bill/fd45a232-d108-4f74-8cea-3e0eddc346ef,,New Hampshire,2021
ocd-vote/405e3351-e68b-446c-84bb-212574731b4d,,Ought to Pass w/Amendment,['passage'],2021-03-18T00:00:00-04:00,pass,ocd-organization/c95932a0-2ac1-4f14-a0c4-ade8568daac6,ocd-bill/cd2566b4-7447-4631-a4e5-7aeabc1e1cdf,,New Hampshire,2021
ocd-vote/e1d30d15-2e31-44ad-8e2f-3c7d69dc6f1d,,Ought to Pass w/Amendment,['passage'],2021-03-18T00:00:00-04:00,pass,ocd-organization/c95932a0-2ac1-4f14-a0c4-ade8568daac6,ocd-bill/9b8db186-386d-4213-9a76-04ef4d6c8678,,New Hampshire,2021
ocd-vote/aa63f164-7ca9-48e8-b9d3-ef7ca8b9333c,,Ought to Pass,['passage'],2021-03-18T00:00:00-04:00,pass,ocd-organization/c95932a0-2ac1-4f14-a0c4-ade8568daac6,ocd-bill/2f547eda-268e-4a41-a6d5-35f30b042192,,New Hampshire,2021
ocd-vote/dd57d31d-a764-400c-9b39-3b248184f73b,,Inexpedient to Legislate,['passage'],2021-03-18T00:00:00-04:00,pass,ocd-organization/c95932a0-2ac1-4f14-a0c4-ade8568daac6,ocd-bill/34261842-6a73-4a4b-8eab-265d78a28328,,New Hampshire,2021
ocd-vote/9958bba5-e851-4c8f-9553-b2247f65b2bd,,Laid on Table,['passage'],2021-03-18T00:00:00-04:00,pass,ocd-organization/c95932a0-2ac1-4f14-a0c4-ade8568daac6,ocd-bill/6baeedf1-49c4-40a4-9d69-78850f124b1b,,New Hampshire,2021
ocd-vote/ca6edf86-5ba6-4496-b796-0e6a8b7d94aa,,Inexpedient to Legislate,['passage'],2021-03-18T00:00:00-04:00,pass,ocd-organization/c95932a0-2ac1-4f14-a0c4-ade8568daac6,ocd-bill/db2b0c3a-a07f-449f-993c-095da5bf387c,,New Hampshire,2021
ocd-vote/ae1a48cb-ea24-40fb-ab5b-dd06c3c7b581,,Committee Amendment 0740s,['passage'],2021-03-18T00:00:00-04:00,pass,ocd-organization/c95932a0-2ac1-4f14-a0c4-ade8568daac6,ocd-bill/14dbb6e9-ca32-434c-9108-a463c35fe1a1,,New Hampshire,2021
ocd-vote/28e320bf-0ad2-460d-a3f3-57eeb8009de4,,Committee Amendment 0717s,['passage'],2021-03-18T00:00:00-04:00,pass,ocd-organization/c95932a0-2ac1-4f14-a0c4-ade8568daac6,ocd-bill/07759c4e-e2a7-4c52-82e6-125254d15cb9,,New Hampshire,2021
ocd-vote/e4a817a4-c6d9-4b56-a12c-8d23c4a06d0a,,Ought to Pass w/Amendment,['passage'],2021-03-18T00:00:00-04:00,pass,ocd-organization/c95932a0-2ac1-4f14-a0c4-ade8568daac6,ocd-bill/f9c1555e-d399-4a64-aa33-cf994a4dcead,,New Hampshire,2021
ocd-vote/5c2c8842-b268-412a-8502-d104fdda7e37,,Committee Amendment 0710s,['passage'],2021-03-18T00:00:00-04:00,pass,ocd-organization/c95932a0-2ac1-4f14-a0c4-ade8568daac6,ocd-bill/e8529c77-e500-47a0-966f-57895446fbd3,,New Hampshire,2021
ocd-vote/ef5487bb-57de-40fd-989a-3d758e84668f,,Laid on Table,['passage'],2021-03-18T00:00:00-04:00,pass,ocd-organization/c95932a0-2ac1-4f14-a0c4-ade8568daac6,ocd-bill/9dacd5a5-b9fb-4e50-8510-d2725f8b4b8a,,New Hampshire,2021
ocd-vote/cc7ad976-5a87-4b74-9b7d-c2f638335354,,Committee Amendment 0755s,['passage'],2021-03-18T00:00:00-04:00,pass,ocd-organization/c95932a0-2ac1-4f14-a0c4-ade8568daac6,ocd-bill/cd2566b4-7447-4631-a4e5-7aeabc1e1cdf,,New Hampshire,2021
ocd-vote/89533203-9ecb-4cb0-a2ba-dc106d2a6419,,Floor Amendment 0889s,['passage'],2021-03-18T00:00:00-04:00,pass,ocd-organization/c95932a0-2ac1-4f14-a0c4-ade8568daac6,ocd-bill/14dbb6e9-ca32-434c-9108-a463c35fe1a1,,New Hampshire,2021
ocd-vote/6395858d-38de-441a-b2f1-2e587fb504de,,Ought to Pass,['passage'],2021-03-18T00:00:00-04:00,pass,ocd-organization/c95932a0-2ac1-4f14-a0c4-ade8568daac6,ocd-bill/5e0976fe-0a77-43ab-beca-6009bbeca99e,,New Hampshire,2021
ocd-vote/42a19e88-2a1f-4e3e-8848-eddd633d01bd,,Reconsideration,['passage'],2021-03-18T00:00:00-04:00,pass,ocd-organization/c95932a0-2ac1-4f14-a0c4-ade8568daac6,ocd-bill/4dc49ed1-3396-4731-8c1c-3edcac8f1ea8,,New Hampshire,2021
ocd-vote/8d415a13-a0d2-45e1-89d2-fd72076ca2b8,,Rereferred,['passage'],2021-03-18T00:00:00-04:00,pass,ocd-organization/c95932a0-2ac1-4f14-a0c4-ade8568daac6,ocd-bill/1a12115e-ea95-47ed-b544-56745538e4e4,,New Hampshire,2021
ocd-vote/eeb5225b-9cb1-4442-85ef-89103404d2d8,,Inexpedient to Legislate,['passage'],2021-03-18T00:00:00-04:00,fail,ocd-organization/c95932a0-2ac1-4f14-a0c4-ade8568daac6,ocd-bill/ed284922-3905-4aeb-8fd4-0c5399004d96,,New Hampshire,2021
ocd-vote/08af8aad-6aad-4dc0-8475-d03c1e8d09d2,,Divide the Question Committee Amendment 0773s Sections 4 and 11,['passage'],2021-03-18T00:00:00-04:00,fail,ocd-organization/c95932a0-2ac1-4f14-a0c4-ade8568daac6,ocd-bill/c2c4a4fa-e38c-4e93-bde9-8e1810f4efa8,,New Hampshire,2021
ocd-vote/296901ee-150f-471f-8a43-bad3ae967487,,Ought to Pass w/Amendment,['passage'],2021-03-18T00:00:00-04:00,pass,ocd-organization/c95932a0-2ac1-4f14-a0c4-ade8568daac6,ocd-bill/e8529c77-e500-47a0-966f-57895446fbd3,,New Hampshire,2021
ocd-vote/6fbe81da-fb28-4fb5-bdd6-521a3c125def,,Committee Amendment 0733s,['passage'],2021-03-18T00:00:00-04:00,pass,ocd-organization/c95932a0-2ac1-4f14-a0c4-ade8568daac6,ocd-bill/9b8db186-386d-4213-9a76-04ef4d6c8678,,New Hampshire,2021
ocd-vote/268812ca-88c8-49dc-bc8a-34a8a7325c02,,Special Order,['passage'],2021-03-18T00:00:00-04:00,pass,ocd-organization/c95932a0-2ac1-4f14-a0c4-ade8568daac6,ocd-bill/cd663053-0a50-4628-8cec-5c05b9d6ff33,,New Hampshire,2021
ocd-vote/d77100d3-7fd6-4847-8448-36a05f3e0350,,OTPA Divide the Question Remainder of the bill,['passage'],2021-03-18T00:00:00-04:00,pass,ocd-organization/c95932a0-2ac1-4f14-a0c4-ade8568daac6,ocd-bill/1c5b9e57-372b-4882-b3b2-6248a5e5f26c,,New Hampshire,2021
ocd-vote/e5f916b2-0e69-4e9a-962a-3669c9b08b76,,Ought to Pass w/Amendment,['passage'],2021-03-18T00:00:00-04:00,pass,ocd-organization/c95932a0-2ac1-4f14-a0c4-ade8568daac6,ocd-bill/4dc49ed1-3396-4731-8c1c-3edcac8f1ea8,,New Hampshire,2021
ocd-vote/12cd138b-f9d5-4a06-ab91-10f72fce7ade,,Divide the Question Committee Amendment 0773s Remainder,['passage'],2021-03-18T00:00:00-04:00,pass,ocd-organization/c95932a0-2ac1-4f14-a0c4-ade8568daac6,ocd-bill/c2c4a4fa-e38c-4e93-bde9-8e1810f4efa8,,New Hampshire,2021
ocd-vote/757311b6-6004-4229-8635-282f13f87da0,,Ought to Pass w/Amendment,['passage'],2021-03-18T00:00:00-04:00,pass,ocd-organization/c95932a0-2ac1-4f14-a0c4-ade8568daac6,ocd-bill/4dc49ed1-3396-4731-8c1c-3edcac8f1ea8,,New Hampshire,2021
ocd-vote/8ddf11ee-3a71-40f5-a6ba-7e483948435c,,Floor Amendment 0883s,['passage'],2021-03-18T00:00:00-04:00,fail,ocd-organization/c95932a0-2ac1-4f14-a0c4-ade8568daac6,ocd-bill/9dacd5a5-b9fb-4e50-8510-d2725f8b4b8a,,New Hampshire,2021
ocd-vote/0efddb4b-0dc4-4684-a32d-981ffa69dd5f,,Inexpedient to Legislate,['passage'],2021-03-18T00:00:00-04:00,pass,ocd-organization/c95932a0-2ac1-4f14-a0c4-ade8568daac6,ocd-bill/a3049f21-cd67-41e2-8115-3ec394558711,,New Hampshire,2021
ocd-vote/e54fe2bc-ed07-4f9e-a95b-34449f7ce020,,Reconsideration,['passage'],2021-03-18T00:00:00-04:00,pass,ocd-organization/c95932a0-2ac1-4f14-a0c4-ade8568daac6,ocd-bill/9dacd5a5-b9fb-4e50-8510-d2725f8b4b8a,,New Hampshire,2021
ocd-vote/a4753a98-535b-4d26-a6ac-16148fca64d9,,Special Order,['passage'],2021-03-18T00:00:00-04:00,pass,ocd-organization/c95932a0-2ac1-4f14-a0c4-ade8568daac6,ocd-bill/ed284922-3905-4aeb-8fd4-0c5399004d96,,New Hampshire,2021
ocd-vote/410eec99-e48a-4ce1-b0b6-e74c1d849ffa,,Ought to Pass w/Amendment,['passage'],2021-03-18T00:00:00-04:00,pass,ocd-organization/c95932a0-2ac1-4f14-a0c4-ade8568daac6,ocd-bill/9dacd5a5-b9fb-4e50-8510-d2725f8b4b8a,,New Hampshire,2021
ocd-vote/03c11987-8ddc-41f5-8e2c-cce26d809d2e,,Inexpedient to Legislate,['passage'],2021-03-18T00:00:00-04:00,pass,ocd-organization/c95932a0-2ac1-4f14-a0c4-ade8568daac6,ocd-bill/4780ca9d-b6a9-4f27-8218-e193b1ac7405,,New Hampshire,2021
ocd-vote/26a00bb1-56c6-4c4f-b35c-ac95ffed06df,,Laid on Table,['passage'],2021-03-18T00:00:00-04:00,pass,ocd-organization/c95932a0-2ac1-4f14-a0c4-ade8568daac6,ocd-bill/70f87d8b-9a4e-4f7c-ad65-6608d56e6340,,New Hampshire,2021
ocd-vote/dfb73171-9a8d-45d9-81b9-aaf8881b7a1c,,Committee Amendment 0778s,['passage'],2021-03-18T00:00:00-04:00,pass,ocd-organization/c95932a0-2ac1-4f14-a0c4-ade8568daac6,ocd-bill/7f649202-524d-40b0-801a-3bb776b8422b,,New Hampshire,2021
ocd-vote/c4b880ff-2373-4015-b4b8-38cd536db055,,Ought to Pass w/Amendment,['passage'],2021-03-18T00:00:00-04:00,pass,ocd-organization/c95932a0-2ac1-4f14-a0c4-ade8568daac6,ocd-bill/14dbb6e9-ca32-434c-9108-a463c35fe1a1,,New Hampshire,2021
ocd-vote/bf24b2f8-df27-4c76-885c-5a48440685fd,,Ought to Pass w/Amendment,['passage'],2021-03-18T00:00:00-04:00,pass,ocd-organization/c95932a0-2ac1-4f14-a0c4-ade8568daac6,ocd-bill/fd45a232-d108-4f74-8cea-3e0eddc346ef,,New Hampshire,2021
ocd-vote/96f57a5c-c6e5-40d4-84b7-ac4e10aad6a5,,Rereferred,['passage'],2021-03-18T00:00:00-04:00,pass,ocd-organization/c95932a0-2ac1-4f14-a0c4-ade8568daac6,ocd-bill/051ccb1c-f81e-4410-be71-47572446e8aa,,New Hampshire,2021
ocd-vote/0c400e7d-0ddc-41ea-8776-e1790986a73e,,Ought to Pass w/Amendment,['passage'],2021-03-18T00:00:00-04:00,pass,ocd-organization/c95932a0-2ac1-4f14-a0c4-ade8568daac6,ocd-bill/07759c4e-e2a7-4c52-82e6-125254d15cb9,,New Hampshire,2021
ocd-vote/5e9d622e-5eb3-4d96-94aa-72e8eb5d7a92,,Floor Amendment 0876s,['passage'],2021-03-18T00:00:00-04:00,pass,ocd-organization/c95932a0-2ac1-4f14-a0c4-ade8568daac6,ocd-bill/4dc49ed1-3396-4731-8c1c-3edcac8f1ea8,,New Hampshire,2021
ocd-vote/e27ea2a5-d7fa-49e6-8f9d-f75238586a44,,Committee Amendment 0774s,['passage'],2021-03-18T00:00:00-04:00,pass,ocd-organization/c95932a0-2ac1-4f14-a0c4-ade8568daac6,ocd-bill/f9c1555e-d399-4a64-aa33-cf994a4dcead,,New Hampshire,2021
ocd-vote/f8661f3a-5561-4633-adf3-1e99cf485c06,,Floor Amendment 0885s,['passage'],2021-03-18T00:00:00-04:00,pass,ocd-organization/c95932a0-2ac1-4f14-a0c4-ade8568daac6,ocd-bill/9dacd5a5-b9fb-4e50-8510-d2725f8b4b8a,,New Hampshire,2021
ocd-vote/7ca74be8-35b2-4531-8ddf-1aeb3f28fbdb,,Committee Amendment 0779s,['passage'],2021-03-18T00:00:00-04:00,pass,ocd-organization/c95932a0-2ac1-4f14-a0c4-ade8568daac6,ocd-bill/1c5b9e57-372b-4882-b3b2-6248a5e5f26c,,New Hampshire,2021
ocd-vote/cd6cc7de-0be4-4347-b445-604fcfa8d13c,,Floor Amendment 0850s,['passage'],2021-03-18T00:00:00-04:00,pass,ocd-organization/c95932a0-2ac1-4f14-a0c4-ade8568daac6,ocd-bill/7f649202-524d-40b0-801a-3bb776b8422b,,New Hampshire,2021
ocd-vote/348a2f28-2180-47db-901e-499585ce46be,,Adjourn Recess to the Call of the Chair,['passage'],2021-03-25T00:00:00-04:00,pass,ocd-organization/c95932a0-2ac1-4f14-a0c4-ade8568daac6,ocd-bill/595c96a9-7928-4a9e-9876-cbfd58325ce7,,New Hampshire,2021
ocd-vote/6ddfadd4-e826-492e-912c-dcf382bf4c02,,Consent Calendar,['passage'],2021-03-25T00:00:00-04:00,pass,ocd-organization/c95932a0-2ac1-4f14-a0c4-ade8568daac6,ocd-bill/595c96a9-7928-4a9e-9876-cbfd58325ce7,,New Hampshire,2021
ocd-vote/1280f26f-b294-479b-bda8-aae87117dd25,,Ought to Pass,['passage'],2021-03-25T00:00:00-04:00,pass,ocd-organization/c95932a0-2ac1-4f14-a0c4-ade8568daac6,ocd-bill/241e8d7f-701a-49f4-b3cb-7e8e661d47f8,,New Hampshire,2021
ocd-vote/ea3ce20e-bd5d-4016-a179-c83903ec6c9c,,Personal Priviledge,['passage'],2021-03-25T00:00:00-04:00,pass,ocd-organization/c95932a0-2ac1-4f14-a0c4-ade8568daac6,ocd-bill/595c96a9-7928-4a9e-9876-cbfd58325ce7,,New Hampshire,2021
ocd-vote/0b7b5597-8ef5-4790-be3e-f040b8cd841b,,Adjourn Early Session,['passage'],2021-03-25T00:00:00-04:00,pass,ocd-organization/c95932a0-2ac1-4f14-a0c4-ade8568daac6,ocd-bill/595c96a9-7928-4a9e-9876-cbfd58325ce7,,New Hampshire,2021
ocd-vote/5e7da2b2-ddd7-418e-9218-79fe3649a805,,Finance Report,['passage'],2021-03-25T00:00:00-04:00,pass,ocd-organization/c95932a0-2ac1-4f14-a0c4-ade8568daac6,ocd-bill/595c96a9-7928-4a9e-9876-cbfd58325ce7,,New Hampshire,2021
ocd-vote/dd2b812a-53a0-40c7-8075-1a368e749e65,,Ought to Pass w/Amendment,['passage'],2021-03-25T00:00:00-04:00,pass,ocd-organization/c95932a0-2ac1-4f14-a0c4-ade8568daac6,ocd-bill/cd663053-0a50-4628-8cec-5c05b9d6ff33,,New Hampshire,2021
ocd-vote/1f88fbcf-5272-4cf9-baec-e3db6dbae678,,Ought to Pass,['passage'],2021-03-25T00:00:00-04:00,pass,ocd-organization/c95932a0-2ac1-4f14-a0c4-ade8568daac6,ocd-bill/6e959b4c-e441-4339-bd18-e0dfecc841b0,,New Hampshire,2021
ocd-vote/8da21b21-6e18-45de-9105-90bbbd4eff67,,Ought to Pass,['passage'],2021-03-25T00:00:00-04:00,pass,ocd-organization/c95932a0-2ac1-4f14-a0c4-ade8568daac6,ocd-bill/3f58919a-f4c4-49b9-abb3-410516f6722e,,New Hampshire,2021
ocd-vote/91cf857c-3ad9-4754-9997-34496a2fd1cb,,Ought to Pass w/Amendment,['passage'],2021-03-25T00:00:00-04:00,pass,ocd-organization/c95932a0-2ac1-4f14-a0c4-ade8568daac6,ocd-bill/ed284922-3905-4aeb-8fd4-0c5399004d96,,New Hampshire,2021
ocd-vote/02da6fd7-8877-4093-85fa-a9241e75c111,,Ought to Pass,['passage'],2021-03-25T00:00:00-04:00,pass,ocd-organization/c95932a0-2ac1-4f14-a0c4-ade8568daac6,ocd-bill/982df970-67e3-4a9e-a1a7-41fadcf40ffe,,New Hampshire,2021
ocd-vote/919b5a6e-ef44-4e87-9e6f-d38f8c7aaa9b,,Laid on Table,['passage'],2021-03-25T00:00:00-04:00,pass,ocd-organization/c95932a0-2ac1-4f14-a0c4-ade8568daac6,ocd-bill/249480b9-2f0c-497e-8ecf-90e211cf2cc0,,New Hampshire,2021
ocd-vote/e2bb9783-e675-4881-94ba-033f4b7aad32,,Floor Amendment 1014s,['passage'],2021-03-25T00:00:00-04:00,pass,ocd-organization/c95932a0-2ac1-4f14-a0c4-ade8568daac6,ocd-bill/ed284922-3905-4aeb-8fd4-0c5399004d96,,New Hampshire,2021
ocd-vote/e38656d0-5ae7-4569-b017-8a766fb1f75d,,Committee Amendment 0853s,['passage'],2021-03-25T00:00:00-04:00,pass,ocd-organization/c95932a0-2ac1-4f14-a0c4-ade8568daac6,ocd-bill/aca7357a-d5b3-431f-a855-92f0b6bc0bd9,,New Hampshire,2021
ocd-vote/de5b95ee-07bf-4b86-a57f-f14bff9ef985,,Floor Amendment 1000s,['passage'],2021-03-25T00:00:00-04:00,pass,ocd-organization/c95932a0-2ac1-4f14-a0c4-ade8568daac6,ocd-bill/814549df-1fd0-47f7-8dcc-45546373ba09,,New Hampshire,2021
ocd-vote/e0bf3777-af12-4aa8-a887-401ba643199d,,Committee Amendment 0865s,['passage'],2021-03-25T00:00:00-04:00,pass,ocd-organization/c95932a0-2ac1-4f14-a0c4-ade8568daac6,ocd-bill/edee10c6-5f85-472d-afd2-6a9e4b8fd865,,New Hampshire,2021
ocd-vote/f4d2f0c9-4c19-419d-88bc-adda242f4d30,,Committee Amendment 0857s,['passage'],2021-03-25T00:00:00-04:00,pass,ocd-organization/c95932a0-2ac1-4f14-a0c4-ade8568daac6,ocd-bill/814549df-1fd0-47f7-8dcc-45546373ba09,,New Hampshire,2021
ocd-vote/f9a90958-4628-4cdf-bb25-bd353f63a937,,Laid on Table,['passage'],2021-03-25T00:00:00-04:00,pass,ocd-organization/c95932a0-2ac1-4f14-a0c4-ade8568daac6,ocd-bill/0a210502-f495-49a1-8129-8d91254095d0,,New Hampshire,2021
ocd-vote/13a38ec8-5d26-4c48-95f1-a2624a75dd2f,,Ought to Pass,['passage'],2021-03-25T00:00:00-04:00,pass,ocd-organization/c95932a0-2ac1-4f14-a0c4-ade8568daac6,ocd-bill/1fc0e25b-e36c-40f9-9ab7-fe2ab8b77d37,,New Hampshire,2021
ocd-vote/1025e1d6-1b0b-41f3-b004-c3d1858dc7d3,,Ought to Pass w/Amendment,['passage'],2021-03-25T00:00:00-04:00,pass,ocd-organization/c95932a0-2ac1-4f14-a0c4-ade8568daac6,ocd-bill/814549df-1fd0-47f7-8dcc-45546373ba09,,New Hampshire,2021
ocd-vote/2557aac2-de00-4101-a77d-790cc4ce8e55,,Committee Amendment 0825s,['passage'],2021-03-25T00:00:00-04:00,pass,ocd-organization/c95932a0-2ac1-4f14-a0c4-ade8568daac6,ocd-bill/0ca4b57a-4f70-4f8b-8225-c094e242a0e6,,New Hampshire,2021
ocd-vote/70338403-a7e1-4102-9816-b1ccbb542cb3,,Laid on Table,['passage'],2021-03-25T00:00:00-04:00,pass,ocd-organization/c95932a0-2ac1-4f14-a0c4-ade8568daac6,ocd-bill/bc843e22-8e96-4a2a-9dcd-a38c1f253a17,,New Hampshire,2021
ocd-vote/df0ab8da-673e-4e8a-a85f-48c138fb9982,,Floor Amendment 1016s,['passage'],2021-03-25T00:00:00-04:00,pass,ocd-organization/c95932a0-2ac1-4f14-a0c4-ade8568daac6,ocd-bill/cd663053-0a50-4628-8cec-5c05b9d6ff33,,New Hampshire,2021
ocd-vote/08e04752-3177-4160-ac01-a7f5a162033f,,Ought to Pass w/Amendment,['passage'],2021-03-25T00:00:00-04:00,pass,ocd-organization/c95932a0-2ac1-4f14-a0c4-ade8568daac6,ocd-bill/aca7357a-d5b3-431f-a855-92f0b6bc0bd9,,New Hampshire,2021
ocd-vote/a80489dc-f77a-44f1-b255-22c8f80bf29c,,Ought to Pass w/Amendment,['passage'],2021-03-25T00:00:00-04:00,pass,ocd-organization/c95932a0-2ac1-4f14-a0c4-ade8568daac6,ocd-bill/edee10c6-5f85-472d-afd2-6a9e4b8fd865,,New Hampshire,2021
ocd-vote/04e99cc0-2b3d-47e2-8e23-f4ed4cc3e280,,Committee Amendment 0762s,['passage'],2021-03-25T00:00:00-04:00,fail,ocd-organization/c95932a0-2ac1-4f14-a0c4-ade8568daac6,ocd-bill/cd663053-0a50-4628-8cec-5c05b9d6ff33,,New Hampshire,2021
ocd-vote/471791cf-d4a4-46e4-aed7-35fb4861a91a,,Committee Amendment 0861s,['passage'],2021-03-25T00:00:00-04:00,pass,ocd-organization/c95932a0-2ac1-4f14-a0c4-ade8568daac6,ocd-bill/bc843e22-8e96-4a2a-9dcd-a38c1f253a17,,New Hampshire,2021
ocd-vote/9ab41ef9-186a-4e23-8a82-5ad506584d8a,,Ought to Pass w/Amendment,['passage'],2021-03-25T00:00:00-04:00,pass,ocd-organization/c95932a0-2ac1-4f14-a0c4-ade8568daac6,ocd-bill/0ca4b57a-4f70-4f8b-8225-c094e242a0e6,,New Hampshire,2021
ocd-vote/8540813a-d608-4cab-b7c7-5df74db193bf,,Attendance,['passage'],2021-03-25T00:00:00-04:00,pass,ocd-organization/c95932a0-2ac1-4f14-a0c4-ade8568daac6,ocd-bill/595c96a9-7928-4a9e-9876-cbfd58325ce7,,New Hampshire,2021
ocd-vote/e44a1337-9474-42bf-a6b5-9302d84ef2c6,,Ought to Pass w/Amendment,['passage'],2021-03-25T00:00:00-04:00,pass,ocd-organization/c95932a0-2ac1-4f14-a0c4-ade8568daac6,ocd-bill/bc843e22-8e96-4a2a-9dcd-a38c1f253a17,,New Hampshire,2021
ocd-vote/dbc2e76d-3865-45e1-8578-65859f2691a1,,Adjourn Late Session,['passage'],2021-03-25T00:00:00-04:00,pass,ocd-organization/c95932a0-2ac1-4f14-a0c4-ade8568daac6,ocd-bill/595c96a9-7928-4a9e-9876-cbfd58325ce7,,New Hampshire,2021
ocd-vote/d6cdfcad-32f5-4283-934f-af3d217705a4,,Ought to Pass w/Amendment,['passage'],2021-04-01T00:00:00-04:00,pass,ocd-organization/c95932a0-2ac1-4f14-a0c4-ade8568daac6,ocd-bill/4dc49ed1-3396-4731-8c1c-3edcac8f1ea8,,New Hampshire,2021
ocd-vote/166c0dce-f8ce-4735-b1bb-c9b9abdb2b17,,Ought to Pass w/Amendment,['passage'],2021-04-01T00:00:00-04:00,pass,ocd-organization/c95932a0-2ac1-4f14-a0c4-ade8568daac6,ocd-bill/c2c4a4fa-e38c-4e93-bde9-8e1810f4efa8,,New Hampshire,2021
ocd-vote/1d69f450-8fae-460d-85c0-9515f7b9e7fc,,Ought to Pass w/Amendment,['passage'],2021-04-01T00:00:00-04:00,pass,ocd-organization/c95932a0-2ac1-4f14-a0c4-ade8568daac6,ocd-bill/7be21b13-22c7-45e8-bc1c-fc343b699cde,,New Hampshire,2021
ocd-vote/fdcb6013-06e4-4eb5-bff0-273ec4a61e6e,,Rereferred,['passage'],2021-04-01T00:00:00-04:00,pass,ocd-organization/c95932a0-2ac1-4f14-a0c4-ade8568daac6,ocd-bill/fd45a232-d108-4f74-8cea-3e0eddc346ef,,New Hampshire,2021
ocd-vote/29736ad8-637c-4635-ac3f-5772557cdf4e,,Ought to Pass w/Amendment,['passage'],2021-04-01T00:00:00-04:00,pass,ocd-organization/c95932a0-2ac1-4f14-a0c4-ade8568daac6,ocd-bill/d8fd7332-e4b4-4743-a67c-12cf6d66517e,,New Hampshire,2021
ocd-vote/437a088b-baae-47ff-a31a-0452d1a6434f,,Ought to Pass,['passage'],2021-04-01T00:00:00-04:00,pass,ocd-organization/c95932a0-2ac1-4f14-a0c4-ade8568daac6,ocd-bill/c99266df-0ac6-493b-8dca-1dd8ffaedfa6,,New Hampshire,2021
ocd-vote/1865001e-764e-4d00-b570-7fdba0f89c0d,,Committee Amendment 0987s,['passage'],2021-04-01T00:00:00-04:00,pass,ocd-organization/c95932a0-2ac1-4f14-a0c4-ade8568daac6,ocd-bill/56d3f0d3-dcc5-4067-99be-386424cd53de,,New Hampshire,2021
ocd-vote/8f9d754b-7887-4c81-9715-fe74d6ab25bc,,Laid on Table,['passage'],2021-04-01T00:00:00-04:00,pass,ocd-organization/c95932a0-2ac1-4f14-a0c4-ade8568daac6,ocd-bill/5e0976fe-0a77-43ab-beca-6009bbeca99e,,New Hampshire,2021
ocd-vote/731ad1b9-85da-4054-94fe-62595167d09c,,Committee Amendment 0979s,['passage'],2021-04-01T00:00:00-04:00,pass,ocd-organization/c95932a0-2ac1-4f14-a0c4-ade8568daac6,ocd-bill/159758df-412f-4602-ab56-c6b1721ade0f,,New Hampshire,2021
ocd-vote/2d4a997b-52da-40c2-ac01-f2bc090aec24,,Inexpedient to Legislate,['passage'],2021-04-01T00:00:00-04:00,pass,ocd-organization/c95932a0-2ac1-4f14-a0c4-ade8568daac6,ocd-bill/90732e9c-2c05-406c-971b-38d3fee40c71,,New Hampshire,2021
ocd-vote/4af02ca2-4eb2-43d0-a807-661766c311ce,,Ought to Pass w/Amendment,['passage'],2021-04-01T00:00:00-04:00,pass,ocd-organization/c95932a0-2ac1-4f14-a0c4-ade8568daac6,ocd-bill/4c2aae91-868b-4f3b-80fb-500d49f35b09,,New Hampshire,2021
ocd-vote/3f32faae-2286-44d8-9389-a199e22f29d8,,Committee Amendment 1009s,['passage'],2021-04-01T00:00:00-04:00,pass,ocd-organization/c95932a0-2ac1-4f14-a0c4-ade8568daac6,ocd-bill/cbc1137e-1c32-4709-8404-4c7e4873e5f4,,New Hampshire,2021
ocd-vote/5e414236-05b2-4195-8515-6b4f2d2eac88,,Ought to Pass w/Amendment,['passage'],2021-04-01T00:00:00-04:00,pass,ocd-organization/c95932a0-2ac1-4f14-a0c4-ade8568daac6,ocd-bill/72cbda40-0ab5-4c85-affa-834a3321271e,,New Hampshire,2021
ocd-vote/f3be47aa-9af7-454f-9960-759a2011442c,,Ought to Pass,['passage'],2021-04-01T00:00:00-04:00,pass,ocd-organization/c95932a0-2ac1-4f14-a0c4-ade8568daac6,ocd-bill/e17967d4-f5e4-4261-9051-f9b68a9fbdf4,,New Hampshire,2021
ocd-vote/373c0608-1303-43b6-85ac-3443713e95fc,,Committee Amendment 1001s,['passage'],2021-04-01T00:00:00-04:00,pass,ocd-organization/c95932a0-2ac1-4f14-a0c4-ade8568daac6,ocd-bill/7be21b13-22c7-45e8-bc1c-fc343b699cde,,New Hampshire,2021
ocd-vote/3e6b0e84-fa8a-407a-a160-dec7e17dcc91,,Floor Amendment 1076s,['passage'],2021-04-01T00:00:00-04:00,fail,ocd-organization/c95932a0-2ac1-4f14-a0c4-ade8568daac6,ocd-bill/f78c4b73-88e9-428d-aca4-784d45670ac8,,New Hampshire,2021
ocd-vote/59646819-5308-4856-8c02-f66cdc856b09,,Committee Amendment 0998s,['passage'],2021-04-01T00:00:00-04:00,pass,ocd-organization/c95932a0-2ac1-4f14-a0c4-ade8568daac6,ocd-bill/8d19db9f-26b6-4038-ae2a-1cd09bf44060,,New Hampshire,2021
ocd-vote/2a88e231-f004-4d35-a039-c06427b6463b,,Committee Amendment 1053s,['passage'],2021-04-01T00:00:00-04:00,pass,ocd-organization/c95932a0-2ac1-4f14-a0c4-ade8568daac6,ocd-bill/4dc49ed1-3396-4731-8c1c-3edcac8f1ea8,,New Hampshire,2021
ocd-vote/18219a01-e1e0-4c2e-b630-5546ed775b07,,Floor Amendment 1005s,['passage'],2021-04-01T00:00:00-04:00,fail,ocd-organization/c95932a0-2ac1-4f14-a0c4-ade8568daac6,ocd-bill/f78c4b73-88e9-428d-aca4-784d45670ac8,,New Hampshire,2021
ocd-vote/1a91b193-1813-4294-80ec-28d98e925665,,Divide Part II,['passage'],2021-04-01T00:00:00-04:00,pass,ocd-organization/c95932a0-2ac1-4f14-a0c4-ade8568daac6,ocd-bill/1c5b9e57-372b-4882-b3b2-6248a5e5f26c,,New Hampshire,2021
ocd-vote/2b648f39-c752-4d6b-b27d-0fe0613f67e1,,Ought to Pass w/Amendment,['passage'],2021-04-01T00:00:00-04:00,pass,ocd-organization/c95932a0-2ac1-4f14-a0c4-ade8568daac6,ocd-bill/cbc1137e-1c32-4709-8404-4c7e4873e5f4,,New Hampshire,2021
ocd-vote/018ff20c-c0da-44aa-a5d8-b6ebbfda5c2c,,Committee Amendment 0996s,['passage'],2021-04-01T00:00:00-04:00,pass,ocd-organization/c95932a0-2ac1-4f14-a0c4-ade8568daac6,ocd-bill/c2c4a4fa-e38c-4e93-bde9-8e1810f4efa8,,New Hampshire,2021
ocd-vote/daa2a092-0587-4552-a7ae-c524a1246ee1,,Laid on Table,['passage'],2021-04-01T00:00:00-04:00,pass,ocd-organization/c95932a0-2ac1-4f14-a0c4-ade8568daac6,ocd-bill/1a3622c5-54e1-42d3-9b87-e03335f6f7e9,,New Hampshire,2021
ocd-vote/4ecb7074-5212-4921-9ac4-03612b11b452,,Floor Amendment 1061s,['passage'],2021-04-01T00:00:00-04:00,fail,ocd-organization/c95932a0-2ac1-4f14-a0c4-ade8568daac6,ocd-bill/159758df-412f-4602-ab56-c6b1721ade0f,,New Hampshire,2021
ocd-vote/9448b01e-4737-464f-95ec-cd7ae6a11f7a,,Laid on Table,['passage'],2021-04-01T00:00:00-04:00,pass,ocd-organization/c95932a0-2ac1-4f14-a0c4-ade8568daac6,ocd-bill/e17967d4-f5e4-4261-9051-f9b68a9fbdf4,,New Hampshire,2021
ocd-vote/08b5dd89-9376-46b2-ae1e-130eaf8ca670,,Divide Remainder,['passage'],2021-04-01T00:00:00-04:00,pass,ocd-organization/c95932a0-2ac1-4f14-a0c4-ade8568daac6,ocd-bill/1c5b9e57-372b-4882-b3b2-6248a5e5f26c,,New Hampshire,2021
ocd-vote/ab99da0e-d37c-4fb6-b346-0eccf7c08e16,,Ought to Pass w/Amendment,['passage'],2021-04-01T00:00:00-04:00,pass,ocd-organization/c95932a0-2ac1-4f14-a0c4-ade8568daac6,ocd-bill/56d3f0d3-dcc5-4067-99be-386424cd53de,,New Hampshire,2021
ocd-vote/a7537b2e-11cb-4a38-86b9-075001141dc5,,Committee Amendment 0983s,['passage'],2021-04-01T00:00:00-04:00,pass,ocd-organization/c95932a0-2ac1-4f14-a0c4-ade8568daac6,ocd-bill/5b972116-a014-4c38-abd2-666f1ce53647,,New Hampshire,2021
ocd-vote/c546b146-6297-49c0-b543-a788eedfd99c,,Ought to Pass w/Amendment,['passage'],2021-04-01T00:00:00-04:00,pass,ocd-organization/c95932a0-2ac1-4f14-a0c4-ade8568daac6,ocd-bill/8d19db9f-26b6-4038-ae2a-1cd09bf44060,,New Hampshire,2021
ocd-vote/da91c869-4039-45c5-bdc4-ca27c30f977d,,Floor Amendment 1058s,['passage'],2021-04-01T00:00:00-04:00,fail,ocd-organization/c95932a0-2ac1-4f14-a0c4-ade8568daac6,ocd-bill/c2c4a4fa-e38c-4e93-bde9-8e1810f4efa8,,New Hampshire,2021
ocd-vote/4c1f1f80-19bf-4f2f-8ea6-f620581d28f2,,Ought to Pass,['passage'],2021-04-01T00:00:00-04:00,pass,ocd-organization/c95932a0-2ac1-4f14-a0c4-ade8568daac6,ocd-bill/f78c4b73-88e9-428d-aca4-784d45670ac8,,New Hampshire,2021
ocd-vote/6112afdf-70d6-4cb7-b2a4-1f9ae4757501,,Committee Amendment 1054s,['passage'],2021-04-01T00:00:00-04:00,pass,ocd-organization/c95932a0-2ac1-4f14-a0c4-ade8568daac6,ocd-bill/7f649202-524d-40b0-801a-3bb776b8422b,,New Hampshire,2021
ocd-vote/5aec31d7-9f3e-438c-a5e3-d66ab7e554f9,,Ought to Pass w/Amendment,['passage'],2021-04-01T00:00:00-04:00,pass,ocd-organization/c95932a0-2ac1-4f14-a0c4-ade8568daac6,ocd-bill/1a3622c5-54e1-42d3-9b87-e03335f6f7e9,,New Hampshire,2021
ocd-vote/f4a5fa31-49fb-4af6-a99c-c8a60148e518,,Ought to Pass w/Amendment,['passage'],2021-04-01T00:00:00-04:00,pass,ocd-organization/c95932a0-2ac1-4f14-a0c4-ade8568daac6,ocd-bill/7f649202-524d-40b0-801a-3bb776b8422b,,New Hampshire,2021
ocd-vote/06f35061-2dc9-4088-88ab-c0757f0539d1,,Rereferred,['passage'],2021-04-01T00:00:00-04:00,pass,ocd-organization/c95932a0-2ac1-4f14-a0c4-ade8568daac6,ocd-bill/b5331a5f-f8fc-4756-bfe7-cc8f60fc07df,,New Hampshire,2021
ocd-vote/ef8f9fee-527e-4c9f-aefa-541f7c1c5f4b,,Committee Amendment 1022s,['passage'],2021-04-01T00:00:00-04:00,pass,ocd-organization/c95932a0-2ac1-4f14-a0c4-ade8568daac6,ocd-bill/4c2aae91-868b-4f3b-80fb-500d49f35b09,,New Hampshire,2021
ocd-vote/77d54681-2b53-4bed-963a-2f78cd585fef,,Committee Amendment 0970s,['passage'],2021-04-01T00:00:00-04:00,pass,ocd-organization/c95932a0-2ac1-4f14-a0c4-ade8568daac6,ocd-bill/1a3622c5-54e1-42d3-9b87-e03335f6f7e9,,New Hampshire,2021
ocd-vote/e457594f-c0cd-4571-8d01-d8e30c3c8ee4,,Inexpedient to Legislate,['passage'],2021-04-01T00:00:00-04:00,pass,ocd-organization/c95932a0-2ac1-4f14-a0c4-ade8568daac6,ocd-bill/5317fbba-d124-4650-a2ee-8734fe65c43f,,New Hampshire,2021
ocd-vote/dd26d941-4459-4162-b8a4-fde713307273,,Laid on Table,['passage'],2021-04-01T00:00:00-04:00,pass,ocd-organization/c95932a0-2ac1-4f14-a0c4-ade8568daac6,ocd-bill/c99266df-0ac6-493b-8dca-1dd8ffaedfa6,,New Hampshire,2021
ocd-vote/763cffb8-833b-417f-860d-decac7bfec64,,Ought to Pass w/Amendment,['passage'],2021-04-01T00:00:00-04:00,pass,ocd-organization/c95932a0-2ac1-4f14-a0c4-ade8568daac6,ocd-bill/159758df-412f-4602-ab56-c6b1721ade0f,,New Hampshire,2021
ocd-vote/510dcc7e-14f4-4116-ac39-3cef3585cf91,,Ought to Pass w/Amendment,['passage'],2021-04-01T00:00:00-04:00,pass,ocd-organization/c95932a0-2ac1-4f14-a0c4-ade8568daac6,ocd-bill/5b972116-a014-4c38-abd2-666f1ce53647,,New Hampshire,2021
ocd-vote/a47ba7df-f29f-455a-a869-8d6fe838f6ad,,Laid on Table,['passage'],2021-04-01T00:00:00-04:00,pass,ocd-organization/c95932a0-2ac1-4f14-a0c4-ade8568daac6,ocd-bill/8d19db9f-26b6-4038-ae2a-1cd09bf44060,,New Hampshire,2021
ocd-vote/bc8b61f2-2c7b-4baf-a45c-6d60d3b871b6,,Committee Amendment 0997s,['passage'],2021-04-01T00:00:00-04:00,pass,ocd-organization/c95932a0-2ac1-4f14-a0c4-ade8568daac6,ocd-bill/72cbda40-0ab5-4c85-affa-834a3321271e,,New Hampshire,2021
ocd-vote/96b67d05-faaf-4c24-b15f-ad24585d0b06,,Rereferred,['passage'],2021-04-01T00:00:00-04:00,fail,ocd-organization/c95932a0-2ac1-4f14-a0c4-ade8568daac6,ocd-bill/b5331a5f-f8fc-4756-bfe7-cc8f60fc07df,,New Hampshire,2021
ocd-vote/d53079f3-a10a-4b38-91fb-c5f50325f1eb,,Remove from Table,['passage'],2021-04-01T00:00:00-04:00,fail,ocd-organization/c95932a0-2ac1-4f14-a0c4-ade8568daac6,ocd-bill/149015c5-a008-4a8e-9f89-ec48ccd3bf49,,New Hampshire,2021
ocd-vote/8b134089-3293-44c6-a49e-d1e8fb0234df,,Laid on Table,['passage'],2021-04-01T00:00:00-04:00,pass,ocd-organization/c95932a0-2ac1-4f14-a0c4-ade8568daac6,ocd-bill/cbc1137e-1c32-4709-8404-4c7e4873e5f4,,New Hampshire,2021
ocd-vote/713ba2fc-4342-4ed1-a2d1-ea8d52657557,,Ought to Pass,['passage'],2021-04-01T00:00:00-04:00,pass,ocd-organization/c95932a0-2ac1-4f14-a0c4-ade8568daac6,ocd-bill/5e0976fe-0a77-43ab-beca-6009bbeca99e,,New Hampshire,2021
ocd-vote/f503a7c4-4af7-4f5f-87c7-6d5c003a5d35,,Committee Amendment 1055s,['passage'],2021-04-01T00:00:00-04:00,pass,ocd-organization/c95932a0-2ac1-4f14-a0c4-ade8568daac6,ocd-bill/d8fd7332-e4b4-4743-a67c-12cf6d66517e,,New Hampshire,2021
ocd-vote/97922080-9c66-4c01-9265-c5e7390da97f,,Adopt Amendment 2021-1045h,['passage'],2021-04-07T00:00:00-04:00,pass,ocd-organization/3b857974-4029-4508-94d4-ce3b86c64602,ocd-bill/ef0d71b0-a51d-475b-966e-a53ea6ca3b0c,,New Hampshire,2021
ocd-vote/44799d8b-6f78-4eb9-b3b6-99f9c962ece9,,Adopt Amendment 2021-1083h (Nordgren),['passage'],2021-04-07T00:00:00-04:00,fail,ocd-organization/3b857974-4029-4508-94d4-ce3b86c64602,ocd-bill/ef0d71b0-a51d-475b-966e-a53ea6ca3b0c,,New Hampshire,2021
ocd-vote/378b0095-db52-4b88-8a1a-4c949db4d3c4,,Adopt Amendment 2021-1063h (Hatch),['passage'],2021-04-07T00:00:00-04:00,fail,ocd-organization/3b857974-4029-4508-94d4-ce3b86c64602,ocd-bill/7874dca1-f5d2-4916-a5b1-0b2f0d854ea2,,New Hampshire,2021
ocd-vote/48440a41-f96b-4364-af33-83d5ae4faad8,,Adopt Amendment 2021-1104h (Almy),['passage'],2021-04-07T00:00:00-04:00,fail,ocd-organization/3b857974-4029-4508-94d4-ce3b86c64602,ocd-bill/7874dca1-f5d2-4916-a5b1-0b2f0d854ea2,,New Hampshire,2021
ocd-vote/ed6d58b8-ed0c-4227-9483-4efef10d282e,,Adopt Amendment 2021-0411h,['passage'],2021-04-07T00:00:00-04:00,pass,ocd-organization/3b857974-4029-4508-94d4-ce3b86c64602,ocd-bill/047e8c32-6d03-4570-b652-7a346f289c4b,,New Hampshire,2021
ocd-vote/4972d49d-4547-49be-a198-ffb6349113a1,,OTP,['passage'],2021-04-07T00:00:00-04:00,pass,ocd-organization/3b857974-4029-4508-94d4-ce3b86c64602,ocd-bill/9444b493-56b7-4f98-b14d-e0e8b444e673,,New Hampshire,2021
ocd-vote/d3acd9b8-96be-41c0-98d2-e86b84e6aaf1,,Adopt Amendment 2021-1091h (Nordgren),['passage'],2021-04-07T00:00:00-04:00,fail,ocd-organization/3b857974-4029-4508-94d4-ce3b86c64602,ocd-bill/ef0d71b0-a51d-475b-966e-a53ea6ca3b0c,,New Hampshire,2021
ocd-vote/6d720459-01c2-4087-b3ac-fef31d050d77,,OTPA,['passage'],2021-04-07T00:00:00-04:00,pass,ocd-organization/3b857974-4029-4508-94d4-ce3b86c64602,ocd-bill/f79ba077-621b-480d-8db7-d3ff0270ea3b,,New Hampshire,2021
ocd-vote/97890eda-2c32-47dc-bddb-899560d46a09,,OTPA,['passage'],2021-04-07T00:00:00-04:00,pass,ocd-organization/3b857974-4029-4508-94d4-ce3b86c64602,ocd-bill/ef0d71b0-a51d-475b-966e-a53ea6ca3b0c,,New Hampshire,2021
ocd-vote/f0098916-bfa5-4752-834f-60b421b81e4e,,OTPA,['passage'],2021-04-07T00:00:00-04:00,pass,ocd-organization/3b857974-4029-4508-94d4-ce3b86c64602,ocd-bill/7874dca1-f5d2-4916-a5b1-0b2f0d854ea2,,New Hampshire,2021
ocd-vote/1cc43206-6251-48cf-83b0-c1f1120d4262,,OTPA,['passage'],2021-04-07T00:00:00-04:00,pass,ocd-organization/3b857974-4029-4508-94d4-ce3b86c64602,ocd-bill/047e8c32-6d03-4570-b652-7a346f289c4b,,New Hampshire,2021
ocd-vote/b80852d1-832d-43cf-aa07-63a2f5eaf934,,Adopt Amendment 2021-1062h (Heath),['passage'],2021-04-07T00:00:00-04:00,fail,ocd-organization/3b857974-4029-4508-94d4-ce3b86c64602,ocd-bill/7874dca1-f5d2-4916-a5b1-0b2f0d854ea2,,New Hampshire,2021
ocd-vote/6bcf2d36-47a8-41ce-91dd-7123160ab5b6,,Adopt Amendment 2021-1068h (Rogers),['passage'],2021-04-07T00:00:00-04:00,fail,ocd-organization/3b857974-4029-4508-94d4-ce3b86c64602,ocd-bill/7874dca1-f5d2-4916-a5b1-0b2f0d854ea2,,New Hampshire,2021
ocd-vote/99fa1e3a-eb0e-4eef-9e49-25c9b01c2b28,,OTPA,['passage'],2021-04-07T00:00:00-04:00,pass,ocd-organization/3b857974-4029-4508-94d4-ce3b86c64602,ocd-bill/3228830f-9b5c-490e-bd28-3a63a3447970,,New Hampshire,2021
ocd-vote/daff5761-b025-4fec-86f0-c891310cf863,,Adopt Amendment 2021-1066h (Nordgren),['passage'],2021-04-07T00:00:00-04:00,fail,ocd-organization/3b857974-4029-4508-94d4-ce3b86c64602,ocd-bill/7874dca1-f5d2-4916-a5b1-0b2f0d854ea2,,New Hampshire,2021
ocd-vote/a57e1395-c8b2-4ae5-8711-2b5d439128b7,,Adopt Amendment 2021-1071h (McWilliams),['passage'],2021-04-07T00:00:00-04:00,fail,ocd-organization/3b857974-4029-4508-94d4-ce3b86c64602,ocd-bill/7874dca1-f5d2-4916-a5b1-0b2f0d854ea2,,New Hampshire,2021
ocd-vote/2f2a7f67-d692-4113-bbf9-47de124434ee,,Adopt Amendment 2021-1093h (Leishman),['passage'],2021-04-07T00:00:00-04:00,fail,ocd-organization/3b857974-4029-4508-94d4-ce3b86c64602,ocd-bill/7874dca1-f5d2-4916-a5b1-0b2f0d854ea2,,New Hampshire,2021
ocd-vote/1be774cc-9b72-4e90-bfd1-34033b0b32b3,,Adopt Amendment 2021-1085h (Wallner),['passage'],2021-04-07T00:00:00-04:00,fail,ocd-organization/3b857974-4029-4508-94d4-ce3b86c64602,ocd-bill/ef0d71b0-a51d-475b-966e-a53ea6ca3b0c,,New Hampshire,2021
ocd-vote/dda723f7-935a-4114-b317-005584700e6b,,Adopt Amendment 2021-1065h (Nordgren),['passage'],2021-04-07T00:00:00-04:00,fail,ocd-organization/3b857974-4029-4508-94d4-ce3b86c64602,ocd-bill/7874dca1-f5d2-4916-a5b1-0b2f0d854ea2,,New Hampshire,2021
ocd-vote/e77731b2-a410-41cb-b816-31030c30737c,,Reconsider,['passage'],2021-04-07T00:00:00-04:00,fail,ocd-organization/3b857974-4029-4508-94d4-ce3b86c64602,ocd-bill/7874dca1-f5d2-4916-a5b1-0b2f0d854ea2,,New Hampshire,2021
ocd-vote/fd3021f7-9fc7-4662-8a77-8b96d4af9efd,,Adopt Amendment 2021-0758h,['passage'],2021-04-07T00:00:00-04:00,pass,ocd-organization/3b857974-4029-4508-94d4-ce3b86c64602,ocd-bill/3228830f-9b5c-490e-bd28-3a63a3447970,,New Hampshire,2021
ocd-vote/95906605-d7fd-427c-929f-af90f522b165,,Adopt Amendment 2021-1064h (Walz),['passage'],2021-04-07T00:00:00-04:00,fail,ocd-organization/3b857974-4029-4508-94d4-ce3b86c64602,ocd-bill/7874dca1-f5d2-4916-a5b1-0b2f0d854ea2,,New Hampshire,2021
ocd-vote/db267990-9f69-40f1-a941-3ceca4e97ca0,,Adopt Amendment 2021-1069h (Nordgren),['passage'],2021-04-07T00:00:00-04:00,fail,ocd-organization/3b857974-4029-4508-94d4-ce3b86c64602,ocd-bill/7874dca1-f5d2-4916-a5b1-0b2f0d854ea2,,New Hampshire,2021
ocd-vote/adb7c8d1-bffb-465f-8fde-22daaae679d1,,Adopt Amendment 2021-1078h (Rogers),['passage'],2021-04-07T00:00:00-04:00,fail,ocd-organization/3b857974-4029-4508-94d4-ce3b86c64602,ocd-bill/ef0d71b0-a51d-475b-966e-a53ea6ca3b0c,,New Hampshire,2021
ocd-vote/24f85aac-50be-43f5-a884-9ec255813873,,OTP,['passage'],2021-04-07T00:00:00-04:00,pass,ocd-organization/3b857974-4029-4508-94d4-ce3b86c64602,ocd-bill/d3346026-bafc-4e91-90aa-aa0da8ce4559,,New Hampshire,2021
ocd-vote/940b94fc-03ab-4d5c-9806-17f26fcf2558,,Adopt Amendment 2021-1059h,['passage'],2021-04-07T00:00:00-04:00,pass,ocd-organization/3b857974-4029-4508-94d4-ce3b86c64602,ocd-bill/7874dca1-f5d2-4916-a5b1-0b2f0d854ea2,,New Hampshire,2021
ocd-vote/67642515-7777-4e50-9de0-7270325d4703,,Adopt Amendment 2021-1073h (Heath),['passage'],2021-04-07T00:00:00-04:00,fail,ocd-organization/3b857974-4029-4508-94d4-ce3b86c64602,ocd-bill/7874dca1-f5d2-4916-a5b1-0b2f0d854ea2,,New Hampshire,2021
ocd-vote/71984d66-8135-4577-8b76-a46f5f0f7f7d,,Adopt Amendment 2021-1077h (Rogers),['passage'],2021-04-07T00:00:00-04:00,fail,ocd-organization/3b857974-4029-4508-94d4-ce3b86c64602,ocd-bill/ef0d71b0-a51d-475b-966e-a53ea6ca3b0c,,New Hampshire,2021
ocd-vote/fd6e32ae-6aa9-4066-91bf-06d23607d6d9,,Adopt Amendment 2021-1094h (Hatch),['passage'],2021-04-07T00:00:00-04:00,fail,ocd-organization/3b857974-4029-4508-94d4-ce3b86c64602,ocd-bill/7874dca1-f5d2-4916-a5b1-0b2f0d854ea2,,New Hampshire,2021
ocd-vote/92576ed6-c8b8-4b95-abe7-68b5c6c647f6,,OTP,['passage'],2021-04-08T00:00:00-04:00,pass,ocd-organization/3b857974-4029-4508-94d4-ce3b86c64602,ocd-bill/9acd79cb-447d-4c43-9acb-4518a4d3640b,,New Hampshire,2021
ocd-vote/f9591cbd-7d03-405a-92c6-73ce088a93e2,,Ought to Pass w/Amendment,['passage'],2021-04-08T00:00:00-04:00,pass,ocd-organization/c95932a0-2ac1-4f14-a0c4-ade8568daac6,ocd-bill/c8439076-84bb-42a6-ac02-1848cca0d354,,New Hampshire,2021
ocd-vote/023787db-3fe9-4e05-bf86-b5833cc44770,,Committee Amendment 1114s,['passage'],2021-04-08T00:00:00-04:00,pass,ocd-organization/c95932a0-2ac1-4f14-a0c4-ade8568daac6,ocd-bill/4e28dc94-bf30-421b-b4b8-c71db2d32644,,New Hampshire,2021
ocd-vote/ed7eb9de-a13a-4a40-ab36-be1c3a4cb103,,OTPA,['passage'],2021-04-08T00:00:00-04:00,pass,ocd-organization/3b857974-4029-4508-94d4-ce3b86c64602,ocd-bill/dcb42340-b741-42ba-9bb0-f1fe0d759281,,New Hampshire,2021
ocd-vote/83e205e2-be0d-466c-926a-075bee9c8aeb,,OTPA,['passage'],2021-04-08T00:00:00-04:00,pass,ocd-organization/3b857974-4029-4508-94d4-ce3b86c64602,ocd-bill/aeb0f226-612b-42d8-83b3-b8a99029aaf1,,New Hampshire,2021
ocd-vote/63fbbe1e-bc37-4c17-9cdc-b37fcee45467,,OTPA,['passage'],2021-04-08T00:00:00-04:00,pass,ocd-organization/3b857974-4029-4508-94d4-ce3b86c64602,ocd-bill/90a787b8-ffda-447d-9130-98306147ebbd,,New Hampshire,2021
ocd-vote/c1490057-abcf-439b-a488-05dc1a028541,,Table,['passage'],2021-04-08T00:00:00-04:00,pass,ocd-organization/3b857974-4029-4508-94d4-ce3b86c64602,ocd-bill/e61c7488-6f46-4f77-ae05-083cba5df3df,,New Hampshire,2021
ocd-vote/968c58d3-3345-465e-90b1-d27ef4393052,,Reconsider,['passage'],2021-04-08T00:00:00-04:00,fail,ocd-organization/3b857974-4029-4508-94d4-ce3b86c64602,ocd-bill/e03a5e18-055e-424b-8389-f68f24c693da,,New Hampshire,2021
ocd-vote/2ae61585-102d-46e8-a720-3e7aa2055651,,OTPA,['passage'],2021-04-08T00:00:00-04:00,pass,ocd-organization/3b857974-4029-4508-94d4-ce3b86c64602,ocd-bill/66f87e37-5aeb-4e8b-a4e9-a53e7132a996,,New Hampshire,2021
ocd-vote/16a7fb6e-5404-4156-9e9f-efca52deed0a,,Table,['passage'],2021-04-08T00:00:00-04:00,pass,ocd-organization/3b857974-4029-4508-94d4-ce3b86c64602,ocd-bill/6b216159-5557-4b72-936a-3f1c1d2fc3fa,,New Hampshire,2021
ocd-vote/32682546-f1c1-4db2-aec5-0e090bf74ea2,,Ought to Pass w/Amendment,['passage'],2021-04-08T00:00:00-04:00,pass,ocd-organization/c95932a0-2ac1-4f14-a0c4-ade8568daac6,ocd-bill/4e28dc94-bf30-421b-b4b8-c71db2d32644,,New Hampshire,2021
ocd-vote/3c268880-e079-401a-bca6-172977823db5,,Ought to Pass,['passage'],2021-04-08T00:00:00-04:00,pass,ocd-organization/c95932a0-2ac1-4f14-a0c4-ade8568daac6,ocd-bill/4bfd8adc-424f-4073-9fa4-dbf94cb573a8,,New Hampshire,2021
ocd-vote/fe1423c5-0d50-4fdf-81d3-90b39f95fce6,,OTPA,['passage'],2021-04-08T00:00:00-04:00,pass,ocd-organization/3b857974-4029-4508-94d4-ce3b86c64602,ocd-bill/cd0c2ee4-f39b-4196-beaa-9ffee4691294,,New Hampshire,2021
ocd-vote/9bac56b9-85f7-492a-8f02-70a97b9781bd,,OTP,['passage'],2021-04-08T00:00:00-04:00,pass,ocd-organization/3b857974-4029-4508-94d4-ce3b86c64602,ocd-bill/457549a9-ab6a-45d7-aaa4-641313852e1d,,New Hampshire,2021
ocd-vote/0b7bb17e-7ab0-4f64-bc0d-77ba54ce37a4,,OTP,['passage'],2021-04-08T00:00:00-04:00,pass,ocd-organization/3b857974-4029-4508-94d4-ce3b86c64602,ocd-bill/530fb629-54ec-4594-8510-705c3cc943b8,,New Hampshire,2021
ocd-vote/45a8e181-d8f0-4c5a-8cd1-c6ef037f3171,,ITL,['passage'],2021-04-08T00:00:00-04:00,pass,ocd-organization/3b857974-4029-4508-94d4-ce3b86c64602,ocd-bill/49a2ab27-0245-4649-989c-7266967f4165,,New Hampshire,2021
ocd-vote/3b2b14c3-f2aa-4e8a-b706-6ba9e4fffb4d,,OTP,['passage'],2021-04-08T00:00:00-04:00,pass,ocd-organization/3b857974-4029-4508-94d4-ce3b86c64602,ocd-bill/e03a5e18-055e-424b-8389-f68f24c693da,,New Hampshire,2021
ocd-vote/2e354394-ee47-47ee-a388-83d3b7ff504a,,OTP,['passage'],2021-04-08T00:00:00-04:00,pass,ocd-organization/3b857974-4029-4508-94d4-ce3b86c64602,ocd-bill/d46c6e60-b5b8-4998-b6af-fd0b1cd8d11b,,New Hampshire,2021
ocd-vote/1565930e-172c-43bd-8375-4642ba201449,,OTP,['passage'],2021-04-08T00:00:00-04:00,pass,ocd-organization/3b857974-4029-4508-94d4-ce3b86c64602,ocd-bill/aa7712da-af02-467d-b3f2-9c19426cc83f,,New Hampshire,2021
ocd-vote/342a9532-f4b9-4618-a83e-3733873ee80d,,OTPA,['passage'],2021-04-08T00:00:00-04:00,pass,ocd-organization/3b857974-4029-4508-94d4-ce3b86c64602,ocd-bill/a4d5bcff-f33c-4f21-ad6c-22596c9a0474,,New Hampshire,2021
ocd-vote/c05f4179-5c19-4dad-95ed-daf8e7e3ebad,,OTPA,['passage'],2021-04-08T00:00:00-04:00,pass,ocd-organization/3b857974-4029-4508-94d4-ce3b86c64602,ocd-bill/e866e550-a612-4217-b7cf-560d3d94ce03,,New Hampshire,2021
ocd-vote/7a047566-7326-4bb1-81fa-964ebeb965dc,,OTP,['passage'],2021-04-08T00:00:00-04:00,fail,ocd-organization/3b857974-4029-4508-94d4-ce3b86c64602,ocd-bill/49a2ab27-0245-4649-989c-7266967f4165,,New Hampshire,2021
ocd-vote/c317c2d3-e707-494e-9b0e-59db928d006b,,Table,['passage'],2021-04-08T00:00:00-04:00,pass,ocd-organization/3b857974-4029-4508-94d4-ce3b86c64602,ocd-bill/5e045b27-6e23-494e-8cb3-b9662886e013,,New Hampshire,2021
ocd-vote/4a223f73-87ac-4a9b-b003-7906bda88790,,OTP,['passage'],2021-04-08T00:00:00-04:00,fail,ocd-organization/3b857974-4029-4508-94d4-ce3b86c64602,ocd-bill/7940c0e2-2625-449c-b525-02023e2d5bae,,New Hampshire,2021
ocd-vote/7ed163f2-9ba1-4bb3-b74c-18a863c047d5,,Ought to Pass w/Amendment,['passage'],2021-04-08T00:00:00-04:00,pass,ocd-organization/c95932a0-2ac1-4f14-a0c4-ade8568daac6,ocd-bill/097c16ac-2d01-4cff-914f-3492c042fe42,,New Hampshire,2021
ocd-vote/15e0ee48-83d9-43b3-aa29-5fe3f4a9d4f4,,OTPA,['passage'],2021-04-08T00:00:00-04:00,pass,ocd-organization/3b857974-4029-4508-94d4-ce3b86c64602,ocd-bill/420ef3ef-dd8a-4bf6-9e79-8aab4ed08ce4,,New Hampshire,2021
ocd-vote/9d38a34f-121b-4d55-bb52-513692dc81da,,Laid on Table,['passage'],2021-04-08T00:00:00-04:00,fail,ocd-organization/c95932a0-2ac1-4f14-a0c4-ade8568daac6,ocd-bill/4bfd8adc-424f-4073-9fa4-dbf94cb573a8,,New Hampshire,2021
ocd-vote/a8c9c180-366f-4e66-9ad9-9c817aba1a7a,,Committee Amendment 1052s,['passage'],2021-04-08T00:00:00-04:00,pass,ocd-organization/c95932a0-2ac1-4f14-a0c4-ade8568daac6,ocd-bill/c8439076-84bb-42a6-ac02-1848cca0d354,,New Hampshire,2021
ocd-vote/27bf52c8-b09b-42ca-8601-da8d0a3e37b8,,OTPA,['passage'],2021-04-08T00:00:00-04:00,pass,ocd-organization/3b857974-4029-4508-94d4-ce3b86c64602,ocd-bill/7ecb7b1b-de49-4f9f-b979-33442c5a6d58,,New Hampshire,2021
ocd-vote/8e01ac63-0aa6-4f68-b8aa-cebc4613d57a,,OTP,['passage'],2021-04-08T00:00:00-04:00,pass,ocd-organization/3b857974-4029-4508-94d4-ce3b86c64602,ocd-bill/09b6b21e-4bdb-4af8-a2ac-42d89466e59f,,New Hampshire,2021
ocd-vote/faa7550d-08e5-406f-b84d-ccef40464eb1,,Reconsider,['passage'],2021-04-08T00:00:00-04:00,fail,ocd-organization/3b857974-4029-4508-94d4-ce3b86c64602,ocd-bill/49a2ab27-0245-4649-989c-7266967f4165,,New Hampshire,2021
ocd-vote/5db1694b-9e28-4ee0-be99-e9dca5c684a5,,OTP,['passage'],2021-04-08T00:00:00-04:00,pass,ocd-organization/3b857974-4029-4508-94d4-ce3b86c64602,ocd-bill/7da34f99-d62a-4cbb-95c1-1cfd21b9bdab,,New Hampshire,2021
ocd-vote/87e68d9d-ad33-4c61-be71-b8dac6f89b8c,,Committee Amendment 1113s,['passage'],2021-04-08T00:00:00-04:00,pass,ocd-organization/c95932a0-2ac1-4f14-a0c4-ade8568daac6,ocd-bill/097c16ac-2d01-4cff-914f-3492c042fe42,,New Hampshire,2021
ocd-vote/7636b739-f90c-42dc-bd29-7f0e53b279fa,,OTP,['passage'],2021-04-08T00:00:00-04:00,fail,ocd-organization/3b857974-4029-4508-94d4-ce3b86c64602,ocd-bill/6b216159-5557-4b72-936a-3f1c1d2fc3fa,,New Hampshire,2021
ocd-vote/45d8e6f7-bece-48bc-ba5e-11844d88586c,,Reconsider,['passage'],2021-04-08T00:00:00-04:00,fail,ocd-organization/3b857974-4029-4508-94d4-ce3b86c64602,ocd-bill/8b13c9b8-9b12-4130-8155-f18c18e9b440,,New Hampshire,2021
ocd-vote/ccfa04db-f15d-4f6a-8523-1ac9879dfcd7,,OTPA,['passage'],2021-04-08T00:00:00-04:00,pass,ocd-organization/3b857974-4029-4508-94d4-ce3b86c64602,ocd-bill/83c19c32-f4cb-4151-ab33-d53fe1fbc76c,,New Hampshire,2021
ocd-vote/18d7d10b-a860-4840-95c0-b4a5336bb189,,Floor Amendment 1116s,['passage'],2021-04-08T00:00:00-04:00,fail,ocd-organization/c95932a0-2ac1-4f14-a0c4-ade8568daac6,ocd-bill/097c16ac-2d01-4cff-914f-3492c042fe42,,New Hampshire,2021
ocd-vote/d256dba0-bace-441e-8a9f-54acd6d64606,,OTPA,['passage'],2021-04-08T00:00:00-04:00,pass,ocd-organization/3b857974-4029-4508-94d4-ce3b86c64602,ocd-bill/da926582-57b2-4433-ac3c-cf72ead024a1,,New Hampshire,2021
ocd-vote/0a8dad34-cdd2-495b-9fd9-0c71f61dc0ac,,OTP,['passage'],2021-04-08T00:00:00-04:00,pass,ocd-organization/3b857974-4029-4508-94d4-ce3b86c64602,ocd-bill/20eff7ed-c2d2-4cfc-8240-2478603a09f3,,New Hampshire,2021
ocd-vote/7e615286-b60f-4088-8b87-5c6771485cd6,,OTP,['passage'],2021-04-08T00:00:00-04:00,pass,ocd-organization/3b857974-4029-4508-94d4-ce3b86c64602,ocd-bill/8b59d93c-ebc1-445b-bdf4-f4649684af9a,,New Hampshire,2021
ocd-vote/afb2da83-1fc9-4a3e-92d5-639ae1017346,,OTP,['passage'],2021-04-08T00:00:00-04:00,pass,ocd-organization/3b857974-4029-4508-94d4-ce3b86c64602,ocd-bill/f55b4743-2bef-46bb-b70d-a757ed01ac4a,,New Hampshire,2021
ocd-vote/4ba1101c-bfec-4d90-9fc8-5c160b97d3c5,,Concur,['passage'],2021-04-08T00:00:00-04:00,pass,ocd-organization/c95932a0-2ac1-4f14-a0c4-ade8568daac6,ocd-bill/9fc33735-2d7f-4529-babe-0e8e73489cb1,,New Hampshire,2021
ocd-vote/045afde6-17b4-488a-bf37-7fbe0fa0631d,,Ought to Pass,['passage'],2021-04-08T00:00:00-04:00,pass,ocd-organization/c95932a0-2ac1-4f14-a0c4-ade8568daac6,ocd-bill/3b18201a-e59c-4644-ae54-6607d00e1eec,,New Hampshire,2021
ocd-vote/ef193bdc-ff5c-49c9-a928-2096d8b77478,,OTP,['passage'],2021-04-08T00:00:00-04:00,pass,ocd-organization/3b857974-4029-4508-94d4-ce3b86c64602,ocd-bill/384f5128-67f5-4b7f-91c6-bafcfdf14b52,,New Hampshire,2021
ocd-vote/31d3ee32-ed4c-4b97-8e49-40989d20a9c9,,Table,['passage'],2021-04-09T00:00:00-04:00,pass,ocd-organization/3b857974-4029-4508-94d4-ce3b86c64602,ocd-bill/dee4521e-1121-47c0-8f91-5c1cd369c2b0,,New Hampshire,2021
ocd-vote/1d9d9578-34a7-46a5-abd1-e75860dc3be6,,OTPA,['passage'],2021-04-09T00:00:00-04:00,pass,ocd-organization/3b857974-4029-4508-94d4-ce3b86c64602,ocd-bill/898e9f1e-32e5-4513-aa2c-54c4c2db9725,,New Hampshire,2021
ocd-vote/991ceccb-dfc2-4884-8969-5e16854657ef,,Reconsider Amendment,['passage'],2021-04-09T00:00:00-04:00,fail,ocd-organization/3b857974-4029-4508-94d4-ce3b86c64602,ocd-bill/679f5b43-bdaf-4492-8597-442a9cca1064,,New Hampshire,2021
ocd-vote/4f87793c-9f8a-4bde-80c5-bd25fe2e8fe2,,OTPA,['passage'],2021-04-09T00:00:00-04:00,pass,ocd-organization/3b857974-4029-4508-94d4-ce3b86c64602,ocd-bill/0e0c5fa1-e0b8-4488-8d7d-2bf5b4740a77,,New Hampshire,2021
ocd-vote/bec268fa-4c30-4443-bf67-3f7484fd3693,,OTP,['passage'],2021-04-09T00:00:00-04:00,fail,ocd-organization/3b857974-4029-4508-94d4-ce3b86c64602,ocd-bill/9ffaf7e0-5b21-408a-a187-db87abae2ffc,,New Hampshire,2021
ocd-vote/133b6da7-2fc1-4fa6-88e0-1b9d54d1332b,,OTPA,['passage'],2021-04-09T00:00:00-04:00,pass,ocd-organization/3b857974-4029-4508-94d4-ce3b86c64602,ocd-bill/dcd17c16-65b0-44f4-b504-2fb66f014919,,New Hampshire,2021
ocd-vote/1ecf391f-7272-4b70-84d2-bb0230761a5f,,OTP,['passage'],2021-04-09T00:00:00-04:00,pass,ocd-organization/3b857974-4029-4508-94d4-ce3b86c64602,ocd-bill/065eceeb-6381-4a20-8d73-f18e6aa8f9af,,New Hampshire,2021
ocd-vote/fa7b1e68-d5ce-4e7c-89d4-42762e4887fc,,OTPA,['passage'],2021-04-09T00:00:00-04:00,pass,ocd-organization/3b857974-4029-4508-94d4-ce3b86c64602,ocd-bill/850e0a9a-8d74-4e4b-81de-9ec34991bd39,,New Hampshire,2021
ocd-vote/3a7b2aae-6b4f-48aa-98f2-5976e0068928,,Reconsider,['passage'],2021-04-09T00:00:00-04:00,fail,ocd-organization/3b857974-4029-4508-94d4-ce3b86c64602,ocd-bill/c9f9892b-503e-4752-a384-28cf896a467a,,New Hampshire,2021
ocd-vote/ebb9b57e-8fec-4066-9c12-b2efc0fd1ce4,,OTP,['passage'],2021-04-09T00:00:00-04:00,pass,ocd-organization/3b857974-4029-4508-94d4-ce3b86c64602,ocd-bill/db054109-5a51-4daf-939f-4891658b1016,,New Hampshire,2021
ocd-vote/e3f47aaa-98df-4ac0-9ab4-9891d6eabe46,,ITL,['passage'],2021-04-09T00:00:00-04:00,fail,ocd-organization/3b857974-4029-4508-94d4-ce3b86c64602,ocd-bill/dcd17c16-65b0-44f4-b504-2fb66f014919,,New Hampshire,2021
ocd-vote/5885e031-ca52-4fcb-8c6f-10a3994c4022,,OTPA,['passage'],2021-04-09T00:00:00-04:00,pass,ocd-organization/3b857974-4029-4508-94d4-ce3b86c64602,ocd-bill/4958a255-b43c-42bc-8bc8-18234fc6babe,,New Hampshire,2021
ocd-vote/5868246d-de19-4aaa-8bb4-d77f819fb121,,Table Two,['passage'],2021-04-09T00:00:00-04:00,fail,ocd-organization/3b857974-4029-4508-94d4-ce3b86c64602,ocd-bill/850e0a9a-8d74-4e4b-81de-9ec34991bd39,,New Hampshire,2021
ocd-vote/e10900e4-251e-4377-b806-aa911a7cfc15,,Table,['passage'],2021-04-09T00:00:00-04:00,pass,ocd-organization/3b857974-4029-4508-94d4-ce3b86c64602,ocd-bill/fc3e70b3-2e21-4ba1-a87f-b1757323c52e,,New Hampshire,2021
ocd-vote/91bf15a7-8f06-4038-b1b0-f37a56891956,,OTP,['passage'],2021-04-09T00:00:00-04:00,pass,ocd-organization/3b857974-4029-4508-94d4-ce3b86c64602,ocd-bill/653d7756-7f54-48a7-b7da-a52740ab7385,,New Hampshire,2021
ocd-vote/45e28c4c-8428-4009-ac75-c39d387f9096,,Remove from Table,['passage'],2021-04-09T00:00:00-04:00,fail,ocd-organization/3b857974-4029-4508-94d4-ce3b86c64602,ocd-bill/7940c0e2-2625-449c-b525-02023e2d5bae,,New Hampshire,2021
ocd-vote/dab181ed-041a-4d8d-95d2-c0c56a1f04e5,,OTP,['passage'],2021-04-09T00:00:00-04:00,fail,ocd-organization/3b857974-4029-4508-94d4-ce3b86c64602,ocd-bill/2444d628-3d76-494c-a968-7b87586be05a,,New Hampshire,2021
ocd-vote/8cb46cb2-99e2-4fd9-84c5-083d20dfc477,,OTPA,['passage'],2021-04-09T00:00:00-04:00,pass,ocd-organization/3b857974-4029-4508-94d4-ce3b86c64602,ocd-bill/f7620df4-7117-4cfc-89aa-fc9bb0fbfdd3,,New Hampshire,2021
ocd-vote/7c91937f-0fe2-4b09-b324-fd43fdb40e91,,OTPA,['passage'],2021-04-09T00:00:00-04:00,pass,ocd-organization/3b857974-4029-4508-94d4-ce3b86c64602,ocd-bill/f8b8fd2f-bb55-45c7-8cf8-cd7b19a14105,,New Hampshire,2021
ocd-vote/254f2f7c-e6b1-4115-a1b2-4c73e6d0bef9,,OTPA,['passage'],2021-04-09T00:00:00-04:00,pass,ocd-organization/3b857974-4029-4508-94d4-ce3b86c64602,ocd-bill/1791aa41-85b7-4df2-a953-97328d4f8302,,New Hampshire,2021
ocd-vote/7d45720e-79c2-4015-a352-c715aaa54b0a,,OTPA,['passage'],2021-04-09T00:00:00-04:00,pass,ocd-organization/3b857974-4029-4508-94d4-ce3b86c64602,ocd-bill/f419c997-9af0-4c62-8c2d-dcf2fa23cb6d,,New Hampshire,2021
ocd-vote/cfd5ace5-8329-4365-9b7d-4cd3830a68a5,,OTP,['passage'],2021-04-09T00:00:00-04:00,pass,ocd-organization/3b857974-4029-4508-94d4-ce3b86c64602,ocd-bill/3cf06554-8d5d-4243-b868-51c8718c1ca7,,New Hampshire,2021
ocd-vote/b7750a98-855c-46ab-ad12-5eed3c91a20f,,OTPA,['passage'],2021-04-09T00:00:00-04:00,pass,ocd-organization/3b857974-4029-4508-94d4-ce3b86c64602,ocd-bill/c8704a00-a046-4c7f-95c8-0afdf117d9dc,,New Hampshire,2021
ocd-vote/34b331b6-dbab-4669-9027-7b301c117134,,Table,['passage'],2021-04-09T00:00:00-04:00,fail,ocd-organization/3b857974-4029-4508-94d4-ce3b86c64602,ocd-bill/9ffaf7e0-5b21-408a-a187-db87abae2ffc,,New Hampshire,2021
ocd-vote/a7ad5c3e-edde-4d48-82fd-db246a1710da,,Laid on Table,['passage'],2021-04-22T00:00:00-04:00,pass,ocd-organization/c95932a0-2ac1-4f14-a0c4-ade8568daac6,ocd-bill/ed66f470-9e63-43d0-ade7-2473c684ef0d,,New Hampshire,2021
ocd-vote/67988c9f-e174-41be-bcb5-f38fe59e769c,,Committee Amendment 1133s,['passage'],2021-04-22T00:00:00-04:00,pass,ocd-organization/c95932a0-2ac1-4f14-a0c4-ade8568daac6,ocd-bill/3dde17c4-77de-4cea-b4a8-90c85d70b799,,New Hampshire,2021
ocd-vote/52369a98-3257-49e5-aa29-6829aad8da6f,,Ought to Pass,['passage'],2021-04-22T00:00:00-04:00,pass,ocd-organization/c95932a0-2ac1-4f14-a0c4-ade8568daac6,ocd-bill/e3e9bb68-5aff-47b0-bfe0-c85da1949391,,New Hampshire,2021
ocd-vote/cc498c16-1342-4a2a-988d-1da9f05a024e,,Ought to Pass,['passage'],2021-04-22T00:00:00-04:00,pass,ocd-organization/c95932a0-2ac1-4f14-a0c4-ade8568daac6,ocd-bill/ed66f470-9e63-43d0-ade7-2473c684ef0d,,New Hampshire,2021
ocd-vote/76739473-72b1-4d37-bac0-cfec14d1fade,,Ought to Pass,['passage'],2021-04-22T00:00:00-04:00,pass,ocd-organization/c95932a0-2ac1-4f14-a0c4-ade8568daac6,ocd-bill/d23d87b8-72c4-4128-8a82-4c8da93f5b87,,New Hampshire,2021
ocd-vote/4d2dbbe7-e273-4d37-9875-fdb046b7bd12,,Ought to Pass,['passage'],2021-04-22T00:00:00-04:00,pass,ocd-organization/c95932a0-2ac1-4f14-a0c4-ade8568daac6,ocd-bill/8317bb74-a6ab-4e3e-ad90-43889cccf246,,New Hampshire,2021
ocd-vote/ebc0173d-e466-46dc-abf1-55f61f58e235,,Ought to Pass w/Amendment,['passage'],2021-04-22T00:00:00-04:00,pass,ocd-organization/c95932a0-2ac1-4f14-a0c4-ade8568daac6,ocd-bill/3dde17c4-77de-4cea-b4a8-90c85d70b799,,New Hampshire,2021
ocd-vote/54ee02c3-d2a5-4af5-a78a-8ca5d5c7015e,,Special Order,['passage'],2021-04-22T00:00:00-04:00,pass,ocd-organization/c95932a0-2ac1-4f14-a0c4-ade8568daac6,ocd-bill/9256875d-2c82-4c2f-808f-1c04ea034b39,,New Hampshire,2021
ocd-vote/5b0c2028-81b1-4426-a389-562221972fad,,Committee Amendment 1122s,['passage'],2021-04-22T00:00:00-04:00,pass,ocd-organization/c95932a0-2ac1-4f14-a0c4-ade8568daac6,ocd-bill/19e1ddde-94de-471b-932e-5304dd14dc1c,,New Hampshire,2021
ocd-vote/99da4850-294d-4f77-8fe5-42b6c4834dce,,Floor Amendment 1165s,['passage'],2021-04-22T00:00:00-04:00,pass,ocd-organization/c95932a0-2ac1-4f14-a0c4-ade8568daac6,ocd-bill/ec90911c-e6eb-4d73-b7b1-6fe59bdcf553,,New Hampshire,2021
ocd-vote/b566e0d7-d8e8-400e-a66c-58b5aa0e72ac,,Ought to Pass w/Amendment,['passage'],2021-04-22T00:00:00-04:00,pass,ocd-organization/c95932a0-2ac1-4f14-a0c4-ade8568daac6,ocd-bill/ec90911c-e6eb-4d73-b7b1-6fe59bdcf553,,New Hampshire,2021
ocd-vote/d8c42bac-c384-4a4d-afff-16ec92f83be3,,Ought to Pass w/Amendment,['passage'],2021-04-22T00:00:00-04:00,pass,ocd-organization/c95932a0-2ac1-4f14-a0c4-ade8568daac6,ocd-bill/19e1ddde-94de-471b-932e-5304dd14dc1c,,New Hampshire,2021
ocd-vote/46249f71-98df-405e-abfe-044fc99a109e,,Committee Amendment 1173s,['passage'],2021-04-29T00:00:00-04:00,pass,ocd-organization/c95932a0-2ac1-4f14-a0c4-ade8568daac6,ocd-bill/40c5cf87-0436-4d04-a4f0-827b987ca2c1,,New Hampshire,2021
ocd-vote/c98090e2-8d21-420c-b5a3-26ad1642737e,,Committee Amendment 1169s,['passage'],2021-04-29T00:00:00-04:00,pass,ocd-organization/c95932a0-2ac1-4f14-a0c4-ade8568daac6,ocd-bill/ce758dd1-6c71-4ce8-978c-1f543af734c0,,New Hampshire,2021
ocd-vote/05e29745-f24d-4c08-9dce-4d5eec4af19a,,Floor Amendment 1224s,['passage'],2021-04-29T00:00:00-04:00,pass,ocd-organization/c95932a0-2ac1-4f14-a0c4-ade8568daac6,ocd-bill/14792345-931b-4f9b-907d-964981defffe,,New Hampshire,2021
ocd-vote/6e15f418-1a3c-45f2-91d8-b44573c27f12,,Reconsideration,['passage'],2021-04-29T00:00:00-04:00,pass,ocd-organization/c95932a0-2ac1-4f14-a0c4-ade8568daac6,ocd-bill/3ae28f74-fee6-4996-b0e5-6ec1dad6d374,,New Hampshire,2021
ocd-vote/60b3d7e6-8ea7-4107-836e-4bc6d26bb1f6,,Inexpedient to Legislate,['passage'],2021-04-29T00:00:00-04:00,pass,ocd-organization/c95932a0-2ac1-4f14-a0c4-ade8568daac6,ocd-bill/3ae28f74-fee6-4996-b0e5-6ec1dad6d374,,New Hampshire,2021
ocd-vote/f5cefb4e-fefc-44b8-a330-bb81609f0014,,Inexpedient to Legislate,['passage'],2021-04-29T00:00:00-04:00,pass,ocd-organization/c95932a0-2ac1-4f14-a0c4-ade8568daac6,ocd-bill/fbf5ad4b-3624-4358-8f7f-dbb6c03f2875,,New Hampshire,2021
ocd-vote/c9bad04a-9a4a-4977-8dec-abe43946d432,,Laid on Table,['passage'],2021-04-29T00:00:00-04:00,fail,ocd-organization/c95932a0-2ac1-4f14-a0c4-ade8568daac6,ocd-bill/40c5cf87-0436-4d04-a4f0-827b987ca2c1,,New Hampshire,2021
ocd-vote/b5389638-55b0-4aba-bcdb-039e2fe3b980,,Ought to Pass w/Amendment,['passage'],2021-04-29T00:00:00-04:00,pass,ocd-organization/c95932a0-2ac1-4f14-a0c4-ade8568daac6,ocd-bill/40c5cf87-0436-4d04-a4f0-827b987ca2c1,,New Hampshire,2021
ocd-vote/0926179c-a966-483a-a803-852ae204d794,,Laid on Table,['passage'],2021-04-29T00:00:00-04:00,pass,ocd-organization/c95932a0-2ac1-4f14-a0c4-ade8568daac6,ocd-bill/40c5cf87-0436-4d04-a4f0-827b987ca2c1,,New Hampshire,2021
ocd-vote/f461d567-ca4a-433c-a0c5-4fc780651ebb,,Inexpedient to Legislate,['passage'],2021-04-29T00:00:00-04:00,fail,ocd-organization/c95932a0-2ac1-4f14-a0c4-ade8568daac6,ocd-bill/14792345-931b-4f9b-907d-964981defffe,,New Hampshire,2021
ocd-vote/386dd402-0cc7-4057-9552-0ef02c094fd0,,Ought to Pass w/Amendment,['passage'],2021-04-29T00:00:00-04:00,pass,ocd-organization/c95932a0-2ac1-4f14-a0c4-ade8568daac6,ocd-bill/ce758dd1-6c71-4ce8-978c-1f543af734c0,,New Hampshire,2021
ocd-vote/3f9bfda8-0e81-43d9-9d1b-54491044b08e,,Ought to Pass w/Amendment,['passage'],2021-04-29T00:00:00-04:00,pass,ocd-organization/c95932a0-2ac1-4f14-a0c4-ade8568daac6,ocd-bill/14792345-931b-4f9b-907d-964981defffe,,New Hampshire,2021
ocd-vote/6641993e-0c66-4304-a50d-b11557e9b23f,,Inexpedient to Legislate,['passage'],2021-04-29T00:00:00-04:00,pass,ocd-organization/c95932a0-2ac1-4f14-a0c4-ade8568daac6,ocd-bill/3ae28f74-fee6-4996-b0e5-6ec1dad6d374,,New Hampshire,2021
ocd-vote/f7eb0761-fd0c-4f55-ae03-1f2bf4b687dd,,Ought to Pass,['passage'],2021-04-29T00:00:00-04:00,pass,ocd-organization/c95932a0-2ac1-4f14-a0c4-ade8568daac6,ocd-bill/aa33fd0a-755c-4fd0-a5ce-d43e1fcb1b4d,,New Hampshire,2021
ocd-vote/cdadbb73-21c3-41bc-a98d-eaade84d39fb,,Inexpedient to Legislate,['passage'],2021-05-06T00:00:00-04:00,pass,ocd-organization/c95932a0-2ac1-4f14-a0c4-ade8568daac6,ocd-bill/f419c997-9af0-4c62-8c2d-dcf2fa23cb6d,,New Hampshire,2021
ocd-vote/1e9cfa2d-f9a3-4bfa-b030-0608680c9740,,Laid on Table,['passage'],2021-05-06T00:00:00-04:00,pass,ocd-organization/c95932a0-2ac1-4f14-a0c4-ade8568daac6,ocd-bill/f21b0c0f-92f2-4518-9e05-d8f8429b3d87,,New Hampshire,2021
ocd-vote/e93a6c8b-712b-4d17-bfad-9f2924f1b49e,,Suspension of all Rules Necessary,['passage'],2021-05-06T00:00:00-04:00,pass,ocd-organization/c95932a0-2ac1-4f14-a0c4-ade8568daac6,ocd-bill/5f2a9b85-5b25-4876-b419-432d4513983a,,New Hampshire,2021
ocd-vote/0b59bf0c-a85f-479c-825f-00d296c537b4,,Inexpedient to Legislate,['passage'],2021-05-06T00:00:00-04:00,fail,ocd-organization/c95932a0-2ac1-4f14-a0c4-ade8568daac6,ocd-bill/898e9f1e-32e5-4513-aa2c-54c4c2db9725,,New Hampshire,2021
ocd-vote/89249906-b616-46cf-aedf-539a6d3a8ce4,,Ought to Pass w/Amendment,['passage'],2021-05-06T00:00:00-04:00,pass,ocd-organization/c95932a0-2ac1-4f14-a0c4-ade8568daac6,ocd-bill/898e9f1e-32e5-4513-aa2c-54c4c2db9725,,New Hampshire,2021
ocd-vote/eab340a9-8e17-42ad-b18a-d3023aec20ff,,Committee Amendment 1234s,['passage'],2021-05-06T00:00:00-04:00,fail,ocd-organization/c95932a0-2ac1-4f14-a0c4-ade8568daac6,ocd-bill/49e74c85-f71f-476d-afff-1c9a34d5f663,,New Hampshire,2021
ocd-vote/0602530a-d305-4557-af40-a515cdb4b180,,Laid on Table,['passage'],2021-05-06T00:00:00-04:00,pass,ocd-organization/c95932a0-2ac1-4f14-a0c4-ade8568daac6,ocd-bill/49e74c85-f71f-476d-afff-1c9a34d5f663,,New Hampshire,2021
ocd-vote/09ce38fd-e0b8-4daf-b010-ba9e292ff12e,,Ought to Pass,['passage'],2021-05-06T00:00:00-04:00,fail,ocd-organization/c95932a0-2ac1-4f14-a0c4-ade8568daac6,ocd-bill/f21b0c0f-92f2-4518-9e05-d8f8429b3d87,,New Hampshire,2021
ocd-vote/a78dab9b-b874-4785-ba93-65cb06836640,,Special Order,['passage'],2021-05-06T00:00:00-04:00,pass,ocd-organization/c95932a0-2ac1-4f14-a0c4-ade8568daac6,ocd-bill/850e0a9a-8d74-4e4b-81de-9ec34991bd39,,New Hampshire,2021
ocd-vote/794a3b23-a08f-49ae-b784-ba39ca7a5221,,Floor Amendment 1311s,['passage'],2021-05-06T00:00:00-04:00,pass,ocd-organization/c95932a0-2ac1-4f14-a0c4-ade8568daac6,ocd-bill/898e9f1e-32e5-4513-aa2c-54c4c2db9725,,New Hampshire,2021
ocd-vote/2c2a45bd-d199-482e-b391-4ec31dcaef09,,Inexpedient to Legislate,['passage'],2021-05-06T00:00:00-04:00,pass,ocd-organization/c95932a0-2ac1-4f14-a0c4-ade8568daac6,ocd-bill/6b988161-9cde-4ba5-9403-f2204745346d,,New Hampshire,2021
ocd-vote/0ad8cb87-e583-4dae-90a9-2487fafc9c97,,Ought to Pass,['passage'],2021-05-06T00:00:00-04:00,pass,ocd-organization/c95932a0-2ac1-4f14-a0c4-ade8568daac6,ocd-bill/0064dbd9-31fb-429f-a870-3ca0546446df,,New Hampshire,2021
ocd-vote/a2627827-effc-44c3-b1dc-785b1ed37cd6,,Reconsideration,['passage'],2021-05-06T00:00:00-04:00,pass,ocd-organization/c95932a0-2ac1-4f14-a0c4-ade8568daac6,ocd-bill/898e9f1e-32e5-4513-aa2c-54c4c2db9725,,New Hampshire,2021
ocd-vote/c741cbbf-d2e2-49c3-b951-0f9f27ce6481,,Ought to Pass,['passage'],2021-05-06T00:00:00-04:00,pass,ocd-organization/c95932a0-2ac1-4f14-a0c4-ade8568daac6,ocd-bill/2e504616-951a-4bfb-a8d1-4885043048ad,,New Hampshire,2021
ocd-vote/92307ccf-6268-4ce0-89d1-881087482cf5,,Inexpedient to Legislate,['passage'],2021-05-06T00:00:00-04:00,fail,ocd-organization/c95932a0-2ac1-4f14-a0c4-ade8568daac6,ocd-bill/898e9f1e-32e5-4513-aa2c-54c4c2db9725,,New Hampshire,2021
ocd-vote/aea28614-8d7d-405d-ba63-750f497c6774,,Ought to Pass,['passage'],2021-05-06T00:00:00-04:00,pass,ocd-organization/c95932a0-2ac1-4f14-a0c4-ade8568daac6,ocd-bill/5f2a9b85-5b25-4876-b419-432d4513983a,,New Hampshire,2021
ocd-vote/c7f9ff51-b68f-4fde-9ede-901cd5f56710,,Floor Amendment 1418s,['passage'],2021-05-13T00:00:00-04:00,fail,ocd-organization/c95932a0-2ac1-4f14-a0c4-ade8568daac6,ocd-bill/299389a7-1652-4ee0-abf9-91a60fb5619b,,New Hampshire,2021
ocd-vote/cc6a8f53-d748-40bc-b607-9faeedcedf7f,,Ought to Pass,['passage'],2021-05-13T00:00:00-04:00,pass,ocd-organization/c95932a0-2ac1-4f14-a0c4-ade8568daac6,ocd-bill/b6d8229a-0141-4183-9ae3-f4359c0fb62e,,New Hampshire,2021
ocd-vote/caad2fd6-5bf1-461d-8ca3-58edcaec5f98,,Laid on Table,['passage'],2021-05-13T00:00:00-04:00,fail,ocd-organization/c95932a0-2ac1-4f14-a0c4-ade8568daac6,ocd-bill/7ecb7b1b-de49-4f9f-b979-33442c5a6d58,,New Hampshire,2021
ocd-vote/1114d509-813e-4da1-81c7-233e8db5bbb0,,Ought to Pass,['passage'],2021-05-13T00:00:00-04:00,pass,ocd-organization/c95932a0-2ac1-4f14-a0c4-ade8568daac6,ocd-bill/7ecb7b1b-de49-4f9f-b979-33442c5a6d58,,New Hampshire,2021
ocd-vote/ed301aa6-1175-47b3-97ed-0adba992fa71,,Ought to Pass,['passage'],2021-05-13T00:00:00-04:00,pass,ocd-organization/c95932a0-2ac1-4f14-a0c4-ade8568daac6,ocd-bill/66f87e37-5aeb-4e8b-a4e9-a53e7132a996,,New Hampshire,2021
ocd-vote/2316517d-1de9-479e-b256-989d8edde524,,Committee Amendment 1286s,['passage'],2021-05-13T00:00:00-04:00,pass,ocd-organization/c95932a0-2ac1-4f14-a0c4-ade8568daac6,ocd-bill/09b6b21e-4bdb-4af8-a2ac-42d89466e59f,,New Hampshire,2021
ocd-vote/9d635fe1-f857-4444-bf33-7789fe54cad9,,Inexpedient to Legislate,['passage'],2021-05-13T00:00:00-04:00,fail,ocd-organization/c95932a0-2ac1-4f14-a0c4-ade8568daac6,ocd-bill/dcb42340-b741-42ba-9bb0-f1fe0d759281,,New Hampshire,2021
ocd-vote/a30d21aa-c565-40eb-a72b-7b65de5fb839,,Rereferred,['passage'],2021-05-13T00:00:00-04:00,pass,ocd-organization/c95932a0-2ac1-4f14-a0c4-ade8568daac6,ocd-bill/dcb42340-b741-42ba-9bb0-f1fe0d759281,,New Hampshire,2021
ocd-vote/899e3cf2-0fd4-4644-8b07-0fe2ceffe28f,,Laid on Table,['passage'],2021-05-13T00:00:00-04:00,pass,ocd-organization/c95932a0-2ac1-4f14-a0c4-ade8568daac6,ocd-bill/120a3e00-be25-4e94-9ae8-bdbc95ca1718,,New Hampshire,2021
ocd-vote/7e2d71a2-a5e4-423c-b7c3-dd9d94687dbc,,Divide 2 & 5,['passage'],2021-05-13T00:00:00-04:00,fail,ocd-organization/c95932a0-2ac1-4f14-a0c4-ade8568daac6,ocd-bill/299389a7-1652-4ee0-abf9-91a60fb5619b,,New Hampshire,2021
ocd-vote/41d037b0-ccf3-4e88-9db2-aea901f5d808,,Ought to Pass,['passage'],2021-05-13T00:00:00-04:00,pass,ocd-organization/c95932a0-2ac1-4f14-a0c4-ade8568daac6,ocd-bill/e866e550-a612-4217-b7cf-560d3d94ce03,,New Hampshire,2021
ocd-vote/eec66842-9d84-43cd-a78b-269f4b7bb173,,Divide Remainder,['passage'],2021-05-13T00:00:00-04:00,fail,ocd-organization/c95932a0-2ac1-4f14-a0c4-ade8568daac6,ocd-bill/299389a7-1652-4ee0-abf9-91a60fb5619b,,New Hampshire,2021
ocd-vote/8c39ac50-8a66-4704-b866-214f8b792d6b,,Ought to Pass,['passage'],2021-05-20T00:00:00-04:00,pass,ocd-organization/c95932a0-2ac1-4f14-a0c4-ade8568daac6,ocd-bill/4e28dc94-bf30-421b-b4b8-c71db2d32644,,New Hampshire,2021
ocd-vote/45fabc04-ce73-4a9b-b814-37492979f161,,Inexpedient to Legislate,['passage'],2021-05-20T00:00:00-04:00,pass,ocd-organization/c95932a0-2ac1-4f14-a0c4-ade8568daac6,ocd-bill/dcd17c16-65b0-44f4-b504-2fb66f014919,,New Hampshire,2021
ocd-vote/2d10db76-cb79-4f83-be99-0e090dcf44ae,,Floor Amendment 1581s,['passage'],2021-05-20T00:00:00-04:00,pass,ocd-organization/c95932a0-2ac1-4f14-a0c4-ade8568daac6,ocd-bill/22164b79-9047-4b5c-a9bd-11176b13acbf,,New Hampshire,2021
ocd-vote/85292aa3-83a5-4966-9c2f-31f8c2bab0d2,,Committee Amendment 1397s,['passage'],2021-05-20T00:00:00-04:00,fail,ocd-organization/c95932a0-2ac1-4f14-a0c4-ade8568daac6,ocd-bill/e03a5e18-055e-424b-8389-f68f24c693da,,New Hampshire,2021
ocd-vote/fd23db2c-185a-4d2c-bc07-d621f4552f2b,,Ought to Pass w/Amendment,['passage'],2021-05-27T00:00:00-04:00,pass,ocd-organization/c95932a0-2ac1-4f14-a0c4-ade8568daac6,ocd-bill/f974931b-93c3-480d-80a9-b1b992d2b9af,,New Hampshire,2021
ocd-vote/100198b0-9b8d-4e41-be36-8b921a99d388,,Floor Amendment,['passage'],2021-05-27T00:00:00-04:00,pass,ocd-organization/c95932a0-2ac1-4f14-a0c4-ade8568daac6,ocd-bill/7da34f99-d62a-4cbb-95c1-1cfd21b9bdab,,New Hampshire,2021
ocd-vote/68db0032-c87e-452a-aa13-fad8ba8ee647,,Ought to Pass w/Amendment,['passage'],2021-05-27T00:00:00-04:00,pass,ocd-organization/c95932a0-2ac1-4f14-a0c4-ade8568daac6,ocd-bill/7ec86c03-4234-4a8a-bed0-4f9c40a78415,,New Hampshire,2021
ocd-vote/2467c760-bc0b-4da3-9c49-b4acc2566c7b,,Ought to Pass,['passage'],2021-05-27T00:00:00-04:00,pass,ocd-organization/c95932a0-2ac1-4f14-a0c4-ade8568daac6,ocd-bill/49e74c85-f71f-476d-afff-1c9a34d5f663,,New Hampshire,2021
ocd-vote/477ef2f1-d4df-497b-8b90-9f222fc42204,,Laid on Table,['passage'],2021-05-27T00:00:00-04:00,pass,ocd-organization/c95932a0-2ac1-4f14-a0c4-ade8568daac6,ocd-bill/53d59561-8310-4d4a-ad68-04ae97c40634,,New Hampshire,2021
ocd-vote/c7f9bc2d-69d6-4b73-9411-2be2d567cf30,,Committee Amendment,['passage'],2021-05-27T00:00:00-04:00,pass,ocd-organization/c95932a0-2ac1-4f14-a0c4-ade8568daac6,ocd-bill/7ec86c03-4234-4a8a-bed0-4f9c40a78415,,New Hampshire,2021
ocd-vote/ca89b46c-1dbd-4b48-99fb-c2b54aef31c3,,Committee Amendment,['passage'],2021-05-27T00:00:00-04:00,pass,ocd-organization/c95932a0-2ac1-4f14-a0c4-ade8568daac6,ocd-bill/07ec70ad-7622-4c12-94c1-625148fcf303,,New Hampshire,2021
ocd-vote/ab330501-ee51-47bc-aeff-39306efe19bc,,Committee Amendment,['passage'],2021-05-27T00:00:00-04:00,pass,ocd-organization/c95932a0-2ac1-4f14-a0c4-ade8568daac6,ocd-bill/1791aa41-85b7-4df2-a953-97328d4f8302,,New Hampshire,2021
ocd-vote/d6f52b20-d1d5-45d7-944c-6ce29249db8b,,Ought to Pass w/Amendment,['passage'],2021-05-27T00:00:00-04:00,pass,ocd-organization/c95932a0-2ac1-4f14-a0c4-ade8568daac6,ocd-bill/9444b493-56b7-4f98-b14d-e0e8b444e673,,New Hampshire,2021
ocd-vote/cab94dd7-d859-41b7-9bed-737d54f83830,,Rereferred,['passage'],2021-05-27T00:00:00-04:00,pass,ocd-organization/c95932a0-2ac1-4f14-a0c4-ade8568daac6,ocd-bill/0a0f2b2f-8b1d-4bcb-bb2c-20ec0ae6a7da,,New Hampshire,2021
ocd-vote/b261440d-9712-4f56-8c3f-0b8e6f1a8c0f,,Ought to Pass,['passage'],2021-06-03T00:00:00-04:00,pass,ocd-organization/c95932a0-2ac1-4f14-a0c4-ade8568daac6,ocd-bill/f7620df4-7117-4cfc-89aa-fc9bb0fbfdd3,,New Hampshire,2021
ocd-vote/44832760-efd3-4617-a524-56a26b4f73f6,,Floor Amendment 1816s,['passage'],2021-06-03T00:00:00-04:00,pass,ocd-organization/c95932a0-2ac1-4f14-a0c4-ade8568daac6,ocd-bill/7874dca1-f5d2-4916-a5b1-0b2f0d854ea2,,New Hampshire,2021
ocd-vote/7d47afe6-b327-4190-8f27-563a946e7be2,,Floor Amendment 1847s,['passage'],2021-06-03T00:00:00-04:00,fail,ocd-organization/c95932a0-2ac1-4f14-a0c4-ade8568daac6,ocd-bill/7874dca1-f5d2-4916-a5b1-0b2f0d854ea2,,New Hampshire,2021
ocd-vote/c8ff766f-9020-46bc-85a5-ce9fdb6badb1,,Adopt Amendment 2021-1588h,['passage'],2021-06-03T00:00:00-04:00,fail,ocd-organization/3b857974-4029-4508-94d4-ce3b86c64602,ocd-bill/14dbb6e9-ca32-434c-9108-a463c35fe1a1,,New Hampshire,2021
ocd-vote/8b2ac81f-94ba-4c0d-ab5a-2450f15f10d6,,Ought to Pass with Amendment on the Remainder of the Bill,['passage'],2021-06-03T00:00:00-04:00,pass,ocd-organization/c95932a0-2ac1-4f14-a0c4-ade8568daac6,ocd-bill/7874dca1-f5d2-4916-a5b1-0b2f0d854ea2,,New Hampshire,2021
ocd-vote/7696c069-ff67-4624-b6f9-61d32b716b2f,,Floor Amendment 1875s,['passage'],2021-06-03T00:00:00-04:00,fail,ocd-organization/c95932a0-2ac1-4f14-a0c4-ade8568daac6,ocd-bill/7874dca1-f5d2-4916-a5b1-0b2f0d854ea2,,New Hampshire,2021
ocd-vote/ca259777-f6e9-4f63-b644-912168d24da0,,Table,['passage'],2021-06-03T00:00:00-04:00,fail,ocd-organization/3b857974-4029-4508-94d4-ce3b86c64602,ocd-bill/56d3f0d3-dcc5-4067-99be-386424cd53de,,New Hampshire,2021
ocd-vote/aba356ff-65ec-4190-b9a8-9d1bbc9c7924,,Reconsider,['passage'],2021-06-03T00:00:00-04:00,fail,ocd-organization/3b857974-4029-4508-94d4-ce3b86c64602,ocd-bill/4dc49ed1-3396-4731-8c1c-3edcac8f1ea8,,New Hampshire,2021
ocd-vote/59cbeebf-4b00-40c5-ab97-07039a8090a4,,Committee Amendment 1797s: on account 2125 on pages 134-135 and its associated footnote.,['passage'],2021-06-03T00:00:00-04:00,pass,ocd-organization/c95932a0-2ac1-4f14-a0c4-ade8568daac6,ocd-bill/ef0d71b0-a51d-475b-966e-a53ea6ca3b0c,,New Hampshire,2021
ocd-vote/32746d2d-e2ae-456a-8406-a2544cf9962b,,Floor Amendment 1855s,['passage'],2021-06-03T00:00:00-04:00,fail,ocd-organization/c95932a0-2ac1-4f14-a0c4-ade8568daac6,ocd-bill/7874dca1-f5d2-4916-a5b1-0b2f0d854ea2,,New Hampshire,2021
ocd-vote/edd15c61-39fb-4fbf-94e6-be5322a5ad56,,Floor Amendment 1876s,['passage'],2021-06-03T00:00:00-04:00,fail,ocd-organization/c95932a0-2ac1-4f14-a0c4-ade8568daac6,ocd-bill/7874dca1-f5d2-4916-a5b1-0b2f0d854ea2,,New Hampshire,2021
ocd-vote/89ece386-ca6a-44f7-bc76-5ea79c5d54eb,,Indefinitely Postpone,['passage'],2021-06-03T00:00:00-04:00,pass,ocd-organization/3b857974-4029-4508-94d4-ce3b86c64602,ocd-bill/c7cdeaf7-74ac-4d67-8ef8-336ed1c6dfc0,,New Hampshire,2021
ocd-vote/fb6bf76b-6115-479f-8ad7-31a0096a04ca,,"Floor Amendment 1861s, Sections 89-102 of the Amending Language",['passage'],2021-06-03T00:00:00-04:00,fail,ocd-organization/c95932a0-2ac1-4f14-a0c4-ade8568daac6,ocd-bill/7874dca1-f5d2-4916-a5b1-0b2f0d854ea2,,New Hampshire,2021
ocd-vote/0c090424-0538-46e8-9f32-433b8efe0e80,,Floor Amendment 1867s,['passage'],2021-06-03T00:00:00-04:00,fail,ocd-organization/c95932a0-2ac1-4f14-a0c4-ade8568daac6,ocd-bill/7874dca1-f5d2-4916-a5b1-0b2f0d854ea2,,New Hampshire,2021
ocd-vote/78d4fcc9-25d3-47ab-8738-dad0b47befea,,Floor Amendment 1856s,['passage'],2021-06-03T00:00:00-04:00,fail,ocd-organization/c95932a0-2ac1-4f14-a0c4-ade8568daac6,ocd-bill/ef0d71b0-a51d-475b-966e-a53ea6ca3b0c,,New Hampshire,2021
ocd-vote/5974ceb8-5211-4167-a776-b9b18f73ad36,,Floor Amendment 1862s,['passage'],2021-06-03T00:00:00-04:00,fail,ocd-organization/c95932a0-2ac1-4f14-a0c4-ade8568daac6,ocd-bill/7874dca1-f5d2-4916-a5b1-0b2f0d854ea2,,New Hampshire,2021
ocd-vote/cd1e2f2e-2ca0-4e8c-b1df-4c48d517a078,,Indefinitely Postpone,['passage'],2021-06-03T00:00:00-04:00,fail,ocd-organization/3b857974-4029-4508-94d4-ce3b86c64602,ocd-bill/4dc49ed1-3396-4731-8c1c-3edcac8f1ea8,,New Hampshire,2021
ocd-vote/a3c6f513-249e-4d35-93ba-c5e77051fa34,,Adopt Amendment 2021-1635h,['passage'],2021-06-03T00:00:00-04:00,pass,ocd-organization/3b857974-4029-4508-94d4-ce3b86c64602,ocd-bill/14dbb6e9-ca32-434c-9108-a463c35fe1a1,,New Hampshire,2021
ocd-vote/4c0d8761-e9e0-4293-b829-01190246754c,,OTPA,['passage'],2021-06-03T00:00:00-04:00,pass,ocd-organization/3b857974-4029-4508-94d4-ce3b86c64602,ocd-bill/7f649202-524d-40b0-801a-3bb776b8422b,,New Hampshire,2021
ocd-vote/1abf0a2d-d9e9-44f5-9fd8-c4beded04fd9,,Floor Amendment 1863s,['passage'],2021-06-03T00:00:00-04:00,fail,ocd-organization/c95932a0-2ac1-4f14-a0c4-ade8568daac6,ocd-bill/7874dca1-f5d2-4916-a5b1-0b2f0d854ea2,,New Hampshire,2021
ocd-vote/daaf582c-95e3-48d0-8362-2406c2ed7f74,,OTP,['passage'],2021-06-03T00:00:00-04:00,pass,ocd-organization/3b857974-4029-4508-94d4-ce3b86c64602,ocd-bill/827b44d3-4d41-40dd-91bf-c13b03eb29c0,,New Hampshire,2021
ocd-vote/ddcc6ec8-b9c1-43fe-ab2b-92b74f64f3e1,,Table,['passage'],2021-06-03T00:00:00-04:00,fail,ocd-organization/3b857974-4029-4508-94d4-ce3b86c64602,ocd-bill/4dc49ed1-3396-4731-8c1c-3edcac8f1ea8,,New Hampshire,2021
ocd-vote/06020ec1-f25f-4bf4-ae5f-58fe4c0f9877,,Adopt Amendment 2021-1610h,['passage'],2021-06-03T00:00:00-04:00,pass,ocd-organization/3b857974-4029-4508-94d4-ce3b86c64602,ocd-bill/0ca4b57a-4f70-4f8b-8225-c094e242a0e6,,New Hampshire,2021
ocd-vote/ecc445d0-7396-4fd9-bc99-2118a93407b9,,OTPA,['passage'],2021-06-03T00:00:00-04:00,pass,ocd-organization/3b857974-4029-4508-94d4-ce3b86c64602,ocd-bill/b98231fe-2b36-473a-8ea2-bc41ccb1e676,,New Hampshire,2021
ocd-vote/2715c846-b4a6-41b6-ae9b-b7fad63837c3,,Ought to Pass with Amendment on Sections 89-102,['passage'],2021-06-03T00:00:00-04:00,pass,ocd-organization/c95932a0-2ac1-4f14-a0c4-ade8568daac6,ocd-bill/7874dca1-f5d2-4916-a5b1-0b2f0d854ea2,,New Hampshire,2021
ocd-vote/59eeb8d9-a6f6-48df-b654-33e78df69a88,,OTP,['passage'],2021-06-03T00:00:00-04:00,pass,ocd-organization/3b857974-4029-4508-94d4-ce3b86c64602,ocd-bill/4dc49ed1-3396-4731-8c1c-3edcac8f1ea8,,New Hampshire,2021
ocd-vote/802076a3-37e0-4c20-838b-ac5d26fa69f8,,OTPA,['passage'],2021-06-03T00:00:00-04:00,fail,ocd-organization/3b857974-4029-4508-94d4-ce3b86c64602,ocd-bill/c7cdeaf7-74ac-4d67-8ef8-336ed1c6dfc0,,New Hampshire,2021
ocd-vote/a4d2a643-f5ea-4177-8736-e301c75aae18,,"Committee Amendment 1799, on Sections 89-102",['passage'],2021-06-03T00:00:00-04:00,pass,ocd-organization/c95932a0-2ac1-4f14-a0c4-ade8568daac6,ocd-bill/7874dca1-f5d2-4916-a5b1-0b2f0d854ea2,,New Hampshire,2021
ocd-vote/5097a97a-2b73-4af9-a66b-459ce4e40935,,Floor Amendment 1849s,['passage'],2021-06-03T00:00:00-04:00,fail,ocd-organization/c95932a0-2ac1-4f14-a0c4-ade8568daac6,ocd-bill/ef0d71b0-a51d-475b-966e-a53ea6ca3b0c,,New Hampshire,2021
ocd-vote/7ef1878e-0b35-4bad-a626-6e9bdbe73289,,Floor Amendment 1874s,['passage'],2021-06-03T00:00:00-04:00,fail,ocd-organization/c95932a0-2ac1-4f14-a0c4-ade8568daac6,ocd-bill/7874dca1-f5d2-4916-a5b1-0b2f0d854ea2,,New Hampshire,2021
ocd-vote/ade54fac-09e7-4dbe-95a6-fa627e465baa,,Floor Amendment 1858s,['passage'],2021-06-03T00:00:00-04:00,fail,ocd-organization/c95932a0-2ac1-4f14-a0c4-ade8568daac6,ocd-bill/7874dca1-f5d2-4916-a5b1-0b2f0d854ea2,,New Hampshire,2021
ocd-vote/3f5466fe-3bc4-460e-b5a3-3cc1487ab35c,,Floor Amendment 1882s,['passage'],2021-06-03T00:00:00-04:00,fail,ocd-organization/c95932a0-2ac1-4f14-a0c4-ade8568daac6,ocd-bill/7874dca1-f5d2-4916-a5b1-0b2f0d854ea2,,New Hampshire,2021
ocd-vote/efa4f839-b0fd-4bee-ae99-3d23b5c2c909,,Floor Amendment 1869s,['passage'],2021-06-03T00:00:00-04:00,fail,ocd-organization/c95932a0-2ac1-4f14-a0c4-ade8568daac6,ocd-bill/ef0d71b0-a51d-475b-966e-a53ea6ca3b0c,,New Hampshire,2021
ocd-vote/e6903386-df3d-4360-a6f0-1c863f7ebaf6,,Floor Amendment 1852s,['passage'],2021-06-03T00:00:00-04:00,fail,ocd-organization/c95932a0-2ac1-4f14-a0c4-ade8568daac6,ocd-bill/7874dca1-f5d2-4916-a5b1-0b2f0d854ea2,,New Hampshire,2021
ocd-vote/ce709b06-b9b7-4a1a-9ebf-b3007fef4674,,OTPA,['passage'],2021-06-03T00:00:00-04:00,pass,ocd-organization/3b857974-4029-4508-94d4-ce3b86c64602,ocd-bill/56d3f0d3-dcc5-4067-99be-386424cd53de,,New Hampshire,2021
ocd-vote/b14aaed9-ccd5-4f16-a6c3-68bcca53d555,,"Committee Amendment 1799s, Remainder of the Committee Amendment",['passage'],2021-06-03T00:00:00-04:00,pass,ocd-organization/c95932a0-2ac1-4f14-a0c4-ade8568daac6,ocd-bill/7874dca1-f5d2-4916-a5b1-0b2f0d854ea2,,New Hampshire,2021
ocd-vote/981ae09d-1a18-4baa-b571-fabff58bf9a8,,Floor Amendment 1861s on the Remainder of the Amendment,['passage'],2021-06-03T00:00:00-04:00,fail,ocd-organization/c95932a0-2ac1-4f14-a0c4-ade8568daac6,ocd-bill/7874dca1-f5d2-4916-a5b1-0b2f0d854ea2,,New Hampshire,2021
ocd-vote/fadad566-de13-4d9e-883c-42f38ead883f,,Floor Amendment 1815s,['passage'],2021-06-03T00:00:00-04:00,fail,ocd-organization/c95932a0-2ac1-4f14-a0c4-ade8568daac6,ocd-bill/7874dca1-f5d2-4916-a5b1-0b2f0d854ea2,,New Hampshire,2021
ocd-vote/35cd6d03-6598-4975-b104-b7ec5607aef3,,Ought to Pass w/Amendment,['passage'],2021-06-03T00:00:00-04:00,pass,ocd-organization/c95932a0-2ac1-4f14-a0c4-ade8568daac6,ocd-bill/ef0d71b0-a51d-475b-966e-a53ea6ca3b0c,,New Hampshire,2021
ocd-vote/734c2ce7-6175-466a-ad8b-2cb44b5a51b7,,Table,['passage'],2021-06-03T00:00:00-04:00,fail,ocd-organization/3b857974-4029-4508-94d4-ce3b86c64602,ocd-bill/c7cdeaf7-74ac-4d67-8ef8-336ed1c6dfc0,,New Hampshire,2021
ocd-vote/23409f59-b272-42e2-bd99-df5fee82f210,,Floor Amendment 1878s,['passage'],2021-06-03T00:00:00-04:00,fail,ocd-organization/c95932a0-2ac1-4f14-a0c4-ade8568daac6,ocd-bill/7874dca1-f5d2-4916-a5b1-0b2f0d854ea2,,New Hampshire,2021
ocd-vote/0fcdb091-f814-4ac4-b8ce-6ea446fcab65,,Adopt Amendment 2021-1220h,['passage'],2021-06-03T00:00:00-04:00,pass,ocd-organization/3b857974-4029-4508-94d4-ce3b86c64602,ocd-bill/56d3f0d3-dcc5-4067-99be-386424cd53de,,New Hampshire,2021
ocd-vote/011852ac-b66a-45cb-be53-34ed1471f9e1,,Ought to Pass w/Amendment,['passage'],2021-06-03T00:00:00-04:00,pass,ocd-organization/c95932a0-2ac1-4f14-a0c4-ade8568daac6,ocd-bill/ef0d71b0-a51d-475b-966e-a53ea6ca3b0c,,New Hampshire,2021
ocd-vote/910dc020-f662-47ad-b928-61274971e45d,,Floor Amendment 1838s,['passage'],2021-06-03T00:00:00-04:00,fail,ocd-organization/c95932a0-2ac1-4f14-a0c4-ade8568daac6,ocd-bill/7874dca1-f5d2-4916-a5b1-0b2f0d854ea2,,New Hampshire,2021
ocd-vote/d63716ba-ac57-4162-a5f9-6aa950839b1f,,Adopt Floor Amendment 2021-1860h (Woodcock),['passage'],2021-06-03T00:00:00-04:00,fail,ocd-organization/3b857974-4029-4508-94d4-ce3b86c64602,ocd-bill/14dbb6e9-ca32-434c-9108-a463c35fe1a1,,New Hampshire,2021
ocd-vote/c1d3ab60-3b00-4f86-913d-7c8b80679edf,,ITL,['passage'],2021-06-03T00:00:00-04:00,fail,ocd-organization/3b857974-4029-4508-94d4-ce3b86c64602,ocd-bill/4dc49ed1-3396-4731-8c1c-3edcac8f1ea8,,New Hampshire,2021
ocd-vote/3f755a9e-2ec8-4238-a73c-1be97ee81c49,,ITL,['passage'],2021-06-03T00:00:00-04:00,pass,ocd-organization/3b857974-4029-4508-94d4-ce3b86c64602,ocd-bill/635215d7-ff49-4073-844b-0a4de2877ae2,,New Hampshire,2021
ocd-vote/8a574d28-1ded-4f6a-a02a-523bdb97f817,,Adopt Floor Amendment 2021-1864h (Roy),['passage'],2021-06-03T00:00:00-04:00,fail,ocd-organization/3b857974-4029-4508-94d4-ce3b86c64602,ocd-bill/f9c1555e-d399-4a64-aa33-cf994a4dcead,,New Hampshire,2021
ocd-vote/b2fb0536-1890-4c93-9ba9-92ca2538eaa3,,OTPA,['passage'],2021-06-03T00:00:00-04:00,pass,ocd-organization/3b857974-4029-4508-94d4-ce3b86c64602,ocd-bill/14dbb6e9-ca32-434c-9108-a463c35fe1a1,,New Hampshire,2021
ocd-vote/5845fb14-0941-4cc3-84ef-5bb54e57168a,,Floor Amendment 1883s,['passage'],2021-06-03T00:00:00-04:00,fail,ocd-organization/c95932a0-2ac1-4f14-a0c4-ade8568daac6,ocd-bill/7874dca1-f5d2-4916-a5b1-0b2f0d854ea2,,New Hampshire,2021
ocd-vote/bbfc3a89-5cdb-49f4-af14-f0f8b4691076,,Floor Amendment 1842s,['passage'],2021-06-03T00:00:00-04:00,pass,ocd-organization/c95932a0-2ac1-4f14-a0c4-ade8568daac6,ocd-bill/7874dca1-f5d2-4916-a5b1-0b2f0d854ea2,,New Hampshire,2021
ocd-vote/31d03784-152b-4ff8-899e-ab76f1a220f0,,"Committee Amendment 1797s, Remainder of the Committee Amendment.",['passage'],2021-06-03T00:00:00-04:00,pass,ocd-organization/c95932a0-2ac1-4f14-a0c4-ade8568daac6,ocd-bill/ef0d71b0-a51d-475b-966e-a53ea6ca3b0c,,New Hampshire,2021
ocd-vote/158c2fbc-4ad4-4c10-8b15-7d877fa9d7df,,"Committee Amendment 1799s, on Sections 74-75 Sections 427-429 Sections 397-404 and Section 412",['passage'],2021-06-03T00:00:00-04:00,pass,ocd-organization/c95932a0-2ac1-4f14-a0c4-ade8568daac6,ocd-bill/7874dca1-f5d2-4916-a5b1-0b2f0d854ea2,,New Hampshire,2021
ocd-vote/0a4e8f36-a2e8-4d21-9f87-24ba40510b4e,,Floor Amendment 1854s,['passage'],2021-06-03T00:00:00-04:00,fail,ocd-organization/c95932a0-2ac1-4f14-a0c4-ade8568daac6,ocd-bill/ef0d71b0-a51d-475b-966e-a53ea6ca3b0c,,New Hampshire,2021
ocd-vote/7a05dcc8-45ba-4513-a8bc-cdb8825b371f,,Sen. Bradley Move to Suspend the Rules to Rerefer HB 565 to the Committee on Health and Human Services and to allow the committee to take action on the bill.,['passage'],2021-06-03T00:00:00-04:00,pass,ocd-organization/c95932a0-2ac1-4f14-a0c4-ade8568daac6,ocd-bill/ed66f470-9e63-43d0-ade7-2473c684ef0d,,New Hampshire,2021
ocd-vote/2ddd65f3-701e-4bb9-9048-c657b7006bc2,,Floor Amendment 1850s,['passage'],2021-06-03T00:00:00-04:00,fail,ocd-organization/c95932a0-2ac1-4f14-a0c4-ade8568daac6,ocd-bill/7874dca1-f5d2-4916-a5b1-0b2f0d854ea2,,New Hampshire,2021
ocd-vote/c758b4ff-949d-46b3-8102-9a0c67e82245,,Reconsider,['passage'],2021-06-04T00:00:00-04:00,fail,ocd-organization/3b857974-4029-4508-94d4-ce3b86c64602,ocd-bill/e8529c77-e500-47a0-966f-57895446fbd3,,New Hampshire,2021
ocd-vote/9852b638-f54b-4138-ab57-c0227ed67801,,OTP,['passage'],2021-06-04T00:00:00-04:00,pass,ocd-organization/3b857974-4029-4508-94d4-ce3b86c64602,ocd-bill/a1a77791-5492-4faf-ab91-6c38e4894762,,New Hampshire,2021
ocd-vote/8e0a9f7f-ed23-43c6-b5a0-aaca23c84a6d,,Adopt Amendment 2021-1404h,['passage'],2021-06-04T00:00:00-04:00,fail,ocd-organization/3b857974-4029-4508-94d4-ce3b86c64602,ocd-bill/ff087863-6ef9-49e9-95ce-9b3f07bbf4a3,,New Hampshire,2021
ocd-vote/4c777e4e-55ab-4521-b0c2-628f87ed6d3f,,OTP,['passage'],2021-06-04T00:00:00-04:00,pass,ocd-organization/3b857974-4029-4508-94d4-ce3b86c64602,ocd-bill/e8529c77-e500-47a0-966f-57895446fbd3,,New Hampshire,2021
ocd-vote/fe3efdfd-9e06-432c-bb3f-499d5ea4dfeb,,Reconsider,['passage'],2021-06-04T00:00:00-04:00,fail,ocd-organization/3b857974-4029-4508-94d4-ce3b86c64602,ocd-bill/ff087863-6ef9-49e9-95ce-9b3f07bbf4a3,,New Hampshire,2021
ocd-vote/c134f9a4-95aa-49a9-84dc-79e0fe465538,,OTPA,['passage'],2021-06-04T00:00:00-04:00,pass,ocd-organization/3b857974-4029-4508-94d4-ce3b86c64602,ocd-bill/50704bba-1f6b-4f88-b25d-940345971e8b,,New Hampshire,2021
ocd-vote/c15652e0-06a2-4e64-8ec7-d04a84573539,,Adopt Amendment 2021-0964h,['passage'],2021-06-04T00:00:00-04:00,pass,ocd-organization/3b857974-4029-4508-94d4-ce3b86c64602,ocd-bill/ff087863-6ef9-49e9-95ce-9b3f07bbf4a3,,New Hampshire,2021
ocd-vote/c5ac99a2-b120-466c-a0c9-541748e18d75,,OTPA,['passage'],2021-06-04T00:00:00-04:00,pass,ocd-organization/3b857974-4029-4508-94d4-ce3b86c64602,ocd-bill/4ef98945-3f90-494e-aaa3-c031ed7092bc,,New Hampshire,2021
ocd-vote/5069f8cb-ff52-46ce-85f2-13c4d96e014d,,OTPA,['passage'],2021-06-04T00:00:00-04:00,pass,ocd-organization/3b857974-4029-4508-94d4-ce3b86c64602,ocd-bill/ff087863-6ef9-49e9-95ce-9b3f07bbf4a3,,New Hampshire,2021
ocd-vote/d65e1568-c0b6-41d3-a117-ea4d249886ed,,Divide Amendment 1810h (Sylvia),['passage'],2021-06-04T00:00:00-04:00,fail,ocd-organization/3b857974-4029-4508-94d4-ce3b86c64602,ocd-bill/4ef98945-3f90-494e-aaa3-c031ed7092bc,,New Hampshire,2021
ocd-vote/652fd044-fd58-4436-9a4c-e3c1bd9aa585,,Indefinitely Postpone,['passage'],2021-06-04T00:00:00-04:00,fail,ocd-organization/3b857974-4029-4508-94d4-ce3b86c64602,ocd-bill/e8529c77-e500-47a0-966f-57895446fbd3,,New Hampshire,2021
ocd-vote/3de7a960-30a5-42dd-b3fa-9d7653eb93a4,,Concur,['passage'],2021-06-10T00:00:00-04:00,pass,ocd-organization/3b857974-4029-4508-94d4-ce3b86c64602,ocd-bill/898e9f1e-32e5-4513-aa2c-54c4c2db9725,,New Hampshire,2021
ocd-vote/56003bef-55ab-4049-af39-4af901c81490,,Concur,['passage'],2021-06-10T00:00:00-04:00,pass,ocd-organization/c95932a0-2ac1-4f14-a0c4-ade8568daac6,ocd-bill/982df970-67e3-4a9e-a1a7-41fadcf40ffe,,New Hampshire,2021
ocd-vote/7de5426b-2502-46b9-bf4e-d454249493d1,,Concur,['passage'],2021-06-10T00:00:00-04:00,pass,ocd-organization/3b857974-4029-4508-94d4-ce3b86c64602,ocd-bill/0e0c5fa1-e0b8-4488-8d7d-2bf5b4740a77,,New Hampshire,2021
ocd-vote/0ce02988-3fd8-4144-ad74-5c67a2659401,,Concur,['passage'],2021-06-10T00:00:00-04:00,pass,ocd-organization/3b857974-4029-4508-94d4-ce3b86c64602,ocd-bill/530fb629-54ec-4594-8510-705c3cc943b8,,New Hampshire,2021
ocd-vote/e9ddb6de-d953-4c96-a58c-b194702d6c3b,,Nonconcur and Request a C of C,['passage'],2021-06-10T00:00:00-04:00,pass,ocd-organization/c95932a0-2ac1-4f14-a0c4-ade8568daac6,ocd-bill/50704bba-1f6b-4f88-b25d-940345971e8b,,New Hampshire,2021
ocd-vote/319efe55-1332-4099-b279-c8be672f2f94,,Concur,['passage'],2021-06-10T00:00:00-04:00,pass,ocd-organization/3b857974-4029-4508-94d4-ce3b86c64602,ocd-bill/7ec86c03-4234-4a8a-bed0-4f9c40a78415,,New Hampshire,2021
ocd-vote/fdf2b19b-057d-4ef1-9199-1a1b63176cc1,,Concur,['passage'],2021-06-10T00:00:00-04:00,pass,ocd-organization/c95932a0-2ac1-4f14-a0c4-ade8568daac6,ocd-bill/5b972116-a014-4c38-abd2-666f1ce53647,,New Hampshire,2021
ocd-vote/8e3c3ac2-73a6-432d-b282-1d6cf6a2b8d5,,Nonconcur and Request a C of C,['passage'],2021-06-10T00:00:00-04:00,pass,ocd-organization/c95932a0-2ac1-4f14-a0c4-ade8568daac6,ocd-bill/56d3f0d3-dcc5-4067-99be-386424cd53de,,New Hampshire,2021
ocd-vote/a68fe08d-460c-4397-9a56-73fd60dd6857,,Concur,['passage'],2021-06-10T00:00:00-04:00,pass,ocd-organization/3b857974-4029-4508-94d4-ce3b86c64602,ocd-bill/9444b493-56b7-4f98-b14d-e0e8b444e673,,New Hampshire,2021
ocd-vote/fd0d049c-1e90-4add-885d-59bdab7cd67c,,Concur,['passage'],2021-06-10T00:00:00-04:00,pass,ocd-organization/c95932a0-2ac1-4f14-a0c4-ade8568daac6,ocd-bill/0ca4b57a-4f70-4f8b-8225-c094e242a0e6,,New Hampshire,2021
ocd-vote/c4573cf8-fc20-4cc8-a83e-df9bb73aabac,,Table,['passage'],2021-06-24T00:00:00-04:00,pass,ocd-organization/3b857974-4029-4508-94d4-ce3b86c64602,ocd-bill/56d3f0d3-dcc5-4067-99be-386424cd53de,,New Hampshire,2021
ocd-vote/dd0cf4e3-a863-4ebe-b71c-b9015c5f1639,,Conference Committee Report,['passage'],2021-06-24T00:00:00-04:00,pass,ocd-organization/c95932a0-2ac1-4f14-a0c4-ade8568daac6,ocd-bill/50704bba-1f6b-4f88-b25d-940345971e8b,,New Hampshire,2021
ocd-vote/cdf98928-7802-4383-9634-70a99eac26f3,,Adopt CofC Report,['passage'],2021-06-24T00:00:00-04:00,pass,ocd-organization/3b857974-4029-4508-94d4-ce3b86c64602,ocd-bill/ef0d71b0-a51d-475b-966e-a53ea6ca3b0c,,New Hampshire,2021
ocd-vote/f492cd90-59da-4ee3-bf36-db68827ec679,,Reconsideration,['passage'],2021-06-24T00:00:00-04:00,pass,ocd-organization/c95932a0-2ac1-4f14-a0c4-ade8568daac6,ocd-bill/50704bba-1f6b-4f88-b25d-940345971e8b,,New Hampshire,2021
ocd-vote/7933e6b0-c1d5-4b2f-a049-4f9d987f94b6,,Conference Committee Report,['passage'],2021-06-24T00:00:00-04:00,pass,ocd-organization/c95932a0-2ac1-4f14-a0c4-ade8568daac6,ocd-bill/1791aa41-85b7-4df2-a953-97328d4f8302,,New Hampshire,2021
ocd-vote/57604b06-f76a-448b-bc18-e86fa4f933c1,,Conference Committee Report,['passage'],2021-06-24T00:00:00-04:00,pass,ocd-organization/c95932a0-2ac1-4f14-a0c4-ade8568daac6,ocd-bill/ef0d71b0-a51d-475b-966e-a53ea6ca3b0c,,New Hampshire,2021
ocd-vote/46563ce3-22d2-4a09-9794-360d917bf506,,Adopt CofC Report,['passage'],2021-06-24T00:00:00-04:00,pass,ocd-organization/3b857974-4029-4508-94d4-ce3b86c64602,ocd-bill/c8704a00-a046-4c7f-95c8-0afdf117d9dc,,New Hampshire,2021
ocd-vote/2c9a4a0d-a409-4f12-af7d-e720d3de3695,,Conference Committee Report,['passage'],2021-06-24T00:00:00-04:00,pass,ocd-organization/c95932a0-2ac1-4f14-a0c4-ade8568daac6,ocd-bill/694bad0b-4570-4f8e-bed3-c0e5addabbee,,New Hampshire,2021
ocd-vote/6591415f-1c33-48b1-8e99-f1add28f9380,,Conference Committee Report,['passage'],2021-06-24T00:00:00-04:00,pass,ocd-organization/c95932a0-2ac1-4f14-a0c4-ade8568daac6,ocd-bill/7874dca1-f5d2-4916-a5b1-0b2f0d854ea2,,New Hampshire,2021
ocd-vote/196c69b1-112e-4e1f-9441-1d0fb3d3af4e,,Adopt CofC Report,['passage'],2021-06-24T00:00:00-04:00,pass,ocd-organization/3b857974-4029-4508-94d4-ce3b86c64602,ocd-bill/da926582-57b2-4433-ac3c-cf72ead024a1,,New Hampshire,2021
ocd-vote/d8601104-907a-42c3-a09a-34a16f440ccd,,Reconsideration,['passage'],2021-06-24T00:00:00-04:00,fail,ocd-organization/c95932a0-2ac1-4f14-a0c4-ade8568daac6,ocd-bill/50704bba-1f6b-4f88-b25d-940345971e8b,,New Hampshire,2021
ocd-vote/dfb87fb7-c8f2-495e-8cae-600e5037e358,,Adopt CofC Report,['passage'],2021-06-24T00:00:00-04:00,pass,ocd-organization/3b857974-4029-4508-94d4-ce3b86c64602,ocd-bill/7874dca1-f5d2-4916-a5b1-0b2f0d854ea2,,New Hampshire,2021
ocd-vote/64549a35-65c3-4c37-91fb-228671c72208,,Adopt CofC Report,['passage'],2021-06-24T00:00:00-04:00,pass,ocd-organization/3b857974-4029-4508-94d4-ce3b86c64602,ocd-bill/1791aa41-85b7-4df2-a953-97328d4f8302,,New Hampshire,2021
ocd-vote/226fce26-8177-4651-8bfa-e3e26392e185,,Veto Override,['passage'],2021-06-24T00:00:00-04:00,fail,ocd-organization/3b857974-4029-4508-94d4-ce3b86c64602,ocd-bill/d23d87b8-72c4-4128-8a82-4c8da93f5b87,,New Hampshire,2021
ocd-vote/d2b6a511-d297-4822-8ec2-aa0cbbf82c85,,Conference Committee Report,['passage'],2021-06-24T00:00:00-04:00,fail,ocd-organization/c95932a0-2ac1-4f14-a0c4-ade8568daac6,ocd-bill/50704bba-1f6b-4f88-b25d-940345971e8b,,New Hampshire,2021
ocd-vote/d601eee0-0de4-44d9-b836-27f024eadbf1,,Adopt CofC Report,['passage'],2021-06-24T00:00:00-04:00,pass,ocd-organization/3b857974-4029-4508-94d4-ce3b86c64602,ocd-bill/7da34f99-d62a-4cbb-95c1-1cfd21b9bdab,,New Hampshire,2021
