id,name,entity_type,organization_id,person_id,bill_id,primary,classification
916722ff-4235-4ae9-a04f-c6a8fc312fea,Kenneth L. Weyler,person,,ocd-person/e2f9dd7e-b221-4cf0-b7de-5daa70658669,ocd-bill/ef0d71b0-a51d-475b-966e-a53ea6ca3b0c,True,primary
06342823-e879-40fb-b602-e5940445049e,John A. Graham,person,,ocd-person/05a586d8-4c39-4578-95f6-7aaa30b3c67c,ocd-bill/46a1981f-1e29-42bf-95b4-d87b9cfae1f9,True,primary
476eff99-d75c-428c-995b-6b6034bf0282,Sue M. Mullen,person,,ocd-person/07c19313-fcb0-476b-b240-e299c55888f7,ocd-bill/46a1981f-1e29-42bf-95b4-d87b9cfae1f9,False,cosponsor
65530451-3413-4303-89aa-f0d6dd2ebd79,Rosemarie Rung,person,,ocd-person/1a5923c6-3e1f-4ebe-8739-17c9e9642403,ocd-bill/712a0ec2-9d59-4b7d-8746-6d581f1b55bd,True,primary
dc8258fe-5d96-4d55-b043-6cdddd0883ed,Mary Beth Walz,person,,ocd-person/aee31921-5d02-4da9-8e3e-3137b4bb8bf4,ocd-bill/b87fca1e-5d5e-4f6b-8f21-e0368a43b0d7,True,primary
fddc14e4-16ff-4564-96aa-9b34982f70b0,Gary L. Woods,person,,ocd-person/5d98b66b-f4d1-4776-953f-67dc348fdd12,ocd-bill/b87fca1e-5d5e-4f6b-8f21-e0368a43b0d7,False,cosponsor
624feb39-490a-43cb-8380-ef096e0d1737,Debra L. DeSimone,person,,ocd-person/7ef7472f-0bda-4708-9239-76adeca1e87e,ocd-bill/352b0c81-6a8c-4399-a2eb-92afad9a3e61,False,cosponsor
2560977e-1008-4e85-ba43-9d7eac06cf15,Linda R. Gould,person,,ocd-person/40ae4adb-2124-47ca-82b5-9eee794af4a2,ocd-bill/352b0c81-6a8c-4399-a2eb-92afad9a3e61,False,cosponsor
499f5745-4e9b-4ea1-9c67-c3b42e3a6b1d,Kimberly A. Rice,person,,ocd-person/85b7ca6d-3fd7-4e97-bfe0-effe223121f7,ocd-bill/352b0c81-6a8c-4399-a2eb-92afad9a3e61,False,cosponsor
26798c7a-f323-4a47-a1eb-235d2d104806,Gary L. Daniels,person,,ocd-person/4c8ac73e-dca4-48ca-b50c-25d0d41425bc,ocd-bill/352b0c81-6a8c-4399-a2eb-92afad9a3e61,False,cosponsor
72ec885f-7fe8-4e56-b185-f1a06437f93a,Maureen C. Mooney,person,,ocd-person/4a80db99-34b2-4d33-995b-41d889592bf3,ocd-bill/352b0c81-6a8c-4399-a2eb-92afad9a3e61,False,cosponsor
669a40b8-a126-4897-897b-fdd7e63e5cf9,Ruth Ward,person,,ocd-person/9089a509-1f26-4770-adc6-199ed716e692,ocd-bill/352b0c81-6a8c-4399-a2eb-92afad9a3e61,False,cosponsor
1f929cf0-6798-4654-a3ff-33913718f13e,Mark A. Pearson,person,,ocd-person/6c90e0a1-d9d5-488c-a9a3-898ca5b0f9a4,ocd-bill/352b0c81-6a8c-4399-a2eb-92afad9a3e61,False,cosponsor
9a29c36d-98d7-4660-bf28-67f2e46d145e,Denise Ricciardi,person,,ocd-person/8dc59c94-caba-41b2-a6ba-6bca0f595118,ocd-bill/352b0c81-6a8c-4399-a2eb-92afad9a3e61,False,cosponsor
5e0ee465-c7c8-43b0-82da-6c39ca1c15e2,Matthew J. Simon,person,,ocd-person/a7e2763e-dc4f-44de-9c6e-5bd2c3f525d0,ocd-bill/352b0c81-6a8c-4399-a2eb-92afad9a3e61,False,cosponsor
93a24be8-cbf1-4b6c-a4d6-4600a318ed2f,Bill C. King,person,,ocd-person/8fb8ae5a-0b74-4be8-89be-36a0966cd8b5,ocd-bill/352b0c81-6a8c-4399-a2eb-92afad9a3e61,False,cosponsor
cf7c1741-8298-441d-8767-ea8faa512a07,Vanessa L. Sheehan,person,,ocd-person/5c985922-36b3-4d80-986d-1f9c363920f1,ocd-bill/352b0c81-6a8c-4399-a2eb-92afad9a3e61,True,primary
6779bf79-f0e1-438b-9188-915b3eafb418,Diane Pauer,person,,ocd-person/7cc1d333-efac-47fb-a109-98113c762790,ocd-bill/352b0c81-6a8c-4399-a2eb-92afad9a3e61,False,cosponsor
02c0f62a-475b-4b8a-884c-cbe8733932cb,Jim L. Creighton,person,,ocd-person/e6b59654-1e8f-4f6b-b01f-7d69bb76ffec,ocd-bill/352b0c81-6a8c-4399-a2eb-92afad9a3e61,False,cosponsor
09d82dee-6333-4467-b6af-77aab853d8f2,John Reagan,person,,ocd-person/f516d40a-3676-4437-8285-a931d7c2885b,ocd-bill/2a18968b-855a-47d4-9f3b-d07e46076c19,False,cosponsor
f8aca650-0f30-4ada-914f-97a69fb39bb4,Al P. Baldasaro,person,,ocd-person/3807f9c1-b590-4496-8a1e-b0ff84ba592d,ocd-bill/2a18968b-855a-47d4-9f3b-d07e46076c19,False,cosponsor
a7ccfe30-06c5-4442-ad5a-5a3f3ace0873,Michael Moffett,person,,ocd-person/acb20216-f193-42e1-9304-2b1d3572e61d,ocd-bill/2a18968b-855a-47d4-9f3b-d07e46076c19,False,cosponsor
9da24f88-cb30-4665-851d-16b67924d238,Timothy P. Lang,person,,ocd-person/85064309-421e-4611-a6c5-800234db68fb,ocd-bill/2a18968b-855a-47d4-9f3b-d07e46076c19,False,cosponsor
9fd089ab-eb6e-4c41-a700-d602fb518afe,Howard C. Pearl,person,,ocd-person/c4122c6a-ed23-492e-b813-59a0fed1ec86,ocd-bill/2a18968b-855a-47d4-9f3b-d07e46076c19,False,cosponsor
907d54aa-89bf-4913-9b72-7146bac3ae74,Mark A. Pearson,person,,ocd-person/6c90e0a1-d9d5-488c-a9a3-898ca5b0f9a4,ocd-bill/2a18968b-855a-47d4-9f3b-d07e46076c19,False,cosponsor
6da584e8-3b6c-42d6-bee8-5b9d080f010c,Hershel Nunez,person,,ocd-person/3724f35b-dc08-456a-a432-1ead531e8dfd,ocd-bill/2a18968b-855a-47d4-9f3b-d07e46076c19,False,cosponsor
0ac5b594-da32-419b-bc0d-e523c37ad339,Kenna E. Cross,person,,ocd-person/dbb145cc-9cdb-49ec-a0cf-f9f24ddb22a9,ocd-bill/2a18968b-855a-47d4-9f3b-d07e46076c19,False,cosponsor
25106f72-0ec0-4a21-8a54-b99e85405cbe,Jose E. Cambrils,person,,ocd-person/3d1f7d21-9a20-4245-b51f-03ca0d2b14eb,ocd-bill/2a18968b-855a-47d4-9f3b-d07e46076c19,True,primary
7e08ed19-e58e-4e89-9847-0b064176c4ba,Lino M. Avellani,person,,ocd-person/4d68b7bf-e7fb-4c6d-ac12-526aba53e65e,ocd-bill/40c5cf87-0436-4d04-a4f0-827b987ca2c1,False,cosponsor
bf131a18-d217-46bd-8fb7-0039ac22f815,Max Abramson,person,,ocd-person/83f50732-5fc6-4287-87aa-786cf169840c,ocd-bill/40c5cf87-0436-4d04-a4f0-827b987ca2c1,False,cosponsor
4995689e-acb0-4251-a232-58557700d073,John M. Potucek,person,,ocd-person/433c67d6-bfdc-410e-87e2-463c93d55a17,ocd-bill/40c5cf87-0436-4d04-a4f0-827b987ca2c1,False,cosponsor
8b19133b-c3e3-4969-8cd9-d372604c42fa,David W. Binford,person,,ocd-person/9098756d-2231-4e69-84d5-09ab979ee1a2,ocd-bill/40c5cf87-0436-4d04-a4f0-827b987ca2c1,False,cosponsor
881d4432-4eec-4384-96e4-5e628ad63849,Sallie D. Fellows,person,,ocd-person/2260bb0a-065f-4d26-a814-f70aa2c16705,ocd-bill/40c5cf87-0436-4d04-a4f0-827b987ca2c1,False,cosponsor
696143ee-3fec-4706-a17a-2d60a96f85fb,Nicole Klein-Knight,person,,ocd-person/f91f87c5-d22a-48b7-ac4a-c2519d086ec7,ocd-bill/40c5cf87-0436-4d04-a4f0-827b987ca2c1,False,cosponsor
7497e9b4-d437-4d55-ad1d-c67b28f00128,Andrew J. Bouldin,person,,ocd-person/ad413289-53c5-4966-9f0f-fd392d95a827,ocd-bill/40c5cf87-0436-4d04-a4f0-827b987ca2c1,False,cosponsor
a023ceab-5329-4ebd-ac19-6d71a622d9b9,Terry Roy,person,,ocd-person/6d43b165-fda9-4918-a2b7-ad66940062a0,ocd-bill/40c5cf87-0436-4d04-a4f0-827b987ca2c1,True,primary
48dae910-97c3-4dfb-9716-83f4a624cd6b,Bill C. King,person,,ocd-person/8fb8ae5a-0b74-4be8-89be-36a0966cd8b5,ocd-bill/40c5cf87-0436-4d04-a4f0-827b987ca2c1,False,cosponsor
531d6be5-a9e2-46de-ad95-189ae45226fc,Melbourne R. Moran,person,,ocd-person/79503c7a-0c57-4b4f-b5fe-38ab2529dd14,ocd-bill/40c5cf87-0436-4d04-a4f0-827b987ca2c1,False,cosponsor
bc5f01a2-5e21-48db-8bb0-a028e1539b7c,Gregory G. Hill,person,,ocd-person/852df922-484b-412f-a604-c2d67efee5ec,ocd-bill/e2a984ae-da32-44d1-bcb4-4f2c6e7b0b46,False,cosponsor
75e3441f-5d1e-45de-88c9-1390ad432226,Timothy P. Lang,person,,ocd-person/85064309-421e-4611-a6c5-800234db68fb,ocd-bill/e2a984ae-da32-44d1-bcb4-4f2c6e7b0b46,False,cosponsor
76e97946-e5a1-4ee1-8cca-737e691a2b74,Howard C. Pearl,person,,ocd-person/c4122c6a-ed23-492e-b813-59a0fed1ec86,ocd-bill/e2a984ae-da32-44d1-bcb4-4f2c6e7b0b46,False,cosponsor
d8a62329-22f5-4e46-9c1b-186d255e236f,Bob J. Giuda,person,,ocd-person/7739a4d0-534e-4bdb-b7fb-6a8f348e833e,ocd-bill/e2a984ae-da32-44d1-bcb4-4f2c6e7b0b46,True,primary
199449a6-5bf8-4612-905e-ad34c3e376dc,Harold F. French,person,,ocd-person/ff11da65-174b-4fdc-b33c-e5d6d56602f0,ocd-bill/e2a984ae-da32-44d1-bcb4-4f2c6e7b0b46,False,cosponsor
c9293e0d-4bc5-4ad7-96f0-de7b8c18f72f,Juliet Harvey-Bolia,person,,ocd-person/5d7f39ae-2cc4-4b36-bd76-828a24bc454d,ocd-bill/e2a984ae-da32-44d1-bcb4-4f2c6e7b0b46,False,cosponsor
316dd68e-d1ba-45ed-81c8-c17c5092cdc4,Kenna E. Cross,person,,ocd-person/dbb145cc-9cdb-49ec-a0cf-f9f24ddb22a9,ocd-bill/e2a984ae-da32-44d1-bcb4-4f2c6e7b0b46,False,cosponsor
14322a72-1a51-4b78-b4da-94a74bfe8635,Karen C. Umberger,person,,ocd-person/054854df-4965-4401-9776-ffbcd075e295,ocd-bill/ef0d71b0-a51d-475b-966e-a53ea6ca3b0c,False,cosponsor
67d50d4e-aa89-40de-bbeb-10be2849069a,Jess C. Edwards,person,,ocd-person/3787c84d-f615-4e9d-bac8-42f86ea308db,ocd-bill/ef0d71b0-a51d-475b-966e-a53ea6ca3b0c,False,cosponsor
8cc0935d-92ed-4a61-b576-f972e16af91c,John Reagan,person,,ocd-person/f516d40a-3676-4437-8285-a931d7c2885b,ocd-bill/54c9c7b3-bce0-4be0-a097-e257651b6512,False,cosponsor
a5b4af98-3f24-4acf-8de2-fdb66e6a390e,Kenneth L. Weyler,person,,ocd-person/e2f9dd7e-b221-4cf0-b7de-5daa70658669,ocd-bill/54c9c7b3-bce0-4be0-a097-e257651b6512,False,cosponsor
52f9043a-1991-45f0-9e28-0f4d7c907bb3,Norman L. Major,person,,ocd-person/f210808d-53ac-4e23-ade2-7bdb60a8e559,ocd-bill/54c9c7b3-bce0-4be0-a097-e257651b6512,False,cosponsor
d7df1431-6013-4688-93e6-925f119ace16,Gary L. Daniels,person,,ocd-person/4c8ac73e-dca4-48ca-b50c-25d0d41425bc,ocd-bill/54c9c7b3-bce0-4be0-a097-e257651b6512,False,cosponsor
a3e2dc1d-3f71-4fc5-95d7-f967c153bf05,Regina Birdsell,person,,ocd-person/461c9024-c8c3-44a5-91d6-015a6587db5f,ocd-bill/54c9c7b3-bce0-4be0-a097-e257651b6512,False,cosponsor
654db905-4829-4481-9f5a-60acd35eb837,Kevin A. Avard,person,,ocd-person/b99b0bbb-4710-43c7-a6b5-0e04524eedf0,ocd-bill/54c9c7b3-bce0-4be0-a097-e257651b6512,False,cosponsor
42185dd1-8e66-4644-99a0-155642253b61,Timothy P. Lang,person,,ocd-person/85064309-421e-4611-a6c5-800234db68fb,ocd-bill/54c9c7b3-bce0-4be0-a097-e257651b6512,False,cosponsor
ff543b01-1dd0-4311-be3f-90bb887e7c67,Jess C. Edwards,person,,ocd-person/3787c84d-f615-4e9d-bac8-42f86ea308db,ocd-bill/54c9c7b3-bce0-4be0-a097-e257651b6512,False,cosponsor
208bac13-3003-4f54-9fee-a377692b679f,Bob J. Giuda,person,,ocd-person/7739a4d0-534e-4bdb-b7fb-6a8f348e833e,ocd-bill/54c9c7b3-bce0-4be0-a097-e257651b6512,True,primary
1d7c29ca-d0af-4686-bf3f-555dda9ebbea,Ruth Ward,person,,ocd-person/9089a509-1f26-4770-adc6-199ed716e692,ocd-bill/54c9c7b3-bce0-4be0-a097-e257651b6512,False,cosponsor
86dac42a-a347-4a25-9259-ab0175bb99c8,Bill Gannon,person,,ocd-person/d3c437bd-532d-458b-961f-4f6dccec1e4b,ocd-bill/54c9c7b3-bce0-4be0-a097-e257651b6512,False,cosponsor
6563104f-5962-4c32-9882-f8ad4095defc,Erin Hennessey,person,,ocd-person/b8009d8b-0bb8-4a70-9e34-96d247a3327b,ocd-bill/54c9c7b3-bce0-4be0-a097-e257651b6512,False,cosponsor
cf3e6a27-d779-49d3-8d8d-ce453fb94e55,Denise Ricciardi,person,,ocd-person/8dc59c94-caba-41b2-a6ba-6bca0f595118,ocd-bill/54c9c7b3-bce0-4be0-a097-e257651b6512,False,cosponsor
f554bcb4-d3d1-4d14-aeec-7571a685e121,Lou D'Allesandro,person,,ocd-person/87c48788-817d-408b-a1e1-ebe1c9fd893d,ocd-bill/058151d0-cef4-4744-a432-076f67c148eb,False,cosponsor
0a384c90-5d8a-4508-b289-2708b7b9932a,Sharon M Carson,person,,ocd-person/00964fc0-dd57-44c3-87bf-b6d5bbc34560,ocd-bill/058151d0-cef4-4744-a432-076f67c148eb,True,primary
1a0a8f90-635a-4e16-bd57-114e2b7cb7c9,Jeb Bradley,person,,ocd-person/3f5455e8-256e-4442-9c13-bc14f62ce76f,ocd-bill/058151d0-cef4-4744-a432-076f67c148eb,False,cosponsor
6eed7c13-03e2-4c7c-8d47-1b04253f9b17,Donna M. Soucy,person,,ocd-person/bfbbacfd-e12a-4e07-970e-c2c2c006f4a2,ocd-bill/058151d0-cef4-4744-a432-076f67c148eb,False,cosponsor
ff54d5f3-9a96-4644-86b5-7beccba71654,Jeffrey P. Goley,person,,ocd-person/903e02f2-e17d-41f4-bd94-f91557c0e1fd,ocd-bill/058151d0-cef4-4744-a432-076f67c148eb,False,cosponsor
869e0f5b-9d03-417b-ae61-a92708a583c3,Patrick T. Long,person,,ocd-person/14d0ff58-3340-4344-bb79-c6acd5f8ba6c,ocd-bill/058151d0-cef4-4744-a432-076f67c148eb,False,cosponsor
9a8ed2e7-8bd0-4c26-b930-25bdc7bf03a0,Carol M. McGuire,person,,ocd-person/ae3d6133-98b5-444e-b95e-2edc2f5302dc,ocd-bill/058151d0-cef4-4744-a432-076f67c148eb,False,cosponsor
4adbff7b-1eb3-43de-9c62-1c5a1bc17b0b,Chuck Morse,person,,ocd-person/72b8f708-a22d-477d-9c55-e5d14b8308a6,ocd-bill/50559730-aea5-4fdd-ab44-469b96dbdb2c,False,cosponsor
b7127cf8-77c8-4b0f-842f-302bc6e4d747,Sharon M Carson,person,,ocd-person/00964fc0-dd57-44c3-87bf-b6d5bbc34560,ocd-bill/50559730-aea5-4fdd-ab44-469b96dbdb2c,False,cosponsor
b2834aef-d893-43b9-88d2-89709bd4d5e5,Jeb Bradley,person,,ocd-person/3f5455e8-256e-4442-9c13-bc14f62ce76f,ocd-bill/50559730-aea5-4fdd-ab44-469b96dbdb2c,False,cosponsor
df302fec-3c9f-41b2-83df-04b2012cf8ef,Sherman A. Packard,person,,ocd-person/e94c1d98-5454-40a2-8293-ee0998fee8ca,ocd-bill/50559730-aea5-4fdd-ab44-469b96dbdb2c,True,primary
6a865918-09a8-437f-8c55-b582b00a430b,Norman L. Major,person,,ocd-person/f210808d-53ac-4e23-ade2-7bdb60a8e559,ocd-bill/50559730-aea5-4fdd-ab44-469b96dbdb2c,False,cosponsor
f40f5ec4-2d76-47b7-98db-fb96f8ff5454,Jason M. Osborne,person,,ocd-person/6e2bc564-5cd1-4f96-a265-4753b7f12ee1,ocd-bill/50559730-aea5-4fdd-ab44-469b96dbdb2c,False,cosponsor
206e780e-eda1-43b7-b0cb-9e0024824650,Regina Birdsell,person,,ocd-person/461c9024-c8c3-44a5-91d6-015a6587db5f,ocd-bill/50559730-aea5-4fdd-ab44-469b96dbdb2c,False,cosponsor
866fac16-7174-44d6-aefb-1e303f881d6d,Timothy P. Lang,person,,ocd-person/85064309-421e-4611-a6c5-800234db68fb,ocd-bill/50559730-aea5-4fdd-ab44-469b96dbdb2c,False,cosponsor
e3ef5f84-7b8f-4a6b-abac-e5cd4b6da325,Alan Bershtein,person,,ocd-person/bfa03ae8-d0ad-4105-b759-f9ed465a024c,ocd-bill/50559730-aea5-4fdd-ab44-469b96dbdb2c,False,cosponsor
480d9281-9b0e-46fe-8b09-292ec6da6bf4,Keith Erf,person,,ocd-person/0e6b2514-25d6-4e16-bcbd-5029e90df22d,ocd-bill/50559730-aea5-4fdd-ab44-469b96dbdb2c,False,cosponsor
5ad562f6-c349-40f8-9c03-a7c6742559f5,Erin Hennessey,person,,ocd-person/b8009d8b-0bb8-4a70-9e34-96d247a3327b,ocd-bill/50559730-aea5-4fdd-ab44-469b96dbdb2c,False,cosponsor
68fb4e8b-6416-453a-a214-283859fe3c13,Joe H. Alexander,person,,ocd-person/e7800d58-1019-4aff-8d1a-22faba9d3e23,ocd-bill/21a6d08d-fbbf-4036-ae01-b52683178f61,False,cosponsor
db3c5ca9-f9fe-48f8-bdbd-e44817279b2e,John Reagan,person,,ocd-person/f516d40a-3676-4437-8285-a931d7c2885b,ocd-bill/43069b08-5c80-46d8-859b-d8ca63d94487,False,cosponsor
1d938235-f488-4fcb-aab1-1468f1c508f3,Kenneth L. Weyler,person,,ocd-person/e2f9dd7e-b221-4cf0-b7de-5daa70658669,ocd-bill/43069b08-5c80-46d8-859b-d8ca63d94487,False,cosponsor
bd784485-3c5f-4f11-b8e3-1e96b7fe2fa4,Timothy P. Lang,person,,ocd-person/85064309-421e-4611-a6c5-800234db68fb,ocd-bill/43069b08-5c80-46d8-859b-d8ca63d94487,True,primary
36292040-ced5-4488-b9e2-6e387602e402,David W. Binford,person,,ocd-person/9098756d-2231-4e69-84d5-09ab979ee1a2,ocd-bill/43069b08-5c80-46d8-859b-d8ca63d94487,False,cosponsor
13ac36c6-d341-4b9d-9f64-71112d3a6a23,Gregg Hough,person,,ocd-person/3300d54f-0d44-4b18-ac18-41da270b8d58,ocd-bill/43069b08-5c80-46d8-859b-d8ca63d94487,False,cosponsor
be8a3825-a3d2-43b0-8f6b-cb4e291f20ac,Suzanne H. Gottling,person,,ocd-person/9068849a-0e7b-4d27-bece-133d0ef033b4,ocd-bill/3b6ebce6-3d05-4aa2-b0aa-4064a684c27d,False,cosponsor
30c8ccd0-67a7-48db-88bc-7c9062a5715b,Suzanne J. Smith,person,,ocd-person/6a75f502-50fd-47e7-8160-1fce1205550e,ocd-bill/3b6ebce6-3d05-4aa2-b0aa-4064a684c27d,True,primary
6f98f19a-554f-4b28-88e2-8bf19d0a3d22,Kurt F. Wuelper,person,,ocd-person/27f3432f-2a51-4a39-b9c4-814718ae87ed,ocd-bill/3b6ebce6-3d05-4aa2-b0aa-4064a684c27d,False,cosponsor
fcbace9c-4e5f-4369-a870-387caa2b01da,Ruth Ward,person,,ocd-person/9089a509-1f26-4770-adc6-199ed716e692,ocd-bill/3b6ebce6-3d05-4aa2-b0aa-4064a684c27d,False,cosponsor
c1f20845-4011-4c25-a4fa-e6c47263e700,Sallie D. Fellows,person,,ocd-person/2260bb0a-065f-4d26-a814-f70aa2c16705,ocd-bill/3b6ebce6-3d05-4aa2-b0aa-4064a684c27d,False,cosponsor
950ac48f-9c6c-4afc-b79d-afeeb3c3cddb,John T. MacDonald,person,,ocd-person/a22a36bb-3514-4d76-a39e-791902f41d6c,ocd-bill/3b6ebce6-3d05-4aa2-b0aa-4064a684c27d,False,cosponsor
cc70a143-79ce-4466-a38d-e8b367cca957,Brodie S. Deshaies,person,,ocd-person/cf0f7c1c-a402-49f9-80cd-102f946cd260,ocd-bill/3b6ebce6-3d05-4aa2-b0aa-4064a684c27d,False,cosponsor
fd6bc528-fa76-448c-b07c-6ba819174af0,Jeb Bradley,person,,ocd-person/3f5455e8-256e-4442-9c13-bc14f62ce76f,ocd-bill/3dea9e23-6359-4814-876b-cca322096778,False,cosponsor
4d9009e8-b3bf-4860-b0a1-86ba2228a86f,Kenneth L. Weyler,person,,ocd-person/e2f9dd7e-b221-4cf0-b7de-5daa70658669,ocd-bill/3dea9e23-6359-4814-876b-cca322096778,True,primary
f04c578b-3890-4454-9f6e-3b2b7e12a5be,Martin L. Jack,person,,ocd-person/27e55643-df5b-49aa-8529-082cd786c0f8,ocd-bill/3dea9e23-6359-4814-876b-cca322096778,False,cosponsor
01149521-4cd5-4b92-a0e7-8da777b63748,Gary L. Daniels,person,,ocd-person/4c8ac73e-dca4-48ca-b50c-25d0d41425bc,ocd-bill/3dea9e23-6359-4814-876b-cca322096778,False,cosponsor
ec5d5982-cc1f-4aa9-a2a1-9c3e14233ef3,Regina Birdsell,person,,ocd-person/461c9024-c8c3-44a5-91d6-015a6587db5f,ocd-bill/3dea9e23-6359-4814-876b-cca322096778,False,cosponsor
8716a6dc-daac-4916-bc1e-b07534837d9b,Peter E. Torosian,person,,ocd-person/45e36880-19af-4f3f-89d4-624946625e7f,ocd-bill/3dea9e23-6359-4814-876b-cca322096778,False,cosponsor
8aa8d2ba-c27a-4d67-a69e-e4e5d1065c5b,Bill Gannon,person,,ocd-person/d3c437bd-532d-458b-961f-4f6dccec1e4b,ocd-bill/3dea9e23-6359-4814-876b-cca322096778,False,cosponsor
9fd7c9af-9ef8-4eae-a96c-bf1313ed735b,Sharon M Carson,person,,ocd-person/00964fc0-dd57-44c3-87bf-b6d5bbc34560,ocd-bill/831d1faa-831a-404b-b4c9-7d5e3a5d93e6,False,cosponsor
602f5877-a399-4826-aeaf-f99e0fcb9d15,Peter R. Leishman,person,,ocd-person/86708f42-531f-4e57-a6b1-f5b11ff9389c,ocd-bill/831d1faa-831a-404b-b4c9-7d5e3a5d93e6,False,cosponsor
293f4524-533a-46ce-948f-0b1b936d40e5,Carol M. McGuire,person,,ocd-person/ae3d6133-98b5-444e-b95e-2edc2f5302dc,ocd-bill/831d1faa-831a-404b-b4c9-7d5e3a5d93e6,False,cosponsor
b7fefbf2-cd28-4b96-86a4-fc7ead84c5ac,Karen C. Umberger,person,,ocd-person/054854df-4965-4401-9776-ffbcd075e295,ocd-bill/831d1faa-831a-404b-b4c9-7d5e3a5d93e6,False,cosponsor
9bdbb08d-52a2-42e3-822c-863e65b2ff77,Claire A. Rouillard,person,,ocd-person/527f8fb3-d715-438e-be76-59cd96641c11,ocd-bill/6b216159-5557-4b72-936a-3f1c1d2fc3fa,False,cosponsor
d0c1a518-6783-45d2-bdb9-c4e80425b718,Barbara Comtois,person,,ocd-person/3e0ee111-2332-4742-b073-a23cc37a8b51,ocd-bill/6b216159-5557-4b72-936a-3f1c1d2fc3fa,False,cosponsor
9c47003e-6309-4d8f-b81b-b9e508017e8d,Alicia D. Lekas,person,,ocd-person/50bcd6fc-7d60-4595-811c-213e18faf326,ocd-bill/6b216159-5557-4b72-936a-3f1c1d2fc3fa,False,cosponsor
e7b4b862-56ec-44ab-8e7f-170fc5114471,Judy F. Aron,person,,ocd-person/533fb85c-c4f0-41f3-9bc6-8b1c422a9693,ocd-bill/6b216159-5557-4b72-936a-3f1c1d2fc3fa,True,primary
e29232f6-efcb-4074-9559-5e441486e6cd,Jordan G. Ulery,person,,ocd-person/31f696d4-f806-4eb3-a8ce-5b1d2a2eba93,ocd-bill/e04a73fb-9fac-4eaa-a69c-f2da74c8cc80,False,cosponsor
cb95eca2-9d29-44c5-93ae-639269a5906e,James A. Spillane,person,,ocd-person/2520dc46-648c-44d0-ba1f-fe09b17a9d8b,ocd-bill/e04a73fb-9fac-4eaa-a69c-f2da74c8cc80,False,cosponsor
acc1b1e8-58a5-4c01-b873-18f9d54d5bf0,Chris True,person,,ocd-person/9debae73-c678-420c-a515-c7381e304d1c,ocd-bill/e04a73fb-9fac-4eaa-a69c-f2da74c8cc80,False,cosponsor
eef300b0-d000-4ff3-8890-40ad15e3ca54,Andrew J. Prout,person,,ocd-person/da5fb901-d16d-430f-b5cb-7ab556f8d4ee,ocd-bill/e04a73fb-9fac-4eaa-a69c-f2da74c8cc80,False,cosponsor
33b87095-a105-4ade-92a1-c83a503a2b50,Dave Testerman,person,,ocd-person/a9da1843-ceb9-40c6-9846-a3c3d5319ccd,ocd-bill/e04a73fb-9fac-4eaa-a69c-f2da74c8cc80,False,cosponsor
c22202e1-16a0-49d3-a64c-b07d4f214167,David C. Love,person,,ocd-person/1c956ef6-b705-4e9d-af0c-f66d6f44591e,ocd-bill/e04a73fb-9fac-4eaa-a69c-f2da74c8cc80,False,cosponsor
fb255448-2157-4b50-bd5f-3e34c032187c,Scott Wallace,person,,,ocd-bill/e04a73fb-9fac-4eaa-a69c-f2da74c8cc80,False,cosponsor
c8a85ae2-1486-4d05-9e7a-fc96c3bdd085,Alicia D. Lekas,person,,ocd-person/50bcd6fc-7d60-4595-811c-213e18faf326,ocd-bill/e04a73fb-9fac-4eaa-a69c-f2da74c8cc80,False,cosponsor
9ee9e0af-97f9-4b81-80e8-2a75f9f42a0f,Tony Lekas,person,,ocd-person/97ccf8c1-af1c-4a3c-b267-683d0446b790,ocd-bill/e04a73fb-9fac-4eaa-a69c-f2da74c8cc80,True,primary
298c8eec-dc64-4c12-99ed-5fcf69be4796,Sharon M Carson,person,,ocd-person/00964fc0-dd57-44c3-87bf-b6d5bbc34560,ocd-bill/cc672317-3cab-49bf-a3a4-3e70c082edf7,False,cosponsor
108c9391-22a2-48e7-9658-da489383af98,Kenneth L. Weyler,person,,ocd-person/e2f9dd7e-b221-4cf0-b7de-5daa70658669,ocd-bill/cc672317-3cab-49bf-a3a4-3e70c082edf7,False,cosponsor
b06b49fc-7013-4545-886b-8a568354ae1c,Carol M. McGuire,person,,ocd-person/ae3d6133-98b5-444e-b95e-2edc2f5302dc,ocd-bill/cc672317-3cab-49bf-a3a4-3e70c082edf7,False,cosponsor
072353ec-6352-4e3d-a1ff-328323f0149a,Tracy Emerick,person,,ocd-person/fb61041a-a20a-409c-988b-cdbcf276b0f2,ocd-bill/cc672317-3cab-49bf-a3a4-3e70c082edf7,False,cosponsor
a6b5f2e0-1fb6-4056-aef3-81d0fe506ef8,Chuck Morse,person,,ocd-person/72b8f708-a22d-477d-9c55-e5d14b8308a6,ocd-bill/3fe5fab0-704f-4a34-8f90-d38fca86708f,False,cosponsor
6fd1d368-fcb8-41ce-82f7-1ba72da05627,Sharon M Carson,person,,ocd-person/00964fc0-dd57-44c3-87bf-b6d5bbc34560,ocd-bill/3fe5fab0-704f-4a34-8f90-d38fca86708f,False,cosponsor
a27c3cc0-4628-46f8-8903-37b8c173ad64,Kenneth L. Weyler,person,,ocd-person/e2f9dd7e-b221-4cf0-b7de-5daa70658669,ocd-bill/3fe5fab0-704f-4a34-8f90-d38fca86708f,False,cosponsor
03db914d-d0dd-4d77-9f0c-764056d58ca8,Jess C. Edwards,person,,ocd-person/3787c84d-f615-4e9d-bac8-42f86ea308db,ocd-bill/3fe5fab0-704f-4a34-8f90-d38fca86708f,False,cosponsor
e9c71f37-6535-4b05-89d0-c555ac148e24,Walter A. Stapleton,person,,ocd-person/74efcb71-c62c-4388-b9ad-69f779b0c33e,ocd-bill/3fe5fab0-704f-4a34-8f90-d38fca86708f,False,cosponsor
7176267f-1c50-4a7c-a48d-ef5b06dba96e,Bob J. Giuda,person,,ocd-person/7739a4d0-534e-4bdb-b7fb-6a8f348e833e,ocd-bill/3fe5fab0-704f-4a34-8f90-d38fca86708f,True,primary
dc593b82-27a5-4430-a063-30c75c58063a,Bill Gannon,person,,ocd-person/d3c437bd-532d-458b-961f-4f6dccec1e4b,ocd-bill/3fe5fab0-704f-4a34-8f90-d38fca86708f,False,cosponsor
42ce7f17-e789-4b51-b3ae-c79e498cfeb3,Erin Hennessey,person,,ocd-person/b8009d8b-0bb8-4a70-9e34-96d247a3327b,ocd-bill/3fe5fab0-704f-4a34-8f90-d38fca86708f,False,cosponsor
2066ed1e-312d-401b-90d8-21abc59dc4bb,Kimberly A. Rice,person,,ocd-person/85b7ca6d-3fd7-4e97-bfe0-effe223121f7,ocd-bill/384f5128-67f5-4b7f-91c6-bafcfdf14b52,False,cosponsor
c942f9da-22c9-424d-a219-b1d42b244ef0,Claire A. Rouillard,person,,ocd-person/527f8fb3-d715-438e-be76-59cd96641c11,ocd-bill/384f5128-67f5-4b7f-91c6-bafcfdf14b52,False,cosponsor
c267e209-02a1-4256-b6d2-7fb7ad671c15,Gregory G. Hill,person,,ocd-person/852df922-484b-412f-a604-c2d67efee5ec,ocd-bill/384f5128-67f5-4b7f-91c6-bafcfdf14b52,True,primary
ed2fb1a2-3b75-4b48-beaf-8bcea62cdacb,Norman J. Silber,person,,ocd-person/2f3c984e-640c-49ec-aba9-4928db0e9edc,ocd-bill/384f5128-67f5-4b7f-91c6-bafcfdf14b52,False,cosponsor
d18765c6-666f-4820-b155-70744da26c71,Howard C. Pearl,person,,ocd-person/c4122c6a-ed23-492e-b813-59a0fed1ec86,ocd-bill/384f5128-67f5-4b7f-91c6-bafcfdf14b52,False,cosponsor
ae92051f-cae6-428f-915e-bb1fefe28b98,Chris True,person,,ocd-person/9debae73-c678-420c-a515-c7381e304d1c,ocd-bill/70350a47-8bf3-4c2a-b662-d8946bdf5fb1,False,cosponsor
d072a258-7296-4548-9b11-34779d6004d6,John C. Janigian,person,,ocd-person/4c4f4974-0202-43a0-9aba-f41d0f99603a,ocd-bill/70350a47-8bf3-4c2a-b662-d8946bdf5fb1,False,cosponsor
013c5f80-6991-4ed7-a2d5-dc84d9f4bc40,Peter E. Torosian,person,,ocd-person/45e36880-19af-4f3f-89d4-624946625e7f,ocd-bill/70350a47-8bf3-4c2a-b662-d8946bdf5fb1,True,primary
191782e0-4047-48b8-a986-df23bf53b77f,Kenneth L. Weyler,person,,ocd-person/e2f9dd7e-b221-4cf0-b7de-5daa70658669,ocd-bill/7874dca1-f5d2-4916-a5b1-0b2f0d854ea2,True,primary
75c93acc-481d-4ae6-abbf-e135996010d3,Karen C. Umberger,person,,ocd-person/054854df-4965-4401-9776-ffbcd075e295,ocd-bill/7874dca1-f5d2-4916-a5b1-0b2f0d854ea2,False,cosponsor
b6dc98c1-732e-44a1-9249-ec0a3f219cee,Jess C. Edwards,person,,ocd-person/3787c84d-f615-4e9d-bac8-42f86ea308db,ocd-bill/7874dca1-f5d2-4916-a5b1-0b2f0d854ea2,False,cosponsor
d47519ba-f92c-4a3b-8037-19f7a3867228,Andrew J. Prout,person,,ocd-person/da5fb901-d16d-430f-b5cb-7ab556f8d4ee,ocd-bill/4019962a-c682-43df-b658-ef28808e7d38,True,primary
0680600f-8fd1-4d7c-8c83-52f6749e761a,Steven D. Smith,person,,ocd-person/129a2970-07b9-4136-aae1-15c689edca40,ocd-bill/271a35d8-dd80-48dd-95b6-934e5a205424,False,cosponsor
405b01c9-b619-4783-916e-81a39172ce67,Jeb Bradley,person,,ocd-person/3f5455e8-256e-4442-9c13-bc14f62ce76f,ocd-bill/7a3918d1-d8fa-4af0-b42e-8694f2e4e87f,False,cosponsor
3616bb16-72e3-4412-bb60-ade37cd7ee8b,David H Watters,person,,ocd-person/cf24defe-6df3-49f3-88ca-c6774b144f19,ocd-bill/7a3918d1-d8fa-4af0-b42e-8694f2e4e87f,False,cosponsor
c9a355a9-e6b1-4bbf-9f1c-a14f54505103,Janet G. Wall,person,,ocd-person/2830876f-1a4d-4332-ae2a-a97607c4e1b9,ocd-bill/7a3918d1-d8fa-4af0-b42e-8694f2e4e87f,False,cosponsor
c3cf98a2-8789-45f7-a755-d141b87cabae,Debra L. DeSimone,person,,ocd-person/7ef7472f-0bda-4708-9239-76adeca1e87e,ocd-bill/7a3918d1-d8fa-4af0-b42e-8694f2e4e87f,False,cosponsor
e5eb7193-4acf-4e33-b01d-8e88a320f811,Patrick F. Abrami,person,,ocd-person/0327f85d-1b5a-4218-a97f-f393a965d64b,ocd-bill/7a3918d1-d8fa-4af0-b42e-8694f2e4e87f,False,cosponsor
f7784cf2-4b64-41c7-912f-acc3099887c6,James A. Spillane,person,,ocd-person/2520dc46-648c-44d0-ba1f-fe09b17a9d8b,ocd-bill/7a3918d1-d8fa-4af0-b42e-8694f2e4e87f,False,cosponsor
74c4cb18-4f45-4e14-9584-e3021313679f,Betty I. Gay,person,,ocd-person/c2486401-1c5f-4cfc-b4ef-bbae6b8c0489,ocd-bill/7a3918d1-d8fa-4af0-b42e-8694f2e4e87f,False,cosponsor
c85ed6f6-22c8-43af-bf10-ef3be2e87a3c,Ellen D. Read,person,,ocd-person/77304532-17fb-4b2c-aed6-213a435e4a46,ocd-bill/7a3918d1-d8fa-4af0-b42e-8694f2e4e87f,True,primary
1e0fd882-f030-4849-81ea-20fba11189ec,Kate R. Murray,person,,ocd-person/79bb2147-ea4b-4706-8b38-ee2309613ea0,ocd-bill/7a3918d1-d8fa-4af0-b42e-8694f2e4e87f,False,cosponsor
d4929f0a-0681-40fd-9758-b7eaf8dbedbf,Tom Sherman,person,,ocd-person/ee95d0de-e55e-4733-ba97-0fde66adf65c,ocd-bill/7a3918d1-d8fa-4af0-b42e-8694f2e4e87f,False,cosponsor
5b3ea234-f742-460d-bc6a-e036667b844e,Amanda Elizabeth Elizabeth Toll,person,,,ocd-bill/7a3918d1-d8fa-4af0-b42e-8694f2e4e87f,False,cosponsor
b62723a7-35a5-4a06-bdd9-d73fe3a38e99,Linda L. Tanner,person,,ocd-person/950e6cfe-ff6c-49ed-a4c2-1e66e60c6315,ocd-bill/a2662aec-6cf9-4425-a667-04eaa7cbe1bd,False,cosponsor
6b2abcf3-254d-4536-9801-b8f38a8a5313,Amanda C. Bouldin,person,,ocd-person/7ad034dd-b6f2-4314-94d9-cffce7144e5d,ocd-bill/a2662aec-6cf9-4425-a667-04eaa7cbe1bd,False,cosponsor
be41ab8a-1757-428b-aebd-986051dd56fe,Joyce Weston,person,,ocd-person/2dbea6d6-0221-41de-98bf-508b14eb085d,ocd-bill/a2662aec-6cf9-4425-a667-04eaa7cbe1bd,False,cosponsor
6082ab89-e131-4dce-821c-29b52638962a,Joshua F. Query,person,,ocd-person/8961ce37-7b3f-4eb8-b666-41e6de86c157,ocd-bill/a2662aec-6cf9-4425-a667-04eaa7cbe1bd,True,primary
7a4b3b73-1bd8-4a7f-83a3-04d3c98200dd,Joe H. Alexander,person,,ocd-person/e7800d58-1019-4aff-8d1a-22faba9d3e23,ocd-bill/a2662aec-6cf9-4425-a667-04eaa7cbe1bd,False,cosponsor
a6bc72f8-49c2-4971-a922-f168bed0d486,Lisa H. Bunker,person,,ocd-person/781ad4d7-babf-4d46-82f6-aff2d3c8215f,ocd-bill/a2662aec-6cf9-4425-a667-04eaa7cbe1bd,False,cosponsor
06f8fc64-00d2-47ae-9542-7f957c86c465,Sue M. Mullen,person,,ocd-person/07c19313-fcb0-476b-b240-e299c55888f7,ocd-bill/a2662aec-6cf9-4425-a667-04eaa7cbe1bd,False,cosponsor
75c8117d-abc4-4d01-a75b-491f64c79a66,Cassandra N. Levesque,person,,ocd-person/711423e3-ff28-4150-8a89-ec568a4f2c5d,ocd-bill/a2662aec-6cf9-4425-a667-04eaa7cbe1bd,False,cosponsor
c501a759-f532-49aa-a6b3-e5d434d1ebcb,Rebecca Perkins Kwoka,person,,ocd-person/c20b7693-7f2c-4646-af7f-d57518edd1a4,ocd-bill/a2662aec-6cf9-4425-a667-04eaa7cbe1bd,False,cosponsor
dea7d05c-0f4c-415c-b86a-1acd710200dd,Amanda Elizabeth Elizabeth Toll,person,,,ocd-bill/a2662aec-6cf9-4425-a667-04eaa7cbe1bd,False,cosponsor
2d3a81f3-aaae-4c9a-91e6-19c6981a0486,Paul S. Berch,person,,ocd-person/f96a072d-9add-44b0-8028-0ec057f31f52,ocd-bill/8fd97424-12b6-4a65-8177-17d7ca6a9a59,False,cosponsor
b52381d5-9c89-40dc-a599-a7c3a8a66bef,Kendall A. Snow,person,,ocd-person/cfc39de4-1079-46cc-85d2-fa6382d4eafd,ocd-bill/8fd97424-12b6-4a65-8177-17d7ca6a9a59,False,cosponsor
32860589-4387-49b3-b9c7-3b350252a862,Debra Altschiller,person,,ocd-person/925608b2-8d23-4186-85f6-4c50f334374d,ocd-bill/8fd97424-12b6-4a65-8177-17d7ca6a9a59,True,primary
0e1ebb58-997c-47d7-a3c8-ab0c712d89a4,Jaci L. Grote,person,,ocd-person/26f01212-5287-4735-aa1f-77e4f0d2acb6,ocd-bill/8fd97424-12b6-4a65-8177-17d7ca6a9a59,False,cosponsor
4e3625e6-c096-49e9-8f29-4336964081fd,Amanda Elizabeth Elizabeth Toll,person,,,ocd-bill/8fd97424-12b6-4a65-8177-17d7ca6a9a59,False,cosponsor
6a234645-be42-43a2-aa5b-1f5f352265c6,Peter W. Bixby,person,,ocd-person/2c42e95c-0192-4910-9fc6-8a43b58c6467,ocd-bill/d8f9d8f8-cd13-4f33-8cf1-dba3e03c1bab,False,cosponsor
7c16b2a7-9dfb-43b6-b7d2-0652fa41bf16,Sherry A. Frost,person,,ocd-person/62916f8e-e193-463d-9dcc-f35f60d836db,ocd-bill/d8f9d8f8-cd13-4f33-8cf1-dba3e03c1bab,False,cosponsor
468d428d-808e-446d-aa4e-fb83e5d515c3,Casey M. Conley,person,,ocd-person/3290a4d4-7403-45f8-adc4-4e26e0fefa09,ocd-bill/d8f9d8f8-cd13-4f33-8cf1-dba3e03c1bab,True,primary
0354760c-38de-45ef-bc75-a41d3d3cbcd4,Kristina M. Fargo,person,,ocd-person/c7e2f9aa-ff57-4a2e-9253-3bb9cf528c17,ocd-bill/d8f9d8f8-cd13-4f33-8cf1-dba3e03c1bab,False,cosponsor
3c68e132-b2f4-4348-ba9d-01f66d131212,Wendy Chase,person,,ocd-person/c24da601-15f1-482c-a234-f8443056c77a,ocd-bill/d8f9d8f8-cd13-4f33-8cf1-dba3e03c1bab,False,cosponsor
58aad488-205a-4ad4-9050-db4f8dc8af13,Cassandra N. Levesque,person,,ocd-person/711423e3-ff28-4150-8a89-ec568a4f2c5d,ocd-bill/d8f9d8f8-cd13-4f33-8cf1-dba3e03c1bab,False,cosponsor
6d25a891-156b-48d5-b467-e88328959b82,Amanda Elizabeth Elizabeth Toll,person,,,ocd-bill/d8f9d8f8-cd13-4f33-8cf1-dba3e03c1bab,False,cosponsor
20f5eb9d-c58a-45e5-b1c7-3807f9eb71fe,Ariel Oxaal,person,,ocd-person/2b4de9b8-f61e-4787-b203-3336e6d3984d,ocd-bill/d8f9d8f8-cd13-4f33-8cf1-dba3e03c1bab,False,cosponsor
3a6b91f3-1355-4501-b044-9323f344844f,Marjorie A. Porter,person,,ocd-person/0999b615-be84-4309-b4ca-68261c1155ab,ocd-bill/34831ca2-78a3-4848-b106-130c0601f7a7,True,primary
f4b4b173-901b-4222-bf7e-508f44d34455,Thomas C. Walsh,person,,ocd-person/e325954b-c90e-4b1e-aadb-3f5cc7ec1671,ocd-bill/271a35d8-dd80-48dd-95b6-934e5a205424,True,primary
7d436b07-df0e-4c1f-a890-a955f010efdd,Natalie J. Wells,person,,ocd-person/fdcf8c83-01c5-4733-bdba-f94e8a4d3410,ocd-bill/271a35d8-dd80-48dd-95b6-934e5a205424,False,cosponsor
550b1a3a-36ca-40f0-a478-9de950d7de56,Howard C. Pearl,person,,ocd-person/c4122c6a-ed23-492e-b813-59a0fed1ec86,ocd-bill/271a35d8-dd80-48dd-95b6-934e5a205424,False,cosponsor
2824e941-f372-41da-9f11-65683348de12,Max Abramson,person,,ocd-person/83f50732-5fc6-4287-87aa-786cf169840c,ocd-bill/fcc9be7d-b9d0-4a62-a1af-0d40e41701a1,True,primary
529f575e-9d32-4df7-b149-2b1a4f44aa86,Casey M. Conley,person,,ocd-person/3290a4d4-7403-45f8-adc4-4e26e0fefa09,ocd-bill/fcc9be7d-b9d0-4a62-a1af-0d40e41701a1,False,cosponsor
0be2da45-ba03-4d0a-bbb3-07c74d919596,Robert Renny Cushing,person,,ocd-person/cdb3279c-243a-4ca0-8e83-fcb10a975736,ocd-bill/f9c40545-b311-4764-b505-3f970d8701d5,True,primary
54dfe581-547d-4b1c-97c5-9511130a3d79,Casey M. Conley,person,,ocd-person/3290a4d4-7403-45f8-adc4-4e26e0fefa09,ocd-bill/f9c40545-b311-4764-b505-3f970d8701d5,False,cosponsor
85c99353-b14d-4d7d-b44a-315057e7d5a0,Sharon M Carson,person,,ocd-person/00964fc0-dd57-44c3-87bf-b6d5bbc34560,ocd-bill/529bffb9-50d2-4a59-a147-0abcaef5b1c0,False,cosponsor
ae0b84d3-cb41-433f-8ae2-643cfb89e31b,Regina Birdsell,person,,ocd-person/461c9024-c8c3-44a5-91d6-015a6587db5f,ocd-bill/529bffb9-50d2-4a59-a147-0abcaef5b1c0,True,primary
1111febf-d204-42e2-9bf3-1eb3a15220f2,Harold F. French,person,,ocd-person/ff11da65-174b-4fdc-b33c-e5d6d56602f0,ocd-bill/529bffb9-50d2-4a59-a147-0abcaef5b1c0,False,cosponsor
b8aafb59-89b6-4909-85fd-03ab6db4bff4,Kevin J. Cavanaugh,person,,ocd-person/7fb2bb33-cbdb-4dfd-9369-64f19f179777,ocd-bill/529bffb9-50d2-4a59-a147-0abcaef5b1c0,False,cosponsor
75d7aafd-3716-4f85-898e-cbee4830a4c6,David W. Binford,person,,ocd-person/9098756d-2231-4e69-84d5-09ab979ee1a2,ocd-bill/f0ab20c6-6e66-4c79-bcb0-60401338c674,False,cosponsor
5a8668a6-7a84-4806-b390-e64f52c37d6e,Andrew J. Prout,person,,ocd-person/da5fb901-d16d-430f-b5cb-7ab556f8d4ee,ocd-bill/f0ab20c6-6e66-4c79-bcb0-60401338c674,True,primary
c81a2f69-46b3-4d87-bd8c-d5539767ae10,Casey M. Conley,person,,ocd-person/3290a4d4-7403-45f8-adc4-4e26e0fefa09,ocd-bill/f0ab20c6-6e66-4c79-bcb0-60401338c674,False,cosponsor
03649ded-0144-46b5-bf37-79c334a7107a,Mike Bordes,person,,ocd-person/c924901e-1cc8-4574-ae7c-19f3e52d2031,ocd-bill/f0ab20c6-6e66-4c79-bcb0-60401338c674,False,cosponsor
b9a9b852-df4c-4a3e-be41-a41857919278,Cody M. Belanger,person,,ocd-person/5aa4450b-2f9d-442f-9c94-b2a8c500812b,ocd-bill/f0ab20c6-6e66-4c79-bcb0-60401338c674,False,cosponsor
a0f276a8-3073-4fa1-9b66-df8e42a2fda9,Andrew Renzullo,person,,ocd-person/b8aa741e-30b1-4d45-8f6a-7241f0d0eed2,ocd-bill/0b6efaad-3cab-420d-a4b4-5c90f218d8a7,True,primary
789703da-ca8b-4b01-933e-c7d2c25060ca,Carol M. McGuire,person,,ocd-person/ae3d6133-98b5-444e-b95e-2edc2f5302dc,ocd-bill/96658c88-e155-4382-bf25-336ab5964056,False,cosponsor
3fe76dc0-1fda-49ac-a378-ca08d2cf633a,Jason M. Osborne,person,,ocd-person/6e2bc564-5cd1-4f96-a265-4753b7f12ee1,ocd-bill/96658c88-e155-4382-bf25-336ab5964056,False,cosponsor
5b3eabef-58ab-4f2e-9ea7-8530c0acc7a7,Kevin A. Avard,person,,ocd-person/b99b0bbb-4710-43c7-a6b5-0e04524eedf0,ocd-bill/96658c88-e155-4382-bf25-336ab5964056,False,cosponsor
9f84a199-c51d-4330-8f25-4367d2621054,Timothy P. Lang,person,,ocd-person/85064309-421e-4611-a6c5-800234db68fb,ocd-bill/96658c88-e155-4382-bf25-336ab5964056,True,primary
1424bc55-395b-4f41-a17c-118726cf4bfb,David W. Binford,person,,ocd-person/9098756d-2231-4e69-84d5-09ab979ee1a2,ocd-bill/96658c88-e155-4382-bf25-336ab5964056,False,cosponsor
5949acad-54dd-46bf-b93f-0fe6688a10ab,Howard C. Pearl,person,,ocd-person/c4122c6a-ed23-492e-b813-59a0fed1ec86,ocd-bill/96658c88-e155-4382-bf25-336ab5964056,False,cosponsor
a7f28fd3-155e-4b07-9b0f-12a73abdd453,Kevin G. Verville,person,,ocd-person/9d10ccec-b571-4eea-b025-9ed7634b6516,ocd-bill/96658c88-e155-4382-bf25-336ab5964056,False,cosponsor
09c7064a-f8f8-4a30-bfbb-d96b1544a358,Bob J. Giuda,person,,ocd-person/7739a4d0-534e-4bdb-b7fb-6a8f348e833e,ocd-bill/96658c88-e155-4382-bf25-336ab5964056,False,cosponsor
a9ec35f1-7f18-4f77-9996-e9f796594bed,Hershel Nunez,person,,ocd-person/3724f35b-dc08-456a-a432-1ead531e8dfd,ocd-bill/96658c88-e155-4382-bf25-336ab5964056,False,cosponsor
77841293-2145-40f1-9444-4f728de8e913,Judy F. Aron,person,,ocd-person/533fb85c-c4f0-41f3-9bc6-8b1c422a9693,ocd-bill/96658c88-e155-4382-bf25-336ab5964056,False,cosponsor
f7005397-b42e-4f2b-8f1b-046c91de2910,Juliet Harvey-Bolia,person,,ocd-person/5d7f39ae-2cc4-4b36-bd76-828a24bc454d,ocd-bill/96658c88-e155-4382-bf25-336ab5964056,False,cosponsor
ba3d884e-2b7d-4707-a1cd-857f3a74694e,Lisa C.M. Post,person,,ocd-person/72ef654a-277a-4309-b0ae-08fee715af2c,ocd-bill/96658c88-e155-4382-bf25-336ab5964056,False,cosponsor
865027a5-a761-463c-afc9-bf664007b29e,Rick M. Ladd,person,,ocd-person/1bd6c569-f2dd-4670-bf82-ef3ea4b15960,ocd-bill/94a64fd7-e7c7-42c8-9102-8c88e9f5c251,False,cosponsor
a52d859e-bca6-46ce-8c5b-38c2a8cfb336,Carol M. McGuire,person,,ocd-person/ae3d6133-98b5-444e-b95e-2edc2f5302dc,ocd-bill/94a64fd7-e7c7-42c8-9102-8c88e9f5c251,False,cosponsor
4598bacf-05ad-4480-b010-e7d7cce09663,Steven D. Smith,person,,ocd-person/129a2970-07b9-4136-aae1-15c689edca40,ocd-bill/94a64fd7-e7c7-42c8-9102-8c88e9f5c251,False,cosponsor
a21b036d-68be-456b-8617-edb474e0f03b,Glenn Cordelli,person,,ocd-person/c8aa2951-dea0-4999-9b6a-6323d9917e0b,ocd-bill/94a64fd7-e7c7-42c8-9102-8c88e9f5c251,False,cosponsor
bb032297-e344-4d0f-8459-f7640b97eed2,Gregory G. Hill,person,,ocd-person/852df922-484b-412f-a604-c2d67efee5ec,ocd-bill/94a64fd7-e7c7-42c8-9102-8c88e9f5c251,True,primary
ad82a4b9-8b65-41fb-af35-96ca07887688,Timothy P. Lang,person,,ocd-person/85064309-421e-4611-a6c5-800234db68fb,ocd-bill/94a64fd7-e7c7-42c8-9102-8c88e9f5c251,False,cosponsor
0cbcba67-1723-494e-908e-cb433bf556ed,Alicia D. Lekas,person,,ocd-person/50bcd6fc-7d60-4595-811c-213e18faf326,ocd-bill/94a64fd7-e7c7-42c8-9102-8c88e9f5c251,False,cosponsor
b05e7cc4-b651-447f-bc71-1bac8137c44a,Jeb Bradley,person,,ocd-person/3f5455e8-256e-4442-9c13-bc14f62ce76f,ocd-bill/9c7f0b5a-9a76-48de-82cd-b4a7fd25d692,False,cosponsor
6a5b3054-b04f-4720-abad-6a3fb7b19a1f,David H Watters,person,,ocd-person/cf24defe-6df3-49f3-88ca-c6774b144f19,ocd-bill/9c7f0b5a-9a76-48de-82cd-b4a7fd25d692,False,cosponsor
653110fe-1ac5-4cd3-86c5-7bb6226152ed,Peter R. Leishman,person,,ocd-person/86708f42-531f-4e57-a6b1-f5b11ff9389c,ocd-bill/9c7f0b5a-9a76-48de-82cd-b4a7fd25d692,False,cosponsor
df3bd65d-bbfd-4ba7-96c9-ded40aef8c52,Thomas L. Buco,person,,ocd-person/22809c1b-0676-4ad9-8d0e-8a0a9d19063a,ocd-bill/9c7f0b5a-9a76-48de-82cd-b4a7fd25d692,True,primary
42c11234-3e98-4b45-a319-aaac790f9e43,William A. Hatch,person,,ocd-person/2bfaf69b-214f-40a6-9674-bdb68c23e9ff,ocd-bill/9c7f0b5a-9a76-48de-82cd-b4a7fd25d692,False,cosponsor
6e2ee33e-cb11-451f-ae01-cd5d62184c68,Karen C. Umberger,person,,ocd-person/054854df-4965-4401-9776-ffbcd075e295,ocd-bill/9c7f0b5a-9a76-48de-82cd-b4a7fd25d692,False,cosponsor
db7046a5-eb1b-42e8-a74b-4bac48b067a5,Mary Beth Walz,person,,ocd-person/aee31921-5d02-4da9-8e3e-3137b4bb8bf4,ocd-bill/94ff0760-a304-474f-a422-1896d54a3d8c,False,cosponsor
cee45ab1-3169-4e3c-a2bf-3722a71c9f2b,Lucy M. Weber,person,,ocd-person/a6790cd1-6b7a-48f9-b48c-b298929578a4,ocd-bill/94ff0760-a304-474f-a422-1896d54a3d8c,True,primary
85caacac-d72e-4e20-9c9e-660ef8023afc,Marjorie A. Porter,person,,ocd-person/0999b615-be84-4309-b4ca-68261c1155ab,ocd-bill/94ff0760-a304-474f-a422-1896d54a3d8c,False,cosponsor
0308dd44-4700-476f-a8bf-c9643a686dcc,Dianne E. Schuett,person,,ocd-person/62ff0476-f4e6-411f-a58e-2e7963cde2ab,ocd-bill/87fcb6b0-2d0f-48c8-a3b9-3c188d02d094,False,cosponsor
f5c37dab-645b-45e0-a200-e797c037010d,Brian M. Sullivan,person,,ocd-person/4c78e7fc-43a2-467b-abe3-6ba04ad8853e,ocd-bill/87fcb6b0-2d0f-48c8-a3b9-3c188d02d094,True,primary
c0e822b8-30c7-4eeb-96e7-35c48fce0309,Linda A. Massimilla,person,,ocd-person/c018f667-a248-4b79-b8be-63740191e1ff,ocd-bill/e8de4d60-c57b-4e7b-8d32-a61014bd4420,False,cosponsor
1836163f-9409-4271-9ed1-b64a73f8fe63,Donald J. Bouchard,person,,ocd-person/74ae3ef0-c1f3-48ce-a5a6-c9bc4661bf08,ocd-bill/e8de4d60-c57b-4e7b-8d32-a61014bd4420,False,cosponsor
e7008fa8-1284-4ad4-82ac-790d1a4d3581,Nicole Klein-Knight,person,,ocd-person/f91f87c5-d22a-48b7-ac4a-c2519d086ec7,ocd-bill/e8de4d60-c57b-4e7b-8d32-a61014bd4420,True,primary
9df3b088-0162-4df0-83ab-9143b0306434,Willis T. Griffith,person,,ocd-person/db50036f-5c7f-4cec-a250-3be2e3ca394c,ocd-bill/e8de4d60-c57b-4e7b-8d32-a61014bd4420,False,cosponsor
7d33a6a3-8115-4b3c-8332-5a7300c1a8aa,Deb Stevens,person,,ocd-person/2a81219c-aa82-4175-91a6-881353d869af,ocd-bill/e8de4d60-c57b-4e7b-8d32-a61014bd4420,False,cosponsor
da5c2681-b2a8-4080-bcb5-fe77b20f1db3,Tony Labranche,person,,ocd-person/98b6662b-4d69-4759-b17c-9fd5a4bb7954,ocd-bill/e8de4d60-c57b-4e7b-8d32-a61014bd4420,False,cosponsor
9053c96f-3989-4414-9503-422ccd0cce0b,Melbourne R. Moran,person,,ocd-person/79503c7a-0c57-4b4f-b5fe-38ab2529dd14,ocd-bill/e8de4d60-c57b-4e7b-8d32-a61014bd4420,False,cosponsor
50295f29-6b63-46aa-8184-43fb09d08b09,Ariel Oxaal,person,,ocd-person/2b4de9b8-f61e-4787-b203-3336e6d3984d,ocd-bill/e8de4d60-c57b-4e7b-8d32-a61014bd4420,False,cosponsor
e8ee2482-2e54-4a70-87c2-9590f8ff1011,Jeb Bradley,person,,ocd-person/3f5455e8-256e-4442-9c13-bc14f62ce76f,ocd-bill/2f547eda-268e-4a41-a6d5-35f30b042192,True,primary
536d6344-4b24-4eb6-b7fa-095d7d322356,Mary Beth Walz,person,,ocd-person/aee31921-5d02-4da9-8e3e-3137b4bb8bf4,ocd-bill/34d47daf-0146-4f9c-801c-b499a851828b,False,cosponsor
dc864ca6-6c14-42c1-b563-03f52316a4be,Edward M. Gordon,person,,ocd-person/1e527c99-df26-4b70-8f9e-62df18dad8bb,ocd-bill/34d47daf-0146-4f9c-801c-b499a851828b,False,cosponsor
bbcb13e9-468c-4775-a0f4-631620604491,Joshua Adjutant,person,,ocd-person/89424628-1e61-44aa-9090-4dfdb3cddca8,ocd-bill/34d47daf-0146-4f9c-801c-b499a851828b,False,cosponsor
0b43784e-97e5-4153-96d3-e7fa7b63ad3d,Sallie D. Fellows,person,,ocd-person/2260bb0a-065f-4d26-a814-f70aa2c16705,ocd-bill/34d47daf-0146-4f9c-801c-b499a851828b,True,primary
7df9b108-7c5c-40d7-aa5d-7fb9589ab89c,Suzanne J. Smith,person,,ocd-person/6a75f502-50fd-47e7-8160-1fce1205550e,ocd-bill/5011abad-37da-448e-b81b-2ee6505ada9b,False,cosponsor
46cbd969-0281-40af-959e-490c5a405485,Edward M. Gordon,person,,ocd-person/1e527c99-df26-4b70-8f9e-62df18dad8bb,ocd-bill/5011abad-37da-448e-b81b-2ee6505ada9b,False,cosponsor
478da8fe-8932-42d5-8bd5-642a13c05c0a,Bob J. Giuda,person,,ocd-person/7739a4d0-534e-4bdb-b7fb-6a8f348e833e,ocd-bill/5011abad-37da-448e-b81b-2ee6505ada9b,True,primary
33eacf97-012c-45bc-be1e-de3c28798306,Sallie D. Fellows,person,,ocd-person/2260bb0a-065f-4d26-a814-f70aa2c16705,ocd-bill/5011abad-37da-448e-b81b-2ee6505ada9b,False,cosponsor
4b067ba0-72a2-420d-8537-ed668ef2804a,Joyce Weston,person,,ocd-person/2dbea6d6-0221-41de-98bf-508b14eb085d,ocd-bill/5011abad-37da-448e-b81b-2ee6505ada9b,False,cosponsor
e10f9984-bb70-4f98-998c-a56df664d767,Bob J. Lynn,person,,ocd-person/ce46c52e-8598-4888-8a1f-d16b283a7238,ocd-bill/5011abad-37da-448e-b81b-2ee6505ada9b,False,cosponsor
96a7c554-848b-4aa7-965a-288c2f0c9eb0,Jeb Bradley,person,,ocd-person/3f5455e8-256e-4442-9c13-bc14f62ce76f,ocd-bill/50704bba-1f6b-4f88-b25d-940345971e8b,True,primary
d6e43b00-c5bd-4374-83ff-921bb6f2246d,Troy E. Merner,person,,ocd-person/729664f2-12c4-4c70-82a5-fee852813a0c,ocd-bill/fffbd6d6-82e8-42e1-b7c1-395e9d33ff86,False,cosponsor
b75a2cc5-5ac5-45ad-be43-e1aabeec0184,Larry L. Laflamme,person,,ocd-person/86b73f08-dd73-4ee5-85b4-7418eaf27c8b,ocd-bill/fffbd6d6-82e8-42e1-b7c1-395e9d33ff86,True,primary
a68d000e-6081-4268-93fd-ebdf79b8d00e,Bob J. Lynn,person,,ocd-person/ce46c52e-8598-4888-8a1f-d16b283a7238,ocd-bill/dcb42340-b741-42ba-9bb0-f1fe0d759281,True,primary
4b2635de-519b-4516-9eca-dfd471eede38,Peter B. Schmidt,person,,ocd-person/16654889-3b48-44d6-a6d3-8da5d7a434f1,ocd-bill/91534c89-927e-4863-978e-6bbad5e5aa92,False,cosponsor
153751e9-38e6-4df3-8a74-301bf8a730e1,Raymond J. Howard,person,,ocd-person/2d20ed08-99dd-4520-8637-dfc71b6a2e01,ocd-bill/91534c89-927e-4863-978e-6bbad5e5aa92,False,cosponsor
359134c5-ea56-4dfc-88c3-b11f1e4b8036,Max Abramson,person,,ocd-person/83f50732-5fc6-4287-87aa-786cf169840c,ocd-bill/91534c89-927e-4863-978e-6bbad5e5aa92,False,cosponsor
10c85d27-6f9d-48a2-b86f-09a21f0cc6fa,Michael Moffett,person,,ocd-person/acb20216-f193-42e1-9304-2b1d3572e61d,ocd-bill/91534c89-927e-4863-978e-6bbad5e5aa92,False,cosponsor
f8653b3c-77f9-4819-a3bf-6e940fabb43b,David W. Binford,person,,ocd-person/9098756d-2231-4e69-84d5-09ab979ee1a2,ocd-bill/91534c89-927e-4863-978e-6bbad5e5aa92,False,cosponsor
5477559d-6630-4a96-80ed-f150d37f9855,Leah P. Cushman,person,,ocd-person/b9ca7e25-b8c9-47c8-aac3-4b688cbcea42,ocd-bill/91534c89-927e-4863-978e-6bbad5e5aa92,True,primary
19c4b83b-d516-4403-beeb-e87cefc045fa,Jose E. Cambrils,person,,ocd-person/3d1f7d21-9a20-4245-b51f-03ca0d2b14eb,ocd-bill/91534c89-927e-4863-978e-6bbad5e5aa92,False,cosponsor
1e82e9ec-6094-4e3c-af6f-088165109a46,Gary L. Daniels,person,,ocd-person/4c8ac73e-dca4-48ca-b50c-25d0d41425bc,ocd-bill/22531e1b-ab7a-4db9-ab9b-e7e8130c9da0,False,cosponsor
4ffd76c8-bdf9-471e-8743-ef8dca05ccf4,Daryl A. Abbas,person,,ocd-person/6dfd683a-1f79-49db-95a9-07f4f9898a22,ocd-bill/22531e1b-ab7a-4db9-ab9b-e7e8130c9da0,True,primary
20925990-0301-4dcc-9c6c-8e05bf36c5df,Bob J. Giuda,person,,ocd-person/7739a4d0-534e-4bdb-b7fb-6a8f348e833e,ocd-bill/28988c78-75d9-407e-99db-1667ec520a57,True,primary
0afedef1-f67e-43bb-a47b-6578d49fe056,Michael Moffett,person,,ocd-person/acb20216-f193-42e1-9304-2b1d3572e61d,ocd-bill/9cb60c9d-6a86-40c8-8a00-2e9026a6d918,False,cosponsor
3ac0698d-67ea-4262-9ffe-8a6fb4fd4de4,Timothy P. Lang,person,,ocd-person/85064309-421e-4611-a6c5-800234db68fb,ocd-bill/9cb60c9d-6a86-40c8-8a00-2e9026a6d918,False,cosponsor
d698112e-5b43-45eb-b373-b4c9b3aaf2ad,Howard C. Pearl,person,,ocd-person/c4122c6a-ed23-492e-b813-59a0fed1ec86,ocd-bill/9cb60c9d-6a86-40c8-8a00-2e9026a6d918,True,primary
f0899801-f317-473f-ba42-7d3cca5bb701,Debra L. DeSimone,person,,ocd-person/7ef7472f-0bda-4708-9239-76adeca1e87e,ocd-bill/3228830f-9b5c-490e-bd28-3a63a3447970,False,cosponsor
86c7c580-e743-46c0-831a-57070e73dd01,David W. Binford,person,,ocd-person/9098756d-2231-4e69-84d5-09ab979ee1a2,ocd-bill/3228830f-9b5c-490e-bd28-3a63a3447970,False,cosponsor
0d61dfcc-7ed7-4037-98de-9687cb1544e7,Tony Lekas,person,,ocd-person/97ccf8c1-af1c-4a3c-b267-683d0446b790,ocd-bill/3228830f-9b5c-490e-bd28-3a63a3447970,False,cosponsor
5a242164-856c-4700-9646-69bf03748d9a,Michael Yakubovich,person,,ocd-person/39d155fd-5ecf-4608-985c-82f5855fe260,ocd-bill/3228830f-9b5c-490e-bd28-3a63a3447970,True,primary
4bfbe74c-4c72-4a09-aae8-8c3b7561ed71,Tony Piemonte,person,,ocd-person/45e7b6d4-c265-40a9-ba77-47a7a454ed71,ocd-bill/3228830f-9b5c-490e-bd28-3a63a3447970,False,cosponsor
4c5f3b54-2bd6-4192-a9a9-a97acf3ff240,Terry Roy,person,,ocd-person/6d43b165-fda9-4918-a2b7-ad66940062a0,ocd-bill/3228830f-9b5c-490e-bd28-3a63a3447970,False,cosponsor
41daef88-8a81-43b4-abd6-5e3104a802f3,Judy F. Aron,person,,ocd-person/533fb85c-c4f0-41f3-9bc6-8b1c422a9693,ocd-bill/3228830f-9b5c-490e-bd28-3a63a3447970,False,cosponsor
6d09ea04-d418-474f-86c2-3e8f41404959,Jennifer M. Rhodes,person,,ocd-person/50eaea14-c7e4-4aac-890e-bda69eb86978,ocd-bill/3228830f-9b5c-490e-bd28-3a63a3447970,False,cosponsor
cfc159aa-77fe-4d12-85d6-4e68d2766c42,John B. Hunt,person,,ocd-person/35c51630-9b9c-411a-9b98-0842cb6093df,ocd-bill/e809125d-8183-47c5-9139-ac2774b9fd53,True,primary
3cedaaaf-74d5-4b9d-811f-4811fe73406c,Sharon M Carson,person,,ocd-person/00964fc0-dd57-44c3-87bf-b6d5bbc34560,ocd-bill/92898cf6-da7f-4474-897a-e5d386b78389,True,primary
177b6bd7-5e72-4bff-9545-8a5e3f95eec0,Max Abramson,person,,ocd-person/83f50732-5fc6-4287-87aa-786cf169840c,ocd-bill/ef075e08-3e36-4322-aa80-9660287385ba,True,primary
1bbfaa70-7099-4f6b-b7af-fb6fcd5f81bf,Kenneth L. Weyler,person,,ocd-person/e2f9dd7e-b221-4cf0-b7de-5daa70658669,ocd-bill/68400aa0-84ef-4b90-955e-1e8b987138b0,False,cosponsor
6d39c5ea-38c0-43dd-8672-d3ea0bb9c89e,Michael J. Sylvia,person,,ocd-person/2e6feb2e-6f22-4909-b907-93f4c0f9ae9b,ocd-bill/68400aa0-84ef-4b90-955e-1e8b987138b0,False,cosponsor
db1b3ce0-619b-41ff-b17c-86e1bdec8693,Jason M. Osborne,person,,ocd-person/6e2bc564-5cd1-4f96-a265-4753b7f12ee1,ocd-bill/68400aa0-84ef-4b90-955e-1e8b987138b0,False,cosponsor
4f61420d-fdcf-47bd-ae0c-3b9c55652907,Chris True,person,,ocd-person/9debae73-c678-420c-a515-c7381e304d1c,ocd-bill/68400aa0-84ef-4b90-955e-1e8b987138b0,False,cosponsor
1e6df73a-2d14-4259-86c5-d27d42dbd47d,Kevin G. Verville,person,,ocd-person/9d10ccec-b571-4eea-b025-9ed7634b6516,ocd-bill/68400aa0-84ef-4b90-955e-1e8b987138b0,False,cosponsor
55fe601e-5289-4a21-bc6f-f0b5ef20a411,Jess C. Edwards,person,,ocd-person/3787c84d-f615-4e9d-bac8-42f86ea308db,ocd-bill/68400aa0-84ef-4b90-955e-1e8b987138b0,False,cosponsor
e78baa53-703a-4ba8-9675-a988608bede1,Peter E. Torosian,person,,ocd-person/45e36880-19af-4f3f-89d4-624946625e7f,ocd-bill/68400aa0-84ef-4b90-955e-1e8b987138b0,False,cosponsor
935c8878-8442-4ae1-8e3d-579e38fd4c45,Bill Gannon,person,,ocd-person/d3c437bd-532d-458b-961f-4f6dccec1e4b,ocd-bill/68400aa0-84ef-4b90-955e-1e8b987138b0,False,cosponsor
4ca4729c-e2d1-426a-adf8-997598840a88,Michael Yakubovich,person,,ocd-person/39d155fd-5ecf-4608-985c-82f5855fe260,ocd-bill/68400aa0-84ef-4b90-955e-1e8b987138b0,False,cosponsor
e4460554-c106-4b64-9cbf-a82fd195dfd7,Tony Piemonte,person,,ocd-person/45e7b6d4-c265-40a9-ba77-47a7a454ed71,ocd-bill/68400aa0-84ef-4b90-955e-1e8b987138b0,True,primary
8761fb4f-10be-4943-ba51-ead59b12042d,Al P. Baldasaro,person,,ocd-person/3807f9c1-b590-4496-8a1e-b0ff84ba592d,ocd-bill/380c08d8-d3fa-4e2b-b32c-a44253d31af4,False,cosponsor
3fc01dfa-8600-4e39-bbd0-da9455620f49,Jason M. Osborne,person,,ocd-person/6e2bc564-5cd1-4f96-a265-4753b7f12ee1,ocd-bill/380c08d8-d3fa-4e2b-b32c-a44253d31af4,False,cosponsor
85d032c9-9e5f-41a3-98e8-4f58d13df92a,Timothy P. Lang,person,,ocd-person/85064309-421e-4611-a6c5-800234db68fb,ocd-bill/380c08d8-d3fa-4e2b-b32c-a44253d31af4,False,cosponsor
9f5f4402-78c2-4a4e-bc25-a4b6d88457e6,William M. Marsh,person,,ocd-person/22006937-f2ca-4a2e-b92a-457777933dc7,ocd-bill/380c08d8-d3fa-4e2b-b32c-a44253d31af4,True,primary
720afe1f-8b1c-47b4-91a3-3a0b232917f6,Andrew J. Prout,person,,ocd-person/da5fb901-d16d-430f-b5cb-7ab556f8d4ee,ocd-bill/380c08d8-d3fa-4e2b-b32c-a44253d31af4,False,cosponsor
f68cbd85-9cce-4eca-a545-e89fc19b8a79,Jess C. Edwards,person,,ocd-person/3787c84d-f615-4e9d-bac8-42f86ea308db,ocd-bill/380c08d8-d3fa-4e2b-b32c-a44253d31af4,False,cosponsor
31a4be68-9b4c-4911-a7ac-691768213394,Jeffrey C. Salloway,person,,ocd-person/ff3c9490-e187-451d-b600-ca895bfaf0b0,ocd-bill/380c08d8-d3fa-4e2b-b32c-a44253d31af4,False,cosponsor
63f56e53-eaa8-43ec-95e4-eac7127c509f,Kevin B. Craig,person,,ocd-person/1c9d5892-ef55-4ff0-8bd0-c986ac41f25b,ocd-bill/380c08d8-d3fa-4e2b-b32c-a44253d31af4,False,cosponsor
a3151f53-63df-462a-b87e-31720caa29ac,Melissa Blasek,person,,ocd-person/38dff49e-ef79-4720-b991-c3d76ccb87e4,ocd-bill/380c08d8-d3fa-4e2b-b32c-a44253d31af4,False,cosponsor
0804c76c-fe89-46e9-87ae-6b2346a9aeb3,Steven D. Smith,person,,ocd-person/129a2970-07b9-4136-aae1-15c689edca40,ocd-bill/e1d52220-62a0-4f51-8987-dc58fac2f616,True,primary
bd3e9644-4825-4e5f-8d53-085d6ecfa573,John Reagan,person,,ocd-person/f516d40a-3676-4437-8285-a931d7c2885b,ocd-bill/c4be228e-7889-4517-9015-418cdf3aa0c3,False,cosponsor
dae331b9-f147-46ee-b3b3-6fce25425ec0,Jeffrey P. Goley,person,,ocd-person/903e02f2-e17d-41f4-bd94-f91557c0e1fd,ocd-bill/c4be228e-7889-4517-9015-418cdf3aa0c3,False,cosponsor
9e4c832a-7a07-4c20-aa7f-a9a3ac50c4e2,Patrick F. Abrami,person,,ocd-person/0327f85d-1b5a-4218-a97f-f393a965d64b,ocd-bill/c4be228e-7889-4517-9015-418cdf3aa0c3,False,cosponsor
4fe5ebbc-c8e3-4d56-bfac-473ba8f70aec,Michael D. Cahill,person,,ocd-person/facb5409-244f-4381-8452-e6a1078bb1c5,ocd-bill/c4be228e-7889-4517-9015-418cdf3aa0c3,True,primary
9918246d-392b-4ec3-93f5-d77621e12f90,Alexis Simpson,person,,ocd-person/3ab49eaa-77a6-4e6e-85a5-24812e78ae7a,ocd-bill/c4be228e-7889-4517-9015-418cdf3aa0c3,False,cosponsor
54bf6a68-49c2-470d-9499-86d8ce702b1d,Mark A. Pearson,person,,ocd-person/6c90e0a1-d9d5-488c-a9a3-898ca5b0f9a4,ocd-bill/c4be228e-7889-4517-9015-418cdf3aa0c3,False,cosponsor
642e2866-1aa4-48cd-887c-4ab9d85176b9,Stephen C. Pearson,person,,ocd-person/2a085551-6f62-4320-a1eb-bc9a177b9a6d,ocd-bill/c4be228e-7889-4517-9015-418cdf3aa0c3,False,cosponsor
1920102f-bb55-40f8-905b-2062a56fc9d3,Max Abramson,person,,ocd-person/83f50732-5fc6-4287-87aa-786cf169840c,ocd-bill/2d286638-541a-4d1f-941b-b42c15eccb93,True,primary
73e66fc7-e12d-41ad-b17f-4d8a0e1e245c,William J. Infantine,person,,ocd-person/93966021-59f3-4dbf-9cae-3cb69f19585d,ocd-bill/2070f7f3-c6f7-470f-824e-aca4d8b46429,True,primary
d1924b58-2150-4708-bd2a-b879b1e95648,Lou D'Allesandro,person,,ocd-person/87c48788-817d-408b-a1e1-ebe1c9fd893d,ocd-bill/76199284-30ab-45e1-be17-861550727593,False,cosponsor
5d874b2c-a8d8-4885-8754-7abc56bc9fb1,Norman L. Major,person,,ocd-person/f210808d-53ac-4e23-ade2-7bdb60a8e559,ocd-bill/76199284-30ab-45e1-be17-861550727593,False,cosponsor
9e34c1f8-c858-4d13-ac6a-e1827650d54c,Kimberly A. Rice,person,,ocd-person/85b7ca6d-3fd7-4e97-bfe0-effe223121f7,ocd-bill/76199284-30ab-45e1-be17-861550727593,False,cosponsor
5cafb214-f231-4b7d-a246-49d761b3ed67,Regina Birdsell,person,,ocd-person/461c9024-c8c3-44a5-91d6-015a6587db5f,ocd-bill/76199284-30ab-45e1-be17-861550727593,False,cosponsor
7b6db828-8653-44d8-a409-1698f46f11c6,Joseph A. Guthrie,person,,ocd-person/772f5157-b959-4aed-beaa-6bd67ab8fefe,ocd-bill/76199284-30ab-45e1-be17-861550727593,False,cosponsor
12caf296-8fb4-4801-b855-41f7afd4707c,Mark A. Pearson,person,,ocd-person/6c90e0a1-d9d5-488c-a9a3-898ca5b0f9a4,ocd-bill/76199284-30ab-45e1-be17-861550727593,True,primary
2dc62831-3576-4dd3-8d99-6ca840990b0a,Frances E. Nutter-Upham,person,,ocd-person/9c5c8165-5f7d-4348-9466-331f9b250536,ocd-bill/76199284-30ab-45e1-be17-861550727593,False,cosponsor
35f9ca6d-f4b1-4464-af28-f60cccaebc54,Gary L. Woods,person,,ocd-person/5d98b66b-f4d1-4776-953f-67dc348fdd12,ocd-bill/76199284-30ab-45e1-be17-861550727593,False,cosponsor
c982682d-bf48-4899-a490-5372b460b755,Bill G. Nelson,person,,ocd-person/7f0e0e2d-f085-4d4b-bebb-f5aa37741fd5,ocd-bill/86a99768-5010-4c9b-b076-cf0e180c78f8,False,cosponsor
dc1f85b4-f04d-4e84-9f3a-d6d16989324d,Max Abramson,person,,ocd-person/83f50732-5fc6-4287-87aa-786cf169840c,ocd-bill/86a99768-5010-4c9b-b076-cf0e180c78f8,False,cosponsor
62e2f774-79d7-46e9-a433-8bada4811913,Walter A. Stapleton,person,,ocd-person/74efcb71-c62c-4388-b9ad-69f779b0c33e,ocd-bill/86a99768-5010-4c9b-b076-cf0e180c78f8,True,primary
b350a717-9a80-40be-90c1-70f49d34ebae,Mark A. Pearson,person,,ocd-person/6c90e0a1-d9d5-488c-a9a3-898ca5b0f9a4,ocd-bill/86a99768-5010-4c9b-b076-cf0e180c78f8,False,cosponsor
2a2d283d-7b30-4e1c-9e4b-f4dbf8eabb07,David H Watters,person,,ocd-person/cf24defe-6df3-49f3-88ca-c6774b144f19,ocd-bill/264ffbfc-1430-44b1-ba26-b23c2f0fe5a3,False,cosponsor
4d9563e7-4a13-48d9-9c3f-9bf76aaf5387,Judith T. Spang,person,,ocd-person/1c49114b-ec16-4617-8b35-f7ce02d6daa4,ocd-bill/264ffbfc-1430-44b1-ba26-b23c2f0fe5a3,True,primary
d368730e-5072-4eff-9c45-5223fc34e299,Jeb Bradley,person,,ocd-person/3f5455e8-256e-4442-9c13-bc14f62ce76f,ocd-bill/908304ed-744b-42a5-8ddb-7361abf5c854,False,cosponsor
ec1773a9-9015-4252-acc9-7643ee7f517e,Peter B. Schmidt,person,,ocd-person/16654889-3b48-44d6-a6d3-8da5d7a434f1,ocd-bill/908304ed-744b-42a5-8ddb-7361abf5c854,False,cosponsor
ffc0269e-7fd3-4e9c-8f76-bd530b69b5c2,Karel A. Crawford,person,,ocd-person/a0936f2f-8170-47f9-8b05-6c6697a95968,ocd-bill/908304ed-744b-42a5-8ddb-7361abf5c854,False,cosponsor
90b94c3f-5667-409e-add0-d9683ab15f82,William M. Marsh,person,,ocd-person/22006937-f2ca-4a2e-b92a-457777933dc7,ocd-bill/908304ed-744b-42a5-8ddb-7361abf5c854,True,primary
3a647ba4-adce-4802-af79-c14eb9760b9f,Betty I. Gay,person,,ocd-person/c2486401-1c5f-4cfc-b4ef-bbae6b8c0489,ocd-bill/908304ed-744b-42a5-8ddb-7361abf5c854,False,cosponsor
5f6aaf3b-1e73-4cfa-b4c4-10b5f66bf008,Jeffrey C. Salloway,person,,ocd-person/ff3c9490-e187-451d-b600-ca895bfaf0b0,ocd-bill/908304ed-744b-42a5-8ddb-7361abf5c854,False,cosponsor
da12a3d1-b58f-41e4-a532-1174c1673abb,Tom Sherman,person,,ocd-person/ee95d0de-e55e-4733-ba97-0fde66adf65c,ocd-bill/908304ed-744b-42a5-8ddb-7361abf5c854,False,cosponsor
42a742ea-8f9c-4625-a4b7-64bbc9390962,Joe Schapiro,person,,ocd-person/44fbe7a3-bc2c-4ab0-b669-35521e926782,ocd-bill/908304ed-744b-42a5-8ddb-7361abf5c854,False,cosponsor
7202ee8d-96ae-4704-bf91-c32416ca6dd6,Cindy Rosenwald,person,,ocd-person/f3e949ce-6d98-4826-bbca-08039cea4ea4,ocd-bill/908304ed-744b-42a5-8ddb-7361abf5c854,False,cosponsor
ee33b558-1e8d-4af1-b0a1-3349a370ec11,Rebecca G. Whitley,person,,ocd-person/92267d4c-e6f1-4f45-87be-83f229c2cd36,ocd-bill/908304ed-744b-42a5-8ddb-7361abf5c854,False,cosponsor
6f865353-359c-439e-a870-236f2c355723,Brodie S. Deshaies,person,,ocd-person/cf0f7c1c-a402-49f9-80cd-102f946cd260,ocd-bill/908304ed-744b-42a5-8ddb-7361abf5c854,False,cosponsor
54d15515-c614-415b-92a5-04ae5c45b060,Leah P. Cushman,person,,ocd-person/b9ca7e25-b8c9-47c8-aac3-4b688cbcea42,ocd-bill/908304ed-744b-42a5-8ddb-7361abf5c854,False,cosponsor
92ee235d-32d0-4624-96ee-5906d45cb382,Barbara J. Griffin,person,,ocd-person/ce1a184c-47a7-4b48-a028-d39585bcf9c3,ocd-bill/b786fad7-5320-4b52-b4a8-bf212fce6bb3,True,primary
5c41402b-f354-4f17-a84a-08c429574635,Patrick F. Abrami,person,,ocd-person/0327f85d-1b5a-4218-a97f-f393a965d64b,ocd-bill/b2bc13ec-bd98-4587-9965-167ce4792187,True,primary
2b0dd31b-74ff-445f-b064-7fa621df9a2d,Katherine J. Prudhomme-O'Brien,person,,ocd-person/a0a8c9d8-1f27-4d28-a249-8a5856ea5c05,ocd-bill/629a9c53-122b-4f2f-a264-49a8d591e4b1,False,cosponsor
065737c3-0734-43eb-a0a2-8669b09de89a,Beth A. Folsom,person,,ocd-person/7a3b75f8-bea5-47f4-bc58-3f23a5de81e0,ocd-bill/629a9c53-122b-4f2f-a264-49a8d591e4b1,True,primary
bf02fc81-dab3-4006-a6de-f7ccd7aeaecf,Ted Gorski,person,,ocd-person/c40abbd9-220c-4081-9ad8-9559c10f9aae,ocd-bill/629a9c53-122b-4f2f-a264-49a8d591e4b1,False,cosponsor
ada78b2a-49b7-4144-8ce6-db93a4adb068,Melissa Blasek,person,,ocd-person/38dff49e-ef79-4720-b991-c3d76ccb87e4,ocd-bill/629a9c53-122b-4f2f-a264-49a8d591e4b1,False,cosponsor
5030e29b-06f5-4b0c-953e-04b3b2a4ad0e,Erica J. Layon,person,,ocd-person/94df7a3f-b27d-42c1-9ecc-1ebdc707c9ae,ocd-bill/629a9c53-122b-4f2f-a264-49a8d591e4b1,False,cosponsor
22b7a1d5-dd21-4531-bf5e-2f96da20960f,Aidan Ankarberg,person,,ocd-person/540cbe60-cc65-4ff6-8c78-5d54488e5ed8,ocd-bill/629a9c53-122b-4f2f-a264-49a8d591e4b1,False,cosponsor
fb6f00e0-d344-469f-b487-355d283b8996,Walter Spilsbury,person,,ocd-person/236f5df6-87b6-488d-86cd-a1ed3a5adb81,ocd-bill/629a9c53-122b-4f2f-a264-49a8d591e4b1,False,cosponsor
a2ba27e4-f026-4264-a634-41280be3a527,Lou D'Allesandro,person,,ocd-person/87c48788-817d-408b-a1e1-ebe1c9fd893d,ocd-bill/25b5125d-c094-4b56-87e0-7317ea06edf9,False,cosponsor
9c6af3fd-64b6-40be-a5c6-4ad125dfeadc,Kenneth L. Weyler,person,,ocd-person/e2f9dd7e-b221-4cf0-b7de-5daa70658669,ocd-bill/25b5125d-c094-4b56-87e0-7317ea06edf9,True,primary
e24fb731-9386-4397-b3a3-de2b370298c7,Michael J. Sylvia,person,,ocd-person/2e6feb2e-6f22-4909-b907-93f4c0f9ae9b,ocd-bill/25b5125d-c094-4b56-87e0-7317ea06edf9,False,cosponsor
854bc62b-62b3-4ff6-acb6-4f131e8c4280,Glen C. Aldrich,person,,ocd-person/620d9d69-c8fb-47ad-ad25-1c1ef75c39dd,ocd-bill/25b5125d-c094-4b56-87e0-7317ea06edf9,False,cosponsor
542e8e21-f885-4883-9ad5-3d1b5d2d2563,Kevin A. Avard,person,,ocd-person/b99b0bbb-4710-43c7-a6b5-0e04524eedf0,ocd-bill/25b5125d-c094-4b56-87e0-7317ea06edf9,False,cosponsor
1c86b20a-52c9-4ad2-be49-41f70d614ce7,Norman J. Silber,person,,ocd-person/2f3c984e-640c-49ec-aba9-4928db0e9edc,ocd-bill/25b5125d-c094-4b56-87e0-7317ea06edf9,False,cosponsor
c6fd4d3a-e487-4cc3-b22d-59470337aebb,Bob J. Giuda,person,,ocd-person/7739a4d0-534e-4bdb-b7fb-6a8f348e833e,ocd-bill/25b5125d-c094-4b56-87e0-7317ea06edf9,False,cosponsor
65e6bb01-b51e-4dc4-8f3b-5b12e4613bcb,Jonathan D. Mackie,person,,ocd-person/f74d1b69-ead4-48bc-983e-36236209acfe,ocd-bill/25b5125d-c094-4b56-87e0-7317ea06edf9,False,cosponsor
f68a1b44-6661-446e-a810-3f8de6853050,Mike Bordes,person,,ocd-person/c924901e-1cc8-4574-ae7c-19f3e52d2031,ocd-bill/25b5125d-c094-4b56-87e0-7317ea06edf9,False,cosponsor
9013ba0a-53ae-4259-a401-5051caa15a7e,Dawn M. Johnson,person,,ocd-person/2d9311db-3f09-4390-92e2-5ef36824aa77,ocd-bill/25b5125d-c094-4b56-87e0-7317ea06edf9,False,cosponsor
45e334d2-714c-40eb-822c-141392347c6c,Travis J. O'Hara,person,,ocd-person/fbfbfb0a-2c7d-457c-8322-12221db1662b,ocd-bill/25b5125d-c094-4b56-87e0-7317ea06edf9,False,cosponsor
42d2b8f0-ffdd-4ea5-8ef7-47497e55d4a3,Al P. Baldasaro,person,,ocd-person/3807f9c1-b590-4496-8a1e-b0ff84ba592d,ocd-bill/7b75472f-84c7-403a-bdff-910a3505d6c1,True,primary
6ca582de-f3cd-476d-a79a-b63915a6cc7e,Michael Moffett,person,,ocd-person/acb20216-f193-42e1-9304-2b1d3572e61d,ocd-bill/7b75472f-84c7-403a-bdff-910a3505d6c1,False,cosponsor
f50206bf-30ec-4f20-bd0b-fcbd54d3de07,Howard C. Pearl,person,,ocd-person/c4122c6a-ed23-492e-b813-59a0fed1ec86,ocd-bill/7b75472f-84c7-403a-bdff-910a3505d6c1,False,cosponsor
c8d67666-339d-4c33-a91e-490084f4fbfa,Scott Wallace,person,,,ocd-bill/7b75472f-84c7-403a-bdff-910a3505d6c1,False,cosponsor
3ee7da69-bded-4e13-9c7c-75738368cd9d,Jose E. Cambrils,person,,ocd-person/3d1f7d21-9a20-4245-b51f-03ca0d2b14eb,ocd-bill/7b75472f-84c7-403a-bdff-910a3505d6c1,False,cosponsor
08af0d52-c55d-48bf-8fa4-0c76964f60cf,John A. Burt,person,,ocd-person/084e4187-cca0-4f45-ac5a-8514056e94a6,ocd-bill/d3c83235-b49e-4969-a7da-626a08bc98aa,False,cosponsor
f15ab35c-1a00-4053-859f-ca95e76dcc64,Max Abramson,person,,ocd-person/83f50732-5fc6-4287-87aa-786cf169840c,ocd-bill/d3c83235-b49e-4969-a7da-626a08bc98aa,False,cosponsor
94982d1a-0de1-43a8-b89d-4727ace7509d,David W. Binford,person,,ocd-person/9098756d-2231-4e69-84d5-09ab979ee1a2,ocd-bill/d3c83235-b49e-4969-a7da-626a08bc98aa,False,cosponsor
d48169ae-bd0e-4e0c-82a4-128c6b741c25,Kevin G. Verville,person,,ocd-person/9d10ccec-b571-4eea-b025-9ed7634b6516,ocd-bill/d3c83235-b49e-4969-a7da-626a08bc98aa,False,cosponsor
ed002326-6a3c-4561-9984-b09d0a01d5b2,Alicia D. Lekas,person,,ocd-person/50bcd6fc-7d60-4595-811c-213e18faf326,ocd-bill/d3c83235-b49e-4969-a7da-626a08bc98aa,False,cosponsor
3f328414-3af9-4a64-8c4b-67cd67f69c2e,Hershel Nunez,person,,ocd-person/3724f35b-dc08-456a-a432-1ead531e8dfd,ocd-bill/d3c83235-b49e-4969-a7da-626a08bc98aa,True,primary
8880e42b-2239-4aef-a216-997fcf2e1c47,Terry Roy,person,,ocd-person/6d43b165-fda9-4918-a2b7-ad66940062a0,ocd-bill/d3c83235-b49e-4969-a7da-626a08bc98aa,False,cosponsor
86543469-377e-412c-8650-55be4c84be85,Tim Baxter,person,,ocd-person/eec31a43-fdff-4f6b-a540-e5207d2ab16c,ocd-bill/d3c83235-b49e-4969-a7da-626a08bc98aa,False,cosponsor
84952f0e-c478-4804-bf6e-180d83029f6d,Aidan Ankarberg,person,,ocd-person/540cbe60-cc65-4ff6-8c78-5d54488e5ed8,ocd-bill/d3c83235-b49e-4969-a7da-626a08bc98aa,False,cosponsor
e6fe8085-25e0-4298-9e8d-b8731a56121e,Norman L. Major,person,,ocd-person/f210808d-53ac-4e23-ade2-7bdb60a8e559,ocd-bill/32705a06-5b5e-4437-a698-72e2f6a0cf1f,True,primary
e54445f1-f229-45d1-9831-8880d76236fb,Donald J. Bouchard,person,,ocd-person/74ae3ef0-c1f3-48ce-a5a6-c9bc4661bf08,ocd-bill/a1a7b59f-6a2a-4456-b746-eb36fcbdfbdb,False,cosponsor
432fcf50-a22a-4ba1-ba92-4925a0bc12f3,Nicole Klein-Knight,person,,ocd-person/f91f87c5-d22a-48b7-ac4a-c2519d086ec7,ocd-bill/a1a7b59f-6a2a-4456-b746-eb36fcbdfbdb,True,primary
a849fcdf-a413-4ced-8cf7-d05faff55410,Terry Roy,person,,ocd-person/6d43b165-fda9-4918-a2b7-ad66940062a0,ocd-bill/a1a7b59f-6a2a-4456-b746-eb36fcbdfbdb,False,cosponsor
6eba6ee6-1e1c-442b-a777-e0f3b701ea1e,Kenneth L. Weyler,person,,ocd-person/e2f9dd7e-b221-4cf0-b7de-5daa70658669,ocd-bill/686867f6-d088-49aa-92ba-44b4664c09b6,False,cosponsor
a33bed9e-2e5d-4fa9-9637-5e71420cad9f,Regina Birdsell,person,,ocd-person/461c9024-c8c3-44a5-91d6-015a6587db5f,ocd-bill/686867f6-d088-49aa-92ba-44b4664c09b6,False,cosponsor
11f87c1a-80f7-4da7-9064-62de0d0fbfba,Joseph A. Guthrie,person,,ocd-person/772f5157-b959-4aed-beaa-6bd67ab8fefe,ocd-bill/686867f6-d088-49aa-92ba-44b4664c09b6,False,cosponsor
3521b3ca-12ff-4562-8a70-622f742cdb43,David A. Welch,person,,ocd-person/b8201b25-9bdd-45d3-819d-5bae4c670ad0,ocd-bill/686867f6-d088-49aa-92ba-44b4664c09b6,False,cosponsor
efe3d5ef-aca2-4db6-8c9f-012a897baebc,Dennis E. Green,person,,ocd-person/63606051-5698-4e90-8323-a1cab068bc24,ocd-bill/686867f6-d088-49aa-92ba-44b4664c09b6,False,cosponsor
8989ad09-046a-475c-83ef-2a9fa3c5fc70,Jeffrey C. Salloway,person,,ocd-person/ff3c9490-e187-451d-b600-ca895bfaf0b0,ocd-bill/686867f6-d088-49aa-92ba-44b4664c09b6,False,cosponsor
50792dea-1e3b-497e-ac3b-08dd462f60dc,Mark A. Pearson,person,,ocd-person/6c90e0a1-d9d5-488c-a9a3-898ca5b0f9a4,ocd-bill/686867f6-d088-49aa-92ba-44b4664c09b6,True,primary
80a29bf2-6ddf-4f1d-8e57-7a169147059d,Deborah L. Hobson,person,,ocd-person/6e4aa2d5-d1c7-4009-950f-e5ebedea7189,ocd-bill/686867f6-d088-49aa-92ba-44b4664c09b6,False,cosponsor
915071b8-6284-4773-93a4-a88268d1ed88,Marjorie A. Porter,person,,ocd-person/0999b615-be84-4309-b4ca-68261c1155ab,ocd-bill/52900e40-bfa5-4c81-b321-92ffdd53eacf,True,primary
e829ceed-710a-4d16-9c0e-8cbc0904f210,Julie D. Gilman,person,,ocd-person/77ca15e6-ebe1-4ef5-8bc9-ed3dff861f38,ocd-bill/52900e40-bfa5-4c81-b321-92ffdd53eacf,False,cosponsor
764e00ff-61c1-42a3-b653-99aef57523c6,David H Watters,person,,ocd-person/cf24defe-6df3-49f3-88ca-c6774b144f19,ocd-bill/034c30cf-8395-4b5b-873d-3718368c2cb5,False,cosponsor
7e80c115-3dac-475b-a9e1-d88e5ac5b513,Judith T. Spang,person,,ocd-person/1c49114b-ec16-4617-8b35-f7ce02d6daa4,ocd-bill/034c30cf-8395-4b5b-873d-3718368c2cb5,True,primary
dceaa864-b647-43db-a9e1-89eada3a557e,Rebecca G. Whitley,person,,ocd-person/92267d4c-e6f1-4f45-87be-83f229c2cd36,ocd-bill/034c30cf-8395-4b5b-873d-3718368c2cb5,False,cosponsor
025cbfcf-b449-4ef8-af86-e4a883a4fad4,Rebecca Perkins Kwoka,person,,ocd-person/c20b7693-7f2c-4646-af7f-d57518edd1a4,ocd-bill/034c30cf-8395-4b5b-873d-3718368c2cb5,False,cosponsor
8d3a861b-a5ee-431b-821e-721f25a4d02c,Peter B. Schmidt,person,,ocd-person/16654889-3b48-44d6-a6d3-8da5d7a434f1,ocd-bill/b8164dae-74c6-4134-a1c5-93118a5eaefd,False,cosponsor
6d28805d-5e88-4848-aa75-b9c501b69f05,Carol M. McGuire,person,,ocd-person/ae3d6133-98b5-444e-b95e-2edc2f5302dc,ocd-bill/b8164dae-74c6-4134-a1c5-93118a5eaefd,False,cosponsor
18009386-519d-4fbc-ad8a-358366cbd672,Dianne E. Schuett,person,,ocd-person/62ff0476-f4e6-411f-a58e-2e7963cde2ab,ocd-bill/b8164dae-74c6-4134-a1c5-93118a5eaefd,True,primary
0ffe51a6-3003-4aff-9a6c-ba54a2264053,Stephen C. Pearson,person,,ocd-person/2a085551-6f62-4320-a1eb-bc9a177b9a6d,ocd-bill/b8164dae-74c6-4134-a1c5-93118a5eaefd,False,cosponsor
5d57f766-46fd-41cc-8c25-2cba873b494f,Kevin A. Avard,person,,ocd-person/b99b0bbb-4710-43c7-a6b5-0e04524eedf0,ocd-bill/8e9724c1-c932-4687-8e7c-5f55a4354307,False,cosponsor
41c14872-419c-4b0c-a521-a93775e93900,Bill Gannon,person,,ocd-person/d3c437bd-532d-458b-961f-4f6dccec1e4b,ocd-bill/8e9724c1-c932-4687-8e7c-5f55a4354307,False,cosponsor
05d14f5a-ce13-4e6e-904c-ad6c0a144859,Harold F. French,person,,ocd-person/ff11da65-174b-4fdc-b33c-e5d6d56602f0,ocd-bill/8e9724c1-c932-4687-8e7c-5f55a4354307,True,primary
19a811c1-3519-4be6-b4ff-35f4a5fc13a2,Ivy C. Vann,person,,ocd-person/6fd532c2-91b5-47c4-a29f-eae9fc47743d,ocd-bill/06cb2d22-d5ae-4e44-a2f0-591897ca15b2,True,primary
f7b46f85-ca29-41d9-af07-087254910cb2,Casey M. Conley,person,,ocd-person/3290a4d4-7403-45f8-adc4-4e26e0fefa09,ocd-bill/06cb2d22-d5ae-4e44-a2f0-591897ca15b2,False,cosponsor
eba84af3-5e64-4ba8-98b1-77cac74dff07,Rebecca J. McWilliams,person,,ocd-person/39eb4d14-9ef3-4b1b-bcb6-a66f1aa97491,ocd-bill/06cb2d22-d5ae-4e44-a2f0-591897ca15b2,False,cosponsor
b51474bd-076c-490b-9650-154bd084179a,Tony Caplan,person,,ocd-person/960dc748-e7c7-4859-ab1d-b07f9bb7b269,ocd-bill/06cb2d22-d5ae-4e44-a2f0-591897ca15b2,False,cosponsor
56a04cd3-fbf4-44f2-a56b-5964c0c34cb3,Robert Renny Cushing,person,,ocd-person/cdb3279c-243a-4ca0-8e83-fcb10a975736,ocd-bill/e61c7488-6f46-4f77-ae05-083cba5df3df,True,primary
abc0304a-d6bb-4cd2-8b53-8ad538f10bf1,Michael A. Edgar,person,,ocd-person/0f78413a-b328-4856-ab48-21a5d4d614c0,ocd-bill/e61c7488-6f46-4f77-ae05-083cba5df3df,False,cosponsor
41ecd95c-3bb8-41fa-b36e-a231c662164a,Tom Sherman,person,,ocd-person/ee95d0de-e55e-4733-ba97-0fde66adf65c,ocd-bill/e61c7488-6f46-4f77-ae05-083cba5df3df,False,cosponsor
1d0441cd-4ce8-4e08-97d0-0e065e0e62cb,Rosemarie Rung,person,,ocd-person/1a5923c6-3e1f-4ebe-8739-17c9e9642403,ocd-bill/e61c7488-6f46-4f77-ae05-083cba5df3df,False,cosponsor
0295ece1-99cf-4f7e-a919-3692d21f51f8,Wendy Chase,person,,ocd-person/c24da601-15f1-482c-a234-f8443056c77a,ocd-bill/e61c7488-6f46-4f77-ae05-083cba5df3df,False,cosponsor
722cf755-69e3-4b5d-a54b-8cda6976e81f,Dennis J. Malloy,person,,ocd-person/d6200a81-3d99-4ff7-93e0-e2f3b49cfd65,ocd-bill/7038603d-89c4-4530-b136-72f440930a10,False,cosponsor
bb7a30b2-cdb9-47aa-9536-51eed0400684,James P. Gray,person,,ocd-person/e6443187-eb51-42eb-8bd7-349ed0ba9641,ocd-bill/7038603d-89c4-4530-b136-72f440930a10,False,cosponsor
c509d138-5d66-41ef-a508-e3eb53d5650f,Tom Sherman,person,,ocd-person/ee95d0de-e55e-4733-ba97-0fde66adf65c,ocd-bill/7038603d-89c4-4530-b136-72f440930a10,True,primary
6a0bf177-07c3-472f-bda2-da46765e8aae,Joan L. Hamblet,person,,ocd-person/c0b6bd27-86aa-48a8-8c15-9724581b1145,ocd-bill/7038603d-89c4-4530-b136-72f440930a10,False,cosponsor
0b876974-c4e5-4016-8375-07074413d57c,Gary L. Woods,person,,ocd-person/5d98b66b-f4d1-4776-953f-67dc348fdd12,ocd-bill/f55b4743-2bef-46bb-b70d-a757ed01ac4a,True,primary
fd7ada27-fd88-46b5-95cd-74af301be5e7,Mark Warden,person,,ocd-person/01358592-fa6d-49bf-a933-ea2f223572d7,ocd-bill/9ecf8dad-02cf-41b6-b6a9-89f821c0ad20,False,cosponsor
e00edf03-ffea-4864-b6ed-2d5820e572cf,Andrew J. Prout,person,,ocd-person/da5fb901-d16d-430f-b5cb-7ab556f8d4ee,ocd-bill/9ecf8dad-02cf-41b6-b6a9-89f821c0ad20,True,primary
48f3626a-8e66-4ccb-a18c-798b584f809d,Dave Testerman,person,,ocd-person/a9da1843-ceb9-40c6-9846-a3c3d5319ccd,ocd-bill/9ecf8dad-02cf-41b6-b6a9-89f821c0ad20,False,cosponsor
f6356232-6db4-4abe-8fff-2bf97c57ea54,Scott Wallace,person,,,ocd-bill/9ecf8dad-02cf-41b6-b6a9-89f821c0ad20,False,cosponsor
09764967-338f-46ab-8803-1c1e34b86774,Bob J. Greene,person,,ocd-person/c51b7c0a-47d7-4567-900e-dccb42942ca6,ocd-bill/9ecf8dad-02cf-41b6-b6a9-89f821c0ad20,False,cosponsor
b6d0c2db-c018-4756-b8c4-4f5d7c502620,Tony Lekas,person,,ocd-person/97ccf8c1-af1c-4a3c-b267-683d0446b790,ocd-bill/9ecf8dad-02cf-41b6-b6a9-89f821c0ad20,False,cosponsor
7e75c962-cb2f-4bd1-abba-16209a1e8d1f,Josh S. Yokela,person,,ocd-person/c96f9d7a-b859-4b37-8fdd-4097b21d3f2c,ocd-bill/9ecf8dad-02cf-41b6-b6a9-89f821c0ad20,False,cosponsor
d0e4f0a0-867b-426c-9972-fd9cca1adc16,Dawn M. Johnson,person,,ocd-person/2d9311db-3f09-4390-92e2-5ef36824aa77,ocd-bill/9ecf8dad-02cf-41b6-b6a9-89f821c0ad20,False,cosponsor
14967cb3-0bba-42be-9192-209011afe2e0,Melissa Blasek,person,,ocd-person/38dff49e-ef79-4720-b991-c3d76ccb87e4,ocd-bill/9ecf8dad-02cf-41b6-b6a9-89f821c0ad20,False,cosponsor
26174d1e-2a7c-46b8-b5ad-a9fc46ed76fb,Cody M. Belanger,person,,ocd-person/5aa4450b-2f9d-442f-9c94-b2a8c500812b,ocd-bill/9ecf8dad-02cf-41b6-b6a9-89f821c0ad20,False,cosponsor
56f74add-1f13-4313-9ac7-8eac13c9e078,Kenneth L. Weyler,person,,ocd-person/e2f9dd7e-b221-4cf0-b7de-5daa70658669,ocd-bill/e03a5e18-055e-424b-8389-f68f24c693da,False,cosponsor
6e871883-7ac5-44c0-a952-9716ee0a022b,Rick M. Ladd,person,,ocd-person/1bd6c569-f2dd-4670-bf82-ef3ea4b15960,ocd-bill/e03a5e18-055e-424b-8389-f68f24c693da,False,cosponsor
8d10dd17-c600-4025-8d34-ff10e015ee29,Kimberly A. Rice,person,,ocd-person/85b7ca6d-3fd7-4e97-bfe0-effe223121f7,ocd-bill/e03a5e18-055e-424b-8389-f68f24c693da,False,cosponsor
4fc13d92-3645-4f08-8187-297739dcb38f,Claire A. Rouillard,person,,ocd-person/527f8fb3-d715-438e-be76-59cd96641c11,ocd-bill/e03a5e18-055e-424b-8389-f68f24c693da,False,cosponsor
a192957e-476d-4540-8a5b-dd1b0e7a684c,Leonard P. Turcotte,person,,ocd-person/b5f897f3-cce8-43b0-a130-f98d0d88da8e,ocd-bill/e03a5e18-055e-424b-8389-f68f24c693da,False,cosponsor
08db015e-0bf7-4eb8-bd96-c67ef0bd453c,Gregory G. Hill,person,,ocd-person/852df922-484b-412f-a604-c2d67efee5ec,ocd-bill/e03a5e18-055e-424b-8389-f68f24c693da,True,primary
a5361a07-8cab-4fc6-9513-bb3d78fdcea0,Norman J. Silber,person,,ocd-person/2f3c984e-640c-49ec-aba9-4928db0e9edc,ocd-bill/e03a5e18-055e-424b-8389-f68f24c693da,False,cosponsor
4e51fae4-9585-4c32-945c-8c9d75cee079,Robert Renny Cushing,person,,ocd-person/cdb3279c-243a-4ca0-8e83-fcb10a975736,ocd-bill/b75fc26e-527b-4b2e-92a2-a80ed96d4761,False,cosponsor
180ab5d3-8ec1-4e6c-9ff8-d57d7fa7a5ed,Casey M. Conley,person,,ocd-person/3290a4d4-7403-45f8-adc4-4e26e0fefa09,ocd-bill/b75fc26e-527b-4b2e-92a2-a80ed96d4761,True,primary
9baec627-e92a-4fcb-8888-d4e2887576b3,Joe Schapiro,person,,ocd-person/44fbe7a3-bc2c-4ab0-b669-35521e926782,ocd-bill/b75fc26e-527b-4b2e-92a2-a80ed96d4761,False,cosponsor
dd216ae5-5789-4beb-bbb1-7e95c417ccbd,Melbourne R. Moran,person,,ocd-person/79503c7a-0c57-4b4f-b5fe-38ab2529dd14,ocd-bill/b75fc26e-527b-4b2e-92a2-a80ed96d4761,False,cosponsor
3de0ae66-e6a1-48e2-bb3b-0de234447721,John B. Hunt,person,,ocd-person/35c51630-9b9c-411a-9b98-0842cb6093df,ocd-bill/694bad0b-4570-4f8e-bed3-c0e5addabbee,True,primary
a23d9c6e-02b5-45dd-bdab-52682db50f57,Tony Lekas,person,,ocd-person/97ccf8c1-af1c-4a3c-b267-683d0446b790,ocd-bill/e91e34bf-3b51-48ff-95e5-07cf4cb5b651,True,primary
3ee9cedf-ffd0-423c-92e0-79be1af9d0a3,Charles E. McMahon,person,,ocd-person/28d59199-5bae-46fe-99f3-ec78e330cdeb,ocd-bill/e5ec6f97-0e46-47b3-a8c5-595ce7412184,False,cosponsor
9fc095d0-5a0a-478a-b0c4-49088fbe442d,Lucy M. Weber,person,,ocd-person/a6790cd1-6b7a-48f9-b48c-b298929578a4,ocd-bill/e5ec6f97-0e46-47b3-a8c5-595ce7412184,False,cosponsor
0d885151-7ba1-4784-821a-aeea5c6164e4,Paul S. Berch,person,,ocd-person/f96a072d-9add-44b0-8028-0ec057f31f52,ocd-bill/e5ec6f97-0e46-47b3-a8c5-595ce7412184,False,cosponsor
90fa2256-8ae5-4980-a6e1-6a843f07491d,Edward M. Gordon,person,,ocd-person/1e527c99-df26-4b70-8f9e-62df18dad8bb,ocd-bill/e5ec6f97-0e46-47b3-a8c5-595ce7412184,False,cosponsor
73b4663e-e5c5-428d-b616-1ae273539039,William M. Marsh,person,,ocd-person/22006937-f2ca-4a2e-b92a-457777933dc7,ocd-bill/e5ec6f97-0e46-47b3-a8c5-595ce7412184,False,cosponsor
5d39619f-971e-4e7a-983b-f54796c0b9d2,Mark A. Pearson,person,,ocd-person/6c90e0a1-d9d5-488c-a9a3-898ca5b0f9a4,ocd-bill/e5ec6f97-0e46-47b3-a8c5-595ce7412184,False,cosponsor
0f0e3d5d-b217-49ee-883a-3cd451121411,Diane M. Langley,person,,ocd-person/740ad96e-04da-40f1-a827-9d187e63e686,ocd-bill/e5ec6f97-0e46-47b3-a8c5-595ce7412184,False,cosponsor
4d8c98dc-9292-4ac0-bd0c-62c8409a054d,Gerri D. Cannon,person,,ocd-person/cd5b7056-d9eb-4fb1-93e3-6ba43408afa5,ocd-bill/e5ec6f97-0e46-47b3-a8c5-595ce7412184,False,cosponsor
33a5cf65-7d41-4e2f-bf68-4db8432c6ca2,Wendy Chase,person,,ocd-person/c24da601-15f1-482c-a234-f8443056c77a,ocd-bill/e5ec6f97-0e46-47b3-a8c5-595ce7412184,True,primary
4949c3cd-40f2-4165-a083-8cfca128e368,Cindy Rosenwald,person,,ocd-person/f3e949ce-6d98-4826-bbca-08039cea4ea4,ocd-bill/e5ec6f97-0e46-47b3-a8c5-595ce7412184,False,cosponsor
9d235cc7-0b1a-436e-a99e-73ba0f103998,Rebecca G. Whitley,person,,ocd-person/92267d4c-e6f1-4f45-87be-83f229c2cd36,ocd-bill/e5ec6f97-0e46-47b3-a8c5-595ce7412184,False,cosponsor
03d4118c-16e4-4405-ac83-95c33e1544ee,Michael D. Harrington,person,,ocd-person/21e95dbc-c226-4f4a-9fa2-8f5b374d0a98,ocd-bill/a7c02ea8-50f1-4482-95c7-9bbaad2e7df9,True,primary
e1a3c8f3-769c-4515-a753-8101a729bcb1,Jeffrey Greeson,person,,ocd-person/9a227955-60e0-45e3-bea8-03f44f4cd08e,ocd-bill/c7ce638f-e079-4e09-844c-88cd498c1d38,True,primary
9bc8dbd5-bbbc-4cbf-ab7c-485a58047082,Harold F. French,person,,ocd-person/ff11da65-174b-4fdc-b33c-e5d6d56602f0,ocd-bill/34f9c8dd-3caf-4fa3-8f93-cb338db2c937,True,primary
9a0a2fe1-7dc3-47c0-a0c5-67cad0624e9f,William M. Marsh,person,,ocd-person/22006937-f2ca-4a2e-b92a-457777933dc7,ocd-bill/f2e826bb-2a4f-48ec-8f60-c9c7d12aacae,False,cosponsor
e4f8cf00-6739-4a33-a505-e03d3fd191e3,John T. MacDonald,person,,ocd-person/a22a36bb-3514-4d76-a39e-791902f41d6c,ocd-bill/f2e826bb-2a4f-48ec-8f60-c9c7d12aacae,True,primary
7a167eeb-4e83-46ef-8248-8dc1ec672139,Brodie S. Deshaies,person,,ocd-person/cf0f7c1c-a402-49f9-80cd-102f946cd260,ocd-bill/f2e826bb-2a4f-48ec-8f60-c9c7d12aacae,False,cosponsor
56303793-311c-46c3-a1eb-967758d8757a,John Lewicke,person,,ocd-person/32401243-00a9-4a26-a2cb-0ebf497dbabc,ocd-bill/f9294e78-91f5-49a5-9431-8ffe33605e6d,True,primary
ce92dc32-f508-46be-a2dc-3cf131287822,Josh S. Yokela,person,,ocd-person/c96f9d7a-b859-4b37-8fdd-4097b21d3f2c,ocd-bill/96e35c0f-bd57-488c-99ce-e81e9c80d690,True,primary
253c93e5-d803-44ca-8c12-cd078dd51fdb,John R. Cloutier,person,,ocd-person/d3dab509-1268-4b4f-b363-98932002bf2e,ocd-bill/0a0ff61a-1d08-4c45-83e0-1af49947e5a3,False,cosponsor
e62c3712-811b-4295-86a6-bab2d9fd605e,Andrew S. O'Hearne,person,,ocd-person/e21aaa1f-c784-46f1-a214-9372580fc45e,ocd-bill/0a0ff61a-1d08-4c45-83e0-1af49947e5a3,True,primary
e4ce216f-88cb-4dab-8a6c-86bc5b63d7dc,Walter A. Stapleton,person,,ocd-person/74efcb71-c62c-4388-b9ad-69f779b0c33e,ocd-bill/0a0ff61a-1d08-4c45-83e0-1af49947e5a3,False,cosponsor
d8b9526b-6d8f-4d62-8726-aa6c332a8973,Gary Merchant,person,,ocd-person/78078880-ab6f-4f87-b095-8b85c31f1780,ocd-bill/0a0ff61a-1d08-4c45-83e0-1af49947e5a3,False,cosponsor
832ccc8f-5b1b-4383-8b6c-a197a652e6c4,William J. Infantine,person,,ocd-person/93966021-59f3-4dbf-9cae-3cb69f19585d,ocd-bill/348ab904-0cf2-4a74-b38f-85034799bea8,True,primary
dc81bde9-328a-42f6-be64-e3043ecdf615,Gregory G. Hill,person,,ocd-person/852df922-484b-412f-a604-c2d67efee5ec,ocd-bill/7d601a97-caeb-487a-9d7e-7c1260d656d0,False,cosponsor
675bd893-96c8-4014-8e37-cc5e5d4262d6,Natalie J. Wells,person,,ocd-person/fdcf8c83-01c5-4733-bdba-f94e8a4d3410,ocd-bill/7d601a97-caeb-487a-9d7e-7c1260d656d0,True,primary
cb89d47e-9934-430b-b63a-a511a81956ea,Rebecca Susan McBeath,person,,ocd-person/e38b81bb-9bf6-4ace-bc4e-898732105d5d,ocd-bill/42f6741a-9f51-48d8-97d1-75d84da95992,True,primary
8d8d2886-9667-4272-92c6-af56641512c2,Max Abramson,person,,ocd-person/83f50732-5fc6-4287-87aa-786cf169840c,ocd-bill/91cb45b7-bf2b-4976-a892-c25f436e99a1,True,primary
03752f5b-65ed-45c7-bdf4-063a715efa58,Chris True,person,,ocd-person/9debae73-c678-420c-a515-c7381e304d1c,ocd-bill/91cb45b7-bf2b-4976-a892-c25f436e99a1,False,cosponsor
e3503d98-0b38-4c81-bf57-0dd9bd09f8c8,Jeb Bradley,person,,ocd-person/3f5455e8-256e-4442-9c13-bc14f62ce76f,ocd-bill/420ef3ef-dd8a-4bf6-9e79-8aab4ed08ce4,False,cosponsor
97c8459c-828d-40ce-8af2-fafc964aaf40,Peter W. Bixby,person,,ocd-person/2c42e95c-0192-4910-9fc6-8a43b58c6467,ocd-bill/420ef3ef-dd8a-4bf6-9e79-8aab4ed08ce4,False,cosponsor
edfeedf0-f5e2-4feb-8269-ba59e6e4a2e4,Jerry L. Knirk,person,,ocd-person/ce0bd184-d264-46d8-87fc-f2590e2a1ed1,ocd-bill/420ef3ef-dd8a-4bf6-9e79-8aab4ed08ce4,True,primary
06c37c3c-de01-406e-ad9f-709fd721789f,Tom Sherman,person,,ocd-person/ee95d0de-e55e-4733-ba97-0fde66adf65c,ocd-bill/420ef3ef-dd8a-4bf6-9e79-8aab4ed08ce4,False,cosponsor
81facb96-7762-44a8-9933-f2b18f460efc,Sallie D. Fellows,person,,ocd-person/2260bb0a-065f-4d26-a814-f70aa2c16705,ocd-bill/420ef3ef-dd8a-4bf6-9e79-8aab4ed08ce4,False,cosponsor
7d9c703f-80b6-46b2-af73-adcf6e5e23c4,Megan A. Murray,person,,ocd-person/f1902aac-3930-478d-9e89-60cef8bcae0b,ocd-bill/420ef3ef-dd8a-4bf6-9e79-8aab4ed08ce4,False,cosponsor
862d5f09-79b5-4f82-b2f2-154bce3a252e,Gary Merchant,person,,ocd-person/78078880-ab6f-4f87-b095-8b85c31f1780,ocd-bill/420ef3ef-dd8a-4bf6-9e79-8aab4ed08ce4,False,cosponsor
8a7a5a63-1aac-4fe5-a101-86637fedff4a,Robert Renny Cushing,person,,ocd-person/cdb3279c-243a-4ca0-8e83-fcb10a975736,ocd-bill/c66ad20a-6292-4b97-b0be-8cdeef6ab00e,True,primary
65bd01e4-15ed-4b31-adbc-1bda3fa80cc9,Latha D. Mangipudi,person,,ocd-person/4f71f9e1-ce78-46d3-9665-00dd404a0f1b,ocd-bill/c66ad20a-6292-4b97-b0be-8cdeef6ab00e,False,cosponsor
94699f42-98e6-4c03-86be-e72e95656579,Wendy Chase,person,,ocd-person/c24da601-15f1-482c-a234-f8443056c77a,ocd-bill/c66ad20a-6292-4b97-b0be-8cdeef6ab00e,False,cosponsor
bc02ddb6-9e2f-4707-8c75-44ff6d14228a,Debra L. DeSimone,person,,ocd-person/7ef7472f-0bda-4708-9239-76adeca1e87e,ocd-bill/9444b493-56b7-4f98-b14d-e0e8b444e673,False,cosponsor
4806c737-8ed8-4d54-a8d7-2d5bbf38f166,Tony Lekas,person,,ocd-person/97ccf8c1-af1c-4a3c-b267-683d0446b790,ocd-bill/9444b493-56b7-4f98-b14d-e0e8b444e673,False,cosponsor
e3f055bf-35cb-423d-9280-d9d231a359e3,Michael Yakubovich,person,,ocd-person/39d155fd-5ecf-4608-985c-82f5855fe260,ocd-bill/9444b493-56b7-4f98-b14d-e0e8b444e673,True,primary
0725c2b3-dea6-4b7d-b8fb-d7320317490e,Terry Roy,person,,ocd-person/6d43b165-fda9-4918-a2b7-ad66940062a0,ocd-bill/9444b493-56b7-4f98-b14d-e0e8b444e673,False,cosponsor
41b45504-e2ae-4339-ab6e-041774463658,Judy F. Aron,person,,ocd-person/533fb85c-c4f0-41f3-9bc6-8b1c422a9693,ocd-bill/9444b493-56b7-4f98-b14d-e0e8b444e673,False,cosponsor
89fbb6e9-07da-4ef2-8dd1-e56786b55388,Jennifer M. Rhodes,person,,ocd-person/50eaea14-c7e4-4aac-890e-bda69eb86978,ocd-bill/9444b493-56b7-4f98-b14d-e0e8b444e673,False,cosponsor
7a30baeb-8ab0-4e45-9a66-e31f9df56935,Michael D. Harrington,person,,ocd-person/21e95dbc-c226-4f4a-9fa2-8f5b374d0a98,ocd-bill/3cf06554-8d5d-4243-b868-51c8718c1ca7,True,primary
c57cc50b-c006-4de5-801d-141336e78f6e,Terry Roy,person,,ocd-person/6d43b165-fda9-4918-a2b7-ad66940062a0,ocd-bill/92c07188-0d22-4ddf-9ac7-d9af0551e108,True,primary
5f746d31-4f7c-4965-b812-350b8b834ba8,Janice E. Schmidt,person,,ocd-person/ec374833-801f-4c21-9261-67cdefc1ba44,ocd-bill/b91b4886-067f-4ebd-a473-36b2401f8a26,False,cosponsor
4ae17aea-dc7c-470a-ba2c-b9ec7ea6fb7a,Catherine M. Sofikitis,person,,ocd-person/36fb226e-9ed4-483f-a254-141baf18d295,ocd-bill/b91b4886-067f-4ebd-a473-36b2401f8a26,True,primary
650179db-46e2-428d-861f-7836e444628e,Sherry A. Frost,person,,ocd-person/62916f8e-e193-463d-9dcc-f35f60d836db,ocd-bill/b91b4886-067f-4ebd-a473-36b2401f8a26,False,cosponsor
8c230357-bd59-4771-a258-9f948c0335f2,Gary L. Daniels,person,,ocd-person/4c8ac73e-dca4-48ca-b50c-25d0d41425bc,ocd-bill/cd663053-0a50-4628-8cec-5c05b9d6ff33,True,primary
3b553862-4a23-4885-a373-72dcc3681862,Jacqueline A. Cali-Pitts,person,,ocd-person/b665e9e7-0c14-4348-9378-529bd9c7497b,ocd-bill/2b879a36-8ecd-43d3-91bd-d1759495132d,False,cosponsor
155ff71e-15a6-44e8-bac2-e011f69c49a5,John E. Mann,person,,ocd-person/a8024476-bf44-4932-b6eb-e1f6af0a2298,ocd-bill/2b879a36-8ecd-43d3-91bd-d1759495132d,True,primary
7b983278-b9d4-4e11-8e79-f2119e1edcd4,Rebecca J. McWilliams,person,,ocd-person/39eb4d14-9ef3-4b1b-bcb6-a66f1aa97491,ocd-bill/2b879a36-8ecd-43d3-91bd-d1759495132d,False,cosponsor
b0b27ada-2b22-4cdd-ac6a-4a992cd624a2,Marjorie K. Smith,person,,ocd-person/86b31d04-3a4b-4199-b10e-27bd337f0a34,ocd-bill/0d6de359-f8b2-419b-b8c0-83089b17a8e7,False,cosponsor
e0460ef0-db42-47e6-a5b1-7075d3d0da5d,Mary Beth Walz,person,,ocd-person/aee31921-5d02-4da9-8e3e-3137b4bb8bf4,ocd-bill/0d6de359-f8b2-419b-b8c0-83089b17a8e7,False,cosponsor
ae448e96-f986-4c4e-a797-9eb7a31efc22,Paul S. Berch,person,,ocd-person/f96a072d-9add-44b0-8028-0ec057f31f52,ocd-bill/0d6de359-f8b2-419b-b8c0-83089b17a8e7,True,primary
d6eba6c4-3fb2-41f4-9f01-74ff20ed0373,Claire A. Rouillard,person,,ocd-person/527f8fb3-d715-438e-be76-59cd96641c11,ocd-bill/0d6de359-f8b2-419b-b8c0-83089b17a8e7,False,cosponsor
60f3b766-d445-4680-a716-7c13c78dfb22,Edward M. Gordon,person,,ocd-person/1e527c99-df26-4b70-8f9e-62df18dad8bb,ocd-bill/0d6de359-f8b2-419b-b8c0-83089b17a8e7,False,cosponsor
6cbf40ba-4ac5-44bd-9dae-aa5e66d141bf,Jeffrey C. Salloway,person,,ocd-person/ff3c9490-e187-451d-b600-ca895bfaf0b0,ocd-bill/0d6de359-f8b2-419b-b8c0-83089b17a8e7,False,cosponsor
86ce939c-e3aa-4505-bc19-ff9c7d49b4b3,Cassandra N. Levesque,person,,ocd-person/711423e3-ff28-4150-8a89-ec568a4f2c5d,ocd-bill/0d6de359-f8b2-419b-b8c0-83089b17a8e7,False,cosponsor
f7ad5a0e-f9e3-4f87-913f-db0231ea4f4e,Cody M. Belanger,person,,ocd-person/5aa4450b-2f9d-442f-9c94-b2a8c500812b,ocd-bill/0d6de359-f8b2-419b-b8c0-83089b17a8e7,False,cosponsor
5bb73d87-bdd2-44d7-8c32-d37f41d2004e,Linda R. Gould,person,,ocd-person/40ae4adb-2124-47ca-82b5-9eee794af4a2,ocd-bill/d3346026-bafc-4e91-90aa-aa0da8ce4559,False,cosponsor
13415da6-2b6f-4132-a276-09e473c96e6e,Scott Wallace,person,,,ocd-bill/d3346026-bafc-4e91-90aa-aa0da8ce4559,False,cosponsor
c6173ccb-be93-4a05-bc81-cb3d30a37031,Josh S. Yokela,person,,ocd-person/c96f9d7a-b859-4b37-8fdd-4097b21d3f2c,ocd-bill/d3346026-bafc-4e91-90aa-aa0da8ce4559,True,primary
94af3a12-cd11-4720-b3e4-9fe0588185de,Jeffrey P. Goley,person,,ocd-person/903e02f2-e17d-41f4-bd94-f91557c0e1fd,ocd-bill/c1d6621d-9bc6-472b-a91a-73411c2b571c,False,cosponsor
5562692b-f4c4-42e7-b199-66e654dfe242,Steve J. Shurtleff,person,,ocd-person/5faefb6a-67fa-47ea-907a-8f4f545862be,ocd-bill/c1d6621d-9bc6-472b-a91a-73411c2b571c,False,cosponsor
de51be17-37cb-4ff0-8e04-1074c96db070,Michael B. O'Brien,person,,ocd-person/e15e323b-2d85-4272-9f1e-13d12b8c82f4,ocd-bill/c1d6621d-9bc6-472b-a91a-73411c2b571c,False,cosponsor
6966da64-a1ab-4957-8b1a-c40a9b80f7cc,Timothy A. Soucy,person,,ocd-person/edcefea3-7cd4-4128-92ef-b22bc4a7c0b4,ocd-bill/c1d6621d-9bc6-472b-a91a-73411c2b571c,False,cosponsor
3ab30818-1d92-42f7-90a9-f0fbeb716736,Fred G. Doucette,person,,ocd-person/db4ec0a8-f70c-4510-ae01-c9050646a503,ocd-bill/c1d6621d-9bc6-472b-a91a-73411c2b571c,False,cosponsor
736e69cd-46ce-4529-a689-5e3045b4deec,Mark A. Pearson,person,,ocd-person/6c90e0a1-d9d5-488c-a9a3-898ca5b0f9a4,ocd-bill/c1d6621d-9bc6-472b-a91a-73411c2b571c,True,primary
e2f88f0d-6c7b-410d-b7fe-a1089578af2d,Kevin M. Pratt,person,,ocd-person/dc2cc65b-e3ca-4804-8c7e-9321674d7563,ocd-bill/c1d6621d-9bc6-472b-a91a-73411c2b571c,False,cosponsor
47f847b2-6460-4d23-8dfb-f853ba8acfe1,Stephen C. Pearson,person,,ocd-person/2a085551-6f62-4320-a1eb-bc9a177b9a6d,ocd-bill/c1d6621d-9bc6-472b-a91a-73411c2b571c,False,cosponsor
5d0f829c-bf58-4b90-9f5c-b1c58403729e,Tom E. Lanzara,person,,ocd-person/721c3d01-57ba-4c87-8625-6e7e985060f5,ocd-bill/c1d6621d-9bc6-472b-a91a-73411c2b571c,False,cosponsor
6ea39996-befe-40cd-bce6-d3bdd2d9c9bb,Lou D'Allesandro,person,,ocd-person/87c48788-817d-408b-a1e1-ebe1c9fd893d,ocd-bill/982df970-67e3-4a9e-a1a7-41fadcf40ffe,False,cosponsor
78f3838b-1ffa-4acd-b346-5f5b0c9ddb3f,Jeb Bradley,person,,ocd-person/3f5455e8-256e-4442-9c13-bc14f62ce76f,ocd-bill/982df970-67e3-4a9e-a1a7-41fadcf40ffe,False,cosponsor
621c457b-5b60-4805-9cf1-f89c53903b27,David H Watters,person,,ocd-person/cf24defe-6df3-49f3-88ca-c6774b144f19,ocd-bill/982df970-67e3-4a9e-a1a7-41fadcf40ffe,False,cosponsor
fe57bd90-c897-49cc-a49d-019ae6221804,Donna M. Soucy,person,,ocd-person/bfbbacfd-e12a-4e07-970e-c2c2c006f4a2,ocd-bill/982df970-67e3-4a9e-a1a7-41fadcf40ffe,True,primary
4e42234a-941f-4cef-8c86-5c734e102b18,Susan W. Almy,person,,ocd-person/e13283b4-defe-4f4e-8e67-4d89b8e3790c,ocd-bill/982df970-67e3-4a9e-a1a7-41fadcf40ffe,False,cosponsor
5af3cc05-4b60-408b-975a-3cad35e8a58c,Kevin J. Cavanaugh,person,,ocd-person/7fb2bb33-cbdb-4dfd-9369-64f19f179777,ocd-bill/982df970-67e3-4a9e-a1a7-41fadcf40ffe,False,cosponsor
d5c9a770-7c17-40da-98b9-650debdb06c6,Tom Sherman,person,,ocd-person/ee95d0de-e55e-4733-ba97-0fde66adf65c,ocd-bill/982df970-67e3-4a9e-a1a7-41fadcf40ffe,False,cosponsor
faec739d-ab23-47b1-b9b7-d840b591e220,Tom J. Loughman,person,,ocd-person/49ec8a23-3fec-4d61-a917-be7780438d71,ocd-bill/982df970-67e3-4a9e-a1a7-41fadcf40ffe,False,cosponsor
8c600187-18f3-4c8f-b4ba-c40e8716d1c3,Cindy Rosenwald,person,,ocd-person/f3e949ce-6d98-4826-bbca-08039cea4ea4,ocd-bill/982df970-67e3-4a9e-a1a7-41fadcf40ffe,False,cosponsor
58d43133-03b4-409b-9673-6d0d93dca6e2,Suzanne M Prentiss,person,,ocd-person/de206392-deba-4ecf-96a3-33494c415417,ocd-bill/982df970-67e3-4a9e-a1a7-41fadcf40ffe,False,cosponsor
761de49f-6d93-4204-a261-235074cb7797,Rebecca Perkins Kwoka,person,,ocd-person/c20b7693-7f2c-4646-af7f-d57518edd1a4,ocd-bill/982df970-67e3-4a9e-a1a7-41fadcf40ffe,False,cosponsor
0acd4893-76f2-49fa-b281-e50baca8c3be,John Reagan,person,,ocd-person/f516d40a-3676-4437-8285-a931d7c2885b,ocd-bill/578888b8-484d-4a33-b766-1186ecde2087,False,cosponsor
cd87d4fe-94bf-4dc3-9ee8-b79268b82d10,Jean L. Jeudy,person,,ocd-person/f47878eb-66fe-4d01-92ea-4d3190c6183c,ocd-bill/578888b8-484d-4a33-b766-1186ecde2087,False,cosponsor
8578cac3-2287-435f-87d2-922764388f4d,Glenn Cordelli,person,,ocd-person/c8aa2951-dea0-4999-9b6a-6323d9917e0b,ocd-bill/578888b8-484d-4a33-b766-1186ecde2087,False,cosponsor
059130d6-4ca7-475a-af31-9812b1357d56,John M. Potucek,person,,ocd-person/433c67d6-bfdc-410e-87e2-463c93d55a17,ocd-bill/578888b8-484d-4a33-b766-1186ecde2087,False,cosponsor
85e83c10-5135-45c4-9102-f3418b5bcbb9,Gregory G. Hill,person,,ocd-person/852df922-484b-412f-a604-c2d67efee5ec,ocd-bill/578888b8-484d-4a33-b766-1186ecde2087,False,cosponsor
ccc3bcbb-5067-4b98-bf45-d783dafc6321,Brian Seaworth,person,,ocd-person/b12abcbf-fbbe-4464-854e-6960b024e62a,ocd-bill/578888b8-484d-4a33-b766-1186ecde2087,False,cosponsor
850f135f-45a7-45eb-a9a0-91655f9e153c,Kevin G. Verville,person,,ocd-person/9d10ccec-b571-4eea-b025-9ed7634b6516,ocd-bill/578888b8-484d-4a33-b766-1186ecde2087,True,primary
85502ef0-82eb-4c70-b113-f3b91e29cf70,Bob J. Greene,person,,ocd-person/c51b7c0a-47d7-4567-900e-dccb42942ca6,ocd-bill/578888b8-484d-4a33-b766-1186ecde2087,False,cosponsor
90ad8e6f-f82a-4e62-b585-426e2b85336e,Alicia D. Lekas,person,,ocd-person/50bcd6fc-7d60-4595-811c-213e18faf326,ocd-bill/578888b8-484d-4a33-b766-1186ecde2087,False,cosponsor
a6b883fb-ba61-439f-9fd3-9d43c62886d4,Josh S. Yokela,person,,ocd-person/c96f9d7a-b859-4b37-8fdd-4097b21d3f2c,ocd-bill/578888b8-484d-4a33-b766-1186ecde2087,False,cosponsor
a2c1ef06-b05f-4315-b8f3-33f4871a95da,Leah P. Cushman,person,,ocd-person/b9ca7e25-b8c9-47c8-aac3-4b688cbcea42,ocd-bill/578888b8-484d-4a33-b766-1186ecde2087,False,cosponsor
a09f2a14-ce0a-4b4b-864b-2ee1ef87275d,Sharon M Carson,person,,ocd-person/00964fc0-dd57-44c3-87bf-b6d5bbc34560,ocd-bill/28958804-f397-43f6-a474-9fc2601b92f1,True,primary
6579ccae-09b4-4d3c-9f85-05415a20fe20,Linda A. Massimilla,person,,ocd-person/c018f667-a248-4b79-b8be-63740191e1ff,ocd-bill/cd819f02-8c66-41f9-bdd9-64be298ded32,False,cosponsor
bf874b4e-f89d-48d9-ac1e-85474bfacab7,Gary Merchant,person,,ocd-person/78078880-ab6f-4f87-b095-8b85c31f1780,ocd-bill/cd819f02-8c66-41f9-bdd9-64be298ded32,True,primary
aea393b2-4340-4fe7-8ed1-a19b946f7ecd,Dave Testerman,person,,ocd-person/a9da1843-ceb9-40c6-9846-a3c3d5319ccd,ocd-bill/63adaa5f-27c1-4500-9ecd-48098b295517,True,primary
c8c9b35b-334c-439c-9846-233fb1d0b2a1,Steve J. Shurtleff,person,,ocd-person/5faefb6a-67fa-47ea-907a-8f4f545862be,ocd-bill/b2926f42-65dd-4c72-a487-05800a35fb83,False,cosponsor
b8e05838-e86b-49ca-8a37-8a2bf84af8e6,Janice E. Schmidt,person,,ocd-person/ec374833-801f-4c21-9261-67cdefc1ba44,ocd-bill/b2926f42-65dd-4c72-a487-05800a35fb83,True,primary
2627edee-f372-4bef-8ff1-922f12af8860,Chris True,person,,ocd-person/9debae73-c678-420c-a515-c7381e304d1c,ocd-bill/14a2f3d5-e36a-438f-b4cf-25afd6453735,True,primary
e25dfb81-c632-491c-8625-efc7b9472f01,Jess C. Edwards,person,,ocd-person/3787c84d-f615-4e9d-bac8-42f86ea308db,ocd-bill/14a2f3d5-e36a-438f-b4cf-25afd6453735,False,cosponsor
188046b4-574f-44dc-8b68-24c638c32d2d,Bob J. Greene,person,,ocd-person/c51b7c0a-47d7-4567-900e-dccb42942ca6,ocd-bill/14a2f3d5-e36a-438f-b4cf-25afd6453735,False,cosponsor
f420600d-e9c7-41fd-98c9-5cc9cfe1bc36,Bob J. Lynn,person,,ocd-person/ce46c52e-8598-4888-8a1f-d16b283a7238,ocd-bill/9063772c-11f7-4b40-a18f-18b32e1be896,True,primary
47164c29-3091-4ec9-a208-48e5af1bff35,Thomas C. Schamberg,person,,ocd-person/29eeecd3-79b7-489c-b1a5-ace913e619f2,ocd-bill/cfc14c73-9c7c-426f-b59a-1f956e22048b,True,primary
5308b223-05bd-4dc7-940c-ae13f691c726,Timothy O. Horrigan,person,,ocd-person/2a11a559-c16e-4211-82ea-215951d74c1f,ocd-bill/70098049-780c-4501-8d25-817f8af4cfb4,True,primary
012942f3-4eef-4cbf-8c3b-121fb65626e7,Suzanne M. Vail,person,,ocd-person/ce985799-268d-4190-b078-955fc63a8c3c,ocd-bill/70098049-780c-4501-8d25-817f8af4cfb4,False,cosponsor
391b0252-f4b1-4567-b447-c5054fdb47cf,Amanda C. Bouldin,person,,ocd-person/7ad034dd-b6f2-4314-94d9-cffce7144e5d,ocd-bill/70098049-780c-4501-8d25-817f8af4cfb4,False,cosponsor
a4f57818-8339-49b2-bfad-dc9387542197,Andrew J. Bouldin,person,,ocd-person/ad413289-53c5-4966-9f0f-fd392d95a827,ocd-bill/70098049-780c-4501-8d25-817f8af4cfb4,False,cosponsor
a9da2535-50ec-4072-9905-3e79695913ff,Cam E. Kenney,person,,ocd-person/9f35ea7b-b937-4b06-8be5-5cfbc83381e1,ocd-bill/70098049-780c-4501-8d25-817f8af4cfb4,False,cosponsor
9c92e7c6-ad29-4701-9402-e27c57ed6952,Patrick F. Abrami,person,,ocd-person/0327f85d-1b5a-4218-a97f-f393a965d64b,ocd-bill/5317fbba-d124-4650-a2ee-8734fe65c43f,True,primary
e19352be-7f82-4e2d-bff7-be405df67402,Richard Ames,person,,ocd-person/47c165c7-ecd9-4b88-b9f7-2e58e8e290d4,ocd-bill/5317fbba-d124-4650-a2ee-8734fe65c43f,False,cosponsor
6dee73b6-9711-4232-8504-dc3884ab049c,Norman L. Major,person,,ocd-person/f210808d-53ac-4e23-ade2-7bdb60a8e559,ocd-bill/2171953e-1d98-4310-8afe-a6be54f7069e,True,primary
79ff94a5-0ba6-4fb2-bb70-abf4cb238681,Jeb Bradley,person,,ocd-person/3f5455e8-256e-4442-9c13-bc14f62ce76f,ocd-bill/81d15aca-2c7c-462c-b1cb-bab3693a7072,False,cosponsor
7901471e-4e4f-4aad-b19d-12c6699610bf,Peter R. Leishman,person,,ocd-person/86708f42-531f-4e57-a6b1-f5b11ff9389c,ocd-bill/81d15aca-2c7c-462c-b1cb-bab3693a7072,False,cosponsor
abfe8494-11eb-44ed-a372-a230482cc8e6,Gary S. Hopper,person,,ocd-person/eeb7038b-aad5-45cc-9abe-57fa0757c41b,ocd-bill/81d15aca-2c7c-462c-b1cb-bab3693a7072,False,cosponsor
1820613e-d56f-4387-8392-f3c25f216711,Al P. Baldasaro,person,,ocd-person/3807f9c1-b590-4496-8a1e-b0ff84ba592d,ocd-bill/81d15aca-2c7c-462c-b1cb-bab3693a7072,True,primary
84e68bb1-1619-4e7e-aedf-d367b387b2f5,James A. Spillane,person,,ocd-person/2520dc46-648c-44d0-ba1f-fe09b17a9d8b,ocd-bill/81d15aca-2c7c-462c-b1cb-bab3693a7072,False,cosponsor
62cd4ded-907f-4c6c-b4e0-f71791ba84da,Gary L. Daniels,person,,ocd-person/4c8ac73e-dca4-48ca-b50c-25d0d41425bc,ocd-bill/81d15aca-2c7c-462c-b1cb-bab3693a7072,False,cosponsor
d47846b6-b4d2-4e34-b695-283e5e2a24d0,Howard C. Pearl,person,,ocd-person/c4122c6a-ed23-492e-b813-59a0fed1ec86,ocd-bill/81d15aca-2c7c-462c-b1cb-bab3693a7072,False,cosponsor
cb57bbe4-09c2-4bf3-9644-206e77d249fb,Scott Wallace,person,,,ocd-bill/81d15aca-2c7c-462c-b1cb-bab3693a7072,False,cosponsor
8ab7ca86-4e81-469e-a2be-3d839ac53184,Bob J. Giuda,person,,ocd-person/7739a4d0-534e-4bdb-b7fb-6a8f348e833e,ocd-bill/81d15aca-2c7c-462c-b1cb-bab3693a7072,False,cosponsor
cf335e05-a72d-4453-af09-9109af76478c,Bill Gannon,person,,ocd-person/d3c437bd-532d-458b-961f-4f6dccec1e4b,ocd-bill/81d15aca-2c7c-462c-b1cb-bab3693a7072,False,cosponsor
5c9b9796-811c-4d6b-a0bf-2f819fe33fa4,Rebecca J. McWilliams,person,,ocd-person/39eb4d14-9ef3-4b1b-bcb6-a66f1aa97491,ocd-bill/d18afd71-10c6-4a27-b20e-63b20ffe5a0e,False,cosponsor
6f7c5c50-7a9e-4495-a4ed-9e34edca4266,Josh S. Yokela,person,,ocd-person/c96f9d7a-b859-4b37-8fdd-4097b21d3f2c,ocd-bill/d18afd71-10c6-4a27-b20e-63b20ffe5a0e,True,primary
16838a8f-3f02-427a-b391-7ccf7133a36f,Jeanine M. Notter,person,,ocd-person/84f79859-fef0-441d-80bb-5edeafc70e78,ocd-bill/0e0c5fa1-e0b8-4488-8d7d-2bf5b4740a77,True,primary
374b1983-db7a-494b-949e-296f85c19969,Glen C. Aldrich,person,,ocd-person/620d9d69-c8fb-47ad-ad25-1c1ef75c39dd,ocd-bill/0e0c5fa1-e0b8-4488-8d7d-2bf5b4740a77,False,cosponsor
6f028c40-458b-43ed-bed4-d961fa304350,Jason M. Osborne,person,,ocd-person/6e2bc564-5cd1-4f96-a265-4753b7f12ee1,ocd-bill/0e0c5fa1-e0b8-4488-8d7d-2bf5b4740a77,False,cosponsor
06af7573-af8f-489e-9312-516a85eee15a,Michael Vose,person,,ocd-person/1aa8819a-e1bd-4569-93ec-305ad61e8ea4,ocd-bill/0e0c5fa1-e0b8-4488-8d7d-2bf5b4740a77,False,cosponsor
0fb5f78b-b34f-490b-acc1-6d2b36a3f6d4,Michael D. Harrington,person,,ocd-person/21e95dbc-c226-4f4a-9fa2-8f5b374d0a98,ocd-bill/0e0c5fa1-e0b8-4488-8d7d-2bf5b4740a77,False,cosponsor
7dc8de7b-fc29-4a18-a85a-6cedb13fc57e,Sherman A. Packard,person,,ocd-person/e94c1d98-5454-40a2-8293-ee0998fee8ca,ocd-bill/f7620df4-7117-4cfc-89aa-fc9bb0fbfdd3,True,primary
fab95338-c68a-4717-96a5-c8b41f8135f2,Norman L. Major,person,,ocd-person/f210808d-53ac-4e23-ade2-7bdb60a8e559,ocd-bill/f7620df4-7117-4cfc-89aa-fc9bb0fbfdd3,False,cosponsor
bcf03c35-63d0-49c3-8c22-28794aba2a7d,Susan W. Almy,person,,ocd-person/e13283b4-defe-4f4e-8e67-4d89b8e3790c,ocd-bill/f7620df4-7117-4cfc-89aa-fc9bb0fbfdd3,False,cosponsor
9bd7edbf-b5fc-47f9-834d-12aa0b3c24d9,Patrick F. Abrami,person,,ocd-person/0327f85d-1b5a-4218-a97f-f393a965d64b,ocd-bill/f7620df4-7117-4cfc-89aa-fc9bb0fbfdd3,False,cosponsor
de8c196c-6ff8-4916-85a4-b1bc78f5e1dd,Lou D'Allesandro,person,,ocd-person/87c48788-817d-408b-a1e1-ebe1c9fd893d,ocd-bill/f82521df-fcb7-47cf-bb28-19149127d658,False,cosponsor
90b7a97b-ea9e-44a9-9599-8ad99348a8fd,Sharon M Carson,person,,ocd-person/00964fc0-dd57-44c3-87bf-b6d5bbc34560,ocd-bill/f82521df-fcb7-47cf-bb28-19149127d658,False,cosponsor
4944c573-b316-4f11-a893-27938b459d0a,Regina Birdsell,person,,ocd-person/461c9024-c8c3-44a5-91d6-015a6587db5f,ocd-bill/f82521df-fcb7-47cf-bb28-19149127d658,True,primary
0a7f9bf0-9073-4c62-aa3c-54f4de7f6c4b,Kevin J. Cavanaugh,person,,ocd-person/7fb2bb33-cbdb-4dfd-9369-64f19f179777,ocd-bill/f82521df-fcb7-47cf-bb28-19149127d658,False,cosponsor
efd25991-8298-45c2-bc5c-f619301a7f4d,Robert Renny Cushing,person,,ocd-person/cdb3279c-243a-4ca0-8e83-fcb10a975736,ocd-bill/14898621-12fc-42cc-9759-e0d66ff315c8,False,cosponsor
9e630d59-b2dd-4b0f-94d9-22098176d044,David A. Welch,person,,ocd-person/b8201b25-9bdd-45d3-819d-5bae4c670ad0,ocd-bill/14898621-12fc-42cc-9759-e0d66ff315c8,False,cosponsor
4b1ea3fb-d27c-4b06-9cd3-3dfa440d6f06,Donald J. Bouchard,person,,ocd-person/74ae3ef0-c1f3-48ce-a5a6-c9bc4661bf08,ocd-bill/14898621-12fc-42cc-9759-e0d66ff315c8,False,cosponsor
8325d62f-53f8-4c0b-afab-80215bbdea4e,Nicole Klein-Knight,person,,ocd-person/f91f87c5-d22a-48b7-ac4a-c2519d086ec7,ocd-bill/14898621-12fc-42cc-9759-e0d66ff315c8,True,primary
93f24eb8-a3cc-4648-a8bb-c739db6f2e0f,Terry Roy,person,,ocd-person/6d43b165-fda9-4918-a2b7-ad66940062a0,ocd-bill/14898621-12fc-42cc-9759-e0d66ff315c8,False,cosponsor
706a7bca-0203-4e28-8cfd-34990970844b,Timothy J. Smith,person,,ocd-person/b5ca2038-c971-48a1-9d59-f9acf2b0806b,ocd-bill/72412bf1-67d2-42ab-ac36-26815ffcb67a,False,cosponsor
6fab8311-e1f9-4366-900a-dc468d3c1eb0,Travis J. O'Hara,person,,ocd-person/fbfbfb0a-2c7d-457c-8322-12221db1662b,ocd-bill/72412bf1-67d2-42ab-ac36-26815ffcb67a,False,cosponsor
b34ccfc7-ee6e-4d39-adc0-2e9bced92247,Ross Berry,person,,ocd-person/1b016eb0-b4c0-4929-b957-ef9de5b46031,ocd-bill/72412bf1-67d2-42ab-ac36-26815ffcb67a,True,primary
1370dbef-6f49-42f7-907d-1d9af1ce801d,Josh S. Yokela,person,,ocd-person/c96f9d7a-b859-4b37-8fdd-4097b21d3f2c,ocd-bill/62c515c6-b5ff-41dc-9685-623c5c9fa0f3,True,primary
1b1f5806-34de-41b9-959f-5a9fafd16ad6,Max Abramson,person,,ocd-person/83f50732-5fc6-4287-87aa-786cf169840c,ocd-bill/40ea680f-c44b-4511-97cf-f07455071170,False,cosponsor
36401786-21fe-401d-8aa3-84f0c815ddb0,Josh S. Yokela,person,,ocd-person/c96f9d7a-b859-4b37-8fdd-4097b21d3f2c,ocd-bill/40ea680f-c44b-4511-97cf-f07455071170,False,cosponsor
b2c6008f-a87d-420e-a340-3b5f78f7fd7d,Cody M. Belanger,person,,ocd-person/5aa4450b-2f9d-442f-9c94-b2a8c500812b,ocd-bill/40ea680f-c44b-4511-97cf-f07455071170,True,primary
d496f4c8-8c8a-43ae-89ea-60e7175f0e32,Aidan Ankarberg,person,,ocd-person/540cbe60-cc65-4ff6-8c78-5d54488e5ed8,ocd-bill/40ea680f-c44b-4511-97cf-f07455071170,False,cosponsor
dd9a6edc-b693-4096-b625-9553cf06a7a8,David C. Lundgren,person,,ocd-person/4e9bb139-f952-4fda-bce1-f1bb16c585e3,ocd-bill/d89d2fc6-f326-4b48-90b2-acc70e9d1eb2,True,primary
a1846e2d-f5ff-40b1-84db-8231d4d178b7,Karel A. Crawford,person,,ocd-person/a0936f2f-8170-47f9-8b05-6c6697a95968,ocd-bill/d89d2fc6-f326-4b48-90b2-acc70e9d1eb2,False,cosponsor
4bb9e004-db7d-40aa-8000-81c6b62bfcfc,Linda A. Massimilla,person,,ocd-person/c018f667-a248-4b79-b8be-63740191e1ff,ocd-bill/d89d2fc6-f326-4b48-90b2-acc70e9d1eb2,False,cosponsor
c79c9c56-6871-4866-b720-321b85fb6f7b,Richard W. Lascelles,person,,ocd-person/c11f9fad-128e-455e-896e-2e880b6cc29e,ocd-bill/d89d2fc6-f326-4b48-90b2-acc70e9d1eb2,False,cosponsor
c6d1b88f-e8b0-4618-9abc-b5afe7ca6c07,David C. Love,person,,ocd-person/1c956ef6-b705-4e9d-af0c-f66d6f44591e,ocd-bill/d89d2fc6-f326-4b48-90b2-acc70e9d1eb2,False,cosponsor
f128c535-3ba2-4336-b03e-fa40a5023477,Tom Dolan,person,,ocd-person/330b6b4b-dfa6-4379-ae45-bedd9b276fcd,ocd-bill/d89d2fc6-f326-4b48-90b2-acc70e9d1eb2,False,cosponsor
365e91ce-c75f-4ae5-be34-fb5354b958a5,Ralph G. Boehm,person,,ocd-person/ac6ce16b-a462-4727-8e4b-724c7c19e58c,ocd-bill/b369cb27-5f61-4de8-8303-285b8f04fe77,False,cosponsor
8a6e579b-1981-4a51-a2e3-db676335bc16,Rick M. Ladd,person,,ocd-person/1bd6c569-f2dd-4670-bf82-ef3ea4b15960,ocd-bill/b369cb27-5f61-4de8-8303-285b8f04fe77,True,primary
b25d490d-8069-4d4c-baf4-f71935deaa37,Jeanine M. Notter,person,,ocd-person/84f79859-fef0-441d-80bb-5edeafc70e78,ocd-bill/b369cb27-5f61-4de8-8303-285b8f04fe77,False,cosponsor
4c630a77-a75c-49a9-bffe-c66bf7044afb,Glenn Cordelli,person,,ocd-person/c8aa2951-dea0-4999-9b6a-6323d9917e0b,ocd-bill/b369cb27-5f61-4de8-8303-285b8f04fe77,False,cosponsor
65f8d709-fea8-4d9f-80ea-553d5efa2654,James A. Spillane,person,,ocd-person/2520dc46-648c-44d0-ba1f-fe09b17a9d8b,ocd-bill/b369cb27-5f61-4de8-8303-285b8f04fe77,False,cosponsor
1feae07e-0cad-48d2-9a7d-ccb1b28c6914,Gregory G. Hill,person,,ocd-person/852df922-484b-412f-a604-c2d67efee5ec,ocd-bill/b369cb27-5f61-4de8-8303-285b8f04fe77,False,cosponsor
997aa1f0-53a4-4375-bfc6-b08433a39032,Mark A. Pearson,person,,ocd-person/6c90e0a1-d9d5-488c-a9a3-898ca5b0f9a4,ocd-bill/b369cb27-5f61-4de8-8303-285b8f04fe77,False,cosponsor
47b768ec-e741-4d06-a56b-1bb9ed8c5d77,Alicia D. Lekas,person,,ocd-person/50bcd6fc-7d60-4595-811c-213e18faf326,ocd-bill/b369cb27-5f61-4de8-8303-285b8f04fe77,False,cosponsor
c11023fc-f8d8-4504-895b-7be7e8855d21,Suzanne M Prentiss,person,,ocd-person/de206392-deba-4ecf-96a3-33494c415417,ocd-bill/293372d2-7c44-44d5-b2eb-88379b576e66,True,primary
18d849a4-32e3-4d69-9552-fd65c565c641,Rebecca G. Whitley,person,,ocd-person/92267d4c-e6f1-4f45-87be-83f229c2cd36,ocd-bill/293372d2-7c44-44d5-b2eb-88379b576e66,False,cosponsor
bd557ee3-d627-44c9-885e-4fdbba934b94,James Michael Murphy,person,,ocd-person/c88c54ce-42e9-4111-8e1a-164ee43eaa89,ocd-bill/293372d2-7c44-44d5-b2eb-88379b576e66,False,cosponsor
26b43ea0-a109-4db4-b520-763f7f97f07d,Max Abramson,person,,ocd-person/83f50732-5fc6-4287-87aa-786cf169840c,ocd-bill/cc75f05d-929c-40f5-b570-85bee16b213c,True,primary
c582a2cf-1cd7-4947-90b4-48cee69125c5,Aidan Ankarberg,person,,ocd-person/540cbe60-cc65-4ff6-8c78-5d54488e5ed8,ocd-bill/cc75f05d-929c-40f5-b570-85bee16b213c,False,cosponsor
da81f373-d0d2-4f61-b23e-cd0054668d03,Brian Seaworth,person,,ocd-person/b12abcbf-fbbe-4464-854e-6960b024e62a,ocd-bill/d30d49bd-30ea-47fa-afcf-57c76fd67d06,True,primary
fd862001-20ab-479f-9032-7686bbc2ad5a,Rebecca Perkins Kwoka,person,,ocd-person/c20b7693-7f2c-4646-af7f-d57518edd1a4,ocd-bill/149015c5-a008-4a8e-9f89-ec48ccd3bf49,True,primary
f6f78e1b-cd87-4068-9050-a656c7ccfedf,Sharon M Carson,person,,ocd-person/00964fc0-dd57-44c3-87bf-b6d5bbc34560,ocd-bill/c99266df-0ac6-493b-8dca-1dd8ffaedfa6,False,cosponsor
ff609687-dd57-4012-8eaf-8946010f69b0,Jeb Bradley,person,,ocd-person/3f5455e8-256e-4442-9c13-bc14f62ce76f,ocd-bill/c99266df-0ac6-493b-8dca-1dd8ffaedfa6,False,cosponsor
97460b53-0d0c-4827-a2c8-2deccfa4edbe,Mary Jane Wallner,person,,ocd-person/0e6f806c-ba57-4dc6-b6b4-f2a926288ca3,ocd-bill/c99266df-0ac6-493b-8dca-1dd8ffaedfa6,False,cosponsor
4d0b742e-5ef3-4de9-9742-118c83c38623,Patrick T. Long,person,,ocd-person/14d0ff58-3340-4344-bb79-c6acd5f8ba6c,ocd-bill/c99266df-0ac6-493b-8dca-1dd8ffaedfa6,False,cosponsor
17ccf8f9-9735-41fe-8976-c4a1cac6767e,Patricia Cornell,person,,ocd-person/e657ef2c-bfc3-4a08-99fe-4456be3bfe2a,ocd-bill/c99266df-0ac6-493b-8dca-1dd8ffaedfa6,False,cosponsor
e048fcfa-ae05-4d7c-8c16-45aa82521c1b,Tom Sherman,person,,ocd-person/ee95d0de-e55e-4733-ba97-0fde66adf65c,ocd-bill/c99266df-0ac6-493b-8dca-1dd8ffaedfa6,False,cosponsor
19edfabf-4f57-4ed2-af26-2c085efbb211,Cindy Rosenwald,person,,ocd-person/f3e949ce-6d98-4826-bbca-08039cea4ea4,ocd-bill/c99266df-0ac6-493b-8dca-1dd8ffaedfa6,False,cosponsor
b3eac2fd-09af-422f-af4a-70cf3254c1ad,Sue M. Mullen,person,,ocd-person/07c19313-fcb0-476b-b240-e299c55888f7,ocd-bill/c99266df-0ac6-493b-8dca-1dd8ffaedfa6,False,cosponsor
39009eed-4baa-4985-87bf-10edb9563c39,Rebecca G. Whitley,person,,ocd-person/92267d4c-e6f1-4f45-87be-83f229c2cd36,ocd-bill/c99266df-0ac6-493b-8dca-1dd8ffaedfa6,True,primary
6139be49-cb3f-487c-9e5d-6f2df02f861c,John Reagan,person,,ocd-person/f516d40a-3676-4437-8285-a931d7c2885b,ocd-bill/6b564a2a-2bb5-4901-88da-da94dae2c14a,False,cosponsor
efc47352-9f0f-4152-b3b1-b397d9007d71,James A. Spillane,person,,ocd-person/2520dc46-648c-44d0-ba1f-fe09b17a9d8b,ocd-bill/6b564a2a-2bb5-4901-88da-da94dae2c14a,True,primary
370b7f0d-b899-4366-bf85-aa338cf5becc,Kevin A. Avard,person,,ocd-person/b99b0bbb-4710-43c7-a6b5-0e04524eedf0,ocd-bill/6b564a2a-2bb5-4901-88da-da94dae2c14a,False,cosponsor
a8d56154-ed14-477c-a17b-9440426ab04f,Alan Bershtein,person,,ocd-person/bfa03ae8-d0ad-4105-b759-f9ed465a024c,ocd-bill/6b564a2a-2bb5-4901-88da-da94dae2c14a,False,cosponsor
d2b32b36-c79e-4a71-9d78-c171269bf9e2,Terry Roy,person,,ocd-person/6d43b165-fda9-4918-a2b7-ad66940062a0,ocd-bill/6b564a2a-2bb5-4901-88da-da94dae2c14a,False,cosponsor
163c16ed-71b3-43d8-bfb2-f3799c1bd622,Lou D'Allesandro,person,,ocd-person/87c48788-817d-408b-a1e1-ebe1c9fd893d,ocd-bill/c415ccbc-db7f-4918-acde-fecb023832d9,False,cosponsor
0502afe8-3c13-49c4-af7d-9e94c1d5f286,Jeffrey P. Goley,person,,ocd-person/903e02f2-e17d-41f4-bd94-f91557c0e1fd,ocd-bill/c415ccbc-db7f-4918-acde-fecb023832d9,False,cosponsor
eac6e376-4a04-4550-a7ed-3d74d2fd9ad6,Patricia Cornell,person,,ocd-person/e657ef2c-bfc3-4a08-99fe-4456be3bfe2a,ocd-bill/c415ccbc-db7f-4918-acde-fecb023832d9,False,cosponsor
487cbd29-d4cd-4a06-86fa-6140fcd6e334,Kendall A. Snow,person,,ocd-person/cfc39de4-1079-46cc-85d2-fa6382d4eafd,ocd-bill/c415ccbc-db7f-4918-acde-fecb023832d9,False,cosponsor
fcdbf062-1a2d-4712-b269-6a70be9ee096,Erika F. Connors,person,,ocd-person/9553cfc6-a199-4984-a7d5-3f649ddfb6ce,ocd-bill/c415ccbc-db7f-4918-acde-fecb023832d9,True,primary
ca23ac56-2fed-4059-9f8b-3941f58ed820,Marjorie K. Smith,person,,ocd-person/86b31d04-3a4b-4199-b10e-27bd337f0a34,ocd-bill/edeb01b7-c94e-451a-b763-802c72034f21,False,cosponsor
915db160-b972-487d-9f1f-264f57d70a91,Linda R. Gould,person,,ocd-person/40ae4adb-2124-47ca-82b5-9eee794af4a2,ocd-bill/edeb01b7-c94e-451a-b763-802c72034f21,False,cosponsor
04ad9b81-67c5-43ad-a176-e5daaba98fc0,Kurt F. Wuelper,person,,ocd-person/27f3432f-2a51-4a39-b9c4-814718ae87ed,ocd-bill/edeb01b7-c94e-451a-b763-802c72034f21,True,primary
c2385be9-c63c-4636-b5f8-0ecb4f76ea86,Dave Testerman,person,,ocd-person/a9da1843-ceb9-40c6-9846-a3c3d5319ccd,ocd-bill/edeb01b7-c94e-451a-b763-802c72034f21,False,cosponsor
390ac001-87c0-4d11-b3fb-21748a8e8c7e,Kevin G. Verville,person,,ocd-person/9d10ccec-b571-4eea-b025-9ed7634b6516,ocd-bill/edeb01b7-c94e-451a-b763-802c72034f21,False,cosponsor
5ee47901-a970-4c50-b4e4-5079df7c1997,Scott Wallace,person,,,ocd-bill/edeb01b7-c94e-451a-b763-802c72034f21,False,cosponsor
57b9a54f-fb3f-48b5-a8f8-306ba9db302a,Tony Lekas,person,,ocd-person/97ccf8c1-af1c-4a3c-b267-683d0446b790,ocd-bill/edeb01b7-c94e-451a-b763-802c72034f21,False,cosponsor
a66e3840-afb2-484a-950e-4e77de00ceb1,Josh S. Yokela,person,,ocd-person/c96f9d7a-b859-4b37-8fdd-4097b21d3f2c,ocd-bill/5581a220-0c1b-496b-844a-0b2fa64b5472,True,primary
41315c3a-7907-4d14-9afd-a11ca34e730b,Joe Schapiro,person,,ocd-person/44fbe7a3-bc2c-4ab0-b669-35521e926782,ocd-bill/f3176bf5-07fb-46ee-84c3-22b6ef5bbfe3,True,primary
c885cbb3-6653-4c23-bd03-bf111b05fc5a,Laurel Stavis,person,,ocd-person/90ca1969-94b3-4c8d-b712-e00e48a7a671,ocd-bill/f3176bf5-07fb-46ee-84c3-22b6ef5bbfe3,False,cosponsor
906cf03e-ce92-472d-84aa-611f9e1704e1,Safiya Wazir,person,,ocd-person/a2975441-f5d1-4e95-8a4e-1d930fc16bc2,ocd-bill/f3176bf5-07fb-46ee-84c3-22b6ef5bbfe3,False,cosponsor
d8002dff-835b-4404-83fe-3bf279eae20d,Rebecca J. McWilliams,person,,ocd-person/39eb4d14-9ef3-4b1b-bcb6-a66f1aa97491,ocd-bill/f3176bf5-07fb-46ee-84c3-22b6ef5bbfe3,False,cosponsor
7cb85de6-4d9e-46b5-952d-fbd8bd71459b,Cindy Rosenwald,person,,ocd-person/f3e949ce-6d98-4826-bbca-08039cea4ea4,ocd-bill/f3176bf5-07fb-46ee-84c3-22b6ef5bbfe3,False,cosponsor
dac3a0bd-5a44-47d5-bbf0-01c1b4b57b42,George E. Sykes,person,,ocd-person/1d64c012-42cd-433e-9e51-d449279fe57e,ocd-bill/c328b6b0-46dd-4548-a7c5-0ebe764cc19b,True,primary
6811a6bc-b846-45d7-b7a2-334ff6b6d639,Nicole Klein-Knight,person,,ocd-person/f91f87c5-d22a-48b7-ac4a-c2519d086ec7,ocd-bill/c328b6b0-46dd-4548-a7c5-0ebe764cc19b,False,cosponsor
f31b49ba-1649-412b-8aa9-f3c41186004f,Ruth Ward,person,,ocd-person/9089a509-1f26-4770-adc6-199ed716e692,ocd-bill/be7cf782-cd81-4fbf-a96a-2a6824c2d1f4,True,primary
72bfb0ce-f78e-4a9c-ad01-d82556e4de5b,Lou D'Allesandro,person,,ocd-person/87c48788-817d-408b-a1e1-ebe1c9fd893d,ocd-bill/6e959b4c-e441-4339-bd18-e0dfecc841b0,False,cosponsor
65373325-3148-4f51-b871-8430595be550,Sharon M Carson,person,,ocd-person/00964fc0-dd57-44c3-87bf-b6d5bbc34560,ocd-bill/6e959b4c-e441-4339-bd18-e0dfecc841b0,False,cosponsor
722644d2-c0f0-4acc-ac72-f61a685b7091,Jeb Bradley,person,,ocd-person/3f5455e8-256e-4442-9c13-bc14f62ce76f,ocd-bill/6e959b4c-e441-4339-bd18-e0dfecc841b0,True,primary
203d53b9-29a3-4214-acca-40b4982dcb05,David H Watters,person,,ocd-person/cf24defe-6df3-49f3-88ca-c6774b144f19,ocd-bill/6e959b4c-e441-4339-bd18-e0dfecc841b0,False,cosponsor
91c38f82-7f8e-44c1-906a-873f42432132,Robert Renny Cushing,person,,ocd-person/cdb3279c-243a-4ca0-8e83-fcb10a975736,ocd-bill/6e959b4c-e441-4339-bd18-e0dfecc841b0,False,cosponsor
8e6183d0-6d57-4cb2-84c1-6c8076fca880,Karen C. Umberger,person,,ocd-person/054854df-4965-4401-9776-ffbcd075e295,ocd-bill/6e959b4c-e441-4339-bd18-e0dfecc841b0,False,cosponsor
04fda980-8049-4c6f-8aa2-ffd3193f8dfd,Gary L. Daniels,person,,ocd-person/4c8ac73e-dca4-48ca-b50c-25d0d41425bc,ocd-bill/6e959b4c-e441-4339-bd18-e0dfecc841b0,False,cosponsor
ab4ced0c-198c-40f7-b561-416d22aeb613,Kevin A. Avard,person,,ocd-person/b99b0bbb-4710-43c7-a6b5-0e04524eedf0,ocd-bill/6e959b4c-e441-4339-bd18-e0dfecc841b0,False,cosponsor
8b3ab829-fe45-482b-be61-82d9ddf96268,William M. Marsh,person,,ocd-person/22006937-f2ca-4a2e-b92a-457777933dc7,ocd-bill/6e959b4c-e441-4339-bd18-e0dfecc841b0,False,cosponsor
0cbd1292-31f4-453f-8d06-fcbde5927861,Bob J. Giuda,person,,ocd-person/7739a4d0-534e-4bdb-b7fb-6a8f348e833e,ocd-bill/6e959b4c-e441-4339-bd18-e0dfecc841b0,False,cosponsor
becd7492-0811-4e4e-894e-3001d47b73ba,Ruth Ward,person,,ocd-person/9089a509-1f26-4770-adc6-199ed716e692,ocd-bill/6e959b4c-e441-4339-bd18-e0dfecc841b0,False,cosponsor
cc93d8cd-cf2c-45fc-ad42-4cbae856ab80,Bill Gannon,person,,ocd-person/d3c437bd-532d-458b-961f-4f6dccec1e4b,ocd-bill/6e959b4c-e441-4339-bd18-e0dfecc841b0,False,cosponsor
bd282fa5-9b41-4eee-bc01-7da179136e2a,Kevin J. Cavanaugh,person,,ocd-person/7fb2bb33-cbdb-4dfd-9369-64f19f179777,ocd-bill/6e959b4c-e441-4339-bd18-e0dfecc841b0,False,cosponsor
23b5ba81-a60a-4453-8398-81230d8c1a2a,Tom Sherman,person,,ocd-person/ee95d0de-e55e-4733-ba97-0fde66adf65c,ocd-bill/6e959b4c-e441-4339-bd18-e0dfecc841b0,False,cosponsor
128d231c-e77f-43ae-8549-b579faaaf1ea,Cindy Rosenwald,person,,ocd-person/f3e949ce-6d98-4826-bbca-08039cea4ea4,ocd-bill/6e959b4c-e441-4339-bd18-e0dfecc841b0,False,cosponsor
fbc1591f-56f7-4f93-9215-a43b14887dad,Erin Hennessey,person,,ocd-person/b8009d8b-0bb8-4a70-9e34-96d247a3327b,ocd-bill/6e959b4c-e441-4339-bd18-e0dfecc841b0,False,cosponsor
21dd5910-ee58-46b1-9ea4-938adbabc3b5,Suzanne M Prentiss,person,,ocd-person/de206392-deba-4ecf-96a3-33494c415417,ocd-bill/6e959b4c-e441-4339-bd18-e0dfecc841b0,False,cosponsor
fc751f0c-9a35-4ae8-98e8-97d569469569,John Reagan,person,,ocd-person/f516d40a-3676-4437-8285-a931d7c2885b,ocd-bill/504e797e-2889-4860-aed4-bf9661dcbd73,False,cosponsor
6370a336-2e40-4770-a0d0-115ecfad173d,Patrick F. Abrami,person,,ocd-person/0327f85d-1b5a-4218-a97f-f393a965d64b,ocd-bill/504e797e-2889-4860-aed4-bf9661dcbd73,False,cosponsor
e0763577-431d-4012-9912-c28564f3da26,David J. Luneau,person,,ocd-person/c3c9bb99-9512-4bec-be04-d8b29ea96f3e,ocd-bill/504e797e-2889-4860-aed4-bf9661dcbd73,False,cosponsor
d874e5f8-60a0-4b35-beed-d48d3613ed09,Rebecca Susan McBeath,person,,ocd-person/e38b81bb-9bf6-4ace-bc4e-898732105d5d,ocd-bill/504e797e-2889-4860-aed4-bf9661dcbd73,False,cosponsor
97a3ca90-ce1e-4c53-b2d2-08c5795276c3,Constance Van Houten,person,,ocd-person/5e54c6e7-01cb-42c8-b3ed-8137e6c995fd,ocd-bill/504e797e-2889-4860-aed4-bf9661dcbd73,True,primary
6e3bbbf7-4cd6-4c71-a280-f4ccb9319eea,Donna R. Ellis,person,,ocd-person/05d853f1-79fd-4b82-b4dc-5d60eeb95514,ocd-bill/504e797e-2889-4860-aed4-bf9661dcbd73,False,cosponsor
489edd7f-9f30-4c04-9aac-8a97813b0bdb,Fred G. Doucette,person,,ocd-person/db4ec0a8-f70c-4510-ae01-c9050646a503,ocd-bill/70f64798-1c3f-40d8-86df-20e202721202,False,cosponsor
e219e2be-ecbe-46ea-880f-a21591a830b9,John C. Janigian,person,,ocd-person/4c4f4974-0202-43a0-9aba-f41d0f99603a,ocd-bill/70f64798-1c3f-40d8-86df-20e202721202,False,cosponsor
4848c6c1-2f16-4f8c-b2d3-d27d818a5ac8,Alan Bershtein,person,,ocd-person/bfa03ae8-d0ad-4105-b759-f9ed465a024c,ocd-bill/70f64798-1c3f-40d8-86df-20e202721202,False,cosponsor
a10ad73a-fd77-43ca-bf04-761c5163d479,Daryl A. Abbas,person,,ocd-person/6dfd683a-1f79-49db-95a9-07f4f9898a22,ocd-bill/70f64798-1c3f-40d8-86df-20e202721202,True,primary
b782f9f9-15bd-409a-9790-6ca9c8ed8396,David H Watters,person,,ocd-person/cf24defe-6df3-49f3-88ca-c6774b144f19,ocd-bill/98027670-8c78-4607-bbb5-8202a2259ca8,False,cosponsor
cc1a9b5e-a0fe-4525-beec-2990d5e52938,Walter A. Stapleton,person,,ocd-person/74efcb71-c62c-4388-b9ad-69f779b0c33e,ocd-bill/98027670-8c78-4607-bbb5-8202a2259ca8,False,cosponsor
11d8e74a-41e0-4c20-9b7b-e848a4b53ed3,Donovan W. Fenton,person,,ocd-person/34b5aacc-cc43-49c8-af70-c692639b2e4a,ocd-bill/98027670-8c78-4607-bbb5-8202a2259ca8,False,cosponsor
baeefbeb-6952-4553-9d06-2c73f2ee4d7a,Kristina M. Schultz,person,,ocd-person/8698b473-ea4e-4126-8766-a2b5b5878702,ocd-bill/98027670-8c78-4607-bbb5-8202a2259ca8,False,cosponsor
6681bdc9-55ad-4408-a051-0c18ec3cbc58,Casey M. Conley,person,,ocd-person/3290a4d4-7403-45f8-adc4-4e26e0fefa09,ocd-bill/98027670-8c78-4607-bbb5-8202a2259ca8,True,primary
18cb7a6b-26a1-4aa0-8077-ccd0c310f8d2,Andrew J. Bouldin,person,,ocd-person/ad413289-53c5-4966-9f0f-fd392d95a827,ocd-bill/98027670-8c78-4607-bbb5-8202a2259ca8,False,cosponsor
684d1362-9eb7-4276-80e9-3d93f3e42861,Matthew B. Wilhelm,person,,ocd-person/61d2e8f3-f2b9-4357-81af-fe982ee1821f,ocd-bill/98027670-8c78-4607-bbb5-8202a2259ca8,False,cosponsor
569f4f2a-7946-4260-80ed-a773157647a3,Safiya Wazir,person,,ocd-person/a2975441-f5d1-4e95-8a4e-1d930fc16bc2,ocd-bill/98027670-8c78-4607-bbb5-8202a2259ca8,False,cosponsor
edaf5172-4f0d-41b3-8fe6-cc4f265190a8,Rebecca J. McWilliams,person,,ocd-person/39eb4d14-9ef3-4b1b-bcb6-a66f1aa97491,ocd-bill/98027670-8c78-4607-bbb5-8202a2259ca8,False,cosponsor
33a19672-6bdc-414b-969e-ea837cb9a2e5,David Meuse,person,,ocd-person/4b449f0f-2024-4e18-bbbd-7f0bbcfa8cac,ocd-bill/98027670-8c78-4607-bbb5-8202a2259ca8,False,cosponsor
4b94813e-d140-4fc1-a3d4-3333beb5e703,Tony Labranche,person,,ocd-person/98b6662b-4d69-4759-b17c-9fd5a4bb7954,ocd-bill/98027670-8c78-4607-bbb5-8202a2259ca8,False,cosponsor
9050cd8f-1108-40ce-a2e8-6348985f6726,Glen C. Aldrich,person,,ocd-person/620d9d69-c8fb-47ad-ad25-1c1ef75c39dd,ocd-bill/de3754d9-ce4b-45b5-812f-824abc969d0b,False,cosponsor
9f76ecfb-0b73-4ad7-9f15-f83469f590aa,Max Abramson,person,,ocd-person/83f50732-5fc6-4287-87aa-786cf169840c,ocd-bill/de3754d9-ce4b-45b5-812f-824abc969d0b,False,cosponsor
4bea36c1-8c4f-40e1-82e5-7251413c2499,Brian Seaworth,person,,ocd-person/b12abcbf-fbbe-4464-854e-6960b024e62a,ocd-bill/de3754d9-ce4b-45b5-812f-824abc969d0b,False,cosponsor
4f17dfc2-35b3-499f-98c1-be58be7daae2,David W. Binford,person,,ocd-person/9098756d-2231-4e69-84d5-09ab979ee1a2,ocd-bill/de3754d9-ce4b-45b5-812f-824abc969d0b,True,primary
ddd21fd8-3f46-436b-9591-afb329cf6159,Dave Testerman,person,,ocd-person/a9da1843-ceb9-40c6-9846-a3c3d5319ccd,ocd-bill/de3754d9-ce4b-45b5-812f-824abc969d0b,False,cosponsor
0c9212f6-788f-4046-b58a-93ed1e1f8d16,Kevin G. Verville,person,,ocd-person/9d10ccec-b571-4eea-b025-9ed7634b6516,ocd-bill/de3754d9-ce4b-45b5-812f-824abc969d0b,False,cosponsor
acbd951e-7dea-49d0-a9c8-d3f6049c09d1,Josh S. Yokela,person,,ocd-person/c96f9d7a-b859-4b37-8fdd-4097b21d3f2c,ocd-bill/de3754d9-ce4b-45b5-812f-824abc969d0b,False,cosponsor
5f29ede0-a973-490c-9f5c-a617ee19305a,Gregg Hough,person,,ocd-person/3300d54f-0d44-4b18-ac18-41da270b8d58,ocd-bill/de3754d9-ce4b-45b5-812f-824abc969d0b,False,cosponsor
e7a78061-24b6-4962-9eab-749ec81865c8,Jeffrey Greeson,person,,ocd-person/9a227955-60e0-45e3-bea8-03f44f4cd08e,ocd-bill/de3754d9-ce4b-45b5-812f-824abc969d0b,False,cosponsor
d6dbf9bc-6837-401b-963d-1ed2ffde38ba,Tina L. Harley,person,,ocd-person/d202dfa6-5ea8-4ce7-9217-7bd1398a7a6c,ocd-bill/de3754d9-ce4b-45b5-812f-824abc969d0b,False,cosponsor
4c5fb0ed-b3ce-4697-af50-a42e51f1203c,Edith M. Tucker,person,,ocd-person/68bf2851-656a-44f1-9c2c-85ea55c7d9f9,ocd-bill/e638983d-8cca-4f88-9123-f39895be96a3,True,primary
fc121d1c-4406-4f83-ae13-ba312a4b515a,Jennie R. Gomarlo,person,,ocd-person/6575c4bc-c463-4c7e-aced-43b36088d740,ocd-bill/e638983d-8cca-4f88-9123-f39895be96a3,False,cosponsor
470909ad-6bbb-4637-ab48-0eb5196c257d,Max Abramson,person,,ocd-person/83f50732-5fc6-4287-87aa-786cf169840c,ocd-bill/14792345-931b-4f9b-907d-964981defffe,True,primary
cc28fbab-d436-4d37-9131-435040ea4fc4,Aidan Ankarberg,person,,ocd-person/540cbe60-cc65-4ff6-8c78-5d54488e5ed8,ocd-bill/14792345-931b-4f9b-907d-964981defffe,False,cosponsor
2772a0cb-c5ca-4ddc-b92e-2622cfd2c5c1,Stephen C. Pearson,person,,ocd-person/2a085551-6f62-4320-a1eb-bc9a177b9a6d,ocd-bill/65f16b4f-b49b-466d-ad00-050a3c56c68b,True,primary
13b18459-ebe4-4c25-8fbc-14e14c921921,Joe Sweeney,person,,ocd-person/568a287b-89c6-44b7-a8e6-a5188ef7f9bc,ocd-bill/aeb0f226-612b-42d8-83b3-b8a99029aaf1,True,primary
24500554-1b4d-45ce-bec9-9415a9951572,Joe H. Alexander,person,,ocd-person/e7800d58-1019-4aff-8d1a-22faba9d3e23,ocd-bill/aeb0f226-612b-42d8-83b3-b8a99029aaf1,False,cosponsor
d98ae708-5796-4859-98a9-90a862396193,Ross Berry,person,,ocd-person/1b016eb0-b4c0-4929-b957-ef9de5b46031,ocd-bill/aeb0f226-612b-42d8-83b3-b8a99029aaf1,False,cosponsor
ca1593c1-2fa3-47d7-bcc3-b930395c8f3f,Suzanne J. Smith,person,,ocd-person/6a75f502-50fd-47e7-8160-1fce1205550e,ocd-bill/c82051cf-d52a-4533-b277-4861614a519c,False,cosponsor
1bb94cb4-c293-45ed-9ebc-02dde81972dc,Glenn Cordelli,person,,ocd-person/c8aa2951-dea0-4999-9b6a-6323d9917e0b,ocd-bill/c82051cf-d52a-4533-b277-4861614a519c,False,cosponsor
c4ab08af-d918-401c-81ab-2a83b3b4b384,Karel A. Crawford,person,,ocd-person/a0936f2f-8170-47f9-8b05-6c6697a95968,ocd-bill/c82051cf-d52a-4533-b277-4861614a519c,False,cosponsor
2b4e8200-c14c-4475-93d7-379f05c7841a,Karen E. Ebel,person,,ocd-person/947e2e2b-04eb-4f92-9f83-aef8760517e0,ocd-bill/c82051cf-d52a-4533-b277-4861614a519c,False,cosponsor
086fe87c-5017-44a8-93a8-9b3c74d28520,Linda L. Tanner,person,,ocd-person/950e6cfe-ff6c-49ed-a4c2-1e66e60c6315,ocd-bill/c82051cf-d52a-4533-b277-4861614a519c,False,cosponsor
836567d4-3825-4a50-9954-f82e6dee585f,Dan H. Wolf,person,,ocd-person/d24c83af-3362-4925-9c05-a6b776d3314c,ocd-bill/c82051cf-d52a-4533-b277-4861614a519c,False,cosponsor
6d6f179a-b17e-4fb6-8803-b0789de561f3,William M. Marsh,person,,ocd-person/22006937-f2ca-4a2e-b92a-457777933dc7,ocd-bill/c82051cf-d52a-4533-b277-4861614a519c,False,cosponsor
cc68cd06-a154-404e-9961-ad1997c85b9e,Jerry L. Knirk,person,,ocd-person/ce0bd184-d264-46d8-87fc-f2590e2a1ed1,ocd-bill/c82051cf-d52a-4533-b277-4861614a519c,False,cosponsor
ab601803-c96e-42b4-876c-269878875b44,Roger W. Dontonville,person,,ocd-person/ef4faeab-235d-452c-b493-8a98e4157f3f,ocd-bill/c82051cf-d52a-4533-b277-4861614a519c,False,cosponsor
0def9944-4f06-4330-a7d0-298c678795cb,John T. MacDonald,person,,ocd-person/a22a36bb-3514-4d76-a39e-791902f41d6c,ocd-bill/c82051cf-d52a-4533-b277-4861614a519c,True,primary
c53e08eb-d53e-41cc-89bb-1ff486e835a2,Brodie S. Deshaies,person,,ocd-person/cf0f7c1c-a402-49f9-80cd-102f946cd260,ocd-bill/c82051cf-d52a-4533-b277-4861614a519c,False,cosponsor
31444b3a-054c-47c5-94dc-c9f7a6ebfa9a,Ross Berry,person,,ocd-person/1b016eb0-b4c0-4929-b957-ef9de5b46031,ocd-bill/3195cd23-947d-4487-8f06-8de32ba3fc25,True,primary
2bcfdfd6-ee4d-4720-ac2d-7b67fca720f7,Sharon M Carson,person,,ocd-person/00964fc0-dd57-44c3-87bf-b6d5bbc34560,ocd-bill/5980605f-ffdf-4b3a-85c4-7b2dacd00627,True,primary
45b9a3c5-5e96-4a12-82c4-dd79c539bccb,Jeffrey Greeson,person,,ocd-person/9a227955-60e0-45e3-bea8-03f44f4cd08e,ocd-bill/840abf6f-3b96-403f-90c9-0572c4d5ebf5,True,primary
11590ed2-f868-4161-a916-8607d1b7dc49,Lou D'Allesandro,person,,ocd-person/87c48788-817d-408b-a1e1-ebe1c9fd893d,ocd-bill/a9b90164-0e37-4f99-a65e-3cc2ae424157,False,cosponsor
045e7fdf-555a-4c92-879a-98941c165916,Donna M. Soucy,person,,ocd-person/bfbbacfd-e12a-4e07-970e-c2c2c006f4a2,ocd-bill/a9b90164-0e37-4f99-a65e-3cc2ae424157,False,cosponsor
1a1469a9-e1c3-4c9a-8312-38671b127246,Rick M. Ladd,person,,ocd-person/1bd6c569-f2dd-4670-bf82-ef3ea4b15960,ocd-bill/a9b90164-0e37-4f99-a65e-3cc2ae424157,False,cosponsor
0b82bafe-58ed-4587-81a7-be652e8b9f0b,Mel Myler,person,,ocd-person/8c5f7a02-e92b-4f64-b698-c178b8fd23bb,ocd-bill/a9b90164-0e37-4f99-a65e-3cc2ae424157,False,cosponsor
7c3a04d2-2cfc-40ab-aee2-239142ac003e,David J. Luneau,person,,ocd-person/c3c9bb99-9512-4bec-be04-d8b29ea96f3e,ocd-bill/a9b90164-0e37-4f99-a65e-3cc2ae424157,False,cosponsor
50f73cf8-f26a-467e-a77a-e77c9c31e874,Jay Kahn,person,,ocd-person/998e681b-6df1-4b4a-92db-7a2187cedcd8,ocd-bill/a9b90164-0e37-4f99-a65e-3cc2ae424157,True,primary
d33f987b-8100-4174-a557-318aa5e96683,Tom Sherman,person,,ocd-person/ee95d0de-e55e-4733-ba97-0fde66adf65c,ocd-bill/a9b90164-0e37-4f99-a65e-3cc2ae424157,False,cosponsor
3604b442-6ad1-44fd-942a-b31c32a072dc,Cindy Rosenwald,person,,ocd-person/f3e949ce-6d98-4826-bbca-08039cea4ea4,ocd-bill/a9b90164-0e37-4f99-a65e-3cc2ae424157,False,cosponsor
e7a1377a-bd28-4cfd-98f8-81ad08333523,Erin Hennessey,person,,ocd-person/b8009d8b-0bb8-4a70-9e34-96d247a3327b,ocd-bill/a9b90164-0e37-4f99-a65e-3cc2ae424157,False,cosponsor
c5d38f13-037c-4229-98e7-f2e185aee36e,Suzanne M Prentiss,person,,ocd-person/de206392-deba-4ecf-96a3-33494c415417,ocd-bill/a9b90164-0e37-4f99-a65e-3cc2ae424157,False,cosponsor
ad25394a-dc32-45b9-b38e-ee646aab4e92,Rebecca G. Whitley,person,,ocd-person/92267d4c-e6f1-4f45-87be-83f229c2cd36,ocd-bill/a9b90164-0e37-4f99-a65e-3cc2ae424157,False,cosponsor
22abe824-0e46-46ce-b430-76613382d0cc,Douglas W. Thomas,person,,ocd-person/5db11498-80a8-4136-9c50-2c7f1a2f6826,ocd-bill/9d96e09c-e37f-4a39-beb9-0fa3235d7002,False,cosponsor
584da407-418a-4658-89a2-ad85db928bed,Maureen C. Mooney,person,,ocd-person/4a80db99-34b2-4d33-995b-41d889592bf3,ocd-bill/9d96e09c-e37f-4a39-beb9-0fa3235d7002,False,cosponsor
c2df6031-9d1a-423f-b650-598bd7d22145,Rosemarie Rung,person,,ocd-person/1a5923c6-3e1f-4ebe-8739-17c9e9642403,ocd-bill/9d96e09c-e37f-4a39-beb9-0fa3235d7002,True,primary
18620367-8e03-40c4-ade2-78a4ac256b39,Sue M. Mullen,person,,ocd-person/07c19313-fcb0-476b-b240-e299c55888f7,ocd-bill/9d96e09c-e37f-4a39-beb9-0fa3235d7002,False,cosponsor
0a0c2c5a-cdc6-4082-8148-18cc85d598ba,Robert V. Healey,person,,ocd-person/c7c69eff-d232-40f0-b41b-ef9edd276edf,ocd-bill/9d96e09c-e37f-4a39-beb9-0fa3235d7002,False,cosponsor
1740f1d0-0124-4d20-832e-e103c835abdb,Willis T. Griffith,person,,ocd-person/db50036f-5c7f-4cec-a250-3be2e3ca394c,ocd-bill/685ba32f-deb7-4ba1-b456-8162a3e1ae44,False,cosponsor
5e20e61a-f67c-4e52-9b44-d1500f014668,Matthew B. Wilhelm,person,,ocd-person/61d2e8f3-f2b9-4357-81af-fe982ee1821f,ocd-bill/685ba32f-deb7-4ba1-b456-8162a3e1ae44,True,primary
ec80c4cd-2ddb-4926-809e-8e2fb9fbb26f,Joe H. Alexander,person,,ocd-person/e7800d58-1019-4aff-8d1a-22faba9d3e23,ocd-bill/685ba32f-deb7-4ba1-b456-8162a3e1ae44,False,cosponsor
41c11034-269d-4271-9843-187a0ce8eff3,Rebecca G. Whitley,person,,ocd-person/92267d4c-e6f1-4f45-87be-83f229c2cd36,ocd-bill/685ba32f-deb7-4ba1-b456-8162a3e1ae44,False,cosponsor
421b1343-6226-4e79-be91-e4f877fe52ec,Lou D'Allesandro,person,,ocd-person/87c48788-817d-408b-a1e1-ebe1c9fd893d,ocd-bill/249480b9-2f0c-497e-8ecf-90e211cf2cc0,False,cosponsor
57e9c286-39a8-47e1-bea9-74aac5618960,David H Watters,person,,ocd-person/cf24defe-6df3-49f3-88ca-c6774b144f19,ocd-bill/249480b9-2f0c-497e-8ecf-90e211cf2cc0,False,cosponsor
14c67a72-b810-48f1-a25c-6f413d32c2fb,Donna M. Soucy,person,,ocd-person/bfbbacfd-e12a-4e07-970e-c2c2c006f4a2,ocd-bill/249480b9-2f0c-497e-8ecf-90e211cf2cc0,False,cosponsor
85922db6-bb73-4440-8065-22dc696d89bf,Michael B. O'Brien,person,,ocd-person/e15e323b-2d85-4272-9f1e-13d12b8c82f4,ocd-bill/249480b9-2f0c-497e-8ecf-90e211cf2cc0,False,cosponsor
975c6a59-f69f-44ce-8607-0a6ac4196616,Jay Kahn,person,,ocd-person/998e681b-6df1-4b4a-92db-7a2187cedcd8,ocd-bill/249480b9-2f0c-497e-8ecf-90e211cf2cc0,False,cosponsor
ba15ab38-dc24-4f7e-9648-bc2cc8813f18,Tom Sherman,person,,ocd-person/ee95d0de-e55e-4733-ba97-0fde66adf65c,ocd-bill/249480b9-2f0c-497e-8ecf-90e211cf2cc0,False,cosponsor
c675a1de-e1e1-4267-a7f8-c33de401b90a,Manny Espitia,person,,ocd-person/31583363-1dfd-4eb3-a611-d5059d945d53,ocd-bill/249480b9-2f0c-497e-8ecf-90e211cf2cc0,False,cosponsor
308455bf-3bd4-4c0d-977d-3a232a26ac4f,Cindy Rosenwald,person,,ocd-person/f3e949ce-6d98-4826-bbca-08039cea4ea4,ocd-bill/249480b9-2f0c-497e-8ecf-90e211cf2cc0,True,primary
ed7de353-e430-4cf0-bb3a-2977f69c1d1c,Suzanne M Prentiss,person,,ocd-person/de206392-deba-4ecf-96a3-33494c415417,ocd-bill/249480b9-2f0c-497e-8ecf-90e211cf2cc0,False,cosponsor
93202170-9464-4bf2-aadf-2f6b409f1b4a,Rebecca G. Whitley,person,,ocd-person/92267d4c-e6f1-4f45-87be-83f229c2cd36,ocd-bill/249480b9-2f0c-497e-8ecf-90e211cf2cc0,False,cosponsor
ec4fdb7f-fd7f-47e4-9406-606eeb8f383a,Rebecca Perkins Kwoka,person,,ocd-person/c20b7693-7f2c-4646-af7f-d57518edd1a4,ocd-bill/249480b9-2f0c-497e-8ecf-90e211cf2cc0,False,cosponsor
cdd41b4a-1e61-4cce-a76c-7e32b0522293,Josh S. Yokela,person,,ocd-person/c96f9d7a-b859-4b37-8fdd-4097b21d3f2c,ocd-bill/d61462f3-b453-4ad9-850b-6ebc81461ffe,True,primary
032fa4e0-59c1-4c82-8d56-1596c979d771,Barbara Comtois,person,,ocd-person/3e0ee111-2332-4742-b073-a23cc37a8b51,ocd-bill/15a4d754-2c02-46d3-9de2-a2f6e2d01c41,True,primary
2de7cf1a-790d-42d9-bd14-4e255078cbb5,Judy F. Aron,person,,ocd-person/533fb85c-c4f0-41f3-9bc6-8b1c422a9693,ocd-bill/15a4d754-2c02-46d3-9de2-a2f6e2d01c41,False,cosponsor
2edc95cf-83ac-4a1e-af3a-39c6b17516ec,Leah P. Cushman,person,,ocd-person/b9ca7e25-b8c9-47c8-aac3-4b688cbcea42,ocd-bill/15a4d754-2c02-46d3-9de2-a2f6e2d01c41,False,cosponsor
b4c5180e-7c93-4f1d-935f-738c74180c9c,Al P. Baldasaro,person,,ocd-person/3807f9c1-b590-4496-8a1e-b0ff84ba592d,ocd-bill/ce474055-c163-421c-940e-00bc8ad4289f,True,primary
9b621b3e-e3fc-4903-9983-2c50df1a08f7,Scott Wallace,person,,,ocd-bill/ce474055-c163-421c-940e-00bc8ad4289f,False,cosponsor
7ec6ee65-a8aa-4b19-81e1-20f5eb0e5b07,Lou D'Allesandro,person,,ocd-person/87c48788-817d-408b-a1e1-ebe1c9fd893d,ocd-bill/6ede07c8-1461-41f4-9605-46b1303aaa41,True,primary
d8e319e0-9af6-47c4-a345-f98e7bb84c78,Jeb Bradley,person,,ocd-person/3f5455e8-256e-4442-9c13-bc14f62ce76f,ocd-bill/6ede07c8-1461-41f4-9605-46b1303aaa41,False,cosponsor
25917164-5f08-4638-878e-2206cf15082e,David H Watters,person,,ocd-person/cf24defe-6df3-49f3-88ca-c6774b144f19,ocd-bill/6ede07c8-1461-41f4-9605-46b1303aaa41,False,cosponsor
97ebde9c-24df-4164-8a09-aec0dbdd2f4f,Kevin B. Craig,person,,ocd-person/1c9d5892-ef55-4ff0-8bd0-c986ac41f25b,ocd-bill/7d0335e0-b28d-40fd-aff0-81dbc73965c3,True,primary
04d6fe42-2a8b-444c-aa35-d3334e1a266c,David H Watters,person,,ocd-person/cf24defe-6df3-49f3-88ca-c6774b144f19,ocd-bill/f527c9a4-d221-44b2-a6f6-7d5a09177320,False,cosponsor
d831d2cb-55e9-47b8-99ce-588c73f7eba7,John Reagan,person,,ocd-person/f516d40a-3676-4437-8285-a931d7c2885b,ocd-bill/f527c9a4-d221-44b2-a6f6-7d5a09177320,False,cosponsor
7bfea6ef-2837-4e0f-b405-45fc679c5c05,John Bordenet,person,,ocd-person/97cb7b54-48fb-4eb8-ac44-c1a5645bda49,ocd-bill/f527c9a4-d221-44b2-a6f6-7d5a09177320,False,cosponsor
19955fb9-dcfd-4766-920f-4c39f11d87b4,Amanda C. Bouldin,person,,ocd-person/7ad034dd-b6f2-4314-94d9-cffce7144e5d,ocd-bill/f527c9a4-d221-44b2-a6f6-7d5a09177320,True,primary
321ffec0-0572-43bf-8041-be6dbf218ccb,Charlotte I. DiLorenzo,person,,ocd-person/75a682ff-407d-4192-858d-9ce6a979c400,ocd-bill/f527c9a4-d221-44b2-a6f6-7d5a09177320,False,cosponsor
08e2b220-79d9-4965-8373-ec675ac188a3,Casey M. Conley,person,,ocd-person/3290a4d4-7403-45f8-adc4-4e26e0fefa09,ocd-bill/f527c9a4-d221-44b2-a6f6-7d5a09177320,False,cosponsor
a39202e8-38f2-4f46-bcee-b50b6c64af57,Andrew J. Bouldin,person,,ocd-person/ad413289-53c5-4966-9f0f-fd392d95a827,ocd-bill/f527c9a4-d221-44b2-a6f6-7d5a09177320,False,cosponsor
6a17a8db-4ee6-4c12-a030-d315d43532c0,David Meuse,person,,ocd-person/4b449f0f-2024-4e18-bbbd-7f0bbcfa8cac,ocd-bill/f527c9a4-d221-44b2-a6f6-7d5a09177320,False,cosponsor
071edb26-c1d4-4898-849a-2975ee611648,Terry Roy,person,,ocd-person/6d43b165-fda9-4918-a2b7-ad66940062a0,ocd-bill/f527c9a4-d221-44b2-a6f6-7d5a09177320,False,cosponsor
e21bf22d-8a86-40b4-8969-355116d7623f,Daryl A. Abbas,person,,ocd-person/6dfd683a-1f79-49db-95a9-07f4f9898a22,ocd-bill/f527c9a4-d221-44b2-a6f6-7d5a09177320,False,cosponsor
faf30fbb-0bfd-41a2-9d43-20f9a51781e9,Cindy Rosenwald,person,,ocd-person/f3e949ce-6d98-4826-bbca-08039cea4ea4,ocd-bill/f527c9a4-d221-44b2-a6f6-7d5a09177320,False,cosponsor
6f298c67-1583-431f-9da9-8a295023c53b,Rebecca G. Whitley,person,,ocd-person/92267d4c-e6f1-4f45-87be-83f229c2cd36,ocd-bill/f527c9a4-d221-44b2-a6f6-7d5a09177320,False,cosponsor
79965220-cc83-40de-9d15-5efeb74b15a7,Christy D. Bartlett,person,,ocd-person/59afcf2a-d688-4495-a53d-b10faeffd222,ocd-bill/6fdc13d0-da1c-4cd0-a7ae-b7b36579fd8a,False,cosponsor
e58cf956-6786-4632-b682-d5019859f033,Richard M. Abel,person,,ocd-person/2c3d82bc-5ebd-48d1-98e9-2db8b64c2562,ocd-bill/6fdc13d0-da1c-4cd0-a7ae-b7b36579fd8a,True,primary
09487304-4331-40e3-a81d-de996c56bfbb,Laurel Stavis,person,,ocd-person/90ca1969-94b3-4c8d-b712-e00e48a7a671,ocd-bill/6fdc13d0-da1c-4cd0-a7ae-b7b36579fd8a,False,cosponsor
e3392955-1728-4322-9a73-9c562059333e,Kristina M. Fargo,person,,ocd-person/c7e2f9aa-ff57-4a2e-9253-3bb9cf528c17,ocd-bill/6fdc13d0-da1c-4cd0-a7ae-b7b36579fd8a,False,cosponsor
22851948-5b02-4ab9-927e-17ff022418f3,Jordan G. Ulery,person,,ocd-person/31f696d4-f806-4eb3-a8ce-5b1d2a2eba93,ocd-bill/c6b5dfc5-88c3-43b3-a84a-957e1367ceed,True,primary
8cfd4ebb-84a9-4b4c-a19b-0eba74f0f54f,Mark Warden,person,,ocd-person/01358592-fa6d-49bf-a933-ea2f223572d7,ocd-bill/ddcfd7fa-686b-4740-b9f8-6c2b6b37b6c1,False,cosponsor
9356de65-39c5-4549-bd1e-597edd6e189a,Mark McLean,person,,ocd-person/b089786f-4435-4822-a7d6-3725cca787bf,ocd-bill/ddcfd7fa-686b-4740-b9f8-6c2b6b37b6c1,True,primary
16d3790f-2cca-4309-832e-bddcb512e95f,Ross Berry,person,,ocd-person/1b016eb0-b4c0-4929-b957-ef9de5b46031,ocd-bill/ddcfd7fa-686b-4740-b9f8-6c2b6b37b6c1,False,cosponsor
f6328b97-4b4e-425c-b016-20536b6e6517,David H Watters,person,,ocd-person/cf24defe-6df3-49f3-88ca-c6774b144f19,ocd-bill/151d5fc3-11d7-47e0-90d6-cca8266a9d1a,True,primary
f307f60a-11c0-4884-bdc9-b0e632184922,Jeb Bradley,person,,ocd-person/3f5455e8-256e-4442-9c13-bc14f62ce76f,ocd-bill/f9c1555e-d399-4a64-aa33-cf994a4dcead,True,primary
72c65bc9-9058-4e80-b94b-395ae5026ec0,Gerald W.R. Ward,person,,ocd-person/03774445-16e9-4857-8015-317a3d8705a3,ocd-bill/961ec20f-ed76-4274-adb9-d3e48360484b,False,cosponsor
0e965214-ca57-4486-b33b-96e097a27a30,Keith M. Ammon,person,,,ocd-bill/961ec20f-ed76-4274-adb9-d3e48360484b,False,cosponsor
85f848b0-5196-41fb-bce2-a265abfd67d0,Linda R. Gould,person,,ocd-person/40ae4adb-2124-47ca-82b5-9eee794af4a2,ocd-bill/961ec20f-ed76-4274-adb9-d3e48360484b,False,cosponsor
d0067cb8-2154-4016-bf55-cecfdfd069ae,Peter F. Somssich,person,,ocd-person/8bb75c80-4c06-42a7-86c0-c0315a2faf7c,ocd-bill/961ec20f-ed76-4274-adb9-d3e48360484b,True,primary
608c657c-cf9b-4f13-b9d0-1845222058f4,Gary L. Woods,person,,ocd-person/5d98b66b-f4d1-4776-953f-67dc348fdd12,ocd-bill/961ec20f-ed76-4274-adb9-d3e48360484b,False,cosponsor
5e3bd312-d9dc-4735-92c5-2b3d6fd4671e,David Meuse,person,,ocd-person/4b449f0f-2024-4e18-bbbd-7f0bbcfa8cac,ocd-bill/961ec20f-ed76-4274-adb9-d3e48360484b,False,cosponsor
430f6d02-0cf6-41a1-9d26-511e2498f904,Joan L. Hamblet,person,,ocd-person/c0b6bd27-86aa-48a8-8c15-9724581b1145,ocd-bill/961ec20f-ed76-4274-adb9-d3e48360484b,False,cosponsor
10e5d4c1-5c2d-4c5e-a3c7-9fe686ef7632,Sharon M Carson,person,,ocd-person/00964fc0-dd57-44c3-87bf-b6d5bbc34560,ocd-bill/af9ec3a3-911e-435f-83af-91bdfb005052,True,primary
e73a2f1d-8b04-4826-b119-3cd7ff9ab837,Max Abramson,person,,ocd-person/83f50732-5fc6-4287-87aa-786cf169840c,ocd-bill/6a2b98bf-23e5-4d57-816e-333e96d39408,True,primary
34879ddb-4cf2-4398-98e9-ac559f54b0c5,Michael Yakubovich,person,,ocd-person/39d155fd-5ecf-4608-985c-82f5855fe260,ocd-bill/6a2b98bf-23e5-4d57-816e-333e96d39408,False,cosponsor
37efc21b-d8b0-4617-946f-620a296e9f67,Juliet Harvey-Bolia,person,,ocd-person/5d7f39ae-2cc4-4b36-bd76-828a24bc454d,ocd-bill/6a2b98bf-23e5-4d57-816e-333e96d39408,False,cosponsor
01bed2bc-aee8-45ce-a63b-b0a69a5a57b5,Robert J. Elliott,person,,ocd-person/acb8c5f4-1002-4599-8098-a38766a59be2,ocd-bill/ef86842b-4ed8-4f32-966d-78e0911d99c4,False,cosponsor
f02bc4c8-b9fc-43eb-9c58-61b0361df67a,Timothy J. Smith,person,,ocd-person/b5ca2038-c971-48a1-9d59-f9acf2b0806b,ocd-bill/ef86842b-4ed8-4f32-966d-78e0911d99c4,False,cosponsor
2dbaa854-b51b-4cd3-bc98-0f5b2ddcde4b,Joseph A. Guthrie,person,,ocd-person/772f5157-b959-4aed-beaa-6bd67ab8fefe,ocd-bill/ef86842b-4ed8-4f32-966d-78e0911d99c4,False,cosponsor
c16c36bc-9f69-40e9-8ae6-0114575a31d8,Betty I. Gay,person,,ocd-person/c2486401-1c5f-4cfc-b4ef-bbae6b8c0489,ocd-bill/ef86842b-4ed8-4f32-966d-78e0911d99c4,False,cosponsor
cc2aadb6-5393-4f15-bd96-a138ac83f98e,Jerry L. Knirk,person,,ocd-person/ce0bd184-d264-46d8-87fc-f2590e2a1ed1,ocd-bill/ef86842b-4ed8-4f32-966d-78e0911d99c4,False,cosponsor
3f471fa8-30ca-4763-a06b-7b66c4ae0458,Charlotte I. DiLorenzo,person,,ocd-person/75a682ff-407d-4192-858d-9ce6a979c400,ocd-bill/ef86842b-4ed8-4f32-966d-78e0911d99c4,False,cosponsor
28e27106-b836-485e-9b2e-2d41915b536f,Ellen D. Read,person,,ocd-person/77304532-17fb-4b2c-aed6-213a435e4a46,ocd-bill/ef86842b-4ed8-4f32-966d-78e0911d99c4,True,primary
a2c8443f-1ca4-49d1-8d98-f2e31164ec78,Chuck W. Grassie,person,,ocd-person/8ee07d33-9189-4bfe-b1a1-e15c79fd1114,ocd-bill/ef86842b-4ed8-4f32-966d-78e0911d99c4,False,cosponsor
847c88be-0d70-4840-b928-b39685cfe180,Connie B. Lane,person,,ocd-person/8171a035-7cc1-4a7f-b086-9bdb800782da,ocd-bill/ef86842b-4ed8-4f32-966d-78e0911d99c4,False,cosponsor
b370eb9a-d69e-49d1-af14-f626567244c6,Jeb Bradley,person,,ocd-person/3f5455e8-256e-4442-9c13-bc14f62ce76f,ocd-bill/9fc33735-2d7f-4529-babe-0e8e73489cb1,False,cosponsor
4027f977-1615-4d6c-9e70-f5e51ea611b2,Al P. Baldasaro,person,,ocd-person/3807f9c1-b590-4496-8a1e-b0ff84ba592d,ocd-bill/9fc33735-2d7f-4529-babe-0e8e73489cb1,False,cosponsor
9aa061d9-3339-49a1-89e4-b9351d5d045b,Kevin A. Avard,person,,ocd-person/b99b0bbb-4710-43c7-a6b5-0e04524eedf0,ocd-bill/9fc33735-2d7f-4529-babe-0e8e73489cb1,False,cosponsor
222a3ca7-e892-43a2-8a22-31dee4205767,David A. Welch,person,,ocd-person/b8201b25-9bdd-45d3-819d-5bae4c670ad0,ocd-bill/9fc33735-2d7f-4529-babe-0e8e73489cb1,False,cosponsor
1035cd3b-c960-4434-914a-ffa1fab1ce3e,Bob J. Giuda,person,,ocd-person/7739a4d0-534e-4bdb-b7fb-6a8f348e833e,ocd-bill/9fc33735-2d7f-4529-babe-0e8e73489cb1,False,cosponsor
1bed8fc1-96a3-465f-a593-b25f8e42cae2,Bill Gannon,person,,ocd-person/d3c437bd-532d-458b-961f-4f6dccec1e4b,ocd-bill/9fc33735-2d7f-4529-babe-0e8e73489cb1,True,primary
cced6bf2-fc13-4c5f-a7a2-0e965578de3e,Tony Piemonte,person,,ocd-person/45e7b6d4-c265-40a9-ba77-47a7a454ed71,ocd-bill/9fc33735-2d7f-4529-babe-0e8e73489cb1,False,cosponsor
e9e8cde7-e948-434a-9651-447b9294cd47,Denise Ricciardi,person,,ocd-person/8dc59c94-caba-41b2-a6ba-6bca0f595118,ocd-bill/9fc33735-2d7f-4529-babe-0e8e73489cb1,False,cosponsor
1663db27-d3c2-4ae6-aad7-eb3e65667f86,Kevin J. Cavanaugh,person,,ocd-person/7fb2bb33-cbdb-4dfd-9369-64f19f179777,ocd-bill/8f80e37a-2bef-4a73-8090-1fb27bce1784,True,primary
43d786af-882b-4b69-bb75-58700212f4eb,Jeb Bradley,person,,ocd-person/3f5455e8-256e-4442-9c13-bc14f62ce76f,ocd-bill/96ebbd8e-7624-4b7e-9f42-4ef78034af0f,False,cosponsor
513a3001-a27a-4e87-a05f-7738aee9e73b,John B. Hunt,person,,ocd-person/35c51630-9b9c-411a-9b98-0842cb6093df,ocd-bill/96ebbd8e-7624-4b7e-9f42-4ef78034af0f,False,cosponsor
ec205381-af9b-4895-b8dc-e97d0a09e2b2,Lucy M. Weber,person,,ocd-person/a6790cd1-6b7a-48f9-b48c-b298929578a4,ocd-bill/96ebbd8e-7624-4b7e-9f42-4ef78034af0f,False,cosponsor
e674d83c-98ea-4cdf-8537-385244c11ef1,Christy D. Bartlett,person,,ocd-person/59afcf2a-d688-4495-a53d-b10faeffd222,ocd-bill/96ebbd8e-7624-4b7e-9f42-4ef78034af0f,False,cosponsor
267d8a1c-9dd3-44cd-bf53-e895e6add54f,William M. Marsh,person,,ocd-person/22006937-f2ca-4a2e-b92a-457777933dc7,ocd-bill/96ebbd8e-7624-4b7e-9f42-4ef78034af0f,False,cosponsor
b777c0fb-f477-45ed-bc5e-3dedb0adba82,Tom Sherman,person,,ocd-person/ee95d0de-e55e-4733-ba97-0fde66adf65c,ocd-bill/96ebbd8e-7624-4b7e-9f42-4ef78034af0f,False,cosponsor
71a87e56-9a25-43fa-8c2d-c0b99436fc88,Cindy Rosenwald,person,,ocd-person/f3e949ce-6d98-4826-bbca-08039cea4ea4,ocd-bill/96ebbd8e-7624-4b7e-9f42-4ef78034af0f,True,primary
b96646f0-ebb9-44d8-adb4-0f6d6898909f,Jeb Bradley,person,,ocd-person/3f5455e8-256e-4442-9c13-bc14f62ce76f,ocd-bill/bc843e22-8e96-4a2a-9dcd-a38c1f253a17,True,primary
86d8c588-ad8b-41bf-9b8a-3cadade87e2a,Linda R. Gould,person,,ocd-person/40ae4adb-2124-47ca-82b5-9eee794af4a2,ocd-bill/cabc5964-9727-46c9-8ba3-66d76c925cf8,False,cosponsor
762d362c-e5b5-43fd-8a91-ab82d16d13d8,John C. Janigian,person,,ocd-person/4c4f4974-0202-43a0-9aba-f41d0f99603a,ocd-bill/cabc5964-9727-46c9-8ba3-66d76c925cf8,False,cosponsor
dcc217a0-bcea-4536-ba97-f6c6184ab0db,Marjorie K. Smith,person,,ocd-person/86b31d04-3a4b-4199-b10e-27bd337f0a34,ocd-bill/9ffaf7e0-5b21-408a-a187-db87abae2ffc,False,cosponsor
73b28229-ef22-4764-a226-7d53b53beefb,Dianne E. Schuett,person,,ocd-person/62ff0476-f4e6-411f-a58e-2e7963cde2ab,ocd-bill/9ffaf7e0-5b21-408a-a187-db87abae2ffc,False,cosponsor
8860ad58-dfa3-4b6d-99b1-eccaa5412be3,Paul S. Berch,person,,ocd-person/f96a072d-9add-44b0-8028-0ec057f31f52,ocd-bill/9ffaf7e0-5b21-408a-a187-db87abae2ffc,True,primary
4755dff7-1360-4cd3-82ad-f1f2a8832e18,Peter W. Bixby,person,,ocd-person/2c42e95c-0192-4910-9fc6-8a43b58c6467,ocd-bill/9ffaf7e0-5b21-408a-a187-db87abae2ffc,False,cosponsor
5bb17759-1f6d-4bd1-b670-115fefd04c70,Amanda C. Bouldin,person,,ocd-person/7ad034dd-b6f2-4314-94d9-cffce7144e5d,ocd-bill/9ffaf7e0-5b21-408a-a187-db87abae2ffc,False,cosponsor
6426f7d5-9890-4ce9-991c-49e0e2d96b1b,Kurt F. Wuelper,person,,ocd-person/27f3432f-2a51-4a39-b9c4-814718ae87ed,ocd-bill/9ffaf7e0-5b21-408a-a187-db87abae2ffc,False,cosponsor
d6af3822-aae9-496b-8479-2fe1a879ab9f,Mark R. King,person,,ocd-person/5b030cec-8315-49f4-901d-85fdb7423781,ocd-bill/9ffaf7e0-5b21-408a-a187-db87abae2ffc,False,cosponsor
7f2c29ff-b190-41ac-8a98-50ea445ad557,Tony Lekas,person,,ocd-person/97ccf8c1-af1c-4a3c-b267-683d0446b790,ocd-bill/9ffaf7e0-5b21-408a-a187-db87abae2ffc,False,cosponsor
b51bf183-884e-4a6f-baa1-22bfeff0c45d,William J. Infantine,person,,ocd-person/93966021-59f3-4dbf-9cae-3cb69f19585d,ocd-bill/575634ee-6ec2-4140-983f-b225bf1395cc,True,primary
95736f61-ce5f-4532-9ea7-ff2a4c4e0b38,Donna M. Soucy,person,,ocd-person/bfbbacfd-e12a-4e07-970e-c2c2c006f4a2,ocd-bill/48f60f17-f176-4898-8f13-95f33ba95576,False,cosponsor
49b190e7-5525-4e77-8072-29b70a55c74a,James P. Gray,person,,ocd-person/e6443187-eb51-42eb-8bd7-349ed0ba9641,ocd-bill/48f60f17-f176-4898-8f13-95f33ba95576,False,cosponsor
f89963f0-b469-44c5-a3fc-88ce0a5b47cb,Tom Sherman,person,,ocd-person/ee95d0de-e55e-4733-ba97-0fde66adf65c,ocd-bill/48f60f17-f176-4898-8f13-95f33ba95576,False,cosponsor
7015decb-7c03-4b88-97e5-b3c78865d5e9,Cindy Rosenwald,person,,ocd-person/f3e949ce-6d98-4826-bbca-08039cea4ea4,ocd-bill/48f60f17-f176-4898-8f13-95f33ba95576,False,cosponsor
eb6be9c6-1562-4392-b41f-c40e8bc38f0b,Rebecca Perkins Kwoka,person,,ocd-person/c20b7693-7f2c-4646-af7f-d57518edd1a4,ocd-bill/48f60f17-f176-4898-8f13-95f33ba95576,True,primary
1853d940-b053-479a-b141-46d8837c696e,Karel A. Crawford,person,,ocd-person/a0936f2f-8170-47f9-8b05-6c6697a95968,ocd-bill/f2e826bb-2a4f-48ec-8f60-c9c7d12aacae,False,cosponsor
1a185937-209d-4495-90d6-58540f6f28b6,Bill G. Nelson,person,,ocd-person/7f0e0e2d-f085-4d4b-bebb-f5aa37741fd5,ocd-bill/f2e826bb-2a4f-48ec-8f60-c9c7d12aacae,False,cosponsor
887b3801-53ba-400f-9da6-63ee7a5924cb,Lino M. Avellani,person,,ocd-person/4d68b7bf-e7fb-4c6d-ac12-526aba53e65e,ocd-bill/f2e826bb-2a4f-48ec-8f60-c9c7d12aacae,False,cosponsor
c12e9372-b29d-45b0-afca-edac82d63f19,Rebecca G. Whitley,person,,ocd-person/92267d4c-e6f1-4f45-87be-83f229c2cd36,ocd-bill/e09d191d-4b7c-4fdd-b16f-42c1ebf77920,False,cosponsor
3b32d36a-2bce-41f4-bc7f-960ba3fad898,Rebecca Perkins Kwoka,person,,ocd-person/c20b7693-7f2c-4646-af7f-d57518edd1a4,ocd-bill/e09d191d-4b7c-4fdd-b16f-42c1ebf77920,False,cosponsor
86a6bf21-cde5-46e3-9107-a1777e233012,Peter W. Bixby,person,,ocd-person/2c42e95c-0192-4910-9fc6-8a43b58c6467,ocd-bill/a2716fc4-faf9-484d-8749-b4d4c5153e07,False,cosponsor
84afa1ed-4113-4e08-b003-3d2d8d8505b1,William M. Marsh,person,,ocd-person/22006937-f2ca-4a2e-b92a-457777933dc7,ocd-bill/a2716fc4-faf9-484d-8749-b4d4c5153e07,False,cosponsor
c1fdd1f1-d586-4f36-a099-38f1985644b9,Howard C. Pearl,person,,ocd-person/c4122c6a-ed23-492e-b813-59a0fed1ec86,ocd-bill/a2716fc4-faf9-484d-8749-b4d4c5153e07,False,cosponsor
0629712c-e1e0-4b72-bfea-9f0be9561f47,Jerry L. Knirk,person,,ocd-person/ce0bd184-d264-46d8-87fc-f2590e2a1ed1,ocd-bill/a2716fc4-faf9-484d-8749-b4d4c5153e07,True,primary
1830a44c-cf96-4c49-a535-cc6c713965cb,Constance Van Houten,person,,ocd-person/5e54c6e7-01cb-42c8-b3ed-8137e6c995fd,ocd-bill/a2716fc4-faf9-484d-8749-b4d4c5153e07,False,cosponsor
b36dd481-38ca-4806-93ed-d404949a4ff8,Tom Sherman,person,,ocd-person/ee95d0de-e55e-4733-ba97-0fde66adf65c,ocd-bill/a2716fc4-faf9-484d-8749-b4d4c5153e07,False,cosponsor
5dcb7586-3ce0-4b61-90e8-1354b5afc096,Joyce Weston,person,,ocd-person/2dbea6d6-0221-41de-98bf-508b14eb085d,ocd-bill/a2716fc4-faf9-484d-8749-b4d4c5153e07,False,cosponsor
d2d9b17f-e1ab-43a5-bb0b-df9550d90a8f,Gary L. Woods,person,,ocd-person/5d98b66b-f4d1-4776-953f-67dc348fdd12,ocd-bill/a2716fc4-faf9-484d-8749-b4d4c5153e07,False,cosponsor
37683a38-dac4-4221-9ea8-4b536d27269e,Cindy Rosenwald,person,,ocd-person/f3e949ce-6d98-4826-bbca-08039cea4ea4,ocd-bill/a2716fc4-faf9-484d-8749-b4d4c5153e07,False,cosponsor
ba462342-c944-4dce-85ee-b2c15916bd66,Rebecca Susan McBeath,person,,ocd-person/e38b81bb-9bf6-4ace-bc4e-898732105d5d,ocd-bill/f142e030-8010-4586-94e2-ab3b94c2df4f,True,primary
0e22c99f-4bd9-424b-9ab9-5bf58b29e7d2,Max Abramson,person,,ocd-person/83f50732-5fc6-4287-87aa-786cf169840c,ocd-bill/f8b8fd2f-bb55-45c7-8cf8-cd7b19a14105,False,cosponsor
74275885-6dd5-45d1-b021-0905f3f56340,Gregory G. Hill,person,,ocd-person/852df922-484b-412f-a604-c2d67efee5ec,ocd-bill/f8b8fd2f-bb55-45c7-8cf8-cd7b19a14105,False,cosponsor
f39239fd-6f9a-41e6-80d4-11fb2ec54ddd,Michael Yakubovich,person,,ocd-person/39d155fd-5ecf-4608-985c-82f5855fe260,ocd-bill/f8b8fd2f-bb55-45c7-8cf8-cd7b19a14105,False,cosponsor
8dd79e39-d527-4b26-b846-1f855ec692b1,Josh S. Yokela,person,,ocd-person/c96f9d7a-b859-4b37-8fdd-4097b21d3f2c,ocd-bill/f8b8fd2f-bb55-45c7-8cf8-cd7b19a14105,True,primary
ac3d40bb-ca00-4ee0-b738-823f8f0365f0,Travis J. O'Hara,person,,ocd-person/fbfbfb0a-2c7d-457c-8322-12221db1662b,ocd-bill/f8b8fd2f-bb55-45c7-8cf8-cd7b19a14105,False,cosponsor
9749d3ea-faa0-4abb-a048-f3fde4dd4779,Cody M. Belanger,person,,ocd-person/5aa4450b-2f9d-442f-9c94-b2a8c500812b,ocd-bill/f8b8fd2f-bb55-45c7-8cf8-cd7b19a14105,False,cosponsor
6eb6dcc3-0974-44b0-820e-aea44bb1354a,Keith M. Ammon,person,,,ocd-bill/1791aa41-85b7-4df2-a953-97328d4f8302,True,primary
d9448632-187f-4eee-aa17-ee43c9039ec1,Travis J. O'Hara,person,,ocd-person/fbfbfb0a-2c7d-457c-8322-12221db1662b,ocd-bill/1791aa41-85b7-4df2-a953-97328d4f8302,False,cosponsor
aa7b83c1-cb19-4588-bb5b-51220296793c,Jim Kofalt,person,,ocd-person/fa8b39ea-006f-420a-9a3f-fe36d0db8776,ocd-bill/1791aa41-85b7-4df2-a953-97328d4f8302,False,cosponsor
c5580c8a-38b7-4eb8-87bb-d7cdc161b68e,Robert Renny Cushing,person,,ocd-person/cdb3279c-243a-4ca0-8e83-fcb10a975736,ocd-bill/73fc1b4e-04ff-44dd-ab1a-03db7c159d57,False,cosponsor
0cbc920c-ca1c-4d16-bc93-4f6598b9f739,Michael D. Cahill,person,,ocd-person/facb5409-244f-4381-8452-e6a1078bb1c5,ocd-bill/73fc1b4e-04ff-44dd-ab1a-03db7c159d57,False,cosponsor
aadb31fc-7eac-41a1-8d71-68e521a4cbf4,Linda C. Harriott-Gathright,person,,ocd-person/1e2b57f6-dbb9-4069-a71b-d40828c80cfa,ocd-bill/73fc1b4e-04ff-44dd-ab1a-03db7c159d57,False,cosponsor
07525a19-c04a-4d16-9994-b6582b8af01c,Latha D. Mangipudi,person,,ocd-person/4f71f9e1-ce78-46d3-9665-00dd404a0f1b,ocd-bill/73fc1b4e-04ff-44dd-ab1a-03db7c159d57,False,cosponsor
c9dc4eb2-b446-4eca-84bf-e6b5c42c7b63,Barbara J. Griffin,person,,ocd-person/ce1a184c-47a7-4b48-a028-d39585bcf9c3,ocd-bill/73fc1b4e-04ff-44dd-ab1a-03db7c159d57,False,cosponsor
226b95ac-f3a8-476a-8431-70c59cc6e47b,Betty I. Gay,person,,ocd-person/c2486401-1c5f-4cfc-b4ef-bbae6b8c0489,ocd-bill/73fc1b4e-04ff-44dd-ab1a-03db7c159d57,False,cosponsor
3c4490c3-31e5-409a-87a0-a73a9fbd125e,Charlotte I. DiLorenzo,person,,ocd-person/75a682ff-407d-4192-858d-9ce6a979c400,ocd-bill/73fc1b4e-04ff-44dd-ab1a-03db7c159d57,True,primary
8c956630-7c48-4b31-bd21-e89f8a2e574c,Ellen D. Read,person,,ocd-person/77304532-17fb-4b2c-aed6-213a435e4a46,ocd-bill/73fc1b4e-04ff-44dd-ab1a-03db7c159d57,False,cosponsor
dca6405f-a2c8-4a18-8ae8-be2211d34634,Peter Petrigno,person,,ocd-person/1bf3d6c4-3325-4571-b2f7-6a28422dada6,ocd-bill/73fc1b4e-04ff-44dd-ab1a-03db7c159d57,False,cosponsor
661c06cf-4819-48a0-9114-187cdb42d569,Rebecca Perkins Kwoka,person,,ocd-person/c20b7693-7f2c-4646-af7f-d57518edd1a4,ocd-bill/73fc1b4e-04ff-44dd-ab1a-03db7c159d57,False,cosponsor
eea65618-20d9-4917-947d-3ddb3a382401,Amanda L. Gourgue,person,,ocd-person/96a9971b-c537-4020-ad31-780dfba6dd95,ocd-bill/5fad7594-b941-41af-869d-6380ed101119,False,cosponsor
7a334338-e2a6-4635-b9cb-1bea641acaa8,Jim V. Maggiore,person,,ocd-person/deb760cf-91f7-415c-949a-bab0c5311d6f,ocd-bill/5fad7594-b941-41af-869d-6380ed101119,True,primary
d24be10e-152f-4e53-8cbb-30403a44d062,Suzanne J. Smith,person,,ocd-person/6a75f502-50fd-47e7-8160-1fce1205550e,ocd-bill/75d0c89d-7df7-457b-bb1e-c93e9b41b763,True,primary
84f44ac6-5a79-4152-91ee-93b2e1bf4a81,Linda R. Gould,person,,ocd-person/40ae4adb-2124-47ca-82b5-9eee794af4a2,ocd-bill/75d0c89d-7df7-457b-bb1e-c93e9b41b763,False,cosponsor
50749f9d-c55f-4c7f-b5b9-34c309b18c18,Joyce Weston,person,,ocd-person/2dbea6d6-0221-41de-98bf-508b14eb085d,ocd-bill/75d0c89d-7df7-457b-bb1e-c93e9b41b763,False,cosponsor
d1ae6f52-29fc-443e-ae70-d79154dd93e6,John Reagan,person,,ocd-person/f516d40a-3676-4437-8285-a931d7c2885b,ocd-bill/0c5e0ee8-94fd-4c5c-a60e-a5566233fde3,False,cosponsor
c3e2d6cf-c92b-478f-8c4a-39086c7daee2,Timothy O. Horrigan,person,,ocd-person/2a11a559-c16e-4211-82ea-215951d74c1f,ocd-bill/0c5e0ee8-94fd-4c5c-a60e-a5566233fde3,False,cosponsor
a22dec33-251e-4961-a47e-037e1b1cc29c,Max Abramson,person,,ocd-person/83f50732-5fc6-4287-87aa-786cf169840c,ocd-bill/0c5e0ee8-94fd-4c5c-a60e-a5566233fde3,False,cosponsor
477ac607-ac40-4216-8661-3e1ac5cd9f9e,James A. Spillane,person,,ocd-person/2520dc46-648c-44d0-ba1f-fe09b17a9d8b,ocd-bill/0c5e0ee8-94fd-4c5c-a60e-a5566233fde3,False,cosponsor
f3dbf2bb-c541-4db6-8468-2b04da9d3947,Ellen D. Read,person,,ocd-person/77304532-17fb-4b2c-aed6-213a435e4a46,ocd-bill/0c5e0ee8-94fd-4c5c-a60e-a5566233fde3,False,cosponsor
b5ed0745-ce4f-4f3b-9227-4bc135ffdffb,Sherry A. Frost,person,,ocd-person/62916f8e-e193-463d-9dcc-f35f60d836db,ocd-bill/0c5e0ee8-94fd-4c5c-a60e-a5566233fde3,False,cosponsor
ce99f018-0799-4761-a2a7-77d6641f1383,Kristina M. Schultz,person,,ocd-person/8698b473-ea4e-4126-8766-a2b5b5878702,ocd-bill/0c5e0ee8-94fd-4c5c-a60e-a5566233fde3,False,cosponsor
1857e2e3-b839-4a1b-af34-6b7d4c0e8bb8,Manny Espitia,person,,ocd-person/31583363-1dfd-4eb3-a611-d5059d945d53,ocd-bill/0c5e0ee8-94fd-4c5c-a60e-a5566233fde3,False,cosponsor
3e763b71-80f1-44b7-a118-a5f177625741,Cam E. Kenney,person,,ocd-person/9f35ea7b-b937-4b06-8be5-5cfbc83381e1,ocd-bill/0c5e0ee8-94fd-4c5c-a60e-a5566233fde3,True,primary
b1558e52-6db1-4f8b-924f-56a720de048c,Tony Labranche,person,,ocd-person/98b6662b-4d69-4759-b17c-9fd5a4bb7954,ocd-bill/0c5e0ee8-94fd-4c5c-a60e-a5566233fde3,False,cosponsor
93c6f484-c241-47ce-9c5b-b192dab60ea8,Stephanie M. Hyland,person,,ocd-person/d3688861-0dfe-40bd-b25e-1feb516d61b2,ocd-bill/0c5e0ee8-94fd-4c5c-a60e-a5566233fde3,False,cosponsor
a3379e85-2f3c-4d43-bf5b-e39378f3e7b3,Kristina M. Schultz,person,,ocd-person/8698b473-ea4e-4126-8766-a2b5b5878702,ocd-bill/5dfd5f4a-c2e1-4bc8-81a3-78f94773d693,True,primary
2963b7c5-bc7e-49a7-a11e-dacc299aab94,Caroletta C. Alicea,person,,ocd-person/e323d676-b840-4ea5-ab89-8dae7033f2db,ocd-bill/1fc0e25b-e36c-40f9-9ab7-fe2ab8b77d37,False,cosponsor
a38ceb84-8b11-4146-94bc-d803e7e845da,Linda C. Harriott-Gathright,person,,ocd-person/1e2b57f6-dbb9-4069-a71b-d40828c80cfa,ocd-bill/1fc0e25b-e36c-40f9-9ab7-fe2ab8b77d37,False,cosponsor
f8493dca-8887-47ce-b357-7f6b618a6302,Manny Espitia,person,,ocd-person/31583363-1dfd-4eb3-a611-d5059d945d53,ocd-bill/1fc0e25b-e36c-40f9-9ab7-fe2ab8b77d37,False,cosponsor
98d6c162-635d-43b7-bbab-45d2128fd340,Safiya Wazir,person,,ocd-person/a2975441-f5d1-4e95-8a4e-1d930fc16bc2,ocd-bill/1fc0e25b-e36c-40f9-9ab7-fe2ab8b77d37,False,cosponsor
fe95b89a-715e-4168-88bf-fd6ff803c23b,Suzanne M Prentiss,person,,ocd-person/de206392-deba-4ecf-96a3-33494c415417,ocd-bill/1fc0e25b-e36c-40f9-9ab7-fe2ab8b77d37,False,cosponsor
d2fc3ca0-8af9-4aea-a2b9-9d8c483c9397,Rebecca G. Whitley,person,,ocd-person/92267d4c-e6f1-4f45-87be-83f229c2cd36,ocd-bill/1fc0e25b-e36c-40f9-9ab7-fe2ab8b77d37,True,primary
cc0fd94c-6e09-4064-bfde-31169018df55,Rebecca Perkins Kwoka,person,,ocd-person/c20b7693-7f2c-4646-af7f-d57518edd1a4,ocd-bill/1fc0e25b-e36c-40f9-9ab7-fe2ab8b77d37,False,cosponsor
b603c0ba-45e0-45a7-a335-8e1cf8fa4aed,Maria Perez,person,,ocd-person/74b2c980-7fce-46b9-98dc-356240e18c2e,ocd-bill/1fc0e25b-e36c-40f9-9ab7-fe2ab8b77d37,False,cosponsor
14f5c74d-d7dc-4441-9a7a-1cded41c37a5,Max Abramson,person,,ocd-person/83f50732-5fc6-4287-87aa-786cf169840c,ocd-bill/12e31c76-abec-4090-a58d-048f7d8fcd21,False,cosponsor
1045fd73-e0d5-45b5-8aec-b943de21ead7,David W. Binford,person,,ocd-person/9098756d-2231-4e69-84d5-09ab979ee1a2,ocd-bill/12e31c76-abec-4090-a58d-048f7d8fcd21,False,cosponsor
0c35c037-4f5f-4854-a1f5-6d91d48d0730,Tony Lekas,person,,ocd-person/97ccf8c1-af1c-4a3c-b267-683d0446b790,ocd-bill/12e31c76-abec-4090-a58d-048f7d8fcd21,False,cosponsor
7c81fc67-9ef4-4263-859c-6697466a8429,Michael Yakubovich,person,,ocd-person/39d155fd-5ecf-4608-985c-82f5855fe260,ocd-bill/12e31c76-abec-4090-a58d-048f7d8fcd21,True,primary
e2c56638-7fae-4f75-a0e9-ba06e22f07e2,Tony Piemonte,person,,ocd-person/45e7b6d4-c265-40a9-ba77-47a7a454ed71,ocd-bill/12e31c76-abec-4090-a58d-048f7d8fcd21,False,cosponsor
26646e53-20b2-443f-868a-7a2f557addea,Judy F. Aron,person,,ocd-person/533fb85c-c4f0-41f3-9bc6-8b1c422a9693,ocd-bill/12e31c76-abec-4090-a58d-048f7d8fcd21,False,cosponsor
b88e95e1-f965-4dcd-ba26-da4fc952299f,Jennifer M. Rhodes,person,,ocd-person/50eaea14-c7e4-4aac-890e-bda69eb86978,ocd-bill/12e31c76-abec-4090-a58d-048f7d8fcd21,False,cosponsor
340d94a4-e45a-4850-8f63-2cf28666e894,Aidan Ankarberg,person,,ocd-person/540cbe60-cc65-4ff6-8c78-5d54488e5ed8,ocd-bill/12e31c76-abec-4090-a58d-048f7d8fcd21,False,cosponsor
b017c459-9dc8-4d3c-b899-db0158cb5402,Timothy P. Lang,person,,ocd-person/85064309-421e-4611-a6c5-800234db68fb,ocd-bill/962ffb41-27d4-4d04-b4e7-cb8d5b815c19,True,primary
9aebe040-2d5d-4a73-8a9e-c85302bbea7d,Mike Bordes,person,,ocd-person/c924901e-1cc8-4574-ae7c-19f3e52d2031,ocd-bill/962ffb41-27d4-4d04-b4e7-cb8d5b815c19,False,cosponsor
60eddbd7-6480-434d-86ae-798d5963c4f0,Gregg Hough,person,,ocd-person/3300d54f-0d44-4b18-ac18-41da270b8d58,ocd-bill/962ffb41-27d4-4d04-b4e7-cb8d5b815c19,False,cosponsor
2852207e-300e-44e3-994a-02fd65a0ef5e,Dawn M. Johnson,person,,ocd-person/2d9311db-3f09-4390-92e2-5ef36824aa77,ocd-bill/962ffb41-27d4-4d04-b4e7-cb8d5b815c19,False,cosponsor
94ea9f44-d134-4f4f-82b2-084d88c71a41,Douglas R. Trottier,person,,ocd-person/464c15d2-0b67-47e6-8c0a-fc556b336d4a,ocd-bill/962ffb41-27d4-4d04-b4e7-cb8d5b815c19,False,cosponsor
6bce742c-3b97-490f-95e6-6ff8368c9980,John M. Potucek,person,,ocd-person/433c67d6-bfdc-410e-87e2-463c93d55a17,ocd-bill/336ecfe9-9fb8-49a3-aefc-66356c3c9502,True,primary
19c1d47c-cee6-4037-b0f5-93d51ea58b21,Cody M. Belanger,person,,ocd-person/5aa4450b-2f9d-442f-9c94-b2a8c500812b,ocd-bill/d0642ec2-5055-4a7d-a45d-2da0858f0e66,True,primary
4851f44b-f725-49f0-99a5-f81e0d2cbf12,Jeb Bradley,person,,ocd-person/3f5455e8-256e-4442-9c13-bc14f62ce76f,ocd-bill/460e5483-dc4e-4852-9297-7f8c10f183a9,False,cosponsor
f2d65e2d-10ab-4446-88f1-4cb63f5714be,Kenneth L. Weyler,person,,ocd-person/e2f9dd7e-b221-4cf0-b7de-5daa70658669,ocd-bill/460e5483-dc4e-4852-9297-7f8c10f183a9,False,cosponsor
ea5b3a9d-bc00-497f-9b96-65607a84d6ab,Patrick F. Abrami,person,,ocd-person/0327f85d-1b5a-4218-a97f-f393a965d64b,ocd-bill/460e5483-dc4e-4852-9297-7f8c10f183a9,True,primary
9e7a634a-06ab-4408-9a96-35eaad8f7004,Fred G. Doucette,person,,ocd-person/db4ec0a8-f70c-4510-ae01-c9050646a503,ocd-bill/460e5483-dc4e-4852-9297-7f8c10f183a9,False,cosponsor
1458de16-1f08-481d-915c-d1439b3eb120,Fred R. Plett,person,,ocd-person/573f6daa-f310-46da-9f87-bf7497dd084a,ocd-bill/744f0459-1d70-4fb4-886b-5e1713d83383,True,primary
ecdbcb51-197d-4e41-8fac-eee4230d6b98,Peter W. Bixby,person,,ocd-person/2c42e95c-0192-4910-9fc6-8a43b58c6467,ocd-bill/22164b79-9047-4b5c-a9bd-11176b13acbf,True,primary
91acd963-e85a-4254-9fdc-3861842e99d5,Al P. Baldasaro,person,,ocd-person/3807f9c1-b590-4496-8a1e-b0ff84ba592d,ocd-bill/8869371f-73a8-442c-b1bf-fe3d4e4954a1,False,cosponsor
68f12300-0dd8-4995-a911-c45cd9b43413,John M. Potucek,person,,ocd-person/433c67d6-bfdc-410e-87e2-463c93d55a17,ocd-bill/8869371f-73a8-442c-b1bf-fe3d4e4954a1,True,primary
0679f5d8-3575-49ff-8f38-33564524ac9e,David W. Binford,person,,ocd-person/9098756d-2231-4e69-84d5-09ab979ee1a2,ocd-bill/8869371f-73a8-442c-b1bf-fe3d4e4954a1,False,cosponsor
b20f05c8-e1e4-45e3-86db-31cd555ad664,Alan Bershtein,person,,ocd-person/bfa03ae8-d0ad-4105-b759-f9ed465a024c,ocd-bill/8869371f-73a8-442c-b1bf-fe3d4e4954a1,False,cosponsor
034e6541-1936-4207-9ab2-35e9b9123a42,Gregg Hough,person,,ocd-person/3300d54f-0d44-4b18-ac18-41da270b8d58,ocd-bill/8869371f-73a8-442c-b1bf-fe3d4e4954a1,False,cosponsor
e010a019-7c20-46b3-a314-5a1331626a26,Erica J. Layon,person,,ocd-person/94df7a3f-b27d-42c1-9ecc-1ebdc707c9ae,ocd-bill/8869371f-73a8-442c-b1bf-fe3d4e4954a1,False,cosponsor
b717de02-50ef-4f1c-8954-ee7b065d36fc,Aidan Ankarberg,person,,ocd-person/540cbe60-cc65-4ff6-8c78-5d54488e5ed8,ocd-bill/8869371f-73a8-442c-b1bf-fe3d4e4954a1,False,cosponsor
050e8cd6-9b4a-4b95-b454-fea67ab810f5,Ruth Ward,person,,ocd-person/9089a509-1f26-4770-adc6-199ed716e692,ocd-bill/a8a67a28-e3c8-4415-8231-f6bc1a62f375,False,cosponsor
446569cb-13ac-460b-854b-d300259d1f3a,Tom Sherman,person,,ocd-person/ee95d0de-e55e-4733-ba97-0fde66adf65c,ocd-bill/a8a67a28-e3c8-4415-8231-f6bc1a62f375,False,cosponsor
1588714d-a58d-472e-96ae-89d8fb993ae5,Megan A. Murray,person,,ocd-person/f1902aac-3930-478d-9e89-60cef8bcae0b,ocd-bill/a8a67a28-e3c8-4415-8231-f6bc1a62f375,False,cosponsor
3367ebee-b9f5-4c87-bc3a-f17a1a47906d,Tom J. Loughman,person,,ocd-person/49ec8a23-3fec-4d61-a917-be7780438d71,ocd-bill/a8a67a28-e3c8-4415-8231-f6bc1a62f375,True,primary
b1e8cc47-391e-4209-9568-dea4d4d55060,Cam E. Kenney,person,,ocd-person/9f35ea7b-b937-4b06-8be5-5cfbc83381e1,ocd-bill/a8a67a28-e3c8-4415-8231-f6bc1a62f375,False,cosponsor
d55d921a-0f7a-4efc-8472-9dd42b278e89,Sue M. Mullen,person,,ocd-person/07c19313-fcb0-476b-b240-e299c55888f7,ocd-bill/a8a67a28-e3c8-4415-8231-f6bc1a62f375,False,cosponsor
fc021620-84ac-4677-a4ec-a6db32c43f86,Glenn Cordelli,person,,ocd-person/c8aa2951-dea0-4999-9b6a-6323d9917e0b,ocd-bill/49a2ab27-0245-4649-989c-7266967f4165,False,cosponsor
95450a2d-d8a1-4a94-8fa8-5602b80abbb8,Leonard P. Turcotte,person,,ocd-person/b5f897f3-cce8-43b0-a130-f98d0d88da8e,ocd-bill/49a2ab27-0245-4649-989c-7266967f4165,True,primary
d9787413-945c-4832-ac99-067f078986ca,Michael Moffett,person,,ocd-person/acb20216-f193-42e1-9304-2b1d3572e61d,ocd-bill/49a2ab27-0245-4649-989c-7266967f4165,False,cosponsor
5d675030-acfa-4261-a3bb-43c7c954ce46,Hershel Nunez,person,,ocd-person/3724f35b-dc08-456a-a432-1ead531e8dfd,ocd-bill/49a2ab27-0245-4649-989c-7266967f4165,False,cosponsor
6704baf1-e0f9-40b7-addc-36bb985d49ac,Rebecca Perkins Kwoka,person,,ocd-person/c20b7693-7f2c-4646-af7f-d57518edd1a4,ocd-bill/a1a77791-5492-4faf-ab91-6c38e4894762,True,primary
1103415a-0027-46c2-a332-e83b5b723424,Timothy O. Horrigan,person,,ocd-person/2a11a559-c16e-4211-82ea-215951d74c1f,ocd-bill/de0e5b99-3953-4428-afc6-530a78305b97,False,cosponsor
6f6f8e42-cdd5-42cf-92bf-27c13a6d8880,Janice E. Schmidt,person,,ocd-person/ec374833-801f-4c21-9261-67cdefc1ba44,ocd-bill/de0e5b99-3953-4428-afc6-530a78305b97,False,cosponsor
5ed2a7f1-b454-4365-8027-3735eee74ec7,Timothy J. Smith,person,,ocd-person/b5ca2038-c971-48a1-9d59-f9acf2b0806b,ocd-bill/de0e5b99-3953-4428-afc6-530a78305b97,False,cosponsor
4467e556-8d0e-4f3b-9e51-7904a0c723e9,Suzanne M. Vail,person,,ocd-person/ce985799-268d-4190-b078-955fc63a8c3c,ocd-bill/de0e5b99-3953-4428-afc6-530a78305b97,False,cosponsor
5816c809-f86c-4848-b643-07c6c3f858a1,Ivy C. Vann,person,,ocd-person/6fd532c2-91b5-47c4-a29f-eae9fc47743d,ocd-bill/de0e5b99-3953-4428-afc6-530a78305b97,True,primary
98627b65-e9d4-4628-b58e-dbf570d12b1b,Debra Altschiller,person,,ocd-person/925608b2-8d23-4186-85f6-4c50f334374d,ocd-bill/de0e5b99-3953-4428-afc6-530a78305b97,False,cosponsor
2cdf7b90-bdc1-4a86-b736-e49fe34f18e9,Joe Schapiro,person,,ocd-person/44fbe7a3-bc2c-4ab0-b669-35521e926782,ocd-bill/de0e5b99-3953-4428-afc6-530a78305b97,False,cosponsor
ae15e213-c628-43e6-8853-9591150ac6b4,Peter Petrigno,person,,ocd-person/1bf3d6c4-3325-4571-b2f7-6a28422dada6,ocd-bill/de0e5b99-3953-4428-afc6-530a78305b97,False,cosponsor
3e3b382d-8df8-46e3-af34-e131850eb317,Cassandra N. Levesque,person,,ocd-person/711423e3-ff28-4150-8a89-ec568a4f2c5d,ocd-bill/de0e5b99-3953-4428-afc6-530a78305b97,False,cosponsor
67bf7d30-8aae-4d3e-a678-80dec8a4305b,Ralph G. Boehm,person,,ocd-person/ac6ce16b-a462-4727-8e4b-724c7c19e58c,ocd-bill/d96c48d8-1b69-46c6-85fb-e2859aaf1b7b,True,primary
ed8dab77-3dcf-4bde-bcde-58f9a816c2ea,Rick M. Ladd,person,,ocd-person/1bd6c569-f2dd-4670-bf82-ef3ea4b15960,ocd-bill/d96c48d8-1b69-46c6-85fb-e2859aaf1b7b,False,cosponsor
f6bd2345-0784-4b03-b9bc-4056e9732cda,Michael A. Edgar,person,,ocd-person/0f78413a-b328-4856-ab48-21a5d4d614c0,ocd-bill/2f4b829b-26d7-480f-9835-de15478d26cb,False,cosponsor
40c218f1-0de7-4857-8297-ac3c6c5b3142,Betty I. Gay,person,,ocd-person/c2486401-1c5f-4cfc-b4ef-bbae6b8c0489,ocd-bill/2f4b829b-26d7-480f-9835-de15478d26cb,False,cosponsor
e85ecf35-254c-4353-9908-3183f4d23cb1,John C. Janigian,person,,ocd-person/4c4f4974-0202-43a0-9aba-f41d0f99603a,ocd-bill/2f4b829b-26d7-480f-9835-de15478d26cb,True,primary
a15c2dff-b8f1-4e91-9be6-0ecfa27f3a38,Daryl A. Abbas,person,,ocd-person/6dfd683a-1f79-49db-95a9-07f4f9898a22,ocd-bill/2f4b829b-26d7-480f-9835-de15478d26cb,False,cosponsor
a895abc6-9196-4873-a021-97b77a34b457,Everett P. McBride,person,,ocd-person/d6ab2257-ead8-45ce-9e50-33ab4269ac5e,ocd-bill/2f4b829b-26d7-480f-9835-de15478d26cb,False,cosponsor
4cf9345f-c7ec-4c51-b204-24dc1edee32f,Robert Renny Cushing,person,,ocd-person/cdb3279c-243a-4ca0-8e83-fcb10a975736,ocd-bill/5f3c3d4f-f3fa-48e5-aef5-6ccbcf383060,False,cosponsor
a98ac8c5-938e-431f-85ee-d4b3ee0a6c1d,Michael B. O'Brien,person,,ocd-person/e15e323b-2d85-4272-9f1e-13d12b8c82f4,ocd-bill/5f3c3d4f-f3fa-48e5-aef5-6ccbcf383060,True,primary
237f7df0-4394-4d8d-a1c9-da4ce5f49400,Cindy Rosenwald,person,,ocd-person/f3e949ce-6d98-4826-bbca-08039cea4ea4,ocd-bill/5f3c3d4f-f3fa-48e5-aef5-6ccbcf383060,False,cosponsor
cbbd0efb-91f9-474d-8e2b-269d071b4769,Laura C. Pantelakos,person,,ocd-person/957b326c-6910-4328-afcb-533b975c2202,ocd-bill/2a247cff-f792-4cde-973c-446d8d48389a,False,cosponsor
68d0f693-7ee4-4de3-94d7-7a74ec5db154,Linda A. Massimilla,person,,ocd-person/c018f667-a248-4b79-b8be-63740191e1ff,ocd-bill/2a247cff-f792-4cde-973c-446d8d48389a,True,primary
dbf13bf8-2f26-4a44-97f9-465acd0e2b20,Timothy J. Smith,person,,ocd-person/b5ca2038-c971-48a1-9d59-f9acf2b0806b,ocd-bill/2a247cff-f792-4cde-973c-446d8d48389a,False,cosponsor
6b89a7aa-ca1b-47c9-96fb-009858151e74,Timothy T. Egan,person,,ocd-person/09523f28-3ff4-4ec0-ab75-d198c2c27db3,ocd-bill/2a247cff-f792-4cde-973c-446d8d48389a,False,cosponsor
8c527aae-f838-4100-a7f8-bf338d80d70a,Anita D. Burroughs,person,,ocd-person/a028512b-5d61-4d23-9e28-dec7038577d6,ocd-bill/2a247cff-f792-4cde-973c-446d8d48389a,False,cosponsor
202b425e-193a-4307-a201-031d4869fff9,Gary Merchant,person,,ocd-person/78078880-ab6f-4f87-b095-8b85c31f1780,ocd-bill/2a247cff-f792-4cde-973c-446d8d48389a,False,cosponsor
79403610-3fca-4044-a876-9919fc003e14,Erin Hennessey,person,,ocd-person/b8009d8b-0bb8-4a70-9e34-96d247a3327b,ocd-bill/2a247cff-f792-4cde-973c-446d8d48389a,False,cosponsor
2933949d-b0b9-4bbc-a17b-2e2c507c4182,Jeanine M. Notter,person,,ocd-person/84f79859-fef0-441d-80bb-5edeafc70e78,ocd-bill/7ec86c03-4234-4a8a-bed0-4f9c40a78415,False,cosponsor
b16550f3-8428-4b56-b3da-3c2e349c26d0,Kimberly A. Rice,person,,ocd-person/85b7ca6d-3fd7-4e97-bfe0-effe223121f7,ocd-bill/7ec86c03-4234-4a8a-bed0-4f9c40a78415,False,cosponsor
2e78a4ee-81c2-43c1-958a-9064a03565a5,Claire A. Rouillard,person,,ocd-person/527f8fb3-d715-438e-be76-59cd96641c11,ocd-bill/7ec86c03-4234-4a8a-bed0-4f9c40a78415,False,cosponsor
51dbc1d8-3dd4-4349-a874-6b139e7bd912,Kevin A. Avard,person,,ocd-person/b99b0bbb-4710-43c7-a6b5-0e04524eedf0,ocd-bill/7ec86c03-4234-4a8a-bed0-4f9c40a78415,False,cosponsor
783e23d7-7db4-4682-8cf0-46b55907af8f,Timothy P. Lang,person,,ocd-person/85064309-421e-4611-a6c5-800234db68fb,ocd-bill/7ec86c03-4234-4a8a-bed0-4f9c40a78415,True,primary
000e802c-86ff-4324-8071-ac393430261a,David W. Binford,person,,ocd-person/9098756d-2231-4e69-84d5-09ab979ee1a2,ocd-bill/7ec86c03-4234-4a8a-bed0-4f9c40a78415,False,cosponsor
23514fce-f566-46e8-a781-18fc4dc697e0,Howard C. Pearl,person,,ocd-person/c4122c6a-ed23-492e-b813-59a0fed1ec86,ocd-bill/7ec86c03-4234-4a8a-bed0-4f9c40a78415,False,cosponsor
e5432d92-3990-4192-b1c8-0ea9619f6a3e,Hershel Nunez,person,,ocd-person/3724f35b-dc08-456a-a432-1ead531e8dfd,ocd-bill/7ec86c03-4234-4a8a-bed0-4f9c40a78415,False,cosponsor
7b03707c-5e89-4204-b23b-89689bc5277d,Mike Bordes,person,,ocd-person/c924901e-1cc8-4574-ae7c-19f3e52d2031,ocd-bill/7ec86c03-4234-4a8a-bed0-4f9c40a78415,False,cosponsor
2aad6ed8-c076-4fa2-9f82-7adffa1623c4,Juliet Harvey-Bolia,person,,ocd-person/5d7f39ae-2cc4-4b36-bd76-828a24bc454d,ocd-bill/7ec86c03-4234-4a8a-bed0-4f9c40a78415,False,cosponsor
7f592eb9-69c3-4010-817b-1093ed499da4,Diane Pauer,person,,ocd-person/7cc1d333-efac-47fb-a109-98113c762790,ocd-bill/7ec86c03-4234-4a8a-bed0-4f9c40a78415,False,cosponsor
71fb993d-8a5e-4748-900d-b1d82df420a2,Michael Moffett,person,,ocd-person/acb20216-f193-42e1-9304-2b1d3572e61d,ocd-bill/e166a86d-0339-436c-8e2d-35fbafb7ccac,True,primary
cb117f83-65c4-4f18-9235-f21eb69f1f99,Timothy P. Lang,person,,ocd-person/85064309-421e-4611-a6c5-800234db68fb,ocd-bill/e166a86d-0339-436c-8e2d-35fbafb7ccac,False,cosponsor
33b98c98-61c8-4e13-bcf3-101e46ab4305,Howard C. Pearl,person,,ocd-person/c4122c6a-ed23-492e-b813-59a0fed1ec86,ocd-bill/e166a86d-0339-436c-8e2d-35fbafb7ccac,False,cosponsor
17148b8d-ee99-4649-8901-d14eaa65ff61,Kevin A. Avard,person,,ocd-person/b99b0bbb-4710-43c7-a6b5-0e04524eedf0,ocd-bill/5bf65564-0776-4058-acd9-7b1640692ffa,True,primary
90d9c277-8e86-4978-8653-b21c7fd55f2f,Barbara Comtois,person,,ocd-person/3e0ee111-2332-4742-b073-a23cc37a8b51,ocd-bill/858ead5a-88c5-4b7b-86bb-15eefd576a9a,True,primary
f7f76a8a-b482-46fd-80f2-a5978fc6139c,David W. Binford,person,,ocd-person/9098756d-2231-4e69-84d5-09ab979ee1a2,ocd-bill/858ead5a-88c5-4b7b-86bb-15eefd576a9a,False,cosponsor
796741cc-3a2b-459e-9f9e-15ea197b54b9,Kevin G. Verville,person,,ocd-person/9d10ccec-b571-4eea-b025-9ed7634b6516,ocd-bill/858ead5a-88c5-4b7b-86bb-15eefd576a9a,False,cosponsor
d05c5141-bbaf-4be3-a0cf-635793502434,David C. Love,person,,ocd-person/1c956ef6-b705-4e9d-af0c-f66d6f44591e,ocd-bill/858ead5a-88c5-4b7b-86bb-15eefd576a9a,False,cosponsor
37803d3e-4b57-457b-81ca-e7d3618e3357,Bob J. Greene,person,,ocd-person/c51b7c0a-47d7-4567-900e-dccb42942ca6,ocd-bill/858ead5a-88c5-4b7b-86bb-15eefd576a9a,False,cosponsor
ff91348b-241a-4f75-b262-8c26fe5bf66a,Hershel Nunez,person,,ocd-person/3724f35b-dc08-456a-a432-1ead531e8dfd,ocd-bill/858ead5a-88c5-4b7b-86bb-15eefd576a9a,False,cosponsor
21e377f2-414b-435b-a425-6600dc87afc2,Judy F. Aron,person,,ocd-person/533fb85c-c4f0-41f3-9bc6-8b1c422a9693,ocd-bill/858ead5a-88c5-4b7b-86bb-15eefd576a9a,False,cosponsor
dc98a625-80a7-499f-8fc2-a0df0679b3e2,Mike Bordes,person,,ocd-person/c924901e-1cc8-4574-ae7c-19f3e52d2031,ocd-bill/858ead5a-88c5-4b7b-86bb-15eefd576a9a,False,cosponsor
87793bc8-6384-4c68-91e5-7efaf0b813ac,Gregg Hough,person,,ocd-person/3300d54f-0d44-4b18-ac18-41da270b8d58,ocd-bill/858ead5a-88c5-4b7b-86bb-15eefd576a9a,False,cosponsor
b78ef34a-7d83-4cc6-877d-62aad5a24a78,Melissa Blasek,person,,ocd-person/38dff49e-ef79-4720-b991-c3d76ccb87e4,ocd-bill/858ead5a-88c5-4b7b-86bb-15eefd576a9a,False,cosponsor
025d887f-42f5-440d-a3d8-108a23fa1662,Jordan G. Ulery,person,,ocd-person/31f696d4-f806-4eb3-a8ce-5b1d2a2eba93,ocd-bill/df817066-7e66-4c18-bf83-4568385496cd,False,cosponsor
9d4bd949-da5f-43b6-b3fb-21e6ee41b2e4,Al P. Baldasaro,person,,ocd-person/3807f9c1-b590-4496-8a1e-b0ff84ba592d,ocd-bill/df817066-7e66-4c18-bf83-4568385496cd,False,cosponsor
59097875-93a2-468b-a4e7-40924f5c958e,Steven D. Smith,person,,ocd-person/129a2970-07b9-4136-aae1-15c689edca40,ocd-bill/df817066-7e66-4c18-bf83-4568385496cd,False,cosponsor
146cfa03-3fcd-45c0-bdba-127c7575faa2,Skip A. Rollins,person,,ocd-person/31d4d765-be08-4393-8e9a-21444cf8b411,ocd-bill/df817066-7e66-4c18-bf83-4568385496cd,False,cosponsor
ebbbe022-3587-4762-bbb3-0dcc341d95ab,William M. Marsh,person,,ocd-person/22006937-f2ca-4a2e-b92a-457777933dc7,ocd-bill/df817066-7e66-4c18-bf83-4568385496cd,False,cosponsor
fa1c2abe-98d2-4d57-8ebc-f96200b4b299,Walter A. Stapleton,person,,ocd-person/74efcb71-c62c-4388-b9ad-69f779b0c33e,ocd-bill/df817066-7e66-4c18-bf83-4568385496cd,True,primary
3e6ecc01-d3cf-41d4-9a62-d0b14105fdff,Mark A. Pearson,person,,ocd-person/6c90e0a1-d9d5-488c-a9a3-898ca5b0f9a4,ocd-bill/df817066-7e66-4c18-bf83-4568385496cd,False,cosponsor
70b3a9b3-02d4-4c7c-bc0a-245f6bea0965,Al P. Baldasaro,person,,ocd-person/3807f9c1-b590-4496-8a1e-b0ff84ba592d,ocd-bill/3c24d6db-e26f-4bfa-86ab-83d8295fc236,False,cosponsor
7874ef05-4045-4f54-b572-efaca8ad5c0e,Max Abramson,person,,ocd-person/83f50732-5fc6-4287-87aa-786cf169840c,ocd-bill/3c24d6db-e26f-4bfa-86ab-83d8295fc236,False,cosponsor
4b015e78-1da0-40c5-8cdb-db04462d6686,Chris True,person,,ocd-person/9debae73-c678-420c-a515-c7381e304d1c,ocd-bill/3c24d6db-e26f-4bfa-86ab-83d8295fc236,True,primary
c79b8eda-067b-4e98-a87c-12167cfaa052,David W. Binford,person,,ocd-person/9098756d-2231-4e69-84d5-09ab979ee1a2,ocd-bill/3c24d6db-e26f-4bfa-86ab-83d8295fc236,False,cosponsor
2ab9a35e-16ff-4d0c-901f-2d737aa1d7fe,Jess C. Edwards,person,,ocd-person/3787c84d-f615-4e9d-bac8-42f86ea308db,ocd-bill/3c24d6db-e26f-4bfa-86ab-83d8295fc236,False,cosponsor
3ffb9fa6-7fed-4256-8194-c3627cecb9a9,Bob J. Greene,person,,ocd-person/c51b7c0a-47d7-4567-900e-dccb42942ca6,ocd-bill/3c24d6db-e26f-4bfa-86ab-83d8295fc236,False,cosponsor
d79983c5-2370-4b2f-b954-b8244fb16776,Carol M. McGuire,person,,ocd-person/ae3d6133-98b5-444e-b95e-2edc2f5302dc,ocd-bill/7dfe2b5a-4363-4b85-83ba-663ab39f025c,False,cosponsor
80bac420-7d7d-442b-a2f9-b951102ff954,Steven D. Smith,person,,ocd-person/129a2970-07b9-4136-aae1-15c689edca40,ocd-bill/7dfe2b5a-4363-4b85-83ba-663ab39f025c,False,cosponsor
86d47b7e-54bc-41fc-a79a-a33034bb08b8,Kimberly A. Rice,person,,ocd-person/85b7ca6d-3fd7-4e97-bfe0-effe223121f7,ocd-bill/7dfe2b5a-4363-4b85-83ba-663ab39f025c,False,cosponsor
c02b4a04-81f1-4db7-bdaa-93ac39ceed20,Claire A. Rouillard,person,,ocd-person/527f8fb3-d715-438e-be76-59cd96641c11,ocd-bill/7dfe2b5a-4363-4b85-83ba-663ab39f025c,False,cosponsor
e4172185-7acc-439e-88f9-c92d827a3858,Gregory G. Hill,person,,ocd-person/852df922-484b-412f-a604-c2d67efee5ec,ocd-bill/7dfe2b5a-4363-4b85-83ba-663ab39f025c,True,primary
4ec1462f-f014-4c50-af41-cc0373a3bf6f,Norman J. Silber,person,,ocd-person/2f3c984e-640c-49ec-aba9-4928db0e9edc,ocd-bill/7dfe2b5a-4363-4b85-83ba-663ab39f025c,False,cosponsor
afaa0522-b12f-4462-a1d9-b91e2e3d23fa,Howard C. Pearl,person,,ocd-person/c4122c6a-ed23-492e-b813-59a0fed1ec86,ocd-bill/7dfe2b5a-4363-4b85-83ba-663ab39f025c,False,cosponsor
00e91989-347f-431e-83d1-1f421421f46c,Josh S. Yokela,person,,ocd-person/c96f9d7a-b859-4b37-8fdd-4097b21d3f2c,ocd-bill/93f4ea57-4c0f-4ff3-aa1e-5e1c2790136d,True,primary
6e6143c5-1325-499e-81e5-9fb601a3d286,Jerry L. Knirk,person,,ocd-person/ce0bd184-d264-46d8-87fc-f2590e2a1ed1,ocd-bill/5e045b27-6e23-494e-8cb3-b9662886e013,False,cosponsor
9ea3a992-50d4-4b9b-84cc-772b3e2eba7a,Jeffrey C. Salloway,person,,ocd-person/ff3c9490-e187-451d-b600-ca895bfaf0b0,ocd-bill/5e045b27-6e23-494e-8cb3-b9662886e013,False,cosponsor
63579f10-ba80-4861-b611-28282a58a380,Kristina M. Schultz,person,,ocd-person/8698b473-ea4e-4126-8766-a2b5b5878702,ocd-bill/5e045b27-6e23-494e-8cb3-b9662886e013,False,cosponsor
ab1ae977-4d4a-4a9c-b834-7e7d8984b3cc,Joe Schapiro,person,,ocd-person/44fbe7a3-bc2c-4ab0-b669-35521e926782,ocd-bill/5e045b27-6e23-494e-8cb3-b9662886e013,True,primary
dd00f87c-d871-4824-8d79-3b63a5e2abfd,Rebecca J. McWilliams,person,,ocd-person/39eb4d14-9ef3-4b1b-bcb6-a66f1aa97491,ocd-bill/5e045b27-6e23-494e-8cb3-b9662886e013,False,cosponsor
603c37df-c69f-41b0-8b17-2a97c51f848a,Cindy Rosenwald,person,,ocd-person/f3e949ce-6d98-4826-bbca-08039cea4ea4,ocd-bill/5e045b27-6e23-494e-8cb3-b9662886e013,False,cosponsor
8fb08926-f131-42ab-b7b8-4bb6e51ee0c2,Ralph G. Boehm,person,,ocd-person/ac6ce16b-a462-4727-8e4b-724c7c19e58c,ocd-bill/66f87e37-5aeb-4e8b-a4e9-a53e7132a996,True,primary
c8018ced-4ef7-49cf-b149-68c4ada2e091,Mark McLean,person,,ocd-person/b089786f-4435-4822-a7d6-3725cca787bf,ocd-bill/66f87e37-5aeb-4e8b-a4e9-a53e7132a996,False,cosponsor
d93e87fb-f334-4964-8621-3c02f83088ce,Tony Lekas,person,,ocd-person/97ccf8c1-af1c-4a3c-b267-683d0446b790,ocd-bill/66f87e37-5aeb-4e8b-a4e9-a53e7132a996,False,cosponsor
80b26bf7-194f-4872-936a-7a5c6086e898,Jordan G. Ulery,person,,ocd-person/31f696d4-f806-4eb3-a8ce-5b1d2a2eba93,ocd-bill/316d40e3-1502-4107-bd3e-4c813b1f702d,True,primary
70df3943-ecb7-4396-9cdf-db6783f5dae3,Glenn Cordelli,person,,ocd-person/c8aa2951-dea0-4999-9b6a-6323d9917e0b,ocd-bill/d53934d5-f8d6-4f7b-9a29-4beeb5a790fe,False,cosponsor
3232ee78-71dd-4b2e-bf89-2ce427f4e368,Keith M. Ammon,person,,,ocd-bill/d53934d5-f8d6-4f7b-9a29-4beeb5a790fe,True,primary
c86731dc-d496-4dfa-b9a3-2038c84c26b8,Jason M. Osborne,person,,ocd-person/6e2bc564-5cd1-4f96-a265-4753b7f12ee1,ocd-bill/d53934d5-f8d6-4f7b-9a29-4beeb5a790fe,False,cosponsor
d256e0f0-3f72-451e-a0ad-b9d4e81ed047,Keith M. Ammon,person,,,ocd-bill/dad2fec9-bf75-49a9-b275-f030192295d0,False,cosponsor
41d3be73-f57e-4816-b8c6-825950ccfec7,Michael Vose,person,,ocd-person/1aa8819a-e1bd-4569-93ec-305ad61e8ea4,ocd-bill/dad2fec9-bf75-49a9-b275-f030192295d0,True,primary
366c248a-2341-4849-bbbb-efd7861a4af3,Michael D. Harrington,person,,ocd-person/21e95dbc-c226-4f4a-9fa2-8f5b374d0a98,ocd-bill/dad2fec9-bf75-49a9-b275-f030192295d0,False,cosponsor
4b97b7ef-2670-44e8-bdaa-38fb958115ef,Ruth Ward,person,,ocd-person/9089a509-1f26-4770-adc6-199ed716e692,ocd-bill/dad2fec9-bf75-49a9-b275-f030192295d0,False,cosponsor
b353db79-dcae-4e28-a9e2-6f0b2744aed2,Bill Gannon,person,,ocd-person/d3c437bd-532d-458b-961f-4f6dccec1e4b,ocd-bill/dad2fec9-bf75-49a9-b275-f030192295d0,False,cosponsor
9441a1d3-c6bd-4cd3-a074-a882f2529180,Hershel Nunez,person,,ocd-person/3724f35b-dc08-456a-a432-1ead531e8dfd,ocd-bill/dad2fec9-bf75-49a9-b275-f030192295d0,False,cosponsor
f0fd2b4e-b0c7-42de-a1cd-82e042f59964,Al P. Baldasaro,person,,ocd-person/3807f9c1-b590-4496-8a1e-b0ff84ba592d,ocd-bill/50d6e48f-9d50-498e-94ce-095918fbea47,False,cosponsor
1d5b4d4a-a599-4fbc-af2f-42ef6f7b8e07,Timothy P. Lang,person,,ocd-person/85064309-421e-4611-a6c5-800234db68fb,ocd-bill/50d6e48f-9d50-498e-94ce-095918fbea47,False,cosponsor
e13c5c65-1e3d-4d81-99ae-b7111f8274e2,Howard C. Pearl,person,,ocd-person/c4122c6a-ed23-492e-b813-59a0fed1ec86,ocd-bill/50d6e48f-9d50-498e-94ce-095918fbea47,True,primary
7636f7f2-0f19-44d4-8b53-974c23807a2a,Bill Gannon,person,,ocd-person/d3c437bd-532d-458b-961f-4f6dccec1e4b,ocd-bill/50d6e48f-9d50-498e-94ce-095918fbea47,False,cosponsor
ada93f8d-b206-497f-ac71-be1b16a8d92e,Harold F. French,person,,ocd-person/ff11da65-174b-4fdc-b33c-e5d6d56602f0,ocd-bill/50d6e48f-9d50-498e-94ce-095918fbea47,False,cosponsor
0cf1282b-79fb-43ad-9e67-5b727e5ecbc4,Dennis J. Thompson,person,,ocd-person/3fb8405b-4bb5-41a7-b9b7-0f01d70bf235,ocd-bill/0f771b97-c0ce-45fb-8b88-74835a1ae6a6,True,primary
e69ee307-3c0a-4c99-a0ea-212588756246,Jess C. Edwards,person,,ocd-person/3787c84d-f615-4e9d-bac8-42f86ea308db,ocd-bill/d00bc46e-5c07-4374-8731-507cfc10a2b0,True,primary
e3a786ee-0198-4133-ba16-c6cf0d1fca34,Janice E. Schmidt,person,,ocd-person/ec374833-801f-4c21-9261-67cdefc1ba44,ocd-bill/7b906f82-2440-476c-91ac-f7fefa9766e5,False,cosponsor
07c7df20-fec6-4715-9662-b9d93581cab1,Joseph A. Guthrie,person,,ocd-person/772f5157-b959-4aed-beaa-6bd67ab8fefe,ocd-bill/7b906f82-2440-476c-91ac-f7fefa9766e5,False,cosponsor
cc9d3618-f983-431a-a25f-2b2215bfc2b3,William M. Marsh,person,,ocd-person/22006937-f2ca-4a2e-b92a-457777933dc7,ocd-bill/7b906f82-2440-476c-91ac-f7fefa9766e5,False,cosponsor
eb13dc71-8e65-4294-be6e-ce2016aa70e2,Rosemarie Rung,person,,ocd-person/1a5923c6-3e1f-4ebe-8739-17c9e9642403,ocd-bill/7b906f82-2440-476c-91ac-f7fefa9766e5,True,primary
faba5f37-c752-40de-840e-fa4eb3effd4d,Bruce L. Cohen,person,,ocd-person/02abc1d7-340f-4cdd-b64d-4ce3cca59304,ocd-bill/7b906f82-2440-476c-91ac-f7fefa9766e5,False,cosponsor
4a1ef249-69c7-4a10-a0c0-f70ef534e694,Patrick F. Abrami,person,,ocd-person/0327f85d-1b5a-4218-a97f-f393a965d64b,ocd-bill/3d5ced3e-1d67-43f3-8f57-919cf373ddb7,False,cosponsor
0857d865-da14-4b3c-afd9-6b85af7a85a5,Dennis J. Malloy,person,,ocd-person/d6200a81-3d99-4ff7-93e0-e2f3b49cfd65,ocd-bill/3d5ced3e-1d67-43f3-8f57-919cf373ddb7,False,cosponsor
871caf4e-603d-465f-93a0-db25dcb662f5,Peter Petrigno,person,,ocd-person/1bf3d6c4-3325-4571-b2f7-6a28422dada6,ocd-bill/3d5ced3e-1d67-43f3-8f57-919cf373ddb7,False,cosponsor
73b18fc0-6fd3-401b-8ec1-954fe8c67a4e,Josh S. Yokela,person,,ocd-person/c96f9d7a-b859-4b37-8fdd-4097b21d3f2c,ocd-bill/3d5ced3e-1d67-43f3-8f57-919cf373ddb7,True,primary
58802066-4e6b-47e4-92a5-5b5609928752,Jeb Bradley,person,,ocd-person/3f5455e8-256e-4442-9c13-bc14f62ce76f,ocd-bill/1a3622c5-54e1-42d3-9b87-e03335f6f7e9,False,cosponsor
d5b462bc-bbaa-463c-b380-1166b4fc0905,Kevin A. Avard,person,,ocd-person/b99b0bbb-4710-43c7-a6b5-0e04524eedf0,ocd-bill/1a3622c5-54e1-42d3-9b87-e03335f6f7e9,True,primary
46ef95f0-8581-4fe8-b604-06c1b0fbf1fe,Timothy P. Lang,person,,ocd-person/85064309-421e-4611-a6c5-800234db68fb,ocd-bill/1a3622c5-54e1-42d3-9b87-e03335f6f7e9,False,cosponsor
69a11256-8b6e-44ce-bb30-2118a473f85a,Bob J. Giuda,person,,ocd-person/7739a4d0-534e-4bdb-b7fb-6a8f348e833e,ocd-bill/1a3622c5-54e1-42d3-9b87-e03335f6f7e9,False,cosponsor
308227e0-8ff3-448d-88f5-50a6f6b7f08e,Ross Berry,person,,ocd-person/1b016eb0-b4c0-4929-b957-ef9de5b46031,ocd-bill/49005b56-f090-490d-b7e1-c52d6dc0db68,True,primary
71aae0f9-256a-47ff-b949-020e9a59080f,Stephen C. Pearson,person,,ocd-person/2a085551-6f62-4320-a1eb-bc9a177b9a6d,ocd-bill/125982d5-9184-4616-b095-4b8392bb3d3e,True,primary
a9b780ab-0cc5-41fa-bbc3-e003a6a4c0ec,Katherine J. Prudhomme-O'Brien,person,,ocd-person/a0a8c9d8-1f27-4d28-a249-8a5856ea5c05,ocd-bill/fce99708-b26f-484e-8629-3967c028ed67,True,primary
25bed918-ceca-42bd-b406-e7b20cbf6c03,David C. Love,person,,ocd-person/1c956ef6-b705-4e9d-af0c-f66d6f44591e,ocd-bill/fce99708-b26f-484e-8629-3967c028ed67,False,cosponsor
5cecd0cc-292d-4d7c-ab89-17907df078e6,Bob J. Lynn,person,,ocd-person/ce46c52e-8598-4888-8a1f-d16b283a7238,ocd-bill/fce99708-b26f-484e-8629-3967c028ed67,False,cosponsor
e5c61d3d-30c5-4451-a257-494499ce9066,Ellen D. Read,person,,ocd-person/77304532-17fb-4b2c-aed6-213a435e4a46,ocd-bill/e8003176-b3f8-4899-bfd7-427ca6630d04,True,primary
9f382e44-2c8d-449a-a3f5-77459694d679,Tom Sherman,person,,ocd-person/ee95d0de-e55e-4733-ba97-0fde66adf65c,ocd-bill/e8003176-b3f8-4899-bfd7-427ca6630d04,False,cosponsor
38b65845-36ea-44d9-b826-78aa8d8f4d32,Lou D'Allesandro,person,,ocd-person/87c48788-817d-408b-a1e1-ebe1c9fd893d,ocd-bill/504c2c9f-8082-4145-9f4a-68a8b3806929,False,cosponsor
aae4897f-b4c6-442d-8205-397a7fb32b5a,David H Watters,person,,ocd-person/cf24defe-6df3-49f3-88ca-c6774b144f19,ocd-bill/504c2c9f-8082-4145-9f4a-68a8b3806929,True,primary
061680fb-3f4e-43a1-96a5-dea53a754316,Donna M. Soucy,person,,ocd-person/bfbbacfd-e12a-4e07-970e-c2c2c006f4a2,ocd-bill/504c2c9f-8082-4145-9f4a-68a8b3806929,False,cosponsor
331367c7-4164-4cdd-bb3d-71a124eefdcb,Michael D. Cahill,person,,ocd-person/facb5409-244f-4381-8452-e6a1078bb1c5,ocd-bill/504c2c9f-8082-4145-9f4a-68a8b3806929,False,cosponsor
7ec22526-71b6-4821-9baf-edcf64fa124e,Tom Sherman,person,,ocd-person/ee95d0de-e55e-4733-ba97-0fde66adf65c,ocd-bill/504c2c9f-8082-4145-9f4a-68a8b3806929,False,cosponsor
ae3ba190-28df-4d97-8da9-3469551c3c0a,Gerri D. Cannon,person,,ocd-person/cd5b7056-d9eb-4fb1-93e3-6ba43408afa5,ocd-bill/504c2c9f-8082-4145-9f4a-68a8b3806929,False,cosponsor
7f5fb933-3bc4-41c9-8747-17c5ad65b666,Cindy Rosenwald,person,,ocd-person/f3e949ce-6d98-4826-bbca-08039cea4ea4,ocd-bill/504c2c9f-8082-4145-9f4a-68a8b3806929,False,cosponsor
feeaa1b1-8169-4d27-9d12-cefdcc5da770,Suzanne M Prentiss,person,,ocd-person/de206392-deba-4ecf-96a3-33494c415417,ocd-bill/504c2c9f-8082-4145-9f4a-68a8b3806929,False,cosponsor
ae1a2b56-af41-444f-bf9f-2c2345149149,Rebecca G. Whitley,person,,ocd-person/92267d4c-e6f1-4f45-87be-83f229c2cd36,ocd-bill/504c2c9f-8082-4145-9f4a-68a8b3806929,False,cosponsor
e9bbdb50-4db2-42f4-86aa-153efc555bc6,Al P. Baldasaro,person,,ocd-person/3807f9c1-b590-4496-8a1e-b0ff84ba592d,ocd-bill/d7a6f5e1-1cb4-4c53-b2ee-a3d03dbca4c1,False,cosponsor
3c7faa25-2957-4286-aaa6-d234780bc9fc,Carol M. McGuire,person,,ocd-person/ae3d6133-98b5-444e-b95e-2edc2f5302dc,ocd-bill/d7a6f5e1-1cb4-4c53-b2ee-a3d03dbca4c1,False,cosponsor
9bd20858-e9dd-4b30-bc3e-7627148e1d50,Jason M. Osborne,person,,ocd-person/6e2bc564-5cd1-4f96-a265-4753b7f12ee1,ocd-bill/d7a6f5e1-1cb4-4c53-b2ee-a3d03dbca4c1,False,cosponsor
382e830e-ddeb-4fc6-9604-ff8e960eab56,John M. Potucek,person,,ocd-person/433c67d6-bfdc-410e-87e2-463c93d55a17,ocd-bill/d7a6f5e1-1cb4-4c53-b2ee-a3d03dbca4c1,False,cosponsor
0419008e-e50d-46e7-9ed0-98d0d69337f1,Gary L. Daniels,person,,ocd-person/4c8ac73e-dca4-48ca-b50c-25d0d41425bc,ocd-bill/d7a6f5e1-1cb4-4c53-b2ee-a3d03dbca4c1,False,cosponsor
b11f98c2-2a4d-40ff-b632-4e3ef33b2c5a,Maureen C. Mooney,person,,ocd-person/4a80db99-34b2-4d33-995b-41d889592bf3,ocd-bill/d7a6f5e1-1cb4-4c53-b2ee-a3d03dbca4c1,False,cosponsor
3b41fd52-a07d-4357-837f-d2359a26a148,Norman J. Silber,person,,ocd-person/2f3c984e-640c-49ec-aba9-4928db0e9edc,ocd-bill/d7a6f5e1-1cb4-4c53-b2ee-a3d03dbca4c1,True,primary
343a4f62-2f05-4b3e-94a7-acbf4fbca031,David W. Binford,person,,ocd-person/9098756d-2231-4e69-84d5-09ab979ee1a2,ocd-bill/d7a6f5e1-1cb4-4c53-b2ee-a3d03dbca4c1,False,cosponsor
5e8c97f2-e532-431c-9e45-434dfcb93cc6,Denise Ricciardi,person,,ocd-person/8dc59c94-caba-41b2-a6ba-6bca0f595118,ocd-bill/d7a6f5e1-1cb4-4c53-b2ee-a3d03dbca4c1,False,cosponsor
cc8d46bd-3e0b-44b0-8673-efdbe6ababb1,Erica J. Layon,person,,ocd-person/94df7a3f-b27d-42c1-9ecc-1ebdc707c9ae,ocd-bill/d7a6f5e1-1cb4-4c53-b2ee-a3d03dbca4c1,False,cosponsor
1d599d41-c8c8-4cfc-bc4c-8e6fee0116e1,John Reagan,person,,ocd-person/f516d40a-3676-4437-8285-a931d7c2885b,ocd-bill/ca777140-43dc-4266-8d02-2b4f2152542b,True,primary
eda9ecf0-dc86-4f4c-90c1-d4b8fcef0c76,Susan W. Almy,person,,ocd-person/e13283b4-defe-4f4e-8e67-4d89b8e3790c,ocd-bill/57b44993-3968-4136-948b-6e62d193da9b,False,cosponsor
968a1ced-8d46-4d36-9fec-e7fad08a306b,Edward M. Gordon,person,,ocd-person/1e527c99-df26-4b70-8f9e-62df18dad8bb,ocd-bill/57b44993-3968-4136-948b-6e62d193da9b,True,primary
128ca779-85d0-4b30-8882-f0829581d463,Lee Walker Oxenham,person,,ocd-person/f3fb87b7-7fb5-432a-9fb2-bd15170f1275,ocd-bill/d33b2bf3-b0c8-4c6e-ae85-8046d87780e0,False,cosponsor
f0015e66-2af8-4cba-92fb-e1acb6751686,Timothy P. Lang,person,,ocd-person/85064309-421e-4611-a6c5-800234db68fb,ocd-bill/d33b2bf3-b0c8-4c6e-ae85-8046d87780e0,False,cosponsor
2d58c15d-3bfd-4f40-98f1-266884517c8e,Howard C. Pearl,person,,ocd-person/c4122c6a-ed23-492e-b813-59a0fed1ec86,ocd-bill/d33b2bf3-b0c8-4c6e-ae85-8046d87780e0,True,primary
82731a8f-f3a8-49b4-8f56-124ec047b597,Lou D'Allesandro,person,,ocd-person/87c48788-817d-408b-a1e1-ebe1c9fd893d,ocd-bill/f4937604-5b0e-4672-9e61-c7fa78ab3504,False,cosponsor
9ef1fa2a-0e4c-496a-81ca-68a799929948,Jeb Bradley,person,,ocd-person/3f5455e8-256e-4442-9c13-bc14f62ce76f,ocd-bill/f4937604-5b0e-4672-9e61-c7fa78ab3504,False,cosponsor
5e15fc62-644c-4f31-b534-b5c20625593f,Kenneth L. Weyler,person,,ocd-person/e2f9dd7e-b221-4cf0-b7de-5daa70658669,ocd-bill/f4937604-5b0e-4672-9e61-c7fa78ab3504,False,cosponsor
7547e46e-9b52-49f6-8253-015639780d7f,Patrick F. Abrami,person,,ocd-person/0327f85d-1b5a-4218-a97f-f393a965d64b,ocd-bill/f4937604-5b0e-4672-9e61-c7fa78ab3504,True,primary
9b16f9b3-63b4-4e42-a8f1-c793ae39c78b,John A. Burt,person,,ocd-person/084e4187-cca0-4f45-ac5a-8514056e94a6,ocd-bill/4dc49ed1-3396-4731-8c1c-3edcac8f1ea8,False,cosponsor
6f13ba39-9b30-431c-85de-524a99f85d4c,Kevin A. Avard,person,,ocd-person/b99b0bbb-4710-43c7-a6b5-0e04524eedf0,ocd-bill/4dc49ed1-3396-4731-8c1c-3edcac8f1ea8,False,cosponsor
d4f9b221-8acd-4a44-af04-53f090a91b82,Jess C. Edwards,person,,ocd-person/3787c84d-f615-4e9d-bac8-42f86ea308db,ocd-bill/4dc49ed1-3396-4731-8c1c-3edcac8f1ea8,False,cosponsor
95f8bf28-9adb-4508-b70a-814530fe7b39,Bob J. Giuda,person,,ocd-person/7739a4d0-534e-4bdb-b7fb-6a8f348e833e,ocd-bill/4dc49ed1-3396-4731-8c1c-3edcac8f1ea8,True,primary
546b4d0c-5ce9-4c36-b51b-1dc92e779cb4,Jennifer M. Rhodes,person,,ocd-person/50eaea14-c7e4-4aac-890e-bda69eb86978,ocd-bill/4dc49ed1-3396-4731-8c1c-3edcac8f1ea8,False,cosponsor
841042a7-f947-4784-a4ef-73f35d2c3902,Ted Gorski,person,,ocd-person/c40abbd9-220c-4081-9ad8-9559c10f9aae,ocd-bill/4dc49ed1-3396-4731-8c1c-3edcac8f1ea8,False,cosponsor
2e4d7b53-1a9e-4935-b4b3-65544ceb85f0,Niki Kelsey,person,,ocd-person/eb615c25-53ee-4866-9c5d-d32e1ebb9822,ocd-bill/4dc49ed1-3396-4731-8c1c-3edcac8f1ea8,False,cosponsor
bf318fbb-ad35-43b7-8900-4510cf395f9e,John Bordenet,person,,ocd-person/97cb7b54-48fb-4eb8-ac44-c1a5645bda49,ocd-bill/02e1691c-0e7b-4725-a176-bce21d57d187,False,cosponsor
fc03235a-4872-4a03-b85c-62195db97272,Amanda C. Bouldin,person,,ocd-person/7ad034dd-b6f2-4314-94d9-cffce7144e5d,ocd-bill/02e1691c-0e7b-4725-a176-bce21d57d187,True,primary
283c791c-1476-4f07-bf9b-09be1ee3ee56,Allison R. Nutting-Wong,person,,ocd-person/4c979ca8-85c0-4124-ac2d-c44f3bcb95ff,ocd-bill/02e1691c-0e7b-4725-a176-bce21d57d187,False,cosponsor
b2e96c15-a6fc-4bca-914e-dc00e0d58f5e,Charlotte I. DiLorenzo,person,,ocd-person/75a682ff-407d-4192-858d-9ce6a979c400,ocd-bill/02e1691c-0e7b-4725-a176-bce21d57d187,False,cosponsor
ccf9e2ff-a9e6-44cc-b1a7-28acef8dbc43,Amanda L. Gourgue,person,,ocd-person/96a9971b-c537-4020-ad31-780dfba6dd95,ocd-bill/02e1691c-0e7b-4725-a176-bce21d57d187,False,cosponsor
b043c6c5-5d2a-45c4-9182-aeb40c481e38,Andrew J. Bouldin,person,,ocd-person/ad413289-53c5-4966-9f0f-fd392d95a827,ocd-bill/02e1691c-0e7b-4725-a176-bce21d57d187,False,cosponsor
190682ee-6b41-4995-842a-1aedb2ec50f2,Rebecca J. McWilliams,person,,ocd-person/39eb4d14-9ef3-4b1b-bcb6-a66f1aa97491,ocd-bill/02e1691c-0e7b-4725-a176-bce21d57d187,False,cosponsor
3f8d6efe-f552-4700-b78e-c5cd17eb3359,David Meuse,person,,ocd-person/4b449f0f-2024-4e18-bbbd-7f0bbcfa8cac,ocd-bill/02e1691c-0e7b-4725-a176-bce21d57d187,False,cosponsor
d1d1855d-018d-460a-9ac8-d3c9c7345b4f,Cindy Rosenwald,person,,ocd-person/f3e949ce-6d98-4826-bbca-08039cea4ea4,ocd-bill/02e1691c-0e7b-4725-a176-bce21d57d187,False,cosponsor
e1c532ba-b6b4-45f4-a99d-37de4434a42a,Kevin B. Craig,person,,ocd-person/1c9d5892-ef55-4ff0-8bd0-c986ac41f25b,ocd-bill/02e1691c-0e7b-4725-a176-bce21d57d187,False,cosponsor
ae41ae66-c407-4c0a-bbe7-4035ec795079,Rebecca G. Whitley,person,,ocd-person/92267d4c-e6f1-4f45-87be-83f229c2cd36,ocd-bill/02e1691c-0e7b-4725-a176-bce21d57d187,False,cosponsor
6fc991cf-d5a8-415a-b2c7-841f8984ab6b,Tony Labranche,person,,ocd-person/98b6662b-4d69-4759-b17c-9fd5a4bb7954,ocd-bill/02e1691c-0e7b-4725-a176-bce21d57d187,False,cosponsor
862ec9ee-d498-4a99-b876-9b3d1da4da22,Katherine J. Prudhomme-O'Brien,person,,ocd-person/a0a8c9d8-1f27-4d28-a249-8a5856ea5c05,ocd-bill/6c7ac9e0-ed1b-4532-9cc4-29a9771fdcd6,False,cosponsor
3fa7b5ca-471b-4580-b5b3-23e807f54b5a,Erica J. Layon,person,,ocd-person/94df7a3f-b27d-42c1-9ecc-1ebdc707c9ae,ocd-bill/6c7ac9e0-ed1b-4532-9cc4-29a9771fdcd6,True,primary
9753e88d-cc5d-48fd-9c91-45b038acaa17,John B. Hunt,person,,ocd-person/35c51630-9b9c-411a-9b98-0842cb6093df,ocd-bill/fdba593b-2efa-49a6-a08e-6207e81a4e1a,False,cosponsor
b86fc1e5-8721-4cd2-861a-eab024d60835,Christy D. Bartlett,person,,ocd-person/59afcf2a-d688-4495-a53d-b10faeffd222,ocd-bill/fdba593b-2efa-49a6-a08e-6207e81a4e1a,True,primary
e63d32b3-0848-43ba-8a0a-dae5367e4acf,Kevin J. Cavanaugh,person,,ocd-person/7fb2bb33-cbdb-4dfd-9369-64f19f179777,ocd-bill/fdba593b-2efa-49a6-a08e-6207e81a4e1a,False,cosponsor
009e3279-dc61-4e10-9a2c-087dbd2e6a1f,Rick M. Ladd,person,,ocd-person/1bd6c569-f2dd-4670-bf82-ef3ea4b15960,ocd-bill/6355c188-f390-4b60-94b1-9d546c28db4f,False,cosponsor
0d75b0d9-bf56-46a5-aec5-9b4a69c5c419,Steven D. Smith,person,,ocd-person/129a2970-07b9-4136-aae1-15c689edca40,ocd-bill/6355c188-f390-4b60-94b1-9d546c28db4f,True,primary
f18ec537-578d-472a-8ca9-a8e7de1c879d,Skip A. Rollins,person,,ocd-person/31d4d765-be08-4393-8e9a-21444cf8b411,ocd-bill/6355c188-f390-4b60-94b1-9d546c28db4f,False,cosponsor
dd6725cf-b795-49fa-8f9d-e23ce0d99369,John M. Potucek,person,,ocd-person/433c67d6-bfdc-410e-87e2-463c93d55a17,ocd-bill/6355c188-f390-4b60-94b1-9d546c28db4f,False,cosponsor
45911880-473b-4aba-a879-6cdd383a08d5,Judy F. Aron,person,,ocd-person/533fb85c-c4f0-41f3-9bc6-8b1c422a9693,ocd-bill/6355c188-f390-4b60-94b1-9d546c28db4f,False,cosponsor
42f763ba-fa25-434c-8509-e053d1354cb5,Walter Spilsbury,person,,ocd-person/236f5df6-87b6-488d-86cd-a1ed3a5adb81,ocd-bill/6355c188-f390-4b60-94b1-9d546c28db4f,False,cosponsor
853ead79-0295-460b-b64d-07e69f1456c9,George E. Sykes,person,,ocd-person/1d64c012-42cd-433e-9e51-d449279fe57e,ocd-bill/4eb91797-3124-4a9f-b307-ae5da9947f5c,True,primary
8f734e7d-d4f0-48e9-b3f2-4e6665f3be73,William M. Marsh,person,,ocd-person/22006937-f2ca-4a2e-b92a-457777933dc7,ocd-bill/457549a9-ab6a-45d7-aaa4-641313852e1d,False,cosponsor
ad15c47e-a9f0-436f-b756-3bb033a67021,Jess C. Edwards,person,,ocd-person/3787c84d-f615-4e9d-bac8-42f86ea308db,ocd-bill/457549a9-ab6a-45d7-aaa4-641313852e1d,True,primary
a68d71e5-23be-4c12-abcd-ac4bfb22f701,Brodie S. Deshaies,person,,ocd-person/cf0f7c1c-a402-49f9-80cd-102f946cd260,ocd-bill/457549a9-ab6a-45d7-aaa4-641313852e1d,False,cosponsor
d7ea093b-1f1c-49a1-b093-d03e47fa94a0,Susan W. Almy,person,,ocd-person/e13283b4-defe-4f4e-8e67-4d89b8e3790c,ocd-bill/60ac93c1-f02d-43e0-aeb6-4b887d93e883,False,cosponsor
a87f7aaf-bae8-431a-999c-ac77b90df2f7,Rick M. Ladd,person,,ocd-person/1bd6c569-f2dd-4670-bf82-ef3ea4b15960,ocd-bill/60ac93c1-f02d-43e0-aeb6-4b887d93e883,False,cosponsor
4b0e944a-b4cc-4989-8285-1c4258954519,Suzanne J. Smith,person,,ocd-person/6a75f502-50fd-47e7-8160-1fce1205550e,ocd-bill/60ac93c1-f02d-43e0-aeb6-4b887d93e883,False,cosponsor
635ee975-3855-4d2f-a992-ea21f27dee5c,George E. Sykes,person,,ocd-person/1d64c012-42cd-433e-9e51-d449279fe57e,ocd-bill/60ac93c1-f02d-43e0-aeb6-4b887d93e883,False,cosponsor
7b979b00-c662-4af7-b818-6e86e0d0fcdf,Edward M. Gordon,person,,ocd-person/1e527c99-df26-4b70-8f9e-62df18dad8bb,ocd-bill/60ac93c1-f02d-43e0-aeb6-4b887d93e883,True,primary
d98e5703-50b3-49a5-a3b8-77dc59100b4c,Erin Hennessey,person,,ocd-person/b8009d8b-0bb8-4a70-9e34-96d247a3327b,ocd-bill/60ac93c1-f02d-43e0-aeb6-4b887d93e883,False,cosponsor
13503274-2d81-46cb-9f74-8c1a0b8cd171,Debra L. DeSimone,person,,ocd-person/7ef7472f-0bda-4708-9239-76adeca1e87e,ocd-bill/8d72d7f5-93b5-494d-8801-aff934d94f87,False,cosponsor
356bfba7-5b84-4aee-aa35-e22ae21ccb88,Michael D. Cahill,person,,ocd-person/facb5409-244f-4381-8452-e6a1078bb1c5,ocd-bill/8d72d7f5-93b5-494d-8801-aff934d94f87,True,primary
9223685b-3ce4-4fee-9f65-47ea86279885,Keith M. Ammon,person,,,ocd-bill/588d8ec0-dbe9-4c1d-a058-d8cd4d38bcf5,True,primary
a5bb35e8-72e7-443b-a701-16f9cf1d5db3,Jason M. Osborne,person,,ocd-person/6e2bc564-5cd1-4f96-a265-4753b7f12ee1,ocd-bill/588d8ec0-dbe9-4c1d-a058-d8cd4d38bcf5,False,cosponsor
de17ad69-3b96-46f6-bbfc-461ed0209476,Michael Vose,person,,ocd-person/1aa8819a-e1bd-4569-93ec-305ad61e8ea4,ocd-bill/588d8ec0-dbe9-4c1d-a058-d8cd4d38bcf5,False,cosponsor
48327bfa-e7ea-40f9-a0a9-9db2c56559ae,Sharon M Carson,person,,ocd-person/00964fc0-dd57-44c3-87bf-b6d5bbc34560,ocd-bill/d3f3f101-8d8e-412c-9680-17dd67f5fd06,False,cosponsor
663df7d7-d11c-465b-ba55-1791a07e6379,Jeb Bradley,person,,ocd-person/3f5455e8-256e-4442-9c13-bc14f62ce76f,ocd-bill/d3f3f101-8d8e-412c-9680-17dd67f5fd06,False,cosponsor
8349d151-9e81-48f1-8076-0ce414532ca1,Donna M. Soucy,person,,ocd-person/bfbbacfd-e12a-4e07-970e-c2c2c006f4a2,ocd-bill/d3f3f101-8d8e-412c-9680-17dd67f5fd06,False,cosponsor
379af89d-d6f5-4542-b88b-17faf4b69e68,William M. Marsh,person,,ocd-person/22006937-f2ca-4a2e-b92a-457777933dc7,ocd-bill/d3f3f101-8d8e-412c-9680-17dd67f5fd06,False,cosponsor
77b0b375-7bf5-4900-a069-31ec66369632,Tom Sherman,person,,ocd-person/ee95d0de-e55e-4733-ba97-0fde66adf65c,ocd-bill/d3f3f101-8d8e-412c-9680-17dd67f5fd06,True,primary
5cee1570-7d9d-4b89-ac04-5af1ab0eb206,Gary L. Woods,person,,ocd-person/5d98b66b-f4d1-4776-953f-67dc348fdd12,ocd-bill/d3f3f101-8d8e-412c-9680-17dd67f5fd06,False,cosponsor
b215330c-d67c-4c9c-9f62-f826f4c458a1,Cindy Rosenwald,person,,ocd-person/f3e949ce-6d98-4826-bbca-08039cea4ea4,ocd-bill/d3f3f101-8d8e-412c-9680-17dd67f5fd06,False,cosponsor
7925c0ec-1c56-40ef-88c5-3838ca6c7bbc,Erin Hennessey,person,,ocd-person/b8009d8b-0bb8-4a70-9e34-96d247a3327b,ocd-bill/d3f3f101-8d8e-412c-9680-17dd67f5fd06,False,cosponsor
89c5c99f-b05d-4579-a1b0-c04a539daa22,Suzanne M Prentiss,person,,ocd-person/de206392-deba-4ecf-96a3-33494c415417,ocd-bill/d3f3f101-8d8e-412c-9680-17dd67f5fd06,False,cosponsor
d9e14df1-9085-4d28-863c-7225f3b19c7d,Rebecca G. Whitley,person,,ocd-person/92267d4c-e6f1-4f45-87be-83f229c2cd36,ocd-bill/d3f3f101-8d8e-412c-9680-17dd67f5fd06,False,cosponsor
f37c9317-192a-474a-b8ab-0e039ef44c24,Debra L. DeSimone,person,,ocd-person/7ef7472f-0bda-4708-9239-76adeca1e87e,ocd-bill/6f02866e-f44c-45d5-9e44-47064e683c57,True,primary
e730f8a1-aa9c-4d2f-92e4-cbf244b088de,Jeb Bradley,person,,ocd-person/3f5455e8-256e-4442-9c13-bc14f62ce76f,ocd-bill/34d875b8-3b7a-4c47-8fdc-8e03ca8e392b,False,cosponsor
9bbdb1a4-eb3f-4ca6-ac77-15dff12850df,Bill G. Nelson,person,,ocd-person/7f0e0e2d-f085-4d4b-bebb-f5aa37741fd5,ocd-bill/34d875b8-3b7a-4c47-8fdc-8e03ca8e392b,False,cosponsor
67309e45-b164-4f22-96cf-58b744f0258e,William M. Marsh,person,,ocd-person/22006937-f2ca-4a2e-b92a-457777933dc7,ocd-bill/34d875b8-3b7a-4c47-8fdc-8e03ca8e392b,True,primary
c4735d71-8713-457a-a694-2b3875d0df59,Jeffrey C. Salloway,person,,ocd-person/ff3c9490-e187-451d-b600-ca895bfaf0b0,ocd-bill/34d875b8-3b7a-4c47-8fdc-8e03ca8e392b,False,cosponsor
f7c94802-67c1-4483-a79d-54e4c2813866,Gary L. Woods,person,,ocd-person/5d98b66b-f4d1-4776-953f-67dc348fdd12,ocd-bill/34d875b8-3b7a-4c47-8fdc-8e03ca8e392b,False,cosponsor
6df71dd9-03f8-4cda-a8bc-21993223fe69,Hershel Nunez,person,,ocd-person/3724f35b-dc08-456a-a432-1ead531e8dfd,ocd-bill/a3fd1fa8-7e17-4297-ba0c-2c07d881c3ba,True,primary
8e000b92-c67c-4b05-8e33-45d08b1d6e9e,Aidan Ankarberg,person,,ocd-person/540cbe60-cc65-4ff6-8c78-5d54488e5ed8,ocd-bill/a3fd1fa8-7e17-4297-ba0c-2c07d881c3ba,False,cosponsor
9da9d72b-696d-40a1-b29b-41b610efcfa2,Mary Beth Walz,person,,ocd-person/aee31921-5d02-4da9-8e3e-3137b4bb8bf4,ocd-bill/70c56914-0776-40c5-8e89-3772c128bd06,False,cosponsor
24420d94-8a17-416e-a7ec-cf201a11fc0a,Paul S. Berch,person,,ocd-person/f96a072d-9add-44b0-8028-0ec057f31f52,ocd-bill/70c56914-0776-40c5-8e89-3772c128bd06,True,primary
c11dfb35-01bf-4908-9fce-add3113630da,Joe Schapiro,person,,ocd-person/44fbe7a3-bc2c-4ab0-b669-35521e926782,ocd-bill/70c56914-0776-40c5-8e89-3772c128bd06,False,cosponsor
c71f84e3-ffdb-479f-8ef3-4a77668f3948,Diane M. Langley,person,,ocd-person/740ad96e-04da-40f1-a827-9d187e63e686,ocd-bill/70c56914-0776-40c5-8e89-3772c128bd06,False,cosponsor
8f6ef116-9448-4fcc-9620-670ef3f19b3a,Wendy Chase,person,,ocd-person/c24da601-15f1-482c-a234-f8443056c77a,ocd-bill/70c56914-0776-40c5-8e89-3772c128bd06,False,cosponsor
b9848aa8-1d64-489f-a02c-3bfc33521fa3,Sharon M Carson,person,,ocd-person/00964fc0-dd57-44c3-87bf-b6d5bbc34560,ocd-bill/1c5b9e57-372b-4882-b3b2-6248a5e5f26c,True,primary
099cab92-7647-4fd8-8ff0-4eb04b2cbfbf,James P. Gray,person,,ocd-person/e6443187-eb51-42eb-8bd7-349ed0ba9641,ocd-bill/0ca4b57a-4f70-4f8b-8225-c094e242a0e6,True,primary
7d1db6e9-ca21-4df9-8010-c2d78133cbd4,John Reagan,person,,ocd-person/f516d40a-3676-4437-8285-a931d7c2885b,ocd-bill/50d33b17-b1c7-4f41-99bc-cca997ee5d06,False,cosponsor
fcac9156-030d-4007-8563-9d34ab3a9890,Donna M. Soucy,person,,ocd-person/bfbbacfd-e12a-4e07-970e-c2c2c006f4a2,ocd-bill/50d33b17-b1c7-4f41-99bc-cca997ee5d06,False,cosponsor
5c2debb8-5301-4cab-b77a-d54a0e654b9a,Howard C. Pearl,person,,ocd-person/c4122c6a-ed23-492e-b813-59a0fed1ec86,ocd-bill/50d33b17-b1c7-4f41-99bc-cca997ee5d06,False,cosponsor
77aebd1d-8624-48dc-a5f6-ea99ddb6a29a,Bob J. Giuda,person,,ocd-person/7739a4d0-534e-4bdb-b7fb-6a8f348e833e,ocd-bill/50d33b17-b1c7-4f41-99bc-cca997ee5d06,False,cosponsor
2effdce5-84de-4643-906b-55a52e994123,Harold F. French,person,,ocd-person/ff11da65-174b-4fdc-b33c-e5d6d56602f0,ocd-bill/50d33b17-b1c7-4f41-99bc-cca997ee5d06,True,primary
adbac0bc-6fc3-470c-9134-18125074868c,Tom Sherman,person,,ocd-person/ee95d0de-e55e-4733-ba97-0fde66adf65c,ocd-bill/50d33b17-b1c7-4f41-99bc-cca997ee5d06,False,cosponsor
1ac5a39b-89a1-499b-98a1-691f81c7918c,Erin Hennessey,person,,ocd-person/b8009d8b-0bb8-4a70-9e34-96d247a3327b,ocd-bill/50d33b17-b1c7-4f41-99bc-cca997ee5d06,False,cosponsor
0a44e475-1ea1-4cb7-ab1a-1c0c6ff4d5e2,Denise Ricciardi,person,,ocd-person/8dc59c94-caba-41b2-a6ba-6bca0f595118,ocd-bill/50d33b17-b1c7-4f41-99bc-cca997ee5d06,False,cosponsor
3d773089-e005-48b9-99ee-18fbb1c4d6b0,Linda R. Gould,person,,ocd-person/40ae4adb-2124-47ca-82b5-9eee794af4a2,ocd-bill/b1b4640a-9979-41bc-978a-cc1e7ab28d3d,False,cosponsor
7474d4d8-7241-4047-9287-71d35cb08da7,Regina Birdsell,person,,ocd-person/461c9024-c8c3-44a5-91d6-015a6587db5f,ocd-bill/b1b4640a-9979-41bc-978a-cc1e7ab28d3d,False,cosponsor
98efcd92-2c3a-4c77-b6bf-fdd30e12c585,Terry Roy,person,,ocd-person/6d43b165-fda9-4918-a2b7-ad66940062a0,ocd-bill/b1b4640a-9979-41bc-978a-cc1e7ab28d3d,False,cosponsor
c004c574-3596-471e-acab-892a860d093e,Daryl A. Abbas,person,,ocd-person/6dfd683a-1f79-49db-95a9-07f4f9898a22,ocd-bill/b1b4640a-9979-41bc-978a-cc1e7ab28d3d,True,primary
4a5eec70-d2a3-4a3e-a989-499d17a6cc68,Niki Kelsey,person,,ocd-person/eb615c25-53ee-4866-9c5d-d32e1ebb9822,ocd-bill/b1b4640a-9979-41bc-978a-cc1e7ab28d3d,False,cosponsor
b14147ae-c3e1-4829-b264-89525edddaa0,John A. Graham,person,,ocd-person/05a586d8-4c39-4578-95f6-7aaa30b3c67c,ocd-bill/14d9a478-06df-45d2-8821-7b14ec8b5bcc,True,primary
090dc4ab-01da-4c8d-92f0-7036143e0923,John M. Potucek,person,,ocd-person/433c67d6-bfdc-410e-87e2-463c93d55a17,ocd-bill/09b6b21e-4bdb-4af8-a2ac-42d89466e59f,False,cosponsor
667bfbd3-3962-435a-b073-f7497a298941,Katherine J. Prudhomme-O'Brien,person,,ocd-person/a0a8c9d8-1f27-4d28-a249-8a5856ea5c05,ocd-bill/09b6b21e-4bdb-4af8-a2ac-42d89466e59f,False,cosponsor
06a097e6-91fb-4ded-ad0d-2c69b973a7a2,Douglas W. Thomas,person,,ocd-person/5db11498-80a8-4136-9c50-2c7f1a2f6826,ocd-bill/09b6b21e-4bdb-4af8-a2ac-42d89466e59f,False,cosponsor
c54a7981-0a6c-4cd9-bb37-f0a92525c74d,Regina Birdsell,person,,ocd-person/461c9024-c8c3-44a5-91d6-015a6587db5f,ocd-bill/09b6b21e-4bdb-4af8-a2ac-42d89466e59f,False,cosponsor
068c0d03-45a6-4550-8b63-dd542d56724d,David C. Love,person,,ocd-person/1c956ef6-b705-4e9d-af0c-f66d6f44591e,ocd-bill/09b6b21e-4bdb-4af8-a2ac-42d89466e59f,False,cosponsor
fde4da1c-8d75-4f31-b734-57d33266e08a,Erica J. Layon,person,,ocd-person/94df7a3f-b27d-42c1-9ecc-1ebdc707c9ae,ocd-bill/09b6b21e-4bdb-4af8-a2ac-42d89466e59f,True,primary
16b1d984-4b61-4abc-90b9-0ec6df28dc67,Peter F. Somssich,person,,ocd-person/8bb75c80-4c06-42a7-86c0-c0315a2faf7c,ocd-bill/a1400c55-1ae8-4627-b7cf-bc3c63d5bd35,True,primary
e3c6fb3c-ce25-4d06-85bb-fb4263148ecb,David Meuse,person,,ocd-person/4b449f0f-2024-4e18-bbbd-7f0bbcfa8cac,ocd-bill/a1400c55-1ae8-4627-b7cf-bc3c63d5bd35,False,cosponsor
a134a283-3d37-4983-b1fe-146ce93461fe,Joan L. Hamblet,person,,ocd-person/c0b6bd27-86aa-48a8-8c15-9724581b1145,ocd-bill/a1400c55-1ae8-4627-b7cf-bc3c63d5bd35,False,cosponsor
5c91c79e-ad1f-4082-bae3-167b1090b4e3,Norman J. Silber,person,,ocd-person/2f3c984e-640c-49ec-aba9-4928db0e9edc,ocd-bill/40ac43ac-dbee-45a9-a155-7ae41c3a226c,False,cosponsor
7b2f10b0-4406-4071-b214-7435c24a2ba0,Barbara Comtois,person,,ocd-person/3e0ee111-2332-4742-b073-a23cc37a8b51,ocd-bill/40ac43ac-dbee-45a9-a155-7ae41c3a226c,True,primary
a6c1e35d-d4a4-4e2f-882d-53352c59b41a,Kevin G. Verville,person,,ocd-person/9d10ccec-b571-4eea-b025-9ed7634b6516,ocd-bill/40ac43ac-dbee-45a9-a155-7ae41c3a226c,False,cosponsor
84be74ab-b31d-4e9f-b14c-a16efff727a6,Jeb Bradley,person,,ocd-person/3f5455e8-256e-4442-9c13-bc14f62ce76f,ocd-bill/4ce782bd-7da1-45a3-92ed-0a1c1e8d3365,True,primary
6c65d3a2-c5a1-4fb0-9b64-abf1fe9c3708,David H Watters,person,,ocd-person/cf24defe-6df3-49f3-88ca-c6774b144f19,ocd-bill/4ce782bd-7da1-45a3-92ed-0a1c1e8d3365,False,cosponsor
12f915de-a37a-4b29-9d1d-a9227569799e,Edward M. Gordon,person,,ocd-person/1e527c99-df26-4b70-8f9e-62df18dad8bb,ocd-bill/4ce782bd-7da1-45a3-92ed-0a1c1e8d3365,False,cosponsor
35910e43-58c5-487b-90c8-0b1a4ee6e5b8,Timothy P. Lang,person,,ocd-person/85064309-421e-4611-a6c5-800234db68fb,ocd-bill/4ce782bd-7da1-45a3-92ed-0a1c1e8d3365,False,cosponsor
20b19d2d-9127-4e1b-adb6-507a5414af12,Troy E. Merner,person,,ocd-person/729664f2-12c4-4c70-82a5-fee852813a0c,ocd-bill/4ce782bd-7da1-45a3-92ed-0a1c1e8d3365,False,cosponsor
c73f1ff1-165f-4069-8d84-1698efa1ddf9,Howard C. Pearl,person,,ocd-person/c4122c6a-ed23-492e-b813-59a0fed1ec86,ocd-bill/4ce782bd-7da1-45a3-92ed-0a1c1e8d3365,False,cosponsor
22c0d688-0ac3-4caf-b605-c63ec272690b,Bob J. Giuda,person,,ocd-person/7739a4d0-534e-4bdb-b7fb-6a8f348e833e,ocd-bill/4ce782bd-7da1-45a3-92ed-0a1c1e8d3365,False,cosponsor
7cca03a5-6b0b-4048-a902-25386c0a245d,Rebecca Perkins Kwoka,person,,ocd-person/c20b7693-7f2c-4646-af7f-d57518edd1a4,ocd-bill/4ce782bd-7da1-45a3-92ed-0a1c1e8d3365,False,cosponsor
313520f8-79c5-4923-9b6f-b7c896b22f1c,John M. Potucek,person,,ocd-person/433c67d6-bfdc-410e-87e2-463c93d55a17,ocd-bill/653d7756-7f54-48a7-b7da-a52740ab7385,False,cosponsor
b7b8b025-55a4-4508-ba7c-e4f201519382,Michael D. Harrington,person,,ocd-person/21e95dbc-c226-4f4a-9fa2-8f5b374d0a98,ocd-bill/653d7756-7f54-48a7-b7da-a52740ab7385,True,primary
096abb58-b447-45e9-94b7-67720f552c77,Peter E. Torosian,person,,ocd-person/45e36880-19af-4f3f-89d4-624946625e7f,ocd-bill/653d7756-7f54-48a7-b7da-a52740ab7385,False,cosponsor
1b79bb4b-16ae-4595-99e9-9446ff78f152,Judy F. Aron,person,,ocd-person/533fb85c-c4f0-41f3-9bc6-8b1c422a9693,ocd-bill/653d7756-7f54-48a7-b7da-a52740ab7385,False,cosponsor
01770c7c-c2a5-4824-91ac-4aa888e7da1f,Barbara J. Griffin,person,,ocd-person/ce1a184c-47a7-4b48-a028-d39585bcf9c3,ocd-bill/b86ebd94-6ba9-47fe-b1bc-ad024579ad6f,True,primary
2bb24347-df25-4db4-9323-8469f9d8ec69,Jacqueline A. Cali-Pitts,person,,ocd-person/b665e9e7-0c14-4348-9378-529bd9c7497b,ocd-bill/8ba79515-0dc3-4558-be5a-f69c28ca1913,True,primary
be97b612-7c57-4a30-97e7-a585a805cba0,Max Abramson,person,,ocd-person/83f50732-5fc6-4287-87aa-786cf169840c,ocd-bill/8ba79515-0dc3-4558-be5a-f69c28ca1913,False,cosponsor
cfe1909b-a724-40e0-a05b-d8d9d3962711,Sallie D. Fellows,person,,ocd-person/2260bb0a-065f-4d26-a814-f70aa2c16705,ocd-bill/8ba79515-0dc3-4558-be5a-f69c28ca1913,False,cosponsor
927bf5ba-195a-4b8e-9f55-dfba1737648b,John A. Burt,person,,ocd-person/084e4187-cca0-4f45-ac5a-8514056e94a6,ocd-bill/7da34f99-d62a-4cbb-95c1-1cfd21b9bdab,True,primary
c3390390-1d4f-43e7-a846-734cd1082346,Gary L. Daniels,person,,ocd-person/4c8ac73e-dca4-48ca-b50c-25d0d41425bc,ocd-bill/7da34f99-d62a-4cbb-95c1-1cfd21b9bdab,False,cosponsor
13e9a852-ba1f-4fba-a464-a7d8b20595e6,Norman J. Silber,person,,ocd-person/2f3c984e-640c-49ec-aba9-4928db0e9edc,ocd-bill/7da34f99-d62a-4cbb-95c1-1cfd21b9bdab,False,cosponsor
ee070971-c356-408d-beea-570e3b658e93,Bob J. Giuda,person,,ocd-person/7739a4d0-534e-4bdb-b7fb-6a8f348e833e,ocd-bill/7da34f99-d62a-4cbb-95c1-1cfd21b9bdab,False,cosponsor
4bd9e57c-9046-40b7-85eb-e0ce1e15f47a,Hershel Nunez,person,,ocd-person/3724f35b-dc08-456a-a432-1ead531e8dfd,ocd-bill/7da34f99-d62a-4cbb-95c1-1cfd21b9bdab,False,cosponsor
90bc9c47-8b2a-41a6-a4a5-327300c2e862,Terry Roy,person,,ocd-person/6d43b165-fda9-4918-a2b7-ad66940062a0,ocd-bill/7da34f99-d62a-4cbb-95c1-1cfd21b9bdab,False,cosponsor
11c13428-d93b-4735-83dc-b6b5edd37f5c,Jennifer M. Rhodes,person,,ocd-person/50eaea14-c7e4-4aac-890e-bda69eb86978,ocd-bill/7da34f99-d62a-4cbb-95c1-1cfd21b9bdab,False,cosponsor
2dc6d47d-72af-47fb-9575-c4a9212fd03e,Jim Kofalt,person,,ocd-person/fa8b39ea-006f-420a-9a3f-fe36d0db8776,ocd-bill/7da34f99-d62a-4cbb-95c1-1cfd21b9bdab,False,cosponsor
19e17be7-f6aa-401d-aeb0-13e6819a75b8,Ted Gorski,person,,ocd-person/c40abbd9-220c-4081-9ad8-9559c10f9aae,ocd-bill/7da34f99-d62a-4cbb-95c1-1cfd21b9bdab,False,cosponsor
155314c0-4c87-439e-a5ab-8ec0924c967c,Niki Kelsey,person,,ocd-person/eb615c25-53ee-4866-9c5d-d32e1ebb9822,ocd-bill/7da34f99-d62a-4cbb-95c1-1cfd21b9bdab,False,cosponsor
850eb0c3-a5e6-4a31-873f-542d858d2633,Timothy P. Lang,person,,ocd-person/85064309-421e-4611-a6c5-800234db68fb,ocd-bill/1603e7fc-ca0e-40ed-b7c4-711aa7389335,False,cosponsor
3871d48a-b9a9-4ce2-8e85-6be79242077c,James P. Gray,person,,ocd-person/e6443187-eb51-42eb-8bd7-349ed0ba9641,ocd-bill/1603e7fc-ca0e-40ed-b7c4-711aa7389335,True,primary
c6c92f62-753f-4d2a-9409-350c96f6bc81,Ruth Ward,person,,ocd-person/9089a509-1f26-4770-adc6-199ed716e692,ocd-bill/1603e7fc-ca0e-40ed-b7c4-711aa7389335,False,cosponsor
cf0d76f4-e12d-4cad-a271-9250be048ea6,Betty I. Gay,person,,ocd-person/c2486401-1c5f-4cfc-b4ef-bbae6b8c0489,ocd-bill/c10dc118-79a3-4579-85fe-b75d996db184,False,cosponsor
77adb98b-94e8-4808-9e01-04e513c2f7b3,John C. Janigian,person,,ocd-person/4c4f4974-0202-43a0-9aba-f41d0f99603a,ocd-bill/c10dc118-79a3-4579-85fe-b75d996db184,True,primary
4ddbeb02-c01a-4197-9aa1-d43f950b46f2,Daryl A. Abbas,person,,ocd-person/6dfd683a-1f79-49db-95a9-07f4f9898a22,ocd-bill/c10dc118-79a3-4579-85fe-b75d996db184,False,cosponsor
79b59235-f7d1-4d84-a453-54d39fdce946,Everett P. McBride,person,,ocd-person/d6ab2257-ead8-45ce-9e50-33ab4269ac5e,ocd-bill/c10dc118-79a3-4579-85fe-b75d996db184,False,cosponsor
7b572d39-8d3b-40ff-8cb9-4cfc04f64c2c,Max Abramson,person,,ocd-person/83f50732-5fc6-4287-87aa-786cf169840c,ocd-bill/530fb629-54ec-4594-8510-705c3cc943b8,False,cosponsor
f70463d3-ab67-4f42-b116-78e62760b578,Chris True,person,,ocd-person/9debae73-c678-420c-a515-c7381e304d1c,ocd-bill/530fb629-54ec-4594-8510-705c3cc943b8,True,primary
557eefad-4048-47a6-8c3e-b23502c48999,Peter E. Torosian,person,,ocd-person/45e36880-19af-4f3f-89d4-624946625e7f,ocd-bill/530fb629-54ec-4594-8510-705c3cc943b8,False,cosponsor
0708f58f-8795-4393-bc1c-806695aab3a1,Bob J. Greene,person,,ocd-person/c51b7c0a-47d7-4567-900e-dccb42942ca6,ocd-bill/530fb629-54ec-4594-8510-705c3cc943b8,False,cosponsor
2f65eb3a-94c5-483a-8229-e0c6015a7ef7,Tony Piemonte,person,,ocd-person/45e7b6d4-c265-40a9-ba77-47a7a454ed71,ocd-bill/530fb629-54ec-4594-8510-705c3cc943b8,False,cosponsor
d549d2f8-1b67-4655-a47a-55745ee9a90b,Deborah L. Hobson,person,,ocd-person/6e4aa2d5-d1c7-4009-950f-e5ebedea7189,ocd-bill/530fb629-54ec-4594-8510-705c3cc943b8,False,cosponsor
06e152a8-9d3d-482f-b17d-040195f12f6e,Beth A. Folsom,person,,ocd-person/7a3b75f8-bea5-47f4-bc58-3f23a5de81e0,ocd-bill/530fb629-54ec-4594-8510-705c3cc943b8,False,cosponsor
d489c7e7-b549-4409-8846-c25fa4a772a8,Robert Renny Cushing,person,,ocd-person/cdb3279c-243a-4ca0-8e83-fcb10a975736,ocd-bill/aa4777c6-3228-4cac-9400-55c62c5875c7,True,primary
43b28346-4114-4af5-8901-192921dffffd,Linda C. Harriott-Gathright,person,,ocd-person/1e2b57f6-dbb9-4069-a71b-d40828c80cfa,ocd-bill/aa4777c6-3228-4cac-9400-55c62c5875c7,False,cosponsor
de15b09e-9ec7-49b4-88dd-816aa57b19b3,Charlotte I. DiLorenzo,person,,ocd-person/75a682ff-407d-4192-858d-9ce6a979c400,ocd-bill/aa4777c6-3228-4cac-9400-55c62c5875c7,False,cosponsor
2e49d6d3-e27b-4b5f-9569-f8f0c4c53387,Tom Sherman,person,,ocd-person/ee95d0de-e55e-4733-ba97-0fde66adf65c,ocd-bill/aa4777c6-3228-4cac-9400-55c62c5875c7,False,cosponsor
0b6892e7-f5a4-4e76-ba5d-390fd3c0e62b,Safiya Wazir,person,,ocd-person/a2975441-f5d1-4e95-8a4e-1d930fc16bc2,ocd-bill/aa4777c6-3228-4cac-9400-55c62c5875c7,False,cosponsor
bc9cbea2-2009-436c-962b-5755d55fc824,Michael D. Cahill,person,,ocd-person/facb5409-244f-4381-8452-e6a1078bb1c5,ocd-bill/45ec4124-8a84-4f2f-8da6-e46302bc1800,True,primary
9cdf8b0d-9539-4a28-94c6-630652ce07c0,Mel Myler,person,,ocd-person/8c5f7a02-e92b-4f64-b698-c178b8fd23bb,ocd-bill/45ec4124-8a84-4f2f-8da6-e46302bc1800,False,cosponsor
3c65002e-3f0a-4bff-80ea-f0f2322c2911,Arthur S. Ellison,person,,ocd-person/677500cb-eb95-4ad1-b3f5-02894c28e369,ocd-bill/45ec4124-8a84-4f2f-8da6-e46302bc1800,False,cosponsor
304ccd23-a58e-4df8-b292-75247fc5b370,Chuck Morse,person,,ocd-person/72b8f708-a22d-477d-9c55-e5d14b8308a6,ocd-bill/c7cdeaf7-74ac-4d67-8ef8-336ed1c6dfc0,False,cosponsor
692ec670-dcdd-4a6f-b37f-4fda525f61fa,Jeb Bradley,person,,ocd-person/3f5455e8-256e-4442-9c13-bc14f62ce76f,ocd-bill/c7cdeaf7-74ac-4d67-8ef8-336ed1c6dfc0,False,cosponsor
8f481f00-7965-4b36-9232-5b67721b23d8,John Reagan,person,,ocd-person/f516d40a-3676-4437-8285-a931d7c2885b,ocd-bill/c7cdeaf7-74ac-4d67-8ef8-336ed1c6dfc0,True,primary
44175a80-d2ce-48c2-84a7-bec383080cc1,Carol M. McGuire,person,,ocd-person/ae3d6133-98b5-444e-b95e-2edc2f5302dc,ocd-bill/c7cdeaf7-74ac-4d67-8ef8-336ed1c6dfc0,False,cosponsor
fe61f4f0-258f-4813-b83a-8e8e536024c5,Dick Marston,person,,ocd-person/9d511cf6-1163-40c4-913f-548d3c807f66,ocd-bill/c7cdeaf7-74ac-4d67-8ef8-336ed1c6dfc0,False,cosponsor
b740fcf4-8170-4d55-a4ae-03d6d669b558,James A. Spillane,person,,ocd-person/2520dc46-648c-44d0-ba1f-fe09b17a9d8b,ocd-bill/c7cdeaf7-74ac-4d67-8ef8-336ed1c6dfc0,False,cosponsor
aef6b10b-cdf7-40e7-9d64-ebc09f959d4a,Gary L. Daniels,person,,ocd-person/4c8ac73e-dca4-48ca-b50c-25d0d41425bc,ocd-bill/c7cdeaf7-74ac-4d67-8ef8-336ed1c6dfc0,False,cosponsor
605509c5-d174-4ed7-b1c1-ee87f822a489,James P. Gray,person,,ocd-person/e6443187-eb51-42eb-8bd7-349ed0ba9641,ocd-bill/c7cdeaf7-74ac-4d67-8ef8-336ed1c6dfc0,False,cosponsor
0ec27201-2379-4513-bc59-4d26e802d7d2,Bill Gannon,person,,ocd-person/d3c437bd-532d-458b-961f-4f6dccec1e4b,ocd-bill/c7cdeaf7-74ac-4d67-8ef8-336ed1c6dfc0,False,cosponsor
c72933d3-9c1f-485a-b77f-7ec3fd5cdad0,Harold F. French,person,,ocd-person/ff11da65-174b-4fdc-b33c-e5d6d56602f0,ocd-bill/c7cdeaf7-74ac-4d67-8ef8-336ed1c6dfc0,False,cosponsor
50633036-a723-4831-8b29-0f2afce2b614,Alicia D. Lekas,person,,ocd-person/50bcd6fc-7d60-4595-811c-213e18faf326,ocd-bill/c7cdeaf7-74ac-4d67-8ef8-336ed1c6dfc0,False,cosponsor
91618d98-6f2b-4d5f-9c89-a6e8667ed171,Carol M. McGuire,person,,ocd-person/ae3d6133-98b5-444e-b95e-2edc2f5302dc,ocd-bill/7b9154d4-33ba-4438-8f25-92e0f0ee6736,False,cosponsor
13fcc22f-6a75-4393-84b1-cff38b571c83,Mark Warden,person,,ocd-person/01358592-fa6d-49bf-a933-ea2f223572d7,ocd-bill/7b9154d4-33ba-4438-8f25-92e0f0ee6736,False,cosponsor
9a83a49e-05db-4aa8-8f68-5fa947eab195,John Lewicke,person,,ocd-person/32401243-00a9-4a26-a2cb-0ebf497dbabc,ocd-bill/7b9154d4-33ba-4438-8f25-92e0f0ee6736,False,cosponsor
ba151954-c3b1-49b9-b2fd-921b73484225,Josh S. Yokela,person,,ocd-person/c96f9d7a-b859-4b37-8fdd-4097b21d3f2c,ocd-bill/7b9154d4-33ba-4438-8f25-92e0f0ee6736,False,cosponsor
b32ec37b-4af5-4f0a-b8e3-d6d6952a4c92,Diane Pauer,person,,ocd-person/7cc1d333-efac-47fb-a109-98113c762790,ocd-bill/7b9154d4-33ba-4438-8f25-92e0f0ee6736,True,primary
6d4f18dc-a64b-4d32-ab55-b2ea7892f3a2,Tony Lekas,person,,ocd-person/97ccf8c1-af1c-4a3c-b267-683d0446b790,ocd-bill/8317bb74-a6ab-4e3e-ad90-43889cccf246,False,cosponsor
fef361b8-4838-44f8-8add-39e14d563d79,Tom Dolan,person,,ocd-person/330b6b4b-dfa6-4379-ae45-bedd9b276fcd,ocd-bill/8317bb74-a6ab-4e3e-ad90-43889cccf246,True,primary
a5cb68e0-4d9d-4b72-8eab-972f400adf44,Dianne E. Schuett,person,,ocd-person/62ff0476-f4e6-411f-a58e-2e7963cde2ab,ocd-bill/3f58919a-f4c4-49b9-abb3-410516f6722e,True,primary
11cdc24d-04a5-4a2d-928a-1ab0fdf57527,Mark A. Pearson,person,,ocd-person/6c90e0a1-d9d5-488c-a9a3-898ca5b0f9a4,ocd-bill/3f58919a-f4c4-49b9-abb3-410516f6722e,False,cosponsor
061eaa5e-1a56-42a5-a558-fac365d5595a,Kristina M. Schultz,person,,ocd-person/8698b473-ea4e-4126-8766-a2b5b5878702,ocd-bill/3f58919a-f4c4-49b9-abb3-410516f6722e,False,cosponsor
6d64f885-be48-4436-8a58-3617e92b354d,Arthur S. Ellison,person,,ocd-person/677500cb-eb95-4ad1-b3f5-02894c28e369,ocd-bill/3f58919a-f4c4-49b9-abb3-410516f6722e,False,cosponsor
c191a3e1-2679-476a-b3e8-9d26ff61cdaf,Gary Merchant,person,,ocd-person/78078880-ab6f-4f87-b095-8b85c31f1780,ocd-bill/3f58919a-f4c4-49b9-abb3-410516f6722e,False,cosponsor
1dac42b1-5308-4dfe-a947-441b94379bbe,Marjorie A. Porter,person,,ocd-person/0999b615-be84-4309-b4ca-68261c1155ab,ocd-bill/99360454-cd10-47ac-98f4-cc1fe2085769,False,cosponsor
0b97a8c9-9ab4-47b2-b592-ad10d5da1b59,Bill G. Nelson,person,,ocd-person/7f0e0e2d-f085-4d4b-bebb-f5aa37741fd5,ocd-bill/99360454-cd10-47ac-98f4-cc1fe2085769,False,cosponsor
0ac65612-f2f0-4e0e-b33b-45a14ce1e492,Jerry L. Knirk,person,,ocd-person/ce0bd184-d264-46d8-87fc-f2590e2a1ed1,ocd-bill/99360454-cd10-47ac-98f4-cc1fe2085769,False,cosponsor
acc55299-e58f-4aad-9dfd-0693b8ff86dc,Mark A. Pearson,person,,ocd-person/6c90e0a1-d9d5-488c-a9a3-898ca5b0f9a4,ocd-bill/99360454-cd10-47ac-98f4-cc1fe2085769,True,primary
c62105e1-c7aa-42ea-83a3-3a681dae2000,Gary L. Woods,person,,ocd-person/5d98b66b-f4d1-4776-953f-67dc348fdd12,ocd-bill/99360454-cd10-47ac-98f4-cc1fe2085769,False,cosponsor
77a8f195-471f-4e87-a6d6-84a60f3861f9,Gary Merchant,person,,ocd-person/78078880-ab6f-4f87-b095-8b85c31f1780,ocd-bill/99360454-cd10-47ac-98f4-cc1fe2085769,False,cosponsor
fc69acff-23a1-42fd-b456-e230fca9e167,Scott Wallace,person,,,ocd-bill/813d0fc0-c726-4fb0-9078-72ab3c3d85b2,True,primary
a08b2a6e-3d07-4c67-b4fd-71788b3a0dee,Bill Gannon,person,,ocd-person/d3c437bd-532d-458b-961f-4f6dccec1e4b,ocd-bill/813d0fc0-c726-4fb0-9078-72ab3c3d85b2,False,cosponsor
7db065c3-2073-4ac0-a183-b0b6fe746307,Raymond J. Howard,person,,ocd-person/2d20ed08-99dd-4520-8637-dfc71b6a2e01,ocd-bill/373da242-9d88-492b-bdf8-a34bd2c6b5bb,False,cosponsor
301dd8b1-8048-4ee8-a308-1eef4e230058,Barbara Comtois,person,,ocd-person/3e0ee111-2332-4742-b073-a23cc37a8b51,ocd-bill/373da242-9d88-492b-bdf8-a34bd2c6b5bb,True,primary
9a97df4f-7c8e-4b60-b46f-cb41c519eed2,James L. Mason,person,,ocd-person/7d004604-9d6b-4b7f-a288-f29566d9b9fe,ocd-bill/373da242-9d88-492b-bdf8-a34bd2c6b5bb,False,cosponsor
adf3a8cf-1e52-4a13-b431-62dd30552ed9,Suzanne M. Vail,person,,ocd-person/ce985799-268d-4190-b078-955fc63a8c3c,ocd-bill/749e1da2-9cd3-4634-8dac-f1dd07859503,True,primary
a7e01778-90dd-4489-869d-6185a64ace23,Maureen C. Mooney,person,,ocd-person/4a80db99-34b2-4d33-995b-41d889592bf3,ocd-bill/749e1da2-9cd3-4634-8dac-f1dd07859503,False,cosponsor
8ca78f98-bf29-40b2-bbfb-346b8fb3cd0c,Megan A. Murray,person,,ocd-person/f1902aac-3930-478d-9e89-60cef8bcae0b,ocd-bill/749e1da2-9cd3-4634-8dac-f1dd07859503,False,cosponsor
66db917d-9a9d-4006-88ce-ffc2e77789ef,David Meuse,person,,ocd-person/4b449f0f-2024-4e18-bbbd-7f0bbcfa8cac,ocd-bill/749e1da2-9cd3-4634-8dac-f1dd07859503,False,cosponsor
36717649-a503-429a-a69c-ddb13b09d723,Wendy Chase,person,,ocd-person/c24da601-15f1-482c-a234-f8443056c77a,ocd-bill/749e1da2-9cd3-4634-8dac-f1dd07859503,False,cosponsor
40eb2452-bb5d-4d3b-8c99-20d6ec9940ad,Sue M. Mullen,person,,ocd-person/07c19313-fcb0-476b-b240-e299c55888f7,ocd-bill/749e1da2-9cd3-4634-8dac-f1dd07859503,False,cosponsor
26343907-8a80-4080-9ee0-551740aaefc9,Rebecca Perkins Kwoka,person,,ocd-person/c20b7693-7f2c-4646-af7f-d57518edd1a4,ocd-bill/749e1da2-9cd3-4634-8dac-f1dd07859503,False,cosponsor
96dc4d55-58eb-4be1-95c3-135c7a50c2a2,Robert V. Healey,person,,ocd-person/c7c69eff-d232-40f0-b41b-ef9edd276edf,ocd-bill/749e1da2-9cd3-4634-8dac-f1dd07859503,False,cosponsor
2750b484-072a-41ae-ae09-a533253d3266,Tony Labranche,person,,ocd-person/98b6662b-4d69-4759-b17c-9fd5a4bb7954,ocd-bill/749e1da2-9cd3-4634-8dac-f1dd07859503,False,cosponsor
ee26f02e-0ef2-4e1d-a133-4f9b90e07519,Sharon M Carson,person,,ocd-person/00964fc0-dd57-44c3-87bf-b6d5bbc34560,ocd-bill/7be21b13-22c7-45e8-bc1c-fc343b699cde,True,primary
7e5c765f-1768-4e99-8012-39c795862164,Cody M. Belanger,person,,ocd-person/5aa4450b-2f9d-442f-9c94-b2a8c500812b,ocd-bill/7be21b13-22c7-45e8-bc1c-fc343b699cde,False,cosponsor
67072cec-7e8c-40c5-868e-066b95a7187e,Donovan W. Fenton,person,,ocd-person/34b5aacc-cc43-49c8-af70-c692639b2e4a,ocd-bill/fa64a2b1-9452-452d-a5cd-da7cfba36344,True,primary
eff5d8da-ce2a-4e72-877e-fb87f5c46aa9,Sharon M Carson,person,,ocd-person/00964fc0-dd57-44c3-87bf-b6d5bbc34560,ocd-bill/29082dd2-571d-4444-8f91-04daaaf71391,False,cosponsor
a00c6549-c5a6-4ce8-8aff-53a0a3901f34,William J. Infantine,person,,ocd-person/93966021-59f3-4dbf-9cae-3cb69f19585d,ocd-bill/29082dd2-571d-4444-8f91-04daaaf71391,False,cosponsor
742c2402-2f62-4149-88b3-f6392cdda49f,Peter B. Schmidt,person,,ocd-person/16654889-3b48-44d6-a6d3-8da5d7a434f1,ocd-bill/29082dd2-571d-4444-8f91-04daaaf71391,False,cosponsor
0b89ac72-1fbf-4255-bc1f-a3b3cec6cc48,Timothy P. Lang,person,,ocd-person/85064309-421e-4611-a6c5-800234db68fb,ocd-bill/29082dd2-571d-4444-8f91-04daaaf71391,False,cosponsor
dbe9de2f-decf-4c9e-b143-8984d11f9d5d,Joe H. Alexander,person,,ocd-person/e7800d58-1019-4aff-8d1a-22faba9d3e23,ocd-bill/29082dd2-571d-4444-8f91-04daaaf71391,True,primary
1985388a-6bcd-4d85-b9c6-fd3909f35d05,David Meuse,person,,ocd-person/4b449f0f-2024-4e18-bbbd-7f0bbcfa8cac,ocd-bill/29082dd2-571d-4444-8f91-04daaaf71391,False,cosponsor
08dfd637-1f4f-4e99-8b73-6e0d1cc869c3,Lisa C.M. Post,person,,ocd-person/72ef654a-277a-4309-b0ae-08fee715af2c,ocd-bill/29082dd2-571d-4444-8f91-04daaaf71391,False,cosponsor
993b6308-694e-43f1-9721-e278daca5afc,John Reagan,person,,ocd-person/f516d40a-3676-4437-8285-a931d7c2885b,ocd-bill/77513a25-2c5e-48a2-936c-f0ebccb409f8,False,cosponsor
51fac02f-0a4a-471d-88fc-6a87273d7505,John M. Potucek,person,,ocd-person/433c67d6-bfdc-410e-87e2-463c93d55a17,ocd-bill/77513a25-2c5e-48a2-936c-f0ebccb409f8,True,primary
92e4cebc-a97d-4eb4-8963-86032a887680,Regina Birdsell,person,,ocd-person/461c9024-c8c3-44a5-91d6-015a6587db5f,ocd-bill/77513a25-2c5e-48a2-936c-f0ebccb409f8,False,cosponsor
09809617-2def-46c3-a32d-3a0e0b5aadb9,David W. Binford,person,,ocd-person/9098756d-2231-4e69-84d5-09ab979ee1a2,ocd-bill/77513a25-2c5e-48a2-936c-f0ebccb409f8,False,cosponsor
1b4544a6-2209-4c89-9ec5-8d1efc37a22e,Hershel Nunez,person,,ocd-person/3724f35b-dc08-456a-a432-1ead531e8dfd,ocd-bill/77513a25-2c5e-48a2-936c-f0ebccb409f8,False,cosponsor
5188916b-51ed-4918-8f22-a027f88c48cd,Erin Hennessey,person,,ocd-person/b8009d8b-0bb8-4a70-9e34-96d247a3327b,ocd-bill/77513a25-2c5e-48a2-936c-f0ebccb409f8,False,cosponsor
061c7509-8bc1-4efd-902e-bf34f3baf9ca,Erica J. Layon,person,,ocd-person/94df7a3f-b27d-42c1-9ecc-1ebdc707c9ae,ocd-bill/77513a25-2c5e-48a2-936c-f0ebccb409f8,False,cosponsor
e8226cbf-efa8-4558-bdda-649c87c5f610,Cody M. Belanger,person,,ocd-person/5aa4450b-2f9d-442f-9c94-b2a8c500812b,ocd-bill/77513a25-2c5e-48a2-936c-f0ebccb409f8,False,cosponsor
396c1884-512a-433b-87a9-c4da789d5f1f,Aidan Ankarberg,person,,ocd-person/540cbe60-cc65-4ff6-8c78-5d54488e5ed8,ocd-bill/77513a25-2c5e-48a2-936c-f0ebccb409f8,False,cosponsor
f3d6f0d0-0630-41c8-9f53-e1c27904bc4b,Lou D'Allesandro,person,,ocd-person/87c48788-817d-408b-a1e1-ebe1c9fd893d,ocd-bill/e17967d4-f5e4-4261-9051-f9b68a9fbdf4,False,cosponsor
4d8136d1-4776-4cdf-9f54-fed7668e59d8,Jeb Bradley,person,,ocd-person/3f5455e8-256e-4442-9c13-bc14f62ce76f,ocd-bill/e17967d4-f5e4-4261-9051-f9b68a9fbdf4,False,cosponsor
1d4f7c31-fd0e-4ff1-b320-280031912034,David H Watters,person,,ocd-person/cf24defe-6df3-49f3-88ca-c6774b144f19,ocd-bill/e17967d4-f5e4-4261-9051-f9b68a9fbdf4,False,cosponsor
f80f352f-ec9b-4143-b853-db410d24977f,Donna M. Soucy,person,,ocd-person/bfbbacfd-e12a-4e07-970e-c2c2c006f4a2,ocd-bill/e17967d4-f5e4-4261-9051-f9b68a9fbdf4,False,cosponsor
e1039567-03d5-47b9-a50b-0e5bdd2933dc,Mary Jane Wallner,person,,ocd-person/0e6f806c-ba57-4dc6-b6b4-f2a926288ca3,ocd-bill/e17967d4-f5e4-4261-9051-f9b68a9fbdf4,False,cosponsor
e2879e49-3edc-4d0a-9715-870057be785d,Sharon L. Nordgren,person,,ocd-person/21d388d8-9203-4ffb-a4f5-66f843484349,ocd-bill/e17967d4-f5e4-4261-9051-f9b68a9fbdf4,False,cosponsor
18ae11e5-cf74-426e-bd87-82633e469868,William M. Marsh,person,,ocd-person/22006937-f2ca-4a2e-b92a-457777933dc7,ocd-bill/e17967d4-f5e4-4261-9051-f9b68a9fbdf4,False,cosponsor
bbbc045a-2eec-4873-b7aa-3b84bc4d921a,Bob J. Giuda,person,,ocd-person/7739a4d0-534e-4bdb-b7fb-6a8f348e833e,ocd-bill/e17967d4-f5e4-4261-9051-f9b68a9fbdf4,False,cosponsor
6f4f76fb-0488-4af4-8af2-e7b0824704fa,Jay Kahn,person,,ocd-person/998e681b-6df1-4b4a-92db-7a2187cedcd8,ocd-bill/e17967d4-f5e4-4261-9051-f9b68a9fbdf4,False,cosponsor
5faa7533-b136-4935-b5e2-ed7dbe0d9a12,Kevin J. Cavanaugh,person,,ocd-person/7fb2bb33-cbdb-4dfd-9369-64f19f179777,ocd-bill/e17967d4-f5e4-4261-9051-f9b68a9fbdf4,False,cosponsor
9f483220-ee87-4e0e-8cc5-abf2724c8d18,Tom Sherman,person,,ocd-person/ee95d0de-e55e-4733-ba97-0fde66adf65c,ocd-bill/e17967d4-f5e4-4261-9051-f9b68a9fbdf4,False,cosponsor
d26e1bdb-5881-44f1-a11e-79e25e0b7401,Diane M. Langley,person,,ocd-person/740ad96e-04da-40f1-a827-9d187e63e686,ocd-bill/e17967d4-f5e4-4261-9051-f9b68a9fbdf4,False,cosponsor
8e10d093-4204-434d-92f1-2e9d7bc05f07,Cindy Rosenwald,person,,ocd-person/f3e949ce-6d98-4826-bbca-08039cea4ea4,ocd-bill/e17967d4-f5e4-4261-9051-f9b68a9fbdf4,True,primary
49d56ffa-56b5-4d34-8943-8f07396f0bd7,Suzanne M Prentiss,person,,ocd-person/de206392-deba-4ecf-96a3-33494c415417,ocd-bill/e17967d4-f5e4-4261-9051-f9b68a9fbdf4,False,cosponsor
c25f13f4-b573-4c4c-b9b5-bdef934c74b6,Rebecca G. Whitley,person,,ocd-person/92267d4c-e6f1-4f45-87be-83f229c2cd36,ocd-bill/e17967d4-f5e4-4261-9051-f9b68a9fbdf4,False,cosponsor
20bd1659-cd02-44fd-90af-8bd78bec04d3,Rebecca Perkins Kwoka,person,,ocd-person/c20b7693-7f2c-4646-af7f-d57518edd1a4,ocd-bill/e17967d4-f5e4-4261-9051-f9b68a9fbdf4,False,cosponsor
eb6436b9-baa7-4766-81c6-780c9a11216c,Michael Vose,person,,ocd-person/1aa8819a-e1bd-4569-93ec-305ad61e8ea4,ocd-bill/be0414ac-7ec2-4a5b-b2a7-0eae5c93da7e,False,cosponsor
5e98d966-ec3e-46da-b59a-2c52a9e5b5fe,Michael D. Harrington,person,,ocd-person/21e95dbc-c226-4f4a-9fa2-8f5b374d0a98,ocd-bill/be0414ac-7ec2-4a5b-b2a7-0eae5c93da7e,True,primary
ea94cb13-1a2a-4a9d-93b4-bbbabc0f35bb,Robert J. Elliott,person,,ocd-person/acb8c5f4-1002-4599-8098-a38766a59be2,ocd-bill/dfbd0da8-73c2-4669-82d1-bd970d1de77d,False,cosponsor
7a0c9744-baa1-4bf0-b66f-fc1372e4a5f2,Joseph A. Pitre,person,,ocd-person/5ce55936-fd73-4b3c-ba16-70e13734a3c8,ocd-bill/dfbd0da8-73c2-4669-82d1-bd970d1de77d,False,cosponsor
cf57fa3b-af0a-4658-8d5b-7fb26879dad2,Katherine J. Prudhomme-O'Brien,person,,ocd-person/a0a8c9d8-1f27-4d28-a249-8a5856ea5c05,ocd-bill/dfbd0da8-73c2-4669-82d1-bd970d1de77d,False,cosponsor
6c3e2e5e-9a08-40ce-b2be-03dc538380e2,William M. Marsh,person,,ocd-person/22006937-f2ca-4a2e-b92a-457777933dc7,ocd-bill/dfbd0da8-73c2-4669-82d1-bd970d1de77d,False,cosponsor
bfa8946e-2b6a-4fc3-8c9f-f33f15625a0e,Betty I. Gay,person,,ocd-person/c2486401-1c5f-4cfc-b4ef-bbae6b8c0489,ocd-bill/dfbd0da8-73c2-4669-82d1-bd970d1de77d,True,primary
1bcd63ea-169b-4d3f-97a9-e6d5b39f0b75,Charlotte I. DiLorenzo,person,,ocd-person/75a682ff-407d-4192-858d-9ce6a979c400,ocd-bill/dfbd0da8-73c2-4669-82d1-bd970d1de77d,False,cosponsor
281ec9f6-0f11-467d-b530-62245fb8bbd6,Cassandra N. Levesque,person,,ocd-person/711423e3-ff28-4150-8a89-ec568a4f2c5d,ocd-bill/dfbd0da8-73c2-4669-82d1-bd970d1de77d,False,cosponsor
3c356ae6-efbf-4a0d-946f-32dc1ffecbd7,Susan J. Vandecasteele,person,,ocd-person/b3316ac6-b023-4dec-9e07-33600f4027bb,ocd-bill/dfbd0da8-73c2-4669-82d1-bd970d1de77d,False,cosponsor
28d680a0-6932-4e45-b8ec-343317cf1b05,Kevin J. Cavanaugh,person,,ocd-person/7fb2bb33-cbdb-4dfd-9369-64f19f179777,ocd-bill/814549df-1fd0-47f7-8dcc-45546373ba09,True,primary
c598a274-e6d6-4956-8e7a-cf8756f81709,Michael D. Cahill,person,,ocd-person/facb5409-244f-4381-8452-e6a1078bb1c5,ocd-bill/b1c6e3ea-e937-4599-9842-1df78461435f,False,cosponsor
1f58f58b-eaa6-4bbd-9d23-2f39e59aa261,David J. Luneau,person,,ocd-person/c3c9bb99-9512-4bec-be04-d8b29ea96f3e,ocd-bill/b1c6e3ea-e937-4599-9842-1df78461435f,True,primary
7e3a1a9c-eb27-40c2-b363-2f4304f6661a,Robert J. Elliott,person,,ocd-person/acb8c5f4-1002-4599-8098-a38766a59be2,ocd-bill/290be7bc-696c-4150-b701-93747e96382f,False,cosponsor
dd4ebf85-1e16-4f28-ab64-abf0b06e12d6,Joseph A. Pitre,person,,ocd-person/5ce55936-fd73-4b3c-ba16-70e13734a3c8,ocd-bill/290be7bc-696c-4150-b701-93747e96382f,False,cosponsor
fd7f0f28-fcbc-47e7-9015-5c98943e494e,Katherine J. Prudhomme-O'Brien,person,,ocd-person/a0a8c9d8-1f27-4d28-a249-8a5856ea5c05,ocd-bill/290be7bc-696c-4150-b701-93747e96382f,False,cosponsor
bcc133fb-e023-40c7-ab3d-a49a3eb910c3,Dan H. Wolf,person,,ocd-person/d24c83af-3362-4925-9c05-a6b776d3314c,ocd-bill/290be7bc-696c-4150-b701-93747e96382f,False,cosponsor
32a10ec8-c918-4b56-b8da-766c72918c50,David C. Love,person,,ocd-person/1c956ef6-b705-4e9d-af0c-f66d6f44591e,ocd-bill/290be7bc-696c-4150-b701-93747e96382f,False,cosponsor
ef710c95-750d-48c3-8f8a-e5f9bc53ef25,Betty I. Gay,person,,ocd-person/c2486401-1c5f-4cfc-b4ef-bbae6b8c0489,ocd-bill/290be7bc-696c-4150-b701-93747e96382f,True,primary
2fdf8ffe-7292-4f64-97f0-3a5e2c9376a2,Ellen D. Read,person,,ocd-person/77304532-17fb-4b2c-aed6-213a435e4a46,ocd-bill/290be7bc-696c-4150-b701-93747e96382f,False,cosponsor
e3ee808c-5ca4-4e95-ab49-0a54e0a72ac0,Cassandra N. Levesque,person,,ocd-person/711423e3-ff28-4150-8a89-ec568a4f2c5d,ocd-bill/290be7bc-696c-4150-b701-93747e96382f,False,cosponsor
ed98b9db-a8a1-42b1-92c1-b5e5d5e855b8,Wayne D. MacDonald,person,,ocd-person/8588302c-ac8c-4b58-9444-0c9f29448aa0,ocd-bill/290be7bc-696c-4150-b701-93747e96382f,False,cosponsor
82bfa4b6-2d88-465d-a2c3-a2e867445167,Suzanne M. Vail,person,,ocd-person/ce985799-268d-4190-b078-955fc63a8c3c,ocd-bill/fcdd84f3-ced1-4e3e-ba01-a7522686975c,False,cosponsor
b76d42df-cce2-4ace-b77c-7e5764744c87,Chuck W. Grassie,person,,ocd-person/8ee07d33-9189-4bfe-b1a1-e15c79fd1114,ocd-bill/fcdd84f3-ced1-4e3e-ba01-a7522686975c,True,primary
a2ae7aaa-38ce-4be9-be68-438c7b7450a6,Deb Stevens,person,,ocd-person/2a81219c-aa82-4175-91a6-881353d869af,ocd-bill/fcdd84f3-ced1-4e3e-ba01-a7522686975c,False,cosponsor
50cef862-21a2-4156-94c5-653a1e6ed58a,Max Abramson,person,,ocd-person/83f50732-5fc6-4287-87aa-786cf169840c,ocd-bill/70112494-b6c7-4afd-b68d-da48aff47d5e,False,cosponsor
0b8c2977-7b0e-48d5-b8bd-68c47e446127,William M. Marsh,person,,ocd-person/22006937-f2ca-4a2e-b92a-457777933dc7,ocd-bill/70112494-b6c7-4afd-b68d-da48aff47d5e,False,cosponsor
bd373b9f-269b-428e-bfcd-a387d76e2df4,Jess C. Edwards,person,,ocd-person/3787c84d-f615-4e9d-bac8-42f86ea308db,ocd-bill/70112494-b6c7-4afd-b68d-da48aff47d5e,False,cosponsor
ebcc678b-b2cb-45c6-ac46-25a507cadd76,Jim V. Maggiore,person,,ocd-person/deb760cf-91f7-415c-949a-bab0c5311d6f,ocd-bill/70112494-b6c7-4afd-b68d-da48aff47d5e,False,cosponsor
2ed150f9-6554-42a2-aac7-a6c59c9f4b2d,Tony Lekas,person,,ocd-person/97ccf8c1-af1c-4a3c-b267-683d0446b790,ocd-bill/70112494-b6c7-4afd-b68d-da48aff47d5e,False,cosponsor
b56ed077-577b-447c-93d6-376e87392047,Tom Dolan,person,,ocd-person/330b6b4b-dfa6-4379-ae45-bedd9b276fcd,ocd-bill/70112494-b6c7-4afd-b68d-da48aff47d5e,True,primary
9623e331-7835-4b8b-9e2e-c8a5b1a1a221,John T. MacDonald,person,,ocd-person/a22a36bb-3514-4d76-a39e-791902f41d6c,ocd-bill/70112494-b6c7-4afd-b68d-da48aff47d5e,False,cosponsor
395a34a0-b166-419a-9826-45c55bc3d98e,Mike Bordes,person,,ocd-person/c924901e-1cc8-4574-ae7c-19f3e52d2031,ocd-bill/70112494-b6c7-4afd-b68d-da48aff47d5e,False,cosponsor
dc11060f-3bf3-4516-a813-6b172766fa93,Brodie S. Deshaies,person,,ocd-person/cf0f7c1c-a402-49f9-80cd-102f946cd260,ocd-bill/70112494-b6c7-4afd-b68d-da48aff47d5e,False,cosponsor
fdcdc151-b61b-4ea1-a9d5-2b1cbd1b3208,David H Watters,person,,ocd-person/cf24defe-6df3-49f3-88ca-c6774b144f19,ocd-bill/aca7357a-d5b3-431f-a855-92f0b6bc0bd9,True,primary
99f16dae-0fbf-4bbd-b294-046cd82649ba,Chuck Morse,person,,ocd-person/72b8f708-a22d-477d-9c55-e5d14b8308a6,ocd-bill/44cc813a-0ec8-46c3-ad10-4024a1c30201,False,cosponsor
5372cea4-2983-412a-92a4-6cef74f570ae,Michael A. Edgar,person,,ocd-person/0f78413a-b328-4856-ab48-21a5d4d614c0,ocd-bill/44cc813a-0ec8-46c3-ad10-4024a1c30201,False,cosponsor
e7539bae-1a39-4af0-a6e4-4188fc7bedd4,Betty I. Gay,person,,ocd-person/c2486401-1c5f-4cfc-b4ef-bbae6b8c0489,ocd-bill/44cc813a-0ec8-46c3-ad10-4024a1c30201,False,cosponsor
d8788618-9691-45fb-b4f6-320dbdf8e0ad,John C. Janigian,person,,ocd-person/4c4f4974-0202-43a0-9aba-f41d0f99603a,ocd-bill/44cc813a-0ec8-46c3-ad10-4024a1c30201,True,primary
8f8eb331-7338-4da0-939a-baf97bdca4dd,Daryl A. Abbas,person,,ocd-person/6dfd683a-1f79-49db-95a9-07f4f9898a22,ocd-bill/44cc813a-0ec8-46c3-ad10-4024a1c30201,False,cosponsor
a052a80d-4fdd-4d5c-a018-5da85ac66ace,Everett P. McBride,person,,ocd-person/d6ab2257-ead8-45ce-9e50-33ab4269ac5e,ocd-bill/44cc813a-0ec8-46c3-ad10-4024a1c30201,False,cosponsor
62865149-1e17-4385-aaa8-7512aeb53c81,Jordan G. Ulery,person,,ocd-person/31f696d4-f806-4eb3-a8ce-5b1d2a2eba93,ocd-bill/0a0f2b2f-8b1d-4bcb-bb2c-20ec0ae6a7da,True,primary
836bcdd7-5107-49fc-823c-93d6d803cfa6,Walter A. Stapleton,person,,ocd-person/74efcb71-c62c-4388-b9ad-69f779b0c33e,ocd-bill/0a0f2b2f-8b1d-4bcb-bb2c-20ec0ae6a7da,False,cosponsor
1b76032a-710a-47c1-8629-401c54f9deca,Marjorie A. Porter,person,,ocd-person/0999b615-be84-4309-b4ca-68261c1155ab,ocd-bill/d3b73b62-7beb-4608-bde9-f080f0596f2d,False,cosponsor
325ab984-e0ee-42c6-9cfd-c4a7f713cd46,Richard Ames,person,,ocd-person/47c165c7-ecd9-4b88-b9f7-2e58e8e290d4,ocd-bill/d3b73b62-7beb-4608-bde9-f080f0596f2d,True,primary
370b145d-c72c-4d2f-92e1-ad99aaea411c,Mary Heath,person,,ocd-person/03bba97f-9b7c-4c33-adb7-e5202a6bd040,ocd-bill/d3b73b62-7beb-4608-bde9-f080f0596f2d,False,cosponsor
062700f5-1b61-4454-9dbc-e07eb109e22c,David J. Luneau,person,,ocd-person/c3c9bb99-9512-4bec-be04-d8b29ea96f3e,ocd-bill/d3b73b62-7beb-4608-bde9-f080f0596f2d,False,cosponsor
4779ac85-aad8-4451-b359-97d28b94fed1,Lou D'Allesandro,person,,ocd-person/87c48788-817d-408b-a1e1-ebe1c9fd893d,ocd-bill/635215d7-ff49-4073-844b-0a4de2877ae2,False,cosponsor
068d2dee-ee0b-40e2-9d74-d0e558ef49d1,David H Watters,person,,ocd-person/cf24defe-6df3-49f3-88ca-c6774b144f19,ocd-bill/635215d7-ff49-4073-844b-0a4de2877ae2,False,cosponsor
06d2e166-6aa7-4190-94af-829a1b534fec,Donna M. Soucy,person,,ocd-person/bfbbacfd-e12a-4e07-970e-c2c2c006f4a2,ocd-bill/635215d7-ff49-4073-844b-0a4de2877ae2,False,cosponsor
feb9f3bf-2fe7-483f-a38d-df57f23de562,Rebecca Susan McBeath,person,,ocd-person/e38b81bb-9bf6-4ace-bc4e-898732105d5d,ocd-bill/635215d7-ff49-4073-844b-0a4de2877ae2,False,cosponsor
a89458ec-b4ed-4ee7-92ac-d2623412ad26,Charlotte I. DiLorenzo,person,,ocd-person/75a682ff-407d-4192-858d-9ce6a979c400,ocd-bill/635215d7-ff49-4073-844b-0a4de2877ae2,False,cosponsor
55b2a483-cef8-4ecb-9369-7a7148cdacf3,Kevin J. Cavanaugh,person,,ocd-person/7fb2bb33-cbdb-4dfd-9369-64f19f179777,ocd-bill/635215d7-ff49-4073-844b-0a4de2877ae2,False,cosponsor
b4652a66-89cf-44c2-a7d5-c20c068ca80e,Tom Sherman,person,,ocd-person/ee95d0de-e55e-4733-ba97-0fde66adf65c,ocd-bill/635215d7-ff49-4073-844b-0a4de2877ae2,False,cosponsor
2ca964af-657f-4eaf-a30d-9783f234af41,Willis T. Griffith,person,,ocd-person/db50036f-5c7f-4cec-a250-3be2e3ca394c,ocd-bill/635215d7-ff49-4073-844b-0a4de2877ae2,False,cosponsor
b5189695-e453-405e-bc1b-993805ad6ddc,Matthew B. Wilhelm,person,,ocd-person/61d2e8f3-f2b9-4357-81af-fe982ee1821f,ocd-bill/635215d7-ff49-4073-844b-0a4de2877ae2,False,cosponsor
2aa08b2d-1179-412e-81a6-e0eacdeb74c2,Cam E. Kenney,person,,ocd-person/9f35ea7b-b937-4b06-8be5-5cfbc83381e1,ocd-bill/635215d7-ff49-4073-844b-0a4de2877ae2,False,cosponsor
db670c0a-b106-4a7d-95eb-7eae3c7bd287,Cindy Rosenwald,person,,ocd-person/f3e949ce-6d98-4826-bbca-08039cea4ea4,ocd-bill/635215d7-ff49-4073-844b-0a4de2877ae2,False,cosponsor
cf84db24-5078-4254-968e-c98d0dc2ed79,Suzanne M Prentiss,person,,ocd-person/de206392-deba-4ecf-96a3-33494c415417,ocd-bill/635215d7-ff49-4073-844b-0a4de2877ae2,False,cosponsor
39707386-77b4-428d-be50-4f6cb13fbe34,Rebecca Perkins Kwoka,person,,ocd-person/c20b7693-7f2c-4646-af7f-d57518edd1a4,ocd-bill/635215d7-ff49-4073-844b-0a4de2877ae2,True,primary
4e0f52b5-c983-42a9-8899-ecf68d5ee129,Chuck Morse,person,,ocd-person/72b8f708-a22d-477d-9c55-e5d14b8308a6,ocd-bill/5c0af1a9-b6e1-448f-a989-41abe4dabca2,False,cosponsor
028b7a20-c2f2-48ae-bc62-920268519377,Jeb Bradley,person,,ocd-person/3f5455e8-256e-4442-9c13-bc14f62ce76f,ocd-bill/5c0af1a9-b6e1-448f-a989-41abe4dabca2,False,cosponsor
158da2e5-d82f-4275-a4f4-700123b5e6cb,John Reagan,person,,ocd-person/f516d40a-3676-4437-8285-a931d7c2885b,ocd-bill/5c0af1a9-b6e1-448f-a989-41abe4dabca2,False,cosponsor
cd794fb7-de9a-41a1-bb89-0ba4e72f3008,Sherman A. Packard,person,,ocd-person/e94c1d98-5454-40a2-8293-ee0998fee8ca,ocd-bill/5c0af1a9-b6e1-448f-a989-41abe4dabca2,True,primary
91bb051a-50ac-4798-ac5f-a4bf133439e0,Rick M. Ladd,person,,ocd-person/1bd6c569-f2dd-4670-bf82-ef3ea4b15960,ocd-bill/5c0af1a9-b6e1-448f-a989-41abe4dabca2,False,cosponsor
5d5c4176-f8fc-4d00-856a-9ad32a1d8fa7,Carol M. McGuire,person,,ocd-person/ae3d6133-98b5-444e-b95e-2edc2f5302dc,ocd-bill/5c0af1a9-b6e1-448f-a989-41abe4dabca2,False,cosponsor
d61c0695-e585-4507-9421-d19e806880d5,Karen C. Umberger,person,,ocd-person/054854df-4965-4401-9776-ffbcd075e295,ocd-bill/5c0af1a9-b6e1-448f-a989-41abe4dabca2,False,cosponsor
7fddf766-babb-41e3-b082-38a032cc7c25,Glenn Cordelli,person,,ocd-person/c8aa2951-dea0-4999-9b6a-6323d9917e0b,ocd-bill/5c0af1a9-b6e1-448f-a989-41abe4dabca2,False,cosponsor
c67d56ba-93f2-4fad-be37-f2c2396b90bb,Jason M. Osborne,person,,ocd-person/6e2bc564-5cd1-4f96-a265-4753b7f12ee1,ocd-bill/5c0af1a9-b6e1-448f-a989-41abe4dabca2,False,cosponsor
279d0aa9-88cb-4b7a-ad94-4dc311c79558,Gregory G. Hill,person,,ocd-person/852df922-484b-412f-a604-c2d67efee5ec,ocd-bill/5c0af1a9-b6e1-448f-a989-41abe4dabca2,False,cosponsor
cbd0a4bb-e0fd-4327-9335-24b066212761,Maureen C. Mooney,person,,ocd-person/4a80db99-34b2-4d33-995b-41d889592bf3,ocd-bill/5c0af1a9-b6e1-448f-a989-41abe4dabca2,False,cosponsor
b25c4633-8c20-4c26-9ccf-e7c102332e72,Jess C. Edwards,person,,ocd-person/3787c84d-f615-4e9d-bac8-42f86ea308db,ocd-bill/5c0af1a9-b6e1-448f-a989-41abe4dabca2,False,cosponsor
ea876e5f-a1cc-4bf6-a29b-eff607d9bb04,Ruth Ward,person,,ocd-person/9089a509-1f26-4770-adc6-199ed716e692,ocd-bill/5c0af1a9-b6e1-448f-a989-41abe4dabca2,False,cosponsor
43d6f1cd-dc12-4efa-aea9-13e8cc3d6cb1,John Reagan,person,,ocd-person/f516d40a-3676-4437-8285-a931d7c2885b,ocd-bill/5563debc-0f75-424b-a8d8-3d85b6654eaf,False,cosponsor
406d5969-c936-4999-aec1-cae6ada79ade,John A. Burt,person,,ocd-person/084e4187-cca0-4f45-ac5a-8514056e94a6,ocd-bill/5563debc-0f75-424b-a8d8-3d85b6654eaf,False,cosponsor
e7fb2a08-6cf2-464b-827e-641c1197cbbf,James A. Spillane,person,,ocd-person/2520dc46-648c-44d0-ba1f-fe09b17a9d8b,ocd-bill/5563debc-0f75-424b-a8d8-3d85b6654eaf,True,primary
be274ec4-dbf7-4dbb-9224-70f5112061fd,Kevin G. Verville,person,,ocd-person/9d10ccec-b571-4eea-b025-9ed7634b6516,ocd-bill/5563debc-0f75-424b-a8d8-3d85b6654eaf,False,cosponsor
4c142f77-310d-4c17-b4b2-b67220591f19,Michael J. Sylvia,person,,ocd-person/2e6feb2e-6f22-4909-b907-93f4c0f9ae9b,ocd-bill/7940c0e2-2625-449c-b525-02023e2d5bae,True,primary
82602a6e-0297-47da-935e-c1c34ae2c268,Alicia D. Lekas,person,,ocd-person/50bcd6fc-7d60-4595-811c-213e18faf326,ocd-bill/7940c0e2-2625-449c-b525-02023e2d5bae,False,cosponsor
7a9a401a-626f-46cb-86e2-eb5d336e0e1f,Thomas L. Buco,person,,ocd-person/22809c1b-0676-4ad9-8d0e-8a0a9d19063a,ocd-bill/fa69f70d-748f-4410-8fec-a1b6accfebea,True,primary
99bd5314-2dc4-4f11-9c72-daba8554b012,Robert J. Elliott,person,,ocd-person/acb8c5f4-1002-4599-8098-a38766a59be2,ocd-bill/8b59d93c-ebc1-445b-bdf4-f4649684af9a,False,cosponsor
6f3c49dc-14b3-4666-806c-71bf9b640a44,Joe Sweeney,person,,ocd-person/568a287b-89c6-44b7-a8e6-a5188ef7f9bc,ocd-bill/8b59d93c-ebc1-445b-bdf4-f4649684af9a,False,cosponsor
45b76988-bc9b-4940-a1ee-1357a6bd387c,Fred G. Doucette,person,,ocd-person/db4ec0a8-f70c-4510-ae01-c9050646a503,ocd-bill/8b59d93c-ebc1-445b-bdf4-f4649684af9a,False,cosponsor
7cb2e193-d4e5-48ff-a099-93f8776cd4ff,Katherine J. Prudhomme-O'Brien,person,,ocd-person/a0a8c9d8-1f27-4d28-a249-8a5856ea5c05,ocd-bill/8b59d93c-ebc1-445b-bdf4-f4649684af9a,False,cosponsor
5adc226b-8bdf-4a5a-a885-586ae1e00a4b,David C. Love,person,,ocd-person/1c956ef6-b705-4e9d-af0c-f66d6f44591e,ocd-bill/8b59d93c-ebc1-445b-bdf4-f4649684af9a,False,cosponsor
8b33bb50-ecd8-4ebc-bbe7-f80aa753cebd,Betty I. Gay,person,,ocd-person/c2486401-1c5f-4cfc-b4ef-bbae6b8c0489,ocd-bill/8b59d93c-ebc1-445b-bdf4-f4649684af9a,True,primary
84831153-45f5-4f41-9c59-112f7223c511,John C. Janigian,person,,ocd-person/4c4f4974-0202-43a0-9aba-f41d0f99603a,ocd-bill/8b59d93c-ebc1-445b-bdf4-f4649684af9a,False,cosponsor
81571bb1-194a-49ad-a610-3f63123e90c6,Mark A. Pearson,person,,ocd-person/6c90e0a1-d9d5-488c-a9a3-898ca5b0f9a4,ocd-bill/8b59d93c-ebc1-445b-bdf4-f4649684af9a,False,cosponsor
28d49c99-53af-43ae-a94b-6b49712a2c89,Leah P. Cushman,person,,ocd-person/b9ca7e25-b8c9-47c8-aac3-4b688cbcea42,ocd-bill/8b59d93c-ebc1-445b-bdf4-f4649684af9a,False,cosponsor
ab99db9e-1645-4ef5-b68a-6b2e41f9ff9d,Wayne D. MacDonald,person,,ocd-person/8588302c-ac8c-4b58-9444-0c9f29448aa0,ocd-bill/8b59d93c-ebc1-445b-bdf4-f4649684af9a,False,cosponsor
d23499a6-7424-438e-8d0c-9eacc29cf144,Jeb Bradley,person,,ocd-person/3f5455e8-256e-4442-9c13-bc14f62ce76f,ocd-bill/336f6c88-f5f5-434c-90cf-6e300c272484,True,primary
dc4a6f49-df3c-4611-b47d-fe2edb33cfeb,Jeanine M. Notter,person,,ocd-person/84f79859-fef0-441d-80bb-5edeafc70e78,ocd-bill/53d59561-8310-4d4a-ad68-04ae97c40634,False,cosponsor
c2184574-0d83-4c8a-96a3-fd0bb8d90ff1,Linda R. Gould,person,,ocd-person/40ae4adb-2124-47ca-82b5-9eee794af4a2,ocd-bill/53d59561-8310-4d4a-ad68-04ae97c40634,False,cosponsor
a98e3be9-9198-41db-96c1-b04a87c20be8,Katherine J. Prudhomme-O'Brien,person,,ocd-person/a0a8c9d8-1f27-4d28-a249-8a5856ea5c05,ocd-bill/53d59561-8310-4d4a-ad68-04ae97c40634,False,cosponsor
c420b133-9a74-49df-9ce4-1ba3095da05c,Regina Birdsell,person,,ocd-person/461c9024-c8c3-44a5-91d6-015a6587db5f,ocd-bill/53d59561-8310-4d4a-ad68-04ae97c40634,False,cosponsor
b2fa4647-fbb8-4a07-ab7d-09775d7918a6,Maureen C. Mooney,person,,ocd-person/4a80db99-34b2-4d33-995b-41d889592bf3,ocd-bill/53d59561-8310-4d4a-ad68-04ae97c40634,False,cosponsor
74106b40-30af-4d38-b345-aa05f1338cc3,Walter A. Stapleton,person,,ocd-person/74efcb71-c62c-4388-b9ad-69f779b0c33e,ocd-bill/53d59561-8310-4d4a-ad68-04ae97c40634,False,cosponsor
d9158d4a-1820-4e5b-acc9-843287034c96,Ruth Ward,person,,ocd-person/9089a509-1f26-4770-adc6-199ed716e692,ocd-bill/53d59561-8310-4d4a-ad68-04ae97c40634,False,cosponsor
b1f6cc13-e87e-4906-842e-1a7f80cde3eb,Beth A. Folsom,person,,ocd-person/7a3b75f8-bea5-47f4-bc58-3f23a5de81e0,ocd-bill/53d59561-8310-4d4a-ad68-04ae97c40634,True,primary
beff2eb2-ca0a-4f92-b828-9eb00f938daa,Jeb Bradley,person,,ocd-person/3f5455e8-256e-4442-9c13-bc14f62ce76f,ocd-bill/19e1ddde-94de-471b-932e-5304dd14dc1c,False,cosponsor
f7448f06-24d4-4c25-8fee-f82378b3e8ec,Karel A. Crawford,person,,ocd-person/a0936f2f-8170-47f9-8b05-6c6697a95968,ocd-bill/19e1ddde-94de-471b-932e-5304dd14dc1c,False,cosponsor
611287c4-f37b-4518-bad3-4888542e2f72,William M. Marsh,person,,ocd-person/22006937-f2ca-4a2e-b92a-457777933dc7,ocd-bill/19e1ddde-94de-471b-932e-5304dd14dc1c,False,cosponsor
20ed505d-08e2-4fa0-b827-336ba4ae8c36,John T. MacDonald,person,,ocd-person/a22a36bb-3514-4d76-a39e-791902f41d6c,ocd-bill/19e1ddde-94de-471b-932e-5304dd14dc1c,True,primary
22561677-50e7-4ff7-8d0a-4017538cec5d,Brodie S. Deshaies,person,,ocd-person/cf0f7c1c-a402-49f9-80cd-102f946cd260,ocd-bill/19e1ddde-94de-471b-932e-5304dd14dc1c,False,cosponsor
8c8ed91d-a12b-4a02-95a6-9ee4132d028a,Jordan G. Ulery,person,,ocd-person/31f696d4-f806-4eb3-a8ce-5b1d2a2eba93,ocd-bill/d34fb49a-174d-4fe5-a4ee-ec03b7d33f52,True,primary
d329a295-4138-4696-9f4b-67e278e3f201,Jess C. Edwards,person,,ocd-person/3787c84d-f615-4e9d-bac8-42f86ea308db,ocd-bill/da54b4ee-da66-4987-83ae-b0be00322578,True,primary
5f0413a6-929c-437d-83a3-a9959a94604b,Travis J. O'Hara,person,,ocd-person/fbfbfb0a-2c7d-457c-8322-12221db1662b,ocd-bill/da54b4ee-da66-4987-83ae-b0be00322578,False,cosponsor
52317ce2-b507-48fa-97f4-a6e74a271561,David C. Love,person,,ocd-person/1c956ef6-b705-4e9d-af0c-f66d6f44591e,ocd-bill/9bf6d513-dd06-4dbd-9ceb-77d3ecc016c9,False,cosponsor
16b7097d-2936-4efe-9c4f-03e55678f706,Daryl A. Abbas,person,,ocd-person/6dfd683a-1f79-49db-95a9-07f4f9898a22,ocd-bill/9bf6d513-dd06-4dbd-9ceb-77d3ecc016c9,True,primary
90a7c026-71a3-4e08-8a03-ae99ba98f45b,Jacqueline A. Cali-Pitts,person,,ocd-person/b665e9e7-0c14-4348-9378-529bd9c7497b,ocd-bill/7d4de22d-5583-4f31-884d-c693feed0f36,False,cosponsor
d8cbc231-0e82-4d2c-b5fd-9032ce398fae,Douglas W. Thomas,person,,ocd-person/5db11498-80a8-4136-9c50-2c7f1a2f6826,ocd-bill/7d4de22d-5583-4f31-884d-c693feed0f36,False,cosponsor
1f26c6c4-4b1b-4edf-9c08-81969cddd8cf,Michael Vose,person,,ocd-person/1aa8819a-e1bd-4569-93ec-305ad61e8ea4,ocd-bill/7d4de22d-5583-4f31-884d-c693feed0f36,True,primary
a0d8eb0c-0b49-480c-9e13-786c7e324fd7,Michael D. Harrington,person,,ocd-person/21e95dbc-c226-4f4a-9fa2-8f5b374d0a98,ocd-bill/7d4de22d-5583-4f31-884d-c693feed0f36,False,cosponsor
e9f21aaa-bf5e-4c8e-a4f7-32913475f2bf,Dick Marston,person,,ocd-person/9d511cf6-1163-40c4-913f-548d3c807f66,ocd-bill/1698cc3e-466c-4345-8542-f556b329626e,False,cosponsor
65535aee-378e-4075-a405-5446069cda04,Mark McLean,person,,ocd-person/b089786f-4435-4822-a7d6-3725cca787bf,ocd-bill/1698cc3e-466c-4345-8542-f556b329626e,True,primary
59455036-0cb4-4831-a8da-fa5128320b59,Kurt F. Wuelper,person,,ocd-person/27f3432f-2a51-4a39-b9c4-814718ae87ed,ocd-bill/1698cc3e-466c-4345-8542-f556b329626e,False,cosponsor
0805e154-80c5-4c00-ab6b-568b1f3fc04e,Richard W. Lascelles,person,,ocd-person/c11f9fad-128e-455e-896e-2e880b6cc29e,ocd-bill/1698cc3e-466c-4345-8542-f556b329626e,False,cosponsor
68d5f277-082e-4022-8f2e-a2ffa2795537,Timothy O. Horrigan,person,,ocd-person/2a11a559-c16e-4211-82ea-215951d74c1f,ocd-bill/a51d1961-bc80-47cf-90a7-bea23082d5fe,True,primary
197ce90e-4d76-434f-a89a-91b441edf672,Michael B. O'Brien,person,,ocd-person/e15e323b-2d85-4272-9f1e-13d12b8c82f4,ocd-bill/09fc8674-28d6-4f94-bf66-f380fa7463d5,True,primary
08374ce7-a358-4b18-9b10-20a7b26b40d4,Barbara J. Griffin,person,,ocd-person/ce1a184c-47a7-4b48-a028-d39585bcf9c3,ocd-bill/91c2eedf-ccc1-4adb-921f-9191c72946e1,True,primary
1ab5e9ac-d4e7-4bc4-8133-5f1a5fdd21d0,Mel Myler,person,,ocd-person/8c5f7a02-e92b-4f64-b698-c178b8fd23bb,ocd-bill/41afe862-c31b-40f6-8e47-a013b1799177,False,cosponsor
f65a6b2a-ffb8-4463-b3a8-e8523a7cc813,Linda L. Tanner,person,,ocd-person/950e6cfe-ff6c-49ed-a4c2-1e66e60c6315,ocd-bill/41afe862-c31b-40f6-8e47-a013b1799177,False,cosponsor
58dd4762-3588-4a99-8da6-840c53253b20,Patricia Cornell,person,,ocd-person/e657ef2c-bfc3-4a08-99fe-4456be3bfe2a,ocd-bill/41afe862-c31b-40f6-8e47-a013b1799177,False,cosponsor
905d85f6-034b-41c9-a927-f47ad24fb83c,Stephen L. Woodcock,person,,ocd-person/bdde38b3-3210-4b2d-890b-bbf2d2bf314a,ocd-bill/41afe862-c31b-40f6-8e47-a013b1799177,False,cosponsor
c8d96a7d-8f36-4105-94fd-2b2501afae86,Megan A. Murray,person,,ocd-person/f1902aac-3930-478d-9e89-60cef8bcae0b,ocd-bill/41afe862-c31b-40f6-8e47-a013b1799177,False,cosponsor
6a2de240-ad7b-4ca7-8128-0e96eaaa419f,James C. Allard,person,,ocd-person/65336609-c7d5-4518-9d70-44e6e4058fb7,ocd-bill/41afe862-c31b-40f6-8e47-a013b1799177,False,cosponsor
8bd929b2-f1ec-446f-afb2-1a4f641d26a9,Sue M. Mullen,person,,ocd-person/07c19313-fcb0-476b-b240-e299c55888f7,ocd-bill/41afe862-c31b-40f6-8e47-a013b1799177,True,primary
e0883640-b73e-46e8-aefc-d0bdd7192d47,Lou D'Allesandro,person,,ocd-person/87c48788-817d-408b-a1e1-ebe1c9fd893d,ocd-bill/eda5bfbf-b19b-4a7e-b381-9a6e2e16806e,False,cosponsor
d3e4b3de-006b-4e1d-8bb1-19546092239e,Kenneth L. Weyler,person,,ocd-person/e2f9dd7e-b221-4cf0-b7de-5daa70658669,ocd-bill/eda5bfbf-b19b-4a7e-b381-9a6e2e16806e,False,cosponsor
eb622cef-2bcf-4dc0-b071-c91594a18e4d,Bob J. Giuda,person,,ocd-person/7739a4d0-534e-4bdb-b7fb-6a8f348e833e,ocd-bill/eda5bfbf-b19b-4a7e-b381-9a6e2e16806e,False,cosponsor
c13fd779-917d-4061-888a-9101f621f7f0,Ruth Ward,person,,ocd-person/9089a509-1f26-4770-adc6-199ed716e692,ocd-bill/eda5bfbf-b19b-4a7e-b381-9a6e2e16806e,False,cosponsor
9bbac6bb-6331-4664-b8db-7d23442dd6fa,Bill Gannon,person,,ocd-person/d3c437bd-532d-458b-961f-4f6dccec1e4b,ocd-bill/eda5bfbf-b19b-4a7e-b381-9a6e2e16806e,True,primary
cc974f02-5458-4630-a34f-df9b37db5268,Mark A. Pearson,person,,ocd-person/6c90e0a1-d9d5-488c-a9a3-898ca5b0f9a4,ocd-bill/eda5bfbf-b19b-4a7e-b381-9a6e2e16806e,False,cosponsor
21761dd7-8616-4be2-b748-faed1a964f27,Suzanne M Prentiss,person,,ocd-person/de206392-deba-4ecf-96a3-33494c415417,ocd-bill/eda5bfbf-b19b-4a7e-b381-9a6e2e16806e,False,cosponsor
3dae6e6e-d223-4f99-b6d4-b431efe4933b,James A. Spillane,person,,ocd-person/2520dc46-648c-44d0-ba1f-fe09b17a9d8b,ocd-bill/ecee189f-a235-4bf2-9004-bd99a468da4e,True,primary
fbadffe9-0910-41ae-9a33-dcb4265a5c9b,Howard C. Pearl,person,,ocd-person/c4122c6a-ed23-492e-b813-59a0fed1ec86,ocd-bill/ecee189f-a235-4bf2-9004-bd99a468da4e,False,cosponsor
ead89682-6e4d-41bf-952f-880f3799b8db,Kevin G. Verville,person,,ocd-person/9d10ccec-b571-4eea-b025-9ed7634b6516,ocd-bill/ecee189f-a235-4bf2-9004-bd99a468da4e,False,cosponsor
4eb1c387-0e05-4570-8abc-68b017b8077c,David C. Love,person,,ocd-person/1c956ef6-b705-4e9d-af0c-f66d6f44591e,ocd-bill/ecee189f-a235-4bf2-9004-bd99a468da4e,False,cosponsor
963c11d8-973d-456f-8261-9737a5f499eb,Terry Roy,person,,ocd-person/6d43b165-fda9-4918-a2b7-ad66940062a0,ocd-bill/ecee189f-a235-4bf2-9004-bd99a468da4e,False,cosponsor
90cda33d-14aa-43a6-8f58-82d81aa0c880,David J. Luneau,person,,ocd-person/c3c9bb99-9512-4bec-be04-d8b29ea96f3e,ocd-bill/35b1e3b5-a14b-4237-907d-39d5243fed62,True,primary
a393bfaf-7801-449e-b29a-f98920aa1ce3,Andrew J. Prout,person,,ocd-person/da5fb901-d16d-430f-b5cb-7ab556f8d4ee,ocd-bill/deaa2011-365d-4e3e-a348-536fb6b8682a,True,primary
a6dc443a-da26-4cfc-9217-0ed6a2fee527,Melissa Blasek,person,,ocd-person/38dff49e-ef79-4720-b991-c3d76ccb87e4,ocd-bill/deaa2011-365d-4e3e-a348-536fb6b8682a,False,cosponsor
1572927d-bc5a-4d8c-a99d-918959fd1fb6,Glenn Cordelli,person,,ocd-person/c8aa2951-dea0-4999-9b6a-6323d9917e0b,ocd-bill/54a8612b-9add-4489-ba6c-4f4680d331bd,False,cosponsor
5d76f55e-c0cf-4d63-922a-d40cc7a6ddcf,Michael Vose,person,,ocd-person/1aa8819a-e1bd-4569-93ec-305ad61e8ea4,ocd-bill/54a8612b-9add-4489-ba6c-4f4680d331bd,True,primary
5de16ddb-6dd2-41c2-ae9a-71a8296423e5,Timothy P. Lang,person,,ocd-person/85064309-421e-4611-a6c5-800234db68fb,ocd-bill/54a8612b-9add-4489-ba6c-4f4680d331bd,False,cosponsor
613097c6-b404-4cc1-8e58-b6b2b4549dbb,David W. Binford,person,,ocd-person/9098756d-2231-4e69-84d5-09ab979ee1a2,ocd-bill/54a8612b-9add-4489-ba6c-4f4680d331bd,False,cosponsor
afacbf5b-efe1-48ab-a719-158159d04182,Howard C. Pearl,person,,ocd-person/c4122c6a-ed23-492e-b813-59a0fed1ec86,ocd-bill/54a8612b-9add-4489-ba6c-4f4680d331bd,False,cosponsor
423fb9f4-0266-4b1a-8181-b7195633c95e,Jess C. Edwards,person,,ocd-person/3787c84d-f615-4e9d-bac8-42f86ea308db,ocd-bill/54a8612b-9add-4489-ba6c-4f4680d331bd,False,cosponsor
725ab74c-0a6b-4848-8f00-5a9f90227b9f,Juliet Harvey-Bolia,person,,ocd-person/5d7f39ae-2cc4-4b36-bd76-828a24bc454d,ocd-bill/54a8612b-9add-4489-ba6c-4f4680d331bd,False,cosponsor
7a0c0e0a-1b95-44bd-b137-44301eb8e310,Kenneth L. Weyler,person,,ocd-person/e2f9dd7e-b221-4cf0-b7de-5daa70658669,ocd-bill/5ebe6860-5245-42e4-ad58-be34964d052b,False,cosponsor
b0c5f045-ddfc-4067-bd45-bf58f05e85d6,Sherman A. Packard,person,,ocd-person/e94c1d98-5454-40a2-8293-ee0998fee8ca,ocd-bill/5ebe6860-5245-42e4-ad58-be34964d052b,True,primary
e91e358e-07aa-4d9e-a8a2-96a63978fcf8,Steve J. Shurtleff,person,,ocd-person/5faefb6a-67fa-47ea-907a-8f4f545862be,ocd-bill/5ebe6860-5245-42e4-ad58-be34964d052b,False,cosponsor
7e63ebea-697a-4ed5-b9b4-ded91f830b5e,John A. Burt,person,,ocd-person/084e4187-cca0-4f45-ac5a-8514056e94a6,ocd-bill/5ebe6860-5245-42e4-ad58-be34964d052b,False,cosponsor
e9c29fa5-6dcd-4482-955b-25b18b956823,Max Abramson,person,,ocd-person/83f50732-5fc6-4287-87aa-786cf169840c,ocd-bill/0df1389f-dcf1-43dc-a67f-ae461e4185cb,False,cosponsor
b0c34ed0-dd05-4c1f-a9b5-7745bed43968,Michael Moffett,person,,ocd-person/acb20216-f193-42e1-9304-2b1d3572e61d,ocd-bill/0df1389f-dcf1-43dc-a67f-ae461e4185cb,False,cosponsor
6f154226-b3df-45cf-87a8-d5474f87f3fc,Timothy P. Lang,person,,ocd-person/85064309-421e-4611-a6c5-800234db68fb,ocd-bill/0df1389f-dcf1-43dc-a67f-ae461e4185cb,False,cosponsor
fd9a230a-cac3-4787-bb79-f1925fc6cc0d,Gerald Griffin,person,,ocd-person/915a097c-1280-478b-b200-0903e323e9e5,ocd-bill/0df1389f-dcf1-43dc-a67f-ae461e4185cb,False,cosponsor
1ce05d56-81ed-4262-838a-8e4367fca948,Howard C. Pearl,person,,ocd-person/c4122c6a-ed23-492e-b813-59a0fed1ec86,ocd-bill/0df1389f-dcf1-43dc-a67f-ae461e4185cb,True,primary
3a3bf303-21d4-470f-a8b8-61317f641011,Margaret Anne Kennedy,person,,ocd-person/6bb6b46d-3ab1-4bc0-9544-58933e137310,ocd-bill/0df1389f-dcf1-43dc-a67f-ae461e4185cb,False,cosponsor
82653ec1-d685-4912-95f2-b49c146b8cfe,Fred R. Plett,person,,ocd-person/573f6daa-f310-46da-9f87-bf7497dd084a,ocd-bill/38fab496-da74-4ee7-bd4c-317bf0e9b93d,True,primary
6b9090dc-497f-4ba5-914c-e4f8218a3ca7,Jeb Bradley,person,,ocd-person/3f5455e8-256e-4442-9c13-bc14f62ce76f,ocd-bill/4c2aae91-868b-4f3b-80fb-500d49f35b09,False,cosponsor
1de1ce80-224c-4192-9e10-05f21739059b,David H Watters,person,,ocd-person/cf24defe-6df3-49f3-88ca-c6774b144f19,ocd-bill/4c2aae91-868b-4f3b-80fb-500d49f35b09,False,cosponsor
32c31f51-516f-4bc2-ae7d-683dd0654556,William M. Marsh,person,,ocd-person/22006937-f2ca-4a2e-b92a-457777933dc7,ocd-bill/4c2aae91-868b-4f3b-80fb-500d49f35b09,False,cosponsor
1c267918-19aa-4fb0-b3c9-bda26da1aeb3,Tom Sherman,person,,ocd-person/ee95d0de-e55e-4733-ba97-0fde66adf65c,ocd-bill/4c2aae91-868b-4f3b-80fb-500d49f35b09,True,primary
3825c28d-b3fd-4c5a-b977-72562e989694,Gary L. Woods,person,,ocd-person/5d98b66b-f4d1-4776-953f-67dc348fdd12,ocd-bill/4c2aae91-868b-4f3b-80fb-500d49f35b09,False,cosponsor
7b2c13a1-4180-4acd-8dfb-82f0763864c3,Cindy Rosenwald,person,,ocd-person/f3e949ce-6d98-4826-bbca-08039cea4ea4,ocd-bill/4c2aae91-868b-4f3b-80fb-500d49f35b09,False,cosponsor
66a6e618-2633-4f70-ba3c-92433a41445b,Suzanne M Prentiss,person,,ocd-person/de206392-deba-4ecf-96a3-33494c415417,ocd-bill/4c2aae91-868b-4f3b-80fb-500d49f35b09,False,cosponsor
03f1e4c1-634f-4773-bb68-25225d525ba9,Rebecca G. Whitley,person,,ocd-person/92267d4c-e6f1-4f45-87be-83f229c2cd36,ocd-bill/4c2aae91-868b-4f3b-80fb-500d49f35b09,False,cosponsor
7b0e18cf-8c85-4df0-a1a9-0cdbae34fb87,Sharon M Carson,person,,ocd-person/00964fc0-dd57-44c3-87bf-b6d5bbc34560,ocd-bill/384d3f0e-daa1-4fac-9222-d15d297f55c4,False,cosponsor
e2efe5c9-676b-4662-89e0-98a9afc2ba83,Jeb Bradley,person,,ocd-person/3f5455e8-256e-4442-9c13-bc14f62ce76f,ocd-bill/384d3f0e-daa1-4fac-9222-d15d297f55c4,False,cosponsor
7b8770df-6e66-4d4e-96d8-6b041feb6a38,Kenneth L. Weyler,person,,ocd-person/e2f9dd7e-b221-4cf0-b7de-5daa70658669,ocd-bill/384d3f0e-daa1-4fac-9222-d15d297f55c4,False,cosponsor
46ec3bd4-2ec4-4c9d-ba6f-d9a7ae0616ab,David A. Welch,person,,ocd-person/b8201b25-9bdd-45d3-819d-5bae4c670ad0,ocd-bill/384d3f0e-daa1-4fac-9222-d15d297f55c4,False,cosponsor
f0edd736-0e92-4831-a4d3-d149d663f666,Bill Gannon,person,,ocd-person/d3c437bd-532d-458b-961f-4f6dccec1e4b,ocd-bill/384d3f0e-daa1-4fac-9222-d15d297f55c4,True,primary
bf6a7831-d95d-4ce4-aa78-9d6a5487cfb4,Cindy Rosenwald,person,,ocd-person/f3e949ce-6d98-4826-bbca-08039cea4ea4,ocd-bill/384d3f0e-daa1-4fac-9222-d15d297f55c4,False,cosponsor
b8797a2c-4a15-43a4-a71a-b7edaaa6d444,Rebecca Perkins Kwoka,person,,ocd-person/c20b7693-7f2c-4646-af7f-d57518edd1a4,ocd-bill/384d3f0e-daa1-4fac-9222-d15d297f55c4,False,cosponsor
45ff8398-1697-492e-bf7b-40d2c85d30ba,Troy E. Merner,person,,ocd-person/729664f2-12c4-4c70-82a5-fee852813a0c,ocd-bill/7fcc4eab-18a5-41f9-b5d8-3a5e70bade1d,True,primary
e8fbfad1-dee4-4cb3-b33e-ce313fc36cd6,Sharon M Carson,person,,ocd-person/00964fc0-dd57-44c3-87bf-b6d5bbc34560,ocd-bill/6baeedf1-49c4-40a4-9d69-78850f124b1b,True,primary
6ed9fa47-f4c7-4005-b4bc-40133b0b8d89,Jordan G. Ulery,person,,ocd-person/31f696d4-f806-4eb3-a8ce-5b1d2a2eba93,ocd-bill/0cd4ab84-aafa-46f2-8cdd-7d8b30c6b309,True,primary
f80e9c5d-f932-4255-aed7-a7a402da1d90,Walter A. Stapleton,person,,ocd-person/74efcb71-c62c-4388-b9ad-69f779b0c33e,ocd-bill/0cd4ab84-aafa-46f2-8cdd-7d8b30c6b309,False,cosponsor
696d790c-c729-4918-9a0c-01102c890334,Jerry L. Knirk,person,,ocd-person/ce0bd184-d264-46d8-87fc-f2590e2a1ed1,ocd-bill/96526da0-629c-471a-a70c-9dde0a62c2b2,True,primary
c3349653-65ec-469c-913c-8c71d14f5f10,Joe Schapiro,person,,ocd-person/44fbe7a3-bc2c-4ab0-b669-35521e926782,ocd-bill/96526da0-629c-471a-a70c-9dde0a62c2b2,False,cosponsor
d818e5d1-e09d-4021-8786-071e77987eb0,Joyce Weston,person,,ocd-person/2dbea6d6-0221-41de-98bf-508b14eb085d,ocd-bill/96526da0-629c-471a-a70c-9dde0a62c2b2,False,cosponsor
43c69336-0328-4aeb-87a4-17a8d62d88ba,Gary L. Woods,person,,ocd-person/5d98b66b-f4d1-4776-953f-67dc348fdd12,ocd-bill/96526da0-629c-471a-a70c-9dde0a62c2b2,False,cosponsor
05a0abae-4722-43ca-accf-811cb2b0bc19,Kristina M. Fargo,person,,ocd-person/c7e2f9aa-ff57-4a2e-9253-3bb9cf528c17,ocd-bill/96526da0-629c-471a-a70c-9dde0a62c2b2,False,cosponsor
e1ed245e-11ae-4caa-851d-d70718725abc,Cindy Rosenwald,person,,ocd-person/f3e949ce-6d98-4826-bbca-08039cea4ea4,ocd-bill/96526da0-629c-471a-a70c-9dde0a62c2b2,False,cosponsor
0dd03fdd-27d8-4c9c-9cb1-9cd44371cba7,Erin Hennessey,person,,ocd-person/b8009d8b-0bb8-4a70-9e34-96d247a3327b,ocd-bill/96526da0-629c-471a-a70c-9dde0a62c2b2,False,cosponsor
d6ed7a00-2203-4a41-bede-b3f5b0f67f9b,Barbara Comtois,person,,ocd-person/3e0ee111-2332-4742-b073-a23cc37a8b51,ocd-bill/e3e9bb68-5aff-47b0-bfe0-c85da1949391,True,primary
543b2a30-a971-4321-a4b0-7ab079406da4,James P. Gray,person,,ocd-person/e6443187-eb51-42eb-8bd7-349ed0ba9641,ocd-bill/e3e9bb68-5aff-47b0-bfe0-c85da1949391,False,cosponsor
05c10682-6095-437d-9b1b-1e871216a28d,Bill Gannon,person,,ocd-person/d3c437bd-532d-458b-961f-4f6dccec1e4b,ocd-bill/ed284922-3905-4aeb-8fd4-0c5399004d96,True,primary
d6448e82-d5aa-4533-b78d-4f26d4c7079f,Mark A. Pearson,person,,ocd-person/6c90e0a1-d9d5-488c-a9a3-898ca5b0f9a4,ocd-bill/ed284922-3905-4aeb-8fd4-0c5399004d96,False,cosponsor
ca466688-dee3-44ee-97a7-c160fa953959,Suzanne M Prentiss,person,,ocd-person/de206392-deba-4ecf-96a3-33494c415417,ocd-bill/ed284922-3905-4aeb-8fd4-0c5399004d96,False,cosponsor
d33331e5-4c3f-4e32-8412-6636d8b6b221,Marjorie K. Smith,person,,ocd-person/86b31d04-3a4b-4199-b10e-27bd337f0a34,ocd-bill/adc014b2-2f87-4cd4-bb44-be70efddc345,False,cosponsor
ed5d49cf-2716-4d6c-8220-ba196769a7a7,Mark McLean,person,,ocd-person/b089786f-4435-4822-a7d6-3725cca787bf,ocd-bill/adc014b2-2f87-4cd4-bb44-be70efddc345,False,cosponsor
30dd04f1-f4a4-4181-b84e-6943d8c5a186,Charlotte I. DiLorenzo,person,,ocd-person/75a682ff-407d-4192-858d-9ce6a979c400,ocd-bill/adc014b2-2f87-4cd4-bb44-be70efddc345,False,cosponsor
b1c1b8e4-0a5d-4278-8955-f19af1d038fa,Anita D. Burroughs,person,,ocd-person/a028512b-5d61-4d23-9e28-dec7038577d6,ocd-bill/adc014b2-2f87-4cd4-bb44-be70efddc345,True,primary
911ad3f4-a442-418f-9e9b-696fc1796739,Jaci L. Grote,person,,ocd-person/26f01212-5287-4735-aa1f-77e4f0d2acb6,ocd-bill/adc014b2-2f87-4cd4-bb44-be70efddc345,False,cosponsor
b3744f1e-a078-47fa-96f3-6d152e1cca2c,Wendy Chase,person,,ocd-person/c24da601-15f1-482c-a234-f8443056c77a,ocd-bill/adc014b2-2f87-4cd4-bb44-be70efddc345,False,cosponsor
71fe64fe-7f64-480d-9629-1a9d0c19f584,Jeanine M. Notter,person,,ocd-person/84f79859-fef0-441d-80bb-5edeafc70e78,ocd-bill/065eceeb-6381-4a20-8d73-f18e6aa8f9af,False,cosponsor
b35e4824-988d-4cc6-a83d-8aeec451bb3d,Norman J. Silber,person,,ocd-person/2f3c984e-640c-49ec-aba9-4928db0e9edc,ocd-bill/065eceeb-6381-4a20-8d73-f18e6aa8f9af,False,cosponsor
02019fdc-352e-49ad-906a-79b2e9ae304c,Michael Yakubovich,person,,ocd-person/39d155fd-5ecf-4608-985c-82f5855fe260,ocd-bill/065eceeb-6381-4a20-8d73-f18e6aa8f9af,False,cosponsor
bd00819f-4f06-4725-9412-384e15f9ef46,Diane Pauer,person,,ocd-person/7cc1d333-efac-47fb-a109-98113c762790,ocd-bill/065eceeb-6381-4a20-8d73-f18e6aa8f9af,True,primary
a03852d7-8c10-4aea-bb5d-f11c47fd2aa5,Gerald Griffin,person,,ocd-person/915a097c-1280-478b-b200-0903e323e9e5,ocd-bill/031b13b5-793c-421d-b70d-115c4f0c963f,True,primary
6cff36e9-cb72-4604-bd89-68f09b6ea1bf,Rick M. Ladd,person,,ocd-person/1bd6c569-f2dd-4670-bf82-ef3ea4b15960,ocd-bill/cc86f94a-70a9-47cb-9486-9f8011d081e7,False,cosponsor
0cb98398-76ed-4088-8e15-de788167ab8a,Joseph A. Pitre,person,,ocd-person/5ce55936-fd73-4b3c-ba16-70e13734a3c8,ocd-bill/cc86f94a-70a9-47cb-9486-9f8011d081e7,False,cosponsor
bbd8d871-b91b-480f-a20e-7fa502b77a5f,Glenn Cordelli,person,,ocd-person/c8aa2951-dea0-4999-9b6a-6323d9917e0b,ocd-bill/cc86f94a-70a9-47cb-9486-9f8011d081e7,True,primary
b9c2c47b-a4d9-4e96-8c3b-e16ccb02897d,Erica J. Layon,person,,ocd-person/94df7a3f-b27d-42c1-9ecc-1ebdc707c9ae,ocd-bill/cc86f94a-70a9-47cb-9486-9f8011d081e7,False,cosponsor
c69a34f2-0dac-465b-9260-59aa8c75f350,Paul R. Bergeron,person,,ocd-person/f25c32da-1d67-477b-8e39-ba2adc128a26,ocd-bill/dc434536-4323-4a53-94dc-cb1132511302,True,primary
e5c9003f-d169-46ff-bb48-97c9936113df,John Reagan,person,,ocd-person/f516d40a-3676-4437-8285-a931d7c2885b,ocd-bill/051ccb1c-f81e-4410-be71-47572446e8aa,False,cosponsor
1a754097-4e41-4e5e-8b47-64d85d468af9,Gary L. Daniels,person,,ocd-person/4c8ac73e-dca4-48ca-b50c-25d0d41425bc,ocd-bill/051ccb1c-f81e-4410-be71-47572446e8aa,False,cosponsor
8d1c891a-61c5-44fb-ad6a-dd0f565d797a,Kevin A. Avard,person,,ocd-person/b99b0bbb-4710-43c7-a6b5-0e04524eedf0,ocd-bill/051ccb1c-f81e-4410-be71-47572446e8aa,False,cosponsor
39b44108-18e8-4301-9944-57ada01d64ed,Bill Gannon,person,,ocd-person/d3c437bd-532d-458b-961f-4f6dccec1e4b,ocd-bill/051ccb1c-f81e-4410-be71-47572446e8aa,False,cosponsor
e65e8cab-8980-4da9-abda-81fbba54821d,Harold F. French,person,,ocd-person/ff11da65-174b-4fdc-b33c-e5d6d56602f0,ocd-bill/051ccb1c-f81e-4410-be71-47572446e8aa,True,primary
c9d9d821-dd63-4e01-a03c-8d30ce93480c,Ellen D. Read,person,,ocd-person/77304532-17fb-4b2c-aed6-213a435e4a46,ocd-bill/cfdab272-b770-4f9f-843a-603ee1e389e0,True,primary
329ed183-187c-4fe8-b0d1-9baee6212320,Marjorie K. Smith,person,,ocd-person/86b31d04-3a4b-4199-b10e-27bd337f0a34,ocd-bill/fbf5ad4b-3624-4358-8f7f-dbb6c03f2875,False,cosponsor
24ac91db-0e75-4d9c-a644-82d9e74ea9db,Carol M. McGuire,person,,ocd-person/ae3d6133-98b5-444e-b95e-2edc2f5302dc,ocd-bill/fbf5ad4b-3624-4358-8f7f-dbb6c03f2875,False,cosponsor
ddce865c-03a7-4725-9dab-03ed70fd4df5,Paul S. Berch,person,,ocd-person/f96a072d-9add-44b0-8028-0ec057f31f52,ocd-bill/fbf5ad4b-3624-4358-8f7f-dbb6c03f2875,True,primary
e9955473-9449-45a4-bf51-fc3ba6ee219d,Michael J. Sylvia,person,,ocd-person/2e6feb2e-6f22-4909-b907-93f4c0f9ae9b,ocd-bill/fbf5ad4b-3624-4358-8f7f-dbb6c03f2875,False,cosponsor
fdd520b8-8e5d-4e12-bffc-a30ef8b2c5cb,Amanda C. Bouldin,person,,ocd-person/7ad034dd-b6f2-4314-94d9-cffce7144e5d,ocd-bill/fbf5ad4b-3624-4358-8f7f-dbb6c03f2875,False,cosponsor
c1f98235-c590-4c94-a694-71326dc1cbce,Charlotte I. DiLorenzo,person,,ocd-person/75a682ff-407d-4192-858d-9ce6a979c400,ocd-bill/fbf5ad4b-3624-4358-8f7f-dbb6c03f2875,False,cosponsor
bde36b6d-e192-44f7-8d1e-7e09a92abfb7,Kristina M. Schultz,person,,ocd-person/8698b473-ea4e-4126-8766-a2b5b5878702,ocd-bill/fbf5ad4b-3624-4358-8f7f-dbb6c03f2875,False,cosponsor
0b92b4b6-c979-44a6-aa2b-1c6b33bd9453,David Meuse,person,,ocd-person/4b449f0f-2024-4e18-bbbd-7f0bbcfa8cac,ocd-bill/fbf5ad4b-3624-4358-8f7f-dbb6c03f2875,False,cosponsor
a0e8b211-1bd7-47c3-9619-5d882ac9fa5e,Deb Stevens,person,,ocd-person/2a81219c-aa82-4175-91a6-881353d869af,ocd-bill/fbf5ad4b-3624-4358-8f7f-dbb6c03f2875,False,cosponsor
a0bf5dc4-45f6-48de-9301-59f6541799a6,Donna M. Soucy,person,,ocd-person/bfbbacfd-e12a-4e07-970e-c2c2c006f4a2,ocd-bill/d184e75b-50d5-415a-b141-84e2cff6fc13,False,cosponsor
682cda06-d209-4035-be38-daa644cf38ea,John A. Graham,person,,ocd-person/05a586d8-4c39-4578-95f6-7aaa30b3c67c,ocd-bill/d184e75b-50d5-415a-b141-84e2cff6fc13,False,cosponsor
02f0ffb8-3953-4b09-b591-3a6f232eca59,Patrick F. Abrami,person,,ocd-person/0327f85d-1b5a-4218-a97f-f393a965d64b,ocd-bill/d184e75b-50d5-415a-b141-84e2cff6fc13,True,primary
6f1f7e80-c8b2-4abe-85f0-2f85972b7a9b,Fred G. Doucette,person,,ocd-person/db4ec0a8-f70c-4510-ae01-c9050646a503,ocd-bill/d184e75b-50d5-415a-b141-84e2cff6fc13,False,cosponsor
3d7bf9a2-f111-42a4-875c-6e151ee688cb,Timothy P. Lang,person,,ocd-person/85064309-421e-4611-a6c5-800234db68fb,ocd-bill/d184e75b-50d5-415a-b141-84e2cff6fc13,False,cosponsor
478eb612-eaa6-4459-b1e7-f9649af5f5b9,Kevin J. Cavanaugh,person,,ocd-person/7fb2bb33-cbdb-4dfd-9369-64f19f179777,ocd-bill/d184e75b-50d5-415a-b141-84e2cff6fc13,False,cosponsor
0ab1ca3a-366b-428f-9480-034943f92f83,Casey M. Conley,person,,ocd-person/3290a4d4-7403-45f8-adc4-4e26e0fefa09,ocd-bill/d184e75b-50d5-415a-b141-84e2cff6fc13,False,cosponsor
ab28c7b1-bd5d-413d-beab-4a5bb53cb26f,Jennie R. Gomarlo,person,,ocd-person/6575c4bc-c463-4c7e-aced-43b36088d740,ocd-bill/d184e75b-50d5-415a-b141-84e2cff6fc13,False,cosponsor
69b8c037-8e49-478f-8b81-536de6909fd5,Erin Hennessey,person,,ocd-person/b8009d8b-0bb8-4a70-9e34-96d247a3327b,ocd-bill/d184e75b-50d5-415a-b141-84e2cff6fc13,False,cosponsor
fcbad35d-6d77-4942-8491-4d96561d616d,Kat McGhee,person,,ocd-person/4c8bec8a-e86d-4316-8b2e-2f8c4157cae5,ocd-bill/dbdaf015-1723-407c-b12a-dc103b3800f9,False,cosponsor
cdbf95fa-afce-4501-959e-1e5f0342881d,Rebecca J. McWilliams,person,,ocd-person/39eb4d14-9ef3-4b1b-bcb6-a66f1aa97491,ocd-bill/dbdaf015-1723-407c-b12a-dc103b3800f9,True,primary
69ed543e-9496-4a9d-9250-8f7528c0f0a2,Kenneth S. Vincent,person,,ocd-person/84b0eb59-b35d-4f30-aa55-b5cd6e7f495b,ocd-bill/f0715d2a-1a75-47f0-9454-feb45f21de81,True,primary
476aa281-e731-4589-bfbd-2fc5c6c068d4,Suzanne M Prentiss,person,,ocd-person/de206392-deba-4ecf-96a3-33494c415417,ocd-bill/cbc1137e-1c32-4709-8404-4c7e4873e5f4,True,primary
7e90aee8-dca4-4261-9b7d-4d2f0d156476,Lou D'Allesandro,person,,ocd-person/87c48788-817d-408b-a1e1-ebe1c9fd893d,ocd-bill/db2b0c3a-a07f-449f-993c-095da5bf387c,False,cosponsor
35006d58-faee-4e42-855b-a8e80dfd5de4,David H Watters,person,,ocd-person/cf24defe-6df3-49f3-88ca-c6774b144f19,ocd-bill/db2b0c3a-a07f-449f-993c-095da5bf387c,False,cosponsor
49c8d08e-8525-4d60-97c2-ff65db1f925c,Donna M. Soucy,person,,ocd-person/bfbbacfd-e12a-4e07-970e-c2c2c006f4a2,ocd-bill/db2b0c3a-a07f-449f-993c-095da5bf387c,True,primary
fc87819d-2b2e-4204-b888-b45d0a3e633b,Kevin J. Cavanaugh,person,,ocd-person/7fb2bb33-cbdb-4dfd-9369-64f19f179777,ocd-bill/db2b0c3a-a07f-449f-993c-095da5bf387c,False,cosponsor
bec70fcc-9245-45d0-b4ca-27b4d2b9390e,Tom Sherman,person,,ocd-person/ee95d0de-e55e-4733-ba97-0fde66adf65c,ocd-bill/db2b0c3a-a07f-449f-993c-095da5bf387c,False,cosponsor
96958c2f-bdad-45ad-86df-338ff52b143b,Cindy Rosenwald,person,,ocd-person/f3e949ce-6d98-4826-bbca-08039cea4ea4,ocd-bill/db2b0c3a-a07f-449f-993c-095da5bf387c,False,cosponsor
cf74f580-a91a-4db7-8432-f2df03a23344,Suzanne M Prentiss,person,,ocd-person/de206392-deba-4ecf-96a3-33494c415417,ocd-bill/db2b0c3a-a07f-449f-993c-095da5bf387c,False,cosponsor
4c260f8a-78db-453a-a20d-9c404066fff7,Rebecca G. Whitley,person,,ocd-person/92267d4c-e6f1-4f45-87be-83f229c2cd36,ocd-bill/db2b0c3a-a07f-449f-993c-095da5bf387c,False,cosponsor
201953c5-4199-4afa-81e0-d4c28a767faa,Rebecca Perkins Kwoka,person,,ocd-person/c20b7693-7f2c-4646-af7f-d57518edd1a4,ocd-bill/db2b0c3a-a07f-449f-993c-095da5bf387c,False,cosponsor
c71c3b15-7443-4515-b79b-be0e4aba41df,Lou D'Allesandro,person,,ocd-person/87c48788-817d-408b-a1e1-ebe1c9fd893d,ocd-bill/c9a8c0e5-e56e-4870-8b34-062f75082f3f,False,cosponsor
dbd394a8-5a2b-4822-a3dc-d7f081e52401,Peter R. Leishman,person,,ocd-person/86708f42-531f-4e57-a6b1-f5b11ff9389c,ocd-bill/c9a8c0e5-e56e-4870-8b34-062f75082f3f,False,cosponsor
b69f430b-a7a1-47bb-a170-f4761d8044d0,Harold F. French,person,,ocd-person/ff11da65-174b-4fdc-b33c-e5d6d56602f0,ocd-bill/c9a8c0e5-e56e-4870-8b34-062f75082f3f,False,cosponsor
461b84f1-afb4-4082-bdbc-a43dfac1762a,Tom Sherman,person,,ocd-person/ee95d0de-e55e-4733-ba97-0fde66adf65c,ocd-bill/c9a8c0e5-e56e-4870-8b34-062f75082f3f,True,primary
e9eaedea-9310-4b9d-bcdf-3cd89c1464bb,Lou D'Allesandro,person,,ocd-person/87c48788-817d-408b-a1e1-ebe1c9fd893d,ocd-bill/b0e6b96a-2ddc-4401-8502-83ee92883cbe,True,primary
b9b2be6c-7f60-4033-a2ce-702f75966599,Chuck Morse,person,,ocd-person/72b8f708-a22d-477d-9c55-e5d14b8308a6,ocd-bill/b0e6b96a-2ddc-4401-8502-83ee92883cbe,False,cosponsor
29a30a72-fb99-436d-acdd-a56b6467a1bb,William A. Hatch,person,,ocd-person/2bfaf69b-214f-40a6-9674-bdb68c23e9ff,ocd-bill/dcd17c16-65b0-44f4-b504-2fb66f014919,False,cosponsor
76413f36-cfba-4717-b041-e6458e5d0246,Larry L. Laflamme,person,,ocd-person/86b73f08-dd73-4ee5-85b4-7418eaf27c8b,ocd-bill/dcd17c16-65b0-44f4-b504-2fb66f014919,False,cosponsor
ee0fe8e0-b54d-4ed5-af96-d9ebfe90370b,Edith M. Tucker,person,,ocd-person/68bf2851-656a-44f1-9c2c-85ea55c7d9f9,ocd-bill/dcd17c16-65b0-44f4-b504-2fb66f014919,True,primary
5f50d31b-9264-4c66-9c50-0d688a5cc3f2,Timothy T. Egan,person,,ocd-person/09523f28-3ff4-4ec0-ab75-d198c2c27db3,ocd-bill/dcd17c16-65b0-44f4-b504-2fb66f014919,False,cosponsor
2ef8af46-299a-4bf7-ba75-477c5071c348,Erin Hennessey,person,,ocd-person/b8009d8b-0bb8-4a70-9e34-96d247a3327b,ocd-bill/dcd17c16-65b0-44f4-b504-2fb66f014919,False,cosponsor
47fa1d4f-007d-448a-885e-1e61a0122752,Dennis J. Thompson,person,,ocd-person/3fb8405b-4bb5-41a7-b9b7-0f01d70bf235,ocd-bill/dcd17c16-65b0-44f4-b504-2fb66f014919,False,cosponsor
690b6467-5786-4c85-a048-44577c04f32a,Michael Moffett,person,,ocd-person/acb20216-f193-42e1-9304-2b1d3572e61d,ocd-bill/ccf9f726-e66f-4544-912e-8a45cce00bfc,False,cosponsor
ea1b34ff-679d-420f-ab8e-a0c9ddb95db8,Timothy P. Lang,person,,ocd-person/85064309-421e-4611-a6c5-800234db68fb,ocd-bill/ccf9f726-e66f-4544-912e-8a45cce00bfc,False,cosponsor
ed736d91-1d4c-456d-b56d-547096b14b40,Howard C. Pearl,person,,ocd-person/c4122c6a-ed23-492e-b813-59a0fed1ec86,ocd-bill/ccf9f726-e66f-4544-912e-8a45cce00bfc,True,primary
de9c3c04-f561-4c6a-aa45-23eca8bb172a,Jeffrey P. Goley,person,,ocd-person/903e02f2-e17d-41f4-bd94-f91557c0e1fd,ocd-bill/5f2e85ab-e25b-4f2d-a680-632e9516f24b,False,cosponsor
2562959a-9f76-4c83-9fdb-2191015e3ec8,Dianne E. Schuett,person,,ocd-person/62ff0476-f4e6-411f-a58e-2e7963cde2ab,ocd-bill/5f2e85ab-e25b-4f2d-a680-632e9516f24b,True,primary
1f22c8fe-28d6-48ee-b407-a49f31cc815c,Timothy A. Soucy,person,,ocd-person/edcefea3-7cd4-4128-92ef-b22bc4a7c0b4,ocd-bill/5f2e85ab-e25b-4f2d-a680-632e9516f24b,False,cosponsor
e7c6549c-9f83-49bb-912b-bd54570fa45c,Rosemarie Rung,person,,ocd-person/1a5923c6-3e1f-4ebe-8739-17c9e9642403,ocd-bill/75def410-486c-4043-857f-2830829963a0,True,primary
816896d6-b24d-4102-94ad-b20532e03f37,Melissa Blasek,person,,ocd-person/38dff49e-ef79-4720-b991-c3d76ccb87e4,ocd-bill/75def410-486c-4043-857f-2830829963a0,False,cosponsor
7c0d68de-bc76-403b-aa86-8de4c08c3ef7,Mary L. Mayville,person,,ocd-person/81da8127-c407-4e2f-8289-c7efd83c676f,ocd-bill/75def410-486c-4043-857f-2830829963a0,False,cosponsor
eb4afcd4-c422-4b21-b990-fef7268e1832,Patrick F. Abrami,person,,ocd-person/0327f85d-1b5a-4218-a97f-f393a965d64b,ocd-bill/90a787b8-ffda-447d-9130-98306147ebbd,False,cosponsor
eb8a8c64-979e-4dbc-bd39-7897c1aaaad2,Karel A. Crawford,person,,ocd-person/a0936f2f-8170-47f9-8b05-6c6697a95968,ocd-bill/90a787b8-ffda-447d-9130-98306147ebbd,False,cosponsor
038bbe10-e51e-44d8-9968-7a615ca6e9dc,Bill G. Nelson,person,,ocd-person/7f0e0e2d-f085-4d4b-bebb-f5aa37741fd5,ocd-bill/90a787b8-ffda-447d-9130-98306147ebbd,False,cosponsor
dc76ad5a-c0ec-43aa-8f71-043519f2bcd7,William M. Marsh,person,,ocd-person/22006937-f2ca-4a2e-b92a-457777933dc7,ocd-bill/90a787b8-ffda-447d-9130-98306147ebbd,True,primary
752bfd2b-9414-4e14-ac77-e40abb48b327,Jerry L. Knirk,person,,ocd-person/ce0bd184-d264-46d8-87fc-f2590e2a1ed1,ocd-bill/90a787b8-ffda-447d-9130-98306147ebbd,False,cosponsor
0510f63f-8834-4caf-8195-bb7abbf96f8a,Rosemarie Rung,person,,ocd-person/1a5923c6-3e1f-4ebe-8739-17c9e9642403,ocd-bill/90a787b8-ffda-447d-9130-98306147ebbd,False,cosponsor
c9011e6f-fad9-4916-834b-48d291d579a9,Brodie S. Deshaies,person,,ocd-person/cf0f7c1c-a402-49f9-80cd-102f946cd260,ocd-bill/90a787b8-ffda-447d-9130-98306147ebbd,False,cosponsor
c621ff20-ce99-44ac-b4b1-3a1be553c03d,Michael D. Harrington,person,,ocd-person/21e95dbc-c226-4f4a-9fa2-8f5b374d0a98,ocd-bill/d23b8d16-da2f-44ef-8258-0c5036555e8b,True,primary
1f59f3cc-69d9-47df-95bd-384fe9983f6c,Patrick F. Abrami,person,,ocd-person/0327f85d-1b5a-4218-a97f-f393a965d64b,ocd-bill/5c78fc18-e421-4bb6-9db8-a2c9c7eb243d,True,primary
b672e3ff-f8da-491d-b4bf-f9c4b01ebf48,Julie D. Gilman,person,,ocd-person/77ca15e6-ebe1-4ef5-8bc9-ed3dff861f38,ocd-bill/5c78fc18-e421-4bb6-9db8-a2c9c7eb243d,False,cosponsor
4f985540-f39f-427f-9f66-01109a411ec9,Michael J. Sylvia,person,,ocd-person/2e6feb2e-6f22-4909-b907-93f4c0f9ae9b,ocd-bill/3ae28f74-fee6-4996-b0e5-6ec1dad6d374,True,primary
5499405c-1a66-4392-bab6-57c315bc9fa1,James A. Spillane,person,,ocd-person/2520dc46-648c-44d0-ba1f-fe09b17a9d8b,ocd-bill/3ae28f74-fee6-4996-b0e5-6ec1dad6d374,False,cosponsor
4fc93d83-23ee-4f0d-8a8b-716f159c9cbe,Bob J. Greene,person,,ocd-person/c51b7c0a-47d7-4567-900e-dccb42942ca6,ocd-bill/3ae28f74-fee6-4996-b0e5-6ec1dad6d374,False,cosponsor
640882bd-85b3-41ad-ba32-1587ce897a0d,Alicia D. Lekas,person,,ocd-person/50bcd6fc-7d60-4595-811c-213e18faf326,ocd-bill/3ae28f74-fee6-4996-b0e5-6ec1dad6d374,False,cosponsor
61d2d3d0-1ece-42e1-9c8e-7569dbabd5c5,Tony Lekas,person,,ocd-person/97ccf8c1-af1c-4a3c-b267-683d0446b790,ocd-bill/3ae28f74-fee6-4996-b0e5-6ec1dad6d374,False,cosponsor
d9626ac3-277a-4480-a3a9-87d59001f0df,Harry H. Bean,person,,ocd-person/5a633278-e4a7-4a58-9c9d-2d917deefd40,ocd-bill/3ae28f74-fee6-4996-b0e5-6ec1dad6d374,False,cosponsor
850fa682-c54d-46d6-a8e8-8d4274d0cddc,Judy F. Aron,person,,ocd-person/533fb85c-c4f0-41f3-9bc6-8b1c422a9693,ocd-bill/3ae28f74-fee6-4996-b0e5-6ec1dad6d374,False,cosponsor
5d4917a3-a7da-407e-8193-731873ea0788,Sharon M Carson,person,,ocd-person/00964fc0-dd57-44c3-87bf-b6d5bbc34560,ocd-bill/56d3f0d3-dcc5-4067-99be-386424cd53de,False,cosponsor
f5202f7e-3d2b-45f5-9014-df5c12234c72,Jeb Bradley,person,,ocd-person/3f5455e8-256e-4442-9c13-bc14f62ce76f,ocd-bill/56d3f0d3-dcc5-4067-99be-386424cd53de,True,primary
12d09569-dd56-4ad5-a126-6cbae6f23a5e,Kenneth L. Weyler,person,,ocd-person/e2f9dd7e-b221-4cf0-b7de-5daa70658669,ocd-bill/56d3f0d3-dcc5-4067-99be-386424cd53de,False,cosponsor
70543c15-e1e4-4d8f-b6f6-6df247a125b6,Kimberly A. Rice,person,,ocd-person/85b7ca6d-3fd7-4e97-bfe0-effe223121f7,ocd-bill/56d3f0d3-dcc5-4067-99be-386424cd53de,False,cosponsor
1f40b6b9-bbd0-494e-afec-338bfc2f34b1,Jason M. Osborne,person,,ocd-person/6e2bc564-5cd1-4f96-a265-4753b7f12ee1,ocd-bill/56d3f0d3-dcc5-4067-99be-386424cd53de,False,cosponsor
44b5ea4e-347a-464e-ab18-7512d8440821,Gary L. Daniels,person,,ocd-person/4c8ac73e-dca4-48ca-b50c-25d0d41425bc,ocd-bill/56d3f0d3-dcc5-4067-99be-386424cd53de,False,cosponsor
da8e99a5-d920-47c9-8efd-e2483c7fd9d6,Kevin A. Avard,person,,ocd-person/b99b0bbb-4710-43c7-a6b5-0e04524eedf0,ocd-bill/56d3f0d3-dcc5-4067-99be-386424cd53de,False,cosponsor
0ae8ab1a-8d00-4c12-a584-91c7fef17238,Bob J. Giuda,person,,ocd-person/7739a4d0-534e-4bdb-b7fb-6a8f348e833e,ocd-bill/56d3f0d3-dcc5-4067-99be-386424cd53de,False,cosponsor
118640d1-40c6-43bc-b060-44c7bc75ca0f,Bill Gannon,person,,ocd-person/d3c437bd-532d-458b-961f-4f6dccec1e4b,ocd-bill/56d3f0d3-dcc5-4067-99be-386424cd53de,False,cosponsor
b71dc437-b57a-4988-9224-9fab74519337,Kristina M. Schultz,person,,ocd-person/8698b473-ea4e-4126-8766-a2b5b5878702,ocd-bill/bdabbae9-97d9-45cb-bd97-31b5e2eae148,False,cosponsor
ae2f14b3-7b09-4d4a-ab25-64ca752871fb,Rebecca J. McWilliams,person,,ocd-person/39eb4d14-9ef3-4b1b-bcb6-a66f1aa97491,ocd-bill/bdabbae9-97d9-45cb-bd97-31b5e2eae148,False,cosponsor
55076f32-1fc0-4410-a44c-3c3fb867e657,Cindy Rosenwald,person,,ocd-person/f3e949ce-6d98-4826-bbca-08039cea4ea4,ocd-bill/bdabbae9-97d9-45cb-bd97-31b5e2eae148,False,cosponsor
c6656450-26b3-412f-a164-630021b555df,Suzanne M Prentiss,person,,ocd-person/de206392-deba-4ecf-96a3-33494c415417,ocd-bill/bdabbae9-97d9-45cb-bd97-31b5e2eae148,False,cosponsor
53050a14-70a8-4a88-99e0-b06a1d926af4,Rebecca G. Whitley,person,,ocd-person/92267d4c-e6f1-4f45-87be-83f229c2cd36,ocd-bill/bdabbae9-97d9-45cb-bd97-31b5e2eae148,True,primary
1989b3ec-dac2-464b-84fc-e4fddbd12467,Rebecca Perkins Kwoka,person,,ocd-person/c20b7693-7f2c-4646-af7f-d57518edd1a4,ocd-bill/bdabbae9-97d9-45cb-bd97-31b5e2eae148,False,cosponsor
d4b47e27-48b2-4100-a60f-889d1e8680f9,Jim Kofalt,person,,ocd-person/fa8b39ea-006f-420a-9a3f-fe36d0db8776,ocd-bill/8d76007b-baa7-4bfa-9f95-c788e3a60089,True,primary
c66f4981-a363-4577-8eb7-742c37ff3976,Kate R. Murray,person,,ocd-person/79bb2147-ea4b-4706-8b38-ee2309613ea0,ocd-bill/d23d87b8-72c4-4128-8a82-4c8da93f5b87,True,primary
286bab46-13be-4966-9c06-5b126e545350,John Reagan,person,,ocd-person/f516d40a-3676-4437-8285-a931d7c2885b,ocd-bill/37c94552-bb8c-4051-b1e4-62de771ebcb0,False,cosponsor
230119d3-279b-4bf6-9e31-fe165c7bb5f8,Harold F. French,person,,ocd-person/ff11da65-174b-4fdc-b33c-e5d6d56602f0,ocd-bill/37c94552-bb8c-4051-b1e4-62de771ebcb0,True,primary
eb9a22a9-aa3e-4421-9275-7253e210e5d5,Jeb Bradley,person,,ocd-person/3f5455e8-256e-4442-9c13-bc14f62ce76f,ocd-bill/512bc673-3e83-4695-a1b3-4c1466e4cc07,False,cosponsor
64c0d239-5a9e-4e6c-87e9-eaa039f8a19c,John A. Burt,person,,ocd-person/084e4187-cca0-4f45-ac5a-8514056e94a6,ocd-bill/512bc673-3e83-4695-a1b3-4c1466e4cc07,False,cosponsor
db90027b-29b1-4273-a697-d9a8de4d4a99,Keith M. Ammon,person,,,ocd-bill/512bc673-3e83-4695-a1b3-4c1466e4cc07,False,cosponsor
c959c5c2-7d13-46dc-b0c2-bd48f9220321,Gary L. Daniels,person,,ocd-person/4c8ac73e-dca4-48ca-b50c-25d0d41425bc,ocd-bill/512bc673-3e83-4695-a1b3-4c1466e4cc07,False,cosponsor
4a68d1dd-3b69-434e-b631-bd06c4386472,Kevin A. Avard,person,,ocd-person/b99b0bbb-4710-43c7-a6b5-0e04524eedf0,ocd-bill/512bc673-3e83-4695-a1b3-4c1466e4cc07,True,primary
3858ab08-0b16-4ab8-b8fc-19c3665991fa,Timothy P. Lang,person,,ocd-person/85064309-421e-4611-a6c5-800234db68fb,ocd-bill/512bc673-3e83-4695-a1b3-4c1466e4cc07,False,cosponsor
4a75a26e-68b8-4284-a707-712fb71016de,Gary Merchant,person,,ocd-person/78078880-ab6f-4f87-b095-8b85c31f1780,ocd-bill/cd0c2ee4-f39b-4196-beaa-9ffee4691294,True,primary
71154929-bf68-40a3-ac62-42d1baf0f8ac,John M. Potucek,person,,ocd-person/433c67d6-bfdc-410e-87e2-463c93d55a17,ocd-bill/db054109-5a51-4daf-939f-4891658b1016,False,cosponsor
21ddc299-2756-442c-948b-fd507d5ba144,Kurt F. Wuelper,person,,ocd-person/27f3432f-2a51-4a39-b9c4-814718ae87ed,ocd-bill/db054109-5a51-4daf-939f-4891658b1016,False,cosponsor
aac75a38-229b-4b3b-9f66-b9e3fc5e06cf,Michael D. Harrington,person,,ocd-person/21e95dbc-c226-4f4a-9fa2-8f5b374d0a98,ocd-bill/db054109-5a51-4daf-939f-4891658b1016,True,primary
47c7e0b6-ada0-41de-a34b-fd3ce16ca6f9,Peter E. Torosian,person,,ocd-person/45e36880-19af-4f3f-89d4-624946625e7f,ocd-bill/db054109-5a51-4daf-939f-4891658b1016,False,cosponsor
c9211d2a-131e-47e6-9301-e9dec36335d8,Bob J. Greene,person,,ocd-person/c51b7c0a-47d7-4567-900e-dccb42942ca6,ocd-bill/db054109-5a51-4daf-939f-4891658b1016,False,cosponsor
a650a861-5afc-4c3d-be5d-efe625ca7122,Judy F. Aron,person,,ocd-person/533fb85c-c4f0-41f3-9bc6-8b1c422a9693,ocd-bill/db054109-5a51-4daf-939f-4891658b1016,False,cosponsor
866bcc26-5288-43e6-9891-3d539ccabdda,Regina Birdsell,person,,ocd-person/461c9024-c8c3-44a5-91d6-015a6587db5f,ocd-bill/80c54f09-1ae4-4102-8646-8a67c464dc53,False,cosponsor
657c6fb2-bb25-4333-a9df-187025584d85,Brian Seaworth,person,,ocd-person/b12abcbf-fbbe-4464-854e-6960b024e62a,ocd-bill/80c54f09-1ae4-4102-8646-8a67c464dc53,True,primary
ac48c004-887f-4f20-800b-8a8134d0dfb2,Mark Warden,person,,ocd-person/01358592-fa6d-49bf-a933-ea2f223572d7,ocd-bill/88bc5e6c-e748-4c3b-9c54-60a94e227a8c,False,cosponsor
f1e13657-e475-4b10-a332-20a6305ec108,Keith Erf,person,,ocd-person/0e6b2514-25d6-4e16-bcbd-5029e90df22d,ocd-bill/88bc5e6c-e748-4c3b-9c54-60a94e227a8c,True,primary
8bf355b9-ff16-42b6-8a19-3415d1c85a84,Timothy O. Horrigan,person,,ocd-person/2a11a559-c16e-4211-82ea-215951d74c1f,ocd-bill/b78a9e4a-ce60-4a0f-8799-05db03518835,False,cosponsor
84c8f089-a8cd-4646-8081-223e8431b32c,John E. Mann,person,,ocd-person/a8024476-bf44-4932-b6eb-e1f6af0a2298,ocd-bill/b78a9e4a-ce60-4a0f-8799-05db03518835,False,cosponsor
1f902754-30fb-47c9-839a-4425d43d932a,Jerry L. Knirk,person,,ocd-person/ce0bd184-d264-46d8-87fc-f2590e2a1ed1,ocd-bill/b78a9e4a-ce60-4a0f-8799-05db03518835,False,cosponsor
0701d5ad-8575-497a-8549-e5b55c8eb139,Chuck W. Grassie,person,,ocd-person/8ee07d33-9189-4bfe-b1a1-e15c79fd1114,ocd-bill/b78a9e4a-ce60-4a0f-8799-05db03518835,False,cosponsor
76d00c55-1e2a-4c5a-93ae-c5bb434829bd,Kristina M. Schultz,person,,ocd-person/8698b473-ea4e-4126-8766-a2b5b5878702,ocd-bill/b78a9e4a-ce60-4a0f-8799-05db03518835,True,primary
9c2ca04b-bc4a-42a9-a57c-51dab951ef29,Donald J. Bouchard,person,,ocd-person/74ae3ef0-c1f3-48ce-a5a6-c9bc4661bf08,ocd-bill/b78a9e4a-ce60-4a0f-8799-05db03518835,False,cosponsor
b03f6676-3bf6-462a-8997-e8628c3ea1e5,Cam E. Kenney,person,,ocd-person/9f35ea7b-b937-4b06-8be5-5cfbc83381e1,ocd-bill/b78a9e4a-ce60-4a0f-8799-05db03518835,False,cosponsor
634d8770-1291-46f0-a8ae-b6863bff41af,Deb Stevens,person,,ocd-person/2a81219c-aa82-4175-91a6-881353d869af,ocd-bill/b78a9e4a-ce60-4a0f-8799-05db03518835,False,cosponsor
3018eb3d-f9b2-40f6-b7cb-80acf6cff7dd,Robert Renny Cushing,person,,ocd-person/cdb3279c-243a-4ca0-8e83-fcb10a975736,ocd-bill/120a3e00-be25-4e94-9ae8-bdbc95ca1718,False,cosponsor
bc3f2c4a-fa14-4790-ab52-0197aba8ac06,Dennis F. Acton,person,,ocd-person/b81591ca-1856-4807-ac66-283280ea12ba,ocd-bill/120a3e00-be25-4e94-9ae8-bdbc95ca1718,True,primary
4d348421-8301-4a6a-8bc8-f2748a9fded5,Daryl A. Abbas,person,,ocd-person/6dfd683a-1f79-49db-95a9-07f4f9898a22,ocd-bill/c03cc9fb-4c59-4519-ad4b-9ab97df66fcb,True,primary
b678eda3-8cd9-431f-abe4-9b07516dcfc2,Sharon M Carson,person,,ocd-person/00964fc0-dd57-44c3-87bf-b6d5bbc34560,ocd-bill/4713c6b8-f755-4068-8edc-ccd291c394fc,False,cosponsor
bf78c63a-9541-4cf4-aefb-e5ff86f058e0,Robert Renny Cushing,person,,ocd-person/cdb3279c-243a-4ca0-8e83-fcb10a975736,ocd-bill/4713c6b8-f755-4068-8edc-ccd291c394fc,False,cosponsor
d67df106-94f4-4014-a03d-176b330cf58b,Jeanine M. Notter,person,,ocd-person/84f79859-fef0-441d-80bb-5edeafc70e78,ocd-bill/4713c6b8-f755-4068-8edc-ccd291c394fc,False,cosponsor
2f4e2222-41de-4b1c-9c69-c555f1525c16,Kimberly A. Rice,person,,ocd-person/85b7ca6d-3fd7-4e97-bfe0-effe223121f7,ocd-bill/4713c6b8-f755-4068-8edc-ccd291c394fc,False,cosponsor
dc98616c-ac2d-4cf7-bdb2-b43c97ad43da,Gary L. Daniels,person,,ocd-person/4c8ac73e-dca4-48ca-b50c-25d0d41425bc,ocd-bill/4713c6b8-f755-4068-8edc-ccd291c394fc,False,cosponsor
f2b8f47d-0e72-403d-a383-462b5c4c70ef,Maureen C. Mooney,person,,ocd-person/4a80db99-34b2-4d33-995b-41d889592bf3,ocd-bill/4713c6b8-f755-4068-8edc-ccd291c394fc,True,primary
1c5a4824-458f-4d0d-99d8-12e40a78ea0c,Tom Sherman,person,,ocd-person/ee95d0de-e55e-4733-ba97-0fde66adf65c,ocd-bill/4713c6b8-f755-4068-8edc-ccd291c394fc,False,cosponsor
f58e2b4a-eb01-4117-ae1b-0fe0f5612ecb,Rosemarie Rung,person,,ocd-person/1a5923c6-3e1f-4ebe-8739-17c9e9642403,ocd-bill/4713c6b8-f755-4068-8edc-ccd291c394fc,False,cosponsor
d726da40-e5f9-4131-b835-cc866d2798e2,Denise Ricciardi,person,,ocd-person/8dc59c94-caba-41b2-a6ba-6bca0f595118,ocd-bill/4713c6b8-f755-4068-8edc-ccd291c394fc,False,cosponsor
80d26bde-8040-4387-aba8-f59181748762,Robert V. Healey,person,,ocd-person/c7c69eff-d232-40f0-b41b-ef9edd276edf,ocd-bill/4713c6b8-f755-4068-8edc-ccd291c394fc,False,cosponsor
f0c68ed8-7521-48a0-b08e-24f9fe3d4a0f,Mary L. Mayville,person,,ocd-person/81da8127-c407-4e2f-8289-c7efd83c676f,ocd-bill/4713c6b8-f755-4068-8edc-ccd291c394fc,False,cosponsor
0b106b6b-679e-437b-95b3-9d98c44935fd,Michael J. Sylvia,person,,ocd-person/2e6feb2e-6f22-4909-b907-93f4c0f9ae9b,ocd-bill/9a95c5c4-143a-4502-870b-de139eb39eeb,False,cosponsor
b133dff1-9147-4f63-9f5d-30461be5cb6f,Raymond J. Howard,person,,ocd-person/2d20ed08-99dd-4520-8637-dfc71b6a2e01,ocd-bill/9a95c5c4-143a-4502-870b-de139eb39eeb,False,cosponsor
12977278-1d36-42cd-8ff5-1fa18b287ec7,John M. Potucek,person,,ocd-person/433c67d6-bfdc-410e-87e2-463c93d55a17,ocd-bill/9a95c5c4-143a-4502-870b-de139eb39eeb,False,cosponsor
505e03cf-8aec-464d-8ea9-32b4f952405c,Ruth Ward,person,,ocd-person/9089a509-1f26-4770-adc6-199ed716e692,ocd-bill/9a95c5c4-143a-4502-870b-de139eb39eeb,False,cosponsor
6b0e225f-6059-4160-9449-0d938f91c165,Tony Lekas,person,,ocd-person/97ccf8c1-af1c-4a3c-b267-683d0446b790,ocd-bill/9a95c5c4-143a-4502-870b-de139eb39eeb,False,cosponsor
11af9884-021b-4ee8-9675-aee8e0a808d6,Hershel Nunez,person,,ocd-person/3724f35b-dc08-456a-a432-1ead531e8dfd,ocd-bill/9a95c5c4-143a-4502-870b-de139eb39eeb,False,cosponsor
8458dd8f-b364-4075-810f-cb0ad7d6d842,James C. Allard,person,,ocd-person/65336609-c7d5-4518-9d70-44e6e4058fb7,ocd-bill/9a95c5c4-143a-4502-870b-de139eb39eeb,False,cosponsor
844659a7-ee87-4068-be99-231e411f913a,Judy F. Aron,person,,ocd-person/533fb85c-c4f0-41f3-9bc6-8b1c422a9693,ocd-bill/9a95c5c4-143a-4502-870b-de139eb39eeb,True,primary
72ace853-9546-4a13-bccf-ea3b241fe37b,Peter R. Leishman,person,,ocd-person/86708f42-531f-4e57-a6b1-f5b11ff9389c,ocd-bill/1a3f68ab-88bd-414e-83e9-b3dc16c78b61,True,primary
dbc2da0e-acda-4848-87ca-9ddc0f72c2fb,Karen C. Umberger,person,,ocd-person/054854df-4965-4401-9776-ffbcd075e295,ocd-bill/1a3f68ab-88bd-414e-83e9-b3dc16c78b61,False,cosponsor
aba0ed14-6926-4b7a-9424-5774432c0113,Terry Roy,person,,ocd-person/6d43b165-fda9-4918-a2b7-ad66940062a0,ocd-bill/f79ba077-621b-480d-8db7-d3ff0270ea3b,True,primary
199c0b88-2baf-4003-af39-77e33c0d9316,Sharon M Carson,person,,ocd-person/00964fc0-dd57-44c3-87bf-b6d5bbc34560,ocd-bill/63c21404-33a6-42e1-ac71-de2db2a1a1b0,False,cosponsor
d85f51cf-4d01-4d5e-9ab2-34787c10a864,Kenneth L. Weyler,person,,ocd-person/e2f9dd7e-b221-4cf0-b7de-5daa70658669,ocd-bill/63c21404-33a6-42e1-ac71-de2db2a1a1b0,False,cosponsor
c1544016-847a-49df-81bf-0f2756f97c67,Bob J. Giuda,person,,ocd-person/7739a4d0-534e-4bdb-b7fb-6a8f348e833e,ocd-bill/63c21404-33a6-42e1-ac71-de2db2a1a1b0,True,primary
9c6ce5bb-02fe-4c9a-934d-9442462f8750,Mark A. Pearson,person,,ocd-person/6c90e0a1-d9d5-488c-a9a3-898ca5b0f9a4,ocd-bill/63c21404-33a6-42e1-ac71-de2db2a1a1b0,False,cosponsor
dc2c22c4-d0dd-4520-a854-040199f18a51,Mark E. McConkey,person,,ocd-person/c344ed7a-6fea-4f17-9c48-4e27d67bebc8,ocd-bill/278b53e2-659f-4703-b2ff-6e4bb122fe13,True,primary
3bf9c4f1-50d3-4bbc-888e-f01621401ffa,Karen C. Umberger,person,,ocd-person/054854df-4965-4401-9776-ffbcd075e295,ocd-bill/278b53e2-659f-4703-b2ff-6e4bb122fe13,False,cosponsor
d5e34ca3-01c2-4f28-bd2b-6ae1231827d1,Glenn Cordelli,person,,ocd-person/c8aa2951-dea0-4999-9b6a-6323d9917e0b,ocd-bill/278b53e2-659f-4703-b2ff-6e4bb122fe13,False,cosponsor
b7108376-33ac-43b2-988e-e8f60fb56a4f,Lino M. Avellani,person,,ocd-person/4d68b7bf-e7fb-4c6d-ac12-526aba53e65e,ocd-bill/278b53e2-659f-4703-b2ff-6e4bb122fe13,False,cosponsor
5dac30d3-e597-44b9-ad36-5013879f4ebe,Lou D'Allesandro,person,,ocd-person/87c48788-817d-408b-a1e1-ebe1c9fd893d,ocd-bill/092ef6b2-a7c5-476d-81e3-21d387dc7f95,False,cosponsor
07f06873-c5a2-4bff-af98-706bdfb9934f,Chuck Morse,person,,ocd-person/72b8f708-a22d-477d-9c55-e5d14b8308a6,ocd-bill/092ef6b2-a7c5-476d-81e3-21d387dc7f95,False,cosponsor
71611e4f-eea3-41f0-b035-87d43edd74b6,Sharon M Carson,person,,ocd-person/00964fc0-dd57-44c3-87bf-b6d5bbc34560,ocd-bill/092ef6b2-a7c5-476d-81e3-21d387dc7f95,False,cosponsor
31a0e26b-bbed-420d-bb62-06e712904888,Jeb Bradley,person,,ocd-person/3f5455e8-256e-4442-9c13-bc14f62ce76f,ocd-bill/092ef6b2-a7c5-476d-81e3-21d387dc7f95,False,cosponsor
bbd97e72-b3a0-4a08-abc0-f903481ad054,John Reagan,person,,ocd-person/f516d40a-3676-4437-8285-a931d7c2885b,ocd-bill/092ef6b2-a7c5-476d-81e3-21d387dc7f95,False,cosponsor
29566515-404c-45dc-ac6e-8fce123adab3,Donna M. Soucy,person,,ocd-person/bfbbacfd-e12a-4e07-970e-c2c2c006f4a2,ocd-bill/092ef6b2-a7c5-476d-81e3-21d387dc7f95,False,cosponsor
9c3e8314-16cb-4193-885c-150df5185665,David E. Cote,person,,ocd-person/fc07140c-ea9f-4f3f-9a44-17e7dcfc0b4b,ocd-bill/092ef6b2-a7c5-476d-81e3-21d387dc7f95,False,cosponsor
5fa3502b-c3b3-4f06-9944-cb51790e7fc2,Sherman A. Packard,person,,ocd-person/e94c1d98-5454-40a2-8293-ee0998fee8ca,ocd-bill/092ef6b2-a7c5-476d-81e3-21d387dc7f95,False,cosponsor
68938d64-ea1e-4c29-a260-d6544a22c3e5,Robert Renny Cushing,person,,ocd-person/cdb3279c-243a-4ca0-8e83-fcb10a975736,ocd-bill/092ef6b2-a7c5-476d-81e3-21d387dc7f95,False,cosponsor
425fc27b-bd69-449d-874d-f44a6ed71c47,Regina Birdsell,person,,ocd-person/461c9024-c8c3-44a5-91d6-015a6587db5f,ocd-bill/092ef6b2-a7c5-476d-81e3-21d387dc7f95,False,cosponsor
15189732-a79e-4dce-8537-c0d3cd20ec05,Kevin A. Avard,person,,ocd-person/b99b0bbb-4710-43c7-a6b5-0e04524eedf0,ocd-bill/092ef6b2-a7c5-476d-81e3-21d387dc7f95,False,cosponsor
7a62715a-47fc-42d9-9ec8-ee7438dfe5ac,Timothy P. Lang,person,,ocd-person/85064309-421e-4611-a6c5-800234db68fb,ocd-bill/092ef6b2-a7c5-476d-81e3-21d387dc7f95,False,cosponsor
496d80ce-6aba-453d-a0df-f32f9467c751,James P. Gray,person,,ocd-person/e6443187-eb51-42eb-8bd7-349ed0ba9641,ocd-bill/092ef6b2-a7c5-476d-81e3-21d387dc7f95,True,primary
0abdcc05-567d-488e-84af-2129cfe5d0a1,Ruth Ward,person,,ocd-person/9089a509-1f26-4770-adc6-199ed716e692,ocd-bill/092ef6b2-a7c5-476d-81e3-21d387dc7f95,False,cosponsor
5aa2318d-4bdc-45a6-b5b3-ff75416cfed1,Bill Gannon,person,,ocd-person/d3c437bd-532d-458b-961f-4f6dccec1e4b,ocd-bill/092ef6b2-a7c5-476d-81e3-21d387dc7f95,False,cosponsor
3abf0312-6652-4d6b-8cc4-e0bc76b21a85,Harold F. French,person,,ocd-person/ff11da65-174b-4fdc-b33c-e5d6d56602f0,ocd-bill/092ef6b2-a7c5-476d-81e3-21d387dc7f95,False,cosponsor
e369dd31-fd7c-4b8c-80be-6ad2ebae04b0,Tom Sherman,person,,ocd-person/ee95d0de-e55e-4733-ba97-0fde66adf65c,ocd-bill/092ef6b2-a7c5-476d-81e3-21d387dc7f95,False,cosponsor
4362fe65-336a-41cc-95d3-ff2f28d449b6,Cindy Rosenwald,person,,ocd-person/f3e949ce-6d98-4826-bbca-08039cea4ea4,ocd-bill/092ef6b2-a7c5-476d-81e3-21d387dc7f95,False,cosponsor
837ae9e6-4921-4739-bf3e-5a02fb0a06e1,Wayne D. MacDonald,person,,ocd-person/8588302c-ac8c-4b58-9444-0c9f29448aa0,ocd-bill/092ef6b2-a7c5-476d-81e3-21d387dc7f95,False,cosponsor
d12ab73c-04b4-4404-9ed0-8cffa539c880,Janice E. Schmidt,person,,ocd-person/ec374833-801f-4c21-9261-67cdefc1ba44,ocd-bill/52fec967-9b06-45e2-8d71-dfefec5c23a1,False,cosponsor
492ff6b3-403a-4c3d-9335-8abffd8698dc,Manny Espitia,person,,ocd-person/31583363-1dfd-4eb3-a611-d5059d945d53,ocd-bill/52fec967-9b06-45e2-8d71-dfefec5c23a1,True,primary
9f1d4afd-a768-4658-8f7b-d533363dbbd3,Kat McGhee,person,,ocd-person/4c8bec8a-e86d-4316-8b2e-2f8c4157cae5,ocd-bill/34b64649-bf9d-42fa-be08-146cda67b223,False,cosponsor
2233ccef-2bdc-4bef-b91e-7aa6707e59dc,Rebecca J. McWilliams,person,,ocd-person/39eb4d14-9ef3-4b1b-bcb6-a66f1aa97491,ocd-bill/34b64649-bf9d-42fa-be08-146cda67b223,True,primary
40698dd5-0ed4-4938-a765-97ad6b2c6d90,Suzanne J. Smith,person,,ocd-person/6a75f502-50fd-47e7-8160-1fce1205550e,ocd-bill/6ddb4f61-0c04-4a2f-934d-927f6ff24bd8,True,primary
6c72de56-4e7a-4553-a24d-cec948c8063b,Linda R. Gould,person,,ocd-person/40ae4adb-2124-47ca-82b5-9eee794af4a2,ocd-bill/6ddb4f61-0c04-4a2f-934d-927f6ff24bd8,False,cosponsor
3fb85734-8f15-43de-94d3-ceabb6ef079b,Edward M. Gordon,person,,ocd-person/1e527c99-df26-4b70-8f9e-62df18dad8bb,ocd-bill/6ddb4f61-0c04-4a2f-934d-927f6ff24bd8,False,cosponsor
2ed72977-4e48-4684-81d7-334291b26dea,Bob J. Giuda,person,,ocd-person/7739a4d0-534e-4bdb-b7fb-6a8f348e833e,ocd-bill/6ddb4f61-0c04-4a2f-934d-927f6ff24bd8,False,cosponsor
6e329e07-08f8-43ed-bbdb-9bef8dd07802,Joyce Weston,person,,ocd-person/2dbea6d6-0221-41de-98bf-508b14eb085d,ocd-bill/6ddb4f61-0c04-4a2f-934d-927f6ff24bd8,False,cosponsor
7362e5ee-8176-406a-a05e-d69fd7f0d6b8,Erin Hennessey,person,,ocd-person/b8009d8b-0bb8-4a70-9e34-96d247a3327b,ocd-bill/6ddb4f61-0c04-4a2f-934d-927f6ff24bd8,False,cosponsor
f148e2d5-64b5-4b83-9092-1ba400b3a31d,Lou D'Allesandro,person,,ocd-person/87c48788-817d-408b-a1e1-ebe1c9fd893d,ocd-bill/595c96a9-7928-4a9e-9876-cbfd58325ce7,False,cosponsor
b218fcc5-f8a3-4d42-8cdc-f91c4d48b9a9,Kevin J. Cavanaugh,person,,ocd-person/7fb2bb33-cbdb-4dfd-9369-64f19f179777,ocd-bill/595c96a9-7928-4a9e-9876-cbfd58325ce7,True,primary
99cc2b27-81c1-4ddb-b0fc-dccc361297cc,Lou D'Allesandro,person,,ocd-person/87c48788-817d-408b-a1e1-ebe1c9fd893d,ocd-bill/a02fb03d-e497-4c42-a798-b18eaea43087,False,cosponsor
de7464c3-129a-45a3-b0d4-430632c4d573,David H Watters,person,,ocd-person/cf24defe-6df3-49f3-88ca-c6774b144f19,ocd-bill/a02fb03d-e497-4c42-a798-b18eaea43087,False,cosponsor
90376acd-ab63-4fe4-a75b-64b491b532f4,John Reagan,person,,ocd-person/f516d40a-3676-4437-8285-a931d7c2885b,ocd-bill/a02fb03d-e497-4c42-a798-b18eaea43087,False,cosponsor
dd729823-9154-4f94-9a69-52ac2b9d6d25,Donna M. Soucy,person,,ocd-person/bfbbacfd-e12a-4e07-970e-c2c2c006f4a2,ocd-bill/a02fb03d-e497-4c42-a798-b18eaea43087,False,cosponsor
a7a13a6c-a11b-4cc9-9bbc-84b630cab047,Mary E. Griffin,person,,ocd-person/347fa364-852b-49c9-9610-99a813965a69,ocd-bill/a02fb03d-e497-4c42-a798-b18eaea43087,False,cosponsor
0453a6bc-11f9-4655-a75f-5851841ab487,Peter R. Leishman,person,,ocd-person/86708f42-531f-4e57-a6b1-f5b11ff9389c,ocd-bill/a02fb03d-e497-4c42-a798-b18eaea43087,False,cosponsor
cd3ace6d-5da8-454d-a34d-cef9a89f0f5f,Charles E. McMahon,person,,ocd-person/28d59199-5bae-46fe-99f3-ec78e330cdeb,ocd-bill/a02fb03d-e497-4c42-a798-b18eaea43087,False,cosponsor
18f1e2fe-94a9-4207-aadc-d8317c2e9eb0,Christy D. Bartlett,person,,ocd-person/59afcf2a-d688-4495-a53d-b10faeffd222,ocd-bill/a02fb03d-e497-4c42-a798-b18eaea43087,False,cosponsor
b3f3e77f-af51-410e-9ca4-dfe37bc3ff0c,Kevin J. Cavanaugh,person,,ocd-person/7fb2bb33-cbdb-4dfd-9369-64f19f179777,ocd-bill/a02fb03d-e497-4c42-a798-b18eaea43087,False,cosponsor
134ef7a3-fcd9-4850-954a-b152cc498684,Tom Sherman,person,,ocd-person/ee95d0de-e55e-4733-ba97-0fde66adf65c,ocd-bill/a02fb03d-e497-4c42-a798-b18eaea43087,False,cosponsor
8b9a7b35-2edb-40c3-8365-b2adadfd092b,Tom J. Loughman,person,,ocd-person/49ec8a23-3fec-4d61-a917-be7780438d71,ocd-bill/a02fb03d-e497-4c42-a798-b18eaea43087,False,cosponsor
5a6ff505-46b0-4d44-bf12-625d9f4da08e,Cindy Rosenwald,person,,ocd-person/f3e949ce-6d98-4826-bbca-08039cea4ea4,ocd-bill/a02fb03d-e497-4c42-a798-b18eaea43087,True,primary
0cdb928e-92a7-4a95-8736-f851647774d3,Erin Hennessey,person,,ocd-person/b8009d8b-0bb8-4a70-9e34-96d247a3327b,ocd-bill/a02fb03d-e497-4c42-a798-b18eaea43087,False,cosponsor
ed1937a9-c5b7-458d-8964-f9ffc24b819c,Suzanne M Prentiss,person,,ocd-person/de206392-deba-4ecf-96a3-33494c415417,ocd-bill/a02fb03d-e497-4c42-a798-b18eaea43087,False,cosponsor
05a86184-1e62-4ec4-a2ae-650b56384060,John M. Potucek,person,,ocd-person/433c67d6-bfdc-410e-87e2-463c93d55a17,ocd-bill/6faa99f5-6dd0-4b9b-ad01-c91e1c4671e5,False,cosponsor
77ae2388-89ff-4586-a5b5-d6e0e0cd1e7b,Howard C. Pearl,person,,ocd-person/c4122c6a-ed23-492e-b813-59a0fed1ec86,ocd-bill/6faa99f5-6dd0-4b9b-ad01-c91e1c4671e5,False,cosponsor
da7e2ae0-1be9-4521-a500-354d712a0a1d,Judy F. Aron,person,,ocd-person/533fb85c-c4f0-41f3-9bc6-8b1c422a9693,ocd-bill/6faa99f5-6dd0-4b9b-ad01-c91e1c4671e5,True,primary
65c1253c-bad1-41dd-a16f-98231e3157f9,Karen C. Umberger,person,,ocd-person/054854df-4965-4401-9776-ffbcd075e295,ocd-bill/624c5b0b-f676-42fb-96db-2dcbf5aad0dd,False,cosponsor
afb620cb-5b16-48f1-adfb-fd8f27b1a3f5,Richard W. Lascelles,person,,ocd-person/c11f9fad-128e-455e-896e-2e880b6cc29e,ocd-bill/624c5b0b-f676-42fb-96db-2dcbf5aad0dd,False,cosponsor
4cfd6be6-4221-4e37-a4dc-dbf0d3bad100,Anita D. Burroughs,person,,ocd-person/a028512b-5d61-4d23-9e28-dec7038577d6,ocd-bill/624c5b0b-f676-42fb-96db-2dcbf5aad0dd,False,cosponsor
ede30117-fb3a-41d2-8393-828988aca3d0,Willis T. Griffith,person,,ocd-person/db50036f-5c7f-4cec-a250-3be2e3ca394c,ocd-bill/624c5b0b-f676-42fb-96db-2dcbf5aad0dd,False,cosponsor
63530104-0696-4c7f-8f4a-a33df736b137,Joe H. Alexander,person,,ocd-person/e7800d58-1019-4aff-8d1a-22faba9d3e23,ocd-bill/624c5b0b-f676-42fb-96db-2dcbf5aad0dd,True,primary
ea0da760-0ece-4a5e-95cf-cffc1d460ba4,Erin Hennessey,person,,ocd-person/b8009d8b-0bb8-4a70-9e34-96d247a3327b,ocd-bill/624c5b0b-f676-42fb-96db-2dcbf5aad0dd,False,cosponsor
e10fe5fb-f583-4868-b06f-d80d6eea9155,Rebecca Perkins Kwoka,person,,ocd-person/c20b7693-7f2c-4646-af7f-d57518edd1a4,ocd-bill/624c5b0b-f676-42fb-96db-2dcbf5aad0dd,False,cosponsor
be2d6c34-bc86-4342-83b1-64ca3e5f5882,Peter W. Bixby,person,,ocd-person/2c42e95c-0192-4910-9fc6-8a43b58c6467,ocd-bill/4260c213-b954-47cf-935b-7ca84d0f0fdf,True,primary
21de11c4-60c5-4f99-9b8c-3e4c558231b2,Suzanne M. Vail,person,,ocd-person/ce985799-268d-4190-b078-955fc63a8c3c,ocd-bill/aa33fd0a-755c-4fd0-a5ce-d43e1fcb1b4d,True,primary
514f1e16-4db9-4679-a23f-604c0cf00dd1,Max Abramson,person,,ocd-person/83f50732-5fc6-4287-87aa-786cf169840c,ocd-bill/aa33fd0a-755c-4fd0-a5ce-d43e1fcb1b4d,False,cosponsor
2cfd4741-b4c5-4a71-a7e3-3fd927f6ddd2,Larry L. Laflamme,person,,ocd-person/86b73f08-dd73-4ee5-85b4-7418eaf27c8b,ocd-bill/aa33fd0a-755c-4fd0-a5ce-d43e1fcb1b4d,False,cosponsor
307cf333-7f00-4fce-b2c2-735199843195,Wendy Chase,person,,ocd-person/c24da601-15f1-482c-a234-f8443056c77a,ocd-bill/aa33fd0a-755c-4fd0-a5ce-d43e1fcb1b4d,False,cosponsor
5440a535-1af2-4bf0-8721-3928bd30a244,Timothy O. Horrigan,person,,ocd-person/2a11a559-c16e-4211-82ea-215951d74c1f,ocd-bill/bfdb898a-d0d2-4713-9d55-38cc51e0afdf,False,cosponsor
b1873a7f-1efd-43e5-83df-39fe7d767a8c,Christy D. Bartlett,person,,ocd-person/59afcf2a-d688-4495-a53d-b10faeffd222,ocd-bill/bfdb898a-d0d2-4713-9d55-38cc51e0afdf,False,cosponsor
89f2a981-26d5-4ff7-a978-34419dd9a7da,Constance Van Houten,person,,ocd-person/5e54c6e7-01cb-42c8-b3ed-8137e6c995fd,ocd-bill/bfdb898a-d0d2-4713-9d55-38cc51e0afdf,False,cosponsor
0c4932bb-712b-4edf-913f-9616262e1dc5,Kristina M. Schultz,person,,ocd-person/8698b473-ea4e-4126-8766-a2b5b5878702,ocd-bill/bfdb898a-d0d2-4713-9d55-38cc51e0afdf,False,cosponsor
46721b7f-5aef-4173-8705-ff0b67b45617,Jacqueline H. Chretien,person,,ocd-person/8e044671-4143-41a6-a341-6c8514bb2d66,ocd-bill/bfdb898a-d0d2-4713-9d55-38cc51e0afdf,False,cosponsor
715a043a-23ed-45f9-9c63-cbc29b551360,Tony Caplan,person,,ocd-person/960dc748-e7c7-4859-ab1d-b07f9bb7b269,ocd-bill/bfdb898a-d0d2-4713-9d55-38cc51e0afdf,True,primary
f7a0dfb7-0b1e-4c43-bd7f-7d44f84822f7,Sharon M Carson,person,,ocd-person/00964fc0-dd57-44c3-87bf-b6d5bbc34560,ocd-bill/78d57eec-2514-4f31-b9c5-f6e862f57c61,False,cosponsor
2d0f12fd-7973-4537-bc50-2b6c0f515843,Ruth Ward,person,,ocd-person/9089a509-1f26-4770-adc6-199ed716e692,ocd-bill/78d57eec-2514-4f31-b9c5-f6e862f57c61,True,primary
82bede98-0f87-4160-99c4-677d5889335b,Jay Kahn,person,,ocd-person/998e681b-6df1-4b4a-92db-7a2187cedcd8,ocd-bill/78d57eec-2514-4f31-b9c5-f6e862f57c61,False,cosponsor
402c8d22-18d4-4c29-8548-f8233871de7c,Erin Hennessey,person,,ocd-person/b8009d8b-0bb8-4a70-9e34-96d247a3327b,ocd-bill/78d57eec-2514-4f31-b9c5-f6e862f57c61,False,cosponsor
58aa807a-4a3d-4c08-942f-49851d8bc784,Denise Ricciardi,person,,ocd-person/8dc59c94-caba-41b2-a6ba-6bca0f595118,ocd-bill/78d57eec-2514-4f31-b9c5-f6e862f57c61,False,cosponsor
f0e2bfec-47f5-4d09-8088-db93d1ebfa20,Al P. Baldasaro,person,,ocd-person/3807f9c1-b590-4496-8a1e-b0ff84ba592d,ocd-bill/d46c6e60-b5b8-4998-b6af-fd0b1cd8d11b,False,cosponsor
af239d94-264d-4051-828a-f38479c90be9,Rick M. Ladd,person,,ocd-person/1bd6c569-f2dd-4670-bf82-ef3ea4b15960,ocd-bill/d46c6e60-b5b8-4998-b6af-fd0b1cd8d11b,False,cosponsor
62505a99-2b0a-40e0-83d3-e12ff35183a1,Glenn Cordelli,person,,ocd-person/c8aa2951-dea0-4999-9b6a-6323d9917e0b,ocd-bill/d46c6e60-b5b8-4998-b6af-fd0b1cd8d11b,True,primary
1d08e4f0-d1a2-4eb1-80be-46979ee11e83,Mark McLean,person,,ocd-person/b089786f-4435-4822-a7d6-3725cca787bf,ocd-bill/d46c6e60-b5b8-4998-b6af-fd0b1cd8d11b,False,cosponsor
0fcdb502-8a46-42fd-af1a-3adfc88ea753,John M. Potucek,person,,ocd-person/433c67d6-bfdc-410e-87e2-463c93d55a17,ocd-bill/d46c6e60-b5b8-4998-b6af-fd0b1cd8d11b,False,cosponsor
f1cc4bfa-cf6c-4924-b046-61322e213ee3,Kurt F. Wuelper,person,,ocd-person/27f3432f-2a51-4a39-b9c4-814718ae87ed,ocd-bill/d46c6e60-b5b8-4998-b6af-fd0b1cd8d11b,False,cosponsor
800edae1-4d17-4560-a72d-c23910598f9d,Gregory G. Hill,person,,ocd-person/852df922-484b-412f-a604-c2d67efee5ec,ocd-bill/d46c6e60-b5b8-4998-b6af-fd0b1cd8d11b,False,cosponsor
cffbe603-67d2-47f6-9869-1a078e369df4,Ruth Ward,person,,ocd-person/9089a509-1f26-4770-adc6-199ed716e692,ocd-bill/d46c6e60-b5b8-4998-b6af-fd0b1cd8d11b,False,cosponsor
9b8b909b-55aa-40fb-aa6c-1f1e3374cdae,Mark A. Pearson,person,,ocd-person/6c90e0a1-d9d5-488c-a9a3-898ca5b0f9a4,ocd-bill/d46c6e60-b5b8-4998-b6af-fd0b1cd8d11b,False,cosponsor
2968007e-4580-4506-878c-3cd160115711,Bob J. Lynn,person,,ocd-person/ce46c52e-8598-4888-8a1f-d16b283a7238,ocd-bill/d46c6e60-b5b8-4998-b6af-fd0b1cd8d11b,False,cosponsor
227d0260-66d9-4b46-9197-c2009dda0b9b,Timothy O. Horrigan,person,,ocd-person/2a11a559-c16e-4211-82ea-215951d74c1f,ocd-bill/10c72d88-78f5-4898-9685-aebc3a75348e,True,primary
636f91f8-fcd2-423c-943e-0c533c1fb7c2,Sue M. Mullen,person,,ocd-person/07c19313-fcb0-476b-b240-e299c55888f7,ocd-bill/10c72d88-78f5-4898-9685-aebc3a75348e,False,cosponsor
a549283c-473c-429e-9a90-0f748a7d8727,Lou D'Allesandro,person,,ocd-person/87c48788-817d-408b-a1e1-ebe1c9fd893d,ocd-bill/8eb57240-5754-48c4-a0b4-4043fd0e5bdb,False,cosponsor
7a9a1041-6e56-47c6-a5dc-e8147fcb2ba5,Jeb Bradley,person,,ocd-person/3f5455e8-256e-4442-9c13-bc14f62ce76f,ocd-bill/8eb57240-5754-48c4-a0b4-4043fd0e5bdb,False,cosponsor
a2a4b904-e739-447a-ba78-e1100fc78ed1,Norman L. Major,person,,ocd-person/f210808d-53ac-4e23-ade2-7bdb60a8e559,ocd-bill/8eb57240-5754-48c4-a0b4-4043fd0e5bdb,False,cosponsor
8b403ece-0e99-4a3d-88e8-fb5d07a13b77,Larry G. Gagne,person,,ocd-person/26d443c0-53fe-480b-bf4c-7b7a28a109e9,ocd-bill/8eb57240-5754-48c4-a0b4-4043fd0e5bdb,False,cosponsor
01b41f73-5dd1-4db0-96fc-a6f26a7839ad,Marjorie A. Porter,person,,ocd-person/0999b615-be84-4309-b4ca-68261c1155ab,ocd-bill/8eb57240-5754-48c4-a0b4-4043fd0e5bdb,False,cosponsor
2d4742f3-cce6-498a-89a6-d1010af7a3f7,Glenn Cordelli,person,,ocd-person/c8aa2951-dea0-4999-9b6a-6323d9917e0b,ocd-bill/8eb57240-5754-48c4-a0b4-4043fd0e5bdb,False,cosponsor
9abceb06-915e-4986-9bc2-b1be6728e952,Regina Birdsell,person,,ocd-person/461c9024-c8c3-44a5-91d6-015a6587db5f,ocd-bill/8eb57240-5754-48c4-a0b4-4043fd0e5bdb,False,cosponsor
dbee6796-189e-4d7c-9ba0-141d66b57cc3,Ellen D. Read,person,,ocd-person/77304532-17fb-4b2c-aed6-213a435e4a46,ocd-bill/8eb57240-5754-48c4-a0b4-4043fd0e5bdb,False,cosponsor
a6075bb3-515b-4d3f-91b9-6cbc0aa1f7a4,Mark A. Pearson,person,,ocd-person/6c90e0a1-d9d5-488c-a9a3-898ca5b0f9a4,ocd-bill/8eb57240-5754-48c4-a0b4-4043fd0e5bdb,True,primary
f990f85c-5e76-46e3-9aea-acfe3051e928,Gary L. Woods,person,,ocd-person/5d98b66b-f4d1-4776-953f-67dc348fdd12,ocd-bill/8eb57240-5754-48c4-a0b4-4043fd0e5bdb,False,cosponsor
79083c08-5a20-4426-8090-44f9037ffd2d,Gary Merchant,person,,ocd-person/78078880-ab6f-4f87-b095-8b85c31f1780,ocd-bill/8eb57240-5754-48c4-a0b4-4043fd0e5bdb,False,cosponsor
5d1ffc11-ac64-48e2-9dc4-def2cac73cbd,Sharon M Carson,person,,ocd-person/00964fc0-dd57-44c3-87bf-b6d5bbc34560,ocd-bill/6073e8e4-c4f6-47e8-9f36-853da7a1de3a,False,cosponsor
e833c6bd-7d2a-4417-8a34-783e5f5bb105,Regina Birdsell,person,,ocd-person/461c9024-c8c3-44a5-91d6-015a6587db5f,ocd-bill/6073e8e4-c4f6-47e8-9f36-853da7a1de3a,True,primary
b08872c5-a4af-4d03-9260-2e5572c9007e,Ralph G. Boehm,person,,ocd-person/ac6ce16b-a462-4727-8e4b-724c7c19e58c,ocd-bill/1104fea0-2293-4363-8272-ce72daf5394b,True,primary
effd7a2a-6617-4a74-8807-5ed2d95a18fa,John Reagan,person,,ocd-person/f516d40a-3676-4437-8285-a931d7c2885b,ocd-bill/ce758dd1-6c71-4ce8-978c-1f543af734c0,False,cosponsor
f14ddc62-c6aa-4d83-a69d-3204b7e48c5f,Peter W. Bixby,person,,ocd-person/2c42e95c-0192-4910-9fc6-8a43b58c6467,ocd-bill/ce758dd1-6c71-4ce8-978c-1f543af734c0,False,cosponsor
b423bbc4-8351-4584-a3cb-14eda69d6d73,John Bordenet,person,,ocd-person/97cb7b54-48fb-4eb8-ac44-c1a5645bda49,ocd-bill/ce758dd1-6c71-4ce8-978c-1f543af734c0,False,cosponsor
fb370376-7142-4dec-a243-b6d84c9f83c4,John M. Potucek,person,,ocd-person/433c67d6-bfdc-410e-87e2-463c93d55a17,ocd-bill/ce758dd1-6c71-4ce8-978c-1f543af734c0,False,cosponsor
499c2f51-efea-4c7c-9c7d-f4d514f44a33,James A. Spillane,person,,ocd-person/2520dc46-648c-44d0-ba1f-fe09b17a9d8b,ocd-bill/ce758dd1-6c71-4ce8-978c-1f543af734c0,False,cosponsor
953f0755-fd80-4753-a699-b7828c83f93e,David A. Welch,person,,ocd-person/b8201b25-9bdd-45d3-819d-5bae4c670ad0,ocd-bill/ce758dd1-6c71-4ce8-978c-1f543af734c0,False,cosponsor
90d51de5-2476-4a49-94ff-3327b2e77dd0,Mark R. King,person,,ocd-person/5b030cec-8315-49f4-901d-85fdb7423781,ocd-bill/ce758dd1-6c71-4ce8-978c-1f543af734c0,False,cosponsor
62436c1f-4423-4520-8fb2-89f4e93dc93b,Sherry A. Frost,person,,ocd-person/62916f8e-e193-463d-9dcc-f35f60d836db,ocd-bill/ce758dd1-6c71-4ce8-978c-1f543af734c0,False,cosponsor
06863a1b-3737-43c8-993e-7472873c63aa,Terry Roy,person,,ocd-person/6d43b165-fda9-4918-a2b7-ad66940062a0,ocd-bill/ce758dd1-6c71-4ce8-978c-1f543af734c0,True,primary
a37eb165-cd04-43ee-86f0-1726bf9b2a51,Deb Stevens,person,,ocd-person/2a81219c-aa82-4175-91a6-881353d869af,ocd-bill/ce758dd1-6c71-4ce8-978c-1f543af734c0,False,cosponsor
62bbef6c-4a2a-4b46-b19f-a06a763dd01d,Melbourne R. Moran,person,,ocd-person/79503c7a-0c57-4b4f-b5fe-38ab2529dd14,ocd-bill/ce758dd1-6c71-4ce8-978c-1f543af734c0,False,cosponsor
e2fcb443-ca92-4a0b-9f59-59a3d356ab7a,John Reagan,person,,ocd-person/f516d40a-3676-4437-8285-a931d7c2885b,ocd-bill/cbf633ce-0eb4-4d1c-a8d8-b1bbec56ad06,False,cosponsor
8a280d4e-c1bc-4394-96b7-c8d31e6e743c,William M. Marsh,person,,ocd-person/22006937-f2ca-4a2e-b92a-457777933dc7,ocd-bill/cbf633ce-0eb4-4d1c-a8d8-b1bbec56ad06,False,cosponsor
bed78bbb-da81-460e-8223-148681523bcb,Betty I. Gay,person,,ocd-person/c2486401-1c5f-4cfc-b4ef-bbae6b8c0489,ocd-bill/cbf633ce-0eb4-4d1c-a8d8-b1bbec56ad06,True,primary
30410da0-3318-47ff-b4b2-6a8a316b46d5,Charlotte I. DiLorenzo,person,,ocd-person/75a682ff-407d-4192-858d-9ce6a979c400,ocd-bill/cbf633ce-0eb4-4d1c-a8d8-b1bbec56ad06,False,cosponsor
b3cb4f6c-cf0b-4898-bc2a-24b3c6d592dc,Mark A. Pearson,person,,ocd-person/6c90e0a1-d9d5-488c-a9a3-898ca5b0f9a4,ocd-bill/cbf633ce-0eb4-4d1c-a8d8-b1bbec56ad06,False,cosponsor
ac90d8f8-9a7e-46b6-a751-56eac10d236c,Frances E. Nutter-Upham,person,,ocd-person/9c5c8165-5f7d-4348-9466-331f9b250536,ocd-bill/cbf633ce-0eb4-4d1c-a8d8-b1bbec56ad06,False,cosponsor
7fa58714-6964-46c2-b7cb-cb1b7cfca537,Sue M. Mullen,person,,ocd-person/07c19313-fcb0-476b-b240-e299c55888f7,ocd-bill/cbf633ce-0eb4-4d1c-a8d8-b1bbec56ad06,False,cosponsor
12cc9b72-f718-4a80-b16d-537f1478d797,Daryl A. Abbas,person,,ocd-person/6dfd683a-1f79-49db-95a9-07f4f9898a22,ocd-bill/a748c8a3-9533-4c99-8422-a1397c84de31,True,primary
dcbbd1da-56c8-4830-baff-00f0849b11b9,John R. Cloutier,person,,ocd-person/d3dab509-1268-4b4f-b363-98932002bf2e,ocd-bill/8b2bedf3-e771-4186-9f97-14e8c3af85f1,False,cosponsor
0661114f-15dd-48a1-b930-29c849c40788,John A. Graham,person,,ocd-person/05a586d8-4c39-4578-95f6-7aaa30b3c67c,ocd-bill/8b2bedf3-e771-4186-9f97-14e8c3af85f1,True,primary
78e337d8-3ae6-4645-99e3-db5d4ef70346,David E. Milz,person,,ocd-person/ef41a7dd-a84f-47db-b794-2a6c6be48771,ocd-bill/8b2bedf3-e771-4186-9f97-14e8c3af85f1,False,cosponsor
60185482-1886-487e-aef7-a6d6fca26083,Edith M. Tucker,person,,ocd-person/68bf2851-656a-44f1-9c2c-85ea55c7d9f9,ocd-bill/8b2bedf3-e771-4186-9f97-14e8c3af85f1,False,cosponsor
b0935d62-e616-45b4-9261-470df98d05a0,John Reagan,person,,ocd-person/f516d40a-3676-4437-8285-a931d7c2885b,ocd-bill/e44b8c78-8e8b-46a7-8b7f-bb36e745998a,False,cosponsor
76f510c7-181b-43f8-8bcd-cecc47309474,Carol M. McGuire,person,,ocd-person/ae3d6133-98b5-444e-b95e-2edc2f5302dc,ocd-bill/e44b8c78-8e8b-46a7-8b7f-bb36e745998a,True,primary
054c912e-014c-4a85-a8ea-5464e75f2901,Kurt F. Wuelper,person,,ocd-person/27f3432f-2a51-4a39-b9c4-814718ae87ed,ocd-bill/e44b8c78-8e8b-46a7-8b7f-bb36e745998a,False,cosponsor
c8032dc6-f26d-4610-8670-5accf4b8aa69,Ruth Ward,person,,ocd-person/9089a509-1f26-4770-adc6-199ed716e692,ocd-bill/e44b8c78-8e8b-46a7-8b7f-bb36e745998a,False,cosponsor
255587d0-ece8-4882-9e9e-f0a9d0067ddf,Rosemarie Rung,person,,ocd-person/1a5923c6-3e1f-4ebe-8739-17c9e9642403,ocd-bill/e44b8c78-8e8b-46a7-8b7f-bb36e745998a,False,cosponsor
83062da9-0373-4bdd-a013-ac626de772b6,Tony Lekas,person,,ocd-person/97ccf8c1-af1c-4a3c-b267-683d0446b790,ocd-bill/e44b8c78-8e8b-46a7-8b7f-bb36e745998a,False,cosponsor
4254d7fe-f47d-4584-964f-5004efb532c4,Tim Baxter,person,,ocd-person/eec31a43-fdff-4f6b-a540-e5207d2ab16c,ocd-bill/e44b8c78-8e8b-46a7-8b7f-bb36e745998a,False,cosponsor
d8b00218-777b-44b3-8b29-99dce1ec5bf6,Joe Sweeney,person,,ocd-person/568a287b-89c6-44b7-a8e6-a5188ef7f9bc,ocd-bill/8ff2b092-dd36-46a0-b47a-0ad1ff964336,True,primary
90be042b-23c4-447b-8114-6b198e829d0c,Joe H. Alexander,person,,ocd-person/e7800d58-1019-4aff-8d1a-22faba9d3e23,ocd-bill/8ff2b092-dd36-46a0-b47a-0ad1ff964336,False,cosponsor
efad0bd9-10ea-46ee-925c-08f6973e9328,Janice E. Schmidt,person,,ocd-person/ec374833-801f-4c21-9261-67cdefc1ba44,ocd-bill/d3f96cf2-1461-4c02-b36b-ed257fdc288d,True,primary
68d76949-a51d-4d6d-b12f-afa7c39fa40d,Constance Van Houten,person,,ocd-person/5e54c6e7-01cb-42c8-b3ed-8137e6c995fd,ocd-bill/d3f96cf2-1461-4c02-b36b-ed257fdc288d,False,cosponsor
9e95ddae-526b-41c5-bed2-153b151609ef,Gregory G. Hill,person,,ocd-person/852df922-484b-412f-a604-c2d67efee5ec,ocd-bill/6b988161-9cde-4ba5-9403-f2204745346d,False,cosponsor
6bf7d8f6-5fa3-4a50-adfa-32d02e741063,Kristina M. Schultz,person,,ocd-person/8698b473-ea4e-4126-8766-a2b5b5878702,ocd-bill/6b988161-9cde-4ba5-9403-f2204745346d,False,cosponsor
a2cab5fe-9146-41e7-af86-03f90b2cd5f5,Alicia D. Lekas,person,,ocd-person/50bcd6fc-7d60-4595-811c-213e18faf326,ocd-bill/6b988161-9cde-4ba5-9403-f2204745346d,False,cosponsor
573941c3-541a-473c-9715-5c9093f34ca6,Michael Yakubovich,person,,ocd-person/39d155fd-5ecf-4608-985c-82f5855fe260,ocd-bill/6b988161-9cde-4ba5-9403-f2204745346d,False,cosponsor
40296b2f-fde2-44c5-bbad-b8b61d5a689c,Josh S. Yokela,person,,ocd-person/c96f9d7a-b859-4b37-8fdd-4097b21d3f2c,ocd-bill/6b988161-9cde-4ba5-9403-f2204745346d,True,primary
305cf951-6856-4ad7-abd4-00054f34bd93,Lou D'Allesandro,person,,ocd-person/87c48788-817d-408b-a1e1-ebe1c9fd893d,ocd-bill/159758df-412f-4602-ab56-c6b1721ade0f,False,cosponsor
576ac1d3-48b7-4c74-b514-974152df457d,Sharon M Carson,person,,ocd-person/00964fc0-dd57-44c3-87bf-b6d5bbc34560,ocd-bill/159758df-412f-4602-ab56-c6b1721ade0f,False,cosponsor
c2300ea8-aaeb-450f-bbb2-86a04be1b414,Jeb Bradley,person,,ocd-person/3f5455e8-256e-4442-9c13-bc14f62ce76f,ocd-bill/159758df-412f-4602-ab56-c6b1721ade0f,False,cosponsor
5cb07170-c24d-44d4-9168-78c06994c3eb,David H Watters,person,,ocd-person/cf24defe-6df3-49f3-88ca-c6774b144f19,ocd-bill/159758df-412f-4602-ab56-c6b1721ade0f,False,cosponsor
a86d3188-eeb9-44f4-973d-d2ea91e24f5c,Jerry L. Knirk,person,,ocd-person/ce0bd184-d264-46d8-87fc-f2590e2a1ed1,ocd-bill/159758df-412f-4602-ab56-c6b1721ade0f,False,cosponsor
24cba0ae-8144-4936-9fa7-032da5059a15,Bob J. Giuda,person,,ocd-person/7739a4d0-534e-4bdb-b7fb-6a8f348e833e,ocd-bill/159758df-412f-4602-ab56-c6b1721ade0f,False,cosponsor
da04fcdf-f67b-4533-9b9f-1d7dcc757a20,Bill Gannon,person,,ocd-person/d3c437bd-532d-458b-961f-4f6dccec1e4b,ocd-bill/159758df-412f-4602-ab56-c6b1721ade0f,False,cosponsor
1dbd051b-5b5d-4e49-a715-13229f59892b,Mark A. Pearson,person,,ocd-person/6c90e0a1-d9d5-488c-a9a3-898ca5b0f9a4,ocd-bill/159758df-412f-4602-ab56-c6b1721ade0f,False,cosponsor
67233b92-7290-4461-b185-63ab97267a3e,Tom Sherman,person,,ocd-person/ee95d0de-e55e-4733-ba97-0fde66adf65c,ocd-bill/159758df-412f-4602-ab56-c6b1721ade0f,True,primary
3027bb75-c8a6-42db-89e1-9977023667fa,Jaci L. Grote,person,,ocd-person/26f01212-5287-4735-aa1f-77e4f0d2acb6,ocd-bill/159758df-412f-4602-ab56-c6b1721ade0f,False,cosponsor
433a99fb-5962-48f3-b8be-239336b426db,Cindy Rosenwald,person,,ocd-person/f3e949ce-6d98-4826-bbca-08039cea4ea4,ocd-bill/159758df-412f-4602-ab56-c6b1721ade0f,False,cosponsor
471586bb-3bad-404d-bf8c-b8bd44994ef3,Erin Hennessey,person,,ocd-person/b8009d8b-0bb8-4a70-9e34-96d247a3327b,ocd-bill/159758df-412f-4602-ab56-c6b1721ade0f,False,cosponsor
b6a028f3-a9c3-423d-ad2f-27262fbb7182,Rebecca Perkins Kwoka,person,,ocd-person/c20b7693-7f2c-4646-af7f-d57518edd1a4,ocd-bill/159758df-412f-4602-ab56-c6b1721ade0f,False,cosponsor
53cc6fb5-749a-44dd-9b1a-264b0c28a106,Lou D'Allesandro,person,,ocd-person/87c48788-817d-408b-a1e1-ebe1c9fd893d,ocd-bill/50e8ab08-5edc-45c2-ae1f-57bc279f79ea,False,cosponsor
300ede9d-97c2-4d9d-b404-e3a71b4f48c8,David H Watters,person,,ocd-person/cf24defe-6df3-49f3-88ca-c6774b144f19,ocd-bill/50e8ab08-5edc-45c2-ae1f-57bc279f79ea,False,cosponsor
8e8226d9-cb71-4b90-ba0c-847ea2e360c8,Donna M. Soucy,person,,ocd-person/bfbbacfd-e12a-4e07-970e-c2c2c006f4a2,ocd-bill/50e8ab08-5edc-45c2-ae1f-57bc279f79ea,False,cosponsor
599f3df4-3af7-4b3c-acd6-95e5e252f2ad,Mary Jane Wallner,person,,ocd-person/0e6f806c-ba57-4dc6-b6b4-f2a926288ca3,ocd-bill/50e8ab08-5edc-45c2-ae1f-57bc279f79ea,False,cosponsor
504dbf6e-0a21-473a-b35a-5106ce5eb026,Sharon L. Nordgren,person,,ocd-person/21d388d8-9203-4ffb-a4f5-66f843484349,ocd-bill/50e8ab08-5edc-45c2-ae1f-57bc279f79ea,False,cosponsor
2889a60b-a80b-463e-9dc8-7d7dd2fbb6be,Tom Sherman,person,,ocd-person/ee95d0de-e55e-4733-ba97-0fde66adf65c,ocd-bill/50e8ab08-5edc-45c2-ae1f-57bc279f79ea,False,cosponsor
b9a9a60a-74c8-4a81-87da-11abddc55bdd,Rebecca J. McWilliams,person,,ocd-person/39eb4d14-9ef3-4b1b-bcb6-a66f1aa97491,ocd-bill/50e8ab08-5edc-45c2-ae1f-57bc279f79ea,False,cosponsor
7e5ea09a-c609-47b3-8a52-84b5451f0a63,Cindy Rosenwald,person,,ocd-person/f3e949ce-6d98-4826-bbca-08039cea4ea4,ocd-bill/50e8ab08-5edc-45c2-ae1f-57bc279f79ea,False,cosponsor
a5f2f659-de61-4cc7-ac24-e771542588bc,Erin Hennessey,person,,ocd-person/b8009d8b-0bb8-4a70-9e34-96d247a3327b,ocd-bill/50e8ab08-5edc-45c2-ae1f-57bc279f79ea,False,cosponsor
a2ef83b5-614e-4856-a2f7-efd548de7c5b,Suzanne M Prentiss,person,,ocd-person/de206392-deba-4ecf-96a3-33494c415417,ocd-bill/50e8ab08-5edc-45c2-ae1f-57bc279f79ea,False,cosponsor
eb3547cd-53b4-4ce9-907a-f015d841d3be,Rebecca G. Whitley,person,,ocd-person/92267d4c-e6f1-4f45-87be-83f229c2cd36,ocd-bill/50e8ab08-5edc-45c2-ae1f-57bc279f79ea,True,primary
49803b07-26b6-4b03-ba49-3a7b21277b7f,Rebecca Perkins Kwoka,person,,ocd-person/c20b7693-7f2c-4646-af7f-d57518edd1a4,ocd-bill/50e8ab08-5edc-45c2-ae1f-57bc279f79ea,False,cosponsor
389998df-9b34-4f72-a663-00dabd002ca6,Sharon M Carson,person,,ocd-person/00964fc0-dd57-44c3-87bf-b6d5bbc34560,ocd-bill/b98231fe-2b36-473a-8ea2-bc41ccb1e676,True,primary
d5481478-46c8-4b82-aa92-2b9f47f577b6,David H Watters,person,,ocd-person/cf24defe-6df3-49f3-88ca-c6774b144f19,ocd-bill/4ef98945-3f90-494e-aaa3-c031ed7092bc,True,primary
ee9c7458-da21-4ef9-b729-905c0246e80c,Keith M. Ammon,person,,,ocd-bill/38913d81-8c49-4f31-8365-80614f1f8d59,False,cosponsor
885fbbe5-c4b0-4299-a19f-85c927e41b1e,Jim Kofalt,person,,ocd-person/fa8b39ea-006f-420a-9a3f-fe36d0db8776,ocd-bill/38913d81-8c49-4f31-8365-80614f1f8d59,True,primary
b9fb22cc-e6f9-4b43-9c36-2b1a8c93f425,Sharon M Carson,person,,ocd-person/00964fc0-dd57-44c3-87bf-b6d5bbc34560,ocd-bill/0762e37d-8595-4f67-ae74-a364be027e9d,True,primary
86128b68-e149-4d1c-b2ae-83a8a06b0198,Jess C. Edwards,person,,ocd-person/3787c84d-f615-4e9d-bac8-42f86ea308db,ocd-bill/c45818c7-b18c-40dd-b921-b63c19661780,True,primary
8753deda-86d4-400d-b394-cf728b83b090,Mark A. Pearson,person,,ocd-person/6c90e0a1-d9d5-488c-a9a3-898ca5b0f9a4,ocd-bill/c45818c7-b18c-40dd-b921-b63c19661780,False,cosponsor
79abba7f-0fa7-4f8d-a607-c2b188ce2344,Lou D'Allesandro,person,,ocd-person/87c48788-817d-408b-a1e1-ebe1c9fd893d,ocd-bill/90732e9c-2c05-406c-971b-38d3fee40c71,False,cosponsor
0f93f67b-f425-4a34-8407-4a8e082ce14d,David H Watters,person,,ocd-person/cf24defe-6df3-49f3-88ca-c6774b144f19,ocd-bill/90732e9c-2c05-406c-971b-38d3fee40c71,False,cosponsor
9a43646f-3351-40a8-abf8-e537d9585517,Donna M. Soucy,person,,ocd-person/bfbbacfd-e12a-4e07-970e-c2c2c006f4a2,ocd-bill/90732e9c-2c05-406c-971b-38d3fee40c71,False,cosponsor
9dd2c0ea-fc54-4c35-b986-fc56164d0100,Kristina M. Schultz,person,,ocd-person/8698b473-ea4e-4126-8766-a2b5b5878702,ocd-bill/90732e9c-2c05-406c-971b-38d3fee40c71,False,cosponsor
3d7266c7-2747-46fe-a096-4a1cc709b7d6,Tom Sherman,person,,ocd-person/ee95d0de-e55e-4733-ba97-0fde66adf65c,ocd-bill/90732e9c-2c05-406c-971b-38d3fee40c71,False,cosponsor
30bb698a-729f-4983-aa30-eb1d49947af8,Safiya Wazir,person,,ocd-person/a2975441-f5d1-4e95-8a4e-1d930fc16bc2,ocd-bill/90732e9c-2c05-406c-971b-38d3fee40c71,False,cosponsor
19909d3a-c73e-4013-bdae-9a8639f7413c,Rebecca J. McWilliams,person,,ocd-person/39eb4d14-9ef3-4b1b-bcb6-a66f1aa97491,ocd-bill/90732e9c-2c05-406c-971b-38d3fee40c71,False,cosponsor
99371e32-7ffa-4532-9f9d-bfaf49a494af,Cindy Rosenwald,person,,ocd-person/f3e949ce-6d98-4826-bbca-08039cea4ea4,ocd-bill/90732e9c-2c05-406c-971b-38d3fee40c71,False,cosponsor
a4c2b00f-691f-4a0c-8def-781c0ed8ffdf,Suzanne M Prentiss,person,,ocd-person/de206392-deba-4ecf-96a3-33494c415417,ocd-bill/90732e9c-2c05-406c-971b-38d3fee40c71,False,cosponsor
c3c9d471-25ac-40b2-8d5c-3ab1e0de6e05,Rebecca G. Whitley,person,,ocd-person/92267d4c-e6f1-4f45-87be-83f229c2cd36,ocd-bill/90732e9c-2c05-406c-971b-38d3fee40c71,True,primary
5b4864ca-31a2-41a1-afce-5ad73b287da2,Rebecca Perkins Kwoka,person,,ocd-person/c20b7693-7f2c-4646-af7f-d57518edd1a4,ocd-bill/90732e9c-2c05-406c-971b-38d3fee40c71,False,cosponsor
e8e96bb5-174d-4629-bf77-f110f77ca176,William J. Infantine,person,,ocd-person/93966021-59f3-4dbf-9cae-3cb69f19585d,ocd-bill/55bc9e74-3fc8-40e9-9513-2bf03e7d647b,True,primary
c451f7e2-87de-48a9-9977-a5d8e27cb0ac,William M. Marsh,person,,ocd-person/22006937-f2ca-4a2e-b92a-457777933dc7,ocd-bill/bd8c5621-1be8-4ea6-bc96-e3e37a409c5c,False,cosponsor
67003345-e27a-49bf-af40-a82955cb9066,Dave Testerman,person,,ocd-person/a9da1843-ceb9-40c6-9846-a3c3d5319ccd,ocd-bill/bd8c5621-1be8-4ea6-bc96-e3e37a409c5c,True,primary
9583e767-283e-498c-885c-c55600326d0e,Benjamin C. Baroody,person,,ocd-person/018987e5-d731-41ed-8cce-b3266df24b64,ocd-bill/cc0e537f-4919-4103-9374-26245309d011,True,primary
57456a0e-650c-448c-a027-d5475acfc80b,John C. Janigian,person,,ocd-person/4c4f4974-0202-43a0-9aba-f41d0f99603a,ocd-bill/3dde17c4-77de-4cea-b4a8-90c85d70b799,False,cosponsor
c3fdc19c-4850-4946-8666-001353e61234,Anita D. Burroughs,person,,ocd-person/a028512b-5d61-4d23-9e28-dec7038577d6,ocd-bill/3dde17c4-77de-4cea-b4a8-90c85d70b799,False,cosponsor
cfeef12a-20bc-4d51-a51e-85b7621fbf77,Cam E. Kenney,person,,ocd-person/9f35ea7b-b937-4b06-8be5-5cfbc83381e1,ocd-bill/3dde17c4-77de-4cea-b4a8-90c85d70b799,False,cosponsor
66282b68-74fa-49d8-929f-fc3b6d8f48d0,Daryl A. Abbas,person,,ocd-person/6dfd683a-1f79-49db-95a9-07f4f9898a22,ocd-bill/3dde17c4-77de-4cea-b4a8-90c85d70b799,True,primary
f9b78f29-5ad7-4da0-a639-bcf915698277,Suzanne M. Vail,person,,ocd-person/ce985799-268d-4190-b078-955fc63a8c3c,ocd-bill/7f04509e-3e42-454a-85ca-bf7076257ca7,True,primary
d41508bf-7494-4fb2-9776-02f45228cc50,Larry L. Laflamme,person,,ocd-person/86b73f08-dd73-4ee5-85b4-7418eaf27c8b,ocd-bill/7f04509e-3e42-454a-85ca-bf7076257ca7,False,cosponsor
b13cbfb3-5e6f-460e-a709-8e3e7c64308f,Al P. Baldasaro,person,,ocd-person/3807f9c1-b590-4496-8a1e-b0ff84ba592d,ocd-bill/345c1dda-4be2-4db5-8ddd-dc00e5596e7c,False,cosponsor
e8d2d97e-46ed-4b0c-b13d-86c628625645,Lino M. Avellani,person,,ocd-person/4d68b7bf-e7fb-4c6d-ac12-526aba53e65e,ocd-bill/345c1dda-4be2-4db5-8ddd-dc00e5596e7c,False,cosponsor
ed60e9d1-62d7-4a96-8813-0d2fa86fd19b,Max Abramson,person,,ocd-person/83f50732-5fc6-4287-87aa-786cf169840c,ocd-bill/345c1dda-4be2-4db5-8ddd-dc00e5596e7c,False,cosponsor
de25d2fd-2518-4d14-b685-5b82d1ae05a1,David W. Binford,person,,ocd-person/9098756d-2231-4e69-84d5-09ab979ee1a2,ocd-bill/345c1dda-4be2-4db5-8ddd-dc00e5596e7c,False,cosponsor
bc47bf3e-aaac-497f-b856-fb9b9cfd1dd8,Travis J. O'Hara,person,,ocd-person/fbfbfb0a-2c7d-457c-8322-12221db1662b,ocd-bill/345c1dda-4be2-4db5-8ddd-dc00e5596e7c,False,cosponsor
73aa892b-b5b8-4f54-b5db-cac5f96db17b,Cody M. Belanger,person,,ocd-person/5aa4450b-2f9d-442f-9c94-b2a8c500812b,ocd-bill/345c1dda-4be2-4db5-8ddd-dc00e5596e7c,True,primary
50be41f1-7844-40f5-a8be-1cb75bd66b46,Max Abramson,person,,ocd-person/83f50732-5fc6-4287-87aa-786cf169840c,ocd-bill/a3aa20b5-0cee-460d-8011-6cdff86659c3,True,primary
ccc2c306-fd77-447a-bdd9-62723bb20d62,John Reagan,person,,ocd-person/f516d40a-3676-4437-8285-a931d7c2885b,ocd-bill/06de2b2e-22ce-4ea2-8b99-2ebd2baed04f,False,cosponsor
c60cde83-62dc-4699-8067-d0047e7374ce,Robert Renny Cushing,person,,ocd-person/cdb3279c-243a-4ca0-8e83-fcb10a975736,ocd-bill/06de2b2e-22ce-4ea2-8b99-2ebd2baed04f,False,cosponsor
fc573e79-39a0-4402-bb46-e4d7b8617dd5,Casey M. Conley,person,,ocd-person/3290a4d4-7403-45f8-adc4-4e26e0fefa09,ocd-bill/06de2b2e-22ce-4ea2-8b99-2ebd2baed04f,True,primary
4b8a8f21-60cb-4d0e-9e96-7ef70f403d7d,Matthew B. Wilhelm,person,,ocd-person/61d2e8f3-f2b9-4357-81af-fe982ee1821f,ocd-bill/06de2b2e-22ce-4ea2-8b99-2ebd2baed04f,False,cosponsor
24931471-479a-4e36-9d9a-5c98d631de07,Rebecca J. McWilliams,person,,ocd-person/39eb4d14-9ef3-4b1b-bcb6-a66f1aa97491,ocd-bill/06de2b2e-22ce-4ea2-8b99-2ebd2baed04f,False,cosponsor
c6cd722f-3c78-4f79-b680-d01fc8bea95e,Wendy Chase,person,,ocd-person/c24da601-15f1-482c-a234-f8443056c77a,ocd-bill/06de2b2e-22ce-4ea2-8b99-2ebd2baed04f,False,cosponsor
0a5fd076-8d04-4a6b-aa7b-bda8263242d2,Tony Labranche,person,,ocd-person/98b6662b-4d69-4759-b17c-9fd5a4bb7954,ocd-bill/06de2b2e-22ce-4ea2-8b99-2ebd2baed04f,False,cosponsor
783ca92d-43af-4311-9b2c-3e4405786dd8,Melbourne R. Moran,person,,ocd-person/79503c7a-0c57-4b4f-b5fe-38ab2529dd14,ocd-bill/06de2b2e-22ce-4ea2-8b99-2ebd2baed04f,False,cosponsor
33ed9c65-3bef-4a34-9583-0203c49c96e6,Lou D'Allesandro,person,,ocd-person/87c48788-817d-408b-a1e1-ebe1c9fd893d,ocd-bill/e3e24936-1104-4e90-aea5-1d4cdc9af0e7,False,cosponsor
72cbe3f7-9a94-4113-81d4-00c3d7508f99,John Reagan,person,,ocd-person/f516d40a-3676-4437-8285-a931d7c2885b,ocd-bill/e3e24936-1104-4e90-aea5-1d4cdc9af0e7,False,cosponsor
965c86e7-eb74-4949-aac4-a2cad8ea4d98,Kevin A. Avard,person,,ocd-person/b99b0bbb-4710-43c7-a6b5-0e04524eedf0,ocd-bill/e3e24936-1104-4e90-aea5-1d4cdc9af0e7,False,cosponsor
2bf66db5-aad7-448f-ba9f-6179c595d47e,Ruth Ward,person,,ocd-person/9089a509-1f26-4770-adc6-199ed716e692,ocd-bill/e3e24936-1104-4e90-aea5-1d4cdc9af0e7,False,cosponsor
39d70e62-7a5d-48a4-baaf-a9ab731a3f1c,Bill Gannon,person,,ocd-person/d3c437bd-532d-458b-961f-4f6dccec1e4b,ocd-bill/e3e24936-1104-4e90-aea5-1d4cdc9af0e7,False,cosponsor
05e998a9-445d-42cb-b92e-50b03e398346,Harold F. French,person,,ocd-person/ff11da65-174b-4fdc-b33c-e5d6d56602f0,ocd-bill/e3e24936-1104-4e90-aea5-1d4cdc9af0e7,True,primary
b909f2fa-b79b-4791-ba22-e8b9bd92b6d6,Cindy Rosenwald,person,,ocd-person/f3e949ce-6d98-4826-bbca-08039cea4ea4,ocd-bill/e3e24936-1104-4e90-aea5-1d4cdc9af0e7,False,cosponsor
f85e8f7a-5bc5-43a0-a5f5-20469c5d48f8,Michael Moffett,person,,ocd-person/acb20216-f193-42e1-9304-2b1d3572e61d,ocd-bill/cda772bb-e30a-458f-91bc-ac3d14006ed0,False,cosponsor
d1561ada-6050-4f88-be94-b58775f2dd4a,Timothy P. Lang,person,,ocd-person/85064309-421e-4611-a6c5-800234db68fb,ocd-bill/cda772bb-e30a-458f-91bc-ac3d14006ed0,False,cosponsor
e6834950-a8c6-4cd5-816d-7518438df44f,Howard C. Pearl,person,,ocd-person/c4122c6a-ed23-492e-b813-59a0fed1ec86,ocd-bill/cda772bb-e30a-458f-91bc-ac3d14006ed0,True,primary
48063d9a-d617-4cba-9deb-572a901ab72a,Max Abramson,person,,ocd-person/83f50732-5fc6-4287-87aa-786cf169840c,ocd-bill/28126b60-f09d-42f6-ae87-954eda44a065,False,cosponsor
3cad6502-7923-4869-99df-d61d10dd2f73,Norman J. Silber,person,,ocd-person/2f3c984e-640c-49ec-aba9-4928db0e9edc,ocd-bill/28126b60-f09d-42f6-ae87-954eda44a065,True,primary
7aae9a5e-e377-4163-8aa8-eaac1c2ff598,Lou D'Allesandro,person,,ocd-person/87c48788-817d-408b-a1e1-ebe1c9fd893d,ocd-bill/642437b7-c9cc-4e9a-b158-55e6dd834619,False,cosponsor
b7a53ca0-9579-4b74-8bbb-e503c9834b9f,Sharon M Carson,person,,ocd-person/00964fc0-dd57-44c3-87bf-b6d5bbc34560,ocd-bill/642437b7-c9cc-4e9a-b158-55e6dd834619,False,cosponsor
f15c2aa4-b278-4acf-8a72-f52f1a40accd,Regina Birdsell,person,,ocd-person/461c9024-c8c3-44a5-91d6-015a6587db5f,ocd-bill/642437b7-c9cc-4e9a-b158-55e6dd834619,False,cosponsor
5cc07019-6c01-4f2b-bc0b-35788f3283cc,Bob J. Giuda,person,,ocd-person/7739a4d0-534e-4bdb-b7fb-6a8f348e833e,ocd-bill/642437b7-c9cc-4e9a-b158-55e6dd834619,False,cosponsor
04198ec7-7fc1-4a5d-979e-f4bdbd275446,James P. Gray,person,,ocd-person/e6443187-eb51-42eb-8bd7-349ed0ba9641,ocd-bill/642437b7-c9cc-4e9a-b158-55e6dd834619,False,cosponsor
5fbdc4df-5998-4db5-8259-b7b5a8582670,Harold F. French,person,,ocd-person/ff11da65-174b-4fdc-b33c-e5d6d56602f0,ocd-bill/642437b7-c9cc-4e9a-b158-55e6dd834619,True,primary
6dab8483-c413-423d-bd03-31dd6fdb6f2c,Tom Sherman,person,,ocd-person/ee95d0de-e55e-4733-ba97-0fde66adf65c,ocd-bill/642437b7-c9cc-4e9a-b158-55e6dd834619,False,cosponsor
e665e95b-0559-4e68-8749-9ab0ed22cf38,Caroletta C. Alicea,person,,ocd-person/e323d676-b840-4ea5-ab89-8dae7033f2db,ocd-bill/365a202e-53cb-4ee5-867f-235abd819463,False,cosponsor
2ebff04e-5157-4513-b401-fc83d2c7d32c,John Bordenet,person,,ocd-person/97cb7b54-48fb-4eb8-ac44-c1a5645bda49,ocd-bill/365a202e-53cb-4ee5-867f-235abd819463,False,cosponsor
d4911e00-9a79-44ab-9ac1-20794808840f,Amanda C. Bouldin,person,,ocd-person/7ad034dd-b6f2-4314-94d9-cffce7144e5d,ocd-bill/365a202e-53cb-4ee5-867f-235abd819463,True,primary
8a4e185e-dcde-426a-b3a0-b1f5563dbb41,Allison R. Nutting-Wong,person,,ocd-person/4c979ca8-85c0-4124-ac2d-c44f3bcb95ff,ocd-bill/365a202e-53cb-4ee5-867f-235abd819463,False,cosponsor
2f46fc80-e7d6-4694-8244-92e526a9c393,Charlotte I. DiLorenzo,person,,ocd-person/75a682ff-407d-4192-858d-9ce6a979c400,ocd-bill/365a202e-53cb-4ee5-867f-235abd819463,False,cosponsor
2139cbe7-2a91-433c-b7b1-01424c713999,Kate R. Murray,person,,ocd-person/79bb2147-ea4b-4706-8b38-ee2309613ea0,ocd-bill/365a202e-53cb-4ee5-867f-235abd819463,False,cosponsor
38faa445-f31b-48fc-9518-040fee0687fe,Amanda L. Gourgue,person,,ocd-person/96a9971b-c537-4020-ad31-780dfba6dd95,ocd-bill/365a202e-53cb-4ee5-867f-235abd819463,False,cosponsor
ac54e46e-403a-4f92-a9f3-19ab934d6f86,Andrew J. Bouldin,person,,ocd-person/ad413289-53c5-4966-9f0f-fd392d95a827,ocd-bill/365a202e-53cb-4ee5-867f-235abd819463,False,cosponsor
71b1931a-cfd8-456e-a6d6-7005a67c3a77,David Meuse,person,,ocd-person/4b449f0f-2024-4e18-bbbd-7f0bbcfa8cac,ocd-bill/365a202e-53cb-4ee5-867f-235abd819463,False,cosponsor
4e9bf969-64cb-4dab-bc79-cb4ca5e12300,Terry Roy,person,,ocd-person/6d43b165-fda9-4918-a2b7-ad66940062a0,ocd-bill/365a202e-53cb-4ee5-867f-235abd819463,False,cosponsor
d08e316d-1979-4602-8306-e36bde9076cb,Jeb Bradley,person,,ocd-person/3f5455e8-256e-4442-9c13-bc14f62ce76f,ocd-bill/b38f4e4d-9ec9-4385-b854-c3114bd3bc46,True,primary
f2f852c3-13e7-431a-8cd0-b4cba0e612c0,Max Abramson,person,,ocd-person/83f50732-5fc6-4287-87aa-786cf169840c,ocd-bill/7c574fcd-6841-42d9-9c71-73f189004d2e,True,primary
1590706d-fd28-4ba1-81ff-f35f502b8795,Tony Labranche,person,,ocd-person/98b6662b-4d69-4759-b17c-9fd5a4bb7954,ocd-bill/7c574fcd-6841-42d9-9c71-73f189004d2e,False,cosponsor
332cb7c0-1a00-4ba0-bb79-0451a09c9e28,Karel A. Crawford,person,,ocd-person/a0936f2f-8170-47f9-8b05-6c6697a95968,ocd-bill/dee4521e-1121-47c0-8f91-5c1cd369c2b0,False,cosponsor
dece628c-1e2c-499b-9e4b-8de95f978209,Michael Moffett,person,,ocd-person/acb20216-f193-42e1-9304-2b1d3572e61d,ocd-bill/dee4521e-1121-47c0-8f91-5c1cd369c2b0,False,cosponsor
ed07c607-40dc-42d9-a6c6-f4bcb529229c,Timothy P. Lang,person,,ocd-person/85064309-421e-4611-a6c5-800234db68fb,ocd-bill/dee4521e-1121-47c0-8f91-5c1cd369c2b0,False,cosponsor
40aef7a9-a8ec-4198-a390-eb46672ad79b,Howard C. Pearl,person,,ocd-person/c4122c6a-ed23-492e-b813-59a0fed1ec86,ocd-bill/dee4521e-1121-47c0-8f91-5c1cd369c2b0,True,primary
bfe78352-e212-42d4-9b9d-18241975411c,Erin Hennessey,person,,ocd-person/b8009d8b-0bb8-4a70-9e34-96d247a3327b,ocd-bill/dee4521e-1121-47c0-8f91-5c1cd369c2b0,False,cosponsor
1c0a614a-3caa-4559-8963-5f1fbe257e47,John A. Graham,person,,ocd-person/05a586d8-4c39-4578-95f6-7aaa30b3c67c,ocd-bill/a01db228-72fe-4391-a2ac-da4775e9974e,True,primary
9f210683-971c-4a55-9795-edeb334654c0,Bob J. Giuda,person,,ocd-person/7739a4d0-534e-4bdb-b7fb-6a8f348e833e,ocd-bill/a01db228-72fe-4391-a2ac-da4775e9974e,False,cosponsor
32ede2b8-bc1b-417f-956e-448b6ac08fc1,Linda L. Tanner,person,,ocd-person/950e6cfe-ff6c-49ed-a4c2-1e66e60c6315,ocd-bill/51d23007-392b-45dd-963f-56fbff194be5,False,cosponsor
023fd485-79c9-4e33-b573-c2d9e04e90a5,Dan H. Wolf,person,,ocd-person/d24c83af-3362-4925-9c05-a6b776d3314c,ocd-bill/51d23007-392b-45dd-963f-56fbff194be5,False,cosponsor
2c6e7337-983d-4dbb-aff2-7bfab84affbd,Anita D. Burroughs,person,,ocd-person/a028512b-5d61-4d23-9e28-dec7038577d6,ocd-bill/51d23007-392b-45dd-963f-56fbff194be5,False,cosponsor
12445c4c-3b0e-4b01-8340-6c4d101a38cb,Stephen L. Woodcock,person,,ocd-person/bdde38b3-3210-4b2d-890b-bbf2d2bf314a,ocd-bill/51d23007-392b-45dd-963f-56fbff194be5,True,primary
4363d015-66fb-46b1-b945-ea687424ca49,Rosemarie Rung,person,,ocd-person/1a5923c6-3e1f-4ebe-8739-17c9e9642403,ocd-bill/51d23007-392b-45dd-963f-56fbff194be5,False,cosponsor
ebc89c4a-da33-44c9-b22e-fed5e4cfe544,Arthur S. Ellison,person,,ocd-person/677500cb-eb95-4ad1-b3f5-02894c28e369,ocd-bill/51d23007-392b-45dd-963f-56fbff194be5,False,cosponsor
cd9b0738-de78-4267-b3b0-4eac1bfe2107,Gerri D. Cannon,person,,ocd-person/cd5b7056-d9eb-4fb1-93e3-6ba43408afa5,ocd-bill/51d23007-392b-45dd-963f-56fbff194be5,False,cosponsor
36aef7ba-b59b-4535-ac51-1136735a993c,Sue M. Mullen,person,,ocd-person/07c19313-fcb0-476b-b240-e299c55888f7,ocd-bill/51d23007-392b-45dd-963f-56fbff194be5,False,cosponsor
2bbe76a6-55e8-40f9-a6d2-e766f108b39c,Andrew J. Prout,person,,ocd-person/da5fb901-d16d-430f-b5cb-7ab556f8d4ee,ocd-bill/2444d628-3d76-494c-a968-7b87586be05a,False,cosponsor
5d360528-f4f7-49fe-b2fc-0817c2e6ad38,Peter E. Torosian,person,,ocd-person/45e36880-19af-4f3f-89d4-624946625e7f,ocd-bill/2444d628-3d76-494c-a968-7b87586be05a,False,cosponsor
f8c9fdc9-cf9c-4aa4-b80b-7cba858e7345,Scott Wallace,person,,,ocd-bill/2444d628-3d76-494c-a968-7b87586be05a,False,cosponsor
431eded5-90bb-4edc-a08a-31f8da24d04c,Dawn M. Johnson,person,,ocd-person/2d9311db-3f09-4390-92e2-5ef36824aa77,ocd-bill/2444d628-3d76-494c-a968-7b87586be05a,False,cosponsor
d204a910-8b0f-46d5-b369-3020ddfa345d,Juliet Harvey-Bolia,person,,ocd-person/5d7f39ae-2cc4-4b36-bd76-828a24bc454d,ocd-bill/2444d628-3d76-494c-a968-7b87586be05a,False,cosponsor
055e1226-4da0-41ef-bdb6-e8ef4ec8e77a,Leah P. Cushman,person,,ocd-person/b9ca7e25-b8c9-47c8-aac3-4b688cbcea42,ocd-bill/2444d628-3d76-494c-a968-7b87586be05a,False,cosponsor
197b74d8-2559-4c89-9bdd-35a2110ecddc,Melissa Blasek,person,,ocd-person/38dff49e-ef79-4720-b991-c3d76ccb87e4,ocd-bill/2444d628-3d76-494c-a968-7b87586be05a,True,primary
11a83f4a-62db-4d12-a56b-5d3d14a397f3,Kevin A. Avard,person,,ocd-person/b99b0bbb-4710-43c7-a6b5-0e04524eedf0,ocd-bill/e8529c77-e500-47a0-966f-57895446fbd3,True,primary
4c0ad761-afb5-4d4a-afd1-ecc981befae7,Bob J. Giuda,person,,ocd-person/7739a4d0-534e-4bdb-b7fb-6a8f348e833e,ocd-bill/e8529c77-e500-47a0-966f-57895446fbd3,False,cosponsor
42be7669-f5c4-4fc9-883b-4e904ca94ccd,Diane Pauer,person,,ocd-person/7cc1d333-efac-47fb-a109-98113c762790,ocd-bill/e8529c77-e500-47a0-966f-57895446fbd3,False,cosponsor
e2f7a131-5adf-4a09-b543-027f678782e6,Susan Homola,person,,ocd-person/3551eabf-c9cc-43e6-9035-b388bf069dc4,ocd-bill/e8529c77-e500-47a0-966f-57895446fbd3,False,cosponsor
134b3285-b32b-4ed2-9f36-06770c3ec00a,Sharon M Carson,person,,ocd-person/00964fc0-dd57-44c3-87bf-b6d5bbc34560,ocd-bill/5bb9fb23-407f-403a-be3d-ff409340f49a,False,cosponsor
1965c856-f8f0-48f3-bd55-a1ae0fff98e0,Jeb Bradley,person,,ocd-person/3f5455e8-256e-4442-9c13-bc14f62ce76f,ocd-bill/5bb9fb23-407f-403a-be3d-ff409340f49a,False,cosponsor
a822afb2-a3b1-4874-a7e6-98e74062243d,Patrick F. Abrami,person,,ocd-person/0327f85d-1b5a-4218-a97f-f393a965d64b,ocd-bill/5bb9fb23-407f-403a-be3d-ff409340f49a,False,cosponsor
75c400dd-c0f0-48a3-8743-7d91e5945e4d,Kevin A. Avard,person,,ocd-person/b99b0bbb-4710-43c7-a6b5-0e04524eedf0,ocd-bill/5bb9fb23-407f-403a-be3d-ff409340f49a,False,cosponsor
a9cde3c0-5e9d-4a39-ba30-a166aca7a18c,Bill Gannon,person,,ocd-person/d3c437bd-532d-458b-961f-4f6dccec1e4b,ocd-bill/5bb9fb23-407f-403a-be3d-ff409340f49a,False,cosponsor
f6296531-0d23-4bab-835f-7a79bdfb520c,Erin Hennessey,person,,ocd-person/b8009d8b-0bb8-4a70-9e34-96d247a3327b,ocd-bill/5bb9fb23-407f-403a-be3d-ff409340f49a,False,cosponsor
242765bb-e51a-457b-892b-e2c29f5ae47b,Denise Ricciardi,person,,ocd-person/8dc59c94-caba-41b2-a6ba-6bca0f595118,ocd-bill/5bb9fb23-407f-403a-be3d-ff409340f49a,True,primary
5096d2ee-d43d-41fc-b522-5ec9591260be,Niki Kelsey,person,,ocd-person/eb615c25-53ee-4866-9c5d-d32e1ebb9822,ocd-bill/5bb9fb23-407f-403a-be3d-ff409340f49a,False,cosponsor
73218a26-7da4-467d-bbbb-e5ab4df34962,Barbara J. Griffin,person,,ocd-person/ce1a184c-47a7-4b48-a028-d39585bcf9c3,ocd-bill/aba473cd-6dda-4767-9d9a-3661801edec4,True,primary
4b5f4557-5660-4890-9983-c3117764056b,Cindy Rosenwald,person,,ocd-person/f3e949ce-6d98-4826-bbca-08039cea4ea4,ocd-bill/8d19db9f-26b6-4038-ae2a-1cd09bf44060,True,primary
12d325c5-5a57-4d1d-9e27-3b3592fdd620,Connie B. Lane,person,,ocd-person/8171a035-7cc1-4a7f-b086-9bdb800782da,ocd-bill/c0fbc802-e277-4d75-910e-c3a62183e3db,True,primary
703c113b-ba73-4b24-ae00-7b9a13f7da49,Marjorie K. Smith,person,,ocd-person/86b31d04-3a4b-4199-b10e-27bd337f0a34,ocd-bill/7d173d66-ee10-435d-acca-82a602df1f10,True,primary
55f8acde-97fb-4890-ad4b-9ab9afbeb3fd,Allison R. Nutting-Wong,person,,ocd-person/4c979ca8-85c0-4124-ac2d-c44f3bcb95ff,ocd-bill/9256875d-2c82-4c2f-808f-1c04ea034b39,True,primary
23c6e341-a46f-46db-8da3-d82c7ca22a7e,Sherry A. Frost,person,,ocd-person/62916f8e-e193-463d-9dcc-f35f60d836db,ocd-bill/9256875d-2c82-4c2f-808f-1c04ea034b39,False,cosponsor
613c4342-05d0-4425-a7d5-067e23d110e6,Robert J. Elliott,person,,ocd-person/acb8c5f4-1002-4599-8098-a38766a59be2,ocd-bill/63d47bc0-d494-474c-8932-69d78f350583,False,cosponsor
5fe67e82-9d75-4dcf-ad0d-d5fed3ddc419,Michael A. Edgar,person,,ocd-person/0f78413a-b328-4856-ab48-21a5d4d614c0,ocd-bill/63d47bc0-d494-474c-8932-69d78f350583,False,cosponsor
303ddf4f-1c5e-4e47-984a-63c964d066ce,Betty I. Gay,person,,ocd-person/c2486401-1c5f-4cfc-b4ef-bbae6b8c0489,ocd-bill/63d47bc0-d494-474c-8932-69d78f350583,False,cosponsor
f225e682-7e5a-4cad-babc-bddb9e3d477e,John C. Janigian,person,,ocd-person/4c4f4974-0202-43a0-9aba-f41d0f99603a,ocd-bill/63d47bc0-d494-474c-8932-69d78f350583,True,primary
3ea3bbb0-6418-4e1d-a09d-7cc0436493cf,Peter E. Torosian,person,,ocd-person/45e36880-19af-4f3f-89d4-624946625e7f,ocd-bill/63d47bc0-d494-474c-8932-69d78f350583,False,cosponsor
8ede5526-74bd-4ef4-8cd2-7e81f7ad5944,Timothy O. Horrigan,person,,ocd-person/2a11a559-c16e-4211-82ea-215951d74c1f,ocd-bill/4783aabb-04e7-4947-b8ea-c03f1dc54614,False,cosponsor
a6c8da17-6bd3-4cf5-98cf-b6f4142fab9d,Rebecca J. McWilliams,person,,ocd-person/39eb4d14-9ef3-4b1b-bcb6-a66f1aa97491,ocd-bill/4783aabb-04e7-4947-b8ea-c03f1dc54614,True,primary
80150c27-7c2f-4bcc-be1b-3227147002d6,Glen C. Aldrich,person,,ocd-person/620d9d69-c8fb-47ad-ad25-1c1ef75c39dd,ocd-bill/d480bff3-4149-4021-a836-16fb8450e09a,True,primary
1d91a59d-b808-443d-992f-1d303701408c,Jeanine M. Notter,person,,ocd-person/84f79859-fef0-441d-80bb-5edeafc70e78,ocd-bill/19e8e491-0621-4c84-a47b-1b6ae7ee15a0,False,cosponsor
9046a8e0-20aa-4f49-bc21-afbd0902e9ef,Kimberly A. Rice,person,,ocd-person/85b7ca6d-3fd7-4e97-bfe0-effe223121f7,ocd-bill/19e8e491-0621-4c84-a47b-1b6ae7ee15a0,False,cosponsor
580c7733-e4ab-4179-a0b0-6da75849121e,Kevin A. Avard,person,,ocd-person/b99b0bbb-4710-43c7-a6b5-0e04524eedf0,ocd-bill/19e8e491-0621-4c84-a47b-1b6ae7ee15a0,False,cosponsor
e47d3a64-ad66-407a-b7d0-abf637664f0d,Timothy P. Lang,person,,ocd-person/85064309-421e-4611-a6c5-800234db68fb,ocd-bill/19e8e491-0621-4c84-a47b-1b6ae7ee15a0,True,primary
c16abdaf-8e94-42f8-a617-0d2b37552548,David W. Binford,person,,ocd-person/9098756d-2231-4e69-84d5-09ab979ee1a2,ocd-bill/19e8e491-0621-4c84-a47b-1b6ae7ee15a0,False,cosponsor
9d0e0a2d-14c8-4153-b162-47fc5c296a96,Tony Lekas,person,,ocd-person/97ccf8c1-af1c-4a3c-b267-683d0446b790,ocd-bill/19e8e491-0621-4c84-a47b-1b6ae7ee15a0,False,cosponsor
9b68176b-c2c5-4164-ac2e-e5e3324cc392,Hershel Nunez,person,,ocd-person/3724f35b-dc08-456a-a432-1ead531e8dfd,ocd-bill/19e8e491-0621-4c84-a47b-1b6ae7ee15a0,False,cosponsor
bcd0828c-d722-4608-9b76-e4717f47d59c,Mike Bordes,person,,ocd-person/c924901e-1cc8-4574-ae7c-19f3e52d2031,ocd-bill/19e8e491-0621-4c84-a47b-1b6ae7ee15a0,False,cosponsor
05df9a3a-5bc6-476f-93a5-96023bddd507,Juliet Harvey-Bolia,person,,ocd-person/5d7f39ae-2cc4-4b36-bd76-828a24bc454d,ocd-bill/19e8e491-0621-4c84-a47b-1b6ae7ee15a0,False,cosponsor
4fe20518-764e-4a2e-b5fa-52a3f064c81b,Douglas R. Trottier,person,,ocd-person/464c15d2-0b67-47e6-8c0a-fc556b336d4a,ocd-bill/19e8e491-0621-4c84-a47b-1b6ae7ee15a0,False,cosponsor
b794c884-1314-45ba-9883-cb6d5de5e18a,Diane Pauer,person,,ocd-person/7cc1d333-efac-47fb-a109-98113c762790,ocd-bill/19e8e491-0621-4c84-a47b-1b6ae7ee15a0,False,cosponsor
966ee09c-75b2-45f0-9f98-21b033d89092,Kat McGhee,person,,ocd-person/4c8bec8a-e86d-4316-8b2e-2f8c4157cae5,ocd-bill/01ee642f-0a9e-4330-af39-527b788b2b8f,True,primary
b04e8d22-4d8c-4679-a7b7-ea2496129184,Marjorie K. Smith,person,,ocd-person/86b31d04-3a4b-4199-b10e-27bd337f0a34,ocd-bill/665d1f38-62cc-4daf-9e6a-c4e939818b46,False,cosponsor
91010675-853a-4ff9-bd1c-45bc9e6a8915,Karen E. Ebel,person,,ocd-person/947e2e2b-04eb-4f92-9f83-aef8760517e0,ocd-bill/665d1f38-62cc-4daf-9e6a-c4e939818b46,False,cosponsor
62cdea00-f5fc-48ac-978e-d94f7bfe71de,Dan H. Wolf,person,,ocd-person/d24c83af-3362-4925-9c05-a6b776d3314c,ocd-bill/665d1f38-62cc-4daf-9e6a-c4e939818b46,True,primary
a052d6d3-a07f-4783-9a6b-6dc0fd515ff8,Edward M. Gordon,person,,ocd-person/1e527c99-df26-4b70-8f9e-62df18dad8bb,ocd-bill/665d1f38-62cc-4daf-9e6a-c4e939818b46,False,cosponsor
6466c1da-f12c-4057-8445-d84601828910,Betty I. Gay,person,,ocd-person/c2486401-1c5f-4cfc-b4ef-bbae6b8c0489,ocd-bill/665d1f38-62cc-4daf-9e6a-c4e939818b46,False,cosponsor
d6d83c4e-8cc0-49a9-b64c-1b5c95134d0f,Mel Myler,person,,ocd-person/8c5f7a02-e92b-4f64-b698-c178b8fd23bb,ocd-bill/4780ca9d-b6a9-4f27-8218-e193b1ac7405,False,cosponsor
93658e8f-b194-4fa8-8eec-b0843e59a3a6,David J. Luneau,person,,ocd-person/c3c9bb99-9512-4bec-be04-d8b29ea96f3e,ocd-bill/4780ca9d-b6a9-4f27-8218-e193b1ac7405,False,cosponsor
dbbc92a2-cf20-47e4-91ce-af8f953bdd2a,Jay Kahn,person,,ocd-person/998e681b-6df1-4b4a-92db-7a2187cedcd8,ocd-bill/4780ca9d-b6a9-4f27-8218-e193b1ac7405,True,primary
ccc7516c-1af6-47be-bff0-ffbacc1defe1,Rebecca J. McWilliams,person,,ocd-person/39eb4d14-9ef3-4b1b-bcb6-a66f1aa97491,ocd-bill/14e382b4-05e3-4438-8399-50156c262c62,True,primary
811f7c54-3b1e-4093-8659-97b39922aa2a,Josh S. Yokela,person,,ocd-person/c96f9d7a-b859-4b37-8fdd-4097b21d3f2c,ocd-bill/14e382b4-05e3-4438-8399-50156c262c62,False,cosponsor
e02578b0-4fd2-4e3a-8231-654999042a99,Jay Kahn,person,,ocd-person/998e681b-6df1-4b4a-92db-7a2187cedcd8,ocd-bill/44afbbe2-9777-463c-a927-1f389843438d,True,primary
38e868cd-550e-439a-a442-d5f30975acc0,Kenneth L. Weyler,person,,ocd-person/e2f9dd7e-b221-4cf0-b7de-5daa70658669,ocd-bill/1c81cfca-74b9-4654-be11-7c03a7e85683,False,cosponsor
3a7ce3fd-7612-4c4d-aa0a-12073eae0ebe,Michael J. Sylvia,person,,ocd-person/2e6feb2e-6f22-4909-b907-93f4c0f9ae9b,ocd-bill/1c81cfca-74b9-4654-be11-7c03a7e85683,False,cosponsor
8d10cfd4-f3ff-4180-b992-d0c95c989a4a,Chris True,person,,ocd-person/9debae73-c678-420c-a515-c7381e304d1c,ocd-bill/1c81cfca-74b9-4654-be11-7c03a7e85683,False,cosponsor
5d4667cf-98de-46a6-ba6b-91266ef71de9,Kevin G. Verville,person,,ocd-person/9d10ccec-b571-4eea-b025-9ed7634b6516,ocd-bill/1c81cfca-74b9-4654-be11-7c03a7e85683,False,cosponsor
06aa6fbf-e545-4eea-87fd-e7df1105274c,Jess C. Edwards,person,,ocd-person/3787c84d-f615-4e9d-bac8-42f86ea308db,ocd-bill/1c81cfca-74b9-4654-be11-7c03a7e85683,False,cosponsor
f66ca3ab-2ea2-4521-b5fd-6ee58d468cb4,Peter E. Torosian,person,,ocd-person/45e36880-19af-4f3f-89d4-624946625e7f,ocd-bill/1c81cfca-74b9-4654-be11-7c03a7e85683,False,cosponsor
62a230fa-78c9-4bf6-b590-ffd8df05e23c,Bill Gannon,person,,ocd-person/d3c437bd-532d-458b-961f-4f6dccec1e4b,ocd-bill/1c81cfca-74b9-4654-be11-7c03a7e85683,False,cosponsor
26e6f336-83ef-4d3b-990d-7e783698df98,Tony Piemonte,person,,ocd-person/45e7b6d4-c265-40a9-ba77-47a7a454ed71,ocd-bill/1c81cfca-74b9-4654-be11-7c03a7e85683,True,primary
1a0384ee-f62f-4627-a45c-c9597e51037b,David H Watters,person,,ocd-person/cf24defe-6df3-49f3-88ca-c6774b144f19,ocd-bill/980a973f-80d4-4ca4-b1d5-d42c3d7c0716,False,cosponsor
efe85783-3587-4156-b20f-159d3fafd533,Ruth Ward,person,,ocd-person/9089a509-1f26-4770-adc6-199ed716e692,ocd-bill/980a973f-80d4-4ca4-b1d5-d42c3d7c0716,False,cosponsor
3b057047-47f9-45fc-a757-661f8819d87b,Jay Kahn,person,,ocd-person/998e681b-6df1-4b4a-92db-7a2187cedcd8,ocd-bill/980a973f-80d4-4ca4-b1d5-d42c3d7c0716,True,primary
5f12a379-3e2b-4cc4-a8ab-aa35ad7c53df,Jeffrey P. Goley,person,,ocd-person/903e02f2-e17d-41f4-bd94-f91557c0e1fd,ocd-bill/db4275d0-3c66-4407-8e4d-d208bf808ebd,False,cosponsor
74d265bf-a9d8-4fd4-9704-9f7d1131c2c0,Patrick T. Long,person,,ocd-person/14d0ff58-3340-4344-bb79-c6acd5f8ba6c,ocd-bill/db4275d0-3c66-4407-8e4d-d208bf808ebd,False,cosponsor
253fc7b2-98f6-4dca-b750-086f412a37af,Dianne E. Schuett,person,,ocd-person/62ff0476-f4e6-411f-a58e-2e7963cde2ab,ocd-bill/db4275d0-3c66-4407-8e4d-d208bf808ebd,False,cosponsor
61e12217-90c5-4964-9dc8-4a545478ac2e,Mel Myler,person,,ocd-person/8c5f7a02-e92b-4f64-b698-c178b8fd23bb,ocd-bill/db4275d0-3c66-4407-8e4d-d208bf808ebd,False,cosponsor
f608a408-e9d8-435a-812f-ac0a3a0635ca,David A. Welch,person,,ocd-person/b8201b25-9bdd-45d3-819d-5bae4c670ad0,ocd-bill/db4275d0-3c66-4407-8e4d-d208bf808ebd,False,cosponsor
8bc56b9a-5b56-4a95-a699-2069f086e0be,Troy E. Merner,person,,ocd-person/729664f2-12c4-4c70-82a5-fee852813a0c,ocd-bill/db4275d0-3c66-4407-8e4d-d208bf808ebd,False,cosponsor
437e4701-7eec-4b62-b897-d719aee9577b,Mark A. Pearson,person,,ocd-person/6c90e0a1-d9d5-488c-a9a3-898ca5b0f9a4,ocd-bill/db4275d0-3c66-4407-8e4d-d208bf808ebd,False,cosponsor
aaec7c66-efa6-4a59-96b4-021dae58990f,Kevin J. Cavanaugh,person,,ocd-person/7fb2bb33-cbdb-4dfd-9369-64f19f179777,ocd-bill/db4275d0-3c66-4407-8e4d-d208bf808ebd,False,cosponsor
4cf50c36-e3c3-4d82-ad01-d5b0ff85ec00,Kristina M. Schultz,person,,ocd-person/8698b473-ea4e-4126-8766-a2b5b5878702,ocd-bill/db4275d0-3c66-4407-8e4d-d208bf808ebd,False,cosponsor
5af9311d-76a2-4573-8853-feaa4e44b6c8,Brian M. Sullivan,person,,ocd-person/4c78e7fc-43a2-467b-abe3-6ba04ad8853e,ocd-bill/db4275d0-3c66-4407-8e4d-d208bf808ebd,True,primary
c4fef760-92a1-4166-82f9-875a46f18c6c,Steven D. Smith,person,,ocd-person/129a2970-07b9-4136-aae1-15c689edca40,ocd-bill/b5331a5f-f8fc-4756-bfe7-cc8f60fc07df,False,cosponsor
21f4e2f2-7cc3-4739-8377-f9a7b7ed7db1,William M. Marsh,person,,ocd-person/22006937-f2ca-4a2e-b92a-457777933dc7,ocd-bill/b5331a5f-f8fc-4756-bfe7-cc8f60fc07df,False,cosponsor
036547d7-ac06-47a1-a6be-756fb229a30d,Stephen L. Woodcock,person,,ocd-person/bdde38b3-3210-4b2d-890b-bbf2d2bf314a,ocd-bill/b5331a5f-f8fc-4756-bfe7-cc8f60fc07df,False,cosponsor
8cbd7c05-b2a1-489d-aea0-b21b6fee3e28,Alicia D. Lekas,person,,ocd-person/50bcd6fc-7d60-4595-811c-213e18faf326,ocd-bill/b5331a5f-f8fc-4756-bfe7-cc8f60fc07df,False,cosponsor
d909e1b1-b5e0-4ccf-af60-f3cf884bbb91,James C. Allard,person,,ocd-person/65336609-c7d5-4518-9d70-44e6e4058fb7,ocd-bill/b5331a5f-f8fc-4756-bfe7-cc8f60fc07df,True,primary
1b1e22bc-8e3a-4d8f-9f0e-a08667b5c40e,Judy F. Aron,person,,ocd-person/533fb85c-c4f0-41f3-9bc6-8b1c422a9693,ocd-bill/b5331a5f-f8fc-4756-bfe7-cc8f60fc07df,False,cosponsor
78eff32e-a3fc-4a12-b7d0-90bac38a3912,Brodie S. Deshaies,person,,ocd-person/cf0f7c1c-a402-49f9-80cd-102f946cd260,ocd-bill/b5331a5f-f8fc-4756-bfe7-cc8f60fc07df,False,cosponsor
70dfaba2-c73e-4a24-a7a7-9a266983cc37,Bob J. Lynn,person,,ocd-person/ce46c52e-8598-4888-8a1f-d16b283a7238,ocd-bill/2e8dda25-ef72-4382-837e-a8789ae1c315,True,primary
70819e33-77f5-4997-8a60-cc21f30ec273,James P. Gray,person,,ocd-person/e6443187-eb51-42eb-8bd7-349ed0ba9641,ocd-bill/dfe00e8f-0bcd-45ea-84d9-61f33432aeb9,True,primary
2f5e215c-6b8c-4c8c-9251-6c40754b8c70,Patrick T. Long,person,,ocd-person/14d0ff58-3340-4344-bb79-c6acd5f8ba6c,ocd-bill/394d7679-e20b-4217-9851-6d3886625453,True,primary
7ae8a71a-a797-47e9-9078-c0d4fbf31880,Debra L. DeSimone,person,,ocd-person/7ef7472f-0bda-4708-9239-76adeca1e87e,ocd-bill/394d7679-e20b-4217-9851-6d3886625453,False,cosponsor
80c1cacc-50b8-4883-9ff3-d9d9efc220e0,Safiya Wazir,person,,ocd-person/a2975441-f5d1-4e95-8a4e-1d930fc16bc2,ocd-bill/394d7679-e20b-4217-9851-6d3886625453,False,cosponsor
1b287da0-ebf5-46eb-b74c-0678ea912507,Jeb Bradley,person,,ocd-person/3f5455e8-256e-4442-9c13-bc14f62ce76f,ocd-bill/6606ac12-5f0d-414e-8c61-69409c7a38a2,False,cosponsor
e391b51d-cd90-4932-8ca8-5ba2a796c7f3,Jacqueline A. Cali-Pitts,person,,ocd-person/b665e9e7-0c14-4348-9378-529bd9c7497b,ocd-bill/6606ac12-5f0d-414e-8c61-69409c7a38a2,False,cosponsor
f8719712-c28c-468f-88d1-fdcce74aa680,Jordan G. Ulery,person,,ocd-person/31f696d4-f806-4eb3-a8ce-5b1d2a2eba93,ocd-bill/6606ac12-5f0d-414e-8c61-69409c7a38a2,False,cosponsor
b23087dc-f624-41b6-ba05-6f5697edb76a,Robert J. Elliott,person,,ocd-person/acb8c5f4-1002-4599-8098-a38766a59be2,ocd-bill/6606ac12-5f0d-414e-8c61-69409c7a38a2,False,cosponsor
852fe1f1-226d-4c4f-b30f-69a8c9f3a136,Joseph A. Pitre,person,,ocd-person/5ce55936-fd73-4b3c-ba16-70e13734a3c8,ocd-bill/6606ac12-5f0d-414e-8c61-69409c7a38a2,False,cosponsor
5bf160d5-d8b0-42c9-82a6-a97d431c1eb1,Linda R. Gould,person,,ocd-person/40ae4adb-2124-47ca-82b5-9eee794af4a2,ocd-bill/6606ac12-5f0d-414e-8c61-69409c7a38a2,False,cosponsor
ac68ed4c-b72e-4fce-a14c-47e0102de438,Katherine J. Prudhomme-O'Brien,person,,ocd-person/a0a8c9d8-1f27-4d28-a249-8a5856ea5c05,ocd-bill/6606ac12-5f0d-414e-8c61-69409c7a38a2,False,cosponsor
cba27d39-0961-4334-acd3-ab1cb2572d57,Betty I. Gay,person,,ocd-person/c2486401-1c5f-4cfc-b4ef-bbae6b8c0489,ocd-bill/6606ac12-5f0d-414e-8c61-69409c7a38a2,True,primary
bd0c7c5d-05e4-4071-ab74-7665fcae2032,Ellen D. Read,person,,ocd-person/77304532-17fb-4b2c-aed6-213a435e4a46,ocd-bill/6606ac12-5f0d-414e-8c61-69409c7a38a2,False,cosponsor
1156e5fd-ecdb-4898-81d4-d97b6068d6f4,Debra Altschiller,person,,ocd-person/925608b2-8d23-4186-85f6-4c50f334374d,ocd-bill/6606ac12-5f0d-414e-8c61-69409c7a38a2,False,cosponsor
7253564a-7788-4b49-95b3-136a6bc2ed30,Lou D'Allesandro,person,,ocd-person/87c48788-817d-408b-a1e1-ebe1c9fd893d,ocd-bill/485c972d-5158-489c-851d-f3180656eba8,False,cosponsor
8f82bcbf-f8f1-41fb-9f33-966aaea121c9,Sharon M Carson,person,,ocd-person/00964fc0-dd57-44c3-87bf-b6d5bbc34560,ocd-bill/485c972d-5158-489c-851d-f3180656eba8,True,primary
49779f41-5056-43e3-91d6-d0e119b07770,Jeb Bradley,person,,ocd-person/3f5455e8-256e-4442-9c13-bc14f62ce76f,ocd-bill/485c972d-5158-489c-851d-f3180656eba8,False,cosponsor
11a0ee75-ef82-46c8-af77-4a23775c07cb,Donna M. Soucy,person,,ocd-person/bfbbacfd-e12a-4e07-970e-c2c2c006f4a2,ocd-bill/485c972d-5158-489c-851d-f3180656eba8,False,cosponsor
195feb1d-6a32-4bcb-affa-35d979f41308,Kimberly A. Rice,person,,ocd-person/85b7ca6d-3fd7-4e97-bfe0-effe223121f7,ocd-bill/485c972d-5158-489c-851d-f3180656eba8,False,cosponsor
1853de91-c89e-4f32-a8cb-8fba527e5038,Kevin A. Avard,person,,ocd-person/b99b0bbb-4710-43c7-a6b5-0e04524eedf0,ocd-bill/485c972d-5158-489c-851d-f3180656eba8,False,cosponsor
a43c39ed-fd5f-4db9-93e7-0203a4e24c34,Michael D. Harrington,person,,ocd-person/21e95dbc-c226-4f4a-9fa2-8f5b374d0a98,ocd-bill/c97ea33f-0d9f-4ba0-8145-d9a0d4c83376,True,primary
273c6f55-d33c-48f2-ba09-810d0d5f5225,Dianne E. Schuett,person,,ocd-person/62ff0476-f4e6-411f-a58e-2e7963cde2ab,ocd-bill/31302c8b-0623-4147-aac0-babcc4025182,True,primary
d482166f-1f65-442f-89b2-447370ff37f6,Marjorie A. Porter,person,,ocd-person/0999b615-be84-4309-b4ca-68261c1155ab,ocd-bill/31302c8b-0623-4147-aac0-babcc4025182,False,cosponsor
b0b15659-c156-4217-999e-4148b2f0123c,Lou D'Allesandro,person,,ocd-person/87c48788-817d-408b-a1e1-ebe1c9fd893d,ocd-bill/827b44d3-4d41-40dd-91bf-c13b03eb29c0,True,primary
16a52f71-9716-4769-a2c7-303ec5c89bdd,Bob J. Giuda,person,,ocd-person/7739a4d0-534e-4bdb-b7fb-6a8f348e833e,ocd-bill/827b44d3-4d41-40dd-91bf-c13b03eb29c0,False,cosponsor
0a8dff6a-8795-4894-b960-419fa3582538,Kevin J. Cavanaugh,person,,ocd-person/7fb2bb33-cbdb-4dfd-9369-64f19f179777,ocd-bill/827b44d3-4d41-40dd-91bf-c13b03eb29c0,False,cosponsor
c5dd5c99-38ae-4694-b870-df008dd47da4,Cindy Rosenwald,person,,ocd-person/f3e949ce-6d98-4826-bbca-08039cea4ea4,ocd-bill/827b44d3-4d41-40dd-91bf-c13b03eb29c0,False,cosponsor
9bed1314-1627-47fd-9a89-4eb2f51a9d61,Dick Marston,person,,ocd-person/9d511cf6-1163-40c4-913f-548d3c807f66,ocd-bill/751c4306-7464-4bb5-97ab-873b331dee3f,True,primary
a073b3c9-43a2-473a-8417-d0681fd9fb10,Harry H. Bean,person,,ocd-person/5a633278-e4a7-4a58-9c9d-2d917deefd40,ocd-bill/0ebb2c15-549a-4439-ad86-a19f601ddc54,False,cosponsor
19150464-6fe8-4f6d-b5ed-89adaaeafb01,Mike Bordes,person,,ocd-person/c924901e-1cc8-4574-ae7c-19f3e52d2031,ocd-bill/0ebb2c15-549a-4439-ad86-a19f601ddc54,False,cosponsor
2a60f387-fef1-461e-a709-c113b5697b9b,Gregg Hough,person,,ocd-person/3300d54f-0d44-4b18-ac18-41da270b8d58,ocd-bill/0ebb2c15-549a-4439-ad86-a19f601ddc54,False,cosponsor
295f3448-0864-4fb9-b208-96a684a6479c,Paul A. Terry,person,,ocd-person/8488ba3a-e608-4f0d-9d7b-7e6e13244917,ocd-bill/0ebb2c15-549a-4439-ad86-a19f601ddc54,False,cosponsor
d6041581-55fc-4b0c-8f3b-1538126bb63a,Travis J. O'Hara,person,,ocd-person/fbfbfb0a-2c7d-457c-8322-12221db1662b,ocd-bill/0ebb2c15-549a-4439-ad86-a19f601ddc54,False,cosponsor
f9c7b457-8f1d-4709-a0a5-38dd0acd3215,Patrick F. Abrami,person,,ocd-person/0327f85d-1b5a-4218-a97f-f393a965d64b,ocd-bill/983e8280-2b12-4ad5-8bf9-6283fb140cea,True,primary
0db09d7a-20ce-446c-88be-cdb6ca8047e5,Christy D. Bartlett,person,,ocd-person/59afcf2a-d688-4495-a53d-b10faeffd222,ocd-bill/55c2bc84-42b8-450c-b607-2e7dbdc47e34,False,cosponsor
066aef44-cb46-4911-a97f-b2b4cbe25284,Amanda C. Bouldin,person,,ocd-person/7ad034dd-b6f2-4314-94d9-cffce7144e5d,ocd-bill/55c2bc84-42b8-450c-b607-2e7dbdc47e34,False,cosponsor
2de72dc4-d43c-4b73-b320-9ee44fc34e6e,Diane M. Langley,person,,ocd-person/740ad96e-04da-40f1-a827-9d187e63e686,ocd-bill/55c2bc84-42b8-450c-b607-2e7dbdc47e34,False,cosponsor
9b4c7ba7-5bee-4e92-a9fe-d3581d435769,Andrew J. Bouldin,person,,ocd-person/ad413289-53c5-4966-9f0f-fd392d95a827,ocd-bill/55c2bc84-42b8-450c-b607-2e7dbdc47e34,False,cosponsor
ae530434-7cbd-46d7-960e-e3ee20079e4e,Manny Espitia,person,,ocd-person/31583363-1dfd-4eb3-a611-d5059d945d53,ocd-bill/55c2bc84-42b8-450c-b607-2e7dbdc47e34,False,cosponsor
c7b82715-4bea-4c14-9bec-9f0121378f3a,Jacqueline H. Chretien,person,,ocd-person/8e044671-4143-41a6-a341-6c8514bb2d66,ocd-bill/55c2bc84-42b8-450c-b607-2e7dbdc47e34,True,primary
aa2671bd-4799-4d8b-bf98-b69805294fb2,Matthew B. Wilhelm,person,,ocd-person/61d2e8f3-f2b9-4357-81af-fe982ee1821f,ocd-bill/55c2bc84-42b8-450c-b607-2e7dbdc47e34,False,cosponsor
c5fc62fe-2bb2-4a3a-94ab-03b97e464baa,Tony Labranche,person,,ocd-person/98b6662b-4d69-4759-b17c-9fd5a4bb7954,ocd-bill/55c2bc84-42b8-450c-b607-2e7dbdc47e34,False,cosponsor
b384f38b-0a6f-4cc4-a068-308487632868,Linda A. Massimilla,person,,ocd-person/c018f667-a248-4b79-b8be-63740191e1ff,ocd-bill/83be6c49-2db5-4ff7-9a88-43fdc2d672d6,False,cosponsor
1960f099-5da7-432c-822e-a43c4c2de774,Donald J. Bouchard,person,,ocd-person/74ae3ef0-c1f3-48ce-a5a6-c9bc4661bf08,ocd-bill/83be6c49-2db5-4ff7-9a88-43fdc2d672d6,False,cosponsor
de961385-f1a8-41e3-84ec-2c6f98150fff,Nicole Klein-Knight,person,,ocd-person/f91f87c5-d22a-48b7-ac4a-c2519d086ec7,ocd-bill/83be6c49-2db5-4ff7-9a88-43fdc2d672d6,True,primary
f51ef40f-db9f-4f23-8035-afa9bf0736f7,Safiya Wazir,person,,ocd-person/a2975441-f5d1-4e95-8a4e-1d930fc16bc2,ocd-bill/83be6c49-2db5-4ff7-9a88-43fdc2d672d6,False,cosponsor
6f2a708a-2ed5-4e4a-afe1-9295a4adf96f,Timothy P. Lang,person,,ocd-person/85064309-421e-4611-a6c5-800234db68fb,ocd-bill/52ee657b-76de-41ad-84c6-b2d8ecd050e1,False,cosponsor
aef7ea09-a76c-4c17-b80a-f1915fdc55c1,Denise Ricciardi,person,,ocd-person/8dc59c94-caba-41b2-a6ba-6bca0f595118,ocd-bill/52ee657b-76de-41ad-84c6-b2d8ecd050e1,True,primary
a8a91b07-8707-4d3a-8397-addd3f8c9120,Norman L. Major,person,,ocd-person/f210808d-53ac-4e23-ade2-7bdb60a8e559,ocd-bill/8dee4dd8-f832-4b80-a3bf-e0138b5454ee,True,primary
503e169e-bb2d-42e3-80c3-d9acb636477a,Peter E. Torosian,person,,ocd-person/45e36880-19af-4f3f-89d4-624946625e7f,ocd-bill/cabc5964-9727-46c9-8ba3-66d76c925cf8,True,primary
3ae6cfa5-1258-4675-bc67-faa81fa70e66,Sharon M Carson,person,,ocd-person/00964fc0-dd57-44c3-87bf-b6d5bbc34560,ocd-bill/60a297c6-c928-4938-a651-cd34a31a408c,False,cosponsor
78da4bd1-1e69-4eff-8f30-b1d32fcacd1c,John Reagan,person,,ocd-person/f516d40a-3676-4437-8285-a931d7c2885b,ocd-bill/60a297c6-c928-4938-a651-cd34a31a408c,False,cosponsor
e2e3c927-7a6c-45c2-b464-03bce386176a,Max Abramson,person,,ocd-person/83f50732-5fc6-4287-87aa-786cf169840c,ocd-bill/60a297c6-c928-4938-a651-cd34a31a408c,False,cosponsor
8d6afaf3-f214-42c6-9124-c7316bce4323,Katherine J. Prudhomme-O'Brien,person,,ocd-person/a0a8c9d8-1f27-4d28-a249-8a5856ea5c05,ocd-bill/60a297c6-c928-4938-a651-cd34a31a408c,False,cosponsor
4904b94e-3de9-4d29-85a9-f104911102d1,David C. Love,person,,ocd-person/1c956ef6-b705-4e9d-af0c-f66d6f44591e,ocd-bill/60a297c6-c928-4938-a651-cd34a31a408c,False,cosponsor
7379a41e-2bfd-4882-9c74-d1b8bebe5cc3,Mike Bordes,person,,ocd-person/c924901e-1cc8-4574-ae7c-19f3e52d2031,ocd-bill/60a297c6-c928-4938-a651-cd34a31a408c,False,cosponsor
96443b8d-88c7-47f6-9e61-afa1d36eca6d,Melissa Blasek,person,,ocd-person/38dff49e-ef79-4720-b991-c3d76ccb87e4,ocd-bill/60a297c6-c928-4938-a651-cd34a31a408c,False,cosponsor
4d5c81a8-d257-4f83-8ca9-50b1ee00774b,Vanessa L. Sheehan,person,,ocd-person/5c985922-36b3-4d80-986d-1f9c363920f1,ocd-bill/60a297c6-c928-4938-a651-cd34a31a408c,False,cosponsor
474c0091-949b-40f9-9876-164f14cc0c80,Cody M. Belanger,person,,ocd-person/5aa4450b-2f9d-442f-9c94-b2a8c500812b,ocd-bill/60a297c6-c928-4938-a651-cd34a31a408c,True,primary
18a0bb2a-5a81-4442-975b-16b3822389e9,Laura C. Pantelakos,person,,ocd-person/957b326c-6910-4328-afcb-533b975c2202,ocd-bill/4826f3c2-ce86-4180-beb2-0655f0d719cd,False,cosponsor
a127157b-7845-4724-8073-758c011730c9,Linda A. Massimilla,person,,ocd-person/c018f667-a248-4b79-b8be-63740191e1ff,ocd-bill/4826f3c2-ce86-4180-beb2-0655f0d719cd,True,primary
fc0d3e3d-ab5c-48e7-a182-c32073836d6a,Timothy J. Smith,person,,ocd-person/b5ca2038-c971-48a1-9d59-f9acf2b0806b,ocd-bill/4826f3c2-ce86-4180-beb2-0655f0d719cd,False,cosponsor
83c9c60e-2854-4dec-af53-6fcbaf526f5f,Timothy T. Egan,person,,ocd-person/09523f28-3ff4-4ec0-ab75-d198c2c27db3,ocd-bill/4826f3c2-ce86-4180-beb2-0655f0d719cd,False,cosponsor
ada76144-3e5c-49c6-86fe-aec16d08d75d,Anita D. Burroughs,person,,ocd-person/a028512b-5d61-4d23-9e28-dec7038577d6,ocd-bill/4826f3c2-ce86-4180-beb2-0655f0d719cd,False,cosponsor
851b34ef-8cd6-4d84-8925-84a5d738f119,Gary Merchant,person,,ocd-person/78078880-ab6f-4f87-b095-8b85c31f1780,ocd-bill/4826f3c2-ce86-4180-beb2-0655f0d719cd,False,cosponsor
3f3b7d81-a68e-4eff-9c46-8229d49c2537,Erin Hennessey,person,,ocd-person/b8009d8b-0bb8-4a70-9e34-96d247a3327b,ocd-bill/4826f3c2-ce86-4180-beb2-0655f0d719cd,False,cosponsor
60793b50-2c51-4c62-8f83-13508fec8cab,Jacqueline H. Chretien,person,,ocd-person/8e044671-4143-41a6-a341-6c8514bb2d66,ocd-bill/b91b4c8c-0c69-4d36-95b4-cf06e567f1d5,False,cosponsor
94125286-34a1-4d61-98fa-84c1c454d01d,Matthew B. Wilhelm,person,,ocd-person/61d2e8f3-f2b9-4357-81af-fe982ee1821f,ocd-bill/b91b4c8c-0c69-4d36-95b4-cf06e567f1d5,True,primary
b0936a53-d960-4f32-a977-149a5ab8d5e5,Melbourne R. Moran,person,,ocd-person/79503c7a-0c57-4b4f-b5fe-38ab2529dd14,ocd-bill/b91b4c8c-0c69-4d36-95b4-cf06e567f1d5,False,cosponsor
4eb72c80-54b4-4eac-bc04-7e57d47868c7,Ariel Oxaal,person,,ocd-person/2b4de9b8-f61e-4787-b203-3336e6d3984d,ocd-bill/b91b4c8c-0c69-4d36-95b4-cf06e567f1d5,False,cosponsor
fd5f03c9-bd03-49b0-a491-31287052885a,Gary S. Hopper,person,,ocd-person/eeb7038b-aad5-45cc-9abe-57fa0757c41b,ocd-bill/5177bf0c-7eba-4888-b179-d086263dbe96,True,primary
ee03a3e2-9bf8-4801-a3ff-c2925f306496,Jeb Bradley,person,,ocd-person/3f5455e8-256e-4442-9c13-bc14f62ce76f,ocd-bill/e09d191d-4b7c-4fdd-b16f-42c1ebf77920,False,cosponsor
fb4e3a03-fe36-42d7-bccb-f31eb8419880,David H Watters,person,,ocd-person/cf24defe-6df3-49f3-88ca-c6774b144f19,ocd-bill/e09d191d-4b7c-4fdd-b16f-42c1ebf77920,False,cosponsor
2e24223b-0ec6-4f04-974d-c55e58466343,John Reagan,person,,ocd-person/f516d40a-3676-4437-8285-a931d7c2885b,ocd-bill/e09d191d-4b7c-4fdd-b16f-42c1ebf77920,False,cosponsor
fa78b814-229d-4987-88a3-0ec84515cb90,Donna M. Soucy,person,,ocd-person/bfbbacfd-e12a-4e07-970e-c2c2c006f4a2,ocd-bill/e09d191d-4b7c-4fdd-b16f-42c1ebf77920,False,cosponsor
4e6d76d5-75d2-4632-89c6-7a3f5fc5ac67,Lee Walker Oxenham,person,,ocd-person/f3fb87b7-7fb5-432a-9fb2-bd15170f1275,ocd-bill/e09d191d-4b7c-4fdd-b16f-42c1ebf77920,False,cosponsor
d069d21c-0e96-4819-a86d-1c4d8d29f1d8,Kat McGhee,person,,ocd-person/4c8bec8a-e86d-4316-8b2e-2f8c4157cae5,ocd-bill/e09d191d-4b7c-4fdd-b16f-42c1ebf77920,False,cosponsor
d2e7fb6b-0e15-4fd6-84d9-8d758d48f8e0,Jerry L. Knirk,person,,ocd-person/ce0bd184-d264-46d8-87fc-f2590e2a1ed1,ocd-bill/e09d191d-4b7c-4fdd-b16f-42c1ebf77920,False,cosponsor
b21745e8-dad1-47ae-bb6d-a22612ae1e69,Kevin J. Cavanaugh,person,,ocd-person/7fb2bb33-cbdb-4dfd-9369-64f19f179777,ocd-bill/e09d191d-4b7c-4fdd-b16f-42c1ebf77920,False,cosponsor
32f4ac3c-b2b4-4466-bbfb-c1ae29b5d72f,Tom Sherman,person,,ocd-person/ee95d0de-e55e-4733-ba97-0fde66adf65c,ocd-bill/e09d191d-4b7c-4fdd-b16f-42c1ebf77920,True,primary
42bec2f9-4582-4247-a68c-cb50bfcf8b20,Gary L. Woods,person,,ocd-person/5d98b66b-f4d1-4776-953f-67dc348fdd12,ocd-bill/e09d191d-4b7c-4fdd-b16f-42c1ebf77920,False,cosponsor
9ed468e2-ce80-4f11-80ee-df060e46660d,Cindy Rosenwald,person,,ocd-person/f3e949ce-6d98-4826-bbca-08039cea4ea4,ocd-bill/e09d191d-4b7c-4fdd-b16f-42c1ebf77920,False,cosponsor
ff60e8fe-fd94-40de-9ad4-09fbe9f2f74a,Lisa H. Bunker,person,,ocd-person/781ad4d7-babf-4d46-82f6-aff2d3c8215f,ocd-bill/3c3c2eba-ad2d-4478-b95a-d3dda7493ae8,False,cosponsor
39429c19-6b82-41b0-abeb-05bfcb56c536,Gerri D. Cannon,person,,ocd-person/cd5b7056-d9eb-4fb1-93e3-6ba43408afa5,ocd-bill/3c3c2eba-ad2d-4478-b95a-d3dda7493ae8,True,primary
b961d3fd-ba45-43e4-90c5-a04df4bba7b4,Cindy Rosenwald,person,,ocd-person/f3e949ce-6d98-4826-bbca-08039cea4ea4,ocd-bill/3c3c2eba-ad2d-4478-b95a-d3dda7493ae8,False,cosponsor
810686d1-21b6-4a37-b116-44ce66b31be4,John Bordenet,person,,ocd-person/97cb7b54-48fb-4eb8-ac44-c1a5645bda49,ocd-bill/91af5492-dfe9-498c-901d-d53b87aa13ea,False,cosponsor
656429cf-a60a-43ab-8ceb-cea5592f8c12,David A. Welch,person,,ocd-person/b8201b25-9bdd-45d3-819d-5bae4c670ad0,ocd-bill/91af5492-dfe9-498c-901d-d53b87aa13ea,False,cosponsor
f9ee7d69-7c43-43b6-861a-6d63882dab6c,Jay Kahn,person,,ocd-person/998e681b-6df1-4b4a-92db-7a2187cedcd8,ocd-bill/91af5492-dfe9-498c-901d-d53b87aa13ea,False,cosponsor
d1708242-ca9c-4627-b3c9-3894b386c4df,Joe Schapiro,person,,ocd-person/44fbe7a3-bc2c-4ab0-b669-35521e926782,ocd-bill/91af5492-dfe9-498c-901d-d53b87aa13ea,True,primary
d0f6a595-f511-4f38-9c19-9c46b8a2641b,Daryl A. Abbas,person,,ocd-person/6dfd683a-1f79-49db-95a9-07f4f9898a22,ocd-bill/91af5492-dfe9-498c-901d-d53b87aa13ea,False,cosponsor
dd6da66e-6ee0-4c8c-9e71-4689434f626f,Glenn Cordelli,person,,ocd-person/c8aa2951-dea0-4999-9b6a-6323d9917e0b,ocd-bill/766a5e69-55b6-4365-8993-4164a2d17e1b,True,primary
68cf59ad-a25b-4079-8354-8d8f3d03e3c0,Keith M. Ammon,person,,,ocd-bill/766a5e69-55b6-4365-8993-4164a2d17e1b,False,cosponsor
5bd19841-577f-42e8-b199-4fec88d9eadf,Claire A. Rouillard,person,,ocd-person/527f8fb3-d715-438e-be76-59cd96641c11,ocd-bill/766a5e69-55b6-4365-8993-4164a2d17e1b,False,cosponsor
c2c15924-6244-4598-aa8d-50921adaa42c,Travis J. O'Hara,person,,ocd-person/fbfbfb0a-2c7d-457c-8322-12221db1662b,ocd-bill/766a5e69-55b6-4365-8993-4164a2d17e1b,False,cosponsor
110c50d2-7323-4145-b512-dcacf7c15bf0,Roger W. Dontonville,person,,ocd-person/ef4faeab-235d-452c-b493-8a98e4157f3f,ocd-bill/7478859a-4bb4-4964-a6bd-c3d724ed7d23,False,cosponsor
159b7ef9-9910-4937-982a-c29a8770ba02,Casey M. Conley,person,,ocd-person/3290a4d4-7403-45f8-adc4-4e26e0fefa09,ocd-bill/7478859a-4bb4-4964-a6bd-c3d724ed7d23,True,primary
6172829e-f312-439b-9f13-275e386f8461,Janet G. Wall,person,,ocd-person/2830876f-1a4d-4332-ae2a-a97607c4e1b9,ocd-bill/c9943a1f-90a1-48fe-8eb0-87ba1d1d6c35,False,cosponsor
03cd78bf-6a45-461c-9f12-eebdfb3b6a1c,Edward M. Gordon,person,,ocd-person/1e527c99-df26-4b70-8f9e-62df18dad8bb,ocd-bill/c9943a1f-90a1-48fe-8eb0-87ba1d1d6c35,True,primary
2523cfb4-a73e-4d76-9260-447287f92cfa,David J. Luneau,person,,ocd-person/c3c9bb99-9512-4bec-be04-d8b29ea96f3e,ocd-bill/50fe4488-e96e-4b29-87b0-b9795b176ebb,True,primary
47165b44-959b-4380-b148-89669d32dbdc,Jeffrey P. Goley,person,,ocd-person/903e02f2-e17d-41f4-bd94-f91557c0e1fd,ocd-bill/fa4cd4cb-7b5e-4f24-b571-f969e83c8c22,False,cosponsor
45f2f6da-10cd-4ec8-8fb9-6b9cb06a7218,Dianne E. Schuett,person,,ocd-person/62ff0476-f4e6-411f-a58e-2e7963cde2ab,ocd-bill/fa4cd4cb-7b5e-4f24-b571-f969e83c8c22,False,cosponsor
22091328-21d9-4759-b975-54f954b84127,Timothy A. Soucy,person,,ocd-person/edcefea3-7cd4-4128-92ef-b22bc4a7c0b4,ocd-bill/fa4cd4cb-7b5e-4f24-b571-f969e83c8c22,False,cosponsor
06e86770-2492-4b1b-bf8f-367967e91cb8,Linda C. Harriott-Gathright,person,,ocd-person/1e2b57f6-dbb9-4069-a71b-d40828c80cfa,ocd-bill/fa4cd4cb-7b5e-4f24-b571-f969e83c8c22,False,cosponsor
3c3e616b-e44f-4b17-afac-5358a0ecc2ef,Kevin J. Cavanaugh,person,,ocd-person/7fb2bb33-cbdb-4dfd-9369-64f19f179777,ocd-bill/fa4cd4cb-7b5e-4f24-b571-f969e83c8c22,False,cosponsor
194c38d5-eae0-44d5-bf81-498c17510015,Kristina M. Schultz,person,,ocd-person/8698b473-ea4e-4126-8766-a2b5b5878702,ocd-bill/fa4cd4cb-7b5e-4f24-b571-f969e83c8c22,True,primary
9bd46966-bd2f-49f3-a0ff-e429fe8722d1,Safiya Wazir,person,,ocd-person/a2975441-f5d1-4e95-8a4e-1d930fc16bc2,ocd-bill/fa4cd4cb-7b5e-4f24-b571-f969e83c8c22,False,cosponsor
5d87fdf0-24e3-46c4-aefb-5bfc1d45edc2,Jaci L. Grote,person,,ocd-person/26f01212-5287-4735-aa1f-77e4f0d2acb6,ocd-bill/fa4cd4cb-7b5e-4f24-b571-f969e83c8c22,False,cosponsor
092fc352-238a-4310-a720-a8fc5ec4c8ba,Rebecca G. Whitley,person,,ocd-person/92267d4c-e6f1-4f45-87be-83f229c2cd36,ocd-bill/fa4cd4cb-7b5e-4f24-b571-f969e83c8c22,False,cosponsor
63a0f6d6-b9ca-4cb8-b5aa-6f83ddd0b65c,Walter A. Stapleton,person,,ocd-person/74efcb71-c62c-4388-b9ad-69f779b0c33e,ocd-bill/86f4f860-e96a-4f7e-a815-71d4ae143731,False,cosponsor
9fe18fff-ce27-4614-ac4f-0159633dbc28,Israel F. Piedra,person,,ocd-person/711f9af7-aa50-4019-b854-9e7dad0f60ce,ocd-bill/86f4f860-e96a-4f7e-a815-71d4ae143731,False,cosponsor
971ff40c-3c2b-4b10-9770-99d5797203ba,Megan A. Murray,person,,ocd-person/f1902aac-3930-478d-9e89-60cef8bcae0b,ocd-bill/86f4f860-e96a-4f7e-a815-71d4ae143731,False,cosponsor
1d801b58-dd99-43f0-b247-427931406b01,Jacqueline H. Chretien,person,,ocd-person/8e044671-4143-41a6-a341-6c8514bb2d66,ocd-bill/86f4f860-e96a-4f7e-a815-71d4ae143731,True,primary
f9fe7d25-79f1-483e-b3a2-f2c3d8fab58a,Safiya Wazir,person,,ocd-person/a2975441-f5d1-4e95-8a4e-1d930fc16bc2,ocd-bill/86f4f860-e96a-4f7e-a815-71d4ae143731,False,cosponsor
8453c05b-9a15-4be6-a30a-c3fb26de5e33,Tony Labranche,person,,ocd-person/98b6662b-4d69-4759-b17c-9fd5a4bb7954,ocd-bill/86f4f860-e96a-4f7e-a815-71d4ae143731,False,cosponsor
6310fc8c-215d-455d-83b9-56319a869469,Eric B. Gallager,person,,ocd-person/a8e2dc1d-b828-475a-92d4-373129360dcb,ocd-bill/86f4f860-e96a-4f7e-a815-71d4ae143731,False,cosponsor
578951ba-b13a-4bda-a67f-728dc8415735,Al P. Baldasaro,person,,ocd-person/3807f9c1-b590-4496-8a1e-b0ff84ba592d,ocd-bill/a143cccd-e97d-4fc6-9b96-9369a5f44722,False,cosponsor
3efea28d-953d-453f-a5cb-3c8a3a27b309,Debra L. DeSimone,person,,ocd-person/7ef7472f-0bda-4708-9239-76adeca1e87e,ocd-bill/a143cccd-e97d-4fc6-9b96-9369a5f44722,True,primary
f9c9bb54-7b89-4378-9a96-90f92bcfd4eb,Regina Birdsell,person,,ocd-person/461c9024-c8c3-44a5-91d6-015a6587db5f,ocd-bill/a143cccd-e97d-4fc6-9b96-9369a5f44722,False,cosponsor
8178eb51-51d6-4f14-935b-44af66b7b856,Robert D. Harb,person,,ocd-person/c62fca24-e8c3-4f87-95dd-cb52a3d58c05,ocd-bill/a143cccd-e97d-4fc6-9b96-9369a5f44722,False,cosponsor
e83e8800-1efd-40e0-820a-5624ff168b95,Peter W. Bixby,person,,ocd-person/2c42e95c-0192-4910-9fc6-8a43b58c6467,ocd-bill/56449085-39e6-42bb-9a81-a2cdfbbd63ae,True,primary
c72a4b7e-1cb6-4d6d-9bfd-a0f520f7a401,Sharon M Carson,person,,ocd-person/00964fc0-dd57-44c3-87bf-b6d5bbc34560,ocd-bill/1dafa012-5d95-40bf-b071-3103e1b01eaa,False,cosponsor
30766b28-2e01-4776-aa3c-88385a3cf2c7,David H Watters,person,,ocd-person/cf24defe-6df3-49f3-88ca-c6774b144f19,ocd-bill/1dafa012-5d95-40bf-b071-3103e1b01eaa,False,cosponsor
aa313f86-5cfe-4e19-9937-b9b3cbbdcb5b,John Reagan,person,,ocd-person/f516d40a-3676-4437-8285-a931d7c2885b,ocd-bill/1dafa012-5d95-40bf-b071-3103e1b01eaa,False,cosponsor
3c9e4193-6d83-4df9-882e-d864ff55d7a6,Ellen D. Read,person,,ocd-person/77304532-17fb-4b2c-aed6-213a435e4a46,ocd-bill/1dafa012-5d95-40bf-b071-3103e1b01eaa,False,cosponsor
cc442c3a-f1de-431a-b5b2-f7d23a948b52,Kate R. Murray,person,,ocd-person/79bb2147-ea4b-4706-8b38-ee2309613ea0,ocd-bill/1dafa012-5d95-40bf-b071-3103e1b01eaa,False,cosponsor
a7eadafc-7fd7-40cf-bc3f-5e73105941c3,Bill Gannon,person,,ocd-person/d3c437bd-532d-458b-961f-4f6dccec1e4b,ocd-bill/1dafa012-5d95-40bf-b071-3103e1b01eaa,False,cosponsor
1366c2cd-35d0-483a-9e3b-baf38b5f7e2e,Tom Sherman,person,,ocd-person/ee95d0de-e55e-4733-ba97-0fde66adf65c,ocd-bill/1dafa012-5d95-40bf-b071-3103e1b01eaa,True,primary
78a1665c-dc03-4bf1-905e-28064a7fce24,Ralph G. Boehm,person,,ocd-person/ac6ce16b-a462-4727-8e4b-724c7c19e58c,ocd-bill/f0040e0d-9a73-48be-85cc-e1824461d92f,False,cosponsor
5e237e7d-ceff-4e39-b6ef-41cd46f7535f,Rick M. Ladd,person,,ocd-person/1bd6c569-f2dd-4670-bf82-ef3ea4b15960,ocd-bill/f0040e0d-9a73-48be-85cc-e1824461d92f,True,primary
65ab70dc-f80e-4819-89e6-95a6fb2ca57c,Steven D. Smith,person,,ocd-person/129a2970-07b9-4136-aae1-15c689edca40,ocd-bill/f0040e0d-9a73-48be-85cc-e1824461d92f,False,cosponsor
e4e80f6b-4b69-4e02-8f2e-4c672d538fa9,Glenn Cordelli,person,,ocd-person/c8aa2951-dea0-4999-9b6a-6323d9917e0b,ocd-bill/f0040e0d-9a73-48be-85cc-e1824461d92f,False,cosponsor
b494ab59-5b28-4d26-abcb-e4ea273e7a59,Alicia D. Lekas,person,,ocd-person/50bcd6fc-7d60-4595-811c-213e18faf326,ocd-bill/f0040e0d-9a73-48be-85cc-e1824461d92f,False,cosponsor
24ac1f31-601f-425f-af18-48d6d3259bef,James C. Allard,person,,ocd-person/65336609-c7d5-4518-9d70-44e6e4058fb7,ocd-bill/f0040e0d-9a73-48be-85cc-e1824461d92f,False,cosponsor
76630e6f-c159-49f9-bb5a-374032d3b441,Travis J. O'Hara,person,,ocd-person/fbfbfb0a-2c7d-457c-8322-12221db1662b,ocd-bill/f0040e0d-9a73-48be-85cc-e1824461d92f,False,cosponsor
3540de2f-2283-4f5f-be25-1e6f85d07dac,Fred R. Plett,person,,ocd-person/573f6daa-f310-46da-9f87-bf7497dd084a,ocd-bill/00be39e4-9b5e-41bb-aa8b-1ecc73950179,True,primary
e9cf9f97-ef22-4812-aeb2-84b7f7fdc020,Max Abramson,person,,ocd-person/83f50732-5fc6-4287-87aa-786cf169840c,ocd-bill/88a274dc-7334-4409-bc3c-66395051fba0,True,primary
6b309729-4571-4014-9f78-047df474cedb,Aidan Ankarberg,person,,ocd-person/540cbe60-cc65-4ff6-8c78-5d54488e5ed8,ocd-bill/88a274dc-7334-4409-bc3c-66395051fba0,False,cosponsor
9fbdd406-6172-4fde-a41c-2409eead02bb,Mary Beth Walz,person,,ocd-person/aee31921-5d02-4da9-8e3e-3137b4bb8bf4,ocd-bill/1de1d180-6005-426d-b2ff-1928fa613140,True,primary
d3b4061f-ebdc-419b-af42-2524b361ed0a,Gary L. Woods,person,,ocd-person/5d98b66b-f4d1-4776-953f-67dc348fdd12,ocd-bill/1de1d180-6005-426d-b2ff-1928fa613140,False,cosponsor
1150cd00-e6bf-4876-a39a-6b9ef9b54671,David H Watters,person,,ocd-person/cf24defe-6df3-49f3-88ca-c6774b144f19,ocd-bill/c2efe48b-5cab-4534-84e9-8bbd97a32d66,False,cosponsor
6ee3e946-1721-40fd-8a09-5d482e9c7a0e,Robert J. Elliott,person,,ocd-person/acb8c5f4-1002-4599-8098-a38766a59be2,ocd-bill/c2efe48b-5cab-4534-84e9-8bbd97a32d66,False,cosponsor
2739ffc3-84eb-4576-9850-7127cde5869a,Joseph A. Pitre,person,,ocd-person/5ce55936-fd73-4b3c-ba16-70e13734a3c8,ocd-bill/c2efe48b-5cab-4534-84e9-8bbd97a32d66,False,cosponsor
bbed16db-cb9b-4ab0-aaf4-83f696c2949c,Katherine J. Prudhomme-O'Brien,person,,ocd-person/a0a8c9d8-1f27-4d28-a249-8a5856ea5c05,ocd-bill/c2efe48b-5cab-4534-84e9-8bbd97a32d66,False,cosponsor
99e6bf24-1e6a-4a76-b704-290ca1b885c4,William M. Marsh,person,,ocd-person/22006937-f2ca-4a2e-b92a-457777933dc7,ocd-bill/c2efe48b-5cab-4534-84e9-8bbd97a32d66,False,cosponsor
ce8f2a9c-4cd7-4fd2-b145-2e7ee2ba5fba,Betty I. Gay,person,,ocd-person/c2486401-1c5f-4cfc-b4ef-bbae6b8c0489,ocd-bill/c2efe48b-5cab-4534-84e9-8bbd97a32d66,True,primary
5112355d-52c8-421a-bead-229ab2bac2cd,Charlotte I. DiLorenzo,person,,ocd-person/75a682ff-407d-4192-858d-9ce6a979c400,ocd-bill/c2efe48b-5cab-4534-84e9-8bbd97a32d66,False,cosponsor
1852db47-39b0-476f-a928-7a4d13eb8763,Ellen D. Read,person,,ocd-person/77304532-17fb-4b2c-aed6-213a435e4a46,ocd-bill/c2efe48b-5cab-4534-84e9-8bbd97a32d66,False,cosponsor
afd3c66e-ea90-4b25-9023-59a2b21c1e70,Mark A. Pearson,person,,ocd-person/6c90e0a1-d9d5-488c-a9a3-898ca5b0f9a4,ocd-bill/c2efe48b-5cab-4534-84e9-8bbd97a32d66,False,cosponsor
f89ad695-0d15-4069-8594-ba396216e65b,Erin Hennessey,person,,ocd-person/b8009d8b-0bb8-4a70-9e34-96d247a3327b,ocd-bill/c2efe48b-5cab-4534-84e9-8bbd97a32d66,False,cosponsor
fef66d32-2472-46d3-8e62-d9a9c7374743,Wayne D. MacDonald,person,,ocd-person/8588302c-ac8c-4b58-9444-0c9f29448aa0,ocd-bill/c2efe48b-5cab-4534-84e9-8bbd97a32d66,False,cosponsor
765a18cc-11a5-43ca-9c29-cd7ed7608fab,David H Watters,person,,ocd-person/cf24defe-6df3-49f3-88ca-c6774b144f19,ocd-bill/f47de910-c387-40a0-afa7-ddce37b8e83b,True,primary
354d5e6c-c932-4118-8acb-2350d75cbed8,Michael D. Harrington,person,,ocd-person/21e95dbc-c226-4f4a-9fa2-8f5b374d0a98,ocd-bill/d87ea6ee-7a6b-460e-af07-370699ff0be3,True,primary
90c3d0eb-5ac8-4b81-9fdf-683cae8e70ee,Kat McGhee,person,,ocd-person/4c8bec8a-e86d-4316-8b2e-2f8c4157cae5,ocd-bill/1d907701-7eec-41ae-b642-e93ddd723aa1,True,primary
17b801e6-2e5c-4c68-b1cb-157b0be2a8f1,Max Abramson,person,,ocd-person/83f50732-5fc6-4287-87aa-786cf169840c,ocd-bill/fb52ba46-9d4c-4c0b-af86-f7de1086a3f4,True,primary
e5eea703-f7f4-4389-b33e-8f077fcca335,Peter E. Torosian,person,,ocd-person/45e36880-19af-4f3f-89d4-624946625e7f,ocd-bill/fb52ba46-9d4c-4c0b-af86-f7de1086a3f4,False,cosponsor
8d84e9a9-62cc-45e0-94af-2e72eb676ab3,Judith T. Spang,person,,ocd-person/1c49114b-ec16-4617-8b35-f7ce02d6daa4,ocd-bill/b9aa99d3-430f-47c7-96a2-e7c8a0bb6832,False,cosponsor
8cc64c7a-b54d-4d77-af45-da785e67eb8f,Andrew Renzullo,person,,ocd-person/b8aa741e-30b1-4d45-8f6a-7241f0d0eed2,ocd-bill/b9aa99d3-430f-47c7-96a2-e7c8a0bb6832,False,cosponsor
38592a12-48c1-40fa-a6e0-c19f64448e51,Michael D. Cahill,person,,ocd-person/facb5409-244f-4381-8452-e6a1078bb1c5,ocd-bill/b9aa99d3-430f-47c7-96a2-e7c8a0bb6832,True,primary
b7cb9ff3-be3c-4483-91e7-8418e61f1b7a,Rebecca Perkins Kwoka,person,,ocd-person/c20b7693-7f2c-4646-af7f-d57518edd1a4,ocd-bill/b9aa99d3-430f-47c7-96a2-e7c8a0bb6832,False,cosponsor
c41b67db-1ef5-4188-9f21-be2ffa3a29fd,Robert J. Elliott,person,,ocd-person/acb8c5f4-1002-4599-8098-a38766a59be2,ocd-bill/0423e7a2-94ff-49c2-aa6a-dcf7a2932460,False,cosponsor
d686ecd7-b5b8-4aa0-8377-edb7e94494b9,Joseph A. Pitre,person,,ocd-person/5ce55936-fd73-4b3c-ba16-70e13734a3c8,ocd-bill/0423e7a2-94ff-49c2-aa6a-dcf7a2932460,False,cosponsor
c135df36-5781-4d8d-9439-1a66ea32f9e8,Glenn Cordelli,person,,ocd-person/c8aa2951-dea0-4999-9b6a-6323d9917e0b,ocd-bill/0423e7a2-94ff-49c2-aa6a-dcf7a2932460,False,cosponsor
a41ebf9f-906c-4f42-bcef-4a545d93bd75,Joe Sweeney,person,,ocd-person/568a287b-89c6-44b7-a8e6-a5188ef7f9bc,ocd-bill/0423e7a2-94ff-49c2-aa6a-dcf7a2932460,False,cosponsor
875c578c-effd-4f88-8ac1-fd4a7c7ebb94,Fred G. Doucette,person,,ocd-person/db4ec0a8-f70c-4510-ae01-c9050646a503,ocd-bill/0423e7a2-94ff-49c2-aa6a-dcf7a2932460,False,cosponsor
f764fdf1-8f6b-4649-aae6-946c1a92ffea,Katherine J. Prudhomme-O'Brien,person,,ocd-person/a0a8c9d8-1f27-4d28-a249-8a5856ea5c05,ocd-bill/0423e7a2-94ff-49c2-aa6a-dcf7a2932460,False,cosponsor
6c4668ac-809b-4c24-8807-cae0c565a231,Betty I. Gay,person,,ocd-person/c2486401-1c5f-4cfc-b4ef-bbae6b8c0489,ocd-bill/0423e7a2-94ff-49c2-aa6a-dcf7a2932460,True,primary
64123529-127e-4d80-8428-4e8f8f408db7,Peter T. Hayward,person,,ocd-person/cdc23d09-1fe6-4625-a267-3a676426b5a7,ocd-bill/0423e7a2-94ff-49c2-aa6a-dcf7a2932460,False,cosponsor
b5631573-c5e9-4517-ba4a-7f1c068dc437,Leah P. Cushman,person,,ocd-person/b9ca7e25-b8c9-47c8-aac3-4b688cbcea42,ocd-bill/0423e7a2-94ff-49c2-aa6a-dcf7a2932460,False,cosponsor
1f9ef0b9-7f0a-4557-b3ea-e40b16951772,Al P. Baldasaro,person,,ocd-person/3807f9c1-b590-4496-8a1e-b0ff84ba592d,ocd-bill/7ecb7b1b-de49-4f9f-b979-33442c5a6d58,False,cosponsor
cd7d5fcf-3cd3-46b5-b157-74c75ae0eed7,Rick M. Ladd,person,,ocd-person/1bd6c569-f2dd-4670-bf82-ef3ea4b15960,ocd-bill/7ecb7b1b-de49-4f9f-b979-33442c5a6d58,True,primary
a43bcb41-f3ae-426c-9bf4-853ff28b2ac8,Carol M. McGuire,person,,ocd-person/ae3d6133-98b5-444e-b95e-2edc2f5302dc,ocd-bill/7ecb7b1b-de49-4f9f-b979-33442c5a6d58,False,cosponsor
c1be0216-5b7a-4eb0-b244-ca617aef3a1c,Glenn Cordelli,person,,ocd-person/c8aa2951-dea0-4999-9b6a-6323d9917e0b,ocd-bill/7ecb7b1b-de49-4f9f-b979-33442c5a6d58,False,cosponsor
20e96d81-d683-4d9a-ad82-4c326695399a,Jason M. Osborne,person,,ocd-person/6e2bc564-5cd1-4f96-a265-4753b7f12ee1,ocd-bill/7ecb7b1b-de49-4f9f-b979-33442c5a6d58,False,cosponsor
4f426af3-d5ef-427e-80e0-c11c9c7f969b,Gregory G. Hill,person,,ocd-person/852df922-484b-412f-a604-c2d67efee5ec,ocd-bill/7ecb7b1b-de49-4f9f-b979-33442c5a6d58,False,cosponsor
93855ade-e0cd-4af6-88f0-03fafc81ae94,Walter A. Stapleton,person,,ocd-person/74efcb71-c62c-4388-b9ad-69f779b0c33e,ocd-bill/7ecb7b1b-de49-4f9f-b979-33442c5a6d58,False,cosponsor
6abc0ebf-6dcb-4602-81e8-2f5d2496ebc8,Ruth Ward,person,,ocd-person/9089a509-1f26-4770-adc6-199ed716e692,ocd-bill/7ecb7b1b-de49-4f9f-b979-33442c5a6d58,False,cosponsor
bf075a78-e91e-4ec0-8d44-84992a7baab0,James C. Allard,person,,ocd-person/65336609-c7d5-4518-9d70-44e6e4058fb7,ocd-bill/7ecb7b1b-de49-4f9f-b979-33442c5a6d58,False,cosponsor
90a2124c-b183-4e21-ab69-436f64e646b5,Erin Hennessey,person,,ocd-person/b8009d8b-0bb8-4a70-9e34-96d247a3327b,ocd-bill/7ecb7b1b-de49-4f9f-b979-33442c5a6d58,False,cosponsor
4f8712bf-4d39-494d-861b-11c54c01a998,Ellen D. Read,person,,ocd-person/77304532-17fb-4b2c-aed6-213a435e4a46,ocd-bill/45e62063-230b-473b-a910-24e4d7af5734,True,primary
8a162eaa-0a56-4910-950a-a6289c3fbf74,Sharon M Carson,person,,ocd-person/00964fc0-dd57-44c3-87bf-b6d5bbc34560,ocd-bill/f78c4b73-88e9-428d-aca4-784d45670ac8,False,cosponsor
e1da037b-e296-4fcd-8449-e208336af9c2,Jeb Bradley,person,,ocd-person/3f5455e8-256e-4442-9c13-bc14f62ce76f,ocd-bill/f78c4b73-88e9-428d-aca4-784d45670ac8,False,cosponsor
a64bc464-04db-4e9e-a63f-c6663f99b1de,Donna M. Soucy,person,,ocd-person/bfbbacfd-e12a-4e07-970e-c2c2c006f4a2,ocd-bill/f78c4b73-88e9-428d-aca4-784d45670ac8,False,cosponsor
05bd7d41-f6f4-4fd1-8035-3b2d6cf18e54,John A. Graham,person,,ocd-person/05a586d8-4c39-4578-95f6-7aaa30b3c67c,ocd-bill/f78c4b73-88e9-428d-aca4-784d45670ac8,False,cosponsor
d1c69fc8-1e50-4e3e-ad99-b84ff3c01e13,Patrick F. Abrami,person,,ocd-person/0327f85d-1b5a-4218-a97f-f393a965d64b,ocd-bill/f78c4b73-88e9-428d-aca4-784d45670ac8,False,cosponsor
e4295342-5016-4419-9c74-50c471e79482,Gary L. Daniels,person,,ocd-person/4c8ac73e-dca4-48ca-b50c-25d0d41425bc,ocd-bill/f78c4b73-88e9-428d-aca4-784d45670ac8,False,cosponsor
4ad04285-c7a0-4f8a-ac5b-c2324592764d,Timothy P. Lang,person,,ocd-person/85064309-421e-4611-a6c5-800234db68fb,ocd-bill/f78c4b73-88e9-428d-aca4-784d45670ac8,False,cosponsor
a6bae80c-0be3-4aa8-b23c-20051ef5d02a,Bob J. Giuda,person,,ocd-person/7739a4d0-534e-4bdb-b7fb-6a8f348e833e,ocd-bill/f78c4b73-88e9-428d-aca4-784d45670ac8,False,cosponsor
4ebd3030-ff23-4650-8bf7-295204763685,Harold F. French,person,,ocd-person/ff11da65-174b-4fdc-b33c-e5d6d56602f0,ocd-bill/f78c4b73-88e9-428d-aca4-784d45670ac8,True,primary
e468612c-4090-4322-af9f-3ecaa2be9753,Kevin J. Cavanaugh,person,,ocd-person/7fb2bb33-cbdb-4dfd-9369-64f19f179777,ocd-bill/f78c4b73-88e9-428d-aca4-784d45670ac8,False,cosponsor
feb39bf5-17a7-4fda-a951-5396ecdb7725,Tom Sherman,person,,ocd-person/ee95d0de-e55e-4733-ba97-0fde66adf65c,ocd-bill/f78c4b73-88e9-428d-aca4-784d45670ac8,False,cosponsor
fc31a8d4-13f1-4ced-b3c0-20fe959a89fc,Erin Hennessey,person,,ocd-person/b8009d8b-0bb8-4a70-9e34-96d247a3327b,ocd-bill/f78c4b73-88e9-428d-aca4-784d45670ac8,False,cosponsor
68ccd3fb-7311-4ef2-83cb-105fe552aa81,Norman J. Silber,person,,ocd-person/2f3c984e-640c-49ec-aba9-4928db0e9edc,ocd-bill/f8ba5349-7fbf-4853-a0e4-ebf51d1a7d2e,True,primary
92a19d08-b7cc-4212-a037-c31682eb1e8d,Glenn Cordelli,person,,ocd-person/c8aa2951-dea0-4999-9b6a-6323d9917e0b,ocd-bill/3cca5089-8943-48c3-bf31-72c7d1e26fa4,False,cosponsor
884f863e-3f79-456b-9574-493edbafac18,James A. Spillane,person,,ocd-person/2520dc46-648c-44d0-ba1f-fe09b17a9d8b,ocd-bill/3cca5089-8943-48c3-bf31-72c7d1e26fa4,False,cosponsor
391eb475-93c7-4f18-9f92-933bdd4142b9,John C. Janigian,person,,ocd-person/4c4f4974-0202-43a0-9aba-f41d0f99603a,ocd-bill/3cca5089-8943-48c3-bf31-72c7d1e26fa4,False,cosponsor
67ada725-e36b-4cde-927f-99dce96aadfa,Peter E. Torosian,person,,ocd-person/45e36880-19af-4f3f-89d4-624946625e7f,ocd-bill/3cca5089-8943-48c3-bf31-72c7d1e26fa4,True,primary
90178cd0-bb50-4587-a999-4105dff96b42,Casey M. Conley,person,,ocd-person/3290a4d4-7403-45f8-adc4-4e26e0fefa09,ocd-bill/3cca5089-8943-48c3-bf31-72c7d1e26fa4,False,cosponsor
d880a6e2-b6e0-475d-ae78-80554e610490,Tony Lekas,person,,ocd-person/97ccf8c1-af1c-4a3c-b267-683d0446b790,ocd-bill/3cca5089-8943-48c3-bf31-72c7d1e26fa4,False,cosponsor
17102826-feb0-46ea-8ebe-62c51ee4956d,Norman L. Major,person,,ocd-person/f210808d-53ac-4e23-ade2-7bdb60a8e559,ocd-bill/9b1d5ef3-08e9-46b9-a58f-9294b07f37e2,True,primary
4f4ce89f-db68-400e-986d-6f9da44c3299,Susan W. Almy,person,,ocd-person/e13283b4-defe-4f4e-8e67-4d89b8e3790c,ocd-bill/9b1d5ef3-08e9-46b9-a58f-9294b07f37e2,False,cosponsor
f3484418-7684-4a25-93f4-cf972bb71fad,Lucy M. Weber,person,,ocd-person/a6790cd1-6b7a-48f9-b48c-b298929578a4,ocd-bill/9b1d5ef3-08e9-46b9-a58f-9294b07f37e2,False,cosponsor
ecd163ed-6066-4a1e-8068-938ac74655c9,Bob J. Giuda,person,,ocd-person/7739a4d0-534e-4bdb-b7fb-6a8f348e833e,ocd-bill/9b1d5ef3-08e9-46b9-a58f-9294b07f37e2,False,cosponsor
13d73535-11c9-4b29-8634-b0d6076410ef,Katherine J. Prudhomme-O'Brien,person,,ocd-person/a0a8c9d8-1f27-4d28-a249-8a5856ea5c05,ocd-bill/464346ab-cf21-4c76-8907-4d750995b664,False,cosponsor
78e33eb3-3811-46a5-a133-4e6ccbee67ca,Jess C. Edwards,person,,ocd-person/3787c84d-f615-4e9d-bac8-42f86ea308db,ocd-bill/464346ab-cf21-4c76-8907-4d750995b664,True,primary
dd7f7e25-305e-4dc8-ad60-3fd2418a320a,Judy F. Aron,person,,ocd-person/533fb85c-c4f0-41f3-9bc6-8b1c422a9693,ocd-bill/464346ab-cf21-4c76-8907-4d750995b664,False,cosponsor
d1a0d8c6-68a1-46ba-8ad2-c5b0810d01b7,Ralph G. Boehm,person,,ocd-person/ac6ce16b-a462-4727-8e4b-724c7c19e58c,ocd-bill/241e8d7f-701a-49f4-b3cb-7e8e661d47f8,False,cosponsor
7638ed2f-20bd-41c5-97a4-53c0126ce027,Rick M. Ladd,person,,ocd-person/1bd6c569-f2dd-4670-bf82-ef3ea4b15960,ocd-bill/241e8d7f-701a-49f4-b3cb-7e8e661d47f8,False,cosponsor
912608ff-d8f4-46ae-83cb-70d0c116783f,Glenn Cordelli,person,,ocd-person/c8aa2951-dea0-4999-9b6a-6323d9917e0b,ocd-bill/241e8d7f-701a-49f4-b3cb-7e8e661d47f8,False,cosponsor
717205b5-322f-4328-aeb9-50626cb997d5,Alicia D. Lekas,person,,ocd-person/50bcd6fc-7d60-4595-811c-213e18faf326,ocd-bill/241e8d7f-701a-49f4-b3cb-7e8e661d47f8,False,cosponsor
575185a7-e8f1-4cc9-90d7-d025c8fc479d,James C. Allard,person,,ocd-person/65336609-c7d5-4518-9d70-44e6e4058fb7,ocd-bill/241e8d7f-701a-49f4-b3cb-7e8e661d47f8,True,primary
530e9493-dc80-436c-8571-63d863293506,Sherman A. Packard,person,,ocd-person/e94c1d98-5454-40a2-8293-ee0998fee8ca,ocd-bill/52b4a899-3d1d-4a96-abba-0b52b8b5c7d4,False,cosponsor
7f47722a-ead1-4088-a265-c996a83c3c9e,Steven D. Smith,person,,ocd-person/129a2970-07b9-4136-aae1-15c689edca40,ocd-bill/52b4a899-3d1d-4a96-abba-0b52b8b5c7d4,True,primary
7b2fd4ae-9c84-4761-92df-b22f2f5c0f0a,Thomas C. Walsh,person,,ocd-person/e325954b-c90e-4b1e-aadb-3f5cc7ec1671,ocd-bill/52b4a899-3d1d-4a96-abba-0b52b8b5c7d4,False,cosponsor
1ec87ae0-6ced-4862-a3f5-54f59e2a6c06,Michael B. O'Brien,person,,ocd-person/e15e323b-2d85-4272-9f1e-13d12b8c82f4,ocd-bill/ba1fbde8-ab30-4263-a077-1bfa83020840,True,primary
fdba4e58-a47c-4a3a-8aa9-ca3b3dc0f428,Kristina M. Schultz,person,,ocd-person/8698b473-ea4e-4126-8766-a2b5b5878702,ocd-bill/eecb14c6-fcfe-43f1-901e-cc4f83f46777,False,cosponsor
d693cf3f-0ed5-4d54-8983-695508ffda65,Safiya Wazir,person,,ocd-person/a2975441-f5d1-4e95-8a4e-1d930fc16bc2,ocd-bill/eecb14c6-fcfe-43f1-901e-cc4f83f46777,False,cosponsor
38a203d6-6312-474b-bdad-12257f4d961d,Cindy Rosenwald,person,,ocd-person/f3e949ce-6d98-4826-bbca-08039cea4ea4,ocd-bill/eecb14c6-fcfe-43f1-901e-cc4f83f46777,False,cosponsor
6acbf896-b0b5-4057-a009-7373824556cf,Rebecca G. Whitley,person,,ocd-person/92267d4c-e6f1-4f45-87be-83f229c2cd36,ocd-bill/eecb14c6-fcfe-43f1-901e-cc4f83f46777,False,cosponsor
82b5e238-5a22-4be6-8599-ba48d23d73fd,David H Watters,person,,ocd-person/cf24defe-6df3-49f3-88ca-c6774b144f19,ocd-bill/7e7cbadb-f45c-489e-941c-41726b6f80c2,False,cosponsor
7d11fc56-b38f-4b20-a0ed-7a85fb4d02fc,Peter R. Leishman,person,,ocd-person/86708f42-531f-4e57-a6b1-f5b11ff9389c,ocd-bill/7e7cbadb-f45c-489e-941c-41726b6f80c2,False,cosponsor
bd0a289f-61ed-4bfc-8a21-7b62587bbc50,Thomas L. Buco,person,,ocd-person/22809c1b-0676-4ad9-8d0e-8a0a9d19063a,ocd-bill/7e7cbadb-f45c-489e-941c-41726b6f80c2,True,primary
1f93bc55-1908-48b2-95b9-13fb48541638,Karen C. Umberger,person,,ocd-person/054854df-4965-4401-9776-ffbcd075e295,ocd-bill/7e7cbadb-f45c-489e-941c-41726b6f80c2,False,cosponsor
b3c9c0a9-2bd8-4aa4-ba83-f48c881ac1ad,Kenneth L. Weyler,person,,ocd-person/e2f9dd7e-b221-4cf0-b7de-5daa70658669,ocd-bill/8c64bb13-45ca-4cda-8800-96bd8a9870dd,False,cosponsor
0050dc29-3917-4346-af4c-19c678bed149,Ralph G. Boehm,person,,ocd-person/ac6ce16b-a462-4727-8e4b-724c7c19e58c,ocd-bill/8c64bb13-45ca-4cda-8800-96bd8a9870dd,False,cosponsor
be339695-caac-48a3-ab61-8fbd77e5db5b,Rick M. Ladd,person,,ocd-person/1bd6c569-f2dd-4670-bf82-ef3ea4b15960,ocd-bill/8c64bb13-45ca-4cda-8800-96bd8a9870dd,True,primary
628bd83d-00bb-41ab-b30e-4feaca582f51,Karen C. Umberger,person,,ocd-person/054854df-4965-4401-9776-ffbcd075e295,ocd-bill/8c64bb13-45ca-4cda-8800-96bd8a9870dd,False,cosponsor
62c7f1b7-deff-4115-9f4c-f50a5ffc770f,Steven D. Smith,person,,ocd-person/129a2970-07b9-4136-aae1-15c689edca40,ocd-bill/8c64bb13-45ca-4cda-8800-96bd8a9870dd,False,cosponsor
de11cc02-60e8-45b7-b1f1-11dcb8793276,Glenn Cordelli,person,,ocd-person/c8aa2951-dea0-4999-9b6a-6323d9917e0b,ocd-bill/8c64bb13-45ca-4cda-8800-96bd8a9870dd,False,cosponsor
aa0f0272-0369-4018-887a-70ed7565e908,Jason M. Osborne,person,,ocd-person/6e2bc564-5cd1-4f96-a265-4753b7f12ee1,ocd-bill/8c64bb13-45ca-4cda-8800-96bd8a9870dd,False,cosponsor
35be7b68-2549-4d80-8e08-f017c759637d,Alicia D. Lekas,person,,ocd-person/50bcd6fc-7d60-4595-811c-213e18faf326,ocd-bill/8c64bb13-45ca-4cda-8800-96bd8a9870dd,False,cosponsor
c6b5c73f-afc6-4133-b4a0-960c5780353c,Susan W. Almy,person,,ocd-person/e13283b4-defe-4f4e-8e67-4d89b8e3790c,ocd-bill/ed66f470-9e63-43d0-ade7-2473c684ef0d,False,cosponsor
e4d88c9f-e2b2-4f73-9e68-c95de3bec26b,Mary Beth Walz,person,,ocd-person/aee31921-5d02-4da9-8e3e-3137b4bb8bf4,ocd-bill/ed66f470-9e63-43d0-ade7-2473c684ef0d,False,cosponsor
2b86ec14-9480-49a6-9cf2-7d477d871434,Richard Ames,person,,ocd-person/47c165c7-ecd9-4b88-b9f7-2e58e8e290d4,ocd-bill/ed66f470-9e63-43d0-ade7-2473c684ef0d,True,primary
e77aae29-aa5a-41cb-9308-02e90e403416,Amanda C. Bouldin,person,,ocd-person/7ad034dd-b6f2-4314-94d9-cffce7144e5d,ocd-bill/d5b91540-74b0-43c4-9717-e5632a9b2809,False,cosponsor
b7609b18-40c2-4ce5-98a9-5748e7488a85,Allison R. Nutting-Wong,person,,ocd-person/4c979ca8-85c0-4124-ac2d-c44f3bcb95ff,ocd-bill/d5b91540-74b0-43c4-9717-e5632a9b2809,False,cosponsor
8326cbff-e029-4ef4-ada9-09bdf3cc66f7,Donald J. Bouchard,person,,ocd-person/74ae3ef0-c1f3-48ce-a5a6-c9bc4661bf08,ocd-bill/d5b91540-74b0-43c4-9717-e5632a9b2809,False,cosponsor
ffdf6bf6-33a4-4edd-b5f0-788f88d6fd4e,Andrew J. Bouldin,person,,ocd-person/ad413289-53c5-4966-9f0f-fd392d95a827,ocd-bill/d5b91540-74b0-43c4-9717-e5632a9b2809,True,primary
3c0b228b-044d-4c5f-adb4-c6e44479357e,Cam E. Kenney,person,,ocd-person/9f35ea7b-b937-4b06-8be5-5cfbc83381e1,ocd-bill/d5b91540-74b0-43c4-9717-e5632a9b2809,False,cosponsor
8a771ee7-96d2-4aff-be7d-91483af5ec83,Ralph G. Boehm,person,,ocd-person/ac6ce16b-a462-4727-8e4b-724c7c19e58c,ocd-bill/8bbddf61-5e6e-4ca5-8542-7a5785f8b2bd,False,cosponsor
37a953f1-cf08-4e03-835b-36c1920c7ff0,Al P. Baldasaro,person,,ocd-person/3807f9c1-b590-4496-8a1e-b0ff84ba592d,ocd-bill/8bbddf61-5e6e-4ca5-8542-7a5785f8b2bd,False,cosponsor
621019a6-95b5-4c5d-a183-7f817a19dbf5,Keith M. Ammon,person,,,ocd-bill/8bbddf61-5e6e-4ca5-8542-7a5785f8b2bd,False,cosponsor
07d39191-a1f6-4866-8e1e-ff95bb7d84a0,Gregory G. Hill,person,,ocd-person/852df922-484b-412f-a604-c2d67efee5ec,ocd-bill/8bbddf61-5e6e-4ca5-8542-7a5785f8b2bd,False,cosponsor
5be1e032-8f33-4b26-ae38-fe2a0888294a,Timothy P. Lang,person,,ocd-person/85064309-421e-4611-a6c5-800234db68fb,ocd-bill/8bbddf61-5e6e-4ca5-8542-7a5785f8b2bd,False,cosponsor
4f562ca1-aa9b-4d7e-a751-ee3bd937d359,Howard C. Pearl,person,,ocd-person/c4122c6a-ed23-492e-b813-59a0fed1ec86,ocd-bill/8bbddf61-5e6e-4ca5-8542-7a5785f8b2bd,False,cosponsor
51ad3563-5df2-4b6c-82f3-0e005348c4e7,Scott Wallace,person,,,ocd-bill/8bbddf61-5e6e-4ca5-8542-7a5785f8b2bd,True,primary
9bae9294-6b06-44ac-ac1f-476f3411e566,Bob J. Giuda,person,,ocd-person/7739a4d0-534e-4bdb-b7fb-6a8f348e833e,ocd-bill/8bbddf61-5e6e-4ca5-8542-7a5785f8b2bd,False,cosponsor
5061a1ef-064f-420a-8d6f-263ff7ce6a35,Mary Heath,person,,ocd-person/03bba97f-9b7c-4c33-adb7-e5202a6bd040,ocd-bill/c25caa0b-0cb4-4c6f-a3d6-212fdf25c8b1,False,cosponsor
72e2875e-85e0-4f4f-bf5a-27ad8db84b7b,Patricia Cornell,person,,ocd-person/e657ef2c-bfc3-4a08-99fe-4456be3bfe2a,ocd-bill/c25caa0b-0cb4-4c6f-a3d6-212fdf25c8b1,True,primary
81a2f70c-acae-4c12-9449-f5b808f50054,Stephen L. Woodcock,person,,ocd-person/bdde38b3-3210-4b2d-890b-bbf2d2bf314a,ocd-bill/c25caa0b-0cb4-4c6f-a3d6-212fdf25c8b1,False,cosponsor
adf3ded9-7d35-4b48-8752-7c41dfdb7832,Andrew J. Bouldin,person,,ocd-person/ad413289-53c5-4966-9f0f-fd392d95a827,ocd-bill/c25caa0b-0cb4-4c6f-a3d6-212fdf25c8b1,False,cosponsor
c3f70a63-cecb-4410-9e78-d94a4896c05f,Arthur S. Ellison,person,,ocd-person/677500cb-eb95-4ad1-b3f5-02894c28e369,ocd-bill/c25caa0b-0cb4-4c6f-a3d6-212fdf25c8b1,False,cosponsor
7bae6221-99ca-4e06-8015-f8b4a8365183,Sue M. Mullen,person,,ocd-person/07c19313-fcb0-476b-b240-e299c55888f7,ocd-bill/c25caa0b-0cb4-4c6f-a3d6-212fdf25c8b1,False,cosponsor
274bb319-5296-4acf-a4eb-df4ed6eea450,Al P. Baldasaro,person,,ocd-person/3807f9c1-b590-4496-8a1e-b0ff84ba592d,ocd-bill/87f82862-2755-4c17-a4c2-2ef7d75957d7,False,cosponsor
124d2f09-d8e8-4239-87ec-91af8d6d297f,Steven D. Smith,person,,ocd-person/129a2970-07b9-4136-aae1-15c689edca40,ocd-bill/87f82862-2755-4c17-a4c2-2ef7d75957d7,True,primary
8c1d9523-7958-4ca2-bc2b-073b32773fb6,John M. Potucek,person,,ocd-person/433c67d6-bfdc-410e-87e2-463c93d55a17,ocd-bill/87f82862-2755-4c17-a4c2-2ef7d75957d7,False,cosponsor
8aa1a03f-aefe-4989-a76d-5b8c76c94822,Douglas W. Thomas,person,,ocd-person/5db11498-80a8-4136-9c50-2c7f1a2f6826,ocd-bill/87f82862-2755-4c17-a4c2-2ef7d75957d7,False,cosponsor
21a5ff19-8d8a-406f-aaa8-a6da66737b1c,Chris True,person,,ocd-person/9debae73-c678-420c-a515-c7381e304d1c,ocd-bill/87f82862-2755-4c17-a4c2-2ef7d75957d7,False,cosponsor
ab07417b-aa26-4b0e-b251-f76aef49ccdc,Gregory G. Hill,person,,ocd-person/852df922-484b-412f-a604-c2d67efee5ec,ocd-bill/87f82862-2755-4c17-a4c2-2ef7d75957d7,False,cosponsor
0b34bc59-a8d1-47d0-94a8-f2cd64fdf0d7,David C. Love,person,,ocd-person/1c956ef6-b705-4e9d-af0c-f66d6f44591e,ocd-bill/87f82862-2755-4c17-a4c2-2ef7d75957d7,False,cosponsor
29cc2fb4-9813-456a-914d-e12cca8e11a9,Ruth Ward,person,,ocd-person/9089a509-1f26-4770-adc6-199ed716e692,ocd-bill/87f82862-2755-4c17-a4c2-2ef7d75957d7,False,cosponsor
627f7117-9be8-49ea-a4c7-af9f039b11d9,Bob J. Greene,person,,ocd-person/c51b7c0a-47d7-4567-900e-dccb42942ca6,ocd-bill/87f82862-2755-4c17-a4c2-2ef7d75957d7,False,cosponsor
8f625e86-b3ca-4c62-bc84-53acc10a2d80,Lou D'Allesandro,person,,ocd-person/87c48788-817d-408b-a1e1-ebe1c9fd893d,ocd-bill/f39071aa-b5b8-4f43-87b3-0646e7930bbf,False,cosponsor
e397a4c2-2aef-402b-a128-92a73aafaee6,Marjorie A. Porter,person,,ocd-person/0999b615-be84-4309-b4ca-68261c1155ab,ocd-bill/f39071aa-b5b8-4f43-87b3-0646e7930bbf,False,cosponsor
0436e4cd-ecd6-43c5-bdab-a57d0533d393,Kurt F. Wuelper,person,,ocd-person/27f3432f-2a51-4a39-b9c4-814718ae87ed,ocd-bill/f39071aa-b5b8-4f43-87b3-0646e7930bbf,False,cosponsor
052c827e-a555-4ba4-90f6-eaddbd27c27d,Tom Sherman,person,,ocd-person/ee95d0de-e55e-4733-ba97-0fde66adf65c,ocd-bill/f39071aa-b5b8-4f43-87b3-0646e7930bbf,True,primary
66ee8727-37f1-414a-8493-3845d7265849,Rebecca Perkins Kwoka,person,,ocd-person/c20b7693-7f2c-4646-af7f-d57518edd1a4,ocd-bill/f39071aa-b5b8-4f43-87b3-0646e7930bbf,False,cosponsor
3445b7dd-28a6-4799-9f34-12334a9b36a5,Joe Sweeney,person,,ocd-person/568a287b-89c6-44b7-a8e6-a5188ef7f9bc,ocd-bill/da926582-57b2-4433-ac3c-cf72ead024a1,True,primary
62532438-ab4b-4063-8545-aa8dd09ef671,Joe H. Alexander,person,,ocd-person/e7800d58-1019-4aff-8d1a-22faba9d3e23,ocd-bill/da926582-57b2-4433-ac3c-cf72ead024a1,False,cosponsor
d8c3655e-0c06-4d7c-9d21-b1bf1cf03b8a,Cam E. Kenney,person,,ocd-person/9f35ea7b-b937-4b06-8be5-5cfbc83381e1,ocd-bill/da926582-57b2-4433-ac3c-cf72ead024a1,False,cosponsor
d50e3c7a-a702-4696-b840-2ab1fe174a73,Joyce Weston,person,,ocd-person/2dbea6d6-0221-41de-98bf-508b14eb085d,ocd-bill/f7121772-f45c-48a4-9fb2-e061c73a5680,False,cosponsor
82a5a405-5764-4dde-8e13-2b2c1bfde1e3,Rosemarie Rung,person,,ocd-person/1a5923c6-3e1f-4ebe-8739-17c9e9642403,ocd-bill/f7121772-f45c-48a4-9fb2-e061c73a5680,True,primary
d1302a10-6cff-42aa-8b8c-8a2783a4906e,Jeb Bradley,person,,ocd-person/3f5455e8-256e-4442-9c13-bc14f62ce76f,ocd-bill/e74dbb15-a8ad-4e30-b859-ec2c92066f45,False,cosponsor
c0a1248a-01bc-4f0a-9cd7-7a4ea9df2695,Karel A. Crawford,person,,ocd-person/a0936f2f-8170-47f9-8b05-6c6697a95968,ocd-bill/e74dbb15-a8ad-4e30-b859-ec2c92066f45,False,cosponsor
ee0c64cf-90ce-48fb-a100-8399405b8ea5,Bill G. Nelson,person,,ocd-person/7f0e0e2d-f085-4d4b-bebb-f5aa37741fd5,ocd-bill/e74dbb15-a8ad-4e30-b859-ec2c92066f45,False,cosponsor
57118b28-ebbd-4aeb-93aa-34ab5fd4945c,William M. Marsh,person,,ocd-person/22006937-f2ca-4a2e-b92a-457777933dc7,ocd-bill/e74dbb15-a8ad-4e30-b859-ec2c92066f45,True,primary
87aa7818-cbf1-4c12-91d7-91edf88ac2cc,Jerry L. Knirk,person,,ocd-person/ce0bd184-d264-46d8-87fc-f2590e2a1ed1,ocd-bill/e74dbb15-a8ad-4e30-b859-ec2c92066f45,False,cosponsor
4c35e9aa-5ad1-427e-8505-fd8cdc447867,Jay Kahn,person,,ocd-person/998e681b-6df1-4b4a-92db-7a2187cedcd8,ocd-bill/e74dbb15-a8ad-4e30-b859-ec2c92066f45,False,cosponsor
2179b894-d3dd-412d-a712-7cfc9e213c1b,John T. MacDonald,person,,ocd-person/a22a36bb-3514-4d76-a39e-791902f41d6c,ocd-bill/e74dbb15-a8ad-4e30-b859-ec2c92066f45,False,cosponsor
32740db6-a730-43a2-bec6-8ff041598ce9,Brodie S. Deshaies,person,,ocd-person/cf0f7c1c-a402-49f9-80cd-102f946cd260,ocd-bill/e74dbb15-a8ad-4e30-b859-ec2c92066f45,False,cosponsor
fbdcfb5f-e064-4b7a-b378-8d8c4dc7aa0c,David J. Luneau,person,,ocd-person/c3c9bb99-9512-4bec-be04-d8b29ea96f3e,ocd-bill/e8c81bc0-9d5f-4e33-9fc1-eb155bb8d3c2,False,cosponsor
284f749a-fe86-4a63-9ee6-fc1d872f6317,William M. Marsh,person,,ocd-person/22006937-f2ca-4a2e-b92a-457777933dc7,ocd-bill/e8c81bc0-9d5f-4e33-9fc1-eb155bb8d3c2,False,cosponsor
100fa636-f3b9-4dd4-a56b-0ff084dbd624,Joyce Weston,person,,ocd-person/2dbea6d6-0221-41de-98bf-508b14eb085d,ocd-bill/e8c81bc0-9d5f-4e33-9fc1-eb155bb8d3c2,True,primary
aef184c4-98ad-479b-8f76-e1b99c955ec3,Patrick T. Long,person,,ocd-person/14d0ff58-3340-4344-bb79-c6acd5f8ba6c,ocd-bill/e0520d41-4a78-4072-801e-714a4fd98b82,True,primary
7b9ef852-2fea-4ea9-b219-92fcbf6808a3,Dave Testerman,person,,ocd-person/a9da1843-ceb9-40c6-9846-a3c3d5319ccd,ocd-bill/c307e76e-51ec-40e9-b4a5-27fc70188faa,True,primary
20b7ee4c-f5f2-4a22-a43c-d7b81c9c6400,Patrick T. Long,person,,ocd-person/14d0ff58-3340-4344-bb79-c6acd5f8ba6c,ocd-bill/0e301a26-7905-4f44-a995-84114e874525,True,primary
ee77a2c8-9848-48ac-950e-fdc96cfbd02e,Kat McGhee,person,,ocd-person/4c8bec8a-e86d-4316-8b2e-2f8c4157cae5,ocd-bill/a4dcefba-02b8-4af8-b7f3-9e5d456bf647,True,primary
1d8ea1cc-91dc-4383-95e7-c814bf44af8f,Sherman A. Packard,person,,ocd-person/e94c1d98-5454-40a2-8293-ee0998fee8ca,ocd-bill/78ad906a-789c-47df-9467-c2e43c101fe5,False,cosponsor
d2f5fde5-7a30-4299-8961-63949e0e9d52,Steven D. Smith,person,,ocd-person/129a2970-07b9-4136-aae1-15c689edca40,ocd-bill/78ad906a-789c-47df-9467-c2e43c101fe5,True,primary
7da563a1-bf89-42c3-ba30-c5b588c41e56,Thomas C. Walsh,person,,ocd-person/e325954b-c90e-4b1e-aadb-3f5cc7ec1671,ocd-bill/78ad906a-789c-47df-9467-c2e43c101fe5,False,cosponsor
5d554a67-e010-4286-a936-c0fff1d54710,Robert D. Harb,person,,ocd-person/c62fca24-e8c3-4f87-95dd-cb52a3d58c05,ocd-bill/22d83118-fde7-438d-a13c-628515599a81,True,primary
25399c23-d77b-4bf6-93bb-c751241d235f,Suzanne M. Vail,person,,ocd-person/ce985799-268d-4190-b078-955fc63a8c3c,ocd-bill/f974931b-93c3-480d-80a9-b1b992d2b9af,False,cosponsor
a0b65a22-2eb7-4480-8ab5-93a35891c3c5,Lino M. Avellani,person,,ocd-person/4d68b7bf-e7fb-4c6d-ac12-526aba53e65e,ocd-bill/f974931b-93c3-480d-80a9-b1b992d2b9af,False,cosponsor
f8c014f2-9a7f-4715-94c8-674f98fc927b,Terry Roy,person,,ocd-person/6d43b165-fda9-4918-a2b7-ad66940062a0,ocd-bill/f974931b-93c3-480d-80a9-b1b992d2b9af,True,primary
7ddb1a1e-80f3-40a6-8b70-a39e0e91864d,Leah P. Cushman,person,,ocd-person/b9ca7e25-b8c9-47c8-aac3-4b688cbcea42,ocd-bill/f974931b-93c3-480d-80a9-b1b992d2b9af,False,cosponsor
c1674e95-3e30-47d3-80a7-c02a24837a85,Erica J. Layon,person,,ocd-person/94df7a3f-b27d-42c1-9ecc-1ebdc707c9ae,ocd-bill/f974931b-93c3-480d-80a9-b1b992d2b9af,False,cosponsor
ca70e014-0476-4697-afbe-fe88652ac719,Cody M. Belanger,person,,ocd-person/5aa4450b-2f9d-442f-9c94-b2a8c500812b,ocd-bill/f974931b-93c3-480d-80a9-b1b992d2b9af,False,cosponsor
97320084-a331-4d2d-9fb8-d39a2771b02d,Jeffrey P. Goley,person,,ocd-person/903e02f2-e17d-41f4-bd94-f91557c0e1fd,ocd-bill/3da37e29-27c0-4622-9a13-a2390f70dfda,False,cosponsor
7b606097-49b7-42a4-ad34-d055c04dd4ce,Skip A. Rollins,person,,ocd-person/31d4d765-be08-4393-8e9a-21444cf8b411,ocd-bill/3da37e29-27c0-4622-9a13-a2390f70dfda,False,cosponsor
1f1ddb6d-de2e-4730-b5a9-06768ef1beb0,Barbara Comtois,person,,ocd-person/3e0ee111-2332-4742-b073-a23cc37a8b51,ocd-bill/3da37e29-27c0-4622-9a13-a2390f70dfda,False,cosponsor
1a406da2-5e57-44a3-9982-1052a7a8e709,Brian M. Sullivan,person,,ocd-person/4c78e7fc-43a2-467b-abe3-6ba04ad8853e,ocd-bill/3da37e29-27c0-4622-9a13-a2390f70dfda,True,primary
cb880262-a6ac-4be9-850f-7f896a8c9781,James A. Spillane,person,,ocd-person/2520dc46-648c-44d0-ba1f-fe09b17a9d8b,ocd-bill/bd86c89d-c052-45a8-a9c4-2de27ae727c2,False,cosponsor
c45aa1c0-7fd1-478a-a0ce-804b138c5808,John C. Janigian,person,,ocd-person/4c4f4974-0202-43a0-9aba-f41d0f99603a,ocd-bill/bd86c89d-c052-45a8-a9c4-2de27ae727c2,False,cosponsor
e2ea6202-65ae-4722-8cd5-aca6c88da075,Peter E. Torosian,person,,ocd-person/45e36880-19af-4f3f-89d4-624946625e7f,ocd-bill/bd86c89d-c052-45a8-a9c4-2de27ae727c2,True,primary
d354f122-a367-42b3-9546-d5ace0caa33d,Tony Piemonte,person,,ocd-person/45e7b6d4-c265-40a9-ba77-47a7a454ed71,ocd-bill/bd86c89d-c052-45a8-a9c4-2de27ae727c2,False,cosponsor
70524a71-147b-430b-9627-5f783c8d21ea,Fred G. Doucette,person,,ocd-person/db4ec0a8-f70c-4510-ae01-c9050646a503,ocd-bill/4a84b6b7-6912-4862-9d4c-99c67e540ddd,False,cosponsor
9b2191ee-e064-430c-b248-d36495e34f7c,Timothy P. Lang,person,,ocd-person/85064309-421e-4611-a6c5-800234db68fb,ocd-bill/4a84b6b7-6912-4862-9d4c-99c67e540ddd,False,cosponsor
f36c7ec3-5a66-4422-bd85-e41a58047e65,Terry Roy,person,,ocd-person/6d43b165-fda9-4918-a2b7-ad66940062a0,ocd-bill/4a84b6b7-6912-4862-9d4c-99c67e540ddd,False,cosponsor
e9e4952b-cc4f-4fd4-a223-fcf260676a1c,Jerry L. Knirk,person,,ocd-person/ce0bd184-d264-46d8-87fc-f2590e2a1ed1,ocd-bill/6a78bf3a-0b77-462e-9545-a9136a441ac1,False,cosponsor
71ae7899-909f-4bae-86c2-d35dec07a548,James P. Gray,person,,ocd-person/e6443187-eb51-42eb-8bd7-349ed0ba9641,ocd-bill/6a78bf3a-0b77-462e-9545-a9136a441ac1,False,cosponsor
e33e3269-5940-4437-90ea-740a6172b55c,Tom Sherman,person,,ocd-person/ee95d0de-e55e-4733-ba97-0fde66adf65c,ocd-bill/6a78bf3a-0b77-462e-9545-a9136a441ac1,True,primary
60c79412-32cb-45a9-84ec-49f8fc51c016,John Reagan,person,,ocd-person/f516d40a-3676-4437-8285-a931d7c2885b,ocd-bill/25373f38-5912-4581-bb20-67d627a001b0,True,primary
39e96321-38d0-460e-a310-6048e069c96e,Chuck Morse,person,,ocd-person/72b8f708-a22d-477d-9c55-e5d14b8308a6,ocd-bill/fa97115e-7c97-408d-82a6-b900ca796280,True,primary
8b15490a-1436-40a3-b126-50891047e3cf,Donovan W. Fenton,person,,ocd-person/34b5aacc-cc43-49c8-af70-c692639b2e4a,ocd-bill/250f426f-1773-419a-a92c-eac3f7d34c71,True,primary
97d6202e-e0ec-4336-9721-124817e9e63e,Joe H. Alexander,person,,ocd-person/e7800d58-1019-4aff-8d1a-22faba9d3e23,ocd-bill/250f426f-1773-419a-a92c-eac3f7d34c71,False,cosponsor
1e87f9ec-fc42-4d33-9244-5ce44e15a12d,Jeb Bradley,person,,ocd-person/3f5455e8-256e-4442-9c13-bc14f62ce76f,ocd-bill/7f649202-524d-40b0-801a-3bb776b8422b,True,primary
7940685f-c80f-45b6-937f-45a5f78c1b77,Mary Beth Walz,person,,ocd-person/aee31921-5d02-4da9-8e3e-3137b4bb8bf4,ocd-bill/7a37f5d6-e436-4bb4-b31c-80d5ea5efb0a,True,primary
5f77abc4-a1d4-4f5f-8e59-85086045127e,Marjorie K. Smith,person,,ocd-person/86b31d04-3a4b-4199-b10e-27bd337f0a34,ocd-bill/8bcdf2a8-affa-4a1b-a1d9-831ecebd0557,True,primary
0d967ce1-8759-493c-81bd-c9e246feb54b,Dianne E. Schuett,person,,ocd-person/62ff0476-f4e6-411f-a58e-2e7963cde2ab,ocd-bill/8bcdf2a8-affa-4a1b-a1d9-831ecebd0557,False,cosponsor
55ffa67e-5a3f-4de3-9bf2-175f6ea8a3d7,Paul S. Berch,person,,ocd-person/f96a072d-9add-44b0-8028-0ec057f31f52,ocd-bill/8bcdf2a8-affa-4a1b-a1d9-831ecebd0557,False,cosponsor
ffa9092c-3484-4618-890d-daccb7e38e30,Dan H. Wolf,person,,ocd-person/d24c83af-3362-4925-9c05-a6b776d3314c,ocd-bill/8bcdf2a8-affa-4a1b-a1d9-831ecebd0557,False,cosponsor
016b613f-97b4-482c-bdcd-87c0ca9609b4,Edward M. Gordon,person,,ocd-person/1e527c99-df26-4b70-8f9e-62df18dad8bb,ocd-bill/8bcdf2a8-affa-4a1b-a1d9-831ecebd0557,False,cosponsor
a3965463-66f9-4d85-8c1c-444dd8aaf0d4,Lisa H. Bunker,person,,ocd-person/781ad4d7-babf-4d46-82f6-aff2d3c8215f,ocd-bill/8bcdf2a8-affa-4a1b-a1d9-831ecebd0557,False,cosponsor
2d93d884-5666-40a2-9ae6-bc20cd3e29be,Cam E. Kenney,person,,ocd-person/9f35ea7b-b937-4b06-8be5-5cfbc83381e1,ocd-bill/8bcdf2a8-affa-4a1b-a1d9-831ecebd0557,False,cosponsor
653ab014-3e97-4bd5-8ea4-1403ac7bec1a,Sharon M Carson,person,,ocd-person/00964fc0-dd57-44c3-87bf-b6d5bbc34560,ocd-bill/06fa29c6-4977-4333-850d-a8989f01e877,True,primary
4900e0a0-9d0a-406f-9610-6b47a85e7285,Mark E. McConkey,person,,ocd-person/c344ed7a-6fea-4f17-9c48-4e27d67bebc8,ocd-bill/4ef9d130-8851-46bd-865a-480ef83348e5,False,cosponsor
5ef34622-90b7-41d7-be12-f2e11b65f0aa,Andrew Renzullo,person,,ocd-person/b8aa741e-30b1-4d45-8f6a-7241f0d0eed2,ocd-bill/4ef9d130-8851-46bd-865a-480ef83348e5,False,cosponsor
f11bc845-97e1-4fe6-a242-db41cfb1ef7b,Suzanne J. Smith,person,,ocd-person/6a75f502-50fd-47e7-8160-1fce1205550e,ocd-bill/4ef9d130-8851-46bd-865a-480ef83348e5,True,primary
3aa4b70e-3612-47c0-afad-38a97dd4b677,Dave Testerman,person,,ocd-person/a9da1843-ceb9-40c6-9846-a3c3d5319ccd,ocd-bill/1b8ca9e7-af02-4e94-8181-f3b227d82acc,True,primary
5e677b5b-d3cb-475f-a365-918bf7faf355,Jim V. Maggiore,person,,ocd-person/deb760cf-91f7-415c-949a-bab0c5311d6f,ocd-bill/1b8ca9e7-af02-4e94-8181-f3b227d82acc,False,cosponsor
b472652c-e7fb-49dc-90a9-8c82bb42c0c3,James L. Mason,person,,ocd-person/7d004604-9d6b-4b7f-a288-f29566d9b9fe,ocd-bill/1b8ca9e7-af02-4e94-8181-f3b227d82acc,False,cosponsor
094c1150-101a-4c5f-bf34-1ae87278d429,Harold F. French,person,,ocd-person/ff11da65-174b-4fdc-b33c-e5d6d56602f0,ocd-bill/fca2953d-cbf6-4f31-a17a-97be79287f45,False,cosponsor
2b6b191f-a21c-474a-8cda-19d0297c59ab,Kevin J. Cavanaugh,person,,ocd-person/7fb2bb33-cbdb-4dfd-9369-64f19f179777,ocd-bill/fca2953d-cbf6-4f31-a17a-97be79287f45,False,cosponsor
1ae372f6-fc90-4d4a-a208-73d8e45e334d,Rebecca J. McWilliams,person,,ocd-person/39eb4d14-9ef3-4b1b-bcb6-a66f1aa97491,ocd-bill/fca2953d-cbf6-4f31-a17a-97be79287f45,True,primary
bc14a370-909f-4fe4-a359-930a60687fbb,Josh S. Yokela,person,,ocd-person/c96f9d7a-b859-4b37-8fdd-4097b21d3f2c,ocd-bill/fca2953d-cbf6-4f31-a17a-97be79287f45,False,cosponsor
f5f5be3e-a7f6-4556-88b1-eb91e2f3d0cd,Dennis F. Acton,person,,ocd-person/b81591ca-1856-4807-ac66-283280ea12ba,ocd-bill/fca2953d-cbf6-4f31-a17a-97be79287f45,False,cosponsor
86c91b90-9773-4301-ba02-cd35cf69e9f2,Patricia Cornell,person,,ocd-person/e657ef2c-bfc3-4a08-99fe-4456be3bfe2a,ocd-bill/817fe3b0-840a-44d4-b11e-76d6e9b00570,False,cosponsor
eed9b0a8-cd85-482f-9556-cd6c562fd983,Sue M. Mullen,person,,ocd-person/07c19313-fcb0-476b-b240-e299c55888f7,ocd-bill/817fe3b0-840a-44d4-b11e-76d6e9b00570,False,cosponsor
c486b512-a649-46fa-82a7-f3afc3f9ac29,Rebecca G. Whitley,person,,ocd-person/92267d4c-e6f1-4f45-87be-83f229c2cd36,ocd-bill/817fe3b0-840a-44d4-b11e-76d6e9b00570,True,primary
e94e8a8f-01a4-4269-a54a-d276a5a32fd0,Rebecca Perkins Kwoka,person,,ocd-person/c20b7693-7f2c-4646-af7f-d57518edd1a4,ocd-bill/817fe3b0-840a-44d4-b11e-76d6e9b00570,False,cosponsor
847b246f-0d50-4f00-bab1-c579b1d5831d,David H Watters,person,,ocd-person/cf24defe-6df3-49f3-88ca-c6774b144f19,ocd-bill/1a12115e-ea95-47ed-b544-56745538e4e4,False,cosponsor
138f5878-2ae4-4a57-b5e7-6464ba64941e,Donna M. Soucy,person,,ocd-person/bfbbacfd-e12a-4e07-970e-c2c2c006f4a2,ocd-bill/1a12115e-ea95-47ed-b544-56745538e4e4,False,cosponsor
68a5f9c4-900b-403e-883a-6586042fbeb5,Mel Myler,person,,ocd-person/8c5f7a02-e92b-4f64-b698-c178b8fd23bb,ocd-bill/1a12115e-ea95-47ed-b544-56745538e4e4,False,cosponsor
d518317d-5d80-4d9b-8312-ad932d9b0aa1,David J. Luneau,person,,ocd-person/c3c9bb99-9512-4bec-be04-d8b29ea96f3e,ocd-bill/1a12115e-ea95-47ed-b544-56745538e4e4,False,cosponsor
5a72c3c0-20d6-462c-af56-79a49546499c,Jay Kahn,person,,ocd-person/998e681b-6df1-4b4a-92db-7a2187cedcd8,ocd-bill/1a12115e-ea95-47ed-b544-56745538e4e4,True,primary
97067bb7-4d0e-45f9-a10c-0133009464a1,Kevin J. Cavanaugh,person,,ocd-person/7fb2bb33-cbdb-4dfd-9369-64f19f179777,ocd-bill/1a12115e-ea95-47ed-b544-56745538e4e4,False,cosponsor
e594bdd6-9449-400d-ba6e-f46917451984,Tom Sherman,person,,ocd-person/ee95d0de-e55e-4733-ba97-0fde66adf65c,ocd-bill/1a12115e-ea95-47ed-b544-56745538e4e4,False,cosponsor
52b9e3ea-836a-4f97-830b-14260458829c,Cindy Rosenwald,person,,ocd-person/f3e949ce-6d98-4826-bbca-08039cea4ea4,ocd-bill/1a12115e-ea95-47ed-b544-56745538e4e4,False,cosponsor
2750c7db-e089-4d59-8ffa-23ba072b505e,Suzanne M Prentiss,person,,ocd-person/de206392-deba-4ecf-96a3-33494c415417,ocd-bill/1a12115e-ea95-47ed-b544-56745538e4e4,False,cosponsor
b18d29e4-3e90-4bce-b98e-216234d755a2,Rebecca Perkins Kwoka,person,,ocd-person/c20b7693-7f2c-4646-af7f-d57518edd1a4,ocd-bill/1a12115e-ea95-47ed-b544-56745538e4e4,False,cosponsor
7684f3f8-8397-4423-9920-7d05fb3edb37,William M. Marsh,person,,ocd-person/22006937-f2ca-4a2e-b92a-457777933dc7,ocd-bill/c736ec83-63f8-466a-bac2-4529c380e7fd,True,primary
94765d4f-8726-4ef1-8721-225b06bd6b41,Jerry L. Knirk,person,,ocd-person/ce0bd184-d264-46d8-87fc-f2590e2a1ed1,ocd-bill/c736ec83-63f8-466a-bac2-4529c380e7fd,False,cosponsor
5b930849-002c-48f5-ae2b-3221e674214d,Jay Kahn,person,,ocd-person/998e681b-6df1-4b4a-92db-7a2187cedcd8,ocd-bill/c736ec83-63f8-466a-bac2-4529c380e7fd,False,cosponsor
65a96c7a-bbf3-415c-901c-d0a22be4ad58,Kevin J. Cavanaugh,person,,ocd-person/7fb2bb33-cbdb-4dfd-9369-64f19f179777,ocd-bill/c736ec83-63f8-466a-bac2-4529c380e7fd,False,cosponsor
c6c23583-80ce-426a-94c2-2e171dc16443,Tom Sherman,person,,ocd-person/ee95d0de-e55e-4733-ba97-0fde66adf65c,ocd-bill/c736ec83-63f8-466a-bac2-4529c380e7fd,False,cosponsor
fc92e1f1-13c9-454a-afae-4c5bb4403739,Joyce Weston,person,,ocd-person/2dbea6d6-0221-41de-98bf-508b14eb085d,ocd-bill/c736ec83-63f8-466a-bac2-4529c380e7fd,False,cosponsor
df75e0c3-0be1-4f1d-ad62-6ea723a2e439,Gary L. Woods,person,,ocd-person/5d98b66b-f4d1-4776-953f-67dc348fdd12,ocd-bill/c736ec83-63f8-466a-bac2-4529c380e7fd,False,cosponsor
0b8502ac-deae-4a49-85c6-15757003158a,James Michael Murphy,person,,ocd-person/c88c54ce-42e9-4111-8e1a-164ee43eaa89,ocd-bill/c736ec83-63f8-466a-bac2-4529c380e7fd,False,cosponsor
d54b0020-41c1-42e5-9101-eb73f59cb6f9,Kimberly A. Rice,person,,ocd-person/85b7ca6d-3fd7-4e97-bfe0-effe223121f7,ocd-bill/07ec70ad-7622-4c12-94c1-625148fcf303,False,cosponsor
888f9868-459d-4b54-b7e7-3bdc68b07d2c,Claire A. Rouillard,person,,ocd-person/527f8fb3-d715-438e-be76-59cd96641c11,ocd-bill/07ec70ad-7622-4c12-94c1-625148fcf303,False,cosponsor
4cf9ec58-b07d-417c-afa1-cb424ded050d,Gregory G. Hill,person,,ocd-person/852df922-484b-412f-a604-c2d67efee5ec,ocd-bill/07ec70ad-7622-4c12-94c1-625148fcf303,True,primary
b6c5261f-1deb-4023-96cc-002b251fad48,Norman J. Silber,person,,ocd-person/2f3c984e-640c-49ec-aba9-4928db0e9edc,ocd-bill/07ec70ad-7622-4c12-94c1-625148fcf303,False,cosponsor
556f4e2b-2673-4514-b5d3-9bd9c1eb9478,Howard C. Pearl,person,,ocd-person/c4122c6a-ed23-492e-b813-59a0fed1ec86,ocd-bill/07ec70ad-7622-4c12-94c1-625148fcf303,False,cosponsor
4b92dab3-1462-4c46-b75e-19a05de7ce53,Sherry A. Frost,person,,ocd-person/62916f8e-e193-463d-9dcc-f35f60d836db,ocd-bill/f48146af-9f46-4b72-99f9-4f01ae5b2d2f,True,primary
eebd8cb5-34e3-4700-9cbf-9d8f719dafdb,David H Watters,person,,ocd-person/cf24defe-6df3-49f3-88ca-c6774b144f19,ocd-bill/fd45a232-d108-4f74-8cea-3e0eddc346ef,True,primary
b13297f8-ba51-4dcc-a07e-30def9cf0db1,Donna M. Soucy,person,,ocd-person/bfbbacfd-e12a-4e07-970e-c2c2c006f4a2,ocd-bill/fd45a232-d108-4f74-8cea-3e0eddc346ef,False,cosponsor
1b9ef9dd-03c6-42c4-88b8-5eb0df7c0a3d,Robert Renny Cushing,person,,ocd-person/cdb3279c-243a-4ca0-8e83-fcb10a975736,ocd-bill/fd45a232-d108-4f74-8cea-3e0eddc346ef,False,cosponsor
6b452fdc-5dbe-417c-a50d-e4d88e9841cf,Tom Sherman,person,,ocd-person/ee95d0de-e55e-4733-ba97-0fde66adf65c,ocd-bill/fd45a232-d108-4f74-8cea-3e0eddc346ef,False,cosponsor
049cacc6-e179-4af7-a53e-07a858e853c9,Cindy Rosenwald,person,,ocd-person/f3e949ce-6d98-4826-bbca-08039cea4ea4,ocd-bill/fd45a232-d108-4f74-8cea-3e0eddc346ef,False,cosponsor
fbbd4b91-fdbe-423e-b3ad-6e6ff441e913,Rebecca Perkins Kwoka,person,,ocd-person/c20b7693-7f2c-4646-af7f-d57518edd1a4,ocd-bill/fd45a232-d108-4f74-8cea-3e0eddc346ef,False,cosponsor
5c52fabd-e07b-4db7-a2f4-56d0328974c7,Joseph A. Pitre,person,,ocd-person/5ce55936-fd73-4b3c-ba16-70e13734a3c8,ocd-bill/c422d899-936a-434a-8a1a-22fb039fecf3,False,cosponsor
642b7a57-a10d-4509-a866-abd9ddff94b6,Katherine J. Prudhomme-O'Brien,person,,ocd-person/a0a8c9d8-1f27-4d28-a249-8a5856ea5c05,ocd-bill/c422d899-936a-434a-8a1a-22fb039fecf3,False,cosponsor
beff01d7-57e9-4918-ac3c-f7b1b945d66e,David C. Love,person,,ocd-person/1c956ef6-b705-4e9d-af0c-f66d6f44591e,ocd-bill/c422d899-936a-434a-8a1a-22fb039fecf3,True,primary
c445e605-4e4a-48c8-a4e9-c8f71c03fdaa,Scott Wallace,person,,,ocd-bill/c422d899-936a-434a-8a1a-22fb039fecf3,False,cosponsor
7f6f2345-f1bf-43fa-a1b5-601b70f2168f,Norman L. Major,person,,ocd-person/f210808d-53ac-4e23-ade2-7bdb60a8e559,ocd-bill/908ae68d-0d14-4d95-9de0-14c5391ad508,False,cosponsor
639bd550-90ec-4b39-81a2-c75f6d3e5581,Michael D. Cahill,person,,ocd-person/facb5409-244f-4381-8452-e6a1078bb1c5,ocd-bill/908ae68d-0d14-4d95-9de0-14c5391ad508,False,cosponsor
58264662-3ab2-4dab-9451-ad6274e8545c,Martin L. Jack,person,,ocd-person/27e55643-df5b-49aa-8529-082cd786c0f8,ocd-bill/908ae68d-0d14-4d95-9de0-14c5391ad508,False,cosponsor
74421d8e-2b6c-4fe0-95d9-79c460770285,Kat McGhee,person,,ocd-person/4c8bec8a-e86d-4316-8b2e-2f8c4157cae5,ocd-bill/908ae68d-0d14-4d95-9de0-14c5391ad508,False,cosponsor
2a5ac8b4-509c-4881-9830-23ec16bdbebc,Larry L. Laflamme,person,,ocd-person/86b73f08-dd73-4ee5-85b4-7418eaf27c8b,ocd-bill/908ae68d-0d14-4d95-9de0-14c5391ad508,False,cosponsor
391dadab-e192-4d60-ad4e-e4d2742b66b9,Heidi M. Hamer,person,,ocd-person/b64a1dfb-4b79-4424-96d3-972f6ef2b6eb,ocd-bill/908ae68d-0d14-4d95-9de0-14c5391ad508,False,cosponsor
55a0660e-c57a-4204-83be-ce631cf13c9f,Rosemarie Rung,person,,ocd-person/1a5923c6-3e1f-4ebe-8739-17c9e9642403,ocd-bill/908ae68d-0d14-4d95-9de0-14c5391ad508,True,primary
76c48519-f9cf-48ef-9bbe-c9742d116727,Laura D. Telerski,person,,ocd-person/ac414b7c-45dc-48b6-9530-eaa8e80b124f,ocd-bill/908ae68d-0d14-4d95-9de0-14c5391ad508,False,cosponsor
56b108d7-a90c-4333-8017-a8f25e92036d,Timothy P. Lang,person,,ocd-person/85064309-421e-4611-a6c5-800234db68fb,ocd-bill/cb3b39ba-cde1-4647-9a59-c93959e840f0,False,cosponsor
9df7aa24-f63b-4109-87b8-83f1d68c6ae3,William M. Marsh,person,,ocd-person/22006937-f2ca-4a2e-b92a-457777933dc7,ocd-bill/cb3b39ba-cde1-4647-9a59-c93959e840f0,True,primary
c618af77-ad52-4eeb-b8af-95a652684d2e,Jess C. Edwards,person,,ocd-person/3787c84d-f615-4e9d-bac8-42f86ea308db,ocd-bill/cb3b39ba-cde1-4647-9a59-c93959e840f0,False,cosponsor
14171ae7-0642-4d9c-ab5a-2a57d47c768d,Mark A. Pearson,person,,ocd-person/6c90e0a1-d9d5-488c-a9a3-898ca5b0f9a4,ocd-bill/cb3b39ba-cde1-4647-9a59-c93959e840f0,False,cosponsor
716f0554-9ed2-4340-b7fb-095ec3dc177e,Josh S. Yokela,person,,ocd-person/c96f9d7a-b859-4b37-8fdd-4097b21d3f2c,ocd-bill/cb3b39ba-cde1-4647-9a59-c93959e840f0,False,cosponsor
7788a46c-3a7c-4b58-9d33-3bbe2a7825c6,John T. MacDonald,person,,ocd-person/a22a36bb-3514-4d76-a39e-791902f41d6c,ocd-bill/cb3b39ba-cde1-4647-9a59-c93959e840f0,False,cosponsor
3773ddae-a421-4380-8ccb-f2445b5c55fb,Peter R. Leishman,person,,ocd-person/86708f42-531f-4e57-a6b1-f5b11ff9389c,ocd-bill/4de86efe-d481-48aa-ba88-0842e5a40e3d,True,primary
43aa9c9f-0758-423f-8d56-66c9b346b317,Jeb Bradley,person,,ocd-person/3f5455e8-256e-4442-9c13-bc14f62ce76f,ocd-bill/5b972116-a014-4c38-abd2-666f1ce53647,True,primary
bb76d312-1cd7-4f85-90d7-217a588db48a,David H Watters,person,,ocd-person/cf24defe-6df3-49f3-88ca-c6774b144f19,ocd-bill/af08ed65-99d4-45c9-8201-a9fef149b4c4,False,cosponsor
d4c992bc-0046-4e98-bc92-80a5ddedd8a2,Kenneth L. Weyler,person,,ocd-person/e2f9dd7e-b221-4cf0-b7de-5daa70658669,ocd-bill/af08ed65-99d4-45c9-8201-a9fef149b4c4,False,cosponsor
dcf38b14-feaf-4acb-89ff-871ee5008685,Regina Birdsell,person,,ocd-person/461c9024-c8c3-44a5-91d6-015a6587db5f,ocd-bill/af08ed65-99d4-45c9-8201-a9fef149b4c4,False,cosponsor
b6c19ade-602a-474d-8e29-9dcb8e1b7b8f,David W. Binford,person,,ocd-person/9098756d-2231-4e69-84d5-09ab979ee1a2,ocd-bill/af08ed65-99d4-45c9-8201-a9fef149b4c4,False,cosponsor
f76660c5-b84a-40a9-b01f-d8c279b0def4,Bob J. Giuda,person,,ocd-person/7739a4d0-534e-4bdb-b7fb-6a8f348e833e,ocd-bill/af08ed65-99d4-45c9-8201-a9fef149b4c4,True,primary
b8ad3df7-52b9-4f77-8aac-2afbcab78084,Michael Moffett,person,,ocd-person/acb20216-f193-42e1-9304-2b1d3572e61d,ocd-bill/4fbd2e57-81cc-4bbc-88d6-8c22a39a3e7e,False,cosponsor
a13e046b-b2b1-4638-b2a2-bbafec709354,Timothy P. Lang,person,,ocd-person/85064309-421e-4611-a6c5-800234db68fb,ocd-bill/4fbd2e57-81cc-4bbc-88d6-8c22a39a3e7e,True,primary
85180650-3694-4a3a-9341-b09b83ae3e1e,William M. Marsh,person,,ocd-person/22006937-f2ca-4a2e-b92a-457777933dc7,ocd-bill/4fbd2e57-81cc-4bbc-88d6-8c22a39a3e7e,False,cosponsor
c5313b9f-e678-4390-9365-c5de4b611c68,Howard C. Pearl,person,,ocd-person/c4122c6a-ed23-492e-b813-59a0fed1ec86,ocd-bill/4fbd2e57-81cc-4bbc-88d6-8c22a39a3e7e,False,cosponsor
c21df724-810b-4c4f-9987-315f23e862cb,Jess C. Edwards,person,,ocd-person/3787c84d-f615-4e9d-bac8-42f86ea308db,ocd-bill/4fbd2e57-81cc-4bbc-88d6-8c22a39a3e7e,False,cosponsor
a8d6d0b7-8916-426f-8bfd-7447a712f530,Joe H. Alexander,person,,ocd-person/e7800d58-1019-4aff-8d1a-22faba9d3e23,ocd-bill/4fbd2e57-81cc-4bbc-88d6-8c22a39a3e7e,False,cosponsor
338c7127-114d-4ce8-b45f-5937d02f80ff,Deborah L. Hobson,person,,ocd-person/6e4aa2d5-d1c7-4009-950f-e5ebedea7189,ocd-bill/4fbd2e57-81cc-4bbc-88d6-8c22a39a3e7e,False,cosponsor
8fbda8ba-0936-4167-bc51-1a6f8c2958e8,Judy F. Aron,person,,ocd-person/533fb85c-c4f0-41f3-9bc6-8b1c422a9693,ocd-bill/4fbd2e57-81cc-4bbc-88d6-8c22a39a3e7e,False,cosponsor
fde46e4b-4f4f-4cca-9021-7f0482dd7a22,Mike Bordes,person,,ocd-person/c924901e-1cc8-4574-ae7c-19f3e52d2031,ocd-bill/4fbd2e57-81cc-4bbc-88d6-8c22a39a3e7e,False,cosponsor
0b4bf57b-30fc-4799-97e6-f3233c912584,Erin Hennessey,person,,ocd-person/b8009d8b-0bb8-4a70-9e34-96d247a3327b,ocd-bill/28db7ab9-d98a-488e-8222-2256377363ed,True,primary
5ef7c260-c8b9-4269-a6fb-e9a8a484770f,Timothy P. Lang,person,,ocd-person/85064309-421e-4611-a6c5-800234db68fb,ocd-bill/3a75c7d2-66df-462d-a3c3-773e143f89a0,True,primary
91954f47-b4ce-4afe-8a87-3592463f322c,Ellen D. Read,person,,ocd-person/77304532-17fb-4b2c-aed6-213a435e4a46,ocd-bill/3a75c7d2-66df-462d-a3c3-773e143f89a0,False,cosponsor
8dde955b-1e39-402e-9c1e-9feacee52541,Michael Yakubovich,person,,ocd-person/39d155fd-5ecf-4608-985c-82f5855fe260,ocd-bill/3a75c7d2-66df-462d-a3c3-773e143f89a0,False,cosponsor
f66602cb-27c4-46ff-9351-d55a69f0d451,John B. Hunt,person,,ocd-person/35c51630-9b9c-411a-9b98-0842cb6093df,ocd-bill/61cb8503-4721-4739-80ed-eb13672918a9,True,primary
3e51541c-fb81-4eba-944f-fb8b50b6ad23,Jeb Bradley,person,,ocd-person/3f5455e8-256e-4442-9c13-bc14f62ce76f,ocd-bill/da283cab-e352-4015-a3ad-46fdd7be359e,False,cosponsor
3f452426-67b8-4aae-b360-8ed5f26fc0ea,William M. Marsh,person,,ocd-person/22006937-f2ca-4a2e-b92a-457777933dc7,ocd-bill/da283cab-e352-4015-a3ad-46fdd7be359e,False,cosponsor
42bbdb48-b738-4b68-9ec1-2a0b00062dfc,Tom Sherman,person,,ocd-person/ee95d0de-e55e-4733-ba97-0fde66adf65c,ocd-bill/da283cab-e352-4015-a3ad-46fdd7be359e,True,primary
9cdbd1ce-ef98-418e-84f4-74a7c3960e36,Gary L. Woods,person,,ocd-person/5d98b66b-f4d1-4776-953f-67dc348fdd12,ocd-bill/da283cab-e352-4015-a3ad-46fdd7be359e,False,cosponsor
0131be96-e4e2-47db-81ae-20213bf08229,Cindy Rosenwald,person,,ocd-person/f3e949ce-6d98-4826-bbca-08039cea4ea4,ocd-bill/da283cab-e352-4015-a3ad-46fdd7be359e,False,cosponsor
cd1bb526-c97d-43df-a8e2-6ed7c9c182d1,Mike Bordes,person,,ocd-person/c924901e-1cc8-4574-ae7c-19f3e52d2031,ocd-bill/fbff9e3e-1d86-41b1-a5e6-2899b7d12a40,False,cosponsor
9d42d8f6-0d21-438e-bef6-a7b5a8007655,Richard Littlefield,person,,ocd-person/daa8444e-159e-4466-93c5-6452dfba2082,ocd-bill/fbff9e3e-1d86-41b1-a5e6-2899b7d12a40,False,cosponsor
dff09a10-4cca-48ee-8eea-da184f503e8d,Juliet Harvey-Bolia,person,,ocd-person/5d7f39ae-2cc4-4b36-bd76-828a24bc454d,ocd-bill/fbff9e3e-1d86-41b1-a5e6-2899b7d12a40,False,cosponsor
8473fb17-87b9-4f98-aea2-950d040e39ca,James P. Gray,person,,ocd-person/e6443187-eb51-42eb-8bd7-349ed0ba9641,ocd-bill/07759c4e-e2a7-4c52-82e6-125254d15cb9,True,primary
6aabcafe-03f5-4a4c-87b7-7510d6fb32ea,Ralph G. Boehm,person,,ocd-person/ac6ce16b-a462-4727-8e4b-724c7c19e58c,ocd-bill/9d295955-c5b9-49fa-be1c-0ad4eeeea7f2,True,primary
df1206f2-11ec-4baf-938c-7bb025690fa1,Jeanine M. Notter,person,,ocd-person/84f79859-fef0-441d-80bb-5edeafc70e78,ocd-bill/9d295955-c5b9-49fa-be1c-0ad4eeeea7f2,False,cosponsor
22eb0231-47b5-4c82-823d-ea82b64d1fcb,Richard W. Lascelles,person,,ocd-person/c11f9fad-128e-455e-896e-2e880b6cc29e,ocd-bill/9d295955-c5b9-49fa-be1c-0ad4eeeea7f2,False,cosponsor
7800cf89-473a-4f89-993e-fda655ff4802,Brian Seaworth,person,,ocd-person/b12abcbf-fbbe-4464-854e-6960b024e62a,ocd-bill/aad1fc8f-9d9f-4c54-8269-14659564b561,True,primary
d2a94d46-5509-427f-bc03-77a19f08d276,Mark A. Pearson,person,,ocd-person/6c90e0a1-d9d5-488c-a9a3-898ca5b0f9a4,ocd-bill/e2c7c8a8-c41d-4f28-a8e3-024d5917da13,False,cosponsor
0eba8c90-2abd-4d94-981a-7edb168a4a2c,Dennis F. Acton,person,,ocd-person/b81591ca-1856-4807-ac66-283280ea12ba,ocd-bill/e2c7c8a8-c41d-4f28-a8e3-024d5917da13,True,primary
77776e75-291d-4430-bd80-e4e4b72259d8,John Reagan,person,,ocd-person/f516d40a-3676-4437-8285-a931d7c2885b,ocd-bill/9fc33b21-c663-42f4-a478-65439679ec79,False,cosponsor
424da08c-122b-43bd-87e2-b0af3e586765,Carol M. McGuire,person,,ocd-person/ae3d6133-98b5-444e-b95e-2edc2f5302dc,ocd-bill/9fc33b21-c663-42f4-a478-65439679ec79,True,primary
cbf077e1-54f9-404b-9ab7-c7f5db873194,Mark A. Pearson,person,,ocd-person/6c90e0a1-d9d5-488c-a9a3-898ca5b0f9a4,ocd-bill/9fc33b21-c663-42f4-a478-65439679ec79,False,cosponsor
1e758107-663f-4814-a79e-3070f1114664,Gerald W.R. Ward,person,,ocd-person/03774445-16e9-4857-8015-317a3d8705a3,ocd-bill/0da5ad7e-6122-45c1-96c3-2e3f6713dc47,False,cosponsor
35fb7309-77e6-48c2-83b4-5490992c148d,Peter F. Somssich,person,,ocd-person/8bb75c80-4c06-42a7-86c0-c0315a2faf7c,ocd-bill/0da5ad7e-6122-45c1-96c3-2e3f6713dc47,True,primary
878e5162-db36-4b2f-a5fd-03bf0e13fe90,David Meuse,person,,ocd-person/4b449f0f-2024-4e18-bbbd-7f0bbcfa8cac,ocd-bill/0da5ad7e-6122-45c1-96c3-2e3f6713dc47,False,cosponsor
c0aaa0cc-3399-4af7-89d3-f53ce03c525b,Joan L. Hamblet,person,,ocd-person/c0b6bd27-86aa-48a8-8c15-9724581b1145,ocd-bill/0da5ad7e-6122-45c1-96c3-2e3f6713dc47,False,cosponsor
a925cffd-4e81-47a4-a9fd-7e0c1977ced3,David H Watters,person,,ocd-person/cf24defe-6df3-49f3-88ca-c6774b144f19,ocd-bill/1ec9e366-8b03-4fbf-86c8-c0b5779f1b37,False,cosponsor
a24a8a2d-f89a-46c1-bef4-9a55c7812193,George E. Sykes,person,,ocd-person/1d64c012-42cd-433e-9e51-d449279fe57e,ocd-bill/1ec9e366-8b03-4fbf-86c8-c0b5779f1b37,True,primary
10e74bec-e83f-47f0-acf9-27733fd99653,David A. Welch,person,,ocd-person/b8201b25-9bdd-45d3-819d-5bae4c670ad0,ocd-bill/1ec9e366-8b03-4fbf-86c8-c0b5779f1b37,False,cosponsor
166cb2b4-cefd-413a-b49d-8bfb8c9a926c,Gary Merchant,person,,ocd-person/78078880-ab6f-4f87-b095-8b85c31f1780,ocd-bill/6d9d2601-e7ff-4d2f-8f67-12c79330c27c,True,primary
384a6c9a-4891-4c6d-b070-9992a50ac6ee,Suzanne M Prentiss,person,,ocd-person/de206392-deba-4ecf-96a3-33494c415417,ocd-bill/6d9d2601-e7ff-4d2f-8f67-12c79330c27c,False,cosponsor
cee917a3-890a-4e82-b5ec-063ee644f2ba,John Reagan,person,,ocd-person/f516d40a-3676-4437-8285-a931d7c2885b,ocd-bill/5e0bb602-6984-4c9a-9953-90c795ac30e6,False,cosponsor
6831bdb8-0aab-4cc3-97d0-05c509bcd73c,Bill Gannon,person,,ocd-person/d3c437bd-532d-458b-961f-4f6dccec1e4b,ocd-bill/5e0bb602-6984-4c9a-9953-90c795ac30e6,False,cosponsor
9c1409e6-987e-43ad-8489-b7dd0356e788,Harold F. French,person,,ocd-person/ff11da65-174b-4fdc-b33c-e5d6d56602f0,ocd-bill/5e0bb602-6984-4c9a-9953-90c795ac30e6,True,primary
f623b149-e78d-43c7-97f6-0ce35178b7f2,Erin Hennessey,person,,ocd-person/b8009d8b-0bb8-4a70-9e34-96d247a3327b,ocd-bill/5e0bb602-6984-4c9a-9953-90c795ac30e6,False,cosponsor
1257986f-3c1e-42e3-9d21-33f0d8beb54c,John Reagan,person,,ocd-person/f516d40a-3676-4437-8285-a931d7c2885b,ocd-bill/feb5e4bc-bbe4-4d77-ac31-b9c32bfdb10e,False,cosponsor
aee9ed75-79f2-4359-98fb-93bc2f070af3,Peter B. Schmidt,person,,ocd-person/16654889-3b48-44d6-a6d3-8da5d7a434f1,ocd-bill/feb5e4bc-bbe4-4d77-ac31-b9c32bfdb10e,False,cosponsor
ce4f4cca-8a85-4fab-b9a1-f808eca73256,William A. Hatch,person,,ocd-person/2bfaf69b-214f-40a6-9674-bdb68c23e9ff,ocd-bill/feb5e4bc-bbe4-4d77-ac31-b9c32bfdb10e,False,cosponsor
e67e7e66-68b0-48c7-854f-f743c5286948,Carol M. McGuire,person,,ocd-person/ae3d6133-98b5-444e-b95e-2edc2f5302dc,ocd-bill/feb5e4bc-bbe4-4d77-ac31-b9c32bfdb10e,True,primary
0a4b18e7-2ac4-46c3-b5d6-34b515531674,Dianne E. Schuett,person,,ocd-person/62ff0476-f4e6-411f-a58e-2e7963cde2ab,ocd-bill/feb5e4bc-bbe4-4d77-ac31-b9c32bfdb10e,False,cosponsor
1d3548ef-633a-43cb-990f-185b2561d0bf,Max Abramson,person,,ocd-person/83f50732-5fc6-4287-87aa-786cf169840c,ocd-bill/0fde8fe4-4df1-49f5-9758-8bdcd2afa006,True,primary
b8c1b033-fc92-40bc-8974-f3b3612c18a1,David W. Binford,person,,ocd-person/9098756d-2231-4e69-84d5-09ab979ee1a2,ocd-bill/0fde8fe4-4df1-49f5-9758-8bdcd2afa006,False,cosponsor
eac829ae-e9fc-45f2-9824-77fb75e14d21,Regina Birdsell,person,,ocd-person/461c9024-c8c3-44a5-91d6-015a6587db5f,ocd-bill/5a46bfa8-fc93-4005-8906-9bc568c8e285,True,primary
dcdbb5ce-04b4-4666-aea6-6e6f9e79a02a,Lou D'Allesandro,person,,ocd-person/87c48788-817d-408b-a1e1-ebe1c9fd893d,ocd-bill/81353301-e55a-440b-aef8-0e4e767a2641,False,cosponsor
bc1ccf5d-e00c-4344-bf77-e5fa642b9adb,David H Watters,person,,ocd-person/cf24defe-6df3-49f3-88ca-c6774b144f19,ocd-bill/81353301-e55a-440b-aef8-0e4e767a2641,False,cosponsor
3d0ced00-e7d5-4265-9388-700249d3d45e,Donna M. Soucy,person,,ocd-person/bfbbacfd-e12a-4e07-970e-c2c2c006f4a2,ocd-bill/81353301-e55a-440b-aef8-0e4e767a2641,False,cosponsor
2017319f-3332-4c4d-a021-164634d5c619,Marjorie K. Smith,person,,ocd-person/86b31d04-3a4b-4199-b10e-27bd337f0a34,ocd-bill/81353301-e55a-440b-aef8-0e4e767a2641,False,cosponsor
9b63613e-d9e5-4b41-8e1c-83f6744bc9f0,Dan H. Wolf,person,,ocd-person/d24c83af-3362-4925-9c05-a6b776d3314c,ocd-bill/81353301-e55a-440b-aef8-0e4e767a2641,False,cosponsor
20d5a105-aa51-40ee-89d5-f3da580f9021,Jay Kahn,person,,ocd-person/998e681b-6df1-4b4a-92db-7a2187cedcd8,ocd-bill/81353301-e55a-440b-aef8-0e4e767a2641,False,cosponsor
787e8a95-d8a3-428a-b63e-7c4a06b4920a,Tom Sherman,person,,ocd-person/ee95d0de-e55e-4733-ba97-0fde66adf65c,ocd-bill/81353301-e55a-440b-aef8-0e4e767a2641,True,primary
99253087-a9d0-4275-9a4c-a5c058591c38,Cindy Rosenwald,person,,ocd-person/f3e949ce-6d98-4826-bbca-08039cea4ea4,ocd-bill/81353301-e55a-440b-aef8-0e4e767a2641,False,cosponsor
a7a427a5-a06a-4207-bb0f-71d214db371a,Rebecca G. Whitley,person,,ocd-person/92267d4c-e6f1-4f45-87be-83f229c2cd36,ocd-bill/81353301-e55a-440b-aef8-0e4e767a2641,False,cosponsor
8338e970-2caf-40cd-bca4-b13e60c27c8a,Rebecca Perkins Kwoka,person,,ocd-person/c20b7693-7f2c-4646-af7f-d57518edd1a4,ocd-bill/81353301-e55a-440b-aef8-0e4e767a2641,False,cosponsor
6b66db2f-899f-47dc-b35e-ab847130ff8d,Raymond J. Howard,person,,ocd-person/2d20ed08-99dd-4520-8637-dfc71b6a2e01,ocd-bill/0ebb2c15-549a-4439-ad86-a19f601ddc54,False,cosponsor
991876d6-22eb-4cff-b787-f3293470a8a2,Norman J. Silber,person,,ocd-person/2f3c984e-640c-49ec-aba9-4928db0e9edc,ocd-bill/0ebb2c15-549a-4439-ad86-a19f601ddc54,True,primary
8505aa18-f2d6-4a5a-a393-a7e5068e55a8,Betty I. Gay,person,,ocd-person/c2486401-1c5f-4cfc-b4ef-bbae6b8c0489,ocd-bill/0ebb2c15-549a-4439-ad86-a19f601ddc54,False,cosponsor
9d8f4ab0-fe36-49b9-b64d-c49e33e5b52b,Lou D'Allesandro,person,,ocd-person/87c48788-817d-408b-a1e1-ebe1c9fd893d,ocd-bill/cd2566b4-7447-4631-a4e5-7aeabc1e1cdf,False,cosponsor
fd20ccc9-ae45-4ce5-83ea-5edf1a3cffa1,Sharon M Carson,person,,ocd-person/00964fc0-dd57-44c3-87bf-b6d5bbc34560,ocd-bill/cd2566b4-7447-4631-a4e5-7aeabc1e1cdf,False,cosponsor
5b8d22a4-1b00-4d4f-9be0-920e6911ac0e,Jeb Bradley,person,,ocd-person/3f5455e8-256e-4442-9c13-bc14f62ce76f,ocd-bill/cd2566b4-7447-4631-a4e5-7aeabc1e1cdf,True,primary
0b5d2312-f652-47d1-b133-1bffc0a1c0c1,Kevin A. Avard,person,,ocd-person/b99b0bbb-4710-43c7-a6b5-0e04524eedf0,ocd-bill/cd2566b4-7447-4631-a4e5-7aeabc1e1cdf,False,cosponsor
7a7394a8-6936-4f58-b67a-e020f0fda8b3,Bob J. Giuda,person,,ocd-person/7739a4d0-534e-4bdb-b7fb-6a8f348e833e,ocd-bill/cd2566b4-7447-4631-a4e5-7aeabc1e1cdf,False,cosponsor
d784408f-7de0-450c-90ab-fad66122f895,Kevin J. Cavanaugh,person,,ocd-person/7fb2bb33-cbdb-4dfd-9369-64f19f179777,ocd-bill/cd2566b4-7447-4631-a4e5-7aeabc1e1cdf,False,cosponsor
d66305ec-8f7c-4509-9460-1a3ce14c3634,Erin Hennessey,person,,ocd-person/b8009d8b-0bb8-4a70-9e34-96d247a3327b,ocd-bill/cd2566b4-7447-4631-a4e5-7aeabc1e1cdf,False,cosponsor
76a7f31b-3db0-4b09-b7d5-e72edeabace8,Denise Ricciardi,person,,ocd-person/8dc59c94-caba-41b2-a6ba-6bca0f595118,ocd-bill/cd2566b4-7447-4631-a4e5-7aeabc1e1cdf,False,cosponsor
f09dd5fb-b266-4363-bbdd-dbf0444d6cae,John Reagan,person,,ocd-person/f516d40a-3676-4437-8285-a931d7c2885b,ocd-bill/4af82f03-77be-4d54-83d5-6d580c7e6e17,False,cosponsor
cf59ebe1-7c92-4a00-b8b9-04bb3fac462f,Steve J. Shurtleff,person,,ocd-person/5faefb6a-67fa-47ea-907a-8f4f545862be,ocd-bill/4af82f03-77be-4d54-83d5-6d580c7e6e17,False,cosponsor
6c80ef35-6fe1-4e6d-b31e-7687e67c9f39,Mary Beth Walz,person,,ocd-person/aee31921-5d02-4da9-8e3e-3137b4bb8bf4,ocd-bill/4af82f03-77be-4d54-83d5-6d580c7e6e17,False,cosponsor
83ddab00-b237-4def-95fa-46c36b5aaf99,Paul S. Berch,person,,ocd-person/f96a072d-9add-44b0-8028-0ec057f31f52,ocd-bill/4af82f03-77be-4d54-83d5-6d580c7e6e17,False,cosponsor
a6ddd598-be31-4909-8494-828460d7d297,Gerri D. Cannon,person,,ocd-person/cd5b7056-d9eb-4fb1-93e3-6ba43408afa5,ocd-bill/4af82f03-77be-4d54-83d5-6d580c7e6e17,True,primary
0ceb98f6-624d-4415-b4b4-93de393dbb0f,Michael Moffett,person,,ocd-person/acb20216-f193-42e1-9304-2b1d3572e61d,ocd-bill/84f6b6da-fa84-484c-9141-7a19fe24f4bb,False,cosponsor
c6b37ab1-68af-47cb-adda-9068fc7f4590,Timothy P. Lang,person,,ocd-person/85064309-421e-4611-a6c5-800234db68fb,ocd-bill/84f6b6da-fa84-484c-9141-7a19fe24f4bb,False,cosponsor
b706a20f-0cef-4159-8405-b991c64030d4,Howard C. Pearl,person,,ocd-person/c4122c6a-ed23-492e-b813-59a0fed1ec86,ocd-bill/84f6b6da-fa84-484c-9141-7a19fe24f4bb,True,primary
f4baf708-33ad-4dda-a4ad-2d50cf533377,Kenneth L. Weyler,person,,ocd-person/e2f9dd7e-b221-4cf0-b7de-5daa70658669,ocd-bill/5107f445-c3a0-4755-aaa5-3289056b90b5,True,primary
9e59783d-f851-411f-95a1-32987c95a6e6,Steven D. Smith,person,,ocd-person/129a2970-07b9-4136-aae1-15c689edca40,ocd-bill/5107f445-c3a0-4755-aaa5-3289056b90b5,False,cosponsor
d3e9db4c-1f59-4f5f-8019-521aadaf1820,Walter A. Stapleton,person,,ocd-person/74efcb71-c62c-4388-b9ad-69f779b0c33e,ocd-bill/5107f445-c3a0-4755-aaa5-3289056b90b5,False,cosponsor
4d849e21-4a6a-4b6e-9cd2-64f044bf6a83,Sherman A. Packard,person,,ocd-person/e94c1d98-5454-40a2-8293-ee0998fee8ca,ocd-bill/51f2cd1a-0d95-42e1-9546-a73e71788721,True,primary
8550779b-984f-475d-b4fa-ec8482589af6,Al P. Baldasaro,person,,ocd-person/3807f9c1-b590-4496-8a1e-b0ff84ba592d,ocd-bill/20eff7ed-c2d2-4cfc-8240-2478603a09f3,False,cosponsor
2d140898-a658-40bf-a98e-aff8298e566b,Michael J. Sylvia,person,,ocd-person/2e6feb2e-6f22-4909-b907-93f4c0f9ae9b,ocd-bill/20eff7ed-c2d2-4cfc-8240-2478603a09f3,False,cosponsor
923bffa3-0c1b-4372-a60e-2d392c100799,Barbara Comtois,person,,ocd-person/3e0ee111-2332-4742-b073-a23cc37a8b51,ocd-bill/20eff7ed-c2d2-4cfc-8240-2478603a09f3,False,cosponsor
221b296b-86ea-408d-b6e3-8e59bcefffa2,David W. Binford,person,,ocd-person/9098756d-2231-4e69-84d5-09ab979ee1a2,ocd-bill/20eff7ed-c2d2-4cfc-8240-2478603a09f3,False,cosponsor
f64e8abf-8de2-4b9b-8a5e-6b74e8d562db,Mike Bordes,person,,ocd-person/c924901e-1cc8-4574-ae7c-19f3e52d2031,ocd-bill/20eff7ed-c2d2-4cfc-8240-2478603a09f3,False,cosponsor
eb5b52c8-d186-4e51-bb6f-bfa333011f48,Gregg Hough,person,,ocd-person/3300d54f-0d44-4b18-ac18-41da270b8d58,ocd-bill/20eff7ed-c2d2-4cfc-8240-2478603a09f3,True,primary
07cedf2b-5bc9-4c31-a3d5-348ab5ffac44,Dawn M. Johnson,person,,ocd-person/2d9311db-3f09-4390-92e2-5ef36824aa77,ocd-bill/20eff7ed-c2d2-4cfc-8240-2478603a09f3,False,cosponsor
d8f285b8-9452-4a47-9865-f8ee402fda49,Douglas R. Trottier,person,,ocd-person/464c15d2-0b67-47e6-8c0a-fc556b336d4a,ocd-bill/20eff7ed-c2d2-4cfc-8240-2478603a09f3,False,cosponsor
24e847b2-a93b-4e9a-a733-b745ef9cf885,Travis J. O'Hara,person,,ocd-person/fbfbfb0a-2c7d-457c-8322-12221db1662b,ocd-bill/20eff7ed-c2d2-4cfc-8240-2478603a09f3,False,cosponsor
cff5dfe3-be87-4597-87f2-653463825ad8,Michael Moffett,person,,ocd-person/acb20216-f193-42e1-9304-2b1d3572e61d,ocd-bill/9657bc28-f220-4e00-8fdc-eaf8e21ec1ba,False,cosponsor
214fb545-b2b3-4a4a-a80d-2bc64ff1a019,Timothy P. Lang,person,,ocd-person/85064309-421e-4611-a6c5-800234db68fb,ocd-bill/9657bc28-f220-4e00-8fdc-eaf8e21ec1ba,True,primary
49cd9a52-181d-477a-b8aa-6916eb012164,Howard C. Pearl,person,,ocd-person/c4122c6a-ed23-492e-b813-59a0fed1ec86,ocd-bill/9657bc28-f220-4e00-8fdc-eaf8e21ec1ba,False,cosponsor
390b680f-68df-4a32-ad0e-aeeba9eb54c3,Scott Wallace,person,,,ocd-bill/9657bc28-f220-4e00-8fdc-eaf8e21ec1ba,False,cosponsor
18cbd90b-7ec0-43ba-a327-ea99d0a3ff7f,Tony Lekas,person,,ocd-person/97ccf8c1-af1c-4a3c-b267-683d0446b790,ocd-bill/9657bc28-f220-4e00-8fdc-eaf8e21ec1ba,False,cosponsor
f1d32a7f-f2d5-467c-9cf5-e52932a89534,Mike Bordes,person,,ocd-person/c924901e-1cc8-4574-ae7c-19f3e52d2031,ocd-bill/9657bc28-f220-4e00-8fdc-eaf8e21ec1ba,False,cosponsor
f5e06c31-fd80-4662-985f-a1b1eea68093,Douglas R. Trottier,person,,ocd-person/464c15d2-0b67-47e6-8c0a-fc556b336d4a,ocd-bill/9657bc28-f220-4e00-8fdc-eaf8e21ec1ba,False,cosponsor
52e4b2d5-fc90-4f31-8114-c8358d2659fb,Cody M. Belanger,person,,ocd-person/5aa4450b-2f9d-442f-9c94-b2a8c500812b,ocd-bill/9657bc28-f220-4e00-8fdc-eaf8e21ec1ba,False,cosponsor
e40db92f-ec1e-4782-bf8c-00878fedd9a7,Josh S. Yokela,person,,ocd-person/c96f9d7a-b859-4b37-8fdd-4097b21d3f2c,ocd-bill/73761e49-508a-4d2e-b3f5-1457e486bced,True,primary
20fb70cd-2f1e-43a1-ba03-5b3fd3087b1d,Lino M. Avellani,person,,ocd-person/4d68b7bf-e7fb-4c6d-ac12-526aba53e65e,ocd-bill/3936aba8-1c76-4875-91f0-255fbb101eae,True,primary
458167f5-6fe3-4c75-ad84-2d785dd600ab,Ivy C. Vann,person,,ocd-person/6fd532c2-91b5-47c4-a29f-eae9fc47743d,ocd-bill/40885888-8487-4525-b4e0-f985e48b0493,False,cosponsor
f8095878-fa0c-4539-b390-8e651b981e88,Kristina M. Schultz,person,,ocd-person/8698b473-ea4e-4126-8766-a2b5b5878702,ocd-bill/40885888-8487-4525-b4e0-f985e48b0493,False,cosponsor
d5efc3b9-9548-4a32-88c8-6b9602ab4d14,Casey M. Conley,person,,ocd-person/3290a4d4-7403-45f8-adc4-4e26e0fefa09,ocd-bill/40885888-8487-4525-b4e0-f985e48b0493,True,primary
2ed1eeb8-465d-4c4a-b748-4c2e61c2f140,Safiya Wazir,person,,ocd-person/a2975441-f5d1-4e95-8a4e-1d930fc16bc2,ocd-bill/40885888-8487-4525-b4e0-f985e48b0493,False,cosponsor
47a0a6f0-3e2d-4b1d-be38-98dd9ce6f286,Cam E. Kenney,person,,ocd-person/9f35ea7b-b937-4b06-8be5-5cfbc83381e1,ocd-bill/40885888-8487-4525-b4e0-f985e48b0493,False,cosponsor
3f02ffb2-6fde-4bdd-b429-b76c1e7c7ba9,Wendy Chase,person,,ocd-person/c24da601-15f1-482c-a234-f8443056c77a,ocd-bill/40885888-8487-4525-b4e0-f985e48b0493,False,cosponsor
9ac985f8-cb84-4515-8875-097d890d05b8,John Reagan,person,,ocd-person/f516d40a-3676-4437-8285-a931d7c2885b,ocd-bill/7ecb7b1b-de49-4f9f-b979-33442c5a6d58,False,cosponsor
1da7efb2-e446-4c31-a9d4-ef7cc410edd2,Ralph G. Boehm,person,,ocd-person/ac6ce16b-a462-4727-8e4b-724c7c19e58c,ocd-bill/7ecb7b1b-de49-4f9f-b979-33442c5a6d58,False,cosponsor
0c3f0327-c8f7-4778-9b25-88e5399830cc,Suzanne M. Vail,person,,ocd-person/ce985799-268d-4190-b078-955fc63a8c3c,ocd-bill/ba1fbde8-ab30-4263-a077-1bfa83020840,False,cosponsor
39e8d0d0-0b58-4198-b15d-71f2fde6e2d6,Mark R. King,person,,ocd-person/5b030cec-8315-49f4-901d-85fdb7423781,ocd-bill/ba1fbde8-ab30-4263-a077-1bfa83020840,False,cosponsor
17dedbdb-73d8-4bf0-b265-9771c5b2671d,Skip J. Cleaver,person,,ocd-person/6edff50b-8390-4046-a376-214136ea64d9,ocd-bill/ba1fbde8-ab30-4263-a077-1bfa83020840,False,cosponsor
cb30b8f4-0a7a-4a90-b9eb-fc3224d76644,Bruce L. Cohen,person,,ocd-person/02abc1d7-340f-4cdd-b64d-4ce3cca59304,ocd-bill/ba1fbde8-ab30-4263-a077-1bfa83020840,False,cosponsor
4d496ac9-ba7e-49f7-aeba-1c45fed7ddd4,Laura D. Telerski,person,,ocd-person/ac414b7c-45dc-48b6-9530-eaa8e80b124f,ocd-bill/ba1fbde8-ab30-4263-a077-1bfa83020840,False,cosponsor
3669e84f-e68b-442d-8150-dac0913f7588,Michael D. Harrington,person,,ocd-person/21e95dbc-c226-4f4a-9fa2-8f5b374d0a98,ocd-bill/edf50b63-1f6c-454f-938f-8f8e35d6a205,True,primary
75d16b34-0ed4-4148-8864-40f6aa31716a,Jeb Bradley,person,,ocd-person/3f5455e8-256e-4442-9c13-bc14f62ce76f,ocd-bill/12544a63-294c-4ce5-8aad-d51745e3125d,False,cosponsor
d9a85516-c567-4cce-a319-eafb0f7660f4,Michael Moffett,person,,ocd-person/acb20216-f193-42e1-9304-2b1d3572e61d,ocd-bill/12544a63-294c-4ce5-8aad-d51745e3125d,False,cosponsor
f71ac843-5eab-445b-8aab-f81ea14afbe6,Timothy P. Lang,person,,ocd-person/85064309-421e-4611-a6c5-800234db68fb,ocd-bill/12544a63-294c-4ce5-8aad-d51745e3125d,True,primary
c29e6714-7062-499e-97ad-817c5be1c1fe,Howard C. Pearl,person,,ocd-person/c4122c6a-ed23-492e-b813-59a0fed1ec86,ocd-bill/12544a63-294c-4ce5-8aad-d51745e3125d,False,cosponsor
ed9ca6ed-971f-4ea1-84c7-772ad034efc7,David C. Love,person,,ocd-person/1c956ef6-b705-4e9d-af0c-f66d6f44591e,ocd-bill/12544a63-294c-4ce5-8aad-d51745e3125d,False,cosponsor
390b5155-698b-426f-bf3f-48d62fd2a94e,Bob J. Giuda,person,,ocd-person/7739a4d0-534e-4bdb-b7fb-6a8f348e833e,ocd-bill/12544a63-294c-4ce5-8aad-d51745e3125d,False,cosponsor
2bfbca50-3c23-4bcc-bd78-e6f228725bef,Judy F. Aron,person,,ocd-person/533fb85c-c4f0-41f3-9bc6-8b1c422a9693,ocd-bill/12544a63-294c-4ce5-8aad-d51745e3125d,False,cosponsor
c3bc4792-c529-4279-9676-2bd10d33b94a,Erin Hennessey,person,,ocd-person/b8009d8b-0bb8-4a70-9e34-96d247a3327b,ocd-bill/12544a63-294c-4ce5-8aad-d51745e3125d,False,cosponsor
99afef3b-6667-40fa-9125-e2ca14c9d615,Douglas R. Trottier,person,,ocd-person/464c15d2-0b67-47e6-8c0a-fc556b336d4a,ocd-bill/12544a63-294c-4ce5-8aad-d51745e3125d,False,cosponsor
683ccb5e-7a73-4d22-a044-668fb506b6a1,Brodie S. Deshaies,person,,ocd-person/cf0f7c1c-a402-49f9-80cd-102f946cd260,ocd-bill/12544a63-294c-4ce5-8aad-d51745e3125d,False,cosponsor
c52df67e-c5a6-4dfb-ad20-3d2409200b68,Linda L. Tanner,person,,ocd-person/950e6cfe-ff6c-49ed-a4c2-1e66e60c6315,ocd-bill/097c16ac-2d01-4cff-914f-3492c042fe42,False,cosponsor
e1cedd03-8ed0-4557-906e-24d5c903a573,Patricia Cornell,person,,ocd-person/e657ef2c-bfc3-4a08-99fe-4456be3bfe2a,ocd-bill/097c16ac-2d01-4cff-914f-3492c042fe42,False,cosponsor
b720579c-b029-4409-81f1-28264232ba9f,Stephen L. Woodcock,person,,ocd-person/bdde38b3-3210-4b2d-890b-bbf2d2bf314a,ocd-bill/097c16ac-2d01-4cff-914f-3492c042fe42,False,cosponsor
2a877a27-673e-4818-97cc-f70d97586310,James C. Allard,person,,ocd-person/65336609-c7d5-4518-9d70-44e6e4058fb7,ocd-bill/097c16ac-2d01-4cff-914f-3492c042fe42,False,cosponsor
d4eb59ae-3cb6-48cb-af31-801e928ec630,Sue M. Mullen,person,,ocd-person/07c19313-fcb0-476b-b240-e299c55888f7,ocd-bill/097c16ac-2d01-4cff-914f-3492c042fe42,True,primary
4c8f7aaf-3694-4437-91c7-267739025174,David H Watters,person,,ocd-person/cf24defe-6df3-49f3-88ca-c6774b144f19,ocd-bill/d40e618d-9214-45c7-9a50-6da3ee409167,False,cosponsor
c6b6ef06-e989-4165-89d9-4fc50222236f,John A. Graham,person,,ocd-person/05a586d8-4c39-4578-95f6-7aaa30b3c67c,ocd-bill/d40e618d-9214-45c7-9a50-6da3ee409167,False,cosponsor
aa2ebce1-d16f-4489-ab50-20038b19039f,Suzanne J. Smith,person,,ocd-person/6a75f502-50fd-47e7-8160-1fce1205550e,ocd-bill/d40e618d-9214-45c7-9a50-6da3ee409167,False,cosponsor
1662f768-f078-44ef-be6e-3a8a0197f27b,Karen E. Ebel,person,,ocd-person/947e2e2b-04eb-4f92-9f83-aef8760517e0,ocd-bill/d40e618d-9214-45c7-9a50-6da3ee409167,True,primary
0f2b3beb-6a2d-42de-9f14-e468fc4302c4,Linda A. Massimilla,person,,ocd-person/c018f667-a248-4b79-b8be-63740191e1ff,ocd-bill/d40e618d-9214-45c7-9a50-6da3ee409167,False,cosponsor
1367cf02-9554-4086-8a58-0f75f56be30c,David E. Milz,person,,ocd-person/ef41a7dd-a84f-47db-b794-2a6c6be48771,ocd-bill/d40e618d-9214-45c7-9a50-6da3ee409167,False,cosponsor
7025314a-48a7-4b64-86df-8ccd685efd1f,George E. Sykes,person,,ocd-person/1d64c012-42cd-433e-9e51-d449279fe57e,ocd-bill/d40e618d-9214-45c7-9a50-6da3ee409167,False,cosponsor
243eda29-2c99-4fe8-9c10-a19b4cad4a4b,Dan H. Wolf,person,,ocd-person/d24c83af-3362-4925-9c05-a6b776d3314c,ocd-bill/d40e618d-9214-45c7-9a50-6da3ee409167,False,cosponsor
548353f0-39c1-47e7-9416-0ebc4a5685fa,Troy E. Merner,person,,ocd-person/729664f2-12c4-4c70-82a5-fee852813a0c,ocd-bill/d40e618d-9214-45c7-9a50-6da3ee409167,False,cosponsor
f66041e3-2f9b-4d2f-9a49-936257391c98,Ruth Ward,person,,ocd-person/9089a509-1f26-4770-adc6-199ed716e692,ocd-bill/d40e618d-9214-45c7-9a50-6da3ee409167,False,cosponsor
9e238336-09f2-43d5-978e-7552606c6131,Sparky Von Plinsky,person,,ocd-person/28f9b7e4-ec77-462a-8707-f9bedad6f32a,ocd-bill/d40e618d-9214-45c7-9a50-6da3ee409167,False,cosponsor
a013468a-02b8-4e51-a04e-1aa500443eac,Megan A. Murray,person,,ocd-person/f1902aac-3930-478d-9e89-60cef8bcae0b,ocd-bill/d40e618d-9214-45c7-9a50-6da3ee409167,False,cosponsor
d69c98ff-5d93-4c0d-bcfe-f72a29e4f00f,Erin Hennessey,person,,ocd-person/b8009d8b-0bb8-4a70-9e34-96d247a3327b,ocd-bill/d40e618d-9214-45c7-9a50-6da3ee409167,False,cosponsor
080fc93d-681e-417d-9381-04b14ad1b21f,Suzanne M Prentiss,person,,ocd-person/de206392-deba-4ecf-96a3-33494c415417,ocd-bill/d40e618d-9214-45c7-9a50-6da3ee409167,False,cosponsor
544bd824-0b7d-4cb7-927a-86265ffcdcd6,Rebecca G. Whitley,person,,ocd-person/92267d4c-e6f1-4f45-87be-83f229c2cd36,ocd-bill/d40e618d-9214-45c7-9a50-6da3ee409167,False,cosponsor
20822e37-d7c9-4536-9e2a-36f0c8e8f406,Kevin J. Cavanaugh,person,,ocd-person/7fb2bb33-cbdb-4dfd-9369-64f19f179777,ocd-bill/0a210502-f495-49a1-8129-8d91254095d0,True,primary
224bcd96-31eb-4041-a25f-325dc79ccaec,Ralph G. Boehm,person,,ocd-person/ac6ce16b-a462-4727-8e4b-724c7c19e58c,ocd-bill/83c19c32-f4cb-4151-ab33-d53fe1fbc76c,False,cosponsor
5eca3ae9-72b0-4486-9bc7-24aaf58c15b1,Rick M. Ladd,person,,ocd-person/1bd6c569-f2dd-4670-bf82-ef3ea4b15960,ocd-bill/83c19c32-f4cb-4151-ab33-d53fe1fbc76c,True,primary
91a3b90b-6b64-4fd6-820c-0ecc67ed6ae0,Glenn Cordelli,person,,ocd-person/c8aa2951-dea0-4999-9b6a-6323d9917e0b,ocd-bill/83c19c32-f4cb-4151-ab33-d53fe1fbc76c,False,cosponsor
80722453-4848-4684-8876-7ab95aff4862,Michael Moffett,person,,ocd-person/acb20216-f193-42e1-9304-2b1d3572e61d,ocd-bill/83c19c32-f4cb-4151-ab33-d53fe1fbc76c,False,cosponsor
bd1c52a0-e6d6-412d-8641-c37fb4fc95b1,Alicia D. Lekas,person,,ocd-person/50bcd6fc-7d60-4595-811c-213e18faf326,ocd-bill/83c19c32-f4cb-4151-ab33-d53fe1fbc76c,False,cosponsor
740451a0-da5c-4f87-8653-6e3c24916510,James C. Allard,person,,ocd-person/65336609-c7d5-4518-9d70-44e6e4058fb7,ocd-bill/83c19c32-f4cb-4151-ab33-d53fe1fbc76c,False,cosponsor
e80e0c4f-5e5b-487d-8ed6-0c2196716084,Mary Jane Wallner,person,,ocd-person/0e6f806c-ba57-4dc6-b6b4-f2a926288ca3,ocd-bill/eecb14c6-fcfe-43f1-901e-cc4f83f46777,True,primary
53e0d478-d03a-444e-86f5-95ee8450c725,Debra Altschiller,person,,ocd-person/925608b2-8d23-4186-85f6-4c50f334374d,ocd-bill/eecb14c6-fcfe-43f1-901e-cc4f83f46777,False,cosponsor
b73f9e78-9342-401d-8e31-d233ad841e6f,Kate R. Murray,person,,ocd-person/79bb2147-ea4b-4706-8b38-ee2309613ea0,ocd-bill/eecb14c6-fcfe-43f1-901e-cc4f83f46777,False,cosponsor
ddc2739f-ec64-4140-8cc0-5d7ed039bf70,Judy F. Aron,person,,ocd-person/533fb85c-c4f0-41f3-9bc6-8b1c422a9693,ocd-bill/87f82862-2755-4c17-a4c2-2ef7d75957d7,False,cosponsor
34c9a9fc-2ef5-4fba-afb0-f6dc0af61058,Jay Kahn,person,,ocd-person/998e681b-6df1-4b4a-92db-7a2187cedcd8,ocd-bill/34261842-6a73-4a4b-8eab-265d78a28328,True,primary
4d2ea8a1-a4bf-4099-99ef-e978aea2437c,Cindy Rosenwald,person,,ocd-person/f3e949ce-6d98-4826-bbca-08039cea4ea4,ocd-bill/34261842-6a73-4a4b-8eab-265d78a28328,False,cosponsor
d41a06e7-12bc-4be8-a817-6ed1950e2400,Max Abramson,person,,ocd-person/83f50732-5fc6-4287-87aa-786cf169840c,ocd-bill/d725087e-b00b-4da3-ad48-ab3eba189136,False,cosponsor
7723daa2-43f2-47ef-be3c-75d544295664,John M. Potucek,person,,ocd-person/433c67d6-bfdc-410e-87e2-463c93d55a17,ocd-bill/d725087e-b00b-4da3-ad48-ab3eba189136,False,cosponsor
7dacd97d-787a-4654-8b23-d4c448266f6d,Katherine J. Prudhomme-O'Brien,person,,ocd-person/a0a8c9d8-1f27-4d28-a249-8a5856ea5c05,ocd-bill/d725087e-b00b-4da3-ad48-ab3eba189136,True,primary
9a31c735-efe8-4414-b700-4167f1261fc7,Chris True,person,,ocd-person/9debae73-c678-420c-a515-c7381e304d1c,ocd-bill/d725087e-b00b-4da3-ad48-ab3eba189136,False,cosponsor
5f2f12c4-f6f6-431e-b38f-3e48d683ede0,David C. Love,person,,ocd-person/1c956ef6-b705-4e9d-af0c-f66d6f44591e,ocd-bill/d725087e-b00b-4da3-ad48-ab3eba189136,False,cosponsor
f2f74aff-af07-4613-822e-16d152071c39,Beth A. Folsom,person,,ocd-person/7a3b75f8-bea5-47f4-bc58-3f23a5de81e0,ocd-bill/d725087e-b00b-4da3-ad48-ab3eba189136,False,cosponsor
daf40451-ca5b-4d3d-8487-f53e08dbe47e,Karen E. Ebel,person,,ocd-person/947e2e2b-04eb-4f92-9f83-aef8760517e0,ocd-bill/a38c30d6-27a9-42ae-b61e-8360edb7bf65,False,cosponsor
fd2d5619-e828-4c5e-af07-6bc32508373b,Linda A. Massimilla,person,,ocd-person/c018f667-a248-4b79-b8be-63740191e1ff,ocd-bill/a38c30d6-27a9-42ae-b61e-8360edb7bf65,True,primary
13da7020-760b-4977-a84b-f22f4a579eea,Latha D. Mangipudi,person,,ocd-person/4f71f9e1-ce78-46d3-9665-00dd404a0f1b,ocd-bill/a38c30d6-27a9-42ae-b61e-8360edb7bf65,False,cosponsor
6f230ce8-01d4-437e-8485-144d2523bf3b,Phyllis M. Katsakiores,person,,ocd-person/19404ada-b556-4609-9814-f19db9c0a0ad,ocd-bill/a38c30d6-27a9-42ae-b61e-8360edb7bf65,False,cosponsor
c8710b3d-8744-40ee-8629-6c11979589ef,Patricia S. Klee,person,,ocd-person/3a5791f9-bea1-4fa8-86bb-f54d2efaa86e,ocd-bill/a38c30d6-27a9-42ae-b61e-8360edb7bf65,False,cosponsor
8e530079-c2e6-48e0-b3cb-d61a7b920f0f,Timothy T. Egan,person,,ocd-person/09523f28-3ff4-4ec0-ab75-d198c2c27db3,ocd-bill/a38c30d6-27a9-42ae-b61e-8360edb7bf65,False,cosponsor
76e5a262-3791-4e38-8ecc-83f3f89805d9,Michael D. Harrington,person,,ocd-person/21e95dbc-c226-4f4a-9fa2-8f5b374d0a98,ocd-bill/0d85f796-01b4-47ca-8673-d8deb1317102,True,primary
2fb812a2-b87d-4fa2-89a2-61eed079da49,Robert Renny Cushing,person,,ocd-person/cdb3279c-243a-4ca0-8e83-fcb10a975736,ocd-bill/f21b0c0f-92f2-4518-9e05-d8f8429b3d87,False,cosponsor
289981ea-c7fd-46fc-891e-329141420959,Michael A. Edgar,person,,ocd-person/0f78413a-b328-4856-ab48-21a5d4d614c0,ocd-bill/f21b0c0f-92f2-4518-9e05-d8f8429b3d87,False,cosponsor
b68b5cc6-b459-4ee5-a412-3a3877295bb8,Tom Sherman,person,,ocd-person/ee95d0de-e55e-4733-ba97-0fde66adf65c,ocd-bill/f21b0c0f-92f2-4518-9e05-d8f8429b3d87,False,cosponsor
1f4805e6-b8f8-4fc1-b393-3dd36ebbd930,Joyce Weston,person,,ocd-person/2dbea6d6-0221-41de-98bf-508b14eb085d,ocd-bill/f21b0c0f-92f2-4518-9e05-d8f8429b3d87,False,cosponsor
6254cc52-e8e7-4b9a-940a-cf5929e437f3,Rosemarie Rung,person,,ocd-person/1a5923c6-3e1f-4ebe-8739-17c9e9642403,ocd-bill/f21b0c0f-92f2-4518-9e05-d8f8429b3d87,True,primary
749e4571-a8ec-451c-a062-f71347b245a8,Peter Petrigno,person,,ocd-person/1bf3d6c4-3325-4571-b2f7-6a28422dada6,ocd-bill/f21b0c0f-92f2-4518-9e05-d8f8429b3d87,False,cosponsor
f1cb0bc9-f325-4723-b14b-67a1101ec7f8,David Meuse,person,,ocd-person/4b449f0f-2024-4e18-bbbd-7f0bbcfa8cac,ocd-bill/f21b0c0f-92f2-4518-9e05-d8f8429b3d87,False,cosponsor
29fb6753-1b59-4882-825d-007b5c1d31e6,Cassandra N. Levesque,person,,ocd-person/711423e3-ff28-4150-8a89-ec568a4f2c5d,ocd-bill/f21b0c0f-92f2-4518-9e05-d8f8429b3d87,False,cosponsor
e2b96e19-185f-4151-b57e-0290cdfbb5ea,Dennis F. Acton,person,,ocd-person/b81591ca-1856-4807-ac66-283280ea12ba,ocd-bill/2960783b-829e-40df-b6e1-7afb430bbd66,True,primary
335f57f5-3479-4cb3-ac03-1a983521faad,John B. Hunt,person,,ocd-person/35c51630-9b9c-411a-9b98-0842cb6093df,ocd-bill/88d332e4-4163-4c1b-b8c2-8cb697ea1b7f,False,cosponsor
9e7db48f-4ea7-4629-91dd-a7d8a920d719,Jason M. Osborne,person,,ocd-person/6e2bc564-5cd1-4f96-a265-4753b7f12ee1,ocd-bill/88d332e4-4163-4c1b-b8c2-8cb697ea1b7f,False,cosponsor
78f99042-f1a0-4706-9197-4a3eff134dc7,Jess C. Edwards,person,,ocd-person/3787c84d-f615-4e9d-bac8-42f86ea308db,ocd-bill/88d332e4-4163-4c1b-b8c2-8cb697ea1b7f,True,primary
a39fa16c-6465-4559-b736-97007d12b88e,Linda R. Gould,person,,ocd-person/40ae4adb-2124-47ca-82b5-9eee794af4a2,ocd-bill/047e8c32-6d03-4570-b652-7a346f289c4b,False,cosponsor
f6bd9708-cebe-4aa0-a77e-59a55cf2cece,Norman J. Silber,person,,ocd-person/2f3c984e-640c-49ec-aba9-4928db0e9edc,ocd-bill/047e8c32-6d03-4570-b652-7a346f289c4b,True,primary
97d14420-0c52-440a-ab2b-6c7b016af665,Barbara Comtois,person,,ocd-person/3e0ee111-2332-4742-b073-a23cc37a8b51,ocd-bill/047e8c32-6d03-4570-b652-7a346f289c4b,False,cosponsor
74f40220-dde6-4b3a-8cef-deeae98f4611,Michael Yakubovich,person,,ocd-person/39d155fd-5ecf-4608-985c-82f5855fe260,ocd-bill/047e8c32-6d03-4570-b652-7a346f289c4b,False,cosponsor
f60d0686-4e69-401a-8d91-db715625d3d2,Thomas L. Buco,person,,ocd-person/22809c1b-0676-4ad9-8d0e-8a0a9d19063a,ocd-bill/fbac8c67-7df7-495f-b21e-958f5a883291,False,cosponsor
2744c761-2d6c-429e-9124-0a8f8c468bdc,Glenn Cordelli,person,,ocd-person/c8aa2951-dea0-4999-9b6a-6323d9917e0b,ocd-bill/fbac8c67-7df7-495f-b21e-958f5a883291,True,primary
79c3c117-5055-4b03-a75b-dddb4fd254dc,Karel A. Crawford,person,,ocd-person/a0936f2f-8170-47f9-8b05-6c6697a95968,ocd-bill/fbac8c67-7df7-495f-b21e-958f5a883291,False,cosponsor
6d809205-006d-4b32-827a-253af8e926d4,Bill G. Nelson,person,,ocd-person/7f0e0e2d-f085-4d4b-bebb-f5aa37741fd5,ocd-bill/fbac8c67-7df7-495f-b21e-958f5a883291,False,cosponsor
34363ad0-d7bb-40f3-abed-3f49df864524,Lino M. Avellani,person,,ocd-person/4d68b7bf-e7fb-4c6d-ac12-526aba53e65e,ocd-bill/fbac8c67-7df7-495f-b21e-958f5a883291,False,cosponsor
f4e36e82-8a01-4029-b857-b8f40900fda9,William M. Marsh,person,,ocd-person/22006937-f2ca-4a2e-b92a-457777933dc7,ocd-bill/fbac8c67-7df7-495f-b21e-958f5a883291,False,cosponsor
ce76aea3-343a-469f-9cc7-3623b79880e1,Jonathan H. Smith,person,,ocd-person/214b10b8-1ed6-4964-8aab-32c6609965f6,ocd-bill/fbac8c67-7df7-495f-b21e-958f5a883291,False,cosponsor
1a9aeaf8-d31e-40f8-8139-00b76364e4b8,Brodie S. Deshaies,person,,ocd-person/cf0f7c1c-a402-49f9-80cd-102f946cd260,ocd-bill/fbac8c67-7df7-495f-b21e-958f5a883291,False,cosponsor
cac977a1-3a73-411c-adc8-736730d7a2d2,John M. Potucek,person,,ocd-person/433c67d6-bfdc-410e-87e2-463c93d55a17,ocd-bill/63e14f6e-7903-49bd-a73b-e4952907c6c7,True,primary
aa660159-6d1a-4ab8-a5b1-686df9685473,Constance Van Houten,person,,ocd-person/5e54c6e7-01cb-42c8-b3ed-8137e6c995fd,ocd-bill/63e14f6e-7903-49bd-a73b-e4952907c6c7,False,cosponsor
d5b9b63f-1ab9-471b-a670-fa9293ef53d7,Cody M. Belanger,person,,ocd-person/5aa4450b-2f9d-442f-9c94-b2a8c500812b,ocd-bill/63e14f6e-7903-49bd-a73b-e4952907c6c7,False,cosponsor
942d2733-58a2-4afe-8525-34a13176c1eb,Gregory G. Hill,person,,ocd-person/852df922-484b-412f-a604-c2d67efee5ec,ocd-bill/0612e02e-7f74-4db4-9cd1-5a5002f5113f,False,cosponsor
6e70b254-1514-4243-a7d4-8496d403c13b,Natalie J. Wells,person,,ocd-person/fdcf8c83-01c5-4733-bdba-f94e8a4d3410,ocd-bill/0612e02e-7f74-4db4-9cd1-5a5002f5113f,True,primary
43982d05-fc16-4c16-b68d-5f297ccde8f8,Brian Seaworth,person,,ocd-person/b12abcbf-fbbe-4464-854e-6960b024e62a,ocd-bill/03365fef-eddf-4042-a0c8-e22dc63c5a48,True,primary
7fd69fda-ce17-48fe-a9ac-dbe1437ca192,Daryl A. Abbas,person,,ocd-person/6dfd683a-1f79-49db-95a9-07f4f9898a22,ocd-bill/4a84b6b7-6912-4862-9d4c-99c67e540ddd,True,primary
d47a2f8c-e71b-45eb-95b8-f4fbf55069e7,Douglas R. Trottier,person,,ocd-person/464c15d2-0b67-47e6-8c0a-fc556b336d4a,ocd-bill/4a84b6b7-6912-4862-9d4c-99c67e540ddd,False,cosponsor
d683c10a-2dc9-46f0-9777-43291f7f5b1e,Linda C. Harriott-Gathright,person,,ocd-person/1e2b57f6-dbb9-4069-a71b-d40828c80cfa,ocd-bill/f04766f4-f9e0-4b80-9641-989b3f706fa6,False,cosponsor
a067d306-625b-49e7-a6aa-d7cba895aeb1,Lee Walker Oxenham,person,,ocd-person/f3fb87b7-7fb5-432a-9fb2-bd15170f1275,ocd-bill/f04766f4-f9e0-4b80-9641-989b3f706fa6,False,cosponsor
4c607d98-21f2-4670-a46e-e16d12aeb297,Kristina M. Schultz,person,,ocd-person/8698b473-ea4e-4126-8766-a2b5b5878702,ocd-bill/f04766f4-f9e0-4b80-9641-989b3f706fa6,True,primary
836a0053-f3ba-49fe-a264-baf87a683e62,Laurel Stavis,person,,ocd-person/90ca1969-94b3-4c8d-b712-e00e48a7a671,ocd-bill/f04766f4-f9e0-4b80-9641-989b3f706fa6,False,cosponsor
69c75a92-c8f3-459d-bad4-20146f5b5e73,Donald J. Bouchard,person,,ocd-person/74ae3ef0-c1f3-48ce-a5a6-c9bc4661bf08,ocd-bill/f04766f4-f9e0-4b80-9641-989b3f706fa6,False,cosponsor
653b0224-30d3-4eca-a9ac-118ca796fae6,Safiya Wazir,person,,ocd-person/a2975441-f5d1-4e95-8a4e-1d930fc16bc2,ocd-bill/f04766f4-f9e0-4b80-9641-989b3f706fa6,False,cosponsor
21a11c1e-3222-444e-8c2a-0cda9c2488c6,Arthur S. Ellison,person,,ocd-person/677500cb-eb95-4ad1-b3f5-02894c28e369,ocd-bill/f04766f4-f9e0-4b80-9641-989b3f706fa6,False,cosponsor
256a83dc-579e-46c3-bd2e-be2276835f70,Cam E. Kenney,person,,ocd-person/9f35ea7b-b937-4b06-8be5-5cfbc83381e1,ocd-bill/f04766f4-f9e0-4b80-9641-989b3f706fa6,False,cosponsor
ca0ef9a1-2eb7-4bcf-9447-10e1ca59f55c,Cassandra N. Levesque,person,,ocd-person/711423e3-ff28-4150-8a89-ec568a4f2c5d,ocd-bill/f04766f4-f9e0-4b80-9641-989b3f706fa6,False,cosponsor
028de3b4-5103-4cf9-9805-82e374832f84,Rebecca G. Whitley,person,,ocd-person/92267d4c-e6f1-4f45-87be-83f229c2cd36,ocd-bill/f04766f4-f9e0-4b80-9641-989b3f706fa6,False,cosponsor
8f22a9fb-8d14-44a4-b3a1-96bc7a5fe9c1,Josh S. Yokela,person,,ocd-person/c96f9d7a-b859-4b37-8fdd-4097b21d3f2c,ocd-bill/14b558eb-d80e-4d2c-8f0d-79e5128ae9a7,True,primary
b479f162-df33-461e-ac32-cc9f00c16849,John Reagan,person,,ocd-person/f516d40a-3676-4437-8285-a931d7c2885b,ocd-bill/b6d8229a-0141-4183-9ae3-f4359c0fb62e,False,cosponsor
908998c3-6799-4f4e-ac18-1aaafd458876,Glenn Cordelli,person,,ocd-person/c8aa2951-dea0-4999-9b6a-6323d9917e0b,ocd-bill/b6d8229a-0141-4183-9ae3-f4359c0fb62e,True,primary
8664f5a2-37cf-4316-b4fb-1ca006385fb1,Mark McLean,person,,ocd-person/b089786f-4435-4822-a7d6-3725cca787bf,ocd-bill/b6d8229a-0141-4183-9ae3-f4359c0fb62e,False,cosponsor
47341417-1520-4f56-b0aa-0890ebb16b8e,Claire A. Rouillard,person,,ocd-person/527f8fb3-d715-438e-be76-59cd96641c11,ocd-bill/b6d8229a-0141-4183-9ae3-f4359c0fb62e,False,cosponsor
ed0e444a-7aff-4720-873f-6f4a009f43d6,James A. Spillane,person,,ocd-person/2520dc46-648c-44d0-ba1f-fe09b17a9d8b,ocd-bill/b6d8229a-0141-4183-9ae3-f4359c0fb62e,False,cosponsor
c29e91f4-98d5-4380-8761-5dbf1b34e276,Douglas W. Thomas,person,,ocd-person/5db11498-80a8-4136-9c50-2c7f1a2f6826,ocd-bill/b6d8229a-0141-4183-9ae3-f4359c0fb62e,False,cosponsor
f6c3b1dd-3b50-477c-9ebb-71c1876f0112,Kevin G. Verville,person,,ocd-person/9d10ccec-b571-4eea-b025-9ed7634b6516,ocd-bill/b6d8229a-0141-4183-9ae3-f4359c0fb62e,False,cosponsor
a558378a-544c-4ee4-9fb8-50255e72af6f,Chuck Morse,person,,ocd-person/72b8f708-a22d-477d-9c55-e5d14b8308a6,ocd-bill/d5ae5144-7be6-4afa-bc5b-4cdac3d92536,True,primary
895a19ad-a0cd-4886-af0e-12ff296ff040,Jeb Bradley,person,,ocd-person/3f5455e8-256e-4442-9c13-bc14f62ce76f,ocd-bill/556edcb7-543c-4516-9bcd-0a6164ee885e,False,cosponsor
adaea0af-09cf-4ddd-9294-0367cf66df3d,David H Watters,person,,ocd-person/cf24defe-6df3-49f3-88ca-c6774b144f19,ocd-bill/556edcb7-543c-4516-9bcd-0a6164ee885e,False,cosponsor
75f5ebba-b68b-425b-84d7-0b0253f102c6,Suzanne M Prentiss,person,,ocd-person/de206392-deba-4ecf-96a3-33494c415417,ocd-bill/556edcb7-543c-4516-9bcd-0a6164ee885e,True,primary
14a30716-6b46-48d4-a92d-855ce21c5603,Rebecca Perkins Kwoka,person,,ocd-person/c20b7693-7f2c-4646-af7f-d57518edd1a4,ocd-bill/556edcb7-543c-4516-9bcd-0a6164ee885e,False,cosponsor
4853ce98-1ab3-47ca-aa9c-a94da8a3b6e6,Jess C. Edwards,person,,ocd-person/3787c84d-f615-4e9d-bac8-42f86ea308db,ocd-bill/aa7712da-af02-467d-b3f2-9c19426cc83f,True,primary
0765cc39-3a98-4021-9e55-7b2fbdbcbbe4,Jim V. Maggiore,person,,ocd-person/deb760cf-91f7-415c-949a-bab0c5311d6f,ocd-bill/2295e914-c4a8-475e-bb2c-a78a21136a64,True,primary
086bd435-16d6-4f18-a068-c2e7493459ba,Sharon M Carson,person,,ocd-person/00964fc0-dd57-44c3-87bf-b6d5bbc34560,ocd-bill/83665716-9cbd-481c-a705-835c526fe751,False,cosponsor
63d3d66f-e246-4d7b-99b2-ffb3259b84ab,Regina Birdsell,person,,ocd-person/461c9024-c8c3-44a5-91d6-015a6587db5f,ocd-bill/83665716-9cbd-481c-a705-835c526fe751,True,primary
1c0c5de9-aeca-4ef7-95f4-b0b2b30f4908,Bill Gannon,person,,ocd-person/d3c437bd-532d-458b-961f-4f6dccec1e4b,ocd-bill/83665716-9cbd-481c-a705-835c526fe751,False,cosponsor
cd96541f-3113-4359-9c67-a26118adcfc4,Kevin J. Cavanaugh,person,,ocd-person/7fb2bb33-cbdb-4dfd-9369-64f19f179777,ocd-bill/83665716-9cbd-481c-a705-835c526fe751,False,cosponsor
f92a1e45-e40e-442e-81d2-7112356e8ff5,Tom Sherman,person,,ocd-person/ee95d0de-e55e-4733-ba97-0fde66adf65c,ocd-bill/83665716-9cbd-481c-a705-835c526fe751,False,cosponsor
cdfed71b-272b-499e-ad5f-9197c1905cd3,Robert Renny Cushing,person,,ocd-person/cdb3279c-243a-4ca0-8e83-fcb10a975736,ocd-bill/71a7ac78-ed0e-4dd3-883d-70ca631267aa,True,primary
3221e1ff-a451-4f63-a824-081bc77444f6,Michael A. Edgar,person,,ocd-person/0f78413a-b328-4856-ab48-21a5d4d614c0,ocd-bill/71a7ac78-ed0e-4dd3-883d-70ca631267aa,False,cosponsor
73c01747-d7ef-4fd0-8b0a-db1e1733cb19,Tom Sherman,person,,ocd-person/ee95d0de-e55e-4733-ba97-0fde66adf65c,ocd-bill/71a7ac78-ed0e-4dd3-883d-70ca631267aa,False,cosponsor
16e4aea0-77e6-4b91-86b9-9aa5bfffbbd2,Rosemarie Rung,person,,ocd-person/1a5923c6-3e1f-4ebe-8739-17c9e9642403,ocd-bill/71a7ac78-ed0e-4dd3-883d-70ca631267aa,False,cosponsor
f97ae8b0-ce08-4011-88b0-98af8799556a,David Meuse,person,,ocd-person/4b449f0f-2024-4e18-bbbd-7f0bbcfa8cac,ocd-bill/71a7ac78-ed0e-4dd3-883d-70ca631267aa,False,cosponsor
08631037-9bc9-485c-a02c-8578dc34787f,Deborah L. Hobson,person,,ocd-person/6e4aa2d5-d1c7-4009-950f-e5ebedea7189,ocd-bill/71a7ac78-ed0e-4dd3-883d-70ca631267aa,False,cosponsor
c4309986-a997-4bbc-b441-ada1948283ec,Cassandra N. Levesque,person,,ocd-person/711423e3-ff28-4150-8a89-ec568a4f2c5d,ocd-bill/71a7ac78-ed0e-4dd3-883d-70ca631267aa,False,cosponsor
727b63bd-fafc-439e-8c95-45ba8d7d3e8a,Patrick F. Abrami,person,,ocd-person/0327f85d-1b5a-4218-a97f-f393a965d64b,ocd-bill/df00b848-23b3-4788-8c71-eb7c33975cb9,False,cosponsor
017ce77e-2937-4641-b3b9-99cf6b3aaf1f,Troy E. Merner,person,,ocd-person/729664f2-12c4-4c70-82a5-fee852813a0c,ocd-bill/df00b848-23b3-4788-8c71-eb7c33975cb9,True,primary
c365cd94-6997-4e5f-b645-9dce24184cb7,Patrick T. Long,person,,ocd-person/14d0ff58-3340-4344-bb79-c6acd5f8ba6c,ocd-bill/95e6fa63-8134-4021-ae13-a5d1adc65c40,True,primary
5e9306bc-a44a-4146-a5a1-a2befedc610c,Lou D'Allesandro,person,,ocd-person/87c48788-817d-408b-a1e1-ebe1c9fd893d,ocd-bill/6a78bf3a-0b77-462e-9545-a9136a441ac1,False,cosponsor
ea213261-e5a7-4c78-beb5-69f8dfb35ba1,Jeb Bradley,person,,ocd-person/3f5455e8-256e-4442-9c13-bc14f62ce76f,ocd-bill/6a78bf3a-0b77-462e-9545-a9136a441ac1,False,cosponsor
23263c89-3fe4-4397-adad-1c66302a250b,Donna M. Soucy,person,,ocd-person/bfbbacfd-e12a-4e07-970e-c2c2c006f4a2,ocd-bill/6a78bf3a-0b77-462e-9545-a9136a441ac1,False,cosponsor
96785994-9bdb-4688-8b51-ad135ce88772,William M. Marsh,person,,ocd-person/22006937-f2ca-4a2e-b92a-457777933dc7,ocd-bill/6a78bf3a-0b77-462e-9545-a9136a441ac1,False,cosponsor
4d5d258d-e4ce-43a1-b698-508af6277800,Lou D'Allesandro,person,,ocd-person/87c48788-817d-408b-a1e1-ebe1c9fd893d,ocd-bill/c2c4a4fa-e38c-4e93-bde9-8e1810f4efa8,False,cosponsor
c6078949-f568-45b4-9a52-aac3d63b3b25,Chuck Morse,person,,ocd-person/72b8f708-a22d-477d-9c55-e5d14b8308a6,ocd-bill/c2c4a4fa-e38c-4e93-bde9-8e1810f4efa8,False,cosponsor
6f520673-839a-438b-b74a-7d86eba4cc89,Jeb Bradley,person,,ocd-person/3f5455e8-256e-4442-9c13-bc14f62ce76f,ocd-bill/c2c4a4fa-e38c-4e93-bde9-8e1810f4efa8,True,primary
23212450-7499-48f9-99e4-a3b03c53ebea,David H Watters,person,,ocd-person/cf24defe-6df3-49f3-88ca-c6774b144f19,ocd-bill/c2c4a4fa-e38c-4e93-bde9-8e1810f4efa8,False,cosponsor
dc6a4692-21fd-4392-8c6b-ac2672c8e00d,Donna M. Soucy,person,,ocd-person/bfbbacfd-e12a-4e07-970e-c2c2c006f4a2,ocd-bill/c2c4a4fa-e38c-4e93-bde9-8e1810f4efa8,False,cosponsor
f6d5c5c0-b6af-4f63-97f6-9b20182f93bc,Robert Renny Cushing,person,,ocd-person/cdb3279c-243a-4ca0-8e83-fcb10a975736,ocd-bill/c2c4a4fa-e38c-4e93-bde9-8e1810f4efa8,False,cosponsor
bbff2006-3a3b-49c8-a1fd-5152019ce776,Marjorie K. Smith,person,,ocd-person/86b31d04-3a4b-4199-b10e-27bd337f0a34,ocd-bill/c2c4a4fa-e38c-4e93-bde9-8e1810f4efa8,False,cosponsor
23feae98-2ebb-4583-9c3b-d6e2944be454,James P. Gray,person,,ocd-person/e6443187-eb51-42eb-8bd7-349ed0ba9641,ocd-bill/c2c4a4fa-e38c-4e93-bde9-8e1810f4efa8,False,cosponsor
0f342831-11ee-48bd-8972-11c7c5b28037,Jay Kahn,person,,ocd-person/998e681b-6df1-4b4a-92db-7a2187cedcd8,ocd-bill/c2c4a4fa-e38c-4e93-bde9-8e1810f4efa8,False,cosponsor
665aa0ec-ccf5-44c7-9cab-e273b81c19e0,Tom Sherman,person,,ocd-person/ee95d0de-e55e-4733-ba97-0fde66adf65c,ocd-bill/c2c4a4fa-e38c-4e93-bde9-8e1810f4efa8,False,cosponsor
2c10a40a-4b5e-44bb-b9f5-9e487c89ddf3,Cindy Rosenwald,person,,ocd-person/f3e949ce-6d98-4826-bbca-08039cea4ea4,ocd-bill/c2c4a4fa-e38c-4e93-bde9-8e1810f4efa8,False,cosponsor
b4c91f54-f266-4c76-a91f-779f2b85260d,Erin Hennessey,person,,ocd-person/b8009d8b-0bb8-4a70-9e34-96d247a3327b,ocd-bill/c2c4a4fa-e38c-4e93-bde9-8e1810f4efa8,False,cosponsor
35ee4994-e300-4205-89e6-c1183b851ba8,Suzanne M Prentiss,person,,ocd-person/de206392-deba-4ecf-96a3-33494c415417,ocd-bill/c2c4a4fa-e38c-4e93-bde9-8e1810f4efa8,False,cosponsor
462baaf0-0301-40bd-bbef-7e52f53f0789,Rebecca G. Whitley,person,,ocd-person/92267d4c-e6f1-4f45-87be-83f229c2cd36,ocd-bill/c2c4a4fa-e38c-4e93-bde9-8e1810f4efa8,False,cosponsor
aa393fff-4b10-4acf-8559-64c831e377f5,Rebecca Perkins Kwoka,person,,ocd-person/c20b7693-7f2c-4646-af7f-d57518edd1a4,ocd-bill/c2c4a4fa-e38c-4e93-bde9-8e1810f4efa8,False,cosponsor
cb7643dc-5932-4075-acfd-eb0fb4ecba93,Keith M. Ammon,person,,,ocd-bill/4958a255-b43c-42bc-8bc8-18234fc6babe,False,cosponsor
9e038c1d-64b4-46a8-b635-913ec397753c,Kevin A. Avard,person,,ocd-person/b99b0bbb-4710-43c7-a6b5-0e04524eedf0,ocd-bill/4958a255-b43c-42bc-8bc8-18234fc6babe,False,cosponsor
b40e495f-0bee-4a04-b69e-255f9ef86261,Hershel Nunez,person,,ocd-person/3724f35b-dc08-456a-a432-1ead531e8dfd,ocd-bill/4958a255-b43c-42bc-8bc8-18234fc6babe,False,cosponsor
ac28226f-692e-4819-9768-a3e11ad60cef,Jim Kofalt,person,,ocd-person/fa8b39ea-006f-420a-9a3f-fe36d0db8776,ocd-bill/4958a255-b43c-42bc-8bc8-18234fc6babe,True,primary
15ab17af-f2ee-44c2-a0f4-82e09b9728a7,Susan Homola,person,,ocd-person/3551eabf-c9cc-43e6-9035-b388bf069dc4,ocd-bill/4958a255-b43c-42bc-8bc8-18234fc6babe,False,cosponsor
44e423c3-9535-41b0-870b-f5da67d674d2,Kristina M. Schultz,person,,ocd-person/8698b473-ea4e-4126-8766-a2b5b5878702,ocd-bill/008c5f09-5677-44b9-bcc8-266c5979e6d2,True,primary
032e57d9-cc45-488f-ae32-79c3c77956dc,Michael Yakubovich,person,,ocd-person/39d155fd-5ecf-4608-985c-82f5855fe260,ocd-bill/c8704a00-a046-4c7f-95c8-0afdf117d9dc,False,cosponsor
8b26ba41-7d97-45b3-bc14-04a689ecb148,Josh S. Yokela,person,,ocd-person/c96f9d7a-b859-4b37-8fdd-4097b21d3f2c,ocd-bill/c8704a00-a046-4c7f-95c8-0afdf117d9dc,True,primary
bf083def-48a2-482d-9874-bda4c713dbd3,David H Watters,person,,ocd-person/cf24defe-6df3-49f3-88ca-c6774b144f19,ocd-bill/d1e34b6a-fdf0-45be-881f-5c3707219e88,True,primary
6d7b7f1c-9d5f-4995-abb9-3340520a9ff2,Peter B. Schmidt,person,,ocd-person/16654889-3b48-44d6-a6d3-8da5d7a434f1,ocd-bill/d1e34b6a-fdf0-45be-881f-5c3707219e88,False,cosponsor
1a024338-e96b-4e9c-9f59-ac7fa7f417ce,Timothy O. Horrigan,person,,ocd-person/2a11a559-c16e-4211-82ea-215951d74c1f,ocd-bill/d1e34b6a-fdf0-45be-881f-5c3707219e88,False,cosponsor
068cae7c-c517-41b8-8ed1-625ae7973e88,Catherine M. Sofikitis,person,,ocd-person/36fb226e-9ed4-483f-a254-141baf18d295,ocd-bill/d1e34b6a-fdf0-45be-881f-5c3707219e88,False,cosponsor
fa8e2fa6-d4d6-4cb9-ac74-155880f85d9f,Ruth Ward,person,,ocd-person/9089a509-1f26-4770-adc6-199ed716e692,ocd-bill/d1e34b6a-fdf0-45be-881f-5c3707219e88,False,cosponsor
20c086df-c295-4e95-80e0-817d1e3c6fb4,Jay Kahn,person,,ocd-person/998e681b-6df1-4b4a-92db-7a2187cedcd8,ocd-bill/d1e34b6a-fdf0-45be-881f-5c3707219e88,False,cosponsor
7f88d9df-49f9-4805-bc7b-f8ab74657996,Kristina M. Schultz,person,,ocd-person/8698b473-ea4e-4126-8766-a2b5b5878702,ocd-bill/d1e34b6a-fdf0-45be-881f-5c3707219e88,False,cosponsor
731ad9d7-f9cf-4f40-b485-92d054b04ddc,Rebecca Perkins Kwoka,person,,ocd-person/c20b7693-7f2c-4646-af7f-d57518edd1a4,ocd-bill/d1e34b6a-fdf0-45be-881f-5c3707219e88,False,cosponsor
269db749-d59a-4d6d-b2cd-e2d1fddb0388,Peter W. Bixby,person,,ocd-person/2c42e95c-0192-4910-9fc6-8a43b58c6467,ocd-bill/dbc5732e-904a-46d2-8d13-f27f98e96f03,False,cosponsor
14f6f14f-7566-4eab-b25d-26edb7dacc06,Amanda C. Bouldin,person,,ocd-person/7ad034dd-b6f2-4314-94d9-cffce7144e5d,ocd-bill/dbc5732e-904a-46d2-8d13-f27f98e96f03,False,cosponsor
52904d31-15c3-4c9b-b3ff-944137c4c347,Patricia Cornell,person,,ocd-person/e657ef2c-bfc3-4a08-99fe-4456be3bfe2a,ocd-bill/dbc5732e-904a-46d2-8d13-f27f98e96f03,False,cosponsor
28980cb8-da08-480e-a831-73cc6e83b4e0,Betty I. Gay,person,,ocd-person/c2486401-1c5f-4cfc-b4ef-bbae6b8c0489,ocd-bill/dbc5732e-904a-46d2-8d13-f27f98e96f03,False,cosponsor
4918f3b4-e289-4de1-ada3-a41d98142813,Constance Van Houten,person,,ocd-person/5e54c6e7-01cb-42c8-b3ed-8137e6c995fd,ocd-bill/dbc5732e-904a-46d2-8d13-f27f98e96f03,False,cosponsor
8afea7fa-2744-4b71-8b4b-68f08bc6f173,Casey M. Conley,person,,ocd-person/3290a4d4-7403-45f8-adc4-4e26e0fefa09,ocd-bill/dbc5732e-904a-46d2-8d13-f27f98e96f03,False,cosponsor
5a246e49-f1a5-4922-9f7f-44316191a6a3,Andrew J. Bouldin,person,,ocd-person/ad413289-53c5-4966-9f0f-fd392d95a827,ocd-bill/dbc5732e-904a-46d2-8d13-f27f98e96f03,True,primary
c6d62666-041b-4a3a-afbe-f9005ad3e8ca,John E. Mann,person,,ocd-person/a8024476-bf44-4932-b6eb-e1f6af0a2298,ocd-bill/56ec3003-e0a0-4097-9047-ac90884cf482,True,primary
8ae63179-d577-4baa-bee6-876e2e682246,Rebecca J. McWilliams,person,,ocd-person/39eb4d14-9ef3-4b1b-bcb6-a66f1aa97491,ocd-bill/56ec3003-e0a0-4097-9047-ac90884cf482,False,cosponsor
3b35c98d-dfe3-4e46-9933-9daf9e2e27f1,David E. Cote,person,,ocd-person/fc07140c-ea9f-4f3f-9a44-17e7dcfc0b4b,ocd-bill/d755d31a-da20-4bc6-ad85-adf508838f44,False,cosponsor
a4c86267-eae5-43a0-b24f-ce008637e2be,Michael B. O'Brien,person,,ocd-person/e15e323b-2d85-4272-9f1e-13d12b8c82f4,ocd-bill/d755d31a-da20-4bc6-ad85-adf508838f44,True,primary
9eaeaeeb-f950-4723-996a-09e11d2f0330,Laura D. Telerski,person,,ocd-person/ac414b7c-45dc-48b6-9530-eaa8e80b124f,ocd-bill/d755d31a-da20-4bc6-ad85-adf508838f44,False,cosponsor
a1d05c8b-3f13-4d0f-bde1-19d4b1bc3d9f,Cindy Rosenwald,person,,ocd-person/f3e949ce-6d98-4826-bbca-08039cea4ea4,ocd-bill/d755d31a-da20-4bc6-ad85-adf508838f44,False,cosponsor
bebbd33d-ba7e-4f32-b6e1-5b3aea9cac10,Rebecca J. McWilliams,person,,ocd-person/39eb4d14-9ef3-4b1b-bcb6-a66f1aa97491,ocd-bill/908ae68d-0d14-4d95-9de0-14c5391ad508,False,cosponsor
ca019191-5732-4f61-89db-8134f59ebb5b,Robert D. Harb,person,,ocd-person/c62fca24-e8c3-4f87-95dd-cb52a3d58c05,ocd-bill/908ae68d-0d14-4d95-9de0-14c5391ad508,False,cosponsor
8b896350-db87-447b-8681-c9a309d2660a,Jeb Bradley,person,,ocd-person/3f5455e8-256e-4442-9c13-bc14f62ce76f,ocd-bill/fdc796f4-d624-4489-be2c-70bff57c0ca5,True,primary
59b0717a-6d99-4ab3-b1df-954ab4ddc755,Lou D'Allesandro,person,,ocd-person/87c48788-817d-408b-a1e1-ebe1c9fd893d,ocd-bill/54099548-b67f-40d8-b0b0-98fc65b949ce,False,cosponsor
183b5ea8-9e1a-4e82-9574-7875d8c697ee,Sharon M Carson,person,,ocd-person/00964fc0-dd57-44c3-87bf-b6d5bbc34560,ocd-bill/54099548-b67f-40d8-b0b0-98fc65b949ce,False,cosponsor
6a960518-2971-4fa7-b762-3490c5fa5635,Jeb Bradley,person,,ocd-person/3f5455e8-256e-4442-9c13-bc14f62ce76f,ocd-bill/54099548-b67f-40d8-b0b0-98fc65b949ce,False,cosponsor
98b9f207-9ce3-4cac-a180-d880704a88d1,David H Watters,person,,ocd-person/cf24defe-6df3-49f3-88ca-c6774b144f19,ocd-bill/54099548-b67f-40d8-b0b0-98fc65b949ce,False,cosponsor
3a7a56a7-3ab5-4884-95d8-7f56fb53d1ec,John Reagan,person,,ocd-person/f516d40a-3676-4437-8285-a931d7c2885b,ocd-bill/54099548-b67f-40d8-b0b0-98fc65b949ce,False,cosponsor
e1944a52-320b-4a1e-bfd7-78958ffe7c05,Debra L. DeSimone,person,,ocd-person/7ef7472f-0bda-4708-9239-76adeca1e87e,ocd-bill/54099548-b67f-40d8-b0b0-98fc65b949ce,False,cosponsor
3f0d32f6-4af6-430c-8188-7086b1289d1c,Regina Birdsell,person,,ocd-person/461c9024-c8c3-44a5-91d6-015a6587db5f,ocd-bill/54099548-b67f-40d8-b0b0-98fc65b949ce,False,cosponsor
dffcf03f-2258-41d5-ad18-b3fac472f5f3,William M. Marsh,person,,ocd-person/22006937-f2ca-4a2e-b92a-457777933dc7,ocd-bill/54099548-b67f-40d8-b0b0-98fc65b949ce,False,cosponsor
c2572b0b-57cf-45d4-955a-423516df1bbb,James P. Gray,person,,ocd-person/e6443187-eb51-42eb-8bd7-349ed0ba9641,ocd-bill/54099548-b67f-40d8-b0b0-98fc65b949ce,False,cosponsor
4a3cf6b4-be76-4e99-936a-208d832f9fcb,Bill Gannon,person,,ocd-person/d3c437bd-532d-458b-961f-4f6dccec1e4b,ocd-bill/54099548-b67f-40d8-b0b0-98fc65b949ce,False,cosponsor
bced12f2-9a11-4084-acf4-813dd19a3b2e,Tom Sherman,person,,ocd-person/ee95d0de-e55e-4733-ba97-0fde66adf65c,ocd-bill/54099548-b67f-40d8-b0b0-98fc65b949ce,False,cosponsor
d7844cdd-f882-45e7-8663-199eb3be05e8,Cindy Rosenwald,person,,ocd-person/f3e949ce-6d98-4826-bbca-08039cea4ea4,ocd-bill/54099548-b67f-40d8-b0b0-98fc65b949ce,False,cosponsor
299b9d61-a2a9-4b46-9511-f316a15129f2,Erin Hennessey,person,,ocd-person/b8009d8b-0bb8-4a70-9e34-96d247a3327b,ocd-bill/54099548-b67f-40d8-b0b0-98fc65b949ce,True,primary
49378bfe-d40c-4cfd-aac2-51552fec6ab7,Suzanne M Prentiss,person,,ocd-person/de206392-deba-4ecf-96a3-33494c415417,ocd-bill/54099548-b67f-40d8-b0b0-98fc65b949ce,False,cosponsor
0636d7f1-e5bc-428a-b41d-3a52af715962,Denise Ricciardi,person,,ocd-person/8dc59c94-caba-41b2-a6ba-6bca0f595118,ocd-bill/54099548-b67f-40d8-b0b0-98fc65b949ce,False,cosponsor
6fe0331e-c54a-4702-bf8c-a66d80f2d676,Rebecca G. Whitley,person,,ocd-person/92267d4c-e6f1-4f45-87be-83f229c2cd36,ocd-bill/54099548-b67f-40d8-b0b0-98fc65b949ce,False,cosponsor
67ba2592-203e-4708-85c6-91b349e07c25,Rebecca Perkins Kwoka,person,,ocd-person/c20b7693-7f2c-4646-af7f-d57518edd1a4,ocd-bill/54099548-b67f-40d8-b0b0-98fc65b949ce,False,cosponsor
06161b66-dc96-45b9-80b5-171da8aff676,Brodie S. Deshaies,person,,ocd-person/cf0f7c1c-a402-49f9-80cd-102f946cd260,ocd-bill/54099548-b67f-40d8-b0b0-98fc65b949ce,False,cosponsor
cd346615-4f35-4115-a970-43c060731a1a,John Lewicke,person,,ocd-person/32401243-00a9-4a26-a2cb-0ebf497dbabc,ocd-bill/5a35557c-4bae-4aee-a129-57773888740c,True,primary
5db4b254-8a5a-4b93-bc7e-874a91e35a26,Andrew J. Prout,person,,ocd-person/da5fb901-d16d-430f-b5cb-7ab556f8d4ee,ocd-bill/548b7158-cf74-4ec4-ba6f-4a9553034480,True,primary
021175da-e4bd-45dd-b8c7-62c3e8ec5fa1,Kevin G. Verville,person,,ocd-person/9d10ccec-b571-4eea-b025-9ed7634b6516,ocd-bill/548b7158-cf74-4ec4-ba6f-4a9553034480,False,cosponsor
d98f5f10-189f-403e-ac1f-36ad430fead4,Melissa Blasek,person,,ocd-person/38dff49e-ef79-4720-b991-c3d76ccb87e4,ocd-bill/548b7158-cf74-4ec4-ba6f-4a9553034480,False,cosponsor
8fd95c6a-52fc-485d-bbd4-2ac12a4d8704,Sharon M Carson,person,,ocd-person/00964fc0-dd57-44c3-87bf-b6d5bbc34560,ocd-bill/1d42960f-c969-4394-8ad9-c7d89497412b,False,cosponsor
c4e07c3d-0133-43ff-9c37-c69e884c9f4d,Karen E. Ebel,person,,ocd-person/947e2e2b-04eb-4f92-9f83-aef8760517e0,ocd-bill/1d42960f-c969-4394-8ad9-c7d89497412b,True,primary
e92a1562-6342-4f95-8ded-3b674cdd6a5e,Mary Heath,person,,ocd-person/03bba97f-9b7c-4c33-adb7-e5202a6bd040,ocd-bill/1d42960f-c969-4394-8ad9-c7d89497412b,False,cosponsor
e7a73f76-e863-4280-bb82-4b8273ffd5c9,Cindy Rosenwald,person,,ocd-person/f3e949ce-6d98-4826-bbca-08039cea4ea4,ocd-bill/1d42960f-c969-4394-8ad9-c7d89497412b,False,cosponsor
5cc8aa43-3de2-4e3d-a584-14daaf5d73e8,Al P. Baldasaro,person,,ocd-person/3807f9c1-b590-4496-8a1e-b0ff84ba592d,ocd-bill/a16ff147-60e1-47cb-a4ac-d0920b7cc1cb,False,cosponsor
945ac2b3-5280-4c4a-be60-5893f021c06a,Debra L. DeSimone,person,,ocd-person/7ef7472f-0bda-4708-9239-76adeca1e87e,ocd-bill/a16ff147-60e1-47cb-a4ac-d0920b7cc1cb,True,primary
0b2a04f4-fe15-45b7-9a43-9cfc6578a6a7,Regina Birdsell,person,,ocd-person/461c9024-c8c3-44a5-91d6-015a6587db5f,ocd-bill/a16ff147-60e1-47cb-a4ac-d0920b7cc1cb,False,cosponsor
6f5a7e17-c14d-41f4-bdbc-6765fe551efe,William M. Marsh,person,,ocd-person/22006937-f2ca-4a2e-b92a-457777933dc7,ocd-bill/321c693a-8d16-46fd-abbb-e5a1ba111a24,False,cosponsor
c712a409-b189-4911-b99c-391894e95de2,Kevin J. Cavanaugh,person,,ocd-person/7fb2bb33-cbdb-4dfd-9369-64f19f179777,ocd-bill/321c693a-8d16-46fd-abbb-e5a1ba111a24,False,cosponsor
8bd98efa-e3d0-4b27-ac4d-b2e1f6dd97eb,Tom Sherman,person,,ocd-person/ee95d0de-e55e-4733-ba97-0fde66adf65c,ocd-bill/321c693a-8d16-46fd-abbb-e5a1ba111a24,True,primary
4f668f24-4aca-4a70-acb0-9c42a6500c1a,Gary L. Woods,person,,ocd-person/5d98b66b-f4d1-4776-953f-67dc348fdd12,ocd-bill/321c693a-8d16-46fd-abbb-e5a1ba111a24,False,cosponsor
2240ea44-660a-4804-a25d-8244bcf98b96,Cindy Rosenwald,person,,ocd-person/f3e949ce-6d98-4826-bbca-08039cea4ea4,ocd-bill/321c693a-8d16-46fd-abbb-e5a1ba111a24,False,cosponsor
b52a77ff-dde1-4c94-82b7-e000c0094ae2,Erin Hennessey,person,,ocd-person/b8009d8b-0bb8-4a70-9e34-96d247a3327b,ocd-bill/321c693a-8d16-46fd-abbb-e5a1ba111a24,False,cosponsor
6f8a7fcb-dedc-424f-98d6-b88482f0dc01,Rebecca G. Whitley,person,,ocd-person/92267d4c-e6f1-4f45-87be-83f229c2cd36,ocd-bill/321c693a-8d16-46fd-abbb-e5a1ba111a24,False,cosponsor
19abcad7-7f8f-4d73-9c4b-bc0a9d0efce7,Rebecca Perkins Kwoka,person,,ocd-person/c20b7693-7f2c-4646-af7f-d57518edd1a4,ocd-bill/321c693a-8d16-46fd-abbb-e5a1ba111a24,False,cosponsor
64243462-0f46-4207-a588-3d13ad2e9b5c,John Sytek,person,,ocd-person/81a14b0b-f5dd-4e7a-b500-c9dc0a56c2be,ocd-bill/3855d69a-61a9-4e64-951b-74c3188db42e,False,cosponsor
71b1f416-34de-4b5b-96a3-be3047ce233c,Gerald W.R. Ward,person,,ocd-person/03774445-16e9-4857-8015-317a3d8705a3,ocd-bill/3855d69a-61a9-4e64-951b-74c3188db42e,False,cosponsor
cad0a1ae-ca8f-48a9-8c06-b250d964c73f,Keith M. Ammon,person,,,ocd-bill/3855d69a-61a9-4e64-951b-74c3188db42e,False,cosponsor
0632abc4-09b2-4956-9076-0a1460562df0,Peter F. Somssich,person,,ocd-person/8bb75c80-4c06-42a7-86c0-c0315a2faf7c,ocd-bill/3855d69a-61a9-4e64-951b-74c3188db42e,True,primary
0342c358-3e5d-45b4-8386-64cbfbdc2117,Gary L. Woods,person,,ocd-person/5d98b66b-f4d1-4776-953f-67dc348fdd12,ocd-bill/3855d69a-61a9-4e64-951b-74c3188db42e,False,cosponsor
1361b560-253f-46c1-ba1f-2be7de73c79b,David Meuse,person,,ocd-person/4b449f0f-2024-4e18-bbbd-7f0bbcfa8cac,ocd-bill/3855d69a-61a9-4e64-951b-74c3188db42e,False,cosponsor
09092b3f-87a2-4720-a86b-2b496dd83d63,Joan L. Hamblet,person,,ocd-person/c0b6bd27-86aa-48a8-8c15-9724581b1145,ocd-bill/3855d69a-61a9-4e64-951b-74c3188db42e,False,cosponsor
9067f07f-e063-404b-a475-ac3637a69caf,Jess C. Edwards,person,,ocd-person/3787c84d-f615-4e9d-bac8-42f86ea308db,ocd-bill/120f3eb3-6d13-4575-8d06-c601b7514091,False,cosponsor
be443394-d876-436d-94e7-6e3be514f869,Ruth Ward,person,,ocd-person/9089a509-1f26-4770-adc6-199ed716e692,ocd-bill/120f3eb3-6d13-4575-8d06-c601b7514091,False,cosponsor
95c18248-45ab-4aeb-bb70-dce69f9877b5,Kevin J. Cavanaugh,person,,ocd-person/7fb2bb33-cbdb-4dfd-9369-64f19f179777,ocd-bill/120f3eb3-6d13-4575-8d06-c601b7514091,False,cosponsor
0b19452e-1725-48f8-b720-1f3b72d6f2c1,Jordan G. Ulery,person,,ocd-person/31f696d4-f806-4eb3-a8ce-5b1d2a2eba93,ocd-bill/4e845018-9b3a-4fc6-81ee-015835735aa3,True,primary
779c76e8-821a-4494-8961-420a402e3d35,Carol M. McGuire,person,,ocd-person/ae3d6133-98b5-444e-b95e-2edc2f5302dc,ocd-bill/4e845018-9b3a-4fc6-81ee-015835735aa3,False,cosponsor
c43bec8d-b320-4663-a392-6da8cab79839,James A. Spillane,person,,ocd-person/2520dc46-648c-44d0-ba1f-fe09b17a9d8b,ocd-bill/4e845018-9b3a-4fc6-81ee-015835735aa3,False,cosponsor
4aad806c-13db-42e5-b222-78399e1f7a64,Tony Lekas,person,,ocd-person/97ccf8c1-af1c-4a3c-b267-683d0446b790,ocd-bill/4e845018-9b3a-4fc6-81ee-015835735aa3,False,cosponsor
f7dc7397-363e-4212-963b-e594d477552f,John M. Potucek,person,,ocd-person/433c67d6-bfdc-410e-87e2-463c93d55a17,ocd-bill/c9f9892b-503e-4752-a384-28cf896a467a,False,cosponsor
9c556cbf-8b28-4146-92c8-3fc36ff04733,Barbara Comtois,person,,ocd-person/3e0ee111-2332-4742-b073-a23cc37a8b51,ocd-bill/c9f9892b-503e-4752-a384-28cf896a467a,False,cosponsor
860d6d24-f506-46b1-84ca-69aa1d91f723,Terry Roy,person,,ocd-person/6d43b165-fda9-4918-a2b7-ad66940062a0,ocd-bill/c9f9892b-503e-4752-a384-28cf896a467a,True,primary
e50218d0-12d2-43a9-99a6-ac293fe2a7a6,Judy F. Aron,person,,ocd-person/533fb85c-c4f0-41f3-9bc6-8b1c422a9693,ocd-bill/c9f9892b-503e-4752-a384-28cf896a467a,False,cosponsor
d0ec9f65-88e4-4456-a97f-0d38443c67ce,Josh S. Yokela,person,,ocd-person/c96f9d7a-b859-4b37-8fdd-4097b21d3f2c,ocd-bill/6f0497b8-6d18-49f3-8eb4-e3b7b065cdcc,True,primary
ffca150c-3a33-4173-a0ba-f4270c036686,Tom Sherman,person,,ocd-person/ee95d0de-e55e-4733-ba97-0fde66adf65c,ocd-bill/d8fd7332-e4b4-4743-a67c-12cf6d66517e,True,primary
446de4b5-8e52-4234-8f51-e76e4f1175a7,Norman J. Silber,person,,ocd-person/2f3c984e-640c-49ec-aba9-4928db0e9edc,ocd-bill/85de8922-1e8c-4786-8202-f09e5db12669,True,primary
273424cf-44ec-4fe7-bf3f-93e409900340,Patrick T. Long,person,,ocd-person/14d0ff58-3340-4344-bb79-c6acd5f8ba6c,ocd-bill/8b13c9b8-9b12-4130-8155-f18c18e9b440,True,primary
905313f0-632d-4e9b-a0e3-8eb977a3c140,Matthew B. Wilhelm,person,,ocd-person/61d2e8f3-f2b9-4357-81af-fe982ee1821f,ocd-bill/8b13c9b8-9b12-4130-8155-f18c18e9b440,False,cosponsor
c1e32ba5-f3a0-4f32-b475-8245984181e9,Jeb Bradley,person,,ocd-person/3f5455e8-256e-4442-9c13-bc14f62ce76f,ocd-bill/be275ad2-346f-4687-80f7-716d3d6f5fff,False,cosponsor
a8b47ba6-21d6-465a-bfef-5d9b862ab117,Donna M. Soucy,person,,ocd-person/bfbbacfd-e12a-4e07-970e-c2c2c006f4a2,ocd-bill/be275ad2-346f-4687-80f7-716d3d6f5fff,False,cosponsor
7d74d269-275b-4e35-989c-563b04ca02d9,Richard M. Abel,person,,ocd-person/2c3d82bc-5ebd-48d1-98e9-2db8b64c2562,ocd-bill/be275ad2-346f-4687-80f7-716d3d6f5fff,False,cosponsor
c7f90402-0ae1-44be-8e32-3ecf5281729e,William M. Marsh,person,,ocd-person/22006937-f2ca-4a2e-b92a-457777933dc7,ocd-bill/be275ad2-346f-4687-80f7-716d3d6f5fff,False,cosponsor
73b21bee-2ee2-4b3a-9eb2-9a92f50c233e,Kevin J. Cavanaugh,person,,ocd-person/7fb2bb33-cbdb-4dfd-9369-64f19f179777,ocd-bill/be275ad2-346f-4687-80f7-716d3d6f5fff,False,cosponsor
442175b5-6805-49e0-8814-12383a697d8a,Safiya Wazir,person,,ocd-person/a2975441-f5d1-4e95-8a4e-1d930fc16bc2,ocd-bill/be275ad2-346f-4687-80f7-716d3d6f5fff,False,cosponsor
2e5319eb-5264-442a-8bed-9546e5a4495b,Rebecca J. McWilliams,person,,ocd-person/39eb4d14-9ef3-4b1b-bcb6-a66f1aa97491,ocd-bill/be275ad2-346f-4687-80f7-716d3d6f5fff,False,cosponsor
70bd8611-578e-4523-a67e-184d498ee7f3,Erin Hennessey,person,,ocd-person/b8009d8b-0bb8-4a70-9e34-96d247a3327b,ocd-bill/be275ad2-346f-4687-80f7-716d3d6f5fff,False,cosponsor
7a69cc4d-52d1-4412-9fe4-9ecd95893a74,Rebecca G. Whitley,person,,ocd-person/92267d4c-e6f1-4f45-87be-83f229c2cd36,ocd-bill/be275ad2-346f-4687-80f7-716d3d6f5fff,True,primary
a514eb66-d479-4743-bc77-4b7aca163b1f,Rebecca Perkins Kwoka,person,,ocd-person/c20b7693-7f2c-4646-af7f-d57518edd1a4,ocd-bill/be275ad2-346f-4687-80f7-716d3d6f5fff,False,cosponsor
7830555f-ff0e-4e1c-9536-5060ebc42433,Kenneth L. Weyler,person,,ocd-person/e2f9dd7e-b221-4cf0-b7de-5daa70658669,ocd-bill/810d27d3-8020-4c36-8fc8-3fe90ef81ff6,False,cosponsor
8a918a28-19fb-4d1b-b4cc-2b1fe9166831,Robert Renny Cushing,person,,ocd-person/cdb3279c-243a-4ca0-8e83-fcb10a975736,ocd-bill/810d27d3-8020-4c36-8fc8-3fe90ef81ff6,False,cosponsor
2651a7f0-3c61-4bb2-8f1b-9216a44019f0,Marjorie K. Smith,person,,ocd-person/86b31d04-3a4b-4199-b10e-27bd337f0a34,ocd-bill/810d27d3-8020-4c36-8fc8-3fe90ef81ff6,False,cosponsor
60baaf0b-4bbc-4095-8b26-bc732a54a4d4,Gary S. Hopper,person,,ocd-person/eeb7038b-aad5-45cc-9abe-57fa0757c41b,ocd-bill/810d27d3-8020-4c36-8fc8-3fe90ef81ff6,False,cosponsor
87e2e886-0bf2-4d75-8d90-746d7b71c5c1,Jordan G. Ulery,person,,ocd-person/31f696d4-f806-4eb3-a8ce-5b1d2a2eba93,ocd-bill/810d27d3-8020-4c36-8fc8-3fe90ef81ff6,False,cosponsor
cf86e323-b6e7-47ed-b014-ef5787b7f99a,Charlotte I. DiLorenzo,person,,ocd-person/75a682ff-407d-4192-858d-9ce6a979c400,ocd-bill/810d27d3-8020-4c36-8fc8-3fe90ef81ff6,True,primary
a0fe1d5b-24b5-4566-a26a-b8569463bb48,Bob J. Giuda,person,,ocd-person/7739a4d0-534e-4bdb-b7fb-6a8f348e833e,ocd-bill/810d27d3-8020-4c36-8fc8-3fe90ef81ff6,False,cosponsor
6b82f086-2b9c-4ba6-93fe-2ca230a46f59,Diane M. Langley,person,,ocd-person/740ad96e-04da-40f1-a827-9d187e63e686,ocd-bill/810d27d3-8020-4c36-8fc8-3fe90ef81ff6,False,cosponsor
b5808ecb-a11e-4262-9840-457bc334e19c,Cindy Rosenwald,person,,ocd-person/f3e949ce-6d98-4826-bbca-08039cea4ea4,ocd-bill/810d27d3-8020-4c36-8fc8-3fe90ef81ff6,False,cosponsor
e1eec199-151a-480b-a72a-1a4d78ceb26d,Gail E. Sanborn,person,,,ocd-bill/810d27d3-8020-4c36-8fc8-3fe90ef81ff6,False,cosponsor
a7d0626b-bccf-4cfe-80b0-e14dc6894bc6,Amanda C. Bouldin,person,,ocd-person/7ad034dd-b6f2-4314-94d9-cffce7144e5d,ocd-bill/91390e56-5d77-4ec3-8cdd-8fb255531dfc,False,cosponsor
549d76f0-b016-4879-b2bf-918e1adcc934,Andrew J. Bouldin,person,,ocd-person/ad413289-53c5-4966-9f0f-fd392d95a827,ocd-bill/91390e56-5d77-4ec3-8cdd-8fb255531dfc,False,cosponsor
6f1c8d9a-3080-4679-bd59-9afb87c97cd0,Jacqueline H. Chretien,person,,ocd-person/8e044671-4143-41a6-a341-6c8514bb2d66,ocd-bill/91390e56-5d77-4ec3-8cdd-8fb255531dfc,False,cosponsor
5029441f-6b2b-4142-b799-caee6ccfd8ab,Matthew B. Wilhelm,person,,ocd-person/61d2e8f3-f2b9-4357-81af-fe982ee1821f,ocd-bill/91390e56-5d77-4ec3-8cdd-8fb255531dfc,False,cosponsor
4cc50ec7-df7d-4934-a980-c8d62b8108f4,Rebecca J. McWilliams,person,,ocd-person/39eb4d14-9ef3-4b1b-bcb6-a66f1aa97491,ocd-bill/91390e56-5d77-4ec3-8cdd-8fb255531dfc,False,cosponsor
5a665e4e-0d02-4e3f-8d7c-3904be6ce943,Tony Lekas,person,,ocd-person/97ccf8c1-af1c-4a3c-b267-683d0446b790,ocd-bill/91390e56-5d77-4ec3-8cdd-8fb255531dfc,False,cosponsor
5ca1c441-af84-493f-84cd-cb3981601e24,Kevin B. Craig,person,,ocd-person/1c9d5892-ef55-4ff0-8bd0-c986ac41f25b,ocd-bill/91390e56-5d77-4ec3-8cdd-8fb255531dfc,True,primary
d5057c48-136d-4da1-81f9-e7cfd6ac489a,Tony Labranche,person,,ocd-person/98b6662b-4d69-4759-b17c-9fd5a4bb7954,ocd-bill/91390e56-5d77-4ec3-8cdd-8fb255531dfc,False,cosponsor
e4900a3b-cc66-4b39-bf01-02deb0d1bc13,Melbourne R. Moran,person,,ocd-person/79503c7a-0c57-4b4f-b5fe-38ab2529dd14,ocd-bill/91390e56-5d77-4ec3-8cdd-8fb255531dfc,False,cosponsor
4c7f44d9-9458-45b5-ab87-58ee22cf89eb,Linda R. Gould,person,,ocd-person/40ae4adb-2124-47ca-82b5-9eee794af4a2,ocd-bill/edee10c6-5f85-472d-afd2-6a9e4b8fd865,False,cosponsor
de548662-414c-41eb-82c9-e45ff9992292,James A. Spillane,person,,ocd-person/2520dc46-648c-44d0-ba1f-fe09b17a9d8b,ocd-bill/edee10c6-5f85-472d-afd2-6a9e4b8fd865,False,cosponsor
02154c82-9666-47b6-823a-39c99673a65d,Susan W. Almy,person,,ocd-person/e13283b4-defe-4f4e-8e67-4d89b8e3790c,ocd-bill/8dee4dd8-f832-4b80-a3bf-e0138b5454ee,False,cosponsor
ac6e9a1b-17fc-4e07-a637-31607992fec6,Richard Ames,person,,ocd-person/47c165c7-ecd9-4b88-b9f7-2e58e8e290d4,ocd-bill/8dee4dd8-f832-4b80-a3bf-e0138b5454ee,False,cosponsor
0abf871e-2921-4ca3-9da4-b327652d1242,Kenneth S. Vincent,person,,ocd-person/84b0eb59-b35d-4f30-aa55-b5cd6e7f495b,ocd-bill/e8db6127-0cf1-4e8c-a9bc-f4d9ebd0925f,True,primary
0fd753e1-e0d6-4051-9ab5-cfd7e2f452ae,Casey M. Conley,person,,ocd-person/3290a4d4-7403-45f8-adc4-4e26e0fefa09,ocd-bill/24beaf55-47c9-4546-9628-0b92b812a859,True,primary
87f5cfb0-ee74-4f81-bfe5-276d86ac0fa7,Rebecca Perkins Kwoka,person,,ocd-person/c20b7693-7f2c-4646-af7f-d57518edd1a4,ocd-bill/24beaf55-47c9-4546-9628-0b92b812a859,False,cosponsor
a86949aa-4b61-4cc1-9f95-4e1f819a31a9,William J. Infantine,person,,ocd-person/93966021-59f3-4dbf-9cae-3cb69f19585d,ocd-bill/1f4ea37d-13fc-499d-9644-c3c19cb6c508,True,primary
6369b919-7717-47b6-b21b-6c974b879adc,Fred R. Plett,person,,ocd-person/573f6daa-f310-46da-9f87-bf7497dd084a,ocd-bill/f62ca6ef-7a0e-4ea1-9f91-b8b73d5ac27f,True,primary
90880d3e-9fda-4cf6-8747-79e2974eebaf,Steven D. Smith,person,,ocd-person/129a2970-07b9-4136-aae1-15c689edca40,ocd-bill/0e061e94-3036-4222-b215-6e5ba3f48cde,False,cosponsor
512fb040-01df-4138-8605-232a79e11fce,Karel A. Crawford,person,,ocd-person/a0936f2f-8170-47f9-8b05-6c6697a95968,ocd-bill/0e061e94-3036-4222-b215-6e5ba3f48cde,False,cosponsor
eb639200-2ee0-43df-9bbe-38caedbc9003,Bill G. Nelson,person,,ocd-person/7f0e0e2d-f085-4d4b-bebb-f5aa37741fd5,ocd-bill/0e061e94-3036-4222-b215-6e5ba3f48cde,False,cosponsor
c08ee708-9cc7-4371-b7ac-b46a2ff646ce,William M. Marsh,person,,ocd-person/22006937-f2ca-4a2e-b92a-457777933dc7,ocd-bill/0e061e94-3036-4222-b215-6e5ba3f48cde,True,primary
6fd777bd-69da-484f-8c3a-893642871ffd,Jeanine M. Notter,person,,ocd-person/84f79859-fef0-441d-80bb-5edeafc70e78,ocd-bill/5e0976fe-0a77-43ab-beca-6009bbeca99e,False,cosponsor
52c674c9-786c-4109-a0c0-b657db772df8,Gary L. Daniels,person,,ocd-person/4c8ac73e-dca4-48ca-b50c-25d0d41425bc,ocd-bill/5e0976fe-0a77-43ab-beca-6009bbeca99e,True,primary
1d23d619-bb28-4649-a5c8-353ac6a3ac5b,Maureen C. Mooney,person,,ocd-person/4a80db99-34b2-4d33-995b-41d889592bf3,ocd-bill/5e0976fe-0a77-43ab-beca-6009bbeca99e,False,cosponsor
5304d0fb-bff4-4501-a615-1e3a7209e1f6,Rosemarie Rung,person,,ocd-person/1a5923c6-3e1f-4ebe-8739-17c9e9642403,ocd-bill/5e0976fe-0a77-43ab-beca-6009bbeca99e,False,cosponsor
4ba42db4-06ff-43e1-97f9-5faa765dd566,Robert V. Healey,person,,ocd-person/c7c69eff-d232-40f0-b41b-ef9edd276edf,ocd-bill/5e0976fe-0a77-43ab-beca-6009bbeca99e,False,cosponsor
5827b684-9fbe-4abb-bf59-f91f1545d763,Max Abramson,person,,ocd-person/83f50732-5fc6-4287-87aa-786cf169840c,ocd-bill/206dbec9-679b-4489-9bf9-15f8d4b96943,False,cosponsor
5981cd1b-498e-4234-bd62-2cc7a249cd34,Bob J. Lynn,person,,ocd-person/ce46c52e-8598-4888-8a1f-d16b283a7238,ocd-bill/206dbec9-679b-4489-9bf9-15f8d4b96943,True,primary
65cc5f45-61da-458e-834b-56714da11a79,Gary S. Hopper,person,,ocd-person/eeb7038b-aad5-45cc-9abe-57fa0757c41b,ocd-bill/51564881-df21-4776-bf63-c4d353809936,False,cosponsor
b0521664-5e73-45a6-927f-2d6c7e2436b4,Jess C. Edwards,person,,ocd-person/3787c84d-f615-4e9d-bac8-42f86ea308db,ocd-bill/51564881-df21-4776-bf63-c4d353809936,False,cosponsor
7ef261ee-e560-48f5-98c6-93079705f530,Ruth Ward,person,,ocd-person/9089a509-1f26-4770-adc6-199ed716e692,ocd-bill/51564881-df21-4776-bf63-c4d353809936,False,cosponsor
6fc4daca-4fe4-47cd-a6ee-1a43001a25e3,Keith Erf,person,,ocd-person/0e6b2514-25d6-4e16-bcbd-5029e90df22d,ocd-bill/51564881-df21-4776-bf63-c4d353809936,True,primary
b88a96d0-f5ff-4221-ae19-15d9bde38da9,Tom Sherman,person,,ocd-person/ee95d0de-e55e-4733-ba97-0fde66adf65c,ocd-bill/3c3c2eba-ad2d-4478-b95a-d3dda7493ae8,False,cosponsor
a2ba6447-a72f-4bc1-a285-0211a60fbcbb,Donald J. Bouchard,person,,ocd-person/74ae3ef0-c1f3-48ce-a5a6-c9bc4661bf08,ocd-bill/3c3c2eba-ad2d-4478-b95a-d3dda7493ae8,False,cosponsor
9a0a134f-9c2e-4cd5-8895-56791e984598,Gary L. Woods,person,,ocd-person/5d98b66b-f4d1-4776-953f-67dc348fdd12,ocd-bill/3c3c2eba-ad2d-4478-b95a-d3dda7493ae8,False,cosponsor
3591a70d-1651-464c-8102-ec84ab19ad87,Jeb Bradley,person,,ocd-person/3f5455e8-256e-4442-9c13-bc14f62ce76f,ocd-bill/b07e6353-13a1-4399-a0f2-b584cf947695,False,cosponsor
02eb27d4-928b-4e9d-ba17-6c690e0d0d45,Karel A. Crawford,person,,ocd-person/a0936f2f-8170-47f9-8b05-6c6697a95968,ocd-bill/b07e6353-13a1-4399-a0f2-b584cf947695,False,cosponsor
11a72729-0795-44e7-b113-8de89f05a8c1,Bill G. Nelson,person,,ocd-person/7f0e0e2d-f085-4d4b-bebb-f5aa37741fd5,ocd-bill/b07e6353-13a1-4399-a0f2-b584cf947695,False,cosponsor
720565d7-f798-4493-815c-1b52cef07a79,William M. Marsh,person,,ocd-person/22006937-f2ca-4a2e-b92a-457777933dc7,ocd-bill/b07e6353-13a1-4399-a0f2-b584cf947695,True,primary
2522dbd3-b2dc-4416-b30c-87772ca56b1a,Joyce Weston,person,,ocd-person/2dbea6d6-0221-41de-98bf-508b14eb085d,ocd-bill/b07e6353-13a1-4399-a0f2-b584cf947695,False,cosponsor
000cab75-dd76-4923-8157-28c2ec97eeac,Cindy Rosenwald,person,,ocd-person/f3e949ce-6d98-4826-bbca-08039cea4ea4,ocd-bill/b07e6353-13a1-4399-a0f2-b584cf947695,False,cosponsor
3d34de47-0719-4709-8a57-d9fe2bea7ca2,John T. MacDonald,person,,ocd-person/a22a36bb-3514-4d76-a39e-791902f41d6c,ocd-bill/b07e6353-13a1-4399-a0f2-b584cf947695,False,cosponsor
251dea06-feff-4f26-9a1c-a5bdf1b60687,Regina Birdsell,person,,ocd-person/461c9024-c8c3-44a5-91d6-015a6587db5f,ocd-bill/72cbda40-0ab5-4c85-affa-834a3321271e,True,primary
4b7c7dd9-f863-4049-a0dc-591705cf0ca4,Rebecca Perkins Kwoka,person,,ocd-person/c20b7693-7f2c-4646-af7f-d57518edd1a4,ocd-bill/9b8db186-386d-4213-9a76-04ef4d6c8678,True,primary
f9668b5e-73cd-46dd-859c-cd0505bf4632,Rick M. Ladd,person,,ocd-person/1bd6c569-f2dd-4670-bf82-ef3ea4b15960,ocd-bill/4963b838-bc4c-4a25-b706-79e77ca59b2a,True,primary
29cbd36d-5cfa-4282-a893-0d47931abb61,James C. Allard,person,,ocd-person/65336609-c7d5-4518-9d70-44e6e4058fb7,ocd-bill/4963b838-bc4c-4a25-b706-79e77ca59b2a,False,cosponsor
88fa8dc7-783f-42be-99b8-0581a7ef37c6,Lou D'Allesandro,person,,ocd-person/87c48788-817d-408b-a1e1-ebe1c9fd893d,ocd-bill/72087fff-b427-4ac9-8ed4-c03e408bcce8,True,primary
83a27b03-eb84-4d76-a3ff-b90811c2ec68,Jeb Bradley,person,,ocd-person/3f5455e8-256e-4442-9c13-bc14f62ce76f,ocd-bill/72087fff-b427-4ac9-8ed4-c03e408bcce8,False,cosponsor
41db3223-bfa8-485a-9924-aaf8c9c20958,John B. Hunt,person,,ocd-person/35c51630-9b9c-411a-9b98-0842cb6093df,ocd-bill/72087fff-b427-4ac9-8ed4-c03e408bcce8,False,cosponsor
e3716d4f-ceff-4c22-8c5c-6635666f5c57,Ivy C. Vann,person,,ocd-person/6fd532c2-91b5-47c4-a29f-eae9fc47743d,ocd-bill/8f4d054b-59df-4b67-9b01-91c34363dd15,True,primary
2161485e-053b-46c0-9107-1e0ab8d36d21,Casey M. Conley,person,,ocd-person/3290a4d4-7403-45f8-adc4-4e26e0fefa09,ocd-bill/8f4d054b-59df-4b67-9b01-91c34363dd15,False,cosponsor
e4ce5b1b-c06d-4c76-96f0-75ae2d2ca056,Tony Caplan,person,,ocd-person/960dc748-e7c7-4859-ab1d-b07f9bb7b269,ocd-bill/8f4d054b-59df-4b67-9b01-91c34363dd15,False,cosponsor
5c3b27db-e76f-4ce7-89ab-455ddfa18663,Patrick F. Abrami,person,,ocd-person/0327f85d-1b5a-4218-a97f-f393a965d64b,ocd-bill/2f9ac25b-952d-4e9c-afe6-a78382e179bf,True,primary
ca63a801-f4ec-4e38-aab3-9920d871c16e,Fred G. Doucette,person,,ocd-person/db4ec0a8-f70c-4510-ae01-c9050646a503,ocd-bill/2f9ac25b-952d-4e9c-afe6-a78382e179bf,False,cosponsor
823c3aa7-3acd-4576-b152-970fbb56e9b2,Daryl A. Abbas,person,,ocd-person/6dfd683a-1f79-49db-95a9-07f4f9898a22,ocd-bill/2f9ac25b-952d-4e9c-afe6-a78382e179bf,False,cosponsor
bb91c325-b9d2-45ea-8c0e-d850168b413a,Suzanne M. Vail,person,,ocd-person/ce985799-268d-4190-b078-955fc63a8c3c,ocd-bill/80e429a5-71e5-415e-9445-774be77e8449,False,cosponsor
e7016e37-44be-4db8-a38d-15c9e2fd3b6a,Lee Walker Oxenham,person,,ocd-person/f3fb87b7-7fb5-432a-9fb2-bd15170f1275,ocd-bill/80e429a5-71e5-415e-9445-774be77e8449,True,primary
9971138c-ccb4-418c-b862-1fa134ced5ec,Troy E. Merner,person,,ocd-person/729664f2-12c4-4c70-82a5-fee852813a0c,ocd-bill/80e429a5-71e5-415e-9445-774be77e8449,False,cosponsor
ef221895-937b-461d-9299-bdb03d93ad44,Larry L. Laflamme,person,,ocd-person/86b73f08-dd73-4ee5-85b4-7418eaf27c8b,ocd-bill/80e429a5-71e5-415e-9445-774be77e8449,False,cosponsor
c86a0d8a-0de9-4127-b4b6-b67aada4eba1,Jay Kahn,person,,ocd-person/998e681b-6df1-4b4a-92db-7a2187cedcd8,ocd-bill/80e429a5-71e5-415e-9445-774be77e8449,False,cosponsor
b5f17237-42fd-49f7-9d5e-0a7b96769c34,Rebecca J. McWilliams,person,,ocd-person/39eb4d14-9ef3-4b1b-bcb6-a66f1aa97491,ocd-bill/80e429a5-71e5-415e-9445-774be77e8449,False,cosponsor
bb13c57a-9dd1-4232-90ab-f2e29bc8d702,Josh S. Yokela,person,,ocd-person/c96f9d7a-b859-4b37-8fdd-4097b21d3f2c,ocd-bill/197dd7de-5b10-456a-a347-b0eaf918e329,True,primary
631bea43-f1f1-400a-a55a-84e0b0fad0b9,Michael J. Sylvia,person,,ocd-person/2e6feb2e-6f22-4909-b907-93f4c0f9ae9b,ocd-bill/0ca9296e-ed1a-4248-823c-81a0141032c5,False,cosponsor
70861d45-5532-45a0-bfef-be70d5865a1a,Glen C. Aldrich,person,,ocd-person/620d9d69-c8fb-47ad-ad25-1c1ef75c39dd,ocd-bill/0ca9296e-ed1a-4248-823c-81a0141032c5,False,cosponsor
075983ea-5dbd-4035-afcf-f82047ec4a16,Norman J. Silber,person,,ocd-person/2f3c984e-640c-49ec-aba9-4928db0e9edc,ocd-bill/0ca9296e-ed1a-4248-823c-81a0141032c5,True,primary
e116eecd-a482-457d-ba1b-e925443a6055,Peter E. Torosian,person,,ocd-person/45e36880-19af-4f3f-89d4-624946625e7f,ocd-bill/0ca9296e-ed1a-4248-823c-81a0141032c5,False,cosponsor
eb3feeb4-b37d-4268-81bc-7543ab5fc373,Michael Yakubovich,person,,ocd-person/39d155fd-5ecf-4608-985c-82f5855fe260,ocd-bill/0ca9296e-ed1a-4248-823c-81a0141032c5,False,cosponsor
8ba22a76-9feb-4f80-9124-8fa5ab8e6b0c,Harry H. Bean,person,,ocd-person/5a633278-e4a7-4a58-9c9d-2d917deefd40,ocd-bill/0ca9296e-ed1a-4248-823c-81a0141032c5,False,cosponsor
44f6215c-a4e8-4dad-b67b-f572058b41b2,David H Watters,person,,ocd-person/cf24defe-6df3-49f3-88ca-c6774b144f19,ocd-bill/c0ebada3-e2de-4c5f-a757-c6439557799c,False,cosponsor
7675f1f9-442b-4a3e-aef3-f2bfbc481352,Lee Walker Oxenham,person,,ocd-person/f3fb87b7-7fb5-432a-9fb2-bd15170f1275,ocd-bill/c0ebada3-e2de-4c5f-a757-c6439557799c,True,primary
eb58ecc8-5aa9-4276-a039-fefa536eb3b6,Rebecca J. McWilliams,person,,ocd-person/39eb4d14-9ef3-4b1b-bcb6-a66f1aa97491,ocd-bill/c0ebada3-e2de-4c5f-a757-c6439557799c,False,cosponsor
5f296d71-8252-4c6d-af5f-ef5c658632dc,Suzanne J. Smith,person,,ocd-person/6a75f502-50fd-47e7-8160-1fce1205550e,ocd-bill/8be19c9b-351e-47be-8fb3-f5cc158654f1,False,cosponsor
d77dffd8-d244-4598-8f32-0801eaa0dcd0,Suzanne M. Vail,person,,ocd-person/ce985799-268d-4190-b078-955fc63a8c3c,ocd-bill/8be19c9b-351e-47be-8fb3-f5cc158654f1,False,cosponsor
00315adf-ee2a-45b6-9be4-53466af96d1d,Lee Walker Oxenham,person,,ocd-person/f3fb87b7-7fb5-432a-9fb2-bd15170f1275,ocd-bill/8be19c9b-351e-47be-8fb3-f5cc158654f1,False,cosponsor
1ef52d5b-2a20-4394-9738-2f86c5a478ed,Kat McGhee,person,,ocd-person/4c8bec8a-e86d-4316-8b2e-2f8c4157cae5,ocd-bill/8be19c9b-351e-47be-8fb3-f5cc158654f1,False,cosponsor
ed4de790-1457-42c7-b8b4-4a854cea56da,Sparky Von Plinsky,person,,ocd-person/28f9b7e4-ec77-462a-8707-f9bedad6f32a,ocd-bill/8be19c9b-351e-47be-8fb3-f5cc158654f1,False,cosponsor
70d0609e-845d-4e3c-a7fa-71920ebcd86f,Joyce Weston,person,,ocd-person/2dbea6d6-0221-41de-98bf-508b14eb085d,ocd-bill/8be19c9b-351e-47be-8fb3-f5cc158654f1,True,primary
1b0fe053-bc93-41a8-9df9-73b97aacff33,Rebecca J. McWilliams,person,,ocd-person/39eb4d14-9ef3-4b1b-bcb6-a66f1aa97491,ocd-bill/8be19c9b-351e-47be-8fb3-f5cc158654f1,False,cosponsor
faae48a9-ee9c-4374-a54e-0b1cdf597211,William A. Hatch,person,,ocd-person/2bfaf69b-214f-40a6-9674-bdb68c23e9ff,ocd-bill/f29eba97-12fe-4c31-bbc6-ddabc1005cf1,True,primary
db168a03-a90c-4a8a-88ec-c3151860cc67,John A. Graham,person,,ocd-person/05a586d8-4c39-4578-95f6-7aaa30b3c67c,ocd-bill/88e2a9ab-f701-4b3d-a6ab-0ef1411e0591,True,primary
60343011-125a-4d9f-bfee-05cea670442c,Glenn Cordelli,person,,ocd-person/c8aa2951-dea0-4999-9b6a-6323d9917e0b,ocd-bill/e006b401-10ad-4860-ae37-9f4c96ec9582,True,primary
c6b8a2f5-b886-42b2-8bb2-77a821e834b5,Keith M. Ammon,person,,,ocd-bill/e006b401-10ad-4860-ae37-9f4c96ec9582,False,cosponsor
4cbd567b-72d9-4f8e-98dd-fb6555c10208,James A. Spillane,person,,ocd-person/2520dc46-648c-44d0-ba1f-fe09b17a9d8b,ocd-bill/e006b401-10ad-4860-ae37-9f4c96ec9582,False,cosponsor
a4dd7bc2-80db-44d6-9f95-0ea9eaba6fc4,Sharon M Carson,person,,ocd-person/00964fc0-dd57-44c3-87bf-b6d5bbc34560,ocd-bill/43da3bf1-c688-4365-ae6f-e7d97d7723ec,True,primary
03e2eab0-7da8-4de6-b96a-3fcc7c15ea82,Bob J. Giuda,person,,ocd-person/7739a4d0-534e-4bdb-b7fb-6a8f348e833e,ocd-bill/43da3bf1-c688-4365-ae6f-e7d97d7723ec,False,cosponsor
7f97414f-7f3b-4e51-b2ea-9ed4a65ee9ff,Michael D. Harrington,person,,ocd-person/21e95dbc-c226-4f4a-9fa2-8f5b374d0a98,ocd-bill/7aa80597-dcb3-4c3d-9748-faba55a1219e,True,primary
e2839683-0396-4abc-a9da-e66b1168dd25,Chuck Morse,person,,ocd-person/72b8f708-a22d-477d-9c55-e5d14b8308a6,ocd-bill/fbea8ca7-d229-4fac-a0fc-1e001cae5486,False,cosponsor
6ac91637-90b8-48b1-b589-12ca901ea0d7,Sharon M Carson,person,,ocd-person/00964fc0-dd57-44c3-87bf-b6d5bbc34560,ocd-bill/fbea8ca7-d229-4fac-a0fc-1e001cae5486,False,cosponsor
75736a42-d86d-4985-a62c-b82d2834edf0,Jeb Bradley,person,,ocd-person/3f5455e8-256e-4442-9c13-bc14f62ce76f,ocd-bill/fbea8ca7-d229-4fac-a0fc-1e001cae5486,False,cosponsor
fb6e32c2-839b-40a7-8832-274dc809013f,David H Watters,person,,ocd-person/cf24defe-6df3-49f3-88ca-c6774b144f19,ocd-bill/fbea8ca7-d229-4fac-a0fc-1e001cae5486,False,cosponsor
8efab87a-da49-49d6-a5c6-32bcc2ccfd0f,Rick M. Ladd,person,,ocd-person/1bd6c569-f2dd-4670-bf82-ef3ea4b15960,ocd-bill/fbea8ca7-d229-4fac-a0fc-1e001cae5486,False,cosponsor
7ee8200a-6f12-42b5-b231-ba5b5dfa8097,Gary L. Daniels,person,,ocd-person/4c8ac73e-dca4-48ca-b50c-25d0d41425bc,ocd-bill/fbea8ca7-d229-4fac-a0fc-1e001cae5486,False,cosponsor
fa9a1d07-1241-41ea-bdc1-b44363d1bc37,Regina Birdsell,person,,ocd-person/461c9024-c8c3-44a5-91d6-015a6587db5f,ocd-bill/fbea8ca7-d229-4fac-a0fc-1e001cae5486,False,cosponsor
9a8c6035-b25c-4daf-a9c5-16ab33bbeff8,Kevin A. Avard,person,,ocd-person/b99b0bbb-4710-43c7-a6b5-0e04524eedf0,ocd-bill/fbea8ca7-d229-4fac-a0fc-1e001cae5486,False,cosponsor
e61539fb-6917-472a-a683-e107ffd2ef35,Troy E. Merner,person,,ocd-person/729664f2-12c4-4c70-82a5-fee852813a0c,ocd-bill/fbea8ca7-d229-4fac-a0fc-1e001cae5486,False,cosponsor
697e5d1d-c76e-456d-b402-39f88f78bea4,Edith M. Tucker,person,,ocd-person/68bf2851-656a-44f1-9c2c-85ea55c7d9f9,ocd-bill/fbea8ca7-d229-4fac-a0fc-1e001cae5486,False,cosponsor
d4f4f822-8dc8-4a0f-bfb4-eb27f61a9a66,Bob J. Giuda,person,,ocd-person/7739a4d0-534e-4bdb-b7fb-6a8f348e833e,ocd-bill/fbea8ca7-d229-4fac-a0fc-1e001cae5486,False,cosponsor
5659a751-61dc-4118-b8d8-fcb6e51c7e99,James P. Gray,person,,ocd-person/e6443187-eb51-42eb-8bd7-349ed0ba9641,ocd-bill/fbea8ca7-d229-4fac-a0fc-1e001cae5486,False,cosponsor
769c193c-ff5f-44df-9095-0de7146f1ab6,Ruth Ward,person,,ocd-person/9089a509-1f26-4770-adc6-199ed716e692,ocd-bill/fbea8ca7-d229-4fac-a0fc-1e001cae5486,False,cosponsor
97659b3c-f67c-4c32-ab22-ad955dab1e6a,Bill Gannon,person,,ocd-person/d3c437bd-532d-458b-961f-4f6dccec1e4b,ocd-bill/fbea8ca7-d229-4fac-a0fc-1e001cae5486,False,cosponsor
b50302d0-41e5-439d-a658-b159a2774980,Harold F. French,person,,ocd-person/ff11da65-174b-4fdc-b33c-e5d6d56602f0,ocd-bill/fbea8ca7-d229-4fac-a0fc-1e001cae5486,False,cosponsor
79b6a34f-5fc4-4211-8ceb-4f31449cea6f,Tom Sherman,person,,ocd-person/ee95d0de-e55e-4733-ba97-0fde66adf65c,ocd-bill/fbea8ca7-d229-4fac-a0fc-1e001cae5486,False,cosponsor
5395018b-9584-4a3c-a4b5-f04aabc28d3b,Cindy Rosenwald,person,,ocd-person/f3e949ce-6d98-4826-bbca-08039cea4ea4,ocd-bill/fbea8ca7-d229-4fac-a0fc-1e001cae5486,False,cosponsor
1a8b9308-d218-4ba3-9540-1a90f4115dd6,Erin Hennessey,person,,ocd-person/b8009d8b-0bb8-4a70-9e34-96d247a3327b,ocd-bill/fbea8ca7-d229-4fac-a0fc-1e001cae5486,True,primary
7347471f-4dad-4481-9158-144f95dff714,Denise Ricciardi,person,,ocd-person/8dc59c94-caba-41b2-a6ba-6bca0f595118,ocd-bill/fbea8ca7-d229-4fac-a0fc-1e001cae5486,False,cosponsor
720022eb-14e7-4023-99b2-a43d54227d6e,Rebecca G. Whitley,person,,ocd-person/92267d4c-e6f1-4f45-87be-83f229c2cd36,ocd-bill/fbea8ca7-d229-4fac-a0fc-1e001cae5486,False,cosponsor
c66733b4-ac10-435c-b150-1b66c7a6ce0d,Rebecca Perkins Kwoka,person,,ocd-person/c20b7693-7f2c-4646-af7f-d57518edd1a4,ocd-bill/fbea8ca7-d229-4fac-a0fc-1e001cae5486,False,cosponsor
988098cb-e232-4df8-bed8-591ccf1d6448,Mary Beth Walz,person,,ocd-person/aee31921-5d02-4da9-8e3e-3137b4bb8bf4,ocd-bill/65b2b565-4454-4826-a059-e739df59e944,False,cosponsor
69000c01-bb31-4b4f-bb3b-546a87656719,William M. Marsh,person,,ocd-person/22006937-f2ca-4a2e-b92a-457777933dc7,ocd-bill/65b2b565-4454-4826-a059-e739df59e944,False,cosponsor
3a1118ac-a423-4aac-a63c-07a571bd0c93,Tom Sherman,person,,ocd-person/ee95d0de-e55e-4733-ba97-0fde66adf65c,ocd-bill/65b2b565-4454-4826-a059-e739df59e944,False,cosponsor
a8f14424-336a-4e38-8d46-11111e863a45,Rebecca J. McWilliams,person,,ocd-person/39eb4d14-9ef3-4b1b-bcb6-a66f1aa97491,ocd-bill/65b2b565-4454-4826-a059-e739df59e944,False,cosponsor
5d66e09f-87c5-437e-add6-1f4ad1d3c5c5,Cindy Rosenwald,person,,ocd-person/f3e949ce-6d98-4826-bbca-08039cea4ea4,ocd-bill/65b2b565-4454-4826-a059-e739df59e944,False,cosponsor
56c00bb5-825c-4cbb-972f-5a3066564d92,Erin Hennessey,person,,ocd-person/b8009d8b-0bb8-4a70-9e34-96d247a3327b,ocd-bill/65b2b565-4454-4826-a059-e739df59e944,False,cosponsor
4ff8a84b-adba-41f2-8a68-b60338dcb267,Suzanne M Prentiss,person,,ocd-person/de206392-deba-4ecf-96a3-33494c415417,ocd-bill/65b2b565-4454-4826-a059-e739df59e944,False,cosponsor
21b1042f-135a-41df-9c00-06ef8ec58b18,Rebecca G. Whitley,person,,ocd-person/92267d4c-e6f1-4f45-87be-83f229c2cd36,ocd-bill/65b2b565-4454-4826-a059-e739df59e944,True,primary
bf56da14-097f-4e2a-ad97-f967f3af8968,Rebecca Perkins Kwoka,person,,ocd-person/c20b7693-7f2c-4646-af7f-d57518edd1a4,ocd-bill/65b2b565-4454-4826-a059-e739df59e944,False,cosponsor
edc78994-8c0f-48e6-9680-8b41b4c7e7b4,Janice E. Schmidt,person,,ocd-person/ec374833-801f-4c21-9261-67cdefc1ba44,ocd-bill/09304f90-8b99-4dc1-a1e6-60a35a57fc7f,True,primary
d3378488-d01c-456f-9a21-fbf13b078e35,Rosemarie Rung,person,,ocd-person/1a5923c6-3e1f-4ebe-8739-17c9e9642403,ocd-bill/09304f90-8b99-4dc1-a1e6-60a35a57fc7f,False,cosponsor
c35b2f37-1f03-45cf-89ac-b475e06ae136,Bruce L. Cohen,person,,ocd-person/02abc1d7-340f-4cdd-b64d-4ce3cca59304,ocd-bill/09304f90-8b99-4dc1-a1e6-60a35a57fc7f,False,cosponsor
5669f865-bb46-4d44-9a7e-13680af6424d,David H Watters,person,,ocd-person/cf24defe-6df3-49f3-88ca-c6774b144f19,ocd-bill/ae9373e0-bf1e-4314-bf9f-0119389821e9,False,cosponsor
4c79634c-d629-4dc2-aaa6-1214987727db,Donna M. Soucy,person,,ocd-person/bfbbacfd-e12a-4e07-970e-c2c2c006f4a2,ocd-bill/ae9373e0-bf1e-4314-bf9f-0119389821e9,False,cosponsor
5299f125-af30-49c1-bdb5-39b1c95753a8,Katherine D. Rogers,person,,ocd-person/f9421528-ffb6-46f3-82bc-70b0329db823,ocd-bill/ae9373e0-bf1e-4314-bf9f-0119389821e9,True,primary
3eed93fd-3a43-4753-a35b-82600aa30065,Peter R. Leishman,person,,ocd-person/86708f42-531f-4e57-a6b1-f5b11ff9389c,ocd-bill/ae9373e0-bf1e-4314-bf9f-0119389821e9,False,cosponsor
0292fed4-e19f-46f3-8737-96074ae05193,Ellen D. Read,person,,ocd-person/77304532-17fb-4b2c-aed6-213a435e4a46,ocd-bill/ae9373e0-bf1e-4314-bf9f-0119389821e9,False,cosponsor
6c4b7826-4b27-481b-bb2c-2b5777161ce1,Kate R. Murray,person,,ocd-person/79bb2147-ea4b-4706-8b38-ee2309613ea0,ocd-bill/ae9373e0-bf1e-4314-bf9f-0119389821e9,False,cosponsor
0e195e62-81c3-4b21-b023-6932dfe4656c,Kristina M. Schultz,person,,ocd-person/8698b473-ea4e-4126-8766-a2b5b5878702,ocd-bill/ae9373e0-bf1e-4314-bf9f-0119389821e9,False,cosponsor
9b19d87d-5e46-4404-a75b-a1a7e92c218f,Nicole Klein-Knight,person,,ocd-person/f91f87c5-d22a-48b7-ac4a-c2519d086ec7,ocd-bill/ae9373e0-bf1e-4314-bf9f-0119389821e9,False,cosponsor
77233677-b06c-4dc1-ae65-b614b7ab5460,Chuck W. Grassie,person,,ocd-person/8ee07d33-9189-4bfe-b1a1-e15c79fd1114,ocd-bill/e9b7f680-6701-4728-bb07-a558e7a65e40,True,primary
5fe47283-3e57-42a4-ae8a-9769598d3fa4,Bruce L. Cohen,person,,ocd-person/02abc1d7-340f-4cdd-b64d-4ce3cca59304,ocd-bill/e9b7f680-6701-4728-bb07-a558e7a65e40,False,cosponsor
d8f663fc-ec57-48c6-9202-aeab3eacc454,Cassandra N. Levesque,person,,ocd-person/711423e3-ff28-4150-8a89-ec568a4f2c5d,ocd-bill/e9b7f680-6701-4728-bb07-a558e7a65e40,False,cosponsor
6cb14556-dfb9-4d16-a9bc-85183adde097,Max Abramson,person,,ocd-person/83f50732-5fc6-4287-87aa-786cf169840c,ocd-bill/c47de0f5-c113-4812-9f20-700b3a1f6468,True,primary
d512eb70-947e-4b52-acc4-80b3ec00ebba,David W. Binford,person,,ocd-person/9098756d-2231-4e69-84d5-09ab979ee1a2,ocd-bill/c47de0f5-c113-4812-9f20-700b3a1f6468,False,cosponsor
3ebe5c8f-dc09-4fed-874c-0ea88f8897fb,Juliet Harvey-Bolia,person,,ocd-person/5d7f39ae-2cc4-4b36-bd76-828a24bc454d,ocd-bill/c47de0f5-c113-4812-9f20-700b3a1f6468,False,cosponsor
30d08ae2-e3e5-4bce-a7f9-d5eb08b1bae5,Lee Walker Oxenham,person,,ocd-person/f3fb87b7-7fb5-432a-9fb2-bd15170f1275,ocd-bill/963407c7-4352-476a-8955-2bb2ee175f21,True,primary
f586f167-c5b6-490e-9b4e-c2ba1038adb5,Jeb Bradley,person,,ocd-person/3f5455e8-256e-4442-9c13-bc14f62ce76f,ocd-bill/48dbaa03-7b8d-4058-95ff-2b994eca8d20,False,cosponsor
d688d904-152c-4365-a956-7b96d99c1778,Lino M. Avellani,person,,ocd-person/4d68b7bf-e7fb-4c6d-ac12-526aba53e65e,ocd-bill/48dbaa03-7b8d-4058-95ff-2b994eca8d20,False,cosponsor
7fb7ccb9-4821-468f-a05e-cf158083cac4,William M. Marsh,person,,ocd-person/22006937-f2ca-4a2e-b92a-457777933dc7,ocd-bill/48dbaa03-7b8d-4058-95ff-2b994eca8d20,True,primary
bfbf6461-e62c-49bc-af65-c7e931c3fc8b,Jess C. Edwards,person,,ocd-person/3787c84d-f615-4e9d-bac8-42f86ea308db,ocd-bill/48dbaa03-7b8d-4058-95ff-2b994eca8d20,False,cosponsor
01353796-1d77-48df-959b-9a4c7d6bf63e,Jeffrey C. Salloway,person,,ocd-person/ff3c9490-e187-451d-b600-ca895bfaf0b0,ocd-bill/48dbaa03-7b8d-4058-95ff-2b994eca8d20,False,cosponsor
06f85108-d91e-47f0-a4ff-f0d007b5465c,Tom Sherman,person,,ocd-person/ee95d0de-e55e-4733-ba97-0fde66adf65c,ocd-bill/48dbaa03-7b8d-4058-95ff-2b994eca8d20,False,cosponsor
58a0e841-4bb3-44cc-8999-92158e437e04,Gary Merchant,person,,ocd-person/78078880-ab6f-4f87-b095-8b85c31f1780,ocd-bill/48dbaa03-7b8d-4058-95ff-2b994eca8d20,False,cosponsor
9bf39176-74ac-4346-8ea4-f0eb2094947c,Brodie S. Deshaies,person,,ocd-person/cf0f7c1c-a402-49f9-80cd-102f946cd260,ocd-bill/48dbaa03-7b8d-4058-95ff-2b994eca8d20,False,cosponsor
5be980c1-db23-455c-8d4b-c2c3646e33b7,Laura C. Pantelakos,person,,ocd-person/957b326c-6910-4328-afcb-533b975c2202,ocd-bill/2461409a-1831-480b-a8ce-309c167a7c0b,False,cosponsor
1bee7255-cab2-4269-8ec1-ea6d772ff97c,Mary Beth Walz,person,,ocd-person/aee31921-5d02-4da9-8e3e-3137b4bb8bf4,ocd-bill/2461409a-1831-480b-a8ce-309c167a7c0b,False,cosponsor
6f964de1-cf10-41b9-986f-b75157aaf042,Dianne E. Schuett,person,,ocd-person/62ff0476-f4e6-411f-a58e-2e7963cde2ab,ocd-bill/2461409a-1831-480b-a8ce-309c167a7c0b,False,cosponsor
0574527e-679b-4b23-b732-ae1cc3d0b657,Suzanne M. Vail,person,,ocd-person/ce985799-268d-4190-b078-955fc63a8c3c,ocd-bill/2461409a-1831-480b-a8ce-309c167a7c0b,False,cosponsor
ed9c898b-881b-4dcd-aa3b-ebc71e11cd3c,Joseph A. Guthrie,person,,ocd-person/772f5157-b959-4aed-beaa-6bd67ab8fefe,ocd-bill/2461409a-1831-480b-a8ce-309c167a7c0b,False,cosponsor
9185bb54-e4d8-4ded-ac30-18b7edd139b7,Dan H. Wolf,person,,ocd-person/d24c83af-3362-4925-9c05-a6b776d3314c,ocd-bill/2461409a-1831-480b-a8ce-309c167a7c0b,False,cosponsor
d73d22ce-2831-4b52-8f6a-ed6d3aff65f1,Betty I. Gay,person,,ocd-person/c2486401-1c5f-4cfc-b4ef-bbae6b8c0489,ocd-bill/2461409a-1831-480b-a8ce-309c167a7c0b,False,cosponsor
647f0847-90b4-4718-98dc-a3a691bcfd9b,Walter A. Stapleton,person,,ocd-person/74efcb71-c62c-4388-b9ad-69f779b0c33e,ocd-bill/2461409a-1831-480b-a8ce-309c167a7c0b,False,cosponsor
3384f8ee-7d25-4a2a-856f-bfb5894430af,Safiya Wazir,person,,ocd-person/a2975441-f5d1-4e95-8a4e-1d930fc16bc2,ocd-bill/2461409a-1831-480b-a8ce-309c167a7c0b,True,primary
4e130516-5aef-4a71-82a5-82087f1342b2,Tom Dolan,person,,ocd-person/330b6b4b-dfa6-4379-ae45-bedd9b276fcd,ocd-bill/2461409a-1831-480b-a8ce-309c167a7c0b,False,cosponsor
e915c323-8d06-4c61-a5dd-70daa986e471,Carol M. McGuire,person,,ocd-person/ae3d6133-98b5-444e-b95e-2edc2f5302dc,ocd-bill/55630737-0135-400d-b0ac-44bc88b1863f,True,primary
d59da848-18bd-4a71-95b5-010b52689426,Tony Lekas,person,,ocd-person/97ccf8c1-af1c-4a3c-b267-683d0446b790,ocd-bill/55630737-0135-400d-b0ac-44bc88b1863f,False,cosponsor
1343404a-19f8-4d7d-af24-e754370fdbc8,Gary L. Daniels,person,,ocd-person/4c8ac73e-dca4-48ca-b50c-25d0d41425bc,ocd-bill/7c5616f7-8eef-4879-bbe9-c017f1521339,False,cosponsor
c0e995bd-3079-4737-93da-4739f9b51fee,Kevin A. Avard,person,,ocd-person/b99b0bbb-4710-43c7-a6b5-0e04524eedf0,ocd-bill/7c5616f7-8eef-4879-bbe9-c017f1521339,False,cosponsor
8ec84202-a32f-4556-a3d7-dc6f05d86415,William M. Marsh,person,,ocd-person/22006937-f2ca-4a2e-b92a-457777933dc7,ocd-bill/7c5616f7-8eef-4879-bbe9-c017f1521339,False,cosponsor
a2cfd76b-bf15-4fc1-8e6a-dc1a7b76660b,Joe H. Alexander,person,,ocd-person/e7800d58-1019-4aff-8d1a-22faba9d3e23,ocd-bill/7c5616f7-8eef-4879-bbe9-c017f1521339,True,primary
8508555b-6534-4c4a-b2e8-e214857087db,Travis J. O'Hara,person,,ocd-person/fbfbfb0a-2c7d-457c-8322-12221db1662b,ocd-bill/7c5616f7-8eef-4879-bbe9-c017f1521339,False,cosponsor
0289a22c-74c3-4da4-997d-0b265f7b4ea3,Brodie S. Deshaies,person,,ocd-person/cf0f7c1c-a402-49f9-80cd-102f946cd260,ocd-bill/7c5616f7-8eef-4879-bbe9-c017f1521339,False,cosponsor
99d0289b-c7fd-417d-8d66-f3aad70cdc78,Ross Berry,person,,ocd-person/1b016eb0-b4c0-4929-b957-ef9de5b46031,ocd-bill/7c5616f7-8eef-4879-bbe9-c017f1521339,False,cosponsor
e3016326-100a-4320-9038-4af112565c80,Bob J. Lynn,person,,ocd-person/ce46c52e-8598-4888-8a1f-d16b283a7238,ocd-bill/7c5616f7-8eef-4879-bbe9-c017f1521339,False,cosponsor
1150f20d-f6db-47d4-a6ec-399b9f11bc35,Tim Baxter,person,,ocd-person/eec31a43-fdff-4f6b-a540-e5207d2ab16c,ocd-bill/7c5616f7-8eef-4879-bbe9-c017f1521339,False,cosponsor
0012fbb7-d473-4ea9-9041-df3cb737936c,Carol M. McGuire,person,,ocd-person/ae3d6133-98b5-444e-b95e-2edc2f5302dc,ocd-bill/6654de3b-41a5-4781-baea-1ef20d58787b,True,primary
7a8dfa87-a04a-4c77-a9ae-e9b1b1f11ba0,Joseph A. Pitre,person,,ocd-person/5ce55936-fd73-4b3c-ba16-70e13734a3c8,ocd-bill/6654de3b-41a5-4781-baea-1ef20d58787b,False,cosponsor
2888802e-e54a-45a8-a3d4-ee415b839011,Chris True,person,,ocd-person/9debae73-c678-420c-a515-c7381e304d1c,ocd-bill/6654de3b-41a5-4781-baea-1ef20d58787b,False,cosponsor
331f2187-cd14-4a71-bb9b-09baffd5c454,Susan C. DeLemus,person,,ocd-person/0e3a4612-9179-4659-a512-86322f4ff0ef,ocd-bill/6654de3b-41a5-4781-baea-1ef20d58787b,False,cosponsor
fd509fe1-1d5f-49bc-a453-9c8d569e836a,Howard C. Pearl,person,,ocd-person/c4122c6a-ed23-492e-b813-59a0fed1ec86,ocd-bill/6654de3b-41a5-4781-baea-1ef20d58787b,False,cosponsor
77842f91-a620-456d-a72b-90b8f8813d02,Jess C. Edwards,person,,ocd-person/3787c84d-f615-4e9d-bac8-42f86ea308db,ocd-bill/6654de3b-41a5-4781-baea-1ef20d58787b,False,cosponsor
10acfb6d-56ae-43ac-86d3-daacf0ce95aa,Rebecca J. McWilliams,person,,ocd-person/39eb4d14-9ef3-4b1b-bcb6-a66f1aa97491,ocd-bill/6654de3b-41a5-4781-baea-1ef20d58787b,False,cosponsor
e5559681-2b81-42f3-b680-143498f7aea6,Tony Lekas,person,,ocd-person/97ccf8c1-af1c-4a3c-b267-683d0446b790,ocd-bill/6654de3b-41a5-4781-baea-1ef20d58787b,False,cosponsor
ca2fee38-443a-4254-92eb-a8e09f8fd8aa,James L. Mason,person,,ocd-person/7d004604-9d6b-4b7f-a288-f29566d9b9fe,ocd-bill/6654de3b-41a5-4781-baea-1ef20d58787b,False,cosponsor
a923e990-1824-4533-97d9-b64f9c775d03,Aidan Ankarberg,person,,ocd-person/540cbe60-cc65-4ff6-8c78-5d54488e5ed8,ocd-bill/6654de3b-41a5-4781-baea-1ef20d58787b,False,cosponsor
a5156b07-7342-44ba-a7b3-3b5b3d75f370,Rick M. Ladd,person,,ocd-person/1bd6c569-f2dd-4670-bf82-ef3ea4b15960,ocd-bill/3b18201a-e59c-4644-ae54-6607d00e1eec,False,cosponsor
fac68d87-924e-468c-b666-b4c66398c804,Glenn Cordelli,person,,ocd-person/c8aa2951-dea0-4999-9b6a-6323d9917e0b,ocd-bill/3b18201a-e59c-4644-ae54-6607d00e1eec,True,primary
d58b9ef2-ad53-4dbd-9f59-e90ceeb77f15,Jason M. Osborne,person,,ocd-person/6e2bc564-5cd1-4f96-a265-4753b7f12ee1,ocd-bill/3b18201a-e59c-4644-ae54-6607d00e1eec,False,cosponsor
394bccef-ac3f-4b4c-b37e-4e7f653d1915,Kevin A. Avard,person,,ocd-person/b99b0bbb-4710-43c7-a6b5-0e04524eedf0,ocd-bill/3b18201a-e59c-4644-ae54-6607d00e1eec,False,cosponsor
8a65bc5c-a2ed-44ff-8186-fe4bcc96726e,Michael Moffett,person,,ocd-person/acb20216-f193-42e1-9304-2b1d3572e61d,ocd-bill/3b18201a-e59c-4644-ae54-6607d00e1eec,False,cosponsor
d5842405-9ad2-40a7-9675-05bcbf02878f,Ruth Ward,person,,ocd-person/9089a509-1f26-4770-adc6-199ed716e692,ocd-bill/3b18201a-e59c-4644-ae54-6607d00e1eec,False,cosponsor
cc962d5d-7fc1-4c12-86f5-9540ee72acdc,Deborah L. Hobson,person,,ocd-person/6e4aa2d5-d1c7-4009-950f-e5ebedea7189,ocd-bill/3b18201a-e59c-4644-ae54-6607d00e1eec,False,cosponsor
f35547dc-f74e-4dcd-be51-b0219a985f28,Erica J. Layon,person,,ocd-person/94df7a3f-b27d-42c1-9ecc-1ebdc707c9ae,ocd-bill/3b18201a-e59c-4644-ae54-6607d00e1eec,False,cosponsor
89cb2c9d-241c-43d9-8aad-7f864ef75965,Benjamin C. Baroody,person,,ocd-person/018987e5-d731-41ed-8cce-b3266df24b64,ocd-bill/baaec4c2-066c-4b0e-8a42-a08ec6b0215b,True,primary
929b3a9e-10f3-4a7e-920f-3bedc8be2b01,Chuck Morse,person,,ocd-person/72b8f708-a22d-477d-9c55-e5d14b8308a6,ocd-bill/1858f03a-118f-455b-87b9-5909aa8b8114,False,cosponsor
2f9feaaf-f5e3-4936-a254-e15a8a39b910,John Sytek,person,,ocd-person/81a14b0b-f5dd-4e7a-b500-c9dc0a56c2be,ocd-bill/1858f03a-118f-455b-87b9-5909aa8b8114,False,cosponsor
bbef3e02-082b-4506-99bc-983bb912e275,Robert J. Elliott,person,,ocd-person/acb8c5f4-1002-4599-8098-a38766a59be2,ocd-bill/1858f03a-118f-455b-87b9-5909aa8b8114,False,cosponsor
d24e63f7-8811-4830-b525-819cfe198caf,Joseph A. Pitre,person,,ocd-person/5ce55936-fd73-4b3c-ba16-70e13734a3c8,ocd-bill/1858f03a-118f-455b-87b9-5909aa8b8114,False,cosponsor
0dde2ce0-2021-4133-a710-5792f43dea1c,Joe Sweeney,person,,ocd-person/568a287b-89c6-44b7-a8e6-a5188ef7f9bc,ocd-bill/1858f03a-118f-455b-87b9-5909aa8b8114,False,cosponsor
07f7f477-294d-447c-a8dd-0deb29b7eef4,Dan H. Wolf,person,,ocd-person/d24c83af-3362-4925-9c05-a6b776d3314c,ocd-bill/1858f03a-118f-455b-87b9-5909aa8b8114,False,cosponsor
f40e66a1-1c6f-491b-a742-95a7d21f91d9,Betty I. Gay,person,,ocd-person/c2486401-1c5f-4cfc-b4ef-bbae6b8c0489,ocd-bill/1858f03a-118f-455b-87b9-5909aa8b8114,True,primary
169c8e19-2164-4f6e-8943-fd6af32bb581,John C. Janigian,person,,ocd-person/4c4f4974-0202-43a0-9aba-f41d0f99603a,ocd-bill/1858f03a-118f-455b-87b9-5909aa8b8114,False,cosponsor
32fabf2b-adbc-40a7-84a0-ee6517fb5987,Everett P. McBride,person,,ocd-person/d6ab2257-ead8-45ce-9e50-33ab4269ac5e,ocd-bill/1858f03a-118f-455b-87b9-5909aa8b8114,False,cosponsor
1b8e4b65-7563-43eb-9926-0647b90bcc9f,Peter T. Hayward,person,,ocd-person/cdc23d09-1fe6-4625-a267-3a676426b5a7,ocd-bill/1858f03a-118f-455b-87b9-5909aa8b8114,False,cosponsor
7dbe580b-86c9-49c0-8866-b4d693f4289e,Wayne D. MacDonald,person,,ocd-person/8588302c-ac8c-4b58-9444-0c9f29448aa0,ocd-bill/1858f03a-118f-455b-87b9-5909aa8b8114,False,cosponsor
d50ab5a6-f418-44dd-a715-7a9d9665a97a,David H Watters,person,,ocd-person/cf24defe-6df3-49f3-88ca-c6774b144f19,ocd-bill/2f608af8-92a8-4a37-9ebe-5b9b37f77140,False,cosponsor
75c15859-7687-4aec-96eb-adc75ff45026,Donna M. Soucy,person,,ocd-person/bfbbacfd-e12a-4e07-970e-c2c2c006f4a2,ocd-bill/2f608af8-92a8-4a37-9ebe-5b9b37f77140,True,primary
1263a38a-2256-4a98-8105-eab484168c85,Kevin J. Cavanaugh,person,,ocd-person/7fb2bb33-cbdb-4dfd-9369-64f19f179777,ocd-bill/2f608af8-92a8-4a37-9ebe-5b9b37f77140,False,cosponsor
f1113938-c581-406d-a370-f146da4daac7,Rebecca J. McWilliams,person,,ocd-person/39eb4d14-9ef3-4b1b-bcb6-a66f1aa97491,ocd-bill/2f608af8-92a8-4a37-9ebe-5b9b37f77140,False,cosponsor
f6fb242c-f635-4eec-98c8-2adf56966c45,Rebecca Perkins Kwoka,person,,ocd-person/c20b7693-7f2c-4646-af7f-d57518edd1a4,ocd-bill/2f608af8-92a8-4a37-9ebe-5b9b37f77140,False,cosponsor
5d5e5fdc-033c-4174-9faf-446d890173c4,Chuck Morse,person,,ocd-person/72b8f708-a22d-477d-9c55-e5d14b8308a6,ocd-bill/9dacd5a5-b9fb-4e50-8510-d2725f8b4b8a,False,cosponsor
d34285c5-8c99-4c28-86b9-862206ddc75f,Sharon M Carson,person,,ocd-person/00964fc0-dd57-44c3-87bf-b6d5bbc34560,ocd-bill/9dacd5a5-b9fb-4e50-8510-d2725f8b4b8a,False,cosponsor
90312e68-1f99-4730-b942-04aa10bfa2dc,Jeb Bradley,person,,ocd-person/3f5455e8-256e-4442-9c13-bc14f62ce76f,ocd-bill/9dacd5a5-b9fb-4e50-8510-d2725f8b4b8a,True,primary
6106b8b2-ff06-420d-8914-b162374f9519,Rick M. Ladd,person,,ocd-person/1bd6c569-f2dd-4670-bf82-ef3ea4b15960,ocd-bill/9dacd5a5-b9fb-4e50-8510-d2725f8b4b8a,False,cosponsor
9d49d082-dada-4761-b567-aa6ad28aa287,Glenn Cordelli,person,,ocd-person/c8aa2951-dea0-4999-9b6a-6323d9917e0b,ocd-bill/9dacd5a5-b9fb-4e50-8510-d2725f8b4b8a,False,cosponsor
18749b3d-9e1e-465a-93e7-a97b36322c11,Gary L. Daniels,person,,ocd-person/4c8ac73e-dca4-48ca-b50c-25d0d41425bc,ocd-bill/9dacd5a5-b9fb-4e50-8510-d2725f8b4b8a,False,cosponsor
88f071bf-c103-4f80-af32-0426247b9ee8,Bob J. Giuda,person,,ocd-person/7739a4d0-534e-4bdb-b7fb-6a8f348e833e,ocd-bill/9dacd5a5-b9fb-4e50-8510-d2725f8b4b8a,False,cosponsor
ab071395-ff6c-44f1-ae2f-fc84322b3ee1,James P. Gray,person,,ocd-person/e6443187-eb51-42eb-8bd7-349ed0ba9641,ocd-bill/9dacd5a5-b9fb-4e50-8510-d2725f8b4b8a,False,cosponsor
6f5e5fe2-e5bc-4097-8f24-47dec20b2e93,Ruth Ward,person,,ocd-person/9089a509-1f26-4770-adc6-199ed716e692,ocd-bill/9dacd5a5-b9fb-4e50-8510-d2725f8b4b8a,False,cosponsor
4f8f00e9-b095-41e1-8914-c5e70a850966,Bill Gannon,person,,ocd-person/d3c437bd-532d-458b-961f-4f6dccec1e4b,ocd-bill/9dacd5a5-b9fb-4e50-8510-d2725f8b4b8a,False,cosponsor
dd46bb9a-c693-4abe-a0e1-87b73327d66d,Carol M. McGuire,person,,ocd-person/ae3d6133-98b5-444e-b95e-2edc2f5302dc,ocd-bill/76044201-1123-4f7c-bcca-477990a56aac,True,primary
1a1d1b8d-6f17-480e-8fa5-c315fcda008f,Michael J. Sylvia,person,,ocd-person/2e6feb2e-6f22-4909-b907-93f4c0f9ae9b,ocd-bill/76044201-1123-4f7c-bcca-477990a56aac,False,cosponsor
df51c986-5303-4847-aa32-683b1e91742e,Chris True,person,,ocd-person/9debae73-c678-420c-a515-c7381e304d1c,ocd-bill/76044201-1123-4f7c-bcca-477990a56aac,False,cosponsor
d7e06005-c76a-4f49-b9f1-4f33ac9997e7,Kevin G. Verville,person,,ocd-person/9d10ccec-b571-4eea-b025-9ed7634b6516,ocd-bill/76044201-1123-4f7c-bcca-477990a56aac,False,cosponsor
528fc4a6-c14f-4b34-9fed-1162a8cf71e5,Rebecca J. McWilliams,person,,ocd-person/39eb4d14-9ef3-4b1b-bcb6-a66f1aa97491,ocd-bill/76044201-1123-4f7c-bcca-477990a56aac,False,cosponsor
dec03d14-f4ec-46bd-baf4-e1aa82bd571e,Tony Lekas,person,,ocd-person/97ccf8c1-af1c-4a3c-b267-683d0446b790,ocd-bill/76044201-1123-4f7c-bcca-477990a56aac,False,cosponsor
416e2d2f-b68f-4632-b079-4e07ba82d82c,Dave Testerman,person,,ocd-person/a9da1843-ceb9-40c6-9846-a3c3d5319ccd,ocd-bill/bc85367d-1a9c-4e00-a58b-d1fbfdabf728,True,primary
286a1173-55a5-4b2c-be7f-28116d65a580,Harry H. Bean,person,,ocd-person/5a633278-e4a7-4a58-9c9d-2d917deefd40,ocd-bill/f7658e9a-7e0c-4434-9472-b251495dc6c0,True,primary
88f5a7bd-9bbb-4783-8214-44ee74f69a17,John Reagan,person,,ocd-person/f516d40a-3676-4437-8285-a931d7c2885b,ocd-bill/8393da6f-c51e-48e1-91bc-8a41c037fbce,False,cosponsor
5ddc2b2f-5b16-4e63-8d2b-d0fe9af57796,Marjorie K. Smith,person,,ocd-person/86b31d04-3a4b-4199-b10e-27bd337f0a34,ocd-bill/8393da6f-c51e-48e1-91bc-8a41c037fbce,False,cosponsor
779e6e0a-3809-4cde-b20b-a13de33c2d02,Gary S. Hopper,person,,ocd-person/eeb7038b-aad5-45cc-9abe-57fa0757c41b,ocd-bill/8393da6f-c51e-48e1-91bc-8a41c037fbce,False,cosponsor
813fe995-e1ba-4c17-9cf4-f23323f488af,Carol M. McGuire,person,,ocd-person/ae3d6133-98b5-444e-b95e-2edc2f5302dc,ocd-bill/8393da6f-c51e-48e1-91bc-8a41c037fbce,True,primary
c7fc5732-2369-46c8-90d2-6c6291363b06,Paul S. Berch,person,,ocd-person/f96a072d-9add-44b0-8028-0ec057f31f52,ocd-bill/8393da6f-c51e-48e1-91bc-8a41c037fbce,False,cosponsor
3be1c5b2-e99a-45bf-845a-b4f0fc53d83c,Tony Lekas,person,,ocd-person/97ccf8c1-af1c-4a3c-b267-683d0446b790,ocd-bill/8393da6f-c51e-48e1-91bc-8a41c037fbce,False,cosponsor
18952175-3214-4b17-935e-65a3796e7033,Gary Merchant,person,,ocd-person/78078880-ab6f-4f87-b095-8b85c31f1780,ocd-bill/8393da6f-c51e-48e1-91bc-8a41c037fbce,False,cosponsor
83374534-615a-4d8a-8f3a-8966e192f7a1,Jeb Bradley,person,,ocd-person/3f5455e8-256e-4442-9c13-bc14f62ce76f,ocd-bill/d1573a91-4000-4257-a435-a706305469fe,False,cosponsor
7c8f6c59-72da-4bef-b20f-cf8fef1b705e,Karen C. Umberger,person,,ocd-person/054854df-4965-4401-9776-ffbcd075e295,ocd-bill/d1573a91-4000-4257-a435-a706305469fe,False,cosponsor
bfcb8a2a-ba93-4b6f-95c2-ae2805db7349,Jerry L. Knirk,person,,ocd-person/ce0bd184-d264-46d8-87fc-f2590e2a1ed1,ocd-bill/d1573a91-4000-4257-a435-a706305469fe,False,cosponsor
95d719a3-0149-4501-989d-747831e0bdf8,Anita D. Burroughs,person,,ocd-person/a028512b-5d61-4d23-9e28-dec7038577d6,ocd-bill/d1573a91-4000-4257-a435-a706305469fe,True,primary
c617f71a-646b-4fa5-bb53-a74728095768,Stephen L. Woodcock,person,,ocd-person/bdde38b3-3210-4b2d-890b-bbf2d2bf314a,ocd-bill/d1573a91-4000-4257-a435-a706305469fe,False,cosponsor
cdf21b13-8c55-433e-81b1-c5f1a8ba9167,John Reagan,person,,ocd-person/f516d40a-3676-4437-8285-a931d7c2885b,ocd-bill/299389a7-1652-4ee0-abf9-91a60fb5619b,False,cosponsor
27060c1a-890a-4d44-bca8-3778457c01ba,John M. Potucek,person,,ocd-person/433c67d6-bfdc-410e-87e2-463c93d55a17,ocd-bill/299389a7-1652-4ee0-abf9-91a60fb5619b,False,cosponsor
86a55c7a-b805-43a6-9117-af1a106b3cc6,Brian Seaworth,person,,ocd-person/b12abcbf-fbbe-4464-854e-6960b024e62a,ocd-bill/299389a7-1652-4ee0-abf9-91a60fb5619b,True,primary
9a56a668-811c-426b-bc05-3e2c0095dc52,Kevin G. Verville,person,,ocd-person/9d10ccec-b571-4eea-b025-9ed7634b6516,ocd-bill/299389a7-1652-4ee0-abf9-91a60fb5619b,False,cosponsor
d45806db-c00f-4094-bddf-043d60a23aef,Casey M. Conley,person,,ocd-person/3290a4d4-7403-45f8-adc4-4e26e0fefa09,ocd-bill/299389a7-1652-4ee0-abf9-91a60fb5619b,False,cosponsor
54f39527-72b7-44f5-8b79-32d74cb688ad,Terry Roy,person,,ocd-person/6d43b165-fda9-4918-a2b7-ad66940062a0,ocd-bill/299389a7-1652-4ee0-abf9-91a60fb5619b,False,cosponsor
66efbc82-c2f2-4a34-81e5-bee7643a412a,Linda C. Harriott-Gathright,person,,ocd-person/1e2b57f6-dbb9-4069-a71b-d40828c80cfa,ocd-bill/63cd5fe3-2799-4fe1-bde1-f02a6ca8bd3f,True,primary
fbcd78da-6e44-4159-811a-233d7a061426,Patricia S. Klee,person,,ocd-person/3a5791f9-bea1-4fa8-86bb-f54d2efaa86e,ocd-bill/63cd5fe3-2799-4fe1-bde1-f02a6ca8bd3f,False,cosponsor
671292c6-c65f-4e69-a599-eb6dbc34adab,Ray E. Newman,person,,ocd-person/f68b34d8-19af-449e-a4cc-3d2729bb9e23,ocd-bill/63cd5fe3-2799-4fe1-bde1-f02a6ca8bd3f,False,cosponsor
ca9ba7fc-68f5-4750-8a4b-6d9dbcbc4d43,Daryl A. Abbas,person,,ocd-person/6dfd683a-1f79-49db-95a9-07f4f9898a22,ocd-bill/63cd5fe3-2799-4fe1-bde1-f02a6ca8bd3f,False,cosponsor
4ce8f385-d4e1-4f49-9ef1-e7704ebd977d,John Reagan,person,,ocd-person/f516d40a-3676-4437-8285-a931d7c2885b,ocd-bill/e09f6df2-47ee-4cde-b197-d88780969a0b,False,cosponsor
d9f90e48-f405-4e64-8bcd-55251b6806a7,James A. Spillane,person,,ocd-person/2520dc46-648c-44d0-ba1f-fe09b17a9d8b,ocd-bill/e09f6df2-47ee-4cde-b197-d88780969a0b,True,primary
cb5f07df-1524-4545-b497-2812f459700d,Kevin A. Avard,person,,ocd-person/b99b0bbb-4710-43c7-a6b5-0e04524eedf0,ocd-bill/e09f6df2-47ee-4cde-b197-d88780969a0b,False,cosponsor
d18d41a9-bf20-4b9d-b8db-1f1887118da0,Kevin G. Verville,person,,ocd-person/9d10ccec-b571-4eea-b025-9ed7634b6516,ocd-bill/e09f6df2-47ee-4cde-b197-d88780969a0b,False,cosponsor
8c30d091-b643-4af7-8b83-c73a373db5ae,Alan Bershtein,person,,ocd-person/bfa03ae8-d0ad-4105-b759-f9ed465a024c,ocd-bill/e09f6df2-47ee-4cde-b197-d88780969a0b,False,cosponsor
cda0ed81-0441-4431-82fd-d7bc4588ac39,Terry Roy,person,,ocd-person/6d43b165-fda9-4918-a2b7-ad66940062a0,ocd-bill/e09f6df2-47ee-4cde-b197-d88780969a0b,False,cosponsor
40bdeeb5-cad1-487a-a079-21f819bfa369,Daryl A. Abbas,person,,ocd-person/6dfd683a-1f79-49db-95a9-07f4f9898a22,ocd-bill/e09f6df2-47ee-4cde-b197-d88780969a0b,False,cosponsor
b5f39505-6863-466c-b694-8d936128a75c,Robert Renny Cushing,person,,ocd-person/cdb3279c-243a-4ca0-8e83-fcb10a975736,ocd-bill/2137de2a-fe20-473d-8dc2-b39138f22c23,False,cosponsor
46f392d8-8334-48c1-bdc3-8162f97c082d,Latha D. Mangipudi,person,,ocd-person/4f71f9e1-ce78-46d3-9665-00dd404a0f1b,ocd-bill/2137de2a-fe20-473d-8dc2-b39138f22c23,False,cosponsor
d6874b62-d872-4368-b9d3-7fd679db27a7,Casey M. Conley,person,,ocd-person/3290a4d4-7403-45f8-adc4-4e26e0fefa09,ocd-bill/2137de2a-fe20-473d-8dc2-b39138f22c23,True,primary
834c0d7f-618b-4771-be98-2044c37aa517,Matthew B. Wilhelm,person,,ocd-person/61d2e8f3-f2b9-4357-81af-fe982ee1821f,ocd-bill/2137de2a-fe20-473d-8dc2-b39138f22c23,False,cosponsor
a02e3c96-6141-49c1-9ab7-a62a524bd571,Tony Labranche,person,,ocd-person/98b6662b-4d69-4759-b17c-9fd5a4bb7954,ocd-bill/2137de2a-fe20-473d-8dc2-b39138f22c23,False,cosponsor
9fa759ff-a6be-4620-bca5-7d77d8b40b33,Melbourne R. Moran,person,,ocd-person/79503c7a-0c57-4b4f-b5fe-38ab2529dd14,ocd-bill/2137de2a-fe20-473d-8dc2-b39138f22c23,False,cosponsor
ba7144cb-585d-46e4-9cf7-dcc1949322af,Robert Renny Cushing,person,,ocd-person/cdb3279c-243a-4ca0-8e83-fcb10a975736,ocd-bill/49e74c85-f71f-476d-afff-1c9a34d5f663,False,cosponsor
2a19c73f-8bf6-45a5-9600-bc8e6fa73cb5,Casey M. Conley,person,,ocd-person/3290a4d4-7403-45f8-adc4-4e26e0fefa09,ocd-bill/49e74c85-f71f-476d-afff-1c9a34d5f663,True,primary
be4eae1c-f2bf-438c-943a-2e5ed16bc0a9,Rebecca J. McWilliams,person,,ocd-person/39eb4d14-9ef3-4b1b-bcb6-a66f1aa97491,ocd-bill/49e74c85-f71f-476d-afff-1c9a34d5f663,False,cosponsor
f4f4736b-7ea4-4428-aba5-237dccb35971,Wendy Chase,person,,ocd-person/c24da601-15f1-482c-a234-f8443056c77a,ocd-bill/49e74c85-f71f-476d-afff-1c9a34d5f663,False,cosponsor
2f4007f7-ac8d-472b-8088-4598fdf7a5ed,Dennis F. Acton,person,,ocd-person/b81591ca-1856-4807-ac66-283280ea12ba,ocd-bill/49e74c85-f71f-476d-afff-1c9a34d5f663,False,cosponsor
d48815d3-5f35-46a8-a90b-0c0d8c5dce0e,Melbourne R. Moran,person,,ocd-person/79503c7a-0c57-4b4f-b5fe-38ab2529dd14,ocd-bill/49e74c85-f71f-476d-afff-1c9a34d5f663,False,cosponsor
1fea1696-2c9d-4d5e-a787-f8b609e9ece8,Max Abramson,person,,ocd-person/83f50732-5fc6-4287-87aa-786cf169840c,ocd-bill/428a5706-9690-4557-ad04-ddd7eefe4286,True,primary
452cb975-fe9a-4239-acc6-0d9ea2c20044,Jeffrey Greeson,person,,ocd-person/9a227955-60e0-45e3-bea8-03f44f4cd08e,ocd-bill/428a5706-9690-4557-ad04-ddd7eefe4286,False,cosponsor
c28d236a-9cf9-41eb-b82d-e26951eab8e1,Aidan Ankarberg,person,,ocd-person/540cbe60-cc65-4ff6-8c78-5d54488e5ed8,ocd-bill/428a5706-9690-4557-ad04-ddd7eefe4286,False,cosponsor
be94b7c0-5d7f-47e4-a5d0-9721d2ef8215,Kenneth L. Weyler,person,,ocd-person/e2f9dd7e-b221-4cf0-b7de-5daa70658669,ocd-bill/bce234fb-f04b-4617-b364-d507888d6358,False,cosponsor
6a51cf36-7930-4347-8316-82bf3ef99f03,Carol M. McGuire,person,,ocd-person/ae3d6133-98b5-444e-b95e-2edc2f5302dc,ocd-bill/bce234fb-f04b-4617-b364-d507888d6358,False,cosponsor
5f045790-a1b9-40e7-af03-93c162279c2d,John A. Burt,person,,ocd-person/084e4187-cca0-4f45-ac5a-8514056e94a6,ocd-bill/bce234fb-f04b-4617-b364-d507888d6358,False,cosponsor
49bfdfa0-3693-4e3c-9931-410cdfffaacf,James A. Spillane,person,,ocd-person/2520dc46-648c-44d0-ba1f-fe09b17a9d8b,ocd-bill/bce234fb-f04b-4617-b364-d507888d6358,True,primary
e1c97ede-b925-48c4-98e9-bbbbbe99fc35,Hershel Nunez,person,,ocd-person/3724f35b-dc08-456a-a432-1ead531e8dfd,ocd-bill/bce234fb-f04b-4617-b364-d507888d6358,False,cosponsor
8e1a15ad-9d3e-47f5-8979-3ad681b90651,Alan Bershtein,person,,ocd-person/bfa03ae8-d0ad-4105-b759-f9ed465a024c,ocd-bill/bce234fb-f04b-4617-b364-d507888d6358,False,cosponsor
d8f3ee2b-19d1-4d98-9779-94be5c77eb4b,Terry Roy,person,,ocd-person/6d43b165-fda9-4918-a2b7-ad66940062a0,ocd-bill/bce234fb-f04b-4617-b364-d507888d6358,False,cosponsor
b6dc2417-b526-496b-86ea-4ad1426f210b,Jay Kahn,person,,ocd-person/998e681b-6df1-4b4a-92db-7a2187cedcd8,ocd-bill/174a0b72-6bdc-4353-989a-2ec188563315,True,primary
aed66f03-7cbf-417f-8064-6502d7bbd67c,Barbara J. Griffin,person,,ocd-person/ce1a184c-47a7-4b48-a028-d39585bcf9c3,ocd-bill/f0c0e701-7007-4efa-8a75-45532eaaca14,True,primary
0ea936f6-f3a9-4f7f-a5e7-625d8782fae8,Robert J. Elliott,person,,ocd-person/acb8c5f4-1002-4599-8098-a38766a59be2,ocd-bill/8ba58901-81c3-4958-a8c9-55603195aeb7,False,cosponsor
c75c6408-72cc-4690-b6dd-3b572a326eb3,Linda R. Gould,person,,ocd-person/40ae4adb-2124-47ca-82b5-9eee794af4a2,ocd-bill/8ba58901-81c3-4958-a8c9-55603195aeb7,False,cosponsor
d604f45c-3860-4f09-af20-f798fa1a710e,Katherine J. Prudhomme-O'Brien,person,,ocd-person/a0a8c9d8-1f27-4d28-a249-8a5856ea5c05,ocd-bill/8ba58901-81c3-4958-a8c9-55603195aeb7,False,cosponsor
ab010403-8685-4313-809a-02dffdb07f45,David C. Love,person,,ocd-person/1c956ef6-b705-4e9d-af0c-f66d6f44591e,ocd-bill/8ba58901-81c3-4958-a8c9-55603195aeb7,False,cosponsor
d7883184-0caf-4a62-8167-fd64ceb4179c,Betty I. Gay,person,,ocd-person/c2486401-1c5f-4cfc-b4ef-bbae6b8c0489,ocd-bill/8ba58901-81c3-4958-a8c9-55603195aeb7,True,primary
01fd7610-2dd9-422c-86c8-71929b2d682c,Mark A. Pearson,person,,ocd-person/6c90e0a1-d9d5-488c-a9a3-898ca5b0f9a4,ocd-bill/8ba58901-81c3-4958-a8c9-55603195aeb7,False,cosponsor
8afb0dea-44be-417a-b9f9-bc8b9c93106c,Andrew J. Bouldin,person,,ocd-person/ad413289-53c5-4966-9f0f-fd392d95a827,ocd-bill/8ba58901-81c3-4958-a8c9-55603195aeb7,False,cosponsor
e23f86f8-c115-41c8-98db-e9d42e675475,Cassandra N. Levesque,person,,ocd-person/711423e3-ff28-4150-8a89-ec568a4f2c5d,ocd-bill/8ba58901-81c3-4958-a8c9-55603195aeb7,False,cosponsor
87b7a1df-0c98-466c-9380-8818cec7a4be,Leah P. Cushman,person,,ocd-person/b9ca7e25-b8c9-47c8-aac3-4b688cbcea42,ocd-bill/8ba58901-81c3-4958-a8c9-55603195aeb7,False,cosponsor
87d4b3cc-058f-49c9-b204-15572a40744a,Susan J. Vandecasteele,person,,ocd-person/b3316ac6-b023-4dec-9e07-33600f4027bb,ocd-bill/8ba58901-81c3-4958-a8c9-55603195aeb7,False,cosponsor
b6cd39b5-5e22-4688-a5af-37f0ae2966a5,Lou D'Allesandro,person,,ocd-person/87c48788-817d-408b-a1e1-ebe1c9fd893d,ocd-bill/519c77c1-9cd8-4e99-90bc-825b913aa549,False,cosponsor
3eaa5d0d-1743-4d0d-aa9b-fcef078b6a21,Sharon M Carson,person,,ocd-person/00964fc0-dd57-44c3-87bf-b6d5bbc34560,ocd-bill/519c77c1-9cd8-4e99-90bc-825b913aa549,False,cosponsor
99152728-c035-44ac-9278-186af59b4dd1,David H Watters,person,,ocd-person/cf24defe-6df3-49f3-88ca-c6774b144f19,ocd-bill/519c77c1-9cd8-4e99-90bc-825b913aa549,False,cosponsor
ffbf3553-995a-466a-8c25-c339ed053991,John Reagan,person,,ocd-person/f516d40a-3676-4437-8285-a931d7c2885b,ocd-bill/519c77c1-9cd8-4e99-90bc-825b913aa549,True,primary
ca899251-c0a0-4c57-8e7d-76a50ebd1e14,Carol M. McGuire,person,,ocd-person/ae3d6133-98b5-444e-b95e-2edc2f5302dc,ocd-bill/519c77c1-9cd8-4e99-90bc-825b913aa549,False,cosponsor
e485afdb-c948-4736-a6a6-5d6384d73d4b,James A. Spillane,person,,ocd-person/2520dc46-648c-44d0-ba1f-fe09b17a9d8b,ocd-bill/519c77c1-9cd8-4e99-90bc-825b913aa549,False,cosponsor
42f1aa1b-240a-4b8d-a623-8374e8083dba,Bob J. Giuda,person,,ocd-person/7739a4d0-534e-4bdb-b7fb-6a8f348e833e,ocd-bill/519c77c1-9cd8-4e99-90bc-825b913aa549,False,cosponsor
faf446be-92c6-45c1-bb95-8cda0f81496f,James P. Gray,person,,ocd-person/e6443187-eb51-42eb-8bd7-349ed0ba9641,ocd-bill/519c77c1-9cd8-4e99-90bc-825b913aa549,False,cosponsor
0b29e814-08f3-4e35-9e2d-50a8db6f59ca,Ruth Ward,person,,ocd-person/9089a509-1f26-4770-adc6-199ed716e692,ocd-bill/519c77c1-9cd8-4e99-90bc-825b913aa549,False,cosponsor
1d01c83c-b6ab-4575-90c5-0c5b3bc3b9cf,Jay Kahn,person,,ocd-person/998e681b-6df1-4b4a-92db-7a2187cedcd8,ocd-bill/519c77c1-9cd8-4e99-90bc-825b913aa549,False,cosponsor
8ddeb01c-92b9-40c0-865e-c54dce1087cf,Harold F. French,person,,ocd-person/ff11da65-174b-4fdc-b33c-e5d6d56602f0,ocd-bill/519c77c1-9cd8-4e99-90bc-825b913aa549,False,cosponsor
e5294cb5-5d36-4829-b930-3e3ad5174c47,Tom Sherman,person,,ocd-person/ee95d0de-e55e-4733-ba97-0fde66adf65c,ocd-bill/519c77c1-9cd8-4e99-90bc-825b913aa549,False,cosponsor
03316ba8-5850-43bf-a648-05de117875b4,Erin Hennessey,person,,ocd-person/b8009d8b-0bb8-4a70-9e34-96d247a3327b,ocd-bill/519c77c1-9cd8-4e99-90bc-825b913aa549,False,cosponsor
23c39dd6-0d33-41a9-b675-2ed435d65929,Suzanne M Prentiss,person,,ocd-person/de206392-deba-4ecf-96a3-33494c415417,ocd-bill/519c77c1-9cd8-4e99-90bc-825b913aa549,False,cosponsor
4bab630e-f9a9-4a44-b998-2c872d95d5e5,Paul D. Tudor,person,,ocd-person/9a1db7df-83d0-4f2f-8c3c-7610f8012ce6,ocd-bill/519c77c1-9cd8-4e99-90bc-825b913aa549,False,cosponsor
d14486c2-b6c2-4fa2-98aa-00208822a683,David H Watters,person,,ocd-person/cf24defe-6df3-49f3-88ca-c6774b144f19,ocd-bill/e1e116a8-f6b4-4ee6-a854-13d699c3e885,False,cosponsor
bbd7b446-2510-47c9-9542-eed23b8d1482,Ivy C. Vann,person,,ocd-person/6fd532c2-91b5-47c4-a29f-eae9fc47743d,ocd-bill/e1e116a8-f6b4-4ee6-a854-13d699c3e885,False,cosponsor
bf362d72-69db-4d7f-9576-171f21bb0ee7,Skip J. Cleaver,person,,ocd-person/6edff50b-8390-4046-a376-214136ea64d9,ocd-bill/e1e116a8-f6b4-4ee6-a854-13d699c3e885,False,cosponsor
15feef49-d0ae-487a-9445-54cd979dfef1,Chuck W. Grassie,person,,ocd-person/8ee07d33-9189-4bfe-b1a1-e15c79fd1114,ocd-bill/e1e116a8-f6b4-4ee6-a854-13d699c3e885,False,cosponsor
82e65280-8421-469d-8d33-dc35c1dc90d6,Casey M. Conley,person,,ocd-person/3290a4d4-7403-45f8-adc4-4e26e0fefa09,ocd-bill/e1e116a8-f6b4-4ee6-a854-13d699c3e885,True,primary
798dfaf2-bc52-458c-824e-866228da7c94,Andrew J. Bouldin,person,,ocd-person/ad413289-53c5-4966-9f0f-fd392d95a827,ocd-bill/e1e116a8-f6b4-4ee6-a854-13d699c3e885,False,cosponsor
19e866e6-426d-40a9-9989-adeed948de1f,Kat McGhee,person,,ocd-person/4c8bec8a-e86d-4316-8b2e-2f8c4157cae5,ocd-bill/8c8b2d16-6c2c-4cd7-b888-e2a82150709b,True,primary
2de6cb80-93e9-4bc3-9207-27cf5cfd19a8,David H Watters,person,,ocd-person/cf24defe-6df3-49f3-88ca-c6774b144f19,ocd-bill/510b18ee-5434-4812-8939-09cb06624dbc,False,cosponsor
35534646-8b48-48bc-93e5-02e190b3092d,Susan W. Almy,person,,ocd-person/e13283b4-defe-4f4e-8e67-4d89b8e3790c,ocd-bill/510b18ee-5434-4812-8939-09cb06624dbc,False,cosponsor
34ccaf10-2b5b-49d9-b5d7-d54383149dcf,Raymond J. Howard,person,,ocd-person/2d20ed08-99dd-4520-8637-dfc71b6a2e01,ocd-bill/510b18ee-5434-4812-8939-09cb06624dbc,False,cosponsor
16e0e45e-eeb5-4968-871b-d424a3472b28,Troy E. Merner,person,,ocd-person/729664f2-12c4-4c70-82a5-fee852813a0c,ocd-bill/510b18ee-5434-4812-8939-09cb06624dbc,False,cosponsor
05ed060d-8bea-4cb4-8d7f-c06484bd9fb5,Cathryn A. Harvey,person,,ocd-person/c15709b9-8514-4e8f-8a52-6b464eb8484d,ocd-bill/510b18ee-5434-4812-8939-09cb06624dbc,True,primary
8861c693-d620-46c1-9a86-a445d3e24baf,Amanda L. Gourgue,person,,ocd-person/96a9971b-c537-4020-ad31-780dfba6dd95,ocd-bill/510b18ee-5434-4812-8939-09cb06624dbc,False,cosponsor
07bb1070-b4cb-4237-bc4f-e61360ed1379,Douglas W. Thomas,person,,ocd-person/5db11498-80a8-4136-9c50-2c7f1a2f6826,ocd-bill/73a7053b-0dd8-4eb9-8965-64097a2c1da1,False,cosponsor
f935ea37-77fe-43e2-8da0-88e673a845ae,Michael Vose,person,,ocd-person/1aa8819a-e1bd-4569-93ec-305ad61e8ea4,ocd-bill/73a7053b-0dd8-4eb9-8965-64097a2c1da1,True,primary
3fdd08aa-b32b-4ba4-8148-3563f57ac1ed,Bob J. Giuda,person,,ocd-person/7739a4d0-534e-4bdb-b7fb-6a8f348e833e,ocd-bill/73a7053b-0dd8-4eb9-8965-64097a2c1da1,False,cosponsor
0ba46ab0-b9c6-44fe-ba18-c7d6dee5938b,Ruth Ward,person,,ocd-person/9089a509-1f26-4770-adc6-199ed716e692,ocd-bill/73a7053b-0dd8-4eb9-8965-64097a2c1da1,False,cosponsor
d066dcc2-f902-48e3-b3b1-26a2c900bbe3,Lino M. Avellani,person,,ocd-person/4d68b7bf-e7fb-4c6d-ac12-526aba53e65e,ocd-bill/c61b5bd1-dffe-4c7c-8205-6a53045045ba,True,primary
7610c955-2975-4670-bb24-aaa9147a3a14,Judith T. Spang,person,,ocd-person/1c49114b-ec16-4617-8b35-f7ce02d6daa4,ocd-bill/620ebc97-8e1a-48ec-9228-f27ed193ca38,False,cosponsor
cf30508d-955b-42f6-bb58-7024adf54e38,Timothy O. Horrigan,person,,ocd-person/2a11a559-c16e-4211-82ea-215951d74c1f,ocd-bill/620ebc97-8e1a-48ec-9228-f27ed193ca38,True,primary
32366662-c002-49ff-ba7d-b74b65457d78,Paul S. Berch,person,,ocd-person/f96a072d-9add-44b0-8028-0ec057f31f52,ocd-bill/620ebc97-8e1a-48ec-9228-f27ed193ca38,False,cosponsor
9e762fec-35ae-47b7-b5a9-bc429d7d29b4,Ellen D. Read,person,,ocd-person/77304532-17fb-4b2c-aed6-213a435e4a46,ocd-bill/620ebc97-8e1a-48ec-9228-f27ed193ca38,False,cosponsor
11f660da-fea5-4beb-b059-32e07100782a,Sherry A. Frost,person,,ocd-person/62916f8e-e193-463d-9dcc-f35f60d836db,ocd-bill/620ebc97-8e1a-48ec-9228-f27ed193ca38,False,cosponsor
951fe845-a37f-44b5-bc0c-f243db375863,Bruce L. Cohen,person,,ocd-person/02abc1d7-340f-4cdd-b64d-4ce3cca59304,ocd-bill/620ebc97-8e1a-48ec-9228-f27ed193ca38,False,cosponsor
beb3663c-3cbe-4ce9-8557-024505f5c6f4,Cam E. Kenney,person,,ocd-person/9f35ea7b-b937-4b06-8be5-5cfbc83381e1,ocd-bill/620ebc97-8e1a-48ec-9228-f27ed193ca38,False,cosponsor
f65a395d-17da-4ce6-93eb-193c48f29f9a,Lou D'Allesandro,person,,ocd-person/87c48788-817d-408b-a1e1-ebe1c9fd893d,ocd-bill/a3049f21-cd67-41e2-8115-3ec394558711,False,cosponsor
94032c99-7076-4cd3-a0f1-7b0a1e64c7d4,David H Watters,person,,ocd-person/cf24defe-6df3-49f3-88ca-c6774b144f19,ocd-bill/a3049f21-cd67-41e2-8115-3ec394558711,False,cosponsor
afd8d59a-dfb7-441f-9abc-73b12d011bc7,Donna M. Soucy,person,,ocd-person/bfbbacfd-e12a-4e07-970e-c2c2c006f4a2,ocd-bill/a3049f21-cd67-41e2-8115-3ec394558711,True,primary
deb81776-e32d-4cf5-9360-c2d853792e3d,David E. Cote,person,,ocd-person/fc07140c-ea9f-4f3f-9a44-17e7dcfc0b4b,ocd-bill/a3049f21-cd67-41e2-8115-3ec394558711,False,cosponsor
b5ca2e9e-5056-412a-85fc-9359ee354619,Katherine D. Rogers,person,,ocd-person/f9421528-ffb6-46f3-82bc-70b0329db823,ocd-bill/a3049f21-cd67-41e2-8115-3ec394558711,False,cosponsor
c7f4ab98-7405-4c1f-90bc-b7f706b7722f,Jay Kahn,person,,ocd-person/998e681b-6df1-4b4a-92db-7a2187cedcd8,ocd-bill/a3049f21-cd67-41e2-8115-3ec394558711,False,cosponsor
443ff017-bfa6-4a51-a6a4-86cb45f56232,Kevin J. Cavanaugh,person,,ocd-person/7fb2bb33-cbdb-4dfd-9369-64f19f179777,ocd-bill/a3049f21-cd67-41e2-8115-3ec394558711,False,cosponsor
f20d8739-6102-4d63-9cab-42d8769b5269,Tom Sherman,person,,ocd-person/ee95d0de-e55e-4733-ba97-0fde66adf65c,ocd-bill/a3049f21-cd67-41e2-8115-3ec394558711,False,cosponsor
a9b38b66-3bd5-48d5-adb3-44aa7037c760,Cindy Rosenwald,person,,ocd-person/f3e949ce-6d98-4826-bbca-08039cea4ea4,ocd-bill/a3049f21-cd67-41e2-8115-3ec394558711,False,cosponsor
16a56b7a-54bc-4f01-90ff-5741bcecf9d2,Suzanne M Prentiss,person,,ocd-person/de206392-deba-4ecf-96a3-33494c415417,ocd-bill/a3049f21-cd67-41e2-8115-3ec394558711,False,cosponsor
e4e24d65-58d8-4c98-b4e9-f267af7d7685,Rebecca G. Whitley,person,,ocd-person/92267d4c-e6f1-4f45-87be-83f229c2cd36,ocd-bill/a3049f21-cd67-41e2-8115-3ec394558711,False,cosponsor
c873c6a1-535a-47e3-9582-068ced6d070f,Rebecca Perkins Kwoka,person,,ocd-person/c20b7693-7f2c-4646-af7f-d57518edd1a4,ocd-bill/a3049f21-cd67-41e2-8115-3ec394558711,False,cosponsor
0c4ae596-b31a-4b92-8386-a5493a079930,William M. Marsh,person,,ocd-person/22006937-f2ca-4a2e-b92a-457777933dc7,ocd-bill/e8a1b5ed-d8c3-447e-ba5a-65c36b48d474,False,cosponsor
283f0ebf-e3e8-4154-b959-a7ece7365ed2,Kate R. Murray,person,,ocd-person/79bb2147-ea4b-4706-8b38-ee2309613ea0,ocd-bill/e8a1b5ed-d8c3-447e-ba5a-65c36b48d474,False,cosponsor
656941ab-508a-4cb5-a132-c748c4f825da,Tom Sherman,person,,ocd-person/ee95d0de-e55e-4733-ba97-0fde66adf65c,ocd-bill/e8a1b5ed-d8c3-447e-ba5a-65c36b48d474,False,cosponsor
7d14933b-2505-4705-90a3-755c08fc09ef,Jim V. Maggiore,person,,ocd-person/deb760cf-91f7-415c-949a-bab0c5311d6f,ocd-bill/e8a1b5ed-d8c3-447e-ba5a-65c36b48d474,False,cosponsor
f73afac1-8863-4f7f-a276-1d84c0fcadf4,Jaci L. Grote,person,,ocd-person/26f01212-5287-4735-aa1f-77e4f0d2acb6,ocd-bill/e8a1b5ed-d8c3-447e-ba5a-65c36b48d474,True,primary
59674497-9f65-44d4-b45a-ae00267356c8,Gerri D. Cannon,person,,ocd-person/cd5b7056-d9eb-4fb1-93e3-6ba43408afa5,ocd-bill/e8a1b5ed-d8c3-447e-ba5a-65c36b48d474,False,cosponsor
86d66fe0-616c-4841-87a5-bc4c5ac88bd9,Donovan W. Fenton,person,,ocd-person/34b5aacc-cc43-49c8-af70-c692639b2e4a,ocd-bill/850e0a9a-8d74-4e4b-81de-9ec34991bd39,True,primary
bf2e8f77-153f-49c5-8d60-32bb2205dcf1,Sharon M Carson,person,,ocd-person/00964fc0-dd57-44c3-87bf-b6d5bbc34560,ocd-bill/e7326ff9-71b3-4639-bc3e-ffb01a0afa91,False,cosponsor
d3de7d6a-939b-4706-9441-8b45119acb4f,Donna M. Soucy,person,,ocd-person/bfbbacfd-e12a-4e07-970e-c2c2c006f4a2,ocd-bill/e7326ff9-71b3-4639-bc3e-ffb01a0afa91,False,cosponsor
22c439e2-5dc0-4481-a47a-d4af509a40ac,William M. Marsh,person,,ocd-person/22006937-f2ca-4a2e-b92a-457777933dc7,ocd-bill/e7326ff9-71b3-4639-bc3e-ffb01a0afa91,False,cosponsor
50b7de2b-f368-49f7-bedd-a3e3ebee38e4,Bob J. Giuda,person,,ocd-person/7739a4d0-534e-4bdb-b7fb-6a8f348e833e,ocd-bill/e7326ff9-71b3-4639-bc3e-ffb01a0afa91,True,primary
3e97720b-def4-411d-b29d-cf4e132c9eb0,Mark A. Pearson,person,,ocd-person/6c90e0a1-d9d5-488c-a9a3-898ca5b0f9a4,ocd-bill/e7326ff9-71b3-4639-bc3e-ffb01a0afa91,False,cosponsor
612d522a-b6b5-4105-aadc-71fcb1b1a846,Gary Merchant,person,,ocd-person/78078880-ab6f-4f87-b095-8b85c31f1780,ocd-bill/e7326ff9-71b3-4639-bc3e-ffb01a0afa91,False,cosponsor
79bc67b2-e8dd-4608-aa1a-544a87ffe395,Suzanne M Prentiss,person,,ocd-person/de206392-deba-4ecf-96a3-33494c415417,ocd-bill/e7326ff9-71b3-4639-bc3e-ffb01a0afa91,False,cosponsor
7a4acb72-afe9-46eb-bba3-80c4018a460d,Jeb Bradley,person,,ocd-person/3f5455e8-256e-4442-9c13-bc14f62ce76f,ocd-bill/87123ef7-ded4-48a6-b886-37fc38e7eb33,False,cosponsor
35b2aa11-8396-4313-8d33-bac735b57d2f,Jeanine M. Notter,person,,ocd-person/84f79859-fef0-441d-80bb-5edeafc70e78,ocd-bill/87123ef7-ded4-48a6-b886-37fc38e7eb33,False,cosponsor
8ec611d3-b026-47fa-9515-5e9efc3c8bd3,Chris True,person,,ocd-person/9debae73-c678-420c-a515-c7381e304d1c,ocd-bill/edee10c6-5f85-472d-afd2-6a9e4b8fd865,False,cosponsor
3cba134d-7e5e-4a58-83e4-9668d45c04b8,John C. Janigian,person,,ocd-person/4c4f4974-0202-43a0-9aba-f41d0f99603a,ocd-bill/edee10c6-5f85-472d-afd2-6a9e4b8fd865,False,cosponsor
156084dd-2ea3-4815-9575-f273af004c8f,Peter E. Torosian,person,,ocd-person/45e36880-19af-4f3f-89d4-624946625e7f,ocd-bill/edee10c6-5f85-472d-afd2-6a9e4b8fd865,True,primary
64d8e0fe-9987-40c1-90c6-29231ae6c30e,Sharon M Carson,person,,ocd-person/00964fc0-dd57-44c3-87bf-b6d5bbc34560,ocd-bill/92000119-16bf-4c3b-b435-03d253dab05f,True,primary
854bfa82-0865-4653-9f32-e10d7d5d267b,John Reagan,person,,ocd-person/f516d40a-3676-4437-8285-a931d7c2885b,ocd-bill/a19d4794-3ea6-4998-a172-309a28377c62,False,cosponsor
cd8c003f-cfc5-4232-81b8-bf59277ba547,Al P. Baldasaro,person,,ocd-person/3807f9c1-b590-4496-8a1e-b0ff84ba592d,ocd-bill/a19d4794-3ea6-4998-a172-309a28377c62,False,cosponsor
41817024-427e-4d03-8545-6a6f69560dd3,Kevin G. Verville,person,,ocd-person/9d10ccec-b571-4eea-b025-9ed7634b6516,ocd-bill/a19d4794-3ea6-4998-a172-309a28377c62,True,primary
d750d279-fcda-4da9-9fc0-d85d3fd0d04d,Paul S. Berch,person,,ocd-person/f96a072d-9add-44b0-8028-0ec057f31f52,ocd-bill/ddf51cbc-177a-4cac-9021-fe3776ac2797,True,primary
76456c76-dd1f-4cef-9ad1-d43376101b61,Michael D. Abbott,person,,ocd-person/5aae4f7b-a7b5-467d-8b16-c566da38f624,ocd-bill/ddf51cbc-177a-4cac-9021-fe3776ac2797,False,cosponsor
9dc6901e-dae5-47a9-83c1-4667eb1ac940,Cathryn A. Harvey,person,,ocd-person/c15709b9-8514-4e8f-8a52-6b464eb8484d,ocd-bill/ddf51cbc-177a-4cac-9021-fe3776ac2797,False,cosponsor
ae9022a7-d174-4365-b924-8e8e76957bc1,Kat McGhee,person,,ocd-person/4c8bec8a-e86d-4316-8b2e-2f8c4157cae5,ocd-bill/3eba1f8a-3133-4b36-b997-6520f0dccb7e,False,cosponsor
7d5988f9-1d2f-4272-981b-1bbda95728e1,Rebecca J. McWilliams,person,,ocd-person/39eb4d14-9ef3-4b1b-bcb6-a66f1aa97491,ocd-bill/3eba1f8a-3133-4b36-b997-6520f0dccb7e,True,primary
6cea853d-48d7-49df-91f8-26e41a5effd1,Tony Caplan,person,,ocd-person/960dc748-e7c7-4859-ab1d-b07f9bb7b269,ocd-bill/3eba1f8a-3133-4b36-b997-6520f0dccb7e,False,cosponsor
51e4fc82-3e83-4ef8-8467-39f0c44d201a,Michael Moffett,person,,ocd-person/acb20216-f193-42e1-9304-2b1d3572e61d,ocd-bill/8fee079a-91bf-468f-a560-87b74f69e876,False,cosponsor
4ecf82d1-8ce1-42ad-b6b5-7e46f9cecd91,Timothy P. Lang,person,,ocd-person/85064309-421e-4611-a6c5-800234db68fb,ocd-bill/8fee079a-91bf-468f-a560-87b74f69e876,True,primary
173bf8a1-e52c-4ae9-b57a-54d083499eca,Howard C. Pearl,person,,ocd-person/c4122c6a-ed23-492e-b813-59a0fed1ec86,ocd-bill/8fee079a-91bf-468f-a560-87b74f69e876,False,cosponsor
ca28cc2c-afe0-4b62-abac-8a7b98963062,Douglas R. Trottier,person,,ocd-person/464c15d2-0b67-47e6-8c0a-fc556b336d4a,ocd-bill/8fee079a-91bf-468f-a560-87b74f69e876,False,cosponsor
cc3b0999-97ea-45d6-b811-dbc7db3954ef,Max Abramson,person,,ocd-person/83f50732-5fc6-4287-87aa-786cf169840c,ocd-bill/602dd30b-8049-4854-b357-5ca471efdfc6,False,cosponsor
b579a971-a3c9-4aa8-9063-8c5d2bb9e146,John M. Potucek,person,,ocd-person/433c67d6-bfdc-410e-87e2-463c93d55a17,ocd-bill/602dd30b-8049-4854-b357-5ca471efdfc6,True,primary
4be05319-1727-4a14-9a59-1b0e04095563,Leonard P. Turcotte,person,,ocd-person/b5f897f3-cce8-43b0-a130-f98d0d88da8e,ocd-bill/602dd30b-8049-4854-b357-5ca471efdfc6,False,cosponsor
830a1eed-26fd-4421-8213-385dbb7b7a4c,Susan C. DeLemus,person,,ocd-person/0e3a4612-9179-4659-a512-86322f4ff0ef,ocd-bill/602dd30b-8049-4854-b357-5ca471efdfc6,False,cosponsor
0c89834b-420e-483c-a59d-ac716afc454b,David W. Binford,person,,ocd-person/9098756d-2231-4e69-84d5-09ab979ee1a2,ocd-bill/602dd30b-8049-4854-b357-5ca471efdfc6,False,cosponsor
ea942163-d4de-48bb-aa90-22f337f5ebf9,Bill Gannon,person,,ocd-person/d3c437bd-532d-458b-961f-4f6dccec1e4b,ocd-bill/602dd30b-8049-4854-b357-5ca471efdfc6,False,cosponsor
44c05cde-95ee-4671-a351-45d97d08198d,Tom Dolan,person,,ocd-person/330b6b4b-dfa6-4379-ae45-bedd9b276fcd,ocd-bill/602dd30b-8049-4854-b357-5ca471efdfc6,False,cosponsor
e9952221-ee94-48af-a021-eaa4924ce7b8,Gregg Hough,person,,ocd-person/3300d54f-0d44-4b18-ac18-41da270b8d58,ocd-bill/602dd30b-8049-4854-b357-5ca471efdfc6,False,cosponsor
eac2436c-42a8-42ae-9121-a36930452bba,Ted Gorski,person,,ocd-person/c40abbd9-220c-4081-9ad8-9559c10f9aae,ocd-bill/602dd30b-8049-4854-b357-5ca471efdfc6,False,cosponsor
49a8737a-ca99-4fc3-a2ef-a24c2073a20c,Erica J. Layon,person,,ocd-person/94df7a3f-b27d-42c1-9ecc-1ebdc707c9ae,ocd-bill/602dd30b-8049-4854-b357-5ca471efdfc6,False,cosponsor
1aaf84e1-e3bf-4de6-befa-6798a3f9790c,Mark Warden,person,,ocd-person/01358592-fa6d-49bf-a933-ea2f223572d7,ocd-bill/f419c997-9af0-4c62-8c2d-dcf2fa23cb6d,False,cosponsor
658a7cff-ac8b-4315-9b2e-df61bbe8caaf,Jason M. Osborne,person,,ocd-person/6e2bc564-5cd1-4f96-a265-4753b7f12ee1,ocd-bill/f419c997-9af0-4c62-8c2d-dcf2fa23cb6d,False,cosponsor
0e201ab4-7efd-4ae2-82b4-af6a8cd5d2ad,Andrew J. Prout,person,,ocd-person/da5fb901-d16d-430f-b5cb-7ab556f8d4ee,ocd-bill/f419c997-9af0-4c62-8c2d-dcf2fa23cb6d,True,primary
ea8f7f09-2e70-4e47-bc59-3bb5b2cfaffe,Peter E. Torosian,person,,ocd-person/45e36880-19af-4f3f-89d4-624946625e7f,ocd-bill/f419c997-9af0-4c62-8c2d-dcf2fa23cb6d,False,cosponsor
386c6e86-ee86-4d93-bebc-018b45129670,Casey M. Conley,person,,ocd-person/3290a4d4-7403-45f8-adc4-4e26e0fefa09,ocd-bill/f419c997-9af0-4c62-8c2d-dcf2fa23cb6d,False,cosponsor
db5cbda7-3b98-44ac-8560-156b2db5e74c,Alicia D. Lekas,person,,ocd-person/50bcd6fc-7d60-4595-811c-213e18faf326,ocd-bill/f419c997-9af0-4c62-8c2d-dcf2fa23cb6d,False,cosponsor
a4615ea7-6b2d-4912-b6de-c26d4442382e,Tony Lekas,person,,ocd-person/97ccf8c1-af1c-4a3c-b267-683d0446b790,ocd-bill/f419c997-9af0-4c62-8c2d-dcf2fa23cb6d,False,cosponsor
d84d9caa-535c-4f90-b074-15ae3ef4f3b3,Robert Renny Cushing,person,,ocd-person/cdb3279c-243a-4ca0-8e83-fcb10a975736,ocd-bill/77e7fc62-48e3-40b9-9f35-82b4623b251b,True,primary
c3c4d759-55bb-4537-9f40-d74b6b4eb42e,Linda C. Harriott-Gathright,person,,ocd-person/1e2b57f6-dbb9-4069-a71b-d40828c80cfa,ocd-bill/77e7fc62-48e3-40b9-9f35-82b4623b251b,False,cosponsor
091265db-5c80-4cd5-afc4-e65ebbd5a055,David A. Welch,person,,ocd-person/b8201b25-9bdd-45d3-819d-5bae4c670ad0,ocd-bill/77e7fc62-48e3-40b9-9f35-82b4623b251b,False,cosponsor
150e8ff7-b05f-48b4-b8fa-8d716bdf7e2d,Ellen D. Read,person,,ocd-person/77304532-17fb-4b2c-aed6-213a435e4a46,ocd-bill/e6d4feac-4a42-4fa5-bd4e-f250a7d4c736,True,primary
4f4f27f9-73f8-4a29-9c44-6400ae03919d,Rosemarie Rung,person,,ocd-person/1a5923c6-3e1f-4ebe-8739-17c9e9642403,ocd-bill/e6d4feac-4a42-4fa5-bd4e-f250a7d4c736,False,cosponsor
272657e1-ff85-41d2-82f4-cfd82ec9ba99,Kenneth L. Weyler,person,,ocd-person/e2f9dd7e-b221-4cf0-b7de-5daa70658669,ocd-bill/ab751af4-cfd4-4d66-9b52-c1f1c233318b,False,cosponsor
16c8d6c4-ffcb-4015-a11d-313b3963e3ad,Gary L. Daniels,person,,ocd-person/4c8ac73e-dca4-48ca-b50c-25d0d41425bc,ocd-bill/ab751af4-cfd4-4d66-9b52-c1f1c233318b,False,cosponsor
13b57817-802d-4d40-845b-133a22f5d206,Howard C. Pearl,person,,ocd-person/c4122c6a-ed23-492e-b813-59a0fed1ec86,ocd-bill/ab751af4-cfd4-4d66-9b52-c1f1c233318b,False,cosponsor
397adb50-ac3f-4717-b7b3-58f3e138ad61,Bob J. Giuda,person,,ocd-person/7739a4d0-534e-4bdb-b7fb-6a8f348e833e,ocd-bill/ab751af4-cfd4-4d66-9b52-c1f1c233318b,True,primary
f7dbbe6b-ed01-4ee2-ba3f-362244937b22,Mark A. Pearson,person,,ocd-person/6c90e0a1-d9d5-488c-a9a3-898ca5b0f9a4,ocd-bill/ab751af4-cfd4-4d66-9b52-c1f1c233318b,False,cosponsor
b2562f50-f03d-4f51-b9d6-0da8ee83078d,Wayne D. MacDonald,person,,ocd-person/8588302c-ac8c-4b58-9444-0c9f29448aa0,ocd-bill/ab751af4-cfd4-4d66-9b52-c1f1c233318b,False,cosponsor
91135c6f-bd31-40a7-a4a5-df0f34fc2e33,Regina Birdsell,person,,ocd-person/461c9024-c8c3-44a5-91d6-015a6587db5f,ocd-bill/87123ef7-ded4-48a6-b886-37fc38e7eb33,False,cosponsor
f5be24dc-ba78-4b56-99a3-dc72f557383b,Kevin A. Avard,person,,ocd-person/b99b0bbb-4710-43c7-a6b5-0e04524eedf0,ocd-bill/87123ef7-ded4-48a6-b886-37fc38e7eb33,False,cosponsor
0e360a7d-e872-44b5-9dfb-aba7c1f3498a,Maureen C. Mooney,person,,ocd-person/4a80db99-34b2-4d33-995b-41d889592bf3,ocd-bill/87123ef7-ded4-48a6-b886-37fc38e7eb33,False,cosponsor
56b478f6-6537-4554-b050-a6a804971873,Walter A. Stapleton,person,,ocd-person/74efcb71-c62c-4388-b9ad-69f779b0c33e,ocd-bill/87123ef7-ded4-48a6-b886-37fc38e7eb33,False,cosponsor
367a2618-f837-4f07-99e5-69d552e94150,Mark A. Pearson,person,,ocd-person/6c90e0a1-d9d5-488c-a9a3-898ca5b0f9a4,ocd-bill/87123ef7-ded4-48a6-b886-37fc38e7eb33,False,cosponsor
69c42898-faea-4490-a2bf-9b48c61659d7,Hershel Nunez,person,,ocd-person/3724f35b-dc08-456a-a432-1ead531e8dfd,ocd-bill/87123ef7-ded4-48a6-b886-37fc38e7eb33,False,cosponsor
9599ab4e-b024-40b5-8b5d-31cdfa826ded,Denise Ricciardi,person,,ocd-person/8dc59c94-caba-41b2-a6ba-6bca0f595118,ocd-bill/87123ef7-ded4-48a6-b886-37fc38e7eb33,False,cosponsor
80e175c0-cb7f-491a-9f11-ed58895c08d5,Matthew J. Simon,person,,ocd-person/a7e2763e-dc4f-44de-9c6e-5bd2c3f525d0,ocd-bill/87123ef7-ded4-48a6-b886-37fc38e7eb33,False,cosponsor
03ef3456-bdfe-4f4a-af3b-94fffcdb463d,Niki Kelsey,person,,ocd-person/eb615c25-53ee-4866-9c5d-d32e1ebb9822,ocd-bill/87123ef7-ded4-48a6-b886-37fc38e7eb33,True,primary
71cb98f0-3e06-4680-abbc-9fd7c3e524c0,Vanessa L. Sheehan,person,,ocd-person/5c985922-36b3-4d80-986d-1f9c363920f1,ocd-bill/87123ef7-ded4-48a6-b886-37fc38e7eb33,False,cosponsor
53099295-9e32-4ec9-9ffa-e1e256b0011d,Tim Baxter,person,,ocd-person/eec31a43-fdff-4f6b-a540-e5207d2ab16c,ocd-bill/87123ef7-ded4-48a6-b886-37fc38e7eb33,False,cosponsor
4e5d44d7-458b-4551-9edf-d1b671aa79f3,John Reagan,person,,ocd-person/f516d40a-3676-4437-8285-a931d7c2885b,ocd-bill/350f0633-7e69-4cc5-9445-e1f48a77b915,False,cosponsor
d951539d-6e3e-48b2-827b-eba88c906b53,James A. Spillane,person,,ocd-person/2520dc46-648c-44d0-ba1f-fe09b17a9d8b,ocd-bill/350f0633-7e69-4cc5-9445-e1f48a77b915,False,cosponsor
82408a70-c51c-48bb-9023-91507a6c8fc8,Terry Roy,person,,ocd-person/6d43b165-fda9-4918-a2b7-ad66940062a0,ocd-bill/350f0633-7e69-4cc5-9445-e1f48a77b915,True,primary
e64753a0-1f8a-4038-a81c-a1dde397ed09,John Lewicke,person,,ocd-person/32401243-00a9-4a26-a2cb-0ebf497dbabc,ocd-bill/1eb0555f-f6dd-487e-babc-c66e86c1138e,True,primary
7e3e59e0-df22-4eb9-96cc-c353ead27232,Patrick T. Long,person,,ocd-person/14d0ff58-3340-4344-bb79-c6acd5f8ba6c,ocd-bill/ec90911c-e6eb-4d73-b7b1-6fe59bdcf553,True,primary
f96a24e4-b6a6-480a-9d72-e3fba120197d,Barbara J. Griffin,person,,ocd-person/ce1a184c-47a7-4b48-a028-d39585bcf9c3,ocd-bill/b2b25372-0485-4376-9df1-08e067b835f5,True,primary
afc1f3ee-4a60-4327-8e81-1653e30d73dc,Joseph A. Guthrie,person,,ocd-person/772f5157-b959-4aed-beaa-6bd67ab8fefe,ocd-bill/369dd704-3e41-4367-9939-6f7914ef41b4,False,cosponsor
55775a7b-42a6-4549-b384-286925659ac6,Kat McGhee,person,,ocd-person/4c8bec8a-e86d-4316-8b2e-2f8c4157cae5,ocd-bill/369dd704-3e41-4367-9939-6f7914ef41b4,True,primary
40425add-28ee-415e-b32f-063a329c809b,Betty I. Gay,person,,ocd-person/c2486401-1c5f-4cfc-b4ef-bbae6b8c0489,ocd-bill/369dd704-3e41-4367-9939-6f7914ef41b4,False,cosponsor
47676169-0148-48dc-924f-3f89e9f0dd43,Joyce Weston,person,,ocd-person/2dbea6d6-0221-41de-98bf-508b14eb085d,ocd-bill/369dd704-3e41-4367-9939-6f7914ef41b4,False,cosponsor
cdb33823-c312-4b07-8b77-482f9becd886,William M. Marsh,person,,ocd-person/22006937-f2ca-4a2e-b92a-457777933dc7,ocd-bill/e15a251a-2ec5-4383-afe6-1512d441e43b,False,cosponsor
a81d57ef-eced-4cb2-a6ee-542d5996cd16,Jerry L. Knirk,person,,ocd-person/ce0bd184-d264-46d8-87fc-f2590e2a1ed1,ocd-bill/e15a251a-2ec5-4383-afe6-1512d441e43b,False,cosponsor
02921555-7afb-4c31-aeff-5d4cd11c6aa1,Gary L. Woods,person,,ocd-person/5d98b66b-f4d1-4776-953f-67dc348fdd12,ocd-bill/e15a251a-2ec5-4383-afe6-1512d441e43b,False,cosponsor
fd85f990-56f7-490f-8cbe-6790c7ee9044,Gary Merchant,person,,ocd-person/78078880-ab6f-4f87-b095-8b85c31f1780,ocd-bill/e15a251a-2ec5-4383-afe6-1512d441e43b,True,primary
e05cf10b-f8e7-493d-a219-7eebbf8ba397,Suzanne M Prentiss,person,,ocd-person/de206392-deba-4ecf-96a3-33494c415417,ocd-bill/e15a251a-2ec5-4383-afe6-1512d441e43b,False,cosponsor
4949d454-958f-4f0b-b10c-a29cd867bef5,Brodie S. Deshaies,person,,ocd-person/cf0f7c1c-a402-49f9-80cd-102f946cd260,ocd-bill/e15a251a-2ec5-4383-afe6-1512d441e43b,False,cosponsor
cef2acf6-7e20-4027-b5b4-ffd275d4bd5d,James Michael Murphy,person,,ocd-person/c88c54ce-42e9-4111-8e1a-164ee43eaa89,ocd-bill/e15a251a-2ec5-4383-afe6-1512d441e43b,False,cosponsor
6c38436d-cc3c-4545-a261-ed7412c26dd9,Josh S. Yokela,person,,ocd-person/c96f9d7a-b859-4b37-8fdd-4097b21d3f2c,ocd-bill/ce11f054-e1e2-4782-9476-b64d5a10efd0,True,primary
84d4e041-4136-474d-8917-c6f3f6c96101,Ralph G. Boehm,person,,ocd-person/ac6ce16b-a462-4727-8e4b-724c7c19e58c,ocd-bill/4e28dc94-bf30-421b-b4b8-c71db2d32644,False,cosponsor
490441aa-6d5b-43ed-a971-bf556faaac6f,Rick M. Ladd,person,,ocd-person/1bd6c569-f2dd-4670-bf82-ef3ea4b15960,ocd-bill/4e28dc94-bf30-421b-b4b8-c71db2d32644,True,primary
f658d492-edde-494f-811d-8e9a762eb9a5,Karen C. Umberger,person,,ocd-person/054854df-4965-4401-9776-ffbcd075e295,ocd-bill/4e28dc94-bf30-421b-b4b8-c71db2d32644,False,cosponsor
3632d25a-49d0-41cf-a2e7-2089faaf653e,Steven D. Smith,person,,ocd-person/129a2970-07b9-4136-aae1-15c689edca40,ocd-bill/4e28dc94-bf30-421b-b4b8-c71db2d32644,False,cosponsor
780cbb52-f5d9-48ef-b994-b1cfa93c8df0,Glenn Cordelli,person,,ocd-person/c8aa2951-dea0-4999-9b6a-6323d9917e0b,ocd-bill/4e28dc94-bf30-421b-b4b8-c71db2d32644,False,cosponsor
7466db4e-c9c4-47ed-a21a-b93089b05183,Deborah L. Hobson,person,,ocd-person/6e4aa2d5-d1c7-4009-950f-e5ebedea7189,ocd-bill/4e28dc94-bf30-421b-b4b8-c71db2d32644,False,cosponsor
161dedbe-c81a-4655-a6d5-bc3f1982cb85,Max Abramson,person,,ocd-person/83f50732-5fc6-4287-87aa-786cf169840c,ocd-bill/898e9f1e-32e5-4513-aa2c-54c4c2db9725,False,cosponsor
b4613eca-9980-44d5-af9b-869422ae9cb4,Chris True,person,,ocd-person/9debae73-c678-420c-a515-c7381e304d1c,ocd-bill/898e9f1e-32e5-4513-aa2c-54c4c2db9725,True,primary
453ab013-7bc0-4101-b491-939dedd5a24c,Peter E. Torosian,person,,ocd-person/45e36880-19af-4f3f-89d4-624946625e7f,ocd-bill/898e9f1e-32e5-4513-aa2c-54c4c2db9725,False,cosponsor
5ca345c9-44a2-4344-a664-604ed6513165,Bob J. Greene,person,,ocd-person/c51b7c0a-47d7-4567-900e-dccb42942ca6,ocd-bill/898e9f1e-32e5-4513-aa2c-54c4c2db9725,False,cosponsor
1895c477-c28a-420c-ab46-07678cba130c,Tony Piemonte,person,,ocd-person/45e7b6d4-c265-40a9-ba77-47a7a454ed71,ocd-bill/898e9f1e-32e5-4513-aa2c-54c4c2db9725,False,cosponsor
66cee2c8-064f-41fb-8f1f-67c327b8c878,Sharon M Carson,person,,ocd-person/00964fc0-dd57-44c3-87bf-b6d5bbc34560,ocd-bill/30df1dd5-8022-42ec-8d01-3e028a062fc5,False,cosponsor
cd94c75c-7155-4425-9c55-5cb8e2f40326,Mary Jane Wallner,person,,ocd-person/0e6f806c-ba57-4dc6-b6b4-f2a926288ca3,ocd-bill/30df1dd5-8022-42ec-8d01-3e028a062fc5,False,cosponsor
960c7e4e-0ef4-4804-a052-1076d13ed794,Marjorie K. Smith,person,,ocd-person/86b31d04-3a4b-4199-b10e-27bd337f0a34,ocd-bill/30df1dd5-8022-42ec-8d01-3e028a062fc5,False,cosponsor
947c9c7b-2bd2-48e1-926e-6b79fda24eb5,Patrick T. Long,person,,ocd-person/14d0ff58-3340-4344-bb79-c6acd5f8ba6c,ocd-bill/30df1dd5-8022-42ec-8d01-3e028a062fc5,False,cosponsor
f8115084-0516-46d9-a41e-a21b3c4c65a1,Kimberly A. Rice,person,,ocd-person/85b7ca6d-3fd7-4e97-bfe0-effe223121f7,ocd-bill/30df1dd5-8022-42ec-8d01-3e028a062fc5,True,primary
9856c619-2fbc-4cd9-aa84-3f4a01bcf3d4,Cindy Rosenwald,person,,ocd-person/f3e949ce-6d98-4826-bbca-08039cea4ea4,ocd-bill/30df1dd5-8022-42ec-8d01-3e028a062fc5,False,cosponsor
f443ddd6-c39e-426c-b9c9-eb5b96ed982f,Erin Hennessey,person,,ocd-person/b8009d8b-0bb8-4a70-9e34-96d247a3327b,ocd-bill/30df1dd5-8022-42ec-8d01-3e028a062fc5,False,cosponsor
66b14a1a-fdfb-4f71-8fb1-b97f23ecc26c,Kenneth L. Weyler,person,,ocd-person/e2f9dd7e-b221-4cf0-b7de-5daa70658669,ocd-bill/615c04a7-c7aa-48f3-a5c8-b25da652931e,False,cosponsor
5c1e158e-d258-4b80-8248-096e62b043ea,Ralph G. Boehm,person,,ocd-person/ac6ce16b-a462-4727-8e4b-724c7c19e58c,ocd-bill/615c04a7-c7aa-48f3-a5c8-b25da652931e,False,cosponsor
3f2fdfd5-cb20-4033-a4ff-e9991cefb4f2,Al P. Baldasaro,person,,ocd-person/3807f9c1-b590-4496-8a1e-b0ff84ba592d,ocd-bill/615c04a7-c7aa-48f3-a5c8-b25da652931e,False,cosponsor
7bb4f790-032b-43b2-b0d0-92076a17832b,Rick M. Ladd,person,,ocd-person/1bd6c569-f2dd-4670-bf82-ef3ea4b15960,ocd-bill/615c04a7-c7aa-48f3-a5c8-b25da652931e,False,cosponsor
1440dc04-e74b-4c19-9635-bdeedca7cc89,Glenn Cordelli,person,,ocd-person/c8aa2951-dea0-4999-9b6a-6323d9917e0b,ocd-bill/615c04a7-c7aa-48f3-a5c8-b25da652931e,True,primary
cbd480d7-d5ca-4685-9319-311a268617c8,Claire A. Rouillard,person,,ocd-person/527f8fb3-d715-438e-be76-59cd96641c11,ocd-bill/615c04a7-c7aa-48f3-a5c8-b25da652931e,False,cosponsor
aae0337b-4abb-4a34-a49b-d7ebc10be7fc,Jason M. Osborne,person,,ocd-person/6e2bc564-5cd1-4f96-a265-4753b7f12ee1,ocd-bill/615c04a7-c7aa-48f3-a5c8-b25da652931e,False,cosponsor
fcccfcca-b9dc-45ec-a0c7-b63a15abba13,Ruth Ward,person,,ocd-person/9089a509-1f26-4770-adc6-199ed716e692,ocd-bill/615c04a7-c7aa-48f3-a5c8-b25da652931e,False,cosponsor
c673fc19-b91f-49a5-9453-3a687e315354,David H Watters,person,,ocd-person/cf24defe-6df3-49f3-88ca-c6774b144f19,ocd-bill/8f7a5c85-76e6-4c4e-bd8f-3044ed56c863,True,primary
0dc496a7-9b5c-45f6-be5c-5eb7120d6fe4,Latha D. Mangipudi,person,,ocd-person/4f71f9e1-ce78-46d3-9665-00dd404a0f1b,ocd-bill/8f7a5c85-76e6-4c4e-bd8f-3044ed56c863,False,cosponsor
3ff688c0-2438-4ebf-98bb-833fce1f214a,Thomas L. Southworth,person,,ocd-person/4febed48-b7fd-4b44-98e8-fb20de52968e,ocd-bill/8f7a5c85-76e6-4c4e-bd8f-3044ed56c863,False,cosponsor
8314bdb3-2517-4622-a8de-766c6b39535e,Tom Sherman,person,,ocd-person/ee95d0de-e55e-4733-ba97-0fde66adf65c,ocd-bill/8f7a5c85-76e6-4c4e-bd8f-3044ed56c863,False,cosponsor
42aca892-8f55-46fc-8493-b3afbfababa3,Suzanne M Prentiss,person,,ocd-person/de206392-deba-4ecf-96a3-33494c415417,ocd-bill/8f7a5c85-76e6-4c4e-bd8f-3044ed56c863,False,cosponsor
bd8dcd5b-b8ea-429e-82c1-3f8243cdb70e,Rebecca Perkins Kwoka,person,,ocd-person/c20b7693-7f2c-4646-af7f-d57518edd1a4,ocd-bill/8f7a5c85-76e6-4c4e-bd8f-3044ed56c863,False,cosponsor
220b1180-8d12-4ee7-b57f-14b368f0cc43,Jeanine M. Notter,person,,ocd-person/84f79859-fef0-441d-80bb-5edeafc70e78,ocd-bill/7e8ecd38-8fed-4397-ab96-efbc47adbaf5,False,cosponsor
03bd3bb2-daae-49e4-ab99-a8f7e0de5b93,Michael J. Sylvia,person,,ocd-person/2e6feb2e-6f22-4909-b907-93f4c0f9ae9b,ocd-bill/7e8ecd38-8fed-4397-ab96-efbc47adbaf5,False,cosponsor
b8df0a01-5f61-4846-9072-1ba48926eee6,Keith M. Ammon,person,,,ocd-bill/7e8ecd38-8fed-4397-ab96-efbc47adbaf5,True,primary
0dcbf3bd-e909-4e7c-94b4-204b4828d4d9,Gary L. Daniels,person,,ocd-person/4c8ac73e-dca4-48ca-b50c-25d0d41425bc,ocd-bill/7e8ecd38-8fed-4397-ab96-efbc47adbaf5,False,cosponsor
502a1961-06c5-4859-9c6e-5323bd4fedf7,Jeb Bradley,person,,ocd-person/3f5455e8-256e-4442-9c13-bc14f62ce76f,ocd-bill/7b3d5549-939e-4351-bfbd-f884a6cda742,True,primary
1a15f8d9-c232-489b-82df-f768d2e5aee4,William M. Marsh,person,,ocd-person/22006937-f2ca-4a2e-b92a-457777933dc7,ocd-bill/7b3d5549-939e-4351-bfbd-f884a6cda742,False,cosponsor
7a27570b-65d6-4b0d-91ed-faa6e23a7ec5,John T. MacDonald,person,,ocd-person/a22a36bb-3514-4d76-a39e-791902f41d6c,ocd-bill/7b3d5549-939e-4351-bfbd-f884a6cda742,False,cosponsor
66333208-1bdb-4060-8909-e0f087374ece,Brodie S. Deshaies,person,,ocd-person/cf0f7c1c-a402-49f9-80cd-102f946cd260,ocd-bill/7b3d5549-939e-4351-bfbd-f884a6cda742,False,cosponsor
2530f602-4e05-47c1-a1aa-87ac40decf79,Janet G. Wall,person,,ocd-person/2830876f-1a4d-4332-ae2a-a97607c4e1b9,ocd-bill/6b3366a1-7c17-4950-8c78-416f1ef3b0f8,True,primary
889000bd-cd1a-4d74-94e6-52f130697b8a,Ruth Ward,person,,ocd-person/9089a509-1f26-4770-adc6-199ed716e692,ocd-bill/4787d4e2-cf9e-439d-9717-2deae47bbccf,True,primary
84843b0a-8e89-4342-a5ea-99f66234469a,David W. Binford,person,,ocd-person/9098756d-2231-4e69-84d5-09ab979ee1a2,ocd-bill/183ab026-8ff8-4ccc-b157-0e7f212e785c,False,cosponsor
a3fb4cbb-03e4-48d3-823c-0b378ae4d92e,Mike Bordes,person,,ocd-person/c924901e-1cc8-4574-ae7c-19f3e52d2031,ocd-bill/183ab026-8ff8-4ccc-b157-0e7f212e785c,True,primary
8f33ece8-0ada-42d1-8426-17dc03f4772c,Gregg Hough,person,,ocd-person/3300d54f-0d44-4b18-ac18-41da270b8d58,ocd-bill/183ab026-8ff8-4ccc-b157-0e7f212e785c,False,cosponsor
e7bf0bac-6f2e-4984-b11a-b8ffa3d4e045,Dawn M. Johnson,person,,ocd-person/2d9311db-3f09-4390-92e2-5ef36824aa77,ocd-bill/183ab026-8ff8-4ccc-b157-0e7f212e785c,False,cosponsor
2230a450-d805-44b6-ba46-d0279a2f03c9,Douglas R. Trottier,person,,ocd-person/464c15d2-0b67-47e6-8c0a-fc556b336d4a,ocd-bill/183ab026-8ff8-4ccc-b157-0e7f212e785c,False,cosponsor
47e774bd-ef31-4e0d-b33f-37d2a588825b,Travis J. O'Hara,person,,ocd-person/fbfbfb0a-2c7d-457c-8322-12221db1662b,ocd-bill/183ab026-8ff8-4ccc-b157-0e7f212e785c,False,cosponsor
1b5b9741-9823-410e-ab09-ced18e62d636,Michael Yakubovich,person,,ocd-person/39d155fd-5ecf-4608-985c-82f5855fe260,ocd-bill/b4264ffc-78f1-4df4-82d1-d58b3ea11d1b,True,primary
1f7ba1bb-e93d-4796-9fb1-738d6da164eb,Tony Piemonte,person,,ocd-person/45e7b6d4-c265-40a9-ba77-47a7a454ed71,ocd-bill/b4264ffc-78f1-4df4-82d1-d58b3ea11d1b,False,cosponsor
5b2a6e20-fa74-4343-93d9-23c041a1d3d1,Rebecca J. McWilliams,person,,ocd-person/39eb4d14-9ef3-4b1b-bcb6-a66f1aa97491,ocd-bill/12ef0cb7-2316-4cac-98e5-11ae7158faf0,True,primary
d4095aa5-7692-44eb-94e6-1724a5e385e8,Josh S. Yokela,person,,ocd-person/c96f9d7a-b859-4b37-8fdd-4097b21d3f2c,ocd-bill/12ef0cb7-2316-4cac-98e5-11ae7158faf0,False,cosponsor
b93fb281-c17b-4168-9ec6-ac369f98af59,Rebecca G. Whitley,person,,ocd-person/92267d4c-e6f1-4f45-87be-83f229c2cd36,ocd-bill/12ef0cb7-2316-4cac-98e5-11ae7158faf0,False,cosponsor
c7e7485f-9063-4d1b-9174-68eaed67e239,Ivy C. Vann,person,,ocd-person/6fd532c2-91b5-47c4-a29f-eae9fc47743d,ocd-bill/dde9506f-e653-4439-b573-c08c1bf809ac,True,primary
d992a7ca-e1a7-4706-92ed-f6118610f8b6,Casey M. Conley,person,,ocd-person/3290a4d4-7403-45f8-adc4-4e26e0fefa09,ocd-bill/dde9506f-e653-4439-b573-c08c1bf809ac,False,cosponsor
047a2b04-6c49-4215-a0a2-f585cd1dd265,Debra L. DeSimone,person,,ocd-person/7ef7472f-0bda-4708-9239-76adeca1e87e,ocd-bill/1f13de09-a605-4b8a-bda4-71f7122e0df8,True,primary
af36249b-59fd-470a-b415-0d863cfb1f9d,John Reagan,person,,ocd-person/f516d40a-3676-4437-8285-a931d7c2885b,ocd-bill/5e4f00df-8a8a-4c2e-a3e6-cc1040521919,False,cosponsor
bec3b92c-f4c5-47bd-a6fb-70ab8c5f3acd,Glenn Cordelli,person,,ocd-person/c8aa2951-dea0-4999-9b6a-6323d9917e0b,ocd-bill/5e4f00df-8a8a-4c2e-a3e6-cc1040521919,False,cosponsor
6a9f0bd3-03b8-4b20-bc62-c309b12521c1,Gary L. Daniels,person,,ocd-person/4c8ac73e-dca4-48ca-b50c-25d0d41425bc,ocd-bill/5e4f00df-8a8a-4c2e-a3e6-cc1040521919,False,cosponsor
675b31d5-3258-4d7e-b32d-8b0633d273c3,Maureen C. Mooney,person,,ocd-person/4a80db99-34b2-4d33-995b-41d889592bf3,ocd-bill/5e4f00df-8a8a-4c2e-a3e6-cc1040521919,True,primary
e4095a53-f697-4d27-9e0e-6b530ff255ba,Barbara Comtois,person,,ocd-person/3e0ee111-2332-4742-b073-a23cc37a8b51,ocd-bill/5e4f00df-8a8a-4c2e-a3e6-cc1040521919,False,cosponsor
ea3ca241-3bc9-448b-b86d-e2ae50812336,Robert V. Healey,person,,ocd-person/c7c69eff-d232-40f0-b41b-ef9edd276edf,ocd-bill/5e4f00df-8a8a-4c2e-a3e6-cc1040521919,False,cosponsor
4e5b04c7-7b57-404b-8336-95a90cdd10db,Carol M. McGuire,person,,ocd-person/ae3d6133-98b5-444e-b95e-2edc2f5302dc,ocd-bill/fa1eb87a-b5e5-4acc-8560-99b93ed2fc64,True,primary
31c32d13-dd44-425f-8a97-c30de64592f4,Joseph A. Pitre,person,,ocd-person/5ce55936-fd73-4b3c-ba16-70e13734a3c8,ocd-bill/fa1eb87a-b5e5-4acc-8560-99b93ed2fc64,False,cosponsor
e5843b98-9f27-4735-bcb0-fb9143714234,Tony Lekas,person,,ocd-person/97ccf8c1-af1c-4a3c-b267-683d0446b790,ocd-bill/fa1eb87a-b5e5-4acc-8560-99b93ed2fc64,False,cosponsor
e48f7a47-e928-40b9-82a8-88e2fbfd29d4,Marjorie A. Porter,person,,ocd-person/0999b615-be84-4309-b4ca-68261c1155ab,ocd-bill/0c1be5a0-b764-4df9-9f18-6adb7f0d96fb,False,cosponsor
7fbc4ab6-6f06-4f65-8c2d-27f3d7f33277,Steven D. Smith,person,,ocd-person/129a2970-07b9-4136-aae1-15c689edca40,ocd-bill/0c1be5a0-b764-4df9-9f18-6adb7f0d96fb,False,cosponsor
7d1e5d29-edbd-4ce2-aa48-cd7bdb2ddde0,Kat McGhee,person,,ocd-person/4c8bec8a-e86d-4316-8b2e-2f8c4157cae5,ocd-bill/0c1be5a0-b764-4df9-9f18-6adb7f0d96fb,False,cosponsor
b26b7ed1-baef-4bf6-a948-f4d33c5b978d,Ruth Ward,person,,ocd-person/9089a509-1f26-4770-adc6-199ed716e692,ocd-bill/0c1be5a0-b764-4df9-9f18-6adb7f0d96fb,False,cosponsor
d070b522-c40a-4124-b387-1d902ac0382c,Judy F. Aron,person,,ocd-person/533fb85c-c4f0-41f3-9bc6-8b1c422a9693,ocd-bill/0c1be5a0-b764-4df9-9f18-6adb7f0d96fb,True,primary
c9d81fdf-bff7-473b-8b93-a632a1d573e2,Jay Kahn,person,,ocd-person/998e681b-6df1-4b4a-92db-7a2187cedcd8,ocd-bill/ff087863-6ef9-49e9-95ce-9b3f07bbf4a3,True,primary
f0e585d0-0b42-49be-a63c-67019ea41e59,Lou D'Allesandro,person,,ocd-person/87c48788-817d-408b-a1e1-ebe1c9fd893d,ocd-bill/70f87d8b-9a4e-4f7c-ad65-6608d56e6340,True,primary
2bac30c4-9fc7-4654-9965-0bb6c139697a,Donna M. Soucy,person,,ocd-person/bfbbacfd-e12a-4e07-970e-c2c2c006f4a2,ocd-bill/70f87d8b-9a4e-4f7c-ad65-6608d56e6340,False,cosponsor
a5031773-7c2b-4f0b-8f9b-8c8bc3e8871d,Jay Kahn,person,,ocd-person/998e681b-6df1-4b4a-92db-7a2187cedcd8,ocd-bill/70f87d8b-9a4e-4f7c-ad65-6608d56e6340,False,cosponsor
0e66db4b-1e41-40b6-b93a-9dc7bb7fe822,Kevin J. Cavanaugh,person,,ocd-person/7fb2bb33-cbdb-4dfd-9369-64f19f179777,ocd-bill/70f87d8b-9a4e-4f7c-ad65-6608d56e6340,False,cosponsor
b182f4fa-3a05-411e-b1d3-8d2268986bdf,Tom Sherman,person,,ocd-person/ee95d0de-e55e-4733-ba97-0fde66adf65c,ocd-bill/70f87d8b-9a4e-4f7c-ad65-6608d56e6340,False,cosponsor
fd1fd37a-eca7-4124-a204-606dc6462dee,Suzanne M Prentiss,person,,ocd-person/de206392-deba-4ecf-96a3-33494c415417,ocd-bill/70f87d8b-9a4e-4f7c-ad65-6608d56e6340,False,cosponsor
2137e0cd-b9f3-46c4-b3af-935719c4d325,Glenn Cordelli,person,,ocd-person/c8aa2951-dea0-4999-9b6a-6323d9917e0b,ocd-bill/679f5b43-bdaf-4492-8597-442a9cca1064,False,cosponsor
9e521eef-ec04-4499-91f0-8758decf4f8c,Leonard P. Turcotte,person,,ocd-person/b5f897f3-cce8-43b0-a130-f98d0d88da8e,ocd-bill/679f5b43-bdaf-4492-8597-442a9cca1064,True,primary
dbcadb3f-ba64-4dea-8d9a-cfca2a490c48,Kevin A. Avard,person,,ocd-person/b99b0bbb-4710-43c7-a6b5-0e04524eedf0,ocd-bill/679f5b43-bdaf-4492-8597-442a9cca1064,False,cosponsor
e7144d4b-372c-452f-ad9e-91989a8e22fc,Michael Moffett,person,,ocd-person/acb20216-f193-42e1-9304-2b1d3572e61d,ocd-bill/679f5b43-bdaf-4492-8597-442a9cca1064,False,cosponsor
795eacd7-a01b-4691-b540-61bf590b62a9,Jay Kahn,person,,ocd-person/998e681b-6df1-4b4a-92db-7a2187cedcd8,ocd-bill/14dbb6e9-ca32-434c-9108-a463c35fe1a1,True,primary
e140f187-3805-4930-b17c-31eef5ee99fc,Sharon M Carson,person,,ocd-person/00964fc0-dd57-44c3-87bf-b6d5bbc34560,ocd-bill/7f2b2eaf-26d9-47ea-9516-8a7df5a3cef9,False,cosponsor
400d1ae9-0fee-4225-8d58-d7547ebece68,Kevin A. Avard,person,,ocd-person/b99b0bbb-4710-43c7-a6b5-0e04524eedf0,ocd-bill/7f2b2eaf-26d9-47ea-9516-8a7df5a3cef9,False,cosponsor
660f1e57-3aae-402e-acb2-4c3ca0830b92,Bob J. Giuda,person,,ocd-person/7739a4d0-534e-4bdb-b7fb-6a8f348e833e,ocd-bill/7f2b2eaf-26d9-47ea-9516-8a7df5a3cef9,False,cosponsor
ccf3e0c9-f256-4d1c-bfdd-f3cd10ae0b10,Harold F. French,person,,ocd-person/ff11da65-174b-4fdc-b33c-e5d6d56602f0,ocd-bill/7f2b2eaf-26d9-47ea-9516-8a7df5a3cef9,True,primary
eb85cbce-365d-4594-8cb5-98f4e4c6e709,Kevin J. Cavanaugh,person,,ocd-person/7fb2bb33-cbdb-4dfd-9369-64f19f179777,ocd-bill/7f2b2eaf-26d9-47ea-9516-8a7df5a3cef9,False,cosponsor
297ef061-b4af-4c20-bbdf-bc68e3ee463e,Cindy Rosenwald,person,,ocd-person/f3e949ce-6d98-4826-bbca-08039cea4ea4,ocd-bill/7f2b2eaf-26d9-47ea-9516-8a7df5a3cef9,False,cosponsor
198e5deb-3367-4f2d-8f05-928d59572f2c,Suzanne M Prentiss,person,,ocd-person/de206392-deba-4ecf-96a3-33494c415417,ocd-bill/7f2b2eaf-26d9-47ea-9516-8a7df5a3cef9,False,cosponsor
0190bce9-c97f-4392-93f1-b53c0b464441,Chuck Morse,person,,ocd-person/72b8f708-a22d-477d-9c55-e5d14b8308a6,ocd-bill/17f4ebf3-7b7b-4f2c-b60f-4040870a5b62,False,cosponsor
c4b6a56e-c037-45fa-8e96-820d22c7f9af,Regina Birdsell,person,,ocd-person/461c9024-c8c3-44a5-91d6-015a6587db5f,ocd-bill/17f4ebf3-7b7b-4f2c-b60f-4040870a5b62,True,primary
a468151d-5837-41c8-b700-1345aed1d746,David W. Binford,person,,ocd-person/9098756d-2231-4e69-84d5-09ab979ee1a2,ocd-bill/449f98c4-9f40-4c31-85a4-f94008085715,False,cosponsor
180f6a3c-18df-4b78-9c10-6005c57e171b,Andrew J. Prout,person,,ocd-person/da5fb901-d16d-430f-b5cb-7ab556f8d4ee,ocd-bill/449f98c4-9f40-4c31-85a4-f94008085715,False,cosponsor
ddeffd89-dd63-4333-a705-48f291187da3,Kevin G. Verville,person,,ocd-person/9d10ccec-b571-4eea-b025-9ed7634b6516,ocd-bill/449f98c4-9f40-4c31-85a4-f94008085715,False,cosponsor
2f4033f3-73d7-4f10-b6f4-e844a4eb59b1,Scott Wallace,person,,,ocd-bill/449f98c4-9f40-4c31-85a4-f94008085715,False,cosponsor
d0fa3523-c5e3-4890-be70-d26ed1e619fb,Tony Lekas,person,,ocd-person/97ccf8c1-af1c-4a3c-b267-683d0446b790,ocd-bill/449f98c4-9f40-4c31-85a4-f94008085715,False,cosponsor
180a24c8-9afe-4bb8-b3eb-0d1951163995,Josh S. Yokela,person,,ocd-person/c96f9d7a-b859-4b37-8fdd-4097b21d3f2c,ocd-bill/449f98c4-9f40-4c31-85a4-f94008085715,False,cosponsor
e961f6b6-eb48-479c-8a85-b9e99c83fcd6,Gregg Hough,person,,ocd-person/3300d54f-0d44-4b18-ac18-41da270b8d58,ocd-bill/449f98c4-9f40-4c31-85a4-f94008085715,False,cosponsor
3d9dd749-b004-46c3-b637-16744d27ec85,Dawn M. Johnson,person,,ocd-person/2d9311db-3f09-4390-92e2-5ef36824aa77,ocd-bill/449f98c4-9f40-4c31-85a4-f94008085715,False,cosponsor
723bf5c7-2501-4d86-a08f-dea2dc4193bd,Leah P. Cushman,person,,ocd-person/b9ca7e25-b8c9-47c8-aac3-4b688cbcea42,ocd-bill/449f98c4-9f40-4c31-85a4-f94008085715,False,cosponsor
16323903-a073-4222-9669-eecbed3401ce,Melissa Blasek,person,,ocd-person/38dff49e-ef79-4720-b991-c3d76ccb87e4,ocd-bill/449f98c4-9f40-4c31-85a4-f94008085715,True,primary
94e5ed3f-db05-4175-9b4d-d4844301d166,Lou D'Allesandro,person,,ocd-person/87c48788-817d-408b-a1e1-ebe1c9fd893d,ocd-bill/72d9ba5b-5487-4c4f-b9fe-a4048fc792bb,True,primary
2b9b8a54-16c9-4870-a97a-905024022826,David H Watters,person,,ocd-person/cf24defe-6df3-49f3-88ca-c6774b144f19,ocd-bill/72d9ba5b-5487-4c4f-b9fe-a4048fc792bb,False,cosponsor
feb15cb0-555f-4f2c-afc5-44b0a485cd58,Donna M. Soucy,person,,ocd-person/bfbbacfd-e12a-4e07-970e-c2c2c006f4a2,ocd-bill/72d9ba5b-5487-4c4f-b9fe-a4048fc792bb,False,cosponsor
b9343aad-8bf6-4064-8358-edfb0e9da3bb,Mary Jane Wallner,person,,ocd-person/0e6f806c-ba57-4dc6-b6b4-f2a926288ca3,ocd-bill/72d9ba5b-5487-4c4f-b9fe-a4048fc792bb,False,cosponsor
742eb5b6-8e6a-4cc1-849b-0f2e067cfe51,Peter R. Leishman,person,,ocd-person/86708f42-531f-4e57-a6b1-f5b11ff9389c,ocd-bill/72d9ba5b-5487-4c4f-b9fe-a4048fc792bb,False,cosponsor
e280efdb-fd89-463b-a474-c68ede19be0c,William A. Hatch,person,,ocd-person/2bfaf69b-214f-40a6-9674-bdb68c23e9ff,ocd-bill/72d9ba5b-5487-4c4f-b9fe-a4048fc792bb,False,cosponsor
93b50096-ec82-4fdd-8980-3b71fa02faca,Jay Kahn,person,,ocd-person/998e681b-6df1-4b4a-92db-7a2187cedcd8,ocd-bill/72d9ba5b-5487-4c4f-b9fe-a4048fc792bb,False,cosponsor
5fde1970-8a68-4ceb-883f-31e5c27adffb,Kevin J. Cavanaugh,person,,ocd-person/7fb2bb33-cbdb-4dfd-9369-64f19f179777,ocd-bill/72d9ba5b-5487-4c4f-b9fe-a4048fc792bb,False,cosponsor
4949763b-36a2-4681-b11d-4b1243c38675,Tom Sherman,person,,ocd-person/ee95d0de-e55e-4733-ba97-0fde66adf65c,ocd-bill/72d9ba5b-5487-4c4f-b9fe-a4048fc792bb,False,cosponsor
d152d52d-2487-4671-8bf4-9c690be17abb,Cindy Rosenwald,person,,ocd-person/f3e949ce-6d98-4826-bbca-08039cea4ea4,ocd-bill/72d9ba5b-5487-4c4f-b9fe-a4048fc792bb,False,cosponsor
01c85469-6110-447a-b5f4-4c166f44bbdc,Suzanne M Prentiss,person,,ocd-person/de206392-deba-4ecf-96a3-33494c415417,ocd-bill/72d9ba5b-5487-4c4f-b9fe-a4048fc792bb,False,cosponsor
cb943bdf-26ee-4346-8fb9-59fda22ccd10,Rebecca G. Whitley,person,,ocd-person/92267d4c-e6f1-4f45-87be-83f229c2cd36,ocd-bill/72d9ba5b-5487-4c4f-b9fe-a4048fc792bb,False,cosponsor
81b5c9b0-c6e7-490b-bb12-e22f3127feb2,Rebecca Perkins Kwoka,person,,ocd-person/c20b7693-7f2c-4646-af7f-d57518edd1a4,ocd-bill/72d9ba5b-5487-4c4f-b9fe-a4048fc792bb,False,cosponsor
0f3fc82a-bff5-45a6-acf9-c1c468e69995,Lou D'Allesandro,person,,ocd-person/87c48788-817d-408b-a1e1-ebe1c9fd893d,ocd-bill/2da361a5-8016-4767-a4ec-1b23907da4ae,False,cosponsor
72ca1b7b-1807-4eff-a78d-51cf67b99ccf,David H Watters,person,,ocd-person/cf24defe-6df3-49f3-88ca-c6774b144f19,ocd-bill/2da361a5-8016-4767-a4ec-1b23907da4ae,False,cosponsor
351dcbe7-526b-4be7-860b-ef073f644be3,Donna M. Soucy,person,,ocd-person/bfbbacfd-e12a-4e07-970e-c2c2c006f4a2,ocd-bill/2da361a5-8016-4767-a4ec-1b23907da4ae,False,cosponsor
ec64c4ae-e93e-43f5-84e0-5ff42368b552,Mary Jane Wallner,person,,ocd-person/0e6f806c-ba57-4dc6-b6b4-f2a926288ca3,ocd-bill/2da361a5-8016-4767-a4ec-1b23907da4ae,False,cosponsor
98246d74-d908-4334-a67b-69e931fd282a,Kevin J. Cavanaugh,person,,ocd-person/7fb2bb33-cbdb-4dfd-9369-64f19f179777,ocd-bill/2da361a5-8016-4767-a4ec-1b23907da4ae,False,cosponsor
7397329c-de6f-44c0-b5d5-f689ac30c6f8,Kristina M. Schultz,person,,ocd-person/8698b473-ea4e-4126-8766-a2b5b5878702,ocd-bill/2da361a5-8016-4767-a4ec-1b23907da4ae,False,cosponsor
39e7a299-1746-46e5-b941-8d0cde7ca701,Tom Sherman,person,,ocd-person/ee95d0de-e55e-4733-ba97-0fde66adf65c,ocd-bill/2da361a5-8016-4767-a4ec-1b23907da4ae,False,cosponsor
12b9c5ed-2416-430f-aff4-ea81303cfa90,Safiya Wazir,person,,ocd-person/a2975441-f5d1-4e95-8a4e-1d930fc16bc2,ocd-bill/2da361a5-8016-4767-a4ec-1b23907da4ae,False,cosponsor
e8af2185-0707-4d39-b3a4-ad22486badce,Rebecca J. McWilliams,person,,ocd-person/39eb4d14-9ef3-4b1b-bcb6-a66f1aa97491,ocd-bill/2da361a5-8016-4767-a4ec-1b23907da4ae,False,cosponsor
6ee87c2b-e787-4a57-8ea2-1a72078ab09a,Cindy Rosenwald,person,,ocd-person/f3e949ce-6d98-4826-bbca-08039cea4ea4,ocd-bill/2da361a5-8016-4767-a4ec-1b23907da4ae,False,cosponsor
8f9423a0-8d93-4dc3-9896-8fcf536ff20c,Suzanne M Prentiss,person,,ocd-person/de206392-deba-4ecf-96a3-33494c415417,ocd-bill/2da361a5-8016-4767-a4ec-1b23907da4ae,False,cosponsor
27d5ddee-5850-4655-835d-271ce4a6b94b,Rebecca G. Whitley,person,,ocd-person/92267d4c-e6f1-4f45-87be-83f229c2cd36,ocd-bill/2da361a5-8016-4767-a4ec-1b23907da4ae,True,primary
4ee552b9-b9fe-4c44-81a7-30e6cfd7bb74,Rebecca Perkins Kwoka,person,,ocd-person/c20b7693-7f2c-4646-af7f-d57518edd1a4,ocd-bill/2da361a5-8016-4767-a4ec-1b23907da4ae,False,cosponsor
c9b848a9-0674-4a04-8c98-41cdc68a6f7f,Barbara J. Griffin,person,,ocd-person/ce1a184c-47a7-4b48-a028-d39585bcf9c3,ocd-bill/3cabde13-9825-4905-9f9c-5c0f70b10c1e,True,primary
91627709-07db-4322-a9cb-c615efc3cc25,Karen C. Umberger,person,,ocd-person/054854df-4965-4401-9776-ffbcd075e295,ocd-bill/3c95018f-a51f-4fe0-ae04-3ad572d4586a,False,cosponsor
e0e2ed70-7397-44a0-aac3-cac5243dd708,Karel A. Crawford,person,,ocd-person/a0936f2f-8170-47f9-8b05-6c6697a95968,ocd-bill/3c95018f-a51f-4fe0-ae04-3ad572d4586a,False,cosponsor
6ae76fe5-d484-43b9-b5ac-1b2e85a376f3,Lino M. Avellani,person,,ocd-person/4d68b7bf-e7fb-4c6d-ac12-526aba53e65e,ocd-bill/3c95018f-a51f-4fe0-ae04-3ad572d4586a,False,cosponsor
71b260b3-a01b-4142-9de6-2c4fa5428f2b,John T. MacDonald,person,,ocd-person/a22a36bb-3514-4d76-a39e-791902f41d6c,ocd-bill/3c95018f-a51f-4fe0-ae04-3ad572d4586a,True,primary
3cf0649c-4d8d-43e3-809a-ebe1f4955111,Brodie S. Deshaies,person,,ocd-person/cf0f7c1c-a402-49f9-80cd-102f946cd260,ocd-bill/3c95018f-a51f-4fe0-ae04-3ad572d4586a,False,cosponsor
3b648210-6ed9-4c6a-b73a-dd75ec0bbaeb,Douglas R. Trottier,person,,ocd-person/464c15d2-0b67-47e6-8c0a-fc556b336d4a,ocd-bill/fbff9e3e-1d86-41b1-a5e6-2899b7d12a40,True,primary
46d44e68-0910-42e7-b539-dd427fbd6ae3,Travis J. O'Hara,person,,ocd-person/fbfbfb0a-2c7d-457c-8322-12221db1662b,ocd-bill/fbff9e3e-1d86-41b1-a5e6-2899b7d12a40,False,cosponsor
dd8d6e22-027e-48a4-b1e3-925d588d3836,Laura C. Pantelakos,person,,ocd-person/957b326c-6910-4328-afcb-533b975c2202,ocd-bill/fc3e70b3-2e21-4ba1-a87f-b1757323c52e,False,cosponsor
0a8b4101-3783-43ac-866e-4e17d957c5e2,Kenneth L. Weyler,person,,ocd-person/e2f9dd7e-b221-4cf0-b7de-5daa70658669,ocd-bill/fc3e70b3-2e21-4ba1-a87f-b1757323c52e,True,primary
697ee3a2-fb22-4946-a177-b5e589bfce30,David E. Milz,person,,ocd-person/ef41a7dd-a84f-47db-b794-2a6c6be48771,ocd-bill/fc3e70b3-2e21-4ba1-a87f-b1757323c52e,False,cosponsor
edf08ac5-e9b2-4484-9366-89070fdfa4e0,Regina Birdsell,person,,ocd-person/461c9024-c8c3-44a5-91d6-015a6587db5f,ocd-bill/fc3e70b3-2e21-4ba1-a87f-b1757323c52e,False,cosponsor
4c0f013a-5cc9-4f8d-bd72-db59e43ed6ed,Stephen C. Pearson,person,,ocd-person/2a085551-6f62-4320-a1eb-bc9a177b9a6d,ocd-bill/fc3e70b3-2e21-4ba1-a87f-b1757323c52e,False,cosponsor
b6d094bb-72e4-42e2-a6b2-d8556de177c8,Jeb Bradley,person,,ocd-person/3f5455e8-256e-4442-9c13-bc14f62ce76f,ocd-bill/120f3eb3-6d13-4575-8d06-c601b7514091,False,cosponsor
d9e15829-8660-49a5-a7fd-14a859f90ef3,David H Watters,person,,ocd-person/cf24defe-6df3-49f3-88ca-c6774b144f19,ocd-bill/120f3eb3-6d13-4575-8d06-c601b7514091,False,cosponsor
205cc8e2-1768-42fa-8d22-729ce19aea2f,Carol M. McGuire,person,,ocd-person/ae3d6133-98b5-444e-b95e-2edc2f5302dc,ocd-bill/120f3eb3-6d13-4575-8d06-c601b7514091,False,cosponsor
d88d688d-133b-454d-ab69-b4e0de820022,Kevin A. Avard,person,,ocd-person/b99b0bbb-4710-43c7-a6b5-0e04524eedf0,ocd-bill/120f3eb3-6d13-4575-8d06-c601b7514091,True,primary
00656bd6-0337-45ab-9398-2641f9875cd9,Linda R. Gould,person,,ocd-person/40ae4adb-2124-47ca-82b5-9eee794af4a2,ocd-bill/87123ef7-ded4-48a6-b886-37fc38e7eb33,False,cosponsor
4ef98f94-124e-4efe-975e-e15b3593e8fc,Gary L. Daniels,person,,ocd-person/4c8ac73e-dca4-48ca-b50c-25d0d41425bc,ocd-bill/87123ef7-ded4-48a6-b886-37fc38e7eb33,False,cosponsor
81a557a1-6642-45e2-9e12-74deea9118a5,Lou D'Allesandro,person,,ocd-person/87c48788-817d-408b-a1e1-ebe1c9fd893d,ocd-bill/5f2a9b85-5b25-4876-b419-432d4513983a,False,cosponsor
ca11a789-6883-44d8-955f-c7c40ba276d4,Chuck Morse,person,,ocd-person/72b8f708-a22d-477d-9c55-e5d14b8308a6,ocd-bill/5f2a9b85-5b25-4876-b419-432d4513983a,False,cosponsor
345bd900-bc24-49a3-8047-9691e7678eb5,Sharon M Carson,person,,ocd-person/00964fc0-dd57-44c3-87bf-b6d5bbc34560,ocd-bill/5f2a9b85-5b25-4876-b419-432d4513983a,False,cosponsor
47ac57ae-49bf-45ac-b09e-e383f2f72123,Jeb Bradley,person,,ocd-person/3f5455e8-256e-4442-9c13-bc14f62ce76f,ocd-bill/5f2a9b85-5b25-4876-b419-432d4513983a,False,cosponsor
45ca2790-5757-4160-9db5-f71665d70a3a,David H Watters,person,,ocd-person/cf24defe-6df3-49f3-88ca-c6774b144f19,ocd-bill/5f2a9b85-5b25-4876-b419-432d4513983a,False,cosponsor
4f69be19-894a-461e-8a93-5d36ba8d5f37,John Reagan,person,,ocd-person/f516d40a-3676-4437-8285-a931d7c2885b,ocd-bill/5f2a9b85-5b25-4876-b419-432d4513983a,True,primary
60d67b82-999a-4c23-b976-cd7131696e0d,Donna M. Soucy,person,,ocd-person/bfbbacfd-e12a-4e07-970e-c2c2c006f4a2,ocd-bill/5f2a9b85-5b25-4876-b419-432d4513983a,False,cosponsor
5c5434b2-7e32-4b73-834c-88d918757453,Gary L. Daniels,person,,ocd-person/4c8ac73e-dca4-48ca-b50c-25d0d41425bc,ocd-bill/5f2a9b85-5b25-4876-b419-432d4513983a,False,cosponsor
4065103c-dffc-48b0-8bde-964d214048c7,Regina Birdsell,person,,ocd-person/461c9024-c8c3-44a5-91d6-015a6587db5f,ocd-bill/5f2a9b85-5b25-4876-b419-432d4513983a,False,cosponsor
6361bbca-7836-48af-970d-d3c16da3cb1b,Kevin A. Avard,person,,ocd-person/b99b0bbb-4710-43c7-a6b5-0e04524eedf0,ocd-bill/5f2a9b85-5b25-4876-b419-432d4513983a,False,cosponsor
06238509-c91b-4805-b7e5-a3348e518c3a,Bob J. Giuda,person,,ocd-person/7739a4d0-534e-4bdb-b7fb-6a8f348e833e,ocd-bill/5f2a9b85-5b25-4876-b419-432d4513983a,False,cosponsor
c576a701-07ce-4ee5-9db4-c3c26b41899e,James P. Gray,person,,ocd-person/e6443187-eb51-42eb-8bd7-349ed0ba9641,ocd-bill/5f2a9b85-5b25-4876-b419-432d4513983a,False,cosponsor
bc86f589-02a5-4635-979e-7756e1fa3fe9,Ruth Ward,person,,ocd-person/9089a509-1f26-4770-adc6-199ed716e692,ocd-bill/5f2a9b85-5b25-4876-b419-432d4513983a,False,cosponsor
0fb63d99-72e5-4a13-b07f-3740a889cde0,Jay Kahn,person,,ocd-person/998e681b-6df1-4b4a-92db-7a2187cedcd8,ocd-bill/5f2a9b85-5b25-4876-b419-432d4513983a,False,cosponsor
b09be2ef-2b9d-4879-ba03-2cb6ff3843f2,Bill Gannon,person,,ocd-person/d3c437bd-532d-458b-961f-4f6dccec1e4b,ocd-bill/5f2a9b85-5b25-4876-b419-432d4513983a,False,cosponsor
93dcfbb0-a9be-49b6-b0b5-1f91ef6588bf,Harold F. French,person,,ocd-person/ff11da65-174b-4fdc-b33c-e5d6d56602f0,ocd-bill/5f2a9b85-5b25-4876-b419-432d4513983a,False,cosponsor
394c1216-41f2-45bd-9b77-961df7aabc06,Kevin J. Cavanaugh,person,,ocd-person/7fb2bb33-cbdb-4dfd-9369-64f19f179777,ocd-bill/5f2a9b85-5b25-4876-b419-432d4513983a,False,cosponsor
aff19083-f053-46fd-8fb3-ba6f36f010d9,Tom Sherman,person,,ocd-person/ee95d0de-e55e-4733-ba97-0fde66adf65c,ocd-bill/5f2a9b85-5b25-4876-b419-432d4513983a,False,cosponsor
1fbcb162-786d-4f17-a086-cc2593d80d40,Cindy Rosenwald,person,,ocd-person/f3e949ce-6d98-4826-bbca-08039cea4ea4,ocd-bill/5f2a9b85-5b25-4876-b419-432d4513983a,False,cosponsor
8eb52b88-1393-44f6-9226-53dc4f907da0,Erin Hennessey,person,,ocd-person/b8009d8b-0bb8-4a70-9e34-96d247a3327b,ocd-bill/5f2a9b85-5b25-4876-b419-432d4513983a,False,cosponsor
81f45194-196e-46f3-bb93-d256fd64c07e,Suzanne M Prentiss,person,,ocd-person/de206392-deba-4ecf-96a3-33494c415417,ocd-bill/5f2a9b85-5b25-4876-b419-432d4513983a,False,cosponsor
7d7630cf-a307-48ff-ba75-68f8847cd37e,Denise Ricciardi,person,,ocd-person/8dc59c94-caba-41b2-a6ba-6bca0f595118,ocd-bill/5f2a9b85-5b25-4876-b419-432d4513983a,False,cosponsor
f75f807c-25b4-4972-9451-352a8f8b8718,Rebecca G. Whitley,person,,ocd-person/92267d4c-e6f1-4f45-87be-83f229c2cd36,ocd-bill/5f2a9b85-5b25-4876-b419-432d4513983a,False,cosponsor
f2435434-83a2-497a-bdee-260f4508ab45,Rebecca Perkins Kwoka,person,,ocd-person/c20b7693-7f2c-4646-af7f-d57518edd1a4,ocd-bill/5f2a9b85-5b25-4876-b419-432d4513983a,False,cosponsor
ffec9f5f-2a5e-4104-b8e1-d9fc2d10dc00,Timothy O. Horrigan,person,,ocd-person/2a11a559-c16e-4211-82ea-215951d74c1f,ocd-bill/721f3d37-91bc-42cf-a4ab-533cdc80b4e5,False,cosponsor
79c4cd1d-b5a6-47cf-bebc-1e5a19685d2d,Janice E. Schmidt,person,,ocd-person/ec374833-801f-4c21-9261-67cdefc1ba44,ocd-bill/721f3d37-91bc-42cf-a4ab-533cdc80b4e5,False,cosponsor
1c044a7f-664e-44dc-b23b-92b63576df4b,Suzanne M. Vail,person,,ocd-person/ce985799-268d-4190-b078-955fc63a8c3c,ocd-bill/721f3d37-91bc-42cf-a4ab-533cdc80b4e5,False,cosponsor
e2b29ae4-383e-4cb1-b08e-a157dd053b57,Betty I. Gay,person,,ocd-person/c2486401-1c5f-4cfc-b4ef-bbae6b8c0489,ocd-bill/721f3d37-91bc-42cf-a4ab-533cdc80b4e5,False,cosponsor
5ad90374-589f-40f3-97be-e7cd063e5aaf,Roger W. Dontonville,person,,ocd-person/ef4faeab-235d-452c-b493-8a98e4157f3f,ocd-bill/721f3d37-91bc-42cf-a4ab-533cdc80b4e5,False,cosponsor
31976162-5aea-4bbc-b0be-cbde1c4de603,Laura D. Telerski,person,,ocd-person/ac414b7c-45dc-48b6-9530-eaa8e80b124f,ocd-bill/721f3d37-91bc-42cf-a4ab-533cdc80b4e5,True,primary
6ec5c7ab-fa71-4b18-9cf8-3ca7b5c1b329,Mary Beth Walz,person,,ocd-person/aee31921-5d02-4da9-8e3e-3137b4bb8bf4,ocd-bill/c23ebdbe-019d-4356-8f69-62d5f68bdf99,False,cosponsor
baab0ac3-02fd-4168-a100-fd2f8fb9bb20,Timothy J. Smith,person,,ocd-person/b5ca2038-c971-48a1-9d59-f9acf2b0806b,ocd-bill/c23ebdbe-019d-4356-8f69-62d5f68bdf99,False,cosponsor
a90900a9-d4cd-4e62-b904-0450e257b75a,Debra Altschiller,person,,ocd-person/925608b2-8d23-4186-85f6-4c50f334374d,ocd-bill/c23ebdbe-019d-4356-8f69-62d5f68bdf99,False,cosponsor
db8fbee3-22f9-4950-bbaf-881be16bf82b,Sherry A. Frost,person,,ocd-person/62916f8e-e193-463d-9dcc-f35f60d836db,ocd-bill/c23ebdbe-019d-4356-8f69-62d5f68bdf99,False,cosponsor
b884c561-512d-4ade-bdd1-264e0cfdb95b,Chuck W. Grassie,person,,ocd-person/8ee07d33-9189-4bfe-b1a1-e15c79fd1114,ocd-bill/c23ebdbe-019d-4356-8f69-62d5f68bdf99,False,cosponsor
0e34b00a-1fa6-4b91-b9b0-2ce33eb66ac0,Rosemarie Rung,person,,ocd-person/1a5923c6-3e1f-4ebe-8739-17c9e9642403,ocd-bill/c23ebdbe-019d-4356-8f69-62d5f68bdf99,False,cosponsor
05892223-aeef-4f82-bdb2-c2d10395caa5,Peter Petrigno,person,,ocd-person/1bf3d6c4-3325-4571-b2f7-6a28422dada6,ocd-bill/c23ebdbe-019d-4356-8f69-62d5f68bdf99,False,cosponsor
b4339af5-4bac-473c-b1c0-b940ad8e5eee,Safiya Wazir,person,,ocd-person/a2975441-f5d1-4e95-8a4e-1d930fc16bc2,ocd-bill/c23ebdbe-019d-4356-8f69-62d5f68bdf99,False,cosponsor
9cd11e8c-6b36-470d-8eef-06ba12416135,Cassandra N. Levesque,person,,ocd-person/711423e3-ff28-4150-8a89-ec568a4f2c5d,ocd-bill/c23ebdbe-019d-4356-8f69-62d5f68bdf99,True,primary
cd54353f-5999-4f66-a423-62a696ac6c48,Ralph G. Boehm,person,,ocd-person/ac6ce16b-a462-4727-8e4b-724c7c19e58c,ocd-bill/e866e550-a612-4217-b7cf-560d3d94ce03,False,cosponsor
d0edba25-987a-4ce9-a379-e6a5896a5504,Rick M. Ladd,person,,ocd-person/1bd6c569-f2dd-4670-bf82-ef3ea4b15960,ocd-bill/e866e550-a612-4217-b7cf-560d3d94ce03,True,primary
a224cb90-fbee-464c-9784-47b6a0997ae2,Joseph A. Pitre,person,,ocd-person/5ce55936-fd73-4b3c-ba16-70e13734a3c8,ocd-bill/e866e550-a612-4217-b7cf-560d3d94ce03,False,cosponsor
2b3deaf8-5fad-4cf4-a000-5d0f88d88fae,Glenn Cordelli,person,,ocd-person/c8aa2951-dea0-4999-9b6a-6323d9917e0b,ocd-bill/e866e550-a612-4217-b7cf-560d3d94ce03,False,cosponsor
f868d81c-ec77-4807-8eac-4570840ab9e9,Claire A. Rouillard,person,,ocd-person/527f8fb3-d715-438e-be76-59cd96641c11,ocd-bill/a4d5bcff-f33c-4f21-ad6c-22596c9a0474,False,cosponsor
93c3d537-27f7-48c4-9a28-b35d9ee8d2f6,Michael Moffett,person,,ocd-person/acb20216-f193-42e1-9304-2b1d3572e61d,ocd-bill/a4d5bcff-f33c-4f21-ad6c-22596c9a0474,True,primary
5d782ffa-06aa-4115-a067-6385e744ea71,Timothy P. Lang,person,,ocd-person/85064309-421e-4611-a6c5-800234db68fb,ocd-bill/a4d5bcff-f33c-4f21-ad6c-22596c9a0474,False,cosponsor
9aca8d10-f28c-45ca-af52-2421c5e904ca,Howard C. Pearl,person,,ocd-person/c4122c6a-ed23-492e-b813-59a0fed1ec86,ocd-bill/a4d5bcff-f33c-4f21-ad6c-22596c9a0474,False,cosponsor
067d55c5-6926-4963-af17-a4fbebc693ff,Bob J. Giuda,person,,ocd-person/7739a4d0-534e-4bdb-b7fb-6a8f348e833e,ocd-bill/a4d5bcff-f33c-4f21-ad6c-22596c9a0474,False,cosponsor
0f37b52c-feec-4225-b45e-1199cfe65798,Deborah L. Hobson,person,,ocd-person/6e4aa2d5-d1c7-4009-950f-e5ebedea7189,ocd-bill/a4d5bcff-f33c-4f21-ad6c-22596c9a0474,False,cosponsor
a113f9e3-6925-4a92-928d-12d7253334ed,Lou D'Allesandro,person,,ocd-person/87c48788-817d-408b-a1e1-ebe1c9fd893d,ocd-bill/5670ab5e-37d1-40a5-b234-6e8d53144ff6,False,cosponsor
b6c16441-a53d-4c24-a8a4-22a210d14bd1,Joseph A. Pitre,person,,ocd-person/5ce55936-fd73-4b3c-ba16-70e13734a3c8,ocd-bill/5670ab5e-37d1-40a5-b234-6e8d53144ff6,False,cosponsor
371a5303-6eab-44b0-b50c-57e55d743d3f,Michael Moffett,person,,ocd-person/acb20216-f193-42e1-9304-2b1d3572e61d,ocd-bill/5670ab5e-37d1-40a5-b234-6e8d53144ff6,True,primary
e9fb7931-08f2-4c88-8cb5-0e5d66abc680,Timothy P. Lang,person,,ocd-person/85064309-421e-4611-a6c5-800234db68fb,ocd-bill/5670ab5e-37d1-40a5-b234-6e8d53144ff6,False,cosponsor
0ae2b491-7ad3-4a88-8298-b4e3ae8e86ed,Howard C. Pearl,person,,ocd-person/c4122c6a-ed23-492e-b813-59a0fed1ec86,ocd-bill/5670ab5e-37d1-40a5-b234-6e8d53144ff6,False,cosponsor
95df57b4-21c2-45fd-99f9-7b4b1810f949,Bob J. Giuda,person,,ocd-person/7739a4d0-534e-4bdb-b7fb-6a8f348e833e,ocd-bill/5670ab5e-37d1-40a5-b234-6e8d53144ff6,False,cosponsor
43af13dc-cc5d-40d1-97d9-bfcee0d2c0ea,Deborah L. Hobson,person,,ocd-person/6e4aa2d5-d1c7-4009-950f-e5ebedea7189,ocd-bill/5670ab5e-37d1-40a5-b234-6e8d53144ff6,False,cosponsor
5cea4f3d-e967-4857-99a0-d8bed2bd4ca3,Rick M. Ladd,person,,ocd-person/1bd6c569-f2dd-4670-bf82-ef3ea4b15960,ocd-bill/eeae5574-9c1b-42b3-96fc-45027709a97b,True,primary
3fd0c350-b383-4ac4-b1fd-4dfcb601f8c6,Steven D. Smith,person,,ocd-person/129a2970-07b9-4136-aae1-15c689edca40,ocd-bill/eeae5574-9c1b-42b3-96fc-45027709a97b,False,cosponsor
055530da-abeb-471a-bba8-d8a0ba06815a,Judy F. Aron,person,,ocd-person/533fb85c-c4f0-41f3-9bc6-8b1c422a9693,ocd-bill/eeae5574-9c1b-42b3-96fc-45027709a97b,False,cosponsor
a9fb7df9-511f-4713-aad1-e31f7dd8b503,John Reagan,person,,ocd-person/f516d40a-3676-4437-8285-a931d7c2885b,ocd-bill/4bfd8adc-424f-4073-9fa4-dbf94cb573a8,False,cosponsor
04161a79-75af-4bd4-9c8a-ae910d0077f0,Rick M. Ladd,person,,ocd-person/1bd6c569-f2dd-4670-bf82-ef3ea4b15960,ocd-bill/4bfd8adc-424f-4073-9fa4-dbf94cb573a8,False,cosponsor
ec504a83-8ce9-4396-ab35-55a3fee1eea7,Joseph A. Pitre,person,,ocd-person/5ce55936-fd73-4b3c-ba16-70e13734a3c8,ocd-bill/4bfd8adc-424f-4073-9fa4-dbf94cb573a8,False,cosponsor
7b37c3a2-0186-4a7f-8573-67880dbe1f42,Glenn Cordelli,person,,ocd-person/c8aa2951-dea0-4999-9b6a-6323d9917e0b,ocd-bill/4bfd8adc-424f-4073-9fa4-dbf94cb573a8,True,primary
06aceb05-8ee2-4cf9-9534-0df62da3ff20,Gregory G. Hill,person,,ocd-person/852df922-484b-412f-a604-c2d67efee5ec,ocd-bill/4bfd8adc-424f-4073-9fa4-dbf94cb573a8,False,cosponsor
7b1ed478-818f-4569-afb0-3b33c4b5b80a,Maureen C. Mooney,person,,ocd-person/4a80db99-34b2-4d33-995b-41d889592bf3,ocd-bill/4bfd8adc-424f-4073-9fa4-dbf94cb573a8,False,cosponsor
883747e3-9b9a-409d-9278-c6de1852ec96,Ruth Ward,person,,ocd-person/9089a509-1f26-4770-adc6-199ed716e692,ocd-bill/4bfd8adc-424f-4073-9fa4-dbf94cb573a8,False,cosponsor
b0712feb-fa78-4981-9850-3a707c526066,Alicia D. Lekas,person,,ocd-person/50bcd6fc-7d60-4595-811c-213e18faf326,ocd-bill/4bfd8adc-424f-4073-9fa4-dbf94cb573a8,False,cosponsor
83e414ab-b226-453a-8cf4-8e6ac989675b,Timothy O. Horrigan,person,,ocd-person/2a11a559-c16e-4211-82ea-215951d74c1f,ocd-bill/1c2c12a5-8c9f-4117-9ff7-4a606a789fc6,True,primary
d431f36c-adfd-44ac-a67e-8e835064ccb1,Mel Myler,person,,ocd-person/8c5f7a02-e92b-4f64-b698-c178b8fd23bb,ocd-bill/1c2c12a5-8c9f-4117-9ff7-4a606a789fc6,False,cosponsor
5b9d9018-24e1-44d0-b3ca-489422f1fd81,David J. Luneau,person,,ocd-person/c3c9bb99-9512-4bec-be04-d8b29ea96f3e,ocd-bill/1c2c12a5-8c9f-4117-9ff7-4a606a789fc6,False,cosponsor
1eed7817-6b39-4e5f-b4c6-89cd5d9a7fe2,Sue M. Mullen,person,,ocd-person/07c19313-fcb0-476b-b240-e299c55888f7,ocd-bill/1c2c12a5-8c9f-4117-9ff7-4a606a789fc6,False,cosponsor
db0dbb94-2bd1-4598-a336-065ea01623d2,Claire A. Rouillard,person,,ocd-person/527f8fb3-d715-438e-be76-59cd96641c11,ocd-bill/c8439076-84bb-42a6-ac02-1848cca0d354,False,cosponsor
df6e4a56-fbcb-4e12-be12-a5c52df9c3c8,Michael Moffett,person,,ocd-person/acb20216-f193-42e1-9304-2b1d3572e61d,ocd-bill/c8439076-84bb-42a6-ac02-1848cca0d354,True,primary
5998e6df-5dd7-4d70-8330-dffb6839807c,Timothy P. Lang,person,,ocd-person/85064309-421e-4611-a6c5-800234db68fb,ocd-bill/c8439076-84bb-42a6-ac02-1848cca0d354,False,cosponsor
96221be0-899f-497f-923d-9d269a21a0eb,Howard C. Pearl,person,,ocd-person/c4122c6a-ed23-492e-b813-59a0fed1ec86,ocd-bill/c8439076-84bb-42a6-ac02-1848cca0d354,False,cosponsor
da045271-4ef1-4d24-bc9e-ca279e984ac4,Deborah L. Hobson,person,,ocd-person/6e4aa2d5-d1c7-4009-950f-e5ebedea7189,ocd-bill/c8439076-84bb-42a6-ac02-1848cca0d354,False,cosponsor
fad40933-9d86-40d1-9a0f-1d26f0194017,Jeb Bradley,person,,ocd-person/3f5455e8-256e-4442-9c13-bc14f62ce76f,ocd-bill/96cd0b09-be62-46b4-9f7e-9e2be5c1d134,False,cosponsor
b64f75e3-8eb5-4881-9f42-1761f50d28fc,John Reagan,person,,ocd-person/f516d40a-3676-4437-8285-a931d7c2885b,ocd-bill/96cd0b09-be62-46b4-9f7e-9e2be5c1d134,False,cosponsor
0dff313d-c963-47ee-b0da-dfca70a3ff68,Rick M. Ladd,person,,ocd-person/1bd6c569-f2dd-4670-bf82-ef3ea4b15960,ocd-bill/96cd0b09-be62-46b4-9f7e-9e2be5c1d134,True,primary
0c5ed28c-7e4d-4e63-8fe5-bf7f033cbe3e,Karen C. Umberger,person,,ocd-person/054854df-4965-4401-9776-ffbcd075e295,ocd-bill/96cd0b09-be62-46b4-9f7e-9e2be5c1d134,False,cosponsor
3930db45-66e0-4688-8493-2bba931ceb3a,Glenn Cordelli,person,,ocd-person/c8aa2951-dea0-4999-9b6a-6323d9917e0b,ocd-bill/96cd0b09-be62-46b4-9f7e-9e2be5c1d134,False,cosponsor
127286f6-8377-4d55-9227-14ac0647d4e2,Gregory G. Hill,person,,ocd-person/852df922-484b-412f-a604-c2d67efee5ec,ocd-bill/96cd0b09-be62-46b4-9f7e-9e2be5c1d134,False,cosponsor
2a6b07a1-ffbb-4d77-9362-004d97796024,Jay Kahn,person,,ocd-person/998e681b-6df1-4b4a-92db-7a2187cedcd8,ocd-bill/96cd0b09-be62-46b4-9f7e-9e2be5c1d134,False,cosponsor
b0c44d6c-d362-4cdd-9898-244b1704b72c,James C. Allard,person,,ocd-person/65336609-c7d5-4518-9d70-44e6e4058fb7,ocd-bill/96cd0b09-be62-46b4-9f7e-9e2be5c1d134,False,cosponsor
c4e0e67d-42e4-41b7-aa81-c74fecf154f0,Erin Hennessey,person,,ocd-person/b8009d8b-0bb8-4a70-9e34-96d247a3327b,ocd-bill/96cd0b09-be62-46b4-9f7e-9e2be5c1d134,False,cosponsor
f0ffc94f-c60f-401a-a7a8-fb8d9af65913,Ralph G. Boehm,person,,ocd-person/ac6ce16b-a462-4727-8e4b-724c7c19e58c,ocd-bill/9acd79cb-447d-4c43-9acb-4518a4d3640b,False,cosponsor
373a9412-5b02-4ef9-9e8f-cc9d300176c5,Rick M. Ladd,person,,ocd-person/1bd6c569-f2dd-4670-bf82-ef3ea4b15960,ocd-bill/9acd79cb-447d-4c43-9acb-4518a4d3640b,False,cosponsor
47660467-5c9c-4ef2-9e73-0305e6ab54b6,Glenn Cordelli,person,,ocd-person/c8aa2951-dea0-4999-9b6a-6323d9917e0b,ocd-bill/9acd79cb-447d-4c43-9acb-4518a4d3640b,True,primary
03a2851f-00c7-4a4a-9de2-d235b4fde66a,Jason M. Osborne,person,,ocd-person/6e2bc564-5cd1-4f96-a265-4753b7f12ee1,ocd-bill/9acd79cb-447d-4c43-9acb-4518a4d3640b,False,cosponsor
0184375a-8ad5-4977-bb32-b7fcc75f967b,Kevin G. Verville,person,,ocd-person/9d10ccec-b571-4eea-b025-9ed7634b6516,ocd-bill/9acd79cb-447d-4c43-9acb-4518a4d3640b,False,cosponsor
b58c3597-5d23-4732-b383-13fc736d1023,Ruth Ward,person,,ocd-person/9089a509-1f26-4770-adc6-199ed716e692,ocd-bill/9acd79cb-447d-4c43-9acb-4518a4d3640b,False,cosponsor
38d2f9fb-29ed-4c82-beec-7113257d2143,Alicia D. Lekas,person,,ocd-person/50bcd6fc-7d60-4595-811c-213e18faf326,ocd-bill/9acd79cb-447d-4c43-9acb-4518a4d3640b,False,cosponsor
46e22f04-a082-4878-9f2d-14ee82c381c8,Erica J. Layon,person,,ocd-person/94df7a3f-b27d-42c1-9ecc-1ebdc707c9ae,ocd-bill/9acd79cb-447d-4c43-9acb-4518a4d3640b,False,cosponsor
39b72e07-1b39-4633-b6df-eece685d4355,Rick M. Ladd,person,,ocd-person/1bd6c569-f2dd-4670-bf82-ef3ea4b15960,ocd-bill/596a130f-f854-4c41-83fa-2d8ca7191c8d,True,primary
7583eefe-fa69-4af1-8aa8-bde909b717a3,Steven D. Smith,person,,ocd-person/129a2970-07b9-4136-aae1-15c689edca40,ocd-bill/596a130f-f854-4c41-83fa-2d8ca7191c8d,False,cosponsor
ec6d4393-e17d-44d1-bd5f-ce45d83e3137,James P. Gray,person,,ocd-person/e6443187-eb51-42eb-8bd7-349ed0ba9641,ocd-bill/596a130f-f854-4c41-83fa-2d8ca7191c8d,False,cosponsor
28efa661-79cb-4d30-a497-3637d60f7bba,Ruth Ward,person,,ocd-person/9089a509-1f26-4770-adc6-199ed716e692,ocd-bill/596a130f-f854-4c41-83fa-2d8ca7191c8d,False,cosponsor
16ad8b36-a8c7-4dc7-8ff1-d17324fad2e4,James C. Allard,person,,ocd-person/65336609-c7d5-4518-9d70-44e6e4058fb7,ocd-bill/596a130f-f854-4c41-83fa-2d8ca7191c8d,False,cosponsor
ffd8ea81-b089-49af-8764-6b71db621df4,Judy F. Aron,person,,ocd-person/533fb85c-c4f0-41f3-9bc6-8b1c422a9693,ocd-bill/596a130f-f854-4c41-83fa-2d8ca7191c8d,False,cosponsor
57d21385-dc2f-4a3e-a027-b264d3af7b2d,Walter Spilsbury,person,,ocd-person/236f5df6-87b6-488d-86cd-a1ed3a5adb81,ocd-bill/596a130f-f854-4c41-83fa-2d8ca7191c8d,False,cosponsor
