id,identifier,title,classification,subject,session_identifier,jurisdiction,organization_classification
ocd-bill/10c72d88-78f5-4898-9685-aebc3a75348e,HB 203,establishing a committee to study school meal programs in New Hampshire's public schools and non-sectarian schools that accept public funds.,['bill'],[],2021,New Hampshire,lower
ocd-bill/90a787b8-ffda-447d-9130-98306147ebbd,HB 163,relative to cannabis use during pregnancy.,['bill'],[],2021,New Hampshire,lower
ocd-bill/fcdd84f3-ced1-4e3e-ba01-a7522686975c,HB 158,relative to the definition of prime wetland.,['bill'],[],2021,New Hampshire,lower
ocd-bill/d46c6e60-b5b8-4998-b6af-fd0b1cd8d11b,CACR 3,use of money raised by taxation for education.  Providing that money raised by taxation may be applied for the use of religious educational institutions.,['constitutional amendment'],[],2021,New Hampshire,lower
ocd-bill/b91b4886-067f-4ebd-a473-36b2401f8a26,HB 107,relative to the minimum hourly rate.,['bill'],[],2021,New Hampshire,lower
ocd-bill/df817066-7e66-4c18-bf83-4568385496cd,HB 149,extending certain civil immunity to public and private entities during major public health emergencies.,['bill'],[],2021,New Hampshire,lower
ocd-bill/c307e76e-51ec-40e9-b4a5-27fc70188faa,HB 68,relative to the definition of child abuse.,['bill'],[],2021,New Hampshire,lower
ocd-bill/3eba1f8a-3133-4b36-b997-6520f0dccb7e,HB 168,requiring the adoption of innovative vehicle emissions standards pursuant to section 177 of the federal Clean Air Act.,['bill'],[],2021,New Hampshire,lower
ocd-bill/d3f96cf2-1461-4c02-b36b-ed257fdc288d,HB 124,adopting the uniform real property transfer on death act.,['bill'],[],2021,New Hampshire,lower
ocd-bill/28126b60-f09d-42f6-ae87-954eda44a065,HB 86,relative to voter qualifications and registration procedures.,['bill'],[],2021,New Hampshire,lower
ocd-bill/70098049-780c-4501-8d25-817f8af4cfb4,HB 155,renaming Columbus Day as Indigenous People's Day.,['bill'],[],2021,New Hampshire,lower
ocd-bill/6f02866e-f44c-45d5-9e44-47064e683c57,HB 228,relative to the calculation of child support in cases with equal or approximately equal parenting time.,['bill'],[],2021,New Hampshire,lower
ocd-bill/3b6ebce6-3d05-4aa2-b0aa-4064a684c27d,HB 115,relative to wake surfing.,['bill'],[],2021,New Hampshire,lower
ocd-bill/983e8280-2b12-4ad5-8bf9-6283fb140cea,HB 166,relative to safety requirements for pools on foreclosed residential property.,['bill'],[],2021,New Hampshire,lower
ocd-bill/d8f9d8f8-cd13-4f33-8cf1-dba3e03c1bab,HB 170,commemorating the first labor strike in the United States by women.,['bill'],[],2021,New Hampshire,lower
ocd-bill/c23ebdbe-019d-4356-8f69-62d5f68bdf99,HB 60,raising the minimum age of marriage.,['bill'],[],2021,New Hampshire,lower
ocd-bill/3dde17c4-77de-4cea-b4a8-90c85d70b799,HB 174,relative to reporting a collision between a cat and a motor vehicle.,['bill'],[],2021,New Hampshire,lower
ocd-bill/1a3622c5-54e1-42d3-9b87-e03335f6f7e9,SB 109,relative to municipal host customer generators serving political subdivisions.,['bill'],[],2021,New Hampshire,upper
ocd-bill/92000119-16bf-4c3b-b435-03d253dab05f,SB 111,relative to claims for medical monitoring.,['bill'],[],2021,New Hampshire,upper
ocd-bill/72d9ba5b-5487-4c4f-b9fe-a4048fc792bb,SB 118,relative to the property tax relief act of 2021.,['bill'],[],2021,New Hampshire,upper
ocd-bill/6073e8e4-c4f6-47e8-9f36-853da7a1de3a,SB 116,relative to the project to complete construction of an exit on I-93 in Derry and Londonderry.,['bill'],[],2021,New Hampshire,upper
ocd-bill/22531e1b-ab7a-4db9-ab9b-e7e8130c9da0,HB 178,relative to the parole of prisoners and the procedures of the adult parole board.,['bill'],[],2021,New Hampshire,lower
ocd-bill/3228830f-9b5c-490e-bd28-3a63a3447970,HB 196,adding trespass as an exception to the charge of criminal threatening.,['bill'],[],2021,New Hampshire,lower
ocd-bill/6e959b4c-e441-4339-bd18-e0dfecc841b0,SB 85,establishing a broadband matching grant initiative and fund.,['bill'],[],2021,New Hampshire,upper
ocd-bill/8dfbb99f-d923-4262-a2b7-4b1e2ab43169,SR 1,"RESOLVED, that the Rules of the 2019-2020 Session be adopted as the Rules of the 2021-2022 Session, with the changes which have been provided here today.",['resolution'],[],2021,New Hampshire,upper
ocd-bill/a9db8a48-74c0-4d30-9e30-7c3671385304,SR 2,"RESOLVED, that the Secretary of State be requested to furnish the Senate with the official return of votes from the various Senatorial Districts.",['resolution'],[],2021,New Hampshire,upper
ocd-bill/74799e79-39b2-43d6-af79-9fd9992bb50b,HR 1,adopting the rules of the 2020 session for the 2021-2022 biennium.,['resolution'],[],2021,New Hampshire,lower
ocd-bill/96658c88-e155-4382-bf25-336ab5964056,HB 300,relative to driver education.,['bill'],[],2021,New Hampshire,lower
ocd-bill/cbf633ce-0eb4-4d1c-a8d8-b1bbec56ad06,HB 556,relative to state-ordered counseling.,['bill'],[],2021,New Hampshire,lower
ocd-bill/4eb91797-3124-4a9f-b307-ae5da9947f5c,HB 386,relative to the operation of certain watercraft on Wachipauka Pond.,['bill'],[],2021,New Hampshire,lower
ocd-bill/0423e7a2-94ff-49c2-aa6a-dcf7a2932460,HB 587,relative to indicating citizenship or legal residency on drivers' licenses and nondrivers' identification cards.,['bill'],[],2021,New Hampshire,lower
ocd-bill/baaec4c2-066c-4b0e-8a42-a08ec6b0215b,HB 553,prohibiting renewal of certain consumer contracts without express written notice to consumers.,['bill'],[],2021,New Hampshire,lower
ocd-bill/5107f445-c3a0-4755-aaa5-3289056b90b5,HB 310,relative to vehicle repairs.,['bill'],[],2021,New Hampshire,lower
ocd-bill/dbdaf015-1723-407c-b12a-dc103b3800f9,HB 358,relative to the installation of solar energy systems in condominiums.,['bill'],[],2021,New Hampshire,lower
ocd-bill/26ecae22-ec84-4216-9110-8c66f2dc0c12,SR 4,"RESOLVED, that the biennium salary of the members of the Senate be paid in one undivided sum as early as practical after adoption of this resolution, and be it further RESOLVED, that the mileage of members of the Senate be paid every two weeks during the session.",['resolution'],[],2021,New Hampshire,upper
ocd-bill/f48146af-9f46-4b72-99f9-4f01ae5b2d2f,HB 360,relative to the rental of shared living facilities.,['bill'],[],2021,New Hampshire,lower
ocd-bill/ff087863-6ef9-49e9-95ce-9b3f07bbf4a3,SB 86,adopting omnibus legislation relative to planning and zoning.,['bill'],[],2021,New Hampshire,upper
ocd-bill/3b18201a-e59c-4644-ae54-6607d00e1eec,HB 194,relative to the release of student assessment information and data.,['bill'],[],2021,New Hampshire,lower
ocd-bill/f0c0e701-7007-4efa-8a75-45532eaaca14,HB 554,relative to temporary absence from domicile for voting purposes.,['bill'],[],2021,New Hampshire,lower
ocd-bill/51d23007-392b-45dd-963f-56fbff194be5,HB 136,requiring schools to update documents and software to include the option of identifying a student as non-binary.,['bill'],[],2021,New Hampshire,lower
ocd-bill/eeae5574-9c1b-42b3-96fc-45027709a97b,HB 255,relative to limited liability for institutions of higher education and businesses.,['bill'],[],2021,New Hampshire,lower
ocd-bill/2461409a-1831-480b-a8ce-309c167a7c0b,HB 76,prohibiting paper billing fees.,['bill'],[],2021,New Hampshire,lower
ocd-bill/b8164dae-74c6-4134-a1c5-93118a5eaefd,HB 130,relative to administration by the retirement system of certain health care premium deductions.,['bill'],[],2021,New Hampshire,lower
ocd-bill/dc434536-4323-4a53-94dc-cb1132511302,HB 144,relative to absentee ballot request forms.,['bill'],[],2021,New Hampshire,lower
ocd-bill/19e8e491-0621-4c84-a47b-1b6ae7ee15a0,HB 221,making the state vaccine registry an opt-in program.,['bill'],[],2021,New Hampshire,lower
ocd-bill/4dcec304-3a09-429c-9e6f-5bbdb3fac0c9,SR 7,"RESOLVED, that the vote for Governor and Executive Council be referred to a Select Committee consisting of two with instruction to examine and count the same and report to the Senate.",['resolution'],[],2021,New Hampshire,upper
ocd-bill/7b3d5549-939e-4351-bfbd-f884a6cda742,SB 24,relative to the Brewster Academy charter.,['bill'],[],2021,New Hampshire,upper
ocd-bill/1f29a611-f419-49b6-a97e-6b9b26ecf8e8,HR 6,memorializing Richard W. Hinch.,['resolution'],[],2021,New Hampshire,lower
ocd-bill/0ebb2c15-549a-4439-ad86-a19f601ddc54,HB 269,relative to abandoned underwater cables.,['bill'],[],2021,New Hampshire,lower
ocd-bill/ce11f054-e1e2-4782-9476-b64d5a10efd0,HB 217,repealing RSA 320 regarding hawkers and peddlers.,['bill'],[],2021,New Hampshire,lower
ocd-bill/83c19c32-f4cb-4151-ab33-d53fe1fbc76c,HB 182,relative to approval of coursework completed at other approved schools,['bill'],[],2021,New Hampshire,lower
ocd-bill/4de86efe-d481-48aa-ba88-0842e5a40e3d,HB 352,relative to operation of recreational vehicles on state highways.,['bill'],[],2021,New Hampshire,lower
ocd-bill/9bf6d513-dd06-4dbd-9ceb-77d3ecc016c9,HB 147,relative to assault against an elderly person.,['bill'],[],2021,New Hampshire,lower
ocd-bill/99360454-cd10-47ac-98f4-cc1fe2085769,HB 267,relative to construction standards for schools.,['bill'],[],2021,New Hampshire,lower
ocd-bill/464346ab-cf21-4c76-8907-4d750995b664,HB 276,relative to availability of menstrual hygiene products in schools.,['bill'],[],2021,New Hampshire,lower
ocd-bill/70f64798-1c3f-40d8-86df-20e202721202,HB 353,establishing a credit under RSA 77 for tax paid on income subject to taxation in another state.,['bill'],[],2021,New Hampshire,lower
ocd-bill/744f0459-1d70-4fb4-886b-5e1713d83383,HB 93,relative to human trafficking and child exploitation prevention.,['bill'],[],2021,New Hampshire,lower
ocd-bill/42f6741a-9f51-48d8-97d1-75d84da95992,HB 284,relative to the restoration of involuntarily merged lots.,['bill'],[],2021,New Hampshire,lower
ocd-bill/b07e6353-13a1-4399-a0f2-b584cf947695,HB 62,relative to continued in-network access to certain health care providers.,['bill'],[],2021,New Hampshire,lower
ocd-bill/3cf06554-8d5d-4243-b868-51c8718c1ca7,HB 351,relative to the system benefits charge.,['bill'],[],2021,New Hampshire,lower
ocd-bill/c6b5dfc5-88c3-43b3-a84a-957e1367ceed,HB 109,relative to the referral of debts for collection.,['bill'],[],2021,New Hampshire,lower
ocd-bill/fcc9be7d-b9d0-4a62-a1af-0d40e41701a1,HB 138,allowing prisoners serving life sentences to be eligible for parole after 25 years.,['bill'],[],2021,New Hampshire,lower
ocd-bill/6f0497b8-6d18-49f3-8eb4-e3b7b065cdcc,HB 262,relative to the adoption of bylaws and ordinances by municipalities.,['bill'],[],2021,New Hampshire,lower
ocd-bill/0e301a26-7905-4f44-a995-84114e874525,HB 211,revising certain benefit provisions in the city of Manchester employees contributory retirement system.,['bill'],[],2021,New Hampshire,lower
ocd-bill/fbf5ad4b-3624-4358-8f7f-dbb6c03f2875,HB 83,prohibiting non-disparagement clauses in settlement agreements involving a governmental unit.,['bill'],[],2021,New Hampshire,lower
ocd-bill/9ecf8dad-02cf-41b6-b6a9-89f821c0ad20,HB 63,relative to the reversal or forgiveness of emergency order violations.,['bill'],[],2021,New Hampshire,lower
ocd-bill/f7121772-f45c-48a4-9fb2-e061c73a5680,HB 271,relative to standards for per and polyfluoroalkyl substances (PFAS) in drinking water and ambient groundwater.,['bill'],[],2021,New Hampshire,lower
ocd-bill/504e797e-2889-4860-aed4-bf9661dcbd73,HB 472,relative to retroactive denials of previously paid claims.,['bill'],[],2021,New Hampshire,lower
ocd-bill/264ffbfc-1430-44b1-ba26-b23c2f0fe5a3,HB 426,relative to shoreland septic systems.,['bill'],[],2021,New Hampshire,lower
ocd-bill/6fdc13d0-da1c-4cd0-a7ae-b7b36579fd8a,HB 231,relative to workplace lactation rights.,['bill'],[],2021,New Hampshire,lower
ocd-bill/49005b56-f090-490d-b7e1-c52d6dc0db68,HB 469,relative to the term served by a bail commissioner.,['bill'],[],2021,New Hampshire,lower
ocd-bill/14a2f3d5-e36a-438f-b4cf-25afd6453735,HB 66,relative to the use of deadly force by a law enforcement officer.,['bill'],[],2021,New Hampshire,lower
ocd-bill/384f5128-67f5-4b7f-91c6-bafcfdf14b52,HB 292,relative to the absentee ballot application process.,['bill'],[],2021,New Hampshire,lower
ocd-bill/e04a73fb-9fac-4eaa-a69c-f2da74c8cc80,HB 325,relative to termination of a state of emergency by simple resolution.,['bill'],[],2021,New Hampshire,lower
ocd-bill/350f0633-7e69-4cc5-9445-e1f48a77b915,HB 490,permitting the use of live-action game cameras.,['bill'],[],2021,New Hampshire,lower
ocd-bill/1d907701-7eec-41ae-b642-e93ddd723aa1,HB 407,relative to the purchase of output of limited electrical energy producers in intrastate commerce and including qualifying storage system.,['bill'],[],2021,New Hampshire,lower
ocd-bill/6b3366a1-7c17-4950-8c78-416f1ef3b0f8,HB 509,"relative to portraits and memorial objects in the state house, legislative office building, and Upham Walker house.",['bill'],[],2021,New Hampshire,lower
ocd-bill/7b75472f-84c7-403a-bdff-910a3505d6c1,HB 429,relative to college or university student voting.,['bill'],[],2021,New Hampshire,lower
ocd-bill/40c5cf87-0436-4d04-a4f0-827b987ca2c1,HB 485,"relative to informed consent to search a motor vehicle and amending the statutory requirements for a search warrant; relative to prohibiting certain uses of laser pointing devices, and relative to various civil actions and criminal liability.",['bill'],[],2021,New Hampshire,lower
ocd-bill/63d47bc0-d494-474c-8932-69d78f350583,HB 422,relative to the one-half credit required course in United States and New Hampshire government and civics.,['bill'],[],2021,New Hampshire,lower
ocd-bill/1f4ea37d-13fc-499d-9644-c3c19cb6c508,HB 450,relative to motor vehicle insurance policy minimums.,['bill'],[],2021,New Hampshire,lower
ocd-bill/02e1691c-0e7b-4725-a176-bce21d57d187,HB 507,prohibiting no-knock warrants.,['bill'],[],2021,New Hampshire,lower
ocd-bill/008c5f09-5677-44b9-bcc8-266c5979e6d2,HB 492,requiring maintenance of the COVID-19 dashboard.,['bill'],[],2021,New Hampshire,lower
ocd-bill/ce758dd1-6c71-4ce8-978c-1f543af734c0,HB 471,relative to police disciplinary hearings and authorizing the department of justice to maintain an exculpatory evidence schedule.,['bill'],[],2021,New Hampshire,lower
ocd-bill/77513a25-2c5e-48a2-936c-f0ebccb409f8,HB 162,permitting tastings by liquor manufacturers at farmers' markets.,['bill'],[],2021,New Hampshire,lower
ocd-bill/898e9f1e-32e5-4513-aa2c-54c4c2db9725,HB 183,"exempting persons under the age of 14, who are selling soft drinks on family owned or leased property, from city, town, or village district licensing requirements.",['bill'],[],2021,New Hampshire,lower
ocd-bill/55bc9e74-3fc8-40e9-9513-2bf03e7d647b,HB 527,relative to the charitable gift annuities exemption.,['bill'],[],2021,New Hampshire,lower
ocd-bill/449f98c4-9f40-4c31-85a4-f94008085715,HCR 2,terminating the state of emergency declared by the governor due to the Novel Coronavirus (COVID-19).,['concurrent resolution'],[],2021,New Hampshire,lower
ocd-bill/e8003176-b3f8-4899-bfd7-427ca6630d04,HB 466,relative to contract powers of condominium unit owners' associations.,['bill'],[],2021,New Hampshire,lower
ocd-bill/de0e5b99-3953-4428-afc6-530a78305b97,HB 204,"proclaiming January 24 as ""Granny D"" day.",['bill'],[],2021,New Hampshire,lower
ocd-bill/345c1dda-4be2-4db5-8ddd-dc00e5596e7c,HB 337,"relative to on-premises cigar, beverage, and liquor licenses.",['bill'],[],2021,New Hampshire,lower
ocd-bill/635215d7-ff49-4073-844b-0a4de2877ae2,SB 107,relative to financial assistance for businesses affected by the COVID-19 pandemic.,['bill'],[],2021,New Hampshire,upper
ocd-bill/2f4b829b-26d7-480f-9835-de15478d26cb,HB 574,relative to change of use of certain retail properties.,['bill'],[],2021,New Hampshire,lower
ocd-bill/7ecb7b1b-de49-4f9f-b979-33442c5a6d58,HB 282,relative to a private school that is approved as a tuition program.,['bill'],[],2021,New Hampshire,lower
ocd-bill/12544a63-294c-4ce5-8aad-d51745e3125d,HB 106,establishing procedures for municipal host customer-generators of electrical energy.,['bill'],[],2021,New Hampshire,lower
ocd-bill/665d1f38-62cc-4daf-9e6a-c4e939818b46,HB 428,relative to the procedures for apportioning electoral districts.,['bill'],[],2021,New Hampshire,lower
ocd-bill/1ec9e366-8b03-4fbf-86c8-c0b5779f1b37,HB 328,relative to the application process for drivers' licenses and relative to privacy of motor vehicle records.,['bill'],[],2021,New Hampshire,lower
ocd-bill/49a2ab27-0245-4649-989c-7266967f4165,HB 206,relative to collective bargaining agreement strategy discussions under the right-to-know law.,['bill'],[],2021,New Hampshire,lower
ocd-bill/cc0e537f-4919-4103-9374-26245309d011,HB 616,relative to review of planning board decisions.,['bill'],[],2021,New Hampshire,lower
ocd-bill/06cb2d22-d5ae-4e44-a2f0-591897ca15b2,HB 341,relative to permissible residential units in a residential zone.,['bill'],[],2021,New Hampshire,lower
ocd-bill/9d295955-c5b9-49fa-be1c-0ad4eeeea7f2,HB 135,requiring parties responsible for pollution of a drinking water supply to be financially responsible for certain consequences of that pollution.,['bill'],[],2021,New Hampshire,lower
ocd-bill/70350a47-8bf3-4c2a-b662-d8946bdf5fb1,HB 508,"establishing a committee to study the definition of ""temporary"" as it pertains to residence in the state for voting purposes.",['bill'],[],2021,New Hampshire,lower
ocd-bill/34831ca2-78a3-4848-b106-130c0601f7a7,HB 491,relative to over voted ballots.,['bill'],[],2021,New Hampshire,lower
ocd-bill/7c574fcd-6841-42d9-9c71-73f189004d2e,HB 570,permitting certain political organizations to appear on a general election ballot as a minor party after holding a nominating convention.,['bill'],[],2021,New Hampshire,lower
ocd-bill/065eceeb-6381-4a20-8d73-f18e6aa8f9af,HB 484,relative to budget committee recommendations on warrant articles.,['bill'],[],2021,New Hampshire,lower
ocd-bill/32705a06-5b5e-4437-a698-72e2f6a0cf1f,HR 11,"affirming revenue estimates for fiscal years 2021, 2022, and 2023.",['resolution'],[],2021,New Hampshire,lower
ocd-bill/3a75c7d2-66df-462d-a3c3-773e143f89a0,HB 524,requiring the secretary of state to conduct random verification counts of polling place results.,['bill'],[],2021,New Hampshire,lower
ocd-bill/d1573a91-4000-4257-a435-a706305469fe,HB 395,relative to consideration of home-share income and exempting rentals of shared facilities from requirements under the real estate practice act.,['bill'],[],2021,New Hampshire,lower
ocd-bill/ae9373e0-bf1e-4314-bf9f-0119389821e9,HB 516,allowing voters to vote by absentee ballot.,['bill'],[],2021,New Hampshire,lower
ocd-bill/457549a9-ab6a-45d7-aaa4-641313852e1d,HB 381,relative to laboratory testing.,['bill'],[],2021,New Hampshire,lower
ocd-bill/1c2c12a5-8c9f-4117-9ff7-4a606a789fc6,HB 202,relative to school lunch payment policies.,['bill'],[],2021,New Hampshire,lower
ocd-bill/e5ec6f97-0e46-47b3-a8c5-595ce7412184,HB 540,relative to supported decision-making as an alternative to guardianship.,['bill'],[],2021,New Hampshire,lower
ocd-bill/6a2b98bf-23e5-4d57-816e-333e96d39408,HB 372,relative to enforcement of the elections laws.,['bill'],[],2021,New Hampshire,lower
ocd-bill/9a95c5c4-143a-4502-870b-de139eb39eeb,HB 128,adding notification requirements to the weather modification statute.,['bill'],[],2021,New Hampshire,lower
ocd-bill/da926582-57b2-4433-ac3c-cf72ead024a1,HB 98,relative to the date of the state primary election.,['bill'],[],2021,New Hampshire,lower
ocd-bill/52fec967-9b06-45e2-8d71-dfefec5c23a1,HB 564,prohibiting the use of rubber bullets and tear gas by law enforcement.,['bill'],[],2021,New Hampshire,lower
ocd-bill/50559730-aea5-4fdd-ab44-469b96dbdb2c,HB 10,relative to the rates of business profits tax and the business enterprise tax.,['bill'],[],2021,New Hampshire,lower
ocd-bill/8b2bedf3-e771-4186-9f97-14e8c3af85f1,HB 122,making an appropriation to the Carroll and  Strafford counties freight rail improvements project and making an appropriation for the Coos county freight rail improvement  project.,['bill'],[],2021,New Hampshire,lower
ocd-bill/bc843e22-8e96-4a2a-9dcd-a38c1f253a17,SB 127,adopting omnibus legislation on appropriations.,['bill'],[],2021,New Hampshire,upper
ocd-bill/336f6c88-f5f5-434c-90cf-6e300c272484,SB 129,relative to minimizing environmental impacts on the habitats of endangered or threatened species.,['bill'],[],2021,New Hampshire,upper
ocd-bill/8ba58901-81c3-4958-a8c9-55603195aeb7,HB 547,relative to the opportunity for evidentiary hearings in parenting cases.,['bill'],[],2021,New Hampshire,lower
ocd-bill/34e8ffb5-a1a0-4105-8e60-abeb7a44c67d,HR 10,a resolution condemning violence in Washington D.C.”,['resolution'],[],2021,New Hampshire,lower
ocd-bill/dfbd0da8-73c2-4669-82d1-bd970d1de77d,HB 577,relative to parenting and divorce cases involving allegations of domestic violence.,['bill'],[],2021,New Hampshire,lower
ocd-bill/206dbec9-679b-4489-9bf9-15f8d4b96943,HB 531,relative to determining the qualifications of voters and establishing provisional voter registration and provisional ballots.,['bill'],[],2021,New Hampshire,lower
ocd-bill/fdba593b-2efa-49a6-a08e-6207e81a4e1a,HB 520,relative to e-delivery of insurance documents and commercial lines renewal notices.,['bill'],[],2021,New Hampshire,lower
ocd-bill/63c21404-33a6-42e1-ac71-de2db2a1a1b0,SB 29,relative to the health risks associated with dispensing high-concentration marijuana in alternative treatment centers.,['bill'],[],2021,New Hampshire,upper
ocd-bill/4af82f03-77be-4d54-83d5-6d580c7e6e17,HB 578,relative to standards for mental health courts.,['bill'],[],2021,New Hampshire,lower
ocd-bill/f82521df-fcb7-47cf-bb28-19149127d658,SB 32,relative to the fallen state troopers' memorial.,['bill'],[],2021,New Hampshire,upper
ocd-bill/73761e49-508a-4d2e-b3f5-1457e486bced,HB 539,relative to records of communications common carriers.,['bill'],[],2021,New Hampshire,lower
ocd-bill/a38c30d6-27a9-42ae-b61e-8360edb7bf65,HB 180,increasing the penalty for buyers under the law regarding trafficking in persons.,['bill'],[],2021,New Hampshire,lower
ocd-bill/1d4d7c15-0348-4ea3-9391-6818bec21365,HR 5,legislative salary and mileage payments.,['resolution'],[],2021,New Hampshire,lower
ocd-bill/f85834cd-1833-47a7-8f15-41d72d5fc099,HR 3,distribution of House publications.,['resolution'],[],2021,New Hampshire,lower
ocd-bill/fbae3d1d-044e-44bd-a39e-75b58b3cb06c,HR 4,the Speaker employing personnel per RSA 17-E:5.,['resolution'],[],2021,New Hampshire,lower
ocd-bill/dee4521e-1121-47c0-8f91-5c1cd369c2b0,HB 279,relative to the maximum allowable vehicle gross weight for a combination of truck-tractor and single semi-trailer with 4 or more axles.,['bill'],[],2021,New Hampshire,lower
ocd-bill/4963b838-bc4c-4a25-b706-79e77ca59b2a,HB 214,relative to school building aid grants.,['bill'],[],2021,New Hampshire,lower
ocd-bill/348ab904-0cf2-4a74-b38f-85034799bea8,HB 483,prohibiting certain political advertising.,['bill'],[],2021,New Hampshire,lower
ocd-bill/051ccb1c-f81e-4410-be71-47572446e8aa,SB 65,repealing the prohibition on the sale of over-the-counter rape test kits.,['bill'],[],2021,New Hampshire,upper
ocd-bill/850e0a9a-8d74-4e4b-81de-9ec34991bd39,HB 251,establishing a committee to study requiring New Hampshire children to be placed in rear facing restraints in motor vehicles.,['bill'],[],2021,New Hampshire,lower
ocd-bill/e006b401-10ad-4860-ae37-9f4c96ec9582,HB 575,"relative to licensure of applicants for cosmetology, esthetics, and manicuring through apprenticeship programs.",['bill'],[],2021,New Hampshire,lower
ocd-bill/8be19c9b-351e-47be-8fb3-f5cc158654f1,HB 172,establishing greenhouse gas emission reduction goals for the state and establishing a climate action plan.,['bill'],[],2021,New Hampshire,lower
ocd-bill/75def410-486c-4043-857f-2830829963a0,HB 74,relative to the Merrimack ramp toll plazas.,['bill'],[],2021,New Hampshire,lower
ocd-bill/aa7712da-af02-467d-b3f2-9c19426cc83f,HB 391,establishing a commission to review and make recommendations on campaign finance laws.,['bill'],[],2021,New Hampshire,lower
ocd-bill/373da242-9d88-492b-bdf8-a34bd2c6b5bb,HB 175,relative to reciprocal driver education.,['bill'],[],2021,New Hampshire,lower
ocd-bill/679f5b43-bdaf-4492-8597-442a9cca1064,HB 348,requiring a public employer to provide notice of a new or amended collective bargaining agreement.,['bill'],[],2021,New Hampshire,lower
ocd-bill/93f4ea57-4c0f-4ff3-aa1e-5e1c2790136d,HB 259,relative to employee uniforms.,['bill'],[],2021,New Hampshire,lower
ocd-bill/e03a5e18-055e-424b-8389-f68f24c693da,HB 278,relative to the use of unused district facilities by chartered public schools.,['bill'],[],2021,New Hampshire,lower
ocd-bill/34f9c8dd-3caf-4fa3-8f93-cb338db2c937,SB 122,"relative to exemptions from prosecution for victims of human trafficking, guardianship by grandparents, and making changes to the membership of the council on autism spectrum disorders.",['bill'],[],2021,New Hampshire,upper
ocd-bill/556edcb7-543c-4516-9bcd-0a6164ee885e,SB 115,establishing greenhouse gas emission reduction goals for the state and establishing a climate action plan.,['bill'],[],2021,New Hampshire,upper
ocd-bill/dcd17c16-65b0-44f4-b504-2fb66f014919,HB 177,prohibiting the siting of a landfill near a state park.,['bill'],[],2021,New Hampshire,lower
ocd-bill/2f9ac25b-952d-4e9c-afe6-a78382e179bf,HB 533,establishing a division of investigation and compliance in the lottery commission.,['bill'],[],2021,New Hampshire,lower
ocd-bill/7dfe2b5a-4363-4b85-83ba-663ab39f025c,HB 457,relative to the membership and duties of the legislative youth advisory council.,['bill'],[],2021,New Hampshire,lower
ocd-bill/a7c02ea8-50f1-4482-95c7-9bbaad2e7df9,HB 405,relative to out-of-state applicants occupational licensure or certification.,['bill'],[],2021,New Hampshire,lower
ocd-bill/eda5bfbf-b19b-4a7e-b381-9a6e2e16806e,SB 37,relative to warning label requirements for marijuana products dispensed in alternative treatment centers.,['bill'],[],2021,New Hampshire,upper
ocd-bill/1c5b9e57-372b-4882-b3b2-6248a5e5f26c,SB 133,adopting omnibus legislation relative to occupational licensure.,['bill'],[],2021,New Hampshire,upper
ocd-bill/a02fb03d-e497-4c42-a798-b18eaea43087,SB 128,relative to a temporary change to operator compensation under the meals and rooms tax.,['bill'],[],2021,New Hampshire,upper
ocd-bill/a9b90164-0e37-4f99-a65e-3cc2ae424157,SB 44,establishing the New Hampshire workforce pathway program.,['bill'],[],2021,New Hampshire,upper
ocd-bill/460e5483-dc4e-4852-9297-7f8c10f183a9,HB 591,relative to certain liquor license fees.,['bill'],[],2021,New Hampshire,lower
ocd-bill/70f87d8b-9a4e-4f7c-ad65-6608d56e6340,CACR 12,relating to the retirement age for judges.  Providing that the mandatory retirement age for judges is repealed.,['constitutional amendment'],[],2021,New Hampshire,upper
ocd-bill/aba473cd-6dda-4767-9d9a-3661801edec4,HB 55,apportioning delegates to state party conventions.,['bill'],[],2021,New Hampshire,lower
ocd-bill/120f3eb3-6d13-4575-8d06-c601b7514091,SB 38,relative to the organization of alternative treatment centers.,['bill'],[],2021,New Hampshire,upper
ocd-bill/63cd5fe3-2799-4fe1-bde1-f02a6ca8bd3f,HB 598,relative to the portion of a minimum sentence to be served to be eligible for parole.,['bill'],[],2021,New Hampshire,lower
ocd-bill/519c77c1-9cd8-4e99-90bc-825b913aa549,SB 42,restricting public officers from engaging in certain private dealings.,['bill'],[],2021,New Hampshire,upper
ocd-bill/86a99768-5010-4c9b-b076-cf0e180c78f8,HB 622,protecting nascent human life as a reasonable and valid state interest.,['bill'],[],2021,New Hampshire,lower
ocd-bill/e44b8c78-8e8b-46a7-8b7f-bb36e745998a,HB 606,"exempting services provided without renumeration from license requirements for barbering, cosmetology, and esthetics.",['bill'],[],2021,New Hampshire,lower
ocd-bill/55c2bc84-42b8-450c-b607-2e7dbdc47e34,HB 620,requiring law enforcement agencies to gather and analyze certain demographic information.,['bill'],[],2021,New Hampshire,lower
ocd-bill/09304f90-8b99-4dc1-a1e6-60a35a57fc7f,HB 617,relative to food safety training for child care centers.,['bill'],[],2021,New Hampshire,lower
ocd-bill/034c30cf-8395-4b5b-873d-3718368c2cb5,HB 618,relative to the sale and distribution of polystyrene food service products.,['bill'],[],2021,New Hampshire,lower
ocd-bill/721f3d37-91bc-42cf-a4ab-533cdc80b4e5,HB 612,relative to the penalty for overtaking a school bus.,['bill'],[],2021,New Hampshire,lower
ocd-bill/feb5e4bc-bbe4-4d77-ac31-b9c32bfdb10e,HB 630,authorizing certain procedures for rulemaking.,['bill'],[],2021,New Hampshire,lower
ocd-bill/76199284-30ab-45e1-be17-861550727593,HB 631,"relative to regulation of interpreters for the deaf, deaf blind, and hard of hearing.",['bill'],[],2021,New Hampshire,lower
ocd-bill/7874dca1-f5d2-4916-a5b1-0b2f0d854ea2,HB 2,"relative to state fees, funds, revenues, and expenditures.",['bill'],[],2021,New Hampshire,lower
ocd-bill/0762e37d-8595-4f67-ae74-a364be027e9d,SB 153,relative to retirement benefits for a police officer or firefighter disabled as a result of a violent injury.,['bill'],[],2021,New Hampshire,upper
ocd-bill/60a297c6-c928-4938-a651-cd34a31a408c,HB 293,relative to the procedure for adoption of a minor child.,['bill'],[],2021,New Hampshire,lower
ocd-bill/87f82862-2755-4c17-a4c2-2ef7d75957d7,HB 110,relative to the distribution of adequate education grants.,['bill'],[],2021,New Hampshire,lower
ocd-bill/dcb42340-b741-42ba-9bb0-f1fe0d759281,HB 227,relative to termination of tenancy at the expiration of the tenancy or lease term.,['bill'],[],2021,New Hampshire,lower
ocd-bill/0a0f2b2f-8b1d-4bcb-bb2c-20ec0ae6a7da,HB 233,relative to the right of any infant born alive to medically appropriate and reasonable care and treatment.,['bill'],[],2021,New Hampshire,lower
ocd-bill/6654de3b-41a5-4781-baea-1ef20d58787b,HB 72,relative to ratification of amendments to the state building code and state fire code.,['bill'],[],2021,New Hampshire,lower
ocd-bill/06fa29c6-4977-4333-850d-a8989f01e877,SB 39,exempting information and records contained in law enforcement personnel files from disclosure under the right-to-know law.,['bill'],[],2021,New Hampshire,upper
ocd-bill/94a64fd7-e7c7-42c8-9102-8c88e9f5c251,HB 349,relative to certification requirements for school nurses.,['bill'],[],2021,New Hampshire,lower
ocd-bill/3fe5fab0-704f-4a34-8f90-d38fca86708f,SB 63,relative to business liability protection for exposure to coronavirus and COVID-19.,['bill'],[],2021,New Hampshire,upper
ocd-bill/b0e6b96a-2ddc-4401-8502-83ee92883cbe,SB 14,relative to the direct shipping of liquor.,['bill'],[],2021,New Hampshire,upper
ocd-bill/e2a984ae-da32-44d1-bcb4-4f2c6e7b0b46,SB 30,permitting the towns of Tilton and Northfield to redraw their boundary lines.,['bill'],[],2021,New Hampshire,upper
ocd-bill/72cbda40-0ab5-4c85-affa-834a3321271e,SB 142,reestablishing the commission to study the incidence of post-traumatic stress disorder in first responders and reestablishing the commission to study grandfamilies in New Hampshire.,['bill'],[],2021,New Hampshire,upper
ocd-bill/0a210502-f495-49a1-8129-8d91254095d0,SB 119,relative to the ordinary death benefit in the retirement system.,['bill'],[],2021,New Hampshire,upper
ocd-bill/ed284922-3905-4aeb-8fd4-0c5399004d96,SB 60,prohibiting the transport of an open container of marijuana in a motor vehicle or OHRV.,['bill'],[],2021,New Hampshire,upper
ocd-bill/90732e9c-2c05-406c-971b-38d3fee40c71,SB 67,relative to paid sick leave.,['bill'],[],2021,New Hampshire,upper
ocd-bill/4c2aae91-868b-4f3b-80fb-500d49f35b09,SB 74,relative to advance directives for health care decisions.,['bill'],[],2021,New Hampshire,upper
ocd-bill/8e9724c1-c932-4687-8e7c-5f55a4354307,SB 76,relative to modified risk tobacco products.,['bill'],[],2021,New Hampshire,upper
ocd-bill/8c64bb13-45ca-4cda-8800-96bd8a9870dd,HB 323,relative to a statewide student assessment report.,['bill'],[],2021,New Hampshire,lower
ocd-bill/629a9c53-122b-4f2f-a264-49a8d591e4b1,HR 9,supporting the principles of federalism.,['resolution'],[],2021,New Hampshire,lower
ocd-bill/46a1981f-1e29-42bf-95b4-d87b9cfae1f9,HB 114,relative to the erection of a sound barrier in the vicinity of Teaberry Lane in the town of Bedford.,['bill'],[],2021,New Hampshire,lower
ocd-bill/f3176bf5-07fb-46ee-84c3-22b6ef5bbfe3,HB 103,establishing a dental benefit under the state Medicaid program.,['bill'],[],2021,New Hampshire,lower
ocd-bill/81353301-e55a-440b-aef8-0e4e767a2641,SB 80,establishing an independent advisory commission on redistricting.,['bill'],[],2021,New Hampshire,upper
ocd-bill/120a3e00-be25-4e94-9ae8-bdbc95ca1718,HB 350,permitting qualifying patients and designated caregivers to cultivate cannabis for therapeutic use.,['bill'],[],2021,New Hampshire,lower
ocd-bill/8fd97424-12b6-4a65-8177-17d7ca6a9a59,HB 427,prohibiting corporal punishment of children in state agency programs.,['bill'],[],2021,New Hampshire,lower
ocd-bill/a2716fc4-faf9-484d-8749-b4d4c5153e07,HB 272,relative to the labeling and sale of hemp products containing CBD.,['bill'],[],2021,New Hampshire,lower
ocd-bill/91cb45b7-bf2b-4976-a892-c25f436e99a1,HR 7,"condemning Netflix release and promotion of the film ""Cuties"".",['resolution'],[],2021,New Hampshire,lower
ocd-bill/22164b79-9047-4b5c-a9bd-11176b13acbf,HB 199,including soil health and soil conservation in the state soil conservation plan.,['bill'],[],2021,New Hampshire,lower
ocd-bill/250f426f-1773-419a-a92c-eac3f7d34c71,HB 363,creating a committee to study appointing an inspector general for nursing homes in New Hampshire.,['bill'],[],2021,New Hampshire,lower
ocd-bill/d34fb49a-174d-4fe5-a4ee-ec03b7d33f52,HB 475,prohibiting the production of a drivers' license or nondrivers' picture identification card as a condition of conducting certain business.,['bill'],[],2021,New Hampshire,lower
ocd-bill/f39071aa-b5b8-4f43-87b3-0646e7930bbf,SB 79,relative to the authority of the moderator to verify the device count.,['bill'],[],2021,New Hampshire,upper
ocd-bill/d3c83235-b49e-4969-a7da-626a08bc98aa,HB 314,relative to homestead food operation licensure.,['bill'],[],2021,New Hampshire,lower
ocd-bill/d480bff3-4149-4021-a836-16fb8450e09a,HB 313,relative to property restrictions on certain amateur radio antennas.,['bill'],[],2021,New Hampshire,lower
ocd-bill/cc75f05d-929c-40f5-b570-85bee16b213c,HB 505,allowing voters to vote for multiple candidates for an office.,['bill'],[],2021,New Hampshire,lower
ocd-bill/a4dcefba-02b8-4af8-b7f3-9e5d456bf647,HB 318,proclaiming the daring jumping spider to be the state spider of New Hampshire.,['bill'],[],2021,New Hampshire,lower
ocd-bill/ddcfd7fa-686b-4740-b9f8-6c2b6b37b6c1,HB 290,relative to policies required for health facilities and special health care service licenses.,['bill'],[],2021,New Hampshire,lower
ocd-bill/428a5706-9690-4557-ad04-ddd7eefe4286,HR 8,"requesting an investigation on whether opioids, benzodiazepines, and exposure to chemical agents contribute to suicides by veterans.",['resolution'],[],2021,New Hampshire,lower
ocd-bill/db2b0c3a-a07f-449f-993c-095da5bf387c,SB 136,relative to the state minimum hourly rate.,['bill'],[],2021,New Hampshire,upper
ocd-bill/50e8ab08-5edc-45c2-ae1f-57bc279f79ea,SB 144,relative to child care scholarships.,['bill'],[],2021,New Hampshire,upper
ocd-bill/9acd79cb-447d-4c43-9acb-4518a4d3640b,HB 140,relative to private rights of action regarding pupil safety.,['bill'],[],2021,New Hampshire,lower
ocd-bill/07ec70ad-7622-4c12-94c1-625148fcf303,HB 291,relative to the analysis of requests for absentee ballot information by the attorney general.,['bill'],[],2021,New Hampshire,lower
ocd-bill/1104fea0-2293-4363-8272-ce72daf5394b,HB 97,modifying the dates of the state primary and associated filing deadline.,['bill'],[],2021,New Hampshire,lower
ocd-bill/ef0d71b0-a51d-475b-966e-a53ea6ca3b0c,HB 1,"making appropriations for the expenses of certain departments of the state for fiscal years ending June 30, 2022 and June 30, 2023.",['bill'],[],2021,New Hampshire,lower
ocd-bill/394d7679-e20b-4217-9851-6d3886625453,HB 460,establishing a committee to study cases involving the determination of parental rights and responsibilities.,['bill'],[],2021,New Hampshire,lower
ocd-bill/cbc1137e-1c32-4709-8404-4c7e4873e5f4,SB 132,adopting omnibus legislation relative to COVID-19.,['bill'],[],2021,New Hampshire,upper
ocd-bill/c8704a00-a046-4c7f-95c8-0afdf117d9dc,HB 566,relative to the discussion of disclosure of the minutes from a nonpublic session under the right-to-know law.,['bill'],[],2021,New Hampshire,lower
ocd-bill/2e8dda25-ef72-4382-837e-a8789ae1c315,HB 248,relative to the judicial retirement plan.,['bill'],[],2021,New Hampshire,lower
ocd-bill/1a3f68ab-88bd-414e-83e9-b3dc16c78b61,HB 382,establishing a commission to study the utility rate structure of demand charges.,['bill'],[],2021,New Hampshire,lower
ocd-bill/09fc8674-28d6-4f94-bf66-f380fa7463d5,HB 390,relative to the amortization of retirement system unfunded accrued liability.,['bill'],[],2021,New Hampshire,lower
ocd-bill/0ca9296e-ed1a-4248-823c-81a0141032c5,HB 459,prohibiting a transfer of funds within an adopted budget to a general ledger line item in such budget that contains an entry of zero dollars.,['bill'],[],2021,New Hampshire,lower
ocd-bill/34261842-6a73-4a4b-8eab-265d78a28328,SB 50,relative to the renomination of teachers following certification as experienced educator.,['bill'],[],2021,New Hampshire,upper
ocd-bill/72087fff-b427-4ac9-8ed4-c03e408bcce8,SB 49,relative to the New Hampshire trust code.,['bill'],[],2021,New Hampshire,upper
ocd-bill/01ee642f-0a9e-4330-af39-527b788b2b8f,HB 209,relative to the licensure and regulation of music therapists.,['bill'],[],2021,New Hampshire,lower
ocd-bill/fc3e70b3-2e21-4ba1-a87f-b1757323c52e,HB 560,relative to the election of Rockingham county officials.,['bill'],[],2021,New Hampshire,lower
ocd-bill/4ef9d130-8851-46bd-865a-480ef83348e5,HB 344,relative to temporary docks.,['bill'],[],2021,New Hampshire,lower
ocd-bill/29082dd2-571d-4444-8f91-04daaaf71391,HB 498,relative to the payment of bail commissioners.,['bill'],[],2021,New Hampshire,lower
ocd-bill/3c95018f-a51f-4fe0-ae04-3ad572d4586a,HB 192,relative to pistols permitted for the taking of deer.,['bill'],[],2021,New Hampshire,lower
ocd-bill/241e8d7f-701a-49f4-b3cb-7e8e661d47f8,HB 513,relative to the degree granting authority of Signum university and relative to the authority of the higher education commission.,['bill'],[],2021,New Hampshire,lower
ocd-bill/a51d1961-bc80-47cf-90a7-bea23082d5fe,HB 305,relative to motorist service signs on limited access highways.,['bill'],[],2021,New Hampshire,lower
ocd-bill/5317fbba-d124-4650-a2ee-8734fe65c43f,HB 281,relative to the tax expenditure report and relative to delaying the enactment of the single sales factor under the business profits and business enterprise taxes.,['bill'],[],2021,New Hampshire,lower
ocd-bill/8f4d054b-59df-4b67-9b01-91c34363dd15,HB 189,relative to accessory dwelling units.,['bill'],[],2021,New Hampshire,lower
ocd-bill/d40e618d-9214-45c7-9a50-6da3ee409167,HB 413,"establishing a solid waste working group on solid waste management planning, relative to compost, and establishing a statewide solid waste disposal reduction goal.",['bill'],[],2021,New Hampshire,lower
ocd-bill/510b18ee-5434-4812-8939-09cb06624dbc,HB 118,relative to the fish and game commission.,['bill'],[],2021,New Hampshire,lower
ocd-bill/6faa99f5-6dd0-4b9b-ad01-c91e1c4671e5,HB 73,relative to public notice requirements for certain permits issued by the department of environmental services.,['bill'],[],2021,New Hampshire,lower
ocd-bill/321c693a-8d16-46fd-abbb-e5a1ba111a24,SB 123,relative to employer payment of required COVID-19 testing.,['bill'],[],2021,New Hampshire,upper
ocd-bill/4dc49ed1-3396-4731-8c1c-3edcac8f1ea8,SB 141,relative to the procedure for conducting firearm background checks.,['bill'],[],2021,New Hampshire,upper
ocd-bill/6c7ac9e0-ed1b-4532-9cc4-29a9771fdcd6,HB 585,allowing the prepayment of dog licensing fees for the duration of a rabies vaccination and reducing fines related thereto.,['bill'],[],2021,New Hampshire,lower
ocd-bill/a01db228-72fe-4391-a2ac-da4775e9974e,HB 117,relative to the use of force at New Hampshire national guard facilities.,['bill'],[],2021,New Hampshire,lower
ocd-bill/17f4ebf3-7b7b-4f2c-b60f-4040870a5b62,SB 82,relative to funding kindergarten adequate education grants and making an appropriation therefor.,['bill'],[],2021,New Hampshire,upper
ocd-bill/047e8c32-6d03-4570-b652-7a346f289c4b,HB 307,relative to the state preemption of the regulation of firearms and ammunition.,['bill'],[],2021,New Hampshire,lower
ocd-bill/2137de2a-fe20-473d-8dc2-b39138f22c23,HB 253,requiring law enforcement officers to use body-worn cameras and establishing a grant program to assist local law enforcement agencies to purchase body-worn cameras.,['bill'],[],2021,New Hampshire,lower
ocd-bill/34d875b8-3b7a-4c47-8fdc-8e03ca8e392b,HB 600,relative to funding for newborn screening.,['bill'],[],2021,New Hampshire,lower
ocd-bill/384d3f0e-daa1-4fac-9222-d15d297f55c4,SB 125,relative to beverage manufacturer licenses.,['bill'],[],2021,New Hampshire,upper
ocd-bill/fa97115e-7c97-408d-82a6-b900ca796280,SB 13,adopting omnibus legislation on state taxes and fees.,['bill'],[],2021,New Hampshire,upper
ocd-bill/a1a77791-5492-4faf-ab91-6c38e4894762,SB 102,adopting omnibus legislation on property taxation.,['bill'],[],2021,New Hampshire,upper
ocd-bill/149015c5-a008-4a8e-9f89-ec48ccd3bf49,SB 90,adopting omnibus legislation on redistricting.,['bill'],[],2021,New Hampshire,upper
ocd-bill/c82051cf-d52a-4533-b277-4861614a519c,HB 229,"defining ""wake boat.""",['bill'],[],2021,New Hampshire,lower
ocd-bill/be0414ac-7ec2-4a5b-b2a7-0eae5c93da7e,HB 371,relative to proceedings of the public utilities commission on rates and charges.,['bill'],[],2021,New Hampshire,lower
ocd-bill/57b44993-3968-4136-948b-6e62d193da9b,HB 336,establishing a condominium dispute resolution board.,['bill'],[],2021,New Hampshire,lower
ocd-bill/c7ce638f-e079-4e09-844c-88cd498c1d38,HB 488,establishing a committee to study the benefits of allowing New Hampshire citizens to purchase health insurance from out-of-state companies.,['bill'],[],2021,New Hampshire,lower
ocd-bill/54099548-b67f-40d8-b0b0-98fc65b949ce,SB 68,requiring an employer to provide reasonable accommodations for pregnant employees.,['bill'],[],2021,New Hampshire,upper
ocd-bill/5fad7594-b941-41af-869d-6380ed101119,HB 92,establishing a committee to study best practices for companion animal groomers.,['bill'],[],2021,New Hampshire,lower
ocd-bill/183ab026-8ff8-4ccc-b157-0e7f212e785c,HB 443,relative to an extended term of imprisonment for assaulting military personnel.,['bill'],[],2021,New Hampshire,lower
ocd-bill/0cd4ab84-aafa-46f2-8cdd-7d8b30c6b309,HB 364,expanding the definition of charitable organization to include fraternal organizations for the purposes of holding raffles.,['bill'],[],2021,New Hampshire,lower
ocd-bill/8869371f-73a8-442c-b1bf-fe3d4e4954a1,HB 87,relative to the definition of electioneering.,['bill'],[],2021,New Hampshire,lower
ocd-bill/f7658e9a-7e0c-4434-9472-b251495dc6c0,HB 393,relative to the indication of blood type on drivers' licenses and nondrivers' picture identification cards.,['bill'],[],2021,New Hampshire,lower
ocd-bill/f04766f4-f9e0-4b80-9641-989b3f706fa6,HB 517,relative to the state minimum hourly rate.,['bill'],[],2021,New Hampshire,lower
ocd-bill/21a6d08d-fbbf-4036-ae01-b52683178f61,HB 528,relative to electronic filing of state tax returns.,['bill'],[],2021,New Hampshire,lower
ocd-bill/50d33b17-b1c7-4f41-99bc-cca997ee5d06,SB 36,relative to residency under auto insurance policies.,['bill'],[],2021,New Hampshire,upper
ocd-bill/0a0ff61a-1d08-4c45-83e0-1af49947e5a3,HB 88,relative to the city of Claremont police commission.,['bill'],[],2021,New Hampshire,lower
ocd-bill/8dee4dd8-f832-4b80-a3bf-e0138b5454ee,HB 324,relative to the administration of certain state taxes by the department of revenue administration.,['bill'],[],2021,New Hampshire,lower
ocd-bill/85de8922-1e8c-4786-8202-f09e5db12669,HB 127,relative to placement and removal of political advertising.,['bill'],[],2021,New Hampshire,lower
ocd-bill/40885888-8487-4525-b4e0-f985e48b0493,HB 160,relative to notice of rent increases in certain residential rental property.,['bill'],[],2021,New Hampshire,lower
ocd-bill/0fde8fe4-4df1-49f5-9758-8bdcd2afa006,HCR 1,relative to urging Congress to practice fiscal restraint and applying to Congress for a Constitutional Convention for such purpose.,['concurrent resolution'],[],2021,New Hampshire,lower
ocd-bill/f2e826bb-2a4f-48ec-8f60-c9c7d12aacae,HB 101,relative to the close of a county's books of records.,['bill'],[],2021,New Hampshire,lower
ocd-bill/ca777140-43dc-4266-8d02-2b4f2152542b,SB 84,relative to village district public bodies.,['bill'],[],2021,New Hampshire,upper
ocd-bill/84f6b6da-fa84-484c-9141-7a19fe24f4bb,HB 226,relative to the repeal of laws on produce safety.,['bill'],[],2021,New Hampshire,lower
ocd-bill/642437b7-c9cc-4e9a-b158-55e6dd834619,SB 156,relative to management of the secure psychiatric unit facility at New Hampshire hospital.,['bill'],[],2021,New Hampshire,upper
ocd-bill/14e382b4-05e3-4438-8399-50156c262c62,HB 156,relative to posting legislative amendments on the New Hampshire legislative website.,['bill'],[],2021,New Hampshire,lower
ocd-bill/817fe3b0-840a-44d4-b11e-76d6e9b00570,SB 108,relative to school resource officers.,['bill'],[],2021,New Hampshire,upper
ocd-bill/3cca5089-8943-48c3-bf31-72c7d1e26fa4,HB 522,relative to motor vehicle inspections for new vehicles.,['bill'],[],2021,New Hampshire,lower
ocd-bill/cd0c2ee4-f39b-4196-beaa-9ffee4691294,HB 143,"relative to an electronic prescription drug program and establishing licensure and requirements for licensed social workers, licensed social work associates, and social work conditional licenses.",['bill'],[],2021,New Hampshire,lower
ocd-bill/c0fbc802-e277-4d75-910e-c3a62183e3db,HB 468,relative to the definition of political advocacy organization.,['bill'],[],2021,New Hampshire,lower
ocd-bill/031b13b5-793c-421d-b70d-115c4f0c963f,HB 470,relative to the designation of office on ballots.,['bill'],[],2021,New Hampshire,lower
ocd-bill/92c07188-0d22-4ddf-9ac7-d9af0551e108,HB 477,establishing consumer protections regarding Internet service provider outages and download speeds.,['bill'],[],2021,New Hampshire,lower
ocd-bill/e9b7f680-6701-4728-bb07-a558e7a65e40,HB 335,requiring bottled drinking water sold to the public to meet the same maximum contaminant levels established for public drinking water.,['bill'],[],2021,New Hampshire,lower
ocd-bill/b4264ffc-78f1-4df4-82d1-d58b3ea11d1b,HB 415,relative to municipal estimates of expenditures and revenues.,['bill'],[],2021,New Hampshire,lower
ocd-bill/62c515c6-b5ff-41dc-9685-623c5c9fa0f3,HB 207,repealing the regulation of household goods carriers.,['bill'],[],2021,New Hampshire,lower
ocd-bill/4ef98945-3f90-494e-aaa3-c031ed7092bc,SB 131,"adopting omnibus legislation relative to vehicles, municipal water maintenance certificates, nondriver's picture identification, and firefighter ane emergency medical services decals.",['bill'],[],2021,New Hampshire,upper
ocd-bill/12e31c76-abec-4090-a58d-048f7d8fcd21,HB 197,relative to the use of deadly force in defense of another.,['bill'],[],2021,New Hampshire,lower
ocd-bill/5e0bb602-6984-4c9a-9953-90c795ac30e6,SB 22,relative to the sale of Lucky 7 tickets.,['bill'],[],2021,New Hampshire,upper
ocd-bill/65b2b565-4454-4826-a059-e739df59e944,SB 98,relative to the SNAP incentive program.,['bill'],[],2021,New Hampshire,upper
ocd-bill/e15a251a-2ec5-4383-afe6-1512d441e43b,HB 479,"relative to pharmacist provider status, nicotine cessation therapy, and pharmacy benefit manager requirements.",['bill'],[],2021,New Hampshire,lower
ocd-bill/bce234fb-f04b-4617-b364-d507888d6358,HB 357,establishing a committee to study the expiration and updating of  administrative rules.,['bill'],[],2021,New Hampshire,lower
ocd-bill/38913d81-8c49-4f31-8365-80614f1f8d59,HB 551,relative to the statewide voter database.,['bill'],[],2021,New Hampshire,lower
ocd-bill/dfe00e8f-0bcd-45ea-84d9-61f33432aeb9,SB 152,relative to affordable housing program funding.,['bill'],[],2021,New Hampshire,upper
ocd-bill/125982d5-9184-4616-b095-4b8392bb3d3e,HB 567,"permitting certain military personnel, emergency medical technicians, and paramedics to apply for licensure as a nursing assistant.",['bill'],[],2021,New Hampshire,lower
ocd-bill/8bcdf2a8-affa-4a1b-a1d9-831ecebd0557,HB 121,establishing an independent redistricting commission.,['bill'],[],2021,New Hampshire,lower
ocd-bill/2295e914-c4a8-475e-bb2c-a78a21136a64,HB 151,relative to changes of registration of certain voters after a primary election.,['bill'],[],2021,New Hampshire,lower
ocd-bill/aeb0f226-612b-42d8-83b3-b8a99029aaf1,HB 263,relative to campaign finance reform and increasing the threshold for reporting by political committees.,['bill'],[],2021,New Hampshire,lower
ocd-bill/8f80e37a-2bef-4a73-8090-1fb27bce1784,SB 105,"establishing April 8, 2024 as solar eclipse day.",['bill'],[],2021,New Hampshire,upper
ocd-bill/83665716-9cbd-481c-a705-835c526fe751,SB 17,relative to brew pubs allowing customers to bring dogs to outdoor areas and enabling nano breweries and brew pubs to enter into contracts with contract brewers.,['bill'],[],2021,New Hampshire,upper
ocd-bill/73fc1b4e-04ff-44dd-ab1a-03db7c159d57,HB 283,"proclaiming April 11, 2022 as Wentworth Cheswill Day.",['bill'],[],2021,New Hampshire,lower
ocd-bill/9cb60c9d-6a86-40c8-8a00-2e9026a6d918,HB 249,relative to animal shelter facilities.,['bill'],[],2021,New Hampshire,lower
ocd-bill/45e62063-230b-473b-a910-24e4d7af5734,HB 441,requiring The Universal Declaration of Human Rights to be placed in all public schools.,['bill'],[],2021,New Hampshire,lower
ocd-bill/6b988161-9cde-4ba5-9403-f2204745346d,HB 85,relative to using Atlantic Standard Time in New Hampshire.,['bill'],[],2021,New Hampshire,lower
ocd-bill/c99266df-0ac6-493b-8dca-1dd8ffaedfa6,SB 157,relative to funding of children's mental health services and making an appropriation to fund positions in the department of health and human services contracts and procurement unit.,['bill'],[],2021,New Hampshire,upper
ocd-bill/2a247cff-f792-4cde-973c-446d8d48389a,HB 576,relative to victims compensation fund eligibility.,['bill'],[],2021,New Hampshire,lower
ocd-bill/5581a220-0c1b-496b-844a-0b2fa64b5472,HB 628,relative to maximum vehicle speed limitations.,['bill'],[],2021,New Hampshire,lower
ocd-bill/eecb14c6-fcfe-43f1-901e-cc4f83f46777,HB 590,relative to paid sick time.,['bill'],[],2021,New Hampshire,lower
ocd-bill/249480b9-2f0c-497e-8ecf-90e211cf2cc0,SB 72,relative to a state share of retirement system contributions by employers.,['bill'],[],2021,New Hampshire,upper
ocd-bill/810d27d3-8020-4c36-8fc8-3fe90ef81ff6,HB 481,establishing the office of the right-to-know ombudsman and making an appropriation therefor.,['bill'],[],2021,New Hampshire,lower
ocd-bill/9c7f0b5a-9a76-48de-82cd-b4a7fd25d692,HB 412,making an appropriation to the department of environmental services for the purpose of funding public water system projects.,['bill'],[],2021,New Hampshire,lower
ocd-bill/980a973f-80d4-4ca4-b1d5-d42c3d7c0716,SB 20,relative to one year certificates of eligibility to teach.,['bill'],[],2021,New Hampshire,upper
ocd-bill/3c3c2eba-ad2d-4478-b95a-d3dda7493ae8,HB 295,relative to initiating amendments and corrections to birth records.,['bill'],[],2021,New Hampshire,lower
ocd-bill/c0ebada3-e2de-4c5f-a757-c6439557799c,HB 396,relative to credits for certain energy production not issued renewable energy certificates.,['bill'],[],2021,New Hampshire,lower
ocd-bill/78ad906a-789c-47df-9467-c2e43c101fe5,HB 100,relative to driving to the left of an unbroken painted line.,['bill'],[],2021,New Hampshire,lower
ocd-bill/b786fad7-5320-4b52-b4a8-bf212fce6bb3,HB 52,apportioning congressional districts.,['bill'],[],2021,New Hampshire,lower
ocd-bill/bdabbae9-97d9-45cb-bd97-31b5e2eae148,SB 161,relative to non-fraud overpayments for unemployment benefits.,['bill'],[],2021,New Hampshire,upper
ocd-bill/2da361a5-8016-4767-a4ec-1b23907da4ae,SB 64,extending unpaid leave benefits to employees for COVID-19 purposes.,['bill'],[],2021,New Hampshire,upper
ocd-bill/28988c78-75d9-407e-99db-1667ec520a57,SB 27,relative to the sale of lucky 7 tickets.,['bill'],[],2021,New Hampshire,upper
ocd-bill/c9a8c0e5-e56e-4870-8b34-062f75082f3f,SB 23,changing the requirement that a member of the sponsoring charitable organization be present during certain games of chance.,['bill'],[],2021,New Hampshire,upper
ocd-bill/5e0976fe-0a77-43ab-beca-6009bbeca99e,SB 117,relative to the tolls at exit 10 in the town of Merrimack.,['bill'],[],2021,New Hampshire,upper
ocd-bill/0b6efaad-3cab-420d-a4b4-5c90f218d8a7,HB 446,establishing a committee to study the effects of recreational vehicles and other vehicles used in recreational activities on class 5 and 6 roads.,['bill'],[],2021,New Hampshire,lower
ocd-bill/14792345-931b-4f9b-907d-964981defffe,HB 239,relative to prosecutions for certain assaults against minors.,['bill'],[],2021,New Hampshire,lower
ocd-bill/bd8c5621-1be8-4ea6-bc96-e3e37a409c5c,HB 316,requiring a person issued a summons to remain of good behavior.,['bill'],[],2021,New Hampshire,lower
ocd-bill/14b558eb-d80e-4d2c-8f0d-79e5128ae9a7,HB 258,permitting wage and hour records to be approved and retained electronically.,['bill'],[],2021,New Hampshire,lower
ocd-bill/12ef0cb7-2316-4cac-98e5-11ae7158faf0,HB 230,"relative to child day care monitoring visits, requirements for child day care providers, and the appeals process for child day care providers.",['bill'],[],2021,New Hampshire,lower
ocd-bill/00be39e4-9b5e-41bb-aa8b-1ecc73950179,HB 596,prohibiting public funding of abortions and establishing the New Hampshire foster care and adoption initiative fund.,['bill'],[],2021,New Hampshire,lower
ocd-bill/1eb0555f-f6dd-487e-babc-c66e86c1138e,CACR 10,relative to powers of the legislature.  Providing that the legislature may overturn any decision of a state court concerning the interpretation of a state law.,['constitutional amendment'],[],2021,New Hampshire,lower
ocd-bill/25b5125d-c094-4b56-87e0-7317ea06edf9,HB 297,making an appropriation to the FRM victims' contribution recovery fund.,['bill'],[],2021,New Hampshire,lower
ocd-bill/c2c4a4fa-e38c-4e93-bde9-8e1810f4efa8,SB 96,relative to establishing a body-worn and in-car camera fund and making an appropriation therefor; amending juvenile delinquency proceedings and transfers to superior court; and establishing committees to study the role and scope of authority of school resource officers and the collection of race and ethnicity data on state identification cards.,['bill'],[],2021,New Hampshire,upper
ocd-bill/7b9154d4-33ba-4438-8f25-92e0f0ee6736,HB 374,relative to the official ballot referendum form of town meetings.,['bill'],[],2021,New Hampshire,lower
ocd-bill/53d59561-8310-4d4a-ad68-04ae97c40634,HB 625,relative to the protection of fetal life.,['bill'],[],2021,New Hampshire,lower
ocd-bill/22d83118-fde7-438d-a13c-628515599a81,HB 447,relative to scuba equipment.,['bill'],[],2021,New Hampshire,lower
ocd-bill/9d96e09c-e37f-4a39-beb9-0fa3235d7002,HB 256,"adding members from Londonderry to the commission to investigate and analyze the environmental and public health impacts relating to releases of perfluorinated chemicals into the air, soil, and groundwater in Merrimack, Bedford, and Litchfield.",['bill'],[],2021,New Hampshire,lower
ocd-bill/4fbd2e57-81cc-4bbc-88d6-8c22a39a3e7e,HB 389,relative to the establishment of a joint legislative emergency executive order oversight committee during a declared state of emergency.,['bill'],[],2021,New Hampshire,lower
ocd-bill/a8a67a28-e3c8-4415-8231-f6bc1a62f375,HB 500,relative to reducing school food waste and addressing child hunger.,['bill'],[],2021,New Hampshire,lower
ocd-bill/63adaa5f-27c1-4500-9ecd-48098b295517,HB 322,"requiring a color photo of a dog, cat, or ferret on a rabies vaccination certificate.",['bill'],[],2021,New Hampshire,lower
ocd-bill/88a274dc-7334-4409-bc3c-66395051fba0,HB 526,relative to the fine for the sale or possession of cannabis.,['bill'],[],2021,New Hampshire,lower
ocd-bill/c8439076-84bb-42a6-ac02-1848cca0d354,HB 320,requiring a civics competency assessment as a high school graduation requirement.,['bill'],[],2021,New Hampshire,lower
ocd-bill/e0520d41-4a78-4072-801e-714a4fd98b82,HB 497,allowing a school district to exempt its chief administrative officer from compulsory participation in the retirement system.,['bill'],[],2021,New Hampshire,lower
ocd-bill/48dbaa03-7b8d-4058-95ff-2b994eca8d20,HB 79,relative to town health officers.,['bill'],[],2021,New Hampshire,lower
ocd-bill/4958a255-b43c-42bc-8bc8-18234fc6babe,HB 440,prohibiting the suspension of civil liberties during a state of emergency.,['bill'],[],2021,New Hampshire,lower
ocd-bill/34d47daf-0146-4f9c-801c-b499a851828b,HB 486,relative to eligibility for the low and moderate income homeowners property tax relief.,['bill'],[],2021,New Hampshire,lower
ocd-bill/91390e56-5d77-4ec3-8cdd-8fb255531dfc,HB 579,requiring notice to the public before immigration checkpoints are conducted.,['bill'],[],2021,New Hampshire,lower
ocd-bill/b91b4c8c-0c69-4d36-95b4-cf06e567f1d5,HB 593,requiring a food delivery service to enter into an agreement with a food service establishment or food retail store before offering delivery service from that restaurant.,['bill'],[],2021,New Hampshire,lower
ocd-bill/cfc14c73-9c7c-426f-b59a-1f956e22048b,HB 102,relative to worldwide combined reporting for unitary businesses under the business profits tax.,['bill'],[],2021,New Hampshire,lower
ocd-bill/fa64a2b1-9452-452d-a5cd-da7cfba36344,HB 252,creating a committee to study the creation of a program giving employers tax credits on business taxes in exchange for providing stipends for child care needs to employees.,['bill'],[],2021,New Hampshire,lower
ocd-bill/962ffb41-27d4-4d04-b4e7-cb8d5b815c19,HB 355,relative to Keno.,['bill'],[],2021,New Hampshire,lower
ocd-bill/43069b08-5c80-46d8-859b-d8ca63d94487,HB 210,increasing exemptions under the interest and dividends tax and decreasing the total amount of research and development credits against business taxes.,['bill'],[],2021,New Hampshire,lower
ocd-bill/5670ab5e-37d1-40a5-b234-6e8d53144ff6,HB 321,requiring school districts to submit an annual report concerning gifted and talented students.,['bill'],[],2021,New Hampshire,lower
ocd-bill/56d3f0d3-dcc5-4067-99be-386424cd53de,SB 154,"prohibiting the state from enforcing any federal statute, regulation, or Presidential Executive Order that restricts or regulates the right of the people to keep and bear arms.",['bill'],[],2021,New Hampshire,upper
ocd-bill/63e14f6e-7903-49bd-a73b-e4952907c6c7,HB 171,relative to food in cigar shops.,['bill'],[],2021,New Hampshire,lower
ocd-bill/8ff2b092-dd36-46a0-b47a-0ad1ff964336,HB 223,relative to political party access to a list of absentee ballot requests.,['bill'],[],2021,New Hampshire,lower
ocd-bill/9256875d-2c82-4c2f-808f-1c04ea034b39,HB 296,establishing the crime of unsolicited disclosure of an intimate image.,['bill'],[],2021,New Hampshire,lower
ocd-bill/b78a9e4a-ce60-4a0f-8799-05db03518835,HB 493,establishing a criminal penalty for an assault committed against a person who is conveying public health or safety guidance or requirements during a declared state of emergency.,['bill'],[],2021,New Hampshire,lower
ocd-bill/548b7158-cf74-4ec4-ba6f-4a9553034480,HB 277,relative to termination of a state of emergency by the legislature.,['bill'],[],2021,New Hampshire,lower
ocd-bill/151d5fc3-11d7-47e0-90d6-cca8266a9d1a,SB 146,adopting omnibus legislation relative to the environment.,['bill'],[],2021,New Hampshire,upper
ocd-bill/1a12115e-ea95-47ed-b544-56745538e4e4,SB 145,relative to a temporary change in the formula for school funding.,['bill'],[],2021,New Hampshire,upper
ocd-bill/6d9d2601-e7ff-4d2f-8f67-12c79330c27c,HB 572,relative to pharmacist administration of vaccines and allowing a licensed advanced pharmacy technician to administer vaccines.,['bill'],[],2021,New Hampshire,lower
ocd-bill/b2926f42-65dd-4c72-a487-05800a35fb83,HB 365,giving peace officer status to federal law enforcement officers.,['bill'],[],2021,New Hampshire,lower
ocd-bill/31302c8b-0623-4147-aac0-babcc4025182,CACR 4,redistricting.  Providing that an independent redistricting commission shall be established to draw boundaries for state and federal offices.,['constitutional amendment'],[],2021,New Hampshire,lower
ocd-bill/fbac8c67-7df7-495f-b21e-958f5a883291,HB 445,relative to competitive bidding in Carroll county.,['bill'],[],2021,New Hampshire,lower
ocd-bill/8317bb74-a6ab-4e3e-ad90-43889cccf246,HB 530,relative to candidate background checks for law enforcement officers.,['bill'],[],2021,New Hampshire,lower
ocd-bill/f419c997-9af0-4c62-8c2d-dcf2fa23cb6d,HB 260,relative to number plates for motor vehicles.,['bill'],[],2021,New Hampshire,lower
ocd-bill/d18afd71-10c6-4a27-b20e-63b20ffe5a0e,HB 132,relative to acreage required to build certain single family housing.,['bill'],[],2021,New Hampshire,lower
ocd-bill/55630737-0135-400d-b0ac-44bc88b1863f,HB 94,relative to licensure renewal dates for certain governing boards under the office of professional licensure and certification.,['bill'],[],2021,New Hampshire,lower
ocd-bill/7478859a-4bb4-4964-a6bd-c3d724ed7d23,HB 240,relative to identification of cannabis strain for therapeutic cannabis.,['bill'],[],2021,New Hampshire,lower
ocd-bill/95e6fa63-8134-4021-ae13-a5d1adc65c40,HB 356,relative to the city of Manchester employees' contributory retirement system.,['bill'],[],2021,New Hampshire,lower
ocd-bill/51564881-df21-4776-bf63-c4d353809936,HB 597,relative to the expectation of privacy.,['bill'],[],2021,New Hampshire,lower
ocd-bill/d3f3f101-8d8e-412c-9680-17dd67f5fd06,SB 70,relative to insurance coverage for emergency behavioral health services for children and young adults.,['bill'],[],2021,New Hampshire,upper
ocd-bill/528691c7-0400-4b03-8cca-d6ea3e218515,HB 287,relative to remote notarization.,['bill'],[],2021,New Hampshire,lower
ocd-bill/5bb9fb23-407f-403a-be3d-ff409340f49a,SB 99,relative to the amount of meals and rooms tax revenue that is distributed to municipalities.,['bill'],[],2021,New Hampshire,upper
ocd-bill/24beaf55-47c9-4546-9628-0b92b812a859,HB 512,relative to emergency housing assistance.,['bill'],[],2021,New Hampshire,lower
ocd-bill/d61462f3-b453-4ad9-850b-6ebc81461ffe,HB 208,repealing RSA 323 regarding lightning rod dealers and salesmen.,['bill'],[],2021,New Hampshire,lower
ocd-bill/78d57eec-2514-4f31-b9c5-f6e862f57c61,SB 19,relative to the degree granting authority of Signum university.,['bill'],[],2021,New Hampshire,upper
ocd-bill/e09f6df2-47ee-4cde-b197-d88780969a0b,HB 569,relative to offering vocational training as part of the drug court and alternative drug offender grant program.,['bill'],[],2021,New Hampshire,lower
ocd-bill/365a202e-53cb-4ee5-867f-235abd819463,HB 557,relative to the authority of state and county correctional facilities to discipline inmates using close or solitary confinement.,['bill'],[],2021,New Hampshire,lower
ocd-bill/aad1fc8f-9d9f-4c54-8269-14659564b561,HB 261,relative to apprenticeship programs in trade and industry.,['bill'],[],2021,New Hampshire,lower
ocd-bill/686867f6-d088-49aa-92ba-44b4664c09b6,HB 235,addressing impacts to other water users from new sources of water for community water systems and relative to the PFAS fund and programs.,['bill'],[],2021,New Hampshire,lower
ocd-bill/058151d0-cef4-4744-a432-076f67c148eb,SB 57,relative to allowing pharmacy technicians and interns to remotely perform non-dispensing tasks.,['bill'],[],2021,New Hampshire,upper
ocd-bill/7f649202-524d-40b0-801a-3bb776b8422b,SB 162,"relative to the department of health and human services, the New Hampshire granite advantage health care trust fund, and health facility licensure.",['bill'],[],2021,New Hampshire,upper
ocd-bill/a143cccd-e97d-4fc6-9b96-9369a5f44722,HB 494,relative to temporary relief and permanent restraining orders issued in a divorce proceeding.,['bill'],[],2021,New Hampshire,lower
ocd-bill/8393da6f-c51e-48e1-91bc-8a41c037fbce,HB 499,relative to the use of face recognition technology.,['bill'],[],2021,New Hampshire,lower
ocd-bill/2960783b-829e-40df-b6e1-7afb430bbd66,HB 378,repealing the therapeutic use of cannabis advisory council.,['bill'],[],2021,New Hampshire,lower
ocd-bill/5b972116-a014-4c38-abd2-666f1ce53647,SB 137,relative to the minimum hourly rate for tipped employees.,['bill'],[],2021,New Hampshire,upper
ocd-bill/92898cf6-da7f-4474-897a-e5d386b78389,SB 143,adopting omnibus legislation relative to certain agency requests.,['bill'],[],2021,New Hampshire,upper
ocd-bill/d5b91540-74b0-43c4-9717-e5632a9b2809,HB 555,relative to prisoners' voting rights.,['bill'],[],2021,New Hampshire,lower
ocd-bill/8fee079a-91bf-468f-a560-87b74f69e876,HB 354,relative to the local option for sports betting.,['bill'],[],2021,New Hampshire,lower
ocd-bill/2a18968b-855a-47d4-9f3b-d07e46076c19,HB 583,relative to kidney donation designation on drivers' licenses.,['bill'],[],2021,New Hampshire,lower
ocd-bill/fd45a232-d108-4f74-8cea-3e0eddc346ef,SB 151,relative to renewable energy procurement.,['bill'],[],2021,New Hampshire,upper
ocd-bill/ef075e08-3e36-4322-aa80-9660287385ba,HB 145,relative to physical force in defense of a person.,['bill'],[],2021,New Hampshire,lower
ocd-bill/dde9506f-e653-4439-b573-c08c1bf809ac,HB 340,permitting the designation of an open container area for the consumption of alcoholic beverages.,['bill'],[],2021,New Hampshire,lower
ocd-bill/097c16ac-2d01-4cff-914f-3492c042fe42,HB 432,relative to the offenses that prevent employment in a school.,['bill'],[],2021,New Hampshire,lower
ocd-bill/5f3c3d4f-f3fa-48e5-aef5-6ccbcf383060,HB 274,relative to payment by the state of a portion of retirement system contributions of political subdivision employers.,['bill'],[],2021,New Hampshire,lower
ocd-bill/c25caa0b-0cb4-4c6f-a3d6-212fdf25c8b1,HB 96,"establishing the office of school counseling and psychology, establishing the position of school counselor coordinator, and making an appropriation therefor.",['bill'],[],2021,New Hampshire,lower
ocd-bill/88e2a9ab-f701-4b3d-a6ab-0ef1411e0591,HB 25,making appropriations for capital improvements.,['bill'],[],2021,New Hampshire,lower
ocd-bill/52b4a899-3d1d-4a96-abba-0b52b8b5c7d4,HB 116,relative to personal delivery devices and mobile carriers.,['bill'],[],2021,New Hampshire,lower
ocd-bill/3dea9e23-6359-4814-876b-cca322096778,HB 298,adding a member to the aviation users advisory board.,['bill'],[],2021,New Hampshire,lower
ocd-bill/19e1ddde-94de-471b-932e-5304dd14dc1c,HB 99,relative to seasonal platforms on public waters of the state.,['bill'],[],2021,New Hampshire,lower
ocd-bill/d87ea6ee-7a6b-460e-af07-370699ff0be3,HB 404,relative to the perambulation of town lines.,['bill'],[],2021,New Hampshire,lower
ocd-bill/a3aa20b5-0cee-460d-8011-6cdff86659c3,HB 244,relative to the membership and duties of the joint health care reform oversight committee.,['bill'],[],2021,New Hampshire,lower
ocd-bill/fa1eb87a-b5e5-4acc-8560-99b93ed2fc64,HB 70,authorizing certification for the microblading of eyebrows.,['bill'],[],2021,New Hampshire,lower
ocd-bill/c66ad20a-6292-4b97-b0be-8cdeef6ab00e,HB 246,establishing a protective order for vulnerable adults.,['bill'],[],2021,New Hampshire,lower
ocd-bill/7a3918d1-d8fa-4af0-b42e-8694f2e4e87f,HB 529,"relative to cruelty to a wild animal, fish, or wild bird.",['bill'],[],2021,New Hampshire,lower
ocd-bill/96ebbd8e-7624-4b7e-9f42-4ef78034af0f,SB 121,relative to a state-based health exchange.,['bill'],[],2021,New Hampshire,upper
ocd-bill/4ce782bd-7da1-45a3-92ed-0a1c1e8d3365,SB 113,relative to the alternative compliance payments for renewable energy obligations not met through the purchase of renewable energy credits.,['bill'],[],2021,New Hampshire,upper
ocd-bill/f21b0c0f-92f2-4518-9e05-d8f8429b3d87,HB 141,allowing a county to exempt its chief administrative officer from compulsory participation in the retirement system.,['bill'],[],2021,New Hampshire,lower
ocd-bill/8eb57240-5754-48c4-a0b4-4043fd0e5bdb,HB 75,renaming and adjusting the membership of the New Hampshire commission on deafness and hearing loss.,['bill'],[],2021,New Hampshire,lower
ocd-bill/8d19db9f-26b6-4038-ae2a-1cd09bf44060,SB 140,adopting omnibus legislation making appropriations to the department of health and human services.,['bill'],[],2021,New Hampshire,upper
ocd-bill/14898621-12fc-42cc-9759-e0d66ff315c8,HB 123,granting immunity from prosecution for prostitution for reporting a sexual assault.,['bill'],[],2021,New Hampshire,lower
ocd-bill/575634ee-6ec2-4140-983f-b225bf1395cc,HB 462,relative to lien assessments by condominium associations.,['bill'],[],2021,New Hampshire,lower
ocd-bill/c2efe48b-5cab-4534-84e9-8bbd97a32d66,HB 541,relative to the priority of child support payments over other court costs and expenses.,['bill'],[],2021,New Hampshire,lower
ocd-bill/ed66f470-9e63-43d0-ade7-2473c684ef0d,HB 565,establishing a committee to study charitable gaming.,['bill'],[],2021,New Hampshire,lower
ocd-bill/384cb125-304b-4648-a804-34aea83c5a17,HR 13,Memorializing David Danielson.,['resolution'],[],2021,New Hampshire,lower
ocd-bill/c97ea33f-0d9f-4ba0-8145-d9a0d4c83376,HB 399,relative to the energy consumption reduction goal.,['bill'],[],2021,New Hampshire,lower
ocd-bill/7be21b13-22c7-45e8-bc1c-fc343b699cde,SB 94,relative to juvenile diversion programs.,['bill'],[],2021,New Hampshire,upper
ocd-bill/fce99708-b26f-484e-8629-3967c028ed67,HB 419,relative to assault of a campaign worker at the polling place.,['bill'],[],2021,New Hampshire,lower
ocd-bill/5177bf0c-7eba-4888-b179-d086263dbe96,HB 559,relative to state of emergency declarations.,['bill'],[],2021,New Hampshire,lower
ocd-bill/8ba79515-0dc3-4558-be5a-f69c28ca1913,HB 552,relative to property tax valuations.,['bill'],[],2021,New Hampshire,lower
ocd-bill/d33b2bf3-b0c8-4c6e-ae85-8046d87780e0,HB 294,relative to the purchase of output of limited electrical energy producers.,['bill'],[],2021,New Hampshire,lower
ocd-bill/88bc5e6c-e748-4c3b-9c54-60a94e227a8c,HB 474,prohibiting surveillance by the state on public ways or sidewalks.,['bill'],[],2021,New Hampshire,lower
ocd-bill/28db7ab9-d98a-488e-8222-2256377363ed,SB 97,relative to in-network retail pharmacies.,['bill'],[],2021,New Hampshire,upper
ocd-bill/c10dc118-79a3-4579-85fe-b75d996db184,HB 573,relative to the uses of certain large retail properties.,['bill'],[],2021,New Hampshire,lower
ocd-bill/80e429a5-71e5-415e-9445-774be77e8449,HB 153,establishing a committee to study universal Internet access for New Hampshire.,['bill'],[],2021,New Hampshire,lower
ocd-bill/694bad0b-4570-4f8e-bed3-c0e5addabbee,HB 610,"requiring certain licensing and reporting functions be conducted through the Nationwide Multistate Licensing System and Registry, relative to background investigations of trust officers, to certain filing fees, assessments, and interest rates, and to the transmission of consumer complaints by the banking department, requiring employers to provide certain workplace accommodations for employees, establishing the New Hampshire housing and conservation planning program, and relative to the collaborative care model service delivery method.",['bill'],[],2021,New Hampshire,lower
ocd-bill/380c08d8-d3fa-4e2b-b32c-a44253d31af4,HB 187,relative to the emergency powers of the commissioner of health and human services and relative to the membership of the oversight committee on health and human services.,['bill'],[],2021,New Hampshire,lower
ocd-bill/c328b6b0-46dd-4548-a7c5-0ebe764cc19b,HB 435,relative to the suspension of drivers' licenses and creating a committee to study the creation of a restricted driving license for participants in drug court.,['bill'],[],2021,New Hampshire,lower
ocd-bill/40ac43ac-dbee-45a9-a155-7ae41c3a226c,HB 438,relative to the confidentiality of animal records databases.,['bill'],[],2021,New Hampshire,lower
ocd-bill/d7a6f5e1-1cb4-4c53-b2ee-a3d03dbca4c1,HB 568,increasing exemptions to the interest and dividends tax and repealing the tax in 2025.,['bill'],[],2021,New Hampshire,lower
ocd-bill/ccf9f726-e66f-4544-912e-8a45cce00bfc,HB 366,defining animal hoarding.,['bill'],[],2021,New Hampshire,lower
ocd-bill/5563debc-0f75-424b-a8d8-3d85b6654eaf,HB 420,relative to the use of funds in the drug forfeiture fund.,['bill'],[],2021,New Hampshire,lower
ocd-bill/7d601a97-caeb-487a-9d7e-7c1260d656d0,HB 537,relative to the date of the state primary.,['bill'],[],2021,New Hampshire,lower
ocd-bill/0e061e94-3036-4222-b215-6e5ba3f48cde,HB 78,relative to certificates of title and drivers' licenses for members of the United States foreign service.,['bill'],[],2021,New Hampshire,lower
ocd-bill/f0715d2a-1a75-47f0-9454-feb45f21de81,HB 603,relative to manslaughter and the use of deadly force in circumstances involving the sale or use of a controlled drug or controlled drug analog.,['bill'],[],2021,New Hampshire,lower
ocd-bill/f78c4b73-88e9-428d-aca4-784d45670ac8,SB 112,relative to historical racing.,['bill'],[],2021,New Hampshire,upper
ocd-bill/1f395f1e-a6aa-4c7b-ab72-92f064bab23b,SR 6,"RESOLVED, in accordance with Article 42, Part 2, of the New Hampshire Constitution that the Honorable William M. Gardner, Secretary of State be requested to lay before the Senate the return votes for Governor and Executive Council.",['resolution'],[],2021,New Hampshire,upper
ocd-bill/2c295bbc-c0dc-4995-9fa9-d5acb943e87a,SR 5,"RESOLVED, that the Senate meet in Joint Convention with the House of Representatives for the purpose of electing the Secretary of State and the State Treasurer.",['resolution'],[],2021,New Hampshire,upper
ocd-bill/d8994c2a-d4ae-43d4-9bab-c4b890358dc9,SR 3,"RESOLVED, that the return of votes from the several Senatorial Districts be referred to a Select Committee of three with instructions to examine and count the same and report to the Senate where any vacancies or contest exists and if so, in what Senatorial District.",['resolution'],[],2021,New Hampshire,upper
ocd-bill/13d556f6-688b-453a-b050-32f158653db6,HR 2,recording House sessions and the permanent journal.,['resolution'],[],2021,New Hampshire,lower
ocd-bill/5011abad-37da-448e-b81b-2ee6505ada9b,SB 28,naming a courtroom in the second circuit courthouse in Plymouth in honor of Judge Edwin W. Kelly and naming a roundabout in New London in honor of Jessie Levine.,['bill'],[],2021,New Hampshire,upper
ocd-bill/908304ed-744b-42a5-8ddb-7361abf5c854,HB 120,relative to administration of psychotropic medications to children in foster care.,['bill'],[],2021,New Hampshire,lower
ocd-bill/2070f7f3-c6f7-470f-824e-aca4d8b46429,HB 518,relative to rebates under the law governing unfair insurance practices.,['bill'],[],2021,New Hampshire,lower
ocd-bill/e1e116a8-f6b4-4ee6-a854-13d699c3e885,HB 154,relative to community revitalization tax relief incentives.,['bill'],[],2021,New Hampshire,lower
ocd-bill/1d42960f-c969-4394-8ad9-c7d89497412b,HB 186,relative to certain legislative study commissions and committees.,['bill'],[],2021,New Hampshire,lower
ocd-bill/2f547eda-268e-4a41-a6d5-35f30b042192,SB 3,clarifying the tax treatment of federal Paycheck Protection Program loans.,['bill'],[],2021,New Hampshire,upper
ocd-bill/0e0c5fa1-e0b8-4488-8d7d-2bf5b4740a77,HB 373,relative to state participation in low carbon fuel standards programs.,['bill'],[],2021,New Hampshire,lower
ocd-bill/6a78bf3a-0b77-462e-9545-a9136a441ac1,SB 120,relative to physician assistant medical services through the Manchester Veterans Administration Medical Center.,['bill'],[],2021,New Hampshire,upper
ocd-bill/4e28dc94-bf30-421b-b4b8-c71db2d32644,HB 242,relative to the content of an adequate education.,['bill'],[],2021,New Hampshire,lower
ocd-bill/814549df-1fd0-47f7-8dcc-45546373ba09,SB 124,adopting omnibus legislation relative to insurance.,['bill'],[],2021,New Hampshire,upper
ocd-bill/35b1e3b5-a14b-4237-907d-39d5243fed62,HB 449,relative to the repair of home appliances.,['bill'],[],2021,New Hampshire,lower
ocd-bill/07759c4e-e2a7-4c52-82e6-125254d15cb9,SB 83,adopting omnibus legislation relative to elections.,['bill'],[],2021,New Hampshire,upper
ocd-bill/6ddb4f61-0c04-4a2f-934d-927f6ff24bd8,HB 193,relative to penalties for improper timber harvesting.,['bill'],[],2021,New Hampshire,lower
ocd-bill/908ae68d-0d14-4d95-9de0-14c5391ad508,HB 61,relative to absentee voting and allowing for partial processing of absentee ballots prior to election day.,['bill'],[],2021,New Hampshire,lower
ocd-bill/1791aa41-85b7-4df2-a953-97328d4f8302,HB 542,relative to the protection of religious liberty.,['bill'],[],2021,New Hampshire,lower
ocd-bill/f9294e78-91f5-49a5-9431-8ffe33605e6d,HCR 3,"declaring that the Claremont case's mandates that the legislative and executive branches define an adequate education, determine its cost, fund its entire cost with state taxes, and ensure its delivery through accountability, are not binding on the legislative and executive branches.",['concurrent resolution'],[],2021,New Hampshire,lower
ocd-bill/72412bf1-67d2-42ab-ac36-26815ffcb67a,HB 326,requiring town and city clerks to make electronic lists of persons who have applied for absentee ballots available to candidates upon request.,['bill'],[],2021,New Hampshire,lower
ocd-bill/cd663053-0a50-4628-8cec-5c05b9d6ff33,SB 95,establishing a committee to review authorizing governing bodies of municipalities to hold virtual meetings and to study remote access to meetings under RSA 91-A.,['bill'],[],2021,New Hampshire,upper
ocd-bill/cfdab272-b770-4f9f-843a-603ee1e389e0,HB 453,shielding journalists from mandatory disclosure of sources by subpoena.,['bill'],[],2021,New Hampshire,lower
ocd-bill/1f13de09-a605-4b8a-bda4-71f7122e0df8,HB 142,relative to causes for divorce.,['bill'],[],2021,New Hampshire,lower
ocd-bill/f9c1555e-d399-4a64-aa33-cf994a4dcead,SB 155,codifying provisions included in select emergency orders issued by the governor in response to the COVID-19 pandemic.,['bill'],[],2021,New Hampshire,upper
ocd-bill/d23d87b8-72c4-4128-8a82-4c8da93f5b87,HB 184,relative to the operation of personal water craft around the marshlands or flats of the Rye estuary and the New Castle back channel.,['bill'],[],2021,New Hampshire,lower
ocd-bill/1fc0e25b-e36c-40f9-9ab7-fe2ab8b77d37,SB 114,relative to protecting the safe use and enjoyment of publicly-accessible recreation areas.,['bill'],[],2021,New Hampshire,upper
ocd-bill/f7620df4-7117-4cfc-89aa-fc9bb0fbfdd3,HB 15,relative to including under the meals and rooms tax facilitators of Internet transactions of motor vehicle rentals and facilitators of Internet transactions of room occupancies.,['bill'],[],2021,New Hampshire,lower
ocd-bill/420ef3ef-dd8a-4bf6-9e79-8aab4ed08ce4,HB 345,establishing a license for mushroom harvesters.,['bill'],[],2021,New Hampshire,lower
ocd-bill/615c04a7-c7aa-48f3-a5c8-b25da652931e,HB 464,relative to the commission to study school funding.,['bill'],[],2021,New Hampshire,lower
ocd-bill/e7326ff9-71b3-4639-bc3e-ffb01a0afa91,SB 45,relative to the controlled drug prescription health and safety program.,['bill'],[],2021,New Hampshire,upper
ocd-bill/cc672317-3cab-49bf-a3a4-3e70c082edf7,HB 137,relative to the rulemaking authority of the department of information technology.,['bill'],[],2021,New Hampshire,lower
ocd-bill/bfdb898a-d0d2-4713-9d55-38cc51e0afdf,HB 563,establishing a committee to study a living wage and the utilization of public assistance among low wage workers and their families in New Hampshire.,['bill'],[],2021,New Hampshire,lower
ocd-bill/8d76007b-baa7-4bfa-9f95-c788e3a60089,HB 561,relative to potential jurors excused from jury duty due to a lack of residency in the county of jury service.,['bill'],[],2021,New Hampshire,lower
ocd-bill/4019962a-c682-43df-b658-ef28808e7d38,HB 433,limiting renewal of states of emergency.,['bill'],[],2021,New Hampshire,lower
ocd-bill/b1c6e3ea-e937-4599-9842-1df78461435f,HB 594,relative to the school building aid program.,['bill'],[],2021,New Hampshire,lower
ocd-bill/596a130f-f854-4c41-83fa-2d8ca7191c8d,HB 613,relative to state aid to school districts with special education pupils and relative to pooled risk management for unanticipated special education cost recovery.,['bill'],[],2021,New Hampshire,lower
ocd-bill/50fe4488-e96e-4b29-87b0-b9795b176ebb,HB 623,relative to education funding.,['bill'],[],2021,New Hampshire,lower
ocd-bill/1698cc3e-466c-4345-8542-f556b329626e,HB 264,requiring health care providers to provide cost quotes for non-emergency services.,['bill'],[],2021,New Hampshire,lower
ocd-bill/c47de0f5-c113-4812-9f20-700b3a1f6468,HB 245,relative to the definition of grocery or convenience store.,['bill'],[],2021,New Hampshire,lower
ocd-bill/fca2953d-cbf6-4f31-a17a-97be79287f45,HB 176,"allowing beverages, wine, and mixed drinks to be sold for take out and delivery by restaurants holding an on-premises license.",['bill'],[],2021,New Hampshire,lower
ocd-bill/c45818c7-b18c-40dd-b921-b63c19661780,HB 157,relative to the state health improvement plan and the state health assessment and state health improvement plan advisory council.,['bill'],[],2021,New Hampshire,lower
ocd-bill/b6d8229a-0141-4183-9ae3-f4359c0fb62e,HB 581,relative to the burden of proof in special education hearings and establishing a committee to study special education IEP and dispute resolution processes.,['bill'],[],2021,New Hampshire,lower
ocd-bill/edf50b63-1f6c-454f-938f-8f8e35d6a205,HB 289,relative to including electrical storage facilities in the definition of energy facility.,['bill'],[],2021,New Hampshire,lower
ocd-bill/71a7ac78-ed0e-4dd3-883d-70ca631267aa,HB 265,requiring bottled drinking water sold to the public meet the same maximum contaminant levels established for public drinking water.,['bill'],[],2021,New Hampshire,lower
ocd-bill/8c8b2d16-6c2c-4cd7-b888-e2a82150709b,HB 152,relative to the apportionment of costs in cooperative school districts.,['bill'],[],2021,New Hampshire,lower
ocd-bill/50d6e48f-9d50-498e-94ce-095918fbea47,HB 397,relative to permitting fees under the shoreland protection act.,['bill'],[],2021,New Hampshire,lower
ocd-bill/9fc33b21-c663-42f4-a478-65439679ec79,HB 369,relative to the use of physical agent modalities by occupational therapists.,['bill'],[],2021,New Hampshire,lower
ocd-bill/0f771b97-c0ce-45fb-8b88-74835a1ae6a6,HB 329,relative to storage of rail cars containing hazardous materials.,['bill'],[],2021,New Hampshire,lower
ocd-bill/9fc33735-2d7f-4529-babe-0e8e73489cb1,SB 43,authorizing an audit of the Rockingham County district 7 state representative race.,['bill'],[],2021,New Hampshire,upper
ocd-bill/77e7fc62-48e3-40b9-9f35-82b4623b251b,HB 436,relative to eyewitness identification procedures.,['bill'],[],2021,New Hampshire,lower
ocd-bill/831d1faa-831a-404b-b4c9-7d5e3a5d93e6,HB 456,relative to the disclosure of information from vital records.,['bill'],[],2021,New Hampshire,lower
ocd-bill/45ec4124-8a84-4f2f-8da6-e46302bc1800,HB 501,establishing a minimum pay rate for adjunct faculty of the university system of New Hampshire and community college system of New Hampshire.,['bill'],[],2021,New Hampshire,lower
ocd-bill/86f4f860-e96a-4f7e-a815-71d4ae143731,HB 510,relative to limiting robocalls by automatic dialing devices.,['bill'],[],2021,New Hampshire,lower
ocd-bill/9b1d5ef3-08e9-46b9-a58f-9294b07f37e2,HB 134,repealing certain inactive dedicated funds.,['bill'],[],2021,New Hampshire,lower
ocd-bill/5a46bfa8-fc93-4005-8906-9bc568c8e285,SB 87,adopting omnibus legislation relative to municipal finance.,['bill'],[],2021,New Hampshire,upper
ocd-bill/e3e24936-1104-4e90-aea5-1d4cdc9af0e7,SB 40,relative to informed consent to search a motor vehicle and amending thestatutory requirements for a search warrant.,['bill'],[],2021,New Hampshire,upper
ocd-bill/03365fef-eddf-4042-a0c8-e22dc63c5a48,HB 301,relative to the compensation appeals board.,['bill'],[],2021,New Hampshire,lower
ocd-bill/d96c48d8-1b69-46c6-85fb-e2859aaf1b7b,HB 77,requiring town and city clerks to provide daily notification to the secretary of state of any filings for elected office and relative to the broadband matching grant initiative.,['bill'],[],2021,New Hampshire,lower
ocd-bill/e3e9bb68-5aff-47b0-bfe0-c85da1949391,HB 437,establishing a committee to study the shortage of animal slaughter and meat processing facilities in New Hampshire and the implementation of the meat inspection program.,['bill'],[],2021,New Hampshire,lower
ocd-bill/9444b493-56b7-4f98-b14d-e0e8b444e673,HB 195,adding display of a firearm as an exception to reckless conduct.,['bill'],[],2021,New Hampshire,lower
ocd-bill/6b216159-5557-4b72-936a-3f1c1d2fc3fa,HB 458,relative to provision of menstrual products for students in need.,['bill'],[],2021,New Hampshire,lower
ocd-bill/5e045b27-6e23-494e-8cb3-b9662886e013,HB 185,removing the work requirement of the New Hampshire granite advantage health care program.,['bill'],[],2021,New Hampshire,lower
ocd-bill/d53934d5-f8d6-4f7b-9a29-4beeb5a790fe,HB 544,relative to the propagation of divisive concepts.,['bill'],[],2021,New Hampshire,lower
ocd-bill/e866e550-a612-4217-b7cf-560d3d94ce03,HB 388,relative to changing a pupil's school or assignment because of a manifest educational hardship.,['bill'],[],2021,New Hampshire,lower
ocd-bill/530fb629-54ec-4594-8510-705c3cc943b8,HB 69,relative to the authority of schools to display the national and state mottos.,['bill'],[],2021,New Hampshire,lower
ocd-bill/73a7053b-0dd8-4eb9-8965-64097a2c1da1,HB 624,decreasing the fee to file a petition for a declaratory ruling with the site evaluation committee.,['bill'],[],2021,New Hampshire,lower
ocd-bill/3f58919a-f4c4-49b9-abb3-410516f6722e,HB 173,requiring the independent investment committee of the New Hampshire retirement system to report investment fees.,['bill'],[],2021,New Hampshire,lower
ocd-bill/9657bc28-f220-4e00-8fdc-eaf8e21ec1ba,HB 330,relative to sports book locations.,['bill'],[],2021,New Hampshire,lower
ocd-bill/5f2e85ab-e25b-4f2d-a680-632e9516f24b,HB 150,making a technical correction and a clarification in the law governing death benefits for emergency medical technicians and rescue squad members.,['bill'],[],2021,New Hampshire,lower
ocd-bill/d3e22426-8c13-4b88-a49e-d2a5180506c5,HR 14,Memorializing Douglas Ley.,['resolution'],[],2021,New Hampshire,lower
ocd-bill/af9ec3a3-911e-435f-83af-91bdfb005052,SB 16,amending the alimony statute due to changes in federal tax law.,['bill'],[],2021,New Hampshire,upper
ocd-bill/1dafa012-5d95-40bf-b071-3103e1b01eaa,SB 110,relative to animals in motor vehicles.,['bill'],[],2021,New Hampshire,upper
ocd-bill/14dbb6e9-ca32-434c-9108-a463c35fe1a1,SB 147,"adopting omnibus legislation relative to student aid, the central registry, transportation of students, and special education costs.",['bill'],[],2021,New Hampshire,upper
ocd-bill/8f7a5c85-76e6-4c4e-bd8f-3044ed56c863,SB 53,enabling municipalities to establish a community preservation and resilience program funded in part through a surcharge on real property.,['bill'],[],2021,New Hampshire,upper
ocd-bill/a2662aec-6cf9-4425-a667-04eaa7cbe1bd,HB 238,"prohibiting provocations based on a victim’s actual or perceived gender, gender identity, gender expression, or sexual orientation from being used as a defense in manslaughter cases.",['bill'],[],2021,New Hampshire,lower
ocd-bill/b98231fe-2b36-473a-8ea2-bc41ccb1e676,SB 134,adopting omnibus legislation relative to civil actions and criminal liability.,['bill'],[],2021,New Hampshire,upper
ocd-bill/7d4de22d-5583-4f31-884d-c693feed0f36,HB 315,relative to the aggregation of electric customers and municipal host customer generators serving political subdivisions.,['bill'],[],2021,New Hampshire,lower
ocd-bill/ef86842b-4ed8-4f32-966d-78e0911d99c4,HB 465,relative to permissible campaign contributions by business organizations and labor unions.,['bill'],[],2021,New Hampshire,lower
ocd-bill/adc014b2-2f87-4cd4-bb44-be70efddc345,HB 482,relative to the use of campaign contributions for personal use expenditures.,['bill'],[],2021,New Hampshire,lower
ocd-bill/d3b73b62-7beb-4608-bde9-f080f0596f2d,HB 504,relative to the state education property tax and the low and moderate income homeowners property tax relief program.,['bill'],[],2021,New Hampshire,lower
ocd-bill/e91e34bf-3b51-48ff-95e5-07cf4cb5b651,HB 414,relative to evacuations under a state of emergency.,['bill'],[],2021,New Hampshire,lower
ocd-bill/15a4d754-2c02-46d3-9de2-a2f6e2d01c41,HB 146,requiring health care providers to furnish upon request a list of ingredients contained in an injectable medication that is recommended or administered.,['bill'],[],2021,New Hampshire,lower
ocd-bill/316d40e3-1502-4107-bd3e-4c813b1f702d,HB 159,relative to organizations authorized to issue decals for multi-use decal number plates.,['bill'],[],2021,New Hampshire,lower
ocd-bill/70c56914-0776-40c5-8e89-3772c128bd06,HB 632,banning a sentence of life imprisonment without parole for a juvenile convicted of homicide.,['bill'],[],2021,New Hampshire,lower
ocd-bill/a748c8a3-9533-4c99-8422-a1397c84de31,HB 347,relative to driving with a suspended license.,['bill'],[],2021,New Hampshire,lower
ocd-bill/352b0c81-6a8c-4399-a2eb-92afad9a3e61,HB 434,prohibiting the use of public funds for abortions.,['bill'],[],2021,New Hampshire,lower
ocd-bill/7f04509e-3e42-454a-85ca-bf7076257ca7,HB 90,allowing alternative treatment centers to acquire and use in manufacturing hemp-derived cannabidiol (CBD) isolate.,['bill'],[],2021,New Hampshire,lower
ocd-bill/0da5ad7e-6122-45c1-96c3-2e3f6713dc47,HB 392,relative to the membership of local land use boards.,['bill'],[],2021,New Hampshire,lower
ocd-bill/f62ca6ef-7a0e-4ea1-9f91-b8b73d5ac27f,HB 225,relative to the calculation of net energy metering payments or credits.,['bill'],[],2021,New Hampshire,lower
ocd-bill/c9943a1f-90a1-48fe-8eb0-87ba1d1d6c35,HB 190,relative to financial disclosures by legislators.,['bill'],[],2021,New Hampshire,lower
ocd-bill/3936aba8-1c76-4875-91f0-255fbb101eae,HB 268,relative to cycling on the left side of the road,['bill'],[],2021,New Hampshire,lower
ocd-bill/7a37f5d6-e436-4bb4-b31c-80d5ea5efb0a,HB 359,creating a private cause of action for discrimination based on hairstyles relative to a person's ethnicity.,['bill'],[],2021,New Hampshire,lower
ocd-bill/d755d31a-da20-4bc6-ad85-adf508838f44,HB 181,relative to the local option for operation of sports book retail locations.,['bill'],[],2021,New Hampshire,lower
ocd-bill/d8fd7332-e4b4-4743-a67c-12cf6d66517e,SB 149,adopting omnibus legislation on health and human services.,['bill'],[],2021,New Hampshire,upper
ocd-bill/f29eba97-12fe-4c31-bbc6-ddabc1005cf1,HB 463,requiring the Gorham town clerk to be appointed by the board of selectmen.,['bill'],[],2021,New Hampshire,lower
ocd-bill/49e74c85-f71f-476d-afff-1c9a34d5f663,HB 605,relative to the therapeutic cannabis program.,['bill'],[],2021,New Hampshire,lower
ocd-bill/174a0b72-6bdc-4353-989a-2ec188563315,SB 88,adopting omnibus legislation relative to broadband.,['bill'],[],2021,New Hampshire,upper
ocd-bill/87123ef7-ded4-48a6-b886-37fc38e7eb33,HB 430,repealing the prohibition on entering or remaining on a public way or sidewalk adjacent to a reproductive health care facility.,['bill'],[],2021,New Hampshire,lower
ocd-bill/7f2b2eaf-26d9-47ea-9516-8a7df5a3cef9,SB 66,allowing on-premises licensees to transport beverages and wines for delivery to consumers.,['bill'],[],2021,New Hampshire,upper
ocd-bill/3d5ced3e-1d67-43f3-8f57-919cf373ddb7,HB 161,relative to the calculation of child support.,['bill'],[],2021,New Hampshire,lower
ocd-bill/91534c89-927e-4863-978e-6bbad5e5aa92,HB 611,abolishing fluoridation in water.,['bill'],[],2021,New Hampshire,lower
ocd-bill/e8a1b5ed-d8c3-447e-ba5a-65c36b48d474,HB 169,"establishing a commission to study the removal of unused utility poles following the transition of equipment, lines, and cables to new utility poles.",['bill'],[],2021,New Hampshire,lower
ocd-bill/299389a7-1652-4ee0-abf9-91a60fb5619b,HB 615,reducing the penalty for certain first offense drug possession charges.,['bill'],[],2021,New Hampshire,lower
ocd-bill/51f2cd1a-0d95-42e1-9546-a73e71788721,HB 461,"relative to motorcycle auxiliary lamping, and adding the New Hampshire Motorcyclists' Rights Organization to the traffic safety commission.",['bill'],[],2021,New Hampshire,lower
ocd-bill/7aa80597-dcb3-4c3d-9748-faba55a1219e,HB 309,relative to the computation of renewable energy credits and clarifying certain renewable energy classes.,['bill'],[],2021,New Hampshire,lower
ocd-bill/8bbddf61-5e6e-4ca5-8542-7a5785f8b2bd,HB 416,allowing hobby distillation of liquors.,['bill'],[],2021,New Hampshire,lower
ocd-bill/43da3bf1-c688-4365-ae6f-e7d97d7723ec,SB 58,relative to the administration of occupational regulation by the office of professional licensure and certification.,['bill'],[],2021,New Hampshire,upper
ocd-bill/98027670-8c78-4607-bbb5-8202a2259ca8,HB 550,relative to the nonpayment of rent during the state of emergency.,['bill'],[],2021,New Hampshire,lower
ocd-bill/96526da0-629c-471a-a70c-9dde0a62c2b2,HB 604,expanding the New Hampshire vaccine association to include adult vaccines.,['bill'],[],2021,New Hampshire,lower
ocd-bill/369dd704-3e41-4367-9939-6f7914ef41b4,HB 105,relative to political contributions made by limited liability companies.,['bill'],[],2021,New Hampshire,lower
ocd-bill/61cb8503-4721-4739-80ed-eb13672918a9,HB 312,"relative to deadlines in consumer credit applications, licensing requirements for mortgage loan originators, examinations of family trust companies, delegation by credit union boards to committees, qualifications of the banking commissioner, and authorizing depository banks to elect benefit corporation status.",['bill'],[],2021,New Hampshire,lower
ocd-bill/cb3b39ba-cde1-4647-9a59-c93959e840f0,HB 67,"relative to warrant articles in official ballot town, school district, or village district meetings.",['bill'],[],2021,New Hampshire,lower
ocd-bill/deaa2011-365d-4e3e-a348-536fb6b8682a,HB 280,relative to termination of an emergency order issued by the governor.,['bill'],[],2021,New Hampshire,lower
ocd-bill/2d286638-541a-4d1f-941b-b42c15eccb93,HCR 4,recognizing the authority of states to enact laws protecting the lives of the unborn and calling for a Constitutional Convention to propose a human life amendment to the Constitution.,['concurrent resolution'],[],2021,New Hampshire,lower
ocd-bill/5c78fc18-e421-4bb6-9db8-a2c9c7eb243d,HB 164,"relative to the acquisition, sale, or demolition of municipal land or buildings.",['bill'],[],2021,New Hampshire,lower
ocd-bill/e638983d-8cca-4f88-9123-f39895be96a3,HB 502,establishing a committee to study whether adequate funds are being set aside from the tobacco fund for youth and young adult prevention to help preserve long-term health.,['bill'],[],2021,New Hampshire,lower
ocd-bill/f8b8fd2f-bb55-45c7-8cf8-cd7b19a14105,HB 224,"relative to tinted windows on motor vehicles, relative to civil liability for damage to highways, and relative to employer access to motor vehicle records.",['bill'],[],2021,New Hampshire,lower
ocd-bill/1603e7fc-ca0e-40ed-b7c4-711aa7389335,SB 31,relative to voter checklists and modifying the absentee ballot affidavit.,['bill'],[],2021,New Hampshire,upper
ocd-bill/56449085-39e6-42bb-9a81-a2cdfbbd63ae,HB 627,establishing a value added grant matching fund for New Hampshire agricultural producers.,['bill'],[],2021,New Hampshire,lower
ocd-bill/620ebc97-8e1a-48ec-9228-f27ed193ca38,HB 538,"relative to domicile residency, voter registration, and investigation of voter verification letters, and relative to the terms ""resident,"" ""inhabitant,"" ""residence,"" and ""residency.""",['bill'],[],2021,New Hampshire,lower
ocd-bill/5a35557c-4bae-4aee-a129-57773888740c,CACR 11,relating to powers of the general court.  Providing that the legislature have the power to submit a binding referendum on whether to overturn a decision of a state court that interprets a provision of the state constitution.,['constitutional amendment'],[],2021,New Hampshire,lower
ocd-bill/749e1da2-9cd3-4634-8dac-f1dd07859503,HB 236,creating a statute of limitation on civil actions relative to damage caused by perfluoroalkyl and polyfluoroalkyl substances.,['bill'],[],2021,New Hampshire,lower
ocd-bill/e8529c77-e500-47a0-966f-57895446fbd3,SB 52,relative to municipal charter provisions for tax caps.,['bill'],[],2021,New Hampshire,upper
ocd-bill/5c0af1a9-b6e1-448f-a989-41abe4dabca2,HB 20,"establishing the Richard ""Dick"" Hinch education freedom account program.",['bill'],[],2021,New Hampshire,lower
ocd-bill/3195cd23-947d-4487-8f06-8de32ba3fc25,HB 535,relative to the qualified voter affidavit.,['bill'],[],2021,New Hampshire,lower
ocd-bill/827b44d3-4d41-40dd-91bf-c13b03eb29c0,SB 34,relative to the definition of a controlled drug analog and prohibiting the sale or possession of synthetic urine and urine additives.,['bill'],[],2021,New Hampshire,upper
ocd-bill/f9c40545-b311-4764-b505-3f970d8701d5,HB 273,"relative to the 50th anniversary of the passage of the 26th amendment, granting the right to vote to 18-21 year olds and celebrating youth voting and office holding.",['bill'],[],2021,New Hampshire,lower
ocd-bill/7d173d66-ee10-435d-acca-82a602df1f10,HB 418,relative to supreme court reporting.,['bill'],[],2021,New Hampshire,lower
ocd-bill/2171953e-1d98-4310-8afe-a6be54f7069e,HB 306,relative to revenue estimates while operating under emergency orders caused by the COVID-19 pandemic.,['bill'],[],2021,New Hampshire,lower
ocd-bill/6baeedf1-49c4-40a4-9d69-78850f124b1b,SB 159,establishing the department of children's services and juvenile justice.,['bill'],[],2021,New Hampshire,upper
ocd-bill/5bf65564-0776-4058-acd9-7b1640692ffa,SB 139,relative to bingo dates.,['bill'],[],2021,New Hampshire,upper
ocd-bill/5f2a9b85-5b25-4876-b419-432d4513983a,SR 8,"reaffirming friendship between New Hampshire and Taiwan, encouraging the enhancement of bilateral trade relations, and supporting Taiwan in the international community.",['resolution'],[],2021,New Hampshire,upper
ocd-bill/336ecfe9-9fb8-49a3-aefc-66356c3c9502,HB 299,relative to responsibilities of the insurance department.,['bill'],[],2021,New Hampshire,lower
ocd-bill/f55b4743-2bef-46bb-b70d-a757ed01ac4a,HB 131,relative to reporting of health care associated infections.,['bill'],[],2021,New Hampshire,lower
ocd-bill/963407c7-4352-476a-8955-2bb2ee175f21,HB 394,"establishing a commission to study the short and long term impacts of pending national and regional carbon pricing mechanisms on New Hampshire’s residents, agriculture, wildlife and natural resources-based tourism sector, and commercial enterprises.",['bill'],[],2021,New Hampshire,lower
ocd-bill/83be6c49-2db5-4ff7-9a88-43fdc2d672d6,HB 112,establishing a committee to study the effects of deportation of primary earners on family members who are United States citizens.,['bill'],[],2021,New Hampshire,lower
ocd-bill/d184e75b-50d5-415a-b141-84e2cff6fc13,HB 626,relative to historic horse racing.,['bill'],[],2021,New Hampshire,lower
ocd-bill/68400aa0-84ef-4b90-955e-1e8b987138b0,HB 243,"relative to the form of municipal budgets, relative to municipal estimates of expenditures and revenues, and relative to the requirement that certain governing bodies submit recommendations to the budget committee.",['bill'],[],2021,New Hampshire,lower
ocd-bill/504c2c9f-8082-4145-9f4a-68a8b3806929,SB 62,relative to electronic cigarettes and the disposal of electronic cigarette devices.,['bill'],[],2021,New Hampshire,upper
ocd-bill/f142e030-8010-4586-94e2-ab3b94c2df4f,HB 201,relative to review by the insurance department of coverage for pediatric autoimmune neuropsychiatric disorders.,['bill'],[],2021,New Hampshire,lower
ocd-bill/ec90911c-e6eb-4d73-b7b1-6fe59bdcf553,HB 375,"allowing the destruction of valueless contraband by the chief of police, the chief's designee, the county sheriff, or the sheriff's designee.",['bill'],[],2021,New Hampshire,lower
ocd-bill/8b59d93c-ebc1-445b-bdf4-f4649684af9a,HB 523,requiring a person who registers to vote without any identification to have his or her photo taken before his or her registration to vote is complete.,['bill'],[],2021,New Hampshire,lower
ocd-bill/4826f3c2-ce86-4180-beb2-0655f0d719cd,HB 562,exempting victims of trafficking in persons from participating in children in need of services proceedings.,['bill'],[],2021,New Hampshire,lower
ocd-bill/25373f38-5912-4581-bb20-67d627a001b0,SB 104,"adopting omnibus legislation relative to the classification of state employee positions, reverse auctions, and the organization of the department of administrative services.",['bill'],[],2021,New Hampshire,upper
ocd-bill/293372d2-7c44-44d5-b2eb-88379b576e66,SB 75,relative to school district information on the COVID-19 dashboard maintained by the department of health and human services.,['bill'],[],2021,New Hampshire,upper
ocd-bill/db4275d0-3c66-4407-8e4d-d208bf808ebd,HB 448,establishing a committee to study and compare federal Occupational Safety and Health Act standards with the safety and health standards the New Hampshire department of labor uses for public sector employees.,['bill'],[],2021,New Hampshire,lower
ocd-bill/f47de910-c387-40a0-afa7-ddce37b8e83b,SB 91,adopting omnibus legislation on renewable energy and utilities.,['bill'],[],2021,New Hampshire,upper
ocd-bill/48f60f17-f176-4898-8f13-95f33ba95576,SB 46,relative to the use of electronic poll books by cities and towns.,['bill'],[],2021,New Hampshire,upper
ocd-bill/b2b25372-0485-4376-9df1-08e067b835f5,HB 53,apportioning executive council districts.,['bill'],[],2021,New Hampshire,lower
ocd-bill/7e8ecd38-8fed-4397-ab96-efbc47adbaf5,HB 601,relative to the privacy of personal information retained by a health or social service agency and prohibiting the sharing of such information between such agencies.,['bill'],[],2021,New Hampshire,lower
ocd-bill/840abf6f-3b96-403f-90c9-0572c4d5ebf5,HB 592,requiring bond from pharmaceutical companies providing vaccines.,['bill'],[],2021,New Hampshire,lower
ocd-bill/2b879a36-8ecd-43d3-91bd-d1759495132d,HB 80,relative to expenditures from the energy efficiency fund.,['bill'],[],2021,New Hampshire,lower
ocd-bill/f4937604-5b0e-4672-9e61-c7fa78ab3504,HB 595,making a capital appropriation for the digitization and preservation of certain New Hampshire supreme court records.,['bill'],[],2021,New Hampshire,lower
ocd-bill/30df1dd5-8022-42ec-8d01-3e028a062fc5,HB 254,relative to the placement of minors in secure settings.,['bill'],[],2021,New Hampshire,lower
ocd-bill/b369cb27-5f61-4de8-8303-285b8f04fe77,HB 198,relative to an exception to the opportunity for public education without discrimination.,['bill'],[],2021,New Hampshire,lower
ocd-bill/595c96a9-7928-4a9e-9876-cbfd58325ce7,SB 35,relative to membership in risk pools.,['bill'],[],2021,New Hampshire,upper
ocd-bill/c9f9892b-503e-4752-a384-28cf896a467a,CACR 9,relative to municipal taxes.  Providing that municipalities may not raise property taxes greater than 2 percent per year and no greater than 1 percent per year on disabled citizens or senior citizens.,['constitutional amendment'],[],2021,New Hampshire,lower
ocd-bill/8b13c9b8-9b12-4130-8155-f18c18e9b440,HB 503,codifying the council on housing stability.,['bill'],[],2021,New Hampshire,lower
ocd-bill/1b8ca9e7-af02-4e94-8181-f3b227d82acc,HB 588,relative to building codes for tiny houses.,['bill'],[],2021,New Hampshire,lower
ocd-bill/66f87e37-5aeb-4e8b-a4e9-a53e7132a996,HB 71,relative to school district emergency special meetings.,['bill'],[],2021,New Hampshire,lower
ocd-bill/b75fc26e-527b-4b2e-92a2-a80ed96d4761,HB 270,relative to post-conviction DNA testing.,['bill'],[],2021,New Hampshire,lower
ocd-bill/159758df-412f-4602-ab56-c6b1721ade0f,SB 138,"relative to the definition of an ""investment metal contract"".",['bill'],[],2021,New Hampshire,upper
ocd-bill/e8db6127-0cf1-4e8c-a9bc-f4d9ebd0925f,HB 200,increasing the penalty for certain invasions of privacy.,['bill'],[],2021,New Hampshire,lower
ocd-bill/cc86f94a-70a9-47cb-9486-9f8011d081e7,HB 442,relative to penalties for a school's failure to file department of education reports.,['bill'],[],2021,New Hampshire,lower
ocd-bill/d30d49bd-30ea-47fa-afcf-57c76fd67d06,HB 303,relative to required pay.,['bill'],[],2021,New Hampshire,lower
ocd-bill/b9aa99d3-430f-47c7-96a2-e7c8a0bb6832,HB 113,relative to payment for earned but unused vacation or personal time.,['bill'],[],2021,New Hampshire,lower
ocd-bill/d00bc46e-5c07-4374-8731-507cfc10a2b0,HB 346,relative to the funding source for the domestic violence programs fund.,['bill'],[],2021,New Hampshire,lower
ocd-bill/af08ed65-99d4-45c9-8201-a9fef149b4c4,SB 26,relative to roads within the Woodsville Fire District.,['bill'],[],2021,New Hampshire,upper
ocd-bill/cd819f02-8c66-41f9-bdd9-64be298ded32,HB 444,relative to the board of pharmacy.,['bill'],[],2021,New Hampshire,lower
ocd-bill/f0ab20c6-6e66-4c79-bcb0-60401338c674,HB 403,relative to the sale of alcoholic beverages in refillable containers.,['bill'],[],2021,New Hampshire,lower
ocd-bill/c4be228e-7889-4517-9015-418cdf3aa0c3,HB 589,requiring workers' compensation to cover prophylactic treatment for critical exposure,['bill'],[],2021,New Hampshire,lower
ocd-bill/f527c9a4-d221-44b2-a6f6-7d5a09177320,HB 546,relative to 911 immunity for reporting that a person has been the victim of a violent crime.,['bill'],[],2021,New Hampshire,lower
ocd-bill/df00b848-23b3-4788-8c71-eb7c33975cb9,HB 410,establishing a committee to study the requirements of reporting by utility companies of information required for valuation of certain utility property for purposes of RSA 72.,['bill'],[],2021,New Hampshire,lower
ocd-bill/87fcb6b0-2d0f-48c8-a3b9-3c188d02d094,HB 339,establishing a committee to study air quality in school buildings.,['bill'],[],2021,New Hampshire,lower
ocd-bill/de3754d9-ce4b-45b5-812f-824abc969d0b,HB 275,relative to the governor's power to initiate a state of emergency and various emergency powers.,['bill'],[],2021,New Hampshire,lower
ocd-bill/bc85367d-1a9c-4e00-a58b-d1fbfdabf728,HB 129,prohibiting the installation or use  of electronic tracking software.,['bill'],[],2021,New Hampshire,lower
ocd-bill/9dacd5a5-b9fb-4e50-8510-d2725f8b4b8a,SB 130,relative to education freedom accounts.,['bill'],[],2021,New Hampshire,upper
ocd-bill/7b906f82-2440-476c-91ac-f7fefa9766e5,HB 65,requiring food service establishments to establish food allergy awareness procedures.,['bill'],[],2021,New Hampshire,lower
ocd-bill/c7cdeaf7-74ac-4d67-8ef8-336ed1c6dfc0,SB 61,prohibiting collective bargaining agreements that require employees to join a labor union.,['bill'],[],2021,New Hampshire,upper
ocd-bill/be275ad2-346f-4687-80f7-716d3d6f5fff,SB 69,requiring employers to provide access to a sufficient space for nursing mothers and reasonable break time.,['bill'],[],2021,New Hampshire,upper
ocd-bill/54c9c7b3-bce0-4be0-a097-e257651b6512,SB 48,relative to the formula used to determine current use tax rates.,['bill'],[],2021,New Hampshire,upper
ocd-bill/ba1fbde8-ab30-4263-a077-1bfa83020840,HB 148,allowing increased net energy metering limits for municipal hydroelectric facilities.,['bill'],[],2021,New Hampshire,lower
ocd-bill/aa4777c6-3228-4cac-9400-55c62c5875c7,HB 84,"declaring May 21 as Ona ""Oney"" Judge Day and naming the new terminal at Portsmouth international airport at Pease in her honor.",['bill'],[],2021,New Hampshire,lower
ocd-bill/e74dbb15-a8ad-4e30-b859-ec2c92066f45,HB 308,relative to broadband access to pole attachments.,['bill'],[],2021,New Hampshire,lower
ocd-bill/b2bc13ec-bd98-4587-9965-167ce4792187,HB 165,relative to noncompete agreements for certain mental health professionals.,['bill'],[],2021,New Hampshire,lower
ocd-bill/a3fd1fa8-7e17-4297-ba0c-2c07d881c3ba,HB 333,relative to the sale and distribution of kratom products.,['bill'],[],2021,New Hampshire,lower
ocd-bill/485c972d-5158-489c-851d-f3180656eba8,SB 93,relative to permanency planning under the child protection act.,['bill'],[],2021,New Hampshire,upper
ocd-bill/fffbd6d6-82e8-42e1-b7c1-395e9d33ff86,HB 545,relative to the use of certain out-of-state banks by the state treasurer and municipal and county treasurers or trustees.,['bill'],[],2021,New Hampshire,lower
ocd-bill/ddf51cbc-177a-4cac-9021-fe3776ac2797,HB 82,relative to amending a conservation easement between the state and a landowner.,['bill'],[],2021,New Hampshire,lower
ocd-bill/4bfd8adc-424f-4073-9fa4-dbf94cb573a8,HB 609,relative to innovation schools.,['bill'],[],2021,New Hampshire,lower
ocd-bill/a1a7b59f-6a2a-4456-b746-eb36fcbdfbdb,HB 125,relative to post-arrest photo distribution by law enforcement officers.,['bill'],[],2021,New Hampshire,lower
ocd-bill/578888b8-484d-4a33-b766-1186ecde2087,HB 607,establishing local education savings accounts for students.,['bill'],[],2021,New Hampshire,lower
ocd-bill/aca7357a-d5b3-431f-a855-92f0b6bc0bd9,SB 100,establishing legislative committees to study charitable gaming and to study building a pier over the jetty at Hampton Beach state park for disability access,['bill'],[],2021,New Hampshire,upper
ocd-bill/751c4306-7464-4bb5-97ab-873b331dee3f,HB 525,relative to the seizure of personal computers and other electronic devices in child sexual assault cases.,['bill'],[],2021,New Hampshire,lower
ocd-bill/d3346026-bafc-4e91-90aa-aa0da8ce4559,HB 139,relative to the submission of evidence in divorce proceedings.,['bill'],[],2021,New Hampshire,lower
ocd-bill/9063772c-11f7-4b40-a18f-18b32e1be896,CACR 6,relating to the retirement age of judges. Providing that the retirement age of judges be increased.,['constitutional amendment'],[],2021,New Hampshire,lower
ocd-bill/41afe862-c31b-40f6-8e47-a013b1799177,HB 401,relative to the duty of school superintendents regarding criminal history records checks.,['bill'],[],2021,New Hampshire,lower
ocd-bill/52ee657b-76de-41ad-84c6-b2d8ecd050e1,SB 51,relative to the sale of lobster meat.,['bill'],[],2021,New Hampshire,upper
ocd-bill/c422d899-936a-434a-8a1a-22fb039fecf3,HB 406,relative to the ability of the public to observe the processing and counting of absentee ballots.,['bill'],[],2021,New Hampshire,lower
ocd-bill/cabc5964-9727-46c9-8ba3-66d76c925cf8,HB 424,establishing a commission to study ways to reduce texting while driving.,['bill'],[],2021,New Hampshire,lower
ocd-bill/91c2eedf-ccc1-4adb-921f-9191c72946e1,HB 51,apportioning state senate districts.,['bill'],[],2021,New Hampshire,lower
ocd-bill/fb52ba46-9d4c-4c0b-af86-f7de1086a3f4,HB 257,prohibiting political advocacy in public schools,['bill'],[],2021,New Hampshire,lower
ocd-bill/0c1be5a0-b764-4df9-9f18-6adb7f0d96fb,HB 64,relative to renewable generation facility property subject to a voluntary payment in lieu of taxes agreement.,['bill'],[],2021,New Hampshire,lower
ocd-bill/685ba32f-deb7-4ba1-b456-8162a3e1ae44,HB 558,establishing a committee to study the use of information technology in the legislative process.,['bill'],[],2021,New Hampshire,lower
ocd-bill/70112494-b6c7-4afd-b68d-da48aff47d5e,HB 379,relative to electronic notice.,['bill'],[],2021,New Hampshire,lower
ocd-bill/06de2b2e-22ce-4ea2-8b99-2ebd2baed04f,HB 237,relative to the legalization and regulation of cannabis and making appropriations therefor.,['bill'],[],2021,New Hampshire,lower
ocd-bill/f79ba077-621b-480d-8db7-d3ff0270ea3b,CACR 8,"relating to firearms.  Providing that the legislature make no law restricting  the right to own, carry, or use firearms or firearm accessories.",['constitutional amendment'],[],2021,New Hampshire,lower
ocd-bill/4a84b6b7-6912-4862-9d4c-99c67e540ddd,HB 91,relative to death benefits of first responders who die from suicide.,['bill'],[],2021,New Hampshire,lower
ocd-bill/76044201-1123-4f7c-bcca-477990a56aac,HB 629,relative to the home cultivation of cannabis plants and the possession of certain cannabis-infused products.,['bill'],[],2021,New Hampshire,lower
ocd-bill/e809125d-8183-47c5-9139-ac2774b9fd53,HB 519,relative to technical changes in the laws administered by the insurance department.,['bill'],[],2021,New Hampshire,lower
ocd-bill/37c94552-bb8c-4051-b1e4-62de771ebcb0,SB 41,relative to police disciplinary hearings.,['bill'],[],2021,New Hampshire,upper
ocd-bill/3c24d6db-e26f-4bfa-86ab-83d8295fc236,HB 81,relative to the justified use of deadly force upon another person.,['bill'],[],2021,New Hampshire,lower
ocd-bill/712a0ec2-9d59-4b7d-8746-6d581f1b55bd,HB 409,relative to filling certain vacancies among members of school boards and other school district offices.,['bill'],[],2021,New Hampshire,lower
ocd-bill/aa33fd0a-755c-4fd0-a5ce-d43e1fcb1b4d,HB 89,adding qualifying medical conditions to the therapeutic use of cannabis law.,['bill'],[],2021,New Hampshire,lower
ocd-bill/e8c81bc0-9d5f-4e33-9fc1-eb155bb8d3c2,HB 343,relative to billing for ambulance services.,['bill'],[],2021,New Hampshire,lower
ocd-bill/81d15aca-2c7c-462c-b1cb-bab3693a7072,HB 317,relative to the treatment of veterans' disability benefits for purposes of determining child support.,['bill'],[],2021,New Hampshire,lower
ocd-bill/9ffaf7e0-5b21-408a-a187-db87abae2ffc,HB 111,establishing a cause of action against the state to protect individual rights.,['bill'],[],2021,New Hampshire,lower
ocd-bill/4787d4e2-cf9e-439d-9717-2deae47bbccf,SB 148,"adopting omnibus legislation relative to vocational and career education, environmental education, and emergency plans for sports injuries.",['bill'],[],2021,New Hampshire,upper
ocd-bill/197dd7de-5b10-456a-a347-b0eaf918e329,HB 218,repealing RSA 320 relative to hawkers and peddlers and RSA 321 relative to itinerant vendors.,['bill'],[],2021,New Hampshire,lower
ocd-bill/60ac93c1-f02d-43e0-aeb6-4b887d93e883,HB 380,relative to the election of Grafton county commissioners.,['bill'],[],2021,New Hampshire,lower
ocd-bill/88d332e4-4163-4c1b-b8c2-8cb697ea1b7f,HB 602,relative to reimbursements for telemedicine.,['bill'],[],2021,New Hampshire,lower
ocd-bill/2444d628-3d76-494c-a968-7b87586be05a,HB 439,relative to the powers of city councils.,['bill'],[],2021,New Hampshire,lower
ocd-bill/5dfd5f4a-c2e1-4bc8-81a3-78f94773d693,HB 489,prohibiting certain political contributions.,['bill'],[],2021,New Hampshire,lower
ocd-bill/96cd0b09-be62-46b4-9f7e-9e2be5c1d134,HB 304,establishing a committee to study the funding of tuition and transportation for career technical education.,['bill'],[],2021,New Hampshire,lower
ocd-bill/a1400c55-1ae8-4627-b7cf-bc3c63d5bd35,HB 376,establishing a committee to study applications of microgrids in electricity supply.,['bill'],[],2021,New Hampshire,lower
ocd-bill/28958804-f397-43f6-a474-9fc2601b92f1,SB 15,relative to ratification of amendments to the state building code and state fire code.,['bill'],[],2021,New Hampshire,upper
ocd-bill/44cc813a-0ec8-46c3-ad10-4024a1c30201,HB 473,establishing a renter's insurance notification requirement.,['bill'],[],2021,New Hampshire,lower
ocd-bill/653d7756-7f54-48a7-b7da-a52740ab7385,CACR 1,taxes.  Providing that an income tax on earned personal income shall be prohibited.,['constitutional amendment'],[],2021,New Hampshire,lower
ocd-bill/d5ae5144-7be6-4afa-bc5b-4cdac3d92536,SB 25,relative to charity gaming licenses.,['bill'],[],2021,New Hampshire,upper
ocd-bill/290be7bc-696c-4150-b701-93747e96382f,HB 515,relative to confidentiality for reporting possibly medically unfit drivers.,['bill'],[],2021,New Hampshire,lower
ocd-bill/5980605f-ffdf-4b3a-85c4-7b2dacd00627,SB 106,adopting omnibus legislation relative to codes.,['bill'],[],2021,New Hampshire,upper
ocd-bill/0612e02e-7f74-4db4-9cd1-5a5002f5113f,HB 514,relative to ballot column rotation.,['bill'],[],2021,New Hampshire,lower
ocd-bill/b38f4e4d-9ec9-4385-b854-c3114bd3bc46,SB 160,relative to multiple employer welfare arrangements.,['bill'],[],2021,New Hampshire,upper
ocd-bill/fa4cd4cb-7b5e-4f24-b571-f969e83c8c22,HB 536,"relative to death benefits for public works employees killed in the line of duty, and relative to workers' compensation offsets for certain retirement system benefits.",['bill'],[],2021,New Hampshire,lower
ocd-bill/34b64649-bf9d-42fa-be08-146cda67b223,HB 167,relative to net energy metering limits for customer generators and the purchase of output of limited electrical energy producers.,['bill'],[],2021,New Hampshire,lower
ocd-bill/b87fca1e-5d5e-4f6b-8f21-e0368a43b0d7,HB 534,relative to municipal control of certain frozen water bodies.,['bill'],[],2021,New Hampshire,lower
ocd-bill/766a5e69-55b6-4365-8993-4164a2d17e1b,HB 455,relative to the ability of a parent to enroll a child in the public school of their choice.,['bill'],[],2021,New Hampshire,lower
ocd-bill/c1d6621d-9bc6-472b-a91a-73411c2b571c,HB 385,relative to workers' compensation for heart and lung disease in firefighters.,['bill'],[],2021,New Hampshire,lower
ocd-bill/3da37e29-27c0-4622-9a13-a2390f70dfda,HB 338,relative to penalties for dog theft and tampering with a dog's radio collar.,['bill'],[],2021,New Hampshire,lower
ocd-bill/fbea8ca7-d229-4fac-a0fc-1e001cae5486,SB 135,relative to the calculation of the cost of an opportunity for an adequate education,['bill'],[],2021,New Hampshire,upper
ocd-bill/d0642ec2-5055-4a7d-a45d-2da0858f0e66,HB 222,relative to official cover plates.,['bill'],[],2021,New Hampshire,lower
ocd-bill/0d6de359-f8b2-419b-b8c0-83089b17a8e7,HB 188,relative to appointment of counsel in juvenile court proceedings.,['bill'],[],2021,New Hampshire,lower
ocd-bill/4713c6b8-f755-4068-8edc-ccd291c394fc,HB 478,relative to treatment of PFAS contaminants in the drinking water of the Merrimack Village Water District.,['bill'],[],2021,New Hampshire,lower
ocd-bill/624c5b0b-f676-42fb-96db-2dcbf5aad0dd,HB 586,relative to training and procedures for zoning and planning boards and relative to financial investments and incentives for affordable housing development.,['bill'],[],2021,New Hampshire,lower
ocd-bill/2e504616-951a-4bfb-a8d1-4885043048ad,HB 425,establishing technical committees and a cybersecurity  advisory committee in the department of information technology,['bill'],[],2021,New Hampshire,lower
ocd-bill/278b53e2-659f-4703-b2ff-6e4bb122fe13,HB 621,allowing registers of deeds to retain a portion of the land and community heritage investment program surcharge.,['bill'],[],2021,New Hampshire,lower
ocd-bill/7d0335e0-b28d-40fd-aff0-81dbc73965c3,HB 580,requiring the approval of the governor before the New Hampshire National Guard can be deployed overseas.,['bill'],[],2021,New Hampshire,lower
ocd-bill/80c54f09-1ae4-4102-8646-8a67c464dc53,HB 332,relative to deadlines for consideration of developments of regional impact by planning boards.,['bill'],[],2021,New Hampshire,lower
ocd-bill/f0040e0d-9a73-48be-85cc-e1824461d92f,HB 215,permitting school districts to contract with independent schools and private schools.,['bill'],[],2021,New Hampshire,lower
ocd-bill/38fab496-da74-4ee7-bd4c-317bf0e9b93d,HB 133,creating a cause of action for censorship by social media websites.,['bill'],[],2021,New Hampshire,lower
ocd-bill/fdc796f4-d624-4489-be2c-70bff57c0ca5,SB 78,"relative to continually appropriating the renewable energy fund to the public utilities commission, and relative to clarifying certain electric renewable energy classification",['bill'],[],2021,New Hampshire,upper
ocd-bill/ecee189f-a235-4bf2-9004-bd99a468da4e,HB 342,relative to the taking of game by certain lever-action firearms and relative to the number of rounds permitted in a firearm used to take deer.,['bill'],[],2021,New Hampshire,lower
ocd-bill/be7cf782-cd81-4fbf-a96a-2a6824c2d1f4,SB 81,adopting omnibus legislation on chartered public schools.,['bill'],[],2021,New Hampshire,upper
ocd-bill/529bffb9-50d2-4a59-a147-0abcaef5b1c0,SB 18,permitting tastings by liquor manufacturers at farmers markets.,['bill'],[],2021,New Hampshire,upper
ocd-bill/7da34f99-d62a-4cbb-95c1-1cfd21b9bdab,HB 334,relative to prohibitions on carrying a loaded firearm on an OHRV or snowmobile and relative to the procedure for conducting firearm background checks.,['bill'],[],2021,New Hampshire,lower
ocd-bill/0064dbd9-31fb-429f-a870-3ca0546446df,HB 302,relative to the creation and use of electronic records by government agencies.,['bill'],[],2021,New Hampshire,lower
ocd-bill/dad2fec9-bf75-49a9-b275-f030192295d0,HB 549,relative to the energy efficiency resource standard and the system benefits charge.,['bill'],[],2021,New Hampshire,lower
ocd-bill/da283cab-e352-4015-a3ad-46fdd7be359e,SB 59,relative to the collaborative care model service delivery method.,['bill'],[],2021,New Hampshire,upper
ocd-bill/0d85f796-01b4-47ca-8673-d8deb1317102,HB 400,relative to the collection of sales taxes of foreign jurisdictions by New Hampshire businesses.,['bill'],[],2021,New Hampshire,lower
ocd-bill/0c5e0ee8-94fd-4c5c-a60e-a5566233fde3,HB 511,relative to the penalties for possession of certain controlled drugs.,['bill'],[],2021,New Hampshire,lower
ocd-bill/d23b8d16-da2f-44ef-8258-0c5036555e8b,HB 213,relative to the elimination of useful thermal energy from renewable energy classes.,['bill'],[],2021,New Hampshire,lower
ocd-bill/ce474055-c163-421c-940e-00bc8ad4289f,HB 584,relative to guilt by association and defamation by media outlets.,['bill'],[],2021,New Hampshire,lower
ocd-bill/40ea680f-c44b-4511-97cf-f07455071170,HB 370,relative to the election of electors of the president and vice-president of the United States.,['bill'],[],2021,New Hampshire,lower
ocd-bill/65f16b4f-b49b-466d-ad00-050a3c56c68b,HB 496,relative to license plate covers.,['bill'],[],2021,New Hampshire,lower
ocd-bill/e8de4d60-c57b-4e7b-8d32-a61014bd4420,HB 286,"establishing a committee to study the response of law enforcement and the criminal justice system to homelessness in New Hampshire,",['bill'],[],2021,New Hampshire,lower
ocd-bill/5ebe6860-5245-42e4-ad58-be34964d052b,HB 451,relative to organizations authorized to issue decals for multi-use decal number plates and relative to gold star family decals for motor vehicles.,['bill'],[],2021,New Hampshire,lower
ocd-bill/6606ac12-5f0d-414e-8c61-69409c7a38a2,HB 548,relative to the role of a guardian ad litem in cases where domestic violence is suspected or alleged.,['bill'],[],2021,New Hampshire,lower
ocd-bill/fa69f70d-748f-4410-8fec-a1b6accfebea,HB 387,relative to rabies vaccinations for dogs.,['bill'],[],2021,New Hampshire,lower
ocd-bill/ab751af4-cfd4-4d66-9b52-c1f1c233318b,SB 54,relative to the absentee ballot application form.,['bill'],[],2021,New Hampshire,upper
ocd-bill/f974931b-93c3-480d-80a9-b1b992d2b9af,HB 417,relative to the powers of the governor during a declared state of emergency.,['bill'],[],2021,New Hampshire,lower
ocd-bill/20eff7ed-c2d2-4cfc-8240-2478603a09f3,HB 232,relative to nonpublic sessions under the right to know law.,['bill'],[],2021,New Hampshire,lower
ocd-bill/e17967d4-f5e4-4261-9051-f9b68a9fbdf4,SB 150,establishing a dental benefit under the state Medicaid program.,['bill'],[],2021,New Hampshire,upper
ocd-bill/44afbbe2-9777-463c-a927-1f389843438d,SB 56,relative to reports by trustees of charitable trusts.,['bill'],[],2021,New Hampshire,upper
ocd-bill/edeb01b7-c94e-451a-b763-802c72034f21,HB 384,prohibiting the sharing of location data.,['bill'],[],2021,New Hampshire,lower
ocd-bill/75d0c89d-7df7-457b-bb1e-c93e9b41b763,HB 311,establishing a committee to study rail trail best management practices.,['bill'],[],2021,New Hampshire,lower
ocd-bill/b1b4640a-9979-41bc-978a-cc1e7ab28d3d,HB 288,eliminating the housing appeals board.,['bill'],[],2021,New Hampshire,lower
ocd-bill/c61b5bd1-dffe-4c7c-8205-6a53045045ba,HB 241,relative to trout.,['bill'],[],2021,New Hampshire,lower
ocd-bill/512bc673-3e83-4695-a1b3-4c1466e4cc07,SB 55,relative to project labor agreements in government contracts.,['bill'],[],2021,New Hampshire,upper
ocd-bill/b175f1c0-8885-493e-b34a-40d0431e9c6f,HR 12,honoring the New Hampshire National Guard.,['resolution'],[],2021,New Hampshire,lower
ocd-bill/e166a86d-0339-436c-8e2d-35fbafb7ccac,CACR 7,relating to the governor.  Providing that there be a lieutenant governor who shall assume the duties of the governor if the governor is incapacitated.,['constitutional amendment'],[],2021,New Hampshire,lower
ocd-bill/e61c7488-6f46-4f77-ae05-083cba5df3df,HB 368,relative to claims for medical monitoring.,['bill'],[],2021,New Hampshire,lower
ocd-bill/db054109-5a51-4daf-939f-4891658b1016,CACR 2,taxes.  Providing that any broad-based sales tax shall be prohibited.,['constitutional amendment'],[],2021,New Hampshire,lower
ocd-bill/f8ba5349-7fbf-4853-a0e4-ebf51d1a7d2e,HB 362,relative to domicile of students for voting purposes.,['bill'],[],2021,New Hampshire,lower
ocd-bill/7940c0e2-2625-449c-b525-02023e2d5bae,HB 402,relative to takings of property in a declared emergency.,['bill'],[],2021,New Hampshire,lower
ocd-bill/a16ff147-60e1-47cb-a4ac-d0920b7cc1cb,HB 495,relative to restraining orders issued in a parenting case.,['bill'],[],2021,New Hampshire,lower
ocd-bill/c415ccbc-db7f-4918-acde-fecb023832d9,HB 377,relative to the authority of the state fire marshal to grant an exemption from fire code requirements to recovery houses.,['bill'],[],2021,New Hampshire,lower
ocd-bill/d89d2fc6-f326-4b48-90b2-acc70e9d1eb2,HB 247,relative to treatment alternatives to opioids.,['bill'],[],2021,New Hampshire,lower
ocd-bill/b5331a5f-f8fc-4756-bfe7-cc8f60fc07df,HB 95,relative to milk pasteurization.,['bill'],[],2021,New Hampshire,lower
ocd-bill/602dd30b-8049-4854-b357-5ca471efdfc6,HB 266,relative to enforcement of immigration laws and the prohibition of sanctuary policies.,['bill'],[],2021,New Hampshire,lower
ocd-bill/c736ec83-63f8-466a-bac2-4529c380e7fd,HB 191,relative to prior authorizations and patient transfers under managed care group health insurance policies.,['bill'],[],2021,New Hampshire,lower
ocd-bill/7038603d-89c4-4530-b136-72f440930a10,SB 21,relative to the Pease development authority board of directors.,['bill'],[],2021,New Hampshire,upper
ocd-bill/cd2566b4-7447-4631-a4e5-7aeabc1e1cdf,SB 92,"relative to increasing the penalty for criminal mischief, the release of a defendant pending trial, and requiring law enforcement candidate background checks.",['bill'],[],2021,New Hampshire,upper
ocd-bill/7fcc4eab-18a5-41f9-b5d8-3a5e70bade1d,HB 411,"establishing a commission to study the equalization rate used for the calculation of a property tax abatement by the New Hampshire board of tax and land appeals, the superior court, and all cities, towns, and counties.",['bill'],[],2021,New Hampshire,lower
ocd-bill/6b564a2a-2bb5-4901-88da-da94dae2c14a,HB 212,relative to drug courts and alternative drug offender grant programs.,['bill'],[],2021,New Hampshire,lower
ocd-bill/7ec86c03-4234-4a8a-bed0-4f9c40a78415,HB 220,relative to medical freedom in immunizations and establishing a committee to examine the policy of medical intervention including immunizations.,['bill'],[],2021,New Hampshire,lower
ocd-bill/a3049f21-cd67-41e2-8115-3ec394558711,SB 47,"modifying the absentee voter registration process, absentee ballot application, and absentee ballot voting process.",['bill'],[],2021,New Hampshire,upper
ocd-bill/3855d69a-61a9-4e64-951b-74c3188db42e,HCR 5,"supporting democracy and human rights in Hungary, Poland, and Hong Kong and supporting democracy in Taiwan.",['concurrent resolution'],[],2021,New Hampshire,lower
ocd-bill/4780ca9d-b6a9-4f27-8218-e193b1ac7405,SB 158,relative to the formula for funding an adequate education.,['bill'],[],2021,New Hampshire,upper
ocd-bill/94ff0760-a304-474f-a422-1896d54a3d8c,HB 216,relative to public notice of and access to meetings under the right to know law.,['bill'],[],2021,New Hampshire,lower
ocd-bill/3cabde13-9825-4905-9f9c-5c0f70b10c1e,HB 54,apportioning county commissioner districts.,['bill'],[],2021,New Hampshire,lower
ocd-bill/cda772bb-e30a-458f-91bc-ac3d14006ed0,HB 367,relative to animal health certificates and quarantine requirements for animals imported into the state.,['bill'],[],2021,New Hampshire,lower
ocd-bill/0ca4b57a-4f70-4f8b-8225-c094e242a0e6,SB 89,adopting omnibus legislation relative to election procedures.,['bill'],[],2021,New Hampshire,upper
ocd-bill/982df970-67e3-4a9e-a1a7-41fadcf40ffe,SB 101,increasing the minimum gross business income required for filing a business profits tax return.,['bill'],[],2021,New Hampshire,upper
ocd-bill/52900e40-bfa5-4c81-b321-92ffdd53eacf,HB 383,relative to the quarterly or semi-annual collection of taxes in certain municipalities.,['bill'],[],2021,New Hampshire,lower
ocd-bill/858ead5a-88c5-4b7b-86bb-15eefd576a9a,HB 506,relative to equal access to places of public accommodation.,['bill'],[],2021,New Hampshire,lower
ocd-bill/588d8ec0-dbe9-4c1d-a058-d8cd4d38bcf5,HB 543,establishing a commission to study nuclear power and nuclear reactor technology in New Hampshire.,['bill'],[],2021,New Hampshire,lower
ocd-bill/1c81cfca-74b9-4654-be11-7c03a7e85683,HB 454,relative to the requirement that certain governing bodies submit recommendations to the budget committee.,['bill'],[],2021,New Hampshire,lower
ocd-bill/1de1d180-6005-426d-b2ff-1928fa613140,HB 582,"relative to prescriptions for the treatment of attention deficit disorder, attention deficit disorder with hyperactivity, or narcolepsy.",['bill'],[],2021,New Hampshire,lower
ocd-bill/271a35d8-dd80-48dd-95b6-934e5a205424,HB 571,repealing the prohibition against OHRV travel on Hoit Road Marsh.,['bill'],[],2021,New Hampshire,lower
ocd-bill/e1d52220-62a0-4f51-8987-dc58fac2f616,HB 104,establishing a committee to study the feasibility of personal rapid transit systems and unconventional public transit methods.,['bill'],[],2021,New Hampshire,lower
ocd-bill/1858f03a-118f-455b-87b9-5909aa8b8114,HB 476,"relative to election officers at additional polling place and relative to legalizing, ratifying, and confirming all actions, votes, and proceedings of the annual meeting of the town of Middleton.",['bill'],[],2021,New Hampshire,lower
ocd-bill/edee10c6-5f85-472d-afd2-6a9e4b8fd865,HB 423,establishing a commission to study the implementation of enhanced automation of traffic lights.,['bill'],[],2021,New Hampshire,lower
ocd-bill/2f608af8-92a8-4a37-9ebe-5b9b37f77140,SB 73,establishing a green building standards initiative as part of the low or moderate income housing loan program and making an appropriation therefor; and establishing a commission to study green housing and utility source options.,['bill'],[],2021,New Hampshire,upper
ocd-bill/96e35c0f-bd57-488c-99ce-e81e9c80d690,HB 219,repealing RSA 332-J regarding athlete agents.,['bill'],[],2021,New Hampshire,lower
ocd-bill/4260c213-b954-47cf-935b-7ca84d0f0fdf,HB 532,creating an animal records database.,['bill'],[],2021,New Hampshire,lower
ocd-bill/0df1389f-dcf1-43dc-a67f-ae461e4185cb,HB 250,relative to pet vendors.,['bill'],[],2021,New Hampshire,lower
ocd-bill/9b8db186-386d-4213-9a76-04ef4d6c8678,SB 126,adopting omnibus legislation on landlord tenant proceedings.,['bill'],[],2021,New Hampshire,upper
ocd-bill/3ae28f74-fee6-4996-b0e5-6ec1dad6d374,HB 331,relative to a forfeiture of personal property.,['bill'],[],2021,New Hampshire,lower
ocd-bill/e6d4feac-4a42-4fa5-bd4e-f250a7d4c736,HB 467,relative to current use tax rate eligibility.,['bill'],[],2021,New Hampshire,lower
ocd-bill/b86ebd94-6ba9-47fe-b1bc-ad024579ad6f,HB 50,apportioning state representative districts.,['bill'],[],2021,New Hampshire,lower
ocd-bill/d1e34b6a-fdf0-45be-881f-5c3707219e88,SB 33,relative to Native American name restoration.,['bill'],[],2021,New Hampshire,upper
ocd-bill/91af5492-dfe9-498c-901d-d53b87aa13ea,HB 205,relative to incarceration under a suspended sentence.,['bill'],[],2021,New Hampshire,lower
ocd-bill/c03cc9fb-4c59-4519-ad4b-9ab97df66fcb,HB 179,relative to enhanced penalties based on prior convictions for driving under the influence of drugs or liquor.,['bill'],[],2021,New Hampshire,lower
ocd-bill/dbc5732e-904a-46d2-8d13-f27f98e96f03,HB 452,precluding the secretary of state from running for another office while serving as secretary of state.,['bill'],[],2021,New Hampshire,lower
ocd-bill/5e4f00df-8a8a-4c2e-a3e6-cc1040521919,HB 521,relative to the chartered public school annual grant for leased space.,['bill'],[],2021,New Hampshire,lower
ocd-bill/6355c188-f390-4b60-94b1-9d546c28db4f,HB 608,relative to the formula for determining funding for an adequate education.,['bill'],[],2021,New Hampshire,lower
ocd-bill/e2c7c8a8-c41d-4f28-a8e3-024d5917da13,HB 599,relative to the therapeutic cannabis medical oversight board.,['bill'],[],2021,New Hampshire,lower
ocd-bill/14d9a478-06df-45d2-8821-7b14ec8b5bcc,HB 361,relative to gold star family decals for motor vehicles.,['bill'],[],2021,New Hampshire,lower
ocd-bill/bd86c89d-c052-45a8-a9c4-2de27ae727c2,HB 421,relative to organ donation on a driver's license.,['bill'],[],2021,New Hampshire,lower
ocd-bill/961ec20f-ed76-4274-adb9-d3e48360484b,HB 487,establishing an information technology supply chain risk authority.,['bill'],[],2021,New Hampshire,lower
ocd-bill/7c5616f7-8eef-4879-bbe9-c017f1521339,HB 234,relative to freedom of speech and association on college campuses.,['bill'],[],2021,New Hampshire,lower
ocd-bill/fbff9e3e-1d86-41b1-a5e6-2899b7d12a40,HB 619,designating police and fire dispatchers as group II members of the retirement system.,['bill'],[],2021,New Hampshire,lower
ocd-bill/56ec3003-e0a0-4097-9047-ac90884cf482,HB 119,relative to legislative approval of the New Hampshire general court for increases in the systems benefit charge.,['bill'],[],2021,New Hampshire,lower
ocd-bill/6ede07c8-1461-41f4-9605-46b1303aaa41,SB 77,relative to fees for the services of sheriffs and deputy sheriffs.,['bill'],[],2021,New Hampshire,upper
ocd-bill/da54b4ee-da66-4987-83ae-b0be00322578,HB 480,relative to verification of ballots cast in an election.,['bill'],[],2021,New Hampshire,lower
ocd-bill/50704bba-1f6b-4f88-b25d-940345971e8b,SB 103,relative to nexus provisions for certain disaster-related or emergency-related work performed in the state.,['bill'],[],2021,New Hampshire,upper
ocd-bill/4e845018-9b3a-4fc6-81ee-015835735aa3,HB 108,relative to minutes and decisions in nonpublic sessions; an exemption for items falling within the attorney-client privilege or the attorney work product doctrine under the right-to-know law; and remote access to public meetings under the right-to-know law.,['bill'],[],2021,New Hampshire,lower
ocd-bill/09b6b21e-4bdb-4af8-a2ac-42d89466e59f,HB 285,relative to verification of voter checklists.,['bill'],[],2021,New Hampshire,lower
ocd-bill/8d72d7f5-93b5-494d-8801-aff934d94f87,HB 126,relative to notice of execution of tax lien to mortgagees.,['bill'],[],2021,New Hampshire,lower
ocd-bill/813d0fc0-c726-4fb0-9078-72ab3c3d85b2,HB 431,relative to the responsibilities of an elected animal control officer.,['bill'],[],2021,New Hampshire,lower
ocd-bill/e09d191d-4b7c-4fdd-b16f-42c1ebf77920,SB 71,establishing a commission to develop science-based emissions reduction goals for the state of New Hampshire.,['bill'],[],2021,New Hampshire,upper
ocd-bill/54a8612b-9add-4489-ba6c-4f4680d331bd,HB 614,exempting the state and political subdivisions from payment of the costs of compliance with the renewable portfolio standard.,['bill'],[],2021,New Hampshire,lower
ocd-bill/4783aabb-04e7-4947-b8ea-c03f1dc54614,CACR 5,New Hampshire general court.  Providing that the provision for compensation of legislators is removed.,['constitutional amendment'],[],2021,New Hampshire,lower
ocd-bill/d725087e-b00b-4da3-ad48-ab3eba189136,HB 327,requiring that voters show identification when personally delivering absentee ballots to town and city clerks.,['bill'],[],2021,New Hampshire,lower
ocd-bill/092ef6b2-a7c5-476d-81e3-21d387dc7f95,SB 2,allowing the preprocessing of absentee ballots for certain 2021 elections and allowing for the postponement of annual town meetings in calendar year 2021 where concerns exist during the COVID-19 health emergency.,['bill'],[],2021,New Hampshire,upper
ocd-bill/7e7cbadb-f45c-489e-941c-41726b6f80c2,HB 398,making an appropriation to the department of environmental services for funding eligible wastewater projects.,['bill'],[],2021,New Hampshire,lower
ocd-bill/a4d5bcff-f33c-4f21-ad6c-22596c9a0474,HB 319,requiring students in the university and community college systems of New Hampshire to pass the United States Citizenship and Immigration Services civics naturalization test.,['bill'],[],2021,New Hampshire,lower
ocd-bill/a19d4794-3ea6-4998-a172-309a28377c62,HB 408,relative to employment restrictions for registered sex offenders.,['bill'],[],2021,New Hampshire,lower
