id,identifier,title,classification,subject,session_identifier,jurisdiction,organization_classification
ocd-bill/09a5a1d4-edc8-4d63-89b7-59edfd2551ff,SB 452,relative to lead in drinking water in schools and licensed child care facilities.,['bill'],[],2022,New Hampshire,upper
ocd-bill/9f67149b-09b6-45fd-b45f-c0a80fbbdaa8,HB 1213,relative to legal holidays.,['bill'],[],2022,New Hampshire,lower
ocd-bill/8a405871-3581-445c-ab67-9de33e691ef5,HB 1543,relative to the voter registration process.,['bill'],[],2022,New Hampshire,lower
ocd-bill/f4000c63-2b96-46bb-ad97-3ec7a81bb7ef,SB 437,relative to the additional municipal fee for transportation improvements.,['bill'],[],2022,New Hampshire,upper
ocd-bill/b8e6939a-50a7-47f7-bd6f-e7ab624630a1,HB 1499,relative to chartered public school eligibility for state school building aid.,['bill'],[],2022,New Hampshire,lower
ocd-bill/34e9e49d-4a6e-4dd7-baf4-09909eca7cb6,HB 1247,relative to folded ballots.,['bill'],[],2022,New Hampshire,lower
ocd-bill/914a6eb8-4594-4a47-a8af-7b116e56b945,HB 1035,relative to exemptions from school vaccine mandates.,['bill'],[],2022,New Hampshire,lower
ocd-bill/368cc64a-c646-4096-a333-8bb076b2ccf7,SB 359,requiring the commissioner of the department of administrative services to conduct an inventory of all state real estate.,['bill'],[],2022,New Hampshire,upper
ocd-bill/21f12676-8d0c-480a-a690-668f397c4c2c,HB 1114,relative to education service providers under the education freedom account program.,['bill'],[],2022,New Hampshire,lower
ocd-bill/0b36b53a-82a9-4ff8-8ea1-47fa629a991d,SB 258,relative to the graves of African Americans alive during the period of American enslavement.,['bill'],[],2022,New Hampshire,upper
ocd-bill/059822ad-1618-436b-b2ce-ea219cbf927d,HB 1285,relative to the multi-use energy data platform.,['bill'],[],2022,New Hampshire,lower
ocd-bill/3d58015a-34e0-4ad8-aeb7-52805dcdb501,HR 23,Supporting the New Hampshire Presidential Primary”,['resolution'],[],2022,New Hampshire,lower
ocd-bill/c363b780-9ebd-4fc2-9315-31362bfdf4a8,HB 1333,"relative to the definition of a ""way"" for the purposes of driving under the influence of drugs or liquor and administrative license suspensions.",['bill'],[],2022,New Hampshire,lower
ocd-bill/a6c74421-fadb-4cac-b51f-d4adc12e889e,HB 1431,establishing the parental bill of rights.,['bill'],[],2022,New Hampshire,lower
ocd-bill/3cd1cac5-90ec-46d4-936b-749eb6f544de,HB 1459,relative to recycling solar panels.,['bill'],[],2022,New Hampshire,lower
ocd-bill/fff66fee-185b-4968-aad2-39f530c2a544,HB 1331,relative to power line maintenance and construction.,['bill'],[],2022,New Hampshire,lower
ocd-bill/34d79c26-e4ea-4988-9be7-d64dd636c6a5,SB 398,relative to the advisory committee to study the state building and fire codes.,['bill'],[],2022,New Hampshire,upper
ocd-bill/3e99f2bb-39a2-42dc-b708-ae6260399200,SB 458,relative to the Sununu youth services center and operation of a replacement secure facility.,['bill'],[],2022,New Hampshire,upper
ocd-bill/ca996c03-4907-4286-8ada-0371357561f1,SB 427,"modifying the absentee voter registration process, absentee ballot application, and absentee ballot voting process.",['bill'],[],2022,New Hampshire,upper
ocd-bill/19528337-b65e-414e-9a2a-3243907d2c5b,HB 1048,relative to minimum nonforfeiture amounts under the standard nonforfeiture law for individual deferred annuities.,['bill'],[],2022,New Hampshire,lower
ocd-bill/63728da5-fff0-4741-bdac-4e34820fb77b,SB 280,relative to meetings of the state health assessment and health improvement plan advisory council and the therapeutic cannabis medical oversight board.,['bill'],[],2022,New Hampshire,upper
ocd-bill/90a007ec-638f-448f-91a4-0b02b6b1b0b1,SB 286,establishing an association health plan pilot program.,['bill'],[],2022,New Hampshire,upper
ocd-bill/fc3cf704-615a-4cfe-b23b-f5558f9f51c9,HB 1594,relative to assistance to certain students with disabilities in registering to vote.,['bill'],[],2022,New Hampshire,lower
ocd-bill/2b43c632-d4db-4c88-9df1-c2db67cfdd2f,SB 406,relative to driver's license reciprocity.,['bill'],[],2022,New Hampshire,upper
ocd-bill/f0281b6f-058c-4a3f-b68b-b758b803cfdd,SB 367,relative to the regulatory status of advanced recycling and manufacturing facilities.,['bill'],[],2022,New Hampshire,upper
ocd-bill/d659a1ea-2b53-4eed-9118-7fb605b7474f,HB 1496,requiring political subdivisions to make voter checklists available in electronic form to any resident.,['bill'],[],2022,New Hampshire,lower
ocd-bill/66cbb159-af74-4231-83fb-e2ec5dfe1392,SB 416,relative to behavioral health assessment and treatment for children in out-of-home placements.,['bill'],[],2022,New Hampshire,upper
ocd-bill/650a5df8-e179-4c37-a616-2c465bf3869a,SB 418,relative to verification of voter affidavits.,['bill'],[],2022,New Hampshire,upper
ocd-bill/e420bf9d-670e-421e-97cc-b514f4752452,HB 1622,relative to notice that a health care provider is no longer accepting new patients and relative to mental health parity.,['bill'],[],2022,New Hampshire,lower
ocd-bill/ebd2fc2c-2a77-4d14-b623-005173308f1e,HB 1438,relative to the use of a mooring by person other than the permit holder.,['bill'],[],2022,New Hampshire,lower
ocd-bill/1afb93b6-2364-4580-adf1-f83ef553ddc7,HB 1532,permitting a dam to be constructed on Big Pea Porridge Pond.,['bill'],[],2022,New Hampshire,lower
ocd-bill/861c291e-a59e-4642-b6a6-bf055a5229d8,HB 1509,relative to termination of the FRM victims' contribution recovery fund.,['bill'],[],2022,New Hampshire,lower
ocd-bill/54d9c11a-42e3-47f7-ba4b-65ab37e7f06e,HB 1432,prohibiting the use of state funds for a certain passenger rail project.,['bill'],[],2022,New Hampshire,lower
ocd-bill/1d61fc1c-d633-4eb0-9868-deeb97283fec,HB 1382,relative to the presumption of shared parenting in the determination of parental rights and responsibilities.,['bill'],[],2022,New Hampshire,lower
ocd-bill/f0ba6b0d-2a8f-458b-864e-3c309bcc35a0,HR 20,Honoring the Citizens of Ukraine.,['resolution'],[],2022,New Hampshire,lower
ocd-bill/d5b43cb4-a514-4fe0-bf62-88084aaab344,HB 1043,establishing a committee to study regulations applicable to small businesses that sell food.,['bill'],[],2022,New Hampshire,lower
ocd-bill/4e9e9e02-a58f-4cf9-8c1b-2be69f4d45e9,HB 1329,relative to alternative programs for credit leading to high school graduation.,['bill'],[],2022,New Hampshire,lower
ocd-bill/a9e7b40a-cf6c-44e0-a27a-ea84971ccbe0,HB 1274,establishing a committee to study the solid waste practices of state agencies.,['bill'],[],2022,New Hampshire,lower
ocd-bill/13476416-8531-4ff8-acd3-f5a17a43804a,HB 1422,requiring warning labels on consumer products containing perfluorinated chemicals.,['bill'],[],2022,New Hampshire,lower
ocd-bill/b634ecba-7955-4a56-812e-0162d1ee940f,HB 1383,relative to electronic copies of absentee ballot lists.,['bill'],[],2022,New Hampshire,lower
ocd-bill/93871e61-a48c-4b2a-925f-51c8e1f36e76,HB 1245,relative to copayments for services rendered by a chiropractor.,['bill'],[],2022,New Hampshire,lower
ocd-bill/75368692-6bed-4f4d-b4d1-09bb3bff82ff,HB 1059,clarifying limits on licensure by operation of law.,['bill'],[],2022,New Hampshire,lower
ocd-bill/08c3ed8e-41d9-434e-a391-f1646ac5188d,HB 1162,"relative to requiring insurance coverage for vaccinations, devices, and medications authorized for emergency use by the United States Food and Drug Administration.",['bill'],[],2022,New Hampshire,lower
ocd-bill/b0f8ff9d-cf8f-4be4-8260-b09211a9e772,SB 378,relative to the disposal of highway or turnpike funded real estate.,['bill'],[],2022,New Hampshire,upper
ocd-bill/f545581f-3078-4528-a830-a8dd65a2624f,SB 296,relative to complaint procedures in cases before the commission for human rights.,['bill'],[],2022,New Hampshire,upper
ocd-bill/33939f23-5a7f-49b3-ae6d-c528f203cfb8,HB 227,relative to termination of tenancy at the expiration of the tenancy or lease term.,['bill'],[],2022,New Hampshire,lower
ocd-bill/e799f9eb-24e0-41a5-8b5a-5294457329a5,HB 362,relative to domicile of students for voting purposes.,['bill'],[],2022,New Hampshire,lower
ocd-bill/e9f1f0de-7d2b-4dfa-92db-12aa18541436,HB 254,relative to the placement of minors in secure settings.,['bill'],[],2022,New Hampshire,lower
ocd-bill/f80980ef-044a-414e-9436-b32d24fe1c4a,HB 335,requiring bottled drinking water sold to the public to meet the same maximum contaminant levels established for public drinking water.,['bill'],[],2022,New Hampshire,lower
ocd-bill/8c49129e-391c-4da7-8f41-2105d317114d,HB 218,repealing RSA 320 relative to hawkers and peddlers and RSA 321 relative to itinerant vendors.,['bill'],[],2022,New Hampshire,lower
ocd-bill/08caccdc-0516-4501-9fcd-52db9d28db4a,HB 197,relative to the use of deadly force in defense of another.,['bill'],[],2022,New Hampshire,lower
ocd-bill/391c39ea-55a1-4660-9e39-6c520b8f6c75,HB 400,relative to the collection of sales taxes of foreign jurisdictions by New Hampshire businesses.,['bill'],[],2022,New Hampshire,lower
ocd-bill/28888665-e010-4894-8700-8e8abf2389ba,HB 598,relative to the portion of a minimum sentence to be served to be eligible for parole.,['bill'],[],2022,New Hampshire,lower
ocd-bill/0b34d73d-3fc9-4ced-b553-382036576a47,HB 382,establishing a commission to study the utility rate structure of demand charges.,['bill'],[],2022,New Hampshire,lower
ocd-bill/59583d1c-ecff-4977-8c82-6ee22c77743a,HB 52,apportioning congressional districts.,['bill'],[],2022,New Hampshire,lower
ocd-bill/952a580d-f177-4acc-8312-8f817785c9b5,HB 504,relative to the state education property tax and the low and moderate income homeowners property tax relief program.,['bill'],[],2022,New Hampshire,lower
ocd-bill/8a2b76ec-9066-4aee-a2f5-5868d794325a,HB 457,relative to the meetings of the legislative youth advisory council.,['bill'],[],2022,New Hampshire,lower
ocd-bill/9c52e40f-ea5c-4256-bb65-f15aeb8ffd4f,HB 472,relative to retroactive denials of previously paid claims.,['bill'],[],2022,New Hampshire,lower
ocd-bill/d1c5e85f-e3ae-4a67-9bd0-4dc3ecf345c0,HB 535,relative to the qualified voter affidavit.,['bill'],[],2022,New Hampshire,lower
ocd-bill/894d8642-b544-46b7-a1bb-cc085edbd6c0,HR 24,memoralizing Mary Griffin.,['resolution'],[],2022,New Hampshire,lower
ocd-bill/a75579ac-e1d7-4b0c-966c-84ef2935ddbb,HB 514,relative to ballot column rotation.,['bill'],[],2022,New Hampshire,lower
ocd-bill/d4ce70cb-a7c0-469c-9919-0220e6c268de,HB 1255,relative to teachers' loyalty.,['bill'],[],2022,New Hampshire,lower
ocd-bill/8f72db03-3107-4806-913a-8ec4fa2f703c,SB 419,establishing a commission to study the delivery of public health services in New Hampshire through regional public health networks.,['bill'],[],2022,New Hampshire,upper
ocd-bill/afb782e7-b5be-4621-9cde-9eace36796bb,SB 284,relative to the treatment of glaucoma.,['bill'],[],2022,New Hampshire,upper
ocd-bill/5e170fcc-e759-4a18-8831-b6f585cf4f47,SB 456,establishing a law enforcement conduct review committee in the police standards and training council and making an appropriation therefor.,['bill'],[],2022,New Hampshire,upper
ocd-bill/e1ad9d75-7b8a-44dc-a457-82453a1dc9b3,SB 411,"relative to critical incident stress management for emergency services providers, and establishing a violent act injury disability retirement for public safety employees.",['bill'],[],2022,New Hampshire,upper
ocd-bill/c5462cb0-76bc-4a4c-900b-d9c3a426d0fb,SB 262,relative to customer generators of electric energy.,['bill'],[],2022,New Hampshire,upper
ocd-bill/3e6f935f-5611-4201-af91-1a15b8e24551,HB 1073,modifying attorney exemptions under RSA 91-A.,['bill'],[],2022,New Hampshire,lower
ocd-bill/2ff4cd13-0bc1-4409-b8ac-4e8e524a6858,CACR 21,relating to registers of probate. Providing that eliminating the office of register of probate and all references to such office.,['constitutional amendment'],[],2022,New Hampshire,lower
ocd-bill/5aab8158-9534-4d6e-9c10-f47a169fc652,SB 409,relative to disaster relief loans.,['bill'],[],2022,New Hampshire,upper
ocd-bill/df4c4045-b4d5-4473-8f4a-744c0890ba42,SB 443,relative to municipal authority regarding the state building code.,['bill'],[],2022,New Hampshire,upper
ocd-bill/0db84586-584e-4e44-a51d-267c5234a2ca,SB 339,relative to meetings of boards and commissions in the department of safety.,['bill'],[],2022,New Hampshire,upper
ocd-bill/dbe8cb7b-f616-45d3-8b18-972439cafc84,SB 439,relative to the brain and spinal cord injury advisory council and community-based support program.,['bill'],[],2022,New Hampshire,upper
ocd-bill/198d0ac7-c9d1-45f2-b4f9-514e4b3c0f8e,HB 1544,prohibiting the placement of construction and demolition debris in landfills.,['bill'],[],2022,New Hampshire,lower
ocd-bill/5e3db56e-2f44-48c3-a692-70fe8d9bd887,HB 1008,establishing a commission to study the structure and election calendar of New Hampshire municipal government.,['bill'],[],2022,New Hampshire,lower
ocd-bill/866349b4-8e15-4e46-bbe4-86d2b638f669,HB 1237,relative to the definition of cigar bar.,['bill'],[],2022,New Hampshire,lower
ocd-bill/ba3e7eb6-31ac-49fa-933f-01a34e5aaaa6,HB 1546,enabling the commissioner of the department of environmental services to adopt rules relative to airborne PFAS in certain circumstances.,['bill'],[],2022,New Hampshire,lower
ocd-bill/6d86da5a-6d9e-4f53-85ee-7205e3ac8f26,HB 1165,repealing the Granite State paid family leave plan.,['bill'],[],2022,New Hampshire,lower
ocd-bill/701cad82-3b00-4ae6-bb05-6d836d8946a3,HB 1442,relative to access to election and voter information.,['bill'],[],2022,New Hampshire,lower
ocd-bill/f94fbeb0-618d-48df-8ae7-ee368cee14a3,SB 268,relative to the approval of power purchase agreements for offshore wind energy resources from the Gulf of Maine.,['bill'],[],2022,New Hampshire,upper
ocd-bill/6b5d3cef-25c7-45cc-92a4-ad19c44004a1,HB 1120,relative to education service providers under the education freedom accounts program.,['bill'],[],2022,New Hampshire,lower
ocd-bill/0f888a5b-1a76-41d5-9427-852b4762adb2,HB 1303,relative to causes for absolute divorce.,['bill'],[],2022,New Hampshire,lower
ocd-bill/03bd45e5-3193-426f-a478-a151a713d8d8,HB 1587,relative to determination of average final compensation under the retirement system and making an appropriation therefor.,['bill'],[],2022,New Hampshire,lower
ocd-bill/53a2298e-1d53-4760-baaa-4f8e4e1fc9b8,HB 1186,relative to companion animals during a declared state of emergency.,['bill'],[],2022,New Hampshire,lower
ocd-bill/3da4b241-28f0-4c5f-bde5-1390dd4e2825,HB 1164,revising the agriculture in the classroom committee.,['bill'],[],2022,New Hampshire,lower
ocd-bill/9bd33bb5-8ce0-43b0-9be2-a413a3ab763d,HB 1134,establishing a commission to study proper labeling and disposal of disposable wipes.,['bill'],[],2022,New Hampshire,lower
ocd-bill/2a2d3aee-d8ec-476c-9e03-c103d25e7004,SB 282,relative to the board of acupuncture licensing and relative to the qualifications for licensure as an acupuncturist.,['bill'],[],2022,New Hampshire,upper
ocd-bill/83dde117-6be9-4ca3-852c-cd1f4e3f87e7,HB 1539,relative to the removal of certain information from the New Hampshire state police website.,['bill'],[],2022,New Hampshire,lower
ocd-bill/56f7d895-ee87-41a8-a22f-b982bd273663,HB 1322,modifying the governmental records exempted from RSA 91-A.,['bill'],[],2022,New Hampshire,lower
ocd-bill/2004cb51-9673-461c-b702-fc5164a42d62,HB 1603,defining certain school information as governmental records under the right to know law.,['bill'],[],2022,New Hampshire,lower
ocd-bill/e18c115c-d337-485c-b6b4-989bb2c34b3e,HB 1485,relative to direct recall elections.,['bill'],[],2022,New Hampshire,lower
ocd-bill/5c060264-1635-4d6b-b697-804ae614d0ac,HB 1666,relative to the application process for driver's licenses and the privacy of motor vehicle records.,['bill'],[],2022,New Hampshire,lower
ocd-bill/00f60f71-4cf9-4bed-b0fb-e4729bcabc72,HB 1161,relative to ethics obligations of elected local and county officials.,['bill'],[],2022,New Hampshire,lower
ocd-bill/048e1045-e97c-496e-914d-7f217e298552,HB 1660,relative to school lunches and establishing the meals for students fund.,['bill'],[],2022,New Hampshire,lower
ocd-bill/4fa2bf84-855c-418a-81fc-116dc24ce58b,HB 1078,relative to budget procedures of the Gunstock Area Commission.,['bill'],[],2022,New Hampshire,lower
ocd-bill/212035b2-39a1-491e-a1ea-2d25d84a7587,HB 1455,relative to state enforcement of federal vaccination mandates.,['bill'],[],2022,New Hampshire,lower
ocd-bill/c1e7a30c-de1d-49be-a344-5c659a20be0d,CACR 23,the New Hampshire constitution. Providing that all references to persons in the New Hampshire constitution be gender-neutral.,['constitutional amendment'],[],2022,New Hampshire,lower
ocd-bill/ed500c8f-451c-439e-87e8-2282eb80987a,HB 1015,relative to school district policies regarding objectionable material.,['bill'],[],2022,New Hampshire,lower
ocd-bill/2f51f4a7-64fd-484f-b976-e2d1fe9cb0bd,HB 1066,requiring the commissioner of the department of environmental services to prepare a plan relative to cyanobacterial blooms in New Hampshire.,['bill'],[],2022,New Hampshire,lower
ocd-bill/97fcb105-aadf-4b9a-a662-f6d55ac58fbe,SB 235,relative to the authority to offer multiple education instruction options.,['bill'],[],2022,New Hampshire,upper
ocd-bill/1c4caef0-0fc1-4365-897a-3033e89e75bd,HB 1049,establishing a committee to study landfill siting criteria and methods for reducing pressure on landfill capacity.,['bill'],[],2022,New Hampshire,lower
ocd-bill/6b268951-6dcd-4f2d-9034-70251f19215e,HB 1530,establishing curricular transfer pathways between the community college system of New Hampshire and the university system of New Hampshire.,['bill'],[],2022,New Hampshire,lower
ocd-bill/13a9a7af-b36b-4c73-8495-cf29b9e31f8f,HB 1588,relative to students attending public schools that mandate the wearing of face masks without an emergency order in place.,['bill'],[],2022,New Hampshire,lower
ocd-bill/58a56a5a-b159-4d41-9e89-befadfa90783,HB 1076,relative to illegal productivity quotas.,['bill'],[],2022,New Hampshire,lower
ocd-bill/a267ad22-7de3-4eea-9008-cd84ccb916e7,HB 1460,relative to minimum age requirements for certain occupational licenses.,['bill'],[],2022,New Hampshire,lower
ocd-bill/2c48f12a-cdf2-419d-a600-a98df6246d6e,HB 1436,relative to appeals of family court decisions.,['bill'],[],2022,New Hampshire,lower
ocd-bill/fd7d2fa8-0687-4e83-8cab-714a55bed273,SB 395,establishing the wireless development initiative and the wireless deployment grant fund.,['bill'],[],2022,New Hampshire,upper
ocd-bill/28b9e0c8-52f1-4b0b-bcdd-afa2879f3645,HB 1506,establishing a revolving clean energy accelerator fund in the department of energy.,['bill'],[],2022,New Hampshire,lower
ocd-bill/488417ff-ca24-429e-9103-6d0c40249425,SB 347,relative to the use of protected health information by employers.,['bill'],[],2022,New Hampshire,upper
ocd-bill/0f52f238-fcbe-4b6d-8f94-615315904a9d,SB 342,relative to the minutes of nonpublic sessions under the right to know law.,['bill'],[],2022,New Hampshire,upper
ocd-bill/80d77cc7-9a6f-44e1-8b5c-23fb47c1b1a2,HB 1351,prohibiting certain employers from requiring a COVID-19 vaccination as a condition of employment.,['bill'],[],2022,New Hampshire,lower
ocd-bill/1d905bef-675d-45da-9841-831861288228,HB 1443,proclaiming the first Monday of March as COVID-19 Victims and Survivors Memorial Day.,['bill'],[],2022,New Hampshire,lower
ocd-bill/90f7e379-0f30-4367-b616-23212c4a57c2,HB 1190,relative to rulemaking by the state board of education for compliance with federal provisions.,['bill'],[],2022,New Hampshire,lower
ocd-bill/74c1f854-4133-4fc6-a0d4-a22795c36d2f,HB 1023,relative to regulation of athlete agents.,['bill'],[],2022,New Hampshire,lower
ocd-bill/78d69787-b810-4090-8d26-efb7742e4e23,HB 1511,relative to submitting officially authorized recordings of hearings for appeal of family court decisions.,['bill'],[],2022,New Hampshire,lower
ocd-bill/e62e893e-9fb0-44a5-a569-86c18e2565a3,HB 1031,prohibiting law enforcement from encrypting public frequencies.,['bill'],[],2022,New Hampshire,lower
ocd-bill/a2329cbc-1b82-4abd-a89d-6b4666bd7de4,SB 431,relative to child support in cases with equal or approximately equal parenting schedules.,['bill'],[],2022,New Hampshire,upper
ocd-bill/d2d8d9b5-bd0a-4a2e-ba33-f5eda25f5054,HB 1068,relative to building codes for tiny houses.,['bill'],[],2022,New Hampshire,lower
ocd-bill/571eecd0-c554-4cdc-b2c4-dcf165eaa035,HB 1323,relative to hike safe cards.,['bill'],[],2022,New Hampshire,lower
ocd-bill/25f8ef1d-3872-4756-b9c2-afceb4bc364e,HB 1340,"relative to the definition of ""domestic violence"" and relative to criminal convictions for domestic violence.",['bill'],[],2022,New Hampshire,lower
ocd-bill/3d847863-f2bf-4579-b13a-cbbe486c0b11,HB 1332,excepting public universities and colleges from requirements under medical freedom in immunizations.,['bill'],[],2022,New Hampshire,lower
ocd-bill/2b8cf2a5-b46e-4fc7-b938-879f15939ebb,SB 323,permitting state trade associations to purchase health insurance offered by their peer national trade associations.,['bill'],[],2022,New Hampshire,upper
ocd-bill/3569d8da-c391-40a6-8afd-353aba96a2bb,SB 404,establishing a supplemental nutrition assistance program.,['bill'],[],2022,New Hampshire,upper
ocd-bill/7017fa1a-61ef-493b-9811-9c66981c58a6,CACR 19,relating to paper ballots. Providing that all elections shall be conducted through paper ballots.,['constitutional amendment'],[],2022,New Hampshire,lower
ocd-bill/2bb6bbeb-3494-4cbd-b91f-880f07259b50,HB 1243,relative to alternative transportation of students for public schools.,['bill'],[],2022,New Hampshire,lower
ocd-bill/f59d271b-f568-4f11-8bef-4bbbde087477,HB 1040,establishing a commission to study revenue alternatives to the road toll for the funding of improvements to the state's highways and bridges and their resulting improvements to the environment.,['bill'],[],2022,New Hampshire,lower
ocd-bill/ca001f3d-8630-4023-bbc8-5475b5cd3256,HB 1115,relative to record of educational attainment under the educational freedom account program.,['bill'],[],2022,New Hampshire,lower
ocd-bill/2b9558ab-b04b-4211-bd8b-6aac16c57736,HB 1412,"relative to gardening, homesteading, and organic food production.",['bill'],[],2022,New Hampshire,lower
ocd-bill/9cbcf597-31c7-4d63-8413-4bfe15669955,HB 1184,authorizing the establishment of revolving funds.,['bill'],[],2022,New Hampshire,lower
ocd-bill/6b08e9e9-27ae-447e-9a30-c7b049faf28b,HB 1433,relative to penalties for poisoning dogs.,['bill'],[],2022,New Hampshire,lower
ocd-bill/66269b64-ce8a-42fd-a960-28e614b3874d,SB 442,relative to the suspension of a vehicle registration as a result of evading toll collection systems.,['bill'],[],2022,New Hampshire,upper
ocd-bill/981accc4-b4f1-4fd5-b34d-6d7579f6b579,HB 1294,requiring the commission on demographic trends to consider data on race and ethnicity for the purpose of increasing racial and ethnic diversity in New Hampshire.,['bill'],[],2022,New Hampshire,lower
ocd-bill/888f1653-141d-4cf9-8cac-39fe29dd437b,HB 1188,establishing a commission to study OHRV use in the state and clarifying certain towing statutes.,['bill'],[],2022,New Hampshire,lower
ocd-bill/829ff0cb-6237-49dd-bd5d-558b61ca6875,HB 1152,relative to verification of eligible students under the education freedom account program.,['bill'],[],2022,New Hampshire,lower
ocd-bill/5b8d25e0-4312-4f0c-ba69-3b1c6a222ffb,SB 321,relative to the purchase of output of limited electrical energy producers in intrastate commerce and including qualifying storage systems.,['bill'],[],2022,New Hampshire,upper
ocd-bill/e8633b0a-bb44-4467-830e-abaf02891bfc,HB 1538,requiring prevailing wages on state-funded public works projects.,['bill'],[],2022,New Hampshire,lower
ocd-bill/271e95d5-1603-4afb-84e0-833f7b95509b,HB 1022,permitting pharmacists to dispense the drug Ivermectin by means of a standing order and establishing a commission to study the use of Ivermectin to treat Covid-19.,['bill'],[],2022,New Hampshire,lower
ocd-bill/0d816e4b-25c4-47a9-8333-06db5bfbcdd7,HB 1051,"relative to state board of education rules for credit for alternative, extended learning, and work-based programs.",['bill'],[],2022,New Hampshire,lower
ocd-bill/bb6d0cab-64f6-45cc-81d9-93c53edd2ad6,HB 1522,requiring the use of ballots with embedded security and relative to chain of custody of absentee ballots.,['bill'],[],2022,New Hampshire,lower
ocd-bill/7894d540-143e-4f50-bd2b-476da757a502,HB 1581,relative to the use of open source software by state agencies.,['bill'],[],2022,New Hampshire,lower
ocd-bill/862f5b9c-2338-4346-92ef-4e876add3f6e,SB 357,relative to mental health training for first responders.,['bill'],[],2022,New Hampshire,upper
ocd-bill/66886b19-9275-4056-9c7f-6dd467e50e61,HB 1267,relative to municipal authority for road and sidewalk closure.,['bill'],[],2022,New Hampshire,lower
ocd-bill/da7302ac-9aab-40fc-94ad-48b21aa1583f,SB 358,relative to the joint legislative committee on administrative rules.,['bill'],[],2022,New Hampshire,upper
ocd-bill/604f624b-3203-4487-ab78-071926fe054f,HB 1203,relative to voter registration and verification of voter identity.,['bill'],[],2022,New Hampshire,lower
ocd-bill/67cb4e62-27f2-4706-b0ba-75ea5f855dc4,HB 1411,relative to transparency of federal agency operations within New Hampshire.,['bill'],[],2022,New Hampshire,lower
ocd-bill/b2657bdd-3b8c-42ec-b5a8-bde27aba9e19,SB 405,relative to fines and penalties for election law violations and relative to consequences resulting from election official misconduct.,['bill'],[],2022,New Hampshire,upper
ocd-bill/0256fc18-b8cd-4e11-a99d-a33670e4977b,HB 1004,relative to penalties for failure to provide information after an animal injury.,['bill'],[],2022,New Hampshire,lower
ocd-bill/27906849-96e4-4a9e-84ab-3eb998cc9ba1,HB 1454,relative to permits for the siting of new landfills.,['bill'],[],2022,New Hampshire,lower
ocd-bill/f34acefa-6439-49e5-8481-5b0914ad1380,HB 1684,limiting education freedom account funding to budgeted amounts.,['bill'],[],2022,New Hampshire,lower
ocd-bill/9be65524-f7d2-4675-beb3-a8e2351bfabc,HB 1006,relative to disclosures required prior to solicitations made on behalf of law enforcement agencies.,['bill'],[],2022,New Hampshire,lower
ocd-bill/2154a5b0-2f12-419a-a5a4-b5923c735c3e,HB 1439,relative to health care facility visitation policies.,['bill'],[],2022,New Hampshire,lower
ocd-bill/9c5cd431-a060-45b2-8477-06e7c17906ab,SB 417,establishing an electric school bus pilot program.,['bill'],[],2022,New Hampshire,upper
ocd-bill/b4ffb29c-52d7-47d8-9bbc-ca6ba5d822fd,SB 408,directing the department of health and human services to make adjustments to the facility fee reimbursement schedule for freestanding birthing centers.,['bill'],[],2022,New Hampshire,upper
ocd-bill/cc9a6341-ac5c-43a0-ab9d-251767be7538,HB 1607,prohibiting unlawful discrimination in public and nonpublic schools.,['bill'],[],2022,New Hampshire,lower
ocd-bill/70273f74-9abb-46a8-a90e-815f552e9ba4,HB 1293,"relative to the design of sewage or waste disposal systems for a person's own domicile, and relative to water well and sewage or waste disposal systems.",['bill'],[],2022,New Hampshire,lower
ocd-bill/6bdf8043-4369-4a3e-bb88-be490b2cf817,HB 1210,relative to exemptions from vaccine mandates.,['bill'],[],2022,New Hampshire,lower
ocd-bill/341b9a96-84f0-4a78-872e-35a5b06ccc6f,CACR 29,relating to the general court. Providing that the number of representatives be no more than 150 and the number of senators be no more than 35.,['constitutional amendment'],[],2022,New Hampshire,lower
ocd-bill/cf368689-034f-42b5-93d4-6cfe8fbd4fe1,HB 1466,relative to the off-label use of prescription drugs and relative to pharmacy prescriptions.,['bill'],[],2022,New Hampshire,lower
ocd-bill/6918d66e-9800-4664-815a-44baba483145,SB 206,relative to consumer guaranty contracts.,['bill'],[],2022,New Hampshire,upper
ocd-bill/d5048339-6dd1-41da-b6a1-a0d8d0816aa7,HB 1299,relative to the process for the importation of wildlife and creating an appeal process for denials of permits.,['bill'],[],2022,New Hampshire,lower
ocd-bill/ac2e8c20-d385-42a1-b42b-8ca5de525764,HB 104,establishing a committee to study the feasibility of personal rapid transit systems and unconventional public transit methods.,['bill'],[],2022,New Hampshire,lower
ocd-bill/711d3b44-1791-490f-9abd-64492eb2f6ce,HB 1195,relative to public comment periods at school district meetings and meetings of the state board of education.,['bill'],[],2022,New Hampshire,lower
ocd-bill/f210f0be-c7ac-468a-9c6b-a2168b60a29e,HB 359,creating a private cause of action for discrimination based on hairstyles relative to a person's ethnicity.,['bill'],[],2022,New Hampshire,lower
ocd-bill/7a9576ef-28c1-48ca-88c3-95d59f75bcb5,HB 1327,including diabetes in the conditions listed for eligibility for a service animal.,['bill'],[],2022,New Hampshire,lower
ocd-bill/826e52b9-4b97-4972-9b1e-c1a023f69158,HB 118,relative to the fish and game commission.,['bill'],[],2022,New Hampshire,lower
ocd-bill/00388caf-5bee-43f0-aacc-2ea93e125907,HB 1206,relative to the source of funding for appointment of counsel or other services for indigent persons.,['bill'],[],2022,New Hampshire,lower
ocd-bill/0bb3199f-c58e-49cb-b114-63dd40e34e9d,SB 242,relative to the disqualification of certain persons from performing the duties of an election official.,['bill'],[],2022,New Hampshire,upper
ocd-bill/3649e454-6ec7-4c78-a73a-240992067e34,HB 1018,relative to the board of medical imaging and radiation therapy.,['bill'],[],2022,New Hampshire,lower
ocd-bill/451a7042-c759-483a-ac36-2eabf23857d4,HB 1253,relative to the choice of counselor to evaluate a child in family court proceedings.,['bill'],[],2022,New Hampshire,lower
ocd-bill/80596a06-73d3-4431-bf08-0fbf80e273f7,HB 1481,repealing the statute relative to medical freedom in immunizations.,['bill'],[],2022,New Hampshire,lower
ocd-bill/e79fc0d6-37f5-48ad-b61c-12c0e2933db4,HB 1407,including the promotion of affordable housing under the land and community heritage investment program.,['bill'],[],2022,New Hampshire,lower
ocd-bill/0d79af37-76a5-4b12-aadb-0c0613885f6e,HB 1514,relative to an employee's unused earned time.,['bill'],[],2022,New Hampshire,lower
ocd-bill/0ea452fa-de0a-4747-94d4-977bb80da90c,SB 224,recognizing the second Thursday in October as children's environmental health day.,['bill'],[],2022,New Hampshire,upper
ocd-bill/ea1ffb12-29a6-4500-a0b9-106ef48835f3,HB 1260,making immunization status a protected class.,['bill'],[],2022,New Hampshire,lower
ocd-bill/f86db520-e583-4a1b-b5a3-e8ea78fc46b2,HB 1681,relative to the state building code and the state fire code.,['bill'],[],2022,New Hampshire,lower
ocd-bill/e97e7aa5-20ca-4934-964a-3594bdc8e9fe,HB 1495,prohibiting the state from requiring businesses to require vaccine or documentation related to vaccination or immunity status.,['bill'],[],2022,New Hampshire,lower
ocd-bill/77292b30-5b6a-46e7-bf05-084d6cbed323,HB 1563,requiring state employees to be enrolled in the deferred compensation plan.,['bill'],[],2022,New Hampshire,lower
ocd-bill/5dc6d91f-fced-49a0-beaa-4bbcbd25689c,HB 1605,requiring SAUs to maintain a report on the 5-year projection of future enrollments.,['bill'],[],2022,New Hampshire,lower
ocd-bill/a8b8f245-55fa-4810-91b1-88eacd38dc28,SB 330,"establishing a committee to study and make recommendations relative to the office of professional licensure and certification and the licensure of professions under boards, councils, and commissions within the office and relative to the expiration of terms of the board of foresters members.",['bill'],[],2022,New Hampshire,upper
ocd-bill/d27eb93c-531d-4cb7-bccb-c27688631ef5,HB 1108,relative to the prescribed manner of posting land.,['bill'],[],2022,New Hampshire,lower
ocd-bill/1f98ea3f-cb71-4e2a-a310-2a8cbe5cc06d,HB 1408,requiring the refund of residential tenancy application fees.,['bill'],[],2022,New Hampshire,lower
ocd-bill/4968034c-4bf0-4977-95fd-e00a5789dad9,HB 1547,relative to per fluorinated chemical remediation in soil and procedures for certain hazardous waste generators.,['bill'],[],2022,New Hampshire,lower
ocd-bill/5c3b0862-368a-4527-9713-f4dd60e384b1,HB 1513,relative to the definition of a child with a disability under special education laws and providing funding for special education costs for students over age 21 until their 22nd birthday.,['bill'],[],2022,New Hampshire,lower
ocd-bill/35955f91-fe69-426d-8e09-4ddd26120b28,SB 208,relative to life insurance.,['bill'],[],2022,New Hampshire,upper
ocd-bill/5d967777-1c52-40d8-9fd3-00df76059831,HB 1423,"relative to campaign contributions and expenditures, and making an appropriation therefor.",['bill'],[],2022,New Hampshire,lower
ocd-bill/78f4f49e-3e9f-4e70-b64d-7c0a5d7e2af0,HB 1410,relative to causes of action involving private business entity policies requiring employees or customers to receive medical treatment.,['bill'],[],2022,New Hampshire,lower
ocd-bill/0e121f12-ee61-4023-8d14-86c775f97226,HB 1231,relative to failure to make payment of compensation.,['bill'],[],2022,New Hampshire,lower
ocd-bill/3cfa9076-bf4f-425f-9f08-117a0eda7829,SB 212,relative to liquor manufacturers.,['bill'],[],2022,New Hampshire,upper
ocd-bill/9264042a-50c0-4a1d-a9b1-16e5a8a62c0f,HB 1617,relative to housing projects of the community development finance authority and establishing a committee to prevent state subsidies for housing development that is not income-sensitive.,['bill'],[],2022,New Hampshire,lower
ocd-bill/3c42d96d-c366-4772-9ab3-732c6dc8bfc6,HB 1673,relative to certain provisions of the fetal life protection act requiring an ultrasound examination.,['bill'],[],2022,New Hampshire,lower
ocd-bill/32ed1c76-ba3b-4455-ac84-0aae621e44f8,SB 249,prohibiting planning and zoning ordinances that prohibit short-term rentals.,['bill'],[],2022,New Hampshire,upper
ocd-bill/a53f1cab-31f4-4da7-819d-8119603466e4,HCR 2,terminating the state of emergency declared by the governor due to the Novel Coronavirus (COVID-19).,['concurrent resolution'],[],2022,New Hampshire,lower
ocd-bill/11d5bd61-f143-4459-a2b4-64f8c02a159d,HB 1623,relative to cost of living adjustments for foster parents.,['bill'],[],2022,New Hampshire,lower
ocd-bill/76a9682f-12dd-4aff-8952-21d0125c6653,CACR 33,relating to recall elections.  Providing that the general court may authorize recall elections.,['constitutional amendment'],[],2022,New Hampshire,lower
ocd-bill/c5e0624d-69c7-412c-8b0f-888c33e81624,HB 1012,relative to notice for the cutting of trees by utilities.,['bill'],[],2022,New Hampshire,lower
ocd-bill/b0ed1fab-2408-4f4e-a437-c94acbed2567,HB 1556,relative to on-premise and off-premise sales at a beverage manufacturer's facility.,['bill'],[],2022,New Hampshire,lower
ocd-bill/3cbf3bd1-d9b1-4f53-9a43-b2911f939d3f,HB 1602,relative to perfluorinated chemicals in drinking water.,['bill'],[],2022,New Hampshire,lower
ocd-bill/a129c458-baeb-4d1c-95b9-3affed491253,HB 1062,relative to the duties of the electrology advisory committee.,['bill'],[],2022,New Hampshire,lower
ocd-bill/aec20087-df80-4a80-81be-a552ba6cdc2f,HB 1353,renaming a wing in the New Hampshire veterans' home.,['bill'],[],2022,New Hampshire,lower
ocd-bill/a6e9d62a-af06-4b3b-abd9-23511cd5bae4,HB 603,relative to manslaughter and the use of deadly force in circumstances involving the sale or use of a controlled drug or controlled drug analog.,['bill'],[],2022,New Hampshire,lower
ocd-bill/aeb9088b-757b-4840-81db-a0b394f49543,HB 1121,relative to new solid waste sites.,['bill'],[],2022,New Hampshire,lower
ocd-bill/961d763e-0504-4843-a2a6-d722c5cbd15c,HB 1373,relative to the best interest of the student for a change of school or assignment.,['bill'],[],2022,New Hampshire,lower
ocd-bill/5ab673e7-a613-430e-a631-954bb197ad98,HB 554,relative to temporary absence from domicile for voting purposes.,['bill'],[],2022,New Hampshire,lower
ocd-bill/bc13c611-6732-4622-9119-861f5605db88,SB 362,relative to training as a certified service plumber.,['bill'],[],2022,New Hampshire,upper
ocd-bill/7cdcaf99-a50c-4f5d-8e85-367ab8494d39,HB 1324,establishing a formula to allocate presidential electors to presidential nominees.,['bill'],[],2022,New Hampshire,lower
ocd-bill/3df797af-de36-4c21-a4fc-83a0bf6d44b7,HB 398,making an appropriation to the department of environmental services for funding eligible wastewater projects.,['bill'],[],2022,New Hampshire,lower
ocd-bill/3d6d6710-98fb-4f4b-b7fc-5e17f92d2e66,HB 1242,relative to filing deadlines for candidates seeking election to charter commissions and relative to the dates of such elections.,['bill'],[],2022,New Hampshire,lower
ocd-bill/fd5a5d39-eb91-470d-8db3-2c63b448b734,SB 320,relative to health care provider contract standards.,['bill'],[],2022,New Hampshire,upper
ocd-bill/b7df23bd-c2d2-4409-bf7a-369c21a3d348,SB 215,relative to motor vehicle liability insurance policy minimum coverage.,['bill'],[],2022,New Hampshire,upper
ocd-bill/f48446cf-b76a-4828-b90f-75e9fcb040fb,HB 1570,relative to reducing vehicle registration fees.,['bill'],[],2022,New Hampshire,lower
ocd-bill/d5f61391-d5c1-4345-9f06-1e0a229d1683,HB 543,establishing a commission to study nuclear power and nuclear reactor technology in New Hampshire.,['bill'],[],2022,New Hampshire,lower
ocd-bill/4c284f63-1548-4e94-bd42-ea592aef4b73,HB 1444,relative to the registration of medical spas.,['bill'],[],2022,New Hampshire,lower
ocd-bill/d715fa5d-8437-4e13-b93f-ff0ec201ed10,SB 380,relative to solid waste rules and landfill containment tests.,['bill'],[],2022,New Hampshire,upper
ocd-bill/422e1f6c-9a73-437e-a0da-41cf4b9d902b,HB 460,establishing a committee to study cases involving the determination of parental rights and responsibilities.,['bill'],[],2022,New Hampshire,lower
ocd-bill/2ba00dc6-eeca-4cfd-be06-4b74397bf033,HB 607,establishing local education savings accounts for students.,['bill'],[],2022,New Hampshire,lower
ocd-bill/53df29fa-ea74-4555-8346-81a6018a8180,HB 426,relative to shoreland septic systems.,['bill'],[],2022,New Hampshire,lower
ocd-bill/4952fcf2-9d2c-493f-b0a8-7a3b2667848b,SB 214,relative to conflicts of interest and contract powers of condominium unit owners' associations.,['bill'],[],2022,New Hampshire,upper
ocd-bill/74dad568-2a0b-492a-8d3f-63fec2ad299e,HB 1490,relative to equal access to places of public accommodation regardless of vaccination status.,['bill'],[],2022,New Hampshire,lower
ocd-bill/feb96cdc-bfc5-4ae2-ae0a-6c2513a0547c,HB 521,relative to the chartered public school annual grant for leased space.,['bill'],[],2022,New Hampshire,lower
ocd-bill/2f636e61-4923-411f-9c05-576350ad5147,HB 1568,raising the age of juvenile delinquency from 18 to 21.,['bill'],[],2022,New Hampshire,lower
ocd-bill/dc9feb2a-e4f0-4a9b-a834-48941cba0cf2,HB 376,establishing a committee to study applications of microgrids in electricity supply.,['bill'],[],2022,New Hampshire,lower
ocd-bill/1c98c26b-b38c-4f73-8848-f5130199573b,HB 620,requiring law enforcement agencies to gather and analyze certain demographic information.,['bill'],[],2022,New Hampshire,lower
ocd-bill/0057f131-a7c2-4a98-bf7b-9ca674b530fc,HB 297,making an appropriation to the FRM victims' contribution recovery fund.,['bill'],[],2022,New Hampshire,lower
ocd-bill/4740ae89-990b-4d96-9f14-602b4e1fc437,HB 1226,prohibiting the declawing of cats.,['bill'],[],2022,New Hampshire,lower
ocd-bill/93779e77-348f-4008-befa-774fe0a63e18,HB 1016,relative to licensing of speech-language specialists.,['bill'],[],2022,New Hampshire,lower
ocd-bill/e28fe03b-08d2-41a8-bcaa-3aaf5a5e0903,HB 1153,relative to absentee ballot requests.,['bill'],[],2022,New Hampshire,lower
ocd-bill/737a60e9-31e8-45eb-b20a-43ee56cbfdb7,HB 1169,relative to public comment and inquiry during school board meetings.,['bill'],[],2022,New Hampshire,lower
ocd-bill/e058635f-1b66-4743-9342-abff5cdec5ad,HB 1263,"relative to prescribed studies on health, physical education, wellness, and personal finance literacy in schools.",['bill'],[],2022,New Hampshire,lower
ocd-bill/8dfa756a-e5ea-464b-b9b6-37025529d15d,HB 1109,relative to the authority of a city or town to limit the use or operation of an OHRV on certain ways.,['bill'],[],2022,New Hampshire,lower
ocd-bill/bb46365d-7f22-4f66-aff1-dee9db120333,SB 230,relative to the practice of body art.,['bill'],[],2022,New Hampshire,upper
ocd-bill/6ae2cf78-19dd-4eb0-8df1-d4a52f1d991d,HB 252,creating a committee to study the creation of a program giving employers tax credits on business taxes in exchange for providing stipends for child care needs to employees.,['bill'],[],2022,New Hampshire,lower
ocd-bill/1a78b15a-b657-4f4b-a842-a4202046360e,SB 202,prohibiting the sale of cosmetic products tested on animals.,['bill'],[],2022,New Hampshire,upper
ocd-bill/8ad99157-6b09-4c1e-a1f9-e6ad2714d77e,HB 1074,relative to notice to a chartered public school of a special education services meeting.,['bill'],[],2022,New Hampshire,lower
ocd-bill/0edda66c-b930-43e2-a454-3a0c35cb22b1,HB 1359,relative to the election-day duties of incumbent election officials who also appear on the ballot.,['bill'],[],2022,New Hampshire,lower
ocd-bill/25314a11-4f4d-4520-a460-f3158da3ae1e,HB 53,apportioning executive council districts.,['bill'],[],2022,New Hampshire,lower
ocd-bill/9e2b6c27-dc89-43c7-a78a-4a1464441538,SB 317,reducing the interest rate for abatements of paid property taxes.,['bill'],[],2022,New Hampshire,upper
ocd-bill/68ed2fd6-7fbf-476c-89a9-154c0556aff1,HB 1032,relative to the sale of the Lakes Region facility.,['bill'],[],2022,New Hampshire,lower
ocd-bill/cce0677f-ed3c-47a5-a0a7-2a4796354aef,HB 473,establishing a renter's insurance notification requirement.,['bill'],[],2022,New Hampshire,lower
ocd-bill/2645c492-373a-496b-be7e-98f5906489ad,HB 1586,relative to a likeness of Wentworth Cheswill at the state house.,['bill'],[],2022,New Hampshire,lower
ocd-bill/431699b8-3514-496d-8315-f08589df2399,HB 1259,relative to the election and resignation of members of school boards and elected budget committees.,['bill'],[],2022,New Hampshire,lower
ocd-bill/3de692ec-c997-48dc-8629-12e19acb0a2a,HB 325,relative to termination of a state of emergency by simple resolution.,['bill'],[],2022,New Hampshire,lower
ocd-bill/444bef24-0692-4113-9718-d2f1e65655a9,HB 248,relative to the judicial retirement plan.,['bill'],[],2022,New Hampshire,lower
ocd-bill/860c7359-6b9c-4d8b-bc38-c7c79cd22561,HB 97,modifying the dates of the state primary and associated filing deadline.,['bill'],[],2022,New Hampshire,lower
ocd-bill/5bb97a73-62fb-4025-a6de-fd7969940e66,HB 532,creating an animal records database.,['bill'],[],2022,New Hampshire,lower
ocd-bill/c068a638-cda2-4af4-ba8b-02c3e8c7609c,HB 1072,"establishing a criminal penalty for denying an elected school district official access to any school district facilities, documents, or events.",['bill'],[],2022,New Hampshire,lower
ocd-bill/00dfdc6a-2fe5-4e09-90c3-7e57ad813541,HB 1523,establishing a New Hampshire child care fund.,['bill'],[],2022,New Hampshire,lower
ocd-bill/104eafdb-4a9a-459b-aded-d0e53bbecf85,HB 287,relative to remote notarization.,['bill'],[],2022,New Hampshire,lower
ocd-bill/b698e39b-8eb2-4d5c-a503-ec719ce96b91,SB 229,relative to pharmacist administration of vaccines.,['bill'],[],2022,New Hampshire,upper
ocd-bill/2f2af7ff-5bcd-4a09-8b13-bb4eef99d70d,HB 149,extending certain civil immunity to public and private entities during major public health emergencies.,['bill'],[],2022,New Hampshire,lower
ocd-bill/6be95e31-2691-4874-ba95-69e82f3b4f7c,HB 1291,prohibiting discrimination against tenants holding certain vouchers for purposes of renting dwellings.,['bill'],[],2022,New Hampshire,lower
ocd-bill/b9554624-5408-42d8-a9e0-7e8bddbe03ca,HB 1650,relative to mileage for members of the legislature.,['bill'],[],2022,New Hampshire,lower
ocd-bill/3f8daf64-298b-4fa8-8a77-12f2b487e1e7,CACR 22,relating to elections. Providing that all elections in New Hampshire shall be by ranked-choice voting.,['constitutional amendment'],[],2022,New Hampshire,lower
ocd-bill/e883ae82-f839-483b-87dc-a668139913e2,HB 628,relative to maximum vehicle speed limitations.,['bill'],[],2022,New Hampshire,lower
ocd-bill/54f8ac70-9d3e-402a-9e22-706f10eba4ef,SB 318,extending the hours in which games of chance may be conducted.,['bill'],[],2022,New Hampshire,upper
ocd-bill/b67297c4-c71f-4d9b-8b5f-dfde744e8513,HB 1071,relative to wake surfing.,['bill'],[],2022,New Hampshire,lower
ocd-bill/2463b3b2-bfb5-4e3f-8c7e-c9f619997d20,HB 595,making a capital appropriation for the digitization and preservation of certain New Hampshire supreme court records.,['bill'],[],2022,New Hampshire,lower
ocd-bill/984bdd62-a3c9-44fd-bc3e-caaf5cf9b049,HB 1494,relative to a property tax exemption concerning certain communications services leases.,['bill'],[],2022,New Hampshire,lower
ocd-bill/c0cd29ae-3910-466b-b136-f131ab8bfbb4,HB 1564,requiring school districts to provide breakfast for students.,['bill'],[],2022,New Hampshire,lower
ocd-bill/556bbbf1-007b-4039-9516-f6ff2ec10930,HB 1111,establishing a commission to study extended producer responsibility.,['bill'],[],2022,New Hampshire,lower
ocd-bill/0d12c4be-fead-45c9-b7bd-0ff3ea236ca8,HB 1536,relative to expanding Medicaid to include certain postpartum health care services.,['bill'],[],2022,New Hampshire,lower
ocd-bill/0470e303-8056-4f72-a837-c5b39d510963,HB 614,exempting the state and political subdivisions from payment of the costs of compliance with the renewable portfolio standard.,['bill'],[],2022,New Hampshire,lower
ocd-bill/b01bbe6f-4a09-4f92-b8fc-fae31c19a27e,SB 390,relative to telemedicine and telehealth.,['bill'],[],2022,New Hampshire,upper
ocd-bill/12e5f9a6-f2d4-4b2a-aa93-1fa9604c68db,SB 65,repealing the prohibition on the sale of over-the-counter rape test kits.,['bill'],[],2022,New Hampshire,upper
ocd-bill/7b9b360a-49b5-43ec-9aae-2e17abc1d9fb,HB 1576,repealing the law relative to certain discrimination in public workplaces and education.,['bill'],[],2022,New Hampshire,lower
ocd-bill/2f135fb4-a81b-4664-99ea-cece8dcfc66d,HB 55,"apportioning delegates to state party conventions, and relative to the form for declarations of candidacy for delegates to state party conventions.",['bill'],[],2022,New Hampshire,lower
ocd-bill/2cac1e56-3409-4cb1-b32e-c0d3c7001e0e,SB 348,relative to political expenditures and contributions.,['bill'],[],2022,New Hampshire,upper
ocd-bill/96f4601a-bbc6-4aea-89a6-146d206cdfb7,SB 79,relative to the authority of the moderator to verify the device count.,['bill'],[],2022,New Hampshire,upper
ocd-bill/cec09862-fe82-435d-9455-9ca4d7600d3d,HB 1182,relative to the board of court reporters.,['bill'],[],2022,New Hampshire,lower
ocd-bill/b85d9984-f2ce-4d4b-adb0-d9f66b3722dd,HB 162,permitting tastings by liquor manufacturers at farmers' markets.,['bill'],[],2022,New Hampshire,lower
ocd-bill/9030919d-a19c-4e3b-a25e-aebc85d1e95c,HB 1468,relative to the legalization of cannabis.,['bill'],[],2022,New Hampshire,lower
ocd-bill/d5f0bf89-777f-49ff-b508-1cce27fbc291,SB 145,relative to a temporary change in the formula for school funding.,['bill'],[],2022,New Hampshire,upper
ocd-bill/7ce05268-a7af-4b72-aff0-5e3481047391,HB 1589,prohibiting the sale of products containing intentionally-added PFAS.,['bill'],[],2022,New Hampshire,lower
ocd-bill/b7a5898b-4509-4225-98a3-1e01514fb02a,HB 308,relative to broadband access to pole attachments.,['bill'],[],2022,New Hampshire,lower
ocd-bill/0c9bed1f-a4f8-4661-a54e-50dbc5f8ab2b,HB 1421,relative to lead in school drinking water.,['bill'],[],2022,New Hampshire,lower
ocd-bill/4e6b2ffa-dffa-46f8-b197-7d532ad31e17,HB 1384,establishing a committee to study the need for childcare and ways to supplement and fund it in New Hampshire.,['bill'],[],2022,New Hampshire,lower
ocd-bill/1057c75c-20c1-4ae3-b48f-f03689372c89,HB 343,relative to billing for ambulance services.,['bill'],[],2022,New Hampshire,lower
ocd-bill/fb93e3f6-ca93-45b6-830b-664bc6273559,HB 1054,requiring an audit of the state police.,['bill'],[],2022,New Hampshire,lower
ocd-bill/7a6b703b-cae2-4592-8e53-0dd016924af8,HB 1487,relative to the procedure for withdrawal from the vaccine registry.,['bill'],[],2022,New Hampshire,lower
ocd-bill/3fac8232-a311-4e3a-b4f9-9937e637f0f7,SB 248,relative to political contributions made by limited liability companies,['bill'],[],2022,New Hampshire,upper
ocd-bill/7db2a01d-8359-4427-8b7a-cb0563fd3cff,HB 1216,repealing the housing appeals board.,['bill'],[],2022,New Hampshire,lower
ocd-bill/94268468-ccdf-4eb7-b7dd-3ae48915848a,HB 583,relative to organ donation designation on drivers' licenses.,['bill'],[],2022,New Hampshire,lower
ocd-bill/c604e4fe-2469-45e8-a303-70f9bba3762b,SB 319,relative to vaccination status and wellness incentives.,['bill'],[],2022,New Hampshire,upper
ocd-bill/e5e0b15a-51d3-4e95-86fd-ef1f892e92ed,HB 253,requiring law enforcement officers to use body-worn cameras and establishing a grant program to assist local law enforcement agencies to purchase body-worn cameras.,['bill'],[],2022,New Hampshire,lower
ocd-bill/d41d419d-62b4-4e43-90cf-bd21ebe5602b,HB 1519,"defining ""religious belief"" and protecting it from discrimination.",['bill'],[],2022,New Hampshire,lower
ocd-bill/6a46cae7-98d5-4fff-9f0a-080241ad4b1a,HB 1287,proclaiming March as Sleep Awareness Month.,['bill'],[],2022,New Hampshire,lower
ocd-bill/1a7e64ab-141b-4a82-8f3d-7beb7ff09ee8,HB 597,relative to the expectation of privacy.,['bill'],[],2022,New Hampshire,lower
ocd-bill/4705b0f9-1980-4e84-ba33-62e21fa49bc0,HB 1470,requiring that all ballot counting devices show the number of overvotes for each race on the ballot.,['bill'],[],2022,New Hampshire,lower
ocd-bill/551d3859-9562-4d35-b1f6-1537685bc67d,HB 1088,relative to employee protections from COVID-19 in the workplace.,['bill'],[],2022,New Hampshire,lower
ocd-bill/fdbc5b14-bed1-4db6-bdde-66d39982a18a,SB 331,relative to waivers of deductibles in automobile insurance policies.,['bill'],[],2022,New Hampshire,upper
ocd-bill/1b57df84-1866-4d80-9a6a-0fb01cfba05f,HCR 8,affirming states' rights based on Jeffersonian principles.,['concurrent resolution'],[],2022,New Hampshire,lower
ocd-bill/95e2c415-8a9c-4df7-9c0a-8fdba0e0bfd8,SB 234,requiring student identification cards to include the National Suicide Prevention Lifeline.,['bill'],[],2022,New Hampshire,upper
ocd-bill/876cedca-c8be-4979-8478-5c1b026bec8d,HB 571,repealing the prohibition against OHRV travel on Hoit Road Marsh.,['bill'],[],2022,New Hampshire,lower
ocd-bill/803d468c-b590-4c09-8bc3-9a1fcbc6aa55,HB 1292,permitting the use of drones or unmanned aerial vehicles on the statewide trail system.,['bill'],[],2022,New Hampshire,lower
ocd-bill/886b382a-6555-4367-bc65-c627a21ac6c4,HB 427,prohibiting corporal punishment of children in state agency programs.,['bill'],[],2022,New Hampshire,lower
ocd-bill/03fb1db5-6529-48bb-8ad9-1dea59b4dfab,SB 302,establishing the personal privacy protection act.,['bill'],[],2022,New Hampshire,upper
ocd-bill/72d54d88-9c13-43b5-b40b-89524fe27162,HB 1092,requiring an official declaration of war for the activation of the New Hampshire national guard.,['bill'],[],2022,New Hampshire,lower
ocd-bill/4c586e3d-4e3e-4108-be61-4deb5a762018,HB 1582,repealing the granite state paid family leave plan.,['bill'],[],2022,New Hampshire,lower
ocd-bill/1e4a7e10-75d2-4dad-9ef7-1067d909ac8d,HB 1321,relative to the governor's power to declare a state of emergency.,['bill'],[],2022,New Hampshire,lower
ocd-bill/94e70796-9afe-494e-811b-ba1f69a7f13b,HB 51,apportioning state senate districts.,['bill'],[],2022,New Hampshire,lower
ocd-bill/85d5f9a5-409f-4121-9cac-7fc5a4e7f00c,HB 414,relative to evacuations under a state of emergency.,['bill'],[],2022,New Hampshire,lower
ocd-bill/bc2d854c-c7f4-4310-a941-3b51af0b39c2,HB 1478,"relative to the business profits tax applicable to certain large, low-wage employers.",['bill'],[],2022,New Hampshire,lower
ocd-bill/18ab9196-d926-4b03-9762-0eb53f6e8bbe,SB 253,apportioning state senate districts.,['bill'],[],2022,New Hampshire,upper
ocd-bill/a1c1a162-4042-48ff-a580-1203eb496d7b,HB 1117,relative to the circumstances constituting criminal threatening.,['bill'],[],2022,New Hampshire,lower
ocd-bill/58d72da3-05e1-4461-8aef-73d4b4798eab,HB 1261,"prohibiting the use of Native American mascots in public schools, colleges, and universities.",['bill'],[],2022,New Hampshire,lower
ocd-bill/ad701435-fc0c-4979-97b2-86a6456dbdd8,HB 1227,relative to the definition of prime wetland.,['bill'],[],2022,New Hampshire,lower
ocd-bill/a6254675-a998-49ab-9b70-2ad1158b6de7,HB 526,relative to the fine for the sale or possession of cannabis.,['bill'],[],2022,New Hampshire,lower
ocd-bill/deb2ebed-0e45-4177-aca9-6e19a294d137,HB 1434,relative to the availability of school curriculum materials.,['bill'],[],2022,New Hampshire,lower
ocd-bill/d93ddadd-7102-4997-b463-2c12defb833c,CACR 35,"relating to cannabis. Providing that all adults have the right to possess, use, and cultivate cannabis, subject to regulation by the legislature.",['constitutional amendment'],[],2022,New Hampshire,lower
ocd-bill/35766cfc-0456-40c5-8ff0-6478ecd94522,HB 1583,relative to days of operation of state liquor stores.,['bill'],[],2022,New Hampshire,lower
ocd-bill/11f5442f-8ceb-444c-b3a1-ed599245096c,SB 236,"establishing a committee to study New Hampshire teacher shortages and recruitment incentives, and relative to defining secondary school grades for teacher loan forgiveness programs.",['bill'],[],2022,New Hampshire,upper
ocd-bill/05d2ff33-b6e8-4b0c-a141-6cd3e15c95c0,HB 1118,relative to the determination of parental rights and responsibilities following the death of a child's parent or guardian.,['bill'],[],2022,New Hampshire,lower
ocd-bill/6fa6ecd5-3fc0-4f36-a1c6-486ded437445,HB 1257,requiring the retirement system to divest from investment in companies located in China.,['bill'],[],2022,New Hampshire,lower
ocd-bill/8a952bdf-f488-4866-a0fd-537baa2bb598,HB 1174,relative to election challengers.,['bill'],[],2022,New Hampshire,lower
ocd-bill/3f3c1ff1-7101-4833-93ea-fb6c15532a48,HB 1659,relative to criminal history background checks for certain health care workers.,['bill'],[],2022,New Hampshire,lower
ocd-bill/87e73091-e34c-4a00-b0dc-2bbfa79017f9,HB 1183,relative to the calculation of property taxes for residents 75 years of age and older.,['bill'],[],2022,New Hampshire,lower
ocd-bill/d98351d6-1aad-4a67-9603-ae96337d4648,HB 1574,prohibiting the university system and community college systems of New Hampshire from charging out-of-state tuition to students voting in New Hampshire.,['bill'],[],2022,New Hampshire,lower
ocd-bill/1bf2e18f-8f6b-4723-85a9-40822f712c1b,HB 257,prohibiting political advocacy in public schools,['bill'],[],2022,New Hampshire,lower
ocd-bill/b0133a04-0051-4c74-9e2f-007adfd78302,HB 455,relative to the ability of a parent to enroll a child in the public school of their choice.,['bill'],[],2022,New Hampshire,lower
ocd-bill/6e714a3c-4d6d-4f3f-b0f4-b660382623a6,HB 198,relative to an exception to the opportunity for public education without discrimination.,['bill'],[],2022,New Hampshire,lower
ocd-bill/894368b0-542e-4bbd-a633-7c0272f2b8dd,HB 1314,establishing a committee to study the management and oversight of the New Hampshire veterans' home.,['bill'],[],2022,New Hampshire,lower
ocd-bill/790e225a-0422-4e30-b901-9130bf87fc34,SB 279,establishing a study committee on harm reduction and overdose prevention programs.,['bill'],[],2022,New Hampshire,upper
ocd-bill/44d6c918-6ab2-432a-b72c-2085a94426c8,SB 112,relative to historical racing.,['bill'],[],2022,New Hampshire,upper
ocd-bill/458c4472-2c4a-421e-a5a6-8b4471863b66,HB 364,revising the definition of charitable organizations relative to games of chance.,['bill'],[],2022,New Hampshire,lower
ocd-bill/64f8a994-e60c-48fb-a07c-e0a1c4c7dc54,SB 139,relative to bingo dates.,['bill'],[],2022,New Hampshire,upper
ocd-bill/abd566d9-f942-4cc3-9cfb-9a38b1942862,HB 1017,establishing criminal penalties for harming or threatening to harm an essential worker.,['bill'],[],2022,New Hampshire,lower
ocd-bill/532b1d43-7be5-4432-8819-b7467b7b3e7a,HB 1296,relative to the forfeiture of items used in connection with a drug offense.,['bill'],[],2022,New Hampshire,lower
ocd-bill/4624fec8-e500-49e2-b253-42ad1bf8eb79,HB 124,adopting the uniform real property transfer on death act.,['bill'],[],2022,New Hampshire,lower
ocd-bill/4bea5b2e-7b4e-4aed-8f64-3adf9a81eff7,SB 374,relative to the SARS-CoV-2 vaccinations.,['bill'],[],2022,New Hampshire,upper
ocd-bill/8302d5b2-64ea-42a2-9660-9321dd9092b6,HB 1507,requiring childcare investigatory findings to be timely published.,['bill'],[],2022,New Hampshire,lower
ocd-bill/18125afd-f881-40b9-931e-cb41c4dcc4ba,HB 1599,relative to customer generators who sell renewable energy certificates.,['bill'],[],2022,New Hampshire,lower
ocd-bill/24b9704a-b9a8-478d-9701-0a2bed475326,HB 272,relative to the labeling and sale of hemp products containing CBD.,['bill'],[],2022,New Hampshire,lower
ocd-bill/c7e2d627-000f-4e7a-9114-9d73c6723136,HB 1139,relative to ophthalmic prescription requirements.,['bill'],[],2022,New Hampshire,lower
ocd-bill/57437927-a014-44d1-8ff5-2b23962e4e01,SB 267,"establishing the upland invasive species program, program fund, and program coordinator in the department of agriculture, markets, and food.",['bill'],[],2022,New Hampshire,upper
ocd-bill/63c7da8f-35bb-4b2a-815f-81b63cf95b27,HB 1029,relative to the Claremont police commission.,['bill'],[],2022,New Hampshire,lower
ocd-bill/08c8e8e9-72b5-4a5b-abb5-a2f9f9a9c572,HB 1534,authorizing the use of side exhausts for antique vehicles.,['bill'],[],2022,New Hampshire,lower
ocd-bill/cd4602c3-43df-4d21-b2f5-0fe1eb3be4db,SB 243,permitting transfer on death deeds for real property.,['bill'],[],2022,New Hampshire,upper
ocd-bill/ddb5709c-b201-45d7-9374-21182dfb37bf,HB 1295,requiring reports concerning school policies on classroom recordings and in-classroom observers.,['bill'],[],2022,New Hampshire,lower
ocd-bill/c7fc5b6a-e6da-4859-9feb-fc7a825570f1,HB 1655,relative to natural immunity system health and wellness curriculum in schools.,['bill'],[],2022,New Hampshire,lower
ocd-bill/64240085-0757-4618-aa13-f9ba39f7634f,HB 1275,relative to municipal representation on regional planning commissions.,['bill'],[],2022,New Hampshire,lower
ocd-bill/c77ae9bd-bd48-44f1-b63d-26c3e54804b7,HB 1011,relative to criminal mischief.,['bill'],[],2022,New Hampshire,lower
ocd-bill/de15f47d-0a7e-4481-a617-c2a8d6643f40,HB 82,relative to amending a conservation easement between the state and a landowner.,['bill'],[],2022,New Hampshire,lower
ocd-bill/5b844f2f-54e7-4a73-87f0-a0bfef1cd5e8,SB 256,establishing a committee to study the feasibility of replacing the site evaluation committee.,['bill'],[],2022,New Hampshire,upper
ocd-bill/666c1bac-9128-4857-bd07-ad8cabb597c3,HB 1207,requiring an employer to provide paid time off for an employee to vote.,['bill'],[],2022,New Hampshire,lower
ocd-bill/81f6064b-0f44-4615-b8d6-d123ca10705d,SB 153,relative to retirement benefits for a police officer or firefighter disabled as a result of a violent injury.,['bill'],[],2022,New Hampshire,upper
ocd-bill/d49e46d9-fdaf-45fd-897f-be1e7f181463,HB 540,relative to supported decision-making as an alternative to guardianship.,['bill'],[],2022,New Hampshire,lower
ocd-bill/05dd9e8f-0f8e-4018-b29f-ac6473bc9756,HB 1537,establishing a pilot mental health drop-in center program.,['bill'],[],2022,New Hampshire,lower
ocd-bill/7845cb85-995d-4e8b-b480-2f63e1f9eb4e,SB 360,relative to national guard educational benefits.,['bill'],[],2022,New Hampshire,upper
ocd-bill/fbace82b-9f34-412c-8ae9-28f48dd029c4,HB 1621,relative to reducing the rebates distributed by the energy efficiency fund.,['bill'],[],2022,New Hampshire,lower
ocd-bill/3666a5ad-9d7e-4532-8600-60edd09a872a,HB 1311,prohibiting persons charged with or convicted of certain assault or controlled drug possession violations from employment in a public school or being granted teaching credentials.,['bill'],[],2022,New Hampshire,lower
ocd-bill/66d29cd4-33c9-485c-a2be-1b4749eb95e8,HB 314,relative to homestead food operation licensure.,['bill'],[],2022,New Hampshire,lower
ocd-bill/9586495e-a2cd-4fb6-b02c-4057f5041ced,HB 367,relative to animal health certificates and quarantine requirements for animals imported into the state.,['bill'],[],2022,New Hampshire,lower
ocd-bill/7dd4a457-8715-407a-9550-a5a757452bbc,HB 1145,relative to a motor vehicle exception to criminal restraint or false imprisonment and relative to civil immunity and physical force in defense of a person.,['bill'],[],2022,New Hampshire,lower
ocd-bill/259f9cc5-fb72-4af2-adc8-1ae5a5ce529c,HB 1447,prohibiting state agencies from using face recognition technology.,['bill'],[],2022,New Hampshire,lower
ocd-bill/5069dc14-5bd3-4431-be64-18590e58f92a,HB 1665,establishing a municipal road and bridge disaster relief fund.,['bill'],[],2022,New Hampshire,lower
ocd-bill/fb751a47-7072-43c4-8a23-0761bb93984c,SB 350,relative to rulemaking by the state board of education on educational personnel applicant checks and licensing standards.,['bill'],[],2022,New Hampshire,upper
ocd-bill/e68c71fd-9a0a-48f8-afeb-a1f52e541aa9,HB 446,establishing a committee to study the effects of recreational vehicles and other vehicles used in recreational activities on class 5 and 6 roads.,['bill'],[],2022,New Hampshire,lower
ocd-bill/8568ade2-4ce8-439b-bacb-62ebdd2b52e9,HB 1192,relative to the board of acupuncture licensing and relative to the qualifications for licensure as an acupuncturist.,['bill'],[],2022,New Hampshire,lower
ocd-bill/d80bf0a6-6af5-4dad-af75-7b26cf074f0c,HB 478,relative to treatment of PFAS contaminants in the drinking water of the Merrimack Village Water District.,['bill'],[],2022,New Hampshire,lower
ocd-bill/609e2a12-b19f-4605-be43-ddfc5b901eba,SB 252,relative to information on property tax bills.,['bill'],[],2022,New Hampshire,upper
ocd-bill/c37620c7-00fd-493d-9e29-60a69c51e770,HB 1142,relative to the right to submit evidence and testimony in family court proceedings.,['bill'],[],2022,New Hampshire,lower
ocd-bill/f2420a1e-def3-4aab-b3dd-30d1c37a4613,SB 334,establishing a committee to study property blight in New Hampshire cities and towns.,['bill'],[],2022,New Hampshire,upper
ocd-bill/8d8e4ad0-b915-43d8-af25-3f54d933fdab,HB 196,adding trespass as an exception to the charge of criminal threatening.,['bill'],[],2022,New Hampshire,lower
ocd-bill/5b2ee88e-6258-46e3-83ae-4f549843195a,HB 237,relative to the legalization and regulation of cannabis and making appropriations therefor.,['bill'],[],2022,New Hampshire,lower
ocd-bill/1fc684da-e654-4155-a197-c587fe487648,HB 1450,including agricultural resources under the land and community heritage investment program.,['bill'],[],2022,New Hampshire,lower
ocd-bill/0a06a3c2-7801-4060-81ee-b67b3ffd7cdd,HB 1386,establishing a committee to study the effects of heat and high temperature on employee working conditions.,['bill'],[],2022,New Hampshire,lower
ocd-bill/7c6e27df-2227-4564-9531-6d895f0c7de7,HB 1003,prohibiting health care providers from refusing to provide care or services based on patient vaccination status.,['bill'],[],2022,New Hampshire,lower
ocd-bill/109e9eac-b4d7-4d63-b827-4f1fa0f191d9,SB 329,establishing a commission to study barriers to specific housing development in New Hampshire and establishing a procedure for overriding a local tax cap.,['bill'],[],2022,New Hampshire,upper
ocd-bill/a5466ac8-8e99-44f6-8aab-90b67c120882,HB 632,banning a sentence of life imprisonment without parole for a juvenile convicted of homicide.,['bill'],[],2022,New Hampshire,lower
ocd-bill/82e2fd12-69d4-45be-b754-37d55da45935,HB 482,relative to the use of campaign contributions for personal use expenditures.,['bill'],[],2022,New Hampshire,lower
ocd-bill/2b00fefb-0004-49a7-a5fe-0baa8bb994cb,HB 627,establishing a value added grant matching fund for New Hampshire agricultural producers.,['bill'],[],2022,New Hampshire,lower
ocd-bill/434390c0-73d5-4330-a148-a11bf5ebdc3f,HB 1279,relative to the duration of term alimony.,['bill'],[],2022,New Hampshire,lower
ocd-bill/5589f730-6fd2-4234-a5a3-f604950e61a1,SB 293,establishing a committee to clarify the intent of RSA 644:9 relative to violation of privacy.,['bill'],[],2022,New Hampshire,upper
ocd-bill/1cf24d06-be39-4f94-b610-70cb62c8fcd2,HB 568,increasing exemptions to the interest and dividends tax and repealing the tax in 2025.,['bill'],[],2022,New Hampshire,lower
ocd-bill/96b489ac-8f54-412e-8a56-bb5d9874e0d0,SB 316,relative to lucky 7 licenses.,['bill'],[],2022,New Hampshire,upper
ocd-bill/596034d4-c50a-4440-9f15-5a9a55d485cc,HB 353,establishing a credit under RSA 77 for tax paid on income subject to taxation in another state.,['bill'],[],2022,New Hampshire,lower
ocd-bill/40d76875-9379-429b-bb27-d341a0aeb184,HB 1159,recognizing November 7 as Victims of Communism Memorial Day.,['bill'],[],2022,New Hampshire,lower
ocd-bill/09cdbc5a-3ad1-4fb8-90c6-ce44d7d6811a,HB 1651,adding sexual reassignment to the definition of child abuse.,['bill'],[],2022,New Hampshire,lower
ocd-bill/28f9fab6-8982-474d-84bc-913bb0e60ffc,SB 81,adopting omnibus legislation on chartered public schools.,['bill'],[],2022,New Hampshire,upper
ocd-bill/49c77551-8b60-43c8-b2fe-198adc1f9246,HB 72,relative to ratification of amendments to the state building code and state fire code.,['bill'],[],2022,New Hampshire,lower
ocd-bill/1d5a264a-d2df-4b35-a0bf-1dd56f35c6db,CACR 14,relating to unions. Providing that all workers have the right to join a union.,['constitutional amendment'],[],2022,New Hampshire,lower
ocd-bill/215f1e23-4a1c-4435-b51a-f428ae33c691,HB 1252,relative to political contributions made by certain business entities.,['bill'],[],2022,New Hampshire,lower
ocd-bill/2433b1fc-b674-4af7-a2b4-e9aba97f395d,HB 1638,relative to grievances under the right to freedom from discrimination in public workplaces and education.,['bill'],[],2022,New Hampshire,lower
ocd-bill/59ae7ab5-f47d-4f9a-b079-72210c7aeaed,HR 15,condemning the Communist Party of China and the People's Republic of China.,['resolution'],[],2022,New Hampshire,lower
ocd-bill/ce29672c-b3ca-4c93-928d-ed36b4f13a3d,HB 1341,relative to the definition of conviction in motor vehicle laws.,['bill'],[],2022,New Hampshire,lower
ocd-bill/d361e2aa-9580-4cb0-9225-8019ea2998b6,SB 156,relative to management of the secure psychiatric unit facility at New Hampshire hospital.,['bill'],[],2022,New Hampshire,upper
ocd-bill/273238c7-2fb2-48a7-ae16-738b9fde31b1,HB 78,relative to certificates of title and drivers' licenses for members of the United States foreign service.,['bill'],[],2022,New Hampshire,lower
ocd-bill/e12ae752-d005-4605-99bd-ccbc129e42b0,HB 1360,relative to penalties for controlled drug violations.,['bill'],[],2022,New Hampshire,lower
ocd-bill/4306e485-08ac-4617-872b-a0e9ae667b5f,SB 233,relative to water bottle filling stations in schools.,['bill'],[],2022,New Hampshire,upper
ocd-bill/88dd04eb-48a5-4d1b-ae5c-1639b6df26d1,SB 385,relative to financial exploitation of vulnerable adults.,['bill'],[],2022,New Hampshire,upper
ocd-bill/d8a99a68-f559-4b18-bdb9-e49f8c44b316,HB 1601,relative to funding of the NHsaves program,['bill'],[],2022,New Hampshire,lower
ocd-bill/72f396a3-f1fa-4230-8cfe-86ad124e451c,HB 1343,allowing limited legal services to be provided by certain paraprofessionals.,['bill'],[],2022,New Hampshire,lower
ocd-bill/7cf80001-d3c2-400c-b780-72a48cf8f105,SB 375,relative to requirements for charitable organizations.,['bill'],[],2022,New Hampshire,upper
ocd-bill/d4d4b56f-615a-48c0-a758-18ba34fbec6f,HB 1394,relative to the reporting of certain campaign contributions and relative to political contributions made by limited liability companies.,['bill'],[],2022,New Hampshire,lower
ocd-bill/243ce488-757d-434f-a104-6e265c501b2c,HB 1419,relative to establishing a New Hampshire civilian climate corps advisory commission.,['bill'],[],2022,New Hampshire,lower
ocd-bill/55aca341-eec0-4da0-9df3-af394e4cde4c,HB 20,"establishing the Richard ""Dick"" Hinch education freedom account program.",['bill'],[],2022,New Hampshire,lower
ocd-bill/ca003ecb-df08-4b4b-984c-48322888c39f,SB 298,repealing the law relative to certain discrimination in public workplaces and education.,['bill'],[],2022,New Hampshire,upper
ocd-bill/d07aa9d4-800f-485f-9429-205a14f27eae,CACR 20,relating to personal liberty. Providing that adults shall have the right to possess cannabis for personal consumption.,['constitutional amendment'],[],2022,New Hampshire,lower
ocd-bill/846eaf33-5f38-4285-aaff-430f94d3e7a6,HB 1362,relative to the authority of the state guard.,['bill'],[],2022,New Hampshire,lower
ocd-bill/7e4d180f-2194-43bf-bf81-801e11970fab,CACR 30,officers of the government. Providing that the elected positions of inspectors general are created.,['constitutional amendment'],[],2022,New Hampshire,lower
ocd-bill/7bf613cd-7957-4eaa-80f7-c44219c82ce9,HB 1608,relative to withdrawal from the state immunization registry.,['bill'],[],2022,New Hampshire,lower
ocd-bill/3565440c-7882-4656-96a9-ce129198497c,HB 339,establishing a committee to study air quality in school buildings.,['bill'],[],2022,New Hampshire,lower
ocd-bill/de831370-b1a3-4ab8-a543-b8fd4b1f1ac0,HB 1160,relative to obedience to signals at railroad crossings.,['bill'],[],2022,New Hampshire,lower
ocd-bill/9e16aad2-d6c2-41a2-84c1-0b3332ff595a,HB 551,relative to the statewide voter database.,['bill'],[],2022,New Hampshire,lower
ocd-bill/bb5c5db3-6a8b-4b74-88dd-716189f1ec7b,HB 255,relative to limited liability for institutions of higher education and businesses.,['bill'],[],2022,New Hampshire,lower
ocd-bill/58f04f61-0a78-40ea-89a8-aef35d8bb766,HB 1364,establishing a commission to study the creation of an appeals process for childcare violations.,['bill'],[],2022,New Hampshire,lower
ocd-bill/8d950703-8f2e-4a7c-bc04-f29088e1183f,HB 589,requiring workers' compensation to cover prophylactic treatment for critical exposure,['bill'],[],2022,New Hampshire,lower
ocd-bill/4ab6b7d7-e8e8-4888-b21a-67f87638a103,HB 1094,relative to employee work schedules and rest periods.,['bill'],[],2022,New Hampshire,lower
ocd-bill/42d4f554-acec-4095-ba2c-a7312776bda0,HB 576,relative to victims compensation fund eligibility.,['bill'],[],2022,New Hampshire,lower
ocd-bill/90f9d6d0-57bd-4cd1-a086-fe12453fc11d,HB 1302,relative to the weighing of vehicles.,['bill'],[],2022,New Hampshire,lower
ocd-bill/e9d8baa6-7910-4c40-b0b4-c289c886f1b3,HB 1639,relative to the youth risk behavior survey in schools.,['bill'],[],2022,New Hampshire,lower
ocd-bill/cdd9cc82-1ec6-4b03-be1d-695f14af9bfa,HB 1087,relative to zoning for single family housing lots.,['bill'],[],2022,New Hampshire,lower
ocd-bill/d4f15bcf-edc0-48a3-aa65-f8f6e85692d5,HB 1151,"prohibiting the display of a deadly weapon at a parade, funeral procession, picket line, march, rally, vigil, or demonstration.",['bill'],[],2022,New Hampshire,lower
ocd-bill/732e4ed3-f785-476c-a244-47ca7a1018e5,SB 223,relative to requirements for recovery houses.,['bill'],[],2022,New Hampshire,upper
ocd-bill/21f22515-57d2-49a7-82dd-961ab216f304,HB 1140,relative to probate procedures for small estates.,['bill'],[],2022,New Hampshire,lower
ocd-bill/faf1c9e8-a0f0-4ce1-af54-9123e43667e9,HB 1009,requiring the date a person registers to vote to be included with other voter information.,['bill'],[],2022,New Hampshire,lower
ocd-bill/35a4ab1e-fbf8-4241-b6a5-d5d614dc02c4,HB 1542,relative to documentation required to prove a voter's eligibility to vote.,['bill'],[],2022,New Hampshire,lower
ocd-bill/55ba8676-f95a-4d6b-aa44-753967ba83d4,HB 1234,relative to criminal background checks for an applicant for a teaching credential.,['bill'],[],2022,New Hampshire,lower
ocd-bill/eaca254b-1ff5-43ce-bf66-8475e2e1cc92,HB 92,establishing a committee to study best practices for companion animal groomers.,['bill'],[],2022,New Hampshire,lower
ocd-bill/27857190-2169-42d4-9caf-d01022cfd6ad,HB 1558,relative to insurance holding companies.,['bill'],[],2022,New Hampshire,lower
ocd-bill/2d53920e-9c5c-4ddc-b8c6-50b8779b10b4,HB 1334,relative to the definition of vaccination.,['bill'],[],2022,New Hampshire,lower
ocd-bill/51d60afd-f161-48aa-bb53-3d8608cbf0ca,HB 1265,relative to the waiver of rules in family court proceedings and requiring the establishment of a family division rule waiver database.,['bill'],[],2022,New Hampshire,lower
ocd-bill/1e45a767-b7d1-42b1-b326-3dba1ee0c364,HB 1374,relative to the membership of local land use boards.,['bill'],[],2022,New Hampshire,lower
ocd-bill/0431fb12-b7bd-44ea-a2af-68e6bea5b10a,HB 558,establishing a committee to study the use of information technology in the legislative process.,['bill'],[],2022,New Hampshire,lower
ocd-bill/9e72acc4-7aa9-42a6-ba93-a8fcaf5e82c9,HB 1505,establishing concurrent jurisdiction in juvenile matters with the U.S. Department of Defense for coordination with the military family advocacy program.,['bill'],[],2022,New Hampshire,lower
ocd-bill/4a6b3dac-96d8-43ad-9a6a-28be5c3028c3,HB 1026,relative to budget information provided to a budget committee.,['bill'],[],2022,New Hampshire,lower
ocd-bill/a91f9d6d-848a-4ff0-9e24-5b7cf3154625,SB 41,relative to police disciplinary hearings.,['bill'],[],2022,New Hampshire,upper
ocd-bill/92156a90-160c-4334-9efb-37822bad333d,SB 63,relative to business liability protection for exposure to coronavirus and COVID-19.,['bill'],[],2022,New Hampshire,upper
ocd-bill/14d24bd3-0956-458b-9566-934433f6995c,HB 1058,relative to the time allowed for public school students to eat lunch.,['bill'],[],2022,New Hampshire,lower
ocd-bill/82717f3c-a2ec-46c2-825f-84e200dbba28,HB 1239,relative to habitual offender hearings.,['bill'],[],2022,New Hampshire,lower
ocd-bill/fda5e7c1-2abc-4f50-8193-69c86fab30f3,HB 1250,requiring the public utilities commission to consider climate change in making rate-setting decisions.,['bill'],[],2022,New Hampshire,lower
ocd-bill/7ec7baa7-0573-4ca9-a4f8-1063e22853d7,HB 1424,relative to the speed limit for watercraft on Lake Winnipesaukee.,['bill'],[],2022,New Hampshire,lower
ocd-bill/a6e0be01-40ab-4c40-a1ff-810d23294433,SB 17,relative to permitting dogs in outdoor dining areas of restaurants.,['bill'],[],2022,New Hampshire,upper
ocd-bill/d45a0237-4e83-48ef-8a11-4b1a14be82a3,HB 1096,prohibiting open carrying or display of a deadly weapon within 100 feet of a polling place.,['bill'],[],2022,New Hampshire,lower
ocd-bill/1bfd8497-e042-42d3-8b1b-2a8ce4b89601,HB 1339,relative to the Winnipesaukee River basin control replacement fund.,['bill'],[],2022,New Hampshire,lower
ocd-bill/194080d3-2577-4417-8135-adf2d4bf98ed,HB 1346,establishing a commission to study the New Hampshire family court system.,['bill'],[],2022,New Hampshire,lower
ocd-bill/f75e103b-5231-4b58-b8f4-7109b217892c,HB 1645,requiring notification to renewable energy customer-generators of issues related to renewable energy credits.,['bill'],[],2022,New Hampshire,lower
ocd-bill/c8bcc55b-82db-4b85-9629-f8be8ab681af,HB 1596,relative to net energy metering limits for individual and business customers.,['bill'],[],2022,New Hampshire,lower
ocd-bill/9efa24c4-54e9-42c0-932c-f88ba6638fd5,HB 1409,relative to the age at which a minor may receive mental health treatment without parental consent.,['bill'],[],2022,New Hampshire,lower
ocd-bill/d4aaf6a0-4619-45b8-bb68-e4663be105b1,HB 1549,relative to special duty hours worked by retired police members in the retirement system.,['bill'],[],2022,New Hampshire,lower
ocd-bill/a533cfd4-b3fd-4ed4-ab40-515b6726dbad,SB 255,establishing redistricting criteria.,['bill'],[],2022,New Hampshire,upper
ocd-bill/68d2167a-7b59-4438-8b72-6068903e23ae,SB 250,enabling municipalities to adopt a tax credit for qualified private community property owners.,['bill'],[],2022,New Hampshire,upper
ocd-bill/59952861-fa6c-42db-b60f-f22a6df87f25,HB 1308,"prohibiting the capture, possession, and propagation of hares and rabbits for hunting dog training and field trials.",['bill'],[],2022,New Hampshire,lower
ocd-bill/ebb5c018-2508-4718-8ff2-f80167cc3d4b,HB 1448,relative to the pretermitted heir statute.,['bill'],[],2022,New Hampshire,lower
ocd-bill/fabd7b54-4ab4-4f2d-8e82-4418890e8fa9,HB 1175,relative to recording interactions with public officials.,['bill'],[],2022,New Hampshire,lower
ocd-bill/3666b444-bcf9-4129-ae9b-646711b0d20c,SB 393,relative to the use of restraints on pregnant women in the custody of a state or county correctional facility.,['bill'],[],2022,New Hampshire,upper
ocd-bill/8c0656cd-fad5-4d02-b151-70fbf982d089,HB 1350,relative to the procedure for valuation of property for property tax purposes.,['bill'],[],2022,New Hampshire,lower
ocd-bill/24a4def8-8029-4099-aa3c-f35168ad1dd0,SB 413,"requiring an independent audit and needs assessment regarding COVID-19 preparedness at long term care facilities, nursing homes, and the New Hampshire veterans' home, and making an appropriation therefor.",['bill'],[],2022,New Hampshire,upper
ocd-bill/a97f34b0-b4d2-430b-8292-bc0036e50864,HR 16,calling for the federal government to construct a nuclear waste repository to permanently store our nation's nuclear waste.,['resolution'],[],2022,New Hampshire,lower
ocd-bill/2c887c80-aff4-4606-92f8-1ac594c7948c,SB 344,relative to the electronic participation requirements of meetings open to the public under the right to know law.,['bill'],[],2022,New Hampshire,upper
ocd-bill/2573779e-56ff-4368-a5e6-7d23d415a5e6,HB 1489,relative to motor vehicle title exemptions.,['bill'],[],2022,New Hampshire,lower
ocd-bill/2352aadd-86b1-480b-9f23-ae1eb6a8bab9,HB 1404,relative to consumer rights regarding towing of vehicles.,['bill'],[],2022,New Hampshire,lower
ocd-bill/63ba7905-e692-4b5f-89a4-b81d287ba9c5,HB 619,designating police and fire dispatchers as group II members of the retirement system.,['bill'],[],2022,New Hampshire,lower
ocd-bill/8d5fe459-38ca-48e3-9c36-50777ea6ea82,SB 448,relative to energy reduction by state agencies.,['bill'],[],2022,New Hampshire,upper
ocd-bill/f3273a2d-aca3-40cd-a9b2-dcd9e350dd19,HB 146,requiring health care providers to furnish upon request a list of ingredients contained in an injectable medication that is recommended or administered.,['bill'],[],2022,New Hampshire,lower
ocd-bill/b90272ae-7e0a-4b85-827f-2f8b361e7a4e,HB 201,relative to review by the insurance department of coverage for pediatric autoimmune neuropsychiatric disorders.,['bill'],[],2022,New Hampshire,lower
ocd-bill/72b7e391-83cf-48c6-bf04-846e68aa12d9,HB 1222,"prohibiting coercion or interference in grading and assessment procedures in public schools, colleges, and universities.",['bill'],[],2022,New Hampshire,lower
ocd-bill/4a9f2e7f-d869-420a-b43f-72dc5ff53a6a,SB 297,relative to obtaining out-of-state discovery and testimony.,['bill'],[],2022,New Hampshire,upper
ocd-bill/1eb3b8c7-89d1-47eb-86e7-17b47651ecd8,SB 278,relative to funding for the Piscataqua River turning basin project in the port authority in the Pease development authority.,['bill'],[],2022,New Hampshire,upper
ocd-bill/5a810c53-1d75-47c3-91b1-ea8ab7fea40e,SB 203,relative to the state minimum hourly rate.,['bill'],[],2022,New Hampshire,upper
ocd-bill/af675159-05ba-45bc-a318-fe6d14192ebf,HB 1590,relative to municipalities withdrawing from the state retirement system.,['bill'],[],2022,New Hampshire,lower
ocd-bill/570f3395-d726-4c01-9616-563038f5748a,HB 1150,relative to temporary license plates.,['bill'],[],2022,New Hampshire,lower
ocd-bill/f416c5ed-169c-4e89-b91a-501c47712269,HB 1569,"relative to the status of ""totally unemployed"" for purposes of unemployment compensation.",['bill'],[],2022,New Hampshire,lower
ocd-bill/a3f9113c-8545-424e-b562-4dea9b7e3672,SB 372,relative to employee leasing companies working under contract with a hospital.,['bill'],[],2022,New Hampshire,upper
ocd-bill/d950c37e-c6e6-404a-b019-1cc87021b398,HB 276,relative to availability of menstrual hygiene products in schools.,['bill'],[],2022,New Hampshire,lower
ocd-bill/8998cb5a-09d9-40cb-b573-43b80fd19abb,HB 1202,relative to transportation of pupils to school activities by a contract carrier.,['bill'],[],2022,New Hampshire,lower
ocd-bill/0a972777-9edd-4d81-9b65-1473d23e1a6e,HB 1629,relative to default service for net metering.,['bill'],[],2022,New Hampshire,lower
ocd-bill/32af2b6e-6529-4beb-839a-6c8928bd639a,HB 1163,relative to over voted ballots.,['bill'],[],2022,New Hampshire,lower
ocd-bill/9957040d-d7c8-4f38-a2e5-7363b9766036,HR 17,opposing all federal and state efforts to establish a carbon tax on fuels for electricity and transportation.,['resolution'],[],2022,New Hampshire,lower
ocd-bill/dc2b2d96-dfa8-4a84-a85d-a4ad88fd496d,HB 1597,permitting arraignments for felonies and preliminary examinations to be heard in circuit court.,['bill'],[],2022,New Hampshire,lower
ocd-bill/ad42f857-217e-41bd-aa76-be21545045df,HB 1047,relative to the chartered public school joint legislative oversight committee.,['bill'],[],2022,New Hampshire,lower
ocd-bill/148ade26-a88d-431e-8b3e-1a6367ddf779,HB 1533,relative to health education curriculum in schools.,['bill'],[],2022,New Hampshire,lower
ocd-bill/1c4b575c-81ab-4df5-9c18-8ac802661c8d,SB 294,relative to the release of a defendant pending trial.,['bill'],[],2022,New Hampshire,upper
ocd-bill/f984932d-a6a4-4338-8d1d-d09d47bced1b,SB 111,relative to claims for medical monitoring.,['bill'],[],2022,New Hampshire,upper
ocd-bill/0daa5f37-bfa0-4cd9-be96-464222a2608d,HB 1584,establishing a capital improvement grant program for the benefit of state fairs and agricultural fairs.,['bill'],[],2022,New Hampshire,lower
ocd-bill/7b14c224-d4a3-40ad-8518-f274deaa947b,SB 247,relative to broadband infrastructure bonds.,['bill'],[],2022,New Hampshire,upper
ocd-bill/a0eb9177-5118-44fe-beec-34f2f098712d,HB 1060,authorizing the New Hampshire Environmental Educators to issue decal plates.,['bill'],[],2022,New Hampshire,lower
ocd-bill/62686d7b-98bf-4c0a-bc46-1d0e052917cc,HB 1358,requiring public and private employers to establish procedures and exceptions for the use of mandatory intrusive testing as a condition of new or continued employment.,['bill'],[],2022,New Hampshire,lower
ocd-bill/308c4e72-9895-4cad-86f2-d7b99268303f,HB 594,relative to the school building aid program.,['bill'],[],2022,New Hampshire,lower
ocd-bill/61f134ac-c220-4367-93c5-0e2b38652b3a,HB 1579,relative to landowner liability on land authorized for outdoor recreational activities.,['bill'],[],2022,New Hampshire,lower
ocd-bill/1288d300-8f7d-40cb-bbe1-e22517ddbd39,HB 1619,relative to qualifying conditions for the therapeutic cannabis program.,['bill'],[],2022,New Hampshire,lower
ocd-bill/4409aef8-3262-4dcc-be55-ed98bba8b048,SB 421,relative to dual and concurrent enrollment for career and technical education center students.,['bill'],[],2022,New Hampshire,upper
ocd-bill/f0018a0c-50d8-4989-80ed-76922109e38c,HB 498,relative to the payment of bail commissioners.,['bill'],[],2022,New Hampshire,lower
ocd-bill/fe9f6da8-1d09-4369-bdc7-d717d64f6fe4,HB 1083,relative to calendars and journals of the house and senate.,['bill'],[],2022,New Hampshire,lower
ocd-bill/c63f9989-bf83-4da7-a953-821ecfc97275,HB 604,expanding the New Hampshire vaccine association to include adult vaccines.,['bill'],[],2022,New Hampshire,lower
ocd-bill/ab81df00-20fe-4c29-a051-8614388ded7e,SB 304,relative to discrimination in public workplaces and education.,['bill'],[],2022,New Hampshire,upper
ocd-bill/197aff51-8d93-47ba-a0c0-edc7ae39dbb4,HB 1389,establishing a superior court land use review docket.,['bill'],[],2022,New Hampshire,lower
ocd-bill/4a415154-6e5b-4d67-967e-c00aac07849b,HB 1355,requiring the scholarship organization to refer suspected cases of misuse of funds or fraud in the education freedom account program to the attorney general.,['bill'],[],2022,New Hampshire,lower
ocd-bill/7f1938f7-eea1-42ca-9fb5-444146107750,HB 1214,eliminating fees for walking disability placards.,['bill'],[],2022,New Hampshire,lower
ocd-bill/938d419d-cf16-429a-9913-34b0920f0170,HB 1336,relative to rulemaking by the state board of education concerning violations of the professional code of ethics and the professional code of conduct.,['bill'],[],2022,New Hampshire,lower
ocd-bill/d29df2b3-7e8e-4b0d-90e4-3f6e8b21e8de,HB 1492,relative to decal plates for the New Hampshire Council on the Arts.,['bill'],[],2022,New Hampshire,lower
ocd-bill/542767e3-f5c7-4a9a-b930-a1a0e697de00,SB 424,relative to renewable energy and natural gas.,['bill'],[],2022,New Hampshire,upper
ocd-bill/5ecbfae2-f82c-42df-9a79-527af8f7a0d4,SB 449,relative to the retention of social security numbers by the division of motor vehicles.,['bill'],[],2022,New Hampshire,upper
ocd-bill/5b8f4f33-9887-4657-9665-7515abcee793,SB 75,relative to school district information on the COVID-19 dashboard maintained by the department of health and human services.,['bill'],[],2022,New Hampshire,upper
ocd-bill/bf021c32-6e2e-4c2d-867b-888fc79eebe2,HB 1276,allowing for school district budgets and warrant articles to include cost per student information.,['bill'],[],2022,New Hampshire,lower
ocd-bill/43ede1cd-0e60-45b7-a7e6-9821d19d6129,HB 1484,requiring a forensic audit of the 2020 election results.,['bill'],[],2022,New Hampshire,lower
ocd-bill/a2e80923-7c3f-4178-811e-e4c78a93a57d,HB 1678,relative to the administration of the education freedom accounts program.,['bill'],[],2022,New Hampshire,lower
ocd-bill/b5939628-28c2-491b-b867-8c76f2a8d84b,HB 1405,allowing out-of-state mental health care providers to provide telehealth treatment during a mental health emergency.,['bill'],[],2022,New Hampshire,lower
ocd-bill/65f4e2cb-c697-4a1c-a363-bcc02b54da06,HB 267,relative to construction standards for schools.,['bill'],[],2022,New Hampshire,lower
ocd-bill/4d289bb0-49d2-48a6-8f8f-19d8901d40dc,SB 295,relative to penalties for violations of privacy.,['bill'],[],2022,New Hampshire,upper
ocd-bill/4a1bed33-0722-4c23-a7bc-b92a73dccb3f,HB 1157,relative to electronic ballot counting devices.,['bill'],[],2022,New Hampshire,lower
ocd-bill/e8860d32-cc5a-44e2-abbd-82658bf5c5cb,HB 1425,relative to the taking of real property by eminent domain.,['bill'],[],2022,New Hampshire,lower
ocd-bill/45e0345a-483f-43fd-ad2c-8aa217fdff5f,HB 1042,requiring certain health advisory notices to be provided to renters of vacation or recreational rental units.,['bill'],[],2022,New Hampshire,lower
ocd-bill/999d80ab-de1a-4f85-af03-8a3d67e35b12,HB 1337,relative to the duration of unemployment benefits.,['bill'],[],2022,New Hampshire,lower
ocd-bill/2e6bd325-5fea-497a-be5a-5539bdb6b4b5,HB 167,relative to net energy metering limits for customer generators and the purchase of output of limited electrical energy producers.,['bill'],[],2022,New Hampshire,lower
ocd-bill/2741d628-9659-4412-be65-29373d8e3f4d,HB 1642,relative to lead testing in children.,['bill'],[],2022,New Hampshire,lower
ocd-bill/8cccd64a-2280-4749-8ddf-0839b887439a,HB 1240,relative to service of process for license suspensions or revocations.,['bill'],[],2022,New Hampshire,lower
ocd-bill/d06410f6-4e92-4119-9736-9634189a14e0,HB 1236,relative to the legislative oversight committee for the education improvement and assessment program.,['bill'],[],2022,New Hampshire,lower
ocd-bill/bff4314d-1c72-41a8-b1b6-0e846c068c60,HB 1552,establishing a board for the certification of assessing persons.,['bill'],[],2022,New Hampshire,lower
ocd-bill/7e14abd0-57b7-45a1-8716-de1a1d33f6d5,SB 382,relative to licensure requirements for telehealth services and relative to licensure of physicians and physicians assistants through reciprocity agreements.,['bill'],[],2022,New Hampshire,upper
ocd-bill/d29cbacf-f907-49a3-a52c-8c0c1be9c77b,HB 1246,relative to interlock devices.,['bill'],[],2022,New Hampshire,lower
ocd-bill/d0f7e19e-bde7-4fb4-93b3-f271a33246bf,SB 265,relative to the aggregation of electric customers by counties.,['bill'],[],2022,New Hampshire,upper
ocd-bill/1b990b88-ec90-4c04-be79-9706878f1735,HB 1580,relative to pharmacy benefits managers.,['bill'],[],2022,New Hampshire,lower
ocd-bill/2f5a5603-55e2-4e68-b6ff-296ab7c15b41,HB 1612,"relative to the confidentiality of reports made to the division for children, youth, and families.",['bill'],[],2022,New Hampshire,lower
ocd-bill/3470f72f-f25c-4524-bb38-b7c5920c955f,HB 1458,limiting harassing or intimidating court filings in family court proceedings.,['bill'],[],2022,New Hampshire,lower
ocd-bill/394597ec-1628-4b2f-b416-148689fbbf3c,HB 1098,limiting the number of parking spaces required per occupied dwelling.,['bill'],[],2022,New Hampshire,lower
ocd-bill/b51a7873-60ab-4534-bc40-d86494ec8168,HB 1430,repealing the tax on rentals of motor vehicles under the meals and rooms tax.,['bill'],[],2022,New Hampshire,lower
ocd-bill/b9b0b104-d304-4a7d-a048-664f4d1d4ac0,HB 1527,relative to vote returns.,['bill'],[],2022,New Hampshire,lower
ocd-bill/bcf4f634-866e-4e1f-a37d-b1047d905123,HB 1129,relative to the fiscal committee of the general court.,['bill'],[],2022,New Hampshire,lower
ocd-bill/c46ecb64-38e0-44c3-8abf-6fbbd06fcdb5,HB 1305,relative to temporary alimony.,['bill'],[],2022,New Hampshire,lower
ocd-bill/620ac183-3bcb-4b12-a4bc-47304ed7f79c,HB 1365,allowing towns and cities to tax residential and non-residential property at different rates.,['bill'],[],2022,New Hampshire,lower
ocd-bill/2ebeab30-8d9f-412d-b5e1-933ef8a18ce2,SB 353,relative to the education professional standards board.,['bill'],[],2022,New Hampshire,upper
ocd-bill/3dd2bf3c-c917-4021-bf55-4f6702ccb66b,HB 65,requiring food service establishments to establish food allergy awareness procedures.,['bill'],[],2022,New Hampshire,lower
ocd-bill/1a2e3b86-0acf-4483-82fc-166d15d3ed71,HB 1002,establishing a committee to study the feasibility of personal use of state-owned vehicles.,['bill'],[],2022,New Hampshire,lower
ocd-bill/e1768dd2-89ef-43f9-a098-3a5366586d3b,HB 381,relative to laboratory testing.,['bill'],[],2022,New Hampshire,lower
ocd-bill/34b0d66d-6fde-49b9-be84-705b0144ff59,HB 1090,relative to teaching on discrimination in the public schools.,['bill'],[],2022,New Hampshire,lower
ocd-bill/3174ebe1-d8e0-4458-8081-10a6f09c5817,HB 144,relative to absentee ballot request forms.,['bill'],[],2022,New Hampshire,lower
ocd-bill/33e08d20-89d8-45cb-abf4-d6978e4da7fc,HB 1649,relative to unique pupil identification for pupils in the education freedom accounts program.,['bill'],[],2022,New Hampshire,lower
ocd-bill/f4a7a66d-cf41-4896-bfe0-0c4a470b85f2,HB 1406,authorizing municipalities to collect compost.,['bill'],[],2022,New Hampshire,lower
ocd-bill/5f29d9ce-57d0-4001-af24-2526a7bab4cc,HB 1401,prohibiting the disclosure of the number of miles driven by a specific driver licensed by the state or vehicle registered in the state.,['bill'],[],2022,New Hampshire,lower
ocd-bill/3027ab10-5a6e-4a29-badc-3da8317ca384,HB 148,allowing increased net energy metering limits for municipal hydroelectric facilities.,['bill'],[],2022,New Hampshire,lower
ocd-bill/8073098b-c5d3-49b0-bcc4-3f795e6ba25a,HB 1097,relative to taxation of income of New Hampshire residents when working remotely for an out of state employer.,['bill'],[],2022,New Hampshire,lower
ocd-bill/26de5d37-a7b1-432a-a7a8-ab238a86c238,HB 1297,relative to taking lobster while engaged in recreational scuba diving.,['bill'],[],2022,New Hampshire,lower
ocd-bill/03467e7a-513f-44b2-869d-d104db80193b,HB 1400,prohibiting law enforcement from using the scent of marijuana as probable cause for a search.,['bill'],[],2022,New Hampshire,lower
ocd-bill/b9c3e6be-e2be-4716-b938-dd0f29ece0bc,HB 1200,relative to notice of rent increases in residential rental property.,['bill'],[],2022,New Hampshire,lower
ocd-bill/b08639cb-76f8-40b9-8aba-c0ae6cfc39cd,SB 241,apportioning executive council districts.,['bill'],[],2022,New Hampshire,upper
ocd-bill/a0429299-9c3e-49f4-b733-bd2bd1cd848f,HB 1013,relative to meetings of the New Hampshire rare disease advisory council.,['bill'],[],2022,New Hampshire,lower
ocd-bill/d9ffad1d-00dc-4af0-a952-2b37ddf2abf4,HB 1298,relative to eligibility for the education tax credit.,['bill'],[],2022,New Hampshire,lower
ocd-bill/9f3ab873-9d60-4e5c-bb27-dcf6e9b8075a,HB 1474,relative to annual vehicle inspections.,['bill'],[],2022,New Hampshire,lower
ocd-bill/0e25e8c2-ff08-49f7-b0e3-edd4dead9ee9,CACR 28,relating to the minimum wage. Providing that all workers have a right to a minimum wage that provides them with well-being and a dignified existence.,['constitutional amendment'],[],2022,New Hampshire,lower
ocd-bill/7288f1a0-b4a9-4b0b-8971-bb2a6449e0a4,HB 1667,relative to the standard and optional veterans' tax credits and the all veterans' tax credit.,['bill'],[],2022,New Hampshire,lower
ocd-bill/4f6e1aa0-93ee-4c0a-88a1-25cc789e8d81,HB 1573,relative to prohibitions on drivers' licenses.,['bill'],[],2022,New Hampshire,lower
ocd-bill/910f5cd9-f015-4fab-833d-a117fde1d6ca,HB 1070,relative to the default budget in official ballot jurisdictions.,['bill'],[],2022,New Hampshire,lower
ocd-bill/4e8c01cd-ae05-41fb-83cd-1a4095e7f5bb,HB 527,relative to the charitable gift annuities exemption.,['bill'],[],2022,New Hampshire,lower
ocd-bill/078a490c-d185-4735-8e1a-355577428e1c,SB 363,relative to service credit for certain group II retirement eligibility.,['bill'],[],2022,New Hampshire,upper
ocd-bill/76481936-bc0e-4b1f-a415-c58d82574142,HB 1014,allowing public meetings to be conducted virtually.,['bill'],[],2022,New Hampshire,lower
ocd-bill/43750fd4-c2e5-439b-830e-184d51a807fd,SB 325,relative to local organization for emergency management and first responders.,['bill'],[],2022,New Hampshire,upper
ocd-bill/a1c913da-7e0b-47fd-90c9-77617c66efe8,HB 1632,relative to civil rights education in public elementary and secondary schools.,['bill'],[],2022,New Hampshire,lower
ocd-bill/b6889f31-696d-4044-939d-83789f2c3ef2,SB 271,relative to the Burgess BioPower facility.,['bill'],[],2022,New Hampshire,upper
ocd-bill/321fbfcd-48dd-4efb-91ce-76f6c94b3720,HB 172,establishing greenhouse gas emission reduction goals for the state and establishing a climate action plan.,['bill'],[],2022,New Hampshire,lower
ocd-bill/9eb44358-8b9b-44ae-821d-6716cfcb342b,HB 110,relative to the distribution of adequate education grants.,['bill'],[],2022,New Hampshire,lower
ocd-bill/be01e6a4-73c2-4b51-9fcf-97df3a4a4814,HB 1562,clarifying the prohibition on using an electronic or telecommunications device while driving.,['bill'],[],2022,New Hampshire,lower
ocd-bill/87c43aef-127a-4ad7-95f0-6a4c5a0be2ec,SB 445,relative to the broadband matching grant initiative.,['bill'],[],2022,New Hampshire,upper
ocd-bill/8dd8a42a-1a65-43b1-8c96-a71c6e31ae93,SB 365,relative to absentee ballot outer envelopes.,['bill'],[],2022,New Hampshire,upper
ocd-bill/f25af62f-8d88-4e08-b268-d53856113411,HB 1036,relative to nonpublic meetings concerning public employees.,['bill'],[],2022,New Hampshire,lower
ocd-bill/edc445f8-17df-4fd7-a99c-b69a75cf5491,HB 517,relative to the state minimum hourly rate.,['bill'],[],2022,New Hampshire,lower
ocd-bill/955fb376-2dc7-47d1-8744-19b211fd3b7c,CACR 27,elected and appointed officials. Providing that all state court judges shall be subject to recall and removal by petition and vote of registered voters pursuant to provisions established by the legislature.,['constitutional amendment'],[],2022,New Hampshire,lower
ocd-bill/621ea36c-e294-4c53-9889-3a9d36c2a405,HB 280,relative to termination of an emergency order issued by the governor.,['bill'],[],2022,New Hampshire,lower
ocd-bill/2139e780-f6d9-4fc8-9925-40349da33ab2,HB 1056,relative to veterans' tax credits.,['bill'],[],2022,New Hampshire,lower
ocd-bill/403529ef-76f0-4410-9b83-9dad7fe54b1d,SB 364,relative to the use of electronic poll books.,['bill'],[],2022,New Hampshire,upper
ocd-bill/f7657f97-b620-41ec-9258-2c1a721b0058,HB 116,relative to personal delivery devices and mobile carriers.,['bill'],[],2022,New Hampshire,lower
ocd-bill/83d952f3-68db-42ad-8022-e3a4fef90d2f,HB 170,commemorating the first labor strike in the United States by women.,['bill'],[],2022,New Hampshire,lower
ocd-bill/433b15e0-643a-420b-af51-5992312e4cc6,HB 1516,relative to the source of funds for education freedom accounts.,['bill'],[],2022,New Hampshire,lower
ocd-bill/baef4a53-da5e-4cd8-bb65-daa73a29ab02,SB 420,establishing an extraordinary need grant for schools.,['bill'],[],2022,New Hampshire,upper
ocd-bill/e6275153-81a8-439a-ad6b-64c754a8ee18,HB 1465,relative to the appointment of counsel for juveniles.,['bill'],[],2022,New Hampshire,lower
ocd-bill/13de27fd-9f3f-4e14-adf1-810e9bc9f238,SB 429,relative to the site evaluation committee.,['bill'],[],2022,New Hampshire,upper
ocd-bill/707b95c7-51c4-47c4-9262-d0db64415536,HB 1251,prohibiting payment of subminimum wages.,['bill'],[],2022,New Hampshire,lower
ocd-bill/30ab011e-4d76-4f44-8730-5189149bdab4,HB 1554,"relative to online payment of fees relating to the operation of off highway recreational vehicles and snowmobiles, and relative to grants administered by the bureau of trails for OHRV trail development and maintenance.",['bill'],[],2022,New Hampshire,lower
ocd-bill/c2ff125b-1226-43e6-b49b-92afe9de9a1f,CACR 34,"relating to the use, sale, or cultivation of cannabis.  Providing that the state shall make no law prohibiting the use, sale, or cultivation of cannabis for persons over 18 years of age.",['constitutional amendment'],[],2022,New Hampshire,lower
ocd-bill/5e4550d3-ed3a-42c3-8dd8-4f7e19610abb,HB 579,requiring notice to the public before immigration checkpoints are conducted.,['bill'],[],2022,New Hampshire,lower
ocd-bill/512e5855-72ed-44a8-904b-6db0c78d914e,HB 346,relative to the funding source for the domestic violence programs fund.,['bill'],[],2022,New Hampshire,lower
ocd-bill/b9c9f0e6-ca3c-4f0c-a56a-85b065cc57e2,HB 1143,relative to medical mandates adopted by employers.,['bill'],[],2022,New Hampshire,lower
ocd-bill/570e7b04-1bd8-4a50-b93b-5ab59a0192d1,HB 1238,relative to zoning powers and the supply of workforce housing.,['bill'],[],2022,New Hampshire,lower
ocd-bill/8953037f-2212-4c38-b632-5ec15ee914cf,HB 1529,requiring prospective employees and volunteers of public libraries to obtain a background check prior to commencing employment or volunteer service.,['bill'],[],2022,New Hampshire,lower
ocd-bill/97993add-07cb-4d66-b69f-43c0b28d9ee3,HB 241,repealing the definition of brook trout.,['bill'],[],2022,New Hampshire,lower
ocd-bill/4e17262a-4c10-4c92-b712-b9047e98f70f,SB 39,exempting information and records contained in law enforcement personnel files from disclosure under the right-to-know law.,['bill'],[],2022,New Hampshire,upper
ocd-bill/5ffbb0ad-d64f-4c2f-a773-189806e0e574,HB 1218,relative to the merger of Granite State college with the university of New Hampshire.,['bill'],[],2022,New Hampshire,lower
ocd-bill/5da0ec8d-9f62-44b2-bae1-2c952672fbf1,SB 44,establishing the New Hampshire workforce pathway program.,['bill'],[],2022,New Hampshire,upper
ocd-bill/8053d79d-effd-4c23-a967-9803169c38b0,HB 1205,allowing the department of environmental services to have access to enhanced 911 information.,['bill'],[],2022,New Hampshire,lower
ocd-bill/5c574fa4-a14a-4a45-b0f6-8a44039c3495,SB 2,allowing the preprocessing of absentee ballots for certain 2021 elections and allowing for the postponement of annual town meetings in calendar year 2021 where concerns exist during the COVID-19 health emergency.,['bill'],[],2022,New Hampshire,upper
ocd-bill/0c7fc36b-1623-4ef6-ba86-e96383f20ff9,CACR 24,the attorney general.  Providing that the attorney general be elected by a majority vote of the members of the general court in a joint session.,['constitutional amendment'],[],2022,New Hampshire,lower
ocd-bill/0396745b-fdd5-4cb8-b50d-f0693417ad3c,HB 1196,relative to school financial reports of public academies.,['bill'],[],2022,New Hampshire,lower
ocd-bill/705c696a-4870-48a3-9492-2c7fdda40bff,HB 1194,relative to the procedure for overriding a local tax cap.,['bill'],[],2022,New Hampshire,lower
ocd-bill/69a1b9d0-1fad-4dff-a2ab-353d1fbc3f0d,HB 1082,prohibiting certain state officers from forming political action committees.,['bill'],[],2022,New Hampshire,lower
ocd-bill/9ec9dc06-e92d-4643-a02f-f797b3ac1557,HB 1005,relative to the creation of a New Hampshire low-grade timber and wood emerging market commission.,['bill'],[],2022,New Hampshire,lower
ocd-bill/b9478d3d-2758-4626-a9c1-9276fa775f87,HB 422,relative to the one-half credit required course in United States and New Hampshire government and civics.,['bill'],[],2022,New Hampshire,lower
ocd-bill/d28a4b8a-583b-41e2-8956-2c453b4c7730,SB 336,relative to family mediator interns.,['bill'],[],2022,New Hampshire,upper
ocd-bill/85276bd2-3433-4551-bcf4-5b62c3e1638f,SB 383,relative to land surveying services.,['bill'],[],2022,New Hampshire,upper
ocd-bill/c5a2ffdd-8e5c-42aa-ad29-f0a836046d51,HB 1504,relative to special purpose depository institutions.,['bill'],[],2022,New Hampshire,lower
ocd-bill/c1ab9ae6-2652-4e2c-be3f-21543a05e1d0,SB 231,relative to an option for students attending an out-of-state school to attend in New Hampshire.,['bill'],[],2022,New Hampshire,upper
ocd-bill/b9020d1a-b42d-4efa-8f58-711262072c19,HB 537,relative to the date of the state primary.,['bill'],[],2022,New Hampshire,lower
ocd-bill/8b15622c-ad55-4be8-9d0b-ce9b2f313310,HB 1414,requiring the state police to submit an annual report on traffic violations.,['bill'],[],2022,New Hampshire,lower
ocd-bill/454f6c9d-5027-4387-87ca-7a57cdf2e414,HB 1199,prohibiting reunification therapy.,['bill'],[],2022,New Hampshire,lower
ocd-bill/e82fa0de-8408-4775-bfc5-409c0ea953a2,HB 1668,requiring a background check prior to any commercial firearm sale.,['bill'],[],2022,New Hampshire,lower
ocd-bill/5668a2b5-9b40-4a57-aa75-88d53fe3bbb1,SB 338,enabling municipalities to adopt a municipal occupancy fee.,['bill'],[],2022,New Hampshire,upper
ocd-bill/60698a77-d2ca-4c06-893e-aa8b7f3fd395,SB 370,allowing the university system and community college system to be municipal host electric customer generators.,['bill'],[],2022,New Hampshire,upper
ocd-bill/433f2b8a-f027-4592-8e9c-32a20970b489,HB 1338,establishing a committee to study imposing a tax on manufacturers based on the cost to dispose of single-use products and product packaging materials.,['bill'],[],2022,New Hampshire,lower
ocd-bill/b003465e-8203-48d3-84cb-dcb689d42055,HB 1446,relative to the governing board of recreational therapists and relative to the governing board of respiratory care practitioners.,['bill'],[],2022,New Hampshire,lower
ocd-bill/fe0f5c2a-299d-4d03-a971-5ca75d204180,HB 406,relative to the ability of the public to observe the processing and counting of absentee ballots.,['bill'],[],2022,New Hampshire,lower
ocd-bill/57ee5b34-1a41-49fe-8350-16f6f91c06e3,HB 629,relative to the home cultivation of cannabis plants and the possession of certain cannabis-infused products.,['bill'],[],2022,New Hampshire,lower
ocd-bill/db69dd5d-1a48-4577-b867-9b7dfee28022,HB 1033,prohibiting recipients of state or local grants or appropriations from using such funds for lobbying.,['bill'],[],2022,New Hampshire,lower
ocd-bill/aee80a5f-91b7-4f9b-aa6b-645b7a7acf6e,SB 151,relative to renewable energy procurement.,['bill'],[],2022,New Hampshire,upper
ocd-bill/0977822e-9044-41c8-a669-fe3a23da5b2c,SB 432,repealing the education freedom account program.,['bill'],[],2022,New Hampshire,upper
ocd-bill/086cffad-5b2a-4516-b926-c4ae7856b0f7,HB 1524,establishing a national service alumni attraction and retention fund.,['bill'],[],2022,New Hampshire,lower
ocd-bill/4be1f662-4d25-4152-93ba-85de917cfc4d,HB 1402,relative to inclusion of chartered public schools in school district bond issuance votes.,['bill'],[],2022,New Hampshire,lower
ocd-bill/bd321bb7-3817-4bd7-b26c-b244c271ffc4,HB 1309,establishing a committee to study revising house rules to assure that all sections of the budget trailer bill receive an adequate public hearing.,['bill'],[],2022,New Hampshire,lower
ocd-bill/27959f0b-6700-4138-ad30-548f797d01a8,HB 1347,relative to licensing requirements for health care facilities that operate on a membership-based business model.,['bill'],[],2022,New Hampshire,lower
ocd-bill/7263af63-c4a0-482e-a2dd-cf6c6d4a13ef,HB 1675,establishing a surcharge collected through E-Z Pass for electric vehicles as an alternative road toll.,['bill'],[],2022,New Hampshire,lower
ocd-bill/3b85668f-ce29-47d2-92bf-6e13a6bc8dcf,HB 1283,relative to liability as taxable income of education freedom account payments.,['bill'],[],2022,New Hampshire,lower
ocd-bill/eb05316b-777b-4507-815a-4a0b5f15e899,HB 440,prohibiting the suspension of civil liberties during a state of emergency.,['bill'],[],2022,New Hampshire,lower
ocd-bill/20b5c565-e49d-470f-8661-7454bc32d980,HB 1147,relative to governmental records available upon request.,['bill'],[],2022,New Hampshire,lower
ocd-bill/5774df71-29a5-40fa-9d6a-2573d021cf05,HB 1273,relative to the use of free and open source software.,['bill'],[],2022,New Hampshire,lower
ocd-bill/aacb3669-37eb-4ed8-8e68-3ccfe80f9801,HB 1119,relative to the regulation of single-use bags.,['bill'],[],2022,New Hampshire,lower
ocd-bill/b4e37e33-4f8c-47ac-8a5d-747c66a1a648,HB 1315,relative to immunity from civil liability for sports officials.,['bill'],[],2022,New Hampshire,lower
ocd-bill/61db7ad2-95fb-4c26-a8e4-96cbfe837ed8,SB 260,relative to search and rescue teams activated by fish and game.,['bill'],[],2022,New Hampshire,upper
ocd-bill/c1252554-da4e-4592-87d9-04ee2eae6c62,SB 266,relative to the limitations on taking another person's lobster or crab trap or pot.,['bill'],[],2022,New Hampshire,upper
ocd-bill/de7b63e0-c4a3-4b03-8c44-8fadb7f58da0,HB 1254,relative to the housing appeals board.,['bill'],[],2022,New Hampshire,lower
ocd-bill/24ab5519-4101-4335-a852-71e52f387a3b,HB 211,revising certain benefit provisions in the city of Manchester employees contributory retirement system.,['bill'],[],2022,New Hampshire,lower
ocd-bill/9d1dbc9c-1da0-4227-943a-2284a0a56dfb,SB 314,relative to modified risk tobacco products.,['bill'],[],2022,New Hampshire,upper
ocd-bill/3da0cb1e-76a9-4442-9530-b241a516571b,SB 337,relative to emergency medical and trauma services data sharing to the purposes of analysis.,['bill'],[],2022,New Hampshire,upper
ocd-bill/69c8da04-ae70-488a-b8d4-421223545e4d,HB 431,relative to the responsibilities of an elected animal control officer.,['bill'],[],2022,New Hampshire,lower
ocd-bill/41aea9b2-6d7a-4318-a876-77db6d326a23,HB 1451,relative to the recovery of submerged logs.,['bill'],[],2022,New Hampshire,lower
ocd-bill/9ec55c59-d7c9-4f40-8efd-a3f82daad003,HB 135,requiring parties responsible for pollution of a drinking water supply to be financially responsible for certain consequences of that pollution.,['bill'],[],2022,New Hampshire,lower
ocd-bill/e1137e9c-438c-449e-89d7-42074410fe0b,HB 1541,establishing a deferral from the business profits tax and the business enterprise tax for qualified limited liability startups.,['bill'],[],2022,New Hampshire,lower
ocd-bill/38791870-fb38-4f86-bf14-e06701cb57a3,SB 369,relative to organic farming.,['bill'],[],2022,New Hampshire,upper
ocd-bill/ea68ce9f-1ceb-49f3-bb74-b0492971fea4,HB 1084,relative to disclosure of the sources of legislative bill proposals.,['bill'],[],2022,New Hampshire,lower
ocd-bill/66c301a1-5f21-44be-91d3-95f4cba13706,HB 60,raising the minimum age of marriage.,['bill'],[],2022,New Hampshire,lower
ocd-bill/4c2020db-46e8-4fe6-9747-dd8a276e6d3e,HB 1457,relative to chain of custody of ballot boxes after an election.,['bill'],[],2022,New Hampshire,lower
ocd-bill/505b166f-5d4b-474a-ade8-0037780c5b46,HB 1306,relative to personal possession of marijuana.,['bill'],[],2022,New Hampshire,lower
ocd-bill/05787a20-c185-4b10-bd69-3434da4db0aa,SB 92,"relative to increasing the penalty for criminal mischief, the release of a defendant pending trial, and requiring law enforcement candidate background checks.",['bill'],[],2022,New Hampshire,upper
ocd-bill/a01b8c7f-e4f7-4af9-b858-64034bb36a44,HB 1030,relative to licensure by alternate experience for licensed nursing assistant.,['bill'],[],2022,New Hampshire,lower
ocd-bill/957f1bd9-7f11-4200-a239-fc8b73730058,HB 1598,legalizing the possession and use of cannabis.,['bill'],[],2022,New Hampshire,lower
ocd-bill/c8c8b155-7729-410d-a735-1eb164110cf7,HB 228,relative to the calculation of child support in cases with equal or approximately equal parenting time.,['bill'],[],2022,New Hampshire,lower
ocd-bill/bb83a7ba-de33-4fc3-9fc0-500feda5fb34,SB 434,relative to the reduction in the calculation of state retirement annuities at age 65.,['bill'],[],2022,New Hampshire,upper
ocd-bill/3223bfe4-78dc-444e-8563-22d8b3e419de,SB 287,relative to balance billing for certain health care services.,['bill'],[],2022,New Hampshire,upper
ocd-bill/3f5afbf3-b0cd-48e7-8cb4-fafb1f74f5ac,HB 1342,relative to municipal charter provisions for tax caps.,['bill'],[],2022,New Hampshire,lower
ocd-bill/7f175d58-b106-49ff-8472-9052afe5d1a9,HB 1427,relative to membership on the speech-language pathology and hearing care provider governing board.,['bill'],[],2022,New Hampshire,lower
ocd-bill/b42c3afc-bc0b-47dc-9f53-7b5c579e0d88,SB 254,apportioning executive council districts.,['bill'],[],2022,New Hampshire,upper
ocd-bill/99b36c85-f776-4301-89e4-59e46c8d72bb,HB 1560,"relative to nonresident licensure by the board of barbering, cosmetology, and esthetics.",['bill'],[],2022,New Hampshire,lower
ocd-bill/97e4a226-5c34-4f2b-867e-d4677a1b44d7,HB 1113,"prohibiting the department of education and the state board of education from directing or limiting school instructional options, such as remote learning.",['bill'],[],2022,New Hampshire,lower
ocd-bill/b7cc7d2e-5a60-4a5c-ada1-9692fdc2cbaf,HB 1317,requiring the director of the state police in consultation with the bureau of marine patrol to report annually to the legislature regarding new developments in electric and gasoline powered recreational watercraft.,['bill'],[],2022,New Hampshire,lower
ocd-bill/06101c99-14e7-4d99-97bb-93cb2e43c8b2,HB 1284,establishing a committee to study the effects of deportation of primary earners on family members who are United States citizens.,['bill'],[],2022,New Hampshire,lower
ocd-bill/e5e00197-e78d-428d-ba34-b719c8e1aacb,HB 418,relative to supreme court reporting.,['bill'],[],2022,New Hampshire,lower
ocd-bill/33049332-893e-49c6-8c85-0e8fa65045ff,HB 1116,relative to renewable energy customer-generators accounts and credits.,['bill'],[],2022,New Hampshire,lower
ocd-bill/13131f5a-a4d9-4e67-9e24-cec228c96c01,SB 426,relative to the adequate education grants for fiscal year 2023.,['bill'],[],2022,New Hampshire,upper
ocd-bill/773a3b46-aff9-4541-bd34-e6657cf32f17,HB 1272,limiting the authority of town health officers.,['bill'],[],2022,New Hampshire,lower
ocd-bill/1b83b5ca-fc01-4b0d-aca2-6abaac1d43f2,SB 68,requiring an employer to provide reasonable accommodations for pregnant employees.,['bill'],[],2022,New Hampshire,upper
ocd-bill/73414153-1eb1-4129-8388-eeefea100199,HB 191,relative to prior authorizations and patient transfers under managed care group health insurance policies.,['bill'],[],2022,New Hampshire,lower
ocd-bill/ee586716-5aaa-410a-bc46-5876f6ec49c5,HB 1055,relative to the property tax exemption for individuals with disabilities and individuals who are deaf or severely hearing impaired.,['bill'],[],2022,New Hampshire,lower
ocd-bill/caf46765-6168-4f3c-9bc1-56bff1b0b034,SB 161,relative to non-fraud overpayments for unemployment benefits.,['bill'],[],2022,New Hampshire,upper
ocd-bill/7460fd5c-a9a8-4895-a7ad-a7e30d1e7dd8,HB 1069,relative to the election of village district commissioners.,['bill'],[],2022,New Hampshire,lower
ocd-bill/580f799a-e1d0-4aa2-beb5-8a1d371317b2,HB 125,relative to post-arrest photo distribution by law enforcement officers.,['bill'],[],2022,New Hampshire,lower
ocd-bill/0da123ea-3de6-4913-acf4-59575146563c,HB 232,relative to nonpublic sessions under the right to know law.,['bill'],[],2022,New Hampshire,lower
ocd-bill/e53b517c-e297-42d8-9699-1ad34bbc2399,HB 347,relative to driving with a suspended license.,['bill'],[],2022,New Hampshire,lower
ocd-bill/44dd3099-b2e8-43db-922a-04ec3181a167,HB 488,establishing a committee to study the benefits of allowing New Hampshire citizens to purchase health insurance from out-of-state companies.,['bill'],[],2022,New Hampshire,lower
ocd-bill/c43f9fc9-bfce-470b-b920-3620a0f537b0,HB 307,relative to the state preemption of the regulation of firearms and ammunition.,['bill'],[],2022,New Hampshire,lower
ocd-bill/4164ff7e-3e52-4c1a-9577-735a22fe381e,HB 349,relative to certification requirements for school nurses.,['bill'],[],2022,New Hampshire,lower
ocd-bill/4c8dfa4c-d29c-4077-8adf-1e4d3488aa28,HB 233,establishing a committee to study the right of any infant born alive to medically appropriate and reasonable care and treatment.,['bill'],[],2022,New Hampshire,lower
ocd-bill/08bdfd04-d052-4f74-bbf9-2a440bc42246,HB 205,relative to incarceration under a suspended sentence.,['bill'],[],2022,New Hampshire,lower
ocd-bill/e19a6701-9e38-43c6-971b-b1d838528b16,HB 1232,reducing the penalty for first offense drug possession and repealing certain mandatory minimum sentences.,['bill'],[],2022,New Hampshire,lower
ocd-bill/e5059561-142b-4126-afe0-0d3036e90e0f,SB 368,"establishing the agricultural hearings officer revolving fund and relative to penalties for unlawfully transferring dogs, cats, and ferrets.",['bill'],[],2022,New Hampshire,upper
ocd-bill/9d83ae01-e433-4820-8950-cc095f645409,SB 324,"relative to the resolution of disputes for condominium unit owners, homeowners' association unit owners, and tenant owned manufactured housing parks.",['bill'],[],2022,New Hampshire,upper
ocd-bill/7265749a-e125-4a2d-a01c-e0dc01518f39,SB 292,requiring notice of arrest to a probation and parole officer.,['bill'],[],2022,New Hampshire,upper
ocd-bill/2b92729d-1f10-4d13-a02d-24229d000309,SB 352,relative to substitute teacher criminal history records check.,['bill'],[],2022,New Hampshire,upper
ocd-bill/d34d845e-069a-4cc5-88ae-a24a4b0d7d27,SB 340,relative to the direct to consumer shipment of alcohol to New Hampshire residents.,['bill'],[],2022,New Hampshire,upper
ocd-bill/36284837-4395-4afd-9b9b-35ee9316ef96,HB 1233,prohibiting higher education institutions receiving state funds from requiring face masks and COVID-19 vaccinations for attendance.,['bill'],[],2022,New Hampshire,lower
ocd-bill/192bd22a-7056-4e64-8a07-9cfb5e1ab3e1,HB 95,relative to milk pasteurization.,['bill'],[],2022,New Hampshire,lower
ocd-bill/7d24de33-c7c6-4f6f-a918-4535c0270689,HB 1112,relative to competitive bidding in counties.,['bill'],[],2022,New Hampshire,lower
ocd-bill/57210c0e-b579-4f89-8748-c70b6afb29e8,HB 1376,relative to participation in the education freedom accounts program by students with disabilities.,['bill'],[],2022,New Hampshire,lower
ocd-bill/a6f73900-cb35-49ee-86d1-8283840c623b,HB 1369,relative to COVID-19 health and safety policies at New Hampshire performing arts venues.,['bill'],[],2022,New Hampshire,lower
ocd-bill/3eb68d0c-2a83-4271-a953-a817324f8658,HB 1180,relative to state recognition of biological sex.,['bill'],[],2022,New Hampshire,lower
ocd-bill/2f284d08-5830-474e-a975-4b11dd0baf8d,HB 1137,relative to the duty of school boards to provide education.,['bill'],[],2022,New Hampshire,lower
ocd-bill/9effcd2c-cf25-4a44-8ebe-a67bb5398c14,SB 274,relative to governmental construction contracts.,['bill'],[],2022,New Hampshire,upper
ocd-bill/03b94530-199b-4206-aea0-8e7d786670af,SB 379,establishing the solid waste management fund and grant program.,['bill'],[],2022,New Hampshire,upper
ocd-bill/7c3f3045-dbb3-4a21-ae6b-20f7b559c130,SB 220,relative to establishing a committee to study licensure of mental health professionals.,['bill'],[],2022,New Hampshire,upper
ocd-bill/1b2f4e46-ccf1-4f5a-9a87-358f89ecd76b,SB 412,making an appropriation to the department of health and human services for nursing home reimbursement rates.,['bill'],[],2022,New Hampshire,upper
ocd-bill/089f31e8-3715-4917-9f27-2af9c4ae0f43,SB 299,relative to the penalty for escape and relative to home cultivation of cannabis plants and the possession of certain cannabis-infused products.,['bill'],[],2022,New Hampshire,upper
ocd-bill/66abc587-46be-4851-870f-f67d305ebdeb,SB 389,defining mobile service garages and relative to state vehicle inspections.,['bill'],[],2022,New Hampshire,upper
ocd-bill/3976efad-9000-48f7-8081-ddde25b4fd9b,SB 309,authorizing certain organizations to issue decal plates.,['bill'],[],2022,New Hampshire,upper
ocd-bill/760f16aa-848d-43af-b97f-0c3a58c992ca,HB 1674,relative to reproductive rights.,['bill'],[],2022,New Hampshire,lower
ocd-bill/fcba19ff-d047-4725-9263-1adf54b54c83,HB 1517,creating a pollinator solar scorecard.,['bill'],[],2022,New Hampshire,lower
ocd-bill/a0c13110-f985-4576-be58-2f2c1f4d375e,HB 1510,establishing a committee to study the hiring processes used by state agencies.,['bill'],[],2022,New Hampshire,lower
ocd-bill/465b6916-11da-4ebf-9e41-f8bc2227e773,HB 1483,relative to the use of physical force by a law enforcement officer.,['bill'],[],2022,New Hampshire,lower
ocd-bill/45a53a80-ecf3-4e6a-b883-8f4bc529568e,HB 1211,requiring the installation of electronic tolling.,['bill'],[],2022,New Hampshire,lower
ocd-bill/892b4fd1-7bc7-43a9-8afe-619839da38da,HB 1572,relative to funds credited to the harbor dredging and pier maintenance fund and making appropriations for the dredging of Rye harbor and Seabrook/Hampton harbor.,['bill'],[],2022,New Hampshire,lower
ocd-bill/d9e96521-4348-4ec1-8987-79638b759fee,SB 116,relative to the project to complete construction of an exit on I-93 in Derry and Londonderry.,['bill'],[],2022,New Hampshire,upper
ocd-bill/aeba6796-daab-45a9-b6a0-d8e4ff607ccc,HB 1124,requiring businesses to use the federal E-Verify system of the United States Citizenship and Immigration Services.,['bill'],[],2022,New Hampshire,lower
ocd-bill/bf4b6fb2-44b8-41b2-a024-610199e9884f,HB 1656,establishing a road usage registration fee and making an appropriation therefor.,['bill'],[],2022,New Hampshire,lower
ocd-bill/bbf105c6-4b21-4565-b118-aca3df234062,HB 1021,prohibiting certain zoning regulation of land or structures used primarily for religious purposes.,['bill'],[],2022,New Hampshire,lower
ocd-bill/e18af994-d8f2-4940-a79c-a600235b1f55,HB 1277,relative to the reporting of cybersecurity incidents.,['bill'],[],2022,New Hampshire,lower
ocd-bill/288af234-3f2e-49d3-83cc-1140adb901b5,HB 1282,relative to the records of communication common carriers.,['bill'],[],2022,New Hampshire,lower
ocd-bill/9028ab95-f14b-462c-bd5e-7ad3f96a6c34,SB 209,relative to electronic wage payments.,['bill'],[],2022,New Hampshire,upper
ocd-bill/5a4f7e26-bbd8-43f4-a072-64e7e6315b90,SB 245,establishing a committee to study agreements between developers and municipalities on municipal trash removal fees paid by condominium owners and renters.,['bill'],[],2022,New Hampshire,upper
ocd-bill/fef5edd6-d20d-401a-893c-e7fcd3e4bd58,HB 1606,relative to administration of the state immunization registry.,['bill'],[],2022,New Hampshire,lower
ocd-bill/cdc8ad74-3dca-4ce2-9231-843812e14918,HB 1135,"requiring a performance audit of the department of education, education freedom account program.",['bill'],[],2022,New Hampshire,lower
ocd-bill/abbdbf8a-abf5-47b7-8f49-30f1e7773d7c,HB 1178,"prohibiting the state from enforcing any federal statute, regulation, or Presidential Executive Order that restricts or regulates the right of the people to keep and bear arms.",['bill'],[],2022,New Hampshire,lower
ocd-bill/cee0a962-1d32-4d90-b8e3-39ab7e4255a2,HB 1080,relative to the rights of conscience for medical professionals.,['bill'],[],2022,New Hampshire,lower
ocd-bill/a14c5e75-f128-41a8-af1b-7fdae21dfa73,HB 1307,modifying the authority and duties of the housing appeals board.,['bill'],[],2022,New Hampshire,lower
ocd-bill/ed4bf8fa-2fe7-4222-8390-473bce32b176,HB 1416,relative to consent for mental health treatment in parenting cases with shared decision-making responsibility.,['bill'],[],2022,New Hampshire,lower
ocd-bill/aee22bce-c4c1-45e4-a656-4effaa5a327f,HB 1039,"relative to the definition of ""beverage manufacturer retail outlet,"" certain liquor licenses and fees, including beer and specialty beverage festival licenses, relative to direct to consumer shipments of alcohol.",['bill'],[],2022,New Hampshire,lower
ocd-bill/35b73a3d-4430-4dea-9609-b91cf4e665eb,HB 1397,relative to the length of terms for Rockingham county officers.,['bill'],[],2022,New Hampshire,lower
ocd-bill/cefe9fc7-a464-42e3-8fec-51e8a4ef80e6,HB 1595,relative to establishing a statewide food truck license.,['bill'],[],2022,New Hampshire,lower
ocd-bill/5d832f15-aa7e-4780-a3d5-fdda57cb6b0d,HB 1664,requiring certain non-public schools or education service providers that accept public funds to perform background checks on all employees and volunteers.,['bill'],[],2022,New Hampshire,lower
ocd-bill/ce439355-f5e3-492c-a621-81c65b06e91c,HB 213,relative to the elimination of useful thermal energy from renewable energy classes.,['bill'],[],2022,New Hampshire,lower
ocd-bill/98bcb288-016a-49f9-a409-2d309cfdc8df,HB 1557,relative to survivor benefit optional allowances under the retirement system.,['bill'],[],2022,New Hampshire,lower
ocd-bill/395115eb-c014-45da-a57f-16155025a3a0,HB 1502,relative to digital assets and digital securities.,['bill'],[],2022,New Hampshire,lower
ocd-bill/ac4c0ac1-e25a-4c1f-bc33-07ecf056670c,HB 1368,relative to recusal by members of the general court for conflicts of interest.,['bill'],[],2022,New Hampshire,lower
ocd-bill/5098232d-64ee-4c76-8768-032712d77ac5,HB 2023,"making appropriations to the department of energy for a state emergency fuel assistance program and a supplemental electric benefit, and relative to the electric low-income program fund.",['bill'],[],2022,New Hampshire,lower
ocd-bill/279039e6-279b-43db-a3d9-75e35c91f00d,HB 1630,requiring high school students to complete a half year required course in the introduction to philosophy.,['bill'],[],2022,New Hampshire,lower
ocd-bill/33231f45-6b50-4c38-81a7-b90d5b1eddb5,HB 1028,relative to the form of individual health insurance policies.,['bill'],[],2022,New Hampshire,lower
ocd-bill/60d13499-edd7-4862-a43c-0ab8d0bd8f54,SB 264,relative to certain references to the department of energy and transferring authority over the low-income electricity assistance program to the department of energy.,['bill'],[],2022,New Hampshire,upper
ocd-bill/5eb2bda3-4bff-4231-98e9-8c33f5e482b7,HB 1399,relative to school district withdrawal from a cooperative school district.,['bill'],[],2022,New Hampshire,lower
ocd-bill/280dfd02-9977-4ae3-9807-a64675238e4f,HB 1676,relative to making incentive grants for school districts that improve in certain assessment scores.,['bill'],[],2022,New Hampshire,lower
ocd-bill/0a94d526-f124-4f92-badf-dfa58d818848,HB 1312,relative to water pollution and waste disposal rulemaking.,['bill'],[],2022,New Hampshire,lower
ocd-bill/0d77e38e-c938-4733-8cbd-f9279743e44f,SB 399,relative to certain provisions of the fetal life protection act requiring an ultrasound examination.,['bill'],[],2022,New Hampshire,upper
ocd-bill/7e8715bf-d001-4bc9-bb8d-e44a2227cc68,HB 153,establishing a committee to study universal Internet access for New Hampshire.,['bill'],[],2022,New Hampshire,lower
ocd-bill/8ab97bc8-3e32-4365-b09d-e87c794d5c73,HB 1020,relative to additional lights on emergency vehicles.,['bill'],[],2022,New Hampshire,lower
ocd-bill/2e82b5aa-e2fd-4b01-a00c-e0ce716d0236,CACR 13,relating to legislator compensation.  Providing that compensation for elected members of the general court shall be amended.,['constitutional amendment'],[],2022,New Hampshire,lower
ocd-bill/b54b8233-6cb9-4b90-a411-c7b076527f11,HB 204,"proclaiming January 24 as ""Granny D"" day.",['bill'],[],2022,New Hampshire,lower
ocd-bill/b456025e-de14-45dc-9f92-ba03842c6efc,HB 591,relative to certain liquor license fees.,['bill'],[],2022,New Hampshire,lower
ocd-bill/3c88f949-b3e8-4437-9ddf-aaac0141c3f1,CACR 32,relating to independence. Providing that the state peaceably declares independence from the United States and proceeds as a sovereign nation.,['constitutional amendment'],[],2022,New Hampshire,lower
ocd-bill/d644bbf1-4877-4c5a-bace-b493481638bc,HB 608,relative to the formula for determining funding for an adequate education.,['bill'],[],2022,New Hampshire,lower
ocd-bill/b7392b52-094a-45b5-a0a9-a662903c4b4a,HB 1535,relative to a one-time allowance for certain state retirees.,['bill'],[],2022,New Hampshire,lower
ocd-bill/50f5487d-b39b-4468-839a-82059b787d29,HB 275,relative to the declaration of a state of emergency.,['bill'],[],2022,New Hampshire,lower
ocd-bill/64f79729-f7d6-40da-b39a-b99d61171d6e,HB 1396,relative to the payment of child support.,['bill'],[],2022,New Hampshire,lower
ocd-bill/4372da3a-ab48-455a-86d8-b89c00bb15a8,HB 1264,establishing ranked-choice voting for state party primary elections and municipal elections.,['bill'],[],2022,New Hampshire,lower
ocd-bill/5f71137c-7ada-4d3d-8313-75fbbcdd3a0d,HB 1217,relative to agency reporting of state-owned property.,['bill'],[],2022,New Hampshire,lower
ocd-bill/ef3c2a1a-d671-4c15-bf1d-b5263ab2ece8,HCR 6,urging that the United Kingdom return the Parthenon (Elgin) marbles to Greece.,['concurrent resolution'],[],2022,New Hampshire,lower
ocd-bill/a02ca389-5ccd-4609-8721-94b9a901f930,HB 136,requiring schools to update documents and software to include the option of identifying a student as non-binary.,['bill'],[],2022,New Hampshire,lower
ocd-bill/80eb0e20-7fd2-478e-a1b1-8324cb899be3,HB 87,relative to the definition of electioneering.,['bill'],[],2022,New Hampshire,lower
ocd-bill/9a47d718-7e87-42d5-a1e6-03b499317939,SB 300,relative to the state commission for human rights.,['bill'],[],2022,New Hampshire,upper
ocd-bill/ac40f3c3-1833-46ee-ba9e-9ecf3c5c3a36,HB 1561,relative to school nutrition standards.,['bill'],[],2022,New Hampshire,lower
ocd-bill/1524d7e8-8b51-48d0-9c1b-ad6b969eb4cb,HB 84,"declaring May 21, 2022 as Ona Judge Staines Day.",['bill'],[],2022,New Hampshire,lower
ocd-bill/bec49d7a-38bd-4d59-bba9-4ec553e3057d,HB 1101,relative to a forfeiture of personal property.,['bill'],[],2022,New Hampshire,lower
ocd-bill/d736dde2-27af-4c29-8344-efc2103ac5a4,HB 1482,relative to ranked-choice voting.,['bill'],[],2022,New Hampshire,lower
ocd-bill/83de3959-5d8f-4130-9d6f-6aeb9a23d4ad,HB 1575,relative to waiver of tuition in the university system and community college system.,['bill'],[],2022,New Hampshire,lower
ocd-bill/7ad8ecf2-dec6-4ea4-a228-dac35dc6b28b,HB 1144,requiring public schools to teach labor history.,['bill'],[],2022,New Hampshire,lower
ocd-bill/0fd15fe1-532b-4db9-b4d1-7790410d52b0,SB 69,requiring employers to provide access to a sufficient space for nursing mothers and reasonable break time.,['bill'],[],2022,New Hampshire,upper
ocd-bill/51c6d239-8301-4fa1-8f10-c05208b08915,HCR 7,reaffirming support for the nation of Israel and the location of the embassy of the United States therein.,['concurrent resolution'],[],2022,New Hampshire,lower
ocd-bill/90567ba6-84ba-41cd-97b5-6bde1b0a4ede,HB 1313,relative to rights to freedom from discrimination in higher education.,['bill'],[],2022,New Hampshire,lower
ocd-bill/14c6757d-38e7-48c1-b1ff-b9505246fa46,HB 1551,relative to the right of a party in a family court case to create their own written transcripts of court proceedings.,['bill'],[],2022,New Hampshire,lower
ocd-bill/fa4d5fa6-4903-4368-9394-b09ba863fe24,HB 394,"establishing a commission to study the short and long term impacts of pending national and regional carbon pricing mechanisms on New Hampshire’s residents, agriculture, wildlife and natural resources-based tourism sector, and commercial enterprises.",['bill'],[],2022,New Hampshire,lower
ocd-bill/8cec9cae-5504-4959-989b-23374a04c754,HB 1616,relative to the prohibition against a minor's possession of hypodermic needles without a prescription.,['bill'],[],2022,New Hampshire,lower
ocd-bill/a012a79c-3272-415a-9426-42dfe0784c45,HB 1657,establishing a New Hampshire farm to school reimbursement program.,['bill'],[],2022,New Hampshire,lower
ocd-bill/7c7d9a46-b8ae-41bc-8aa5-4498a0332069,HB 408,relative to employment restrictions for registered sex offenders.,['bill'],[],2022,New Hampshire,lower
ocd-bill/4a7adec0-dd77-4912-ba1b-406b37011b73,HB 622,protecting nascent human life as a reasonable and valid state interest.,['bill'],[],2022,New Hampshire,lower
ocd-bill/25fc3bf7-938f-48a5-825a-51193ceb80d3,HB 1685,establishing a school facility planning and development program in the department of education.,['bill'],[],2022,New Hampshire,lower
ocd-bill/b1094508-c66f-4763-93af-87d3b506ba74,HB 1456,relative to the Hampton marine memorial.,['bill'],[],2022,New Hampshire,lower
ocd-bill/3058fc6b-ea65-4c28-b203-0bffe7e68c49,HB 1493,relative to the drug forfeiture fund.,['bill'],[],2022,New Hampshire,lower
ocd-bill/4d771e77-f375-440b-b9c1-22b3ca5f0d78,HB 1215,"relative to the definition of ""residual amount"" in the controlled drug act.",['bill'],[],2022,New Hampshire,lower
ocd-bill/99a8983b-8901-4da8-878d-d8eb3d4a12d4,HB 531,relative to determining the qualifications of voters and establishing provisional voter registration and provisional ballots.,['bill'],[],2022,New Hampshire,lower
ocd-bill/eb966732-86a1-4623-91ef-f8c48f4f074b,HB 1512,relative to the parole of certain prisoners.,['bill'],[],2022,New Hampshire,lower
ocd-bill/0a2762d9-b5fe-4306-9160-9d21e371e66a,HB 1615,relative to driver education and the driver training fund.,['bill'],[],2022,New Hampshire,lower
ocd-bill/7dbbd5bd-7993-41e1-a413-ce5095f23588,HB 1079,relative to part-time employment of a retirement system retiree.,['bill'],[],2022,New Hampshire,lower
ocd-bill/d37d3aab-4e6c-4668-9bc3-5b44e368cad5,SB 227,"relative to death benefits of police officers to include corrections officers, probation-parole officers, and correctional line personnel, and including death from suicide, and relative to forfeiture of personal property.",['bill'],[],2022,New Hampshire,upper
ocd-bill/586fe524-3385-41bc-b0aa-c74f216c2621,SB 257,enabling municipalities to incorporate sewage disposal systems as part of their stormwater utility.,['bill'],[],2022,New Hampshire,upper
ocd-bill/95d9c383-2ecc-4bc1-9e0c-6f516a8d55a5,HB 1540,relative to recording custodial interrogations.,['bill'],[],2022,New Hampshire,lower
ocd-bill/f934324b-fa55-4aea-a24d-6d759eb56d7d,SB 403,"re-establishing the Special Supplemental Nutrition Program for Women, Infants, and Children (WIC) Farmers Market Nutrition Program.",['bill'],[],2022,New Hampshire,upper
ocd-bill/34afc2cf-8065-486b-a34f-37f4c4ff39c6,CACR 18,relating to reproductive medical decisions. Providing that the state shall not infringe or unduly inconvenience the right of reproductive medical decisions.,['constitutional amendment'],[],2022,New Hampshire,lower
ocd-bill/76ed4181-8da1-43cb-a510-79be0927c03d,SB 207,relative to administrative fee credit for insurance company external review.,['bill'],[],2022,New Hampshire,upper
ocd-bill/3d7149ca-51e9-4b18-8b7d-a65e9484f313,HB 1262,commemorating the 250th anniversary of the Pine Tree Riot.,['bill'],[],2022,New Hampshire,lower
ocd-bill/e72f86fe-c4ab-4e86-86a3-d72f8285bfb9,SB 354,"relative to insurance adjuster licensing, insurance producer licensing fees, and the sale of credit life and credit accident and health insurance policies by banks.",['bill'],[],2022,New Hampshire,upper
ocd-bill/5c072cad-d2e3-455b-a78a-37485a2686f3,SB 291,"establishing a committee to study the issue of unmarried cohabitants, domestic partnerships, and common law marriage.",['bill'],[],2022,New Hampshire,upper
ocd-bill/7647ac3c-a686-4494-baa0-b71d041c3530,HB 1526,relative to income eligibility for in and out medical assistance and relative to the executive committee for the mental health counseling compact.,['bill'],[],2022,New Hampshire,lower
ocd-bill/69c46e17-b751-4c75-9052-bb5b6b47fa93,SB 441,relative to the municipal share of fines for motor vehicle speeding offenses.,['bill'],[],2022,New Hampshire,upper
ocd-bill/2fa18852-7bff-46d9-8da2-09c27bf72467,SB 221,relative to the internal organization of the department of corrections.,['bill'],[],2022,New Hampshire,upper
ocd-bill/c0ee39b0-dca1-41b5-a51c-1c23a96ed443,SB 425,relative to the establishment of an election information portal.,['bill'],[],2022,New Hampshire,upper
ocd-bill/c5b3e095-dc07-4581-92b5-47dbcebb8095,CACR 17,"relating to ballot measures.  Providing that upon petition by voters, a question may be placed on the ballot of a statewide election.",['constitutional amendment'],[],2022,New Hampshire,lower
ocd-bill/c3d6e33b-fe1c-444e-b196-b185f11080e7,HB 1077,repealing the prohibition on conversion therapy for minors.,['bill'],[],2022,New Hampshire,lower
ocd-bill/e6f0ee51-2ea9-4156-9b02-8410d9527570,HB 1565,relative to the opioid abatement trust fund.,['bill'],[],2022,New Hampshire,lower
ocd-bill/6762354c-4731-425e-bd70-c13f2448bbb0,SB 226,establishing a recruitment and retention program for state employment.,['bill'],[],2022,New Hampshire,upper
ocd-bill/4007ce74-f86d-45dd-a587-e7eff59f3dee,HB 435,relative to the suspension of drivers' licenses,['bill'],[],2022,New Hampshire,lower
ocd-bill/d8f19c91-fa1c-4f8a-a0c7-de9d4abbd1d9,HB 1566,relative to the New Hampshire prescription drug affordability board.,['bill'],[],2022,New Hampshire,lower
ocd-bill/b3c40a2b-80f3-40fc-80c6-1a26fae27384,HB 1122,authorizing municipalities to collect and resell construction and demolition debris.,['bill'],[],2022,New Hampshire,lower
ocd-bill/f3cbb0a9-bcc9-4b73-8a28-41d5a1a39571,SB 381,establishing an office of the advocate for special education.,['bill'],[],2022,New Hampshire,upper
ocd-bill/2f998f6c-d28d-4d86-9aa4-36fb72dd9a4f,HB 611,abolishing fluoridation in water.,['bill'],[],2022,New Hampshire,lower
ocd-bill/13a967c7-5a37-4034-a050-f585ef4c85f4,HB 556,relative to state-ordered counseling.,['bill'],[],2022,New Hampshire,lower
ocd-bill/cb4c3d19-76d5-4102-853d-4b7cbbb888f1,HB 562,exempting victims of trafficking in persons from participating in children in need of services proceedings.,['bill'],[],2022,New Hampshire,lower
ocd-bill/27a0fa54-e0e7-4866-bfee-80b1e32d194c,HB 86,relative to voter qualifications and registration procedures.,['bill'],[],2022,New Hampshire,lower
ocd-bill/ea9f9bf9-c49a-43a7-93a0-2d556a1868f7,HB 549,relative to the system benefits charge and the energy efficiency and sustainable energy board.,['bill'],[],2022,New Hampshire,lower
ocd-bill/f7a353f1-9242-4533-bfed-ae95bb41aa8c,HB 366,defining animal hoarding.,['bill'],[],2022,New Hampshire,lower
ocd-bill/264d01c1-19e5-4fc7-8a01-c6c6a503887c,HB 337,"relative to on-premises cigar, beverage, and liquor licenses.",['bill'],[],2022,New Hampshire,lower
ocd-bill/7f675831-5f14-4e45-b775-47e9e5409de2,HB 166,relative to safety requirements for pools on foreclosed residential property.,['bill'],[],2022,New Hampshire,lower
ocd-bill/32d96306-e66c-458d-ae46-0512c4f01650,HB 323,relative to a statewide student assessment report.,['bill'],[],2022,New Hampshire,lower
ocd-bill/738dc625-50aa-41a5-ba11-7d80ac35aa1d,SB 135,relative to the calculation of the cost of an opportunity for an adequate education,['bill'],[],2022,New Hampshire,upper
ocd-bill/0e67c71b-9eff-4de2-944b-5ab8fc2c83df,HB 176,"allowing beverages, wine, and mixed drinks to be sold for take out and delivery by restaurants holding an on-premises license.",['bill'],[],2022,New Hampshire,lower
ocd-bill/8a4b05b2-03fc-490b-8ba4-83bf7db6382c,HB 264,requiring health care providers to provide cost quotes for non-emergency services.,['bill'],[],2022,New Hampshire,lower
ocd-bill/43d475e8-8836-4527-90ba-78f38c01e4d6,SB 281,relative to nursing home policies regarding notice of vacancy.,['bill'],[],2022,New Hampshire,upper
ocd-bill/bb037a54-94a0-4337-b3d8-5bad9dcacbe0,HB 1256,"relative to positions within the department of military affairs and veterans services, making an appropriation to the state regenerative manufacturing workforce development fund, and adjusting and making an appropriation relative to the medicaid reimbursement rates for ambulance services.",['bill'],[],2022,New Hampshire,lower
ocd-bill/67e3d545-89ed-4f6a-b7e0-eef4f1f97bb2,SB 384,requiring notice of the hands-free law at the point of sale for cell phones.,['bill'],[],2022,New Hampshire,upper
ocd-bill/030b3cd4-0499-47ad-88ba-204b9d998a3a,SB 415,making an appropriation to the department of health and human services for the purpose of increasing rates paid to homeless shelters.,['bill'],[],2022,New Hampshire,upper
ocd-bill/e6d59a63-b951-4c17-a30d-904b5889e1c0,SB 341,relative to treatment of PFAS contaminants in the drinking water of the Merrimack Village Water District.,['bill'],[],2022,New Hampshire,upper
ocd-bill/6774c51b-0652-453e-b2b2-26637e7d84fd,HB 1476,relative to release of a defendant pending trial.,['bill'],[],2022,New Hampshire,lower
ocd-bill/28f16f41-2ae4-448a-889e-5fbb810d7eb2,CACR 36,residency for the purpose of voting.  Providing that only residents of the state may vote in elections.,['constitutional amendment'],[],2022,New Hampshire,upper
ocd-bill/8c8c0479-da1a-4a83-9775-e18837649b18,HB 1187,relative to milk pasteurization.,['bill'],[],2022,New Hampshire,lower
ocd-bill/5db7cfc7-11be-4168-a991-cb4f311dac40,HB 238,"prohibiting provocations based on a victim’s actual or perceived gender, gender identity, gender expression, or sexual orientation from being used as a defense in manslaughter cases.",['bill'],[],2022,New Hampshire,lower
ocd-bill/dee394a8-6089-4b54-8c29-b281b1202f20,SB 70,relative to insurance coverage for emergency behavioral health services for children and young adults.,['bill'],[],2022,New Hampshire,upper
ocd-bill/b9516926-0ca0-445a-ba54-762fd1f6290d,HB 1155,relative to persons elected to a local board serving on another board.,['bill'],[],2022,New Hampshire,lower
ocd-bill/a56ef3ab-5765-43a3-a259-daad8d9d1825,SB 436,relative to access to abortion care.,['bill'],[],2022,New Hampshire,upper
ocd-bill/0fe01a18-5a33-4861-86c1-c92d7373c6fa,SB 315,directing that a portion of revenue distributions from the meals and rooms municipal revenue fund be used by municipalities to reduce the local property tax rate.,['bill'],[],2022,New Hampshire,upper
ocd-bill/56f9f5d9-3192-4c06-822e-89342ce42c65,HB 1591,eliminating the enforcement division of the liquor commission.,['bill'],[],2022,New Hampshire,lower
ocd-bill/a4197e5a-1cf6-461e-9cd1-581009ab0667,HB 210,increasing exemptions under the interest and dividends tax and decreasing the total amount of research and development credits against business taxes.,['bill'],[],2022,New Hampshire,lower
ocd-bill/080975fc-a11d-4912-96fc-c7355e578462,HB 613,relative to state aid to school districts with special education pupils and relative to pooled risk management for unanticipated special education cost recovery.,['bill'],[],2022,New Hampshire,lower
ocd-bill/44e88589-d9b0-4937-988f-31e3cfcfbbbf,HB 1672,relative to misuse of education freedom account funds.,['bill'],[],2022,New Hampshire,lower
ocd-bill/29ab873c-43f0-4ffc-b398-a494c1e213bd,HB 602,relative to reimbursements for telemedicine.,['bill'],[],2022,New Hampshire,lower
ocd-bill/9bf8dbac-b967-48d7-b75d-32d37accb2e8,HB 1647,relative to the calculation of child support.,['bill'],[],2022,New Hampshire,lower
ocd-bill/0d8a6945-dc63-4df7-b71c-9f5a92ad7735,SB 251,relative to the advisory board of a tax increment financing district.,['bill'],[],2022,New Hampshire,upper
ocd-bill/f769e319-db5c-46a9-a6d4-b714d389c90a,SB 328,relative to the date of the state primary election.,['bill'],[],2022,New Hampshire,upper
ocd-bill/8beca880-5bb2-4986-9b9b-edc86c848444,HB 1193,relative to chartered public school fees and enrollment policies.,['bill'],[],2022,New Hampshire,lower
ocd-bill/8a485895-12ad-4899-ace2-ba0833a06ac5,HB 1330,repealing the board of medical technicians in the office of professional licensure and certification.,['bill'],[],2022,New Hampshire,lower
ocd-bill/489fe8b4-b477-43f5-b4d8-f014d758c024,SB 53,relative to confidentiality of department of revenue administration records.,['bill'],[],2022,New Hampshire,upper
ocd-bill/512b104a-41f3-4250-89c5-0d3d3c471f8b,SB 308,relative to driver's licenses for certain visa holders.,['bill'],[],2022,New Hampshire,upper
ocd-bill/65aa95b3-3fed-46a1-a0de-e715b3540eb1,HB 1171,exempting certain niche beauty services from licensure requirements.,['bill'],[],2022,New Hampshire,lower
ocd-bill/467cbdd8-87b7-49c8-a56e-c8546f235b94,SB 311,relative to access to drivers' license information for healthcare and motor vehicle related business purposes.,['bill'],[],2022,New Hampshire,upper
ocd-bill/8729bfb8-8955-44d9-a968-3829b162f448,SB 144,relative to child care scholarships.,['bill'],[],2022,New Hampshire,upper
ocd-bill/9c281e8c-25b0-4e66-8373-d34fb01e1c51,SB 332,relative to the retention of long-term care workers and other front line employees.,['bill'],[],2022,New Hampshire,upper
ocd-bill/0453fdc7-63ce-45e7-b78e-50abe8c8d08d,SB 218,declaring October 13 as Metastatic Breast Cancer Awareness Day.,['bill'],[],2022,New Hampshire,upper
ocd-bill/f4e4e962-5e4c-484a-81cc-1745bc75d5de,HB 1553,relative to roadside memorials.,['bill'],[],2022,New Hampshire,lower
ocd-bill/016eb4c1-2f17-444c-9882-12dcfce57904,HB 1266,relative to restrictions on enforcement of federal immigration laws.,['bill'],[],2022,New Hampshire,lower
ocd-bill/86dd8fb4-a55c-4656-b03b-828dc975f027,HB 50,apportioning state representative districts.,['bill'],[],2022,New Hampshire,lower
ocd-bill/7f60d82c-0b91-470f-8d72-dd16139eed8d,SB 400,relative to training and procedures for zoning and planning boards and relative to financial investments and incentives for affordable housing development.,['bill'],[],2022,New Hampshire,upper
ocd-bill/3c64144e-0062-499b-9a49-bea106070d61,SB 310,relative to license plate scanning.,['bill'],[],2022,New Hampshire,upper
ocd-bill/4b22a408-66c8-4ad3-aba2-1ed51f7bc9f6,SB 387,making an appropriation to the body-worn and dashboard camera fund.,['bill'],[],2022,New Hampshire,upper
ocd-bill/f456622e-0bc5-4b62-aceb-46c388ad7d16,HB 1371,relative to school district policies on facial masks of students in schools.,['bill'],[],2022,New Hampshire,lower
ocd-bill/dedf8d2a-7a41-49e5-a2c1-d3db12df3210,SB 453,relative to statewide pre-kindergarten funding.,['bill'],[],2022,New Hampshire,upper
ocd-bill/69162e37-f0b8-4ec4-b96c-16577b19de80,SB 447,establishing the electric vehicle and infrastructure fund.,['bill'],[],2022,New Hampshire,upper
ocd-bill/dd998eab-2f30-456a-86f0-3f7c54f2f2f1,SB 222,permitting licensing boards to conduct remote meetings.,['bill'],[],2022,New Hampshire,upper
ocd-bill/f3c3a4ea-ab28-4a26-9cbe-0631a7cd7d3d,HR 19,memorializing Barbara Shaw of Manchester.,['resolution'],[],2022,New Hampshire,lower
ocd-bill/c1603f55-9cf9-4f08-8d8d-7a5949a78770,HB 10,relative to the rates of business profits tax and the business enterprise tax.,['bill'],[],2022,New Hampshire,lower
ocd-bill/597ad713-c42d-4e49-9fa4-57eaa4eb7502,HB 389,relative to the establishment of a joint legislative emergency executive order oversight committee during a declared state of emergency.,['bill'],[],2022,New Hampshire,lower
ocd-bill/3233cfca-936f-4e3e-92d0-21369adb3f1c,HB 1637,requiring parents of public school students to submit a survey when electing an education freedom account.,['bill'],[],2022,New Hampshire,lower
ocd-bill/82b5e2c7-a312-4bdf-94d9-287971e3e5fa,SB 216,establishing a commission to study the landlord and tenant mediation program in circuit courts.,['bill'],[],2022,New Hampshire,upper
ocd-bill/411af771-716f-4d11-9492-911b5024bea1,HB 445,relative to competitive bidding in Carroll county.,['bill'],[],2022,New Hampshire,lower
ocd-bill/9cb95440-aebd-41d4-bd69-b964fffff968,HB 1628,directing the department of energy to generate a report on the microgrid project currently in progress at the university of New Hampshire in collaboration with the regional utilities.,['bill'],[],2022,New Hampshire,lower
ocd-bill/44da8023-0b3e-4592-9343-5a5611e35f67,HB 147,relative to assault against an elderly person.,['bill'],[],2022,New Hampshire,lower
ocd-bill/2fb5b6f3-a820-4a04-aff7-4342bcc362e7,HB 452,precluding the secretary of state from running for another office while serving as secretary of state.,['bill'],[],2022,New Hampshire,lower
ocd-bill/1cfee0d4-c75b-46d8-90f3-f91753b1d628,HB 1683,repealing the education freedom account program.,['bill'],[],2022,New Hampshire,lower
ocd-bill/4f5da5d5-36dc-49b5-bdbf-c914a8cead75,HB 1654,relative to termination of pregnancy statistics.,['bill'],[],2022,New Hampshire,lower
ocd-bill/60b5e77c-6f6d-4d9e-be61-16d50e4df786,HB 1669,requiring the department of education to administer the education freedom account program.,['bill'],[],2022,New Hampshire,lower
ocd-bill/67fe4ce0-17d8-4aa1-a7f5-f23a81faf069,SB 217,relative to eviction notices.,['bill'],[],2022,New Hampshire,upper
ocd-bill/cf30e28b-cd8c-4747-a0db-a8b9bc6edcc2,HB 621,allowing registers of deeds to retain a portion of the land and community heritage investment program surcharge.,['bill'],[],2022,New Hampshire,lower
ocd-bill/cfc2916e-0824-4bcd-bcf7-c8b8d6f5a292,SB 113,relative to the alternative compliance payments for renewable energy obligations not met through the purchase of renewable energy credits.,['bill'],[],2022,New Hampshire,upper
ocd-bill/09b77d4f-71df-412e-b429-9336f030967e,HB 132,relative to acreage required to build certain single family housing.,['bill'],[],2022,New Hampshire,lower
ocd-bill/4ed0ae38-e0cf-4a09-bdce-67204a1dc5b3,HB 1418,relative to permit by notification for certain homeowner shoreland projects.,['bill'],[],2022,New Hampshire,lower
ocd-bill/389073d2-9cec-4790-be90-8b1904a95811,SB 240,apportioning state senate districts.,['bill'],[],2022,New Hampshire,upper
ocd-bill/5020410b-df86-488c-a025-50f72f3669fa,HB 1620,identifying part of the Merrimack River as a protected river.,['bill'],[],2022,New Hampshire,lower
ocd-bill/61c0a0fe-5ac6-4caa-ad0c-6522f6b31fe9,HB 1392,relative to penalties for nonviolent drug offenses and repealing the criminal penalties for possession of drug paraphernalia.,['bill'],[],2022,New Hampshire,lower
ocd-bill/c0cb6c13-f6d5-45e2-82ee-4be9aadea98c,HB 1682,establishing the law enforcement conduct review committee in the New Hampshire police standards and training council and making an appropriation therefor.,['bill'],[],2022,New Hampshire,lower
ocd-bill/836dd6e8-d69a-410c-81ee-d30022ed4ee9,HB 1393,relative to the adoption of school district budget caps.,['bill'],[],2022,New Hampshire,lower
ocd-bill/1493bc9f-8186-49f1-be76-58dd9c56b9de,HB 1415,relative to employer health screening reimbursement.,['bill'],[],2022,New Hampshire,lower
ocd-bill/41ebb314-bd52-4560-be8b-0111eaf59e6c,HB 1352,relative to eligibility for workers' compensation for an adverse reaction to a mandatory COVID-19 vaccination.,['bill'],[],2022,New Hampshire,lower
ocd-bill/f91c85f9-9b60-489b-99aa-221701fff220,HB 1571,increasing fines for littering and directing revenues to the fish and game department.,['bill'],[],2022,New Hampshire,lower
ocd-bill/502bc935-b49e-44b5-873c-3ccbf0c124ed,HB 1378,relative to inspection of public lodging houses.,['bill'],[],2022,New Hampshire,lower
ocd-bill/f25d8655-2dbb-4f2a-8507-ce3e68c52b5b,HB 1555,repealing the permit required for fires at campgrounds.,['bill'],[],2022,New Hampshire,lower
ocd-bill/31fed190-cee8-4fa3-bc42-10deef309bfb,HB 1508,prohibiting discharge of volunteer firefighters or volunteer emergency medical technicians from other employment.,['bill'],[],2022,New Hampshire,lower
ocd-bill/03ad2145-440e-4d6e-aa6c-d07f8ccb17ab,HB 1366,relative to cooperative school board reapportionment.,['bill'],[],2022,New Hampshire,lower
ocd-bill/67fa7751-258c-4f15-ab7f-ecf22adc49e7,HB 1585,relative to removing the ramp tolls at exit 11 in Hooksett.,['bill'],[],2022,New Hampshire,lower
ocd-bill/96fa617e-66dd-463e-a1bd-fad41f11ddad,HB 1520,relative to procedures for guardians ad litem.,['bill'],[],2022,New Hampshire,lower
ocd-bill/a7ce9907-abd2-41d4-8f0a-ddb5adaedd62,HB 1467,relative to recounts of state representative races during a general election.,['bill'],[],2022,New Hampshire,lower
ocd-bill/9f23d013-671f-4775-a078-d9be29d3baa5,HB 1473,"authorizing a forensic audit of the November 3, 2020 election results in Merrimack county for president, governor, and United States senate races.",['bill'],[],2022,New Hampshire,lower
ocd-bill/ddfd02e0-e316-45bf-8077-78249b0b530a,HB 1445,relative to the identification of police vehicles.,['bill'],[],2022,New Hampshire,lower
ocd-bill/935c5a7e-77e3-42a2-9f16-c874259a1a40,HB 1577,relative to exemptions from prosecution for victims of human trafficking.,['bill'],[],2022,New Hampshire,lower
ocd-bill/559227e8-541f-4a7f-ad69-cc0cba82f96f,HB 1361,establishing a penalty for any person who transports a controlled drug into New Hampshire with the intent to distribute.,['bill'],[],2022,New Hampshire,lower
ocd-bill/2247819c-a6a4-4657-9140-b55f546e7fab,HB 1472,prohibiting anti-union activities by employers.,['bill'],[],2022,New Hampshire,lower
ocd-bill/2cf23d03-4c8e-4020-9c65-497b8227faec,HB 1388,relative to the unsolicited disclosure of an intimate image.,['bill'],[],2022,New Hampshire,lower
ocd-bill/e40ab637-3b4a-4fca-845e-0883212cd465,HB 1370,establishing a committee to study childcare options for New Hampshire state legislators.,['bill'],[],2022,New Hampshire,lower
ocd-bill/d706ccf0-b7d2-45d4-81cc-aef5fc051913,HB 1356,relative to the taking of gray squirrels.,['bill'],[],2022,New Hampshire,lower
ocd-bill/44e3d172-c3f8-4f56-9ed3-fa6314421f23,HB 1363,relative to the enforceability of noncompete agreements in areas in which there is determined to be a critical shortage of workers.,['bill'],[],2022,New Hampshire,lower
ocd-bill/9f9ce0a2-74c8-4b26-ae1e-e4858f10e99d,HB 1480,relative to eligibility of individuals for developmental disability services.,['bill'],[],2022,New Hampshire,lower
ocd-bill/dc553176-9875-480c-b559-ecf7b9d9270b,HB 1413,relative to privacy of online customer information.,['bill'],[],2022,New Hampshire,lower
ocd-bill/dca4ed37-1d1a-483d-9c7c-5585ee5b3e92,HB 1426,eliminating the vehicle inspection mandate for non-commercial vehicles.,['bill'],[],2022,New Hampshire,lower
ocd-bill/2c2108e8-b1e4-4e31-a7ab-6f246b1ab515,HB 1567,relative to consequences resulting from election official misconduct.,['bill'],[],2022,New Hampshire,lower
ocd-bill/31e29458-84e3-4c6b-8a74-78c267107ebb,HB 1221,"relative to the rate of the business profits tax, and relative to payment by the state to political subdivisions of an amount equal to a portion of retirement system contributions of political subdivision employers.",['bill'],[],2022,New Hampshire,lower
ocd-bill/0c1c92da-1ce0-41b9-99bc-56e5f75c2291,HB 230,relative to child day care monitoring visits and the appeals process for child day care providers.,['bill'],[],2022,New Hampshire,lower
ocd-bill/cde31237-c8ee-446f-af7c-c20fa4f655b9,HB 1136,requiring planning boards to list the type of studies required to render a decision.,['bill'],[],2022,New Hampshire,lower
ocd-bill/4238be19-352a-4b75-a16b-01c8a47316a8,HB 1044,relative to direct payment and membership-based health care facilities.,['bill'],[],2022,New Hampshire,lower
ocd-bill/c5075bd6-9593-4435-b67e-62156650c96e,HB 1177,relative to permissible residential units in a residential zone.,['bill'],[],2022,New Hampshire,lower
ocd-bill/5ed946de-fc01-4266-a33a-29c5ccc63e3b,HB 1138,exempting the display of a front license plate on certain vehicles.,['bill'],[],2022,New Hampshire,lower
ocd-bill/7fe1a9ca-495b-4a4a-b00e-6baf12814173,HB 1248,relative to replacement power for net metering customer-generators.,['bill'],[],2022,New Hampshire,lower
ocd-bill/bfacbdfe-29e5-49e4-be21-093c28dc2973,HB 1289,relative to applications for abatements and authority to abate prior years' taxes for certain homeowners.,['bill'],[],2022,New Hampshire,lower
ocd-bill/cbc6c37a-7316-44ae-8496-442cb3ab9f7e,HB 1100,relative to changing the penalties for driving without a license.,['bill'],[],2022,New Hampshire,lower
ocd-bill/3792a07c-3388-4673-bc6a-fb31d11d6716,HB 1148,relative to a report on the authority of government entities subordinate to the state to restrict the types of fuel sources that may be used for energy.,['bill'],[],2022,New Hampshire,lower
ocd-bill/5c61d6e0-66cd-4f8f-8204-70e6287df6ff,HB 1173,proclaiming August 9 as Indigenous People's Day.,['bill'],[],2022,New Hampshire,lower
ocd-bill/c524fd41-d10b-4c28-8043-09f33a014d5b,HB 1019,establishing a committee to study the replacement of certain professional licenses with mandatory minimum liability insurance requirements.,['bill'],[],2022,New Hampshire,lower
ocd-bill/ae2941bd-582d-4864-94ce-20bd704ab3f8,HB 1197,"relative to the definition of ""party"" for election purposes.",['bill'],[],2022,New Hampshire,lower
ocd-bill/298a2883-0363-4207-a0d5-3c6c1317daaa,HB 1219,relative to parking requirements for religious institution-affiliated housing development projects.,['bill'],[],2022,New Hampshire,lower
ocd-bill/41157380-2d1f-4c49-b251-bb6605c640e3,HB 1158,relative to the use of handicap placards.,['bill'],[],2022,New Hampshire,lower
ocd-bill/3b650883-2584-423d-9868-179fdfa914cf,HB 1286,relative to the modification of parental rights and responsibilities.,['bill'],[],2022,New Hampshire,lower
ocd-bill/2b99391d-0665-43a6-aafe-91c8d80e44cd,HB 1304,establishing a committee to study the impacts of outdoor working conditions in heat and cold.,['bill'],[],2022,New Hampshire,lower
ocd-bill/a7d031d5-9dd4-405f-9dd7-d123a39c01c2,HB 1130,relative to restroom access for persons with certain medical conditions and relative to the procedure for obtaining a marriage license.,['bill'],[],2022,New Hampshire,lower
ocd-bill/7f3b58aa-ab80-4d12-9fd5-6559c77c3a4f,HB 1268,limiting the authority for city council bylaws and ordinances.,['bill'],[],2022,New Hampshire,lower
ocd-bill/e744cf9b-f498-41be-8f37-6330f975c0e2,HB 1326,relative to permissible campaign contributions by business organizations and labor unions.,['bill'],[],2022,New Hampshire,lower
ocd-bill/823f3c9b-bebc-4d5b-9479-817580b158d8,HB 1000,prohibiting motorcycle profiling.,['bill'],[],2022,New Hampshire,lower
ocd-bill/6716b8c9-9d0d-4511-8a2a-652041a0683b,HB 1146,relative to condominium instruments and condominium special assessments.,['bill'],[],2022,New Hampshire,lower
ocd-bill/0fc9b55c-077e-4398-a2b1-6d381aeeb5e1,HB 1270,repealing the legislative oversight committee to monitor the transformation of delivery of electric services.,['bill'],[],2022,New Hampshire,lower
ocd-bill/ccd6fb08-7e0e-4e4e-a585-0d5df6004a45,HB 1241,prohibiting a school district from mandating a COVID-19 vaccination for school attendance.,['bill'],[],2022,New Hampshire,lower
ocd-bill/b4c5ebcb-f0ac-4b98-bec2-040e0f654f66,HB 1258,"relative to the implementation of the department of energy and relative to the definition of ""municipal host"" for purposes of limited electrical energy producers.",['bill'],[],2022,New Hampshire,lower
ocd-bill/85021935-8de8-4f58-b1d1-3f4d66fa6f79,HB 1179,relative to zoning protest petitions.,['bill'],[],2022,New Hampshire,lower
ocd-bill/5d77fd04-9621-4d14-879c-d28c9c914839,HB 1105,relative to earned time credits.,['bill'],[],2022,New Hampshire,lower
ocd-bill/ac716564-ebe8-490a-862b-d9ad498310ca,HB 1166,requiring certain voters to declare a party affiliation prior to a state primary election and requiring candidates to be members of political parties for a certain amount of time prior to an election in which such candidates seek office.,['bill'],[],2022,New Hampshire,lower
ocd-bill/340b45bc-92e8-43a0-8603-367d08e6e87f,HB 1328,authorizing a utility to petition to be relieved of their carrier of last resort obligations.,['bill'],[],2022,New Hampshire,lower
ocd-bill/78a18f99-1d4c-4dd6-abb1-e2e7037af3c1,HB 1131,relative to facial covering policies for schools.,['bill'],[],2022,New Hampshire,lower
ocd-bill/00a837fc-19ee-4cc7-b694-c72b286656a3,HB 1316,directing the director of the state police to develop requirements for eFoil and electric hydrofoil surfboard watercraft.,['bill'],[],2022,New Hampshire,lower
ocd-bill/83d1cd2e-d273-4a5d-9e17-fe92b208c782,HB 1007,relative to qualifications for office.,['bill'],[],2022,New Hampshire,lower
ocd-bill/5d9b2636-7874-4948-a845-c588d4fa9d11,HB 1335,relative to the parole board and the procedure for medical parole of prisoners.,['bill'],[],2022,New Hampshire,lower
ocd-bill/22c516a3-5b32-4a45-bc61-e89dcb7d7737,SB 397,relative to the mental health counseling compact and the interstate compact on the placement of children.,['bill'],[],2022,New Hampshire,upper
ocd-bill/8460a5e5-6d78-4b00-a42c-0d18ffb51878,HB 1201,relative to damage by bears.,['bill'],[],2022,New Hampshire,lower
ocd-bill/5ab918f1-8cc6-4b2d-98d2-b1d0614188eb,HB 1290,establishing a task force on precision medicine and biomarker testing.,['bill'],[],2022,New Hampshire,lower
ocd-bill/ad20de7a-f958-48fa-9f24-708ddf051ec7,HB 522,relative to motor vehicle inspections for new vehicles.,['bill'],[],2022,New Hampshire,lower
ocd-bill/e077ac9d-fcba-4202-9425-b075e3ef5f53,HB 1224,prohibiting state and local governments from adopting certain mandates in response to COVID-19; and prohibiting employers and places of public accommodation from discriminating on the basis of vaccination status.,['bill'],[],2022,New Hampshire,lower
ocd-bill/5061f461-e40f-4bcf-929a-2b6f6ea6328a,HB 1061,relative to the midwifery council.,['bill'],[],2022,New Hampshire,lower
ocd-bill/a908d21d-7418-487c-a8cc-bb77eb5d039b,HB 623,relative to education funding.,['bill'],[],2022,New Hampshire,lower
ocd-bill/a00b78fc-23b6-4a91-ad74-5734f5c19f46,SB 327,relative to the duties of the registers of probate.,['bill'],[],2022,New Hampshire,upper
ocd-bill/13aa3387-3937-43e6-8469-c9b66d1657ab,HB 1191,"relative to electrical work, plumbing, and fuel gas fitting in one or two family housing.",['bill'],[],2022,New Hampshire,lower
ocd-bill/ed8798bb-7d03-4ac6-9e5b-201567b4bede,HB 1658,relative to testing in lieu of license renewal fees.,['bill'],[],2022,New Hampshire,lower
ocd-bill/514ddc6f-ac17-40bb-b470-bb6794b113b6,SB 54,relative to the absentee ballot application form.,['bill'],[],2022,New Hampshire,upper
ocd-bill/6bce1ee9-283e-4bb9-91bc-96d84e78607a,HB 480,relative to verification of ballots cast in an election.,['bill'],[],2022,New Hampshire,lower
ocd-bill/3adf828e-0a29-43f5-8b69-3eac96e473f8,HB 1395,relative to administrative rulemaking authority.,['bill'],[],2022,New Hampshire,lower
ocd-bill/7a727155-5ebc-4d4e-bf61-5aae781ad865,HB 1041,extending the public employees labor relations act to employees of the general court and relative to the duties of the joint committee on legislative facilities.,['bill'],[],2022,New Hampshire,lower
ocd-bill/a3d2a63f-2b61-4f6e-afe5-7c277e71d1cd,HB 1065,relative to the regulation of art therapists.,['bill'],[],2022,New Hampshire,lower
ocd-bill/ee928205-9ae1-4c80-94f4-42ef3a7aa204,HB 1104,relative to the travel allowance for members of the legislature.,['bill'],[],2022,New Hampshire,lower
ocd-bill/0e32ab48-6712-4b7c-a82b-dcae7f2c5ecd,HB 1154,relative to legislative commission inactivity.,['bill'],[],2022,New Hampshire,lower
ocd-bill/34d08e73-5d26-4283-bac9-3449e65305bd,HB 1046,relative to the election of the Sullivan county commissioners.,['bill'],[],2022,New Hampshire,lower
ocd-bill/0ad271df-a2d3-4f5e-ada4-c38619945f23,HB 1349,decriminalizing the possession and use of psilocybin mushrooms.,['bill'],[],2022,New Hampshire,lower
ocd-bill/830fa5b9-cce6-4650-9300-b6d598075a78,HB 1127,relative to posthumous exonerations and annulments.,['bill'],[],2022,New Hampshire,lower
ocd-bill/9f882385-d165-477d-828f-16fe60b0178a,HB 234,relative to freedom of speech and association on college campuses.,['bill'],[],2022,New Hampshire,lower
ocd-bill/7765c890-f675-4655-bf87-b36a1850328f,HB 1091,relative to search warrants for individuals engaged in fish and game activities.,['bill'],[],2022,New Hampshire,lower
ocd-bill/20b953e6-7dfe-485c-93aa-5a23a1ab06dc,HB 1525,establishing a county nursing home capital reserve fund.,['bill'],[],2022,New Hampshire,lower
ocd-bill/ac41f677-319d-4ff3-a753-e47e49fe6f46,SB 402,relative to financial assistance for municipalities affected by disasters.,['bill'],[],2022,New Hampshire,upper
ocd-bill/925ec0f5-35a1-4aaf-944a-5be2fff745a3,SB 373,relative to coverage for certain mental illnesses.,['bill'],[],2022,New Hampshire,upper
ocd-bill/4082d60d-e658-476d-a3ee-6246ee15b756,HB 1345,relative to the release of a teenager's medical records to a parent or guardian.,['bill'],[],2022,New Hampshire,lower
ocd-bill/886fc730-3908-40e3-a478-53ee5518f88a,SB 239,relative to noncompliance with municipal audit requirements.,['bill'],[],2022,New Hampshire,upper
ocd-bill/4eca38fd-9111-4198-8a1d-a4d1d6be2853,HB 1559,relative to laws administered by the insurance department.,['bill'],[],2022,New Hampshire,lower
ocd-bill/60552970-c129-49e9-8146-f959444201e9,HB 1089,relative to the unenforceability of noncompete agreements upon termination of an employee for noncompliance with a medical intervention mandate.,['bill'],[],2022,New Hampshire,lower
ocd-bill/6afa16bd-ce09-4dbd-906c-14b7c4fe74f6,SB 335,relative to collaborative pharmacy practice agreements.,['bill'],[],2022,New Hampshire,upper
ocd-bill/65f566ba-ab0c-4eec-8d80-e99e57c55a2e,SB 322,relative to remote meetings under the right-to-know law.,['bill'],[],2022,New Hampshire,upper
ocd-bill/522d9107-9ff0-4257-a60c-bb5b4a51b962,SB 450,relative to the prescription drug affordability board.,['bill'],[],2022,New Hampshire,upper
ocd-bill/97163873-1619-4c98-8acb-e826dc8232ba,HB 1176,relative to reducing the penalty for sex work within one's own home.,['bill'],[],2022,New Hampshire,lower
ocd-bill/7981eded-a2b8-4df1-9537-85ec4507986e,SB 444,relative to childhood adverse experiences treatment and prevention.,['bill'],[],2022,New Hampshire,upper
ocd-bill/53d5086c-c9ef-4251-b51f-4b1a6688c51b,HB 1067,relative to limitations on prosecution for first degree assault.,['bill'],[],2022,New Hampshire,lower
ocd-bill/d794f930-cc19-49d1-89c7-7bdf6edafb7b,SB 273,relative to broadband infrastructure funding.,['bill'],[],2022,New Hampshire,upper
ocd-bill/0def3e1a-e810-43b4-a7c9-75eed5a4da1f,CACR 31,relating to changing the minimum age requirement for state senator from 30 to 25. Providing that persons at least 25 years of age shall be eligible to be elected to the state senate.,['constitutional amendment'],[],2022,New Hampshire,lower
ocd-bill/99a5fafd-d768-443e-b842-60454e1fda2d,SB 205,relative to the insurance department administration fund.,['bill'],[],2022,New Hampshire,upper
ocd-bill/fc799c19-44f7-42f6-9ca6-0dafe7302c9f,SB 237,relative to participation in the education freedom account program.,['bill'],[],2022,New Hampshire,upper
ocd-bill/5000c38d-19f5-4372-94dd-bb62f1dbe0d4,HB 1461,increasing penalties for littering.,['bill'],[],2022,New Hampshire,lower
ocd-bill/146e6a49-5874-4cae-8aab-ad30ae0dc849,HB 1611,relative to rules of the site evaluation committee.,['bill'],[],2022,New Hampshire,lower
ocd-bill/9619246f-db68-49d8-8573-64558b3a916f,HB 1653,relative to educational and employment opportunities and protections for military families and their dependents and relative to temporary licenses for emergency and advanced emergency care providers.,['bill'],[],2022,New Hampshire,lower
ocd-bill/1362cf4f-7fe9-48aa-bf3a-1aaff7833030,HB 1110,relative to windshield tint waivers.,['bill'],[],2022,New Hampshire,lower
ocd-bill/4e049653-ff23-46ec-b4d4-096869233dcb,SB 333,relative to licensure of case management service providers and relative to payment by the state of a portion of retirement system contributions of political subdivision employers.,['bill'],[],2022,New Hampshire,upper
ocd-bill/5cca5584-dba5-411e-8a47-67e8357ee53e,HB 1635,relative to the purchase of output of limited electrical energy producers and including qualifying storage system.,['bill'],[],2022,New Hampshire,lower
ocd-bill/e6afbaa4-7559-4100-9fb1-1a188c73e4c5,SB 430,relative to health and human services.,['bill'],[],2022,New Hampshire,upper
ocd-bill/582b1ba7-c8af-49c7-8121-3aaf0d9107db,SB 433,relative to online access to state information on economic relief disbursements.,['bill'],[],2022,New Hampshire,upper
ocd-bill/5ec57d40-d6f3-4772-9588-e9c6f4b1848e,SB 228,relative to the regulation and practice of physician assistants.,['bill'],[],2022,New Hampshire,upper
ocd-bill/01c617a3-b4b3-4bc4-80dc-ae4326dfe194,HB 1228,relative to recommendations of the joint committee on dedicated funds.,['bill'],[],2022,New Hampshire,lower
ocd-bill/48e48046-0c32-44df-9ec3-23c7b2c390fe,HB 1269,relative to certain legislative study committees.,['bill'],[],2022,New Hampshire,lower
ocd-bill/6be97d2d-a84b-4876-9870-3fb99ead1010,HB 1491,relative to natural gas transmission pipeline safety.,['bill'],[],2022,New Hampshire,lower
ocd-bill/aaa2daa7-e5a8-4c6c-99cb-b4faf695b693,HB 1604,"including state medical facilities in the statute providing medical freedom in immunizations, and relative to licensure of case management service providers.",['bill'],[],2022,New Hampshire,lower
ocd-bill/639af803-df59-41b0-ad97-efc04c0c26ad,SB 391,relative to the operation of a state forensic psychiatric hospital.,['bill'],[],2022,New Hampshire,upper
ocd-bill/35c5e444-d7fc-4d33-b7a7-894e9e9d53b9,SB 356,relative to medical benefits payments by state retirees.,['bill'],[],2022,New Hampshire,upper
ocd-bill/fee93747-c522-44ca-9557-aff6db08173b,HB 1548,relating to the sale of the Lakes Region Facility.,['bill'],[],2022,New Hampshire,lower
ocd-bill/69322035-7662-45ee-b41c-3f2246d7842b,HB 1235,relative to compensation paid to a crime victim.,['bill'],[],2022,New Hampshire,lower
ocd-bill/6b224fbd-44d8-4bfa-99df-e4be936a4910,HB 1390,relative to access to language translation services in telemedicine.,['bill'],[],2022,New Hampshire,lower
ocd-bill/4eeb33d5-ade3-4f8f-bb9d-23eb0f19e7a9,HB 503,codifying the council on housing stability and relative to telehealth and medically assisted treatment for substance use disorder.,['bill'],[],2022,New Hampshire,lower
ocd-bill/7fdc9664-3c7f-48c0-857f-4f08ea6c39e3,HB 1010,requiring municipal voter history to be made accessible in the statewide centralized voter registration database.,['bill'],[],2022,New Hampshire,lower
ocd-bill/1abe169d-32f2-4411-8119-91f5eee789bf,HB 1613,relative to certain liquor manufacturers.,['bill'],[],2022,New Hampshire,lower
ocd-bill/ff0a6be0-2372-4d05-90af-1d865f30f27e,HB 481,establishing the office of the right-to-know ombudsman and making an appropriation therefor.,['bill'],[],2022,New Hampshire,lower
ocd-bill/24f5c072-9774-463a-a2bb-134fc3c63f90,HB 1125,relative to school emergency plans.,['bill'],[],2022,New Hampshire,lower
ocd-bill/49793b1e-a9af-4267-a2a5-615243595ad7,HB 1102,relative to certain committees and commissions of the department of state.,['bill'],[],2022,New Hampshire,lower
ocd-bill/a5274408-211a-4a80-a681-da42cc0e113b,SB 392,establishing a commission to study insanity and restoration of competency.,['bill'],[],2022,New Hampshire,upper
ocd-bill/174f5997-4a75-4e1a-9f46-bca80957ed64,HB 1677,relative to the administration and settlement of claims of abuse at the youth development center and making an appropriation therefor.,['bill'],[],2022,New Hampshire,lower
ocd-bill/72e06b25-7fc3-42a1-93c0-c84c79cbe224,HB 1592,allowing parties in family court cases to create their own recordings of the proceedings.,['bill'],[],2022,New Hampshire,lower
ocd-bill/577f37bf-c07c-41f7-a220-80affe43ef23,SB 160,relative to multiple employer welfare arrangements.,['bill'],[],2022,New Hampshire,upper
ocd-bill/0cd43ada-5782-4a85-8658-bd3a9ff75ff8,SB 440,relative to the office of offshore wind industry development.,['bill'],[],2022,New Hampshire,upper
ocd-bill/767960b1-2dfc-4a31-b237-cd0b55471307,SB 388,relative to availability of information or records relating to the enhanced 911 system.,['bill'],[],2022,New Hampshire,upper
ocd-bill/a074eafd-30b6-4e2e-88aa-cc9a581b5ab6,SB 204,"relative to the definition of ""covered claim"" for purposes of the New Hampshire insurance guaranty association act.",['bill'],[],2022,New Hampshire,upper
ocd-bill/228740bd-f9b0-4556-a99c-26d9e747706e,HB 1057,relative to the tax exemption for the elderly.,['bill'],[],2022,New Hampshire,lower
ocd-bill/3e9723a5-7abf-4dee-ab8e-e5149aa593ac,HB 1126,permitting minors over the age of 16 to obtain a vaccination without parental consent.,['bill'],[],2022,New Hampshire,lower
ocd-bill/82f62cdf-c3dd-419c-858a-88945c7048e1,HB 214,relative to a public school facility condition assessment and school building aid grants.,['bill'],[],2022,New Hampshire,lower
ocd-bill/16cf5a08-29b7-402c-9bff-18503fa18b7f,HB 169,"establishing a commission to study the removal of unused utility poles following the transition of equipment, lines, and cables to new utility poles.",['bill'],[],2022,New Hampshire,lower
ocd-bill/1945161a-cee8-4ccf-95eb-03322376b8eb,HB 2022,relative to the 10-year transportation plan.,['bill'],[],2022,New Hampshire,lower
ocd-bill/a8afe75a-9d49-4315-99fa-ef1e55202925,CACR 26,relating to the house of representatives. Providing that 100 of the representatives are elected using party list proportional representation.,['constitutional amendment'],[],2022,New Hampshire,lower
ocd-bill/97a2d2cc-b476-4ae5-8c3e-1be0182985b9,HB 536,"relative to death benefits for public works employees killed in the line of duty, and relative to workers' compensation offsets for certain retirement system benefits.",['bill'],[],2022,New Hampshire,lower
ocd-bill/dec315d5-2bb3-4077-9051-050147bb1789,HB 1463,relative to drivers' licenses issued in accordance with the Real ID Act of 2005.,['bill'],[],2022,New Hampshire,lower
ocd-bill/e4301ec7-5228-4e1e-9ca2-c85af1f482fe,HB 1064,"requiring the use of hand-marked, durable paper ballots in elections.",['bill'],[],2022,New Hampshire,lower
ocd-bill/b04bbcd4-0bd7-4787-ba8b-d273ae09f121,HB 1354,relative to regulation by the New Hampshire real estate commission.,['bill'],[],2022,New Hampshire,lower
ocd-bill/a176b46c-1c42-413d-bd27-8765db52a365,CACR 25,legislative term limits.  Providing that no person shall serve more than 15 terms in either the house of representatives or the senate.,['constitutional amendment'],[],2022,New Hampshire,lower
ocd-bill/44e1f19f-377e-4d48-a0f2-fe15119c6b2f,HB 1375,relative to the definition of veteran.,['bill'],[],2022,New Hampshire,lower
ocd-bill/2854d422-0e57-4faa-8df4-4839068ebb02,HR 18,"urging Congress to remove the exception from the 13th Amendment:  ""except as a punishment for crime whereof the party shall have been duly convicted.""",['resolution'],[],2022,New Hampshire,lower
ocd-bill/6cc92e48-4dd4-4b79-9465-4e3db110d099,HB 91,relative to death benefits of first responders who die from suicide.,['bill'],[],2022,New Hampshire,lower
ocd-bill/573af51d-4a0a-48db-8f64-6e07d14edb0d,HB 1387,enabling municipalities to adopt a property tax homestead exemption.,['bill'],[],2022,New Hampshire,lower
ocd-bill/0e53ae78-b82a-447b-91df-2a12e34eaf28,HB 412,making an appropriation to the department of environmental services for the purpose of funding public water system projects.,['bill'],[],2022,New Hampshire,lower
ocd-bill/719d5afb-8b3a-4d00-97e6-0a6167716c4f,SB 326,relative to developing a plan to create the office of early childhood.,['bill'],[],2022,New Hampshire,upper
ocd-bill/b653a838-d919-4623-a9f6-d81d8b5ba0fa,SB 351,relative to annual performance and financial reporting by private and religious schools that receive public funds.,['bill'],[],2022,New Hampshire,upper
ocd-bill/8b33b243-dde7-45c9-b4dc-eaeb15243392,HB 1464,establishing a committee to study the feasibility and implementation of furthering electric vehicle adoption in New Hampshire.,['bill'],[],2022,New Hampshire,lower
ocd-bill/de718f38-9ad6-4d2d-9ad5-de6370fb6b19,HB 1417,relative to payment by the state of a portion of retirement system contributions of political subdivision employers.,['bill'],[],2022,New Hampshire,lower
ocd-bill/65ab7208-1518-4e0d-9505-7599b21d43dd,HB 1385,prohibiting the use of credit history in employment decisions.,['bill'],[],2022,New Hampshire,lower
ocd-bill/9a2578f7-641f-477d-91aa-d929db51c9e2,SB 366,requiring an audit of ballots cast in the 2022 primary and general election.,['bill'],[],2022,New Hampshire,upper
ocd-bill/0a6576a1-474f-4203-a115-f645384ff358,SB 457,establishing a committee to study nonprofit organizations contracting with the department of health and human services for children's services.,['bill'],[],2022,New Hampshire,upper
ocd-bill/c6439048-b1c1-4256-bb9a-b7669a718134,HB 1249,relative to weights and measures.,['bill'],[],2022,New Hampshire,lower
ocd-bill/1d2bdcf4-0e19-4c50-af9d-0f653e1dcfa2,HB 1636,relative to prohibitions on carrying a loaded firearm on an OHRV or snowmobile.,['bill'],[],2022,New Hampshire,lower
ocd-bill/6bae72d4-0c38-494d-99ae-a42b15488292,HB 490,"relative to the definitions of ""game camera"" and ""hunting day,"" relative to the use of game cameras, relative to the use of temporary tree stands or observation blinds, and relative to the definition of ""firearm.""",['bill'],[],2022,New Hampshire,lower
ocd-bill/19a32627-96dd-4a83-89d7-3c4ae3ea75b3,SB 244,relative to non-conforming structures and variances.,['bill'],[],2022,New Hampshire,upper
ocd-bill/85ddd397-35d5-4dab-b147-9b1dcf811a6b,HB 1170,limiting the authority of New Hampshire delegates to policymaking conventions.,['bill'],[],2022,New Hampshire,lower
ocd-bill/70d53ccd-7255-4b26-bfe8-8d19d659d3b5,HB 1185,relative to treatment of water contaminated with perfluorinated chemicals.,['bill'],[],2022,New Hampshire,lower
ocd-bill/a9464b39-251a-4cb3-8141-bf0b055b1def,HB 1671,relative to the content of an adequate education.,['bill'],[],2022,New Hampshire,lower
ocd-bill/0601aff7-4b7b-488f-9b88-6b3ec98edb05,SB 343,establishing a committee to study room occupancy tax revenues and fees and the formula for distribution to municipalities.,['bill'],[],2022,New Hampshire,upper
ocd-bill/e2a542be-7861-4a56-bacb-b487d498a360,SB 225,relative to the bond required of applicants for auctioneer licenses.,['bill'],[],2022,New Hampshire,upper
ocd-bill/54d1ea2b-fc3b-419e-a447-e56047f1f2bd,HB 1168,establishes a committee to study the New Hampshire law relative to soil conditioners and relative to costs eligible for reimbursement from the oil discharge and disposal cleanup fund.,['bill'],[],2022,New Hampshire,lower
ocd-bill/44d9a19b-88ab-493b-b608-fbc0d6107813,HB 1086,relative to concealment of a cause of action.,['bill'],[],2022,New Hampshire,lower
ocd-bill/12d84025-d1ef-4e7c-9bdc-0c264c126296,HB 1379,relative to the department of health and human services' rulemaking authority regarding immunization requirements.,['bill'],[],2022,New Hampshire,lower
ocd-bill/c25f72d8-5992-4793-b29f-587a5f6f473b,HB 1624,relative to students with disabilities participating in co-curricular activities and making an appropriation therefor.,['bill'],[],2022,New Hampshire,lower
ocd-bill/115c6c1c-f6c7-406c-9fe4-9fccfcb778fd,HB 1381,relative to student school board members.,['bill'],[],2022,New Hampshire,lower
ocd-bill/34299260-8448-4d33-9514-c5166dabced8,SB 377,relative to the eligibility of certain injuries of state troopers for workers' compensation.,['bill'],[],2022,New Hampshire,upper
ocd-bill/4a8347f0-85b9-4eb8-9cab-b596fa6318f3,HCR 9,"expressing the appreciation of the general court to Nicole Knox Murphy for her song ""My 603.""",['concurrent resolution'],[],2022,New Hampshire,lower
ocd-bill/043a55f7-2f5e-4864-9a42-ec0d89a63ae6,HB 416,allowing hobby distillation of liquors.,['bill'],[],2022,New Hampshire,lower
ocd-bill/a99736f8-97dd-4ded-a223-44464db9e898,HB 1050,declaring November 11 as Remembrance Day.,['bill'],[],2022,New Hampshire,lower
ocd-bill/92d6b6b9-3aea-4160-82a9-350b9e9c1bcd,HB 585,allowing the prepayment of dog licensing fees for the duration of a rabies vaccination and reducing fines related thereto.,['bill'],[],2022,New Hampshire,lower
ocd-bill/5cebca36-6323-4ace-a3e3-cef26f0113e5,HB 1167,establishing a maximum contaminant level for perfluorinated chemicals in surface water.,['bill'],[],2022,New Hampshire,lower
ocd-bill/8b927d1d-d95d-441b-965a-e820f3614c88,HB 1172,requiring composting and waste recycling to be made available to residents of public housing.,['bill'],[],2022,New Hampshire,lower
ocd-bill/01ecb494-12e4-44df-b9ca-9fbfaa2ca75c,HB 438,relative to the confidentiality of animal records databases.,['bill'],[],2022,New Hampshire,lower
ocd-bill/93a7cb31-66f8-4bb8-972a-9bb7543f6ae3,HB 1435,relative to the right of a victim of domestic violence to have a support person present when testifying or being deposed.,['bill'],[],2022,New Hampshire,lower
ocd-bill/9b3750ab-2642-4b76-8c8d-aa49feb1f8d9,SB 121,relative to a state-based health exchange.,['bill'],[],2022,New Hampshire,upper
ocd-bill/0c1ebb30-0031-48b5-ada7-8b8ab5c9bb25,HB 1500,reducing the rate of the communications services tax and repealing the tax in 2025.,['bill'],[],2022,New Hampshire,lower
ocd-bill/879401e0-2ad3-40be-a465-7c51224260e7,HB 1223,relative to meeting attendance requirements for elected members of budget committee and school board.,['bill'],[],2022,New Hampshire,lower
ocd-bill/029cf137-931e-4a29-b256-9661d2781206,HB 333,relative to the sale and distribution of kratom products.,['bill'],[],2022,New Hampshire,lower
ocd-bill/b2294680-db5d-4425-85f7-8bb38b96570f,HB 1452,renaming the department of environmental services the department of environmental protection and assigning the department oversight of private drinking water wells.,['bill'],[],2022,New Hampshire,lower
ocd-bill/c98c439d-55e7-4304-a73b-dbdf37a10bcd,HB 245,relative to the definition of grocery or convenience store.,['bill'],[],2022,New Hampshire,lower
ocd-bill/e6321424-e247-44fa-b8df-6cdbead9b885,HB 1501,relative to insurance coverage for pediatric autoimmune neuropsychiatric disorders.,['bill'],[],2022,New Hampshire,lower
ocd-bill/c50f687e-2187-4110-802f-dd10599c8733,HB 592,requiring bond from pharmaceutical companies providing vaccines.,['bill'],[],2022,New Hampshire,lower
ocd-bill/81e26509-7a3b-4f27-a8d8-6f97adf2a2bc,HB 1652,relative to the recycling of beverage containers.,['bill'],[],2022,New Hampshire,lower
ocd-bill/d95926d9-0224-4a17-9446-d79317cb7e44,HB 1641,relative to vessel registration fees.,['bill'],[],2022,New Hampshire,lower
ocd-bill/f1a6e766-e9f4-40f9-9d86-f26fd9441b48,SB 307,relative to the issuance of safe boater education certificates and commercial driving instruction.,['bill'],[],2022,New Hampshire,upper
ocd-bill/4be5aece-b688-4cff-8382-f6c1ae4b3f48,SB 361,requiring that bail commissioners be reimbursed for mileage traveled in the performance of their duties.,['bill'],[],2022,New Hampshire,upper
ocd-bill/f7cfa11c-6341-4f6e-b1db-070c84dae315,SB 371,making an appropriation to the lead paint hazard remediation fund.,['bill'],[],2022,New Hampshire,upper
ocd-bill/600828d2-3e61-4242-84f6-53997f35a09a,HB 1156,requiring certain public servants to receive a copy of a pre-employment background investigation.,['bill'],[],2022,New Hampshire,lower
ocd-bill/0270dc01-7760-4eb7-b028-e8242f73444b,SB 272,establishing a committee to study the oversight and operation of the public deposit investment pool.,['bill'],[],2022,New Hampshire,upper
ocd-bill/cb386aaa-c347-4074-a1c7-95189112d385,HB 1663,relative to requirements for home education students.,['bill'],[],2022,New Hampshire,lower
ocd-bill/9406d163-63ea-4fe2-8cad-6ac83ce1c977,HB 1679,relative to the dissolution and repeal of cooperative school districts.,['bill'],[],2022,New Hampshire,lower
ocd-bill/fc13033a-238c-43f6-976d-7e2ec43eb5cc,HB 1518,relative to the requirements for appointed guardians.,['bill'],[],2022,New Hampshire,lower
ocd-bill/feae3387-e665-46c0-a12c-dce016235ed1,SB 313,relative to the authority of the office of professional licensure and certification to establish fees.,['bill'],[],2022,New Hampshire,upper
ocd-bill/b194fc8b-ad46-4b97-9eec-5c4b9e44e1c7,HB 207,repealing the regulation of household goods carriers.,['bill'],[],2022,New Hampshire,lower
ocd-bill/9451461c-c9b3-4d39-8675-ca2d2bd3e0eb,HB 1437,relative to registration plates for antique farm tractors.,['bill'],[],2022,New Hampshire,lower
ocd-bill/c2e111d2-3948-4752-be54-0c8b608150d9,SB 283,relative to membership of the council on autism spectrum disorders and the developmental services quality council.,['bill'],[],2022,New Hampshire,upper
ocd-bill/2da7ca90-20c0-45af-a7be-261003abcc0e,HB 1281,relative to access to firearms confiscated from a person who is subject to a protective order.,['bill'],[],2022,New Hampshire,lower
ocd-bill/c5d8bc2b-f44c-4469-903e-4d4d443f4306,HB 1633,relative to requiring COVID-19 vaccination for school attendance.,['bill'],[],2022,New Hampshire,lower
ocd-bill/18dd7f0b-78ee-4f87-9534-1bdd012c8ab1,HB 1320,relative to public exposure of deceased human bodies.,['bill'],[],2022,New Hampshire,lower
ocd-bill/0e6ea745-2fac-407b-8944-7527ecaf25c9,HB 1550,relative to the right of children and teenagers to testify in family court proceedings.,['bill'],[],2022,New Hampshire,lower
ocd-bill/911b2f7c-46f0-4598-a97e-71e7a0a4d770,SB 289,relative to glucagon administration and relative to the dispenser report under the controlled drug prescription health and safety program.,['bill'],[],2022,New Hampshire,upper
ocd-bill/c9e4cbd2-b275-403d-90f8-3df5d321fada,HB 1531,repealing certain statutory commissions relating to children.,['bill'],[],2022,New Hampshire,lower
ocd-bill/fe308baa-4372-4bb7-bb77-9ecc1ce706fd,SB 349,requiring the legislature to give preference to deceased military veterans and first responders in the naming of bridges.,['bill'],[],2022,New Hampshire,upper
ocd-bill/5fd04dfe-fc44-46bc-b0b6-80f0617c1cf0,HB 1133,prohibiting the termination of a lease during the sale of real property.,['bill'],[],2022,New Hampshire,lower
ocd-bill/9ca84d9f-a7b7-49df-8bb9-d360e21ab093,SB 455,requiring the commissioner of the department of environmental services to adopt ambient groundwater quality standards for certain per and polyfluoroalkyl substances.,['bill'],[],2022,New Hampshire,upper
ocd-bill/2c8c97a5-024f-4d3a-8d3c-8fe16bf65f10,HB 1644,relative to the placement of telecommunication antennae and establishing a registry for residents who are experiencing biological symptoms from wireless radiation exposure.,['bill'],[],2022,New Hampshire,lower
ocd-bill/f780a9fd-dda5-4af3-8667-a00ecc3bcad6,HB 1107,establishing a committee to study the rental or lease of housing to a person who has pets.,['bill'],[],2022,New Hampshire,lower
ocd-bill/eb819b03-d932-4a63-b00a-e5db7018a281,HB 1288,"relative to the terms for certain officers and the names, duties, and funds of certain divisions within the department of administrative services.",['bill'],[],2022,New Hampshire,lower
ocd-bill/a5728a2d-67f2-4095-be41-53adebed49e7,HB 1609,relative to certain provisions of the fetal life protection act requiring an ultrasound examination.,['bill'],[],2022,New Hampshire,lower
ocd-bill/c034e2c1-dfea-44d3-8b00-b296bd8a961b,HB 1640,relative to the payment of motor vehicle fines.,['bill'],[],2022,New Hampshire,lower
ocd-bill/f8aa322d-18b5-47d9-a2fa-0effd4dfaa17,HB 1123,directing the department of administrative services in collaboration with the department of energy and the department of transportation to support the increased use of biofuels and biodiesel for state procurement needs.,['bill'],[],2022,New Hampshire,lower
ocd-bill/1ca60965-b6a5-440b-acb5-aa3f362bb49d,HB 1318,relative to penalties for employer noncompliance with retirement system requirements.,['bill'],[],2022,New Hampshire,lower
ocd-bill/427de8c9-a945-4cfd-ac4f-6dee625ead83,HB 1634,relative to state grants for researching the effects on the human body of COVID-19 vaccines.,['bill'],[],2022,New Hampshire,lower
ocd-bill/65646046-244a-4afe-a7bf-1921e2254bd0,SB 345,relative to youth employment.,['bill'],[],2022,New Hampshire,upper
ocd-bill/7c2bfd3f-72b1-4436-bbbc-3e4df3927a94,HB 1204,reducing the rate of the meals and rooms tax and increasing the revenue sharing of meals and rooms tax revenue with municipalities.,['bill'],[],2022,New Hampshire,lower
ocd-bill/5b094ab1-effe-440e-8617-44e88571309c,HB 1403,establishing a commission relative to the minimum wage.,['bill'],[],2022,New Hampshire,lower
ocd-bill/24ab992b-cb7d-4296-bc0e-defaaa4408cc,SB 396,relative to solid waste management.,['bill'],[],2022,New Hampshire,upper
ocd-bill/8bf3f2f9-b6d5-4c03-9582-732a2d3feb52,SB 422,establishing an adult dental benefit under the state Medicaid program.,['bill'],[],2022,New Hampshire,upper
ocd-bill/f461403a-94e2-499f-a0d8-b4cc871758c5,HB 1631,relative to hunting and fishing licenses for disabled persons.,['bill'],[],2022,New Hampshire,lower
ocd-bill/a3004013-d870-436f-beb7-9742981dfcf0,SB 211,relative to an injured employee's right to reinstatement to a former position for purposes of workers' compensation.,['bill'],[],2022,New Hampshire,upper
ocd-bill/d3a8c145-ee83-4520-aaf9-91b4f60c6c2b,HB 1497,relative to optional allowances in the retirement system.,['bill'],[],2022,New Hampshire,lower
ocd-bill/c6a30b04-fc0f-4d30-9d76-d25145d54826,HB 1449,creating a toll booth exemption for vehicle funeral processions to the veterans cemetery in Boscawen.,['bill'],[],2022,New Hampshire,lower
ocd-bill/228a732a-dc39-446c-8a98-0068a2485136,HB 1429,establishing licensure for massage establishments.,['bill'],[],2022,New Hampshire,lower
ocd-bill/d146eca7-46c8-40ab-9c08-3914edbcd267,HB 1420,prohibiting the issuance of new landfill permits until the state's solid waste plan is updated.,['bill'],[],2022,New Hampshire,lower
ocd-bill/07b74f37-d87d-4589-ae08-d868192fd0ce,SB 428,establishing a scholarship fund for certain small businesses applying for loans from the capital access program administered by the New Hampshire business finance authority.,['bill'],[],2022,New Hampshire,upper
ocd-bill/31a5fdaf-3198-43f6-9575-f05d29fc3744,HB 1680,establishing a foundation opportunity budget program for funding public education.,['bill'],[],2022,New Hampshire,lower
ocd-bill/c36589dd-3bb5-4b54-930d-ecfcd5ca5326,SB 451,establishing a New Hampshire innovation program in the department of business and economic affairs and making an annual appropriation therefor.,['bill'],[],2022,New Hampshire,upper
ocd-bill/565b30c5-b55e-4540-8630-717adab3f773,HB 1024,relative to local speed limits in business or urban residence districts.,['bill'],[],2022,New Hampshire,lower
ocd-bill/b5314960-008d-4a3f-98ee-2184f0bf13f6,HB 1310,"prohibiting the discharge of a firearm in the direction of a building, livestock, or pets.",['bill'],[],2022,New Hampshire,lower
ocd-bill/3e7bf5ee-a710-4c29-b89c-859b3b25d3e3,HB 1063,relative to the technical changes to the administration of certain taxes by the department of revenue administration and relative to county redevelopment district bonds for an unincorporated place.,['bill'],[],2022,New Hampshire,lower
ocd-bill/1ffc1f21-72d0-4042-a9f3-823b6f1e4134,SB 261,relative to net metering participation.,['bill'],[],2022,New Hampshire,upper
ocd-bill/e28741a5-8fdb-48ac-ab9f-52d1117e6039,SB 301,establishing the office of the right to know ombudsman and making an appropriation therefor.,['bill'],[],2022,New Hampshire,upper
ocd-bill/3d016067-eaff-4ef8-8580-9c370ae11c18,HB 1189,permitting voluntary donations to municipalities or the state to fund certain projects or to reduce taxation.,['bill'],[],2022,New Hampshire,lower
ocd-bill/29266d33-3b12-48f8-be24-992835cba871,HB 1034,relative to the definition of an employee or official of a governmental unit.,['bill'],[],2022,New Hampshire,lower
ocd-bill/dbf3aee4-06c7-42cd-8377-db91adee1513,HB 1229,establishing a committee to study school meal programs in New Hampshire's public schools and non-sectarian schools that accept public funds.,['bill'],[],2022,New Hampshire,lower
ocd-bill/aca3afb9-a6b9-46c3-acb5-890bff593b9b,HB 1391,establishing a secure psychiatric hospital advisory committee.,['bill'],[],2022,New Hampshire,lower
ocd-bill/b152d0ac-df6a-4dfc-b14a-a9c13ab7ec93,HB 1545,relative to a state directory for film production.,['bill'],[],2022,New Hampshire,lower
ocd-bill/0786312f-ee3a-47a7-a751-5e82c0dd1425,HB 1528,establishing a public boat access donation program for operators of non-motorized boats.,['bill'],[],2022,New Hampshire,lower
ocd-bill/f320cd31-14fd-4d8f-93c3-9f64050ed8a4,HB 1648,requiring public colleges and universities to implement peer support groups and develop policies for students with mental health conditions.,['bill'],[],2022,New Hampshire,lower
ocd-bill/269291d4-9c9f-4d0b-8ccf-6a85aee95f2e,HB 1453,relative to transportation to a chartered public school.,['bill'],[],2022,New Hampshire,lower
ocd-bill/4b01a794-c3dd-494a-80d5-a4f81e73e16d,SB 454,establishing a committee to study the information collected by the division of vital records administration as part of the live birth worksheet.,['bill'],[],2022,New Hampshire,upper
ocd-bill/0ac46c99-02e5-4a49-b5c0-bcfbf0db6492,HB 1372,relative to requirements for teacher certification.,['bill'],[],2022,New Hampshire,lower
ocd-bill/80432238-4804-416b-8f6b-ca34f61790d0,HB 1141,relative to special education services for children in chartered public schools.,['bill'],[],2022,New Hampshire,lower
ocd-bill/87b29016-caca-4815-8d27-add260a72501,HB 1081,relative to the dissolution of a village district.,['bill'],[],2022,New Hampshire,lower
ocd-bill/fe8785c3-cce7-425f-b928-214390b7c383,HB 1441,establishing a commission to organize the observance of the 250th anniversary of the declaration of independence.,['bill'],[],2022,New Hampshire,lower
ocd-bill/ea02a296-0ecf-4dc1-bce8-6ab371d653d6,HB 1220,prohibiting the docking of houseboats on Perkins Pond in Sunapee.,['bill'],[],2022,New Hampshire,lower
ocd-bill/23d7fe67-a6be-464c-bb02-da5d1e00c2a4,HB 1103,relative to certain assets in a divorce proceeding.,['bill'],[],2022,New Hampshire,lower
ocd-bill/c0bb0656-d5dd-4a11-9327-ad4d477fac38,HB 624,"relative to site evaluation committee monitoring and enforcement responsibilities, and relative to net energy metering by hydroelectric generators.",['bill'],[],2022,New Hampshire,lower
ocd-bill/5ec65bc1-5f2e-4998-9ccc-8b2ec05567b8,HB 102,"(Second New Title) establishing a commission to study worldwide combined reporting method for unitary businesses under the business profits tax, and relative to the treatment of water or sewerage disposal utilities under the business profits tax.",['bill'],[],2022,New Hampshire,lower
ocd-bill/87161820-6cd9-493e-b21b-863b98bff498,HR 21,memorializing Robert Renny Cushing.,['resolution'],[],2022,New Hampshire,lower
ocd-bill/cc957e8e-0c78-4afa-a395-5c6e8c850789,HB 1625,repealing the prohibition on entering or remaining on a public way or sidewalk adjacent to a reproductive health care facility.,['bill'],[],2022,New Hampshire,lower
ocd-bill/05ebb4db-e57b-4fc3-a232-917fcc85d7a1,HB 1300,making an appropriation to fund the Ash Landfill in Newport.,['bill'],[],2022,New Hampshire,lower
ocd-bill/4ed76f64-791f-41ab-874e-b1530a4eabe5,HB 1325,relative to release of confidential records of a person appointed a guardian.,['bill'],[],2022,New Hampshire,lower
ocd-bill/a9bbecd4-219e-44b7-a49c-e88fa8ab935d,HB 1440,relative to surface water quality standards for perfluorinated chemicals.,['bill'],[],2022,New Hampshire,lower
ocd-bill/4d70fef3-2b4e-47e9-924c-99a53b84fbd5,HB 1045,relative to the composition of the ethics oversight advisory committee.,['bill'],[],2022,New Hampshire,lower
ocd-bill/0732cea5-aa17-4726-83b0-db290a0d1329,HB 1618,adding several perfluorinated chemicals to the list of per and polyfluoroalkyl substances with maximum contaminant levels and establishes a cumulative total for the maximum contaminant level of per and polyfluoroalkyl substances.,['bill'],[],2022,New Hampshire,lower
ocd-bill/8df11917-8385-4c42-9b84-dac547d03700,HB 379,relative to electronic notice.,['bill'],[],2022,New Hampshire,lower
ocd-bill/a2deb3ae-0e88-47cf-a469-cbc018972533,SB 238,relative to special education services in chartered public schools.,['bill'],[],2022,New Hampshire,upper
ocd-bill/15ecdc5a-33fd-433b-8869-f8a498c01dc8,HB 103,establishing a dental benefit under the state Medicaid program.,['bill'],[],2022,New Hampshire,lower
ocd-bill/2d85bda7-01c5-4aa5-ab5f-e090bdee7647,SB 355,requiring online marketplaces to disclose certain information to consumers.,['bill'],[],2022,New Hampshire,upper
ocd-bill/6034221b-543d-489e-9819-7071b13b2813,SB 246,relative to qualified private communities.,['bill'],[],2022,New Hampshire,upper
ocd-bill/68b23326-ce1c-44de-b93f-f5130b800629,HB 1095,relative to the sale of fresh condiments on pushcarts selling frankfurters and pre-cooked sausages.,['bill'],[],2022,New Hampshire,lower
ocd-bill/c1880b5d-eb3b-4cde-a44f-1d01a90832e5,HB 1377,relative to unemployment benefits for employees terminated for refusing to comply with a vaccine mandate.,['bill'],[],2022,New Hampshire,lower
ocd-bill/c00c1e60-97db-4498-8e5d-350b1fd5c745,SB 269,establishing a commission to study energy saving weatherization programs.,['bill'],[],2022,New Hampshire,upper
ocd-bill/b7f469f9-38f1-4c04-983a-6d50e0335639,HB 1428,relative to the provision of special education services by chartered public schools.,['bill'],[],2022,New Hampshire,lower
ocd-bill/411e47fa-cc41-4433-87bb-d6bd92d682f3,HB 1515,relative to the guardian ad litem report requirements.,['bill'],[],2022,New Hampshire,lower
ocd-bill/28bc1146-1665-4730-9517-bedd6e05ddf3,HB 1212,relative to charges for chartered public school transportation.,['bill'],[],2022,New Hampshire,lower
ocd-bill/ec3976ca-3602-4e07-92aa-56839caf3028,SB 259,"relative to the definition of ""municipal host"" for purposes of limited electrical energy producers.",['bill'],[],2022,New Hampshire,upper
ocd-bill/77e4a0ea-fa87-48ff-b5a3-6d93aafe5d36,HB 1244,relative to parental consent to medical and dental treatments of children in schools.,['bill'],[],2022,New Hampshire,lower
ocd-bill/7fee264e-1086-40f4-8261-b436af29e25b,HB 1037,relative to the governor's duties during a state of emergency.,['bill'],[],2022,New Hampshire,lower
ocd-bill/a1be1b2d-003e-4b5f-80b1-df82f520e2f5,HB 1626,relative to the unique pupil identification system.,['bill'],[],2022,New Hampshire,lower
ocd-bill/1fffd499-9229-4811-acd6-505d880fb8dd,HB 1001,authorizing the Girl Scouts of the Green and White Mountains to issue decals for multi-use decal plates.,['bill'],[],2022,New Hampshire,lower
ocd-bill/e68d6be6-54f1-40f9-b46b-b2a8d3a8686a,HB 1578,relative to including certain children and pregnant people in Medicaid and the children's health insurance program.,['bill'],[],2022,New Hampshire,lower
ocd-bill/17be14de-8109-4ae4-a5a0-e23799ddc5ce,CACR 15,relating to elections. Providing that the age to vote in the primary election be reduced to 17 for those who will be 18 by the general election.,['constitutional amendment'],[],2022,New Hampshire,lower
ocd-bill/b001a63c-e493-472b-aef1-abfc190e5125,HB 1486,relative to an income-based public assistance stipend for legislators.,['bill'],[],2022,New Hampshire,lower
ocd-bill/185a76a5-db4c-45d6-8ee7-1f42b1f95901,HB 1230,permitting online presentation of deer for registration.,['bill'],[],2022,New Hampshire,lower
ocd-bill/5e90d3bb-5944-4462-a114-a948bb5a3e7e,SB 306,relative to the penalties for various motor vehicle violations.,['bill'],[],2022,New Hampshire,upper
ocd-bill/67a9929b-0970-418d-8854-b4a8a4155e8a,HB 1488,expanding the prohibition against discrimination based on an individual's election not to participate in the state vaccine registry.,['bill'],[],2022,New Hampshire,lower
ocd-bill/6ff0c027-bd6d-4876-82c6-c736fa8fc481,HB 1052,relative to the number of rounds of ammunition allowed for hunting regardless of firearm capacity.,['bill'],[],2022,New Hampshire,lower
ocd-bill/19914ef0-a17f-42e8-adcf-219a9dd13e5d,SB 305,relative to the operation of personal water craft in marked channels from Hampton Falls to Hampton Harbor.,['bill'],[],2022,New Hampshire,upper
ocd-bill/64ff579b-3e83-4d18-aaf1-54489996e281,SB 290,relative to the practice of auriculotherapy.,['bill'],[],2022,New Hampshire,upper
ocd-bill/6aa1c922-05fc-4621-a6cd-86f95804e363,HB 1271,limiting the authority of the department of health and human services to mandate vaccinations; and relative to quarantine costs.,['bill'],[],2022,New Hampshire,lower
ocd-bill/6c96cbab-7b0c-47a9-8ff0-9af16fda972a,SB 386,relative to the determination of state adequate education grants and chartered public school tuition amounts.,['bill'],[],2022,New Hampshire,upper
ocd-bill/8f1e5946-2421-442f-8b7f-9a4fa8571774,SB 201,relative to naming a bridge in the town of Rumney and a bridge in the town of Center Harbor.,['bill'],[],2022,New Hampshire,upper
ocd-bill/8c95dc05-4d66-45ef-adae-1620ae1829b7,HB 1106,establishing a commission to study recruiting members of the armed forces and the commission on demographic trends.,['bill'],[],2022,New Hampshire,lower
ocd-bill/5e7dae96-2cae-4d30-8cd8-d68d6c4aa838,SB 414,relative to the definition of Alzheimer's disease and related disorders.,['bill'],[],2022,New Hampshire,upper
ocd-bill/b3c3a86c-3e41-431c-b251-0582ac52a364,SB 346,relative to a feasibility and impact study for the construction of a pier on Hampton Beach.,['bill'],[],2022,New Hampshire,upper
ocd-bill/a04a0b17-90a0-49f9-8093-5ad87ebac628,HB 1085,relative to ignition lock requirements.,['bill'],[],2022,New Hampshire,lower
ocd-bill/8772764a-419a-4efc-baf7-054b57b7b19f,HB 1319,relative to granting certain corrections personnel death benefits if killed in the line of duty.,['bill'],[],2022,New Hampshire,lower
ocd-bill/55727e13-e102-4a8d-955b-5ec05e62facf,HB 247,relative to treatment alternatives to opioids.,['bill'],[],2022,New Hampshire,lower
ocd-bill/e9e3de54-f33a-4a5b-b7f2-ef7c314fc7b4,SB 423,relative to a closed loop referral system in the department of health and human services.,['bill'],[],2022,New Hampshire,upper
ocd-bill/6a8affe5-c1b8-474f-bd40-4740e9a45455,HB 1367,relative to civics instruction in schools.,['bill'],[],2022,New Hampshire,lower
ocd-bill/225db531-3a5c-4e6f-9cad-5b543b69b619,SB 446,directing the department of health and human services to develop a plan relative to fostering sustainable childcare opportunities for working families and businesses.,['bill'],[],2022,New Hampshire,upper
ocd-bill/1fc91714-057f-470f-9ef7-ea8b789cf961,SB 200,apportioning congressional districts.,['bill'],[],2022,New Hampshire,upper
ocd-bill/bb712de7-b726-4200-93b9-cea873b475b0,SB 401,"making appropriations to the department of transportation for local highway aid and to the body-worn and dashboard camera fund, and permitting the department of transportation to operate dash cameras in fleet vehicles.",['bill'],[],2022,New Hampshire,upper
ocd-bill/1a006afd-c28d-4342-af06-572f47457332,SB 276,relative to the reporting requirements for the regenerative manufacturing workforce development program.,['bill'],[],2022,New Hampshire,upper
ocd-bill/95fc507c-79d8-40c6-8e2c-a8e8fc9534da,HB 1503,"adopting the Uniform Commercial Code relative to controllable electronic records, relative to exempting the developer, seller, or facilitator of the exchange of an open blockchain token from certain securities laws and establishing state procurement policies intended to promote the use of American materials.",['bill'],[],2022,New Hampshire,lower
ocd-bill/b7cb4ccd-6700-4571-a7ec-a7a389035b0c,HB 63,relative to the reversal or forgiveness of emergency order violations.,['bill'],[],2022,New Hampshire,lower
ocd-bill/1ffbbcbe-584c-4b15-aed0-4b3397001925,HB 410,establishing a commission to study the assessing of power generation and utility transmission,['bill'],[],2022,New Hampshire,lower
ocd-bill/567a875b-d5e1-4089-99ac-851b8663c9c3,HB 122,amending the capital appropriation for an aviation hangar bay in the department of military affairs and veterans services.,['bill'],[],2022,New Hampshire,lower
ocd-bill/75b46d34-fce5-4799-97f2-c2397ac6c3f1,SB 312,relative to adjusted assessments of taxable property.,['bill'],[],2022,New Hampshire,upper
ocd-bill/46df69e5-ee97-4155-94c5-b181b8565a4e,HB 1344,relative to the authority of real estate brokers.,['bill'],[],2022,New Hampshire,lower
ocd-bill/232c66fa-cdfc-437d-91cb-47457d1ffc59,HB 1099,"relative to medical freedom in immunizations, re-establishing the Special Supplemental Nutrition Program for Women, Infants, and Children (WIC) Farmers Market Nutrition Program, establishing an association health plan pilot program, and relative to expanding Medicaid to include certain postpartum health care services and making an appropriation therefor.",['bill'],[],2022,New Hampshire,lower
ocd-bill/c04f9104-0248-4562-b584-6b0428869430,HB 292,relative to the absentee ballot application process.,['bill'],[],2022,New Hampshire,lower
ocd-bill/5f5b9b62-8f14-4ff1-9284-89407e66473f,HB 1627,establishing an education freedom account program administrator in the department of education and making an appropriation therefor.,['bill'],[],2022,New Hampshire,lower
ocd-bill/985123b6-f889-4770-ae15-0dc2cc39aacb,HB 1662,"relative to the privacy obligations of the department of health and human services, an appropriation for housing expenses for homeless people and parameters thereof, electronic wage payments, and requiring online marketplaces to disclose certain information to consumers.",['bill'],[],2022,New Hampshire,lower
ocd-bill/21216527-4f93-407a-bde0-16f940d53b22,HB 1027,establishing the crime of undermining legislative process by false claim of emergency.,['bill'],[],2022,New Hampshire,lower
ocd-bill/1e382c8c-4729-4afd-a1a6-e91de483b109,HB 1643,modifying the new resident drivers' license transfer requirement.,['bill'],[],2022,New Hampshire,lower
ocd-bill/f19628f1-624f-4d03-8913-fed7f68bf53f,HB 1208,relative to driver education.,['bill'],[],2022,New Hampshire,lower
ocd-bill/58937f56-d9ba-4368-8b0f-d670ba7fc1fe,SB 407,relative to expanding Medicaid to include certain postpartum health care services and making an appropriation therefor and relative to exemptions from vaccine mandates.,['bill'],[],2022,New Hampshire,upper
ocd-bill/52d75f3d-adbc-45dc-b530-0a91d3d1bda8,HB 1149,relative to the number of names required for nomination by nomination papers.,['bill'],[],2022,New Hampshire,lower
ocd-bill/80119c9e-1268-4577-95e7-b7b0ec85e14e,HR 22,“Memorializing Katherine Rogers”,['resolution'],[],2022,New Hampshire,lower
ocd-bill/a584c0e0-2ba7-4033-bd42-1f2185bb4c0e,SB 277,relative to emergency or temporary health care licenses.,['bill'],[],2022,New Hampshire,upper
ocd-bill/7606a33d-cf74-40ef-a315-1bcf979b4a5a,SB 459,relative to a health care facility workplace violence prevention program.,['bill'],[],2022,New Hampshire,upper
ocd-bill/4564ec9a-53a7-4a43-95e6-227458619a47,HB 355,relative to Keno.,['bill'],[],2022,New Hampshire,lower
ocd-bill/efa9b9dd-ce7e-49f7-9d48-196a97cb1cfc,HB 1093,relative to the licensure of nonresident aliens temporarily residing in New Hampshire.,['bill'],[],2022,New Hampshire,lower
ocd-bill/77c7999d-ab0d-4724-b969-4817bfa98abd,HB 1278,relative to the modification or termination of term alimony.,['bill'],[],2022,New Hampshire,lower
ocd-bill/c0427ef3-808b-42f1-9dc4-35b2efb3bb32,HB 1593,requiring the department of transportation to erect sound barriers on Interstate Route 95 in the city of Portsmouth.,['bill'],[],2022,New Hampshire,lower
ocd-bill/4e0798ad-ebe7-4d1a-a159-327df8ba05c4,SB 410,relative to public comment periods at school district meetings and meetings of the state board of education.,['bill'],[],2022,New Hampshire,upper
ocd-bill/49357636-c444-4882-bbe9-f0b9b30f3430,SB 438,relative to state procurement policies intended to promote the use of American materials and certain cosmetology licensure requirements.,['bill'],[],2022,New Hampshire,upper
ocd-bill/d3b1b740-ac6f-4535-b42c-952215b93cde,HB 1357,relative to land acknowledgment.,['bill'],[],2022,New Hampshire,lower
ocd-bill/378a68c1-7810-41a3-86e6-ca6bd2bcd960,HB 1181,allowing the biological father of an unborn child to petition the court for an injunction prohibiting the biological mother from having an abortion.,['bill'],[],2022,New Hampshire,lower
ocd-bill/8d3219f1-0f6a-465e-bbdb-0d9375fa1d05,HB 1477,prohibiting abortions after detection of fetal heartbeat.,['bill'],[],2022,New Hampshire,lower
ocd-bill/e4fb18e6-cddb-4084-aef3-285f6c30ef47,HB 1053,relative to the hourly rate paid to an employee for hours worked but not previously scheduled.,['bill'],[],2022,New Hampshire,lower
ocd-bill/9617adb5-6c33-4f05-ac32-6b98004d5941,HB 1025,"relative to impeding, provoking, or harassing law enforcement officers.",['bill'],[],2022,New Hampshire,lower
ocd-bill/d5ef48e6-b944-4aca-84c4-f41260140237,HB 1521,requiring the department of education to provide the house and senate standing committees responsible for education with written copies of the laws relative to education.,['bill'],[],2022,New Hampshire,lower
ocd-bill/4fc9a0e7-e1a2-4dba-8a11-e4f95f0e887c,HB 1380,relative to installation of solar photovoltaic energy systems by owners subject to deed restrictions in a homeowners association.,['bill'],[],2022,New Hampshire,lower
ocd-bill/5f34681e-6e0f-45fa-ab58-e04488ba81e5,HB 1348,relative to the legalization of a certain amount of cannabis.,['bill'],[],2022,New Hampshire,lower
ocd-bill/f1f1a7d3-ac10-47f9-8c2d-883b863400c3,HB 1498,establishing a safety program for off highway recreational vehicles and snowmobiles.,['bill'],[],2022,New Hampshire,lower
ocd-bill/68c616e2-3713-4e31-95c3-6c1d1d2431e1,SB 270,establishing a low-moderate income community solar program.,['bill'],[],2022,New Hampshire,upper
ocd-bill/8d6bef50-59fe-4bc7-a807-9064d54686f7,HB 1128,relative to financial liability for damage caused by OHRV use of class VI roads.,['bill'],[],2022,New Hampshire,lower
ocd-bill/921c0947-42d9-4eb8-a23a-7bc7ec57c00f,HB 1398,establishing a committee to study the feasibility of centralized criminal history records checks in education.,['bill'],[],2022,New Hampshire,lower
ocd-bill/cacc1b13-5800-43c5-8e25-966f03cad062,SB 460,relative to salaries for employee positions approved by the joint committee on employee classification.,['bill'],[],2022,New Hampshire,upper
ocd-bill/20361598-30d1-4fdc-b0f5-7726d6a89352,HB 1475,relative to the enforcement authority of liquor enforcement officers.,['bill'],[],2022,New Hampshire,lower
ocd-bill/6575f4be-23bd-4a0c-8e91-f8f4dd337a4c,HB 1462,relative to motorcycle learner's permits.,['bill'],[],2022,New Hampshire,lower
ocd-bill/006eb2ed-1f73-40e6-8e65-ffaa758ea8ab,SB 285,relative to discount medical plan organizations.,['bill'],[],2022,New Hampshire,upper
ocd-bill/c1910acd-c1cc-480a-bcce-56b73e799e18,SB 219,declaring the month of September as kinship care awareness month.,['bill'],[],2022,New Hampshire,upper
ocd-bill/a5fcb4d5-dc8a-4d5c-801e-1e1b844fb4b4,HB 327,requiring that voters show identification when personally delivering absentee ballots to town and city clerks.,['bill'],[],2022,New Hampshire,lower
ocd-bill/6838287d-a4dd-4e0a-a35b-2a63d648413c,SB 376,relative to creating a board to review police incidents involving citizens affected by mental health issues.,['bill'],[],2022,New Hampshire,upper
ocd-bill/bb78a21a-4b11-4d84-9c21-04fa29420519,SB 394,relative to the definition of a child with a disability under special education laws and providing funding for special education costs for students over age 21 to age 22.,['bill'],[],2022,New Hampshire,upper
ocd-bill/05183f7d-f282-4a10-a6f7-6a985782b9b4,SB 263,establishing the New Hampshire youth environmental education and conservation council.,['bill'],[],2022,New Hampshire,upper
ocd-bill/134e8f6a-e64b-4916-a003-dd284201ed23,HB 524,requiring the secretary of state to conduct random verification counts of polling place results.,['bill'],[],2022,New Hampshire,lower
ocd-bill/72feb56c-de11-4a88-841f-4bf97b114bbc,SB 435,relative to the net operating loss carryover under the business profits tax.,['bill'],[],2022,New Hampshire,upper
ocd-bill/eb0a3388-9257-41a1-a6ba-534b4768e5b9,SB 232,relative to the permissible uses of a school district contingency fund.,['bill'],[],2022,New Hampshire,upper
ocd-bill/93caf013-a6a8-4e0b-bd6d-6a2360f59aa5,HB 1646,relative to representation on a cooperative school district board.,['bill'],[],2022,New Hampshire,lower
ocd-bill/52f030e9-055d-4fd8-84e7-704b5922eb43,HB 436,relative to eyewitness identification procedures.,['bill'],[],2022,New Hampshire,lower
ocd-bill/214277c2-aa7f-482e-b3fd-5990ba237b63,HB 1600,relative to the use of body cameras by law enforcement during an interview or interrogation.,['bill'],[],2022,New Hampshire,lower
ocd-bill/7ffb6640-c129-48ab-bebc-44f3ec231664,HB 1198,relative to rules of the department of education concerning culture and climate in schools.,['bill'],[],2022,New Hampshire,lower
ocd-bill/592fc16b-8685-4291-ab8d-42a6662639a4,HB 319,requiring students in the university and community college systems of New Hampshire to pass the United States Citizenship and Immigration Services civics naturalization test.,['bill'],[],2022,New Hampshire,lower
ocd-bill/2ba2c27a-b8a0-4fe1-936a-7689b4118272,HB 1670,relative to funds of the education freedom account program after termination of a student's participation and responsibilities of the scholarship organization.,['bill'],[],2022,New Hampshire,lower
ocd-bill/46bba8fe-61ff-49f0-8cf1-07b2db4fbb67,HB 1469,establishing a committee to study the need for anti-discrimination legislation in the New Hampshire financial services industry.,['bill'],[],2022,New Hampshire,lower
ocd-bill/52fc8930-46c6-4819-a2ec-2dbd130326b8,HB 1280,prohibiting a parent's refusal to vaccinate a child from being used as evidence in any proceeding to terminating parental rights and enacting the 2009 interstate compact for the placement of children.,['bill'],[],2022,New Hampshire,lower
ocd-bill/41dd851e-5fe5-422b-aa8a-86061d5494cb,SB 210,relative to the sale of manufactured housing parks.,['bill'],[],2022,New Hampshire,upper
ocd-bill/3a102e3b-b658-4240-bfac-fd195c98d81f,SB 303,relative to the reimbursement of sheriffs offices for prisoner custody and control.,['bill'],[],2022,New Hampshire,upper
ocd-bill/e75938b2-c6c2-4118-a9b1-d591754f81d5,SB 98,relative to the SNAP incentive program.,['bill'],[],2022,New Hampshire,upper
ocd-bill/3424e57a-bb5a-4d03-be1f-8d71abfb3a0f,HB 106,establishing procedures for municipal host customer-generators of electrical energy.,['bill'],[],2022,New Hampshire,lower
ocd-bill/77de2e6b-ff6a-493d-9f64-b3f6c7177f45,HB 54,apportioning county commissioner districts.,['bill'],[],2022,New Hampshire,lower
ocd-bill/c176bd5b-17b3-422b-876c-6a2e0ee58053,HB 1038,naming a bridge in Londonderry in honor of Robert J. Prowse and a bridge in Portsmouth in honor of Staff Sergeant Jesse E. Sherrill.,['bill'],[],2022,New Hampshire,lower
ocd-bill/78bcc9ff-f48e-48bc-b2cc-ec4c12c09516,SB 288,establishing a committee to study the listing of immunizations for children.,['bill'],[],2022,New Hampshire,upper
ocd-bill/fa6edd9c-9752-48d2-93b1-e16cb71b8fe1,HB 1661,"relative to regional career technical education agreements, an appropriation for preliminary work for a new legislative parking garage, health and human services, establishing an extraordinary need grant for schools, training and procedures for zoning and planning boards, and financial investments and incentives for affordable housing development.",['bill'],[],2022,New Hampshire,lower
ocd-bill/76bad019-ff00-4a3e-a479-42bd22655d2c,HB 1614,requiring the recording and storing of digital video in all state-funded juvenile detention facilities.,['bill'],[],2022,New Hampshire,lower
ocd-bill/6ba37cbe-fec6-4e3b-a414-528edb525c41,SB 275,relative to the opioid abatement trust fund and advisory commission.,['bill'],[],2022,New Hampshire,upper
ocd-bill/ca501f53-b16e-4398-acba-959dbaabe9cc,HB 293,relative to the procedure for adoption of a minor child.,['bill'],[],2022,New Hampshire,lower
ocd-bill/8a71440d-88f1-4338-a172-84462997741f,HB 1132,relative to applications for a charter conversion school.,['bill'],[],2022,New Hampshire,lower
