id,media_type,url,version_id
cb70439e-a11f-4f9e-9479-2b112284f8aa,application/pdf,http://www.gencourt.state.nh.us/bill_status/billText.aspx?sy=2020&id=2020-1542e&txtFormat=amend,d9e9826e-0127-4530-a90c-b316e864ba1b
123cf7aa-ed7c-4638-bea7-8150eb0cc9c7,text/html,http://www.gencourt.state.nh.us/bill_status/billText.aspx?sy=2020&id=508&txtFormat=html,8bbe35fd-b5e7-47a1-ac9f-67a34af05ecd
5be4367e-e292-44a2-ba53-aa14106b3594,application/pdf,http://www.gencourt.state.nh.us/bill_status/billText.aspx?sy=2020&id=2020-0964h&txtFormat=amend,d2f8cc9d-a289-47a8-b63c-07880cfec8ce
219adddd-7f4f-4e06-b9aa-b942eaf2b896,application/pdf,http://www.gencourt.state.nh.us/bill_status/billText.aspx?sy=2020&id=2020-0952h&txtFormat=amend,10d64a31-a640-4505-88ad-5febb1e1ad71
07b99ef1-8e80-4ad6-ad45-8c9882629f22,application/pdf,http://www.gencourt.state.nh.us/bill_status/billText.aspx?sy=2020&id=2020-0284s&txtFormat=amend,47d08a80-dd08-421e-a7f5-96a96c0f8a09
218350b5-f237-43d1-839a-dff00c1de1fe,application/pdf,http://www.gencourt.state.nh.us/bill_status/billText.aspx?sy=2020&id=2020-0336e&txtFormat=amend,3f484453-d6fc-4ac3-b23f-9edbf3bb50e1
b80e8016-c385-412b-b40f-32ef6235ae35,application/pdf,http://www.gencourt.state.nh.us/bill_status/billText.aspx?sy=2020&id=2019-2776h&txtFormat=amend,eb360a1f-f40d-48dd-b0d0-f595ae720968
89579ede-ef32-46bf-9fd6-4f35b1efe1fc,text/html,http://www.gencourt.state.nh.us/bill_status/billText.aspx?sy=2020&id=312&txtFormat=html,4343ad8b-9343-4f8f-bcd1-7756c9f4df2e
633e551f-759f-4ef6-b569-e579d97033a2,application/pdf,http://www.gencourt.state.nh.us/bill_status/billText.aspx?sy=2020&id=2019-2824h&txtFormat=amend,89cafefc-99f2-4f6b-8495-eec5290938c7
942a7b04-ed2a-4a67-942e-49bd0ffb10e5,application/pdf,http://www.gencourt.state.nh.us/bill_status/billText.aspx?sy=2020&id=2020-0862s&txtFormat=amend,69df822d-6592-4f5b-9f08-21cdc1c05e75
da759076-caa9-4682-8f8c-558ea70efa04,application/pdf,http://www.gencourt.state.nh.us/bill_status/billText.aspx?sy=2020&id=2019-2766h&txtFormat=amend,bb463811-a8e3-4555-81a2-6828698fd2a0
2c575290-0964-48ba-9c63-ba63b4d7f7fb,text/html,http://www.gencourt.state.nh.us/bill_status/billText.aspx?sy=2020&id=784&txtFormat=html,55c39da3-21fc-4081-ac72-f012e299806c
57c1b672-741c-4c21-8b54-8b5dc78d6174,text/html,http://www.gencourt.state.nh.us/bill_status/billText.aspx?sy=2020&id=393&txtFormat=html,eb0f75d5-278b-4fca-8fe0-32fc52b9f369
1fafad9e-e2d3-497d-927e-b1354862d519,application/pdf,http://www.gencourt.state.nh.us/bill_status/billText.aspx?sy=2020&id=2020-0604s&txtFormat=amend,66385be0-5cfb-4c1e-9903-2f9a97977641
cd427752-4cdf-435f-81e6-5b7eb29ce242,text/html,http://www.gencourt.state.nh.us/bill_status/billText.aspx?sy=2020&id=422&txtFormat=html,1a08bb04-bcbe-4650-859e-6e7799670913
474f7fee-fa8b-45a7-9500-de2c5b0d8888,text/html,http://www.gencourt.state.nh.us/bill_status/billText.aspx?sy=2020&id=355&txtFormat=html,32cd3387-f3c9-42c6-931f-13ea7dd04178
efa63334-6b3b-4630-a28e-2607a18f41e8,text/html,http://www.gencourt.state.nh.us/bill_status/billText.aspx?sy=2020&id=701&txtFormat=html,1168c94a-a9ac-44ba-a6d4-90b5642cde60
629435d8-f219-4edf-9f95-01b8d9e7e424,application/pdf,http://www.gencourt.state.nh.us/bill_status/billText.aspx?sy=2020&id=2019-0445h&txtFormat=amend,ec29cdd9-a32d-439e-86b3-adf78100a6a7
39699042-25c5-4a7b-8da0-a40197eab7d5,application/pdf,http://www.gencourt.state.nh.us/bill_status/billText.aspx?sy=2020&id=2020-1159s&txtFormat=amend,ea0ae383-d0a0-4892-afe2-9c844165e983
85635a28-2b38-40ac-879d-4a113dccc467,application/pdf,http://www.gencourt.state.nh.us/bill_status/billText.aspx?sy=2020&id=2019-2692h&txtFormat=amend,fa9c554c-942d-45a1-937f-0c84173d2579
c6d88001-172b-4b52-9585-edd6fe2ae550,text/html,http://www.gencourt.state.nh.us/bill_status/billText.aspx?sy=2020&id=657&txtFormat=html,f6162f4d-0077-48aa-bf0a-af872bbb631a
cc744355-933c-49fd-99f4-c2747de90689,application/pdf,http://www.gencourt.state.nh.us/bill_status/billText.aspx?sy=2020&id=2020-0138h&txtFormat=amend,c9f1dc84-62a8-4c4f-90d8-16a24f08c16d
0007fc87-141f-43b9-a87d-c29ca3efc5bd,application/pdf,http://www.gencourt.state.nh.us/bill_status/billText.aspx?sy=2020&id=2020-0341h&txtFormat=amend,d0c2bd08-b4a6-46cf-acb3-f9809dc94310
58c3b5ff-adc3-4e18-a8a2-3e075eb1c069,application/pdf,http://www.gencourt.state.nh.us/bill_status/billText.aspx?sy=2020&id=2020-0283s&txtFormat=amend,9af3f36d-7a91-4f2f-b6e4-653d4fa1ccd5
86929a82-cc90-4e2f-bbac-286e9a789035,application/pdf,http://www.gencourt.state.nh.us/bill_status/billText.aspx?sy=2020&id=2020-0532h&txtFormat=amend,76347c98-2374-4358-bf48-bec746b6b55c
0b729a57-90fe-4f6f-bbea-ac5484f6fbea,application/pdf,http://www.gencourt.state.nh.us/bill_status/billText.aspx?sy=2020&id=2020-0203h&txtFormat=amend,794cab9a-feca-4611-8128-5af25409265b
40313013-536c-4118-b936-891fd06195ea,application/pdf,http://www.gencourt.state.nh.us/bill_status/billText.aspx?sy=2020&id=2019-2768h&txtFormat=amend,cce30777-ecdc-4e1f-9376-877eb9623858
2bd36d5f-4161-48dc-b64c-ac540a3837f8,text/html,http://www.gencourt.state.nh.us/bill_status/billText.aspx?sy=2020&id=608&txtFormat=html,95d65966-dea6-4ac0-8daa-30122d891bba
bc15155c-73bd-46b7-b199-a9c1398e54c7,application/pdf,http://www.gencourt.state.nh.us/bill_status/billText.aspx?sy=2020&id=2019-0861s&txtFormat=amend,144870d2-931a-4840-8746-b95623cf8004
b8eddc8b-9e73-41d1-b4d5-2da2d2ff9925,application/pdf,http://www.gencourt.state.nh.us/bill_status/billText.aspx?sy=2020&id=2019-0526h&txtFormat=amend,c73c9173-b292-4fa9-8c94-fce850cc3561
d3679d6d-ddcf-43d8-8f32-2d7c0c9758c0,text/html,http://www.gencourt.state.nh.us/bill_status/billText.aspx?sy=2020&id=253&txtFormat=html,f4f215f2-cf43-4c36-9360-0db56a44fe99
d11a8227-871e-47dd-9894-9079294d0e56,application/pdf,http://www.gencourt.state.nh.us/bill_status/billText.aspx?sy=2020&id=2020-1427s&txtFormat=amend,82fa4c54-a89a-4173-a616-976d8bb6e34b
9fb0eed3-3f1d-413c-ba15-1afda1847dc1,application/pdf,http://www.gencourt.state.nh.us/bill_status/billText.aspx?sy=2020&id=2019-0182h&txtFormat=amend,e4327022-2eee-4dea-a5ef-54eba47db1f2
6fa6d97a-91f5-45c2-b559-5111ef2584db,text/html,http://www.gencourt.state.nh.us/bill_status/billText.aspx?sy=2020&id=600&txtFormat=html,8d38a615-f9a5-44b3-b535-710fd4b7036e
a4a511ec-4e53-4ed0-a824-68aa128bf814,application/pdf,http://www.gencourt.state.nh.us/bill_status/billText.aspx?sy=2020&id=2019-2794h&txtFormat=amend,dc7e822d-02e5-45f9-adff-0ed02a8677bb
d4347617-ff69-49ac-ad1b-048934f29b9b,text/html,http://www.gencourt.state.nh.us/bill_status/billText.aspx?sy=2020&id=137&txtFormat=html,c98a1743-fd24-4d13-a9d1-452d384b1850
144c86a0-f57e-4b3b-acb7-3bcbb10dde61,application/pdf,http://www.gencourt.state.nh.us/bill_status/billText.aspx?sy=2020&id=2020-0652h&txtFormat=amend,db3e1517-7a4f-42c9-9338-343cf003a784
2dfc0120-aac3-42f2-84a7-acd1c553caf6,application/pdf,http://www.gencourt.state.nh.us/bill_status/billText.aspx?sy=2020&id=2019-0404h&txtFormat=amend,2cb468eb-0206-4513-ad90-8983d1da4f37
2d14302f-85da-4aaa-9077-0592728d3b42,text/html,http://www.gencourt.state.nh.us/bill_status/billText.aspx?sy=2020&id=591&txtFormat=html,7483f293-8f90-46cd-982f-9df972ab8f7d
512c93f9-a2b3-41fc-ae5c-1bf01ff59f6b,application/pdf,http://www.gencourt.state.nh.us/bill_status/billText.aspx?sy=2020&id=2020-0829h&txtFormat=amend,a500fae8-b59a-4048-ab35-5712247e7fdc
83c8e775-5dc5-4527-b89a-0496e5e983b0,application/pdf,http://www.gencourt.state.nh.us/bill_status/billText.aspx?sy=2020&id=2019-0477h&txtFormat=amend,8ed00ebf-1f9c-4b60-ac30-b2b8218e2226
17d9ad18-1994-42f6-8a7a-1c43ae46ad23,text/html,http://www.gencourt.state.nh.us/bill_status/billText.aspx?sy=2020&id=793&txtFormat=html,a30cf4a6-881b-41d3-aee4-25dc8da6622a
96cdf4c8-f2ba-4ea4-891a-04fb20a725d7,application/pdf,http://www.gencourt.state.nh.us/bill_status/billText.aspx?sy=2020&id=2019-0416h&txtFormat=amend,de36ad07-d459-4d3a-aee9-418bf9afa4cf
e733065f-8a60-468e-9baa-4023988be9cc,text/html,http://www.gencourt.state.nh.us/bill_status/billText.aspx?sy=2020&id=661&txtFormat=html,6af83c45-0e16-4a68-9f83-b9a9093c5f97
cd4950d2-63a4-4503-85cb-767e264ef4c1,text/html,http://www.gencourt.state.nh.us/bill_status/billText.aspx?sy=2020&id=207&txtFormat=html,28593f9f-913e-4bcc-a9ce-7502a3737385
704431ab-cac8-4b4b-929a-42c2b847b059,application/pdf,http://www.gencourt.state.nh.us/bill_status/billText.aspx?sy=2020&id=2019-2705h&txtFormat=amend,9d7058e6-2b4c-4886-a30d-c599e1a2a989
17149158-7096-42d6-beac-fe9175f2b643,text/html,http://www.gencourt.state.nh.us/bill_status/billText.aspx?sy=2020&id=187&txtFormat=html,e759fd5e-af84-4c1f-908b-76b5f47f5307
2c9a7fbf-25ae-4a10-a170-95da6feecc63,application/pdf,http://www.gencourt.state.nh.us/bill_status/billText.aspx?sy=2020&id=2019-2854h&txtFormat=amend,acede670-1291-4ae2-a25d-36a2d7087a9b
26ef3216-5a74-4be0-be99-8aa8fcc91939,text/html,http://www.gencourt.state.nh.us/bill_status/billText.aspx?sy=2020&id=163&txtFormat=html,c22cafac-787a-43a8-8093-e6293ebfacfc
25b02e68-31f2-4519-bf5e-813931eb925b,application/pdf,http://www.gencourt.state.nh.us/bill_status/billText.aspx?sy=2020&id=2019-2851h&txtFormat=amend,c99ed375-62ad-445b-95b3-6cea38e717a0
09621ab8-aad6-48ab-ba9a-3eb5afed3836,text/html,http://www.gencourt.state.nh.us/bill_status/billText.aspx?sy=2020&id=321&txtFormat=html,65abc734-602c-4b01-a29d-05c10b09bb92
e4004ff4-3ded-4e4d-a0e8-16e33d3c5fa2,application/pdf,http://www.gencourt.state.nh.us/bill_status/billText.aspx?sy=2020&id=2020-1084s&txtFormat=amend,477a652f-c394-428d-9151-73d96bd4db06
fd7ff148-2e38-4835-9a9a-1af79f9f0af2,application/pdf,http://www.gencourt.state.nh.us/bill_status/billText.aspx?sy=2020&id=2020-0023s&txtFormat=amend,81d56e18-3846-452b-b980-0b2e36eedbed
edb7c234-ba51-4c0a-ae28-15624d0e645e,application/pdf,http://www.gencourt.state.nh.us/bill_status/billText.aspx?sy=2020&id=2019-2755h&txtFormat=amend,3732cdc7-c6ed-49d2-b983-a7c45837e523
a4f0e87c-f65c-434f-8742-d2a8a6093fae,text/html,http://www.gencourt.state.nh.us/bill_status/billText.aspx?sy=2020&id=76&txtFormat=html,b951ec3e-0196-4863-9c2d-e4861b2fac02
7a93e9c1-14c1-4fd9-91b3-e6912090d7b7,application/pdf,http://www.gencourt.state.nh.us/bill_status/billText.aspx?sy=2020&id=2019-2804h&txtFormat=amend,04732467-aa3a-4ec7-9a42-76e7871c21a4
9550c3ba-dc81-4d5c-8ac7-9c72ba7d3e6f,application/pdf,http://www.gencourt.state.nh.us/bill_status/billText.aspx?sy=2020&id=2019-1010s&txtFormat=amend,56adf148-40dc-4d0e-8c8c-bfafe09c42fb
36613088-c3ea-43db-9c84-9c1c42c0b2c2,application/pdf,http://www.gencourt.state.nh.us/bill_status/billText.aspx?sy=2020&id=2019-2820h&txtFormat=amend,09d059c9-7301-44dd-8c01-2ad058212b41
eaae2e23-00ee-4371-a776-80d5da2cbf5a,application/pdf,http://www.gencourt.state.nh.us/bill_status/billText.aspx?sy=2020&id=2020-0449h&txtFormat=amend,a0fb27b6-9c17-4241-ba42-35b7a32a8be3
3984dd8a-0025-490b-acf3-81896683f3b6,application/pdf,http://www.gencourt.state.nh.us/bill_status/billText.aspx?sy=2020&id=2020-1021s&txtFormat=amend,87a22c73-704b-4538-99b9-39ff694f4481
045870d2-9665-4e2a-9e2d-9dae0de22013,application/pdf,http://www.gencourt.state.nh.us/bill_status/billText.aspx?sy=2020&id=2020-1056s&txtFormat=amend,c776a755-cac2-48e6-93ef-3939ca237ac8
5f3e096a-2b62-4b1a-82e7-d10813e23f49,application/pdf,http://www.gencourt.state.nh.us/bill_status/billText.aspx?sy=2020&id=2020-1618&txtFormat=amend,bf9071ea-1ee4-44f4-92d7-172ce2bfee5f
e95b8b14-3f16-4567-a16b-4a6636572736,text/html,http://www.gencourt.state.nh.us/bill_status/billText.aspx?sy=2020&id=71&txtFormat=html,3e868fd5-9bfb-4abd-a18f-92ae7e3844fc
5a7a56a7-3668-403a-a72d-e02b30d7311a,application/pdf,http://www.gencourt.state.nh.us/bill_status/billText.aspx?sy=2020&id=2020-0756s&txtFormat=amend,eb963c5c-a31e-4614-b69d-d0dcd1be5e04
870750d7-0192-4407-b6a0-4c07d8315bf8,application/pdf,http://www.gencourt.state.nh.us/bill_status/billText.aspx?sy=2020&id=2020-0089h&txtFormat=amend,9f563661-3763-4184-ac6c-275dd4935554
9bf31d46-9c77-433f-9fad-e122f2189dc0,application/pdf,http://www.gencourt.state.nh.us/bill_status/billText.aspx?sy=2020&id=2020-0152h&txtFormat=amend,cacb9b67-114c-4f68-b4e9-67cd33e316f7
d0f7e816-8255-41a1-8637-9d561deb9ee7,application/pdf,http://www.gencourt.state.nh.us/bill_status/billText.aspx?sy=2020&id=2020-0168h&txtFormat=amend,cf85d73c-0030-4d14-bfcb-806cd307371c
6023d2ad-7cf1-4b76-97b4-a22dcda3703b,application/pdf,http://www.gencourt.state.nh.us/bill_status/billText.aspx?sy=2020&id=2020-1058h&txtFormat=amend,cb31463f-e361-41c4-b985-a58ba25f6af3
258fe4f6-c58d-4783-b374-c5515aefd4b1,application/pdf,http://www.gencourt.state.nh.us/bill_status/billText.aspx?sy=2020&id=2020-0873h&txtFormat=amend,01febcb9-06b5-4ece-8bf9-58738585e703
a7d1aa9b-3043-4074-be6f-3b68001c3faf,application/pdf,http://www.gencourt.state.nh.us/bill_status/billText.aspx?sy=2020&id=2019-0854s&txtFormat=amend,27fd7572-c40d-4955-ae6d-d32ee4b5fd48
09ae3e10-ede1-4436-bf38-b0bfbb421c00,application/pdf,http://www.gencourt.state.nh.us/bill_status/billText.aspx?sy=2020&id=2020-1086h&txtFormat=amend,ce82905f-2b0e-4879-b4c8-3c555ce7ce94
5da7a852-f409-4d33-99f3-3ae60381975a,application/pdf,http://www.gencourt.state.nh.us/bill_status/billText.aspx?sy=2020&id=2019-2829h&txtFormat=amend,d7d6d0e9-5f39-498e-b1f8-498c0d2c0d42
72b7c9a6-404d-4372-84a4-dd02ea11f679,application/pdf,http://www.gencourt.state.nh.us/bill_status/billText.aspx?sy=2020&id=2020-0455h&txtFormat=amend,e1c3d581-82c6-4504-8746-7fc32c235a16
6bc4364a-38e8-4216-b359-a742390a10ec,application/pdf,http://www.gencourt.state.nh.us/bill_status/billText.aspx?sy=2020&id=2020-1615e&txtFormat=amend,939247cb-787a-4fe6-a479-52e9f42fbe4e
9830b12b-69cf-4c5f-bbfa-7eba193d7666,application/pdf,http://www.gencourt.state.nh.us/bill_status/billText.aspx?sy=2020&id=2020-0898h&txtFormat=amend,c9a8e6dc-85e5-417b-8fed-61535c4d041e
864d86e4-51be-4819-8a80-4c218106e810,application/pdf,http://www.gencourt.state.nh.us/bill_status/billText.aspx?sy=2020&id=2020-0978h&txtFormat=amend,43fc46e9-cf5d-412c-ba57-bfbfcb62066b
e60889c3-7f53-4995-9fd4-a29202eb0154,application/pdf,http://www.gencourt.state.nh.us/bill_status/billText.aspx?sy=2020&id=2020-0995h&txtFormat=amend,b42ee766-ad68-4d73-b351-95138ec47c50
356f8039-aa71-4a09-a670-91c77ffcd568,text/html,http://www.gencourt.state.nh.us/bill_status/billText.aspx?sy=2020&id=445&txtFormat=html,5076ef8a-0317-42ad-8860-f6457172a801
dbc8bcd2-655a-42de-8aa8-3dcb01bb29af,application/pdf,http://www.gencourt.state.nh.us/bill_status/billText.aspx?sy=2020&id=2020-0992h&txtFormat=amend,bb759f6d-9124-44a6-a8bc-85ba14983169
471b0681-46b0-44d0-a67f-d242e1d7d02c,application/pdf,http://www.gencourt.state.nh.us/bill_status/billText.aspx?sy=2020&id=2020-0514h&txtFormat=amend,d1516b22-baa0-4f41-a931-d4d299c06f55
664b672c-1ce4-475b-a858-94bbbed2dfc6,application/pdf,http://www.gencourt.state.nh.us/bill_status/billText.aspx?sy=2020&id=2020-0516s&txtFormat=amend,aca64c7a-3d32-42fb-af32-7197144dcfcc
414dde12-91b6-4bab-adef-456080865453,application/pdf,http://www.gencourt.state.nh.us/bill_status/billText.aspx?sy=2020&id=2020-0130h&txtFormat=amend,c0adb4e4-2bd5-442e-bb0e-a7cb067af5f9
43453812-e57e-47b9-937d-3196b892dc45,application/pdf,http://www.gencourt.state.nh.us/bill_status/billText.aspx?sy=2020&id=2020-0582h&txtFormat=amend,cbf65928-e86e-437d-97e5-29ee6572afb2
c78ad465-db08-4bad-ae07-88ac6aacbd95,application/pdf,http://www.gencourt.state.nh.us/bill_status/billText.aspx?sy=2020&id=2019-2890s&txtFormat=amend,53e7430a-a222-4a01-84c6-43e42188d721
0fc153c4-c5ca-4bf8-822e-9f0ad72a7dce,application/pdf,http://www.gencourt.state.nh.us/bill_status/billText.aspx?sy=2020&id=2020-1145h&txtFormat=amend,463f95a5-d005-4ebe-bae1-7b018c762b5b
27494dca-89ca-47c7-b4b4-2fe232ed457a,application/pdf,http://www.gencourt.state.nh.us/bill_status/billText.aspx?sy=2020&id=2020-0292s&txtFormat=amend,35a6373a-1ec5-4901-8183-7eee431a3407
b4014c46-076a-4dfa-a343-f58871ed2fe3,application/pdf,http://www.gencourt.state.nh.us/bill_status/billText.aspx?sy=2020&id=2020-1037h&txtFormat=amend,4e2c2dee-90cd-4b30-9b4f-ee3294153d36
7475082f-2dc7-49c2-8cce-1d05bff82924,text/html,http://www.gencourt.state.nh.us/bill_status/billText.aspx?sy=2020&id=660&txtFormat=html,66e0e32b-1ccc-4b39-a1c4-2f02c86125e8
a5008926-8e91-4eae-b342-030dd2f891d9,application/pdf,http://www.gencourt.state.nh.us/bill_status/billText.aspx?sy=2020&id=2019-0908h&txtFormat=amend,390045b8-b5b9-4e97-beaf-fac578c41cad
2ceb421c-468b-427f-a72e-ef6ebbafd6b8,text/html,http://www.gencourt.state.nh.us/bill_status/billText.aspx?sy=2020&id=794&txtFormat=html,278ac8dc-bfa6-4823-a026-84a041043500
65b6c8d4-4c38-4dd2-8c7a-0e73e9580994,application/pdf,http://www.gencourt.state.nh.us/bill_status/billText.aspx?sy=2020&id=2020-0149h&txtFormat=amend,ffb8c495-3266-4629-95ae-fad1fc2d1b74
bd7935bb-77e8-40d0-8182-b8d49820569f,application/pdf,http://www.gencourt.state.nh.us/bill_status/billText.aspx?sy=2020&id=2020-1105s&txtFormat=amend,cba106e6-4ff1-4eaf-80ab-a540b5dbf463
27a85c87-70c5-472e-8b92-936fa3547e02,application/pdf,http://www.gencourt.state.nh.us/bill_status/billText.aspx?sy=2020&id=2020-1203s&txtFormat=amend,00f54aa4-635d-4957-9469-7609c8045711
3cdb8c24-054a-4f86-8f2d-a96bc9379f13,application/pdf,http://www.gencourt.state.nh.us/bill_status/billText.aspx?sy=2020&id=2020-0320h&txtFormat=amend,3953b0e5-45d4-4a6a-9a48-4f5ded31c2be
96bd9aea-f0e5-490c-ba9c-b1591b2e52ac,application/pdf,http://www.gencourt.state.nh.us/bill_status/billText.aspx?sy=2020&id=2020-0480h&txtFormat=amend,91fa92be-8736-4e21-9798-f9e369cf4339
350f51ae-9b21-4796-a96a-3358aeb3a5f7,application/pdf,http://www.gencourt.state.nh.us/bill_status/billText.aspx?sy=2020&id=2020-0786s&txtFormat=amend,6cb04618-c1e6-4440-82f9-2e2698cb695d
0a322121-5e1f-46e3-a0dd-552e58f90194,application/pdf,http://www.gencourt.state.nh.us/bill_status/billText.aspx?sy=2020&id=2020-0784s&txtFormat=amend,5efa66e6-051e-48b0-8ff7-c998213ba4d8
f2a7fba7-992e-4fd0-8f3f-7e1f925158e3,application/pdf,http://www.gencourt.state.nh.us/bill_status/billText.aspx?sy=2020&id=2020-0899h&txtFormat=amend,f01a3938-a279-410f-8ea1-d6d69e6676b6
777c560b-4f08-457e-8994-3dfc9a789a1a,application/pdf,http://www.gencourt.state.nh.us/bill_status/billText.aspx?sy=2020&id=2020-1038s&txtFormat=amend,d4dc9961-806d-4af8-8fb0-e30d70241128
25871303-a499-4155-be24-12b5ae672261,application/pdf,http://www.gencourt.state.nh.us/bill_status/billText.aspx?sy=2020&id=2020-0913s&txtFormat=amend,8cc363de-6c04-46fe-af0e-d92ac2c096e7
ab4207d7-72dc-4638-81de-4366989ca378,application/pdf,http://www.gencourt.state.nh.us/bill_status/billText.aspx?sy=2020&id=2019-2844h&txtFormat=amend,45cea364-fe80-46db-880e-5fa242472a34
cf183624-567e-40ce-888f-201920f4e468,text/html,http://www.gencourt.state.nh.us/bill_status/billText.aspx?sy=2020&id=173&txtFormat=html,db6bc5b5-54e1-4f36-8f32-bb1438bf8c95
62fd44b5-bb0f-4aa5-9d4c-31b939e4b235,application/pdf,http://www.gencourt.state.nh.us/bill_status/billText.aspx?sy=2020&id=2020-1632e&txtFormat=amend,73a99c51-a5dc-44db-8f29-f0ae7faeed39
4cbbf915-a280-4db9-a430-7dbba10e005f,application/pdf,http://www.gencourt.state.nh.us/bill_status/billText.aspx?sy=2020&id=2020-1062s&txtFormat=amend,fb53b506-dfb6-499f-81a8-aa6ec80051f2
2edb8059-6953-4680-a94a-c4afd1e8c993,application/pdf,http://www.gencourt.state.nh.us/bill_status/billText.aspx?sy=2020&id=2020-0270h&txtFormat=amend,3adf17b2-3261-4729-ab19-8370422d3f6a
cb2f182f-3876-4544-a7e1-c903f41e5ecc,application/pdf,http://www.gencourt.state.nh.us/bill_status/billText.aspx?sy=2020&id=2020-0768s&txtFormat=amend,82112144-1375-415b-90bf-2e937204e246
a53a0d19-86a7-4d43-bca2-07bb9db2f5ea,application/pdf,http://www.gencourt.state.nh.us/bill_status/billText.aspx?sy=2020&id=2020-1050s&txtFormat=amend,b132109b-d309-43b3-b32d-79ae3106b089
b736ff47-d389-45b9-ad70-dbcb871c2f13,application/pdf,http://www.gencourt.state.nh.us/bill_status/billText.aspx?sy=2020&id=2020-0721s&txtFormat=amend,a7307071-8e37-4ffe-bc18-efe7d8dce488
28f4bde8-13b4-43e2-8931-f51bcfc5648b,application/pdf,http://www.gencourt.state.nh.us/bill_status/billText.aspx?sy=2020&id=2020-0702h&txtFormat=amend,5adcccf9-fc38-4a8d-87a9-9001c950d502
bae5ee5e-b974-4167-b6d2-12ae92e7927a,application/pdf,http://www.gencourt.state.nh.us/bill_status/billText.aspx?sy=2020&id=2020-0322h&txtFormat=amend,9ae49f5d-6f09-40e2-9b4d-cbdc0b354164
016a5bf2-8e9d-4437-8d3a-f9a67400c4ce,application/pdf,http://www.gencourt.state.nh.us/bill_status/billText.aspx?sy=2020&id=2020-0632s&txtFormat=amend,f51b6546-8833-4d1d-90cf-047c27593133
0f90d774-2ee8-4bf7-9471-f6c2ff529b0b,application/pdf,http://www.gencourt.state.nh.us/bill_status/billText.aspx?sy=2020&id=2020-0834h&txtFormat=amend,0766759e-c898-4cdb-9c59-2ac4f61db91f
2077520f-d418-48a7-b438-f0da0609e685,application/pdf,http://www.gencourt.state.nh.us/bill_status/billText.aspx?sy=2020&id=2020-1036s&txtFormat=amend,43bc10d0-ec2b-4b7a-bc21-7c013fdd89a3
403f0fa8-779c-4eff-a540-17d1f39b7d9a,application/pdf,http://www.gencourt.state.nh.us/bill_status/billText.aspx?sy=2020&id=2020-1627&txtFormat=amend,2b4d6f00-2ff4-4afa-ae83-8440cdb36367
6b260749-66e0-4fba-8c5d-72a68c1d080d,application/pdf,http://www.gencourt.state.nh.us/bill_status/billText.aspx?sy=2020&id=2020-0306s&txtFormat=amend,95d23635-dd7c-479c-a640-f079e677b256
a74b2b6f-940c-4dd0-8100-0791a23666cd,application/pdf,http://www.gencourt.state.nh.us/bill_status/billText.aspx?sy=2020&id=2020-1091s&txtFormat=amend,3a069093-9573-4b17-85a1-4010e140a102
20f89e8a-e139-4559-85e8-959760185572,application/pdf,http://www.gencourt.state.nh.us/bill_status/billText.aspx?sy=2020&id=2020-0758s&txtFormat=amend,75a93007-a38b-4b32-ba16-30adcced59f8
482f6c6f-cdf1-420b-8258-759ec8adbe3d,application/pdf,http://www.gencourt.state.nh.us/bill_status/billText.aspx?sy=2020&id=2020-1089h&txtFormat=amend,47d66d7e-2ed7-4fda-b461-722f71816fb2
e35b34c7-705d-4430-a22a-e49560d7a884,application/pdf,http://www.gencourt.state.nh.us/bill_status/billText.aspx?sy=2020&id=2020-1530s&txtFormat=amend,9864169b-a643-41bd-94f1-f31fdd733a27
19b98a49-a1ef-471a-8138-c061d958cd0a,application/pdf,http://www.gencourt.state.nh.us/bill_status/billText.aspx?sy=2020&id=2020-0358h&txtFormat=amend,a00b8a4d-b235-4760-95e5-e27623e94ee5
06073fd9-3961-4fe3-a468-90995b713dba,application/pdf,http://www.gencourt.state.nh.us/bill_status/billText.aspx?sy=2020&id=2020-0771s&txtFormat=amend,c903f2c0-3db6-4c84-932c-4135a2e20d39
2f89b4d4-6b4b-4a69-8139-bcfdd9f9de4e,application/pdf,http://www.gencourt.state.nh.us/bill_status/billText.aspx?sy=2020&id=2020-1123s&txtFormat=amend,3c9167c0-22ab-439b-8155-6bfacfd79e52
e1b3fb83-5625-49e9-a023-64816ae1c887,application/pdf,http://www.gencourt.state.nh.us/bill_status/billText.aspx?sy=2020&id=2020-1255h&txtFormat=amend,e4b85422-ba21-4dd6-a7e3-413241d20077
6e658a11-88b4-48df-b515-0e19f5e4b3ce,application/pdf,http://www.gencourt.state.nh.us/bill_status/billText.aspx?sy=2020&id=2020-0418h&txtFormat=amend,3d40ddba-2d7a-4ce0-a9bb-7bc75c6fbe0f
98f18d2e-bd70-453d-bc78-7bfb23a2eab9,application/pdf,http://www.gencourt.state.nh.us/bill_status/billText.aspx?sy=2020&id=2020-0224h&txtFormat=amend,0071288d-03d0-431d-aa4e-354f2e8d28c9
addee6b2-4110-480f-bb80-b510fb2398ba,application/pdf,http://www.gencourt.state.nh.us/bill_status/billText.aspx?sy=2020&id=2020-1629&txtFormat=amend,29fdbc68-7570-450b-95f1-559751228564
60bfa0a2-93fa-48cb-98ba-c0c9abc98bd0,application/pdf,http://www.gencourt.state.nh.us/bill_status/billText.aspx?sy=2020&id=2020-1535s&txtFormat=amend,3830bf89-1034-41a1-9da5-557046723b66
e5669696-a580-4975-9425-383d0c15e0a3,application/pdf,http://www.gencourt.state.nh.us/bill_status/billText.aspx?sy=2020&id=2020-1251h&txtFormat=amend,87033f3c-5ecd-4afe-a0d0-373c4121c152
d83b551b-3c7b-4e7e-a4e5-c29ac339c8fa,application/pdf,http://www.gencourt.state.nh.us/bill_status/billText.aspx?sy=2020&id=2020-0609s&txtFormat=amend,afe2ba88-951d-4ef9-a16b-e678e11eee99
9e275a99-4196-4398-bf29-f5516e0e1e60,application/pdf,http://www.gencourt.state.nh.us/bill_status/billText.aspx?sy=2020&id=2020-0469h&txtFormat=amend,39e7f49d-e194-43d8-80f3-f3a3e9ce0a2d
a00c2f0e-8856-452f-8f10-62a255c576d5,application/pdf,http://www.gencourt.state.nh.us/bill_status/billText.aspx?sy=2020&id=2020-1581s&txtFormat=amend,ce85bc27-060f-4f4d-92c3-ceb50b085938
2b175fab-02e3-450d-9607-6a9d552b0404,application/pdf,http://www.gencourt.state.nh.us/bill_status/billText.aspx?sy=2020&id=2020-0820h&txtFormat=amend,8bfa891d-09b8-4f0b-8fc0-4cd2664fd122
302491fd-572e-445c-9cb8-cba7869dab01,application/pdf,http://www.gencourt.state.nh.us/bill_status/billText.aspx?sy=2020&id=2020-0808h&txtFormat=amend,cd7bcb94-6631-4c2d-a0c2-d6097881e7c1
9be6f3df-0131-4968-adfe-224d49bf3e7a,application/pdf,http://www.gencourt.state.nh.us/bill_status/billText.aspx?sy=2020&id=2020-1249h&txtFormat=amend,9584fae7-e4ed-4dea-829d-ad9e08feeb0f
0ce5e801-4cd7-4046-882b-6d7302519fc1,application/pdf,http://www.gencourt.state.nh.us/bill_status/billText.aspx?sy=2020&id=2020-0001h&txtFormat=amend,b39daba8-65ed-4157-b95e-1ad43d7e9910
ad5f3f4d-ffdc-413b-8efc-560e8a8b950a,application/pdf,http://www.gencourt.state.nh.us/bill_status/billText.aspx?sy=2020&id=2020-0940h&txtFormat=amend,bc5f0bf4-791e-43e8-a744-3bd10648a58b
aee54733-eca1-474a-ac78-f5fec353d07c,application/pdf,http://www.gencourt.state.nh.us/bill_status/billText.aspx?sy=2020&id=2020-1625&txtFormat=amend,36db7d56-8670-4951-8eab-828c25f47cd8
ce3fccdd-bc7b-47c9-8f9e-155740823500,application/pdf,http://www.gencourt.state.nh.us/bill_status/billText.aspx?sy=2020&id=2020-1488s&txtFormat=amend,f502fbaf-2ac1-46cc-9253-d3d64a1ffb5c
5ebbd0db-d8cb-47a6-a77a-037eacc115ef,application/pdf,http://www.gencourt.state.nh.us/bill_status/billText.aspx?sy=2020&id=2020-0887h&txtFormat=amend,b454a567-4235-4c2e-bcc7-72c898d18187
aaed2635-1b62-457f-94c3-f85b2c80549d,application/pdf,http://www.gencourt.state.nh.us/bill_status/billText.aspx?sy=2020&id=2020-0291h&txtFormat=amend,708d96b3-7363-4709-b957-a910e0f36cf0
39df6210-c128-40cf-a7cb-a88365c805cc,application/pdf,http://www.gencourt.state.nh.us/bill_status/billText.aspx?sy=2020&id=2020-0730h&txtFormat=amend,fd3fcc3c-570d-4f48-ac3e-2f24d93c859f
8cae2024-3bf6-43bd-9855-600709fa6c39,application/pdf,http://www.gencourt.state.nh.us/bill_status/billText.aspx?sy=2020&id=2020-0895h&txtFormat=amend,6657c598-37d6-41ac-b079-ac6c0b9d61a9
ff81225a-8f8e-4f1f-a69b-2bf7f118add7,application/pdf,http://www.gencourt.state.nh.us/bill_status/billText.aspx?sy=2020&id=2020-0444h&txtFormat=amend,2d8f1809-c917-46a2-9b80-04b87de0b2b3
26cc5333-c24e-4ee5-9365-03efea3c3337,application/pdf,http://www.gencourt.state.nh.us/bill_status/billText.aspx?sy=2020&id=2019-2744h&txtFormat=amend,57254980-57ba-4cb5-9f17-f8ec22db67a3
754a8354-14d4-491e-b5a4-2b4bf37c0dd7,text/html,http://www.gencourt.state.nh.us/bill_status/billText.aspx?sy=2020&id=212&txtFormat=html,88bd63d5-27f2-4794-900a-b98bf9a1a374
bc01dbab-1dd7-4c47-ba02-5c897e67b6b2,application/pdf,http://www.gencourt.state.nh.us/bill_status/billText.aspx?sy=2020&id=2020-0705h&txtFormat=amend,96cbf953-d46b-4d35-bb7b-618321fb19fc
b7e93563-62b8-48ed-a147-57873f347cbf,application/pdf,http://www.gencourt.state.nh.us/bill_status/billText.aspx?sy=2020&id=2020-0711h&txtFormat=amend,faeec1a4-5565-4072-977d-8257d6d14411
b9c692aa-a5b6-428d-84cd-acdb62cd1bdf,application/pdf,http://www.gencourt.state.nh.us/bill_status/billText.aspx?sy=2020&id=2020-0301h&txtFormat=amend,39613839-1528-4014-920e-178518df19ee
5446725d-8507-4251-b539-723d095f485b,application/pdf,http://www.gencourt.state.nh.us/bill_status/billText.aspx?sy=2020&id=2020-0353h&txtFormat=amend,cb5d89a3-f50f-415f-9d34-78de41a5b5f4
4b0fffb1-9c5f-472a-8300-c3e83fed02b4,application/pdf,http://www.gencourt.state.nh.us/bill_status/billText.aspx?sy=2020&id=2020-1034h&txtFormat=amend,bcb9b95f-2921-4559-9510-5ac45fcf65a1
a4778771-a883-4f73-8df8-b70318fc70fc,application/pdf,http://www.gencourt.state.nh.us/bill_status/billText.aspx?sy=2020&id=2019-2751h&txtFormat=amend,77c5c917-1b3d-4480-8d24-3c58240cfc7d
e46bd639-5a71-4f0f-87cb-b17195e801f6,text/html,http://www.gencourt.state.nh.us/bill_status/billText.aspx?sy=2020&id=507&txtFormat=html,ea439f8e-5311-4991-847f-1cb8b1e6282d
1edaacea-40fe-4751-b129-a9d74ff45393,application/pdf,http://www.gencourt.state.nh.us/bill_status/billText.aspx?sy=2020&id=2020-0091h&txtFormat=amend,342db3fe-9bf8-42e2-9561-64fee5e25b5a
60e0072b-b25d-4362-8267-b1d33f895d96,application/pdf,http://www.gencourt.state.nh.us/bill_status/billText.aspx?sy=2020&id=2020-0712h&txtFormat=amend,a5c4524a-23f7-4cb8-8bd5-ccf942fba57d
eceac7e0-e78c-4ae6-97d0-2d1bd472576d,application/pdf,http://www.gencourt.state.nh.us/bill_status/billText.aspx?sy=2020&id=2020-0167h&txtFormat=amend,917a4258-458b-4b91-93a1-e7f9a6e1e008
24068919-d253-49f6-9697-a45af47afc79,application/pdf,http://www.gencourt.state.nh.us/bill_status/billText.aspx?sy=2020&id=2020-0946h&txtFormat=amend,e75ac677-f203-42b6-9dad-e1330fbca2c8
479fc748-4c86-485d-acdb-3f0369fd0616,application/pdf,http://www.gencourt.state.nh.us/bill_status/billText.aspx?sy=2020&id=2020-0601h&txtFormat=amend,8ae47754-e958-403d-9eb8-37571579bcfb
37d4b874-f0e1-4ea2-9426-e889ae0283f0,application/pdf,http://www.gencourt.state.nh.us/bill_status/billText.aspx?sy=2020&id=2019-2734h&txtFormat=amend,a08a8759-e832-468e-97d2-e8210ccc017f
0566cf2f-0f6f-47fd-b5cc-441184496805,text/html,http://www.gencourt.state.nh.us/bill_status/billText.aspx?sy=2020&id=696&txtFormat=html,c5bef094-9302-436b-bdc2-60edfff31d9a
7da4e3b6-1c78-4e7c-b1d9-2bed35d70d08,application/pdf,http://www.gencourt.state.nh.us/bill_status/billText.aspx?sy=2020&id=2020-0875h&txtFormat=amend,f5cdca22-bd49-4504-9e56-f43b9a915de9
4b254b7b-7298-4ea3-a59e-7121790d0ddf,application/pdf,http://www.gencourt.state.nh.us/bill_status/billText.aspx?sy=2020&id=2019-2839h&txtFormat=amend,c73f9f3c-df01-4e33-927f-073a6a4e6aa2
2eb144d2-5abb-429b-b468-c41de8707a7c,text/html,http://www.gencourt.state.nh.us/bill_status/billText.aspx?sy=2020&id=753&txtFormat=html,47ca8734-6b2c-499f-9af2-808370e8fd2a
1aa18dfe-8e1d-4119-8982-16f46952b94a,application/pdf,http://www.gencourt.state.nh.us/bill_status/billText.aspx?sy=2020&id=2020-0437h&txtFormat=amend,19f4e33d-5ea1-4c00-904c-e9a20a1e69a7
fd30a014-ae41-4465-ad78-15466d816168,application/pdf,http://www.gencourt.state.nh.us/bill_status/billText.aspx?sy=2020&id=2020-0194h&txtFormat=amend,dbb8ce68-bef3-4e4a-a455-5d28c6fba6c2
2255122f-f641-44ce-9dd9-5632445ffce7,application/pdf,http://www.gencourt.state.nh.us/bill_status/billText.aspx?sy=2020&id=2020-1072s&txtFormat=amend,a585f7d9-d48d-4b08-8d67-7e2e9d5d2b64
0337a103-8d39-4bea-bb8b-92c71fb3ab2a,application/pdf,http://www.gencourt.state.nh.us/bill_status/billText.aspx?sy=2020&id=2020-0484h&txtFormat=amend,3958b970-c4f3-4249-a3be-42f0f4ed46fa
311a481b-0a27-4316-b66a-8ba5c6536c2c,application/pdf,http://www.gencourt.state.nh.us/bill_status/billText.aspx?sy=2020&id=2020-1080h&txtFormat=amend,502dcc51-a499-4a9c-852a-231f63e1b913
c9993a30-e8c6-4f9d-805a-2f31102475c4,application/pdf,http://www.gencourt.state.nh.us/bill_status/billText.aspx?sy=2020&id=2020-0545h&txtFormat=amend,cc24bda9-3f00-41ca-af41-cf7f81cad59e
70ebc897-d099-4d9c-add5-f668b614152c,application/pdf,http://www.gencourt.state.nh.us/bill_status/billText.aspx?sy=2020&id=2020-0857h&txtFormat=amend,173b5bc0-68bb-4adb-bd4d-21d010d9f3c9
f900a3da-f4e4-4edd-8453-77a3b791075d,application/pdf,http://www.gencourt.state.nh.us/bill_status/billText.aspx?sy=2020&id=2020-0255h&txtFormat=amend,57abf25b-092e-4656-8982-14ad7976e9a8
94a1ebb4-a93f-41b6-b23c-0ee8f625f70c,application/pdf,http://www.gencourt.state.nh.us/bill_status/billText.aspx?sy=2020&id=2020-1630&txtFormat=amend,93cfb5d0-a002-444d-921c-0461541bba99
37ff6041-6819-4656-8b2f-46b56cef89f0,text/html,http://www.gencourt.state.nh.us/bill_status/billText.aspx?sy=2020&id=5&txtFormat=html,b249957d-9cb8-400c-b149-23c1f72db52f
6c15b1cd-9ed8-4f83-ae1e-b8986c4ce06f,application/pdf,http://www.gencourt.state.nh.us/bill_status/billText.aspx?sy=2020&id=2020-0646h&txtFormat=amend,b9074342-5a2b-4577-b2ac-3b7b3ef8abe3
20b82dd9-cd9b-41d2-b585-79a53425a529,application/pdf,http://www.gencourt.state.nh.us/bill_status/billText.aspx?sy=2020&id=2020-0411h&txtFormat=amend,d446f2e0-b303-4091-affa-46b09d6fd500
d6477cbb-ae0f-43ed-9e4b-9d84c67a3a24,application/pdf,http://www.gencourt.state.nh.us/bill_status/billText.aspx?sy=2020&id=2020-0676h&txtFormat=amend,f3f43d11-dcc3-44ad-8cc5-7b48635eb339
3f35c666-18a8-4fa8-82d9-acd694461de5,application/pdf,http://www.gencourt.state.nh.us/bill_status/billText.aspx?sy=2020&id=2020-1074s&txtFormat=amend,6243adf6-076d-4867-90f9-a93aca252846
db520e81-9971-48df-b71b-24745771b559,application/pdf,http://www.gencourt.state.nh.us/bill_status/billText.aspx?sy=2020&id=2020-0447h&txtFormat=amend,dc8b87e9-7355-46a6-b2ff-dd8741038e40
e1a98460-fb5a-4318-bd21-adc3ff0332f8,application/pdf,http://www.gencourt.state.nh.us/bill_status/billText.aspx?sy=2020&id=2020-1464s&txtFormat=amend,6b83222a-406f-45df-8302-705a2a318f2f
17813f9f-8eeb-409a-879d-64e4bfb97c0a,text/html,http://www.gencourt.state.nh.us/bill_status/billText.aspx?sy=2020&id=743&txtFormat=html,fb9580f6-ec29-49f0-8f35-38127df46e8b
bf1c87cc-a974-4aeb-8411-e7e0a6395278,application/pdf,http://www.gencourt.state.nh.us/bill_status/billText.aspx?sy=2020&id=2020-1373s&txtFormat=amend,b0d43ce8-2521-4df3-aa8e-c42e820a6ce2
7d39c4e9-2ffa-414d-83c8-61bcbb509ce6,application/pdf,http://www.gencourt.state.nh.us/bill_status/billText.aspx?sy=2020&id=2020-0613h&txtFormat=amend,e687a250-9de1-4275-8413-66f1c30a80b2
492f04fc-037e-4d3f-b63a-8a80b7b12832,text/html,http://www.gencourt.state.nh.us/bill_status/billText.aspx?sy=2020&id=229&txtFormat=html,0b4c03e1-4609-4b3b-ac47-911f03692531
f6f05214-2b2c-4475-bbfa-8a2aa9ac0735,application/pdf,http://www.gencourt.state.nh.us/bill_status/billText.aspx?sy=2020&id=2020-1525s&txtFormat=amend,8743ba9b-be90-47c0-82ee-61d2d46eba28
3a3dfb80-24e8-471e-81ee-c497ff2e7e3d,application/pdf,http://www.gencourt.state.nh.us/bill_status/billText.aspx?sy=2020&id=2020-1445s&txtFormat=amend,2979c96a-e451-4228-a3ae-e58076c9a1dc
cc6acf5f-6aca-460b-b4c9-1798f700f1a7,application/pdf,http://www.gencourt.state.nh.us/bill_status/billText.aspx?sy=2020&id=2020-0434h&txtFormat=amend,68a6b576-ea1a-40ae-a4ed-a6abe04d080e
08b24e5b-a870-4e62-bb0d-56083ca5a2c7,application/pdf,http://www.gencourt.state.nh.us/bill_status/billText.aspx?sy=2020&id=2020-1246h&txtFormat=amend,c11cfd47-b1bf-44e7-b646-ca6aae8192f3
f23e6106-5c5c-4e97-9427-0797d9494a4e,application/pdf,http://www.gencourt.state.nh.us/bill_status/billText.aspx?sy=2020&id=2020-0510s&txtFormat=amend,1ca7244a-5cbf-4842-9368-f9268a15e481
bb70f53c-c049-4289-876b-c6e0f5302c61,application/pdf,http://www.gencourt.state.nh.us/bill_status/billText.aspx?sy=2020&id=2019-2740h&txtFormat=amend,b1b6cce7-4147-4e02-9dfc-cc748c455823
e1436ef6-582d-4d8e-bafd-6746efe2ad9c,application/pdf,http://www.gencourt.state.nh.us/bill_status/billText.aspx?sy=2020&id=2020-0192h&txtFormat=amend,1c71abd7-c798-4e1f-8baa-01a240219d39
16d38203-5819-4dcb-be6c-00e53e00c1c4,application/pdf,http://www.gencourt.state.nh.us/bill_status/billText.aspx?sy=2020&id=2020-1061s&txtFormat=amend,de15857c-82d6-4d6c-982b-ea3705523e6c
a5977d50-092b-4fd8-89aa-47ec1f0ce897,application/pdf,http://www.gencourt.state.nh.us/bill_status/billText.aspx?sy=2020&id=2020-0022s&txtFormat=amend,2236f5bc-6ba7-4f43-900f-39196e448bcd
cdbc86a1-ba59-4d1c-aa64-2fdc128963de,text/html,http://www.gencourt.state.nh.us/bill_status/billText.aspx?sy=2020&id=509&txtFormat=html,a24275e8-75fd-4751-aa19-6e8a11c545bb
a06305bf-c892-4815-b1dd-731cac1b02ee,application/pdf,http://www.gencourt.state.nh.us/bill_status/billText.aspx?sy=2020&id=2020-0628s&txtFormat=amend,8e44973b-4ae6-4e5f-bd7c-548d14b871a5
10cfe867-7a6b-4369-ab64-6ca3c530617f,application/pdf,http://www.gencourt.state.nh.us/bill_status/billText.aspx?sy=2020&id=2020-0079s&txtFormat=amend,c93267dd-5ff9-4ce5-960f-d279153d44da
6baa4111-c26c-49d9-aa57-daa394c4574e,application/pdf,http://www.gencourt.state.nh.us/bill_status/billText.aspx?sy=2020&id=2020-0479s&txtFormat=amend,5ca69a0c-6e89-4883-a570-481a819c39cd
6b4a2ff3-d4cf-4543-b3cc-a73493c3ad6d,application/pdf,http://www.gencourt.state.nh.us/bill_status/billText.aspx?sy=2020&id=2020-1047s&txtFormat=amend,50fb06cc-c66b-409f-bd35-c97581345036
ade79f8f-3a3a-4802-b281-361bbfafb91a,application/pdf,http://www.gencourt.state.nh.us/bill_status/billText.aspx?sy=2020&id=2020-0741s&txtFormat=amend,144f4751-e67f-4631-80cb-4f165fe98a55
2314fdca-4fcd-4668-9e8d-5cf1251083b4,application/pdf,http://www.gencourt.state.nh.us/bill_status/billText.aspx?sy=2020&id=2020-0086s&txtFormat=amend,b25f2c4a-bc7f-4ccf-850b-51c1c580c164
9f609717-05aa-4900-bdd2-d2b911e11e2a,application/pdf,http://www.gencourt.state.nh.us/bill_status/billText.aspx?sy=2020&id=2020-0074s&txtFormat=amend,b64b8682-09bb-49c9-b98a-14143f55acaa
7b89ad03-d569-4aca-abff-bf83b121da2e,application/pdf,http://www.gencourt.state.nh.us/bill_status/billText.aspx?sy=2020&id=2020-1144s&txtFormat=amend,439e8105-8f64-4f13-b755-5093158c04ea
f264d3dd-85ac-44ba-8fa5-7eb65e3ba0e4,application/pdf,http://www.gencourt.state.nh.us/bill_status/billText.aspx?sy=2020&id=2020-0559s&txtFormat=amend,05dc4dc7-1a18-4872-be14-a3b99f0bea2d
a412006b-e6ef-4786-a013-b340f07510b5,application/pdf,http://www.gencourt.state.nh.us/bill_status/billText.aspx?sy=2020&id=2020-1031s&txtFormat=amend,c30b00d0-0a1a-4347-b74f-333c17955437
2467b764-e9b5-4873-932d-c4d371b8b158,application/pdf,http://www.gencourt.state.nh.us/bill_status/billText.aspx?sy=2020&id=2020-1073s&txtFormat=amend,10441db4-062f-44b8-b10d-9962aa04cc59
80e95b96-fcc6-45c7-a860-ee1321050482,application/pdf,http://www.gencourt.state.nh.us/bill_status/billText.aspx?sy=2020&id=2019-2895s&txtFormat=amend,96950f81-d4cd-4a9a-a87c-397a3ca4cbf1
41d42cb8-ba2c-4716-8781-dc708b737eb3,application/pdf,http://www.gencourt.state.nh.us/bill_status/billText.aspx?sy=2020&id=2020-0316s&txtFormat=amend,e751f693-de3d-478c-8adb-c0d8e68ea9fc
52c5c558-c02d-4370-8e99-1347660d5a9e,application/pdf,http://www.gencourt.state.nh.us/bill_status/billText.aspx?sy=2020&id=2020-0473s&txtFormat=amend,2792ca9c-8a90-4d9a-8d44-770b5893b85d
53c9dcd5-7b40-450b-87fa-ec74d520fdae,application/pdf,http://www.gencourt.state.nh.us/bill_status/billText.aspx?sy=2020&id=2020-0340s&txtFormat=amend,9de41d7f-c845-48cc-95e7-3ec5ec53f72f
ba786a62-7002-435e-baa7-89323372ddce,application/pdf,http://www.gencourt.state.nh.us/bill_status/billText.aspx?sy=2020&id=2020-1049s&txtFormat=amend,3812e038-8d81-48f0-95aa-ce6ae013e378
c14fc5b5-91de-4ea1-b923-5fcd9896ef13,application/pdf,http://www.gencourt.state.nh.us/bill_status/billText.aspx?sy=2020&id=2020-0441s&txtFormat=amend,73b78575-5638-434d-adc9-eeecda0b8440
fd6d5090-8467-422a-9bc2-abe42a7766e8,application/pdf,http://www.gencourt.state.nh.us/bill_status/billText.aspx?sy=2020&id=2020-0474s&txtFormat=amend,41a31360-954c-4160-aaa7-c2e2f2123519
5b63521c-beec-4d2d-8b97-dce09d082722,application/pdf,http://www.gencourt.state.nh.us/bill_status/billText.aspx?sy=2020&id=2020-0518s&txtFormat=amend,c2b9d078-deb8-4299-9021-118a2dfbd71b
9deaa4fb-f867-43d7-adb7-d3ad2d4a985c,application/pdf,http://www.gencourt.state.nh.us/bill_status/billText.aspx?sy=2020&id=2020-0557h&txtFormat=amend,9680f5e1-f191-4060-9a75-55f775b72018
13dad919-4c05-44c1-a529-867fe212c681,application/pdf,http://www.gencourt.state.nh.us/bill_status/billText.aspx?sy=2020&id=2020-0951h&txtFormat=amend,2d171e07-936a-4526-ba6a-2e383c8515f1
7b4f412d-e0a6-4b15-87d3-23c5d2afb058,application/pdf,http://www.gencourt.state.nh.us/bill_status/billText.aspx?sy=2020&id=2020-0537h&txtFormat=amend,16e4629e-2c5b-4e75-ad73-79130562d07f
eca1affb-0181-4668-908b-201572f13495,application/pdf,http://www.gencourt.state.nh.us/bill_status/billText.aspx?sy=2020&id=2020-1199s&txtFormat=amend,2faf821a-76c7-46e6-af0d-d90872fa0481
b2823480-0b04-49e6-b060-594bf1bcc342,application/pdf,http://www.gencourt.state.nh.us/bill_status/billText.aspx?sy=2020&id=2020-0981h&txtFormat=amend,6b2d726a-045d-47e0-ab70-0cfefda06722
21ab3b90-122b-497f-9b9b-2a0ce73d08c8,text/html,http://www.gencourt.state.nh.us/bill_status/billText.aspx?sy=2020&id=409&txtFormat=html,4c333d5a-5d28-49b7-90de-0971fb380f4e
4f95decf-e50f-4d97-845c-fbd8e8b68451,application/pdf,http://www.gencourt.state.nh.us/bill_status/billText.aspx?sy=2020&id=2020-1121s&txtFormat=amend,e89e6e7c-c560-4714-97b7-d737cd6f992b
752aea07-a75c-40ef-a9f4-67b39c4fb782,application/pdf,http://www.gencourt.state.nh.us/bill_status/billText.aspx?sy=2020&id=2020-1104s&txtFormat=amend,c75ccebe-14ad-4b69-8c90-cb354b94c928
768778a6-6714-4e09-8c34-395cc4c0387f,application/pdf,http://www.gencourt.state.nh.us/bill_status/billText.aspx?sy=2020&id=2020-0999h&txtFormat=amend,ee73672a-60be-4b1f-acbe-3bb9afbe87e6
12741a69-f467-4f92-97b0-a15434e65100,application/pdf,http://www.gencourt.state.nh.us/bill_status/billText.aspx?sy=2020&id=2020-1030s&txtFormat=amend,8fab7eed-3bfc-4825-8f21-8598d43db3b6
a5788809-3f1f-45f3-a376-d34cc3b208d9,application/pdf,http://www.gencourt.state.nh.us/bill_status/billText.aspx?sy=2020&id=2020-0448h&txtFormat=amend,627005bf-9378-4759-b919-50dc8fa30be9
dd828e7b-9e3a-4f5f-92f8-2f91eb62cf2b,application/pdf,http://www.gencourt.state.nh.us/bill_status/billText.aspx?sy=2020&id=2020-0911h&txtFormat=amend,2a1fa65e-d1c9-4c48-b6b0-466b205c2048
c3cc0d4d-3a44-4af1-b6f1-736bdb287286,application/pdf,http://www.gencourt.state.nh.us/bill_status/billText.aspx?sy=2020&id=2020-1178s&txtFormat=amend,b2c8f939-3e31-419d-b430-c73c4f3703a4
a5ca1fd8-15f9-41a8-a248-bc50935f682c,application/pdf,http://www.gencourt.state.nh.us/bill_status/billText.aspx?sy=2020&id=2020-1201s&txtFormat=amend,d29d7490-c9bb-440d-b257-88c6c3925ddc
36cd365f-90e2-482c-9de8-2da3a0f5ec6c,application/pdf,http://www.gencourt.state.nh.us/bill_status/billText.aspx?sy=2020&id=2020-1169s&txtFormat=amend,01af96e5-b163-43a1-a70a-97ba31f90a1d
70d10b02-18df-43ea-b867-5e7b0b6660d2,application/pdf,http://www.gencourt.state.nh.us/bill_status/billText.aspx?sy=2020&id=2020-0970h&txtFormat=amend,e8094fab-b47d-4ecb-bc44-5f87ee7b9154
c5bf1b73-2855-4238-8703-c46dc8c1a872,application/pdf,http://www.gencourt.state.nh.us/bill_status/billText.aspx?sy=2020&id=2019-0518h&txtFormat=amend,71947c4b-180f-469c-a1d4-00896062907a
ff749bf6-93bc-49c6-a8ab-d29d3cd1c447,text/html,http://www.gencourt.state.nh.us/bill_status/billText.aspx?sy=2020&id=78&txtFormat=html,244c2754-d47b-4f91-97dc-1bf360c91255
9540860e-3890-410b-8dfe-7e7d3f0f3464,application/pdf,http://www.gencourt.state.nh.us/bill_status/billText.aspx?sy=2020&id=2020-0903h&txtFormat=amend,cceb269e-179d-40f4-b46c-4809f5eac80f
854a2bb8-a429-4f64-9764-efbbeb9ae481,application/pdf,http://www.gencourt.state.nh.us/bill_status/billText.aspx?sy=2020&id=2020-1168s&txtFormat=amend,b85a54fa-a9eb-4da1-9b4e-239314094186
fad4114f-b291-41c4-a76e-48d12fe82907,application/pdf,http://www.gencourt.state.nh.us/bill_status/billText.aspx?sy=2020&id=2020-0519h&txtFormat=amend,8afc1301-dc98-4149-b411-a32c4fb46e3b
36cc7105-2bc3-4447-864a-98d9ae4f0fea,application/pdf,http://www.gencourt.state.nh.us/bill_status/billText.aspx?sy=2020&id=2020-0461h&txtFormat=amend,bdf290dc-fe5e-4d6d-8b84-3b7a86d7ebc8
dea4b3a0-a914-4d83-8da0-09e7b5af96dc,application/pdf,http://www.gencourt.state.nh.us/bill_status/billText.aspx?sy=2020&id=2020-1139s&txtFormat=amend,2f1e3d02-493d-4a2a-81de-173a93bfee18
83401ddb-4733-467f-b650-2b3e80503c27,application/pdf,http://www.gencourt.state.nh.us/bill_status/billText.aspx?sy=2020&id=2020-0807h&txtFormat=amend,ccd0385c-3d02-4570-95d6-6d47bacc1bf4
ced8287a-265a-471b-8c1d-867aa1d7a488,application/pdf,http://www.gencourt.state.nh.us/bill_status/billText.aspx?sy=2020&id=2020-0927h&txtFormat=amend,282e1b80-21b6-4f52-b870-13a638779b43
b3eb406f-ce01-4a1c-80a3-a52adc9d51cf,application/pdf,http://www.gencourt.state.nh.us/bill_status/billText.aspx?sy=2020&id=2020-0675h&txtFormat=amend,349252c3-d58e-45c8-b462-f1179f100a35
1778ec33-8db7-463d-834a-09a4dd3eddea,text/html,http://www.gencourt.state.nh.us/bill_status/billText.aspx?sy=2020&id=86&txtFormat=html,59cb62ad-1984-4cb9-916d-bae935185db8
b7d013e8-1342-4423-ba3b-014e4153f4b7,application/pdf,http://www.gencourt.state.nh.us/bill_status/billText.aspx?sy=2020&id=2020-1138s&txtFormat=amend,6ad23ed3-c7e0-42fa-86b8-b7997f71b8d8
f595f325-358e-4e2e-8183-ed7175f5d246,application/pdf,http://www.gencourt.state.nh.us/bill_status/billText.aspx?sy=2020&id=2020-0900h&txtFormat=amend,63a812a1-92fa-4874-97b1-70664322d94d
aaacf05b-0963-455c-a204-d80a93f61733,application/pdf,http://www.gencourt.state.nh.us/bill_status/billText.aspx?sy=2020&id=2020-0989h&txtFormat=amend,4f7a81a3-3baf-48b4-8a0c-d595868d60b4
b51ff609-2b69-43d3-ab6d-749900ab18f1,application/pdf,http://www.gencourt.state.nh.us/bill_status/billText.aspx?sy=2020&id=2020-0700h&txtFormat=amend,b42b0da0-4b79-410d-ab0a-d207bd334105
7bcbaead-9c17-4b27-acc4-e07de53b2f08,application/pdf,http://www.gencourt.state.nh.us/bill_status/billText.aspx?sy=2020&id=2020-0375h&txtFormat=amend,35842077-2720-4a4b-9a4b-9f6a448219ff
30a4311e-db3b-4545-9362-d8b23eae03db,application/pdf,http://www.gencourt.state.nh.us/bill_status/billText.aspx?sy=2020&id=2020-0826h&txtFormat=amend,324a61c1-23d6-45c6-ad0c-1c636368d8ec
8ea127ae-c262-4065-bb89-b6ba15144f0f,application/pdf,http://www.gencourt.state.nh.us/bill_status/billText.aspx?sy=2020&id=2020-0795h&txtFormat=amend,b0cfb7fb-c5b7-4229-82fb-cde5e0f587bb
2703f58e-1bf5-40ae-b790-5567b5a5e68a,application/pdf,http://www.gencourt.state.nh.us/bill_status/billText.aspx?sy=2020&id=2020-1190s&txtFormat=amend,d5df13ee-446c-4bd3-b1e8-989d659018f1
c18adf34-5116-44e2-814f-60d866cb9bda,application/pdf,http://www.gencourt.state.nh.us/bill_status/billText.aspx?sy=2020&id=2020-1099s&txtFormat=amend,0e7d2c9d-c702-47c3-a50d-6a5085a154f3
47077574-3f4b-43b2-85ea-357921508d35,application/pdf,http://www.gencourt.state.nh.us/bill_status/billText.aspx?sy=2020&id=2020-0614h&txtFormat=amend,baa3128f-3de1-433c-9548-77d252a94476
f8f538fb-d060-457d-baa3-b9c0b1512eb2,application/pdf,http://www.gencourt.state.nh.us/bill_status/billText.aspx?sy=2020&id=2020-0670h&txtFormat=amend,cef908ba-7a76-4462-b9e5-54afe505bb05
28d12e3b-7c8a-4844-aca4-b7b14d824c5b,application/pdf,http://www.gencourt.state.nh.us/bill_status/billText.aspx?sy=2020&id=2019-2772h&txtFormat=amend,3fe404c1-38f9-40ce-a32f-e7dd2f0a3c8a
d1f457a6-cdf0-4498-b88a-e315185f0a51,text/html,http://www.gencourt.state.nh.us/bill_status/billText.aspx?sy=2020&id=503&txtFormat=html,5c01776e-62d2-4bfc-aa8a-4b4b7da50cc3
0c753600-530a-47ac-896f-f6ddcf0e03cd,application/pdf,http://www.gencourt.state.nh.us/bill_status/billText.aspx?sy=2020&id=2020-0773s&txtFormat=amend,7a030de2-10d4-493d-a369-fe0c612f976b
4343b2cc-90a8-48b3-b4ba-96424a5df489,application/pdf,http://www.gencourt.state.nh.us/bill_status/billText.aspx?sy=2020&id=2020-0580h&txtFormat=amend,9c08cf85-70c7-4d73-88ae-948d9c9e8d77
a19299c3-caa8-4a59-9646-fd5a4907bbc4,application/pdf,http://www.gencourt.state.nh.us/bill_status/billText.aspx?sy=2020&id=2020-1133s&txtFormat=amend,0a191d3c-1d86-496d-9f83-0bc766a3a090
742dccfd-5bfe-478c-9573-a1f9b0700110,application/pdf,http://www.gencourt.state.nh.us/bill_status/billText.aspx?sy=2020&id=2020-0577h&txtFormat=amend,1dd58549-6f59-4e07-8720-930739952698
a8bb355b-38db-46ba-990a-6e70dd9dcae2,text/html,http://www.gencourt.state.nh.us/bill_status/billText.aspx?sy=2020&id=434&txtFormat=html,32e70c1d-c090-498a-893d-5759d9b80d54
ff4acc51-4348-4a34-b246-9c81820c7178,application/pdf,http://www.gencourt.state.nh.us/bill_status/billText.aspx?sy=2020&id=2020-1503e&txtFormat=amend,4272f338-797c-42df-a7dd-a69ca0deb289
a74fc38b-ec29-41bc-91cd-28bc86354de5,application/pdf,http://www.gencourt.state.nh.us/bill_status/billText.aspx?sy=2020&id=2020-0842h&txtFormat=amend,2b47fcbb-96ec-4d8d-ac04-1f9125039c8c
3316a533-f4ab-4c6f-b122-b0b6fff55ba9,application/pdf,http://www.gencourt.state.nh.us/bill_status/billText.aspx?sy=2020&id=2020-0813s&txtFormat=amend,de93a463-d4b7-4554-95a2-9032997bfc7e
347b3183-6c4f-40d0-9e84-6c8bbe35cf59,application/pdf,http://www.gencourt.state.nh.us/bill_status/billText.aspx?sy=2020&id=2020-0724s&txtFormat=amend,140b327a-aaf9-4022-84cc-28444d7f787b
ca1213ea-4974-4f96-83a1-28feadf7ba85,application/pdf,http://www.gencourt.state.nh.us/bill_status/billText.aspx?sy=2020&id=2020-1113h&txtFormat=amend,db3c2809-75d6-448b-9963-4b203f5bfbea
24316ac8-717f-4fb7-9144-27580728a486,text/html,http://www.gencourt.state.nh.us/bill_status/billText.aspx?sy=2020&id=486&txtFormat=html,48b028fc-ad5e-4c0d-9c9d-0dac7c7b29f1
ede21a8c-6cd2-4c7a-8479-c61039e397fd,application/pdf,http://www.gencourt.state.nh.us/bill_status/billText.aspx?sy=2020&id=2020-0185h&txtFormat=amend,077a1897-df1c-48c3-aa9d-49a47b0e4d8c
13e077dc-f3e2-4f87-bd5e-284125c6a406,application/pdf,http://www.gencourt.state.nh.us/bill_status/billText.aspx?sy=2020&id=2020-1524s&txtFormat=amend,40931f5d-aa5d-4497-af9f-988debb2483a
1013173a-b1df-474a-8174-98910acd450d,application/pdf,http://www.gencourt.state.nh.us/bill_status/billText.aspx?sy=2020&id=2020-0293h&txtFormat=amend,4be7f8a9-1a87-43d7-a3b3-8cbb5f842cbd
9d03c3e3-eba1-40a2-a641-8e5ee2befd2f,text/html,http://www.gencourt.state.nh.us/bill_status/billText.aspx?sy=2020&id=539&txtFormat=html,ee285aae-3112-406d-afad-629a691bc933
7d104339-91ef-442f-bf80-3366eb7e03cf,application/pdf,http://www.gencourt.state.nh.us/bill_status/billText.aspx?sy=2020&id=2020-1570s&txtFormat=amend,984aa743-f8b3-4c9e-bd46-2e7020f5a65b
81fa480d-41d7-45fb-874b-0c0df0b8169a,application/pdf,http://www.gencourt.state.nh.us/bill_status/billText.aspx?sy=2020&id=2020-1577s&txtFormat=amend,376cf678-f77a-4620-a527-8245c89053b7
be8e974b-a088-4c23-bf8a-2ba452a6ef3d,text/html,http://www.gencourt.state.nh.us/bill_status/billText.aspx?sy=2020&id=453&txtFormat=html,a83a3a34-aa94-4a5c-84e0-4f7b56ca605b
8490fe54-0211-4319-b3a1-6689a60c44fc,text/html,http://www.gencourt.state.nh.us/bill_status/billText.aspx?sy=2020&id=659&txtFormat=html,dcdbcd5a-d133-4694-8f1e-6571141a043b
a07ebe4b-cf70-4e77-bff2-dc07a88135e4,text/html,http://www.gencourt.state.nh.us/bill_status/billText.aspx?sy=2020&id=433&txtFormat=html,d481cd1b-d1da-426e-b118-dacb2269520c
d60d3b57-a905-45e9-b649-f637f323a1c5,application/pdf,http://www.gencourt.state.nh.us/bill_status/billText.aspx?sy=2020&id=2020-0722s&txtFormat=amend,399b827e-1544-473b-94ec-7b8def795aa3
fdd03db9-dc21-48e9-a168-d94324b33cf8,application/pdf,http://www.gencourt.state.nh.us/bill_status/billText.aspx?sy=2020&id=2019-2861h&txtFormat=amend,b560c544-9179-4d36-8ed3-e0ba183b122d
921a46bd-7533-4572-8cf9-d83e753ca7cf,application/pdf,http://www.gencourt.state.nh.us/bill_status/billText.aspx?sy=2020&id=2020-1015h&txtFormat=amend,aaff3db6-2604-4adc-aadd-70a7d9912338
4afaacd6-8359-4a0d-bb30-e7c6df87999a,application/pdf,http://www.gencourt.state.nh.us/bill_status/billText.aspx?sy=2020&id=2020-0877h&txtFormat=amend,6cac798b-1e5e-4b12-b824-31770c7fe8ac
5eee4ac6-c2ef-4431-aa97-812999029fc1,application/pdf,http://www.gencourt.state.nh.us/bill_status/billText.aspx?sy=2020&id=2020-0984h&txtFormat=amend,bb535d18-b35d-43f7-b072-212a3e094520
6140dd18-bf57-4cb3-8660-d0589330777f,text/html,http://www.gencourt.state.nh.us/bill_status/billText.aspx?sy=2020&id=744&txtFormat=html,0ed5a411-1d9e-4244-8db4-9e9c15b730f3
8b8b0b52-4992-4984-83ba-693876c19b27,application/pdf,http://www.gencourt.state.nh.us/bill_status/billText.aspx?sy=2020&id=2020-0266h&txtFormat=amend,4db60493-f945-430f-8d16-c5ae359e0672
4d16aef2-741e-48df-bd6a-6c160b0d7fcd,application/pdf,http://www.gencourt.state.nh.us/bill_status/billText.aspx?sy=2020&id=2020-0134h&txtFormat=amend,91591ad7-f647-4b95-80f3-b4a751658206
2c1f287e-9bbf-4a5e-b4ca-542d0d264f55,application/pdf,http://www.gencourt.state.nh.us/bill_status/billText.aspx?sy=2020&id=2020-0765h&txtFormat=amend,eaa2b760-f9cf-41a9-a62d-dd0a8e3be66f
0a3987f5-d314-441e-99a9-7228a7505cc9,application/pdf,http://www.gencourt.state.nh.us/bill_status/billText.aspx?sy=2020&id=2020-1081h&txtFormat=amend,f068b1a3-acdd-4ff6-bc8c-7c655083dbb0
04066819-d7a8-4cb5-a8f4-67611f00f833,text/html,http://www.gencourt.state.nh.us/bill_status/billText.aspx?sy=2020&id=805&txtFormat=html,12719800-027b-435b-ac69-5fa28240629f
fe4477f3-a692-41e7-9787-b0d000f5a1c4,text/html,http://www.gencourt.state.nh.us/bill_status/billText.aspx?sy=2020&id=670&txtFormat=html,7a8aa96f-3267-469b-8055-ce7e229cc878
55d0d422-bb6d-4425-9bc0-f50798de15bc,application/pdf,http://www.gencourt.state.nh.us/bill_status/billText.aspx?sy=2020&id=2019-2871s&txtFormat=amend,d726fafe-2945-47f8-943a-78608816e81e
03ce7277-97b7-4eb6-b572-c1d8ee1cf193,application/pdf,http://www.gencourt.state.nh.us/bill_status/billText.aspx?sy=2020&id=2020-0915h&txtFormat=amend,9cf7dbbf-59e8-4a8e-90b0-bf3ae0e363f4
c255122c-3861-4dd6-91f0-5308bc714d7b,application/pdf,http://www.gencourt.state.nh.us/bill_status/billText.aspx?sy=2020&id=2020-1032h&txtFormat=amend,a9c2ded2-db00-4a9f-a965-c59a6ceec688
b3bf0f94-3e7d-4d30-a4b2-24c2c34fe6fb,text/html,http://www.gencourt.state.nh.us/bill_status/billText.aspx?sy=2020&id=737&txtFormat=html,ab59bd36-88c0-41fe-b182-94c2f8a10ddb
482d1821-83a7-41d4-8b9f-b67f0df78522,application/pdf,http://www.gencourt.state.nh.us/bill_status/billText.aspx?sy=2020&id=2020-0591h&txtFormat=amend,eeaf067c-cefc-4ce4-9663-74fde8853ae4
388d3ebc-a8f7-405d-bef5-b86132136cf7,application/pdf,http://www.gencourt.state.nh.us/bill_status/billText.aspx?sy=2020&id=2020-0246h&txtFormat=amend,7fd1d15a-7480-418d-a362-4c98816cfa8d
45791a20-ac6a-447d-933f-05c7c99809af,application/pdf,http://www.gencourt.state.nh.us/bill_status/billText.aspx?sy=2020&id=2020-0617h&txtFormat=amend,8c232ad8-4151-48b6-9936-4cb8f175be4c
09d6c5b3-5733-460d-bc19-bbf09f1459c5,application/pdf,http://www.gencourt.state.nh.us/bill_status/billText.aspx?sy=2020&id=2020-0476h&txtFormat=amend,848d9163-a2be-46fa-81d5-6d3ca865ba87
4a438730-61ed-40f2-a98e-2d81d8bf88c0,application/pdf,http://www.gencourt.state.nh.us/bill_status/billText.aspx?sy=2020&id=2019-2858h&txtFormat=amend,841edde0-06c9-4df6-8e62-4812caf2f679
286b2c52-e8f7-4104-b2bb-bb12704a5b3c,text/html,http://www.gencourt.state.nh.us/bill_status/billText.aspx?sy=2020&id=480&txtFormat=html,5ab96545-18d6-4018-bb84-3d19b48865b1
82974751-6d9b-4083-b5e3-3fb4750ee9c7,application/pdf,http://www.gencourt.state.nh.us/bill_status/billText.aspx?sy=2020&id=2020-0673h&txtFormat=amend,d83f55c8-57ae-4117-9b08-ef8f703acb14
68fcaae3-26c8-445f-ba68-40ad97d34e87,application/pdf,http://www.gencourt.state.nh.us/bill_status/billText.aspx?sy=2020&id=2020-0846h&txtFormat=amend,0b4d4f65-87e5-4350-813e-f875e9190eba
c10a5fcf-cfa0-4103-8858-9e8f98732e83,application/pdf,http://www.gencourt.state.nh.us/bill_status/billText.aspx?sy=2020&id=2020-0685h&txtFormat=amend,a41a7a97-f1a3-4a72-9c2e-b3d4f3fc02b6
f4ca9e06-c7d9-4c97-b1a0-22066aba2b70,application/pdf,http://www.gencourt.state.nh.us/bill_status/billText.aspx?sy=2020&id=2020-0413h&txtFormat=amend,d8961566-f633-451b-b207-702880739098
da45465b-9513-479a-a004-5337c31c430f,text/html,http://www.gencourt.state.nh.us/bill_status/billText.aspx?sy=2020&id=385&txtFormat=html,ddce5def-da25-41e7-9e66-5cc29d355f8f
12ea5d3f-a284-4c24-b67c-6a014f49188b,application/pdf,http://www.gencourt.state.nh.us/bill_status/billText.aspx?sy=2020&id=2020-0552h&txtFormat=amend,41702d61-9eed-405b-a198-230abcbcd1af
83adb092-5ee9-4c33-9bd3-cd628efd2fb9,application/pdf,http://www.gencourt.state.nh.us/bill_status/billText.aspx?sy=2020&id=2020-0969h&txtFormat=amend,4d8b085d-b5cf-4279-9c66-5c70a3951ecc
cac99c9b-b01e-4389-a293-02c9d6e3311f,application/pdf,http://www.gencourt.state.nh.us/bill_status/billText.aspx?sy=2020&id=2020-0176h&txtFormat=amend,b74d3850-1436-4307-a4db-8e383ef66daf
262dbf11-829a-4b6e-b45b-05068bd16522,application/pdf,http://www.gencourt.state.nh.us/bill_status/billText.aspx?sy=2020&id=2020-1149s&txtFormat=amend,85cdd079-5252-468f-93db-54536870867e
1e31e3c0-31be-44e2-8037-159f1241a0e5,application/pdf,http://www.gencourt.state.nh.us/bill_status/billText.aspx?sy=2020&id=2020-0958h&txtFormat=amend,36010422-7b8c-4946-b12f-bf2163701bd9
add9cedf-5db9-4426-99ee-fd4cae1f98f0,text/html,http://www.gencourt.state.nh.us/bill_status/billText.aspx?sy=2020&id=777&txtFormat=html,76885cf8-86ed-452e-b560-eb4a56206844
5efe0d6a-9ee9-45ad-9ade-46ba497177b4,application/pdf,http://www.gencourt.state.nh.us/bill_status/billText.aspx?sy=2020&id=2020-1275s&txtFormat=amend,b373d6e2-3585-4118-a51b-41dedc704090
0d2c9c64-7669-4c7d-ae55-80511b6340b0,application/pdf,http://www.gencourt.state.nh.us/bill_status/billText.aspx?sy=2020&id=2020-1621&txtFormat=amend,e31689fb-9fcb-4e9a-9dc1-0d623a1122f7
1b3c6b1b-1186-4bee-a18f-1986746e6fba,application/pdf,http://www.gencourt.state.nh.us/bill_status/billText.aspx?sy=2020&id=2020-1539s&txtFormat=amend,e59e3c3f-67ae-4055-98d5-5a1e5a51558f
0a0d15f0-96a7-4721-a0f9-3203f3a9bae2,application/pdf,http://www.gencourt.state.nh.us/bill_status/billText.aspx?sy=2020&id=2020-1619e&txtFormat=amend,a5fb5b4e-52a2-4b9c-88b9-c77827970b2b
9a8bf59e-7952-4828-a0cd-d1cbcadd621e,text/html,http://www.gencourt.state.nh.us/bill_status/billText.aspx?sy=2020&id=146&txtFormat=html,d172418e-52b6-416f-85e2-b57cc989de31
b1ead1a3-cbd0-48b0-9df3-6b31a4891c7a,application/pdf,http://www.gencourt.state.nh.us/bill_status/billText.aspx?sy=2020&id=2020-0788s&txtFormat=amend,3daa7f08-3bf0-4872-91bc-38b0e6356494
4072934a-6b98-41d5-9d55-bf3458e2d582,application/pdf,http://www.gencourt.state.nh.us/bill_status/billText.aspx?sy=2020&id=2020-1209s&txtFormat=amend,ca17862d-4d30-4276-ba26-27cd3a11f797
04982ff7-e075-49e1-b8c4-fbd5204d2ab3,application/pdf,http://www.gencourt.state.nh.us/bill_status/billText.aspx?sy=2020&id=2019-2855s&txtFormat=amend,e43a6262-ff39-4ae2-a949-d971d437902d
95c384a9-fd7f-4173-9585-63b8fa145e41,application/pdf,http://www.gencourt.state.nh.us/bill_status/billText.aspx?sy=2020&id=2020-1189s&txtFormat=amend,388ae20c-ba60-4036-b588-eb4f0a57052f
a616faa3-9c6f-4c1e-a8bd-2f457991c384,application/pdf,http://www.gencourt.state.nh.us/bill_status/billText.aspx?sy=2020&id=2020-1077s&txtFormat=amend,21c5ac4b-5c81-4596-83ac-a926d6024265
b7a37d90-8e0d-413b-9274-74db2f628922,application/pdf,http://www.gencourt.state.nh.us/bill_status/billText.aspx?sy=2020&id=2020-0445s&txtFormat=amend,ca660cf4-462f-4f1b-a943-3f8cedb8ffe5
d90b4652-4c58-4da1-83e0-7100d431f091,application/pdf,http://www.gencourt.state.nh.us/bill_status/billText.aspx?sy=2020&id=2020-1079s&txtFormat=amend,e4c75a60-39f3-49a4-bc56-95cf2ec60680
2b6df50e-782c-4e46-8475-2ef92ec000a5,application/pdf,http://www.gencourt.state.nh.us/bill_status/billText.aspx?sy=2020&id=2020-1191s&txtFormat=amend,dfd629c5-8e6d-42b5-a246-b854708d78aa
e5cf7c61-5a12-4e0f-b428-15048c080253,application/pdf,http://www.gencourt.state.nh.us/bill_status/billText.aspx?sy=2020&id=2020-0627s&txtFormat=amend,efd390e1-dd95-4912-aab4-c38c08f21ecd
533a7b01-9d75-46ec-aacb-4a6741142c6c,application/pdf,http://www.gencourt.state.nh.us/bill_status/billText.aspx?sy=2020&id=2020-1090s&txtFormat=amend,aec022e9-86ab-49e0-8b50-fe6a965d1502
71d12fd0-289f-47c5-8ae0-ea0073ad3921,application/pdf,http://www.gencourt.state.nh.us/bill_status/billText.aspx?sy=2020&id=2019-2862s&txtFormat=amend,15fbcfb9-d37d-4f62-bf27-6c538471f8d3
672c61bb-55a2-4f1a-acca-ce4176b05520,application/pdf,http://www.gencourt.state.nh.us/bill_status/billText.aspx?sy=2020&id=2020-0621s&txtFormat=amend,ea214011-61d1-4f3a-99f0-5ea399758d80
3b023f01-e9fd-42d4-b38b-8740cd506bed,application/pdf,http://www.gencourt.state.nh.us/bill_status/billText.aspx?sy=2020&id=2020-0781s&txtFormat=amend,a9c6b8f6-71d4-429b-9657-9c7ea075ae63
3be2a5fe-6f5c-4765-8daf-0bc01aa5957c,application/pdf,http://www.gencourt.state.nh.us/bill_status/billText.aspx?sy=2020&id=2020-0725s&txtFormat=amend,6984d5e1-2f9e-45de-a2f6-7ee513b829f7
40e5e1ce-589b-43a2-8bb5-9075274b9169,application/pdf,http://www.gencourt.state.nh.us/bill_status/billText.aspx?sy=2020&id=2020-0500s&txtFormat=amend,6c8f16b4-b1f8-455c-8dda-aef23ff6b192
45787adf-49f4-4113-8887-2d9770c4536f,application/pdf,http://www.gencourt.state.nh.us/bill_status/billText.aspx?sy=2020&id=2020-0540s&txtFormat=amend,945cb3ac-5b97-4bb3-b46e-a6059aeedfb6
08d1602b-6262-41d8-9cce-0864bbd9ccb9,application/pdf,http://www.gencourt.state.nh.us/bill_status/billText.aspx?sy=2020&id=2020-0529s&txtFormat=amend,73b32573-69c1-4dd8-84c9-939053e016b4
dde8af77-8bc9-4e70-87be-f5eaac6e78d0,application/pdf,http://www.gencourt.state.nh.us/bill_status/billText.aspx?sy=2020&id=2020-0763s&txtFormat=amend,cc57dc61-b819-4dfc-8a34-f141c13e10f1
6b1c8b4c-55c3-43d6-9e62-b4def487b8f9,application/pdf,http://www.gencourt.state.nh.us/bill_status/billText.aspx?sy=2020&id=2020-0767s&txtFormat=amend,d55d95be-4aa4-491e-9187-3671e070c0e8
d0c75731-cf08-4e3c-a9f8-f7e11c4d9cc5,application/pdf,http://www.gencourt.state.nh.us/bill_status/billText.aspx?sy=2020&id=2019-2896s&txtFormat=amend,4b93fc00-ee89-4cd1-a63e-e15629fb318c
52a71a1a-d75e-40b8-ac6c-8660b269dfed,application/pdf,http://www.gencourt.state.nh.us/bill_status/billText.aspx?sy=2020&id=2019-2889s&txtFormat=amend,db0d878a-3e64-4916-9cc9-30a9f0328c2e
40ebee78-8cd9-4c6d-ac09-2a02e5638617,application/pdf,http://www.gencourt.state.nh.us/bill_status/billText.aspx?sy=2020&id=2020-1417s&txtFormat=amend,24694596-9ab4-4c05-925c-a1ffa5ad6340
8c9cf32b-0e9e-4db9-b9df-86ea0d874e00,application/pdf,http://www.gencourt.state.nh.us/bill_status/billText.aspx?sy=2020&id=2020-1076s&txtFormat=amend,873c6dad-73dc-4231-bbc4-2e95219dea41
a9d14465-b1fa-4fb9-81b2-a33fe507d6bf,application/pdf,http://www.gencourt.state.nh.us/bill_status/billText.aspx?sy=2020&id=2020-0331h&txtFormat=amend,447e1535-467d-49e4-bf27-83a308a561b4
459f4945-d7b2-45ba-a56e-42610e36d487,application/pdf,http://www.gencourt.state.nh.us/bill_status/billText.aspx?sy=2020&id=2019-0267h&txtFormat=amend,98507a1a-6396-4bcc-906d-eae233c36877
8f0c24c4-369e-4bea-9878-8fb6292ee0fc,text/html,http://www.gencourt.state.nh.us/bill_status/billText.aspx?sy=2020&id=366&txtFormat=html,d0d265e7-9cd8-49d8-babe-efe8b9d9feca
264a3e19-e8fa-4377-9d39-f748baa8fe93,text/html,http://www.gencourt.state.nh.us/bill_status/billText.aspx?sy=2020&id=302&txtFormat=html,7f5f75a9-1c8e-4a2b-b18f-1da05ed8abd5
650050b5-ac42-48a7-9d56-8050d622bde8,application/pdf,http://www.gencourt.state.nh.us/bill_status/billText.aspx?sy=2020&id=2020-1135s&txtFormat=amend,0dc9af9a-6e14-4100-ba07-ce1d09b9b3d0
97106563-7b78-45fe-b8f7-0359dfbaa862,text/html,http://www.gencourt.state.nh.us/bill_status/billText.aspx?sy=2020&id=310&txtFormat=html,066dddef-4042-40c6-881b-3675b9d8e564
9f6df5b9-26f0-4b5a-8358-54cd3bb5f3d8,application/pdf,http://www.gencourt.state.nh.us/bill_status/billText.aspx?sy=2020&id=2019-1310h&txtFormat=amend,70bea4c1-9c16-4386-92a5-88e42301fe59
634eda14-75e7-4434-b245-81d731bc9507,text/html,http://www.gencourt.state.nh.us/bill_status/billText.aspx?sy=2020&id=28&txtFormat=html,d94fe7e0-d361-4aaa-a877-83286a5edd2f
34590459-abc2-4d8f-bbde-e5493e3a237f,application/pdf,http://www.gencourt.state.nh.us/bill_status/billText.aspx?sy=2020&id=2019-2781h&txtFormat=amend,72eadf5a-6ef7-41d5-a227-484e4761efc9
cac13f0e-ab12-47b8-b83a-c02370aae1b5,text/html,http://www.gencourt.state.nh.us/bill_status/billText.aspx?sy=2020&id=323&txtFormat=html,cdeac894-172e-4503-be5c-7f72351c5d1a
532fc84f-204b-470e-8d02-ebeb961470ef,application/pdf,http://www.gencourt.state.nh.us/bill_status/billText.aspx?sy=2020&id=2019-0484h&txtFormat=amend,d6a163e3-64af-4591-a609-f471a8734ab9
164855a0-5d58-4ca2-bf4a-f49355f2833e,text/html,http://www.gencourt.state.nh.us/bill_status/billText.aspx?sy=2020&id=520&txtFormat=html,2351a12c-6582-462d-8d2f-984c68a8678f
f3c27f54-15ec-4424-825a-5f506bd6fc5b,application/pdf,http://www.gencourt.state.nh.us/bill_status/billText.aspx?sy=2020&id=2020-0311s&txtFormat=amend,b6493b4f-13ff-49f6-982d-3f025d49508c
c04e09d3-6eaa-42f8-b5f4-1fdc0895bf1a,application/pdf,http://www.gencourt.state.nh.us/bill_status/billText.aspx?sy=2020&id=2019-0812h&txtFormat=amend,cf7b8222-4fe3-41f3-9f61-6b3c50699941
8669e650-e5d7-40e6-97b1-e1f322f29c43,application/pdf,http://www.gencourt.state.nh.us/bill_status/billText.aspx?sy=2020&id=2020-1092s&txtFormat=amend,bd6757e5-6a05-4296-a054-2b069f89c205
b2b487aa-d6e1-40c6-b4ca-6d5ec3848566,application/pdf,http://www.gencourt.state.nh.us/bill_status/billText.aspx?sy=2020&id=2019-1132s&txtFormat=amend,2bf66a8c-b008-41a7-85d2-a87a3c3c7a2d
9057508b-70e4-4717-bc2b-c7734415efb0,application/pdf,http://www.gencourt.state.nh.us/bill_status/billText.aspx?sy=2020&id=2019-1191s&txtFormat=amend,2a4c47f1-bcdc-47a6-887a-383aca9ff029
e1ed6418-62e6-406c-b721-cffc0bcdcb27,text/html,http://www.gencourt.state.nh.us/bill_status/billText.aspx?sy=2020&id=354&txtFormat=html,5ba29381-bbb2-4968-a9e9-167cd9147005
5bb92a8e-400e-4df3-95c0-02c3ec185960,text/html,http://www.gencourt.state.nh.us/bill_status/billText.aspx?sy=2020&id=18&txtFormat=html,97fe9af9-f6aa-47c3-9c40-7642be80de5a
db222f4e-c7f7-4081-9222-d53735f4639f,application/pdf,http://www.gencourt.state.nh.us/bill_status/billText.aspx?sy=2020&id=2019-2723h&txtFormat=amend,22daf31a-f7d1-45fb-8e69-bd1af8b93fa5
6ae71eb6-b3d5-4423-839a-826021c0f33d,application/pdf,http://www.gencourt.state.nh.us/bill_status/billText.aspx?sy=2020&id=2020-0775s&txtFormat=amend,c5977b9d-d997-4b28-96e8-5459dc4ef0dc
280dd9e4-331e-478a-89c0-75bbf599965d,application/pdf,http://www.gencourt.state.nh.us/bill_status/billText.aspx?sy=2020&id=2019-0507h&txtFormat=amend,e1577a61-7da4-4c5c-b046-cfd5cd0e3a1f
56c6812a-2cca-4a9f-9600-7e78c6e7b356,text/html,http://www.gencourt.state.nh.us/bill_status/billText.aspx?sy=2020&id=82&txtFormat=html,83555f18-b2c7-48e8-8339-5f47bc2dc512
0be0d846-dab0-468b-a184-b7b9747af0ae,application/pdf,http://www.gencourt.state.nh.us/bill_status/billText.aspx?sy=2020&id=2019-0746h&txtFormat=amend,e45a0df2-72d6-476b-bae3-ac4d28eede19
d0e7bafe-0099-4752-901f-e6c1c95d194c,text/html,http://www.gencourt.state.nh.us/bill_status/billText.aspx?sy=2020&id=96&txtFormat=html,d735cd82-a177-4dba-bbb9-cac19bca7828
b24318ef-f616-490d-a50b-8871089a622a,application/pdf,http://www.gencourt.state.nh.us/bill_status/billText.aspx?sy=2020&id=2019-2874s&txtFormat=amend,89a7a354-1343-4ac3-9c1a-f7a30eaa76d1
5cc0cade-5b4d-49a6-b1d0-69f87900509b,text/html,http://www.gencourt.state.nh.us/bill_status/billText.aspx?sy=2020&id=740&txtFormat=html,a1f85cc3-ed79-4998-93cf-9718e6f0ac43
c0f88857-5cc7-4300-8677-87a06b216821,application/pdf,http://www.gencourt.state.nh.us/bill_status/billText.aspx?sy=2020&id=2020-1531s&txtFormat=amend,ac80ed99-c9c0-4824-8fac-7cd86bb12eb6
bb5e9828-427c-4348-9e2d-00b68e0b9be0,application/pdf,http://www.gencourt.state.nh.us/bill_status/billText.aspx?sy=2020&id=2019-2800s&txtFormat=amend,6a39d123-bcc8-4d27-ba15-f91ebfd55d8a
fc7069df-1339-4d74-89e2-106793bb690c,text/html,http://www.gencourt.state.nh.us/bill_status/billText.aspx?sy=2020&id=406&txtFormat=html,2b9750f6-df8c-4b1f-a036-8f21a3b1a9f6
3dff2327-bb8f-49f9-837a-8a2fcc54a48e,application/pdf,http://www.gencourt.state.nh.us/bill_status/billText.aspx?sy=2020&id=2019-0952h&txtFormat=amend,a83f56b8-d2c7-4e47-96b5-8f750ff7a963
6de93e4a-b636-46ae-ab0f-74d1ef01f252,text/html,http://www.gencourt.state.nh.us/bill_status/billText.aspx?sy=2020&id=252&txtFormat=html,9aa1ed2b-4a20-48cd-9ddf-2c402317d20e
72358ee3-f7ee-4108-ad83-80ece5956abf,application/pdf,http://www.gencourt.state.nh.us/bill_status/billText.aspx?sy=2020&id=2019-0378h&txtFormat=amend,596cd2c7-191d-49bf-975a-48613b316554
3ec24399-9c38-4969-a81a-19b975547a47,text/html,http://www.gencourt.state.nh.us/bill_status/billText.aspx?sy=2020&id=39&txtFormat=html,e118d4b1-896a-41f0-bff0-5ef8120753f8
d9ea7379-733f-4c50-ab49-83749113cb97,application/pdf,http://www.gencourt.state.nh.us/bill_status/billText.aspx?sy=2020&id=2020-0774s&txtFormat=amend,1641c283-c4a1-40b8-9cc1-7414dce1637f
9b167140-9cdf-4c00-b805-1d52df177856,application/pdf,http://www.gencourt.state.nh.us/bill_status/billText.aspx?sy=2020&id=2019-1082s&txtFormat=amend,5dbd99b4-a762-4087-b314-ff5c32809cf8
e92873e3-44ec-453b-ba55-abce954d205b,text/html,http://www.gencourt.state.nh.us/bill_status/billText.aspx?sy=2020&id=175&txtFormat=html,3242b264-6f53-4caf-b938-00b205bec9c2
74439240-5155-46b2-be72-842fa2560ca7,application/pdf,http://www.gencourt.state.nh.us/bill_status/billText.aspx?sy=2020&id=2019-0723h&txtFormat=amend,2e3ab4fc-082e-42d1-ba86-ed7a968ed63c
d3239737-409e-4ea4-b0b1-903e3c8f5722,application/pdf,http://www.gencourt.state.nh.us/bill_status/billText.aspx?sy=2020&id=2019-0490h&txtFormat=amend,933b43c9-72e3-4f07-bd23-c075a8e1909c
5733a914-6b2f-4dd1-9a2a-9bca814faa79,text/html,http://www.gencourt.state.nh.us/bill_status/billText.aspx?sy=2020&id=90&txtFormat=html,81a4fbf7-c7bd-4d5c-a705-bf4995c4644b
cc07c2ff-e3b1-4a55-a29b-278e5894e2f2,application/pdf,http://www.gencourt.state.nh.us/bill_status/billText.aspx?sy=2020&id=2020-1083s&txtFormat=amend,53f21ecf-c9ca-42e8-ba3e-92d07aed0d9a
e9c37f95-3830-446c-b462-57846d318a99,application/pdf,http://www.gencourt.state.nh.us/bill_status/billText.aspx?sy=2020&id=2019-0113h&txtFormat=amend,4adb6ccf-998b-4713-991b-d8bbd89d3107
a1c48efb-9d38-4296-9af3-30d8f0adda5d,text/html,http://www.gencourt.state.nh.us/bill_status/billText.aspx?sy=2020&id=6&txtFormat=html,05d299e6-ed9f-49cc-8d39-789bf28c76c5
b2d0ca5e-32fc-4ff8-8e18-c500eb8948e8,application/pdf,http://www.gencourt.state.nh.us/bill_status/billText.aspx?sy=2020&id=2019-2888s&txtFormat=amend,73850335-49a0-4a79-8bd6-0ddca05ef897
10f5fbb9-9f82-4caa-831b-ed2d6868026e,text/html,http://www.gencourt.state.nh.us/bill_status/billText.aspx?sy=2020&id=607&txtFormat=html,0122508c-2204-40f5-a51a-2ab56e324a53
f42160a6-9664-4f82-ad42-78f03912bcfd,application/pdf,http://www.gencourt.state.nh.us/bill_status/billText.aspx?sy=2020&id=2019-1728h&txtFormat=amend,4637ef57-7ee3-48f5-b61c-3edab894518a
cc813388-a600-45c5-8ab4-71a6eddab53f,application/pdf,http://www.gencourt.state.nh.us/bill_status/billText.aspx?sy=2020&id=2019-2733h&txtFormat=amend,bf39ac80-5fbf-41ce-8e40-f8977b966b0f
2d7114c3-04bf-4792-a15e-364d68108bf6,text/html,http://www.gencourt.state.nh.us/bill_status/billText.aspx?sy=2020&id=802&txtFormat=html,91e8ceab-517c-460d-8d62-fc87fa44545e
502e9ddb-208a-462b-8375-4b01da075792,application/pdf,http://www.gencourt.state.nh.us/bill_status/billText.aspx?sy=2020&id=2019-0423h&txtFormat=amend,b7b0db1c-4aca-4a9b-a329-be6af72ea804
3e1a53cf-a2b0-4c27-8b95-f427829a0e77,text/html,http://www.gencourt.state.nh.us/bill_status/billText.aspx?sy=2020&id=762&txtFormat=html,793e6ab0-087f-4137-850c-368534fc4ad4
7bb16603-0c81-42b7-b67a-c964c2a7a492,application/pdf,http://www.gencourt.state.nh.us/bill_status/billText.aspx?sy=2020&id=2019-0674h&txtFormat=amend,81410a61-faa3-4fc7-9bff-a92d50309193
d41c386a-c78f-428e-94a5-d8ecc7bdbe04,application/pdf,http://www.gencourt.state.nh.us/bill_status/billText.aspx?sy=2020&id=2019-0285h&txtFormat=amend,081ea7ff-eeaa-456f-9608-364567d2ec4d
1f48d262-6837-44aa-9293-d5f9fbd6cc79,application/pdf,http://www.gencourt.state.nh.us/bill_status/billText.aspx?sy=2020&id=2019-2876s&txtFormat=amend,e5f0ffe4-799c-4fde-ba1b-57d11659fdaa
c74fa7a3-3c90-4b9f-9f4a-bf33ee832b9c,text/html,http://www.gencourt.state.nh.us/bill_status/billText.aspx?sy=2020&id=706&txtFormat=html,146da4b5-35cd-412f-83c2-69247315c638
cf6814cc-b6a5-4950-95f3-df85ff38fe9b,text/html,http://www.gencourt.state.nh.us/bill_status/billText.aspx?sy=2020&id=633&txtFormat=html,c20e7772-9658-4d5b-bcec-4757805d39a9
54fa0cef-07b9-458c-bb0b-338d6cd4554d,application/pdf,http://www.gencourt.state.nh.us/bill_status/billText.aspx?sy=2020&id=2019-0293h&txtFormat=amend,509b8cf3-2828-40fe-a02b-4778a1ede537
e18df2b3-fa0a-45ed-bdb6-3296dd753826,text/html,http://www.gencourt.state.nh.us/bill_status/billText.aspx?sy=2020&id=472&txtFormat=html,4bff3f30-7684-4741-b5c6-c725c737c382
a466f030-d9ab-4c3b-aba3-34e4b75422ab,application/pdf,http://www.gencourt.state.nh.us/bill_status/billText.aspx?sy=2020&id=2019-0932h&txtFormat=amend,251e9a06-de6c-4dba-a06d-c5799a419664
9ae1a50c-1ecf-4ebe-93ab-71df3a09ab5a,text/html,http://www.gencourt.state.nh.us/bill_status/billText.aspx?sy=2020&id=283&txtFormat=html,a9422624-abcb-4ba1-a70e-509f8ba81498
b8cc9ff3-42b9-46aa-b4f2-be0acf59c61d,application/pdf,http://www.gencourt.state.nh.us/bill_status/billText.aspx?sy=2020&id=2019-0374h&txtFormat=amend,dd48b6a2-aa4d-4d1a-a886-19f395495073
2d308658-ba63-4d3c-9a57-ddbd5d85799b,text/html,http://www.gencourt.state.nh.us/bill_status/billText.aspx?sy=2020&id=92&txtFormat=html,03ff2c5b-4a3e-4f1b-adae-7439650efa78
f1d072ce-18be-40e8-9d8f-ffbcadcadeb0,application/pdf,http://www.gencourt.state.nh.us/bill_status/billText.aspx?sy=2020&id=2019-0453h&txtFormat=amend,03de2bbb-dba3-46f9-90d4-16e289e5cfee
d59344a0-e979-458a-bf03-8fc45af223f9,text/html,http://www.gencourt.state.nh.us/bill_status/billText.aspx?sy=2020&id=462&txtFormat=html,245019d6-9cc2-4fb5-8769-ce282ade0a48
c7eec0f7-c687-40eb-80ac-f0c67a54dcce,text/html,http://www.gencourt.state.nh.us/bill_status/billText.aspx?sy=2020&id=428&txtFormat=html,4001a804-2e1a-4680-a0c8-3b8ed4865915
7a7c6651-6fdd-4944-ada9-521641e115bb,text/html,http://www.gencourt.state.nh.us/bill_status/billText.aspx?sy=2020&id=265&txtFormat=html,8015eea3-2d8c-4ce6-8142-e6b490e45146
53c20ea8-463d-41c1-8c79-56da78e3bd13,application/pdf,http://www.gencourt.state.nh.us/bill_status/billText.aspx?sy=2020&id=2019-2777h&txtFormat=amend,3b82c169-f8d9-4add-bd9b-0bf208e2277c
de214e92-c6c7-4bf7-8c43-d9c891854f1a,text/html,http://www.gencourt.state.nh.us/bill_status/billText.aspx?sy=2020&id=519&txtFormat=html,f525e946-12b0-484d-9606-e4b8ba682ab1
efae54a5-8c47-4ff5-984a-099cc1386bdd,text/html,http://www.gencourt.state.nh.us/bill_status/billText.aspx?sy=2020&id=218&txtFormat=html,e2d877b1-5a43-46a0-bf3b-5940419e5d07
a9f8a3b3-b2ea-44b3-bd57-49e84f179eee,application/pdf,http://www.gencourt.state.nh.us/bill_status/billText.aspx?sy=2020&id=2019-2887s&txtFormat=amend,9b9af967-558a-4607-9f10-d3b540182aa7
3ff809f9-dc34-4ae8-9003-20d854c96f67,text/html,http://www.gencourt.state.nh.us/bill_status/billText.aspx?sy=2020&id=782&txtFormat=html,3ddd9f89-e96f-4fff-ae64-38aae2e1c0c9
eb82ad19-8533-4dfc-b0e4-cfbcca946c94,application/pdf,http://www.gencourt.state.nh.us/bill_status/billText.aspx?sy=2020&id=2019-0258h&txtFormat=amend,bd31b64c-83b7-4378-9b65-053c5a07da0b
5933bc08-822b-421e-b820-e44484a79022,text/html,http://www.gencourt.state.nh.us/bill_status/billText.aspx?sy=2020&id=119&txtFormat=html,cb9ee3b3-a3f2-46b3-a941-ee709829f19b
7c048e71-1c26-4636-b2cb-018b7259c7b0,text/html,http://www.gencourt.state.nh.us/bill_status/billText.aspx?sy=2020&id=120&txtFormat=html,9402284f-d98d-47de-984f-9f0fe2c5c7ae
9bb69ef4-9019-4e74-aab6-ac3712ea3bea,application/pdf,http://www.gencourt.state.nh.us/bill_status/billText.aspx?sy=2020&id=2019-2785h&txtFormat=amend,3eeeb164-69dc-47b3-a933-558c0808b911
63f76fc0-4bf2-4efc-87aa-8def0fa3347c,application/pdf,http://www.gencourt.state.nh.us/bill_status/billText.aspx?sy=2020&id=2019-0898h&txtFormat=amend,d862769e-5ecb-48d4-83c1-d486859dc445
e76e51db-3201-49e9-875f-a14227c3f087,text/html,http://www.gencourt.state.nh.us/bill_status/billText.aspx?sy=2020&id=619&txtFormat=html,48107eb5-cd7c-4b85-a9b5-3bc5b9db6fb8
eda9fcff-b4ac-4cfb-ba5d-1cc7664ca681,text/html,http://www.gencourt.state.nh.us/bill_status/billText.aspx?sy=2020&id=369&txtFormat=html,2526fa21-f97a-4302-a697-e8f8b1458065
62ff88e2-bc89-4618-85f8-d08e1d00758c,text/html,http://www.gencourt.state.nh.us/bill_status/billText.aspx?sy=2020&id=653&txtFormat=html,f3ce9de2-59a0-47dd-97a8-875e25df82a3
92b83009-4c92-4b13-9b0f-78ffc3e95d3e,application/pdf,http://www.gencourt.state.nh.us/bill_status/billText.aspx?sy=2020&id=2020-0243h&txtFormat=amend,8e23cc4c-2a6b-4a99-9fcb-60da65aa07b0
f5363d71-3a73-47b0-b5c2-078043e299f2,application/pdf,http://www.gencourt.state.nh.us/bill_status/billText.aspx?sy=2020&id=2020-0650h&txtFormat=amend,a85a1cf1-cafd-4196-a03f-ff2b32f3e352
a510ccfd-ed77-42ce-b9f8-53f280eb1894,text/html,http://www.gencourt.state.nh.us/bill_status/billText.aspx?sy=2020&id=720&txtFormat=html,7db96521-221f-438c-b048-f4703e83cc1a
f6e2294e-f9d5-480e-851e-3693a21b39c3,text/html,http://www.gencourt.state.nh.us/bill_status/billText.aspx?sy=2020&id=515&txtFormat=html,aa330a3e-ec81-4f10-8f09-64e1bd0511ee
95318d90-275d-42c8-846f-5fe2ce88b714,application/pdf,http://www.gencourt.state.nh.us/bill_status/billText.aspx?sy=2020&id=2020-1053h&txtFormat=amend,80c50dfb-eaee-4036-9522-308f4497de09
f89087c6-0ff7-4f5d-ab70-ddf44269438c,application/pdf,http://www.gencourt.state.nh.us/bill_status/billText.aspx?sy=2020&id=2020-0137h&txtFormat=amend,a90eff95-3e49-4d86-bd97-d46baf985be1
c3fff84e-045a-4234-8884-e336dff8bb07,application/pdf,http://www.gencourt.state.nh.us/bill_status/billText.aspx?sy=2020&id=2020-0098h&txtFormat=amend,81396c1c-11d0-430f-8269-477a74ac5ba6
1fcb510e-044a-4f66-bd68-4bbff9e48445,application/pdf,http://www.gencourt.state.nh.us/bill_status/billText.aspx?sy=2020&id=2020-0313s&txtFormat=amend,ea7a4c8d-a753-4011-9655-67e32d5bbc63
ce79aac8-98f1-4f7f-b7c1-4efbc4624787,application/pdf,http://www.gencourt.state.nh.us/bill_status/billText.aspx?sy=2020&id=2020-1100s&txtFormat=amend,991e8496-6998-4c15-8260-f44ad8a25013
140dc78e-3278-4ffd-a00d-1c8866631964,application/pdf,http://www.gencourt.state.nh.us/bill_status/billText.aspx?sy=2020&id=2019-2873s&txtFormat=amend,0a91145c-68f1-4cde-ab61-34752062805c
6137f23c-9c90-4858-ac60-1ad11f1d579b,application/pdf,http://www.gencourt.state.nh.us/bill_status/billText.aspx?sy=2020&id=2020-0976h&txtFormat=amend,9b562784-e505-42c9-ba0c-30e537ff1203
3d81b210-8549-4d82-ba7d-4f0553758afc,application/pdf,http://www.gencourt.state.nh.us/bill_status/billText.aspx?sy=2020&id=2020-1016h&txtFormat=amend,b5829838-dfc4-48d2-8fa1-300e3c493229
d616eb6a-ee21-4cf1-b993-c99c9ef6aaf3,application/pdf,http://www.gencourt.state.nh.us/bill_status/billText.aspx?sy=2020&id=2020-0714h&txtFormat=amend,673b6832-5a54-4bb6-95e7-b8392b7ae203
3535c798-1fd6-40a5-b864-4a939a1e6207,application/pdf,http://www.gencourt.state.nh.us/bill_status/billText.aspx?sy=2020&id=2020-0790h&txtFormat=amend,7c4eec77-fc0e-4b47-9f20-3ecf091b593f
b3964fa8-d3b2-43a3-b362-5f9e56fa724c,application/pdf,http://www.gencourt.state.nh.us/bill_status/billText.aspx?sy=2020&id=2020-0890h&txtFormat=amend,c013ab65-ad1c-4a14-8393-e988f533320c
b05bd3d5-742f-4933-b853-55f2dce280ad,application/pdf,http://www.gencourt.state.nh.us/bill_status/billText.aspx?sy=2020&id=2020-0853h&txtFormat=amend,fc11650a-f3e1-4b37-a1b3-0567af51f6fb
ae563236-baeb-4d4e-b9dd-fbb3e9e1832e,application/pdf,http://www.gencourt.state.nh.us/bill_status/billText.aspx?sy=2020&id=2020-0991h&txtFormat=amend,7d11f90e-1c75-499c-b9c0-cff6f9867d69
d34a73dd-5a59-4e7d-a057-a7bbbe04d10b,application/pdf,http://www.gencourt.state.nh.us/bill_status/billText.aspx?sy=2020&id=2020-1177s&txtFormat=amend,163bc232-1686-4fcb-a5af-874310876b05
703d024c-ad61-4eb9-84a5-2f04589a5f1d,application/pdf,http://www.gencourt.state.nh.us/bill_status/billText.aspx?sy=2020&id=2020-0281h&txtFormat=amend,05a6507b-7b59-4e90-a5b3-341526dd0dba
69a127db-2ec5-4a5e-a3b9-a828dc012802,application/pdf,http://www.gencourt.state.nh.us/bill_status/billText.aspx?sy=2020&id=2019-2754h&txtFormat=amend,10caec53-603c-4817-9a40-0ae22ce349f4
6716cccb-8320-4e27-9102-3afe0af0b4df,text/html,http://www.gencourt.state.nh.us/bill_status/billText.aspx?sy=2020&id=397&txtFormat=html,06e8006d-68d9-4569-9709-aaa1dd1b0c4e
413f2a74-73a8-445d-a739-d892c84060c0,application/pdf,http://www.gencourt.state.nh.us/bill_status/billText.aspx?sy=2020&id=2019-2793h&txtFormat=amend,22772175-7208-4986-be18-a7a8d7387352
3625fcac-5dcd-430c-8098-716b40d3031b,text/html,http://www.gencourt.state.nh.us/bill_status/billText.aspx?sy=2020&id=807&txtFormat=html,1ff0c7ce-6e00-4954-95d3-b20c97d5c141
1ac5b72f-501a-4df4-b296-5d85751afeb4,application/pdf,http://www.gencourt.state.nh.us/bill_status/billText.aspx?sy=2020&id=2020-0338h&txtFormat=amend,1065da91-a586-42ae-9336-632f4a2789be
a91f8147-a2f3-483e-836b-e6a8f0ccc055,application/pdf,http://www.gencourt.state.nh.us/bill_status/billText.aspx?sy=2020&id=2019-2819h&txtFormat=amend,e55eed86-874d-449a-b4a6-940c89a35221
c6a2eff8-7056-48f0-8036-a50bce8b477e,text/html,http://www.gencourt.state.nh.us/bill_status/billText.aspx?sy=2020&id=13&txtFormat=html,ad3f2be8-0aed-406c-a80a-2d471a6775d9
c1c82043-4940-499d-8e93-3dd3fed43e8a,application/pdf,http://www.gencourt.state.nh.us/bill_status/billText.aspx?sy=2020&id=2020-0333h&txtFormat=amend,d5dc4e1c-4463-47f1-98a0-01dc2d9440f9
3fe69105-8b50-4fb8-bc7d-4a3a0e762b43,application/pdf,http://www.gencourt.state.nh.us/bill_status/billText.aspx?sy=2020&id=2019-2787h&txtFormat=amend,e6903e18-2dbc-4ec7-83af-07001a931b0a
926890e1-519c-4841-aa62-53ddf6e5cc8b,text/html,http://www.gencourt.state.nh.us/bill_status/billText.aspx?sy=2020&id=248&txtFormat=html,05019b45-67c1-42a4-8434-3f4c63f479a6
e550f4ba-b419-4ed5-9a16-5010127b1d9f,application/pdf,http://www.gencourt.state.nh.us/bill_status/billText.aspx?sy=2020&id=2020-1616e&txtFormat=amend,034a5388-fa04-4d10-a627-7aacccdcb1cf
fd5c205d-3d36-4a62-a3ba-233d939742b1,application/pdf,http://www.gencourt.state.nh.us/bill_status/billText.aspx?sy=2020&id=2019-2727h&txtFormat=amend,511a3900-4e70-4d4e-a068-aaf211283306
9c4f6516-ceef-496b-b9f3-e558198b6c00,text/html,http://www.gencourt.state.nh.us/bill_status/billText.aspx?sy=2020&id=451&txtFormat=html,7feff31c-94d4-461d-bfc9-b7957efc96b1
53236dcf-17f5-4229-b0e1-20d6e147ceda,application/pdf,http://www.gencourt.state.nh.us/bill_status/billText.aspx?sy=2020&id=2019-2849h&txtFormat=amend,add4e1af-ad6a-496c-b318-860bddc28698
7ee26bdc-177e-4f88-b2da-92eefd6b37ac,text/html,http://www.gencourt.state.nh.us/bill_status/billText.aspx?sy=2020&id=724&txtFormat=html,7ce2b001-3ada-4207-a015-3cfff2de6f67
1bb7de07-38bd-4854-8524-f3920bcc4282,application/pdf,http://www.gencourt.state.nh.us/bill_status/billText.aspx?sy=2020&id=2020-0084h&txtFormat=amend,583cc163-dfbe-4b76-8b32-556ecbed59a9
3ba5e9bc-538f-4512-8f6c-1f39fa82fc56,application/pdf,http://www.gencourt.state.nh.us/bill_status/billText.aspx?sy=2020&id=2020-0827h&txtFormat=amend,97d553b3-de3c-4873-8c3e-55d3aca551dd
e2328471-e26c-44a7-b8cd-65c471a8b38f,application/pdf,http://www.gencourt.state.nh.us/bill_status/billText.aspx?sy=2020&id=2020-0379h&txtFormat=amend,eb61c615-6afa-4e70-b322-39fdbee2bcce
8606daa5-e63a-486d-8332-1e59810bfcc4,application/pdf,http://www.gencourt.state.nh.us/bill_status/billText.aspx?sy=2020&id=2020-0359h&txtFormat=amend,fcadeabc-9128-4fd0-b719-069b381f2c64
403b7997-0a7b-4360-bea1-98cd80fd8b57,text/html,http://www.gencourt.state.nh.us/bill_status/billText.aspx?sy=2020&id=561&txtFormat=html,6b1f6431-c7ea-4ec1-a47d-0cb1491580eb
17c22136-ea7a-4cb7-aad1-c318fedf406f,application/pdf,http://www.gencourt.state.nh.us/bill_status/billText.aspx?sy=2020&id=2020-1568s&txtFormat=amend,7eecb244-3655-47f5-9a64-bae18b44ee55
be51a60f-dde8-4681-ab4f-0272b0991a71,application/pdf,http://www.gencourt.state.nh.us/bill_status/billText.aspx?sy=2020&id=2020-0323s&txtFormat=amend,023643dc-466a-473f-9707-f44d32b0b221
a821f933-e861-4317-94ab-c6eecf947d85,text/html,http://www.gencourt.state.nh.us/bill_status/billText.aspx?sy=2020&id=320&txtFormat=html,66de0bcf-1888-4d2c-9316-916c40159199
4af2ffaf-255b-41e4-a0d4-32bd83f36334,application/pdf,http://www.gencourt.state.nh.us/bill_status/billText.aspx?sy=2020&id=2019-0543h&txtFormat=amend,37b8e8df-d01c-492b-9ccd-de525811ac31
ed8d304a-6463-4afc-8fab-22d0e4529d67,text/html,http://www.gencourt.state.nh.us/bill_status/billText.aspx?sy=2020&id=249&txtFormat=html,523610fd-be1f-4ff4-9c83-a131d5695b73
602d7874-5a4c-4cc2-b615-d31088677ac4,application/pdf,http://www.gencourt.state.nh.us/bill_status/billText.aspx?sy=2020&id=2019-2710h&txtFormat=amend,e48e5d4c-f681-4555-9ebe-925094510378
3f00b5b5-7f0d-4bfa-8ee0-d47458ef5dfc,application/pdf,http://www.gencourt.state.nh.us/bill_status/billText.aspx?sy=2020&id=2020-1018h&txtFormat=amend,b0e217dc-f18e-405f-a063-69e83925a30a
8cc1bd2d-0128-4c18-a6c1-5fa0a23ffdbb,application/pdf,http://www.gencourt.state.nh.us/bill_status/billText.aspx?sy=2020&id=2019-1163s&txtFormat=amend,cfdb476b-dcd4-4c8f-aa7e-e09190549c7a
60fc1a0f-e5c9-4fe7-86e4-a76ab63a1f01,application/pdf,http://www.gencourt.state.nh.us/bill_status/billText.aspx?sy=2020&id=2019-2799h&txtFormat=amend,a1e621a5-518f-4eb3-ad42-6cc790cb8426
a9d8afd1-1c52-4706-8181-972f41eadd51,application/pdf,http://www.gencourt.state.nh.us/bill_status/billText.aspx?sy=2020&id=2019-2796h&txtFormat=amend,647660e3-2ef8-4d69-8cab-90fec5d5c56a
17e1f1ad-3ec0-4520-97fd-08fe86402387,text/html,http://www.gencourt.state.nh.us/bill_status/billText.aspx?sy=2020&id=496&txtFormat=html,0ccb88e9-38be-429d-9088-db3904056fde
cb0fa57d-14e9-4e28-8ee4-187a2e04b054,application/pdf,http://www.gencourt.state.nh.us/bill_status/billText.aspx?sy=2020&id=2019-0303h&txtFormat=amend,a98ef9a4-b135-4a79-9f3a-f014ff8d20a3
3787a733-5931-4f1d-9c19-ff64ec95a71c,text/html,http://www.gencourt.state.nh.us/bill_status/billText.aspx?sy=2020&id=461&txtFormat=html,85f71713-d2bc-41d9-bb86-b03431fa5174
827be53b-b111-4a95-a48f-8e1f4b90ca57,application/pdf,http://www.gencourt.state.nh.us/bill_status/billText.aspx?sy=2020&id=2019-2848h&txtFormat=amend,b1e25619-00d9-4a5a-a84e-c2d70fa855ca
d78506ac-ff3d-408b-be35-9fd05df51919,text/html,http://www.gencourt.state.nh.us/bill_status/billText.aspx?sy=2020&id=116&txtFormat=html,7a83bb1a-a86d-439d-b5ab-ddeb8a3b7cc8
9ac3281d-8913-4e92-b459-659343970937,application/pdf,http://www.gencourt.state.nh.us/bill_status/billText.aspx?sy=2020&id=2019-2815h&txtFormat=amend,8b4ee420-35e2-48d5-90fc-b94b7ead4d1f
c77b1e2c-02e7-4180-b5d6-a865f4f402f6,text/html,http://www.gencourt.state.nh.us/bill_status/billText.aspx?sy=2020&id=272&txtFormat=html,34533357-9397-49bf-b584-8ec3428357ac
888e48fa-b0f6-4adb-bc85-f4b66f3f5cb7,text/html,http://www.gencourt.state.nh.us/bill_status/billText.aspx?sy=2020&id=421&txtFormat=html,6f434fc9-257d-4a64-a99f-e4cb20c779e7
d4de2eb1-8c3a-4656-8b02-8e8bd0df5035,application/pdf,http://www.gencourt.state.nh.us/bill_status/billText.aspx?sy=2020&id=2019-2775h&txtFormat=amend,438b1e24-fd1a-4b36-95d3-8038d2fcab33
b5426d3f-5d9b-4078-9fe3-24464f270aac,text/html,http://www.gencourt.state.nh.us/bill_status/billText.aspx?sy=2020&id=136&txtFormat=html,8e0f7b68-45c0-4909-bdba-979f81544a16
3a988061-200f-4de6-a149-addea6777b0e,text/html,http://www.gencourt.state.nh.us/bill_status/billText.aspx?sy=2020&id=198&txtFormat=html,1946b97f-5c9c-47c7-a73e-7560475227a5
6c1ae3b2-7b6b-4cd2-9eb6-4bf96b8dacae,application/pdf,http://www.gencourt.state.nh.us/bill_status/billText.aspx?sy=2020&id=2019-2742h&txtFormat=amend,6cdff7b2-e272-4d27-a76b-d91b72936972
6c1763d8-ace4-4642-92b2-f70d8655f08d,text/html,http://www.gencourt.state.nh.us/bill_status/billText.aspx?sy=2020&id=783&txtFormat=html,06c555fa-cf19-4588-8b6c-004aaaa9c949
79870c0d-9482-459a-99ba-d08c9548ec70,application/pdf,http://www.gencourt.state.nh.us/bill_status/billText.aspx?sy=2020&id=2019-2846h&txtFormat=amend,9905f5c7-f55d-4792-9ed7-d246cd6310c6
053e576c-2cc5-494c-ae68-00b3863836c7,text/html,http://www.gencourt.state.nh.us/bill_status/billText.aspx?sy=2020&id=750&txtFormat=html,cdf2e283-6c02-44d0-a4e8-28d3df943d65
6963ce22-7e74-41ac-aefd-c4f098462c21,application/pdf,http://www.gencourt.state.nh.us/bill_status/billText.aspx?sy=2020&id=2020-1628&txtFormat=amend,130bbe10-c189-4e5b-96ed-a133b5574477
ed273750-bc8a-43bc-a671-bc7168ea7da7,application/pdf,http://www.gencourt.state.nh.us/bill_status/billText.aspx?sy=2020&id=2019-2792h&txtFormat=amend,f0b49747-6cc2-434b-a4d1-441d09438c2e
d42803da-6e11-4074-9b98-8f619c12a501,application/pdf,http://www.gencourt.state.nh.us/bill_status/billText.aspx?sy=2020&id=2019-0347h&txtFormat=amend,d472bc71-7e5a-4cc6-b98d-7015ebe6c4d6
25831815-5cee-41b1-b7e5-9acc3bfb13cc,text/html,http://www.gencourt.state.nh.us/bill_status/billText.aspx?sy=2020&id=274&txtFormat=html,097ee5ff-9237-4f14-a896-789623ea9e1b
6359ce63-6258-4514-9103-7f9f97cb2fd9,text/html,http://www.gencourt.state.nh.us/bill_status/billText.aspx?sy=2020&id=383&txtFormat=html,5ad9af19-69bc-4143-b824-c83af627b489
edfaee81-35ab-4baf-92d7-76014f13a1b4,application/pdf,http://www.gencourt.state.nh.us/bill_status/billText.aspx?sy=2020&id=2020-1468s&txtFormat=amend,262e5c0d-cc51-4298-8622-ede0041fe709
5d868520-964d-429a-ae8f-d19c1142140a,text/html,http://www.gencourt.state.nh.us/bill_status/billText.aspx?sy=2020&id=529&txtFormat=html,8bb35a3a-e658-45c0-8ecb-50fbcf93f9ed
291b58ec-fb7d-417d-8dd8-28fa61d024be,text/html,http://www.gencourt.state.nh.us/bill_status/billText.aspx?sy=2020&id=449&txtFormat=html,0f7180b5-87b0-4e4f-b00c-4739413e1257
a568c801-2a65-4ef1-b697-bd8d10a9cf48,application/pdf,http://www.gencourt.state.nh.us/bill_status/billText.aspx?sy=2020&id=2019-0576h&txtFormat=amend,8e816b3d-f25a-44ff-a3a8-ce7642e93a0e
0d1d31fa-b45e-4b5a-9135-8631935fe7ce,text/html,http://www.gencourt.state.nh.us/bill_status/billText.aspx?sy=2020&id=441&txtFormat=html,cde5ffee-5ee6-456f-855e-ca2782350a8b
326c1c34-d8e2-4d43-90a4-fc63475c83b3,application/pdf,http://www.gencourt.state.nh.us/bill_status/billText.aspx?sy=2020&id=2020-1071h&txtFormat=amend,8d406e5b-d0b4-4dc5-8a99-ffd26ea9172a
4ac7b96d-992b-4ee3-a839-2e64b3b5e25e,application/pdf,http://www.gencourt.state.nh.us/bill_status/billText.aspx?sy=2020&id=2020-0232h&txtFormat=amend,9e58c40c-2407-4ecf-b9ad-0b614d0b14c7
68fbc9cb-03d5-4142-a26b-c0c61d40a874,application/pdf,http://www.gencourt.state.nh.us/bill_status/billText.aspx?sy=2020&id=2020-0674h&txtFormat=amend,91f6dd41-3798-43a9-ba93-2d52a35920da
d55140ff-20ba-4fad-bf0e-81549a801f37,application/pdf,http://www.gencourt.state.nh.us/bill_status/billText.aspx?sy=2020&id=2020-1085h&txtFormat=amend,8fe3ca2d-dd9d-43c8-b682-51a81c8c18f2
1a635bff-321f-4b41-aaeb-7065e4b0ba16,application/pdf,http://www.gencourt.state.nh.us/bill_status/billText.aspx?sy=2020&id=2020-1064h&txtFormat=amend,d5ee0346-2d82-4f91-96bc-912cc46a1790
6381ff03-620c-4dfc-b7d7-8e3d1f148404,application/pdf,http://www.gencourt.state.nh.us/bill_status/billText.aspx?sy=2020&id=2020-0429h&txtFormat=amend,6ef74616-ea2d-4b40-a428-faff37c5b885
25d94de1-1297-4dab-8dd2-65233b8e04a3,application/pdf,http://www.gencourt.state.nh.us/bill_status/billText.aspx?sy=2020&id=2020-1040s&txtFormat=amend,537c0c70-c152-4fa8-a74a-9d7b5757e311
f0ab2064-a8fa-495e-b810-4482e8b71de1,application/pdf,http://www.gencourt.state.nh.us/bill_status/billText.aspx?sy=2020&id=2020-1631&txtFormat=amend,cb3e8c24-c9e4-4450-9b22-56fe5cdb4d65
a2905fde-c3da-49c3-876d-b47cc2a54356,application/pdf,http://www.gencourt.state.nh.us/bill_status/billText.aspx?sy=2020&id=2020-0755h&txtFormat=amend,316dc4c0-e84e-4279-8b98-b0242151a23b
cd4e8743-fe6a-4dfd-b3b6-ebc87c37381f,application/pdf,http://www.gencourt.state.nh.us/bill_status/billText.aspx?sy=2020&id=2020-0863h&txtFormat=amend,457181eb-4daf-4350-8887-4fa6204d69e6
e0080f36-5117-4d81-8994-3fd80102c9cd,application/pdf,http://www.gencourt.state.nh.us/bill_status/billText.aspx?sy=2020&id=2020-1065s&txtFormat=amend,f333991a-27de-4f29-960e-8912c7c33b2d
4c858103-47c5-4b59-ab2e-ae7f82355a73,application/pdf,http://www.gencourt.state.nh.us/bill_status/billText.aspx?sy=2020&id=2019-2813h&txtFormat=amend,ff27e41a-9234-467b-bb69-3c21c7c7b9f5
9fb2240c-ab74-46cb-8d66-73fd8d6b41c3,text/html,http://www.gencourt.state.nh.us/bill_status/billText.aspx?sy=2020&id=587&txtFormat=html,7986552f-7376-4232-89a6-eb3f3a2d6688
89235283-6b76-4761-b399-91c4d3fe47d5,application/pdf,http://www.gencourt.state.nh.us/bill_status/billText.aspx?sy=2020&id=2020-0835h&txtFormat=amend,8cdb3cdc-a94b-4c69-99d3-86221709bf98
331011a9-4f43-4a41-8d3d-0e1101ccaeac,application/pdf,http://www.gencourt.state.nh.us/bill_status/billText.aspx?sy=2020&id=2020-0446h&txtFormat=amend,0566ee53-d05f-4fe3-acb4-350fafefb779
b025d00a-7739-461e-954b-303e0e57d185,application/pdf,http://www.gencourt.state.nh.us/bill_status/billText.aspx?sy=2020&id=2019-2860h&txtFormat=amend,66887ac5-b07c-49d4-8d32-ac4f9b4569a4
0272bd36-09ad-4bc5-a905-bfaf07d412f3,text/html,http://www.gencourt.state.nh.us/bill_status/billText.aspx?sy=2020&id=776&txtFormat=html,35004053-04e5-44e9-8848-5ceb3d330dfc
15fb0821-e356-4908-8d25-e70b40ef0860,application/pdf,http://www.gencourt.state.nh.us/bill_status/billText.aspx?sy=2020&id=2020-0165s&txtFormat=amend,d987f406-5ea1-4ef5-96c1-ef86a32f6df9
e5ffd762-4c63-4673-8147-c6a814de66d9,application/pdf,http://www.gencourt.state.nh.us/bill_status/billText.aspx?sy=2020&id=2020-1465s&txtFormat=amend,5f241bfb-bb47-47c0-accf-6ff09e876e9a
6ef5a7c7-81a6-4acf-995b-a4823b4a8740,application/pdf,http://www.gencourt.state.nh.us/bill_status/billText.aspx?sy=2020&id=2020-0468h&txtFormat=amend,e25b2eec-c946-4b22-88fd-ba3d72af3b45
e7f105fc-970d-4e14-9277-67b8a4a69a70,application/pdf,http://www.gencourt.state.nh.us/bill_status/billText.aspx?sy=2020&id=2020-0250h&txtFormat=amend,551b5eac-8f43-466e-b904-b8ed3613a5ca
e476baf9-cf5e-4b01-a018-6b96b482de40,application/pdf,http://www.gencourt.state.nh.us/bill_status/billText.aspx?sy=2020&id=2020-1122s&txtFormat=amend,c67d5617-d605-45e5-845b-8b22a42b2d9d
aa6925a4-60a5-4f80-9dcb-163f767a5d3f,application/pdf,http://www.gencourt.state.nh.us/bill_status/billText.aspx?sy=2020&id=2020-0458s&txtFormat=amend,6b66fdf5-0506-4132-808f-84c5bbc3cc27
2e651fd1-aa19-4e32-9d4c-a595a285fb0f,application/pdf,http://www.gencourt.state.nh.us/bill_status/billText.aspx?sy=2020&id=2020-0279s&txtFormat=amend,e6a9f88e-2f0c-4524-b998-807115c766cf
4a58c86b-93bc-45a0-b527-ee920a3b3b22,application/pdf,http://www.gencourt.state.nh.us/bill_status/billText.aspx?sy=2020&id=2020-0909h&txtFormat=amend,d70ef6bc-c90b-48a1-9697-02ecf800945e
4970f5d7-d5af-400c-9526-1563cb9d4e3f,application/pdf,http://www.gencourt.state.nh.us/bill_status/billText.aspx?sy=2020&id=2020-0727s&txtFormat=amend,c7e85531-cdc6-4ce0-904d-9c38ea405484
1edbd186-b61a-46b2-8a7c-2f7e51f7937f,application/pdf,http://www.gencourt.state.nh.us/bill_status/billText.aspx?sy=2020&id=2020-0402h&txtFormat=amend,0fade2cc-25f8-44af-ab15-ed9e2f5707ca
93750232-3d89-42f0-8a0f-790d0b985219,application/pdf,http://www.gencourt.state.nh.us/bill_status/billText.aspx?sy=2020&id=2020-1004h&txtFormat=amend,07883e76-a52e-4144-b0e7-210269d70e7c
a884a6f5-b521-491d-8ee6-30578235997a,application/pdf,http://www.gencourt.state.nh.us/bill_status/billText.aspx?sy=2020&id=2020-0780s&txtFormat=amend,a4454114-e065-4fcf-95b4-bc95248b292a
e1151aa6-6712-4d76-8c09-2b042af1f116,application/pdf,http://www.gencourt.state.nh.us/bill_status/billText.aspx?sy=2020&id=2020-0543h&txtFormat=amend,68b1c4d9-febc-4904-bf71-1300864b1f17
ea4fed54-2627-44c6-9256-3854ac833e1e,application/pdf,http://www.gencourt.state.nh.us/bill_status/billText.aspx?sy=2020&id=2019-2830h&txtFormat=amend,fe705d01-b7a1-40e2-9feb-8b7ab691bb63
14cf9567-3173-4ade-8981-067b720b4b2d,application/pdf,http://www.gencourt.state.nh.us/bill_status/billText.aspx?sy=2020&id=2020-0539s&txtFormat=amend,cedaad7c-8c0b-42a5-82b5-119d7ddee338
21bba2e9-7087-4d19-bcdd-5e70ab0ca6a1,application/pdf,http://www.gencourt.state.nh.us/bill_status/billText.aspx?sy=2020&id=2020-0796h&txtFormat=amend,e96fdb59-12f7-4807-ab53-f3dedc3cf25e
b2c9b7c3-eabc-4101-b0f8-2a364e19f7e5,application/pdf,http://www.gencourt.state.nh.us/bill_status/billText.aspx?sy=2020&id=2020-0630h&txtFormat=amend,6acb633e-dc01-4bc7-a9d4-35ebf35b0a3d
a8b08a3c-62bc-4ed4-be51-ee7236cbbf04,application/pdf,http://www.gencourt.state.nh.us/bill_status/billText.aspx?sy=2020&id=2020-0189s&txtFormat=amend,258b6749-5b23-4254-b954-895615e5992d
88afad34-ba1e-49c4-b047-24f3ee320f8f,application/pdf,http://www.gencourt.state.nh.us/bill_status/billText.aspx?sy=2020&id=2020-1254h&txtFormat=amend,d640555e-6c13-44ac-9781-4afd0e376352
bb742993-8f68-4234-86d4-b223e4f16efe,application/pdf,http://www.gencourt.state.nh.us/bill_status/billText.aspx?sy=2020&id=2020-0656h&txtFormat=amend,cc663212-b1e1-40db-b21c-a2a92e95e166
c62d69ce-1555-4e78-a5d1-9f88bcb13089,application/pdf,http://www.gencourt.state.nh.us/bill_status/billText.aspx?sy=2020&id=2020-0508s&txtFormat=amend,ab4b547e-981e-403d-8b97-d9bbff7cfb97
7fac8d33-978b-4389-829b-0d44d7744a4e,application/pdf,http://www.gencourt.state.nh.us/bill_status/billText.aspx?sy=2020&id=2020-1115e&txtFormat=amend,de64b309-5251-41de-b0f5-bd36d158516a
981ecdea-d42a-455c-9868-284835f9244d,application/pdf,http://www.gencourt.state.nh.us/bill_status/billText.aspx?sy=2020&id=2020-0942h&txtFormat=amend,eaa93679-c9f1-46f9-a177-e94b72f9316f
4bc614bb-ea21-4f8c-b628-f0f99cb343dd,application/pdf,http://www.gencourt.state.nh.us/bill_status/billText.aspx?sy=2020&id=2020-1039s&txtFormat=amend,ffa1f4c2-56f8-45a2-a344-c15ea5bd2c0e
69373bb8-6873-4b2e-a3bd-6d6db3fe9b84,application/pdf,http://www.gencourt.state.nh.us/bill_status/billText.aspx?sy=2020&id=2020-0994h&txtFormat=amend,abeb0137-f94f-4420-8971-2c495adb37be
01a64f80-4e6f-4ce8-9a3b-75d8f0d13e21,application/pdf,http://www.gencourt.state.nh.us/bill_status/billText.aspx?sy=2020&id=2020-0971h&txtFormat=amend,c320ef98-431c-4519-bc9e-045cad67f04d
b23ac750-8667-49a7-8f5c-c86c4a68fff1,application/pdf,http://www.gencourt.state.nh.us/bill_status/billText.aspx?sy=2020&id=2020-1052s&txtFormat=amend,616e2561-e0ad-4c1e-9d98-1bf48d257f4a
edd330ab-dcb9-4cce-afa5-ff88a1965ec8,application/pdf,http://www.gencourt.state.nh.us/bill_status/billText.aspx?sy=2020&id=2020-1023h&txtFormat=amend,ceb3fd6e-d4eb-43c2-9180-d28e1e56b6a2
88580e2f-c66f-4158-b063-d85803e1bd70,application/pdf,http://www.gencourt.state.nh.us/bill_status/billText.aspx?sy=2020&id=2020-0205h&txtFormat=amend,f66000c1-d333-4fcf-bd55-02cd583220c1
9963bd06-1921-41ec-8903-ad010706c82a,application/pdf,http://www.gencourt.state.nh.us/bill_status/billText.aspx?sy=2020&id=2020-0831&txtFormat=amend,75114522-2d95-4ce2-9cff-64c465192a83
c761293e-3e9a-4472-a8f1-f1cbec4156ee,application/pdf,http://www.gencourt.state.nh.us/bill_status/billText.aspx?sy=2020&id=2020-1128s&txtFormat=amend,2d67e59d-56ae-415a-9b4b-3350d7b63db3
58f32506-d0c2-4bd4-9588-110e5c2e7653,application/pdf,http://www.gencourt.state.nh.us/bill_status/billText.aspx?sy=2020&id=2020-0029h&txtFormat=amend,b65bc402-7a7b-4f31-af60-5b1941349db1
595fc3da-66e3-4552-bb4d-2c1c2f3acbf9,application/pdf,http://www.gencourt.state.nh.us/bill_status/billText.aspx?sy=2020&id=2020-1041s&txtFormat=amend,12e76dc9-90a1-4277-8235-0a5a67213c17
c5c5d04e-5d28-445a-b203-2a13acfe3d09,application/pdf,http://www.gencourt.state.nh.us/bill_status/billText.aspx?sy=2020&id=2020-0647h&txtFormat=amend,a46a1b03-362f-4e46-a4dd-6086dce07b80
b0cc07de-58ec-48b9-a0bf-dcba9faef586,application/pdf,http://www.gencourt.state.nh.us/bill_status/billText.aspx?sy=2020&id=2020-0723h&txtFormat=amend,3719e560-143e-4660-8658-edef8a4c3e01
fe77bbb8-9ba5-4905-b0b1-d95f77b7499e,application/pdf,http://www.gencourt.state.nh.us/bill_status/billText.aspx?sy=2020&id=2020-1070s&txtFormat=amend,b5bae676-631a-46ae-a9be-6b551a1d72b7
10e299fe-b825-4251-a217-06fd62f0f6c0,application/pdf,http://www.gencourt.state.nh.us/bill_status/billText.aspx?sy=2020&id=2020-0433h&txtFormat=amend,5ded50dd-f4b1-46e4-a493-9da4590f5728
cb5fd739-54ab-4b0a-9705-56fa59b5b307,application/pdf,http://www.gencourt.state.nh.us/bill_status/billText.aspx?sy=2020&id=2020-0175s&txtFormat=amend,95f95fca-0c6f-4ce8-8166-b86f40fefdc7
8413d5bd-70bf-4f3c-8b53-344d290ae4e0,application/pdf,http://www.gencourt.state.nh.us/bill_status/billText.aspx?sy=2020&id=2020-0897h&txtFormat=amend,c141393f-84b3-4ab9-8b90-cf79d0cddfc8
9d6bc8fe-4763-488f-bfc2-02f052cb3c56,application/pdf,http://www.gencourt.state.nh.us/bill_status/billText.aspx?sy=2020&id=2020-0777s&txtFormat=amend,9ce76155-6395-47f8-ba6a-c7ff3edb4cc5
c0a98b1a-f6fc-44ce-979f-3bdc37daea3d,application/pdf,http://www.gencourt.state.nh.us/bill_status/billText.aspx?sy=2020&id=2020-0131h&txtFormat=amend,dd20178e-8e81-4a4d-8a97-a215967810ae
21628860-0346-4e90-a6fc-01d00060b2ed,application/pdf,http://www.gencourt.state.nh.us/bill_status/billText.aspx?sy=2020&id=2020-0779s&txtFormat=amend,2086d117-df80-458f-a8f6-9181b21209b7
24731517-e72f-4d5d-9629-cea1f247d432,application/pdf,http://www.gencourt.state.nh.us/bill_status/billText.aspx?sy=2020&id=2020-0154h&txtFormat=amend,86c304c2-b719-40a7-b687-83f289a37948
53c207b1-0f7e-4b0d-be56-5114052f9ec8,application/pdf,http://www.gencourt.state.nh.us/bill_status/billText.aspx?sy=2020&id=2020-1057s&txtFormat=amend,4538f994-53e2-4b45-9590-080f341571b0
5563e662-8f84-421d-8186-8c4bfd719cc7,application/pdf,http://www.gencourt.state.nh.us/bill_status/billText.aspx?sy=2020&id=2020-1001h&txtFormat=amend,afde489b-fdbc-4957-8392-ba177b707ce3
738235d2-67b8-44a6-a162-12640ceecfd1,application/pdf,http://www.gencourt.state.nh.us/bill_status/billText.aspx?sy=2020&id=2020-0128h&txtFormat=amend,19fb2c21-0aa5-4ecc-abe5-8b98abc7aa3b
528f00b4-84d0-48dc-ac62-3d3595e538e0,application/pdf,http://www.gencourt.state.nh.us/bill_status/billText.aspx?sy=2020&id=2020-0783h&txtFormat=amend,461cae79-3395-44eb-a15f-99fcfd7632ee
df4a51e5-5846-402c-97fb-b30dc77859f4,application/pdf,http://www.gencourt.state.nh.us/bill_status/billText.aspx?sy=2020&id=2020-1242h&txtFormat=amend,55d11f51-c49a-46ee-ac78-e1eb6ed2401d
64dca0c4-ee03-4883-bd20-9ccfbbcd98cd,application/pdf,http://www.gencourt.state.nh.us/bill_status/billText.aspx?sy=2020&id=2020-1067s&txtFormat=amend,b5e74faf-d443-4735-932d-ddaf36d2602d
e299afe2-c35a-4cd8-9a2c-b1ca3f931e7d,application/pdf,http://www.gencourt.state.nh.us/bill_status/billText.aspx?sy=2020&id=2020-0280h&txtFormat=amend,e6d4df8d-cdd1-4ab8-b0ce-798a0d242b2e
42f5627a-04a5-489b-aa6d-4ee3c8183db6,application/pdf,http://www.gencourt.state.nh.us/bill_status/billText.aspx?sy=2020&id=2019-2789h&txtFormat=amend,cf0e7f42-791f-4364-956c-2ebb3f4614bb
7dfd2aa5-a94a-48d9-98b3-5a59ed2d7923,text/html,http://www.gencourt.state.nh.us/bill_status/billText.aspx?sy=2020&id=339&txtFormat=html,ed68cb8a-535e-4f21-b9c5-92dde17bb0fa
c13bcc29-280c-4892-a94f-88bc5ed9a033,application/pdf,http://www.gencourt.state.nh.us/bill_status/billText.aspx?sy=2020&id=2020-1521s&txtFormat=amend,159947d7-0c87-40c3-b061-515990f193be
7daa3712-2ad3-45c8-8387-b1974f64ace6,application/pdf,http://www.gencourt.state.nh.us/bill_status/billText.aspx?sy=2020&id=2020-0886h&txtFormat=amend,49b1c182-d208-48c4-9545-cf294c4a4794
28d5f6c2-76c1-455e-9f47-c4462e013056,application/pdf,http://www.gencourt.state.nh.us/bill_status/billText.aspx?sy=2020&id=2020-0770s&txtFormat=amend,6f796952-e98d-427e-b110-e255ab0f940f
12208c35-0e1c-4f94-be3d-67684f77f0fe,application/pdf,http://www.gencourt.state.nh.us/bill_status/billText.aspx?sy=2020&id=2020-0619h&txtFormat=amend,9290506f-162c-4b29-8275-a427f444e096
304432ae-ff24-4eba-8d3a-23e15ff4f7b5,application/pdf,http://www.gencourt.state.nh.us/bill_status/billText.aspx?sy=2020&id=2020-0373h&txtFormat=amend,0e37c241-246b-4e94-a78a-e03a89194cde
e82e462a-e9dc-41a3-bef8-a59103da3440,application/pdf,http://www.gencourt.state.nh.us/bill_status/billText.aspx?sy=2020&id=2020-0050h&txtFormat=amend,c22e83c9-ab89-4523-be92-8a65d6f8d3dc
cb4e6f59-b4db-4001-8830-9279784baa21,application/pdf,http://www.gencourt.state.nh.us/bill_status/billText.aspx?sy=2020&id=2020-1446s&txtFormat=amend,3a7fbc5c-5677-4082-b9e3-3f45178c58be
b523a822-1483-41d9-8889-15e12377afca,application/pdf,http://www.gencourt.state.nh.us/bill_status/billText.aspx?sy=2020&id=2020-0987s&txtFormat=amend,615a8865-1049-4dd3-8f0f-163b6a368904
0fe83774-a1dc-404d-a2c4-265c20e5d372,application/pdf,http://www.gencourt.state.nh.us/bill_status/billText.aspx?sy=2020&id=2020-0252h&txtFormat=amend,60914de7-3341-40a3-8220-5295063e9ba6
d6de70ab-bc03-4b9a-abda-8efd665ec28e,application/pdf,http://www.gencourt.state.nh.us/bill_status/billText.aspx?sy=2020&id=2020-0290h&txtFormat=amend,ca42224b-68b7-476c-9cb8-72c2f5d84836
7e8b723a-ffde-463a-92c5-72efd4c7eda4,application/pdf,http://www.gencourt.state.nh.us/bill_status/billText.aspx?sy=2020&id=2020-0146h&txtFormat=amend,c4345509-83aa-4f2e-9f3d-590f05c75ba9
9224513e-ec9e-43f0-8290-69ff3f7c3fcc,application/pdf,http://www.gencourt.state.nh.us/bill_status/billText.aspx?sy=2020&id=2020-0491s&txtFormat=amend,2661f04b-1866-4403-9201-cae510d87b4b
74ce252c-11f1-47d4-bde9-cb61bb198adb,application/pdf,http://www.gencourt.state.nh.us/bill_status/billText.aspx?sy=2020&id=2020-0731s&txtFormat=amend,ae7f2d0f-7f36-4cdc-ad6a-b4ea1be63e1b
a8963618-6ed8-4c67-af3f-3d3b2f4316c4,application/pdf,http://www.gencourt.state.nh.us/bill_status/billText.aspx?sy=2020&id=2020-0471h&txtFormat=amend,ffaa8b36-cdb1-469c-8104-609eee4f9d4f
748ed508-d0a0-48e0-8222-80372aa4bb6e,application/pdf,http://www.gencourt.state.nh.us/bill_status/billText.aspx?sy=2020&id=2020-0443h&txtFormat=amend,87a34b88-6947-4935-8585-2860d0e7f2a4
ea8437b5-3fc2-4c9c-93cd-a49d6d40f04e,application/pdf,http://www.gencourt.state.nh.us/bill_status/billText.aspx?sy=2020&id=2020-0844h&txtFormat=amend,3bfb9ac9-0910-4271-b389-86543a2263da
928dd2ec-61db-4bdd-b279-64e005e22f8a,application/pdf,http://www.gencourt.state.nh.us/bill_status/billText.aspx?sy=2020&id=2020-0743s&txtFormat=amend,75be0e28-fef4-43e1-b4f8-0933be20680c
f6de4e94-21de-4ea3-b887-2fa3b1d38746,application/pdf,http://www.gencourt.state.nh.us/bill_status/billText.aspx?sy=2020&id=2020-0496s&txtFormat=amend,dc837439-825c-4497-8f80-bfcb160d2438
97bae7f0-00fb-4b5a-a3f6-8e02b0996438,application/pdf,http://www.gencourt.state.nh.us/bill_status/billText.aspx?sy=2020&id=2020-0974h&txtFormat=amend,51eb017e-059d-41cb-8255-b97e81fe4e49
4592f945-2422-4bb6-9360-909c48255a47,application/pdf,http://www.gencourt.state.nh.us/bill_status/billText.aspx?sy=2020&id=2020-0801h&txtFormat=amend,13ba64e9-8c5b-4c89-aca5-9148afeb409e
2cb52302-1d93-4924-9ed9-3c889c29043f,application/pdf,http://www.gencourt.state.nh.us/bill_status/billText.aspx?sy=2020&id=2020-0861h&txtFormat=amend,dd1a9a6d-7477-4ed7-bdfd-b96d69fc1f59
3d0fd750-e375-47c9-a3f6-2a8f036336f7,application/pdf,http://www.gencourt.state.nh.us/bill_status/billText.aspx?sy=2020&id=2020-0282h&txtFormat=amend,f16b1396-187d-4949-a55b-45b7e457acd9
38e31dea-6006-4036-9cb2-76d0542866a2,application/pdf,http://www.gencourt.state.nh.us/bill_status/billText.aspx?sy=2020&id=2020-0481s&txtFormat=amend,c792a4d2-f2db-4881-b0bb-f6a8f4dd1151
1d376178-3ee4-42ca-ad11-6c43100c6418,application/pdf,http://www.gencourt.state.nh.us/bill_status/billText.aspx?sy=2020&id=2020-0520s&txtFormat=amend,27a244b8-c8f0-4d7e-a11b-d3ed1a0c73a4
595101a2-1aff-4538-a191-fd8341e6e183,application/pdf,http://www.gencourt.state.nh.us/bill_status/billText.aspx?sy=2020&id=2020-1633e&txtFormat=amend,2fb9b79a-b1ed-46ce-be0d-5f913094def2
c3ca3de7-2308-44b6-880b-8851e5b05a44,application/pdf,http://www.gencourt.state.nh.us/bill_status/billText.aspx?sy=2020&id=2020-0182h&txtFormat=amend,bfe5937b-6ecc-4f79-827f-4171cd28562f
fd221bdf-816d-4a60-8969-cd5cf551fc2a,application/pdf,http://www.gencourt.state.nh.us/bill_status/billText.aspx?sy=2020&id=2020-1025h&txtFormat=amend,19354da1-9cb7-44c8-88b2-2f97258508dc
e1997af6-82ab-46d8-9ad3-cf9728a575a1,application/pdf,http://www.gencourt.state.nh.us/bill_status/billText.aspx?sy=2020&id=2019-2825h&txtFormat=amend,6ee97509-d2cd-4d24-9877-108803950fa1
1964716a-1da7-4efd-9c43-3d8a30ed493a,application/pdf,http://www.gencourt.state.nh.us/bill_status/billText.aspx?sy=2020&id=2020-0324s&txtFormat=amend,baed609c-c3b4-4845-b3ee-01e378ae24a5
420381b3-fe88-41e3-bb70-8724307f4e66,application/pdf,http://www.gencourt.state.nh.us/bill_status/billText.aspx?sy=2020&id=2020-0166s&txtFormat=amend,15184b65-8cb8-45b5-b53e-ff01064a2f90
7e96eaf4-34aa-479d-aced-e4e422f80d82,text/html,http://www.gencourt.state.nh.us/bill_status/billText.aspx?sy=2020&id=580&txtFormat=html,1ad1b738-bbb7-4443-b3cd-fb06ba7374ad
8349389f-466e-4577-83f6-ce400758586c,application/pdf,http://www.gencourt.state.nh.us/bill_status/billText.aspx?sy=2020&id=2019-2810h&txtFormat=amend,a290b82c-e428-4a1b-9407-405d73563d49
e4fb4fba-4aaf-4991-831b-a1605c1fd278,text/html,http://www.gencourt.state.nh.us/bill_status/billText.aspx?sy=2020&id=234&txtFormat=html,26a52a6b-a0e9-4c71-beac-708fa5157a66
bf01c5af-db10-44c4-b025-655367b2a23c,application/pdf,http://www.gencourt.state.nh.us/bill_status/billText.aspx?sy=2020&id=2020-0703s&txtFormat=amend,d7fd0486-16bb-4235-b43d-c6bc25d65d1a
86dd7f64-62f8-4a30-83e1-85de7244ee14,application/pdf,http://www.gencourt.state.nh.us/bill_status/billText.aspx?sy=2020&id=2020-0661h&txtFormat=amend,e13c8867-5ee1-4df6-ae52-f67c726b3ac6
5d1b9579-fc51-4db3-8586-0c93d6a31e63,application/pdf,http://www.gencourt.state.nh.us/bill_status/billText.aspx?sy=2020&id=2020-0824h&txtFormat=amend,ca928ee5-7e50-4e5f-a55c-384341c4b575
6081a2f9-d441-4495-842b-29e3942cd8a9,application/pdf,http://www.gencourt.state.nh.us/bill_status/billText.aspx?sy=2020&id=2020-1063s&txtFormat=amend,392818ff-280e-470d-9a8e-32e9ab97b997
3897d371-74de-44e0-ba1d-e87c79e72d4b,application/pdf,http://www.gencourt.state.nh.us/bill_status/billText.aspx?sy=2020&id=2020-0983h&txtFormat=amend,2fee210d-5b2f-4dc2-8c92-89b044f0468f
29c37b32-5a0d-49e2-80f4-79fbfcd3ebff,application/pdf,http://www.gencourt.state.nh.us/bill_status/billText.aspx?sy=2020&id=2020-0256h&txtFormat=amend,d3cff294-bd76-4381-9b40-75dc2ffec915
5a5ed80d-5241-4e00-a4bd-be75b6ba8047,application/pdf,http://www.gencourt.state.nh.us/bill_status/billText.aspx?sy=2020&id=2020-1045s&txtFormat=amend,8187ad46-8b5d-4192-b30c-aa681d1ea3c8
7865c072-c94d-47c1-8c41-9e316f02f98c,application/pdf,http://www.gencourt.state.nh.us/bill_status/billText.aspx?sy=2020&id=2020-0314s&txtFormat=amend,0b7345ae-7807-496a-a04b-11b8041a10c8
3f3a10bb-d5f5-4b4d-b450-b484bec8dbed,application/pdf,http://www.gencourt.state.nh.us/bill_status/billText.aspx?sy=2020&id=2020-0163s&txtFormat=amend,6e60bcaa-a364-478e-9035-f507abe9cfbc
c2df2bbd-f17a-42e1-8320-c0b5c665d883,application/pdf,http://www.gencourt.state.nh.us/bill_status/billText.aspx?sy=2020&id=2020-0811h&txtFormat=amend,3d7ef72a-fac9-45d5-894a-6a1d4439b169
a7ae5ddf-c035-470f-8d62-3f92563057f7,application/pdf,http://www.gencourt.state.nh.us/bill_status/billText.aspx?sy=2020&id=2020-0757s&txtFormat=amend,473906c8-6b3f-484c-b79b-efe8009ab5e0
dd2727e5-2744-455a-9258-6fe4da8132ba,application/pdf,http://www.gencourt.state.nh.us/bill_status/billText.aspx?sy=2020&id=2020-1432s&txtFormat=amend,eb38c29e-4168-4fc6-9492-8441cb9a3ee0
461b9ba4-a551-49e1-b729-f1487aeba154,application/pdf,http://www.gencourt.state.nh.us/bill_status/billText.aspx?sy=2020&id=2020-0667h&txtFormat=amend,5dc92cdd-49e6-401f-af51-518e7e2cfe87
f6cac176-ec7c-42ef-8b23-68e03644c1cf,application/pdf,http://www.gencourt.state.nh.us/bill_status/billText.aspx?sy=2020&id=2020-0980h&txtFormat=amend,6fe32f5d-9349-45b3-a3b4-e597c217e330
39acaaed-eaad-4a9a-afdc-a031d9523f9b,application/pdf,http://www.gencourt.state.nh.us/bill_status/billText.aspx?sy=2020&id=2020-0697h&txtFormat=amend,70cd27d7-398f-46cf-80be-7c42ed82fc25
2d68507a-cc8b-479d-a9c6-e4bf621cf925,application/pdf,http://www.gencourt.state.nh.us/bill_status/billText.aspx?sy=2020&id=2020-0669h&txtFormat=amend,2bb61a10-7016-4fa0-a909-c175cef2b6b8
a4629721-aa4c-49e1-b71b-e434c00e920e,text/html,http://www.gencourt.state.nh.us/bill_status/billText.aspx?sy=2020&id=21&txtFormat=html,53893fd7-9608-4c2b-aea0-73a7fac723d2
c2d64ccb-26c6-469f-8e3c-f054d91040d2,text/html,http://www.gencourt.state.nh.us/bill_status/billText.aspx?sy=2020&id=760&txtFormat=html,07bfec0e-0f07-41ab-9bbc-db31bbd7b741
ee5bc953-61d6-422b-aed8-e3655deee811,application/pdf,http://www.gencourt.state.nh.us/bill_status/billText.aspx?sy=2020&id=2019-2831h&txtFormat=amend,a2f24efb-b2a7-47b6-95d6-02707250773b
cd9f5b5e-a01e-48bc-9746-492b80e5eeb6,text/html,http://www.gencourt.state.nh.us/bill_status/billText.aspx?sy=2020&id=739&txtFormat=html,c8b7b439-d8e8-4ee6-b065-27e39b317a70
2bead2a1-fa6b-43f7-9513-1db6b6e4bf30,application/pdf,http://www.gencourt.state.nh.us/bill_status/billText.aspx?sy=2020&id=2020-1182s&txtFormat=amend,6b1df532-f6d7-40da-8892-cda48e3ee41d
69026420-25b9-4878-93a9-bb2635122d66,text/html,http://www.gencourt.state.nh.us/bill_status/billText.aspx?sy=2020&id=1429&txtFormat=html,b6216e92-b1da-4d5a-9c4b-d6949747d15f
11892fb6-bede-4669-be3a-2a1494192cbc,text/html,http://www.gencourt.state.nh.us/bill_status/billText.aspx?sy=2020&id=226&txtFormat=html,d4197385-ef21-4721-932b-6060a024a06d
a345a677-7d28-4c72-a2d1-6ad32335b9cb,text/html,http://www.gencourt.state.nh.us/bill_status/billText.aspx?sy=2020&id=751&txtFormat=html,61a80163-d539-4560-8c27-5a7aef06af0e
8aa7a5d7-a7a3-44bd-b5b6-4c6c828f655f,text/html,http://www.gencourt.state.nh.us/bill_status/billText.aspx?sy=2020&id=524&txtFormat=html,314a17eb-b07e-45c5-85b2-40fb3fa16802
0562377c-58ef-4291-83dc-7de9f7ed39cc,text/html,http://www.gencourt.state.nh.us/bill_status/billText.aspx?sy=2020&id=812&txtFormat=html,cb62e4d8-e38c-4c8b-90d0-327cd45bd3f1
3bb094c9-8cc2-4661-89cd-489d1b94f775,text/html,http://www.gencourt.state.nh.us/bill_status/billText.aspx?sy=2020&id=651&txtFormat=html,639a7121-1519-4bd2-8544-c23b57e6329e
13b8ae05-1794-4ce3-a04b-506b3e38c59b,text/html,http://www.gencourt.state.nh.us/bill_status/billText.aspx?sy=2020&id=87&txtFormat=html,989275cc-817b-4f14-977b-683bfb158a3f
fe3d34cb-d3e0-43fa-a6d0-ead2bdd05110,text/html,http://www.gencourt.state.nh.us/bill_status/billText.aspx?sy=2020&id=542&txtFormat=html,9d2b7254-dfca-4847-b4a2-c2dbf980792a
0b18796b-7b75-47df-b653-0143acac5ea1,application/pdf,http://www.gencourt.state.nh.us/bill_status/billText.aspx?sy=2020&id=2020-0966h&txtFormat=amend,5a4a6344-0f61-421f-aa9f-9398636223d3
723305fc-a0f9-4273-a852-9b68c7bca7d7,application/pdf,http://www.gencourt.state.nh.us/bill_status/billText.aspx?sy=2020&id=2020-0838h&txtFormat=amend,74f56ce7-c89f-4453-af10-23883db5bbad
9ef20f6e-bc73-4033-a7e2-2649f012f918,application/pdf,http://www.gencourt.state.nh.us/bill_status/billText.aspx?sy=2020&id=2020-1212s&txtFormat=amend,73928d03-66e9-461e-ba4d-3ab455ff727c
6b026821-014e-4397-b0e5-c32667d3af13,text/html,http://www.gencourt.state.nh.us/bill_status/billText.aspx?sy=2020&id=588&txtFormat=html,fedc08fb-7828-450d-87c9-097446d7d70f
29e9298e-3470-458c-b0c3-d5ca2b8ea40c,text/html,http://www.gencourt.state.nh.us/bill_status/billText.aspx?sy=2020&id=186&txtFormat=html,4e6318f7-f4e1-4b66-beef-e28bcac52f49
a62fb784-c272-49fe-aa2b-af58d4326c0b,application/pdf,http://www.gencourt.state.nh.us/bill_status/billText.aspx?sy=2020&id=2020-0664h&txtFormat=amend,0f574806-93ae-4ba8-8d51-856918a3712b
e932a7a8-1dab-4b02-bc30-a37bf29636f8,application/pdf,http://www.gencourt.state.nh.us/bill_status/billText.aspx?sy=2020&id=2019-2828h&txtFormat=amend,45317ba9-4a93-4091-9edd-be4cfee5cac4
9b07ca32-bd22-408b-93b1-8c468c0b2076,text/html,http://www.gencourt.state.nh.us/bill_status/billText.aspx?sy=2020&id=792&txtFormat=html,ef0c0569-b878-4857-b498-025c84e5a714
28b793d7-af0a-47d3-8f9f-3fe5d6a12784,text/html,http://www.gencourt.state.nh.us/bill_status/billText.aspx?sy=2020&id=785&txtFormat=html,ec3729c7-e11c-469d-96c4-af2f007e77d7
2ac32250-917c-4dd4-a470-adc93b3db054,text/html,http://www.gencourt.state.nh.us/bill_status/billText.aspx?sy=2020&id=493&txtFormat=html,3edc8218-2019-4748-b5e8-3cb1d0a2f02f
0b9d324d-efdd-4ded-aafb-0ea463c38567,text/html,http://www.gencourt.state.nh.us/bill_status/billText.aspx?sy=2020&id=390&txtFormat=html,96909866-3295-472a-89d4-14e21459e08a
c44eed84-7b1a-4a70-8c86-c89e75f6fbd7,text/html,http://www.gencourt.state.nh.us/bill_status/billText.aspx?sy=2020&id=679&txtFormat=html,98253a9b-f237-47a0-8272-501f68e8b422
195f5627-68ab-4cbd-92e4-d46d28043ee4,application/pdf,http://www.gencourt.state.nh.us/bill_status/billText.aspx?sy=2020&id=2019-1042s&txtFormat=amend,8ea5fc9d-8daa-4154-ab6c-d4561d911f08
903db52a-738c-4878-a824-9e7e17556890,application/pdf,http://www.gencourt.state.nh.us/bill_status/billText.aspx?sy=2020&id=2019-0798s&txtFormat=amend,7f39e32d-3f85-4bc7-a23b-c0bc264c79cc
55315c00-32a4-461f-a91a-4efcfe539bae,text/html,http://www.gencourt.state.nh.us/bill_status/billText.aspx?sy=2020&id=538&txtFormat=html,06d8de0e-7dad-4da6-9d7e-978f7c165b64
44dfb981-24ba-4593-b76f-1e3282fd5125,text/html,http://www.gencourt.state.nh.us/bill_status/billText.aspx?sy=2020&id=800&txtFormat=html,5c011280-c4b1-406f-bea4-be43cc4c0a7e
16dd0eda-691d-4bf5-9986-2f27496329cb,text/html,http://www.gencourt.state.nh.us/bill_status/billText.aspx?sy=2020&id=596&txtFormat=html,db4067f1-76fa-4301-a750-ec5e99da6968
395cd7bf-302b-4d77-a1d8-ae81fe9fd923,text/html,http://www.gencourt.state.nh.us/bill_status/billText.aspx?sy=2020&id=655&txtFormat=html,6e1bae9e-ff5c-4720-91b3-193b358f4b87
4b91593d-67d9-433d-9270-81ffb6a167df,text/html,http://www.gencourt.state.nh.us/bill_status/billText.aspx?sy=2020&id=375&txtFormat=html,aa94924d-5804-4bbf-a9a0-b43b2b87e675
08511d15-6f19-4bf6-ab63-6d2d5ff9b8d0,text/html,http://www.gencourt.state.nh.us/bill_status/billText.aspx?sy=2020&id=677&txtFormat=html,39c5df26-8fbc-4b7a-a81b-5ff2d8bf6a08
04ddf251-69cc-4e75-b8ea-ee68592ed162,application/pdf,http://www.gencourt.state.nh.us/bill_status/billText.aspx?sy=2020&id=2020-1055s&txtFormat=amend,7fdbe774-1705-4e92-9011-833cfe95886a
183638cc-19c5-42f4-8e51-0194a73e1a9e,application/pdf,http://www.gencourt.state.nh.us/bill_status/billText.aspx?sy=2020&id=2020-0161h&txtFormat=amend,33f133c8-2d62-4685-ab28-20b6c7d44c57
27c366ae-7831-427c-87b5-81e11cb61d91,text/html,http://www.gencourt.state.nh.us/bill_status/billText.aspx?sy=2020&id=25&txtFormat=html,204626ac-5553-4efc-a789-d85b75562a18
18d7e550-b94d-4a99-948d-fe8773a52645,text/html,http://www.gencourt.state.nh.us/bill_status/billText.aspx?sy=2020&id=553&txtFormat=html,9d02dc9d-8e70-41f4-984f-33df235e26e8
16eb3dfc-cae9-4875-a60d-94b187e8afd1,text/html,http://www.gencourt.state.nh.us/bill_status/billText.aspx?sy=2020&id=683&txtFormat=html,dc99207b-499f-4b3a-8d92-217b8dbe8d45
ff581cda-c9a2-4238-8d57-94101cc662b0,text/html,http://www.gencourt.state.nh.us/bill_status/billText.aspx?sy=2020&id=27&txtFormat=html,5cac00d6-dc70-48b6-bf22-1bf597287f17
fa3b08a1-1947-4b26-9fe8-035f1a0851df,text/html,http://www.gencourt.state.nh.us/bill_status/billText.aspx?sy=2020&id=438&txtFormat=html,17084487-db31-4e8c-960e-96249e8232ff
301e5db1-e5ad-4431-b301-7817becd2e98,text/html,http://www.gencourt.state.nh.us/bill_status/billText.aspx?sy=2020&id=685&txtFormat=html,9d1f9d17-7f34-467e-9a18-3559c176120d
a5994e0b-3060-40ba-a6da-76eac50d2e98,application/pdf,http://www.gencourt.state.nh.us/bill_status/billText.aspx?sy=2020&id=2020-0122h&txtFormat=amend,cf73c82e-58e8-43cd-95ed-142b3467d17e
76109408-ebda-4fba-89f9-0acda72032e7,application/pdf,http://www.gencourt.state.nh.us/bill_status/billText.aspx?sy=2020&id=2020-0499h&txtFormat=amend,3d8475c1-be04-4898-b327-f201f6aacb05
415d9c56-7d08-4c39-946d-793783ab260f,application/pdf,http://www.gencourt.state.nh.us/bill_status/billText.aspx?sy=2020&id=2020-0567h&txtFormat=amend,b86b2c4c-cf49-4fce-b85d-cc277acc49bb
7b86ec77-6e31-41ce-a5a1-1e877f7bada8,application/pdf,http://www.gencourt.state.nh.us/bill_status/billText.aspx?sy=2020&id=2020-1202s&txtFormat=amend,c7520575-c56e-4772-acb7-627b3bc7d473
75504bc2-5aea-472f-80f9-a4a46f9e7689,application/pdf,http://www.gencourt.state.nh.us/bill_status/billText.aspx?sy=2020&id=2020-0593h&txtFormat=amend,1b2a1357-0ae3-44ef-9be3-7162e4ddd1d1
