id,note,url,bill_id
6d8a83e9-289d-4649-ba44-1f0a71c839ab,,http://www.gencourt.state.nh.us/bill_Status/bill_status.aspx?lsr=2155&sy=2020&sortoption=&txtsessionyear=2020,ocd-bill/ad017e48-71b8-4eb8-aa05-c6eaec343369
1ed5e309-6387-441e-9b96-f04e5bab5cc9,,http://www.gencourt.state.nh.us/bill_Status/bill_status.aspx?lsr=3138&sy=2020&sortoption=&txtsessionyear=2020,ocd-bill/5482e215-fe7c-4141-a53e-a4844327c4ca
b4db244d-bd91-4d1f-912e-423e99e54ebe,,http://www.gencourt.state.nh.us/bill_Status/bill_status.aspx?lsr=0518&sy=2020&sortoption=&txtsessionyear=2020,ocd-bill/b0b881e3-b1a8-42d9-a31f-82437449b67b
3c1a574a-8277-4de4-a6ee-c0880f4291ab,,http://www.gencourt.state.nh.us/bill_Status/bill_status.aspx?lsr=2640&sy=2020&sortoption=&txtsessionyear=2020,ocd-bill/64cf26db-9ab6-476a-b685-45da96be3a24
5fafa9c1-5ab9-4a2c-9fb4-f0166bb6b199,,http://www.gencourt.state.nh.us/bill_Status/bill_status.aspx?lsr=2165&sy=2020&sortoption=&txtsessionyear=2020,ocd-bill/29514fc1-0388-4387-aa5c-c0d16aa85ad5
cfabf25a-0f18-460d-b656-143b0a3a6e98,,http://www.gencourt.state.nh.us/bill_Status/bill_status.aspx?lsr=2623&sy=2020&sortoption=&txtsessionyear=2020,ocd-bill/28405965-f284-4f85-bdf0-7fd44ed4abab
483fe1a9-dd2d-4f1f-9bdf-d25386b1f7b7,,http://www.gencourt.state.nh.us/bill_Status/bill_status.aspx?lsr=2994&sy=2020&sortoption=&txtsessionyear=2020,ocd-bill/11671e32-7a9c-4e46-ab7f-64f74c7233b2
042969fd-ad39-445b-8b43-f67122cbd19d,,http://www.gencourt.state.nh.us/bill_Status/bill_status.aspx?lsr=2896&sy=2020&sortoption=&txtsessionyear=2020,ocd-bill/7260e5ad-65e8-47cf-ac08-1072741037ae
b7b9f062-cdf1-418f-84c9-6aa0f88b68c9,,http://www.gencourt.state.nh.us/bill_Status/bill_status.aspx?lsr=3064&sy=2020&sortoption=&txtsessionyear=2020,ocd-bill/63486cb6-e16a-4b0d-9a48-c2830f5b594a
8aab3dfd-0db7-4759-8993-862da4a60dd6,,http://www.gencourt.state.nh.us/bill_Status/bill_status.aspx?lsr=0874&sy=2020&sortoption=&txtsessionyear=2020,ocd-bill/6ead1719-9fdb-44a7-b0ca-4fe6de4217c0
e95afc10-987d-47fb-835a-b17ec95e1cac,,http://www.gencourt.state.nh.us/bill_Status/bill_status.aspx?lsr=0319&sy=2020&sortoption=&txtsessionyear=2020,ocd-bill/1c1ebfc1-9ecf-4c65-92b5-c278ee396db7
9ddf722e-71fb-44e8-9391-d7fcbe388cd7,,http://www.gencourt.state.nh.us/bill_Status/bill_status.aspx?lsr=0482&sy=2020&sortoption=&txtsessionyear=2020,ocd-bill/75de5fe6-90e7-47ac-8582-9e7b3a1c3dd1
3f4b945f-ff35-4496-b0d3-981ae5aa4ed8,,http://www.gencourt.state.nh.us/bill_Status/bill_status.aspx?lsr=2986&sy=2020&sortoption=&txtsessionyear=2020,ocd-bill/e9b2280a-a34d-49e8-bc72-b0168d508a7f
3dfd2ddd-58c4-43b0-9e3b-be35929e884d,,http://www.gencourt.state.nh.us/bill_Status/bill_status.aspx?lsr=0816&sy=2020&sortoption=&txtsessionyear=2020,ocd-bill/a42f4dae-ec94-4a40-a683-754d500ddbd1
7cc88295-813f-4f0b-9cdb-861fb7c85daa,,http://www.gencourt.state.nh.us/bill_Status/bill_status.aspx?lsr=3004&sy=2020&sortoption=&txtsessionyear=2020,ocd-bill/97559c80-2589-4e37-b97a-c47b1ef1d27c
0dad471a-dbc0-4a8b-9a7d-acd405d68b4e,,http://www.gencourt.state.nh.us/bill_Status/bill_status.aspx?lsr=0397&sy=2020&sortoption=&txtsessionyear=2020,ocd-bill/a7901cf5-5c4f-41d6-b0a0-309d977961aa
c0460a8f-df39-4ddb-ab17-18403dc4ce12,,http://www.gencourt.state.nh.us/bill_Status/bill_status.aspx?lsr=0417&sy=2020&sortoption=&txtsessionyear=2020,ocd-bill/75f2e069-b2a3-426b-aa4b-7aecbdd4323a
dbda90c5-1727-4577-aa5f-b9c67f01cb1d,,http://www.gencourt.state.nh.us/bill_Status/bill_status.aspx?lsr=0361&sy=2020&sortoption=&txtsessionyear=2020,ocd-bill/60b06c70-c007-42e7-a9fd-6a129db8d77a
d57ca3d8-90bf-4a44-9653-fbc1fc3ea9d1,,http://www.gencourt.state.nh.us/bill_Status/bill_status.aspx?lsr=0697&sy=2020&sortoption=&txtsessionyear=2020,ocd-bill/ea3e84bd-d929-4700-8729-39449f15bffa
e13300e7-1346-402d-9d92-74b0563eeaf1,,http://www.gencourt.state.nh.us/bill_Status/bill_status.aspx?lsr=0341&sy=2020&sortoption=&txtsessionyear=2020,ocd-bill/3f2f839f-5f9f-4dd7-b4d4-a9bed040e6e1
dc4423da-da90-42b1-aff4-f2f54d00cd89,,http://www.gencourt.state.nh.us/bill_Status/bill_status.aspx?lsr=2781&sy=2020&sortoption=&txtsessionyear=2020,ocd-bill/ea284087-cd3c-44e9-8e11-b44fe06cd8ec
cce22581-92d1-4b77-8970-ed7e8cc04340,,http://www.gencourt.state.nh.us/bill_Status/bill_status.aspx?lsr=2233&sy=2020&sortoption=&txtsessionyear=2020,ocd-bill/907f2253-a187-4ff5-baa9-a4691408cef0
0f282155-85f9-464e-b158-b95ce734d381,,http://www.gencourt.state.nh.us/bill_Status/bill_status.aspx?lsr=0666&sy=2020&sortoption=&txtsessionyear=2020,ocd-bill/044d69de-519b-4528-8c0d-bb57d7c05c58
538529c2-def4-40dd-8807-f323394addda,,http://www.gencourt.state.nh.us/bill_Status/bill_status.aspx?lsr=2343&sy=2020&sortoption=&txtsessionyear=2020,ocd-bill/8a854b07-b645-4dbe-97a8-eba482376300
f646972c-9ea8-46e1-a7ad-098ed4996ea1,,http://www.gencourt.state.nh.us/bill_Status/bill_status.aspx?lsr=2446&sy=2020&sortoption=&txtsessionyear=2020,ocd-bill/ef26c7c0-21ac-43ab-b3ca-8edbd148fd55
7fda35fd-91e1-4bee-99ba-7f08e9ac66b4,,http://www.gencourt.state.nh.us/bill_Status/bill_status.aspx?lsr=2837&sy=2020&sortoption=&txtsessionyear=2020,ocd-bill/815af0f4-d7de-4d61-9bb2-07f6cb2f4a9d
202c43b3-d87b-4e37-9603-95ccfb7a7811,,http://www.gencourt.state.nh.us/bill_Status/bill_status.aspx?lsr=2951&sy=2020&sortoption=&txtsessionyear=2020,ocd-bill/d49c5efe-2b83-4903-a400-65c7849d4908
0b26e726-7879-4b16-8e0f-8e43c83caf71,,http://www.gencourt.state.nh.us/bill_Status/bill_status.aspx?lsr=2668&sy=2020&sortoption=&txtsessionyear=2020,ocd-bill/cdce4a7e-fcdd-45d2-ae12-adad53f3de7f
9805b9aa-4195-4715-9521-9b987d60bf59,,http://www.gencourt.state.nh.us/bill_Status/bill_status.aspx?lsr=2113&sy=2020&sortoption=&txtsessionyear=2020,ocd-bill/5a6f68ee-a7e6-4612-9a4f-7e6bc53c7795
763a25b7-e743-49f1-9c9c-688d4b0aad2b,,http://www.gencourt.state.nh.us/bill_Status/bill_status.aspx?lsr=0633&sy=2020&sortoption=&txtsessionyear=2020,ocd-bill/96b7f599-7280-4014-802f-12999d4c0b39
04c11090-1b8a-475e-a22c-92172c0576a6,,http://www.gencourt.state.nh.us/bill_Status/bill_status.aspx?lsr=0863&sy=2020&sortoption=&txtsessionyear=2020,ocd-bill/44767e30-c7ed-4ba1-90d3-b62f0bf0796f
10abfb5d-8e29-47f2-8984-7adf38490097,,http://www.gencourt.state.nh.us/bill_Status/bill_status.aspx?lsr=0947&sy=2020&sortoption=&txtsessionyear=2020,ocd-bill/b82b0100-0b50-4137-816a-f072ae7228ed
90aebe5b-fc02-4875-88f0-f81317777ddc,,http://www.gencourt.state.nh.us/bill_Status/bill_status.aspx?lsr=0254&sy=2020&sortoption=&txtsessionyear=2020,ocd-bill/5c7e893c-686a-4ef6-8180-a645aeff8648
b53abda1-7a29-4232-ae7f-e0310323935c,,http://www.gencourt.state.nh.us/bill_Status/bill_status.aspx?lsr=0316&sy=2020&sortoption=&txtsessionyear=2020,ocd-bill/e1bf47df-f1f8-4a05-9273-cdb3d5e44345
90a58886-2198-4fc4-8019-396fe62821c6,,http://www.gencourt.state.nh.us/bill_Status/bill_status.aspx?lsr=0396&sy=2020&sortoption=&txtsessionyear=2020,ocd-bill/1ba3d8a8-8822-4c02-a483-ed912d4645ae
c050c8d5-ace8-4b31-bf0d-8c00c5b68c2c,,http://www.gencourt.state.nh.us/bill_Status/bill_status.aspx?lsr=0641&sy=2020&sortoption=&txtsessionyear=2020,ocd-bill/8adf7310-93bf-43f6-a3b4-aab0dc91fc3e
bf485644-2e31-4646-bf7f-bdb051cb17e2,,http://www.gencourt.state.nh.us/bill_Status/bill_status.aspx?lsr=1103&sy=2020&sortoption=&txtsessionyear=2020,ocd-bill/7a7421c6-22ea-4e57-8bcd-80d4114d3f57
fa89397f-0760-48fa-b27d-a0624785d74a,,http://www.gencourt.state.nh.us/bill_Status/bill_status.aspx?lsr=0139&sy=2020&sortoption=&txtsessionyear=2020,ocd-bill/e158bd44-2da1-4fb0-9a1b-0da1fbcf5736
b38d5315-e2d0-4d76-a5a1-9da00800f7f3,,http://www.gencourt.state.nh.us/bill_Status/bill_status.aspx?lsr=2238&sy=2020&sortoption=&txtsessionyear=2020,ocd-bill/e1fe6f30-24e6-4595-9de4-f4d33ef4fdc6
870edd74-64e5-464a-80eb-8c397021ce74,,http://www.gencourt.state.nh.us/bill_Status/bill_status.aspx?lsr=0593&sy=2020&sortoption=&txtsessionyear=2020,ocd-bill/fa8c3b71-a5ca-4976-accf-d22a95bf7592
a7b0cd7b-c572-49b2-8173-80ca837bb3db,,http://www.gencourt.state.nh.us/bill_Status/bill_status.aspx?lsr=2651&sy=2020&sortoption=&txtsessionyear=2020,ocd-bill/e97b038a-ff5f-44c2-a438-5d9d5c534ab1
8cbc9650-460b-44b2-b970-930f905d95c8,,http://www.gencourt.state.nh.us/bill_Status/bill_status.aspx?lsr=0807&sy=2020&sortoption=&txtsessionyear=2020,ocd-bill/54610a60-6033-4a7b-b989-04507abbdaf2
01592216-1036-45f4-a8e2-aa481b140530,,http://www.gencourt.state.nh.us/bill_Status/bill_status.aspx?lsr=0689&sy=2020&sortoption=&txtsessionyear=2020,ocd-bill/e3062266-ccfe-4644-9ed6-cb3ebf2aa528
50070592-d69d-44d8-a87d-336aa2c9c055,,http://www.gencourt.state.nh.us/bill_Status/bill_status.aspx?lsr=0201&sy=2020&sortoption=&txtsessionyear=2020,ocd-bill/2420b214-7e64-4b57-8820-dab3da557603
384b77b1-4491-4197-ad3f-71637b851cda,,http://www.gencourt.state.nh.us/bill_Status/bill_status.aspx?lsr=1116&sy=2020&sortoption=&txtsessionyear=2020,ocd-bill/485a1a5f-fb5a-4f65-bef0-d1ec9448e2b9
f0ac552b-de45-4759-babb-168bd7522c64,,http://www.gencourt.state.nh.us/bill_Status/bill_status.aspx?lsr=0209&sy=2020&sortoption=&txtsessionyear=2020,ocd-bill/96983b0c-31f2-47c6-a2ac-dcead9cbf42c
987c11d1-b0e6-4d84-82c7-a5edd502b9e0,,http://www.gencourt.state.nh.us/bill_Status/bill_status.aspx?lsr=0164&sy=2020&sortoption=&txtsessionyear=2020,ocd-bill/1705975a-f1c1-48e2-8579-4b2e0960a70a
6e7c9458-8c2d-4262-b862-50f8422d7f91,,http://www.gencourt.state.nh.us/bill_Status/bill_status.aspx?lsr=0331&sy=2020&sortoption=&txtsessionyear=2020,ocd-bill/57f471fe-2d1b-440b-9934-6ddfe7278570
cc5ce015-b98a-4f96-b868-b17b2eb8bd7c,,http://www.gencourt.state.nh.us/bill_Status/bill_status.aspx?lsr=2848&sy=2020&sortoption=&txtsessionyear=2020,ocd-bill/9fa1d942-bb15-41fe-a2f4-27a1edb38899
6b0078a4-1cca-4155-8ce8-dfe7cf90f96c,,http://www.gencourt.state.nh.us/bill_Status/bill_status.aspx?lsr=2854&sy=2020&sortoption=&txtsessionyear=2020,ocd-bill/53c8e979-4d4b-44bf-9c19-956105d09cac
9d7ce024-8570-4f12-8292-da81a21abe38,,http://www.gencourt.state.nh.us/bill_Status/bill_status.aspx?lsr=2102&sy=2020&sortoption=&txtsessionyear=2020,ocd-bill/a00dd780-d9a9-4a89-944c-42c4a4506ee9
91e84d85-7e97-4875-8c08-0209a5aa6a2b,,http://www.gencourt.state.nh.us/bill_Status/bill_status.aspx?lsr=3111&sy=2020&sortoption=&txtsessionyear=2020,ocd-bill/42e553c4-c7b8-41ea-b0c3-018eb9c48b95
7a170106-c666-4263-a3af-ef15fd85935e,,http://www.gencourt.state.nh.us/bill_Status/bill_status.aspx?lsr=2712&sy=2020&sortoption=&txtsessionyear=2020,ocd-bill/21f5a37e-2ab4-47f6-ae14-f2835c43f91b
fc61b7dc-0450-4080-a3d4-d16d45eeb40a,,http://www.gencourt.state.nh.us/bill_Status/bill_status.aspx?lsr=2954&sy=2020&sortoption=&txtsessionyear=2020,ocd-bill/bff641de-5ae1-4911-b978-9ce325fa324c
49668b50-28d5-4d6f-b127-b2c238da8cc5,,http://www.gencourt.state.nh.us/bill_Status/bill_status.aspx?lsr=0971&sy=2020&sortoption=&txtsessionyear=2020,ocd-bill/254a85ef-b337-4112-9f29-75fd3952dad6
492b4dab-a37a-44e8-a5a9-b9c2000c8184,,http://www.gencourt.state.nh.us/bill_Status/bill_status.aspx?lsr=2791&sy=2020&sortoption=&txtsessionyear=2020,ocd-bill/d1a22217-2aa6-42f4-b15e-dc9c57c099b3
920c8da2-e8a9-461c-bc67-1a564a598e83,,http://www.gencourt.state.nh.us/bill_Status/bill_status.aspx?lsr=0069&sy=2020&sortoption=&txtsessionyear=2020,ocd-bill/933abac5-91da-4d32-adbf-4bf8fa46fc52
7b61e970-5758-4cfc-ac49-d459467a594e,,http://www.gencourt.state.nh.us/bill_Status/bill_status.aspx?lsr=0979&sy=2020&sortoption=&txtsessionyear=2020,ocd-bill/953f6064-7173-4551-bb5b-a7a4269491de
ce66cb74-125a-4534-9b3f-0474b7541d56,,http://www.gencourt.state.nh.us/bill_Status/bill_status.aspx?lsr=0973&sy=2020&sortoption=&txtsessionyear=2020,ocd-bill/5a2c1735-58dc-4473-87f1-d46a066ff9e9
b8c908bf-74a5-4c95-8d63-6d39dec77fdb,,http://www.gencourt.state.nh.us/bill_Status/bill_status.aspx?lsr=0463&sy=2020&sortoption=&txtsessionyear=2020,ocd-bill/45181f9c-a618-4068-bf00-7df80d3597f4
97fbda3b-3193-4fa1-8da8-2491163e0f16,,http://www.gencourt.state.nh.us/bill_Status/bill_status.aspx?lsr=2140&sy=2020&sortoption=&txtsessionyear=2020,ocd-bill/0f52aef6-ab7d-4c80-89ed-ce8e9106dcf0
ad47e6ef-b790-4ee6-8399-f62f05718b58,,http://www.gencourt.state.nh.us/bill_Status/bill_status.aspx?lsr=2974&sy=2020&sortoption=&txtsessionyear=2020,ocd-bill/176451ab-3611-4bfe-bc22-3a4f2916359f
8c6b98c5-c7b9-4dd2-b6c3-dff50b75a3c4,,http://www.gencourt.state.nh.us/bill_Status/bill_status.aspx?lsr=2866&sy=2020&sortoption=&txtsessionyear=2020,ocd-bill/cf063bd3-3ec0-45c6-9ee7-0269f8a6b5d5
f47f6a04-5e34-4701-ab43-79464d902d1e,,http://www.gencourt.state.nh.us/bill_Status/bill_status.aspx?lsr=0074&sy=2020&sortoption=&txtsessionyear=2020,ocd-bill/5e3ff977-6999-48d1-91ca-7f963f965f75
ea52ee0b-5a37-4fe5-ba70-0a0dad533c85,,http://www.gencourt.state.nh.us/bill_Status/bill_status.aspx?lsr=2923&sy=2020&sortoption=&txtsessionyear=2020,ocd-bill/c28a9f91-df3a-4584-acbf-65416637d77d
40609850-7f49-42cf-bf14-ac681ad8950f,,http://www.gencourt.state.nh.us/bill_Status/bill_status.aspx?lsr=2186&sy=2020&sortoption=&txtsessionyear=2020,ocd-bill/dd93f78f-153b-412d-9e8d-85d32f0fe988
e3421691-69b3-4739-a353-d3ac57aac8f9,,http://www.gencourt.state.nh.us/bill_Status/bill_status.aspx?lsr=2635&sy=2020&sortoption=&txtsessionyear=2020,ocd-bill/beafd379-3e14-4403-b87f-d6ee8387877d
bb80cec9-ca98-4180-a8fd-94e819b612b1,,http://www.gencourt.state.nh.us/bill_Status/bill_status.aspx?lsr=2694&sy=2020&sortoption=&txtsessionyear=2020,ocd-bill/7026363c-4b23-432e-958d-ddef75fa17d7
a597cfc1-3129-4dd5-baec-c7b92a35edba,,http://www.gencourt.state.nh.us/bill_Status/bill_status.aspx?lsr=3092&sy=2020&sortoption=&txtsessionyear=2020,ocd-bill/eb7c37fb-6aa4-4f22-86b7-178765f2c79d
b7ce0ba4-a6e3-493b-ae27-c3489a72b032,,http://www.gencourt.state.nh.us/bill_Status/bill_status.aspx?lsr=2214&sy=2020&sortoption=&txtsessionyear=2020,ocd-bill/8a4d6b23-70ca-4036-a113-19ec29ad0e9a
e2d87b50-bd07-4883-9d3b-20578cb609ac,,http://www.gencourt.state.nh.us/bill_Status/bill_status.aspx?lsr=2230&sy=2020&sortoption=&txtsessionyear=2020,ocd-bill/5e8b41df-4d08-4f49-86b4-d7f9f1aabef6
2aba10a4-84e9-495d-ba63-2e816897a1d0,,http://www.gencourt.state.nh.us/bill_Status/bill_status.aspx?lsr=3093&sy=2020&sortoption=&txtsessionyear=2020,ocd-bill/b36210d3-e5a3-4d21-9c5f-01fe5b11d6ee
35132ad6-ce20-4906-aeb1-d80dd7ddde0b,,http://www.gencourt.state.nh.us/bill_Status/bill_status.aspx?lsr=2500&sy=2020&sortoption=&txtsessionyear=2020,ocd-bill/a9c3b600-a9ef-46ec-8ac6-7f8b7f93771c
ae792cb9-b0aa-445f-a4cc-f1d946c0e228,,http://www.gencourt.state.nh.us/bill_Status/bill_status.aspx?lsr=1068&sy=2020&sortoption=&txtsessionyear=2020,ocd-bill/db35d2e4-8e70-4237-b84e-6b7cf5611604
77747caf-9963-4d45-80ff-12f35ba1f56f,,http://www.gencourt.state.nh.us/bill_Status/bill_status.aspx?lsr=2420&sy=2020&sortoption=&txtsessionyear=2020,ocd-bill/af806f75-e68d-42c8-bb4c-41b60ad413f2
5dae180b-7e6e-4789-b052-8f4737ab94f9,,http://www.gencourt.state.nh.us/bill_Status/bill_status.aspx?lsr=2422&sy=2020&sortoption=&txtsessionyear=2020,ocd-bill/0647c5da-c390-4677-bd46-eaf33be9fd7b
bfb1fed2-b8c4-4d35-87df-030c1ba1c06d,,http://www.gencourt.state.nh.us/bill_Status/bill_status.aspx?lsr=1067&sy=2020&sortoption=&txtsessionyear=2020,ocd-bill/afa36e7d-70bb-449c-8171-08b5c4916ba9
e2eb1121-1c50-4e30-8414-a98510b3e79f,,http://www.gencourt.state.nh.us/bill_Status/bill_status.aspx?lsr=2323&sy=2020&sortoption=&txtsessionyear=2020,ocd-bill/39c494be-9723-44e6-a40c-bfc8e1cfce4c
09d2efa9-9e3d-4bff-8261-d44571ad6d12,,http://www.gencourt.state.nh.us/bill_Status/bill_status.aspx?lsr=2033&sy=2020&sortoption=&txtsessionyear=2020,ocd-bill/d2dfd545-aa04-4279-a949-a1751f125a9f
d19467c6-c303-4360-90bb-6cbd46bbb25b,,http://www.gencourt.state.nh.us/bill_Status/bill_status.aspx?lsr=0871&sy=2020&sortoption=&txtsessionyear=2020,ocd-bill/12c46177-a1b7-42de-b97b-ad7775160838
7db20004-2356-44a9-bd5b-c15a0c12ffd4,,http://www.gencourt.state.nh.us/bill_Status/bill_status.aspx?lsr=2048&sy=2020&sortoption=&txtsessionyear=2020,ocd-bill/e09d441f-5cbb-4fb4-8bb3-69ed2ecdb4db
be9221ed-99eb-4b2f-af1b-2ad825de707b,,http://www.gencourt.state.nh.us/bill_Status/bill_status.aspx?lsr=2536&sy=2020&sortoption=&txtsessionyear=2020,ocd-bill/0aa2f63a-8622-4be2-b36f-ae9272f09ffb
d1491124-1e10-4dde-9990-5da51055f4f2,,http://www.gencourt.state.nh.us/bill_Status/bill_status.aspx?lsr=2674&sy=2020&sortoption=&txtsessionyear=2020,ocd-bill/4a83224e-b02e-4c03-8267-02b13108b9da
ea171c63-45bf-4d81-8204-4058593e5ac0,,http://www.gencourt.state.nh.us/bill_Status/bill_status.aspx?lsr=2285&sy=2020&sortoption=&txtsessionyear=2020,ocd-bill/77b70336-714d-49da-8c75-64cd732ca551
01ee433e-cb5d-4e3c-bea3-1424bda389c7,,http://www.gencourt.state.nh.us/bill_Status/bill_status.aspx?lsr=0449&sy=2020&sortoption=&txtsessionyear=2020,ocd-bill/5ce98df0-a02c-46bf-b46f-8e2847b61dc6
f5ba18c3-0cd1-4f1a-8d31-957ea9fdab32,,http://www.gencourt.state.nh.us/bill_Status/bill_status.aspx?lsr=2329&sy=2020&sortoption=&txtsessionyear=2020,ocd-bill/942cf38f-f52e-41b0-9795-a5aa1e03738c
e169c746-6422-42ca-b863-a9f25a25760a,,http://www.gencourt.state.nh.us/bill_Status/bill_status.aspx?lsr=2213&sy=2020&sortoption=&txtsessionyear=2020,ocd-bill/5903bff5-2bd1-4861-92dd-738420e3b002
b50176c2-179d-43ea-9884-33d1fa5ca029,,http://www.gencourt.state.nh.us/bill_Status/bill_status.aspx?lsr=2759&sy=2020&sortoption=&txtsessionyear=2020,ocd-bill/4855bb49-aaa6-4934-8859-8219f7a63115
49bfa529-1b03-4fb7-a57a-f233dee6d16d,,http://www.gencourt.state.nh.us/bill_Status/bill_status.aspx?lsr=2361&sy=2020&sortoption=&txtsessionyear=2020,ocd-bill/a6501dae-b667-4441-b305-b2cef7917ee6
6279e67b-d399-49ee-b68d-9e7384be84d7,,http://www.gencourt.state.nh.us/bill_Status/bill_status.aspx?lsr=2995&sy=2020&sortoption=&txtsessionyear=2020,ocd-bill/302fd806-64eb-469c-bf7e-a92d0f71a8c2
b9426434-8b6b-4823-b743-70ad86d46b56,,http://www.gencourt.state.nh.us/bill_Status/bill_status.aspx?lsr=2260&sy=2020&sortoption=&txtsessionyear=2020,ocd-bill/25c427b2-cff3-45e5-bff7-0fe9e7b7f912
fd653503-235e-4fbb-83f9-aeafafbce3d8,,http://www.gencourt.state.nh.us/bill_Status/bill_status.aspx?lsr=2228&sy=2020&sortoption=&txtsessionyear=2020,ocd-bill/1a537b1b-a59b-450e-8536-1777b8850e81
e61097c6-6f2f-4737-97fa-71bea115e7d4,,http://www.gencourt.state.nh.us/bill_Status/bill_status.aspx?lsr=0975&sy=2020&sortoption=&txtsessionyear=2020,ocd-bill/c49a312f-cba9-4df8-a282-0c4367cbe99c
47bde4f8-9bf8-4e25-ae79-2ffeffa21bd1,,http://www.gencourt.state.nh.us/bill_Status/bill_status.aspx?lsr=2901&sy=2020&sortoption=&txtsessionyear=2020,ocd-bill/a2ae7653-d564-4fed-8840-8145fad784ff
2653c94a-44df-4e7b-973b-5c2981d14a43,,http://www.gencourt.state.nh.us/bill_Status/bill_status.aspx?lsr=3131&sy=2020&sortoption=&txtsessionyear=2020,ocd-bill/af904864-43d8-492e-82f0-0165bd190cd6
2497c2a3-fc8f-4669-8874-d2281251f74b,,http://www.gencourt.state.nh.us/bill_Status/bill_status.aspx?lsr=3017&sy=2020&sortoption=&txtsessionyear=2020,ocd-bill/2b8e626f-f24c-45db-81ab-9dfc6c112949
0b75d59d-0451-4dec-a63e-52c613cb6cbc,,http://www.gencourt.state.nh.us/bill_Status/bill_status.aspx?lsr=2144&sy=2020&sortoption=&txtsessionyear=2020,ocd-bill/faa95b62-de68-458e-9c06-c3562042d820
28994d9a-1f4f-429d-862e-22762cfc4079,,http://www.gencourt.state.nh.us/bill_Status/bill_status.aspx?lsr=2973&sy=2020&sortoption=&txtsessionyear=2020,ocd-bill/e4cd2010-353c-4f2c-9c30-695732814c39
fb50b5ad-5ee9-47d1-baf0-7e0d224f7e64,,http://www.gencourt.state.nh.us/bill_Status/bill_status.aspx?lsr=2830&sy=2020&sortoption=&txtsessionyear=2020,ocd-bill/15facbf0-def6-45ac-8f8e-54b255f3f29e
3ec6a6e5-225f-4904-bb17-0cb8218c9ff9,,http://www.gencourt.state.nh.us/bill_Status/bill_status.aspx?lsr=0690&sy=2020&sortoption=&txtsessionyear=2020,ocd-bill/ce401808-9c4d-4fc4-a7a2-8487c3dbe08a
0961bfe2-6a0c-43f7-915e-d8c9802c55a0,,http://www.gencourt.state.nh.us/bill_Status/bill_status.aspx?lsr=0806&sy=2020&sortoption=&txtsessionyear=2020,ocd-bill/ed5fb73d-d667-4694-b6b5-aef7317c88da
5298d3a8-7a30-44b7-a804-fec16f741fc7,,http://www.gencourt.state.nh.us/bill_Status/bill_status.aspx?lsr=2158&sy=2020&sortoption=&txtsessionyear=2020,ocd-bill/991c8e73-600f-460e-9060-f8ab74023e62
351e6812-e9d1-4d8b-b18d-89378f9b59bc,,http://www.gencourt.state.nh.us/bill_Status/bill_status.aspx?lsr=2028&sy=2020&sortoption=&txtsessionyear=2020,ocd-bill/11e46a95-4aab-48b7-bbd4-c36124ea4baf
d854e5e5-2926-497b-88dc-e242abcb0fb5,,http://www.gencourt.state.nh.us/bill_Status/bill_status.aspx?lsr=2645&sy=2020&sortoption=&txtsessionyear=2020,ocd-bill/8857da3d-04f4-41fb-aca3-c984348c4ae2
b82dffae-b32c-4610-ad55-3c29892a098c,,http://www.gencourt.state.nh.us/bill_Status/bill_status.aspx?lsr=2964&sy=2020&sortoption=&txtsessionyear=2020,ocd-bill/43ee2a56-2bea-4078-82e3-db42aa842901
72f17c96-4d35-446a-81be-0ee5736acbe5,,http://www.gencourt.state.nh.us/bill_Status/bill_status.aspx?lsr=3006&sy=2020&sortoption=&txtsessionyear=2020,ocd-bill/2a6daed4-e21f-4536-b068-6e541a03a446
46a9a3d7-7dcd-4649-a20b-e56b25490107,,http://www.gencourt.state.nh.us/bill_Status/bill_status.aspx?lsr=2484&sy=2020&sortoption=&txtsessionyear=2020,ocd-bill/15610530-3fe9-4b36-a75f-1d0969ef939c
ff7ea15a-6cc7-4c92-a107-a922c4e95f22,,http://www.gencourt.state.nh.us/bill_Status/bill_status.aspx?lsr=2924&sy=2020&sortoption=&txtsessionyear=2020,ocd-bill/5d44946e-e283-4a1a-a6f0-f88c9a02407c
2b6b7ccf-1027-488e-a733-45fb7eabc803,,http://www.gencourt.state.nh.us/bill_Status/bill_status.aspx?lsr=2477&sy=2020&sortoption=&txtsessionyear=2020,ocd-bill/58db2f5f-c3e1-43e6-aa67-565f96ef1926
4e69cad4-188e-47fb-a163-a084f67fafb4,,http://www.gencourt.state.nh.us/bill_Status/bill_status.aspx?lsr=2755&sy=2020&sortoption=&txtsessionyear=2020,ocd-bill/6416f35a-7dfc-4118-8947-fd367e12958e
128f7331-87b6-4dee-ad81-7631b542a183,,http://www.gencourt.state.nh.us/bill_Status/bill_status.aspx?lsr=2590&sy=2020&sortoption=&txtsessionyear=2020,ocd-bill/74f28233-af2f-4c4d-9842-69e7e9f5c040
68a2a69f-1363-4652-b080-c9b99d0b2eac,,http://www.gencourt.state.nh.us/bill_Status/bill_status.aspx?lsr=3048&sy=2020&sortoption=&txtsessionyear=2020,ocd-bill/23318dde-4952-40ea-acb6-b35102413d00
9ded4a02-5a28-4716-a37b-4ae26b23785c,,http://www.gencourt.state.nh.us/bill_Status/bill_status.aspx?lsr=2892&sy=2020&sortoption=&txtsessionyear=2020,ocd-bill/672e5675-c045-4f5b-8c3b-bc067d0de678
67198b8d-7889-47c7-a1fe-77db7eeec2a2,,http://www.gencourt.state.nh.us/bill_Status/bill_status.aspx?lsr=2405&sy=2020&sortoption=&txtsessionyear=2020,ocd-bill/a0a8f63b-95f8-4a65-a347-b1ca906fdf7e
fc3b9434-9205-4e3b-bee9-2de99a9a41bc,,http://www.gencourt.state.nh.us/bill_Status/bill_status.aspx?lsr=3043&sy=2020&sortoption=&txtsessionyear=2020,ocd-bill/787ac848-cf4e-4778-90d5-c8817aa76642
2634c6ac-4f3c-4161-b097-f81486d7e5a1,,http://www.gencourt.state.nh.us/bill_Status/bill_status.aspx?lsr=2723&sy=2020&sortoption=&txtsessionyear=2020,ocd-bill/a519929c-29dd-4d9f-abae-466db1123842
fcd1ed6b-627d-4c9a-b302-d6f3ab385553,,http://www.gencourt.state.nh.us/bill_Status/bill_status.aspx?lsr=3094&sy=2020&sortoption=&txtsessionyear=2020,ocd-bill/066b140f-34f1-4ae0-a04f-479e9f852e1f
19d1aa13-efea-4c7d-bf63-67a1c98c2dd5,,http://www.gencourt.state.nh.us/bill_Status/bill_status.aspx?lsr=2264&sy=2020&sortoption=&txtsessionyear=2020,ocd-bill/02c895a9-65d3-4937-90e9-3d556a53fb95
10ba6b09-4a4a-477a-b55b-07839fc56660,,http://www.gencourt.state.nh.us/bill_Status/bill_status.aspx?lsr=0177&sy=2020&sortoption=&txtsessionyear=2020,ocd-bill/9bfc71ef-c289-4b50-9734-f957520959ac
3c87b31f-6df9-44a6-b8a9-6cd0a453a2bb,,http://www.gencourt.state.nh.us/bill_Status/bill_status.aspx?lsr=2601&sy=2020&sortoption=&txtsessionyear=2020,ocd-bill/8d58d2bf-1aa3-4a10-9d3e-472820c5697e
639e7f8c-a236-46e6-ad3e-202addcda70e,,http://www.gencourt.state.nh.us/bill_Status/bill_status.aspx?lsr=2715&sy=2020&sortoption=&txtsessionyear=2020,ocd-bill/8c56f344-393a-4248-85e0-23ee85cea437
1a151c2d-6a41-476e-b02d-6fff55a3d4ae,,http://www.gencourt.state.nh.us/bill_Status/bill_status.aspx?lsr=0890&sy=2020&sortoption=&txtsessionyear=2020,ocd-bill/afcea61e-364b-408b-a52e-27541e4622d9
c47d65a7-32a2-4725-8528-bb0e3b6b3f83,,http://www.gencourt.state.nh.us/bill_Status/bill_status.aspx?lsr=2727&sy=2020&sortoption=&txtsessionyear=2020,ocd-bill/1db67827-0d37-48c1-913e-b7658c245960
443d88f3-7442-442e-80bc-a1ab535b257e,,http://www.gencourt.state.nh.us/bill_Status/bill_status.aspx?lsr=2052&sy=2020&sortoption=&txtsessionyear=2020,ocd-bill/555f2d7e-2308-49a3-a5f8-75715affed6f
d68ecfc0-687a-4606-b922-052fb3c8cd47,,http://www.gencourt.state.nh.us/bill_Status/bill_status.aspx?lsr=2259&sy=2020&sortoption=&txtsessionyear=2020,ocd-bill/cfea9fcb-0e79-4147-92c3-eec08f79e1d1
e709dc24-734c-43a9-8abd-043269f8584f,,http://www.gencourt.state.nh.us/bill_Status/bill_status.aspx?lsr=2785&sy=2020&sortoption=&txtsessionyear=2020,ocd-bill/d76347b8-7761-47cc-9e64-b26eb21db048
fa76409d-d173-419f-8597-1f0589295690,,http://www.gencourt.state.nh.us/bill_Status/bill_status.aspx?lsr=2966&sy=2020&sortoption=&txtsessionyear=2020,ocd-bill/068a5df4-22ec-4dba-ba25-1f3e37e41eda
b93e546e-40a1-4320-b385-4b3129b4fc65,,http://www.gencourt.state.nh.us/bill_Status/bill_status.aspx?lsr=2355&sy=2020&sortoption=&txtsessionyear=2020,ocd-bill/33e21688-2098-4603-83b1-86dc3cc80c1c
9d171c82-cef3-460d-aaf2-3c06961eb03e,,http://www.gencourt.state.nh.us/bill_Status/bill_status.aspx?lsr=2938&sy=2020&sortoption=&txtsessionyear=2020,ocd-bill/34166288-5539-455d-adc5-e8e194cc6f66
877b5bdc-19cb-4b78-aec2-72f48ad1bd2b,,http://www.gencourt.state.nh.us/bill_Status/bill_status.aspx?lsr=3025&sy=2020&sortoption=&txtsessionyear=2020,ocd-bill/8606caa8-8cbd-4e5d-b6ca-4dbb7a67a4e8
a29afd7e-3265-4a4a-8f5d-a6d54b433276,,http://www.gencourt.state.nh.us/bill_Status/bill_status.aspx?lsr=2929&sy=2020&sortoption=&txtsessionyear=2020,ocd-bill/f297c90f-ed44-4fa5-ae29-6f4a05e6105a
a47a7ff1-676c-4e94-9bed-9327c3b10cf0,,http://www.gencourt.state.nh.us/bill_Status/bill_status.aspx?lsr=2071&sy=2020&sortoption=&txtsessionyear=2020,ocd-bill/d8e76c70-a902-49e3-a24e-6ad4f0c3bf5d
e268f54f-2714-4a88-83a0-ec94a4b8e9f3,,http://www.gencourt.state.nh.us/bill_Status/bill_status.aspx?lsr=2126&sy=2020&sortoption=&txtsessionyear=2020,ocd-bill/ae7cbfc0-9e80-4aa6-9de5-a9403df4de7c
623a81a2-abea-43ab-beea-6dc4fc936ecf,,http://www.gencourt.state.nh.us/bill_Status/bill_status.aspx?lsr=2853&sy=2020&sortoption=&txtsessionyear=2020,ocd-bill/a00909a2-196a-40af-b5e4-dcabffd06dd2
9e309dcc-8152-45c1-ad9d-f5395dbf96de,,http://www.gencourt.state.nh.us/bill_Status/bill_status.aspx?lsr=2072&sy=2020&sortoption=&txtsessionyear=2020,ocd-bill/7560ec39-dbc0-4dc6-af95-b4bec99f85d7
6da5d7bf-77ba-4767-8ac2-5e4d25c24791,,http://www.gencourt.state.nh.us/bill_Status/bill_status.aspx?lsr=2150&sy=2020&sortoption=&txtsessionyear=2020,ocd-bill/b32ef778-2318-40ca-8176-a85733603997
14335c8f-c215-4f8f-8ec3-9868c31f92e2,,http://www.gencourt.state.nh.us/bill_Status/bill_status.aspx?lsr=2795&sy=2020&sortoption=&txtsessionyear=2020,ocd-bill/69f8fdb4-1ced-46be-983e-4e3a54be2ebb
a1b2142a-6f4c-4b55-bc56-34b841fa6f2b,,http://www.gencourt.state.nh.us/bill_Status/bill_status.aspx?lsr=2289&sy=2020&sortoption=&txtsessionyear=2020,ocd-bill/ab97db1e-0611-4721-b969-5f92fd452b60
24534675-bcd0-44f3-ac1b-1839dcd49004,,http://www.gencourt.state.nh.us/bill_Status/bill_status.aspx?lsr=2006&sy=2020&sortoption=&txtsessionyear=2020,ocd-bill/e75984f5-1ff4-4cda-a99d-6c3642491b39
1f53253a-f4ea-4480-acab-58f1593001bc,,http://www.gencourt.state.nh.us/bill_Status/bill_status.aspx?lsr=2787&sy=2020&sortoption=&txtsessionyear=2020,ocd-bill/afb4824c-fb6a-4000-8269-1321dcfaebce
54b7627f-3ad4-4639-b09a-db279fcf961f,,http://www.gencourt.state.nh.us/bill_Status/bill_status.aspx?lsr=2002&sy=2020&sortoption=&txtsessionyear=2020,ocd-bill/0439ce56-b2bc-4551-b288-083e46a283c9
e728f556-ca48-40d4-8720-10f894619c6d,,http://www.gencourt.state.nh.us/bill_Status/bill_status.aspx?lsr=2997&sy=2020&sortoption=&txtsessionyear=2020,ocd-bill/44c13a11-c431-4b9b-91dc-bc75ed87c637
3400c20b-132b-4be5-a00e-c775da15d016,,http://www.gencourt.state.nh.us/bill_Status/bill_status.aspx?lsr=2527&sy=2020&sortoption=&txtsessionyear=2020,ocd-bill/fd98cbed-82c9-48ba-83e9-bbd433fc2b28
8feac65a-f8fa-4b46-82d3-74daccb40531,,http://www.gencourt.state.nh.us/bill_Status/bill_status.aspx?lsr=2513&sy=2020&sortoption=&txtsessionyear=2020,ocd-bill/12d88926-aed0-4b1d-a9a5-aaf20c47e136
8174eab4-98d9-488e-8bb4-3a44745060cf,,http://www.gencourt.state.nh.us/bill_Status/bill_status.aspx?lsr=3032&sy=2020&sortoption=&txtsessionyear=2020,ocd-bill/7bfb33a5-b535-457c-b210-068800fb18b1
84d2ebbf-113b-4ed2-8910-9078abffa921,,http://www.gencourt.state.nh.us/bill_Status/bill_status.aspx?lsr=2858&sy=2020&sortoption=&txtsessionyear=2020,ocd-bill/8a142a51-7689-44b1-8277-50a09a2217ee
31ac555a-72d5-4640-a017-ac3b28852e60,,http://www.gencourt.state.nh.us/bill_Status/bill_status.aspx?lsr=2812&sy=2020&sortoption=&txtsessionyear=2020,ocd-bill/91510b1b-5d66-40b5-aff3-80e103333839
62b7929b-89f2-4d13-8b30-de80155086fd,,http://www.gencourt.state.nh.us/bill_Status/bill_status.aspx?lsr=2818&sy=2020&sortoption=&txtsessionyear=2020,ocd-bill/5faa08fb-e400-47c9-8efa-545bf3cb1907
e5bb20c8-e119-4214-8c97-5411445de07a,,http://www.gencourt.state.nh.us/bill_Status/bill_status.aspx?lsr=2794&sy=2020&sortoption=&txtsessionyear=2020,ocd-bill/41ce2f87-c73f-4ea9-970e-c25529265b3b
2ceb33aa-6d7b-48d0-8f9a-f2e558ce6aad,,http://www.gencourt.state.nh.us/bill_Status/bill_status.aspx?lsr=2097&sy=2020&sortoption=&txtsessionyear=2020,ocd-bill/1f5214e0-de8a-4b5b-a63e-63177a5959cd
5007d0ed-c04e-485c-8c51-8687392b1e53,,http://www.gencourt.state.nh.us/bill_Status/bill_status.aspx?lsr=2547&sy=2020&sortoption=&txtsessionyear=2020,ocd-bill/7a18d1eb-e3e9-4cdf-9e5d-7c34a4921686
5f08f172-cd48-4133-ba7b-0b202cb3899e,,http://www.gencourt.state.nh.us/bill_Status/bill_status.aspx?lsr=2862&sy=2020&sortoption=&txtsessionyear=2020,ocd-bill/b32f2b96-b342-4554-8f88-1a3589e5c760
3bf8e9cb-3148-4ce7-9aff-19816dd3700e,,http://www.gencourt.state.nh.us/bill_Status/bill_status.aspx?lsr=1093&sy=2020&sortoption=&txtsessionyear=2020,ocd-bill/a467c841-ce57-4d4f-88d8-7c6c27c5c5e5
3ff5bd1d-618f-4d2e-96b0-959f67dc0f0c,,http://www.gencourt.state.nh.us/bill_Status/bill_status.aspx?lsr=2023&sy=2020&sortoption=&txtsessionyear=2020,ocd-bill/cd7b2a20-cdf2-40fa-a0d1-730c917bda30
90bcf221-9060-4918-bcb5-6bc684cc8473,,http://www.gencourt.state.nh.us/bill_Status/bill_status.aspx?lsr=3096&sy=2020&sortoption=&txtsessionyear=2020,ocd-bill/233a1da4-fd52-4b80-ab71-c568063cd0bc
ed83756b-9bb6-4eb3-b99c-9692f8ce9fd4,,http://www.gencourt.state.nh.us/bill_Status/bill_status.aspx?lsr=2754&sy=2020&sortoption=&txtsessionyear=2020,ocd-bill/459a878e-8266-42cb-a253-db5c8f015ca1
7917d754-c548-4fa0-a931-f3a970831ee2,,http://www.gencourt.state.nh.us/bill_Status/bill_status.aspx?lsr=2839&sy=2020&sortoption=&txtsessionyear=2020,ocd-bill/e81e7dae-2e68-4ba6-98bf-9b780ac1ac2d
8608dd08-3679-4d9b-b982-e24ca23ed4a9,,http://www.gencourt.state.nh.us/bill_Status/bill_status.aspx?lsr=3143&sy=2020&sortoption=&txtsessionyear=2020,ocd-bill/09cff5d5-0377-4f3e-82cc-f221325bedb4
04d571b1-192c-431d-be46-d9b19a5d6a6d,,http://www.gencourt.state.nh.us/bill_Status/bill_status.aspx?lsr=2070&sy=2020&sortoption=&txtsessionyear=2020,ocd-bill/e3013cb8-654f-4ff3-8106-4024331fed2f
2ebb2c27-aa89-4645-ad58-91ee4999f7be,,http://www.gencourt.state.nh.us/bill_Status/bill_status.aspx?lsr=2021&sy=2020&sortoption=&txtsessionyear=2020,ocd-bill/2e59ba44-6826-4202-8f62-a8af1f3a4fe2
62bfe690-a295-48d4-ae78-227b59709718,,http://www.gencourt.state.nh.us/bill_Status/bill_status.aspx?lsr=0972&sy=2020&sortoption=&txtsessionyear=2020,ocd-bill/f3dd3e3e-bcf1-4dfe-8097-2dc90d840328
6ef38a05-f0f9-4150-a398-397c814c7426,,http://www.gencourt.state.nh.us/bill_Status/bill_status.aspx?lsr=2209&sy=2020&sortoption=&txtsessionyear=2020,ocd-bill/7327379c-4363-4fc0-9b77-ced12741ac6f
b835e2eb-b4b8-4bdc-b7b0-b15831090b90,,http://www.gencourt.state.nh.us/bill_Status/bill_status.aspx?lsr=2523&sy=2020&sortoption=&txtsessionyear=2020,ocd-bill/2fa597bf-c520-43c8-835b-6f2511849b8f
6ea98670-0833-413a-aed3-c5b096e6e79a,,http://www.gencourt.state.nh.us/bill_Status/bill_status.aspx?lsr=2225&sy=2020&sortoption=&txtsessionyear=2020,ocd-bill/7d660a1a-069a-47d3-85d1-6dc3f657ed3c
ea0c52bf-7c21-4e67-88ad-89f21d3c8aaa,,http://www.gencourt.state.nh.us/bill_Status/bill_status.aspx?lsr=3085&sy=2020&sortoption=&txtsessionyear=2020,ocd-bill/6d6ceb5f-7c76-4cc9-8ae0-876f564d0524
78033149-1f02-499b-a3ea-7d46217b5876,,http://www.gencourt.state.nh.us/bill_Status/bill_status.aspx?lsr=2813&sy=2020&sortoption=&txtsessionyear=2020,ocd-bill/5773c28a-6536-4b39-b661-4de188216710
b45db90c-1a93-43fc-a0e6-3c99fea8c149,,http://www.gencourt.state.nh.us/bill_Status/bill_status.aspx?lsr=3110&sy=2020&sortoption=&txtsessionyear=2020,ocd-bill/013acdc6-d22e-4f24-84ff-cf467874a7e4
07c2d595-5b62-467c-b9d3-dfb6df66581c,,http://www.gencourt.state.nh.us/bill_Status/bill_status.aspx?lsr=3133&sy=2020&sortoption=&txtsessionyear=2020,ocd-bill/6044d5d4-91aa-4440-b4bb-d1c07f0bae01
2023ac03-79b6-40dd-913b-c3f25bedc952,,http://www.gencourt.state.nh.us/bill_Status/bill_status.aspx?lsr=2490&sy=2020&sortoption=&txtsessionyear=2020,ocd-bill/b7a0e372-b38e-4239-9c13-83b63d6d6325
7bb7b220-a245-4dca-9e18-8159cc207ad5,,http://www.gencourt.state.nh.us/bill_Status/bill_status.aspx?lsr=2496&sy=2020&sortoption=&txtsessionyear=2020,ocd-bill/897dc1e3-f8df-48f9-b784-b1dcd730ca22
0a0bd77c-2e72-418a-843e-8fb6470b4358,,http://www.gencourt.state.nh.us/bill_Status/bill_status.aspx?lsr=2105&sy=2020&sortoption=&txtsessionyear=2020,ocd-bill/43e225e9-29e0-4b33-8336-bed89076e535
2d462ec1-67fe-4f9e-9e93-a91043004550,,http://www.gencourt.state.nh.us/bill_Status/bill_status.aspx?lsr=2379&sy=2020&sortoption=&txtsessionyear=2020,ocd-bill/a1eda65e-6756-4925-ad74-26a7fbe79524
75e7401b-1ff0-4ec3-97f7-02e9f515b6f8,,http://www.gencourt.state.nh.us/bill_Status/bill_status.aspx?lsr=2613&sy=2020&sortoption=&txtsessionyear=2020,ocd-bill/75c26ecf-bea0-4f98-823f-173cdbe891ad
78c08b19-df05-40b6-ba02-e4c02af33851,,http://www.gencourt.state.nh.us/bill_Status/bill_status.aspx?lsr=2886&sy=2020&sortoption=&txtsessionyear=2020,ocd-bill/763d8842-cc22-47d0-81a7-02014a5a099a
9c2f57d7-f93e-4513-a1b7-6e61511970b2,,http://www.gencourt.state.nh.us/bill_Status/bill_status.aspx?lsr=2073&sy=2020&sortoption=&txtsessionyear=2020,ocd-bill/fdfb077b-b9e1-409c-bd14-3740ccb65f84
3f74c1fa-d42a-47df-b932-130508ac094d,,http://www.gencourt.state.nh.us/bill_Status/bill_status.aspx?lsr=2120&sy=2020&sortoption=&txtsessionyear=2020,ocd-bill/958eba1d-d5f2-4682-a94d-6742209a7aa9
b5646801-4db7-4c99-808a-520257d6b331,,http://www.gencourt.state.nh.us/bill_Status/bill_status.aspx?lsr=2707&sy=2020&sortoption=&txtsessionyear=2020,ocd-bill/c5bf1717-5d4c-44c7-9e5a-917d87ec85ab
08e39105-c686-458e-ab71-5618ff6d5cc0,,http://www.gencourt.state.nh.us/bill_Status/bill_status.aspx?lsr=2170&sy=2020&sortoption=&txtsessionyear=2020,ocd-bill/fbde3b60-53d2-4889-a3b1-bcfcaa4027c2
012a295f-c951-4462-8817-4eb4ba3a8350,,http://www.gencourt.state.nh.us/bill_Status/bill_status.aspx?lsr=2628&sy=2020&sortoption=&txtsessionyear=2020,ocd-bill/23dd6dfe-36c2-405a-80ed-306a28bf9184
a8459f2e-152e-4255-9004-f01db8796c8a,,http://www.gencourt.state.nh.us/bill_Status/bill_status.aspx?lsr=2282&sy=2020&sortoption=&txtsessionyear=2020,ocd-bill/5943a9ac-74c6-4bf7-a676-c1cdfc35cf93
5d9447e7-10a3-44f2-89b0-2667d2aed5ac,,http://www.gencourt.state.nh.us/bill_Status/bill_status.aspx?lsr=2199&sy=2020&sortoption=&txtsessionyear=2020,ocd-bill/494ce1cc-fe64-4aea-9d91-37caf5fda7df
0c37817a-9c39-47f9-aac0-842c98fd202f,,http://www.gencourt.state.nh.us/bill_Status/bill_status.aspx?lsr=2191&sy=2020&sortoption=&txtsessionyear=2020,ocd-bill/3476a4c9-f35e-4d0f-9909-d560c10e3cd1
e97b3b9c-c2dc-48a2-97a6-75800122457d,,http://www.gencourt.state.nh.us/bill_Status/bill_status.aspx?lsr=2325&sy=2020&sortoption=&txtsessionyear=2020,ocd-bill/9101c6ff-0784-4e17-a26e-d5b4ed64c3c0
2d7db35a-f411-4ff9-a7a9-f3575b18dcf7,,http://www.gencourt.state.nh.us/bill_Status/bill_status.aspx?lsr=2425&sy=2020&sortoption=&txtsessionyear=2020,ocd-bill/11261df8-6148-4d88-945c-9296d075529c
1fa8d417-5b00-4774-bf0e-b4c521908d46,,http://www.gencourt.state.nh.us/bill_Status/bill_status.aspx?lsr=2267&sy=2020&sortoption=&txtsessionyear=2020,ocd-bill/214d53ac-f32d-4de0-a4f1-3b4daf6df541
1a9da0a7-75e7-404c-bfe3-046c25916b03,,http://www.gencourt.state.nh.us/bill_Status/bill_status.aspx?lsr=2415&sy=2020&sortoption=&txtsessionyear=2020,ocd-bill/02eea835-e353-4a8f-9a2a-ef0ec6746e35
404dc307-5ba3-4992-bd40-ac4df64e94ab,,http://www.gencourt.state.nh.us/bill_Status/bill_status.aspx?lsr=2125&sy=2020&sortoption=&txtsessionyear=2020,ocd-bill/58ecd203-c4af-4c7e-b1f4-c51bd98c4b1b
80aae44f-8ba0-4284-a210-22baf8685365,,http://www.gencourt.state.nh.us/bill_Status/bill_status.aspx?lsr=2545&sy=2020&sortoption=&txtsessionyear=2020,ocd-bill/c4c04d17-1d1a-49df-ab87-c3689e411b24
893ef845-37c7-4490-871d-245d48409cd7,,http://www.gencourt.state.nh.us/bill_Status/bill_status.aspx?lsr=2717&sy=2020&sortoption=&txtsessionyear=2020,ocd-bill/2e311351-aeb9-4fe3-8b2a-8f2d95251abd
021078a1-fa5a-496e-8a0b-d0cc7090d369,,http://www.gencourt.state.nh.us/bill_Status/bill_status.aspx?lsr=2084&sy=2020&sortoption=&txtsessionyear=2020,ocd-bill/11e529cb-19a6-40a6-9d32-36b3474417ab
79b2831b-c952-44e9-ac85-43c471937bb0,,http://www.gencourt.state.nh.us/bill_Status/bill_status.aspx?lsr=2009&sy=2020&sortoption=&txtsessionyear=2020,ocd-bill/8de5dd5f-8897-4368-ae87-127a012b0eae
9b100cdb-5e13-4ace-9d2d-4a9c20ff9e28,,http://www.gencourt.state.nh.us/bill_Status/bill_status.aspx?lsr=2775&sy=2020&sortoption=&txtsessionyear=2020,ocd-bill/39de321c-9f81-4523-94bc-07af3b87631c
8ecf989d-1f93-42bb-8bd9-89b93679ec51,,http://www.gencourt.state.nh.us/bill_Status/bill_status.aspx?lsr=2226&sy=2020&sortoption=&txtsessionyear=2020,ocd-bill/dafd8918-cfb3-46fb-980d-2e7101e22558
0dbce0db-d117-4d7c-9f26-6f0d18f6fbc2,,http://www.gencourt.state.nh.us/bill_Status/bill_status.aspx?lsr=2515&sy=2020&sortoption=&txtsessionyear=2020,ocd-bill/265732ab-e92a-4d68-a64e-44824711bb75
492d6a71-e64a-4171-bd37-e5626f88fec1,,http://www.gencourt.state.nh.us/bill_Status/bill_status.aspx?lsr=2234&sy=2020&sortoption=&txtsessionyear=2020,ocd-bill/89d52925-f5b4-48dd-b507-60683a17b4ff
aea6aeb9-431d-4f93-8932-9a71f426aa15,,http://www.gencourt.state.nh.us/bill_Status/bill_status.aspx?lsr=3100&sy=2020&sortoption=&txtsessionyear=2020,ocd-bill/a8722f3d-3082-4007-a96b-9aa25ea81baf
521f6d9b-6f74-40e6-8092-f3f68b5507a3,,http://www.gencourt.state.nh.us/bill_Status/bill_status.aspx?lsr=2317&sy=2020&sortoption=&txtsessionyear=2020,ocd-bill/d65b308c-21db-4b97-8e4b-33a70110af1c
dd9c1f12-93db-4395-a001-371aee7c4404,,http://www.gencourt.state.nh.us/bill_Status/bill_status.aspx?lsr=2031&sy=2020&sortoption=&txtsessionyear=2020,ocd-bill/17b7d145-c1ec-453b-9c4b-e3306c460a48
2e026a90-d8f2-4bc0-b7ff-2262f54d9238,,http://www.gencourt.state.nh.us/bill_Status/bill_status.aspx?lsr=2544&sy=2020&sortoption=&txtsessionyear=2020,ocd-bill/25763fb1-29d2-48c9-9d90-f0983cdc33e7
d91ce1b8-0bdc-4b0e-9282-7226c1c65012,,http://www.gencourt.state.nh.us/bill_Status/bill_status.aspx?lsr=2145&sy=2020&sortoption=&txtsessionyear=2020,ocd-bill/3d4a5e91-fc94-41e3-bddb-f60c617a0df4
e4fb053a-f692-44a2-bfd2-ad34a89a9006,,http://www.gencourt.state.nh.us/bill_Status/bill_status.aspx?lsr=2249&sy=2020&sortoption=&txtsessionyear=2020,ocd-bill/556df76c-df95-4a16-af54-4f3eb9de7db0
92fc567b-975a-4711-a255-13d885dc36f7,,http://www.gencourt.state.nh.us/bill_Status/bill_status.aspx?lsr=2766&sy=2020&sortoption=&txtsessionyear=2020,ocd-bill/676c7c8b-465a-4677-ac1e-ae7653d957f8
c67c6f3c-a6ad-4771-a5dc-ded56518742b,,http://www.gencourt.state.nh.us/bill_Status/bill_status.aspx?lsr=2313&sy=2020&sortoption=&txtsessionyear=2020,ocd-bill/abe5c5e5-3ea0-4be0-8876-e182b2e33ffb
0a5b3e0e-fae3-44b8-aa1d-b34c8a5bcacf,,http://www.gencourt.state.nh.us/bill_Status/bill_status.aspx?lsr=2465&sy=2020&sortoption=&txtsessionyear=2020,ocd-bill/67e15a35-f72b-4733-a330-6f9b192e4be9
45b538d9-c747-4366-801d-684117edde7f,,http://www.gencourt.state.nh.us/bill_Status/bill_status.aspx?lsr=2103&sy=2020&sortoption=&txtsessionyear=2020,ocd-bill/b60f1e41-2771-4b66-b195-2e8bf52bcfa8
e9925d9a-7e6a-4ad6-9a30-48d72b3d539b,,http://www.gencourt.state.nh.us/bill_Status/bill_status.aspx?lsr=0221&sy=2020&sortoption=&txtsessionyear=2020,ocd-bill/898b7d96-d033-4b46-a98a-f52c41f5fd9f
b3a7a6a8-21a9-4d6d-834b-89b4d4e2625b,,http://www.gencourt.state.nh.us/bill_Status/bill_status.aspx?lsr=2197&sy=2020&sortoption=&txtsessionyear=2020,ocd-bill/c3018e60-1d42-46e8-b649-f19292d2fdfa
03fbd4ed-a26a-42d8-9a57-ced10b8f7cd7,,http://www.gencourt.state.nh.us/bill_Status/bill_status.aspx?lsr=2283&sy=2020&sortoption=&txtsessionyear=2020,ocd-bill/1084540c-aaae-4308-96cd-0929110e92a0
ab1e4359-9dbc-40f3-93a3-36b31af86fa4,,http://www.gencourt.state.nh.us/bill_Status/bill_status.aspx?lsr=2064&sy=2020&sortoption=&txtsessionyear=2020,ocd-bill/340fb82f-499b-4ff3-82a6-02655f9f98a1
0868f587-c9c6-4f72-ad9e-75a850fb1377,,http://www.gencourt.state.nh.us/bill_Status/bill_status.aspx?lsr=3124&sy=2020&sortoption=&txtsessionyear=2020,ocd-bill/0799f399-b54e-49da-b028-0393e235749a
b415d5bc-11b3-40ed-9617-18db88f158b0,,http://www.gencourt.state.nh.us/bill_Status/bill_status.aspx?lsr=2417&sy=2020&sortoption=&txtsessionyear=2020,ocd-bill/fd13d75e-c621-481a-bd7a-88f283274817
74d39865-3a0b-4485-94be-92b0b184fe89,,http://www.gencourt.state.nh.us/bill_Status/bill_status.aspx?lsr=2914&sy=2020&sortoption=&txtsessionyear=2020,ocd-bill/15272333-c965-4709-8386-7e9101844e7c
e1992ac6-0bae-481a-8661-ae6b8d4306ca,,http://www.gencourt.state.nh.us/bill_Status/bill_status.aspx?lsr=2526&sy=2020&sortoption=&txtsessionyear=2020,ocd-bill/8ca5e31d-a4b2-4f1a-998d-cdbd29a15a8a
1c818c74-5734-459b-964b-f2af95e1bed0,,http://www.gencourt.state.nh.us/bill_Status/bill_status.aspx?lsr=2069&sy=2020&sortoption=&txtsessionyear=2020,ocd-bill/617c1773-0de0-4ff4-9990-a9997df0d26a
c42ec19f-460c-4c68-a875-996ff7406026,,http://www.gencourt.state.nh.us/bill_Status/bill_status.aspx?lsr=2397&sy=2020&sortoption=&txtsessionyear=2020,ocd-bill/04061b54-33e3-48a7-83e9-bbd334d21537
8680309d-7a3f-4ed8-b23a-f7baf1d789a5,,http://www.gencourt.state.nh.us/bill_Status/bill_status.aspx?lsr=3056&sy=2020&sortoption=&txtsessionyear=2020,ocd-bill/10ecee3e-401d-438b-a9d1-143db76a0fc4
076add20-2456-47e5-9922-1a48fd17458e,,http://www.gencourt.state.nh.us/bill_Status/bill_status.aspx?lsr=2822&sy=2020&sortoption=&txtsessionyear=2020,ocd-bill/b088885f-4852-4ea6-9c7b-06c2fb8c791f
286ffa66-5678-4cfe-a6d3-eef753b3d698,,http://www.gencourt.state.nh.us/bill_Status/bill_status.aspx?lsr=2941&sy=2020&sortoption=&txtsessionyear=2020,ocd-bill/e4bfa198-7b1f-409d-8d82-23844a4c43b7
d5ba5563-9b9a-4b7f-a5e4-22a2b558fa30,,http://www.gencourt.state.nh.us/bill_Status/bill_status.aspx?lsr=2168&sy=2020&sortoption=&txtsessionyear=2020,ocd-bill/78e97381-ba51-48cd-910f-d82017e651c3
60554a65-c4cd-4ea5-a4b7-d48b9e271261,,http://www.gencourt.state.nh.us/bill_Status/bill_status.aspx?lsr=2290&sy=2020&sortoption=&txtsessionyear=2020,ocd-bill/ba7e9233-6666-4b61-beda-c244bce4ca0c
9854055c-b7a6-47c6-acda-8ed2da234c98,,http://www.gencourt.state.nh.us/bill_Status/bill_status.aspx?lsr=2429&sy=2020&sortoption=&txtsessionyear=2020,ocd-bill/50cba28f-33cb-4e55-9d1a-43a7d5daa678
0b9901e6-6cb7-4e8e-bd87-08fca8e51fcb,,http://www.gencourt.state.nh.us/bill_Status/bill_status.aspx?lsr=2506&sy=2020&sortoption=&txtsessionyear=2020,ocd-bill/f9ed5546-de6a-4018-b7ac-b1305aba4d41
ff288410-4f68-40f6-94c7-037414eaddf5,,http://www.gencourt.state.nh.us/bill_Status/bill_status.aspx?lsr=2542&sy=2020&sortoption=&txtsessionyear=2020,ocd-bill/e767d3ae-a1e3-4174-8613-7435a76f7cf5
7856096e-617c-4431-a11d-23c417b33d51,,http://www.gencourt.state.nh.us/bill_Status/bill_status.aspx?lsr=2845&sy=2020&sortoption=&txtsessionyear=2020,ocd-bill/cce14609-5a20-4719-94c9-8b03667b52cf
3adb47be-6c8b-4bff-9d0b-c4311864fb08,,http://www.gencourt.state.nh.us/bill_Status/bill_status.aspx?lsr=0519&sy=2020&sortoption=&txtsessionyear=2020,ocd-bill/3f6db6e3-8184-4ea1-bd0e-21b4529cf2a3
0cd97d24-a36d-42f2-9d2b-325c6af3a43c,,http://www.gencourt.state.nh.us/bill_Status/bill_status.aspx?lsr=2273&sy=2020&sortoption=&txtsessionyear=2020,ocd-bill/f382569b-c1af-4a56-a7ae-d583c1a778e7
59c73a40-ae2a-4e6d-b8dd-a5ce501881a1,,http://www.gencourt.state.nh.us/bill_Status/bill_status.aspx?lsr=2763&sy=2020&sortoption=&txtsessionyear=2020,ocd-bill/acf0f19f-0a1a-4b7a-a3df-ead16cde3c33
1cc7a9b4-2dc5-4e75-a1d7-8561b994b7be,,http://www.gencourt.state.nh.us/bill_Status/bill_status.aspx?lsr=2147&sy=2020&sortoption=&txtsessionyear=2020,ocd-bill/51791dda-6e54-40cc-b29a-3f8c726c5229
42dd01c2-5a8e-43e3-9134-901440e2a3d2,,http://www.gencourt.state.nh.us/bill_Status/bill_status.aspx?lsr=2101&sy=2020&sortoption=&txtsessionyear=2020,ocd-bill/43b213b1-2974-495c-abb5-22ceb6e2759b
bb52855e-4f3e-4106-b58f-42afc13059cd,,http://www.gencourt.state.nh.us/bill_Status/bill_status.aspx?lsr=2074&sy=2020&sortoption=&txtsessionyear=2020,ocd-bill/bdf4de4e-2186-494e-b0dd-8d88fb73f040
2e21791e-c812-4380-8649-84b466b5d9ed,,http://www.gencourt.state.nh.us/bill_Status/bill_status.aspx?lsr=2114&sy=2020&sortoption=&txtsessionyear=2020,ocd-bill/3a8d76a5-3f6d-4749-8e3c-9cef682772ad
78fa446c-19a8-4549-bdb0-d412f690dccd,,http://www.gencourt.state.nh.us/bill_Status/bill_status.aspx?lsr=2637&sy=2020&sortoption=&txtsessionyear=2020,ocd-bill/f9b02f36-dbad-4b3e-8d50-352df60c197c
b04cc413-a209-4088-a6f3-2702485419d1,,http://www.gencourt.state.nh.us/bill_Status/bill_status.aspx?lsr=2237&sy=2020&sortoption=&txtsessionyear=2020,ocd-bill/d105e386-20e5-47dd-b150-5e5f8e8ed308
a482203a-20d7-4f2f-9467-95552d2e5a9a,,http://www.gencourt.state.nh.us/bill_Status/bill_status.aspx?lsr=2639&sy=2020&sortoption=&txtsessionyear=2020,ocd-bill/44e2a33c-41fa-47c1-81b8-12f2509b981f
f4830500-eb85-4651-947a-1c0c99114c71,,http://www.gencourt.state.nh.us/bill_Status/bill_status.aspx?lsr=2721&sy=2020&sortoption=&txtsessionyear=2020,ocd-bill/e406a2a7-4e48-4e10-990b-3b3470bc1bc6
ce58f2b8-e5ea-403d-8878-c09c2296a713,,http://www.gencourt.state.nh.us/bill_Status/bill_status.aspx?lsr=2387&sy=2020&sortoption=&txtsessionyear=2020,ocd-bill/f1d6becb-516f-4e9f-b3e5-0b8aa3f63521
c0dc2f44-4279-4ad2-898d-c12de0d4517c,,http://www.gencourt.state.nh.us/bill_Status/bill_status.aspx?lsr=2303&sy=2020&sortoption=&txtsessionyear=2020,ocd-bill/ee013e08-f584-4a6e-8627-b79c24aa361c
970c0283-eb07-463f-81b0-97305aff1227,,http://www.gencourt.state.nh.us/bill_Status/bill_status.aspx?lsr=2060&sy=2020&sortoption=&txtsessionyear=2020,ocd-bill/3e31957f-52ca-4e09-adf9-b1fef57e19d3
badaeaa5-8d8d-44dc-928e-686418e07eda,,http://www.gencourt.state.nh.us/bill_Status/bill_status.aspx?lsr=3022&sy=2020&sortoption=&txtsessionyear=2020,ocd-bill/7aa658cf-6134-4a31-8ec1-cf73cd20fad5
36786185-a870-4663-901e-574d753079f2,,http://www.gencourt.state.nh.us/bill_Status/bill_status.aspx?lsr=0702&sy=2020&sortoption=&txtsessionyear=2020,ocd-bill/9bbe8b57-638e-46aa-82d0-b170e6d83771
c89b2656-643c-467b-9cfd-2f2ccff5b3dc,,http://www.gencourt.state.nh.us/bill_Status/bill_status.aspx?lsr=2162&sy=2020&sortoption=&txtsessionyear=2020,ocd-bill/a396cd77-dad9-4812-b556-92d83a991c87
fa539de5-f6f3-4fa3-9556-c22427fe8c58,,http://www.gencourt.state.nh.us/bill_Status/bill_status.aspx?lsr=0751&sy=2020&sortoption=&txtsessionyear=2020,ocd-bill/4cfd5b79-13e1-4f74-99a9-3de60041288c
c42ffd35-0b72-40c7-b8d3-8ad6b4f25e49,,http://www.gencourt.state.nh.us/bill_Status/bill_status.aspx?lsr=2882&sy=2020&sortoption=&txtsessionyear=2020,ocd-bill/c4227785-6d70-4181-99bc-f225b212c4aa
f76dca3c-fcce-4506-8efb-9971cc1ef04a,,http://www.gencourt.state.nh.us/bill_Status/bill_status.aspx?lsr=2004&sy=2020&sortoption=&txtsessionyear=2020,ocd-bill/bfb1a5a7-694e-466f-858c-2e63d2365a0b
123ee1e0-8aa2-4284-8772-3c71a652e79e,,http://www.gencourt.state.nh.us/bill_Status/bill_status.aspx?lsr=3116&sy=2020&sortoption=&txtsessionyear=2020,ocd-bill/fdab97d0-5031-40f1-a4b3-c06999dc582a
1ff1e453-2b03-44a4-904b-05df30e4c1a0,,http://www.gencourt.state.nh.us/bill_Status/bill_status.aspx?lsr=3076&sy=2020&sortoption=&txtsessionyear=2020,ocd-bill/261d8f71-bca7-4bcf-8435-735f14d88aa1
56042f72-0ee8-4878-b577-5900e9cdb96e,,http://www.gencourt.state.nh.us/bill_Status/bill_status.aspx?lsr=2918&sy=2020&sortoption=&txtsessionyear=2020,ocd-bill/e293a687-2db2-407d-9813-bbb3df72e73e
e95b0afd-189c-4d26-b22d-7165fdb1c43a,,http://www.gencourt.state.nh.us/bill_Status/bill_status.aspx?lsr=2555&sy=2020&sortoption=&txtsessionyear=2020,ocd-bill/f71474f2-bd26-48f1-a9a7-83fa5387e8c4
66bb3db7-91f3-4fa4-81d9-61e1879abad3,,http://www.gencourt.state.nh.us/bill_Status/bill_status.aspx?lsr=2681&sy=2020&sortoption=&txtsessionyear=2020,ocd-bill/2441cd08-37cd-4d20-b5f0-86361fda6c5b
5b7a42b8-441b-4be0-9201-e01e004d94bf,,http://www.gencourt.state.nh.us/bill_Status/bill_status.aspx?lsr=2175&sy=2020&sortoption=&txtsessionyear=2020,ocd-bill/d55c8f59-0a3c-4ac0-a63c-abcf8b54a2ac
4f5b0225-d0d4-4db2-ad0f-cdcd036a8b4a,,http://www.gencourt.state.nh.us/bill_Status/bill_status.aspx?lsr=2649&sy=2020&sortoption=&txtsessionyear=2020,ocd-bill/c19f7e94-7bc8-4785-8bf4-44290c541cd9
985b7a11-5174-40df-874a-cfec560b7d55,,http://www.gencourt.state.nh.us/bill_Status/bill_status.aspx?lsr=2461&sy=2020&sortoption=&txtsessionyear=2020,ocd-bill/e26c6d2c-f70d-4d4c-9b64-f27774d533a8
f24651d4-a262-4ee5-ac88-b7d925c19c1d,,http://www.gencourt.state.nh.us/bill_Status/bill_status.aspx?lsr=2421&sy=2020&sortoption=&txtsessionyear=2020,ocd-bill/e2aef8c2-1b9d-42f3-a6a5-db4f03adebe9
a5a405ab-ea8f-4f5a-b8e8-c4b6e43b4eb5,,http://www.gencourt.state.nh.us/bill_Status/bill_status.aspx?lsr=2550&sy=2020&sortoption=&txtsessionyear=2020,ocd-bill/79dbc078-a457-435a-81ca-b1ecf4abbd44
3ee45744-f745-4355-b372-4f03ef46caa0,,http://www.gencourt.state.nh.us/bill_Status/bill_status.aspx?lsr=2086&sy=2020&sortoption=&txtsessionyear=2020,ocd-bill/1505ab70-9a56-4b62-8d80-fae30eea5151
c1a37a83-3ac7-4ae6-9bba-d00e4e878875,,http://www.gencourt.state.nh.us/bill_Status/bill_status.aspx?lsr=2080&sy=2020&sortoption=&txtsessionyear=2020,ocd-bill/99d0bea5-138f-46ac-89cc-7b557193c8c6
dc91c377-7ba0-4ee3-a826-d9239a845141,,http://www.gencourt.state.nh.us/bill_Status/bill_status.aspx?lsr=0007&sy=2020&sortoption=&txtsessionyear=2020,ocd-bill/22eb6e99-8fb0-40e9-8cb4-42b4fa371ff7
bf433c8d-0a08-4bfa-9ed9-f4e105e927d0,,http://www.gencourt.state.nh.us/bill_Status/bill_status.aspx?lsr=3061&sy=2020&sortoption=&txtsessionyear=2020,ocd-bill/f31d526f-50a5-4533-91ba-88d76d2d6c12
345f8397-2955-4a91-bbca-148441b09189,,http://www.gencourt.state.nh.us/bill_Status/bill_status.aspx?lsr=2859&sy=2020&sortoption=&txtsessionyear=2020,ocd-bill/6885891f-7b24-42d3-ac73-1cc9ebaeb9ed
00a7cfed-dba3-4b5a-93a6-23e315b90e7c,,http://www.gencourt.state.nh.us/bill_Status/bill_status.aspx?lsr=2356&sy=2020&sortoption=&txtsessionyear=2020,ocd-bill/7526da58-fb74-4ecf-b887-40eebf6113b2
58d637d7-6893-444e-8db9-2863bc8693d0,,http://www.gencourt.state.nh.us/bill_Status/bill_status.aspx?lsr=3024&sy=2020&sortoption=&txtsessionyear=2020,ocd-bill/a80a0a79-667b-477c-900e-9be8066a7888
b6e42190-b626-45df-b70c-720c66e0616a,,http://www.gencourt.state.nh.us/bill_Status/bill_status.aspx?lsr=2270&sy=2020&sortoption=&txtsessionyear=2020,ocd-bill/14b6bdae-de36-41c0-94fa-c957e1133eba
dd7fc202-f491-47f0-b0ae-0eaa9606b02a,,http://www.gencourt.state.nh.us/bill_Status/bill_status.aspx?lsr=2647&sy=2020&sortoption=&txtsessionyear=2020,ocd-bill/d354f541-0366-4425-8e6c-dfcafc0d198c
6a4bec7f-9b4a-435d-bbda-fc9a0fe061e6,,http://www.gencourt.state.nh.us/bill_Status/bill_status.aspx?lsr=2725&sy=2020&sortoption=&txtsessionyear=2020,ocd-bill/c1d4f47e-5371-4f1a-96f5-75a2dc98d345
98c47b0a-3ad0-4e3d-90ee-e2dab0a48474,,http://www.gencourt.state.nh.us/bill_Status/bill_status.aspx?lsr=3107&sy=2020&sortoption=&txtsessionyear=2020,ocd-bill/e5b4ea38-c6e4-46e5-b708-9d2337198f48
f96e17e0-7553-459e-9de9-2e3abd5964ec,,http://www.gencourt.state.nh.us/bill_Status/bill_status.aspx?lsr=2401&sy=2020&sortoption=&txtsessionyear=2020,ocd-bill/7187daeb-6ab0-44bf-8626-2dd386c4514a
fbf0ac8d-8e99-446f-8da0-986efa86a4c1,,http://www.gencourt.state.nh.us/bill_Status/bill_status.aspx?lsr=0761&sy=2020&sortoption=&txtsessionyear=2020,ocd-bill/5e65f48d-06ec-4cb2-b1f3-56c9185fa51e
c700ac0b-06f0-410e-bd17-6ac6a6cab4f7,,http://www.gencourt.state.nh.us/bill_Status/bill_status.aspx?lsr=2281&sy=2020&sortoption=&txtsessionyear=2020,ocd-bill/e25e58c5-c2a8-421d-ad0f-c13c36a33b3c
db429cef-3eca-48a0-86cb-3866ff71360e,,http://www.gencourt.state.nh.us/bill_Status/bill_status.aspx?lsr=2558&sy=2020&sortoption=&txtsessionyear=2020,ocd-bill/579b4583-a300-42e7-8b5e-a837a72c525a
d004f98a-3825-4b50-a158-9682a9f46e4f,,http://www.gencourt.state.nh.us/bill_Status/bill_status.aspx?lsr=2344&sy=2020&sortoption=&txtsessionyear=2020,ocd-bill/5d28aba8-a14d-4d1c-8cff-a3b367a4b978
6511e8b3-7a7e-4f86-b694-4658e3012fa9,,http://www.gencourt.state.nh.us/bill_Status/bill_status.aspx?lsr=2178&sy=2020&sortoption=&txtsessionyear=2020,ocd-bill/c7dc836f-43f0-4348-b8cf-39bf3f22bc09
a74cb90b-a0e6-4bf1-a790-044b9226fd42,,http://www.gencourt.state.nh.us/bill_Status/bill_status.aspx?lsr=2043&sy=2020&sortoption=&txtsessionyear=2020,ocd-bill/1f90b4da-d1eb-4915-a3dc-4fcff9004f33
a6aec30b-366b-46cd-b027-97f43e96b3d6,,http://www.gencourt.state.nh.us/bill_Status/bill_status.aspx?lsr=2470&sy=2020&sortoption=&txtsessionyear=2020,ocd-bill/231e8aa4-86d3-4f0b-af65-292bc2324a74
677f055d-73cd-4fcd-afd5-7fb495038e35,,http://www.gencourt.state.nh.us/bill_Status/bill_status.aspx?lsr=2027&sy=2020&sortoption=&txtsessionyear=2020,ocd-bill/41110e2f-55d0-47f7-b059-3ff15ea626f2
96018b4a-d2c8-4841-985b-488ec94946cb,,http://www.gencourt.state.nh.us/bill_Status/bill_status.aspx?lsr=2524&sy=2020&sortoption=&txtsessionyear=2020,ocd-bill/536a3c1e-bd64-4f3f-8dc5-8d97283e0f2b
d31f681e-e331-41e6-a26a-5fe76cc6bc8b,,http://www.gencourt.state.nh.us/bill_Status/bill_status.aspx?lsr=2204&sy=2020&sortoption=&txtsessionyear=2020,ocd-bill/d7b05d16-8f89-4870-9b65-22fa9dbf834f
b4512121-b2ce-4f1d-ba0b-6e1539ffec3c,,http://www.gencourt.state.nh.us/bill_Status/bill_status.aspx?lsr=0228&sy=2020&sortoption=&txtsessionyear=2020,ocd-bill/16ad25b7-2091-4f01-83a0-92613a3b9511
bf039ea5-3667-4c77-9073-59e3840563a1,,http://www.gencourt.state.nh.us/bill_Status/bill_status.aspx?lsr=3144&sy=2020&sortoption=&txtsessionyear=2020,ocd-bill/42127cc4-f7c0-43b4-ba95-a3f5251c18e7
d0726ff8-b6bb-4671-a992-ae7cfd81378a,,http://www.gencourt.state.nh.us/bill_Status/bill_status.aspx?lsr=2127&sy=2020&sortoption=&txtsessionyear=2020,ocd-bill/baeebd2a-2483-4f1c-b9ef-bc0e3e132f4e
d14f721a-1502-4a5f-a631-caa0ce34bad6,,http://www.gencourt.state.nh.us/bill_Status/bill_status.aspx?lsr=2399&sy=2020&sortoption=&txtsessionyear=2020,ocd-bill/d9ac3c06-0eae-4898-a0e6-e6e2099e8628
945f0cae-716e-4662-b0e0-92e8bc4f8112,,http://www.gencourt.state.nh.us/bill_Status/bill_status.aspx?lsr=3011&sy=2020&sortoption=&txtsessionyear=2020,ocd-bill/62b7299a-f3df-4940-9c02-6d15e978998e
9e93600a-c255-4868-b684-fd9ec3e167d0,,http://www.gencourt.state.nh.us/bill_Status/bill_status.aspx?lsr=2806&sy=2020&sortoption=&txtsessionyear=2020,ocd-bill/41ccc440-19de-4a89-88d1-b0eae7963672
1c106b11-bc93-4d73-a2bc-89963fb6d3f5,,http://www.gencourt.state.nh.us/bill_Status/bill_status.aspx?lsr=2827&sy=2020&sortoption=&txtsessionyear=2020,ocd-bill/aeaf0db2-88c5-4f30-ba50-307ef8a2061f
3623101f-8cf1-4c8e-970d-69ad4684f48a,,http://www.gencourt.state.nh.us/bill_Status/bill_status.aspx?lsr=2221&sy=2020&sortoption=&txtsessionyear=2020,ocd-bill/099d7ddd-85d3-4fa2-b6ba-c5dd0209e958
df80fa9f-0d74-46d0-b894-73a069f713b8,,http://www.gencourt.state.nh.us/bill_Status/bill_status.aspx?lsr=3091&sy=2020&sortoption=&txtsessionyear=2020,ocd-bill/da1250fd-7792-430e-85dd-30192f1cbef0
35a0365e-b289-4375-b5b9-f2568fa7b34c,,http://www.gencourt.state.nh.us/bill_Status/bill_status.aspx?lsr=2912&sy=2020&sortoption=&txtsessionyear=2020,ocd-bill/82f8323f-e312-4ca1-90e4-f1075c05da4b
f70d2d99-df64-4d56-9e36-08ab308576e8,,http://www.gencourt.state.nh.us/bill_Status/bill_status.aspx?lsr=2667&sy=2020&sortoption=&txtsessionyear=2020,ocd-bill/62240c96-8054-4282-83e7-7cd55c075f2e
c0869e0a-a722-4185-8b88-0364655d523b,,http://www.gencourt.state.nh.us/bill_Status/bill_status.aspx?lsr=2352&sy=2020&sortoption=&txtsessionyear=2020,ocd-bill/6ae3993d-b318-44d3-81eb-e951bc1070bd
ceae041b-b404-4875-9425-8bc06db42e5e,,http://www.gencourt.state.nh.us/bill_Status/bill_status.aspx?lsr=2008&sy=2020&sortoption=&txtsessionyear=2020,ocd-bill/1ee00f32-0627-4d86-920c-062fca7b7b79
5e6aecdd-ee4e-4e89-ad91-04d55a9e7614,,http://www.gencourt.state.nh.us/bill_Status/bill_status.aspx?lsr=2301&sy=2020&sortoption=&txtsessionyear=2020,ocd-bill/e3747c6d-8022-4291-82c9-5626ca52ca4e
62c7c9cc-b61a-4a64-bd3a-79c8a587f58b,,http://www.gencourt.state.nh.us/bill_Status/bill_status.aspx?lsr=2288&sy=2020&sortoption=&txtsessionyear=2020,ocd-bill/d261fa62-cc49-4246-9d99-71b2085acb65
e0f1cf2e-ff38-4337-86eb-9fefd16a7695,,http://www.gencourt.state.nh.us/bill_Status/bill_status.aspx?lsr=2696&sy=2020&sortoption=&txtsessionyear=2020,ocd-bill/60173f93-b5fb-41bf-a556-736ac1e5aba2
4be136be-3994-4cf0-9e3f-f08bd9ca50a3,,http://www.gencourt.state.nh.us/bill_Status/bill_status.aspx?lsr=2166&sy=2020&sortoption=&txtsessionyear=2020,ocd-bill/2fee0b18-fd1e-4943-8ca2-f21e60100e50
18dea8f4-9756-4f9e-9def-12882d05993c,,http://www.gencourt.state.nh.us/bill_Status/bill_status.aspx?lsr=3097&sy=2020&sortoption=&txtsessionyear=2020,ocd-bill/b2d7f2d3-6e21-49c3-b150-5afc1c9735f8
1db57a22-e622-4906-851e-93967b70c8cc,,http://www.gencourt.state.nh.us/bill_Status/bill_status.aspx?lsr=2632&sy=2020&sortoption=&txtsessionyear=2020,ocd-bill/3e4ffbbf-d77f-46e1-86d8-f832405b605d
42b5da19-35d2-44bb-a6e9-35050a1cadd5,,http://www.gencourt.state.nh.us/bill_Status/bill_status.aspx?lsr=1085&sy=2020&sortoption=&txtsessionyear=2020,ocd-bill/a2905883-1188-4aaa-af18-8396d05ac0bc
b98661b3-8f09-4624-a663-b7b0a98c7046,,http://www.gencourt.state.nh.us/bill_Status/bill_status.aspx?lsr=2665&sy=2020&sortoption=&txtsessionyear=2020,ocd-bill/937c9e08-2ab8-4b45-9a06-b442537cedfb
4965d6df-1c0f-4e8f-842d-7077c7cd37a9,,http://www.gencourt.state.nh.us/bill_Status/bill_status.aspx?lsr=3146&sy=2020&sortoption=&txtsessionyear=2020,ocd-bill/5d723567-809d-4796-a5e9-60e9fbf74ed8
cc8c9e14-8263-435f-b6cc-90d91d2f6ff3,,http://www.gencourt.state.nh.us/bill_Status/bill_status.aspx?lsr=3123&sy=2020&sortoption=&txtsessionyear=2020,ocd-bill/e7530d9f-3532-4bce-b0f9-f7ba5ca8fd24
52a750b6-b9da-45f7-9b88-8fa3253e484c,,http://www.gencourt.state.nh.us/bill_Status/bill_status.aspx?lsr=0517&sy=2020&sortoption=&txtsessionyear=2020,ocd-bill/ff4a94fb-42d5-4dd4-99f1-dc291ebb6d3c
7592d52e-8d9f-4496-bc68-a8323cafad67,,http://www.gencourt.state.nh.us/bill_Status/bill_status.aspx?lsr=3074&sy=2020&sortoption=&txtsessionyear=2020,ocd-bill/7d50ee65-021e-42bb-b53c-ea1279679cf3
641c4798-1463-42f8-be4d-c8fbf6be8d70,,http://www.gencourt.state.nh.us/bill_Status/bill_status.aspx?lsr=2857&sy=2020&sortoption=&txtsessionyear=2020,ocd-bill/27aa8e8a-f665-4ee5-aee2-f7abe2b50d1f
b0b913d8-5392-42cd-9475-281369015c2a,,http://www.gencourt.state.nh.us/bill_Status/bill_status.aspx?lsr=2752&sy=2020&sortoption=&txtsessionyear=2020,ocd-bill/ef5b0777-88f1-46cb-a19a-dc9c4626cae4
86827f65-ac4f-4e5d-9576-daf28c6bf122,,http://www.gencourt.state.nh.us/bill_Status/bill_status.aspx?lsr=1109&sy=2020&sortoption=&txtsessionyear=2020,ocd-bill/c0f31ab5-69a9-4219-bdae-3198073098d1
74dd44b6-4de7-4191-b160-af46c4b2f09f,,http://www.gencourt.state.nh.us/bill_Status/bill_status.aspx?lsr=2888&sy=2020&sortoption=&txtsessionyear=2020,ocd-bill/f9b02dea-aee5-49e6-888b-5abace674b31
839fea84-0328-49a7-82e4-37a72261e3d8,,http://www.gencourt.state.nh.us/bill_Status/bill_status.aspx?lsr=2790&sy=2020&sortoption=&txtsessionyear=2020,ocd-bill/e3e0cef5-d6f4-4106-aa43-dcc022231f8e
117809ca-5f51-431b-8110-0b7cebf849b8,,http://www.gencourt.state.nh.us/bill_Status/bill_status.aspx?lsr=2996&sy=2020&sortoption=&txtsessionyear=2020,ocd-bill/29aeb02c-246f-4989-9517-b4bd634fb588
dbe5f630-c18f-4e67-af86-9b2dc92f597a,,http://www.gencourt.state.nh.us/bill_Status/bill_status.aspx?lsr=2905&sy=2020&sortoption=&txtsessionyear=2020,ocd-bill/5dec6d86-2197-4fbb-a44f-d6611eb45360
7b1413c3-fd19-403b-9db7-11b227d82a08,,http://www.gencourt.state.nh.us/bill_Status/bill_status.aspx?lsr=2805&sy=2020&sortoption=&txtsessionyear=2020,ocd-bill/49738192-5e22-4405-ad58-ef4461a47371
ca51c97e-3499-4848-bd4e-c07d56940acc,,http://www.gencourt.state.nh.us/bill_Status/bill_status.aspx?lsr=2731&sy=2020&sortoption=&txtsessionyear=2020,ocd-bill/f62a6749-e119-45c9-a5cb-e7f3766a1681
fbe5ffe1-bee8-409d-8db3-be4f90e5de68,,http://www.gencourt.state.nh.us/bill_Status/bill_status.aspx?lsr=2963&sy=2020&sortoption=&txtsessionyear=2020,ocd-bill/7848b396-121e-465a-a509-76dbc965428f
3fbc7f11-7bc5-4abd-a6b3-d33889a1ab6c,,http://www.gencourt.state.nh.us/bill_Status/bill_status.aspx?lsr=2900&sy=2020&sortoption=&txtsessionyear=2020,ocd-bill/e2236265-b604-4f87-945c-e17d841ae997
4d9aa992-b620-43f3-810b-1a1d1fd8acd3,,http://www.gencourt.state.nh.us/bill_Status/bill_status.aspx?lsr=2950&sy=2020&sortoption=&txtsessionyear=2020,ocd-bill/546f62d8-01f1-49d9-83c2-e6beb7fb9301
b6423d07-70c6-4351-96b4-681bd8e799da,,http://www.gencourt.state.nh.us/bill_Status/bill_status.aspx?lsr=2977&sy=2020&sortoption=&txtsessionyear=2020,ocd-bill/efacef2b-3ef3-4638-a996-6601048e94b1
94e7bb65-7383-4ed8-a147-f8b18a18917c,,http://www.gencourt.state.nh.us/bill_Status/bill_status.aspx?lsr=0877&sy=2020&sortoption=&txtsessionyear=2020,ocd-bill/0834a310-b1bf-4e06-b71f-d09cc3252682
49f2c270-63a5-4e8e-8e38-e6b2ba8e388b,,http://www.gencourt.state.nh.us/bill_Status/bill_status.aspx?lsr=2824&sy=2020&sortoption=&txtsessionyear=2020,ocd-bill/68e35b9e-7942-4b14-aba0-8d5ec4c1ee6c
c635d54a-2e69-48c7-8b7e-d383cf273435,,http://www.gencourt.state.nh.us/bill_Status/bill_status.aspx?lsr=2750&sy=2020&sortoption=&txtsessionyear=2020,ocd-bill/1a437b9d-b161-414d-a3f1-2c7e6a0d2ef4
584ff416-079e-41b8-a35a-a6284507eff3,,http://www.gencourt.state.nh.us/bill_Status/bill_status.aspx?lsr=2890&sy=2020&sortoption=&txtsessionyear=2020,ocd-bill/1336e964-a6b5-4b53-b1ab-9363bf1b14db
37700493-94a4-4228-8589-8b0e59584104,,http://www.gencourt.state.nh.us/bill_Status/bill_status.aspx?lsr=2976&sy=2020&sortoption=&txtsessionyear=2020,ocd-bill/71a3e93e-947a-4e0b-8b66-9bfda6e32ed8
f7703cb4-03fd-4bee-aa76-0aaddbe9632c,,http://www.gencourt.state.nh.us/bill_Status/bill_status.aspx?lsr=3072&sy=2020&sortoption=&txtsessionyear=2020,ocd-bill/55ea74a5-81e8-4bc6-a542-b4069c1651ab
276b3a0c-4d2b-48f8-8a55-1d9a2fb1e52a,,http://www.gencourt.state.nh.us/bill_Status/bill_status.aspx?lsr=3019&sy=2020&sortoption=&txtsessionyear=2020,ocd-bill/93d193d4-b15d-4bd3-8f77-d909d15ab396
1d032455-836e-48ae-aee7-96568e4d838e,,http://www.gencourt.state.nh.us/bill_Status/bill_status.aspx?lsr=2947&sy=2020&sortoption=&txtsessionyear=2020,ocd-bill/e5f17886-fc56-4c98-b610-2306a31b4c6a
992063ef-f453-460b-b669-94614fd4c327,,http://www.gencourt.state.nh.us/bill_Status/bill_status.aspx?lsr=3039&sy=2020&sortoption=&txtsessionyear=2020,ocd-bill/76e7502a-106d-4ded-907b-adc0a9edd6f3
72e3c302-3830-4b25-9b1c-b0066a5cdbbe,,http://www.gencourt.state.nh.us/bill_Status/bill_status.aspx?lsr=2786&sy=2020&sortoption=&txtsessionyear=2020,ocd-bill/5c065e4d-9c94-47be-a78c-d26a46744fdd
4c8c12d4-22c6-483d-b64f-05974c75b2a9,,http://www.gencourt.state.nh.us/bill_Status/bill_status.aspx?lsr=2815&sy=2020&sortoption=&txtsessionyear=2020,ocd-bill/804dc503-fc27-4abc-87fe-21035c348649
f4d2ec16-601e-4e3a-9c38-906a4d531da4,,http://www.gencourt.state.nh.us/bill_Status/bill_status.aspx?lsr=2940&sy=2020&sortoption=&txtsessionyear=2020,ocd-bill/858d1de2-0725-45ab-a6a5-b99d02752841
00c533ea-105b-43db-b7ec-3fc566d3a470,,http://www.gencourt.state.nh.us/bill_Status/bill_status.aspx?lsr=2840&sy=2020&sortoption=&txtsessionyear=2020,ocd-bill/bfa3bc40-536b-4418-af34-514013bb89f6
8f261194-e82c-4b70-a5e9-7a10749d2e6a,,http://www.gencourt.state.nh.us/bill_Status/bill_status.aspx?lsr=2800&sy=2020&sortoption=&txtsessionyear=2020,ocd-bill/d0ef5942-c647-45ee-a112-e23e87ebdfda
92de6c3b-1eb1-43a3-ba6a-b1aacfd2b51d,,http://www.gencourt.state.nh.us/bill_Status/bill_status.aspx?lsr=2965&sy=2020&sortoption=&txtsessionyear=2020,ocd-bill/f41be4ab-ab41-4a2f-b6e8-8feb6684680a
5b857833-a26d-4941-aea6-dfcc2c3c42c4,,http://www.gencourt.state.nh.us/bill_Status/bill_status.aspx?lsr=3078&sy=2020&sortoption=&txtsessionyear=2020,ocd-bill/80c1c530-7065-46e8-b3df-309eb7ab32e1
6a4a0bfc-1918-44cf-a627-97c953873598,,http://www.gencourt.state.nh.us/bill_Status/bill_status.aspx?lsr=3118&sy=2020&sortoption=&txtsessionyear=2020,ocd-bill/2de51862-6820-4805-8ec1-1a4d00be164c
9e8383f7-3ec8-4142-90b6-55c767a4a370,,http://www.gencourt.state.nh.us/bill_Status/bill_status.aspx?lsr=2179&sy=2020&sortoption=&txtsessionyear=2020,ocd-bill/40e528d8-8d42-422e-9092-b2dbd3013e42
28668465-2bb2-475c-a2ad-691a5c46c534,,http://www.gencourt.state.nh.us/bill_Status/bill_status.aspx?lsr=2819&sy=2020&sortoption=&txtsessionyear=2020,ocd-bill/9fec4ca5-59f4-48fc-aa75-475da28350fc
f8a02e8f-bf29-424e-8dd2-e7fc617a02f5,,http://www.gencourt.state.nh.us/bill_Status/bill_status.aspx?lsr=2293&sy=2020&sortoption=&txtsessionyear=2020,ocd-bill/b1c5ef68-aa0f-4a16-9feb-d9d3bdc3d9c0
405ea6c7-04aa-49c3-8bb6-21e2b7d86b75,,http://www.gencourt.state.nh.us/bill_Status/bill_status.aspx?lsr=2915&sy=2020&sortoption=&txtsessionyear=2020,ocd-bill/04ff5110-6621-4417-a3d9-45fbec25a087
1b52b0b0-ec09-4cae-be60-b47811bef7be,,http://www.gencourt.state.nh.us/bill_Status/bill_status.aspx?lsr=2695&sy=2020&sortoption=&txtsessionyear=2020,ocd-bill/d3e82cc5-a216-4a3a-ac03-dde5aeab6221
34cf475d-17d7-4e04-bbaa-5dce83e581af,,http://www.gencourt.state.nh.us/bill_Status/bill_status.aspx?lsr=2807&sy=2020&sortoption=&txtsessionyear=2020,ocd-bill/fa3657b1-0a0f-4a12-9ffa-6bebdf68c341
ac9f4a2d-bd8b-481f-b36f-8dbc866c9cbb,,http://www.gencourt.state.nh.us/bill_Status/bill_status.aspx?lsr=2562&sy=2020&sortoption=&txtsessionyear=2020,ocd-bill/b013d13b-682f-45ac-9fac-3ddecdf6fd28
26e746b0-e167-4d76-929f-c98b5b2a0523,,http://www.gencourt.state.nh.us/bill_Status/bill_status.aspx?lsr=2316&sy=2020&sortoption=&txtsessionyear=2020,ocd-bill/fe986fab-796b-46f5-a225-fcfb6ebb0963
3c926868-d439-44dc-bbaa-5959e9a30f2e,,http://www.gencourt.state.nh.us/bill_Status/bill_status.aspx?lsr=2495&sy=2020&sortoption=&txtsessionyear=2020,ocd-bill/42e1dd26-1688-4e85-a513-4698785b1635
6af0cff6-1896-40b3-897e-edf134da10c5,,http://www.gencourt.state.nh.us/bill_Status/bill_status.aspx?lsr=2842&sy=2020&sortoption=&txtsessionyear=2020,ocd-bill/77a40bc8-c4ef-44ab-9439-7be576d616da
8e52ed58-6623-41b9-a1db-e6c226988a7b,,http://www.gencourt.state.nh.us/bill_Status/bill_status.aspx?lsr=2907&sy=2020&sortoption=&txtsessionyear=2020,ocd-bill/f1cc1f36-1b0d-4e3f-ac09-50cdc3e3c271
5f8a8e68-5d3d-4dcc-853a-62a3eda190d8,,http://www.gencourt.state.nh.us/bill_Status/bill_status.aspx?lsr=3050&sy=2020&sortoption=&txtsessionyear=2020,ocd-bill/b2b86335-3201-46f3-a6c4-85f95d558cf2
2e06d4bd-7409-4276-8839-ae2a72e6ffcf,,http://www.gencourt.state.nh.us/bill_Status/bill_status.aspx?lsr=2957&sy=2020&sortoption=&txtsessionyear=2020,ocd-bill/ae7c37a7-e6fc-4cf0-88f1-df1403095962
0a6dd37d-8452-4a75-8561-b882afdb5853,,http://www.gencourt.state.nh.us/bill_Status/bill_status.aspx?lsr=0409&sy=2020&sortoption=&txtsessionyear=2020,ocd-bill/00cb0aa8-fe99-4b07-9236-3da0b0dc5d50
41079ed2-c17d-4505-aaf8-cfa9be500a5d,,http://www.gencourt.state.nh.us/bill_Status/bill_status.aspx?lsr=3084&sy=2020&sortoption=&txtsessionyear=2020,ocd-bill/551c7a7b-1d5d-4bfd-afd4-79fae2a7d02d
4891e0f2-1dd8-4b83-b6c2-80bd800062b7,,http://www.gencourt.state.nh.us/bill_Status/bill_status.aspx?lsr=2982&sy=2020&sortoption=&txtsessionyear=2020,ocd-bill/f5ae3dc3-e4e0-4f63-a233-222b8b13ad4f
8329eaa1-3571-497f-8208-c461064d3e6d,,http://www.gencourt.state.nh.us/bill_Status/bill_status.aspx?lsr=2519&sy=2020&sortoption=&txtsessionyear=2020,ocd-bill/3dce3b09-b1bd-4463-861a-4b7c3b4a6a9e
0d8b7970-efae-42c6-a8f9-dcacbdf4bf56,,http://www.gencourt.state.nh.us/bill_Status/bill_status.aspx?lsr=3055&sy=2020&sortoption=&txtsessionyear=2020,ocd-bill/340988c6-4fde-4322-9aa1-c87f78429f02
77bce0ab-f0c7-4788-a32d-8bd3ff10afab,,http://www.gencourt.state.nh.us/bill_Status/bill_status.aspx?lsr=2847&sy=2020&sortoption=&txtsessionyear=2020,ocd-bill/a7abdc28-9cb0-46e4-82cc-ea8486f193e2
1cd72ba1-08b1-42b4-9ac1-a75d01240a77,,http://www.gencourt.state.nh.us/bill_Status/bill_status.aspx?lsr=2177&sy=2020&sortoption=&txtsessionyear=2020,ocd-bill/c771a58d-ac03-43d8-9dd8-9bada26cd4a0
986ac439-d74b-490c-93cb-c03119f4fdc0,,http://www.gencourt.state.nh.us/bill_Status/bill_status.aspx?lsr=2893&sy=2020&sortoption=&txtsessionyear=2020,ocd-bill/daa9befb-203f-4a82-8b02-702f060cbc70
8d3e38dd-932d-4423-8076-153f25c9dc56,,http://www.gencourt.state.nh.us/bill_Status/bill_status.aspx?lsr=2700&sy=2020&sortoption=&txtsessionyear=2020,ocd-bill/dc92b229-0ada-4fb7-8fe7-b4e2d9484bf2
bd0739c8-9551-42de-81f6-5d300b818ad2,,http://www.gencourt.state.nh.us/bill_Status/bill_status.aspx?lsr=3071&sy=2020&sortoption=&txtsessionyear=2020,ocd-bill/b65c4234-93b6-484b-bd83-d1d5a0247c73
2fe4efd3-8b4b-482d-a322-02da93549e5f,,http://www.gencourt.state.nh.us/bill_Status/bill_status.aspx?lsr=3040&sy=2020&sortoption=&txtsessionyear=2020,ocd-bill/3f32a1cd-df45-4093-8136-e9878eda98a8
53313eb3-ec4a-4454-a11b-edc9091b07ff,,http://www.gencourt.state.nh.us/bill_Status/bill_status.aspx?lsr=2895&sy=2020&sortoption=&txtsessionyear=2020,ocd-bill/d013615d-4ab4-4155-a6a0-c4ae3f1d1e73
4bb53395-1e20-416c-81ed-d4afd8757883,,http://www.gencourt.state.nh.us/bill_Status/bill_status.aspx?lsr=2403&sy=2020&sortoption=&txtsessionyear=2020,ocd-bill/fc3fb91e-de89-4c42-be56-b3dd039b4499
6beb4433-cffe-46ca-a645-25297c09a03f,,http://www.gencourt.state.nh.us/bill_Status/bill_status.aspx?lsr=0078&sy=2020&sortoption=&txtsessionyear=2020,ocd-bill/d453e498-8991-4517-a768-e8a67e204b3d
f462e76e-4e39-4b0d-9afd-dc82cb89bf95,,http://www.gencourt.state.nh.us/bill_Status/bill_status.aspx?lsr=2437&sy=2020&sortoption=&txtsessionyear=2020,ocd-bill/8d5b7a9b-a579-48b5-bc8f-c4ad09f234c9
d648cb56-cf62-4a18-9690-7d362cab5636,,http://www.gencourt.state.nh.us/bill_Status/bill_status.aspx?lsr=3114&sy=2020&sortoption=&txtsessionyear=2020,ocd-bill/446bee16-d0bd-4cae-9528-c95b1c8a4276
f9c26abd-89f3-438d-a107-722af4ceeaa3,,http://www.gencourt.state.nh.us/bill_Status/bill_status.aspx?lsr=2972&sy=2020&sortoption=&txtsessionyear=2020,ocd-bill/edc0e4a6-6486-4151-97ca-85adf659538e
ba4d84cf-66f3-4f69-bd56-f1c2acc77715,,http://www.gencourt.state.nh.us/bill_Status/bill_status.aspx?lsr=2734&sy=2020&sortoption=&txtsessionyear=2020,ocd-bill/ba2108d2-db92-4cb7-ae6b-c012f71e4843
b010c50f-871e-4794-8076-5f64b88925ac,,http://www.gencourt.state.nh.us/bill_Status/bill_status.aspx?lsr=2744&sy=2020&sortoption=&txtsessionyear=2020,ocd-bill/519c58d2-ee60-4e83-b4ad-9981f0d2fe61
585046a3-0929-444e-bba6-5e32af31932d,,http://www.gencourt.state.nh.us/bill_Status/bill_status.aspx?lsr=2765&sy=2020&sortoption=&txtsessionyear=2020,ocd-bill/6d683d82-6737-4726-bda7-bd3fbad5dc91
b54bae5b-5595-402b-929b-b1f53d7a3c53,,http://www.gencourt.state.nh.us/bill_Status/bill_status.aspx?lsr=2309&sy=2020&sortoption=&txtsessionyear=2020,ocd-bill/4ff4d6b3-2356-4cce-bad3-3cdfbf5bfb67
ce917bdf-7755-4639-8033-ea3e038b9c89,,http://www.gencourt.state.nh.us/bill_Status/bill_status.aspx?lsr=2629&sy=2020&sortoption=&txtsessionyear=2020,ocd-bill/c20ed5a7-1208-4493-916b-9f84324f8dc7
4200b855-448b-4650-aabb-e44bb5b501a4,,http://www.gencourt.state.nh.us/bill_Status/bill_status.aspx?lsr=3045&sy=2020&sortoption=&txtsessionyear=2020,ocd-bill/67d1a2f8-d1c4-4bb3-9fa0-ddeb08e47c3d
736c1ac0-da3e-4534-81dc-e00fb214a81b,,http://www.gencourt.state.nh.us/bill_Status/bill_status.aspx?lsr=2017&sy=2020&sortoption=&txtsessionyear=2020,ocd-bill/ddb7c3d8-db98-443c-9fc5-c3901d2c1361
a8437468-abdf-48ad-b825-582d93354742,,http://www.gencourt.state.nh.us/bill_Status/bill_status.aspx?lsr=3001&sy=2020&sortoption=&txtsessionyear=2020,ocd-bill/9bb40d96-cf2e-4413-9b4a-f7ec002ffd1d
604f716d-3ac8-4301-b1b5-25e81658e9c9,,http://www.gencourt.state.nh.us/bill_Status/bill_status.aspx?lsr=2701&sy=2020&sortoption=&txtsessionyear=2020,ocd-bill/7b1cb883-477d-4a43-9758-4dc70e7da7a3
49851ed9-c8ea-4157-b968-356dcfa84ea0,,http://www.gencourt.state.nh.us/bill_Status/bill_status.aspx?lsr=2067&sy=2020&sortoption=&txtsessionyear=2020,ocd-bill/e36e5cb6-5455-46d2-b206-5e362cea6884
734d3691-24d0-4d90-84c2-7cba9a004e78,,http://www.gencourt.state.nh.us/bill_Status/bill_status.aspx?lsr=0088&sy=2020&sortoption=&txtsessionyear=2020,ocd-bill/24df7976-4184-4f82-a5f4-3d0b7351e504
c08bdbf8-4f5e-4663-ad93-04868370be8f,,http://www.gencourt.state.nh.us/bill_Status/bill_status.aspx?lsr=3122&sy=2020&sortoption=&txtsessionyear=2020,ocd-bill/d8f8c266-e7bb-4e12-a289-a3abbe57423f
ac9b548c-daf8-4541-ac6d-80b8fcb4aa56,,http://www.gencourt.state.nh.us/bill_Status/bill_status.aspx?lsr=2587&sy=2020&sortoption=&txtsessionyear=2020,ocd-bill/5ace33a1-0fd3-4a8e-9852-4670f7c05b48
5b4af8dd-0d19-4512-9d28-f8a849e39691,,http://www.gencourt.state.nh.us/bill_Status/bill_status.aspx?lsr=2265&sy=2020&sortoption=&txtsessionyear=2020,ocd-bill/3280ba0c-87cc-4759-81a1-e06276679629
f4392e7e-02cc-4e53-9b54-75bd777b3df6,,http://www.gencourt.state.nh.us/bill_Status/bill_status.aspx?lsr=2018&sy=2020&sortoption=&txtsessionyear=2020,ocd-bill/04b46e41-477f-4e93-b53b-7ba322a944f9
73cb594e-2eb9-4046-87ca-cb4e0fd75ba3,,http://www.gencourt.state.nh.us/bill_Status/bill_status.aspx?lsr=2255&sy=2020&sortoption=&txtsessionyear=2020,ocd-bill/aad3c95c-3a1c-4456-96b2-84ebee9117a8
a4838f1c-a7fc-4623-855b-f0c2f3e64c7a,,http://www.gencourt.state.nh.us/bill_Status/bill_status.aspx?lsr=2095&sy=2020&sortoption=&txtsessionyear=2020,ocd-bill/ccfa636e-343c-42d0-bc4c-ddb94e03506f
2faa4483-fa4d-4dda-ba3a-d26d4612a249,,http://www.gencourt.state.nh.us/bill_Status/bill_status.aspx?lsr=2078&sy=2020&sortoption=&txtsessionyear=2020,ocd-bill/877e4cc0-8433-4722-8bdc-8224bd11a237
502be6ec-0cf5-49cf-95bc-b530a52f8026,,http://www.gencourt.state.nh.us/bill_Status/bill_status.aspx?lsr=3066&sy=2020&sortoption=&txtsessionyear=2020,ocd-bill/47e02bdc-d456-4893-9a99-7c07a03ed854
edcf6010-1e6d-4d44-9cba-33bf25308991,,http://www.gencourt.state.nh.us/bill_Status/bill_status.aspx?lsr=2124&sy=2020&sortoption=&txtsessionyear=2020,ocd-bill/fcc4db3b-c40d-4983-97dc-22607f4e17b5
b6e10864-9144-4c73-a171-892d55b7e485,,http://www.gencourt.state.nh.us/bill_Status/bill_status.aspx?lsr=3077&sy=2020&sortoption=&txtsessionyear=2020,ocd-bill/98c97b51-59a9-4ba7-afdd-e8ab4b11e07e
00bb34f6-18d6-45f2-a0a9-23740ba25fa5,,http://www.gencourt.state.nh.us/bill_Status/bill_status.aspx?lsr=2375&sy=2020&sortoption=&txtsessionyear=2020,ocd-bill/8b2dce2c-6c75-4ae9-842f-9f80acf1e5ad
891e668a-7d03-4e4f-9076-e449d457a7d1,,http://www.gencourt.state.nh.us/bill_Status/bill_status.aspx?lsr=3104&sy=2020&sortoption=&txtsessionyear=2020,ocd-bill/a31fab83-d267-4ac1-adcf-3fead2b19521
efbe033f-949d-4f6b-90d5-ac671b60e197,,http://www.gencourt.state.nh.us/bill_Status/bill_status.aspx?lsr=3130&sy=2020&sortoption=&txtsessionyear=2020,ocd-bill/d1b140b9-6e21-4b7b-aaea-e93ca7d7e632
3134a3ef-6714-4719-a7f8-308b0b41e505,,http://www.gencourt.state.nh.us/bill_Status/bill_status.aspx?lsr=2767&sy=2020&sortoption=&txtsessionyear=2020,ocd-bill/b04a09e3-fed6-48e4-8c2e-29c4c09fc04e
ba657cb4-9183-4089-a948-0fd81292643c,,http://www.gencourt.state.nh.us/bill_Status/bill_status.aspx?lsr=2248&sy=2020&sortoption=&txtsessionyear=2020,ocd-bill/8ba8730c-90da-46b8-b3a3-ebd7565030e0
15be25ef-a9b2-4ed5-a326-2242925e1d63,,http://www.gencourt.state.nh.us/bill_Status/bill_status.aspx?lsr=2332&sy=2020&sortoption=&txtsessionyear=2020,ocd-bill/f4947d4f-56e0-4d24-831b-499b93893921
b55eb05f-bbb8-4f23-92d4-342a78ec5146,,http://www.gencourt.state.nh.us/bill_Status/bill_status.aspx?lsr=0523&sy=2020&sortoption=&txtsessionyear=2020,ocd-bill/6222dc1c-540b-4e4d-9774-862e41dbf268
df7abf5f-cb3b-4abf-8b1d-75d634f75123,,http://www.gencourt.state.nh.us/bill_Status/bill_status.aspx?lsr=2799&sy=2020&sortoption=&txtsessionyear=2020,ocd-bill/7a171f2f-baa2-4964-b3f8-4ba1ae01a641
978c8d34-169f-491a-ab01-1a6a76a422a1,,http://www.gencourt.state.nh.us/bill_Status/bill_status.aspx?lsr=2014&sy=2020&sortoption=&txtsessionyear=2020,ocd-bill/f8fc01f9-a02b-4b96-8c11-30280db723e9
eedd2ed8-0cff-4bf6-9168-4597743885fc,,http://www.gencourt.state.nh.us/bill_Status/bill_status.aspx?lsr=3044&sy=2020&sortoption=&txtsessionyear=2020,ocd-bill/f9b31737-ee57-4aa2-af89-4ab97ab77c1c
0890ec7f-209b-4ae6-abd6-0b6bb74745e9,,http://www.gencourt.state.nh.us/bill_Status/bill_status.aspx?lsr=2829&sy=2020&sortoption=&txtsessionyear=2020,ocd-bill/319a0028-b381-4410-a434-0ecb94a2b7e6
a7236be7-c8fe-43a5-9b32-2f18fc3eb6d8,,http://www.gencourt.state.nh.us/bill_Status/bill_status.aspx?lsr=2040&sy=2020&sortoption=&txtsessionyear=2020,ocd-bill/1a52227a-bced-4643-8ab1-d3390f8958b3
0e01df66-2daf-46fb-ba04-40c8f00bfc85,,http://www.gencourt.state.nh.us/bill_Status/bill_status.aspx?lsr=3035&sy=2020&sortoption=&txtsessionyear=2020,ocd-bill/5a48cf27-6b6e-4b22-a7cf-dadd2aa33692
64838097-9d87-433b-bb7a-d2ca421b6d7c,,http://www.gencourt.state.nh.us/bill_Status/bill_status.aspx?lsr=2251&sy=2020&sortoption=&txtsessionyear=2020,ocd-bill/bfe1de54-d765-4827-8f3f-26391df6356a
ce7f2f59-90d8-4129-bb7e-3e27e1ad1b03,,http://www.gencourt.state.nh.us/bill_Status/bill_status.aspx?lsr=0435&sy=2020&sortoption=&txtsessionyear=2020,ocd-bill/1ee0caae-52c3-4924-9889-50baa084a8c0
e3bf8347-8112-42e4-8b37-068f38a4229a,,http://www.gencourt.state.nh.us/bill_Status/bill_status.aspx?lsr=2656&sy=2020&sortoption=&txtsessionyear=2020,ocd-bill/c27d61ae-a9f3-4687-8306-44580a93786f
94bc24db-79ac-434c-ac75-d53fb61d5de2,,http://www.gencourt.state.nh.us/bill_Status/bill_status.aspx?lsr=2591&sy=2020&sortoption=&txtsessionyear=2020,ocd-bill/a17f5306-496c-47c4-a929-d93275040ffe
8c711fc4-6428-45a5-a189-9c0d0d5d8540,,http://www.gencourt.state.nh.us/bill_Status/bill_status.aspx?lsr=2141&sy=2020&sortoption=&txtsessionyear=2020,ocd-bill/3d9bd98b-b9be-48ad-8f7d-a6ca41678995
a9ea7dcf-ba35-41ee-916b-3cc539f43d4a,,http://www.gencourt.state.nh.us/bill_Status/bill_status.aspx?lsr=0371&sy=2020&sortoption=&txtsessionyear=2020,ocd-bill/aa65e5cb-6ed9-4081-9743-82cba430c4e9
28211ec6-6030-4ccc-9166-4879515ea7ab,,http://www.gencourt.state.nh.us/bill_Status/bill_status.aspx?lsr=2318&sy=2020&sortoption=&txtsessionyear=2020,ocd-bill/6436dc47-6590-452a-85a2-1d66ba9b843a
2df439fb-5443-49b8-8a3d-05cbc3bcbd8e,,http://www.gencourt.state.nh.us/bill_Status/bill_status.aspx?lsr=2740&sy=2020&sortoption=&txtsessionyear=2020,ocd-bill/12afd7c5-3877-4662-af7b-826052a5a1f3
03d317e2-06fc-45a2-8057-0e9e0d07671f,,http://www.gencourt.state.nh.us/bill_Status/bill_status.aspx?lsr=2921&sy=2020&sortoption=&txtsessionyear=2020,ocd-bill/d1542903-a841-49ab-811a-39d8163436cc
1376fd7c-8c94-4a27-9951-a72c617a4000,,http://www.gencourt.state.nh.us/bill_Status/bill_status.aspx?lsr=3140&sy=2020&sortoption=&txtsessionyear=2020,ocd-bill/31489807-9a75-4a56-a2a4-1da8111ffc01
55e4575c-5cfd-479e-ba9c-1e67b11772da,,http://www.gencourt.state.nh.us/bill_Status/bill_status.aspx?lsr=3145&sy=2020&sortoption=&txtsessionyear=2020,ocd-bill/04cb9d5e-36c0-4c00-8860-dc278e8bc6b6
dc240b67-8740-4d89-8929-f0141c6aef3e,,http://www.gencourt.state.nh.us/bill_Status/bill_status.aspx?lsr=3141&sy=2020&sortoption=&txtsessionyear=2020,ocd-bill/d9f758fc-50c7-4b9c-95ae-37b8b2ea599b
5f62d079-7b67-4057-95a7-afd93b55399d,,http://www.gencourt.state.nh.us/bill_Status/bill_status.aspx?lsr=2430&sy=2020&sortoption=&txtsessionyear=2020,ocd-bill/5d889c38-c054-464c-a79c-e0f453a108e6
d4fc9f42-cb9d-4b4f-9904-a169faa9ea4c,,http://www.gencourt.state.nh.us/bill_Status/bill_status.aspx?lsr=2388&sy=2020&sortoption=&txtsessionyear=2020,ocd-bill/7e8932d2-0b5a-4b5e-a9e7-5b67032ceba9
3a97d547-5203-42a7-b09c-b9e837e56821,,http://www.gencourt.state.nh.us/bill_Status/bill_status.aspx?lsr=3142&sy=2020&sortoption=&txtsessionyear=2020,ocd-bill/7c6140f6-58e8-4c1d-a6a6-14f78aa96fb5
1c685223-cec4-417c-b362-512362842836,,http://www.gencourt.state.nh.us/bill_Status/bill_status.aspx?lsr=2336&sy=2020&sortoption=&txtsessionyear=2020,ocd-bill/552fb2b3-2883-4312-acd6-efa455cdae3e
87937432-4cc9-4f39-a067-beb3601b78fc,,http://www.gencourt.state.nh.us/bill_Status/bill_status.aspx?lsr=1003&sy=2020&sortoption=&txtsessionyear=2020,ocd-bill/e4cdab64-7c12-464b-8e00-a9986290b9d0
fdc25e58-843b-42e9-a27c-bca0d0adf6ba,,http://www.gencourt.state.nh.us/bill_Status/bill_status.aspx?lsr=0492&sy=2020&sortoption=&txtsessionyear=2020,ocd-bill/ceda56a5-fd21-4895-893d-bfccce4c5ced
703eea7a-c027-4aaf-b866-665fdde301b9,,http://www.gencourt.state.nh.us/bill_Status/bill_status.aspx?lsr=2194&sy=2020&sortoption=&txtsessionyear=2020,ocd-bill/06b510c3-dbc3-4992-b84f-963fddbef019
57e2d95f-fe9a-4678-be03-b0852791dbec,,http://www.gencourt.state.nh.us/bill_Status/bill_status.aspx?lsr=2330&sy=2020&sortoption=&txtsessionyear=2020,ocd-bill/3535654a-3d8e-4d04-b0cb-720a56b550e9
d39a777c-a1a9-4164-84fa-67eed98581ff,,http://www.gencourt.state.nh.us/bill_Status/bill_status.aspx?lsr=2241&sy=2020&sortoption=&txtsessionyear=2020,ocd-bill/ca17f732-129f-4543-81f2-4f1f0202b489
870467d5-fcc6-480e-9436-5e6e31140531,,http://www.gencourt.state.nh.us/bill_Status/bill_status.aspx?lsr=2107&sy=2020&sortoption=&txtsessionyear=2020,ocd-bill/e5a4447e-d7cc-4390-99bd-88d3d38e3283
c654d44c-f338-4916-a2b0-669ea01f219d,,http://www.gencourt.state.nh.us/bill_Status/bill_status.aspx?lsr=2393&sy=2020&sortoption=&txtsessionyear=2020,ocd-bill/db140966-ca59-41cf-8d00-325e864c5508
d45462d9-dcf9-4191-a00c-811066f2f7f3,,http://www.gencourt.state.nh.us/bill_Status/bill_status.aspx?lsr=2312&sy=2020&sortoption=&txtsessionyear=2020,ocd-bill/133357ca-d828-4b50-b249-7632c58e9853
d413843b-66bb-4c8e-b3d0-2bb9305029f6,,http://www.gencourt.state.nh.us/bill_Status/bill_status.aspx?lsr=1066&sy=2020&sortoption=&txtsessionyear=2020,ocd-bill/7fe5f3cb-3361-4a54-be62-4b2517142843
5e91db70-dd05-43df-be20-0f78861d249d,,http://www.gencourt.state.nh.us/bill_Status/bill_status.aspx?lsr=2136&sy=2020&sortoption=&txtsessionyear=2020,ocd-bill/5f1171f9-035e-43e1-acfb-28326715e368
0b81b33d-a416-43a0-85d6-0cae0cbe5e4a,,http://www.gencourt.state.nh.us/bill_Status/bill_status.aspx?lsr=2055&sy=2020&sortoption=&txtsessionyear=2020,ocd-bill/beeedab1-29ba-4db8-8bd5-d5cd5a60e024
4ae5fff0-fb23-4d92-8003-a76cde2634fd,,http://www.gencourt.state.nh.us/bill_Status/bill_status.aspx?lsr=2911&sy=2020&sortoption=&txtsessionyear=2020,ocd-bill/1437c1af-8583-42bf-9764-8b685784b38a
2450e250-bcea-4394-841e-cf75c5ec224e,,http://www.gencourt.state.nh.us/bill_Status/bill_status.aspx?lsr=0550&sy=2020&sortoption=&txtsessionyear=2020,ocd-bill/8d37f9b7-35a4-4597-ace0-96bf8d807b17
d6e570f3-898a-44a5-af12-e557e5bba759,,http://www.gencourt.state.nh.us/bill_Status/bill_status.aspx?lsr=2879&sy=2020&sortoption=&txtsessionyear=2020,ocd-bill/f3734176-f1c9-4fae-8fbf-68fae42f14b4
260e6695-9358-4384-9733-3ecb047c846d,,http://www.gencourt.state.nh.us/bill_Status/bill_status.aspx?lsr=2324&sy=2020&sortoption=&txtsessionyear=2020,ocd-bill/77915700-53fb-4343-8517-390527eab6f9
2419c61a-316a-4ab9-adb8-e377fd0ed4c1,,http://www.gencourt.state.nh.us/bill_Status/bill_status.aspx?lsr=2036&sy=2020&sortoption=&txtsessionyear=2020,ocd-bill/09eabb8c-eec5-4607-b614-5847f567f242
1482a3d1-c197-4610-aec2-d4be98cf7336,,http://www.gencourt.state.nh.us/bill_Status/bill_status.aspx?lsr=2531&sy=2020&sortoption=&txtsessionyear=2020,ocd-bill/a9774e70-1234-4212-85fc-b2f5c29b3e21
28da9a26-72ad-4da4-bf54-e974c82c0ee2,,http://www.gencourt.state.nh.us/bill_Status/bill_status.aspx?lsr=2433&sy=2020&sortoption=&txtsessionyear=2020,ocd-bill/74c6baeb-578b-4db1-b77d-dca20797474f
15d352f3-5042-4926-ab5e-8e1e1097b771,,http://www.gencourt.state.nh.us/bill_Status/bill_status.aspx?lsr=0468&sy=2020&sortoption=&txtsessionyear=2020,ocd-bill/36efb495-23a6-4b12-8e6b-2b811d0f32e3
62b90ef4-dc23-457e-8cc1-c4bee7a9fce4,,http://www.gencourt.state.nh.us/bill_Status/bill_status.aspx?lsr=0691&sy=2020&sortoption=&txtsessionyear=2020,ocd-bill/27f72a75-7fa3-4832-9023-395bbbe12531
1e1157f3-f26e-40ea-963e-3e5e95ef1103,,http://www.gencourt.state.nh.us/bill_Status/bill_status.aspx?lsr=2459&sy=2020&sortoption=&txtsessionyear=2020,ocd-bill/3de05f2e-9f65-42a5-866e-e54c55fe50f5
0a39dabe-7223-455c-abfc-d8e35eda802c,,http://www.gencourt.state.nh.us/bill_Status/bill_status.aspx?lsr=2881&sy=2020&sortoption=&txtsessionyear=2020,ocd-bill/17bdf6d3-07bf-407a-8446-b55f4cb63d30
92911d86-c09b-4620-83c4-e4b622a2f732,,http://www.gencourt.state.nh.us/bill_Status/bill_status.aspx?lsr=0436&sy=2020&sortoption=&txtsessionyear=2020,ocd-bill/b3337a21-21a5-47ad-8438-be319f65d720
36551185-83e5-4eac-b9af-e05a5cf7dbe8,,http://www.gencourt.state.nh.us/bill_Status/bill_status.aspx?lsr=0892&sy=2020&sortoption=&txtsessionyear=2020,ocd-bill/cfb7ba79-7269-40db-a64f-2dc89bc118f0
922274dc-f88d-4ee2-a82d-c430363e8616,,http://www.gencourt.state.nh.us/bill_Status/bill_status.aspx?lsr=2945&sy=2020&sortoption=&txtsessionyear=2020,ocd-bill/18841c71-33ac-4997-a636-9c4cfb9d8161
f87eb346-46e6-47cb-9784-a2b2ea7d9027,,http://www.gencourt.state.nh.us/bill_Status/bill_status.aspx?lsr=2374&sy=2020&sortoption=&txtsessionyear=2020,ocd-bill/20088b96-41db-4efc-98f9-a74fb2b3b351
1eb6c1b7-5796-4aa7-96a2-a2cf7297df12,,http://www.gencourt.state.nh.us/bill_Status/bill_status.aspx?lsr=0489&sy=2020&sortoption=&txtsessionyear=2020,ocd-bill/05d6cb05-06cf-44ae-bad3-935697bc5449
a0da3827-59e9-4ea9-bdfb-84d1f0cc50d3,,http://www.gencourt.state.nh.us/bill_Status/bill_status.aspx?lsr=2011&sy=2020&sortoption=&txtsessionyear=2020,ocd-bill/7d20e77e-b58f-43ed-8c03-4828a80e4ce7
2fad8eb5-a44c-47fa-b091-09c5cbe05a50,,http://www.gencourt.state.nh.us/bill_Status/bill_status.aspx?lsr=2245&sy=2020&sortoption=&txtsessionyear=2020,ocd-bill/d5a5fc05-8eb7-445c-a56d-4536d8d94c8b
b2c2c2bf-6592-47b6-a6fb-c9906803d127,,http://www.gencourt.state.nh.us/bill_Status/bill_status.aspx?lsr=2088&sy=2020&sortoption=&txtsessionyear=2020,ocd-bill/387e4129-9dd6-421c-8b9d-0ad9441d886e
155bf069-f823-4a92-baeb-23068dedd1dc,,http://www.gencourt.state.nh.us/bill_Status/bill_status.aspx?lsr=2494&sy=2020&sortoption=&txtsessionyear=2020,ocd-bill/c497c53f-40ed-4361-9c06-66e9c41d11f6
de127d39-0f1f-4e40-978b-41e808498412,,http://www.gencourt.state.nh.us/bill_Status/bill_status.aspx?lsr=2308&sy=2020&sortoption=&txtsessionyear=2020,ocd-bill/ea038c07-2833-4cff-9896-fb7ec2a0cfb6
a1f96e03-af0d-4906-a281-a8308bf7b837,,http://www.gencourt.state.nh.us/bill_Status/bill_status.aspx?lsr=2504&sy=2020&sortoption=&txtsessionyear=2020,ocd-bill/a4b8ea27-9a3e-4bdf-9315-b8b1aef34507
1428c9e8-646e-4591-b808-10cf6a5b247c,,http://www.gencourt.state.nh.us/bill_Status/bill_status.aspx?lsr=3099&sy=2020&sortoption=&txtsessionyear=2020,ocd-bill/d85ea136-d1f3-4bb9-8579-c298862bd055
bcc61aac-ea7f-4761-89fb-2f94878dd892,,http://www.gencourt.state.nh.us/bill_Status/bill_status.aspx?lsr=2979&sy=2020&sortoption=&txtsessionyear=2020,ocd-bill/4fa6e668-1803-4f71-a3de-a4e7b1f88f31
a0183bd6-c627-4c43-b6b2-65b3b2d4b8b9,,http://www.gencourt.state.nh.us/bill_Status/bill_status.aspx?lsr=2487&sy=2020&sortoption=&txtsessionyear=2020,ocd-bill/5b25818f-f506-46d1-8161-887111c61f10
708c8cf2-f3a4-4dda-a342-0eb6e8b141db,,http://www.gencourt.state.nh.us/bill_Status/bill_status.aspx?lsr=2811&sy=2020&sortoption=&txtsessionyear=2020,ocd-bill/607654e7-112c-4dd6-a4d3-85f617062626
0509638a-4de0-4257-8ca4-416316b9b108,,http://www.gencourt.state.nh.us/bill_Status/bill_status.aspx?lsr=2960&sy=2020&sortoption=&txtsessionyear=2020,ocd-bill/de6f30e7-6e05-4504-998d-cbe22407c479
c8e187d2-f261-4c8d-99eb-0e34e5e4d730,,http://www.gencourt.state.nh.us/bill_Status/bill_status.aspx?lsr=0760&sy=2020&sortoption=&txtsessionyear=2020,ocd-bill/661165c6-58e8-496e-b3f8-b49bb3256a55
d79be2d8-cf97-40c1-bb9f-aa86a31e2097,,http://www.gencourt.state.nh.us/bill_Status/bill_status.aspx?lsr=3005&sy=2020&sortoption=&txtsessionyear=2020,ocd-bill/786b47e5-19de-4d0e-b32a-a560f0ff22ba
0803ed83-0dea-4ca5-bc55-8beb64d6551a,,http://www.gencourt.state.nh.us/bill_Status/bill_status.aspx?lsr=2432&sy=2020&sortoption=&txtsessionyear=2020,ocd-bill/d63be260-1820-4b29-8b62-9f24fd7eeff8
539d7177-7963-4392-8363-7bea5419af49,,http://www.gencourt.state.nh.us/bill_Status/bill_status.aspx?lsr=2455&sy=2020&sortoption=&txtsessionyear=2020,ocd-bill/8623b00b-2dcb-4f91-9fe3-284a70ea8dd4
e679c24a-06ce-4f65-bde4-24b1979543d5,,http://www.gencourt.state.nh.us/bill_Status/bill_status.aspx?lsr=2182&sy=2020&sortoption=&txtsessionyear=2020,ocd-bill/e844141d-a8b4-4b3d-bffb-4102cc79e09b
82040a91-0488-40f1-9e1d-4d8289bcfc83,,http://www.gencourt.state.nh.us/bill_Status/bill_status.aspx?lsr=0789&sy=2020&sortoption=&txtsessionyear=2020,ocd-bill/647eb65b-e76e-4089-9bc6-dff2d3124f3d
b8969cac-7d49-48e3-a7f3-196930dbf376,,http://www.gencourt.state.nh.us/bill_Status/bill_status.aspx?lsr=2427&sy=2020&sortoption=&txtsessionyear=2020,ocd-bill/7b88f35e-031a-46c7-a142-5ca9314ed42c
a9d782ec-4350-4262-839d-d3bb8a0cf831,,http://www.gencourt.state.nh.us/bill_Status/bill_status.aspx?lsr=2910&sy=2020&sortoption=&txtsessionyear=2020,ocd-bill/f1e71e5e-afe0-4fb2-9f77-446cbbe3bec5
abfe9bc3-a643-4f80-b338-1ee72878b1f1,,http://www.gencourt.state.nh.us/bill_Status/bill_status.aspx?lsr=0795&sy=2020&sortoption=&txtsessionyear=2020,ocd-bill/29590e5c-b3ea-403d-b813-83d2a28655be
8957b858-deba-4a41-8a1a-0d9f7bfc6fb3,,http://www.gencourt.state.nh.us/bill_Status/bill_status.aspx?lsr=2418&sy=2020&sortoption=&txtsessionyear=2020,ocd-bill/611b0bdc-2904-4190-b501-a339753cf69f
ccad6261-6c89-4c6b-b97b-7dec1719627a,,http://www.gencourt.state.nh.us/bill_Status/bill_status.aspx?lsr=0680&sy=2020&sortoption=&txtsessionyear=2020,ocd-bill/8ebc3140-92f7-4633-a0af-451114ac2566
aad731b5-67f2-4636-8d2d-56a35e7849dc,,http://www.gencourt.state.nh.us/bill_Status/bill_status.aspx?lsr=0907&sy=2020&sortoption=&txtsessionyear=2020,ocd-bill/9d919a33-52d2-4462-aaca-b8871a2bb9db
f60fe141-6677-4b09-881e-a82e11f0cea9,,http://www.gencourt.state.nh.us/bill_Status/bill_status.aspx?lsr=2062&sy=2020&sortoption=&txtsessionyear=2020,ocd-bill/9d26aa0e-5e5b-4ea8-97cb-9a7b3fb40a82
0f62d009-9d86-452c-9be6-6ac96053f14e,,http://www.gencourt.state.nh.us/bill_Status/bill_status.aspx?lsr=3106&sy=2020&sortoption=&txtsessionyear=2020,ocd-bill/bebefd0f-b618-44be-b5dd-b530ccee282e
639a76eb-b21d-4541-816d-0d3ef390f739,,http://www.gencourt.state.nh.us/bill_Status/bill_status.aspx?lsr=2769&sy=2020&sortoption=&txtsessionyear=2020,ocd-bill/603f0d06-d491-40eb-a176-819e8eee695b
80a9708c-ef1c-403c-8c26-f1263120d58e,,http://www.gencourt.state.nh.us/bill_Status/bill_status.aspx?lsr=2181&sy=2020&sortoption=&txtsessionyear=2020,ocd-bill/35a1398b-1fd4-4cee-b440-0752ebcc41e7
36543a67-28f2-4e0d-a719-8ca7a3cf6b8e,,http://www.gencourt.state.nh.us/bill_Status/bill_status.aspx?lsr=2606&sy=2020&sortoption=&txtsessionyear=2020,ocd-bill/debb3985-8828-4033-a7a3-e91ca0c54a12
9f5142f8-89df-48b7-b883-58d9b64c76ce,,http://www.gencourt.state.nh.us/bill_Status/bill_status.aspx?lsr=3088&sy=2020&sortoption=&txtsessionyear=2020,ocd-bill/ca377ef2-cc42-4c60-9035-8a17b07e595d
0c5532d1-f5c8-4e5d-9bd8-d8eff0d6c21b,,http://www.gencourt.state.nh.us/bill_Status/bill_status.aspx?lsr=0767&sy=2020&sortoption=&txtsessionyear=2020,ocd-bill/3e111513-7335-42ed-8d50-49b3e7c8671e
49fec0e9-9388-4d53-978a-c71f85fecbdb,,http://www.gencourt.state.nh.us/bill_Status/bill_status.aspx?lsr=2621&sy=2020&sortoption=&txtsessionyear=2020,ocd-bill/8b728060-ad4b-48b3-a60b-e4a341f3cc70
78c88cb6-914e-495b-a21b-52cef3f0c01b,,http://www.gencourt.state.nh.us/bill_Status/bill_status.aspx?lsr=2390&sy=2020&sortoption=&txtsessionyear=2020,ocd-bill/15d0483e-683f-4ff4-9b9c-a61c2c702132
3fff3e34-03bd-48d5-8144-40c45be1663d,,http://www.gencourt.state.nh.us/bill_Status/bill_status.aspx?lsr=2263&sy=2020&sortoption=&txtsessionyear=2020,ocd-bill/9952ceb0-27e0-4d73-8935-0b32359eafd2
23faa97a-5255-4aa4-ae06-2cd1a856134a,,http://www.gencourt.state.nh.us/bill_Status/bill_status.aspx?lsr=2121&sy=2020&sortoption=&txtsessionyear=2020,ocd-bill/7ff56cad-b6ca-46b5-8efd-8b4c1ea55c6b
2d971c37-353a-4aa8-8130-25a77fd762de,,http://www.gencourt.state.nh.us/bill_Status/bill_status.aspx?lsr=2474&sy=2020&sortoption=&txtsessionyear=2020,ocd-bill/446a7998-4e13-463b-8bb8-8ebd2f36098a
bcee1588-a6cb-4457-a59b-3c0e5a916817,,http://www.gencourt.state.nh.us/bill_Status/bill_status.aspx?lsr=2122&sy=2020&sortoption=&txtsessionyear=2020,ocd-bill/13553e34-43a7-4c34-b530-6ee96afa004e
41ca8e9c-cf6a-4025-bb7c-e48fc2fd8ba8,,http://www.gencourt.state.nh.us/bill_Status/bill_status.aspx?lsr=2252&sy=2020&sortoption=&txtsessionyear=2020,ocd-bill/2634cdee-ab41-4707-a1b7-6515b32fe208
0767052f-39ac-4bba-b34e-a2a5eb9b77f0,,http://www.gencourt.state.nh.us/bill_Status/bill_status.aspx?lsr=2132&sy=2020&sortoption=&txtsessionyear=2020,ocd-bill/682e4bf6-6a93-4784-8862-96b1e940ee44
0f5fb962-b8c4-45f6-8683-80aa3b3fd0e4,,http://www.gencourt.state.nh.us/bill_Status/bill_status.aspx?lsr=2444&sy=2020&sortoption=&txtsessionyear=2020,ocd-bill/f69c0fff-abf1-41d7-a338-269c6da6080c
23eb2d76-f5e1-447f-8d19-13bb2f7e2d69,,http://www.gencourt.state.nh.us/bill_Status/bill_status.aspx?lsr=2118&sy=2020&sortoption=&txtsessionyear=2020,ocd-bill/f9568ebf-e702-43ec-98ac-886bf6a031ee
45c1434e-888d-4a99-b5a5-28530370ab54,,http://www.gencourt.state.nh.us/bill_Status/bill_status.aspx?lsr=2469&sy=2020&sortoption=&txtsessionyear=2020,ocd-bill/aa05b4f6-cbb3-4677-997a-e6d51334b5e2
b34915ef-ea88-48e2-919e-87a78074ea6a,,http://www.gencourt.state.nh.us/bill_Status/bill_status.aspx?lsr=2216&sy=2020&sortoption=&txtsessionyear=2020,ocd-bill/3634e6ce-2d79-46ba-80f1-70bf20db31f7
6ad394d8-fe4e-4304-99c6-99ccefe60116,,http://www.gencourt.state.nh.us/bill_Status/bill_status.aspx?lsr=2611&sy=2020&sortoption=&txtsessionyear=2020,ocd-bill/ceab40c6-61a7-4751-ab7d-5e27a3743ab2
f3adbd1b-c9a6-478f-9979-28e87db0c1f5,,http://www.gencourt.state.nh.us/bill_Status/bill_status.aspx?lsr=2142&sy=2020&sortoption=&txtsessionyear=2020,ocd-bill/0e499bfe-6333-491c-900b-31c8059fb3e2
5e3f8bc3-7aab-411a-96ed-f272a7cd1d6c,,http://www.gencourt.state.nh.us/bill_Status/bill_status.aspx?lsr=0477&sy=2020&sortoption=&txtsessionyear=2020,ocd-bill/0bdd7a61-55bc-4e3a-8db6-7b16e41e564c
cecb0fda-632f-441c-bf7f-8c7542c8a531,,http://www.gencourt.state.nh.us/bill_Status/bill_status.aspx?lsr=2846&sy=2020&sortoption=&txtsessionyear=2020,ocd-bill/61c1ecba-c29d-45bf-9588-c0bc2bc57bcb
2aa82d0e-da77-4558-8c49-ab7254910be4,,http://www.gencourt.state.nh.us/bill_Status/bill_status.aspx?lsr=2563&sy=2020&sortoption=&txtsessionyear=2020,ocd-bill/da402e0b-3711-4f36-9e77-a84e9db218bb
9567b44e-1451-4794-8224-47f003c9d2d2,,http://www.gencourt.state.nh.us/bill_Status/bill_status.aspx?lsr=2573&sy=2020&sortoption=&txtsessionyear=2020,ocd-bill/d465a37f-86ff-4299-ad5a-4f1f9e8fd6c1
1e82a62d-107b-44f0-b7f1-63f5dffffa4b,,http://www.gencourt.state.nh.us/bill_Status/bill_status.aspx?lsr=3120&sy=2020&sortoption=&txtsessionyear=2020,ocd-bill/383693dd-c5c8-4fbe-add8-002696dee83c
9ef9b7cb-4982-48fd-ab31-a9eb286e25f1,,http://www.gencourt.state.nh.us/bill_Status/bill_status.aspx?lsr=2434&sy=2020&sortoption=&txtsessionyear=2020,ocd-bill/b48af911-4423-446d-a843-22124cf57dc2
34f0e209-399e-42d0-97e7-1e32baa5aef0,,http://www.gencourt.state.nh.us/bill_Status/bill_status.aspx?lsr=2760&sy=2020&sortoption=&txtsessionyear=2020,ocd-bill/563c2128-720a-46b1-8c68-b821968fa710
d93702fa-1a3f-48c0-93a1-161149757b83,,http://www.gencourt.state.nh.us/bill_Status/bill_status.aspx?lsr=2808&sy=2020&sortoption=&txtsessionyear=2020,ocd-bill/15f6d5d5-dba1-4545-9a72-2710a7661c25
8eba3e47-b6a9-4ae2-b335-d7231e0c66c9,,http://www.gencourt.state.nh.us/bill_Status/bill_status.aspx?lsr=2610&sy=2020&sortoption=&txtsessionyear=2020,ocd-bill/af6cb669-4d78-4c4d-a0d9-f4e944e72204
079fd485-0a60-4be0-8df6-ba636024720d,,http://www.gencourt.state.nh.us/bill_Status/bill_status.aspx?lsr=2582&sy=2020&sortoption=&txtsessionyear=2020,ocd-bill/137ef7e0-7d9d-457a-8233-4513c5eee810
0000013f-8500-4ec1-94e4-dbc0de74e4f1,,http://www.gencourt.state.nh.us/bill_Status/bill_status.aspx?lsr=2537&sy=2020&sortoption=&txtsessionyear=2020,ocd-bill/05479b24-6dc8-4782-93de-f923a20c65b5
647cadd0-0fda-4896-87e3-d81ce28c47b0,,http://www.gencourt.state.nh.us/bill_Status/bill_status.aspx?lsr=3016&sy=2020&sortoption=&txtsessionyear=2020,ocd-bill/164d8dce-35af-473d-a807-e0ee70271e5f
349eefb3-8876-451d-b327-712d88324cd8,,http://www.gencourt.state.nh.us/bill_Status/bill_status.aspx?lsr=2369&sy=2020&sortoption=&txtsessionyear=2020,ocd-bill/5be0b6f2-3f7b-40a6-81f8-9de4c763f632
e46b87ff-9a9a-40d0-a4fd-a31a3fb3c745,,http://www.gencourt.state.nh.us/bill_Status/bill_status.aspx?lsr=0392&sy=2020&sortoption=&txtsessionyear=2020,ocd-bill/190b959d-9425-40e0-b9a7-eecc23b3d1f9
d3a2b200-712e-4fb7-8921-7e25c041cfb2,,http://www.gencourt.state.nh.us/bill_Status/bill_status.aspx?lsr=2884&sy=2020&sortoption=&txtsessionyear=2020,ocd-bill/dbdb5f5b-c1ea-4987-8909-6235b0945b8b
e636abc8-03e1-4eff-9fd2-ba9870653c86,,http://www.gencourt.state.nh.us/bill_Status/bill_status.aspx?lsr=2363&sy=2020&sortoption=&txtsessionyear=2020,ocd-bill/c5c60e2d-aeca-44f7-9f9c-34139033d404
0f6fff18-a716-4df9-9d52-c80b4de76ca9,,http://www.gencourt.state.nh.us/bill_Status/bill_status.aspx?lsr=2327&sy=2020&sortoption=&txtsessionyear=2020,ocd-bill/b6f80a94-ddc5-4f9e-8e51-ea1fa99fa853
016b7144-60de-4261-b6bb-ea3464844b5a,,http://www.gencourt.state.nh.us/bill_Status/bill_status.aspx?lsr=2552&sy=2020&sortoption=&txtsessionyear=2020,ocd-bill/c5e16163-eaae-4464-a0eb-13f0aa8ec653
2320abd2-daca-4ea0-a521-9b9bc3dccad0,,http://www.gencourt.state.nh.us/bill_Status/bill_status.aspx?lsr=2980&sy=2020&sortoption=&txtsessionyear=2020,ocd-bill/3ee83fd3-94ce-46f9-83b9-90cdf5c281f6
e80518c7-f519-48de-86bb-12da5630b2f6,,http://www.gencourt.state.nh.us/bill_Status/bill_status.aspx?lsr=2169&sy=2020&sortoption=&txtsessionyear=2020,ocd-bill/6cf82532-c1ee-48f8-9991-76e7d0ae1a9e
15712366-fe4e-470b-9383-e895bd40204c,,http://www.gencourt.state.nh.us/bill_Status/bill_status.aspx?lsr=2321&sy=2020&sortoption=&txtsessionyear=2020,ocd-bill/1eed262a-b5a0-4981-9a90-2803c617f292
d41c719e-30be-4d5a-b093-30570cda49bf,,http://www.gencourt.state.nh.us/bill_Status/bill_status.aspx?lsr=2949&sy=2020&sortoption=&txtsessionyear=2020,ocd-bill/96e7ee6c-d060-49a9-b48e-c4e041070bac
3bee404a-cafe-489e-ac3e-99c986f27462,,http://www.gencourt.state.nh.us/bill_Status/bill_status.aspx?lsr=2376&sy=2020&sortoption=&txtsessionyear=2020,ocd-bill/3ee8420d-506e-4fd7-a9d7-e7e1c5f6b7f2
5775ccdc-f593-4ede-a7a8-01632b1026ad,,http://www.gencourt.state.nh.us/bill_Status/bill_status.aspx?lsr=2306&sy=2020&sortoption=&txtsessionyear=2020,ocd-bill/c55b1f08-aaab-4a49-9aef-232e6245ec86
5002a559-2968-47ba-acc7-7a2ea98ace17,,http://www.gencourt.state.nh.us/bill_Status/bill_status.aspx?lsr=2275&sy=2020&sortoption=&txtsessionyear=2020,ocd-bill/13f9c318-f4b2-4b55-b806-f179a036f473
dd32c35a-2c95-4a3f-9dc9-cdcffda77ced,,http://www.gencourt.state.nh.us/bill_Status/bill_status.aspx?lsr=2851&sy=2020&sortoption=&txtsessionyear=2020,ocd-bill/135e22ee-5ddb-4a84-8425-d3d458b0a39c
6d56ac2f-b201-4323-943f-283fda511b90,,http://www.gencourt.state.nh.us/bill_Status/bill_status.aspx?lsr=3014&sy=2020&sortoption=&txtsessionyear=2020,ocd-bill/dfe1fe43-4000-4add-8302-b5913d94f19e
9fc88223-0333-427d-ba2f-79c397f6df33,,http://www.gencourt.state.nh.us/bill_Status/bill_status.aspx?lsr=2339&sy=2020&sortoption=&txtsessionyear=2020,ocd-bill/8882a02e-1814-4f38-b8fe-658658e164e5
3e0e8fe1-250f-4171-9a1d-feddf6689a81,,http://www.gencourt.state.nh.us/bill_Status/bill_status.aspx?lsr=2284&sy=2020&sortoption=&txtsessionyear=2020,ocd-bill/5f6ebffe-7fe8-4dda-8908-697fb38ac03c
484e8c66-6c1b-4978-a8cb-1eeb1fecf2de,,http://www.gencourt.state.nh.us/bill_Status/bill_status.aspx?lsr=0775&sy=2020&sortoption=&txtsessionyear=2020,ocd-bill/a6ef1546-0c04-41ba-997e-028e17c4483c
55a4fd3f-7599-4ffe-91bf-6f5dc84b5d81,,http://www.gencourt.state.nh.us/bill_Status/bill_status.aspx?lsr=2123&sy=2020&sortoption=&txtsessionyear=2020,ocd-bill/e13d75ef-098e-495a-a9e7-0b78b084e6db
f0869191-a0e8-4da5-8f3f-17f44842641c,,http://www.gencourt.state.nh.us/bill_Status/bill_status.aspx?lsr=2447&sy=2020&sortoption=&txtsessionyear=2020,ocd-bill/c4deee7b-63d1-4ad3-a720-947c9c2a37b5
562e471f-db9d-4ad6-907a-9eb570519d10,,http://www.gencourt.state.nh.us/bill_Status/bill_status.aspx?lsr=2516&sy=2020&sortoption=&txtsessionyear=2020,ocd-bill/3d4043da-b525-4d98-a8a4-1589aa92dd6b
c572af44-52b0-4ddb-be64-b3d71fe58c98,,http://www.gencourt.state.nh.us/bill_Status/bill_status.aspx?lsr=2247&sy=2020&sortoption=&txtsessionyear=2020,ocd-bill/fa1a09d5-6849-4874-943a-9d19b5b7389e
da8fa31b-664c-4b10-865f-60a8d03e0887,,http://www.gencourt.state.nh.us/bill_Status/bill_status.aspx?lsr=2378&sy=2020&sortoption=&txtsessionyear=2020,ocd-bill/c5e26283-601e-4a3c-bc05-e0b97794f8eb
533c82dd-0bc6-470b-a7b5-c3bb692c9cfc,,http://www.gencourt.state.nh.us/bill_Status/bill_status.aspx?lsr=2609&sy=2020&sortoption=&txtsessionyear=2020,ocd-bill/b083f7c0-97fb-4156-9c74-abbe343c1e1a
18cb2bde-e33d-4dd5-8ea9-827cd6ac0e1b,,http://www.gencourt.state.nh.us/bill_Status/bill_status.aspx?lsr=2360&sy=2020&sortoption=&txtsessionyear=2020,ocd-bill/eab626e3-a5e1-471c-94cc-89d59088ff34
d3e0f6fe-6e19-4530-a864-b503007987f9,,http://www.gencourt.state.nh.us/bill_Status/bill_status.aspx?lsr=2272&sy=2020&sortoption=&txtsessionyear=2020,ocd-bill/000c707e-42a3-4985-9f9f-377cc0bbcdc5
d9301f99-9a9a-4d33-97ee-8a89c04efa48,,http://www.gencourt.state.nh.us/bill_Status/bill_status.aspx?lsr=2419&sy=2020&sortoption=&txtsessionyear=2020,ocd-bill/6c5cc7cf-7c3a-416a-ae7f-15914d955645
ef169dfb-d90b-4e57-a83f-8d5290000d6e,,http://www.gencourt.state.nh.us/bill_Status/bill_status.aspx?lsr=2276&sy=2020&sortoption=&txtsessionyear=2020,ocd-bill/dccd2173-2a87-4ac3-95a2-d2012ac36273
e2760520-b29b-4114-98aa-1bdab1e41cf0,,http://www.gencourt.state.nh.us/bill_Status/bill_status.aspx?lsr=2256&sy=2020&sortoption=&txtsessionyear=2020,ocd-bill/7789398c-3907-4547-b3cf-449214f3dee3
bf09fcb2-88a0-443d-a764-5b0a46f5e497,,http://www.gencourt.state.nh.us/bill_Status/bill_status.aspx?lsr=2173&sy=2020&sortoption=&txtsessionyear=2020,ocd-bill/5fefbae8-0472-4e38-8503-cc7441a85883
c1229c20-d975-4f30-accb-17d255fa41f0,,http://www.gencourt.state.nh.us/bill_Status/bill_status.aspx?lsr=2295&sy=2020&sortoption=&txtsessionyear=2020,ocd-bill/6c171d6a-026f-4da3-9eca-72eef22999d5
37ace657-71a7-4ee7-bc18-923c75bffcba,,http://www.gencourt.state.nh.us/bill_Status/bill_status.aspx?lsr=2679&sy=2020&sortoption=&txtsessionyear=2020,ocd-bill/5a546075-37d8-4c01-844c-099335042153
0f3a30d2-f4c2-4907-b223-892610dd9c87,,http://www.gencourt.state.nh.us/bill_Status/bill_status.aspx?lsr=2391&sy=2020&sortoption=&txtsessionyear=2020,ocd-bill/2a440a1f-89f9-4494-91c8-8f72a8f476d5
26c65970-1661-4ba5-8eb3-a54843257616,,http://www.gencourt.state.nh.us/bill_Status/bill_status.aspx?lsr=2684&sy=2020&sortoption=&txtsessionyear=2020,ocd-bill/cde5cb18-b872-4887-a63e-56a7900c1b89
c6c6cc8b-c219-42ad-96a8-b9f5a4477a0a,,http://www.gencourt.state.nh.us/bill_Status/bill_status.aspx?lsr=2426&sy=2020&sortoption=&txtsessionyear=2020,ocd-bill/6146ecbd-4d31-4f25-9b8e-f9de9a8f317a
1dc24f66-fed4-4308-b48e-ccff785f9dfe,,http://www.gencourt.state.nh.us/bill_Status/bill_status.aspx?lsr=2608&sy=2020&sortoption=&txtsessionyear=2020,ocd-bill/ab2864ef-920d-4aa2-bad2-0f5fd0f2f67c
4dc4578d-51a0-47f2-b0f3-9e9f3db03507,,http://www.gencourt.state.nh.us/bill_Status/bill_status.aspx?lsr=2134&sy=2020&sortoption=&txtsessionyear=2020,ocd-bill/26fa9a02-5ae9-446d-af80-e1b3f265b382
6c508523-8078-4554-9aa2-f3352cf6030d,,http://www.gencourt.state.nh.us/bill_Status/bill_status.aspx?lsr=2218&sy=2020&sortoption=&txtsessionyear=2020,ocd-bill/cbbc8283-913f-45dc-a4b0-bbe723fb7235
8acc82f9-3582-4bd2-9dfc-41d0572473fb,,http://www.gencourt.state.nh.us/bill_Status/bill_status.aspx?lsr=2497&sy=2020&sortoption=&txtsessionyear=2020,ocd-bill/15158bb3-8a59-4197-8194-9359d50ec900
9111ecef-f9ca-4d66-9eda-db24a0a42319,,http://www.gencourt.state.nh.us/bill_Status/bill_status.aspx?lsr=3109&sy=2020&sortoption=&txtsessionyear=2020,ocd-bill/3ca165ee-68bf-4fd4-aef9-b96ccc3327ea
df17a175-6620-4869-b970-f044b6dcdb9e,,http://www.gencourt.state.nh.us/bill_Status/bill_status.aspx?lsr=2231&sy=2020&sortoption=&txtsessionyear=2020,ocd-bill/922eafc3-2352-4946-b44f-c95b47597b43
5ca44a0a-08ec-4662-8ebb-2f2c1f9ff8e1,,http://www.gencourt.state.nh.us/bill_Status/bill_status.aspx?lsr=2115&sy=2020&sortoption=&txtsessionyear=2020,ocd-bill/3f3e9c8e-f54c-4add-879e-40c5eab3f7c6
d049271d-7fb8-4071-b0c2-4fdb01555f00,,http://www.gencourt.state.nh.us/bill_Status/bill_status.aspx?lsr=2686&sy=2020&sortoption=&txtsessionyear=2020,ocd-bill/44ff0352-5b0d-4d0f-8939-5cadeeecfee5
166bee3c-a3f8-417c-b2b9-b41a75e35551,,http://www.gencourt.state.nh.us/bill_Status/bill_status.aspx?lsr=2056&sy=2020&sortoption=&txtsessionyear=2020,ocd-bill/c0d1088c-1ce6-447d-bef6-24737e14e647
216a19c4-8447-48fb-abab-fb57329480c2,,http://www.gencourt.state.nh.us/bill_Status/bill_status.aspx?lsr=2528&sy=2020&sortoption=&txtsessionyear=2020,ocd-bill/a6097dd3-2f2e-4c80-8c0b-2a74efa43112
2243ca4c-3056-411b-826b-da5f0bf57956,,http://www.gencourt.state.nh.us/bill_Status/bill_status.aspx?lsr=2279&sy=2020&sortoption=&txtsessionyear=2020,ocd-bill/a6f8cfd6-e799-4353-923a-0a6d116a82f2
67ecb0c2-5a41-45cf-985f-3ee307387097,,http://www.gencourt.state.nh.us/bill_Status/bill_status.aspx?lsr=2300&sy=2020&sortoption=&txtsessionyear=2020,ocd-bill/e0bf1f6f-f0cf-4715-b5b3-23afee14ad7e
5e482996-4052-4801-a89c-a41333b49bcd,,http://www.gencourt.state.nh.us/bill_Status/bill_status.aspx?lsr=2596&sy=2020&sortoption=&txtsessionyear=2020,ocd-bill/58bcec8d-7b08-44c8-bd14-030423bed3bd
2f47f776-fd2f-46b8-9b95-ff507469bf50,,http://www.gencourt.state.nh.us/bill_Status/bill_status.aspx?lsr=0143&sy=2020&sortoption=&txtsessionyear=2020,ocd-bill/9d3d01cb-1b94-40e9-8a1b-747fbce87e92
46a2d62e-dc38-4f40-8e2d-58b67fc774c5,,http://www.gencourt.state.nh.us/bill_Status/bill_status.aspx?lsr=0322&sy=2020&sortoption=&txtsessionyear=2020,ocd-bill/5d682e87-1a8a-47a8-83b2-5b305fc72716
fe3b4f40-f1c3-4fdc-823e-468351e98c92,,http://www.gencourt.state.nh.us/bill_Status/bill_status.aspx?lsr=2732&sy=2020&sortoption=&txtsessionyear=2020,ocd-bill/5579cdf2-ef4e-4039-86c3-99280ffb0e1a
b3c87557-f043-44b7-a59a-c69a6c4e5fd1,,http://www.gencourt.state.nh.us/bill_Status/bill_status.aspx?lsr=2870&sy=2020&sortoption=&txtsessionyear=2020,ocd-bill/b1e1155d-5f44-48df-8615-0b32fd45a541
d5baae19-fd88-4b01-b2fb-bbb7b5894436,,http://www.gencourt.state.nh.us/bill_Status/bill_status.aspx?lsr=1033&sy=2020&sortoption=&txtsessionyear=2020,ocd-bill/b6dd10cb-55fe-45d0-9643-2103e1df8754
4447a827-30b6-4dfe-abb5-9c3dc0ab19a9,,http://www.gencourt.state.nh.us/bill_Status/bill_status.aspx?lsr=2820&sy=2020&sortoption=&txtsessionyear=2020,ocd-bill/115a42d9-0fe0-47dc-b119-2fc1f66e2c13
4e2b3760-a099-4c0b-bc79-fd38465b1e11,,http://www.gencourt.state.nh.us/bill_Status/bill_status.aspx?lsr=2833&sy=2020&sortoption=&txtsessionyear=2020,ocd-bill/7a626a42-6ce8-46fd-9373-c25bd2de4dee
a944e7b7-b3c0-4a4b-af6b-5a31631c3833,,http://www.gencourt.state.nh.us/bill_Status/bill_status.aspx?lsr=2568&sy=2020&sortoption=&txtsessionyear=2020,ocd-bill/0b943cc3-b394-4108-95d0-aed8efff314f
b8bb136a-07dd-43d7-88b6-8a9984fb22cc,,http://www.gencourt.state.nh.us/bill_Status/bill_status.aspx?lsr=3018&sy=2020&sortoption=&txtsessionyear=2020,ocd-bill/f7679cc0-9496-4a7d-9802-4587ea6897ca
ccd1aca1-ffe6-4131-a604-efd97b4b9198,,http://www.gencourt.state.nh.us/bill_Status/bill_status.aspx?lsr=2756&sy=2020&sortoption=&txtsessionyear=2020,ocd-bill/174947d7-9d3b-4dd9-8627-81e85f43d140
9ddaf92f-ff24-44c6-b8b0-0793598c3b60,,http://www.gencourt.state.nh.us/bill_Status/bill_status.aspx?lsr=2916&sy=2020&sortoption=&txtsessionyear=2020,ocd-bill/04b68a4f-1c85-49c7-ad97-32b3bafcde5c
265125a9-b2e0-4d98-a5c4-1d4549f2bf9e,,http://www.gencourt.state.nh.us/bill_Status/bill_status.aspx?lsr=2793&sy=2020&sortoption=&txtsessionyear=2020,ocd-bill/182c3903-0103-4037-9f86-54a8f42930e6
0ffcadea-5d8a-462d-8604-4efa6c105956,,http://www.gencourt.state.nh.us/bill_Status/bill_status.aspx?lsr=0882&sy=2020&sortoption=&txtsessionyear=2020,ocd-bill/e035c2b6-b63b-430a-936a-caded7df4d57
8fd68317-1f67-49e5-bfb5-7866ac3b157f,,http://www.gencourt.state.nh.us/bill_Status/bill_status.aspx?lsr=3065&sy=2020&sortoption=&txtsessionyear=2020,ocd-bill/2c7f5230-d76f-4a87-8283-77d422edc87d
f064f657-930e-4d68-8be2-20339c3fba32,,http://www.gencourt.state.nh.us/bill_Status/bill_status.aspx?lsr=2867&sy=2020&sortoption=&txtsessionyear=2020,ocd-bill/1bb1b9e3-7b23-42be-ae04-ea8a932f068c
b99af4dc-7c4b-401e-88b0-ac3abe933932,,http://www.gencourt.state.nh.us/bill_Status/bill_status.aspx?lsr=3126&sy=2020&sortoption=&txtsessionyear=2020,ocd-bill/7109be5d-c11b-4d48-8b08-168fd5037053
9ad81361-d914-46f5-aba6-583db5b114e7,,http://www.gencourt.state.nh.us/bill_Status/bill_status.aspx?lsr=2600&sy=2020&sortoption=&txtsessionyear=2020,ocd-bill/cf61d890-91e5-4e09-8896-c34a0d368078
8d284b01-f059-4291-bb41-9088838576fd,,http://www.gencourt.state.nh.us/bill_Status/bill_status.aspx?lsr=2778&sy=2020&sortoption=&txtsessionyear=2020,ocd-bill/1ec0b0b5-c240-4230-8379-6684c22692b6
f867dffd-dfdd-4ccb-8226-39fedcc3c4a0,,http://www.gencourt.state.nh.us/bill_Status/bill_status.aspx?lsr=2843&sy=2020&sortoption=&txtsessionyear=2020,ocd-bill/6ee2b117-4803-4b90-bc2e-24827bf5be9d
011e32e8-c9f8-4a05-839c-acee21159a12,,http://www.gencourt.state.nh.us/bill_Status/bill_status.aspx?lsr=3067&sy=2020&sortoption=&txtsessionyear=2020,ocd-bill/f714f0b3-3514-411f-aa4d-654fd716b6a2
5aab2fc2-44f9-476f-9936-62e137217c12,,http://www.gencourt.state.nh.us/bill_Status/bill_status.aspx?lsr=2894&sy=2020&sortoption=&txtsessionyear=2020,ocd-bill/9f9d7513-fe33-4700-947a-5baa93edd827
53ccfbec-978a-4de0-9ec0-95e5df07320b,,http://www.gencourt.state.nh.us/bill_Status/bill_status.aspx?lsr=3136&sy=2020&sortoption=&txtsessionyear=2020,ocd-bill/15907987-52c6-4760-8439-90867cd7ec38
e9d184fa-49b4-41b2-97fb-234f12e159a8,,http://www.gencourt.state.nh.us/bill_Status/bill_status.aspx?lsr=2176&sy=2020&sortoption=&txtsessionyear=2020,ocd-bill/9a2032fa-77f0-4960-866b-e3ecaa0eaab8
684f40b4-be99-4323-a555-e7c49bb21d7c,,http://www.gencourt.state.nh.us/bill_Status/bill_status.aspx?lsr=2729&sy=2020&sortoption=&txtsessionyear=2020,ocd-bill/ff6ebe58-8453-4ecc-afe7-d48d6637ab96
553bad85-0f6c-4910-9fed-75f1e744cdfb,,http://www.gencourt.state.nh.us/bill_Status/bill_status.aspx?lsr=2928&sy=2020&sortoption=&txtsessionyear=2020,ocd-bill/67e3f7fb-a1c5-43d1-90af-5dfe935e27aa
a78960d5-fe72-4a6e-b493-fabddffdbe8f,,http://www.gencourt.state.nh.us/bill_Status/bill_status.aspx?lsr=2989&sy=2020&sortoption=&txtsessionyear=2020,ocd-bill/eef1ea7a-5db7-4962-8dbb-6690ed0689aa
2ce3d849-153c-455a-ba44-9c3120a7efe8,,http://www.gencourt.state.nh.us/bill_Status/bill_status.aspx?lsr=1076&sy=2020&sortoption=&txtsessionyear=2020,ocd-bill/1d397340-4c66-4d30-b5e8-af3fc0588b8d
770bc572-9acb-4996-a2fa-50e0543dc5ae,,http://www.gencourt.state.nh.us/bill_Status/bill_status.aspx?lsr=2872&sy=2020&sortoption=&txtsessionyear=2020,ocd-bill/fdfa4893-1969-4f1d-8d4c-77fe55f39754
0787374a-1eb6-4946-9103-cbaf5cc36cbe,,http://www.gencourt.state.nh.us/bill_Status/bill_status.aspx?lsr=2753&sy=2020&sortoption=&txtsessionyear=2020,ocd-bill/619b3dac-b0fa-4043-99c4-8d5fba3455f6
0bbb5061-80c7-4fcc-b1b2-3955ba4191c5,,http://www.gencourt.state.nh.us/bill_Status/bill_status.aspx?lsr=2796&sy=2020&sortoption=&txtsessionyear=2020,ocd-bill/5759b2b3-ba6d-4c15-9134-2e88f098f2ce
78e67a41-3e07-4409-948b-09187af0f5c0,,http://www.gencourt.state.nh.us/bill_Status/bill_status.aspx?lsr=3008&sy=2020&sortoption=&txtsessionyear=2020,ocd-bill/40266c7c-9eb0-48b4-bbfa-47ce62ca05bc
3315dd43-a289-4df5-b6a0-c0deb63270b0,,http://www.gencourt.state.nh.us/bill_Status/bill_status.aspx?lsr=2874&sy=2020&sortoption=&txtsessionyear=2020,ocd-bill/424b27d3-f29d-41f0-af53-159186b466c4
a7a09cd7-8023-4f58-a873-c38d86751262,,http://www.gencourt.state.nh.us/bill_Status/bill_status.aspx?lsr=3009&sy=2020&sortoption=&txtsessionyear=2020,ocd-bill/6225e920-0bba-443f-84e5-056d11abebc1
b9a07cc0-dbdd-415f-a627-1583855a9d80,,http://www.gencourt.state.nh.us/bill_Status/bill_status.aspx?lsr=3023&sy=2020&sortoption=&txtsessionyear=2020,ocd-bill/cb2b0b7b-6e0a-402d-b9dc-9e33ee8e178b
2a1d138a-6123-4f78-89df-f312a1bfeed3,,http://www.gencourt.state.nh.us/bill_Status/bill_status.aspx?lsr=0883&sy=2020&sortoption=&txtsessionyear=2020,ocd-bill/b7269be2-a8b2-4533-998b-6b5b0db5a364
7065e16c-e8e6-4b35-a72a-f0ff2a754a90,,http://www.gencourt.state.nh.us/bill_Status/bill_status.aspx?lsr=2889&sy=2020&sortoption=&txtsessionyear=2020,ocd-bill/37ce5a42-1770-4246-b88c-5068b7c2cead
15cb362f-60a1-4294-80fe-a7c4fc68913e,,http://www.gencourt.state.nh.us/bill_Status/bill_status.aspx?lsr=3083&sy=2020&sortoption=&txtsessionyear=2020,ocd-bill/a799d892-ea26-4111-a4f1-2f260cc8211b
377ecfaa-5d1d-4164-b7c5-5cec21f30724,,http://www.gencourt.state.nh.us/bill_Status/bill_status.aspx?lsr=2788&sy=2020&sortoption=&txtsessionyear=2020,ocd-bill/6651a501-77f0-43b8-a927-a2cb1be3cf18
5823a68c-8182-4a01-84ae-556abf3145c2,,http://www.gencourt.state.nh.us/bill_Status/bill_status.aspx?lsr=3086&sy=2020&sortoption=&txtsessionyear=2020,ocd-bill/76dd97da-c3a2-4074-9410-0232906d6466
bd0d46bd-7f6a-4010-87c3-44e224bd4fc5,,http://www.gencourt.state.nh.us/bill_Status/bill_status.aspx?lsr=2749&sy=2020&sortoption=&txtsessionyear=2020,ocd-bill/c3e07d33-deac-4b07-a408-8912616f4029
c6ec3014-cee2-4758-9d9e-3d1d6938a1c5,,http://www.gencourt.state.nh.us/bill_Status/bill_status.aspx?lsr=1040&sy=2020&sortoption=&txtsessionyear=2020,ocd-bill/2531290c-03f4-4c08-84fe-b982dc446f3e
7c113836-2f8e-452a-8cee-2123156bb0fe,,http://www.gencourt.state.nh.us/bill_Status/bill_status.aspx?lsr=1069&sy=2020&sortoption=&txtsessionyear=2020,ocd-bill/18c7ad7a-9e8a-4d6f-a163-fab695d2213e
fb81e9bc-2219-464c-b883-ac8b80755a1d,,http://www.gencourt.state.nh.us/bill_Status/bill_status.aspx?lsr=2202&sy=2020&sortoption=&txtsessionyear=2020,ocd-bill/a6869e5b-4dc0-4752-b98b-2cf44558f6c4
0579cfc7-50b4-4377-ba97-31dbe72c4803,,http://www.gencourt.state.nh.us/bill_Status/bill_status.aspx?lsr=3117&sy=2020&sortoption=&txtsessionyear=2020,ocd-bill/38697dfc-f9b5-4365-97eb-c78d59d6004f
32f4a93d-1a71-4515-9f1b-ee734b68ffb5,,http://www.gencourt.state.nh.us/bill_Status/bill_status.aspx?lsr=3069&sy=2020&sortoption=&txtsessionyear=2020,ocd-bill/859d094a-fe20-4691-823e-2a1fca5799c8
fa856804-7f2c-4127-8f73-7bb509915a61,,http://www.gencourt.state.nh.us/bill_Status/bill_status.aspx?lsr=2802&sy=2020&sortoption=&txtsessionyear=2020,ocd-bill/d8a84d87-1d00-44df-b1e2-661323b92a43
508aef0d-39ae-4029-91de-cb09bde64d78,,http://www.gencourt.state.nh.us/bill_Status/bill_status.aspx?lsr=2817&sy=2020&sortoption=&txtsessionyear=2020,ocd-bill/8f332119-e689-413b-8328-1fde095f676e
ded997c8-372a-4749-a0ef-e848683e94f4,,http://www.gencourt.state.nh.us/bill_Status/bill_status.aspx?lsr=2246&sy=2020&sortoption=&txtsessionyear=2020,ocd-bill/afd0643b-f4e4-418f-8ed6-8ce0d0684eea
1105cebc-3baf-46a9-bc00-2a0524b5079e,,http://www.gencourt.state.nh.us/bill_Status/bill_status.aspx?lsr=1096&sy=2020&sortoption=&txtsessionyear=2020,ocd-bill/05f42e00-ad0d-48b9-a97b-786968da9f7d
ec06a86c-3ecb-474d-a7a1-943fc362125a,,http://www.gencourt.state.nh.us/bill_Status/bill_status.aspx?lsr=2831&sy=2020&sortoption=&txtsessionyear=2020,ocd-bill/9c4c54b8-1459-4a20-8213-5ea692232f71
c4e3bdb6-83ff-4ee3-903b-339b98249ea9,,http://www.gencourt.state.nh.us/bill_Status/bill_status.aspx?lsr=2747&sy=2020&sortoption=&txtsessionyear=2020,ocd-bill/b2baeee0-f8a1-4578-aa0f-a64aaeeb657c
a4e12492-a46a-499d-9551-c44d2d79ce59,,http://www.gencourt.state.nh.us/bill_Status/bill_status.aspx?lsr=2902&sy=2020&sortoption=&txtsessionyear=2020,ocd-bill/d2e3ca04-236c-4826-a29f-830de8a38ca0
6e89f745-6993-459a-965d-c796ecee601f,,http://www.gencourt.state.nh.us/bill_Status/bill_status.aspx?lsr=2492&sy=2020&sortoption=&txtsessionyear=2020,ocd-bill/24b3a2c5-cac4-4e3e-990d-4d4b0ca2abad
7262aadb-26bf-4b2f-b849-214ab0de2150,,http://www.gencourt.state.nh.us/bill_Status/bill_status.aspx?lsr=0369&sy=2020&sortoption=&txtsessionyear=2020,ocd-bill/649008b7-f07a-472e-a902-a8166d6a9bee
0f7b59c2-3414-4ea7-9d1f-e5345621e355,,http://www.gencourt.state.nh.us/bill_Status/bill_status.aspx?lsr=0312&sy=2020&sortoption=&txtsessionyear=2020,ocd-bill/533b8ef2-1960-4c0a-9f04-9cf9865e5d34
1e715ad4-1c0e-446a-b0af-ba316755715e,,http://www.gencourt.state.nh.us/bill_Status/bill_status.aspx?lsr=2959&sy=2020&sortoption=&txtsessionyear=2020,ocd-bill/591e9341-d93d-4f33-b683-4826319b4ee5
0a653a9d-e4c8-437d-90a9-f9379e1babbe,,http://www.gencourt.state.nh.us/bill_Status/bill_status.aspx?lsr=0896&sy=2020&sortoption=&txtsessionyear=2020,ocd-bill/e95d96b9-7ad8-4e90-978c-f602e31015d1
f58212c5-10ca-4df4-9266-48a6192b1ec0,,http://www.gencourt.state.nh.us/bill_Status/bill_status.aspx?lsr=0304&sy=2020&sortoption=&txtsessionyear=2020,ocd-bill/0c98ff1e-dbad-4949-acd2-c8eac6d58e55
1e057f3d-e2b1-425c-8d7d-4d0860394aa8,,http://www.gencourt.state.nh.us/bill_Status/bill_status.aspx?lsr=0028&sy=2020&sortoption=&txtsessionyear=2020,ocd-bill/470b8522-5c65-4dc1-acb3-f0dc7b9f2c71
6b34bbc8-f25b-4a0a-8f23-a09d523b3241,,http://www.gencourt.state.nh.us/bill_Status/bill_status.aspx?lsr=0978&sy=2020&sortoption=&txtsessionyear=2020,ocd-bill/8d929df3-89bf-4fa1-b6b5-c2c09b90896b
160c2947-7305-4173-b47a-cc6e49eee363,,http://www.gencourt.state.nh.us/bill_Status/bill_status.aspx?lsr=2773&sy=2020&sortoption=&txtsessionyear=2020,ocd-bill/aebf8396-8adf-4131-b3ec-46ac87e58bec
ee2338c5-2403-4e43-a48a-64c0405555ed,,http://www.gencourt.state.nh.us/bill_Status/bill_status.aspx?lsr=2353&sy=2020&sortoption=&txtsessionyear=2020,ocd-bill/87b90309-b62e-419e-9a5e-487b1511bfa3
49d84ce0-4644-4ad1-90e3-2d429a9fb6e1,,http://www.gencourt.state.nh.us/bill_Status/bill_status.aspx?lsr=0329&sy=2020&sortoption=&txtsessionyear=2020,ocd-bill/b32eca05-cef2-4c26-9e37-cf7143b2c894
ffa4c4d7-dec9-4558-b833-9af33a9bdf5c,,http://www.gencourt.state.nh.us/bill_Status/bill_status.aspx?lsr=0540&sy=2020&sortoption=&txtsessionyear=2020,ocd-bill/f1325282-eb25-4d06-bcaa-47283d74b0e5
bf396fc1-66ea-4c03-9218-328ac077bbfc,,http://www.gencourt.state.nh.us/bill_Status/bill_status.aspx?lsr=2850&sy=2020&sortoption=&txtsessionyear=2020,ocd-bill/7ce1e0e5-fb2b-4ba6-a05b-a541ed86993d
9959fbcd-223e-424b-9972-2dc95533d484,,http://www.gencourt.state.nh.us/bill_Status/bill_status.aspx?lsr=0996&sy=2020&sortoption=&txtsessionyear=2020,ocd-bill/a0e7689e-e691-419b-9f25-c997d26843e6
a58cc0a0-ee60-4ebe-be8d-1117b467f113,,http://www.gencourt.state.nh.us/bill_Status/bill_status.aspx?lsr=0034&sy=2020&sortoption=&txtsessionyear=2020,ocd-bill/55936340-6de0-4403-9696-2b57b18a034d
538f67a0-71b6-4148-bb78-92ccc1c9b69a,,http://www.gencourt.state.nh.us/bill_Status/bill_status.aspx?lsr=2762&sy=2020&sortoption=&txtsessionyear=2020,ocd-bill/204af89b-7e15-4d72-9f42-d0d0b2b88a2d
3e4ab288-44e0-46c1-b97c-287928068374,,http://www.gencourt.state.nh.us/bill_Status/bill_status.aspx?lsr=0838&sy=2020&sortoption=&txtsessionyear=2020,ocd-bill/b38e3eb7-3bfc-47c5-aee4-364e58454356
fa43e6cc-5177-438e-9364-1aa395d1118d,,http://www.gencourt.state.nh.us/bill_Status/bill_status.aspx?lsr=2810&sy=2020&sortoption=&txtsessionyear=2020,ocd-bill/3557f8d6-03cd-48ba-9b68-75a0bf34bc3c
62b448bc-1c0b-46cb-8d88-b2bf37532335,,http://www.gencourt.state.nh.us/bill_Status/bill_status.aspx?lsr=1007&sy=2020&sortoption=&txtsessionyear=2020,ocd-bill/f2f14cb8-e923-4ceb-b6be-9adf7cfcb780
f9143ad0-c3cf-4912-ac67-4813ba579a87,,http://www.gencourt.state.nh.us/bill_Status/bill_status.aspx?lsr=2934&sy=2020&sortoption=&txtsessionyear=2020,ocd-bill/05831023-b4e0-4276-8ee1-4e2491c9b8f6
957816d9-82fb-41d1-98bd-703094cb4459,,http://www.gencourt.state.nh.us/bill_Status/bill_status.aspx?lsr=0992&sy=2020&sortoption=&txtsessionyear=2020,ocd-bill/d7b476cc-e440-4230-8d97-144a024b99fa
e87893b2-ddb5-4bc7-afcf-78a4122e7c85,,http://www.gencourt.state.nh.us/bill_Status/bill_status.aspx?lsr=0362&sy=2020&sortoption=&txtsessionyear=2020,ocd-bill/427ece17-6431-4f03-823b-283ad3c6a319
a44f91b2-8677-4a4c-82f1-62a1b058525d,,http://www.gencourt.state.nh.us/bill_Status/bill_status.aspx?lsr=0017&sy=2020&sortoption=&txtsessionyear=2020,ocd-bill/432ffa71-d297-4196-8fc2-a8df63f21ade
cde32cf9-261e-4323-afd3-e581524cbd81,,http://www.gencourt.state.nh.us/bill_Status/bill_status.aspx?lsr=0872&sy=2020&sortoption=&txtsessionyear=2020,ocd-bill/0b58c59b-4ed7-4c32-9a62-5e6b38df421a
c5310bee-0109-4bdc-aa52-cbcac6427392,,http://www.gencourt.state.nh.us/bill_Status/bill_status.aspx?lsr=3028&sy=2020&sortoption=&txtsessionyear=2020,ocd-bill/2f0b1fc9-40e2-4179-8ada-e31a64291b3b
7b957f91-dab1-4eb2-9de4-99d365f94b51,,http://www.gencourt.state.nh.us/bill_Status/bill_status.aspx?lsr=2797&sy=2020&sortoption=&txtsessionyear=2020,ocd-bill/24bb1308-b7a0-4c35-8cb8-480679207f59
eefa08a2-1212-4bc4-a8c3-b89a70f52251,,http://www.gencourt.state.nh.us/bill_Status/bill_status.aspx?lsr=0085&sy=2020&sortoption=&txtsessionyear=2020,ocd-bill/b7d975d1-1b9a-4d1b-93e1-5a21c7507029
8d956a70-913d-4f5a-97b7-bb4dffa35d24,,http://www.gencourt.state.nh.us/bill_Status/bill_status.aspx?lsr=0097&sy=2020&sortoption=&txtsessionyear=2020,ocd-bill/1d93dd6c-1a91-4529-93de-872bc3747fc0
06df22a0-77a6-4e19-8e09-df9b065cfedf,,http://www.gencourt.state.nh.us/bill_Status/bill_status.aspx?lsr=0764&sy=2020&sortoption=&txtsessionyear=2020,ocd-bill/7a0e7427-1dc1-4463-b1cf-104c37d92235
af3b8ed7-4d77-412e-b993-f1fd44984f78,,http://www.gencourt.state.nh.us/bill_Status/bill_status.aspx?lsr=0577&sy=2020&sortoption=&txtsessionyear=2020,ocd-bill/255dda0e-68ab-4a10-b1cb-a080b1f247ac
837df69b-da0c-4c76-9600-b231ae221a96,,http://www.gencourt.state.nh.us/bill_Status/bill_status.aspx?lsr=0412&sy=2020&sortoption=&txtsessionyear=2020,ocd-bill/ce2e44d8-3a7a-423d-8125-5b94a23ccccb
6511c717-1016-4414-b70b-1810afb175f4,,http://www.gencourt.state.nh.us/bill_Status/bill_status.aspx?lsr=1031&sy=2020&sortoption=&txtsessionyear=2020,ocd-bill/f4fd3e0c-4083-4af5-9533-d7f159cd0ce8
984819ba-e8f9-4d9c-92e7-12a51750bf38,,http://www.gencourt.state.nh.us/bill_Status/bill_status.aspx?lsr=0255&sy=2020&sortoption=&txtsessionyear=2020,ocd-bill/0b010950-bee9-4341-a057-3460630ac2fc
9a7ab0cb-0ebd-4f56-aa6f-f50af19b8242,,http://www.gencourt.state.nh.us/bill_Status/bill_status.aspx?lsr=2832&sy=2020&sortoption=&txtsessionyear=2020,ocd-bill/54b17049-8180-4be4-bd50-aead53ed2659
c60064c5-c06c-41d9-bc2f-a597069eaabc,,http://www.gencourt.state.nh.us/bill_Status/bill_status.aspx?lsr=0043&sy=2020&sortoption=&txtsessionyear=2020,ocd-bill/bc66d9cb-f233-4c56-8610-53f10958accb
243b2106-1d20-45e6-b8a0-fbe3fa3bb488,,http://www.gencourt.state.nh.us/bill_Status/bill_status.aspx?lsr=0920&sy=2020&sortoption=&txtsessionyear=2020,ocd-bill/89079530-0b80-4263-8ccc-b72a8f9b127d
ed03e421-4e7a-4eb5-92ba-ad3f66294998,,http://www.gencourt.state.nh.us/bill_Status/bill_status.aspx?lsr=2952&sy=2020&sortoption=&txtsessionyear=2020,ocd-bill/773b74ef-6fba-43af-b4d6-a9b9b9f5b776
11eab64b-e3ce-4b08-95bc-2ec72ad72faa,,http://www.gencourt.state.nh.us/bill_Status/bill_status.aspx?lsr=0175&sy=2020&sortoption=&txtsessionyear=2020,ocd-bill/9c245a4a-ad2b-4b4b-b602-177ae041f867
cf41af4f-def2-4e1b-9b1f-19d2ebc0a503,,http://www.gencourt.state.nh.us/bill_Status/bill_status.aspx?lsr=0151&sy=2020&sortoption=&txtsessionyear=2020,ocd-bill/7bb2c31d-3bb1-43a6-a8d7-63fd43385719
86e27955-34f9-448f-b18e-a014f60f7409,,http://www.gencourt.state.nh.us/bill_Status/bill_status.aspx?lsr=0091&sy=2020&sortoption=&txtsessionyear=2020,ocd-bill/bc08c14a-8801-4d13-bedd-e7b93da51ac1
01517381-2b52-496f-959c-c17ae3000fc2,,http://www.gencourt.state.nh.us/bill_Status/bill_status.aspx?lsr=0425&sy=2020&sortoption=&txtsessionyear=2020,ocd-bill/a49685f6-07a9-45c2-b953-caaf025819c7
286a4a62-0040-433b-82d7-969bbf200559,,http://www.gencourt.state.nh.us/bill_Status/bill_status.aspx?lsr=2838&sy=2020&sortoption=&txtsessionyear=2020,ocd-bill/1268f247-d749-4545-997d-18a3873afbae
82205d87-e398-4bd5-be21-617a7b9fed2a,,http://www.gencourt.state.nh.us/bill_Status/bill_status.aspx?lsr=0006&sy=2020&sortoption=&txtsessionyear=2020,ocd-bill/9e5277d1-d037-4a0b-b1e8-7762b301de85
77d1301d-5f7a-414d-ab5b-78e2b43243e2,,http://www.gencourt.state.nh.us/bill_Status/bill_status.aspx?lsr=0634&sy=2020&sortoption=&txtsessionyear=2020,ocd-bill/f40e9690-77e3-469f-a0d0-4f96fabb02db
eb46d7dc-e797-40e9-b41f-62d0656ffdf3,,http://www.gencourt.state.nh.us/bill_Status/bill_status.aspx?lsr=0834&sy=2020&sortoption=&txtsessionyear=2020,ocd-bill/2e8b1d8b-424b-46d9-bbd9-c9411b6fb492
5a78005e-7e5f-4dad-a7ca-335a197f6dfc,,http://www.gencourt.state.nh.us/bill_Status/bill_status.aspx?lsr=0798&sy=2020&sortoption=&txtsessionyear=2020,ocd-bill/19946cec-606b-4a12-bf9a-c65800f7bc2b
fe003ad6-3400-4271-bad5-4f32f42a8fcf,,http://www.gencourt.state.nh.us/bill_Status/bill_status.aspx?lsr=0790&sy=2020&sortoption=&txtsessionyear=2020,ocd-bill/9a2d08f9-4d85-4d5c-9fdc-7612d395df40
72845a07-b0f8-49d6-a9a9-1fae5af77e9d,,http://www.gencourt.state.nh.us/bill_Status/bill_status.aspx?lsr=0508&sy=2020&sortoption=&txtsessionyear=2020,ocd-bill/b38c707f-f4c5-40cc-a2c3-d31653aa274b
38170d1b-d8af-43c5-8e51-383879894844,,http://www.gencourt.state.nh.us/bill_Status/bill_status.aspx?lsr=0320&sy=2020&sortoption=&txtsessionyear=2020,ocd-bill/e49f9101-1f91-4665-894b-a6328b8619d1
17f78015-98bc-43d4-9f52-198e60f55bfd,,http://www.gencourt.state.nh.us/bill_Status/bill_status.aspx?lsr=0692&sy=2020&sortoption=&txtsessionyear=2020,ocd-bill/e3117acb-b5d0-4b74-a24f-a6b4e534356e
930c8438-6b9a-4b20-8f49-c394c970e127,,http://www.gencourt.state.nh.us/bill_Status/bill_status.aspx?lsr=3051&sy=2020&sortoption=&txtsessionyear=2020,ocd-bill/837ab48c-bf73-4265-a8cf-48667539d3d4
32197727-987e-47eb-9e42-a58b104f4f77,,http://www.gencourt.state.nh.us/bill_Status/bill_status.aspx?lsr=0608&sy=2020&sortoption=&txtsessionyear=2020,ocd-bill/35ad18b4-3b92-43ef-8b02-d73b00e58728
444a9a9c-29a3-455f-b2b4-9218ed0f96c4,,http://www.gencourt.state.nh.us/bill_Status/bill_status.aspx?lsr=0485&sy=2020&sortoption=&txtsessionyear=2020,ocd-bill/8cb42a49-3409-4c72-a1eb-ad2da688d58f
1b69af24-3267-4ea7-b5b5-8a8c3bc93191,,http://www.gencourt.state.nh.us/bill_Status/bill_status.aspx?lsr=0282&sy=2020&sortoption=&txtsessionyear=2020,ocd-bill/2027d955-9948-4206-bbeb-4c647fdc0ec9
7d528e38-15f6-4bd8-8e87-94a762010ca2,,http://www.gencourt.state.nh.us/bill_Status/bill_status.aspx?lsr=0094&sy=2020&sortoption=&txtsessionyear=2020,ocd-bill/e109f504-06d9-408b-a556-296d6c1b04b5
b96c3faf-e67e-4742-b162-b6939dba7f91,,http://www.gencourt.state.nh.us/bill_Status/bill_status.aspx?lsr=0459&sy=2020&sortoption=&txtsessionyear=2020,ocd-bill/e8ee96c2-301a-441e-ac3e-7f5474f1bd5f
7bc3613a-9dd0-4e96-83d9-44cdc4b7af1d,,http://www.gencourt.state.nh.us/bill_Status/bill_status.aspx?lsr=0441&sy=2020&sortoption=&txtsessionyear=2020,ocd-bill/a6c53798-10ac-43e5-bf0d-35bad7751672
a0814661-7006-459e-bfe6-9bf7d9a5213a,,http://www.gencourt.state.nh.us/bill_Status/bill_status.aspx?lsr=0266&sy=2020&sortoption=&txtsessionyear=2020,ocd-bill/d4ea57c7-03f5-4c2f-98d3-4b934c256473
8951c812-ab29-4d36-b2aa-5c5ef805dec3,,http://www.gencourt.state.nh.us/bill_Status/bill_status.aspx?lsr=0541&sy=2020&sortoption=&txtsessionyear=2020,ocd-bill/e02391e1-fb67-4009-af14-04e265ed91fb
fcd7c9fb-4ead-4e58-b672-b7b120ba5738,,http://www.gencourt.state.nh.us/bill_Status/bill_status.aspx?lsr=2871&sy=2020&sortoption=&txtsessionyear=2020,ocd-bill/2df70ef8-e22b-40fd-807f-2df1df87599c
9d262216-85de-43f8-8676-780e7299bbcc,,http://www.gencourt.state.nh.us/bill_Status/bill_status.aspx?lsr=3079&sy=2020&sortoption=&txtsessionyear=2020,ocd-bill/5a5a6102-a7f1-447f-bc38-9fc3542f691a
74bd83a9-967d-4df0-9a56-90f618d157f1,,http://www.gencourt.state.nh.us/bill_Status/bill_status.aspx?lsr=0215&sy=2020&sortoption=&txtsessionyear=2020,ocd-bill/5c3e3bfd-94f3-4acc-b92f-598ba808069e
0e03e50f-7954-4b63-9c69-1d9299e8c97b,,http://www.gencourt.state.nh.us/bill_Status/bill_status.aspx?lsr=2891&sy=2020&sortoption=&txtsessionyear=2020,ocd-bill/c0ae7842-4a60-467f-84e5-45b0bb339c29
1158e86c-a21e-4a9f-aaba-394b43841649,,http://www.gencourt.state.nh.us/bill_Status/bill_status.aspx?lsr=0942&sy=2020&sortoption=&txtsessionyear=2020,ocd-bill/3970c37e-370f-4065-8b3d-e292edc3b2e4
27439c07-d1b9-4570-bcd8-cab09f65f4a9,,http://www.gencourt.state.nh.us/bill_Status/bill_status.aspx?lsr=0770&sy=2020&sortoption=&txtsessionyear=2020,ocd-bill/74bfd2a4-4633-4b8f-8b75-9e0ad77e90ee
6fe01e07-d646-41af-aadf-73d2c001752e,,http://www.gencourt.state.nh.us/bill_Status/bill_status.aspx?lsr=0126&sy=2020&sortoption=&txtsessionyear=2020,ocd-bill/b7039216-1e82-432a-a117-aa898fd9ae9e
49a05c2f-7cbd-4d6b-b421-e60a9aa7ce1c,,http://www.gencourt.state.nh.us/bill_Status/bill_status.aspx?lsr=0125&sy=2020&sortoption=&txtsessionyear=2020,ocd-bill/3cd6278a-82d8-4a5b-a0ce-0f80ae2e0d16
0ca09b3e-fd00-4d00-8c12-2544a7beb9ea,,http://www.gencourt.state.nh.us/bill_Status/bill_status.aspx?lsr=1080&sy=2020&sortoption=&txtsessionyear=2020,ocd-bill/28249e89-fab6-4e77-b55a-27853b73b631
8ad5b906-1ec4-423f-a893-568eb9fc14b0,,http://www.gencourt.state.nh.us/bill_Status/bill_status.aspx?lsr=0622&sy=2020&sortoption=&txtsessionyear=2020,ocd-bill/cb086cb0-459b-4404-90e5-636ea17a995e
cf0c3ab6-bf27-4c89-94de-110f3efab63a,,http://www.gencourt.state.nh.us/bill_Status/bill_status.aspx?lsr=2971&sy=2020&sortoption=&txtsessionyear=2020,ocd-bill/6cdf02b0-dfa6-40e5-8824-d5b0fbd7eeab
efa18bb6-ec47-44e0-81d0-8b61eb65fe76,,http://www.gencourt.state.nh.us/bill_Status/bill_status.aspx?lsr=0899&sy=2020&sortoption=&txtsessionyear=2020,ocd-bill/a4be8745-47f8-4727-aacc-66506fae719b
1025f8fe-4d87-4a65-a5e2-4fc206c4b6bf,,http://www.gencourt.state.nh.us/bill_Status/bill_status.aspx?lsr=2908&sy=2020&sortoption=&txtsessionyear=2020,ocd-bill/70ac8d10-b157-4a07-8e7c-2fff1710085c
6cc172f5-cd7a-48d2-ba7b-63f31220d811,,http://www.gencourt.state.nh.us/bill_Status/bill_status.aspx?lsr=2442&sy=2020&sortoption=&txtsessionyear=2020,ocd-bill/2fd70b3d-c480-4d02-bb7b-d89396250bca
d310faec-703d-4a3e-b0e7-557c0def77d6,,http://www.gencourt.state.nh.us/bill_Status/bill_status.aspx?lsr=0366&sy=2020&sortoption=&txtsessionyear=2020,ocd-bill/0ef9a82e-7095-4767-b837-873b959884fe
2c2b2c1f-f82c-477c-9f9b-d267bbd2925f,,http://www.gencourt.state.nh.us/bill_Status/bill_status.aspx?lsr=2722&sy=2020&sortoption=&txtsessionyear=2020,ocd-bill/8b52b05c-fbd9-487d-bd83-8c83c0cb20ab
ee4710f3-2d2a-42af-9f96-35d24d7aa683,,http://www.gencourt.state.nh.us/bill_Status/bill_status.aspx?lsr=2556&sy=2020&sortoption=&txtsessionyear=2020,ocd-bill/cee19ae0-6b91-42e9-8982-dc6a781c6cdd
ecb95d39-5fdf-47e7-8cc0-fa59e48f291f,,http://www.gencourt.state.nh.us/bill_Status/bill_status.aspx?lsr=2340&sy=2020&sortoption=&txtsessionyear=2020,ocd-bill/8a504f7c-c767-490b-bd63-bcfd6a27b057
fb9edaf1-9095-469c-bbd7-6e7c379266c4,,http://www.gencourt.state.nh.us/bill_Status/bill_status.aspx?lsr=2585&sy=2020&sortoption=&txtsessionyear=2020,ocd-bill/f3b503d1-1b74-41c2-b46a-fc90f937e73c
caf91f2d-e3bb-48ad-8363-586b31b26d1c,,http://www.gencourt.state.nh.us/bill_Status/bill_status.aspx?lsr=0648&sy=2020&sortoption=&txtsessionyear=2020,ocd-bill/d7bf9391-36f2-40a3-803a-908824598980
5e382712-c7ed-40aa-ae67-7c9fae7ec6f7,,http://www.gencourt.state.nh.us/bill_Status/bill_status.aspx?lsr=2362&sy=2020&sortoption=&txtsessionyear=2020,ocd-bill/187523a4-0d0f-4f35-b82f-f7e6d1827bf5
a3c79020-f267-4bb7-88cb-911fe7367075,,http://www.gencourt.state.nh.us/bill_Status/bill_status.aspx?lsr=2646&sy=2020&sortoption=&txtsessionyear=2020,ocd-bill/254293d3-7783-4a14-8df2-0f845de08b70
53ad0f97-6b91-4226-be56-bf43c4804840,,http://www.gencourt.state.nh.us/bill_Status/bill_status.aspx?lsr=2314&sy=2020&sortoption=&txtsessionyear=2020,ocd-bill/b768d327-e8ae-4a4f-88dd-d85086813d55
03bd0851-d05b-45b5-b950-2a50239d2ff5,,http://www.gencourt.state.nh.us/bill_Status/bill_status.aspx?lsr=2274&sy=2020&sortoption=&txtsessionyear=2020,ocd-bill/970f339d-6cb0-49c5-ac91-c5e984a26694
c7133071-965b-4b34-ab9b-03b085dcc3ec,,http://www.gencourt.state.nh.us/bill_Status/bill_status.aspx?lsr=2291&sy=2020&sortoption=&txtsessionyear=2020,ocd-bill/03e43f27-5f1d-4251-b475-be1e89a08c11
43ee5d2b-3df0-4643-b68f-e567df6dd092,,http://www.gencourt.state.nh.us/bill_Status/bill_status.aspx?lsr=2642&sy=2020&sortoption=&txtsessionyear=2020,ocd-bill/029f6273-7762-4fb5-a9de-42e72f7491d1
8c24b680-df77-47c0-b661-540c6824167b,,http://www.gencourt.state.nh.us/bill_Status/bill_status.aspx?lsr=2222&sy=2020&sortoption=&txtsessionyear=2020,ocd-bill/3807d4e7-5c89-4701-b3a6-d2b808945c10
8c446548-1ff5-4cc8-b4fd-3b879f7f5a5c,,http://www.gencourt.state.nh.us/bill_Status/bill_status.aspx?lsr=2473&sy=2020&sortoption=&txtsessionyear=2020,ocd-bill/13fdee51-b0d6-482b-a3a8-dfa13c01e081
93984a9e-0c81-4b57-93b8-398a0ddf7aa1,,http://www.gencourt.state.nh.us/bill_Status/bill_status.aspx?lsr=2286&sy=2020&sortoption=&txtsessionyear=2020,ocd-bill/e43b473b-2a53-4d63-9083-267ed245cddb
739cd44a-662c-4c6c-b50a-cc76a8ca55cc,,http://www.gencourt.state.nh.us/bill_Status/bill_status.aspx?lsr=0726&sy=2020&sortoption=&txtsessionyear=2020,ocd-bill/b64fac7f-ec9b-4d69-bf84-23a2a7ac631d
7bda9077-62a2-4452-94a8-c0f359ccff10,,http://www.gencourt.state.nh.us/bill_Status/bill_status.aspx?lsr=0511&sy=2020&sortoption=&txtsessionyear=2020,ocd-bill/a25dfac8-de09-4a2b-b9e2-886ab7b57908
2c4834b7-329f-4b81-ae04-f5131b5f34f7,,http://www.gencourt.state.nh.us/bill_Status/bill_status.aspx?lsr=2164&sy=2020&sortoption=&txtsessionyear=2020,ocd-bill/1a7779cb-9181-428e-b39e-c2edc93bd1d1
8e78a565-a2f7-4423-8aaf-1ecbbd6625a2,,http://www.gencourt.state.nh.us/bill_Status/bill_status.aspx?lsr=2389&sy=2020&sortoption=&txtsessionyear=2020,ocd-bill/6c45178a-b608-427b-8804-e2d62cdc4d79
a428581a-25af-4c1a-bfc5-3495f41778d5,,http://www.gencourt.state.nh.us/bill_Status/bill_status.aspx?lsr=2277&sy=2020&sortoption=&txtsessionyear=2020,ocd-bill/c17c89f0-0c3a-401f-9805-bdd2c6cf50e7
17502365-d549-4c95-a0c0-2803f45b7fae,,http://www.gencourt.state.nh.us/bill_Status/bill_status.aspx?lsr=2053&sy=2020&sortoption=&txtsessionyear=2020,ocd-bill/39589b82-50e6-49d4-85be-ed6ec0473567
01d1701f-6a66-4bd6-984f-8df4c2ac3ae6,,http://www.gencourt.state.nh.us/bill_Status/bill_status.aspx?lsr=2217&sy=2020&sortoption=&txtsessionyear=2020,ocd-bill/bc941c2c-e647-4da1-a702-06d3a8e828ee
052f1db9-3ca3-4957-9b8c-7bfe4d90a58e,,http://www.gencourt.state.nh.us/bill_Status/bill_status.aspx?lsr=2449&sy=2020&sortoption=&txtsessionyear=2020,ocd-bill/2ae56f11-8433-45a5-bebd-7f130a24b05f
f0769bd2-8a95-4010-b143-38423d5a5b71,,http://www.gencourt.state.nh.us/bill_Status/bill_status.aspx?lsr=2579&sy=2020&sortoption=&txtsessionyear=2020,ocd-bill/e8d786f3-9fef-47b5-8a00-5fdef8bb1393
5e043b9f-1bb5-4e52-9ff1-3346e0d97f29,,http://www.gencourt.state.nh.us/bill_Status/bill_status.aspx?lsr=2554&sy=2020&sortoption=&txtsessionyear=2020,ocd-bill/6d798be5-de2e-483e-9bb7-ee40e16d97b1
f89a1bcf-cd67-4ae9-8f78-b00ff460f589,,http://www.gencourt.state.nh.us/bill_Status/bill_status.aspx?lsr=2346&sy=2020&sortoption=&txtsessionyear=2020,ocd-bill/15a90619-9503-4ea0-b2fb-81e5a0b957b7
7c7a8c6d-d483-47e6-ab6b-ab7a7908af14,,http://www.gencourt.state.nh.us/bill_Status/bill_status.aspx?lsr=2328&sy=2020&sortoption=&txtsessionyear=2020,ocd-bill/7fe0150e-bcd1-40cd-954f-a2cff9866ab1
5f93e4a1-f912-47fb-850c-eaa8a49670d9,,http://www.gencourt.state.nh.us/bill_Status/bill_status.aspx?lsr=2479&sy=2020&sortoption=&txtsessionyear=2020,ocd-bill/6fdf9500-8cbf-45d7-bdbe-d90ee541c5c9
a540e239-66ee-4c1d-8e52-2feb68bb7526,,http://www.gencourt.state.nh.us/bill_Status/bill_status.aspx?lsr=2012&sy=2020&sortoption=&txtsessionyear=2020,ocd-bill/45b900eb-77d2-403e-a914-431b3a4a051f
84b315e2-518d-4f7d-a549-bf63ec241610,,http://www.gencourt.state.nh.us/bill_Status/bill_status.aspx?lsr=2663&sy=2020&sortoption=&txtsessionyear=2020,ocd-bill/43558489-d14d-4dda-ad88-e4c14f805a05
d4028d78-61e2-4717-a75d-147c76a28c6b,,http://www.gencourt.state.nh.us/bill_Status/bill_status.aspx?lsr=2689&sy=2020&sortoption=&txtsessionyear=2020,ocd-bill/ca8f7f9a-d536-42bc-84f5-d9da34154288
efbc4d62-f993-48aa-8b05-c953fcd53795,,http://www.gencourt.state.nh.us/bill_Status/bill_status.aspx?lsr=2305&sy=2020&sortoption=&txtsessionyear=2020,ocd-bill/2551642a-9372-42ca-908d-61af423ac4c8
ae7d94d4-8636-4cfe-bba1-9bc9b931b8cf,,http://www.gencourt.state.nh.us/bill_Status/bill_status.aspx?lsr=1113&sy=2020&sortoption=&txtsessionyear=2020,ocd-bill/d573458a-5493-47a4-a302-7874ea2833fd
5482d9d1-5b83-40aa-aa1c-1e48ccd9e1bc,,http://www.gencourt.state.nh.us/bill_Status/bill_status.aspx?lsr=2010&sy=2020&sortoption=&txtsessionyear=2020,ocd-bill/60cf75ad-dde0-4cdb-81a9-976c067e1430
785b88f0-42ef-4ce4-af08-23cb92011011,,http://www.gencourt.state.nh.us/bill_Status/bill_status.aspx?lsr=2774&sy=2020&sortoption=&txtsessionyear=2020,ocd-bill/553f230d-9c16-4be3-ac66-9251bdb9688b
16c17a8d-f13f-471e-9911-99c74dc3ae78,,http://www.gencourt.state.nh.us/bill_Status/bill_status.aspx?lsr=2574&sy=2020&sortoption=&txtsessionyear=2020,ocd-bill/f0a56d30-ecc6-4069-98b9-f87251c93ae6
5478c69f-3ff2-4519-8140-999c69a87f3a,,http://www.gencourt.state.nh.us/bill_Status/bill_status.aspx?lsr=2480&sy=2020&sortoption=&txtsessionyear=2020,ocd-bill/5eaca57d-d5d0-47c8-a195-188f3260f7e6
67138f30-680b-4a02-b6ce-541fbf905401,,http://www.gencourt.state.nh.us/bill_Status/bill_status.aspx?lsr=2243&sy=2020&sortoption=&txtsessionyear=2020,ocd-bill/7b10ba04-9ac6-4073-ad1a-0eec362ae648
81dee3f4-88f5-45c6-9a10-86ad3d0e4961,,http://www.gencourt.state.nh.us/bill_Status/bill_status.aspx?lsr=2370&sy=2020&sortoption=&txtsessionyear=2020,ocd-bill/977c143f-2b1e-4c93-b254-7a010a7f0380
b6874bbc-6d3d-4532-8813-f1fa59f2c8e1,,http://www.gencourt.state.nh.us/bill_Status/bill_status.aspx?lsr=3030&sy=2020&sortoption=&txtsessionyear=2020,ocd-bill/0fd716f6-b4b3-4941-a81b-403967ad0281
095a6b13-b92d-4d6d-b518-f5b879e226bf,,http://www.gencourt.state.nh.us/bill_Status/bill_status.aspx?lsr=2358&sy=2020&sortoption=&txtsessionyear=2020,ocd-bill/3573dc81-00a4-41d6-9ab7-742248a19454
d3bcb694-c432-4d34-9ba2-13aa79be0eaa,,http://www.gencourt.state.nh.us/bill_Status/bill_status.aspx?lsr=2013&sy=2020&sortoption=&txtsessionyear=2020,ocd-bill/eca6495a-5ae6-452a-a344-acbad0d53b09
762b338e-084f-44da-b0e6-ef321564d17e,,http://www.gencourt.state.nh.us/bill_Status/bill_status.aspx?lsr=2633&sy=2020&sortoption=&txtsessionyear=2020,ocd-bill/ff2fadfc-86cc-4f28-a816-ddc065e48bce
db1e491d-3b5a-477a-8aef-4e8d4aa82dd5,,http://www.gencourt.state.nh.us/bill_Status/bill_status.aspx?lsr=2724&sy=2020&sortoption=&txtsessionyear=2020,ocd-bill/f90d2c0d-5e5a-4f07-89f9-16b85292df2d
1fd08193-0188-4630-a142-c4772971b25c,,http://www.gencourt.state.nh.us/bill_Status/bill_status.aspx?lsr=2049&sy=2020&sortoption=&txtsessionyear=2020,ocd-bill/afcda5dc-7001-4670-830b-351c454cef2a
0472289f-ee14-43fc-9175-91d8939ba6b6,,http://www.gencourt.state.nh.us/bill_Status/bill_status.aspx?lsr=2821&sy=2020&sortoption=&txtsessionyear=2020,ocd-bill/05b58a26-0028-4b1e-acfd-5f968cde4ecd
304624f9-75c2-4519-a858-4f351f15ac5d,,http://www.gencourt.state.nh.us/bill_Status/bill_status.aspx?lsr=2798&sy=2020&sortoption=&txtsessionyear=2020,ocd-bill/85d5c7eb-bdf1-400f-bb49-73d2261727da
852067ad-f9d1-4894-9182-d74bb6d2c0ba,,http://www.gencourt.state.nh.us/bill_Status/bill_status.aspx?lsr=2816&sy=2020&sortoption=&txtsessionyear=2020,ocd-bill/cb5bea40-20ac-4fce-95f2-98df247b4170
122e3720-a752-4795-a3db-b388836bcf97,,http://www.gencourt.state.nh.us/bill_Status/bill_status.aspx?lsr=0837&sy=2020&sortoption=&txtsessionyear=2020,ocd-bill/405ef53a-55c1-4b18-96c3-04e3dd2297d0
2c4e87de-a4a7-4b3d-b4bf-9d4f2cb5b158,,http://www.gencourt.state.nh.us/bill_Status/bill_status.aspx?lsr=2925&sy=2020&sortoption=&txtsessionyear=2020,ocd-bill/62295743-702c-48ca-88c6-ab0b0900fdba
be872384-f3c3-46c3-8a56-e804bf99fc55,,http://www.gencourt.state.nh.us/bill_Status/bill_status.aspx?lsr=2464&sy=2020&sortoption=&txtsessionyear=2020,ocd-bill/ce0105a9-67cd-4969-969c-9197deac94ce
864c69cc-922b-4fad-bee0-1abda3221f87,,http://www.gencourt.state.nh.us/bill_Status/bill_status.aspx?lsr=2617&sy=2020&sortoption=&txtsessionyear=2020,ocd-bill/3c4a9ae4-3b26-44df-8280-a5c6c0756148
c0ca88bf-9897-4c4a-a0fb-0328160574b2,,http://www.gencourt.state.nh.us/bill_Status/bill_status.aspx?lsr=2029&sy=2020&sortoption=&txtsessionyear=2020,ocd-bill/adb90c05-74fc-42b8-a84f-a4557a57bd66
3db95857-d0ed-422d-98fe-274346934bbb,,http://www.gencourt.state.nh.us/bill_Status/bill_status.aspx?lsr=2030&sy=2020&sortoption=&txtsessionyear=2020,ocd-bill/3e7bda99-3c10-45ef-acd7-61bcba88b0d7
49dcba75-5a2e-4b35-b2f2-17a01769238b,,http://www.gencourt.state.nh.us/bill_Status/bill_status.aspx?lsr=2592&sy=2020&sortoption=&txtsessionyear=2020,ocd-bill/74675532-6e83-45c9-af30-3a3a023e548d
91f81fe5-49b6-4c63-b470-9d662dc28f12,,http://www.gencourt.state.nh.us/bill_Status/bill_status.aspx?lsr=2348&sy=2020&sortoption=&txtsessionyear=2020,ocd-bill/5115fb89-6c4e-4322-8dc2-9916c4899b37
e03c432c-ff46-4f38-a0da-8c5d74b385d5,,http://www.gencourt.state.nh.us/bill_Status/bill_status.aspx?lsr=2661&sy=2020&sortoption=&txtsessionyear=2020,ocd-bill/ac1c4300-7824-432e-ac13-368ea9712450
80c44ac4-3a5d-493e-aee5-857dc1caf024,,http://www.gencourt.state.nh.us/bill_Status/bill_status.aspx?lsr=2559&sy=2020&sortoption=&txtsessionyear=2020,ocd-bill/57a64d5f-8096-4ade-b114-800497e6e001
4b04c390-fe23-4a30-aea7-abbfa6a8f847,,http://www.gencourt.state.nh.us/bill_Status/bill_status.aspx?lsr=2365&sy=2020&sortoption=&txtsessionyear=2020,ocd-bill/767f6779-0fa3-4f65-919e-d8815b5be985
8cca88d6-cf71-46d6-9c90-86e03daf460a,,http://www.gencourt.state.nh.us/bill_Status/bill_status.aspx?lsr=2046&sy=2020&sortoption=&txtsessionyear=2020,ocd-bill/7ab278e7-af63-4a00-b837-e93590ebcbbf
41774f04-4f13-48d3-b699-5c7c0264dbc3,,http://www.gencourt.state.nh.us/bill_Status/bill_status.aspx?lsr=3127&sy=2020&sortoption=&txtsessionyear=2020,ocd-bill/787e8921-1fe3-4066-9675-854b9a9bbfbc
0bb1d021-d758-4706-afa0-9420cfbb7b05,,http://www.gencourt.state.nh.us/bill_Status/bill_status.aspx?lsr=2450&sy=2020&sortoption=&txtsessionyear=2020,ocd-bill/e7f54582-52bb-485c-afe4-c23a6d5d9e1e
384a25a6-df62-495a-84e6-178c379b0193,,http://www.gencourt.state.nh.us/bill_Status/bill_status.aspx?lsr=2720&sy=2020&sortoption=&txtsessionyear=2020,ocd-bill/5a0a47b3-899c-43e0-b2ca-200fd30355c7
f348a4a1-1ca7-4687-964c-3913d99586a4,,http://www.gencourt.state.nh.us/bill_Status/bill_status.aspx?lsr=3027&sy=2020&sortoption=&txtsessionyear=2020,ocd-bill/d0018ac8-bfb3-4690-86de-f6fb7f1e9e10
3910e825-d0a6-48c5-867e-9e765e7a4928,,http://www.gencourt.state.nh.us/bill_Status/bill_status.aspx?lsr=2149&sy=2020&sortoption=&txtsessionyear=2020,ocd-bill/32136fc2-548d-4ad5-8b86-eb4a6461f99f
60219886-627b-4267-bdb2-8d3e1b619e42,,http://www.gencourt.state.nh.us/bill_Status/bill_status.aspx?lsr=2211&sy=2020&sortoption=&txtsessionyear=2020,ocd-bill/4dff2930-36a5-4517-a516-eeed8b2cd4e9
ef64cc56-8354-400e-9b47-f0ab6593428f,,http://www.gencourt.state.nh.us/bill_Status/bill_status.aspx?lsr=2578&sy=2020&sortoption=&txtsessionyear=2020,ocd-bill/c0352d96-2839-4d3d-bce2-81705b75333c
fad32582-defc-44d1-92d2-84c3be6c9ea4,,http://www.gencourt.state.nh.us/bill_Status/bill_status.aspx?lsr=2987&sy=2020&sortoption=&txtsessionyear=2020,ocd-bill/4e34dcc6-398c-4b37-b63f-e82e2e36bc20
89e28024-2109-4743-8a0b-8adc7c21d152,,http://www.gencourt.state.nh.us/bill_Status/bill_status.aspx?lsr=2167&sy=2020&sortoption=&txtsessionyear=2020,ocd-bill/5bec2182-c8a4-49e5-96ae-99e79f5b9c82
d9e741e9-7531-4c1b-a9f2-1b0f1bb72dbb,,http://www.gencourt.state.nh.us/bill_Status/bill_status.aspx?lsr=2917&sy=2020&sortoption=&txtsessionyear=2020,ocd-bill/f197b0e7-55f1-4fd3-97a3-97c3c99307af
3892060e-5b49-4267-8415-010f3cf06ad5,,http://www.gencourt.state.nh.us/bill_Status/bill_status.aspx?lsr=2990&sy=2020&sortoption=&txtsessionyear=2020,ocd-bill/5c93adb9-6caa-4d91-8c6f-6b1b3e095c0d
3f17393d-769c-43c0-a704-1af9b7fb0ba7,,http://www.gencourt.state.nh.us/bill_Status/bill_status.aspx?lsr=2631&sy=2020&sortoption=&txtsessionyear=2020,ocd-bill/290512ef-67ee-4b6d-af70-d82b7bc1a20d
b191ae37-e02d-4ea7-b5ff-493307c18f6c,,http://www.gencourt.state.nh.us/bill_Status/bill_status.aspx?lsr=2622&sy=2020&sortoption=&txtsessionyear=2020,ocd-bill/8c639130-4844-42c5-8ae9-f48044764409
6d60164a-7aac-486a-8b2a-997f32667ae3,,http://www.gencourt.state.nh.us/bill_Status/bill_status.aspx?lsr=2244&sy=2020&sortoption=&txtsessionyear=2020,ocd-bill/1b83b8ef-f3dd-4ad2-894b-6bb50b333bce
30f2b8a7-fd1d-4844-afb8-fce0ba2ac6e2,,http://www.gencourt.state.nh.us/bill_Status/bill_status.aspx?lsr=2335&sy=2020&sortoption=&txtsessionyear=2020,ocd-bill/38e5a789-0e8e-4d15-bbba-10119e5c8414
d8424d2f-3574-4c18-8a67-39bb31764c3b,,http://www.gencourt.state.nh.us/bill_Status/bill_status.aspx?lsr=3052&sy=2020&sortoption=&txtsessionyear=2020,ocd-bill/132fea52-29e8-4e2e-a1fd-624c0e7e49f0
75a711b1-f937-4ca6-93da-8d77588a8bdd,,http://www.gencourt.state.nh.us/bill_Status/bill_status.aspx?lsr=2761&sy=2020&sortoption=&txtsessionyear=2020,ocd-bill/19b0d650-a95b-4d52-9ccf-fb2034a2b4cd
c3b32ba6-05e0-40db-bbf9-48f44965e1cc,,http://www.gencourt.state.nh.us/bill_Status/bill_status.aspx?lsr=2354&sy=2020&sortoption=&txtsessionyear=2020,ocd-bill/a27d52d1-4fa7-464c-b7f9-fb5f19fe2eb7
2b7ba910-7129-4c2f-82ed-c9edc0da80fa,,http://www.gencourt.state.nh.us/bill_Status/bill_status.aspx?lsr=2383&sy=2020&sortoption=&txtsessionyear=2020,ocd-bill/cce3bfed-ac05-4a67-847a-31fb41b0ce45
27bc661f-1c16-40b4-a25f-f2603ee22fd4,,http://www.gencourt.state.nh.us/bill_Status/bill_status.aspx?lsr=2183&sy=2020&sortoption=&txtsessionyear=2020,ocd-bill/9388b88c-875d-4667-8239-cd6868f7d367
b5ed7a8a-1006-41fd-bfc0-176e1f152773,,http://www.gencourt.state.nh.us/bill_Status/bill_status.aspx?lsr=2584&sy=2020&sortoption=&txtsessionyear=2020,ocd-bill/f4bef364-64d2-4f63-abf1-9046bff4c753
e15da1f8-158d-4ee7-9d67-cbac41f3b929,,http://www.gencourt.state.nh.us/bill_Status/bill_status.aspx?lsr=2935&sy=2020&sortoption=&txtsessionyear=2020,ocd-bill/3b61a7b2-23b1-4b68-a4f3-8cadb55dac0b
6045e569-5ec3-457a-b02a-b1150658ca03,,http://www.gencourt.state.nh.us/bill_Status/bill_status.aspx?lsr=2880&sy=2020&sortoption=&txtsessionyear=2020,ocd-bill/45876a87-3882-4e23-9ab7-7858d06a07b1
91f8e47e-c284-4ace-8988-37a97b3b5b67,,http://www.gencourt.state.nh.us/bill_Status/bill_status.aspx?lsr=2581&sy=2020&sortoption=&txtsessionyear=2020,ocd-bill/21574ef9-c606-4dfc-b8a3-bbd224b1ef60
2784de4c-96ab-4c9e-9501-adff07d08242,,http://www.gencourt.state.nh.us/bill_Status/bill_status.aspx?lsr=3060&sy=2020&sortoption=&txtsessionyear=2020,ocd-bill/fdf90efa-1ae4-4259-930a-34b6fbbd375d
7dd12aa0-3ae1-409b-b2c6-0d2c750f8e9d,,http://www.gencourt.state.nh.us/bill_Status/bill_status.aspx?lsr=2814&sy=2020&sortoption=&txtsessionyear=2020,ocd-bill/2e37cab6-d073-4ad9-9a16-2a9480f9aa8a
1d3bc8a5-21d8-4659-89ae-b3aa59710362,,http://www.gencourt.state.nh.us/bill_Status/bill_status.aspx?lsr=3013&sy=2020&sortoption=&txtsessionyear=2020,ocd-bill/c59b3e0e-95ca-4c83-bf37-676a91a7bc10
470144c4-c7ed-4167-9fc9-1ff2c3d5029b,,http://www.gencourt.state.nh.us/bill_Status/bill_status.aspx?lsr=2235&sy=2020&sortoption=&txtsessionyear=2020,ocd-bill/51474ed8-79a9-4d3e-b9a8-40cc24bf8a36
bed14906-a9d5-404f-b134-5fca7ac66493,,http://www.gencourt.state.nh.us/bill_Status/bill_status.aspx?lsr=0404&sy=2020&sortoption=&txtsessionyear=2020,ocd-bill/5224a396-3ff9-4080-abce-374d593ed9be
eb2424d5-8c7b-473c-834b-2ee630d0439e,,http://www.gencourt.state.nh.us/bill_Status/bill_status.aspx?lsr=0793&sy=2020&sortoption=&txtsessionyear=2020,ocd-bill/40c5f2f8-7901-4db4-8a02-5d86fefb12fd
d3499164-050f-4899-a01f-18ddb9f0e6b8,,http://www.gencourt.state.nh.us/bill_Status/bill_status.aspx?lsr=2784&sy=2020&sortoption=&txtsessionyear=2020,ocd-bill/9470d3d6-7b18-47f5-bfd3-a9e866af35be
9a8186b0-7048-490c-aa1c-a881f739931d,,http://www.gencourt.state.nh.us/bill_Status/bill_status.aspx?lsr=2825&sy=2020&sortoption=&txtsessionyear=2020,ocd-bill/c8ae8ff0-e287-4c07-8936-61eb126003b3
930d40b7-17cd-4b5d-9276-e95802df1d76,,http://www.gencourt.state.nh.us/bill_Status/bill_status.aspx?lsr=2828&sy=2020&sortoption=&txtsessionyear=2020,ocd-bill/3774ec7a-07f9-43f2-8fe4-0e0b09313d11
5d0b84bf-1f61-48f5-9b70-3e4ee4a34610,,http://www.gencourt.state.nh.us/bill_Status/bill_status.aspx?lsr=2852&sy=2020&sortoption=&txtsessionyear=2020,ocd-bill/0c31ff73-49ae-4cd9-85e1-d3a8c3d331da
c5cedba0-2aa5-43c8-bd36-f10e9a70326e,,http://www.gencourt.state.nh.us/bill_Status/bill_status.aspx?lsr=2227&sy=2020&sortoption=&txtsessionyear=2020,ocd-bill/e8b81b3d-362f-4d7c-97ac-c77e5f8fd942
5125b299-6506-414c-885f-275423d39201,,http://www.gencourt.state.nh.us/bill_Status/bill_status.aspx?lsr=2708&sy=2020&sortoption=&txtsessionyear=2020,ocd-bill/fcfa24b1-6ede-4dcb-9b8d-c2ee75dca0f0
f439f552-4a3e-43b5-8458-76a7b4e6cd27,,http://www.gencourt.state.nh.us/bill_Status/bill_status.aspx?lsr=2239&sy=2020&sortoption=&txtsessionyear=2020,ocd-bill/72ab9b88-aa3b-43a8-8634-53ba5e07840e
472e9b85-83e9-4544-9021-73bd27ecb567,,http://www.gencourt.state.nh.us/bill_Status/bill_status.aspx?lsr=2885&sy=2020&sortoption=&txtsessionyear=2020,ocd-bill/6b9fbc81-c345-4c84-ad12-73f917c40430
9c977f65-28db-4a13-a5f9-3d83e6c2742d,,http://www.gencourt.state.nh.us/bill_Status/bill_status.aspx?lsr=0009&sy=2020&sortoption=&txtsessionyear=2020,ocd-bill/a1a411cb-c309-424d-bf39-692ca3ab1e43
910ed7ff-9999-4058-bb40-582f7cd3ac81,,http://www.gencourt.state.nh.us/bill_Status/bill_status.aspx?lsr=2409&sy=2020&sortoption=&txtsessionyear=2020,ocd-bill/98f74326-08c8-42b1-a377-00ee01214897
e9280657-ab5c-4e7f-8d9b-7c8b31eb13b3,,http://www.gencourt.state.nh.us/bill_Status/bill_status.aspx?lsr=0259&sy=2020&sortoption=&txtsessionyear=2020,ocd-bill/ef0ebb71-9636-4fd2-8cea-9dca8262aefe
8c277f5c-c173-498c-90a1-9332c975ed7a,,http://www.gencourt.state.nh.us/bill_Status/bill_status.aspx?lsr=2643&sy=2020&sortoption=&txtsessionyear=2020,ocd-bill/71ac8d90-eeca-44d8-81a2-18117c8159c1
c1284ad0-91c4-45ac-a559-bad95d391cdf,,http://www.gencourt.state.nh.us/bill_Status/bill_status.aspx?lsr=3021&sy=2020&sortoption=&txtsessionyear=2020,ocd-bill/f6a6ad4c-d8b1-4d62-ac44-0ad83515b328
5a2ab76f-2315-4810-b865-552d24cac6a5,,http://www.gencourt.state.nh.us/bill_Status/bill_status.aspx?lsr=2650&sy=2020&sortoption=&txtsessionyear=2020,ocd-bill/3c0a1530-1e5b-4130-867c-3985a09f4852
fdbcaac4-e211-4f29-87e1-2bc75c3047a9,,http://www.gencourt.state.nh.us/bill_Status/bill_status.aspx?lsr=2466&sy=2020&sortoption=&txtsessionyear=2020,ocd-bill/0b4249db-9ab0-439b-945c-e65b3c265d0d
23f6227d-cb29-46cc-b893-7bc962e00bd9,,http://www.gencourt.state.nh.us/bill_Status/bill_status.aspx?lsr=2428&sy=2020&sortoption=&txtsessionyear=2020,ocd-bill/3be0312e-d9f1-47dc-8ce9-dd76be728f46
06516a76-594e-45f3-b7e5-70bfa713d826,,http://www.gencourt.state.nh.us/bill_Status/bill_status.aspx?lsr=0470&sy=2020&sortoption=&txtsessionyear=2020,ocd-bill/bb151f34-6e78-4e63-a807-d8a9639a2776
25e0cbac-f6af-4bb3-867b-59f567fed4d0,,http://www.gencourt.state.nh.us/bill_Status/bill_status.aspx?lsr=2076&sy=2020&sortoption=&txtsessionyear=2020,ocd-bill/6cc9ff98-a239-4883-944c-ab116a02410b
64d35579-05b8-4be0-9e65-58f17d718c09,,http://www.gencourt.state.nh.us/bill_Status/bill_status.aspx?lsr=2541&sy=2020&sortoption=&txtsessionyear=2020,ocd-bill/1df63e81-1884-446f-8923-040a3447992b
8b3c81bf-7d29-4994-be67-9057b1039523,,http://www.gencourt.state.nh.us/bill_Status/bill_status.aspx?lsr=2131&sy=2020&sortoption=&txtsessionyear=2020,ocd-bill/e0532bf9-349c-4135-8ccb-11564ebe8104
d734014a-e428-4bb2-99ca-e41b0f49beab,,http://www.gencourt.state.nh.us/bill_Status/bill_status.aspx?lsr=0722&sy=2020&sortoption=&txtsessionyear=2020,ocd-bill/986c9939-52eb-4e77-ac7e-d89bfa028065
f3fc7d74-dfc2-4289-ab9c-323097fa8751,,http://www.gencourt.state.nh.us/bill_Status/bill_status.aspx?lsr=2804&sy=2020&sortoption=&txtsessionyear=2020,ocd-bill/6863e9d0-26f8-4200-abac-bf124fafe3e9
82f16925-cc77-472a-8d7a-2c331c5102c2,,http://www.gencourt.state.nh.us/bill_Status/bill_status.aspx?lsr=2566&sy=2020&sortoption=&txtsessionyear=2020,ocd-bill/9057a8b1-7aaf-46e4-8b69-d228ea6f2944
e3fc5312-58f1-4e44-8a43-4eac87dbfb57,,http://www.gencourt.state.nh.us/bill_Status/bill_status.aspx?lsr=2704&sy=2020&sortoption=&txtsessionyear=2020,ocd-bill/2f75c5c9-3ce3-457f-b588-a6ed75ae687c
4a3f645d-7d04-431f-9473-cc64f8e68cbe,,http://www.gencourt.state.nh.us/bill_Status/bill_status.aspx?lsr=3033&sy=2020&sortoption=&txtsessionyear=2020,ocd-bill/ef31a0d5-c5b2-499f-b390-dd0f019b3139
fdda093e-999e-4827-ac75-d2973888bc14,,http://www.gencourt.state.nh.us/bill_Status/bill_status.aspx?lsr=2268&sy=2020&sortoption=&txtsessionyear=2020,ocd-bill/f62098dd-c740-4463-896b-67e4329ed30d
3160b9e4-c28b-4d21-b20b-943d10b76bc2,,http://www.gencourt.state.nh.us/bill_Status/bill_status.aspx?lsr=3007&sy=2020&sortoption=&txtsessionyear=2020,ocd-bill/8c95b510-a220-4548-a366-544acca1e5ec
0f483fb4-39ad-4638-a889-55350d35d15d,,http://www.gencourt.state.nh.us/bill_Status/bill_status.aspx?lsr=2548&sy=2020&sortoption=&txtsessionyear=2020,ocd-bill/a79883ab-7524-4c60-80fc-337807f94331
b1453028-d2c4-4b5a-936f-9bdfa4d166c0,,http://www.gencourt.state.nh.us/bill_Status/bill_status.aspx?lsr=3128&sy=2020&sortoption=&txtsessionyear=2020,ocd-bill/eecc3922-7f7e-49c9-9750-34060702c39d
ec3101d9-e6af-4933-8f69-9ce30c7ce9ac,,http://www.gencourt.state.nh.us/bill_Status/bill_status.aspx?lsr=2530&sy=2020&sortoption=&txtsessionyear=2020,ocd-bill/9ce2f0cb-7a3f-43bf-b00f-479f0b6a9e2a
5844e5f6-bd67-41a0-ae79-1a220c888ba8,,http://www.gencourt.state.nh.us/bill_Status/bill_status.aspx?lsr=2304&sy=2020&sortoption=&txtsessionyear=2020,ocd-bill/d0b96172-9645-43f1-bf26-edee6117db2a
c9ee6ba3-0bd4-49a6-866c-bec6055ce2e8,,http://www.gencourt.state.nh.us/bill_Status/bill_status.aspx?lsr=2152&sy=2020&sortoption=&txtsessionyear=2020,ocd-bill/6b4d6ca5-cde0-42ba-a884-c6de69997d3c
f3481251-b81e-429f-8c6d-1bf9610d3e16,,http://www.gencourt.state.nh.us/bill_Status/bill_status.aspx?lsr=0571&sy=2020&sortoption=&txtsessionyear=2020,ocd-bill/461bf845-1bb9-44af-b5ab-a779acaafb9d
523d85fe-e3de-4cdd-88ee-0e78b3b5e9f2,,http://www.gencourt.state.nh.us/bill_Status/bill_status.aspx?lsr=2690&sy=2020&sortoption=&txtsessionyear=2020,ocd-bill/855af577-12b9-449c-9e61-bb488a5612f4
5e717e0e-9255-4c2c-9db5-289ceaf51dea,,http://www.gencourt.state.nh.us/bill_Status/bill_status.aspx?lsr=2109&sy=2020&sortoption=&txtsessionyear=2020,ocd-bill/660b736d-aabd-497e-a71e-b800e6901bfb
58389a70-8271-4650-9299-03aa9b3f9a4c,,http://www.gencourt.state.nh.us/bill_Status/bill_status.aspx?lsr=2698&sy=2020&sortoption=&txtsessionyear=2020,ocd-bill/78551f34-a333-4958-927c-63bf5a86afe6
94a23035-6d4b-406c-9f3a-00e19582b83a,,http://www.gencourt.state.nh.us/bill_Status/bill_status.aspx?lsr=2835&sy=2020&sortoption=&txtsessionyear=2020,ocd-bill/2ebe9e0a-adb1-427d-b0db-a96ee26a4984
4a8bdc8b-078e-488f-ac17-7821d0ee58ca,,http://www.gencourt.state.nh.us/bill_Status/bill_status.aspx?lsr=2669&sy=2020&sortoption=&txtsessionyear=2020,ocd-bill/f3699fae-2e01-4456-aa02-9f9ec747a8df
b0d1a69a-52f6-42a9-a129-58640f1e77d5,,http://www.gencourt.state.nh.us/bill_Status/bill_status.aspx?lsr=2801&sy=2020&sortoption=&txtsessionyear=2020,ocd-bill/647da440-90e7-4c58-8c0b-bd3e8409138c
63076a01-fed8-4c22-9f57-b744f47dc242,,http://www.gencourt.state.nh.us/bill_Status/bill_status.aspx?lsr=0332&sy=2020&sortoption=&txtsessionyear=2020,ocd-bill/1c604899-a1bb-41f7-b452-01681d48d63f
d1f28b31-a394-47f8-ac40-070449e076b6,,http://www.gencourt.state.nh.us/bill_Status/bill_status.aspx?lsr=0258&sy=2020&sortoption=&txtsessionyear=2020,ocd-bill/8d385435-5fbc-46be-b924-470f1f9fe233
ea78cd46-b831-4fac-8559-6c398d654985,,http://www.gencourt.state.nh.us/bill_Status/bill_status.aspx?lsr=0219&sy=2020&sortoption=&txtsessionyear=2020,ocd-bill/01b2e03c-4ab4-4c7d-9069-834a12bf92b2
06fa30c9-7d3d-4c95-8d85-8546278ef7f3,,http://www.gencourt.state.nh.us/bill_Status/bill_status.aspx?lsr=3108&sy=2020&sortoption=&txtsessionyear=2020,ocd-bill/397d2d46-d95e-4e38-85e0-b25bd9028e7b
8fa2c033-5fc1-4a8e-bddf-743503df2278,,http://www.gencourt.state.nh.us/bill_Status/bill_status.aspx?lsr=1016&sy=2020&sortoption=&txtsessionyear=2020,ocd-bill/943eb544-dc27-4322-af85-6df495c38958
365da707-4f7f-4e80-b076-f130b5ee6ef5,,http://www.gencourt.state.nh.us/bill_Status/bill_status.aspx?lsr=0881&sy=2020&sortoption=&txtsessionyear=2020,ocd-bill/2047b424-ce8e-4e59-ab65-898fbdd4cf9a
b2c94d5e-208b-4835-95b9-c0c39232956a,,http://www.gencourt.state.nh.us/bill_Status/bill_status.aspx?lsr=0501&sy=2020&sortoption=&txtsessionyear=2020,ocd-bill/11b6b3c1-3209-4b01-bf6a-d0f0aa21e09f
1c7a4c5b-e64b-4c5f-a529-ce652504d0d0,,http://www.gencourt.state.nh.us/bill_Status/bill_status.aspx?lsr=0460&sy=2020&sortoption=&txtsessionyear=2020,ocd-bill/9d50851a-8952-499e-8352-ff8d66cf04e1
d2b847b1-8675-4328-8606-45e899fe6c3f,,http://www.gencourt.state.nh.us/bill_Status/bill_status.aspx?lsr=0116&sy=2020&sortoption=&txtsessionyear=2020,ocd-bill/fcf1a2ce-b27b-4353-a1ab-26b88808c404
abb26e9d-3344-4017-8376-8815d5265194,,http://www.gencourt.state.nh.us/bill_Status/bill_status.aspx?lsr=0272&sy=2020&sortoption=&txtsessionyear=2020,ocd-bill/b6812cb0-dcc0-4c12-810f-f22eb4c23dec
b8cdfe7d-eb71-4d3c-a3f0-97797d0c1ee9,,http://www.gencourt.state.nh.us/bill_Status/bill_status.aspx?lsr=0418&sy=2020&sortoption=&txtsessionyear=2020,ocd-bill/b6983411-e7b7-450f-a9fb-12931b28c238
7ecb34e0-d3e1-402b-976b-328afd42505a,,http://www.gencourt.state.nh.us/bill_Status/bill_status.aspx?lsr=0140&sy=2020&sortoption=&txtsessionyear=2020,ocd-bill/7bc33eff-62b0-4fcf-be22-eef01a7ae193
707a1f0f-2f30-4ee9-9625-124704f01db7,,http://www.gencourt.state.nh.us/bill_Status/bill_status.aspx?lsr=0193&sy=2020&sortoption=&txtsessionyear=2020,ocd-bill/3f9a579b-42c0-4003-ba2b-73d4b3e50709
21f21cf5-08e3-48ff-be9c-87131cb6e237,,http://www.gencourt.state.nh.us/bill_Status/bill_status.aspx?lsr=0769&sy=2020&sortoption=&txtsessionyear=2020,ocd-bill/c150cdf9-6c06-4a96-9808-7cf6acbc54dc
b8a72412-9b04-4419-a600-740289fac723,,http://www.gencourt.state.nh.us/bill_Status/bill_status.aspx?lsr=2687&sy=2020&sortoption=&txtsessionyear=2020,ocd-bill/00c91b39-5a7b-4acd-a477-9b201fe636ad
12830c4e-03f3-4a2c-8a9a-3c84333cddaa,,http://www.gencourt.state.nh.us/bill_Status/bill_status.aspx?lsr=0754&sy=2020&sortoption=&txtsessionyear=2020,ocd-bill/a4f1c517-3f9b-4e23-9802-6951b1c7ce30
09e41997-9b3b-4301-a1ed-c112355a77aa,,http://www.gencourt.state.nh.us/bill_Status/bill_status.aspx?lsr=2051&sy=2020&sortoption=&txtsessionyear=2020,ocd-bill/0037817c-19ac-47ac-9153-20740df5a813
137538c9-63fe-41a7-9f9d-6e92c9efe8a4,,http://www.gencourt.state.nh.us/bill_Status/bill_status.aspx?lsr=0544&sy=2020&sortoption=&txtsessionyear=2020,ocd-bill/bf60ffed-7367-433b-a77f-c072082a0d05
86e2136f-d7a9-4ec5-8180-bb778407334c,,http://www.gencourt.state.nh.us/bill_Status/bill_status.aspx?lsr=1098&sy=2020&sortoption=&txtsessionyear=2020,ocd-bill/6a583dd3-c60f-456a-8c14-ab6e54beccdb
f6994d03-633c-4cef-9b05-e5cbeac593a5,,http://www.gencourt.state.nh.us/bill_Status/bill_status.aspx?lsr=0270&sy=2020&sortoption=&txtsessionyear=2020,ocd-bill/64b18adc-2bfb-4a92-816d-0bb1f182677c
83cf0a29-b5e8-4429-b1bb-512fb33fe138,,http://www.gencourt.state.nh.us/bill_Status/bill_status.aspx?lsr=0394&sy=2020&sortoption=&txtsessionyear=2020,ocd-bill/9c3ece4f-3d6a-423a-80d6-07ce96a450b6
1030fbd9-ee36-47cb-9f84-2d52308e8961,,http://www.gencourt.state.nh.us/bill_Status/bill_status.aspx?lsr=0531&sy=2020&sortoption=&txtsessionyear=2020,ocd-bill/97ba4c62-40f9-4f77-a218-341193ae2cd0
85ee1157-06a3-4d9a-a672-ee133f44c93e,,http://www.gencourt.state.nh.us/bill_Status/bill_status.aspx?lsr=0472&sy=2020&sortoption=&txtsessionyear=2020,ocd-bill/e5f71ef4-9861-462e-b2a3-8846a50797f6
72f4e788-0f49-4b07-ba17-870b5f337529,,http://www.gencourt.state.nh.us/bill_Status/bill_status.aspx?lsr=0428&sy=2020&sortoption=&txtsessionyear=2020,ocd-bill/372816fe-95bc-43f5-aade-ae58489fd723
89a90b08-7403-4f94-9516-28e736b4498f,,http://www.gencourt.state.nh.us/bill_Status/bill_status.aspx?lsr=2269&sy=2020&sortoption=&txtsessionyear=2020,ocd-bill/593f9835-21ca-4f17-b733-6a145f2faf51
95a8ead6-f045-481c-8b01-635c1c72615a,,http://www.gencourt.state.nh.us/bill_Status/bill_status.aspx?lsr=2543&sy=2020&sortoption=&txtsessionyear=2020,ocd-bill/5787ebee-716b-4e6c-936c-80a0dbe6e463
bd64d7c8-1e68-4741-a5b3-8ce4733ea8e3,,http://www.gencourt.state.nh.us/bill_Status/bill_status.aspx?lsr=2224&sy=2020&sortoption=&txtsessionyear=2020,ocd-bill/aa8b9e8f-a514-49ea-8ea8-fb54be5c9e85
e8fea099-17d7-48dd-b06e-f25bd061bc36,,http://www.gencourt.state.nh.us/bill_Status/bill_status.aspx?lsr=2457&sy=2020&sortoption=&txtsessionyear=2020,ocd-bill/fd587ab0-65fc-4b05-8d92-49a4519065a8
3b0b3734-a9e1-484a-8561-a4ffdd84def2,,http://www.gencourt.state.nh.us/bill_Status/bill_status.aspx?lsr=2219&sy=2020&sortoption=&txtsessionyear=2020,ocd-bill/75f6baa3-41ae-4dfd-925a-a317255a8585
c3aad658-9cb5-4253-be1d-b3a262d2874a,,http://www.gencourt.state.nh.us/bill_Status/bill_status.aspx?lsr=3103&sy=2020&sortoption=&txtsessionyear=2020,ocd-bill/f43b67f1-0f41-4379-a252-6351dcc017af
f9ba6c17-76e1-4a6c-ad9c-004f47e14237,,http://www.gencourt.state.nh.us/bill_Status/bill_status.aspx?lsr=2424&sy=2020&sortoption=&txtsessionyear=2020,ocd-bill/e24d7b10-9541-4bb7-9b0f-b7736fd7e557
8c96dd70-4776-49fb-b2fb-0e2f1dc3c5ff,,http://www.gencourt.state.nh.us/bill_Status/bill_status.aspx?lsr=2381&sy=2020&sortoption=&txtsessionyear=2020,ocd-bill/9255a0ab-02c8-45ee-b687-59a3706a27eb
10b0b4cc-3dbe-4bbd-a366-41990104baf0,,http://www.gencourt.state.nh.us/bill_Status/bill_status.aspx?lsr=2250&sy=2020&sortoption=&txtsessionyear=2020,ocd-bill/bccf3162-45d6-4127-9574-4eca6343b703
86301b99-2ee6-4fa1-8f0e-62d93806183b,,http://www.gencourt.state.nh.us/bill_Status/bill_status.aspx?lsr=2326&sy=2020&sortoption=&txtsessionyear=2020,ocd-bill/b7c5bb15-03e9-4bc1-a14c-a4ccaff49cd3
1983ad19-36f9-43e8-bd65-ff822ae171bf,,http://www.gencourt.state.nh.us/bill_Status/bill_status.aspx?lsr=2993&sy=2020&sortoption=&txtsessionyear=2020,ocd-bill/64be800f-8f0d-4591-bfbd-7ba901f0e4b4
79461b72-cd98-4226-94d3-a60fb472e31e,,http://www.gencourt.state.nh.us/bill_Status/bill_status.aspx?lsr=2553&sy=2020&sortoption=&txtsessionyear=2020,ocd-bill/a0a60675-0789-4763-9be9-418257d0bcdf
fc5c165f-4f56-4536-bde5-149ec15b8a48,,http://www.gencourt.state.nh.us/bill_Status/bill_status.aspx?lsr=2032&sy=2020&sortoption=&txtsessionyear=2020,ocd-bill/3e3e971e-16ee-4aec-874f-16ac51562055
a19e422c-512c-4094-a89e-cd922b63029d,,http://www.gencourt.state.nh.us/bill_Status/bill_status.aspx?lsr=2299&sy=2020&sortoption=&txtsessionyear=2020,ocd-bill/97fc17ca-f1fe-4e16-9198-2d5d8ae08799
00836281-a629-4623-83c1-91814d5c2c37,,http://www.gencourt.state.nh.us/bill_Status/bill_status.aspx?lsr=2713&sy=2020&sortoption=&txtsessionyear=2020,ocd-bill/71a51df7-22dd-48fd-bbe6-23688f37f6a4
dfd7ba6c-635f-4385-b08f-b3a8b3eda2d6,,http://www.gencourt.state.nh.us/bill_Status/bill_status.aspx?lsr=2468&sy=2020&sortoption=&txtsessionyear=2020,ocd-bill/85b0c5c0-b416-420f-897f-983c36484b25
a9c65546-e67d-4b1d-b14b-133a3ed34cc3,,http://www.gencourt.state.nh.us/bill_Status/bill_status.aspx?lsr=2538&sy=2020&sortoption=&txtsessionyear=2020,ocd-bill/a80ecf4c-3c6f-41a0-81d3-08e5bfb867d6
748e9e80-4ce1-4e15-b8aa-e736334c5a98,,http://www.gencourt.state.nh.us/bill_Status/bill_status.aspx?lsr=2702&sy=2020&sortoption=&txtsessionyear=2020,ocd-bill/c5ac5972-cf8a-42c0-b315-673829c0502d
e13e6007-9bd5-4d6f-8003-6510ad625a8e,,http://www.gencourt.state.nh.us/bill_Status/bill_status.aspx?lsr=2728&sy=2020&sortoption=&txtsessionyear=2020,ocd-bill/291f3cc0-0d7e-4d77-8620-70ffb1d18b31
8a3c9670-e99e-46c3-b240-69d69aadd6d1,,http://www.gencourt.state.nh.us/bill_Status/bill_status.aspx?lsr=2334&sy=2020&sortoption=&txtsessionyear=2020,ocd-bill/611d0276-f055-49f6-b9c4-62e3c9bf4af3
22b419fc-cb69-4215-9a6e-cd421d1cedd5,,http://www.gencourt.state.nh.us/bill_Status/bill_status.aspx?lsr=0597&sy=2020&sortoption=&txtsessionyear=2020,ocd-bill/9e28b300-10e5-4ca0-9c05-9251acbba428
a12c8afd-099b-4dc2-b836-cc53eae83b9d,,http://www.gencourt.state.nh.us/bill_Status/bill_status.aspx?lsr=2331&sy=2020&sortoption=&txtsessionyear=2020,ocd-bill/0de8b827-308d-43c5-8796-46ec3e42c236
86e816db-349e-4bb1-b908-235f036802ff,,http://www.gencourt.state.nh.us/bill_Status/bill_status.aspx?lsr=3112&sy=2020&sortoption=&txtsessionyear=2020,ocd-bill/92a4ca32-2661-4ee8-88d8-01901b9b2c25
926faf8a-aa87-40a2-bd50-eedc86345c26,,http://www.gencourt.state.nh.us/bill_Status/bill_status.aspx?lsr=2757&sy=2020&sortoption=&txtsessionyear=2020,ocd-bill/8ee205fd-a391-47e6-954d-3c699b6ee4e3
6978a0ab-1741-41e2-a927-76b840c346b6,,http://www.gencourt.state.nh.us/bill_Status/bill_status.aspx?lsr=0776&sy=2020&sortoption=&txtsessionyear=2020,ocd-bill/75a7005c-16e8-4037-b42f-af4fd86e6cb2
c299cbf5-3b47-4710-a6c2-8f77722021da,,http://www.gencourt.state.nh.us/bill_Status/bill_status.aspx?lsr=2739&sy=2020&sortoption=&txtsessionyear=2020,ocd-bill/a4cfdc89-4d9b-4ea9-baf0-648bb19f1622
fa1288b6-da0c-4b8f-9b09-d01eb676529d,,http://www.gencourt.state.nh.us/bill_Status/bill_status.aspx?lsr=2357&sy=2020&sortoption=&txtsessionyear=2020,ocd-bill/e1e9867e-99a9-4536-9e9d-df556dbad42b
482e17bc-7c4c-443c-b2f1-0f9c2a70b7c0,,http://www.gencourt.state.nh.us/bill_Status/bill_status.aspx?lsr=2041&sy=2020&sortoption=&txtsessionyear=2020,ocd-bill/c1970cad-e974-46c2-81d4-23bfe0bf3c7b
3e849957-833b-4951-81ff-7ed15d2250ca,,http://www.gencourt.state.nh.us/bill_Status/bill_status.aspx?lsr=2670&sy=2020&sortoption=&txtsessionyear=2020,ocd-bill/0ce75d1a-dc64-4e4a-b30d-371b48fc80e8
609553c3-8de1-47a9-807e-7a6d6a909603,,http://www.gencourt.state.nh.us/bill_Status/bill_status.aspx?lsr=2068&sy=2020&sortoption=&txtsessionyear=2020,ocd-bill/799e1580-feb3-4fdf-afaf-d0465966a97e
2709432f-538d-4e4d-8f43-ff4f2ad4aa0a,,http://www.gencourt.state.nh.us/bill_Status/bill_status.aspx?lsr=2377&sy=2020&sortoption=&txtsessionyear=2020,ocd-bill/36e7e1c4-af84-41bf-a555-15f07f5c875b
24b3e7f7-50b4-44a6-b94a-93d42be2ee3c,,http://www.gencourt.state.nh.us/bill_Status/bill_status.aspx?lsr=3137&sy=2020&sortoption=&txtsessionyear=2020,ocd-bill/a639c27f-e5c8-4e3c-b79a-caed0ad3b0cc
d0def0f6-58f4-4811-bf8c-82a3541c9985,,http://www.gencourt.state.nh.us/bill_Status/bill_status.aspx?lsr=3098&sy=2020&sortoption=&txtsessionyear=2020,ocd-bill/92b35275-94cf-4498-bf6f-0e4269da5e8b
38aed686-d6ba-49fb-8346-29c6c05ad26c,,http://www.gencourt.state.nh.us/bill_Status/bill_status.aspx?lsr=2047&sy=2020&sortoption=&txtsessionyear=2020,ocd-bill/3414a001-5101-4f99-af6e-c30642409f61
b18a8185-8fc2-46ef-997b-7ea3ac962f6c,,http://www.gencourt.state.nh.us/bill_Status/bill_status.aspx?lsr=2970&sy=2020&sortoption=&txtsessionyear=2020,ocd-bill/7ea6c70c-d91a-477a-973c-9909018ea572
b7d1b6ad-6104-40a0-8bf7-fc0b538a9917,,http://www.gencourt.state.nh.us/bill_Status/bill_status.aspx?lsr=2096&sy=2020&sortoption=&txtsessionyear=2020,ocd-bill/95c312f6-4a5e-491a-b5f2-fce8b83f8bb8
b56e6e6c-8024-4ae7-baac-571887ba08eb,,http://www.gencourt.state.nh.us/bill_Status/bill_status.aspx?lsr=2988&sy=2020&sortoption=&txtsessionyear=2020,ocd-bill/911bdaac-c70c-4c1e-bc2f-01cdd3f1187a
d07abd64-57c7-496b-8e5e-cf2cc5cbd9af,,http://www.gencourt.state.nh.us/bill_Status/bill_status.aspx?lsr=2927&sy=2020&sortoption=&txtsessionyear=2020,ocd-bill/ce039051-dc39-494c-935b-70faa98af915
faa148e6-0ff9-407a-8794-a819a204c14c,,http://www.gencourt.state.nh.us/bill_Status/bill_status.aspx?lsr=2809&sy=2020&sortoption=&txtsessionyear=2020,ocd-bill/214f2c36-87f7-498f-80df-45fe48655cac
cc8656a9-4ce1-42c8-835c-e1d8a3fe37c4,,http://www.gencourt.state.nh.us/bill_Status/bill_status.aspx?lsr=2942&sy=2020&sortoption=&txtsessionyear=2020,ocd-bill/e4ba22ce-ab3c-4180-8ebe-eb8ce7d7cddb
f1af4ad4-2b0d-4ec0-a6ad-747292715089,,http://www.gencourt.state.nh.us/bill_Status/bill_status.aspx?lsr=2431&sy=2020&sortoption=&txtsessionyear=2020,ocd-bill/ece6b117-726a-49dc-af95-30016073d615
4fc5ad6d-1b27-4037-b800-a1672a9bf60a,,http://www.gencourt.state.nh.us/bill_Status/bill_status.aspx?lsr=2861&sy=2020&sortoption=&txtsessionyear=2020,ocd-bill/a3671807-0091-495e-8e56-d8d56a878dc9
f32c97ef-23a9-4e04-adde-21d2237a23ab,,http://www.gencourt.state.nh.us/bill_Status/bill_status.aspx?lsr=2672&sy=2020&sortoption=&txtsessionyear=2020,ocd-bill/b9e2f99b-62e3-40af-b115-e8a398e629d3
38cf355a-acab-4306-8d06-2fc3ff9682f9,,http://www.gencourt.state.nh.us/bill_Status/bill_status.aspx?lsr=2939&sy=2020&sortoption=&txtsessionyear=2020,ocd-bill/835576c1-9b7c-496c-9b85-3ca38cc0b994
1e98c143-77d1-4c7c-8a7a-fb8b1bb22146,,http://www.gencourt.state.nh.us/bill_Status/bill_status.aspx?lsr=2022&sy=2020&sortoption=&txtsessionyear=2020,ocd-bill/02f2a202-b0b4-4632-8abc-0c976dda6bbe
a7956d58-814a-49b7-9a64-d44376875d0d,,http://www.gencourt.state.nh.us/bill_Status/bill_status.aspx?lsr=2058&sy=2020&sortoption=&txtsessionyear=2020,ocd-bill/62dcedda-2d8d-475f-8931-b3fb4dce6a03
958e5283-3de6-49a9-9fc0-133028112d52,,http://www.gencourt.state.nh.us/bill_Status/bill_status.aspx?lsr=2253&sy=2020&sortoption=&txtsessionyear=2020,ocd-bill/887620bb-f8b0-4393-9552-94bc75a6c818
b8876a5e-e041-4806-bc2f-86a9506c7134,,http://www.gencourt.state.nh.us/bill_Status/bill_status.aspx?lsr=3121&sy=2020&sortoption=&txtsessionyear=2020,ocd-bill/66287a9c-74f1-46ea-a7c7-fcb91e0362c0
ddc770bf-00d6-4ba9-aefb-029aa560f9b9,,http://www.gencourt.state.nh.us/bill_Status/bill_status.aspx?lsr=2764&sy=2020&sortoption=&txtsessionyear=2020,ocd-bill/1b2a544b-6f89-4dd7-88c6-2608f1f9f573
d65a672d-dd48-44fb-9c3b-bdb949ad44a3,,http://www.gencourt.state.nh.us/bill_Status/bill_status.aspx?lsr=2347&sy=2020&sortoption=&txtsessionyear=2020,ocd-bill/a6e3f229-68be-47e5-a04b-e91dfd78ac49
a226346a-f447-4d22-9907-fcbcbabe30df,,http://www.gencourt.state.nh.us/bill_Status/bill_status.aspx?lsr=3054&sy=2020&sortoption=&txtsessionyear=2020,ocd-bill/9b7dd66e-705a-466e-a4f3-edff0a4682e4
0727ed65-e7c4-4936-b353-d49e7f11600d,,http://www.gencourt.state.nh.us/bill_Status/bill_status.aspx?lsr=2108&sy=2020&sortoption=&txtsessionyear=2020,ocd-bill/0b5a6e0d-aa4e-4332-8680-0e93c5faea5f
876d65d9-e75a-4a47-96aa-7860aca2cc27,,http://www.gencourt.state.nh.us/bill_Status/bill_status.aspx?lsr=2133&sy=2020&sortoption=&txtsessionyear=2020,ocd-bill/6a6e32da-8aa4-40c9-978d-5ad2d012b4bf
531c131d-a02f-4d29-834b-7acbdb70cf69,,http://www.gencourt.state.nh.us/bill_Status/bill_status.aspx?lsr=2445&sy=2020&sortoption=&txtsessionyear=2020,ocd-bill/059083ec-260e-42e9-9b35-6645ecff276f
1efd988c-ba2e-49b6-a5bd-abd4d4753fd2,,http://www.gencourt.state.nh.us/bill_Status/bill_status.aspx?lsr=2278&sy=2020&sortoption=&txtsessionyear=2020,ocd-bill/b4b2762f-ce4d-4e7d-9c94-0f4645b42043
72a20586-40a4-4118-b73f-5de8eea81206,,http://www.gencourt.state.nh.us/bill_Status/bill_status.aspx?lsr=2955&sy=2020&sortoption=&txtsessionyear=2020,ocd-bill/96abd615-6701-4620-b911-ea95ce9a8873
8121325b-a9cb-49aa-855b-d62a1140d7cf,,http://www.gencourt.state.nh.us/bill_Status/bill_status.aspx?lsr=2475&sy=2020&sortoption=&txtsessionyear=2020,ocd-bill/898c766f-e7c0-4204-8589-a182526b83c9
4d559375-619a-471a-b6e1-6fd15e4355b6,,http://www.gencourt.state.nh.us/bill_Status/bill_status.aspx?lsr=2904&sy=2020&sortoption=&txtsessionyear=2020,ocd-bill/90645e98-9c6b-4779-9f8c-0e51373afcd0
11874151-98c2-4e69-b234-4c85f0015c67,,http://www.gencourt.state.nh.us/bill_Status/bill_status.aspx?lsr=2148&sy=2020&sortoption=&txtsessionyear=2020,ocd-bill/dfcff3be-f3c3-4661-be35-ce9d3c60565e
81cb0a4a-5802-4275-9ead-47baa4712669,,http://www.gencourt.state.nh.us/bill_Status/bill_status.aspx?lsr=1010&sy=2020&sortoption=&txtsessionyear=2020,ocd-bill/d3385e91-d2f1-423c-91f7-b6e9559f285b
be882697-c5a0-435c-9a37-16142d5ed6ee,,http://www.gencourt.state.nh.us/bill_Status/bill_status.aspx?lsr=2438&sy=2020&sortoption=&txtsessionyear=2020,ocd-bill/6fdfb675-4a20-4d36-8f8d-38bcd10a15ad
b64365ba-3103-4607-90b1-d9c043d8cc17,,http://www.gencourt.state.nh.us/bill_Status/bill_status.aspx?lsr=2575&sy=2020&sortoption=&txtsessionyear=2020,ocd-bill/24f7daad-dadb-4bc1-af24-169e5f80cc83
8d67dc7f-c4b9-440f-a8e0-4dba960a3165,,http://www.gencourt.state.nh.us/bill_Status/bill_status.aspx?lsr=3010&sy=2020&sortoption=&txtsessionyear=2020,ocd-bill/cefa5538-369c-4e32-b154-d6177fbeebca
cbfbccaf-9760-43cc-87b3-ff7fb169186f,,http://www.gencourt.state.nh.us/bill_Status/bill_status.aspx?lsr=2373&sy=2020&sortoption=&txtsessionyear=2020,ocd-bill/77005adc-3ed4-463b-a337-c37cadbc6294
0af0495c-70fa-4575-a4c3-48119e9d11bb,,http://www.gencourt.state.nh.us/bill_Status/bill_status.aspx?lsr=2298&sy=2020&sortoption=&txtsessionyear=2020,ocd-bill/1414dedc-2d17-4ba3-a0ce-f296a28207c7
be583115-17d3-4207-87b1-5a6e47f4d49c,,http://www.gencourt.state.nh.us/bill_Status/bill_status.aspx?lsr=3031&sy=2020&sortoption=&txtsessionyear=2020,ocd-bill/76868115-6a06-4627-aef5-38a5a8800f9c
866b0ce7-12b5-4361-bacb-0d52613fd9b0,,http://www.gencourt.state.nh.us/bill_Status/bill_status.aspx?lsr=2296&sy=2020&sortoption=&txtsessionyear=2020,ocd-bill/8cc89169-8e55-4381-a218-6ddfe3ea1984
7ac84c81-9dc5-4744-a0ac-bf3bffd6f0f6,,http://www.gencourt.state.nh.us/bill_Status/bill_status.aspx?lsr=2371&sy=2020&sortoption=&txtsessionyear=2020,ocd-bill/70252e8e-df6f-4778-8cdb-dd47d483af5f
6057f90b-637b-4767-ac8e-b7c7c7ac83d3,,http://www.gencourt.state.nh.us/bill_Status/bill_status.aspx?lsr=2572&sy=2020&sortoption=&txtsessionyear=2020,ocd-bill/16b55059-acb9-44ab-90ce-995937a49a55
9b7ffe26-a4a0-47ce-8361-c929c1888ceb,,http://www.gencourt.state.nh.us/bill_Status/bill_status.aspx?lsr=2736&sy=2020&sortoption=&txtsessionyear=2020,ocd-bill/90b0cad0-439d-46d8-b52c-8b021f1289b8
6ef76ac8-7dd0-467d-b22e-7bdd4ab82152,,http://www.gencourt.state.nh.us/bill_Status/bill_status.aspx?lsr=2287&sy=2020&sortoption=&txtsessionyear=2020,ocd-bill/e7a015c5-9b7b-4a0d-9e20-d3966f73bb75
60e33601-e824-4e3e-a8a6-bd4632e61723,,http://www.gencourt.state.nh.us/bill_Status/bill_status.aspx?lsr=2189&sy=2020&sortoption=&txtsessionyear=2020,ocd-bill/e00c9249-881d-4639-8e60-e7279893042a
ec602fb8-d07d-40e0-ad82-f31cdd796bbb,,http://www.gencourt.state.nh.us/bill_Status/bill_status.aspx?lsr=2909&sy=2020&sortoption=&txtsessionyear=2020,ocd-bill/7fdd0b31-26e4-4ef6-b0b2-081b4a81ab8a
5a2a217d-323b-406e-aa0d-79c10f7078f6,,http://www.gencourt.state.nh.us/bill_Status/bill_status.aspx?lsr=2020&sy=2020&sortoption=&txtsessionyear=2020,ocd-bill/1da5d49d-9850-4faa-929d-3bf61bb3167e
9ae8086b-8626-4000-9bb8-1f7c45f94682,,http://www.gencourt.state.nh.us/bill_Status/bill_status.aspx?lsr=3058&sy=2020&sortoption=&txtsessionyear=2020,ocd-bill/5c2e84e7-fbba-4a07-a79d-991396d4647a
23d8c096-10a1-4679-baa4-773c0f6962b0,,http://www.gencourt.state.nh.us/bill_Status/bill_status.aspx?lsr=2005&sy=2020&sortoption=&txtsessionyear=2020,ocd-bill/dea3a5cf-b30f-4ba2-afc2-2732b08a2c78
4ab104e4-e4d0-49ce-8ef7-9e47bb94a1f2,,http://www.gencourt.state.nh.us/bill_Status/bill_status.aspx?lsr=2075&sy=2020&sortoption=&txtsessionyear=2020,ocd-bill/65cf7ee6-e394-46fd-8128-04c0ae41059b
b9308e72-9599-4447-944b-ca4212f4565b,,http://www.gencourt.state.nh.us/bill_Status/bill_status.aspx?lsr=3090&sy=2020&sortoption=&txtsessionyear=2020,ocd-bill/22e2c457-0a3a-4d91-9a65-76e64b60a569
83b1b387-e9d6-45ca-98be-8484e015b232,,http://www.gencourt.state.nh.us/bill_Status/bill_status.aspx?lsr=2746&sy=2020&sortoption=&txtsessionyear=2020,ocd-bill/49d8a431-b9fb-4d9d-919a-4710baa11e96
b90b170d-ad8e-4d4f-b7d7-4f45b1fd119f,,http://www.gencourt.state.nh.us/bill_Status/bill_status.aspx?lsr=2063&sy=2020&sortoption=&txtsessionyear=2020,ocd-bill/7392779b-48d6-445e-8bd9-dbc7d249a823
68bf0fbe-00c4-4167-8d11-4ff9bd18f9ec,,http://www.gencourt.state.nh.us/bill_Status/bill_status.aspx?lsr=2003&sy=2020&sortoption=&txtsessionyear=2020,ocd-bill/2aad371d-98a3-4a32-be43-8a0b518358ec
7f5d52ab-6a85-4476-ba05-d3e5c397650b,,http://www.gencourt.state.nh.us/bill_Status/bill_status.aspx?lsr=2333&sy=2020&sortoption=&txtsessionyear=2020,ocd-bill/e9165bb7-1484-4351-bcbd-e880f5fd1162
08b1fed8-c234-4792-b64a-f85251ab44b5,,http://www.gencourt.state.nh.us/bill_Status/bill_status.aspx?lsr=2066&sy=2020&sortoption=&txtsessionyear=2020,ocd-bill/dc7493cb-5f77-4982-8f82-d034887e0f63
4f2c3836-88e8-4ee1-9cdd-dc1567970beb,,http://www.gencourt.state.nh.us/bill_Status/bill_status.aspx?lsr=2887&sy=2020&sortoption=&txtsessionyear=2020,ocd-bill/f4d38f90-16f7-4819-b8e0-bdc217f9a31b
b2db2071-7cee-4970-a6f9-3ccdae4e7a81,,http://www.gencourt.state.nh.us/bill_Status/bill_status.aspx?lsr=2607&sy=2020&sortoption=&txtsessionyear=2020,ocd-bill/fa201f6e-c4fe-4e57-9783-a5aecfc52076
59ad2699-313a-4a0f-ada5-6f7fa39fc96d,,http://www.gencourt.state.nh.us/bill_Status/bill_status.aspx?lsr=2777&sy=2020&sortoption=&txtsessionyear=2020,ocd-bill/74c82cf6-0e90-4bd5-a62f-bc18898ba54f
50b3143d-4bde-4c69-b85d-56a262ce100a,,http://www.gencourt.state.nh.us/bill_Status/bill_status.aspx?lsr=2856&sy=2020&sortoption=&txtsessionyear=2020,ocd-bill/55fa9af5-c97c-4fdc-8e61-50d675e7a6b1
37835771-b586-48f7-852d-a3aede0fe4ab,,http://www.gencourt.state.nh.us/bill_Status/bill_status.aspx?lsr=2159&sy=2020&sortoption=&txtsessionyear=2020,ocd-bill/179372a8-97b3-4832-a983-721625a383a2
3f23ee40-d93e-4ca3-a96e-734f12060565,,http://www.gencourt.state.nh.us/bill_Status/bill_status.aspx?lsr=2208&sy=2020&sortoption=&txtsessionyear=2020,ocd-bill/24f17696-bc5f-4f5f-80d8-4f213a498c70
00e4defe-f081-4670-b211-0f2eb3d0c0d3,,http://www.gencourt.state.nh.us/bill_Status/bill_status.aspx?lsr=3129&sy=2020&sortoption=&txtsessionyear=2020,ocd-bill/a5e349eb-b864-4148-8f57-d4662cd116c0
9337f2ca-790b-40e9-b981-b88fc81eed6c,,http://www.gencourt.state.nh.us/bill_Status/bill_status.aspx?lsr=3134&sy=2020&sortoption=&txtsessionyear=2020,ocd-bill/3b12c023-f5e5-4a16-97d8-9f41c0617b42
9f366e38-7d8d-4be8-853b-48eb2e9fd960,,http://www.gencourt.state.nh.us/bill_Status/bill_status.aspx?lsr=2187&sy=2020&sortoption=&txtsessionyear=2020,ocd-bill/6ca615a8-da12-499a-8d28-a7fa1de6ce01
067c308e-ae36-4068-b397-0dd7cc354d98,,http://www.gencourt.state.nh.us/bill_Status/bill_status.aspx?lsr=2931&sy=2020&sortoption=&txtsessionyear=2020,ocd-bill/302dcadc-8751-44d3-b316-dc139490998f
a912c539-1b16-4f20-9643-c37757b695c3,,http://www.gencourt.state.nh.us/bill_Status/bill_status.aspx?lsr=2266&sy=2020&sortoption=&txtsessionyear=2020,ocd-bill/b251faba-6ce3-40d8-aabe-5f0c068506b4
4eecd81a-faa3-41a4-a44e-0f1ccf827133,,http://www.gencourt.state.nh.us/bill_Status/bill_status.aspx?lsr=2595&sy=2020&sortoption=&txtsessionyear=2020,ocd-bill/faf2dec1-62ba-4338-8bd5-34cce3939e1e
34d9eecf-ca7b-42c9-a4cd-fb6e55416340,,http://www.gencourt.state.nh.us/bill_Status/bill_status.aspx?lsr=2983&sy=2020&sortoption=&txtsessionyear=2020,ocd-bill/701b82c9-128c-4d2a-a4cd-38510978f58b
fb3c908f-cbda-4c6c-a8bc-d42bfb09e631,,http://www.gencourt.state.nh.us/bill_Status/bill_status.aspx?lsr=2180&sy=2020&sortoption=&txtsessionyear=2020,ocd-bill/4a62eb18-f10c-49ba-921b-1eba51bdb36a
76419e5a-f6de-424d-ad94-14ddaa0477a4,,http://www.gencourt.state.nh.us/bill_Status/bill_status.aspx?lsr=3036&sy=2020&sortoption=&txtsessionyear=2020,ocd-bill/8cb02ab0-fa04-46aa-8a3b-cdb532dc712e
0a008f07-87b7-4677-b84a-9962c7db916e,,http://www.gencourt.state.nh.us/bill_Status/bill_status.aspx?lsr=2936&sy=2020&sortoption=&txtsessionyear=2020,ocd-bill/d4fc75d3-ce09-4c20-a62a-974a34e0ab50
88d30da6-0e25-432e-9285-223a7f0bb4e5,,http://www.gencourt.state.nh.us/bill_Status/bill_status.aspx?lsr=2489&sy=2020&sortoption=&txtsessionyear=2020,ocd-bill/9ef74911-e6c1-4054-83ab-654eb2151311
f56d9e61-0270-4fd1-9c99-2ad36813c396,,http://www.gencourt.state.nh.us/bill_Status/bill_status.aspx?lsr=2913&sy=2020&sortoption=&txtsessionyear=2020,ocd-bill/a248dc8b-87ca-464e-86df-b8c9feb974da
5a744531-0d25-41ff-a041-fee99aa76018,,http://www.gencourt.state.nh.us/bill_Status/bill_status.aspx?lsr=3087&sy=2020&sortoption=&txtsessionyear=2020,ocd-bill/a3e1aa29-8e46-44a2-aaf1-ea22a8c9b461
05e44b52-ecea-41d5-9362-5eefd6180a62,,http://www.gencourt.state.nh.us/bill_Status/bill_status.aspx?lsr=2933&sy=2020&sortoption=&txtsessionyear=2020,ocd-bill/c4f2c0a2-106b-4993-bcc2-fefdab24b4da
694aaea2-cb73-4669-bec4-ff693ceaa4aa,,http://www.gencourt.state.nh.us/bill_Status/bill_status.aspx?lsr=2320&sy=2020&sortoption=&txtsessionyear=2020,ocd-bill/4b3f2b20-1b66-4657-8461-255505307f5c
217238f1-dc0e-4d4e-86a7-74410e3c5e9b,,http://www.gencourt.state.nh.us/bill_Status/bill_status.aspx?lsr=3047&sy=2020&sortoption=&txtsessionyear=2020,ocd-bill/0dc65388-05e0-4005-bb09-ba671c53a125
7ea376d6-bce8-4f41-b993-d648431af531,,http://www.gencourt.state.nh.us/bill_Status/bill_status.aspx?lsr=2099&sy=2020&sortoption=&txtsessionyear=2020,ocd-bill/0d0b6b39-e647-449c-b87c-c647bfe035d8
5b173269-4ac0-48c5-aff9-c45cbeaa7137,,http://www.gencourt.state.nh.us/bill_Status/bill_status.aspx?lsr=3102&sy=2020&sortoption=&txtsessionyear=2020,ocd-bill/83748e91-8d31-4cf0-bac1-855b522314b0
c56217e5-0497-46aa-840b-b09d33e96752,,http://www.gencourt.state.nh.us/bill_Status/bill_status.aspx?lsr=2207&sy=2020&sortoption=&txtsessionyear=2020,ocd-bill/d73397b8-d667-4997-95b7-be434872d809
b2269ca0-3466-47e6-9832-1ef9759ec77c,,http://www.gencourt.state.nh.us/bill_Status/bill_status.aspx?lsr=2619&sy=2020&sortoption=&txtsessionyear=2020,ocd-bill/aa46c4bd-bfd0-451f-a458-3bbd9f54c692
83ab753d-b768-46cb-a134-0603d0e21aff,,http://www.gencourt.state.nh.us/bill_Status/bill_status.aspx?lsr=2089&sy=2020&sortoption=&txtsessionyear=2020,ocd-bill/c566bc27-07ab-4dfb-b574-7ea0731d82fb
5de8ae4c-7a74-40b7-8ad5-a67f603ee9ac,,http://www.gencourt.state.nh.us/bill_Status/bill_status.aspx?lsr=2580&sy=2020&sortoption=&txtsessionyear=2020,ocd-bill/aa18801f-e36d-4e6e-a0de-a4c9861fe192
7d8e5627-1d1f-4e83-b0a9-bdec16ba53eb,,http://www.gencourt.state.nh.us/bill_Status/bill_status.aspx?lsr=2836&sy=2020&sortoption=&txtsessionyear=2020,ocd-bill/9371d668-f326-4c03-84fe-df2150c9b95b
eea374f4-38b1-4565-aedb-1414f7c593d9,,http://www.gencourt.state.nh.us/bill_Status/bill_status.aspx?lsr=2414&sy=2020&sortoption=&txtsessionyear=2020,ocd-bill/f9bf5a90-ffbd-4eff-bb47-10c0e0321fc2
88000be2-4d26-49d9-9f6f-9e3ef2bf5cdc,,http://www.gencourt.state.nh.us/bill_Status/bill_status.aspx?lsr=2658&sy=2020&sortoption=&txtsessionyear=2020,ocd-bill/a8d119db-b0da-4ec1-aca1-67adc13a4fa1
ec6174e7-da51-484a-b5b2-2c11231bbd74,,http://www.gencourt.state.nh.us/bill_Status/bill_status.aspx?lsr=2742&sy=2020&sortoption=&txtsessionyear=2020,ocd-bill/13ef997e-01e0-4d2f-8b53-a9a993ff4b92
1fac1dce-92cb-4071-857e-2e895292c2a0,,http://www.gencourt.state.nh.us/bill_Status/bill_status.aspx?lsr=2958&sy=2020&sortoption=&txtsessionyear=2020,ocd-bill/64111d9f-630d-40eb-9ac2-26aa12e77e65
d897ed93-e55f-4d8f-b442-9d1e28e271a1,,http://www.gencourt.state.nh.us/bill_Status/bill_status.aspx?lsr=2460&sy=2020&sortoption=&txtsessionyear=2020,ocd-bill/e9410813-73e6-4219-b720-f409c42ac2c6
4a2b4b92-1a22-4e1d-b46c-078d1ca1c570,,http://www.gencourt.state.nh.us/bill_Status/bill_status.aspx?lsr=0346&sy=2020&sortoption=&txtsessionyear=2020,ocd-bill/3ce10734-1c91-46e5-824d-211d62b9ad84
0bddd48a-73f4-4af4-ac59-26aa3e4cb8e2,,http://www.gencourt.state.nh.us/bill_Status/bill_status.aspx?lsr=2662&sy=2020&sortoption=&txtsessionyear=2020,ocd-bill/ccfc57fa-7d00-4af1-817a-6c155b02aae2
3a291455-27ac-4969-b2e9-4c0b8889d6e6,,http://www.gencourt.state.nh.us/bill_Status/bill_status.aspx?lsr=2834&sy=2020&sortoption=&txtsessionyear=2020,ocd-bill/d5d87f6e-8df1-4a25-abdb-c0aa0f536974
0e718c49-58e4-457e-9476-253dfb823ada,,http://www.gencourt.state.nh.us/bill_Status/bill_status.aspx?lsr=2991&sy=2020&sortoption=&txtsessionyear=2020,ocd-bill/6509667a-3af9-4600-bc15-2f48ab651883
4f2aeb91-1884-466c-8ae5-02d9f96a0d44,,http://www.gencourt.state.nh.us/bill_Status/bill_status.aspx?lsr=2961&sy=2020&sortoption=&txtsessionyear=2020,ocd-bill/6bc4ab00-49ea-41d6-ae60-f39e4ab816ce
9a03fb89-6b13-4b89-b551-3861723391e6,,http://www.gencourt.state.nh.us/bill_Status/bill_status.aspx?lsr=2877&sy=2020&sortoption=&txtsessionyear=2020,ocd-bill/df7398c8-7a50-4cf1-b9b4-ca2f17433b70
c9b02323-5100-4636-937e-7e7e62dd12bf,,http://www.gencourt.state.nh.us/bill_Status/bill_status.aspx?lsr=2944&sy=2020&sortoption=&txtsessionyear=2020,ocd-bill/00d18ec2-8bc4-4823-ab4a-1f0647701932
8e947770-9f0d-47b9-971e-5bb0f90c4b04,,http://www.gencourt.state.nh.us/bill_Status/bill_status.aspx?lsr=2967&sy=2020&sortoption=&txtsessionyear=2020,ocd-bill/ce7fd124-0bc2-477c-89c5-3815ff92ef8c
c131bf54-dbd9-4bcf-bf1c-cdd885f92ff7,,http://www.gencourt.state.nh.us/bill_Status/bill_status.aspx?lsr=2128&sy=2020&sortoption=&txtsessionyear=2020,ocd-bill/8c00ec70-a5e5-4afb-9054-f840ffe5fdee
85066cbe-a364-4216-9de7-ebdd92b1419e,,http://www.gencourt.state.nh.us/bill_Status/bill_status.aspx?lsr=2823&sy=2020&sortoption=&txtsessionyear=2020,ocd-bill/a87bd92b-eec0-4d95-a17b-e9b0503e274f
32e6d309-9299-417b-9d6b-87a59befdaf5,,http://www.gencourt.state.nh.us/bill_Status/bill_status.aspx?lsr=2196&sy=2020&sortoption=&txtsessionyear=2020,ocd-bill/586afea1-224f-47bc-950c-e7aa7d6b9e3d
41f0e313-209e-48c0-a1b5-fff41c6ac2f7,,http://www.gencourt.state.nh.us/bill_Status/bill_status.aspx?lsr=2039&sy=2020&sortoption=&txtsessionyear=2020,ocd-bill/0d9b3bb5-2491-4412-be59-15054a25656a
53598b00-624d-46bf-9130-779c464d2684,,http://www.gencourt.state.nh.us/bill_Status/bill_status.aspx?lsr=2416&sy=2020&sortoption=&txtsessionyear=2020,ocd-bill/47d377ec-2924-42de-a890-2884a6c7b3c8
9cc8b162-2dad-43be-9e9a-4969778b2c94,,http://www.gencourt.state.nh.us/bill_Status/bill_status.aspx?lsr=2803&sy=2020&sortoption=&txtsessionyear=2020,ocd-bill/6bfe13b3-b848-462f-9e83-43e3b6b1ca52
ea7002fc-fac2-4d53-bcc4-ae376dd9f6c2,,http://www.gencourt.state.nh.us/bill_Status/bill_status.aspx?lsr=2508&sy=2020&sortoption=&txtsessionyear=2020,ocd-bill/e26972b5-deae-4bbb-b807-3f3ebbc1aae6
0be00234-60be-4f8c-ac7b-3a42f57e8287,,http://www.gencourt.state.nh.us/bill_Status/bill_status.aspx?lsr=2567&sy=2020&sortoption=&txtsessionyear=2020,ocd-bill/f51735dd-a67a-4373-822b-8aaa827ac628
d999694c-7bdb-4b78-b50c-b1a9cbd53fae,,http://www.gencourt.state.nh.us/bill_Status/bill_status.aspx?lsr=2978&sy=2020&sortoption=&txtsessionyear=2020,ocd-bill/863a0391-a930-412c-b78f-bbef8db45910
e79a3eec-74cd-4dd3-b7f5-91aaeb1fa0ab,,http://www.gencourt.state.nh.us/bill_Status/bill_status.aspx?lsr=2368&sy=2020&sortoption=&txtsessionyear=2020,ocd-bill/17307c90-cc97-4b66-a99c-0bd284efac18
a9f9f93d-048f-41a2-b057-8ad885a78c0e,,http://www.gencourt.state.nh.us/bill_Status/bill_status.aspx?lsr=2229&sy=2020&sortoption=&txtsessionyear=2020,ocd-bill/2be43225-1d23-49fc-8e46-ad1e67ee3468
373bf68f-ad34-4ad3-bed2-e374cec7a738,,http://www.gencourt.state.nh.us/bill_Status/bill_status.aspx?lsr=2154&sy=2020&sortoption=&txtsessionyear=2020,ocd-bill/49be7ab2-8a24-4bbc-a46f-9c512d1e48d1
fe6cf35d-fa91-4a78-bec3-45c142f0ca6e,,http://www.gencourt.state.nh.us/bill_Status/bill_status.aspx?lsr=2999&sy=2020&sortoption=&txtsessionyear=2020,ocd-bill/31b9b083-639c-47c1-90cf-191793a15609
974f3946-b87c-4f0a-a4d1-2b6272181aab,,http://www.gencourt.state.nh.us/bill_Status/bill_status.aspx?lsr=2865&sy=2020&sortoption=&txtsessionyear=2020,ocd-bill/9c8b60bd-e8fc-4f39-ad02-660f846a0b50
eb9a14f1-2817-4b48-88d0-a66aaf54adf3,,http://www.gencourt.state.nh.us/bill_Status/bill_status.aspx?lsr=2864&sy=2020&sortoption=&txtsessionyear=2020,ocd-bill/2922ac93-c761-41fe-a113-0c45e4547367
2018a0d0-1d57-4fd7-b104-7893ce358286,,http://www.gencourt.state.nh.us/bill_Status/bill_status.aspx?lsr=2412&sy=2020&sortoption=&txtsessionyear=2020,ocd-bill/e08e6026-edd1-464a-8fcf-eda8902b4050
40103b92-068b-4d55-a90e-8e9e6a6bf5e4,,http://www.gencourt.state.nh.us/bill_Status/bill_status.aspx?lsr=2402&sy=2020&sortoption=&txtsessionyear=2020,ocd-bill/b08e820d-6e5e-4b18-bde9-3a07c66b168c
bd94e085-6bfe-4c5f-a1ca-90c559eaa771,,http://www.gencourt.state.nh.us/bill_Status/bill_status.aspx?lsr=2932&sy=2020&sortoption=&txtsessionyear=2020,ocd-bill/17b39c02-1c06-4cd7-9341-bbc3f20b2795
31362b80-89fd-4e9c-9c5b-1287e27e31fd,,http://www.gencourt.state.nh.us/bill_Status/bill_status.aspx?lsr=3068&sy=2020&sortoption=&txtsessionyear=2020,ocd-bill/37dc090a-23f4-464b-8523-d652e7c2a97f
772f4af1-5475-46ff-9c17-149eb3c84598,,http://www.gencourt.state.nh.us/bill_Status/bill_status.aspx?lsr=2398&sy=2020&sortoption=&txtsessionyear=2020,ocd-bill/d3f4e808-c8a4-466a-987f-20833490af08
70337d26-1b12-4675-a53d-e4d18e3c92c2,,http://www.gencourt.state.nh.us/bill_Status/bill_status.aspx?lsr=2146&sy=2020&sortoption=&txtsessionyear=2020,ocd-bill/8cae9352-dbb7-43be-bc14-6e07dcaf1b62
8a0d6c1a-f569-43b1-9a40-d8086fe7addb,,http://www.gencourt.state.nh.us/bill_Status/bill_status.aspx?lsr=2294&sy=2020&sortoption=&txtsessionyear=2020,ocd-bill/94ea28b9-4ea4-4ee3-99e3-75139a255825
30a58339-5f4a-4679-8713-7f53a099189d,,http://www.gencourt.state.nh.us/bill_Status/bill_status.aspx?lsr=2937&sy=2020&sortoption=&txtsessionyear=2020,ocd-bill/48c46f28-fe02-4780-8682-39288bb0fa55
491a1353-8d17-4b51-942c-8c66e4ab8638,,http://www.gencourt.state.nh.us/bill_Status/bill_status.aspx?lsr=3105&sy=2020&sortoption=&txtsessionyear=2020,ocd-bill/e991ba86-5440-4552-8f98-1c62a8615f04
7fa77799-818e-4b37-887c-7bd578b31f81,,http://www.gencourt.state.nh.us/bill_Status/bill_status.aspx?lsr=2789&sy=2020&sortoption=&txtsessionyear=2020,ocd-bill/07edbd6f-3fde-4f1d-88e7-9acb6967c086
86e559a8-e3ed-47f5-93fe-2eff33874f5d,,http://www.gencourt.state.nh.us/bill_Status/bill_status.aspx?lsr=2771&sy=2020&sortoption=&txtsessionyear=2020,ocd-bill/25cbb509-c032-4cbb-bdf7-2b95e160da0f
18d3633a-b568-466f-bca1-97bc3661cb44,,http://www.gencourt.state.nh.us/bill_Status/bill_status.aspx?lsr=3101&sy=2020&sortoption=&txtsessionyear=2020,ocd-bill/30dbfd65-2a0e-4c4f-b552-c09505acc8db
e7ab8c7e-f725-4532-963d-82e8b0a15ff4,,http://www.gencourt.state.nh.us/bill_Status/bill_status.aspx?lsr=2019&sy=2020&sortoption=&txtsessionyear=2020,ocd-bill/26a2b42c-d9eb-461d-8bf2-2cd93e66f617
43f9f5ad-e062-4d79-b095-75288a0a3f15,,http://www.gencourt.state.nh.us/bill_Status/bill_status.aspx?lsr=3095&sy=2020&sortoption=&txtsessionyear=2020,ocd-bill/f9fb579d-eea9-4a6c-8ab8-2767ab483e6e
ed1b4ab7-e94a-4398-a35e-533aa32addd5,,http://www.gencourt.state.nh.us/bill_Status/bill_status.aspx?lsr=2448&sy=2020&sortoption=&txtsessionyear=2020,ocd-bill/ed13a4ee-4bf9-4c9a-8882-2aabce5faa92
fd47f749-b005-4e6a-834b-19ed8f085c39,,http://www.gencourt.state.nh.us/bill_Status/bill_status.aspx?lsr=3070&sy=2020&sortoption=&txtsessionyear=2020,ocd-bill/4660675e-8250-409b-a7cc-e6edfb088586
2192d566-bd15-4645-a70a-b795ed1a673e,,http://www.gencourt.state.nh.us/bill_Status/bill_status.aspx?lsr=2985&sy=2020&sortoption=&txtsessionyear=2020,ocd-bill/0c099087-db74-45a8-af4c-6804d9d058a8
353fc8b6-8926-4cd6-b608-8c48d5156799,,http://www.gencourt.state.nh.us/bill_Status/bill_status.aspx?lsr=2922&sy=2020&sortoption=&txtsessionyear=2020,ocd-bill/9e01c0bc-5c10-4eb3-b8ab-696e08648416
0c592bb7-bf8d-4217-bff5-60d8678bdd97,,http://www.gencourt.state.nh.us/bill_Status/bill_status.aspx?lsr=2855&sy=2020&sortoption=&txtsessionyear=2020,ocd-bill/e8f6f5da-8da1-4d10-825a-1c5d8513b8f9
4e180afd-aee3-48c7-8b59-a69c3f415ad8,,http://www.gencourt.state.nh.us/bill_Status/bill_status.aspx?lsr=2493&sy=2020&sortoption=&txtsessionyear=2020,ocd-bill/b4fa9c8f-343c-4fed-a834-7183f271ab9b
e95239da-8084-47e6-9a2b-bf707a8e1a2c,,http://www.gencourt.state.nh.us/bill_Status/bill_status.aspx?lsr=2599&sy=2020&sortoption=&txtsessionyear=2020,ocd-bill/f7cdf20e-62f5-440d-8bc9-56830f6281dc
7a4f1f67-3c90-4e59-83ef-668c6943d6c0,,http://www.gencourt.state.nh.us/bill_Status/bill_status.aspx?lsr=2906&sy=2020&sortoption=&txtsessionyear=2020,ocd-bill/71cb7810-4938-4eef-aea1-7044583dfabc
d021d113-0dbd-4e87-9be0-93cb7acb8e67,,http://www.gencourt.state.nh.us/bill_Status/bill_status.aspx?lsr=2532&sy=2020&sortoption=&txtsessionyear=2020,ocd-bill/8b9f57d5-e80c-4052-b469-8563e0228c98
70abb3e1-2a31-4cc0-8abf-8bedf94493cd,,http://www.gencourt.state.nh.us/bill_Status/bill_status.aspx?lsr=0952&sy=2020&sortoption=&txtsessionyear=2020,ocd-bill/6cb129af-03df-4651-8eb8-72e350191b20
bbe5f66e-c7a9-4395-8298-7d2b9060e96e,,http://www.gencourt.state.nh.us/bill_Status/bill_status.aspx?lsr=2780&sy=2020&sortoption=&txtsessionyear=2020,ocd-bill/083fd272-6879-4985-9844-0d674552fe8e
45a7431d-310c-4367-850f-86900968f7b0,,http://www.gencourt.state.nh.us/bill_Status/bill_status.aspx?lsr=2948&sy=2020&sortoption=&txtsessionyear=2020,ocd-bill/d01541a6-9305-4955-9edb-b460c9f4ef7f
bc255a7e-2d7f-47eb-aab0-bb64036b2570,,http://www.gencourt.state.nh.us/bill_Status/bill_status.aspx?lsr=3113&sy=2020&sortoption=&txtsessionyear=2020,ocd-bill/6b507a74-e291-407a-8b91-410d7671e5e7
68a3f416-2c59-4ee3-bf15-2f7aa25ba147,,http://www.gencourt.state.nh.us/bill_Status/bill_status.aspx?lsr=0604&sy=2020&sortoption=&txtsessionyear=2020,ocd-bill/a290e197-3cb2-4e98-bf41-d76bca6e2544
76084f7d-8f1a-480b-8d65-4916bdf988b6,,http://www.gencourt.state.nh.us/bill_Status/bill_status.aspx?lsr=0241&sy=2020&sortoption=&txtsessionyear=2020,ocd-bill/2e015635-9dc3-4138-9d3c-e8d6cedbb151
df3cc446-1413-43c2-9ba7-13484081172e,,http://www.gencourt.state.nh.us/bill_Status/bill_status.aspx?lsr=2844&sy=2020&sortoption=&txtsessionyear=2020,ocd-bill/9bdd5c13-99ee-4204-b8d5-601c507b243a
4d7e3ad0-be5c-4d0e-a7af-ec1222563506,,http://www.gencourt.state.nh.us/bill_Status/bill_status.aspx?lsr=2627&sy=2020&sortoption=&txtsessionyear=2020,ocd-bill/2f91601f-d634-4bf8-b755-394582c77bda
3795dfff-1eeb-4abe-ad11-2d65a8d60010,,http://www.gencourt.state.nh.us/bill_Status/bill_status.aspx?lsr=2514&sy=2020&sortoption=&txtsessionyear=2020,ocd-bill/77b351ac-7676-4056-bf00-d7dc0240fab7
764c3ac0-3773-46a9-9687-8bf01e11eb8f,,http://www.gencourt.state.nh.us/bill_Status/bill_status.aspx?lsr=2091&sy=2020&sortoption=&txtsessionyear=2020,ocd-bill/e72b842f-7811-4a89-b0e2-0faba820e4bb
dd52acc2-5bf2-4a3d-8f4b-2aeef12a7098,,http://www.gencourt.state.nh.us/bill_Status/bill_status.aspx?lsr=2726&sy=2020&sortoption=&txtsessionyear=2020,ocd-bill/0375271f-8740-4bac-b7c7-53139c02d952
a78e12bc-e89b-489b-ae0f-4f5671d92cb0,,http://www.gencourt.state.nh.us/bill_Status/bill_status.aspx?lsr=2518&sy=2020&sortoption=&txtsessionyear=2020,ocd-bill/803d59d0-4be9-4ba6-85a0-3493fa52b19b
8c43d388-10f6-4616-8373-340ac9e9f6ce,,http://www.gencourt.state.nh.us/bill_Status/bill_status.aspx?lsr=2456&sy=2020&sortoption=&txtsessionyear=2020,ocd-bill/8a66d1d1-f52d-4de3-bac2-db97b99cdc60
90253382-a9b3-444f-8abe-71904d4619e1,,http://www.gencourt.state.nh.us/bill_Status/bill_status.aspx?lsr=3139&sy=2020&sortoption=&txtsessionyear=2020,ocd-bill/35be43c3-955b-4c91-aae5-a7fcc82eaa01
f0e56547-b2ac-4ed0-a5de-d1406af4bf5c,,http://www.gencourt.state.nh.us/bill_Status/bill_status.aspx?lsr=2395&sy=2020&sortoption=&txtsessionyear=2020,ocd-bill/e55b6737-867e-416e-a1ba-1b3fcb8842b6
bf5816df-df58-4284-aa3a-def35cfa99b0,,http://www.gencourt.state.nh.us/bill_Status/bill_status.aspx?lsr=2408&sy=2020&sortoption=&txtsessionyear=2020,ocd-bill/172844e5-d183-4a20-97eb-7143050ade48
f7164e8c-d7b0-428d-b661-b7f337a64183,,http://www.gencourt.state.nh.us/bill_Status/bill_status.aspx?lsr=2772&sy=2020&sortoption=&txtsessionyear=2020,ocd-bill/2ddf50bb-396b-46b4-beee-06e5dd48c1c7
0dec0835-41bc-4305-aec0-938913f9a1fb,,http://www.gencourt.state.nh.us/bill_Status/bill_status.aspx?lsr=2215&sy=2020&sortoption=&txtsessionyear=2020,ocd-bill/43864e6e-47d5-466f-a1a0-18d61532abd2
e0146dbe-afee-4ae9-b8ac-48e15fa6f5fd,,http://www.gencourt.state.nh.us/bill_Status/bill_status.aspx?lsr=2873&sy=2020&sortoption=&txtsessionyear=2020,ocd-bill/42ce4bc4-a218-4d3c-b469-c89d3cfcc373
95eed54c-2254-4864-b1cc-16d46679e64f,,http://www.gencourt.state.nh.us/bill_Status/bill_status.aspx?lsr=2741&sy=2020&sortoption=&txtsessionyear=2020,ocd-bill/2476cae7-1f19-4b4e-8d8f-24cbb5ae6b58
d9013290-2f7d-4b17-aca0-8cdf19742ad1,,http://www.gencourt.state.nh.us/bill_Status/bill_status.aspx?lsr=2195&sy=2020&sortoption=&txtsessionyear=2020,ocd-bill/4a987c8c-3445-45fa-8132-0b1059afd953
85a4f8ca-b677-4bbb-9a7d-4426ca10b838,,http://www.gencourt.state.nh.us/bill_Status/bill_status.aspx?lsr=2236&sy=2020&sortoption=&txtsessionyear=2020,ocd-bill/6fa5edb9-19c4-456f-82e2-39834a8fde48
af7e9d14-707b-436f-bc21-4cf9629009ae,,http://www.gencourt.state.nh.us/bill_Status/bill_status.aspx?lsr=2899&sy=2020&sortoption=&txtsessionyear=2020,ocd-bill/1a334265-20f0-4f94-834c-84278af385d5
91ec5df3-6058-47ac-806f-214b192ecca3,,http://www.gencourt.state.nh.us/bill_Status/bill_status.aspx?lsr=2876&sy=2020&sortoption=&txtsessionyear=2020,ocd-bill/5a403c8c-abbf-4aad-8f62-3be5a1860933
d2ab42c2-0366-4bea-a886-5f953de64e5b,,http://www.gencourt.state.nh.us/bill_Status/bill_status.aspx?lsr=2706&sy=2020&sortoption=&txtsessionyear=2020,ocd-bill/f55911aa-5d57-4d6b-8a73-d1570b7fb590
379feff5-caf8-4fce-8411-39f3a163c5fd,,http://www.gencourt.state.nh.us/bill_Status/bill_status.aspx?lsr=2826&sy=2020&sortoption=&txtsessionyear=2020,ocd-bill/f9929155-ad65-4a0e-a034-e3baef5cc90c
cbcca9bd-57b7-4e7c-8f97-609bfd52de17,,http://www.gencourt.state.nh.us/bill_Status/bill_status.aspx?lsr=2641&sy=2020&sortoption=&txtsessionyear=2020,ocd-bill/8b7c4f5c-90de-4b4c-961d-b39dbb2979c6
af306685-8834-4076-8147-3a31ef81a2a2,,http://www.gencourt.state.nh.us/bill_Status/bill_status.aspx?lsr=2614&sy=2020&sortoption=&txtsessionyear=2020,ocd-bill/be546ddf-aee2-4cf1-9ffb-c3486f7d591a
a19f7e4c-7b95-46b1-a33d-2eb44c9f4ef9,,http://www.gencourt.state.nh.us/bill_Status/bill_status.aspx?lsr=2198&sy=2020&sortoption=&txtsessionyear=2020,ocd-bill/7efbb371-0428-4f2f-a12e-3128e42bb100
f0c78d08-80bf-4e42-8337-2ed2d4197659,,http://www.gencourt.state.nh.us/bill_Status/bill_status.aspx?lsr=3034&sy=2020&sortoption=&txtsessionyear=2020,ocd-bill/e9a6a289-d988-44bc-b9ff-ada28546ebf6
166f9200-e07d-4833-9bc2-6dff51e16be4,,http://www.gencourt.state.nh.us/bill_Status/bill_status.aspx?lsr=2682&sy=2020&sortoption=&txtsessionyear=2020,ocd-bill/80130a20-d5c4-4a50-a2b4-8123f9019c3a
62cc455d-897c-419e-8507-345ea80eb447,,http://www.gencourt.state.nh.us/bill_Status/bill_status.aspx?lsr=2511&sy=2020&sortoption=&txtsessionyear=2020,ocd-bill/5570180a-0de8-42b9-8de9-cdc6c1f9ac19
ba879838-b37b-4aca-bb87-5d41cb609827,,http://www.gencourt.state.nh.us/bill_Status/bill_status.aspx?lsr=2342&sy=2020&sortoption=&txtsessionyear=2020,ocd-bill/2acf8c02-cfab-4069-b2ef-6191174ddb03
c0e2ff1a-b1b7-465d-a40b-1999b3f0faf5,,http://www.gencourt.state.nh.us/bill_Status/bill_status.aspx?lsr=2337&sy=2020&sortoption=&txtsessionyear=2020,ocd-bill/d99c6182-7e94-4c3a-9f00-1d1bec3cf08c
b638e0e5-b97c-44a1-86f2-a2381c7448c2,,http://www.gencourt.state.nh.us/bill_Status/bill_status.aspx?lsr=2718&sy=2020&sortoption=&txtsessionyear=2020,ocd-bill/f00980a8-a0ce-4169-aefe-07046f7e5d15
4942ad32-b2c3-4caa-967d-a65e616cc8f9,,http://www.gencourt.state.nh.us/bill_Status/bill_status.aspx?lsr=2081&sy=2020&sortoption=&txtsessionyear=2020,ocd-bill/97de624a-69c4-4029-a7c0-85b65afc9576
877ad9fe-7c1a-4c60-bbd9-ecd0b3160673,,http://www.gencourt.state.nh.us/bill_Status/bill_status.aspx?lsr=2366&sy=2020&sortoption=&txtsessionyear=2020,ocd-bill/4566edb4-09ce-42be-b5dc-5eec8d825652
6defb3df-1fd8-4e4a-a4ec-f7dbc3401ff2,,http://www.gencourt.state.nh.us/bill_Status/bill_status.aspx?lsr=0054&sy=2020&sortoption=&txtsessionyear=2020,ocd-bill/5b4c7d33-ea9e-4a93-b98d-41cee7e38728
1cceba0f-7563-4f1f-9280-58c052248f92,,http://www.gencourt.state.nh.us/bill_Status/bill_status.aspx?lsr=0888&sy=2020&sortoption=&txtsessionyear=2020,ocd-bill/79583b6c-4ff4-4482-95da-7c89dd929089
63ed991e-c5fc-4080-a9d9-28082952aa32,,http://www.gencourt.state.nh.us/bill_Status/bill_status.aspx?lsr=3002&sy=2020&sortoption=&txtsessionyear=2020,ocd-bill/577d7e3f-524c-46eb-8b70-5fe936e81fea
e3a0baf3-bcf0-42fc-b416-c22c444cfdf7,,http://www.gencourt.state.nh.us/bill_Status/bill_status.aspx?lsr=0966&sy=2020&sortoption=&txtsessionyear=2020,ocd-bill/1a967665-529b-4631-8b6b-b8fc5fe7d4d1
13f5040b-663e-43d6-a423-78ab7916deed,,http://www.gencourt.state.nh.us/bill_Status/bill_status.aspx?lsr=0025&sy=2020&sortoption=&txtsessionyear=2020,ocd-bill/63e7c98c-807b-4892-aa6d-43599cb6c5b7
864b560e-45fb-40ce-9d92-47f468ab7c3e,,http://www.gencourt.state.nh.us/bill_Status/bill_status.aspx?lsr=0792&sy=2020&sortoption=&txtsessionyear=2020,ocd-bill/0f29889a-ddec-4be2-98a5-faea606e4bf8
d3c32f74-95a4-4ce3-aaca-a4c192c3a2a7,,http://www.gencourt.state.nh.us/bill_Status/bill_status.aspx?lsr=0765&sy=2020&sortoption=&txtsessionyear=2020,ocd-bill/f77f3525-a774-4116-86d0-92f6d82bacf0
423ac9b7-aa1d-4ed6-8abf-4fa7981f7dd3,,http://www.gencourt.state.nh.us/bill_Status/bill_status.aspx?lsr=2104&sy=2020&sortoption=&txtsessionyear=2020,ocd-bill/eec3a5dc-cdd5-4a43-b14e-a4184106002e
9a267bb2-8bb8-4377-a498-3c53bd7237e5,,http://www.gencourt.state.nh.us/bill_Status/bill_status.aspx?lsr=3046&sy=2020&sortoption=&txtsessionyear=2020,ocd-bill/3916e215-4359-4ade-a4ac-346ef637f232
675a540a-29e3-4cdc-aa34-dfb14a2cc245,,http://www.gencourt.state.nh.us/bill_Status/bill_status.aspx?lsr=2510&sy=2020&sortoption=&txtsessionyear=2020,ocd-bill/7139027d-2e6f-41e0-b75d-814b5b2d14c5
42cf04f6-969c-47f6-b7d6-2e3fbab7c1e4,,http://www.gencourt.state.nh.us/bill_Status/bill_status.aspx?lsr=2311&sy=2020&sortoption=&txtsessionyear=2020,ocd-bill/c7b9bffa-6978-4e2a-aedd-832779860d56
1e2360f1-da08-4349-9d8c-f7c476b02b5e,,http://www.gencourt.state.nh.us/bill_Status/bill_status.aspx?lsr=2602&sy=2020&sortoption=&txtsessionyear=2020,ocd-bill/ad95ee6d-6a9c-4d91-920e-0a99cbf94299
c1320a89-afeb-46f8-bf2e-e9eacf723851,,http://www.gencourt.state.nh.us/bill_Status/bill_status.aspx?lsr=2129&sy=2020&sortoption=&txtsessionyear=2020,ocd-bill/d6617a16-3aca-493f-b193-c81e4e0537da
6d78606b-da69-4188-bb56-2d2369276ce4,,http://www.gencourt.state.nh.us/bill_Status/bill_status.aspx?lsr=2565&sy=2020&sortoption=&txtsessionyear=2020,ocd-bill/0f3385f7-c2aa-4390-afaa-bab00197319f
a7c752a1-3a25-433f-8f89-a35a91683a5c,,http://www.gencourt.state.nh.us/bill_Status/bill_status.aspx?lsr=0231&sy=2020&sortoption=&txtsessionyear=2020,ocd-bill/80f362e9-6fb2-40b4-a34c-8f7c0194e51b
dacf0479-bd04-4b5e-82a0-d2ffd6b12dbc,,http://www.gencourt.state.nh.us/bill_Status/bill_status.aspx?lsr=0415&sy=2020&sortoption=&txtsessionyear=2020,ocd-bill/539019df-4d85-4bd2-be56-66178e1cbdde
b29eddb7-81f3-4e21-a009-4ed9adf38110,,http://www.gencourt.state.nh.us/bill_Status/bill_status.aspx?lsr=0753&sy=2020&sortoption=&txtsessionyear=2020,ocd-bill/e0227b58-096a-4407-b3dc-a6a389633800
8abe1509-439d-4825-a871-0dba4760ff70,,http://www.gencourt.state.nh.us/bill_Status/bill_status.aspx?lsr=0536&sy=2020&sortoption=&txtsessionyear=2020,ocd-bill/44c951f4-2701-4a2e-94b5-5da4351746c6
0157dc1f-9cd0-4e15-8cae-37ad0789bf01,,http://www.gencourt.state.nh.us/bill_Status/bill_status.aspx?lsr=0821&sy=2020&sortoption=&txtsessionyear=2020,ocd-bill/3000c91e-68d7-4f69-b114-1ed3a73dba3f
033e4272-da08-4667-89f8-b3ffd0e60ea5,,http://www.gencourt.state.nh.us/bill_Status/bill_status.aspx?lsr=3132&sy=2020&sortoption=&txtsessionyear=2020,ocd-bill/49866213-cfd1-4c6a-a9d4-a7b9c1cc92a9
5f64c2ad-1909-432c-b33c-ec1bfac97848,,http://www.gencourt.state.nh.us/bill_Status/bill_status.aspx?lsr=2106&sy=2020&sortoption=&txtsessionyear=2020,ocd-bill/f2bdf90e-47da-4423-87d6-985753572076
4e68349c-3d22-4b50-b84a-5c41d91ec004,,http://www.gencourt.state.nh.us/bill_Status/bill_status.aspx?lsr=2768&sy=2020&sortoption=&txtsessionyear=2020,ocd-bill/79375237-8c1e-4475-80e4-38956d433589
8116766b-bd9b-4616-af4d-17be807a594d,,http://www.gencourt.state.nh.us/bill_Status/bill_status.aspx?lsr=2745&sy=2020&sortoption=&txtsessionyear=2020,ocd-bill/3d22beb5-0889-4bc4-a71c-22945a765a69
8dd6f13d-3328-4917-92ed-03e755abfb73,,http://www.gencourt.state.nh.us/bill_Status/bill_status.aspx?lsr=2618&sy=2020&sortoption=&txtsessionyear=2020,ocd-bill/415f37f5-b6c2-49c1-9fe2-478d1da2d068
391a22fe-52bf-4a00-94d7-da61254b4b09,,http://www.gencourt.state.nh.us/bill_Status/bill_status.aspx?lsr=2454&sy=2020&sortoption=&txtsessionyear=2020,ocd-bill/6ae73ce5-f9f6-48ab-b66e-7717d3274cfd
7f2c1495-6e71-425d-ad14-de04ea28c69f,,http://www.gencourt.state.nh.us/bill_Status/bill_status.aspx?lsr=2112&sy=2020&sortoption=&txtsessionyear=2020,ocd-bill/a6dcddbd-c38a-403f-b631-52ccb66e838b
9e9537ea-b0fe-4713-8bcf-c85ca1cd840e,,http://www.gencourt.state.nh.us/bill_Status/bill_status.aspx?lsr=2319&sy=2020&sortoption=&txtsessionyear=2020,ocd-bill/10cb6c8d-9309-47f4-995b-43ca395de824
c5800f3c-129e-4157-b11b-711417cb7202,,http://www.gencourt.state.nh.us/bill_Status/bill_status.aspx?lsr=0650&sy=2020&sortoption=&txtsessionyear=2020,ocd-bill/3c000a50-094b-42c4-ac60-d28d352e2716
6dfdd3c9-4829-40d7-bd28-f2462d9dc170,,http://www.gencourt.state.nh.us/bill_Status/bill_status.aspx?lsr=2501&sy=2020&sortoption=&txtsessionyear=2020,ocd-bill/a153eb42-ace1-4ca9-a456-c7f3edd8387d
b1454a4b-389e-4e7a-bdf7-309bfaf26c5b,,http://www.gencourt.state.nh.us/bill_Status/bill_status.aspx?lsr=2190&sy=2020&sortoption=&txtsessionyear=2020,ocd-bill/c9c64fa2-d60c-48f3-ae36-5d636664a15f
4d4b91a2-2944-4ef2-b3dd-2bd92c9d9ecb,,http://www.gencourt.state.nh.us/bill_Status/bill_status.aspx?lsr=0087&sy=2020&sortoption=&txtsessionyear=2020,ocd-bill/31d015fa-20b8-4a4d-8f58-8aed680e16a4
e9caf69c-b2e2-47d1-848d-754a9bcd8c4c,,http://www.gencourt.state.nh.us/bill_Status/bill_status.aspx?lsr=0547&sy=2020&sortoption=&txtsessionyear=2020,ocd-bill/2ec55f22-9de3-46e3-b321-853923a22b11
a3ee3248-c092-4634-a52b-31651a24bac6,,http://www.gencourt.state.nh.us/bill_Status/bill_status.aspx?lsr=2057&sy=2020&sortoption=&txtsessionyear=2020,ocd-bill/b49f32b5-40c2-4613-bc79-746632b65e73
76916c13-db34-4de0-9b92-2325e5d61435,,http://www.gencourt.state.nh.us/bill_Status/bill_status.aspx?lsr=2659&sy=2020&sortoption=&txtsessionyear=2020,ocd-bill/16f362ac-2b42-4097-a5f6-66c73a2d7922
cf3adf40-5eb8-4f5b-a8ac-da9c58561a43,,http://www.gencourt.state.nh.us/bill_Status/bill_status.aspx?lsr=2035&sy=2020&sortoption=&txtsessionyear=2020,ocd-bill/c07403ed-f905-48b2-bbf7-3dc7b55c7824
3fa80d56-25dc-4031-aec9-ec528033fafc,,http://www.gencourt.state.nh.us/bill_Status/bill_status.aspx?lsr=0574&sy=2020&sortoption=&txtsessionyear=2020,ocd-bill/ff5ab122-9633-48e2-8d66-03e1bc4a7c80
b479bcc2-41b9-4101-8d3d-2147b45869a2,,http://www.gencourt.state.nh.us/bill_Status/bill_status.aspx?lsr=2673&sy=2020&sortoption=&txtsessionyear=2020,ocd-bill/db87b0bc-f6d3-4e10-b70e-90294f56791c
fb7a3092-e4da-4a72-bc9f-85590e3220c3,,http://www.gencourt.state.nh.us/bill_Status/bill_status.aspx?lsr=2302&sy=2020&sortoption=&txtsessionyear=2020,ocd-bill/df2b9c85-e921-4439-9d03-99e70302f842
4070c110-b996-48fd-98db-3eb2987b942e,,http://www.gencourt.state.nh.us/bill_Status/bill_status.aspx?lsr=2549&sy=2020&sortoption=&txtsessionyear=2020,ocd-bill/2bad6fd1-aa4c-4b7d-a9fa-ba06af0cc087
c4595267-4ac4-43fa-93f9-2ca32aa097d5,,http://www.gencourt.state.nh.us/bill_Status/bill_status.aspx?lsr=2498&sy=2020&sortoption=&txtsessionyear=2020,ocd-bill/f8e9a1d4-698a-4c70-9f15-fe10c3a33552
58b8a659-6c19-47f8-9364-f052c20e475e,,http://www.gencourt.state.nh.us/bill_Status/bill_status.aspx?lsr=2185&sy=2020&sortoption=&txtsessionyear=2020,ocd-bill/5e7d2520-0077-4e34-9701-277ccacbee6d
283db520-a23c-4061-96a1-d2b17b54f011,,http://www.gencourt.state.nh.us/bill_Status/bill_status.aspx?lsr=2507&sy=2020&sortoption=&txtsessionyear=2020,ocd-bill/8bdf9a58-1589-4689-b489-ba4b4b0fd25c
73c16bd1-d92d-4a9a-8c8b-614f052051f4,,http://www.gencourt.state.nh.us/bill_Status/bill_status.aspx?lsr=2512&sy=2020&sortoption=&txtsessionyear=2020,ocd-bill/f2482d88-249f-42d5-a251-92b61ef936fe
21734fde-283f-4ff5-8e7c-b20fbfa1f54f,,http://www.gencourt.state.nh.us/bill_Status/bill_status.aspx?lsr=2478&sy=2020&sortoption=&txtsessionyear=2020,ocd-bill/2c4fda61-227c-4dd2-9584-8505a742217b
abfbfb1c-b558-4898-8ed4-de195db7e6b4,,http://www.gencourt.state.nh.us/bill_Status/bill_status.aspx?lsr=2620&sy=2020&sortoption=&txtsessionyear=2020,ocd-bill/a9a62eba-2058-41f6-a88c-b0bc1c515718
277215df-8b97-4c79-b46a-8b7eb3763a90,,http://www.gencourt.state.nh.us/bill_Status/bill_status.aspx?lsr=2090&sy=2020&sortoption=&txtsessionyear=2020,ocd-bill/47b08830-eb24-440e-aafa-d36ad8a445be
b7d7396d-7b1e-4f82-ad71-d9374fdfb6e3,,http://www.gencourt.state.nh.us/bill_Status/bill_status.aspx?lsr=2571&sy=2020&sortoption=&txtsessionyear=2020,ocd-bill/0cdd9323-8aa9-44c4-a913-6c70244a09d9
e475cf46-4692-41ba-a4a0-ddf5396a6465,,http://www.gencourt.state.nh.us/bill_Status/bill_status.aspx?lsr=2680&sy=2020&sortoption=&txtsessionyear=2020,ocd-bill/ab5f64f4-7af5-4bd9-9d6c-0007c0db1072
ca8d379f-72e1-4a1e-8fcd-d82f78c1a2f7,,http://www.gencourt.state.nh.us/bill_Status/bill_status.aspx?lsr=2626&sy=2020&sortoption=&txtsessionyear=2020,ocd-bill/d69cf679-57cb-4022-bc28-f91702d73640
63dd3aae-19c3-4486-980a-a425bebacc30,,http://www.gencourt.state.nh.us/bill_Status/bill_status.aspx?lsr=2092&sy=2020&sortoption=&txtsessionyear=2020,ocd-bill/76ac53a2-faf3-4461-b165-69afb95ba098
c92c8038-2f8b-4845-aac2-f87de11d49bf,,http://www.gencourt.state.nh.us/bill_Status/bill_status.aspx?lsr=2045&sy=2020&sortoption=&txtsessionyear=2020,ocd-bill/1993e20f-d27b-4913-a8fa-360402452612
96363f85-bf99-42dd-a443-15133fd5bfb1,,http://www.gencourt.state.nh.us/bill_Status/bill_status.aspx?lsr=2472&sy=2020&sortoption=&txtsessionyear=2020,ocd-bill/8d74106d-4b10-45b7-aab5-5dc49b5cead8
6b36b583-36e7-4137-80dc-ae06cc254ee9,,http://www.gencourt.state.nh.us/bill_Status/bill_status.aspx?lsr=2322&sy=2020&sortoption=&txtsessionyear=2020,ocd-bill/82ece7cb-10a2-4ff9-8b62-e41e621fc214
ae059fa2-8eb3-474e-8d11-38be227dfc35,,http://www.gencourt.state.nh.us/bill_Status/bill_status.aspx?lsr=2406&sy=2020&sortoption=&txtsessionyear=2020,ocd-bill/70c5817d-4679-450a-ab78-089a1f363586
58cbc5a7-fb11-4054-8906-318627d39803,,http://www.gencourt.state.nh.us/bill_Status/bill_status.aspx?lsr=2502&sy=2020&sortoption=&txtsessionyear=2020,ocd-bill/c3d783b0-7f3d-493b-857f-c03fc345b5a2
4406be20-b877-4e28-81fc-dd56d10b2b44,,http://www.gencourt.state.nh.us/bill_Status/bill_status.aspx?lsr=2443&sy=2020&sortoption=&txtsessionyear=2020,ocd-bill/e4cfc0a0-4834-4713-956c-4282ef424fda
ac3ff428-2e7b-4da3-9fa3-bad1efc975e5,,http://www.gencourt.state.nh.us/bill_Status/bill_status.aspx?lsr=2193&sy=2020&sortoption=&txtsessionyear=2020,ocd-bill/42e3fe71-426b-4928-8e91-e309edd462ec
165a7dfa-52fe-4ca8-b70e-538ed3c7b2e8,,http://www.gencourt.state.nh.us/bill_Status/bill_status.aspx?lsr=2172&sy=2020&sortoption=&txtsessionyear=2020,ocd-bill/11a9e127-dcfe-4ee0-a7c7-864fad350982
e96ec9b6-58c9-4223-b3cf-1a58c16be3cd,,http://www.gencourt.state.nh.us/bill_Status/bill_status.aspx?lsr=2257&sy=2020&sortoption=&txtsessionyear=2020,ocd-bill/45dc9ae7-71a6-46ba-9c2c-32978139c6a8
478a1250-a007-423d-9716-109b66911c75,,http://www.gencourt.state.nh.us/bill_Status/bill_status.aspx?lsr=2557&sy=2020&sortoption=&txtsessionyear=2020,ocd-bill/7659e091-2eb2-4c9d-ac8d-f44d01937860
9d7685a1-90f7-4672-b708-12182396b983,,http://www.gencourt.state.nh.us/bill_Status/bill_status.aspx?lsr=2483&sy=2020&sortoption=&txtsessionyear=2020,ocd-bill/a91b31c5-c298-419e-9bae-9b6f1592e820
4ee42794-6d2b-498f-896e-ce640b1cc266,,http://www.gencourt.state.nh.us/bill_Status/bill_status.aspx?lsr=2441&sy=2020&sortoption=&txtsessionyear=2020,ocd-bill/032b2574-332a-4c13-9361-a4fe6c2c10cf
1e717892-e94e-4065-8ced-428a01183e8a,,http://www.gencourt.state.nh.us/bill_Status/bill_status.aspx?lsr=2919&sy=2020&sortoption=&txtsessionyear=2020,ocd-bill/5d1457dd-7a3c-4d68-b828-3a6a05025273
06f4bc5a-ada5-4228-bea5-7e0dbe97a4bc,,http://www.gencourt.state.nh.us/bill_Status/bill_status.aspx?lsr=2751&sy=2020&sortoption=&txtsessionyear=2020,ocd-bill/46ba4f56-7e89-45e8-a0ce-4aefc5210747
6ab052bc-cb2c-4f80-95d2-c5a430751708,,http://www.gencourt.state.nh.us/bill_Status/bill_status.aspx?lsr=3003&sy=2020&sortoption=&txtsessionyear=2020,ocd-bill/09b003a5-f1e5-4299-a304-17b30dddcf95
9e8fe4b2-c3cb-40f6-b1c0-0f81b25613ee,,http://www.gencourt.state.nh.us/bill_Status/bill_status.aspx?lsr=2969&sy=2020&sortoption=&txtsessionyear=2020,ocd-bill/1470ad90-adad-420a-bd32-95b1afb2c650
255e00b2-5995-4966-8bbc-aaf0ccd5e277,,http://www.gencourt.state.nh.us/bill_Status/bill_status.aspx?lsr=2044&sy=2020&sortoption=&txtsessionyear=2020,ocd-bill/b2dae9df-cc5e-4760-b3a8-57293a7150ec
2abcc9ee-3473-4130-97d6-3af0b7f8f30a,,http://www.gencourt.state.nh.us/bill_Status/bill_status.aspx?lsr=2242&sy=2020&sortoption=&txtsessionyear=2020,ocd-bill/c8bc12a0-1b05-4b41-981c-a1d66c045bb2
fe4e3f87-ecba-40ed-a359-32409197fd35,,http://www.gencourt.state.nh.us/bill_Status/bill_status.aspx?lsr=2783&sy=2020&sortoption=&txtsessionyear=2020,ocd-bill/553116ef-321d-40f0-9dda-d3af13a941f8
52a2e99c-3b33-4716-a15b-054a7645aa7a,,http://www.gencourt.state.nh.us/bill_Status/bill_status.aspx?lsr=2737&sy=2020&sortoption=&txtsessionyear=2020,ocd-bill/e131c453-23e6-4ef6-9d07-20374bc99a94
0454b562-221f-4e10-a54e-e2d16356bdad,,http://www.gencourt.state.nh.us/bill_Status/bill_status.aspx?lsr=2671&sy=2020&sortoption=&txtsessionyear=2020,ocd-bill/ac0c40ad-b307-4cfd-b419-a9dc4a7c1a05
ee74462b-3136-4550-ac9e-7dad0917b058,,http://www.gencourt.state.nh.us/bill_Status/bill_status.aspx?lsr=2962&sy=2020&sortoption=&txtsessionyear=2020,ocd-bill/07089f3e-6150-4285-8434-850f6173cc84
cd16a1f1-8f55-48e8-8de4-5bcb17c8cc79,,http://www.gencourt.state.nh.us/bill_Status/bill_status.aspx?lsr=2716&sy=2020&sortoption=&txtsessionyear=2020,ocd-bill/c483f044-c11f-4e0b-a9b5-66a2cbe2602e
db001495-3c20-4d8a-8379-43edc7822a75,,http://www.gencourt.state.nh.us/bill_Status/bill_status.aspx?lsr=2597&sy=2020&sortoption=&txtsessionyear=2020,ocd-bill/713de1e9-1afa-4ede-91e0-1858d606075b
23989e08-9f2d-4092-82b5-9dae2527e181,,http://www.gencourt.state.nh.us/bill_Status/bill_status.aspx?lsr=2065&sy=2020&sortoption=&txtsessionyear=2020,ocd-bill/3c3a2f11-349a-4fc4-a515-5ffb863c6d2a
0e8af091-924b-4e72-93e9-6007e439a1ef,,http://www.gencourt.state.nh.us/bill_Status/bill_status.aspx?lsr=2077&sy=2020&sortoption=&txtsessionyear=2020,ocd-bill/9f47a73e-38e0-4969-93f1-9288f4395e3f
f1707faa-e837-4ee5-96db-5d95dd3f3969,,http://www.gencourt.state.nh.us/bill_Status/bill_status.aspx?lsr=2206&sy=2020&sortoption=&txtsessionyear=2020,ocd-bill/0afcb34f-0914-474d-8814-266dd3d595e8
7a5e61a3-a930-4b44-bfa9-c2bbb7a2396e,,http://www.gencourt.state.nh.us/bill_Status/bill_status.aspx?lsr=2171&sy=2020&sortoption=&txtsessionyear=2020,ocd-bill/6982c0b9-744d-4ed6-b446-b036ed6fc7e2
a17d2c78-22ff-40e1-b7c5-0d0281831183,,http://www.gencourt.state.nh.us/bill_Status/bill_status.aspx?lsr=2139&sy=2020&sortoption=&txtsessionyear=2020,ocd-bill/c52c7104-533e-4085-abcf-f9dc861d6cfd
d3135411-fe1c-46ec-8de7-28218ef4bab2,,http://www.gencourt.state.nh.us/bill_Status/bill_status.aspx?lsr=2345&sy=2020&sortoption=&txtsessionyear=2020,ocd-bill/2aa1d95a-f908-4f71-8da8-fc9ca238832a
5c13ad8a-f946-4379-9a7b-429feafe6988,,http://www.gencourt.state.nh.us/bill_Status/bill_status.aspx?lsr=2188&sy=2020&sortoption=&txtsessionyear=2020,ocd-bill/0863be2a-012a-4ce6-8bc7-a3e73aa3d112
f2dd25d3-28d8-474a-868e-f6b1e93656fe,,http://www.gencourt.state.nh.us/bill_Status/bill_status.aspx?lsr=3015&sy=2020&sortoption=&txtsessionyear=2020,ocd-bill/aef18b46-1a06-4dd1-ae18-3f2535f1adab
5c912fa1-9524-439e-91fb-0540f16ead32,,http://www.gencourt.state.nh.us/bill_Status/bill_status.aspx?lsr=2943&sy=2020&sortoption=&txtsessionyear=2020,ocd-bill/fd813889-89d7-4ea0-98c7-6445eb94da8b
7119ec97-9a8f-45c8-a917-31d190183f20,,http://www.gencourt.state.nh.us/bill_Status/bill_status.aspx?lsr=2593&sy=2020&sortoption=&txtsessionyear=2020,ocd-bill/8d70de57-61a8-4648-9820-fa72189ae7f8
efddf3c2-8f20-474c-b64c-42fb566fd2c8,,http://www.gencourt.state.nh.us/bill_Status/bill_status.aspx?lsr=2085&sy=2020&sortoption=&txtsessionyear=2020,ocd-bill/a8ffa0a2-668b-49a9-8173-8e07ecedb4e9
8b488e73-d367-499f-99b1-56bb5c91f46a,,http://www.gencourt.state.nh.us/bill_Status/bill_status.aspx?lsr=2956&sy=2020&sortoption=&txtsessionyear=2020,ocd-bill/ee23a2b0-c3f9-4e18-9258-f46c53319dea
3b25e1c0-cd81-4840-863a-39b64362b989,,http://www.gencourt.state.nh.us/bill_Status/bill_status.aspx?lsr=2878&sy=2020&sortoption=&txtsessionyear=2020,ocd-bill/75d09720-6cba-412a-af92-fac900d223ce
ec1a668a-5103-4a1e-b0c6-550941c74d73,,http://www.gencourt.state.nh.us/bill_Status/bill_status.aspx?lsr=3026&sy=2020&sortoption=&txtsessionyear=2020,ocd-bill/7447025e-d856-4b51-90d6-0002d4bbe018
8223f009-0879-4bff-ad4d-71662904b134,,http://www.gencourt.state.nh.us/bill_Status/bill_status.aspx?lsr=0596&sy=2020&sortoption=&txtsessionyear=2020,ocd-bill/6bd18c15-3922-4df1-b5f6-cb83649b8077
ccf73a2a-fbc4-438b-b859-a36a57a055c8,,http://www.gencourt.state.nh.us/bill_Status/bill_status.aspx?lsr=1027&sy=2020&sortoption=&txtsessionyear=2020,ocd-bill/bd39ed91-0e56-4409-9be5-d3cd082c7848
d6e9755e-be8f-4061-926b-6995fd0f2cbc,,http://www.gencourt.state.nh.us/bill_Status/bill_status.aspx?lsr=0182&sy=2020&sortoption=&txtsessionyear=2020,ocd-bill/be264975-f3c8-40de-9c8a-8a2930d7c5fc
2e6b7208-3e92-4d3a-87fa-1781ea6c0dd0,,http://www.gencourt.state.nh.us/bill_Status/bill_status.aspx?lsr=2240&sy=2020&sortoption=&txtsessionyear=2020,ocd-bill/908482bf-70c2-4e0f-9220-91002ebcbc9e
c4260953-0980-43ed-89d4-15d9295fe579,,http://www.gencourt.state.nh.us/bill_Status/bill_status.aspx?lsr=0808&sy=2020&sortoption=&txtsessionyear=2020,ocd-bill/aa3ab33c-1daf-437a-b267-f68f59984167
5321907b-aef9-4897-af52-394b8dba88ee,,http://www.gencourt.state.nh.us/bill_Status/bill_status.aspx?lsr=2034&sy=2020&sortoption=&txtsessionyear=2020,ocd-bill/ed61a071-4930-4444-8d35-73091c5e97d9
2954d88f-7e39-417f-8507-a720be9d879a,,http://www.gencourt.state.nh.us/bill_Status/bill_status.aspx?lsr=2758&sy=2020&sortoption=&txtsessionyear=2020,ocd-bill/1930c132-1b20-45bb-b975-8d8402b38d36
7f8682fc-2b4a-4e8f-9b62-66872c005222,,http://www.gencourt.state.nh.us/bill_Status/bill_status.aspx?lsr=0815&sy=2020&sortoption=&txtsessionyear=2020,ocd-bill/a2a78348-2c62-4d99-8391-06a73e07ac1d
d5f6e81c-864e-4418-a309-0758d0fcd0d9,,http://www.gencourt.state.nh.us/bill_Status/bill_status.aspx?lsr=0839&sy=2020&sortoption=&txtsessionyear=2020,ocd-bill/58f28847-6f01-4e2a-b12e-741b11d73f3d
2457d9fc-8c2f-4444-8807-9cc74515da09,,http://www.gencourt.state.nh.us/bill_Status/bill_status.aspx?lsr=0504&sy=2020&sortoption=&txtsessionyear=2020,ocd-bill/ecb84940-a2f6-495c-af10-085dd157b5c7
e2ddd8d0-60cb-480a-a3fa-b81d1f4ece34,,http://www.gencourt.state.nh.us/bill_Status/bill_status.aspx?lsr=0387&sy=2020&sortoption=&txtsessionyear=2020,ocd-bill/9ec59bb9-3c72-4954-a49d-9d76679f569a
85cdd33d-8cbe-4ce1-8850-f5f31a38084b,,http://www.gencourt.state.nh.us/bill_Status/bill_status.aspx?lsr=0671&sy=2020&sortoption=&txtsessionyear=2020,ocd-bill/244b4ee4-a11c-4404-9ddf-424f2cd52381
623541d7-ce90-4d53-845b-f12756904d36,,http://www.gencourt.state.nh.us/bill_Status/bill_status.aspx?lsr=1048&sy=2020&sortoption=&txtsessionyear=2020,ocd-bill/6f15f480-bd6f-4597-a9cc-b126ae53d440
fa61c124-0e16-4a59-8874-08ac1eef2587,,http://www.gencourt.state.nh.us/bill_Status/bill_status.aspx?lsr=0933&sy=2020&sortoption=&txtsessionyear=2020,ocd-bill/b901a711-1dc4-4a53-85cb-012314d0d190
e4fc3b34-a786-450a-8a03-5806ecd57852,,http://www.gencourt.state.nh.us/bill_Status/bill_status.aspx?lsr=2920&sy=2020&sortoption=&txtsessionyear=2020,ocd-bill/cad71db9-d3b4-4ff1-8419-3b20466aa6f8
4e0200dd-0e85-4f24-89ad-a57c121dfc28,,http://www.gencourt.state.nh.us/bill_Status/bill_status.aspx?lsr=0948&sy=2020&sortoption=&txtsessionyear=2020,ocd-bill/181599dc-56c0-48dd-a988-8f95dabbafb1
836cbee4-5616-4082-90dd-b414aa33a583,,http://www.gencourt.state.nh.us/bill_Status/bill_status.aspx?lsr=1029&sy=2020&sortoption=&txtsessionyear=2020,ocd-bill/d97f349f-396e-4d94-b4b8-33478e7c740f
7d7b5d46-3f4e-49eb-9ab9-46a3b768566d,,http://www.gencourt.state.nh.us/bill_Status/bill_status.aspx?lsr=0922&sy=2020&sortoption=&txtsessionyear=2020,ocd-bill/4774e0d5-f68d-4bb0-ba24-8014763a5026
df222369-1a15-4609-98c9-813a0b639770,,http://www.gencourt.state.nh.us/bill_Status/bill_status.aspx?lsr=0957&sy=2020&sortoption=&txtsessionyear=2020,ocd-bill/830f021f-3f96-465a-b28c-815da7eb7dae
5d580dc7-4743-4829-b015-02d8ce5da802,,http://www.gencourt.state.nh.us/bill_Status/bill_status.aspx?lsr=0897&sy=2020&sortoption=&txtsessionyear=2020,ocd-bill/9d84f452-cba6-4fcb-ada2-b0e855fe44f8
de4fc9e5-c79f-4e65-90bc-b82ad01503f6,,http://www.gencourt.state.nh.us/bill_Status/bill_status.aspx?lsr=0551&sy=2020&sortoption=&txtsessionyear=2020,ocd-bill/4cc7f45b-6e0d-49bf-a9a5-1179d14fa16c
9ff4a35d-213e-4f28-b81c-fff03d9e71e9,,http://www.gencourt.state.nh.us/bill_Status/bill_status.aspx?lsr=1030&sy=2020&sortoption=&txtsessionyear=2020,ocd-bill/dbb542bb-90d1-4534-b68b-7d5928c3e492
48bf6d58-0c3c-46cc-9a19-5989a711306a,,http://www.gencourt.state.nh.us/bill_Status/bill_status.aspx?lsr=0800&sy=2020&sortoption=&txtsessionyear=2020,ocd-bill/1bf53a70-d484-4dc7-8d7e-ce7cfd2db53f
2182c703-d967-4f61-8131-f7fe7bc07ff9,,http://www.gencourt.state.nh.us/bill_Status/bill_status.aspx?lsr=0645&sy=2020&sortoption=&txtsessionyear=2020,ocd-bill/708f829d-6cac-4c3e-8ca5-f250814c8f43
88fb5b04-454a-4de9-bc51-1f9e30874ac6,,http://www.gencourt.state.nh.us/bill_Status/bill_status.aspx?lsr=3115&sy=2020&sortoption=&txtsessionyear=2020,ocd-bill/368a23b2-79e6-47ed-9d10-5283025ab76b
2a2933ef-f27e-4fa8-82de-24289405b6f1,,http://www.gencourt.state.nh.us/bill_Status/bill_status.aspx?lsr=0646&sy=2020&sortoption=&txtsessionyear=2020,ocd-bill/780f054f-40b8-4ed6-bb8d-ef9a5bb6591d
e016dd92-c1f5-4d62-949b-1aa75257259d,,http://www.gencourt.state.nh.us/bill_Status/bill_status.aspx?lsr=0386&sy=2020&sortoption=&txtsessionyear=2020,ocd-bill/3f5d1a42-8b9f-416d-a411-4244a77115e2
cbdc8079-ed2b-4820-a7fe-b99bc7af9a11,,http://www.gencourt.state.nh.us/bill_Status/bill_status.aspx?lsr=0673&sy=2020&sortoption=&txtsessionyear=2020,ocd-bill/d0724f07-ec51-4a49-8ba7-29c4912a8eb7
07e73266-15f7-4b6e-8bbd-17c98a4f46e1,,http://www.gencourt.state.nh.us/bill_Status/bill_status.aspx?lsr=3029&sy=2020&sortoption=&txtsessionyear=2020,ocd-bill/f665e732-bafd-4899-9fa6-dfe781b3c8e8
71981dcf-17fc-4216-94ba-e3d3c61ddd02,,http://www.gencourt.state.nh.us/bill_Status/bill_status.aspx?lsr=2220&sy=2020&sortoption=&txtsessionyear=2020,ocd-bill/43118c7f-a949-4754-af5f-6ac44505d037
b05f4ffd-890c-4bf7-ae78-72641112f534,,http://www.gencourt.state.nh.us/bill_Status/bill_status.aspx?lsr=2624&sy=2020&sortoption=&txtsessionyear=2020,ocd-bill/d870b87a-e1a0-4c6c-a3c9-2a98135c0391
206fa6c4-4c81-46d2-83b0-b0f6d176775a,,http://www.gencourt.state.nh.us/bill_Status/bill_status.aspx?lsr=2605&sy=2020&sortoption=&txtsessionyear=2020,ocd-bill/016c67df-080b-4966-9eb4-d0386fcac6d4
3a46a0a9-64b5-4f66-bef8-f705b0c42728,,http://www.gencourt.state.nh.us/bill_Status/bill_status.aspx?lsr=2482&sy=2020&sortoption=&txtsessionyear=2020,ocd-bill/17703855-e798-45a3-9ed2-6e3e0af8167e
21c8d6b4-8279-443c-b9d7-44c8ba9ad672,,http://www.gencourt.state.nh.us/bill_Status/bill_status.aspx?lsr=3059&sy=2020&sortoption=&txtsessionyear=2020,ocd-bill/40e4171f-a502-4bf3-8698-90d4eb95d9fb
d46319c9-737d-4b90-b5fd-e40e4663544a,,http://www.gencourt.state.nh.us/bill_Status/bill_status.aspx?lsr=2007&sy=2020&sortoption=&txtsessionyear=2020,ocd-bill/1a887ce7-dbf4-496a-9711-868d71782f78
e596c575-09c2-42da-a20f-40a6db08d928,,http://www.gencourt.state.nh.us/bill_Status/bill_status.aspx?lsr=2666&sy=2020&sortoption=&txtsessionyear=2020,ocd-bill/d5f64738-4868-4fd7-8a07-9293865526b4
8b3a053f-6391-48bd-8c7c-0ea4f2d8526a,,http://www.gencourt.state.nh.us/bill_Status/bill_status.aspx?lsr=2054&sy=2020&sortoption=&txtsessionyear=2020,ocd-bill/edd9d31f-e7be-4d86-b0a4-5be8931018f3
ccd64c8a-0017-4b18-bf11-8fe0d0bed3df,,http://www.gencourt.state.nh.us/bill_Status/bill_status.aspx?lsr=3012&sy=2020&sortoption=&txtsessionyear=2020,ocd-bill/ea642ccb-20b2-4385-80b8-7307c70004e5
6d8c2b10-2375-43d0-9f9b-4b8b154b0328,,http://www.gencourt.state.nh.us/bill_Status/bill_status.aspx?lsr=2583&sy=2020&sortoption=&txtsessionyear=2020,ocd-bill/189dac8f-39db-49b5-99f9-590e68fe6941
dedc8f7a-0af3-4b57-bdbd-5d198a6b870d,,http://www.gencourt.state.nh.us/bill_Status/bill_status.aspx?lsr=3042&sy=2020&sortoption=&txtsessionyear=2020,ocd-bill/7bdc2f4a-c2d7-4f04-92d4-41892e994932
81a0770a-a541-41c2-8827-1be162512c3c,,http://www.gencourt.state.nh.us/bill_Status/bill_status.aspx?lsr=0378&sy=2020&sortoption=&txtsessionyear=2020,ocd-bill/1413cee6-0750-44f8-9f65-7ad6938a99fe
4859b3f1-18a3-4552-82e0-f4290b73438e,,http://www.gencourt.state.nh.us/bill_Status/bill_status.aspx?lsr=2440&sy=2020&sortoption=&txtsessionyear=2020,ocd-bill/1a5f65e9-700c-4007-a108-4c793b3da551
9faef09a-2364-4f96-8750-25e3367d168d,,http://www.gencourt.state.nh.us/bill_Status/bill_status.aspx?lsr=0021&sy=2020&sortoption=&txtsessionyear=2020,ocd-bill/fe804a4e-f59a-4544-9020-91a7913a85dc
ce251cbd-b7c0-471a-ae68-ef0f1239867f,,http://www.gencourt.state.nh.us/bill_Status/bill_status.aspx?lsr=0566&sy=2020&sortoption=&txtsessionyear=2020,ocd-bill/96e63011-9c24-4540-a4d8-e9d0f6293dbb
814df5a6-b94f-47e2-9e65-a55ad6f9a634,,http://www.gencourt.state.nh.us/bill_Status/bill_status.aspx?lsr=0715&sy=2020&sortoption=&txtsessionyear=2020,ocd-bill/e7df6778-9147-458e-b74a-c5acfa20f322
9f579093-96fc-48ad-97b3-f087e60f2b06,,http://www.gencourt.state.nh.us/bill_Status/bill_status.aspx?lsr=0029&sy=2020&sortoption=&txtsessionyear=2020,ocd-bill/1799991a-8e35-4cc9-814f-5a06a1d9a837
51cf5050-d20d-4d0a-b8e3-6da1c3567536,,http://www.gencourt.state.nh.us/bill_Status/bill_status.aspx?lsr=0431&sy=2020&sortoption=&txtsessionyear=2020,ocd-bill/8c5a0d4d-5bae-4acc-9994-5dbf454aa4ee
8bb28bc4-c610-4fe1-9059-ba2afc0db323,,http://www.gencourt.state.nh.us/bill_Status/bill_status.aspx?lsr=0713&sy=2020&sortoption=&txtsessionyear=2020,ocd-bill/c25a9789-a32b-4fdc-bb0e-70c780bb717d
cb4c7069-b9ea-47cd-bb5c-3c4a65422012,,http://www.gencourt.state.nh.us/bill_Status/bill_status.aspx?lsr=2098&sy=2020&sortoption=&txtsessionyear=2020,ocd-bill/e8749e54-d62e-4375-a4ec-11176baaa9cb
0d2d60f6-e026-4d64-a637-766bc1592194,,http://www.gencourt.state.nh.us/bill_Status/bill_status.aspx?lsr=2733&sy=2020&sortoption=&txtsessionyear=2020,ocd-bill/69e549ac-a078-4dc9-a84f-f211b5424ce6
0d4475fd-0d2e-4e41-b7bd-2d61ea056048,,http://www.gencourt.state.nh.us/bill_Status/bill_status.aspx?lsr=2037&sy=2020&sortoption=&txtsessionyear=2020,ocd-bill/b184f65f-126d-43f7-9506-3962ef206267
2c680c1c-d22e-4582-b478-49c775fe33eb,,http://www.gencourt.state.nh.us/bill_Status/bill_status.aspx?lsr=2400&sy=2020&sortoption=&txtsessionyear=2020,ocd-bill/14726614-935f-40ec-bb04-0e888627aa07
cb078aec-c2a8-49e3-8309-54f33381510f,,http://www.gencourt.state.nh.us/bill_Status/bill_status.aspx?lsr=2481&sy=2020&sortoption=&txtsessionyear=2020,ocd-bill/6bcead7e-2a56-4578-876d-02d23dd8683b
6e02c42f-bfca-444d-a645-208adf9d3924,,http://www.gencourt.state.nh.us/bill_Status/bill_status.aspx?lsr=2050&sy=2020&sortoption=&txtsessionyear=2020,ocd-bill/f5d0f47b-ae7e-4c58-af41-76b90f51625c
83728fba-a5d2-44de-ae19-ae3296ab1bed,,http://www.gencourt.state.nh.us/bill_Status/bill_status.aspx?lsr=2561&sy=2020&sortoption=&txtsessionyear=2020,ocd-bill/2e6a81f3-ef9e-4ece-a746-37cf2f416ba9
449d4121-602c-4380-938d-f7686815e4ba,,http://www.gencourt.state.nh.us/bill_Status/bill_status.aspx?lsr=2110&sy=2020&sortoption=&txtsessionyear=2020,ocd-bill/8c6ea478-0fd7-4bb8-8f62-72fbb18783ea
9185e91c-b3ed-40de-8c89-ebe69dca3869,,http://www.gencourt.state.nh.us/bill_Status/bill_status.aspx?lsr=2488&sy=2020&sortoption=&txtsessionyear=2020,ocd-bill/32275c34-d439-4fb4-90fc-d19cf37c49ea
80cf565e-a0c5-45c7-9bb1-d5d19bcb2876,,http://www.gencourt.state.nh.us/bill_Status/bill_status.aspx?lsr=2439&sy=2020&sortoption=&txtsessionyear=2020,ocd-bill/94189774-c30e-4556-8dab-7baf3b648788
30be1f29-bb15-4c1f-b420-5c7ea8b205b2,,http://www.gencourt.state.nh.us/bill_Status/bill_status.aspx?lsr=2138&sy=2020&sortoption=&txtsessionyear=2020,ocd-bill/b1e5847d-cc29-4fb9-bdb1-48145d6b955b
3a90c4a9-b189-4bf3-a7a0-4232628d315d,,http://www.gencourt.state.nh.us/bill_Status/bill_status.aspx?lsr=2535&sy=2020&sortoption=&txtsessionyear=2020,ocd-bill/96137bf0-4a9c-40f7-8f8b-89bcef57a8af
7fb595ae-a9cd-4735-b28a-e50f7d059c91,,http://www.gencourt.state.nh.us/bill_Status/bill_status.aspx?lsr=2280&sy=2020&sortoption=&txtsessionyear=2020,ocd-bill/607efd3e-b2ea-4e9d-a713-916306aad80f
0438f332-5a94-4ff6-a5c3-4296037350e3,,http://www.gencourt.state.nh.us/bill_Status/bill_status.aspx?lsr=3125&sy=2020&sortoption=&txtsessionyear=2020,ocd-bill/2d68587d-6ef2-4247-b55e-efea5ef05886
41866352-feb0-48e0-917d-b0fdd2d3ab04,,http://www.gencourt.state.nh.us/bill_Status/bill_status.aspx?lsr=2968&sy=2020&sortoption=&txtsessionyear=2020,ocd-bill/fe807732-acb3-44e2-88b5-829905e2d1a2
a7231c5c-7162-4b3b-af9e-b8e5e74a9f2a,,http://www.gencourt.state.nh.us/bill_Status/bill_status.aspx?lsr=2404&sy=2020&sortoption=&txtsessionyear=2020,ocd-bill/1feaa382-9a5a-42ad-a77b-6c0ad0b34c0c
0e2f8c91-1fba-4051-bf13-47ad466c7fad,,http://www.gencourt.state.nh.us/bill_Status/bill_status.aspx?lsr=2675&sy=2020&sortoption=&txtsessionyear=2020,ocd-bill/a0d2830d-75bb-4049-b320-129532d66096
d31deb31-ff45-4179-a64a-e49df9576e58,,http://www.gencourt.state.nh.us/bill_Status/bill_status.aspx?lsr=2435&sy=2020&sortoption=&txtsessionyear=2020,ocd-bill/b95acb90-2729-451b-84e8-24ee06b73364
a20bdeae-4e0e-46c3-bc31-4c0e5f1e21dd,,http://www.gencourt.state.nh.us/bill_Status/bill_status.aspx?lsr=2087&sy=2020&sortoption=&txtsessionyear=2020,ocd-bill/ca11295a-ef11-4835-b6fa-d4eebb544ddf
cc7074e6-a9d1-47a9-9388-b8febcd03e31,,http://www.gencourt.state.nh.us/bill_Status/bill_status.aspx?lsr=2644&sy=2020&sortoption=&txtsessionyear=2020,ocd-bill/6f76342b-52c2-4e66-acd5-45dafa458783
6c8a3925-2b54-449c-b596-e7481c8cdfbc,,http://www.gencourt.state.nh.us/bill_Status/bill_status.aspx?lsr=2367&sy=2020&sortoption=&txtsessionyear=2020,ocd-bill/6fce0766-5692-449a-ad31-e0b602984366
e947d468-7ca1-4d7e-bce2-045c518a4132,,http://www.gencourt.state.nh.us/bill_Status/bill_status.aspx?lsr=2615&sy=2020&sortoption=&txtsessionyear=2020,ocd-bill/a42fca29-7a21-47d3-980a-9e772e19d6a6
29b567bb-3fc0-44a0-a150-551404aa0f6c,,http://www.gencourt.state.nh.us/bill_Status/bill_status.aspx?lsr=2975&sy=2020&sortoption=&txtsessionyear=2020,ocd-bill/cc9bb0ed-09ae-4d76-a123-7c7d9177446d
7360620e-c5b6-4810-a6c6-729bcd5f3add,,http://www.gencourt.state.nh.us/bill_Status/bill_status.aspx?lsr=2625&sy=2020&sortoption=&txtsessionyear=2020,ocd-bill/f5a5ca89-f6b3-4cc8-b275-4fdd40ceece1
b8898537-f27f-4505-b4de-f2e97d4e1579,,http://www.gencourt.state.nh.us/bill_Status/bill_status.aspx?lsr=2660&sy=2020&sortoption=&txtsessionyear=2020,ocd-bill/1b32f6e8-fe6b-43f7-aecf-31555135876a
595fbf46-ce2d-4c70-871c-334dc9f278ce,,http://www.gencourt.state.nh.us/bill_Status/bill_status.aspx?lsr=2782&sy=2020&sortoption=&txtsessionyear=2020,ocd-bill/6fb118c3-9f84-485c-b86a-adf1d436671d
be424421-0235-4715-baf4-2bfdc3b90f87,,http://www.gencourt.state.nh.us/bill_Status/bill_status.aspx?lsr=2860&sy=2020&sortoption=&txtsessionyear=2020,ocd-bill/ebede996-d41c-4c50-945c-ad5126f81b13
71a9a390-4304-4a3c-a1fc-82cabff3a573,,http://www.gencourt.state.nh.us/bill_Status/bill_status.aspx?lsr=2841&sy=2020&sortoption=&txtsessionyear=2020,ocd-bill/bfece370-434d-4a92-b0e0-edf9378374c0
7473270c-f0f9-45ca-a1a9-2cdbfb437192,,http://www.gencourt.state.nh.us/bill_Status/bill_status.aspx?lsr=2685&sy=2020&sortoption=&txtsessionyear=2020,ocd-bill/958a9c91-ea05-4574-b807-ba359e2a409a
2c6ffc38-901a-459d-b085-e251d605962e,,http://www.gencourt.state.nh.us/bill_Status/bill_status.aspx?lsr=2529&sy=2020&sortoption=&txtsessionyear=2020,ocd-bill/c3d8388b-405e-4777-8287-2f2c74b9c6ca
fd840669-7446-4306-945d-c80cb5f8e8b3,,http://www.gencourt.state.nh.us/bill_Status/bill_status.aspx?lsr=2192&sy=2020&sortoption=&txtsessionyear=2020,ocd-bill/815a674c-086c-4a8c-aff3-8b2352d9dcff
a9c40bc8-709b-47b7-bb60-912ffa7624fe,,http://www.gencourt.state.nh.us/bill_Status/bill_status.aspx?lsr=2953&sy=2020&sortoption=&txtsessionyear=2020,ocd-bill/9eeb2b8d-1e34-41d6-8180-14921c946392
3bba21bb-06b2-4bc9-9938-bb188e073658,,http://www.gencourt.state.nh.us/bill_Status/bill_status.aspx?lsr=2271&sy=2020&sortoption=&txtsessionyear=2020,ocd-bill/e559d5db-ba63-4ac9-b19f-07ccc6185e26
ec60d9bb-2945-4f7e-b7f5-5e45bc14a652,,http://www.gencourt.state.nh.us/bill_Status/bill_status.aspx?lsr=2338&sy=2020&sortoption=&txtsessionyear=2020,ocd-bill/ce1273e6-b40c-43cc-9e74-78d8e110ea05
59df71b6-d95d-48af-ae7f-063de3ea82f3,,http://www.gencourt.state.nh.us/bill_Status/bill_status.aspx?lsr=2174&sy=2020&sortoption=&txtsessionyear=2020,ocd-bill/13b195c1-8b5f-4ab6-8840-dbcb34b83ad7
7bd977b0-8ad3-4095-9fb0-1a0ea8217309,,http://www.gencourt.state.nh.us/bill_Status/bill_status.aspx?lsr=2743&sy=2020&sortoption=&txtsessionyear=2020,ocd-bill/bf7df33a-3a11-4200-b692-563acdb646d0
c7dc680c-3226-47cc-8401-14a857791d34,,http://www.gencourt.state.nh.us/bill_Status/bill_status.aspx?lsr=2992&sy=2020&sortoption=&txtsessionyear=2020,ocd-bill/55ad526b-b8ba-4263-a87b-2c0a7553cf19
a9a135bf-d672-4571-849e-f28f7d969e8d,,http://www.gencourt.state.nh.us/bill_Status/bill_status.aspx?lsr=2153&sy=2020&sortoption=&txtsessionyear=2020,ocd-bill/cb359aac-b7cb-4f25-bc2f-11da4eeb62cd
733d97cd-6ecb-439c-af4e-6c78a400ae1e,,http://www.gencourt.state.nh.us/bill_Status/bill_status.aspx?lsr=2875&sy=2020&sortoption=&txtsessionyear=2020,ocd-bill/c458a8c6-b1f1-4849-92f5-0c21725402f1
f66c739d-65db-483f-a949-7ae799d2837a,,http://www.gencourt.state.nh.us/bill_Status/bill_status.aspx?lsr=2232&sy=2020&sortoption=&txtsessionyear=2020,ocd-bill/ba7b87ed-94d3-4015-b17b-1368c4311be2
91381637-e6af-48e6-924b-cc88b4d710e8,,http://www.gencourt.state.nh.us/bill_Status/bill_status.aspx?lsr=2093&sy=2020&sortoption=&txtsessionyear=2020,ocd-bill/26d1f381-4a76-44e1-a278-2aab14286dbd
a9b964d0-ac9b-4809-b545-ebf526f36701,,http://www.gencourt.state.nh.us/bill_Status/bill_status.aspx?lsr=2042&sy=2020&sortoption=&txtsessionyear=2020,ocd-bill/f14d99f5-5577-425f-b0c6-6a8048d21e0a
07ce437e-0854-48ad-a2a2-9b9cc20059f3,,http://www.gencourt.state.nh.us/bill_Status/bill_status.aspx?lsr=2453&sy=2020&sortoption=&txtsessionyear=2020,ocd-bill/3f5aa826-829c-47c5-820f-c7b8b6f54f29
9f4a8baa-0ac9-4e95-a512-ee178a38c248,,http://www.gencourt.state.nh.us/bill_Status/bill_status.aspx?lsr=2382&sy=2020&sortoption=&txtsessionyear=2020,ocd-bill/f340ce91-648d-47c3-a021-c20e1173f1e9
8cd064d0-748e-4ec8-b4a5-fb6bd59f6c99,,http://www.gencourt.state.nh.us/bill_Status/bill_status.aspx?lsr=3020&sy=2020&sortoption=&txtsessionyear=2020,ocd-bill/8bb4a925-8bce-40e8-b014-9bda6991d559
37ba9bcc-bc9d-45da-aa29-f8e50e39959e,,http://www.gencourt.state.nh.us/bill_Status/bill_status.aspx?lsr=3119&sy=2020&sortoption=&txtsessionyear=2020,ocd-bill/5de9ebad-33ca-4d73-ac91-a050027868fb
7a29c8f2-9af1-4c94-b2b0-e5f78d76fbf7,,http://www.gencourt.state.nh.us/bill_Status/bill_status.aspx?lsr=1065&sy=2020&sortoption=&txtsessionyear=2020,ocd-bill/a0a185ba-480d-44b2-886c-8f81f49266d8
981b853e-c8c2-4399-a220-6a0d7d43ab96,,http://www.gencourt.state.nh.us/bill_Status/bill_status.aspx?lsr=2869&sy=2020&sortoption=&txtsessionyear=2020,ocd-bill/50311460-ee57-41ca-ae9c-4a3bc34d9a1d
dc32b4c3-8974-43e0-a79f-68f2d0fabadd,,http://www.gencourt.state.nh.us/bill_Status/bill_status.aspx?lsr=2603&sy=2020&sortoption=&txtsessionyear=2020,ocd-bill/fb1d2ded-50dd-475e-a228-dbac5b9cb160
2773bd78-78e9-467c-8534-f05c91f9c945,,http://www.gencourt.state.nh.us/bill_Status/bill_status.aspx?lsr=2151&sy=2020&sortoption=&txtsessionyear=2020,ocd-bill/31cb62eb-2acc-403c-a9b7-183056421399
8b58fe1e-3114-4a70-a2f0-b6f0fcfd584b,,http://www.gencourt.state.nh.us/bill_Status/bill_status.aspx?lsr=2683&sy=2020&sortoption=&txtsessionyear=2020,ocd-bill/636c08f1-fe28-47dd-806e-980cd353f0d6
102dbe94-afab-4b28-acab-b6026fde8d69,,http://www.gencourt.state.nh.us/bill_Status/bill_status.aspx?lsr=2868&sy=2020&sortoption=&txtsessionyear=2020,ocd-bill/63ad71bd-a757-46d1-8261-dd46fdf35e00
5915c817-8350-4fd1-8e88-319f71d3283d,,http://www.gencourt.state.nh.us/bill_Status/bill_status.aspx?lsr=3080&sy=2020&sortoption=&txtsessionyear=2020,ocd-bill/bf8d89c6-375a-4fdf-9d18-592af7346c13
71d24702-5303-4413-8658-de1104cb33ba,,http://www.gencourt.state.nh.us/bill_Status/bill_status.aspx?lsr=2359&sy=2020&sortoption=&txtsessionyear=2020,ocd-bill/faeb13b6-e73e-4c03-987f-ffb6294b2648
d2764e9d-affb-46df-aeb8-8fcb3c9cd9d4,,http://www.gencourt.state.nh.us/bill_Status/bill_status.aspx?lsr=2307&sy=2020&sortoption=&txtsessionyear=2020,ocd-bill/0d10e0bf-583a-4974-b5fb-334dadac3193
8bb89bcb-d09b-4c96-9e61-090ae9a4ee3b,,http://www.gencourt.state.nh.us/bill_Status/bill_status.aspx?lsr=3041&sy=2020&sortoption=&txtsessionyear=2020,ocd-bill/1c498d74-1dd8-474f-a59c-d5e13b4b5852
663af8b4-dba8-4450-bd26-86c6e9707627,,http://www.gencourt.state.nh.us/bill_Status/bill_status.aspx?lsr=2024&sy=2020&sortoption=&txtsessionyear=2020,ocd-bill/e05293f2-7b5a-4369-b87c-b9f979d91a37
f58fc7f8-96a8-4f0d-9130-1fa4a1a4c48a,,http://www.gencourt.state.nh.us/bill_Status/bill_status.aspx?lsr=2849&sy=2020&sortoption=&txtsessionyear=2020,ocd-bill/518dfb76-0c2f-4adf-8182-480eb3261938
ccbadaa1-4e29-4c16-ac81-c030f4cc878f,,http://www.gencourt.state.nh.us/bill_Status/bill_status.aspx?lsr=2476&sy=2020&sortoption=&txtsessionyear=2020,ocd-bill/34846736-1fba-4272-8be9-810a514ccf2e
