id,name,entity_type,organization_id,person_id,bill_id,primary,classification
0340e19e-98e5-4546-839c-3ef72cb721f0,Howard C. Pearl,person,,ocd-person/c4122c6a-ed23-492e-b813-59a0fed1ec86,ocd-bill/ad017e48-71b8-4eb8-aa05-c6eaec343369,False,cosponsor
36b6571a-d4b5-422c-9f06-689e0b3da7c1,William M. Marsh,person,,ocd-person/22006937-f2ca-4a2e-b92a-457777933dc7,ocd-bill/ad017e48-71b8-4eb8-aa05-c6eaec343369,False,cosponsor
b9e48a3a-5faa-40fe-a976-8e9b27c39b42,Timothy P. Lang,person,,ocd-person/85064309-421e-4611-a6c5-800234db68fb,ocd-bill/ad017e48-71b8-4eb8-aa05-c6eaec343369,True,primary
b1bd128f-9013-41ba-97a5-e37969ab4273,Reed A. Panasiti,person,,ocd-person/7a82814e-ffd2-4af0-b9b7-01d52a0492b0,ocd-bill/ad017e48-71b8-4eb8-aa05-c6eaec343369,False,cosponsor
6620f5e0-d6be-4242-a7e3-10ae32db64a8,Lynne M. Ober,person,,ocd-person/e1ff7dcf-ec5f-42ab-a7c2-81092820a3ae,ocd-bill/ad017e48-71b8-4eb8-aa05-c6eaec343369,False,cosponsor
e6a660e7-1f1d-4de2-bab4-2fe7a23fdf0b,Scott Wallace,person,,ocd-person/bee58371-5d5b-496a-9d1c-b38c5ae8ed06,ocd-bill/5482e215-fe7c-4141-a53e-a4844327c4ca,False,cosponsor
5cb9b145-0e78-4231-ab18-f78fac5c682e,Al P. Baldasaro,person,,ocd-person/3807f9c1-b590-4496-8a1e-b0ff84ba592d,ocd-bill/5482e215-fe7c-4141-a53e-a4844327c4ca,True,primary
6198b083-fc36-46f2-a7f7-e70c5e8c8175,Arthur S. Ellison,person,,ocd-person/677500cb-eb95-4ad1-b3f5-02894c28e369,ocd-bill/64cf26db-9ab6-476a-b685-45da96be3a24,False,cosponsor
720c2f00-eece-4f09-ab06-cc6ea15a2649,Martha S. Hennessey,person,,ocd-person/f2700034-7f3d-4834-bb66-b848a7ca748a,ocd-bill/64cf26db-9ab6-476a-b685-45da96be3a24,False,cosponsor
4dff4234-acb3-4485-b462-0979684884db,Ellen D. Read,person,,ocd-person/77304532-17fb-4b2c-aed6-213a435e4a46,ocd-bill/64cf26db-9ab6-476a-b685-45da96be3a24,True,primary
d28a0559-dc09-40f2-b735-95fcbbdbb104,David J. Luneau,person,,ocd-person/c3c9bb99-9512-4bec-be04-d8b29ea96f3e,ocd-bill/64cf26db-9ab6-476a-b685-45da96be3a24,False,cosponsor
da2d9db3-de6d-4f5d-80c7-ec823dfa7dee,Patrick F. Abrami,person,,ocd-person/0327f85d-1b5a-4218-a97f-f393a965d64b,ocd-bill/64cf26db-9ab6-476a-b685-45da96be3a24,False,cosponsor
f9d9c814-1fc2-4728-a26f-7c20a4f28fd5,John Reagan,person,,ocd-person/f516d40a-3676-4437-8285-a931d7c2885b,ocd-bill/64cf26db-9ab6-476a-b685-45da96be3a24,False,cosponsor
c0731977-35ae-4241-aecc-a44ba1deb66f,Jeb Bradley,person,,ocd-person/3f5455e8-256e-4442-9c13-bc14f62ce76f,ocd-bill/64cf26db-9ab6-476a-b685-45da96be3a24,False,cosponsor
c7d8f74e-af82-4f8c-94df-b1907939f318,Martha Fuller Clark,person,,ocd-person/823e56cb-5c51-4a09-b060-93cdb7f7ac25,ocd-bill/64cf26db-9ab6-476a-b685-45da96be3a24,False,cosponsor
3e619fb1-5f23-4f89-8c68-9ea123b46987,Judy F. Aron,person,,ocd-person/533fb85c-c4f0-41f3-9bc6-8b1c422a9693,ocd-bill/29514fc1-0388-4387-aa5c-c0d16aa85ad5,False,cosponsor
59da895d-c01c-42bd-84a7-5d14577a2bb9,Howard C. Pearl,person,,ocd-person/c4122c6a-ed23-492e-b813-59a0fed1ec86,ocd-bill/29514fc1-0388-4387-aa5c-c0d16aa85ad5,True,primary
5e47b64c-127d-4df9-8157-ca86a2ce05fc,Michael D. Harrington,person,,ocd-person/21e95dbc-c226-4f4a-9fa2-8f5b374d0a98,ocd-bill/28405965-f284-4f85-bdf0-7fd44ed4abab,True,primary
4faafbc1-020c-4f03-83ee-09e680603584,Latha D. Mangipudi,person,,ocd-person/4f71f9e1-ce78-46d3-9665-00dd404a0f1b,ocd-bill/28405965-f284-4f85-bdf0-7fd44ed4abab,False,cosponsor
4839f708-147d-468f-89e1-408b26d206c9,Melanie Levesque,person,,ocd-person/282926cd-63f0-4ac4-ad16-5e96eb1c4e0b,ocd-bill/11671e32-7a9c-4e46-ab7f-64f74c7233b2,False,cosponsor
e94d3e2f-2674-44f0-92ed-aff8c046e187,Laura D. Telerski,person,,ocd-person/ac414b7c-45dc-48b6-9530-eaa8e80b124f,ocd-bill/11671e32-7a9c-4e46-ab7f-64f74c7233b2,False,cosponsor
331e1932-68a7-4453-96f4-49da1f41dcae,Martha S. Hennessey,person,,ocd-person/f2700034-7f3d-4834-bb66-b848a7ca748a,ocd-bill/11671e32-7a9c-4e46-ab7f-64f74c7233b2,False,cosponsor
c3b72a15-11c3-4178-9d24-48469ce80815,David H Watters,person,,ocd-person/cf24defe-6df3-49f3-88ca-c6774b144f19,ocd-bill/11671e32-7a9c-4e46-ab7f-64f74c7233b2,True,primary
ae6fdd8a-dae9-4a93-9300-38970b6299f3,Jon Morgan,person,,ocd-person/f169c82a-7120-4d67-85d4-d5ff21cd44ef,ocd-bill/7260e5ad-65e8-47cf-ac08-1072741037ae,True,primary
b76daf4d-419e-4079-8daf-85518703e08e,James P. Gray,person,,ocd-person/e6443187-eb51-42eb-8bd7-349ed0ba9641,ocd-bill/7260e5ad-65e8-47cf-ac08-1072741037ae,False,cosponsor
12d750e2-1579-476d-a1a2-1a6a17e46d3b,Martha Fuller Clark,person,,ocd-person/823e56cb-5c51-4a09-b060-93cdb7f7ac25,ocd-bill/7260e5ad-65e8-47cf-ac08-1072741037ae,False,cosponsor
879414b8-28a1-4eb8-9a55-75cef301d456,Kevin Cavanaugh,person,,ocd-person/7fb2bb33-cbdb-4dfd-9369-64f19f179777,ocd-bill/63486cb6-e16a-4b0d-9a48-c2830f5b594a,True,primary
8f3e312f-9658-4aa7-8f0a-27a5b81e3c15,Donna M. Soucy,person,,ocd-person/bfbbacfd-e12a-4e07-970e-c2c2c006f4a2,ocd-bill/63486cb6-e16a-4b0d-9a48-c2830f5b594a,False,cosponsor
f01d592f-7a4c-4a50-bfdc-d24937c5aafe,Dennis M. Ruprecht,person,,ocd-person/4aad7fb1-f234-412e-9252-3cdba3896cdb,ocd-bill/e9b2280a-a34d-49e8-bc72-b0168d508a7f,False,cosponsor
129359b9-cf07-4ddf-a2cf-4679b7111e44,Bob J. Giuda,person,,ocd-person/7739a4d0-534e-4bdb-b7fb-6a8f348e833e,ocd-bill/e9b2280a-a34d-49e8-bc72-b0168d508a7f,True,primary
0bf3036e-dcca-418a-9836-a516441dd360,Rick M. Ladd,person,,ocd-person/1bd6c569-f2dd-4670-bf82-ef3ea4b15960,ocd-bill/e9b2280a-a34d-49e8-bc72-b0168d508a7f,False,cosponsor
7f428230-4f5b-4bf1-bd7d-178f68f26c2a,Jon Morgan,person,,ocd-person/f169c82a-7120-4d67-85d4-d5ff21cd44ef,ocd-bill/97559c80-2589-4e37-b97a-c47b1ef1d27c,False,cosponsor
8ce757b4-6752-4348-b634-7906c09c1b3b,Jay Kahn,person,,ocd-person/998e681b-6df1-4b4a-92db-7a2187cedcd8,ocd-bill/97559c80-2589-4e37-b97a-c47b1ef1d27c,True,primary
c4029e85-6561-4002-b8ff-30bd894df114,David J. Luneau,person,,ocd-person/c3c9bb99-9512-4bec-be04-d8b29ea96f3e,ocd-bill/97559c80-2589-4e37-b97a-c47b1ef1d27c,False,cosponsor
bc21aa76-ae45-41c8-bda6-3c53885f5018,Mary Heath,person,,ocd-person/03bba97f-9b7c-4c33-adb7-e5202a6bd040,ocd-bill/97559c80-2589-4e37-b97a-c47b1ef1d27c,False,cosponsor
d5de1935-39b6-4eb8-835e-3f1837fb5d92,David H Watters,person,,ocd-person/cf24defe-6df3-49f3-88ca-c6774b144f19,ocd-bill/97559c80-2589-4e37-b97a-c47b1ef1d27c,False,cosponsor
41b9bf6a-92b8-42a7-bf09-3390109d9815,Martha Fuller Clark,person,,ocd-person/823e56cb-5c51-4a09-b060-93cdb7f7ac25,ocd-bill/97559c80-2589-4e37-b97a-c47b1ef1d27c,False,cosponsor
33505dbf-72d3-4017-8987-a297b73b6687,Cam E. Kenney,person,,ocd-person/9f35ea7b-b937-4b06-8be5-5cfbc83381e1,ocd-bill/ea284087-cd3c-44e9-8e11-b44fe06cd8ec,False,cosponsor
e055d459-6740-44a6-8a0c-730096addc55,Jay Kahn,person,,ocd-person/998e681b-6df1-4b4a-92db-7a2187cedcd8,ocd-bill/ea284087-cd3c-44e9-8e11-b44fe06cd8ec,False,cosponsor
fc0e1aab-2d5e-4cb4-badc-7e3bd6b4e05b,Martha S. Hennessey,person,,ocd-person/f2700034-7f3d-4834-bb66-b848a7ca748a,ocd-bill/ea284087-cd3c-44e9-8e11-b44fe06cd8ec,False,cosponsor
be2d8f6d-53d9-43ab-852c-13117e3d822c,Ellen D. Read,person,,ocd-person/77304532-17fb-4b2c-aed6-213a435e4a46,ocd-bill/ea284087-cd3c-44e9-8e11-b44fe06cd8ec,False,cosponsor
9e1b2643-e87d-49b8-ad52-190b8056d613,Dan Feltes,person,,ocd-person/e97501d7-4bef-403f-8d48-9fcecc980cf5,ocd-bill/ea284087-cd3c-44e9-8e11-b44fe06cd8ec,False,cosponsor
a250a345-9c19-4c5f-86dd-04301cf93904,David H Watters,person,,ocd-person/cf24defe-6df3-49f3-88ca-c6774b144f19,ocd-bill/ea284087-cd3c-44e9-8e11-b44fe06cd8ec,True,primary
447cc5e3-6a11-4daa-816c-9515bb35ebed,Julie D. Gilman,person,,ocd-person/77ca15e6-ebe1-4ef5-8bc9-ed3dff861f38,ocd-bill/907f2253-a187-4ff5-baa9-a4691408cef0,True,primary
b802f02f-57f5-4ad7-822f-4abd93f325a2,Marjorie A. Porter,person,,ocd-person/0999b615-be84-4309-b4ca-68261c1155ab,ocd-bill/907f2253-a187-4ff5-baa9-a4691408cef0,False,cosponsor
bf1cd507-c11f-4c31-81ae-d6e2bf2df9f8,Matthew B. Wilhelm,person,,ocd-person/61d2e8f3-f2b9-4357-81af-fe982ee1821f,ocd-bill/8a854b07-b645-4dbe-97a8-eba482376300,False,cosponsor
6226f030-445f-4833-9a43-65a55e885c00,Craig R. Thompson,person,,ocd-person/5295b45f-d39a-4375-9aff-3b5b1603fa2d,ocd-bill/8a854b07-b645-4dbe-97a8-eba482376300,True,primary
f4c52b80-466c-44a0-b380-38960802a705,Lee Walker Oxenham,person,,ocd-person/f3fb87b7-7fb5-432a-9fb2-bd15170f1275,ocd-bill/8a854b07-b645-4dbe-97a8-eba482376300,False,cosponsor
53a1b8d3-6e02-492d-821e-78d5ad7c9989,Sharon L. Nordgren,person,,ocd-person/21d388d8-9203-4ffb-a4f5-66f843484349,ocd-bill/ef26c7c0-21ac-43ab-b3ca-8edbd148fd55,False,cosponsor
f18aa9a0-f51c-4be9-88ee-228637b3dbc7,Mary Jane Wallner,person,,ocd-person/0e6f806c-ba57-4dc6-b6b4-f2a926288ca3,ocd-bill/ef26c7c0-21ac-43ab-b3ca-8edbd148fd55,True,primary
590fdf46-42ec-4a25-9203-8cfad390636f,Nicole Klein-Knight,person,,ocd-person/f91f87c5-d22a-48b7-ac4a-c2519d086ec7,ocd-bill/815af0f4-d7de-4d61-9bb2-07f6cb2f4a9d,False,cosponsor
bae6abae-47ae-4b18-8f08-966671dce666,Harold F. French,person,,ocd-person/ff11da65-174b-4fdc-b33c-e5d6d56602f0,ocd-bill/815af0f4-d7de-4d61-9bb2-07f6cb2f4a9d,False,cosponsor
f4551fac-563c-41e7-8ac3-d4720a892603,David C. Lundgren,person,,ocd-person/4e9bb139-f952-4fda-bce1-f1bb16c585e3,ocd-bill/815af0f4-d7de-4d61-9bb2-07f6cb2f4a9d,False,cosponsor
98b41d48-8d04-42b2-ae36-268b72d2e83a,Charles E. McMahon,person,,ocd-person/28d59199-5bae-46fe-99f3-ec78e330cdeb,ocd-bill/815af0f4-d7de-4d61-9bb2-07f6cb2f4a9d,False,cosponsor
7db43c97-3ee9-440a-82af-0c65408cbf46,Jeb Bradley,person,,ocd-person/3f5455e8-256e-4442-9c13-bc14f62ce76f,ocd-bill/815af0f4-d7de-4d61-9bb2-07f6cb2f4a9d,False,cosponsor
35800b98-cb3e-4615-b7f2-8c7968b03c8a,Sharon M Carson,person,,ocd-person/00964fc0-dd57-44c3-87bf-b6d5bbc34560,ocd-bill/815af0f4-d7de-4d61-9bb2-07f6cb2f4a9d,True,primary
5c444764-1de9-40fd-81e9-d47c8d851f3e,Ruth Ward,person,,ocd-person/9089a509-1f26-4770-adc6-199ed716e692,ocd-bill/d49c5efe-2b83-4903-a400-65c7849d4908,False,cosponsor
02b9d2bb-4a34-49ca-98df-4d51f227d3da,Regina Birdsell,person,,ocd-person/461c9024-c8c3-44a5-91d6-015a6587db5f,ocd-bill/d49c5efe-2b83-4903-a400-65c7849d4908,True,primary
135c2043-7894-4fcd-ac7f-6eec6b8df424,David H Watters,person,,ocd-person/cf24defe-6df3-49f3-88ca-c6774b144f19,ocd-bill/d49c5efe-2b83-4903-a400-65c7849d4908,False,cosponsor
972086d0-b164-476d-80a1-0a4f226b238f,Skip J. Cleaver,person,,ocd-person/6edff50b-8390-4046-a376-214136ea64d9,ocd-bill/cdce4a7e-fcdd-45d2-ae12-adad53f3de7f,True,primary
ad15f67d-b758-4504-8adf-af1c5fb0e0da,Mary Jane Mulligan,person,,ocd-person/2eda7ff0-af84-4ad3-a72c-ea7c37e46877,ocd-bill/cdce4a7e-fcdd-45d2-ae12-adad53f3de7f,False,cosponsor
05312661-5751-417a-892c-f2f324da93ff,Jerry L. Knirk,person,,ocd-person/ce0bd184-d264-46d8-87fc-f2590e2a1ed1,ocd-bill/cdce4a7e-fcdd-45d2-ae12-adad53f3de7f,False,cosponsor
51ce6492-934e-42fa-9452-63b233a715c1,Suzanne M. Vail,person,,ocd-person/ce985799-268d-4190-b078-955fc63a8c3c,ocd-bill/cdce4a7e-fcdd-45d2-ae12-adad53f3de7f,False,cosponsor
89b0506c-2f3a-4cde-8ea1-b6211650512f,Patrick T. Long,person,,ocd-person/14d0ff58-3340-4344-bb79-c6acd5f8ba6c,ocd-bill/5a6f68ee-a7e6-4612-9a4f-7e6bc53c7795,True,primary
2b6536b5-26bc-4148-a77e-519bfb8959b7,Jon Morgan,person,,ocd-person/f169c82a-7120-4d67-85d4-d5ff21cd44ef,ocd-bill/7a7421c6-22ea-4e57-8bcd-80d4114d3f57,True,primary
4d5b235f-2d48-47c1-824a-7328bc532522,Tom Sherman,person,,ocd-person/ee95d0de-e55e-4733-ba97-0fde66adf65c,ocd-bill/7a7421c6-22ea-4e57-8bcd-80d4114d3f57,False,cosponsor
86354fb9-33ac-438a-b01c-cbf06f7c719c,Kevin Cavanaugh,person,,ocd-person/7fb2bb33-cbdb-4dfd-9369-64f19f179777,ocd-bill/7a7421c6-22ea-4e57-8bcd-80d4114d3f57,False,cosponsor
be0efe3c-a723-4b7d-b90f-ce13059f9198,Martha S. Hennessey,person,,ocd-person/f2700034-7f3d-4834-bb66-b848a7ca748a,ocd-bill/7a7421c6-22ea-4e57-8bcd-80d4114d3f57,False,cosponsor
504d5920-db2a-438d-aa0b-acffad91f8aa,Cam E. Kenney,person,,ocd-person/9f35ea7b-b937-4b06-8be5-5cfbc83381e1,ocd-bill/e1fe6f30-24e6-4595-9de4-f4d33ef4fdc6,False,cosponsor
6c35c688-26ca-4cb9-8aab-0e70ab2c6261,Ryan T. Buchanan,person,,ocd-person/42b0e59a-b71a-46ce-b761-72bc99239941,ocd-bill/e1fe6f30-24e6-4595-9de4-f4d33ef4fdc6,False,cosponsor
520a5fa4-c9cd-4318-9431-b978300c638f,Ellen D. Read,person,,ocd-person/77304532-17fb-4b2c-aed6-213a435e4a46,ocd-bill/e1fe6f30-24e6-4595-9de4-f4d33ef4fdc6,True,primary
478d2224-1229-44d8-8ca5-359cef5f6262,Martha Fuller Clark,person,,ocd-person/823e56cb-5c51-4a09-b060-93cdb7f7ac25,ocd-bill/e1fe6f30-24e6-4595-9de4-f4d33ef4fdc6,False,cosponsor
91906f20-e247-40a6-9368-2594515a0031,Joe H. Alexander,person,,ocd-person/e7800d58-1019-4aff-8d1a-22faba9d3e23,ocd-bill/e97b038a-ff5f-44c2-a438-5d9d5c534ab1,False,cosponsor
a5fccf25-2f3d-4571-9f19-c36e22ec8f22,Harold F. French,person,,ocd-person/ff11da65-174b-4fdc-b33c-e5d6d56602f0,ocd-bill/e97b038a-ff5f-44c2-a438-5d9d5c534ab1,False,cosponsor
1ec68bc1-2f03-449a-acde-1ed5b653bc0f,James P. Gray,person,,ocd-person/e6443187-eb51-42eb-8bd7-349ed0ba9641,ocd-bill/e97b038a-ff5f-44c2-a438-5d9d5c534ab1,False,cosponsor
276e04f3-6eb5-4515-a32f-a6cc089e98c1,Regina Birdsell,person,,ocd-person/461c9024-c8c3-44a5-91d6-015a6587db5f,ocd-bill/e97b038a-ff5f-44c2-a438-5d9d5c534ab1,False,cosponsor
963dce54-ab61-4c8b-b8d8-3a704b3c162f,Peter B. Schmidt,person,,ocd-person/16654889-3b48-44d6-a6d3-8da5d7a434f1,ocd-bill/485a1a5f-fb5a-4f65-bef0-d1ec9448e2b9,True,primary
db12c0f7-d6d2-4ce8-8475-00a0f3c4c49f,Tom Sherman,person,,ocd-person/ee95d0de-e55e-4733-ba97-0fde66adf65c,ocd-bill/9fa1d942-bb15-41fe-a2f4-27a1edb38899,True,primary
54c3c6ca-77b0-41d1-a79b-48844e1d2917,James P. Gray,person,,ocd-person/e6443187-eb51-42eb-8bd7-349ed0ba9641,ocd-bill/9fa1d942-bb15-41fe-a2f4-27a1edb38899,False,cosponsor
f5f38e07-3e2e-4283-a9a3-04640d204546,Jeffrey C. Salloway,person,,ocd-person/ff3c9490-e187-451d-b600-ca895bfaf0b0,ocd-bill/9fa1d942-bb15-41fe-a2f4-27a1edb38899,False,cosponsor
b7ec29ec-c24a-4d70-8585-3a2a26eb0f5e,William M. Marsh,person,,ocd-person/22006937-f2ca-4a2e-b92a-457777933dc7,ocd-bill/9fa1d942-bb15-41fe-a2f4-27a1edb38899,False,cosponsor
50054958-8b2f-4a06-8890-4cdb23251bf3,Jeb Bradley,person,,ocd-person/3f5455e8-256e-4442-9c13-bc14f62ce76f,ocd-bill/9fa1d942-bb15-41fe-a2f4-27a1edb38899,False,cosponsor
5ec2d9f4-e318-4c9b-83c6-36a788412b3e,Troy E. Merner,person,,ocd-person/729664f2-12c4-4c70-82a5-fee852813a0c,ocd-bill/53c8e979-4d4b-44bf-9c19-956105d09cac,False,cosponsor
57f7be6d-ff0c-45d4-9ee2-13a8b46bb25f,Robert A. Backus,person,,ocd-person/957f04df-63d1-4b88-b876-436a9cd17248,ocd-bill/53c8e979-4d4b-44bf-9c19-956105d09cac,False,cosponsor
56c34264-1960-473e-aec7-b61e9d52cdfa,David H Watters,person,,ocd-person/cf24defe-6df3-49f3-88ca-c6774b144f19,ocd-bill/53c8e979-4d4b-44bf-9c19-956105d09cac,False,cosponsor
fb0f1277-ccd4-4b28-bd4e-2ae129c71b4b,Jeb Bradley,person,,ocd-person/3f5455e8-256e-4442-9c13-bc14f62ce76f,ocd-bill/53c8e979-4d4b-44bf-9c19-956105d09cac,True,primary
895e9ba4-3220-41bc-8c3e-5383970f61dc,Martha Fuller Clark,person,,ocd-person/823e56cb-5c51-4a09-b060-93cdb7f7ac25,ocd-bill/53c8e979-4d4b-44bf-9c19-956105d09cac,False,cosponsor
e0e8544f-e9cc-4be0-9c8c-fd36b3383dcb,Cassandra N. Levesque,person,,ocd-person/711423e3-ff28-4150-8a89-ec568a4f2c5d,ocd-bill/a00dd780-d9a9-4a89-944c-42c4a4506ee9,False,cosponsor
aaf224b2-f9ae-4842-9820-388041ae2e88,Debra Altschiller,person,,ocd-person/925608b2-8d23-4186-85f6-4c50f334374d,ocd-bill/a00dd780-d9a9-4a89-944c-42c4a4506ee9,True,primary
b6076878-df6d-4e40-a6c6-dae9febe60e7,Ellen D. Read,person,,ocd-person/77304532-17fb-4b2c-aed6-213a435e4a46,ocd-bill/a00dd780-d9a9-4a89-944c-42c4a4506ee9,False,cosponsor
952b0403-8eed-4a07-af65-dcd6d39a7307,Betty I. Gay,person,,ocd-person/c2486401-1c5f-4cfc-b4ef-bbae6b8c0489,ocd-bill/a00dd780-d9a9-4a89-944c-42c4a4506ee9,False,cosponsor
9b8fbd20-78ac-4843-ab2f-c14deca19f4e,Dennis F. Acton,person,,ocd-person/b81591ca-1856-4807-ac66-283280ea12ba,ocd-bill/42e553c4-c7b8-41ea-b0c3-018eb9c48b95,False,cosponsor
2e4fc979-d896-4d00-86f3-6d7d9aca9947,Rebecca J. McWilliams,person,,ocd-person/39eb4d14-9ef3-4b1b-bcb6-a66f1aa97491,ocd-bill/42e553c4-c7b8-41ea-b0c3-018eb9c48b95,True,primary
c7d1dca5-b2db-491e-a3a5-768de8ba7c64,Samantha L. Fox,person,,ocd-person/7471e52d-b23c-4df4-b9c9-b7c3751ea3ce,ocd-bill/42e553c4-c7b8-41ea-b0c3-018eb9c48b95,False,cosponsor
4073bb7c-76c4-481f-a707-b715f28de5ab,Shannon E Chandley,person,,,ocd-bill/21f5a37e-2ab4-47f6-ae14-f2835c43f91b,False,cosponsor
52c78831-e649-40dc-ba5d-07f342a89eb6,William L. Fowler,person,,ocd-person/20bf5a41-2a66-4d24-bc34-aef873b488cb,ocd-bill/21f5a37e-2ab4-47f6-ae14-f2835c43f91b,False,cosponsor
43ecd7f3-cdce-4ae5-951f-e484a0cf37ad,Gary Merchant,person,,ocd-person/78078880-ab6f-4f87-b095-8b85c31f1780,ocd-bill/21f5a37e-2ab4-47f6-ae14-f2835c43f91b,False,cosponsor
82057498-b689-4e00-af27-a91e16038047,Tom J. Loughman,person,,ocd-person/49ec8a23-3fec-4d61-a917-be7780438d71,ocd-bill/21f5a37e-2ab4-47f6-ae14-f2835c43f91b,True,primary
ded684e9-c483-438d-9a8f-04ff628945db,Tom Sherman,person,,ocd-person/ee95d0de-e55e-4733-ba97-0fde66adf65c,ocd-bill/21f5a37e-2ab4-47f6-ae14-f2835c43f91b,False,cosponsor
208560b9-bd87-48a3-818e-c526ac99a0e4,Rebecca Susan McBeath,person,,ocd-person/e38b81bb-9bf6-4ace-bc4e-898732105d5d,ocd-bill/21f5a37e-2ab4-47f6-ae14-f2835c43f91b,False,cosponsor
76eb1a12-82fe-4389-8bfd-c0c10b181350,Jeb Bradley,person,,ocd-person/3f5455e8-256e-4442-9c13-bc14f62ce76f,ocd-bill/21f5a37e-2ab4-47f6-ae14-f2835c43f91b,False,cosponsor
87b126ce-1d96-4c31-bd1f-e8edc78613e0,Martha Fuller Clark,person,,ocd-person/823e56cb-5c51-4a09-b060-93cdb7f7ac25,ocd-bill/21f5a37e-2ab4-47f6-ae14-f2835c43f91b,False,cosponsor
95242576-46e6-4a8b-a6d4-41aa9ddc7390,Jeanne Dietsch,person,,ocd-person/8e7e0c04-e019-4ffe-a281-18beee5d939f,ocd-bill/bff641de-5ae1-4911-b978-9ce325fa324c,True,primary
a1539707-8a34-4b2f-8f36-44d3fe6078e1,Jay Kahn,person,,ocd-person/998e681b-6df1-4b4a-92db-7a2187cedcd8,ocd-bill/bff641de-5ae1-4911-b978-9ce325fa324c,False,cosponsor
73355cfe-1669-49d9-a2ca-4b1b5abef105,Linda L. Tanner,person,,ocd-person/950e6cfe-ff6c-49ed-a4c2-1e66e60c6315,ocd-bill/bff641de-5ae1-4911-b978-9ce325fa324c,False,cosponsor
d6ca09ce-2bed-49ea-8c79-808385f029de,Jon Morgan,person,,ocd-person/f169c82a-7120-4d67-85d4-d5ff21cd44ef,ocd-bill/d1a22217-2aa6-42f4-b15e-dc9c57c099b3,True,primary
8583d1dc-d171-4035-a6f6-ee0d5f869d80,Cindy Rosenwald,person,,ocd-person/f3e949ce-6d98-4826-bbca-08039cea4ea4,ocd-bill/d1a22217-2aa6-42f4-b15e-dc9c57c099b3,False,cosponsor
95c37c56-0c6c-4c85-9236-41fcd56406f6,Shannon E Chandley,person,,,ocd-bill/d1a22217-2aa6-42f4-b15e-dc9c57c099b3,False,cosponsor
25622714-ae0b-474f-b9b1-c69fbea343a7,Josh S. Yokela,person,,ocd-person/c96f9d7a-b859-4b37-8fdd-4097b21d3f2c,ocd-bill/d1a22217-2aa6-42f4-b15e-dc9c57c099b3,False,cosponsor
11e1e600-01f5-4838-83bf-3bdea0b62413,Tom Sherman,person,,ocd-person/ee95d0de-e55e-4733-ba97-0fde66adf65c,ocd-bill/d1a22217-2aa6-42f4-b15e-dc9c57c099b3,False,cosponsor
6166cfab-977b-4696-9dbe-9bb217a9f864,Kevin Cavanaugh,person,,ocd-person/7fb2bb33-cbdb-4dfd-9369-64f19f179777,ocd-bill/d1a22217-2aa6-42f4-b15e-dc9c57c099b3,False,cosponsor
4918d692-8829-45c6-9d62-2393c06b2991,Mark A. Pearson,person,,,ocd-bill/d1a22217-2aa6-42f4-b15e-dc9c57c099b3,False,cosponsor
dd497701-16b1-4e95-9b5a-6e9aba12a422,Harold F. French,person,,ocd-person/ff11da65-174b-4fdc-b33c-e5d6d56602f0,ocd-bill/d1a22217-2aa6-42f4-b15e-dc9c57c099b3,False,cosponsor
a1941115-e946-4fa2-aebc-922629189b06,James P. Gray,person,,ocd-person/e6443187-eb51-42eb-8bd7-349ed0ba9641,ocd-bill/d1a22217-2aa6-42f4-b15e-dc9c57c099b3,False,cosponsor
5f3445f9-20cf-4e6c-b15d-4b28c33d9dae,Liz A. McConnell,person,,ocd-person/7f652a56-cb6d-48f9-a3cd-c8b8fccd7077,ocd-bill/d1a22217-2aa6-42f4-b15e-dc9c57c099b3,False,cosponsor
476dc5aa-8393-4e70-a84a-91670125fa2d,Scott Wallace,person,,ocd-person/bee58371-5d5b-496a-9d1c-b38c5ae8ed06,ocd-bill/d1a22217-2aa6-42f4-b15e-dc9c57c099b3,False,cosponsor
394319a4-73f4-4664-8a2d-ecce3af3ce71,Kenneth L. Weyler,person,,ocd-person/e2f9dd7e-b221-4cf0-b7de-5daa70658669,ocd-bill/d1a22217-2aa6-42f4-b15e-dc9c57c099b3,False,cosponsor
8b4b0f6f-58f3-4f0a-b63a-5862909c7a35,David H Watters,person,,ocd-person/cf24defe-6df3-49f3-88ca-c6774b144f19,ocd-bill/d1a22217-2aa6-42f4-b15e-dc9c57c099b3,False,cosponsor
6601361d-9073-40f3-8429-555276fd37f0,Jeb Bradley,person,,ocd-person/3f5455e8-256e-4442-9c13-bc14f62ce76f,ocd-bill/d1a22217-2aa6-42f4-b15e-dc9c57c099b3,False,cosponsor
a8429f08-919c-4fc6-8712-94a9ad84efe0,Sharon M Carson,person,,ocd-person/00964fc0-dd57-44c3-87bf-b6d5bbc34560,ocd-bill/d1a22217-2aa6-42f4-b15e-dc9c57c099b3,False,cosponsor
a01a282a-f858-4c3a-8c0d-d2631d2bcf9a,Martha Fuller Clark,person,,ocd-person/823e56cb-5c51-4a09-b060-93cdb7f7ac25,ocd-bill/d1a22217-2aa6-42f4-b15e-dc9c57c099b3,False,cosponsor
b6f2d6af-90be-4199-ab32-aecb7005b694,Chuck Morse,person,,ocd-person/72b8f708-a22d-477d-9c55-e5d14b8308a6,ocd-bill/d1a22217-2aa6-42f4-b15e-dc9c57c099b3,False,cosponsor
a2cbc6d3-84a7-4bc6-8c60-3d8c3b3a347d,Lou D'Allesandro,person,,ocd-person/87c48788-817d-408b-a1e1-ebe1c9fd893d,ocd-bill/d1a22217-2aa6-42f4-b15e-dc9c57c099b3,False,cosponsor
8af532f2-4098-433f-832a-cf0d235daa78,William A. Pearson,person,,ocd-person/7781641c-b716-4a21-ba1a-f29f6c928f2e,ocd-bill/0f52aef6-ab7d-4c80-89ed-ce8e9106dcf0,True,primary
66b00d59-7777-471d-9f81-931fcea05dfe,Cindy Rosenwald,person,,ocd-person/f3e949ce-6d98-4826-bbca-08039cea4ea4,ocd-bill/176451ab-3611-4bfe-bc22-3a4f2916359f,False,cosponsor
ef5c39dd-8e66-49a3-9cff-483ebaa2e03a,Melanie Levesque,person,,ocd-person/282926cd-63f0-4ac4-ad16-5e96eb1c4e0b,ocd-bill/176451ab-3611-4bfe-bc22-3a4f2916359f,False,cosponsor
80d89f5a-2117-4cb3-975e-eeb1edec0237,Tom Sherman,person,,ocd-person/ee95d0de-e55e-4733-ba97-0fde66adf65c,ocd-bill/176451ab-3611-4bfe-bc22-3a4f2916359f,False,cosponsor
ed64230e-a51e-4190-ac48-a44772709adb,Kevin Cavanaugh,person,,ocd-person/7fb2bb33-cbdb-4dfd-9369-64f19f179777,ocd-bill/176451ab-3611-4bfe-bc22-3a4f2916359f,False,cosponsor
720e25fa-e234-41cf-b460-54e15505bb2a,Jay Kahn,person,,ocd-person/998e681b-6df1-4b4a-92db-7a2187cedcd8,ocd-bill/176451ab-3611-4bfe-bc22-3a4f2916359f,True,primary
c625398c-815b-404a-98ec-42e12e697764,Ruth Ward,person,,ocd-person/9089a509-1f26-4770-adc6-199ed716e692,ocd-bill/176451ab-3611-4bfe-bc22-3a4f2916359f,False,cosponsor
7da4e255-d0e0-4a3b-8ab1-bfaf4f06b742,Regina Birdsell,person,,ocd-person/461c9024-c8c3-44a5-91d6-015a6587db5f,ocd-bill/176451ab-3611-4bfe-bc22-3a4f2916359f,False,cosponsor
2de8979c-ae18-40c9-aa63-aac51da7f5d3,Donna M. Soucy,person,,ocd-person/bfbbacfd-e12a-4e07-970e-c2c2c006f4a2,ocd-bill/176451ab-3611-4bfe-bc22-3a4f2916359f,False,cosponsor
afaf0358-1556-4121-98ef-433bfcd5e3ac,John Reagan,person,,ocd-person/f516d40a-3676-4437-8285-a931d7c2885b,ocd-bill/176451ab-3611-4bfe-bc22-3a4f2916359f,False,cosponsor
f6059186-d221-42b5-96cb-b2308f07ed7e,Jeb Bradley,person,,ocd-person/3f5455e8-256e-4442-9c13-bc14f62ce76f,ocd-bill/176451ab-3611-4bfe-bc22-3a4f2916359f,False,cosponsor
011815d3-0ae0-4a3f-a5f6-db01e955ee00,Sharon M Carson,person,,ocd-person/00964fc0-dd57-44c3-87bf-b6d5bbc34560,ocd-bill/176451ab-3611-4bfe-bc22-3a4f2916359f,False,cosponsor
cd88b11b-b2bd-4bd7-80d7-c0106bdbcffa,Martha Fuller Clark,person,,ocd-person/823e56cb-5c51-4a09-b060-93cdb7f7ac25,ocd-bill/176451ab-3611-4bfe-bc22-3a4f2916359f,False,cosponsor
b990d3f6-db12-4798-8de5-c3ccc4474a30,Gary L. Woods,person,,ocd-person/5d98b66b-f4d1-4776-953f-67dc348fdd12,ocd-bill/cf063bd3-3ec0-45c6-9ee7-0269f8a6b5d5,False,cosponsor
46c5325a-b932-482d-9440-204d3b7e60e6,Greg L. Indruk,person,,ocd-person/b5b2c27f-4abf-49d3-a002-11f9070a6de5,ocd-bill/cf063bd3-3ec0-45c6-9ee7-0269f8a6b5d5,False,cosponsor
589be0e9-5108-45d8-874d-9bb947d7b68e,Tom Sherman,person,,ocd-person/ee95d0de-e55e-4733-ba97-0fde66adf65c,ocd-bill/cf063bd3-3ec0-45c6-9ee7-0269f8a6b5d5,True,primary
4e8520d6-885c-4bd3-a3c2-a5a956e771f2,Martha S. Hennessey,person,,ocd-person/f2700034-7f3d-4834-bb66-b848a7ca748a,ocd-bill/cf063bd3-3ec0-45c6-9ee7-0269f8a6b5d5,False,cosponsor
1e68d796-ba08-46b7-8ee5-88642b3aa14e,William M. Marsh,person,,ocd-person/22006937-f2ca-4a2e-b92a-457777933dc7,ocd-bill/cf063bd3-3ec0-45c6-9ee7-0269f8a6b5d5,False,cosponsor
9bc2e651-7bee-4ed3-a68b-fa7a2ffa83b0,John J. Fothergill,person,,ocd-person/2c6db15e-15cf-496c-aec9-21f9d18c4355,ocd-bill/cf063bd3-3ec0-45c6-9ee7-0269f8a6b5d5,False,cosponsor
358c95e9-6a19-480c-bfe2-c98b71501654,David H Watters,person,,ocd-person/cf24defe-6df3-49f3-88ca-c6774b144f19,ocd-bill/cf063bd3-3ec0-45c6-9ee7-0269f8a6b5d5,False,cosponsor
eac531fd-b79d-4b3a-997c-30f88761bf43,David J Starr,person,,ocd-person/b19ae598-8107-4959-b150-586deb9c9852,ocd-bill/c28a9f91-df3a-4584-acbf-65416637d77d,False,cosponsor
b0dde45d-b449-48a2-b3df-1de8e1bb9a6e,Nicole Klein-Knight,person,,ocd-person/f91f87c5-d22a-48b7-ac4a-c2519d086ec7,ocd-bill/c28a9f91-df3a-4584-acbf-65416637d77d,False,cosponsor
f6adffa2-c9f3-45f8-b926-3338258e0196,Kevin Cavanaugh,person,,ocd-person/7fb2bb33-cbdb-4dfd-9369-64f19f179777,ocd-bill/c28a9f91-df3a-4584-acbf-65416637d77d,False,cosponsor
f2c0e602-6417-4e98-923c-691aa3e659fc,Regina Birdsell,person,,ocd-person/461c9024-c8c3-44a5-91d6-015a6587db5f,ocd-bill/c28a9f91-df3a-4584-acbf-65416637d77d,True,primary
5be15846-695e-49ec-a14b-965525cb8050,Peter W. Bixby,person,,ocd-person/2c42e95c-0192-4910-9fc6-8a43b58c6467,ocd-bill/c28a9f91-df3a-4584-acbf-65416637d77d,False,cosponsor
a5d99e44-7642-4721-b8bb-96a332c7844e,Sherman A. Packard,person,,ocd-person/e94c1d98-5454-40a2-8293-ee0998fee8ca,ocd-bill/c28a9f91-df3a-4584-acbf-65416637d77d,False,cosponsor
c2e5a972-39f5-4d81-923f-356fabaeb2ab,Jack B. Flanagan,person,,ocd-person/6f569d92-87e9-4172-b4f0-e2e78aff07a6,ocd-bill/dd93f78f-153b-412d-9e8d-85d32f0fe988,True,primary
1f40974c-8af9-4c99-886c-e771f08d6f44,Kermit R. Williams,person,,ocd-person/fa58238b-d845-4c1c-a331-8e175efcd6d3,ocd-bill/beafd379-3e14-4403-b87f-d6ee8387877d,True,primary
43c4e108-dcc3-4151-a9ff-8ccf26a43346,Cam E. Kenney,person,,ocd-person/9f35ea7b-b937-4b06-8be5-5cfbc83381e1,ocd-bill/7026363c-4b23-432e-958d-ddef75fa17d7,False,cosponsor
f81eabcc-9327-4785-bc7c-9c70ad92b64b,Greg L. Indruk,person,,ocd-person/b5b2c27f-4abf-49d3-a002-11f9070a6de5,ocd-bill/7026363c-4b23-432e-958d-ddef75fa17d7,False,cosponsor
2bc3ee0e-8b73-4f5c-aa96-c35f054d0629,Willis T. Griffith,person,,ocd-person/db50036f-5c7f-4cec-a250-3be2e3ca394c,ocd-bill/7026363c-4b23-432e-958d-ddef75fa17d7,False,cosponsor
f34efd32-ae65-428f-96ce-83e4f7a93de1,David J. Luneau,person,,ocd-person/c3c9bb99-9512-4bec-be04-d8b29ea96f3e,ocd-bill/7026363c-4b23-432e-958d-ddef75fa17d7,False,cosponsor
142bcde2-76b0-4d6a-bf3d-9df1add6d4bb,William A. Pearson,person,,ocd-person/7781641c-b716-4a21-ba1a-f29f6c928f2e,ocd-bill/7026363c-4b23-432e-958d-ddef75fa17d7,False,cosponsor
6cad1625-13b1-47a8-9303-18a628cf9536,Shannon E Chandley,person,,,ocd-bill/eb7c37fb-6aa4-4f22-86b7-178765f2c79d,False,cosponsor
25250392-64f9-440e-8ff8-73f59ae631ae,Edward M. Gordon,person,,ocd-person/1e527c99-df26-4b70-8f9e-62df18dad8bb,ocd-bill/eb7c37fb-6aa4-4f22-86b7-178765f2c79d,True,primary
203eb4bc-f1a1-48d8-b462-9bc322b355e0,Kurt F. Wuelper,person,,ocd-person/27f3432f-2a51-4a39-b9c4-814718ae87ed,ocd-bill/eb7c37fb-6aa4-4f22-86b7-178765f2c79d,False,cosponsor
f9375bfd-5814-455c-b9dc-e220da185f65,Paul S. Berch,person,,ocd-person/f96a072d-9add-44b0-8028-0ec057f31f52,ocd-bill/eb7c37fb-6aa4-4f22-86b7-178765f2c79d,False,cosponsor
d1eeb24b-ed23-40a6-b0ba-ecb19c6518dc,Marjorie K. Smith,person,,ocd-person/86b31d04-3a4b-4199-b10e-27bd337f0a34,ocd-bill/eb7c37fb-6aa4-4f22-86b7-178765f2c79d,False,cosponsor
efab510c-efe4-4b56-bc38-de9ee3b2e11c,Cassandra N. Levesque,person,,ocd-person/711423e3-ff28-4150-8a89-ec568a4f2c5d,ocd-bill/8a4d6b23-70ca-4036-a113-19ec29ad0e9a,False,cosponsor
c8aa9e36-c684-4d0f-9be0-5774a9b9ad93,Kristina M. Fargo,person,,ocd-person/c7e2f9aa-ff57-4a2e-9253-3bb9cf528c17,ocd-bill/8a4d6b23-70ca-4036-a113-19ec29ad0e9a,False,cosponsor
f29a6196-c5c7-43a7-8803-7f1bad8d4150,Casey M. Conley,person,,ocd-person/3290a4d4-7403-45f8-adc4-4e26e0fefa09,ocd-bill/8a4d6b23-70ca-4036-a113-19ec29ad0e9a,True,primary
4fc35cf8-d919-4ac1-a618-eaec4785756b,Kristina M. Schultz,person,,ocd-person/8698b473-ea4e-4126-8766-a2b5b5878702,ocd-bill/8a4d6b23-70ca-4036-a113-19ec29ad0e9a,False,cosponsor
2022d03a-014a-448c-aba8-d70099cbacca,Mary Jane Mulligan,person,,ocd-person/2eda7ff0-af84-4ad3-a72c-ea7c37e46877,ocd-bill/8a4d6b23-70ca-4036-a113-19ec29ad0e9a,False,cosponsor
263d282a-8a3a-44fd-a823-ab125b7f0160,Thomas L. Southworth,person,,ocd-person/4febed48-b7fd-4b44-98e8-fb20de52968e,ocd-bill/8a4d6b23-70ca-4036-a113-19ec29ad0e9a,False,cosponsor
dac3ab3e-6035-44ad-a680-64ab2f717966,David H Watters,person,,ocd-person/cf24defe-6df3-49f3-88ca-c6774b144f19,ocd-bill/8a4d6b23-70ca-4036-a113-19ec29ad0e9a,False,cosponsor
2cd65c0b-eaea-4fe3-8461-2e20953153e6,Patrick F. Abrami,person,,ocd-person/0327f85d-1b5a-4218-a97f-f393a965d64b,ocd-bill/5e8b41df-4d08-4f49-86b4-d7f9f1aabef6,False,cosponsor
84c3b645-126c-446c-a269-c686479e0b0a,John A. Graham,person,,ocd-person/05a586d8-4c39-4578-95f6-7aaa30b3c67c,ocd-bill/5e8b41df-4d08-4f49-86b4-d7f9f1aabef6,False,cosponsor
d07d2c5d-b800-46b2-9a3e-d385e4fbedbb,Susan W. Almy,person,,ocd-person/e13283b4-defe-4f4e-8e67-4d89b8e3790c,ocd-bill/5e8b41df-4d08-4f49-86b4-d7f9f1aabef6,False,cosponsor
f2b4417b-c61c-433f-82e9-bf703b088d05,Norman L. Major,person,,ocd-person/f210808d-53ac-4e23-ade2-7bdb60a8e559,ocd-bill/5e8b41df-4d08-4f49-86b4-d7f9f1aabef6,True,primary
91887ea0-9f45-4369-8bc6-a5d3b521b375,Edward M. Gordon,person,,ocd-person/1e527c99-df26-4b70-8f9e-62df18dad8bb,ocd-bill/b36210d3-e5a3-4d21-9c5f-01fe5b11d6ee,True,primary
0a9e4b47-2011-4440-b775-898d0d518220,Janet G. Wall,person,,ocd-person/2830876f-1a4d-4332-ae2a-a97607c4e1b9,ocd-bill/b36210d3-e5a3-4d21-9c5f-01fe5b11d6ee,False,cosponsor
3587be22-b0dc-4817-abcf-5c87be01b18d,Sharon M Carson,person,,ocd-person/00964fc0-dd57-44c3-87bf-b6d5bbc34560,ocd-bill/b36210d3-e5a3-4d21-9c5f-01fe5b11d6ee,False,cosponsor
c4667209-fd32-49ac-aba6-53e5bc2993e2,David A. Welch,person,,ocd-person/b8201b25-9bdd-45d3-819d-5bae4c670ad0,ocd-bill/a9c3b600-a9ef-46ec-8ac6-7f8b7f93771c,True,primary
214d9e9a-9cb0-4295-b1f4-58d578ef7d95,Richard W. Hinch,person,,ocd-person/b566af7c-b746-4b6d-bd34-17c66df7fc7c,ocd-bill/a9c3b600-a9ef-46ec-8ac6-7f8b7f93771c,False,cosponsor
fa668328-10c6-4a9e-b792-dac213a0435b,Steve J. Shurtleff,person,,ocd-person/5faefb6a-67fa-47ea-907a-8f4f545862be,ocd-bill/a9c3b600-a9ef-46ec-8ac6-7f8b7f93771c,False,cosponsor
83cc5a31-76cf-46bf-a80b-7b6004157804,Janet G. Wall,person,,ocd-person/2830876f-1a4d-4332-ae2a-a97607c4e1b9,ocd-bill/a9c3b600-a9ef-46ec-8ac6-7f8b7f93771c,False,cosponsor
fa7029ec-94ed-4b96-93c0-8e215a33e376,Donna M. Soucy,person,,ocd-person/bfbbacfd-e12a-4e07-970e-c2c2c006f4a2,ocd-bill/a9c3b600-a9ef-46ec-8ac6-7f8b7f93771c,False,cosponsor
e9fce5e1-6b02-4cb8-b237-c2635aa35ee9,Chuck Morse,person,,ocd-person/72b8f708-a22d-477d-9c55-e5d14b8308a6,ocd-bill/a9c3b600-a9ef-46ec-8ac6-7f8b7f93771c,False,cosponsor
224173ef-da88-49f5-bef7-e5e55167476b,Lou D'Allesandro,person,,ocd-person/87c48788-817d-408b-a1e1-ebe1c9fd893d,ocd-bill/a9c3b600-a9ef-46ec-8ac6-7f8b7f93771c,False,cosponsor
403c33d8-ebcf-406d-b024-8246de50683b,Bob J. Giuda,person,,ocd-person/7739a4d0-534e-4bdb-b7fb-6a8f348e833e,ocd-bill/db35d2e4-8e70-4237-b84e-6b7cf5611604,True,primary
f8b8209b-6d5e-4f43-8e02-0275031efe91,Erin T. Hennessey,person,,ocd-person/91d16c36-2236-4bef-8009-004bd036c22a,ocd-bill/db35d2e4-8e70-4237-b84e-6b7cf5611604,False,cosponsor
3b22bb59-9c76-484e-9bfa-1141929fa5bf,Martha Fuller Clark,person,,ocd-person/823e56cb-5c51-4a09-b060-93cdb7f7ac25,ocd-bill/db35d2e4-8e70-4237-b84e-6b7cf5611604,False,cosponsor
d1553aee-1d32-4728-8ac5-fb811f35a894,Lee Walker Oxenham,person,,ocd-person/f3fb87b7-7fb5-432a-9fb2-bd15170f1275,ocd-bill/af806f75-e68d-42c8-bb4c-41b60ad413f2,True,primary
c04a26ce-7bc4-42d0-abbb-77bd528ece26,Gary Merchant,person,,ocd-person/78078880-ab6f-4f87-b095-8b85c31f1780,ocd-bill/0647c5da-c390-4677-bd46-eaf33be9fd7b,True,primary
6deb747a-9cd0-4e30-83f9-82aa1a0415c7,Gary L. Woods,person,,ocd-person/5d98b66b-f4d1-4776-953f-67dc348fdd12,ocd-bill/0647c5da-c390-4677-bd46-eaf33be9fd7b,False,cosponsor
552e7672-a444-438b-a25c-3b3968d863f2,Latha D. Mangipudi,person,,ocd-person/4f71f9e1-ce78-46d3-9665-00dd404a0f1b,ocd-bill/0647c5da-c390-4677-bd46-eaf33be9fd7b,False,cosponsor
2a345bb7-3d04-4f1e-ad2d-5e05a6c1f226,Linda A. Massimilla,person,,ocd-person/c018f667-a248-4b79-b8be-63740191e1ff,ocd-bill/0647c5da-c390-4677-bd46-eaf33be9fd7b,False,cosponsor
256ea7ab-4090-4022-9577-4e6b12faf053,James P. Gray,person,,ocd-person/e6443187-eb51-42eb-8bd7-349ed0ba9641,ocd-bill/afa36e7d-70bb-449c-8171-08b5c4916ba9,True,primary
76d5b045-9d09-4815-9d99-7b01c180e54d,Kathleen M. Hoelzel,person,,ocd-person/a65ebf32-6e66-423f-89cd-12fad046acbb,ocd-bill/afa36e7d-70bb-449c-8171-08b5c4916ba9,False,cosponsor
e08dc213-9389-474f-ba9a-e4878d4ce3ed,Wendy Chase,person,,ocd-person/c24da601-15f1-482c-a234-f8443056c77a,ocd-bill/39c494be-9723-44e6-a40c-bfc8e1cfce4c,False,cosponsor
0c5634fb-04b6-4bf0-998d-9c7fb3dee20d,Diane M. Langley,person,,ocd-person/740ad96e-04da-40f1-a827-9d187e63e686,ocd-bill/39c494be-9723-44e6-a40c-bfc8e1cfce4c,False,cosponsor
e0fcc285-bfff-4aad-b657-e1f10b954f3a,Charlotte I. DiLorenzo,person,,ocd-person/75a682ff-407d-4192-858d-9ce6a979c400,ocd-bill/39c494be-9723-44e6-a40c-bfc8e1cfce4c,True,primary
fb624bb6-b428-45d7-9390-cdedbf3c0444,Jordan G. Ulery,person,,ocd-person/31f696d4-f806-4eb3-a8ce-5b1d2a2eba93,ocd-bill/39c494be-9723-44e6-a40c-bfc8e1cfce4c,False,cosponsor
3fe51b0e-3cb5-4b7b-b56e-4fd21a078dd0,Sharon M Carson,person,,ocd-person/00964fc0-dd57-44c3-87bf-b6d5bbc34560,ocd-bill/39c494be-9723-44e6-a40c-bfc8e1cfce4c,False,cosponsor
dc29c717-170e-4a30-ae83-c8e2b5b29257,Cassandra N. Levesque,person,,ocd-person/711423e3-ff28-4150-8a89-ec568a4f2c5d,ocd-bill/d2dfd545-aa04-4279-a949-a1751f125a9f,False,cosponsor
e5797b98-a59a-47ab-8720-53fc2bc45daa,Chuck W. Grassie,person,,ocd-person/8ee07d33-9189-4bfe-b1a1-e15c79fd1114,ocd-bill/d2dfd545-aa04-4279-a949-a1751f125a9f,True,primary
06dc4bf5-2fc8-49e6-9765-39454c6dd7ca,Sherry Dutzy,person,,ocd-person/43eb9cdc-392c-4ca5-b5da-ad542ea0bcc0,ocd-bill/e09d441f-5cbb-4fb4-8bb3-69ed2ecdb4db,False,cosponsor
9b5cf094-78f1-49ee-bdc6-e865784374dd,Dennis M. Ruprecht,person,,ocd-person/4aad7fb1-f234-412e-9252-3cdba3896cdb,ocd-bill/e09d441f-5cbb-4fb4-8bb3-69ed2ecdb4db,False,cosponsor
76de2441-210f-4329-bc98-96331362f742,Cindy Rosenwald,person,,ocd-person/f3e949ce-6d98-4826-bbca-08039cea4ea4,ocd-bill/e09d441f-5cbb-4fb4-8bb3-69ed2ecdb4db,False,cosponsor
87941482-6e37-4d94-8992-191cbf13b82b,Bruce L. Cohen,person,,ocd-person/02abc1d7-340f-4cdd-b64d-4ce3cca59304,ocd-bill/e09d441f-5cbb-4fb4-8bb3-69ed2ecdb4db,False,cosponsor
3f6e0bf4-dfaa-4c54-bcd9-4717c60bac91,Constance Van Houten,person,,ocd-person/5e54c6e7-01cb-42c8-b3ed-8137e6c995fd,ocd-bill/e09d441f-5cbb-4fb4-8bb3-69ed2ecdb4db,False,cosponsor
d54c7f18-e5a9-4d30-bb89-b2620924e46e,Catherine M. Sofikitis,person,,ocd-person/36fb226e-9ed4-483f-a254-141baf18d295,ocd-bill/e09d441f-5cbb-4fb4-8bb3-69ed2ecdb4db,False,cosponsor
8488276f-1705-452b-911d-5fbdddcb6402,Janice E. Schmidt,person,,ocd-person/ec374833-801f-4c21-9261-67cdefc1ba44,ocd-bill/e09d441f-5cbb-4fb4-8bb3-69ed2ecdb4db,True,primary
091fccb1-edbe-4360-9bf6-07cb43648007,Linda C. Harriott-Gathright,person,,ocd-person/1e2b57f6-dbb9-4069-a71b-d40828c80cfa,ocd-bill/e09d441f-5cbb-4fb4-8bb3-69ed2ecdb4db,False,cosponsor
9746c5b9-7d3e-4159-a788-1a1c59a34a79,Robert Renny Cushing,person,,ocd-person/cdb3279c-243a-4ca0-8e83-fcb10a975736,ocd-bill/e09d441f-5cbb-4fb4-8bb3-69ed2ecdb4db,False,cosponsor
e4798e8c-490d-421b-aff8-07e438534863,Susan W. Almy,person,,ocd-person/e13283b4-defe-4f4e-8e67-4d89b8e3790c,ocd-bill/e09d441f-5cbb-4fb4-8bb3-69ed2ecdb4db,False,cosponsor
a4aea242-d9b1-4891-ad3a-eb6100e73552,David E. Cote,person,,ocd-person/fc07140c-ea9f-4f3f-9a44-17e7dcfc0b4b,ocd-bill/e09d441f-5cbb-4fb4-8bb3-69ed2ecdb4db,False,cosponsor
3ca14950-1746-49be-ae8d-723bdf1fb694,Michael B. O'Brien,person,,ocd-person/e15e323b-2d85-4272-9f1e-13d12b8c82f4,ocd-bill/0aa2f63a-8622-4be2-b36f-ae9272f09ffb,True,primary
646e8724-9ab7-45d4-8814-ed247b09d0a2,John E. Mann,person,,ocd-person/a8024476-bf44-4932-b6eb-e1f6af0a2298,ocd-bill/4a83224e-b02e-4c03-8267-02b13108b9da,True,primary
c8f8fb16-b5c3-45da-820b-03fa1d6a08a7,Sherry Dutzy,person,,ocd-person/43eb9cdc-392c-4ca5-b5da-ad542ea0bcc0,ocd-bill/77b70336-714d-49da-8c75-64cd732ca551,False,cosponsor
235f44b7-da53-42d3-963d-60f6e0b0f6c5,David R. Coursin,person,,ocd-person/f0fdb4f2-386d-4455-a1ee-2ac9f4eb970c,ocd-bill/77b70336-714d-49da-8c75-64cd732ca551,False,cosponsor
b5f903fc-1d78-4016-bc9f-73dc51365966,Bruce L. Cohen,person,,ocd-person/02abc1d7-340f-4cdd-b64d-4ce3cca59304,ocd-bill/77b70336-714d-49da-8c75-64cd732ca551,False,cosponsor
6bb59d1f-d404-4397-aebe-efd1ea56326a,Elaine H. French,person,,ocd-person/c7a629ed-523e-4f6e-884f-fbb9dbb2a406,ocd-bill/77b70336-714d-49da-8c75-64cd732ca551,True,primary
59c6e306-bc87-4006-bf1a-45d65d3b5426,Joyce Weston,person,,ocd-person/2dbea6d6-0221-41de-98bf-508b14eb085d,ocd-bill/77b70336-714d-49da-8c75-64cd732ca551,False,cosponsor
b760ae63-dafb-45be-8692-e027698d0188,Mark A. Pearson,person,,,ocd-bill/77b70336-714d-49da-8c75-64cd732ca551,False,cosponsor
1743f418-8f60-4ba6-acda-dd1fad0e911f,Timothy Josephson,person,,ocd-person/62149ad2-7d4c-42b6-be2b-281618dd7c97,ocd-bill/77b70336-714d-49da-8c75-64cd732ca551,False,cosponsor
3dc2cb62-b4e4-4cff-8a27-fd1aa2d5b2e9,Mary A. Eisner,person,,ocd-person/a9ac3600-6a7f-4d8c-ba5f-a20b3dfba0e6,ocd-bill/77b70336-714d-49da-8c75-64cd732ca551,False,cosponsor
0a8ca121-63cb-4c7e-9d42-5628dcf20abd,Troy E. Merner,person,,ocd-person/729664f2-12c4-4c70-82a5-fee852813a0c,ocd-bill/77b70336-714d-49da-8c75-64cd732ca551,False,cosponsor
dfb4a781-af83-460c-9dec-815ac5e4ac0e,Judith T. Spang,person,,ocd-person/1c49114b-ec16-4617-8b35-f7ce02d6daa4,ocd-bill/77b70336-714d-49da-8c75-64cd732ca551,False,cosponsor
e7d92639-d910-4fa1-9194-319edafc5d59,Arthur S. Ellison,person,,ocd-person/677500cb-eb95-4ad1-b3f5-02894c28e369,ocd-bill/942cf38f-f52e-41b0-9795-a5aa1e03738c,False,cosponsor
691e9648-e57c-45d3-8a23-77b3fe45c7b5,Dianne E. Schuett,person,,ocd-person/62ff0476-f4e6-411f-a58e-2e7963cde2ab,ocd-bill/942cf38f-f52e-41b0-9795-a5aa1e03738c,True,primary
4699bef1-997b-4207-9b09-b3b2a5154d7f,Frances E. Nutter-Upham,person,,ocd-person/9c5c8165-5f7d-4348-9466-331f9b250536,ocd-bill/5903bff5-2bd1-4861-92dd-738420e3b002,False,cosponsor
8a0edc8a-028c-425e-b4a4-9ded7d85b066,Ellen D. Read,person,,ocd-person/77304532-17fb-4b2c-aed6-213a435e4a46,ocd-bill/5903bff5-2bd1-4861-92dd-738420e3b002,False,cosponsor
9df1195a-d0aa-4d97-901b-27b748e6e897,Betty I. Gay,person,,ocd-person/c2486401-1c5f-4cfc-b4ef-bbae6b8c0489,ocd-bill/5903bff5-2bd1-4861-92dd-738420e3b002,True,primary
ab1a5a64-c368-4547-aff6-2d24ef7cae4a,William M. Marsh,person,,ocd-person/22006937-f2ca-4a2e-b92a-457777933dc7,ocd-bill/5903bff5-2bd1-4861-92dd-738420e3b002,False,cosponsor
2948a98c-e7a4-4a71-b5ee-f7bfbd28bbec,John R. Plumer,person,,ocd-person/867ccf71-9ca1-47cf-9c4f-0c5f715c412e,ocd-bill/5903bff5-2bd1-4861-92dd-738420e3b002,False,cosponsor
29cf6d4f-b02f-42a0-b263-7f443833289e,Debra L. DeSimone,person,,ocd-person/7ef7472f-0bda-4708-9239-76adeca1e87e,ocd-bill/5903bff5-2bd1-4861-92dd-738420e3b002,False,cosponsor
2977192f-ddd3-4c3b-9309-2a3f6733b05d,Jacqueline A. Cali-Pitts,person,,ocd-person/b665e9e7-0c14-4348-9378-529bd9c7497b,ocd-bill/5903bff5-2bd1-4861-92dd-738420e3b002,False,cosponsor
9c1c9a31-0847-419f-9c7e-995445b57051,Laura C. Pantelakos,person,,ocd-person/957b326c-6910-4328-afcb-533b975c2202,ocd-bill/5903bff5-2bd1-4861-92dd-738420e3b002,False,cosponsor
b5ede3a4-5e5e-4a05-8242-11e1c5bbe542,John Reagan,person,,ocd-person/f516d40a-3676-4437-8285-a931d7c2885b,ocd-bill/5903bff5-2bd1-4861-92dd-738420e3b002,False,cosponsor
6e4a1e8d-dd59-402e-831e-22de94abdf25,Carol M. McGuire,person,,ocd-person/ae3d6133-98b5-444e-b95e-2edc2f5302dc,ocd-bill/4855bb49-aaa6-4934-8859-8219f7a63115,False,cosponsor
f805c8d4-4da8-4efd-ac1b-ff16e5c427c3,John Reagan,person,,ocd-person/f516d40a-3676-4437-8285-a931d7c2885b,ocd-bill/4855bb49-aaa6-4934-8859-8219f7a63115,True,primary
a2d3516a-3155-48ad-886c-9b9be6f91abb,Rebecca J. McWilliams,person,,ocd-person/39eb4d14-9ef3-4b1b-bcb6-a66f1aa97491,ocd-bill/a6501dae-b667-4441-b305-b2cef7917ee6,True,primary
12a8d84e-1289-47be-b7a3-8c329635655e,Chris Balch,person,,ocd-person/e9d39bb0-9ff6-4083-b8fd-1455609b3033,ocd-bill/a6501dae-b667-4441-b305-b2cef7917ee6,False,cosponsor
3387ae06-ed95-4399-aee8-ba7757d61d4d,Nicole Klein-Knight,person,,ocd-person/f91f87c5-d22a-48b7-ac4a-c2519d086ec7,ocd-bill/a6501dae-b667-4441-b305-b2cef7917ee6,False,cosponsor
9d508010-954a-499c-9eda-077d66fd83d9,Craig R. Thompson,person,,ocd-person/5295b45f-d39a-4375-9aff-3b5b1603fa2d,ocd-bill/a6501dae-b667-4441-b305-b2cef7917ee6,False,cosponsor
5fb093fc-fe69-415d-9a48-9f654cb6eb22,George L. Saunderson,person,,ocd-person/633b7bd0-b605-42ae-837a-4d7d392e085e,ocd-bill/a6501dae-b667-4441-b305-b2cef7917ee6,False,cosponsor
0fc7568b-1523-4859-9d31-6ca4762706d7,Howard M. Moffett,person,,ocd-person/71b9d6b9-d7e1-437d-80a8-8a2fea88c58f,ocd-bill/a6501dae-b667-4441-b305-b2cef7917ee6,False,cosponsor
3db85a78-f432-4578-9e3a-225ecf313aaf,Robert A. Backus,person,,ocd-person/957f04df-63d1-4b88-b876-436a9cd17248,ocd-bill/a6501dae-b667-4441-b305-b2cef7917ee6,False,cosponsor
22283917-9c5b-49f6-a2f4-ae87a8c0a5c5,Martha Fuller Clark,person,,ocd-person/823e56cb-5c51-4a09-b060-93cdb7f7ac25,ocd-bill/a6501dae-b667-4441-b305-b2cef7917ee6,False,cosponsor
74bf6a09-a9bd-4b6b-97f4-2851c9be50ec,Melanie Levesque,person,,ocd-person/282926cd-63f0-4ac4-ad16-5e96eb1c4e0b,ocd-bill/302fd806-64eb-469c-bf7e-a92d0f71a8c2,False,cosponsor
2f264be3-a12a-4d97-abcb-2cf20a2303ed,Laura D. Telerski,person,,ocd-person/ac414b7c-45dc-48b6-9530-eaa8e80b124f,ocd-bill/302fd806-64eb-469c-bf7e-a92d0f71a8c2,False,cosponsor
5f721ddf-6c02-4080-be6c-5598c16c798c,Martha S. Hennessey,person,,ocd-person/f2700034-7f3d-4834-bb66-b848a7ca748a,ocd-bill/302fd806-64eb-469c-bf7e-a92d0f71a8c2,False,cosponsor
ec2929c3-b7bc-4c97-8e9f-eaf6683bf23d,John Sytek,person,,ocd-person/81a14b0b-f5dd-4e7a-b500-c9dc0a56c2be,ocd-bill/302fd806-64eb-469c-bf7e-a92d0f71a8c2,False,cosponsor
b7c45451-8606-4700-be2f-d7457327378d,Sherman A. Packard,person,,ocd-person/e94c1d98-5454-40a2-8293-ee0998fee8ca,ocd-bill/302fd806-64eb-469c-bf7e-a92d0f71a8c2,False,cosponsor
1c206963-3422-41e7-9cc6-c0714b1ac396,David H Watters,person,,ocd-person/cf24defe-6df3-49f3-88ca-c6774b144f19,ocd-bill/302fd806-64eb-469c-bf7e-a92d0f71a8c2,True,primary
9f1c569d-bde2-44d3-87c3-a67870d841d6,Joyce Weston,person,,ocd-person/2dbea6d6-0221-41de-98bf-508b14eb085d,ocd-bill/25c427b2-cff3-45e5-bff7-0fe9e7b7f912,False,cosponsor
a3a54d82-b645-4519-aae4-d654b9096467,Craig R. Thompson,person,,ocd-person/5295b45f-d39a-4375-9aff-3b5b1603fa2d,ocd-bill/25c427b2-cff3-45e5-bff7-0fe9e7b7f912,True,primary
cc378fca-66c9-4782-999c-a54269123d08,Sparky Von Plinsky,person,,ocd-person/28f9b7e4-ec77-462a-8707-f9bedad6f32a,ocd-bill/25c427b2-cff3-45e5-bff7-0fe9e7b7f912,False,cosponsor
534fd70e-84f7-4245-b6c7-1040a6921ee2,Lee Walker Oxenham,person,,ocd-person/f3fb87b7-7fb5-432a-9fb2-bd15170f1275,ocd-bill/25c427b2-cff3-45e5-bff7-0fe9e7b7f912,False,cosponsor
ca67a474-ce24-47ea-8bc2-933af9357b87,Thomas C. Schamberg,person,,ocd-person/29eeecd3-79b7-489c-b1a5-ace913e619f2,ocd-bill/1a537b1b-a59b-450e-8536-1777b8850e81,False,cosponsor
da53f1e1-55b2-4983-9a78-7c59d24813f4,Steven D. Smith,person,,ocd-person/129a2970-07b9-4136-aae1-15c689edca40,ocd-bill/1a537b1b-a59b-450e-8536-1777b8850e81,False,cosponsor
72a5e1c7-493b-4a00-bed7-24ad29f21543,Carol M. McGuire,person,,ocd-person/ae3d6133-98b5-444e-b95e-2edc2f5302dc,ocd-bill/1a537b1b-a59b-450e-8536-1777b8850e81,True,primary
a3f1eb1d-3c18-40b1-adcb-99a7bb497211,John Reagan,person,,ocd-person/f516d40a-3676-4437-8285-a931d7c2885b,ocd-bill/1a537b1b-a59b-450e-8536-1777b8850e81,False,cosponsor
22e18d6c-75d1-4854-884d-0ced5d3a60f8,Harold F. French,person,,ocd-person/ff11da65-174b-4fdc-b33c-e5d6d56602f0,ocd-bill/a2ae7653-d564-4fed-8840-8145fad784ff,False,cosponsor
41e2a6aa-0f9a-4e8c-8015-a2c6461f3a4f,John Reagan,person,,ocd-person/f516d40a-3676-4437-8285-a931d7c2885b,ocd-bill/a2ae7653-d564-4fed-8840-8145fad784ff,True,primary
b32b859b-804f-45c9-b47e-657da9b532b3,Sharon M Carson,person,,ocd-person/00964fc0-dd57-44c3-87bf-b6d5bbc34560,ocd-bill/a2ae7653-d564-4fed-8840-8145fad784ff,False,cosponsor
1fc9b2d8-d92d-44c6-bee9-9baba3ecea65,John R. Cloutier,person,,ocd-person/d3dab509-1268-4b4f-b363-98932002bf2e,ocd-bill/af904864-43d8-492e-82f0-0165bd190cd6,True,primary
f0dec56c-ac31-44c7-89c8-6fc158c05ea9,Bob J. Giuda,person,,ocd-person/7739a4d0-534e-4bdb-b7fb-6a8f348e833e,ocd-bill/2b8e626f-f24c-45db-81ab-9dfc6c112949,False,cosponsor
2784a079-c38c-4b85-b071-dfd195e7c09c,Suzanne J. Smith,person,,ocd-person/6a75f502-50fd-47e7-8160-1fce1205550e,ocd-bill/2b8e626f-f24c-45db-81ab-9dfc6c112949,False,cosponsor
58fe33bc-e5af-4abe-adb7-829801d8d90f,Andrew Renzullo,person,,ocd-person/b8aa741e-30b1-4d45-8f6a-7241f0d0eed2,ocd-bill/2b8e626f-f24c-45db-81ab-9dfc6c112949,False,cosponsor
e8eba0a1-b0dd-48b2-b49d-be5446dcf2c2,Jeb Bradley,person,,ocd-person/3f5455e8-256e-4442-9c13-bc14f62ce76f,ocd-bill/2b8e626f-f24c-45db-81ab-9dfc6c112949,True,primary
2e2b67f1-6de2-467a-b747-c2a218f0b38b,Martha Fuller Clark,person,,ocd-person/823e56cb-5c51-4a09-b060-93cdb7f7ac25,ocd-bill/2b8e626f-f24c-45db-81ab-9dfc6c112949,False,cosponsor
ff9228b2-46ce-493a-b0b7-0ae775092164,Wendy Chase,person,,ocd-person/c24da601-15f1-482c-a234-f8443056c77a,ocd-bill/faa95b62-de68-458e-9c06-c3562042d820,False,cosponsor
946e5412-6371-4cca-9c4f-72f69a49f6e0,Cam E. Kenney,person,,ocd-person/9f35ea7b-b937-4b06-8be5-5cfbc83381e1,ocd-bill/faa95b62-de68-458e-9c06-c3562042d820,False,cosponsor
5834bbdc-6d4a-4aaa-bceb-6e80c697df64,David Meuse,person,,ocd-person/4b449f0f-2024-4e18-bbbd-7f0bbcfa8cac,ocd-bill/faa95b62-de68-458e-9c06-c3562042d820,False,cosponsor
87b021ef-dbf9-4760-97d5-95ffb87d530c,Casey M. Conley,person,,ocd-person/3290a4d4-7403-45f8-adc4-4e26e0fefa09,ocd-bill/faa95b62-de68-458e-9c06-c3562042d820,True,primary
9484c592-1c53-4d3f-b320-ffa59a34cd24,Sherry A. Frost,person,,ocd-person/62916f8e-e193-463d-9dcc-f35f60d836db,ocd-bill/faa95b62-de68-458e-9c06-c3562042d820,False,cosponsor
0c9bf86c-f9fd-46bb-a7c6-e1aaaaf8e678,Timothy Josephson,person,,ocd-person/62149ad2-7d4c-42b6-be2b-281618dd7c97,ocd-bill/faa95b62-de68-458e-9c06-c3562042d820,False,cosponsor
4102be28-b909-4325-988c-478ae51b8b92,Ivy C. Vann,person,,ocd-person/6fd532c2-91b5-47c4-a29f-eae9fc47743d,ocd-bill/faa95b62-de68-458e-9c06-c3562042d820,False,cosponsor
d5cdea31-8232-463f-bb2d-9d15c151e73f,Suzanne M. Vail,person,,ocd-person/ce985799-268d-4190-b078-955fc63a8c3c,ocd-bill/faa95b62-de68-458e-9c06-c3562042d820,False,cosponsor
f4fa955d-e7b2-4b27-a9d1-dcd20e18d841,Timothy O. Horrigan,person,,ocd-person/2a11a559-c16e-4211-82ea-215951d74c1f,ocd-bill/faa95b62-de68-458e-9c06-c3562042d820,False,cosponsor
1b0751c4-9f1f-4892-a01e-fa0f363aec6d,Jon Morgan,person,,ocd-person/f169c82a-7120-4d67-85d4-d5ff21cd44ef,ocd-bill/e4cd2010-353c-4f2c-9c30-695732814c39,False,cosponsor
476d8adb-a3fc-439b-a47b-0b20197020e8,Cindy Rosenwald,person,,ocd-person/f3e949ce-6d98-4826-bbca-08039cea4ea4,ocd-bill/e4cd2010-353c-4f2c-9c30-695732814c39,False,cosponsor
c12d9504-bc9b-4a1f-964d-9c5026d2d875,Shannon E Chandley,person,,,ocd-bill/e4cd2010-353c-4f2c-9c30-695732814c39,False,cosponsor
7eade9a6-a2f1-4c01-9848-21e798be5b1c,Tom Sherman,person,,ocd-person/ee95d0de-e55e-4733-ba97-0fde66adf65c,ocd-bill/e4cd2010-353c-4f2c-9c30-695732814c39,True,primary
8b2e5f1b-b621-4dea-ac98-ba2390952b38,Kevin Cavanaugh,person,,ocd-person/7fb2bb33-cbdb-4dfd-9369-64f19f179777,ocd-bill/e4cd2010-353c-4f2c-9c30-695732814c39,False,cosponsor
060b3689-e837-4a68-9f8c-222f8c77cfa5,Jay Kahn,person,,ocd-person/998e681b-6df1-4b4a-92db-7a2187cedcd8,ocd-bill/e4cd2010-353c-4f2c-9c30-695732814c39,False,cosponsor
85772ef5-9ff4-4ef1-9fa4-39c7fad9ffc4,James P. Gray,person,,ocd-person/e6443187-eb51-42eb-8bd7-349ed0ba9641,ocd-bill/e4cd2010-353c-4f2c-9c30-695732814c39,False,cosponsor
a822f318-b4c8-47a7-bb0b-88aa31e8c7bf,Martha S. Hennessey,person,,ocd-person/f2700034-7f3d-4834-bb66-b848a7ca748a,ocd-bill/e4cd2010-353c-4f2c-9c30-695732814c39,False,cosponsor
c69881e9-d7e0-4df1-b7e2-800feb19014a,William M. Marsh,person,,ocd-person/22006937-f2ca-4a2e-b92a-457777933dc7,ocd-bill/e4cd2010-353c-4f2c-9c30-695732814c39,False,cosponsor
23291cf3-04eb-45db-a553-d7430b6cd8a5,Donna M. Soucy,person,,ocd-person/bfbbacfd-e12a-4e07-970e-c2c2c006f4a2,ocd-bill/e4cd2010-353c-4f2c-9c30-695732814c39,False,cosponsor
13401a13-218f-40b8-a340-d599bc0adaa4,Jeb Bradley,person,,ocd-person/3f5455e8-256e-4442-9c13-bc14f62ce76f,ocd-bill/e4cd2010-353c-4f2c-9c30-695732814c39,False,cosponsor
7c4d1258-a816-45e8-9e60-237399e42ea3,Martha Fuller Clark,person,,ocd-person/823e56cb-5c51-4a09-b060-93cdb7f7ac25,ocd-bill/e4cd2010-353c-4f2c-9c30-695732814c39,False,cosponsor
b75058a1-f934-4891-8c32-4ba3027c010d,Ruth Ward,person,,ocd-person/9089a509-1f26-4770-adc6-199ed716e692,ocd-bill/15facbf0-def6-45ac-8f8e-54b255f3f29e,False,cosponsor
b1447029-1f96-45cb-ab78-5d3e0cae74f2,Latha D. Mangipudi,person,,ocd-person/4f71f9e1-ce78-46d3-9665-00dd404a0f1b,ocd-bill/15facbf0-def6-45ac-8f8e-54b255f3f29e,False,cosponsor
c36cc1a7-cdcb-4306-aa5e-165098ac402a,George E. Sykes,person,,ocd-person/1d64c012-42cd-433e-9e51-d449279fe57e,ocd-bill/15facbf0-def6-45ac-8f8e-54b255f3f29e,False,cosponsor
7946b966-ba5e-4661-94ef-5320bfcae43b,Steven D. Smith,person,,ocd-person/129a2970-07b9-4136-aae1-15c689edca40,ocd-bill/15facbf0-def6-45ac-8f8e-54b255f3f29e,False,cosponsor
c9dbe6b1-32ba-49df-bd75-0337b3078f8f,David H Watters,person,,ocd-person/cf24defe-6df3-49f3-88ca-c6774b144f19,ocd-bill/15facbf0-def6-45ac-8f8e-54b255f3f29e,True,primary
4e320c0a-740b-4a62-917f-4dedca78fa98,Dennis M. Ruprecht,person,,ocd-person/4aad7fb1-f234-412e-9252-3cdba3896cdb,ocd-bill/991c8e73-600f-460e-9060-f8ab74023e62,False,cosponsor
af7f92ef-f835-450d-aeba-0a25aecf8321,Melanie Levesque,person,,ocd-person/282926cd-63f0-4ac4-ad16-5e96eb1c4e0b,ocd-bill/991c8e73-600f-460e-9060-f8ab74023e62,False,cosponsor
08ad6d6c-a888-4c17-ba25-fe892b30895b,Cam E. Kenney,person,,ocd-person/9f35ea7b-b937-4b06-8be5-5cfbc83381e1,ocd-bill/991c8e73-600f-460e-9060-f8ab74023e62,False,cosponsor
3a37cb1b-24fe-46ec-b68f-27dc9603b70b,Jacqueline H. Chretien,person,,ocd-person/8e044671-4143-41a6-a341-6c8514bb2d66,ocd-bill/991c8e73-600f-460e-9060-f8ab74023e62,False,cosponsor
5dee7d22-4427-46c0-b5b0-751678be1b32,Nicole Klein-Knight,person,,ocd-person/f91f87c5-d22a-48b7-ac4a-c2519d086ec7,ocd-bill/991c8e73-600f-460e-9060-f8ab74023e62,False,cosponsor
8ad5efe8-e052-4224-bfae-b99372ca569c,Joyce Weston,person,,ocd-person/2dbea6d6-0221-41de-98bf-508b14eb085d,ocd-bill/991c8e73-600f-460e-9060-f8ab74023e62,False,cosponsor
e899fda6-fa69-4e05-8129-9ae0b15f8950,Martha S. Hennessey,person,,ocd-person/f2700034-7f3d-4834-bb66-b848a7ca748a,ocd-bill/991c8e73-600f-460e-9060-f8ab74023e62,False,cosponsor
e9f7e92b-612e-4e74-b4c2-7e0750c799b4,Mary Jane Mulligan,person,,ocd-person/2eda7ff0-af84-4ad3-a72c-ea7c37e46877,ocd-bill/991c8e73-600f-460e-9060-f8ab74023e62,False,cosponsor
527cc187-8362-4c07-9576-71afe76a6d8f,Timothy Josephson,person,,ocd-person/62149ad2-7d4c-42b6-be2b-281618dd7c97,ocd-bill/991c8e73-600f-460e-9060-f8ab74023e62,False,cosponsor
9729f21e-a332-41a4-be50-84286fb92631,Dan Feltes,person,,ocd-person/e97501d7-4bef-403f-8d48-9fcecc980cf5,ocd-bill/991c8e73-600f-460e-9060-f8ab74023e62,False,cosponsor
616ad8ef-9bfc-4eb9-b097-60704db61022,Tom Sherman,person,,ocd-person/ee95d0de-e55e-4733-ba97-0fde66adf65c,ocd-bill/11e46a95-4aab-48b7-bbd4-c36124ea4baf,False,cosponsor
16d96feb-567c-4c08-93e1-67659d3bd4e7,Patrick F. Abrami,person,,ocd-person/0327f85d-1b5a-4218-a97f-f393a965d64b,ocd-bill/11e46a95-4aab-48b7-bbd4-c36124ea4baf,True,primary
f569cf62-667d-4b81-b91c-2792129d1b8c,Dennis M. Ruprecht,person,,ocd-person/4aad7fb1-f234-412e-9252-3cdba3896cdb,ocd-bill/8857da3d-04f4-41fb-aca3-c984348c4ae2,False,cosponsor
3f2ee397-0091-4ec6-b028-56ecfd786872,Bruce L. Cohen,person,,ocd-person/02abc1d7-340f-4cdd-b64d-4ce3cca59304,ocd-bill/8857da3d-04f4-41fb-aca3-c984348c4ae2,False,cosponsor
4e27b8d4-1ecc-4569-b44c-1e9f7a7f2438,Rosemarie Rung,person,,ocd-person/1a5923c6-3e1f-4ebe-8739-17c9e9642403,ocd-bill/8857da3d-04f4-41fb-aca3-c984348c4ae2,False,cosponsor
af5b322b-585c-4ba0-9a3f-8fc52d4f15c1,Jerry M. Stringham,person,,ocd-person/68ee5e4b-6253-4703-8902-ae8ca8df41eb,ocd-bill/8857da3d-04f4-41fb-aca3-c984348c4ae2,False,cosponsor
40057c87-85c6-4493-9860-8d6506b0663c,Catherine M. Sofikitis,person,,ocd-person/36fb226e-9ed4-483f-a254-141baf18d295,ocd-bill/8857da3d-04f4-41fb-aca3-c984348c4ae2,False,cosponsor
5104a432-d24f-4d35-ac41-9ecf1ee885e0,Timothy Josephson,person,,ocd-person/62149ad2-7d4c-42b6-be2b-281618dd7c97,ocd-bill/8857da3d-04f4-41fb-aca3-c984348c4ae2,False,cosponsor
201236ec-6a8e-4111-a922-5ac5b8bd9fec,Joshua Adjutant,person,,ocd-person/89424628-1e61-44aa-9090-4dfdb3cddca8,ocd-bill/8857da3d-04f4-41fb-aca3-c984348c4ae2,True,primary
f4fb1d93-9b85-4138-bd5a-6b8e2ac9a424,Robert Renny Cushing,person,,ocd-person/cdb3279c-243a-4ca0-8e83-fcb10a975736,ocd-bill/8857da3d-04f4-41fb-aca3-c984348c4ae2,False,cosponsor
d3e0510e-7d01-4b47-b009-d583064d4ed8,David J Starr,person,,ocd-person/b19ae598-8107-4959-b150-586deb9c9852,ocd-bill/43ee2a56-2bea-4078-82e3-db42aa842901,False,cosponsor
47553c56-f828-411a-a811-329400e71137,Harold F. French,person,,ocd-person/ff11da65-174b-4fdc-b33c-e5d6d56602f0,ocd-bill/43ee2a56-2bea-4078-82e3-db42aa842901,False,cosponsor
09763df7-b57f-4d62-b4b1-794663523070,Ruth Ward,person,,ocd-person/9089a509-1f26-4770-adc6-199ed716e692,ocd-bill/43ee2a56-2bea-4078-82e3-db42aa842901,False,cosponsor
fafec8d9-be17-4f1f-9404-5c45ef2a532e,Bob J. Giuda,person,,ocd-person/7739a4d0-534e-4bdb-b7fb-6a8f348e833e,ocd-bill/43ee2a56-2bea-4078-82e3-db42aa842901,False,cosponsor
e60ef768-294b-4668-9334-79315f4c0085,Regina Birdsell,person,,ocd-person/461c9024-c8c3-44a5-91d6-015a6587db5f,ocd-bill/43ee2a56-2bea-4078-82e3-db42aa842901,False,cosponsor
bf19d846-997c-4d2c-ba8f-93ea76eff7f4,Jeb Bradley,person,,ocd-person/3f5455e8-256e-4442-9c13-bc14f62ce76f,ocd-bill/43ee2a56-2bea-4078-82e3-db42aa842901,True,primary
c4fcada3-f07a-44a1-9e19-de0adfa4a950,Sharon M Carson,person,,ocd-person/00964fc0-dd57-44c3-87bf-b6d5bbc34560,ocd-bill/43ee2a56-2bea-4078-82e3-db42aa842901,False,cosponsor
42affe9e-fb5d-4590-a72b-98233062b1b5,Martha Fuller Clark,person,,ocd-person/823e56cb-5c51-4a09-b060-93cdb7f7ac25,ocd-bill/43ee2a56-2bea-4078-82e3-db42aa842901,False,cosponsor
738621a5-5423-48ff-a06b-e4044c5b47ec,Chuck Morse,person,,ocd-person/72b8f708-a22d-477d-9c55-e5d14b8308a6,ocd-bill/43ee2a56-2bea-4078-82e3-db42aa842901,False,cosponsor
0a8b5d14-b00a-45df-8fb4-159e142ccf53,Patricia T. Lovejoy,person,,ocd-person/7c88eae9-feb0-494a-b1de-68307b3162ae,ocd-bill/2a6daed4-e21f-4536-b068-6e541a03a446,False,cosponsor
352f494a-a2a4-49a9-ae86-f5db6ec96bb5,Martha Fuller Clark,person,,ocd-person/823e56cb-5c51-4a09-b060-93cdb7f7ac25,ocd-bill/2a6daed4-e21f-4536-b068-6e541a03a446,True,primary
b0b5bcbe-803a-466d-ad46-553e3206ebbd,Wendy E.N. Thomas,person,,ocd-person/2375b05c-cf9a-4f1b-a4b0-194fac6d86bf,ocd-bill/15610530-3fe9-4b36-a75f-1d0969ef939c,False,cosponsor
43a724c5-08c6-4155-a162-d8b7b16980b9,David O. Huot,person,,ocd-person/1ca469eb-22a1-4c1c-af43-a0a5456f3a4f,ocd-bill/15610530-3fe9-4b36-a75f-1d0969ef939c,True,primary
13f9d775-b38b-4377-9f99-ad7de19b5d17,Kenneth L. Weyler,person,,ocd-person/e2f9dd7e-b221-4cf0-b7de-5daa70658669,ocd-bill/15610530-3fe9-4b36-a75f-1d0969ef939c,False,cosponsor
4e3f450e-da52-467d-8fa3-84e7886182c6,Regina Birdsell,person,,ocd-person/461c9024-c8c3-44a5-91d6-015a6587db5f,ocd-bill/5d44946e-e283-4a1a-a6f0-f88c9a02407c,True,primary
48fbd9ef-7698-472f-bc12-02a4a91292b9,Sherman A. Packard,person,,ocd-person/e94c1d98-5454-40a2-8293-ee0998fee8ca,ocd-bill/5d44946e-e283-4a1a-a6f0-f88c9a02407c,False,cosponsor
e39b1d96-84a6-4c32-a6cf-b26055801fe0,William L. Fowler,person,,ocd-person/20bf5a41-2a66-4d24-bc34-aef873b488cb,ocd-bill/58db2f5f-c3e1-43e6-aa67-565f96ef1926,True,primary
ba82fb68-cea9-4c6c-b5fb-983a617c6b64,Max Abramson,person,,ocd-person/a2248bc0-9253-48d8-9ee2-d9c0b6fbc800,ocd-bill/58db2f5f-c3e1-43e6-aa67-565f96ef1926,False,cosponsor
1d38a344-7d38-4846-a277-7795e881de79,Jon Morgan,person,,ocd-person/f169c82a-7120-4d67-85d4-d5ff21cd44ef,ocd-bill/6416f35a-7dfc-4118-8947-fd367e12958e,False,cosponsor
21584ded-0d01-48d3-9890-b79129df4b3a,Shannon E Chandley,person,,,ocd-bill/6416f35a-7dfc-4118-8947-fd367e12958e,False,cosponsor
1775162b-a59b-4004-aebe-6a759eabbc0e,Jeanne Dietsch,person,,ocd-person/8e7e0c04-e019-4ffe-a281-18beee5d939f,ocd-bill/6416f35a-7dfc-4118-8947-fd367e12958e,False,cosponsor
6ebb96c4-ac53-42ab-a343-8d428bb25f82,Jay Kahn,person,,ocd-person/998e681b-6df1-4b4a-92db-7a2187cedcd8,ocd-bill/6416f35a-7dfc-4118-8947-fd367e12958e,False,cosponsor
126f8dbf-6c22-4d3b-acab-f672402251a0,Martha S. Hennessey,person,,ocd-person/f2700034-7f3d-4834-bb66-b848a7ca748a,ocd-bill/6416f35a-7dfc-4118-8947-fd367e12958e,False,cosponsor
ead26c25-9172-4023-b0d8-bd2d5c5c1b57,Dan Feltes,person,,ocd-person/e97501d7-4bef-403f-8d48-9fcecc980cf5,ocd-bill/6416f35a-7dfc-4118-8947-fd367e12958e,False,cosponsor
965353f1-0c91-4181-805b-edff1cf80cb8,Lee Walker Oxenham,person,,ocd-person/f3fb87b7-7fb5-432a-9fb2-bd15170f1275,ocd-bill/6416f35a-7dfc-4118-8947-fd367e12958e,False,cosponsor
f266caa0-7dc9-4a78-88f2-01555962570f,Robert A. Backus,person,,ocd-person/957f04df-63d1-4b88-b876-436a9cd17248,ocd-bill/6416f35a-7dfc-4118-8947-fd367e12958e,False,cosponsor
b7c33944-6f9f-4ab1-8079-614fac0660fb,David H Watters,person,,ocd-person/cf24defe-6df3-49f3-88ca-c6774b144f19,ocd-bill/6416f35a-7dfc-4118-8947-fd367e12958e,True,primary
47a26abb-31ba-40b9-9c74-349e8a912f41,Jeb Bradley,person,,ocd-person/3f5455e8-256e-4442-9c13-bc14f62ce76f,ocd-bill/6416f35a-7dfc-4118-8947-fd367e12958e,False,cosponsor
75186b3d-c9a6-4309-a3f0-106fc5bb683f,Martha Fuller Clark,person,,ocd-person/823e56cb-5c51-4a09-b060-93cdb7f7ac25,ocd-bill/6416f35a-7dfc-4118-8947-fd367e12958e,False,cosponsor
f09517cd-0745-4579-b530-58ad3e0e8107,Jacqueline A. Cali-Pitts,person,,ocd-person/b665e9e7-0c14-4348-9378-529bd9c7497b,ocd-bill/74f28233-af2f-4c4d-9842-69e7e9f5c040,True,primary
b60d8685-aaf5-4977-b26e-2163a14fc317,Cindy Rosenwald,person,,ocd-person/f3e949ce-6d98-4826-bbca-08039cea4ea4,ocd-bill/23318dde-4952-40ea-acb6-b35102413d00,False,cosponsor
0595bf53-6de9-4628-ab0f-9cbd747a1f47,Melanie Levesque,person,,ocd-person/282926cd-63f0-4ac4-ad16-5e96eb1c4e0b,ocd-bill/23318dde-4952-40ea-acb6-b35102413d00,False,cosponsor
94879c5d-e67d-40e6-9a97-53c21119e11b,Tom Sherman,person,,ocd-person/ee95d0de-e55e-4733-ba97-0fde66adf65c,ocd-bill/23318dde-4952-40ea-acb6-b35102413d00,False,cosponsor
db47b488-5832-4b7d-8dc9-5333bacf7ab4,Harold F. French,person,,ocd-person/ff11da65-174b-4fdc-b33c-e5d6d56602f0,ocd-bill/23318dde-4952-40ea-acb6-b35102413d00,True,primary
cc0fb0a1-225b-4e8e-b26c-7b666b2a157b,James P. Gray,person,,ocd-person/e6443187-eb51-42eb-8bd7-349ed0ba9641,ocd-bill/23318dde-4952-40ea-acb6-b35102413d00,False,cosponsor
c26cf3ee-db4c-453b-a4e6-3caf81b2da90,Bob J. Giuda,person,,ocd-person/7739a4d0-534e-4bdb-b7fb-6a8f348e833e,ocd-bill/23318dde-4952-40ea-acb6-b35102413d00,False,cosponsor
a68ca003-71ac-485a-a1bb-81eed3219588,John Reagan,person,,ocd-person/f516d40a-3676-4437-8285-a931d7c2885b,ocd-bill/23318dde-4952-40ea-acb6-b35102413d00,False,cosponsor
ca7f57b2-4c7c-4b01-9f6d-105a88d9eeb9,David H Watters,person,,ocd-person/cf24defe-6df3-49f3-88ca-c6774b144f19,ocd-bill/23318dde-4952-40ea-acb6-b35102413d00,False,cosponsor
4fb16c1c-536f-437c-9648-21738561ed67,Sharon M Carson,person,,ocd-person/00964fc0-dd57-44c3-87bf-b6d5bbc34560,ocd-bill/23318dde-4952-40ea-acb6-b35102413d00,False,cosponsor
0323d5b2-0741-4965-ba50-5eb1864cdf81,John B. Hunt,person,,ocd-person/35c51630-9b9c-411a-9b98-0842cb6093df,ocd-bill/672e5675-c045-4f5b-8c3b-bc067d0de678,False,cosponsor
b6e72b0b-fade-414e-868f-00916401c5b8,David H Watters,person,,ocd-person/cf24defe-6df3-49f3-88ca-c6774b144f19,ocd-bill/672e5675-c045-4f5b-8c3b-bc067d0de678,False,cosponsor
7331bfae-5a29-4c9a-9982-3ed2c4d42921,Lou D'Allesandro,person,,ocd-person/87c48788-817d-408b-a1e1-ebe1c9fd893d,ocd-bill/672e5675-c045-4f5b-8c3b-bc067d0de678,True,primary
daa23e14-29b9-4e0c-9ea1-b2da247d673d,Melanie Levesque,person,,ocd-person/282926cd-63f0-4ac4-ad16-5e96eb1c4e0b,ocd-bill/a0a8f63b-95f8-4a65-a347-b1ca906fdf7e,False,cosponsor
46512209-dce5-4084-81f3-cd7da5f8e62b,Shannon E Chandley,person,,,ocd-bill/a0a8f63b-95f8-4a65-a347-b1ca906fdf7e,False,cosponsor
47229461-7a14-4e79-8bc4-7271c394b92b,Edward M. Gordon,person,,ocd-person/1e527c99-df26-4b70-8f9e-62df18dad8bb,ocd-bill/a0a8f63b-95f8-4a65-a347-b1ca906fdf7e,False,cosponsor
4be2d134-a515-426c-a1f0-6b20413d3d72,Dan H. Wolf,person,,ocd-person/d24c83af-3362-4925-9c05-a6b776d3314c,ocd-bill/a0a8f63b-95f8-4a65-a347-b1ca906fdf7e,False,cosponsor
2a0a69c6-c7cb-4967-9711-2d1c17b2842b,Paul S. Berch,person,,ocd-person/f96a072d-9add-44b0-8028-0ec057f31f52,ocd-bill/a0a8f63b-95f8-4a65-a347-b1ca906fdf7e,False,cosponsor
26e61a50-45e6-4a32-b177-2a21b66ccb4e,Marjorie K. Smith,person,,ocd-person/86b31d04-3a4b-4199-b10e-27bd337f0a34,ocd-bill/a0a8f63b-95f8-4a65-a347-b1ca906fdf7e,True,primary
c56791c7-55b6-4e8e-a85a-3d33eebf7061,Jeb Bradley,person,,ocd-person/3f5455e8-256e-4442-9c13-bc14f62ce76f,ocd-bill/a0a8f63b-95f8-4a65-a347-b1ca906fdf7e,False,cosponsor
deec9ed6-bcd9-4dca-9deb-dd9056c41e25,Cindy Rosenwald,person,,ocd-person/f3e949ce-6d98-4826-bbca-08039cea4ea4,ocd-bill/787ac848-cf4e-4778-90d5-c8817aa76642,False,cosponsor
2c9e9c07-4725-4eee-9b02-ee369dba59f0,Shannon E Chandley,person,,,ocd-bill/787ac848-cf4e-4778-90d5-c8817aa76642,False,cosponsor
7c0e8bd2-0225-411c-b407-0a6e28041a86,Jeanne Dietsch,person,,ocd-person/8e7e0c04-e019-4ffe-a281-18beee5d939f,ocd-bill/787ac848-cf4e-4778-90d5-c8817aa76642,False,cosponsor
20ad1774-67bf-4df0-ad86-a308ab139336,Tom Sherman,person,,ocd-person/ee95d0de-e55e-4733-ba97-0fde66adf65c,ocd-bill/787ac848-cf4e-4778-90d5-c8817aa76642,False,cosponsor
1281f64b-af17-4188-b5d4-83568ef0df5f,Kevin Cavanaugh,person,,ocd-person/7fb2bb33-cbdb-4dfd-9369-64f19f179777,ocd-bill/787ac848-cf4e-4778-90d5-c8817aa76642,False,cosponsor
5423e7ea-93f4-4190-bb22-d8d7cc6bb26a,Jay Kahn,person,,ocd-person/998e681b-6df1-4b4a-92db-7a2187cedcd8,ocd-bill/787ac848-cf4e-4778-90d5-c8817aa76642,True,primary
8d0cc530-3126-408f-90c4-1e7564596341,James P. Gray,person,,ocd-person/e6443187-eb51-42eb-8bd7-349ed0ba9641,ocd-bill/787ac848-cf4e-4778-90d5-c8817aa76642,False,cosponsor
452ad200-c475-458e-95c0-e7df0b16c1c3,Martha S. Hennessey,person,,ocd-person/f2700034-7f3d-4834-bb66-b848a7ca748a,ocd-bill/787ac848-cf4e-4778-90d5-c8817aa76642,False,cosponsor
f69b706f-6ef2-4c2c-8b22-66e503db3bf1,William M. Marsh,person,,ocd-person/22006937-f2ca-4a2e-b92a-457777933dc7,ocd-bill/787ac848-cf4e-4778-90d5-c8817aa76642,False,cosponsor
55aa5690-d16a-4bd2-858a-7c8f2e4eaa33,Kendall A. Snow,person,,ocd-person/cfc39de4-1079-46cc-85d2-fa6382d4eafd,ocd-bill/787ac848-cf4e-4778-90d5-c8817aa76642,False,cosponsor
ba6d5ac9-bf90-4e6e-a464-5eec84d1d70a,Donna M. Soucy,person,,ocd-person/bfbbacfd-e12a-4e07-970e-c2c2c006f4a2,ocd-bill/787ac848-cf4e-4778-90d5-c8817aa76642,False,cosponsor
8fa35c50-29d1-4a13-b220-37a57fc14266,Jeb Bradley,person,,ocd-person/3f5455e8-256e-4442-9c13-bc14f62ce76f,ocd-bill/787ac848-cf4e-4778-90d5-c8817aa76642,False,cosponsor
2337934a-8973-494c-b616-91d396ebd95c,Martha Fuller Clark,person,,ocd-person/823e56cb-5c51-4a09-b060-93cdb7f7ac25,ocd-bill/787ac848-cf4e-4778-90d5-c8817aa76642,False,cosponsor
6fed7012-8941-4a63-93f4-a5f260eb3daf,Tom Sherman,person,,ocd-person/ee95d0de-e55e-4733-ba97-0fde66adf65c,ocd-bill/a519929c-29dd-4d9f-abae-466db1123842,False,cosponsor
c095f071-c287-49cc-9b5b-6f14132e079c,Martha S. Hennessey,person,,ocd-person/f2700034-7f3d-4834-bb66-b848a7ca748a,ocd-bill/a519929c-29dd-4d9f-abae-466db1123842,False,cosponsor
8fc18d7a-004e-4a95-a99b-b7c8b9f7b788,Dan Feltes,person,,ocd-person/e97501d7-4bef-403f-8d48-9fcecc980cf5,ocd-bill/a519929c-29dd-4d9f-abae-466db1123842,True,primary
d571dbc7-a07e-4b94-aedb-f8bb6f134d75,David H Watters,person,,ocd-person/cf24defe-6df3-49f3-88ca-c6774b144f19,ocd-bill/a519929c-29dd-4d9f-abae-466db1123842,False,cosponsor
b4b4e8b6-f5fc-459f-8bef-531733ed9b71,Martha Fuller Clark,person,,ocd-person/823e56cb-5c51-4a09-b060-93cdb7f7ac25,ocd-bill/a519929c-29dd-4d9f-abae-466db1123842,False,cosponsor
50868a07-bee5-4c89-b63b-64f59e3c5ca2,Jon Morgan,person,,ocd-person/f169c82a-7120-4d67-85d4-d5ff21cd44ef,ocd-bill/066b140f-34f1-4ae0-a04f-479e9f852e1f,False,cosponsor
33a567ae-ce8b-4373-b9d1-af8fbb13f16b,Jay Kahn,person,,ocd-person/998e681b-6df1-4b4a-92db-7a2187cedcd8,ocd-bill/066b140f-34f1-4ae0-a04f-479e9f852e1f,True,primary
2db11c27-0109-4c01-841f-91baa4802a80,David J. Luneau,person,,ocd-person/c3c9bb99-9512-4bec-be04-d8b29ea96f3e,ocd-bill/066b140f-34f1-4ae0-a04f-479e9f852e1f,False,cosponsor
fd4c2196-c409-4442-be60-92be803681a0,Peter B. Schmidt,person,,ocd-person/16654889-3b48-44d6-a6d3-8da5d7a434f1,ocd-bill/02c895a9-65d3-4937-90e9-3d556a53fb95,True,primary
ede226bb-d6b9-47b1-a37c-76d1019a2ea1,Heidi M. Hamer,person,,ocd-person/b64a1dfb-4b79-4424-96d3-972f6ef2b6eb,ocd-bill/8d58d2bf-1aa3-4a10-9d3e-472820c5697e,False,cosponsor
66d59d40-71ff-4903-9a4f-c55a0240671f,Timothy J. Smith,person,,ocd-person/b5ca2038-c971-48a1-9d59-f9acf2b0806b,ocd-bill/8d58d2bf-1aa3-4a10-9d3e-472820c5697e,True,primary
825df17f-d6ad-44a4-bbf1-f0270231373b,Bruce L. Cohen,person,,ocd-person/02abc1d7-340f-4cdd-b64d-4ce3cca59304,ocd-bill/8c56f344-393a-4248-85e0-23ee85cea437,False,cosponsor
24e9be64-6afb-4437-8bc5-ee2e54c82e6c,Wendy E.N. Thomas,person,,ocd-person/2375b05c-cf9a-4f1b-a4b0-194fac6d86bf,ocd-bill/8c56f344-393a-4248-85e0-23ee85cea437,False,cosponsor
d0ca3f62-5b15-40d6-b67e-50a9648ea1e1,Jay Kahn,person,,ocd-person/998e681b-6df1-4b4a-92db-7a2187cedcd8,ocd-bill/8c56f344-393a-4248-85e0-23ee85cea437,False,cosponsor
b641fdb4-f92d-4ebd-aa96-29e1d4c167a2,Judith T. Spang,person,,ocd-person/1c49114b-ec16-4617-8b35-f7ce02d6daa4,ocd-bill/8c56f344-393a-4248-85e0-23ee85cea437,True,primary
801cccc2-0ad4-4be1-bdeb-2eee74e43cd0,Wayne T. Moynihan,person,,ocd-person/51b991c2-a527-435c-a516-7490e43b2979,ocd-bill/8c56f344-393a-4248-85e0-23ee85cea437,False,cosponsor
efbfa929-6f5a-415e-8921-3cc5693f82af,David H Watters,person,,ocd-person/cf24defe-6df3-49f3-88ca-c6774b144f19,ocd-bill/8c56f344-393a-4248-85e0-23ee85cea437,False,cosponsor
086f06e0-f5e0-4cf5-87a0-af9453b65263,Jon Morgan,person,,ocd-person/f169c82a-7120-4d67-85d4-d5ff21cd44ef,ocd-bill/1db67827-0d37-48c1-913e-b7658c245960,False,cosponsor
f3a45573-68a3-4f24-9bda-d09ba6af433c,Cindy Rosenwald,person,,ocd-person/f3e949ce-6d98-4826-bbca-08039cea4ea4,ocd-bill/1db67827-0d37-48c1-913e-b7658c245960,False,cosponsor
1d9d05b8-b1ed-4fea-8ecd-d5284853a01f,Jeanne Dietsch,person,,ocd-person/8e7e0c04-e019-4ffe-a281-18beee5d939f,ocd-bill/1db67827-0d37-48c1-913e-b7658c245960,False,cosponsor
d1963430-c82b-4125-a6dd-465c94ff510b,Tom Sherman,person,,ocd-person/ee95d0de-e55e-4733-ba97-0fde66adf65c,ocd-bill/1db67827-0d37-48c1-913e-b7658c245960,True,primary
48060cbd-951d-4691-9fdd-e706a054ba5e,Martha S. Hennessey,person,,ocd-person/f2700034-7f3d-4834-bb66-b848a7ca748a,ocd-bill/1db67827-0d37-48c1-913e-b7658c245960,False,cosponsor
5d38e137-cb96-4088-b528-d530cc3b8b44,William M. Marsh,person,,ocd-person/22006937-f2ca-4a2e-b92a-457777933dc7,ocd-bill/1db67827-0d37-48c1-913e-b7658c245960,False,cosponsor
538f71ad-bc42-489c-8958-c9a168989225,Christy D. Bartlett,person,,ocd-person/59afcf2a-d688-4495-a53d-b10faeffd222,ocd-bill/1db67827-0d37-48c1-913e-b7658c245960,False,cosponsor
f096d57b-1672-45ae-87ff-70db64dcbb4b,Charles E. McMahon,person,,ocd-person/28d59199-5bae-46fe-99f3-ec78e330cdeb,ocd-bill/1db67827-0d37-48c1-913e-b7658c245960,False,cosponsor
1efdec1e-fbaf-4e87-bcb0-3b8bf24cc07f,Martha Fuller Clark,person,,ocd-person/823e56cb-5c51-4a09-b060-93cdb7f7ac25,ocd-bill/1db67827-0d37-48c1-913e-b7658c245960,False,cosponsor
edf062ca-c219-4f09-9580-cc0b25bf190f,Melanie Levesque,person,,ocd-person/282926cd-63f0-4ac4-ad16-5e96eb1c4e0b,ocd-bill/555f2d7e-2308-49a3-a5f8-75715affed6f,False,cosponsor
2de01da6-dcb8-4ec0-9155-e1d1b79128f5,Daryl A. Abbas,person,,ocd-person/6dfd683a-1f79-49db-95a9-07f4f9898a22,ocd-bill/555f2d7e-2308-49a3-a5f8-75715affed6f,False,cosponsor
a540910d-da21-4c86-919d-d5b8aeab8ab7,Ray E. Newman,person,,ocd-person/f68b34d8-19af-449e-a4cc-3d2729bb9e23,ocd-bill/555f2d7e-2308-49a3-a5f8-75715affed6f,False,cosponsor
23790a42-9667-4c7a-8cd0-d2652fe4e260,Skip J. Cleaver,person,,ocd-person/6edff50b-8390-4046-a376-214136ea64d9,ocd-bill/555f2d7e-2308-49a3-a5f8-75715affed6f,False,cosponsor
c247df17-09e5-4657-bdf9-eaa7c08da130,Julie Radhakrishnan,person,,ocd-person/79f9410e-748e-4a05-a48f-047fef64d1cf,ocd-bill/555f2d7e-2308-49a3-a5f8-75715affed6f,True,primary
5c379a6f-65d6-4016-9a85-192879d049ff,Beth Rodd,person,,ocd-person/f40ba0df-9993-4bf1-b52d-d7989fb5a7f7,ocd-bill/555f2d7e-2308-49a3-a5f8-75715affed6f,False,cosponsor
38dad2ed-09a4-49c1-8e27-44a02c848cd4,David A. Welch,person,,ocd-person/b8201b25-9bdd-45d3-819d-5bae4c670ad0,ocd-bill/555f2d7e-2308-49a3-a5f8-75715affed6f,False,cosponsor
e46f2c7e-ec8d-461f-9162-35dd1edf8276,Suzanne M. Vail,person,,ocd-person/ce985799-268d-4190-b078-955fc63a8c3c,ocd-bill/555f2d7e-2308-49a3-a5f8-75715affed6f,False,cosponsor
93c3e752-aad5-43b4-88f7-8b02ea3871af,Janice E. Schmidt,person,,ocd-person/ec374833-801f-4c21-9261-67cdefc1ba44,ocd-bill/555f2d7e-2308-49a3-a5f8-75715affed6f,False,cosponsor
ffd4ba0a-6d64-45e8-ac0d-2668ea3e907b,Laura C. Pantelakos,person,,ocd-person/957b326c-6910-4328-afcb-533b975c2202,ocd-bill/555f2d7e-2308-49a3-a5f8-75715affed6f,False,cosponsor
0f500d0d-d8ab-4bb5-8241-3d3bbf006e15,JP Marzullo,person,,ocd-person/135d4bfd-1bef-43f1-8706-8b4ec8967509,ocd-bill/cfea9fcb-0e79-4147-92c3-eec08f79e1d1,False,cosponsor
80b54a1e-946f-473c-8d83-647e58ea8f2d,Joel M. Desilets,person,,ocd-person/24779516-6700-489c-8ce0-e100abf2393f,ocd-bill/cfea9fcb-0e79-4147-92c3-eec08f79e1d1,False,cosponsor
24d3a652-e987-431d-afdd-46fff12812bc,Craig R. Thompson,person,,ocd-person/5295b45f-d39a-4375-9aff-3b5b1603fa2d,ocd-bill/cfea9fcb-0e79-4147-92c3-eec08f79e1d1,True,primary
de580dbb-f78e-4b1f-a902-7786b254f4bb,Sparky Von Plinsky,person,,ocd-person/28f9b7e4-ec77-462a-8707-f9bedad6f32a,ocd-bill/cfea9fcb-0e79-4147-92c3-eec08f79e1d1,False,cosponsor
9af7c6ce-bb2d-4f9e-817e-af281c0c9b6d,Amanda C. Bouldin,person,,ocd-person/7ad034dd-b6f2-4314-94d9-cffce7144e5d,ocd-bill/cfea9fcb-0e79-4147-92c3-eec08f79e1d1,False,cosponsor
46b23459-7ab0-4de2-9472-eb8fece43c45,Skip A. Rollins,person,,ocd-person/31d4d765-be08-4393-8e9a-21444cf8b411,ocd-bill/cfea9fcb-0e79-4147-92c3-eec08f79e1d1,False,cosponsor
0145196b-a4cf-4d4f-a933-a6473385159d,Linda A. Massimilla,person,,ocd-person/c018f667-a248-4b79-b8be-63740191e1ff,ocd-bill/cfea9fcb-0e79-4147-92c3-eec08f79e1d1,False,cosponsor
c66354ef-ee5b-4687-83b9-107936089a78,Al P. Baldasaro,person,,ocd-person/3807f9c1-b590-4496-8a1e-b0ff84ba592d,ocd-bill/cfea9fcb-0e79-4147-92c3-eec08f79e1d1,False,cosponsor
2f3c7f72-c49d-4f3d-b741-0ff1c299a4d4,Jon Morgan,person,,ocd-person/f169c82a-7120-4d67-85d4-d5ff21cd44ef,ocd-bill/d76347b8-7761-47cc-9e64-b26eb21db048,False,cosponsor
58c07976-c68a-4389-94ae-ddb52b6337db,Cindy Rosenwald,person,,ocd-person/f3e949ce-6d98-4826-bbca-08039cea4ea4,ocd-bill/d76347b8-7761-47cc-9e64-b26eb21db048,False,cosponsor
6f3f6518-8c17-4c89-b7d5-ef4a4c9d3651,Melanie Levesque,person,,ocd-person/282926cd-63f0-4ac4-ad16-5e96eb1c4e0b,ocd-bill/d76347b8-7761-47cc-9e64-b26eb21db048,True,primary
9ffc5fd3-df13-4ebc-9600-8eed11f17a08,Shannon E Chandley,person,,,ocd-bill/d76347b8-7761-47cc-9e64-b26eb21db048,False,cosponsor
fd9e159d-e829-43b6-a830-42ad3eff6cc8,Laura D. Telerski,person,,ocd-person/ac414b7c-45dc-48b6-9530-eaa8e80b124f,ocd-bill/d76347b8-7761-47cc-9e64-b26eb21db048,False,cosponsor
164e8fe7-cb27-435e-9a02-c900f639d24f,Tom Sherman,person,,ocd-person/ee95d0de-e55e-4733-ba97-0fde66adf65c,ocd-bill/d76347b8-7761-47cc-9e64-b26eb21db048,False,cosponsor
d1439269-847e-4f33-92b2-9fce8881224a,Jay Kahn,person,,ocd-person/998e681b-6df1-4b4a-92db-7a2187cedcd8,ocd-bill/d76347b8-7761-47cc-9e64-b26eb21db048,False,cosponsor
29ef9b2f-4328-41b2-89ae-2f49a0e597ce,James P. Gray,person,,ocd-person/e6443187-eb51-42eb-8bd7-349ed0ba9641,ocd-bill/d76347b8-7761-47cc-9e64-b26eb21db048,False,cosponsor
cb6d5927-c4c6-448a-a684-d6ce3ccaa346,Martha S. Hennessey,person,,ocd-person/f2700034-7f3d-4834-bb66-b848a7ca748a,ocd-bill/d76347b8-7761-47cc-9e64-b26eb21db048,False,cosponsor
8d2ab8b8-aaaa-4ef6-b93e-9b9517fb775f,Skip J. Cleaver,person,,ocd-person/6edff50b-8390-4046-a376-214136ea64d9,ocd-bill/d76347b8-7761-47cc-9e64-b26eb21db048,False,cosponsor
c1810aab-2c67-4542-93f3-bb307dba046a,Regina Birdsell,person,,ocd-person/461c9024-c8c3-44a5-91d6-015a6587db5f,ocd-bill/d76347b8-7761-47cc-9e64-b26eb21db048,False,cosponsor
d6dc6d69-9bd4-4f0d-8958-dab8772cf9bb,Suzanne M. Vail,person,,ocd-person/ce985799-268d-4190-b078-955fc63a8c3c,ocd-bill/d76347b8-7761-47cc-9e64-b26eb21db048,False,cosponsor
717132bc-3ca3-43ae-96d2-5d0d0f080bd0,David H Watters,person,,ocd-person/cf24defe-6df3-49f3-88ca-c6774b144f19,ocd-bill/d76347b8-7761-47cc-9e64-b26eb21db048,False,cosponsor
d84aeffd-ad44-4235-961b-ca35b54bba80,Jeb Bradley,person,,ocd-person/3f5455e8-256e-4442-9c13-bc14f62ce76f,ocd-bill/d76347b8-7761-47cc-9e64-b26eb21db048,False,cosponsor
13f90f1b-8b18-4090-a877-588a761c1564,Martha Fuller Clark,person,,ocd-person/823e56cb-5c51-4a09-b060-93cdb7f7ac25,ocd-bill/d76347b8-7761-47cc-9e64-b26eb21db048,False,cosponsor
c4153b48-5a6d-4ca4-9c8b-a289bc0b5fe7,Kevin Cavanaugh,person,,ocd-person/7fb2bb33-cbdb-4dfd-9369-64f19f179777,ocd-bill/068a5df4-22ec-4dba-ba25-1f3e37e41eda,False,cosponsor
2a394da7-8a7c-42ec-b3ee-011f88f56d89,Bob J. Giuda,person,,ocd-person/7739a4d0-534e-4bdb-b7fb-6a8f348e833e,ocd-bill/068a5df4-22ec-4dba-ba25-1f3e37e41eda,False,cosponsor
3a3cb460-85cf-4c27-a27e-67ddb208de0a,Jeb Bradley,person,,ocd-person/3f5455e8-256e-4442-9c13-bc14f62ce76f,ocd-bill/068a5df4-22ec-4dba-ba25-1f3e37e41eda,False,cosponsor
0942f7d6-89a8-40c4-b977-f455a85462d0,Lou D'Allesandro,person,,ocd-person/87c48788-817d-408b-a1e1-ebe1c9fd893d,ocd-bill/068a5df4-22ec-4dba-ba25-1f3e37e41eda,True,primary
6eae572c-a67d-4379-9a27-dc8b70c4524d,Harry H. Bean,person,,ocd-person/5a633278-e4a7-4a58-9c9d-2d917deefd40,ocd-bill/33e21688-2098-4603-83b1-86dc3cc80c1c,False,cosponsor
25a9ef70-21cd-4593-96b4-17b39befe37c,Deanna E. Jurius,person,,ocd-person/59a4b4ce-cbf6-462e-a18f-582bb9af2c38,ocd-bill/33e21688-2098-4603-83b1-86dc3cc80c1c,False,cosponsor
6917ce33-01a8-4c9a-b572-7fcedf37b6c8,Charlie G. St. Clair,person,,ocd-person/643751f4-6db0-4021-bf76-b8f2483d640d,ocd-bill/33e21688-2098-4603-83b1-86dc3cc80c1c,False,cosponsor
03c6ef70-084a-4aa2-94df-856f97e84157,James P. Gray,person,,ocd-person/e6443187-eb51-42eb-8bd7-349ed0ba9641,ocd-bill/33e21688-2098-4603-83b1-86dc3cc80c1c,False,cosponsor
0c616948-bcd8-4da2-a581-95f40bc9974b,Barbara Comtois,person,,ocd-person/3e0ee111-2332-4742-b073-a23cc37a8b51,ocd-bill/33e21688-2098-4603-83b1-86dc3cc80c1c,False,cosponsor
3a5e2180-f458-4972-b8c3-c33526cd36a4,John R. Plumer,person,,ocd-person/867ccf71-9ca1-47cf-9c4f-0c5f715c412e,ocd-bill/33e21688-2098-4603-83b1-86dc3cc80c1c,False,cosponsor
4a4e72e0-584a-4b8b-8605-ff033c73e721,Raymond J. Howard,person,,ocd-person/2d20ed08-99dd-4520-8637-dfc71b6a2e01,ocd-bill/33e21688-2098-4603-83b1-86dc3cc80c1c,True,primary
8bb5789c-a825-4902-bdb6-0d47bdda818e,Glen C. Aldrich,person,,ocd-person/620d9d69-c8fb-47ad-ad25-1c1ef75c39dd,ocd-bill/33e21688-2098-4603-83b1-86dc3cc80c1c,False,cosponsor
474fafaa-afe4-45a5-aa3f-bca38769b450,Michael J. Sylvia,person,,ocd-person/2e6feb2e-6f22-4909-b907-93f4c0f9ae9b,ocd-bill/33e21688-2098-4603-83b1-86dc3cc80c1c,False,cosponsor
bded0033-0b43-4403-829b-ea1cb9c867e9,Jon Morgan,person,,ocd-person/f169c82a-7120-4d67-85d4-d5ff21cd44ef,ocd-bill/34166288-5539-455d-adc5-e8e194cc6f66,False,cosponsor
002561a2-e8a4-4dbd-90ed-8873768c58aa,Jay Kahn,person,,ocd-person/998e681b-6df1-4b4a-92db-7a2187cedcd8,ocd-bill/34166288-5539-455d-adc5-e8e194cc6f66,True,primary
078d0007-ef0a-4025-bb58-a582f20f6031,David J. Luneau,person,,ocd-person/c3c9bb99-9512-4bec-be04-d8b29ea96f3e,ocd-bill/34166288-5539-455d-adc5-e8e194cc6f66,False,cosponsor
a4ebcae9-1912-4b17-9c49-024b98a8c62d,Linda L. Tanner,person,,ocd-person/950e6cfe-ff6c-49ed-a4c2-1e66e60c6315,ocd-bill/34166288-5539-455d-adc5-e8e194cc6f66,False,cosponsor
b95a20c9-8618-4aa4-b7fb-c9964336c7c5,David H Watters,person,,ocd-person/cf24defe-6df3-49f3-88ca-c6774b144f19,ocd-bill/34166288-5539-455d-adc5-e8e194cc6f66,False,cosponsor
0ca17b42-4a46-4586-b967-40c767ca55a7,Kevin Cavanaugh,person,,ocd-person/7fb2bb33-cbdb-4dfd-9369-64f19f179777,ocd-bill/8606caa8-8cbd-4e5d-b6ca-4dbb7a67a4e8,True,primary
cd6e1ddf-8a5c-42c6-849e-7a529f404e09,Bob J. Giuda,person,,ocd-person/7739a4d0-534e-4bdb-b7fb-6a8f348e833e,ocd-bill/f297c90f-ed44-4fa5-ae29-6f4a05e6105a,False,cosponsor
4c290933-837d-4d7b-8f67-b37c81c67fb6,Dan Feltes,person,,ocd-person/e97501d7-4bef-403f-8d48-9fcecc980cf5,ocd-bill/f297c90f-ed44-4fa5-ae29-6f4a05e6105a,False,cosponsor
853724b3-dc55-4c17-8c52-2f8cd552c825,Suzanne J. Smith,person,,ocd-person/6a75f502-50fd-47e7-8160-1fce1205550e,ocd-bill/f297c90f-ed44-4fa5-ae29-6f4a05e6105a,False,cosponsor
715c8e4a-ec3c-4f87-9ad6-1d4b1c991a81,Andrew Renzullo,person,,ocd-person/b8aa741e-30b1-4d45-8f6a-7241f0d0eed2,ocd-bill/f297c90f-ed44-4fa5-ae29-6f4a05e6105a,False,cosponsor
4652e3ad-b60c-46d8-aec4-fa2e49184202,Judith T. Spang,person,,ocd-person/1c49114b-ec16-4617-8b35-f7ce02d6daa4,ocd-bill/f297c90f-ed44-4fa5-ae29-6f4a05e6105a,False,cosponsor
447183cd-fba1-44aa-8234-d33ee22d9daf,David H Watters,person,,ocd-person/cf24defe-6df3-49f3-88ca-c6774b144f19,ocd-bill/f297c90f-ed44-4fa5-ae29-6f4a05e6105a,False,cosponsor
26aca164-5d68-4559-9f0c-236b90711637,Jeb Bradley,person,,ocd-person/3f5455e8-256e-4442-9c13-bc14f62ce76f,ocd-bill/f297c90f-ed44-4fa5-ae29-6f4a05e6105a,True,primary
3edb5cda-c991-4508-8c43-d748ba7d929f,Henry W. Noel,person,,ocd-person/45f66764-aad6-4251-9c18-a311607d9cef,ocd-bill/d8e76c70-a902-49e3-a24e-6ad4f0c3bf5d,False,cosponsor
e90fd8c7-df3f-4086-969b-22aeacf99e06,Larry L. Laflamme,person,,ocd-person/86b73f08-dd73-4ee5-85b4-7418eaf27c8b,ocd-bill/d8e76c70-a902-49e3-a24e-6ad4f0c3bf5d,False,cosponsor
49d654e3-49fd-4c69-a9a3-98ebaf7cd585,Troy E. Merner,person,,ocd-person/729664f2-12c4-4c70-82a5-fee852813a0c,ocd-bill/d8e76c70-a902-49e3-a24e-6ad4f0c3bf5d,False,cosponsor
7e7b4e8f-592f-471a-a1b0-71cac2bf58bb,Erin T. Hennessey,person,,ocd-person/91d16c36-2236-4bef-8009-004bd036c22a,ocd-bill/d8e76c70-a902-49e3-a24e-6ad4f0c3bf5d,False,cosponsor
d82af10b-65c0-48e3-b963-85f7378a9b23,Wayne T. Moynihan,person,,ocd-person/51b991c2-a527-435c-a516-7490e43b2979,ocd-bill/d8e76c70-a902-49e3-a24e-6ad4f0c3bf5d,True,primary
cf817f8e-7c81-4343-aa8d-c232bc2de5f4,Patricia S. Klee,person,,ocd-person/3a5791f9-bea1-4fa8-86bb-f54d2efaa86e,ocd-bill/ae7cbfc0-9e80-4aa6-9de5-a9403df4de7c,True,primary
1eb15f39-0a74-49c3-bfdb-0b0c380bfd0e,Julie Radhakrishnan,person,,ocd-person/79f9410e-748e-4a05-a48f-047fef64d1cf,ocd-bill/ae7cbfc0-9e80-4aa6-9de5-a9403df4de7c,False,cosponsor
e480577b-1166-4420-8b4f-2c390f48de09,Suzanne M. Vail,person,,ocd-person/ce985799-268d-4190-b078-955fc63a8c3c,ocd-bill/ae7cbfc0-9e80-4aa6-9de5-a9403df4de7c,False,cosponsor
c956fe56-c58f-4e6b-94a1-376f004b58b1,Janice E. Schmidt,person,,ocd-person/ec374833-801f-4c21-9261-67cdefc1ba44,ocd-bill/ae7cbfc0-9e80-4aa6-9de5-a9403df4de7c,False,cosponsor
7a42cce4-e58b-4033-a948-8dfb45941e43,Peter T. Hayward,person,,ocd-person/cdc23d09-1fe6-4625-a267-3a676426b5a7,ocd-bill/a00909a2-196a-40af-b5e4-dcabffd06dd2,False,cosponsor
2fc9cbfc-8f7e-4316-84e9-65037c00a9fa,Abigail G. Rooney,person,,ocd-person/787cf45f-8d30-4198-b596-f0718db94fbc,ocd-bill/a00909a2-196a-40af-b5e4-dcabffd06dd2,False,cosponsor
de6cf3a7-f361-43ce-991a-3f1456cee1e5,Jeb Bradley,person,,ocd-person/3f5455e8-256e-4442-9c13-bc14f62ce76f,ocd-bill/a00909a2-196a-40af-b5e4-dcabffd06dd2,True,primary
da793f6b-e30e-4a1d-8207-2de3c790c7ab,David A. Welch,person,,ocd-person/b8201b25-9bdd-45d3-819d-5bae4c670ad0,ocd-bill/7560ec39-dbc0-4dc6-af95-b4bec99f85d7,True,primary
b21229fd-c1d2-4e9a-9d7e-ed541dd1e059,Janet G. Wall,person,,ocd-person/2830876f-1a4d-4332-ae2a-a97607c4e1b9,ocd-bill/7560ec39-dbc0-4dc6-af95-b4bec99f85d7,False,cosponsor
494f530f-6dd1-4ffd-87c4-20536d36461c,David H Watters,person,,ocd-person/cf24defe-6df3-49f3-88ca-c6774b144f19,ocd-bill/7560ec39-dbc0-4dc6-af95-b4bec99f85d7,False,cosponsor
69681e38-eec9-430c-a318-1177e3f87b5b,Martha Fuller Clark,person,,ocd-person/823e56cb-5c51-4a09-b060-93cdb7f7ac25,ocd-bill/7560ec39-dbc0-4dc6-af95-b4bec99f85d7,False,cosponsor
483882f7-7e4c-4f0b-be41-b5cf0f5bbddb,Lou D'Allesandro,person,,ocd-person/87c48788-817d-408b-a1e1-ebe1c9fd893d,ocd-bill/7560ec39-dbc0-4dc6-af95-b4bec99f85d7,False,cosponsor
ca0a5c82-49dc-485a-91b0-cbe5dfbcfbd4,Jeanne Dietsch,person,,ocd-person/8e7e0c04-e019-4ffe-a281-18beee5d939f,ocd-bill/b32ef778-2318-40ca-8176-a85733603997,False,cosponsor
9ac81bc2-c0ab-4e35-9a3c-361c20e74d69,Jacqueline H. Chretien,person,,ocd-person/8e044671-4143-41a6-a341-6c8514bb2d66,ocd-bill/b32ef778-2318-40ca-8176-a85733603997,False,cosponsor
3f070bad-68bb-4390-afbd-89f44b96693b,Andrew J. Bouldin,person,,ocd-person/ad413289-53c5-4966-9f0f-fd392d95a827,ocd-bill/b32ef778-2318-40ca-8176-a85733603997,True,primary
3ecd77e0-1902-4262-96cf-7707c8de023d,Casey M. Conley,person,,ocd-person/3290a4d4-7403-45f8-adc4-4e26e0fefa09,ocd-bill/b32ef778-2318-40ca-8176-a85733603997,False,cosponsor
fec731ab-99fd-48eb-8143-2d03cdbcb137,Martha S. Hennessey,person,,ocd-person/f2700034-7f3d-4834-bb66-b848a7ca748a,ocd-bill/b32ef778-2318-40ca-8176-a85733603997,False,cosponsor
d55e105e-4ec2-4b40-8a3e-b43769d5870f,Timothy Josephson,person,,ocd-person/62149ad2-7d4c-42b6-be2b-281618dd7c97,ocd-bill/b32ef778-2318-40ca-8176-a85733603997,False,cosponsor
1b3f9ef1-3d05-4f27-98d3-23fcc20e1a5d,Jerry L. Knirk,person,,ocd-person/ce0bd184-d264-46d8-87fc-f2590e2a1ed1,ocd-bill/b32ef778-2318-40ca-8176-a85733603997,False,cosponsor
19074289-9e11-4c5a-abdd-b526d276bbe3,David B. Doherty,person,,ocd-person/b2b46bdc-a9ee-4d6a-8535-93bea4190ddb,ocd-bill/b32ef778-2318-40ca-8176-a85733603997,False,cosponsor
83d21ab1-4677-4df0-bc68-d7cac983d3e0,Amanda C. Bouldin,person,,ocd-person/7ad034dd-b6f2-4314-94d9-cffce7144e5d,ocd-bill/b32ef778-2318-40ca-8176-a85733603997,False,cosponsor
bb87c160-908f-48cb-b63e-969648efe5a7,Richard M. Abel,person,,ocd-person/2c3d82bc-5ebd-48d1-98e9-2db8b64c2562,ocd-bill/b32ef778-2318-40ca-8176-a85733603997,False,cosponsor
10127ba6-bea1-4a5d-91ec-071aa60906bd,Timothy O. Horrigan,person,,ocd-person/2a11a559-c16e-4211-82ea-215951d74c1f,ocd-bill/b32ef778-2318-40ca-8176-a85733603997,False,cosponsor
ce879e1b-f33f-4882-8ef3-3bfdcbcc1152,Laura C. Pantelakos,person,,ocd-person/957b326c-6910-4328-afcb-533b975c2202,ocd-bill/b32ef778-2318-40ca-8176-a85733603997,False,cosponsor
9d2444d1-9963-4531-b85d-b34394221ae8,Ruth Ward,person,,ocd-person/9089a509-1f26-4770-adc6-199ed716e692,ocd-bill/69f8fdb4-1ced-46be-983e-4e3a54be2ebb,False,cosponsor
4b9e4870-d193-47f4-b195-50f96dae2342,Martha S. Hennessey,person,,ocd-person/f2700034-7f3d-4834-bb66-b848a7ca748a,ocd-bill/69f8fdb4-1ced-46be-983e-4e3a54be2ebb,False,cosponsor
498b0491-4d29-4b1f-9a5c-ef14fae2a823,George E. Sykes,person,,ocd-person/1d64c012-42cd-433e-9e51-d449279fe57e,ocd-bill/69f8fdb4-1ced-46be-983e-4e3a54be2ebb,False,cosponsor
9138e90c-0f4e-4eaa-870d-d5a77262e67a,Karen E. Ebel,person,,ocd-person/947e2e2b-04eb-4f92-9f83-aef8760517e0,ocd-bill/69f8fdb4-1ced-46be-983e-4e3a54be2ebb,False,cosponsor
f50d8222-598c-4f9b-b5b6-853baf8e5591,John T. O'Connor,person,,ocd-person/60882336-f4d2-45e4-b194-d2b99cae7610,ocd-bill/69f8fdb4-1ced-46be-983e-4e3a54be2ebb,False,cosponsor
4546bd83-95b2-4cb4-9530-fc025b5558b4,John A. Graham,person,,ocd-person/05a586d8-4c39-4578-95f6-7aaa30b3c67c,ocd-bill/69f8fdb4-1ced-46be-983e-4e3a54be2ebb,False,cosponsor
5bc980e8-618e-4bdc-8969-463b718c60fd,John R. Cloutier,person,,ocd-person/d3dab509-1268-4b4f-b363-98932002bf2e,ocd-bill/69f8fdb4-1ced-46be-983e-4e3a54be2ebb,False,cosponsor
a73eeeb5-0883-4a07-ab14-c970c326ef6f,David H Watters,person,,ocd-person/cf24defe-6df3-49f3-88ca-c6774b144f19,ocd-bill/69f8fdb4-1ced-46be-983e-4e3a54be2ebb,True,primary
0acad315-c245-48b0-b0ab-404f71bcd4e3,Richard Ames,person,,ocd-person/47c165c7-ecd9-4b88-b9f7-2e58e8e290d4,ocd-bill/ab97db1e-0611-4721-b969-5f92fd452b60,False,cosponsor
66e2362a-a45b-4bcf-ab4e-d9c10485d814,Patrick F. Abrami,person,,ocd-person/0327f85d-1b5a-4218-a97f-f393a965d64b,ocd-bill/ab97db1e-0611-4721-b969-5f92fd452b60,True,primary
351851d7-6822-48ad-939f-ce6fd25cb078,Wendy Chase,person,,ocd-person/c24da601-15f1-482c-a234-f8443056c77a,ocd-bill/e75984f5-1ff4-4cda-a99d-6c3642491b39,False,cosponsor
99847f2a-d4d2-4a9a-889a-a9f3f2e98c14,Patricia J. Bushway,person,,ocd-person/a10abdb8-c143-498c-8b8a-1e6836699d7b,ocd-bill/e75984f5-1ff4-4cda-a99d-6c3642491b39,False,cosponsor
b3ef4687-f468-46fa-ac3a-b5ce1ac58569,Kristina M. Schultz,person,,ocd-person/8698b473-ea4e-4126-8766-a2b5b5878702,ocd-bill/e75984f5-1ff4-4cda-a99d-6c3642491b39,False,cosponsor
30e4ded1-6766-4ea0-a264-d4ab98aea200,Harold F. French,person,,ocd-person/ff11da65-174b-4fdc-b33c-e5d6d56602f0,ocd-bill/e75984f5-1ff4-4cda-a99d-6c3642491b39,False,cosponsor
ab06a6ab-8daa-4dd2-b81a-5b23b4b1476f,Martha S. Hennessey,person,,ocd-person/f2700034-7f3d-4834-bb66-b848a7ca748a,ocd-bill/e75984f5-1ff4-4cda-a99d-6c3642491b39,False,cosponsor
2cba2751-5ffb-446d-b94f-e0048055749f,Debra Altschiller,person,,ocd-person/925608b2-8d23-4186-85f6-4c50f334374d,ocd-bill/e75984f5-1ff4-4cda-a99d-6c3642491b39,False,cosponsor
357a6b07-c67c-43dc-8cd0-a7c6a0251263,Charlotte I. DiLorenzo,person,,ocd-person/75a682ff-407d-4192-858d-9ce6a979c400,ocd-bill/e75984f5-1ff4-4cda-a99d-6c3642491b39,False,cosponsor
e679ed06-390d-4b7c-bf84-3a3cf64809c6,Edward A. Butler,person,,ocd-person/fd79da58-6089-4580-bef2-ad03fc7e6bde,ocd-bill/e75984f5-1ff4-4cda-a99d-6c3642491b39,False,cosponsor
04c5b716-3399-495b-ac69-43a26b9b804e,Robert Renny Cushing,person,,ocd-person/cdb3279c-243a-4ca0-8e83-fcb10a975736,ocd-bill/e75984f5-1ff4-4cda-a99d-6c3642491b39,True,primary
e832fb57-3854-4343-9a60-310df0779e2c,Martha Fuller Clark,person,,ocd-person/823e56cb-5c51-4a09-b060-93cdb7f7ac25,ocd-bill/e75984f5-1ff4-4cda-a99d-6c3642491b39,False,cosponsor
1f880323-b21d-4cbb-9b4c-d0e5f44ce745,Tom Sherman,person,,ocd-person/ee95d0de-e55e-4733-ba97-0fde66adf65c,ocd-bill/afb4824c-fb6a-4000-8269-1321dcfaebce,False,cosponsor
7d93b0f2-7f1f-4727-998f-97bd56892b8e,Judith T. Spang,person,,ocd-person/1c49114b-ec16-4617-8b35-f7ce02d6daa4,ocd-bill/afb4824c-fb6a-4000-8269-1321dcfaebce,False,cosponsor
3e261233-0165-4b8f-8e34-882e3cc10ca4,Robert Renny Cushing,person,,ocd-person/cdb3279c-243a-4ca0-8e83-fcb10a975736,ocd-bill/afb4824c-fb6a-4000-8269-1321dcfaebce,False,cosponsor
539484e1-071a-43c6-8757-9c946ba96e41,David H Watters,person,,ocd-person/cf24defe-6df3-49f3-88ca-c6774b144f19,ocd-bill/afb4824c-fb6a-4000-8269-1321dcfaebce,True,primary
03abff1f-7c43-4061-9eb4-e6f2f46e4bce,Martha Fuller Clark,person,,ocd-person/823e56cb-5c51-4a09-b060-93cdb7f7ac25,ocd-bill/afb4824c-fb6a-4000-8269-1321dcfaebce,False,cosponsor
667924ab-ac3b-408d-8cc8-5c3a9bf670eb,Mary Jane Mulligan,person,,ocd-person/2eda7ff0-af84-4ad3-a72c-ea7c37e46877,ocd-bill/0439ce56-b2bc-4551-b288-083e46a283c9,False,cosponsor
5470c858-e6fa-439c-b4eb-9f8042fbc4ce,Skip Berrien,person,,ocd-person/c955f3c4-4732-42c2-8615-bc103ee8e0d8,ocd-bill/0439ce56-b2bc-4551-b288-083e46a283c9,False,cosponsor
25f0b490-2a0e-4402-9cf7-fca14963dd57,Mary Heath,person,,ocd-person/03bba97f-9b7c-4c33-adb7-e5202a6bd040,ocd-bill/0439ce56-b2bc-4551-b288-083e46a283c9,False,cosponsor
7ef23327-cb99-461c-aab7-9910b19d8ced,David O. Huot,person,,ocd-person/1ca469eb-22a1-4c1c-af43-a0a5456f3a4f,ocd-bill/0439ce56-b2bc-4551-b288-083e46a283c9,False,cosponsor
24b98c7a-6c26-421f-8512-60e94668f1b4,Paul S. Berch,person,,ocd-person/f96a072d-9add-44b0-8028-0ec057f31f52,ocd-bill/0439ce56-b2bc-4551-b288-083e46a283c9,False,cosponsor
7215c940-e9d4-42b8-b97f-41fc9cf67b00,Edward A. Butler,person,,ocd-person/fd79da58-6089-4580-bef2-ad03fc7e6bde,ocd-bill/0439ce56-b2bc-4551-b288-083e46a283c9,False,cosponsor
55e7df0a-11f8-4454-baf2-85992430bb86,Marjorie K. Smith,person,,ocd-person/86b31d04-3a4b-4199-b10e-27bd337f0a34,ocd-bill/0439ce56-b2bc-4551-b288-083e46a283c9,False,cosponsor
473ee1f0-1b70-4d9a-8c87-5d970281abe3,Katherine D. Rogers,person,,ocd-person/f9421528-ffb6-46f3-82bc-70b0329db823,ocd-bill/0439ce56-b2bc-4551-b288-083e46a283c9,True,primary
44cea529-7a1b-4c93-8ac7-a0c5871d4ab3,Mary Jane Wallner,person,,ocd-person/0e6f806c-ba57-4dc6-b6b4-f2a926288ca3,ocd-bill/0439ce56-b2bc-4551-b288-083e46a283c9,False,cosponsor
602b1aa8-8c3f-488a-b348-4a46fe3d5204,James P. Gray,person,,ocd-person/e6443187-eb51-42eb-8bd7-349ed0ba9641,ocd-bill/44c13a11-c431-4b9b-91dc-bc75ed87c637,False,cosponsor
07e00e5f-a591-4ad2-b531-bb22d63d837a,Regina Birdsell,person,,ocd-person/461c9024-c8c3-44a5-91d6-015a6587db5f,ocd-bill/44c13a11-c431-4b9b-91dc-bc75ed87c637,False,cosponsor
63fb7225-08d6-4493-b848-e9990f4cdf03,Kenneth L. Weyler,person,,ocd-person/e2f9dd7e-b221-4cf0-b7de-5daa70658669,ocd-bill/44c13a11-c431-4b9b-91dc-bc75ed87c637,False,cosponsor
0655004f-cca5-4a03-b394-2085bd500425,David H Watters,person,,ocd-person/cf24defe-6df3-49f3-88ca-c6774b144f19,ocd-bill/44c13a11-c431-4b9b-91dc-bc75ed87c637,True,primary
8be067d2-8cff-4334-849a-e0f5c0190e33,Peg Higgins,person,,ocd-person/d359f996-32f7-463d-bea8-a84795b954d1,ocd-bill/fd98cbed-82c9-48ba-83e9-bbd433fc2b28,False,cosponsor
b215ee0b-3a7b-4751-9e68-763673288906,Connie B. Lane,person,,ocd-person/8171a035-7cc1-4a7f-b086-9bdb800782da,ocd-bill/fd98cbed-82c9-48ba-83e9-bbd433fc2b28,True,primary
265a1869-cca2-46d4-b84a-ef338bb3b675,Betty I. Gay,person,,ocd-person/c2486401-1c5f-4cfc-b4ef-bbae6b8c0489,ocd-bill/fd98cbed-82c9-48ba-83e9-bbd433fc2b28,False,cosponsor
9fe5975e-9aef-4900-aa4d-7c57fa5ba96c,David O. Huot,person,,ocd-person/1ca469eb-22a1-4c1c-af43-a0a5456f3a4f,ocd-bill/fd98cbed-82c9-48ba-83e9-bbd433fc2b28,False,cosponsor
3c71089e-52b3-45c4-8c55-f1e0d34f272f,Martha Fuller Clark,person,,ocd-person/823e56cb-5c51-4a09-b060-93cdb7f7ac25,ocd-bill/fd98cbed-82c9-48ba-83e9-bbd433fc2b28,False,cosponsor
3c058ff1-c4d5-4b71-85a4-d2546cf13a45,JP Marzullo,person,,ocd-person/135d4bfd-1bef-43f1-8706-8b4ec8967509,ocd-bill/12d88926-aed0-4b1d-a9a5-aaf20c47e136,False,cosponsor
c7e0f8bd-07a5-44b2-9d4e-08f006148171,Nicole Klein-Knight,person,,ocd-person/f91f87c5-d22a-48b7-ac4a-c2519d086ec7,ocd-bill/12d88926-aed0-4b1d-a9a5-aaf20c47e136,False,cosponsor
9e73b74e-17ca-421b-87b7-ddf258dfb232,Timothy P. Lang,person,,ocd-person/85064309-421e-4611-a6c5-800234db68fb,ocd-bill/12d88926-aed0-4b1d-a9a5-aaf20c47e136,False,cosponsor
9bf208ad-7984-4d3e-9bbb-fa7b65f84918,Katherine J. Prudhomme-O'Brien,person,,,ocd-bill/12d88926-aed0-4b1d-a9a5-aaf20c47e136,True,primary
09c35d0a-e5cd-47e9-9982-8256853acd99,Barbara J. Griffin,person,,ocd-person/ce1a184c-47a7-4b48-a028-d39585bcf9c3,ocd-bill/12d88926-aed0-4b1d-a9a5-aaf20c47e136,False,cosponsor
f52786c4-696b-4e2f-8a17-e2f14a629cbd,Tom Dolan,person,,ocd-person/330b6b4b-dfa6-4379-ae45-bedd9b276fcd,ocd-bill/7bfb33a5-b535-457c-b210-068800fb18b1,False,cosponsor
5c6c8f34-eb17-4258-b388-2dd8ddb37784,Jaci L. Grote,person,,ocd-person/26f01212-5287-4735-aa1f-77e4f0d2acb6,ocd-bill/7bfb33a5-b535-457c-b210-068800fb18b1,False,cosponsor
32d7661a-0fe6-4d86-89f2-1e6cf8a3ad1a,Jim V. Maggiore,person,,ocd-person/deb760cf-91f7-415c-949a-bab0c5311d6f,ocd-bill/7bfb33a5-b535-457c-b210-068800fb18b1,False,cosponsor
03ce11b9-f926-4f41-a2f2-6ff66ed398cc,Judith T. Spang,person,,ocd-person/1c49114b-ec16-4617-8b35-f7ce02d6daa4,ocd-bill/7bfb33a5-b535-457c-b210-068800fb18b1,False,cosponsor
862f5131-68a2-489a-bb33-aec6a511f521,Martha Fuller Clark,person,,ocd-person/823e56cb-5c51-4a09-b060-93cdb7f7ac25,ocd-bill/7bfb33a5-b535-457c-b210-068800fb18b1,True,primary
84db05ac-7b1b-4558-bded-25b4f71e391f,Jon Morgan,person,,ocd-person/f169c82a-7120-4d67-85d4-d5ff21cd44ef,ocd-bill/8a142a51-7689-44b1-8277-50a09a2217ee,False,cosponsor
9e5dfbfa-8c0b-4cfe-b764-0e26a1c3359d,Cindy Rosenwald,person,,ocd-person/f3e949ce-6d98-4826-bbca-08039cea4ea4,ocd-bill/8a142a51-7689-44b1-8277-50a09a2217ee,False,cosponsor
82d4e2c7-fc86-4736-b59b-0033326c5bc8,Shannon E Chandley,person,,,ocd-bill/8a142a51-7689-44b1-8277-50a09a2217ee,False,cosponsor
baf8dfdd-bc25-4833-a045-f5a6a21c50b3,Ruth Ward,person,,ocd-person/9089a509-1f26-4770-adc6-199ed716e692,ocd-bill/8a142a51-7689-44b1-8277-50a09a2217ee,False,cosponsor
51b8660d-d3c9-4a43-8e57-b6f9be221d8c,James P. Gray,person,,ocd-person/e6443187-eb51-42eb-8bd7-349ed0ba9641,ocd-bill/8a142a51-7689-44b1-8277-50a09a2217ee,True,primary
b2526f25-18ce-4e62-b3d5-d25283d5849d,Bob J. Giuda,person,,ocd-person/7739a4d0-534e-4bdb-b7fb-6a8f348e833e,ocd-bill/8a142a51-7689-44b1-8277-50a09a2217ee,False,cosponsor
7cc10875-7ddc-4d5a-a449-c17baf50b7ec,Regina Birdsell,person,,ocd-person/461c9024-c8c3-44a5-91d6-015a6587db5f,ocd-bill/8a142a51-7689-44b1-8277-50a09a2217ee,False,cosponsor
f4140540-c533-4370-8ed0-5f81bdcfd2d0,Norman L. Major,person,,ocd-person/f210808d-53ac-4e23-ade2-7bdb60a8e559,ocd-bill/8a142a51-7689-44b1-8277-50a09a2217ee,False,cosponsor
1122ef88-d0ed-47cd-83d3-ddd3547819de,Donna M. Soucy,person,,ocd-person/bfbbacfd-e12a-4e07-970e-c2c2c006f4a2,ocd-bill/8a142a51-7689-44b1-8277-50a09a2217ee,False,cosponsor
cf67d50b-b1a9-47c9-bfa8-4e3686b250b3,David H Watters,person,,ocd-person/cf24defe-6df3-49f3-88ca-c6774b144f19,ocd-bill/8a142a51-7689-44b1-8277-50a09a2217ee,False,cosponsor
f291dda9-e7db-4fbd-95f9-139088f8bc09,Jeb Bradley,person,,ocd-person/3f5455e8-256e-4442-9c13-bc14f62ce76f,ocd-bill/8a142a51-7689-44b1-8277-50a09a2217ee,False,cosponsor
c33704f3-d9ab-4081-8ecd-2fbb1d58d65c,Sharon M Carson,person,,ocd-person/00964fc0-dd57-44c3-87bf-b6d5bbc34560,ocd-bill/8a142a51-7689-44b1-8277-50a09a2217ee,False,cosponsor
1bd6bf29-915c-4d50-96f9-cf27a7aaf2af,Martha Fuller Clark,person,,ocd-person/823e56cb-5c51-4a09-b060-93cdb7f7ac25,ocd-bill/8a142a51-7689-44b1-8277-50a09a2217ee,False,cosponsor
7598f6c1-e422-4a08-adb1-671dc1eaaf01,Jon Morgan,person,,ocd-person/f169c82a-7120-4d67-85d4-d5ff21cd44ef,ocd-bill/91510b1b-5d66-40b5-aff3-80e103333839,False,cosponsor
5fad8b2d-5c64-4d22-8270-02c260d3d260,Cindy Rosenwald,person,,ocd-person/f3e949ce-6d98-4826-bbca-08039cea4ea4,ocd-bill/91510b1b-5d66-40b5-aff3-80e103333839,False,cosponsor
b2a60520-92b6-4a61-8182-3db044ec8659,Melanie Levesque,person,,ocd-person/282926cd-63f0-4ac4-ad16-5e96eb1c4e0b,ocd-bill/91510b1b-5d66-40b5-aff3-80e103333839,False,cosponsor
4ce75f5e-f28a-4641-b0a5-5d7480017fa1,Shannon E Chandley,person,,,ocd-bill/91510b1b-5d66-40b5-aff3-80e103333839,False,cosponsor
bb8ec786-8efa-4d46-a260-54716432ea62,Jeanne Dietsch,person,,ocd-person/8e7e0c04-e019-4ffe-a281-18beee5d939f,ocd-bill/91510b1b-5d66-40b5-aff3-80e103333839,True,primary
2a5255bc-5f73-43ae-9cb6-b83317400595,Chris Balch,person,,ocd-person/e9d39bb0-9ff6-4083-b8fd-1455609b3033,ocd-bill/91510b1b-5d66-40b5-aff3-80e103333839,False,cosponsor
6b111cb3-6c39-4275-8a0f-a47bb0e86e14,Karen E. Ebel,person,,ocd-person/947e2e2b-04eb-4f92-9f83-aef8760517e0,ocd-bill/91510b1b-5d66-40b5-aff3-80e103333839,False,cosponsor
a6db13d0-fcce-4ca0-9a71-d6a4d99031cb,James P. Gray,person,,ocd-person/e6443187-eb51-42eb-8bd7-349ed0ba9641,ocd-bill/5faa08fb-e400-47c9-8efa-545bf3cb1907,False,cosponsor
1aa26db0-caf0-4ce6-8117-2652c5a8277a,Bob J. Giuda,person,,ocd-person/7739a4d0-534e-4bdb-b7fb-6a8f348e833e,ocd-bill/5faa08fb-e400-47c9-8efa-545bf3cb1907,False,cosponsor
2f0d50ce-8c51-46ff-b334-47d8e371198a,Jess C. Edwards,person,,ocd-person/3787c84d-f615-4e9d-bac8-42f86ea308db,ocd-bill/5faa08fb-e400-47c9-8efa-545bf3cb1907,False,cosponsor
a8eed5bf-da46-4bdf-812f-8b8a7e439730,Regina Birdsell,person,,ocd-person/461c9024-c8c3-44a5-91d6-015a6587db5f,ocd-bill/5faa08fb-e400-47c9-8efa-545bf3cb1907,True,primary
5a6109ed-501c-4449-8883-71a93b77689b,Sharon M Carson,person,,ocd-person/00964fc0-dd57-44c3-87bf-b6d5bbc34560,ocd-bill/5faa08fb-e400-47c9-8efa-545bf3cb1907,False,cosponsor
777e8cf7-7ac2-4b07-8e33-1ecaaf608bff,Karel A. Crawford,person,,ocd-person/a0936f2f-8170-47f9-8b05-6c6697a95968,ocd-bill/41ce2f87-c73f-4ea9-970e-c25529265b3b,False,cosponsor
82f03729-637e-4583-85e9-a5bc1240443a,Glenn Cordelli,person,,ocd-person/c8aa2951-dea0-4999-9b6a-6323d9917e0b,ocd-bill/41ce2f87-c73f-4ea9-970e-c25529265b3b,False,cosponsor
654e224e-edf2-45f2-b2d5-35439a2e511c,Jeb Bradley,person,,ocd-person/3f5455e8-256e-4442-9c13-bc14f62ce76f,ocd-bill/41ce2f87-c73f-4ea9-970e-c25529265b3b,True,primary
a7461c19-ec54-4bae-b259-fa6e1ac0eb35,Jon Morgan,person,,ocd-person/f169c82a-7120-4d67-85d4-d5ff21cd44ef,ocd-bill/1f5214e0-de8a-4b5b-a63e-63177a5959cd,False,cosponsor
cd6539ca-d142-40d3-90c5-cc7cc00bf92f,Gary Merchant,person,,ocd-person/78078880-ab6f-4f87-b095-8b85c31f1780,ocd-bill/1f5214e0-de8a-4b5b-a63e-63177a5959cd,False,cosponsor
9185f5e6-1a4d-490d-8b3c-fd497fca3448,Gary L. Woods,person,,ocd-person/5d98b66b-f4d1-4776-953f-67dc348fdd12,ocd-bill/1f5214e0-de8a-4b5b-a63e-63177a5959cd,False,cosponsor
24ad0ebc-e1b5-4a69-8d8e-7283f05cc092,Casey M. Conley,person,,ocd-person/3290a4d4-7403-45f8-adc4-4e26e0fefa09,ocd-bill/1f5214e0-de8a-4b5b-a63e-63177a5959cd,False,cosponsor
a18bc959-c008-4bcb-8d5f-c7c00bd56270,Mark A. Pearson,person,,,ocd-bill/1f5214e0-de8a-4b5b-a63e-63177a5959cd,True,primary
9395a51a-ba13-45c1-bba7-fa17339a60cc,William M. Marsh,person,,ocd-person/22006937-f2ca-4a2e-b92a-457777933dc7,ocd-bill/1f5214e0-de8a-4b5b-a63e-63177a5959cd,False,cosponsor
464ca7e2-1ead-4475-8d66-f1a109a89485,Marjorie A. Porter,person,,ocd-person/0999b615-be84-4309-b4ca-68261c1155ab,ocd-bill/1f5214e0-de8a-4b5b-a63e-63177a5959cd,False,cosponsor
c042b4a9-6528-4f34-955a-982e72b3285c,Larry G. Gagne,person,,ocd-person/26d443c0-53fe-480b-bf4c-7b7a28a109e9,ocd-bill/1f5214e0-de8a-4b5b-a63e-63177a5959cd,False,cosponsor
509679c9-4f09-465b-859b-0443abba538c,Norman L. Major,person,,ocd-person/f210808d-53ac-4e23-ade2-7bdb60a8e559,ocd-bill/1f5214e0-de8a-4b5b-a63e-63177a5959cd,False,cosponsor
8add227d-3168-4039-97cf-8913140ff122,Beth Rodd,person,,ocd-person/f40ba0df-9993-4bf1-b52d-d7989fb5a7f7,ocd-bill/7a18d1eb-e3e9-4cdf-9e5d-7c34a4921686,True,primary
7273ef24-0d99-4d6b-b9cc-999712e356af,David A. Welch,person,,ocd-person/b8201b25-9bdd-45d3-819d-5bae4c670ad0,ocd-bill/7a18d1eb-e3e9-4cdf-9e5d-7c34a4921686,False,cosponsor
e0ad1e0e-5d1e-4bb0-bd38-ff123d5535b0,Shannon E Chandley,person,,,ocd-bill/b32f2b96-b342-4554-8f88-1a3589e5c760,False,cosponsor
6d7766cd-af5d-4453-9be0-5434e27c0091,David J Starr,person,,ocd-person/b19ae598-8107-4959-b150-586deb9c9852,ocd-bill/b32f2b96-b342-4554-8f88-1a3589e5c760,False,cosponsor
be3b2753-ea69-40f8-b83b-3124e59adf10,Martha S. Hennessey,person,,ocd-person/f2700034-7f3d-4834-bb66-b848a7ca748a,ocd-bill/b32f2b96-b342-4554-8f88-1a3589e5c760,False,cosponsor
f6767d98-d253-483f-a4fc-8af2562ad414,Edith M. Tucker,person,,ocd-person/68bf2851-656a-44f1-9c2c-85ea55c7d9f9,ocd-bill/b32f2b96-b342-4554-8f88-1a3589e5c760,False,cosponsor
e9f99a5d-3718-4877-9e6a-eb2a3f5873d3,Troy E. Merner,person,,ocd-person/729664f2-12c4-4c70-82a5-fee852813a0c,ocd-bill/b32f2b96-b342-4554-8f88-1a3589e5c760,False,cosponsor
351699f6-3339-45fa-b043-1c960ee2652e,David A. Welch,person,,ocd-person/b8201b25-9bdd-45d3-819d-5bae4c670ad0,ocd-bill/b32f2b96-b342-4554-8f88-1a3589e5c760,False,cosponsor
b8cd58a4-eb23-4a3b-8ce8-eaf8517d3020,Sherman A. Packard,person,,ocd-person/e94c1d98-5454-40a2-8293-ee0998fee8ca,ocd-bill/b32f2b96-b342-4554-8f88-1a3589e5c760,False,cosponsor
8517a795-8ba5-4139-b90e-ca029660556e,David H Watters,person,,ocd-person/cf24defe-6df3-49f3-88ca-c6774b144f19,ocd-bill/b32f2b96-b342-4554-8f88-1a3589e5c760,True,primary
d658d7e0-d1cd-468f-bab7-a6ddde4c3a3a,Sharon M Carson,person,,ocd-person/00964fc0-dd57-44c3-87bf-b6d5bbc34560,ocd-bill/b32f2b96-b342-4554-8f88-1a3589e5c760,False,cosponsor
c8ea9aa1-6638-4901-9a64-7421a6a07ed9,Dan Feltes,person,,ocd-person/e97501d7-4bef-403f-8d48-9fcecc980cf5,ocd-bill/a467c841-ce57-4d4f-88d8-7c6c27c5c5e5,False,cosponsor
e18cfa2b-dee5-4ab7-8ed2-f7b321667477,Donna M. Soucy,person,,ocd-person/bfbbacfd-e12a-4e07-970e-c2c2c006f4a2,ocd-bill/a467c841-ce57-4d4f-88d8-7c6c27c5c5e5,True,primary
66030fe8-733b-43b8-9f49-989b6c4e307c,John T. MacDonald,person,,ocd-person/a22a36bb-3514-4d76-a39e-791902f41d6c,ocd-bill/cd7b2a20-cdf2-40fa-a0d1-730c917bda30,False,cosponsor
4a2dd822-85b9-4be0-ad5b-937218208676,James C. Allard,person,,ocd-person/65336609-c7d5-4518-9d70-44e6e4058fb7,ocd-bill/cd7b2a20-cdf2-40fa-a0d1-730c917bda30,False,cosponsor
a9d3a67c-d24b-4fcf-b5ba-6e7ff6f40044,Joe Schapiro,person,,ocd-person/44fbe7a3-bc2c-4ab0-b669-35521e926782,ocd-bill/cd7b2a20-cdf2-40fa-a0d1-730c917bda30,False,cosponsor
58051d52-dce4-4ff5-8d57-4c36356e4114,Mark A. Pearson,person,,,ocd-bill/cd7b2a20-cdf2-40fa-a0d1-730c917bda30,False,cosponsor
120a8bd1-7ffc-4403-aef3-4297f3a14cbb,Jay Kahn,person,,ocd-person/998e681b-6df1-4b4a-92db-7a2187cedcd8,ocd-bill/cd7b2a20-cdf2-40fa-a0d1-730c917bda30,False,cosponsor
c3fd45f8-f595-4c27-9c54-ab5773edf704,Jess C. Edwards,person,,ocd-person/3787c84d-f615-4e9d-bac8-42f86ea308db,ocd-bill/cd7b2a20-cdf2-40fa-a0d1-730c917bda30,False,cosponsor
bade3c3d-5b74-47dd-9b3f-dedceab4e1aa,William M. Marsh,person,,ocd-person/22006937-f2ca-4a2e-b92a-457777933dc7,ocd-bill/cd7b2a20-cdf2-40fa-a0d1-730c917bda30,True,primary
8933584f-4478-472f-b32f-389a9dc197f5,Kendall A. Snow,person,,ocd-person/cfc39de4-1079-46cc-85d2-fa6382d4eafd,ocd-bill/cd7b2a20-cdf2-40fa-a0d1-730c917bda30,False,cosponsor
e34a36fb-1821-434d-bfa3-f9f46fc93ef6,Karel A. Crawford,person,,ocd-person/a0936f2f-8170-47f9-8b05-6c6697a95968,ocd-bill/cd7b2a20-cdf2-40fa-a0d1-730c917bda30,False,cosponsor
64777420-11a5-4072-860c-e98ef51ccbd3,Al P. Baldasaro,person,,ocd-person/3807f9c1-b590-4496-8a1e-b0ff84ba592d,ocd-bill/cd7b2a20-cdf2-40fa-a0d1-730c917bda30,False,cosponsor
97d9152d-9510-4460-bcad-2a220e6cdbdc,Jeb Bradley,person,,ocd-person/3f5455e8-256e-4442-9c13-bc14f62ce76f,ocd-bill/cd7b2a20-cdf2-40fa-a0d1-730c917bda30,False,cosponsor
e5a80f42-215c-4bdc-9145-2c14fa0394ef,Kristina M. Fargo,person,,ocd-person/c7e2f9aa-ff57-4a2e-9253-3bb9cf528c17,ocd-bill/233a1da4-fd52-4b80-ab71-c568063cd0bc,False,cosponsor
bc5c4ea6-9dcc-47ce-b099-cfdfedc1f56e,Edward A. Butler,person,,ocd-person/fd79da58-6089-4580-bef2-ad03fc7e6bde,ocd-bill/233a1da4-fd52-4b80-ab71-c568063cd0bc,True,primary
5a4e738d-751e-446b-a5ac-664f1fa72f02,Jay Kahn,person,,ocd-person/998e681b-6df1-4b4a-92db-7a2187cedcd8,ocd-bill/459a878e-8266-42cb-a253-db5c8f015ca1,False,cosponsor
65ec55e4-84ae-4831-ad7d-24ce3ef65639,Carol M. McGuire,person,,ocd-person/ae3d6133-98b5-444e-b95e-2edc2f5302dc,ocd-bill/459a878e-8266-42cb-a253-db5c8f015ca1,False,cosponsor
2f55fcd2-2b69-4ffb-868a-a71a7f13cd4d,Robert Renny Cushing,person,,ocd-person/cdb3279c-243a-4ca0-8e83-fcb10a975736,ocd-bill/459a878e-8266-42cb-a253-db5c8f015ca1,False,cosponsor
0d0b839a-1fe1-4c41-916c-f8d8cdf5a3f2,John Reagan,person,,ocd-person/f516d40a-3676-4437-8285-a931d7c2885b,ocd-bill/459a878e-8266-42cb-a253-db5c8f015ca1,True,primary
51dc849c-3c9d-4e59-830c-bc9b399712a2,Charlie G. St. Clair,person,,ocd-person/643751f4-6db0-4021-bf76-b8f2483d640d,ocd-bill/e81e7dae-2e68-4ba6-98bf-9b780ac1ac2d,False,cosponsor
ed7dd4b6-97a7-46ea-890a-c982ef258369,Harold F. French,person,,ocd-person/ff11da65-174b-4fdc-b33c-e5d6d56602f0,ocd-bill/e81e7dae-2e68-4ba6-98bf-9b780ac1ac2d,False,cosponsor
6bb81cb0-556a-43b8-b0c8-fd76162ac8cb,Peter J. Spanos,person,,ocd-person/c814c77a-197f-4883-937f-74003f9e4fdd,ocd-bill/e81e7dae-2e68-4ba6-98bf-9b780ac1ac2d,False,cosponsor
56e67f8e-c6f1-40f5-95f3-74d357b1ecc8,Patricia T. Lovejoy,person,,ocd-person/7c88eae9-feb0-494a-b1de-68307b3162ae,ocd-bill/e81e7dae-2e68-4ba6-98bf-9b780ac1ac2d,False,cosponsor
60946db3-bfb6-41e2-a422-90eb45a0b734,Chuck Morse,person,,ocd-person/72b8f708-a22d-477d-9c55-e5d14b8308a6,ocd-bill/e81e7dae-2e68-4ba6-98bf-9b780ac1ac2d,True,primary
8b356568-4b56-436a-b3da-9e0c7a73d62c,Steve J. Shurtleff,person,,ocd-person/5faefb6a-67fa-47ea-907a-8f4f545862be,ocd-bill/09cff5d5-0377-4f3e-82cc-f221325bedb4,True,primary
5a032991-938a-422c-8613-a5f0ad3a2dd8,Casey M. Conley,person,,ocd-person/3290a4d4-7403-45f8-adc4-4e26e0fefa09,ocd-bill/e3013cb8-654f-4ff3-8106-4024331fed2f,False,cosponsor
ab470381-1693-4feb-a70a-d8e81c08c035,David A. Welch,person,,ocd-person/b8201b25-9bdd-45d3-819d-5bae4c670ad0,ocd-bill/e3013cb8-654f-4ff3-8106-4024331fed2f,False,cosponsor
23446347-36b2-4065-9c4f-a7ab98afb0f4,Max Abramson,person,,ocd-person/a2248bc0-9253-48d8-9ee2-d9c0b6fbc800,ocd-bill/e3013cb8-654f-4ff3-8106-4024331fed2f,False,cosponsor
e9dcd4dc-c0af-48fa-b92d-5b32beebfdc2,Gerald W.R. Ward,person,,ocd-person/03774445-16e9-4857-8015-317a3d8705a3,ocd-bill/e3013cb8-654f-4ff3-8106-4024331fed2f,False,cosponsor
2c5f7d25-7399-413d-97d6-afaab98dbd5e,Mark Warden,person,,ocd-person/01358592-fa6d-49bf-a933-ea2f223572d7,ocd-bill/e3013cb8-654f-4ff3-8106-4024331fed2f,False,cosponsor
3f6fac4b-0b85-4938-a225-14e9c11ac350,John A. Burt,person,,ocd-person/084e4187-cca0-4f45-ac5a-8514056e94a6,ocd-bill/e3013cb8-654f-4ff3-8106-4024331fed2f,False,cosponsor
a886ecff-b69d-4522-8368-63bdf60d5ab4,Gary S. Hopper,person,,ocd-person/eeb7038b-aad5-45cc-9abe-57fa0757c41b,ocd-bill/e3013cb8-654f-4ff3-8106-4024331fed2f,True,primary
8cbaa65e-8d38-468a-8a6d-3b3cb58321ce,Robert Renny Cushing,person,,ocd-person/cdb3279c-243a-4ca0-8e83-fcb10a975736,ocd-bill/e3013cb8-654f-4ff3-8106-4024331fed2f,False,cosponsor
de47a525-1857-4c7d-bf35-4c26bd7dcfdf,Cindy Rosenwald,person,,ocd-person/f3e949ce-6d98-4826-bbca-08039cea4ea4,ocd-bill/2e59ba44-6826-4202-8f62-a8af1f3a4fe2,False,cosponsor
ce15688a-e46a-4366-9838-1fd6f01a924a,Gary Merchant,person,,ocd-person/78078880-ab6f-4f87-b095-8b85c31f1780,ocd-bill/2e59ba44-6826-4202-8f62-a8af1f3a4fe2,False,cosponsor
d88320ec-a8b0-4c10-ba26-e1376eadc825,Gary L. Woods,person,,ocd-person/5d98b66b-f4d1-4776-953f-67dc348fdd12,ocd-bill/2e59ba44-6826-4202-8f62-a8af1f3a4fe2,False,cosponsor
cee47866-aa66-4712-9f78-d7e4c8df1081,Mark A. Pearson,person,,,ocd-bill/2e59ba44-6826-4202-8f62-a8af1f3a4fe2,False,cosponsor
69ba6dbf-885c-417d-b00c-ec1ea2b9d5f8,Jeffrey C. Salloway,person,,ocd-person/ff3c9490-e187-451d-b600-ca895bfaf0b0,ocd-bill/2e59ba44-6826-4202-8f62-a8af1f3a4fe2,False,cosponsor
b5ed5501-ddc8-44f3-a175-961f41324f61,Polly Kent Campion,person,,ocd-person/8af71573-9095-434b-9fc7-6b244e40b3bb,ocd-bill/2e59ba44-6826-4202-8f62-a8af1f3a4fe2,False,cosponsor
b5351a85-2b43-49e2-9df5-89628e1a0d3c,William M. Marsh,person,,ocd-person/22006937-f2ca-4a2e-b92a-457777933dc7,ocd-bill/2e59ba44-6826-4202-8f62-a8af1f3a4fe2,True,primary
8ff9f484-d59a-4b0f-b9be-49aea856d375,Christy D. Bartlett,person,,ocd-person/59afcf2a-d688-4495-a53d-b10faeffd222,ocd-bill/2e59ba44-6826-4202-8f62-a8af1f3a4fe2,False,cosponsor
1a360fef-50a2-4017-aecc-a4623e733c15,Peter B. Schmidt,person,,ocd-person/16654889-3b48-44d6-a6d3-8da5d7a434f1,ocd-bill/2e59ba44-6826-4202-8f62-a8af1f3a4fe2,False,cosponsor
759c0f0b-7131-4126-ada8-c01766f6c778,Jeb Bradley,person,,ocd-person/3f5455e8-256e-4442-9c13-bc14f62ce76f,ocd-bill/2e59ba44-6826-4202-8f62-a8af1f3a4fe2,False,cosponsor
6abf51ec-bfe7-413c-903a-1ab6d6ff4b17,Cindy Rosenwald,person,,ocd-person/f3e949ce-6d98-4826-bbca-08039cea4ea4,ocd-bill/7327379c-4363-4fc0-9b77-ced12741ac6f,False,cosponsor
05cda6c1-84e2-4467-8fa3-b1495ff81600,Kristina M. Fargo,person,,ocd-person/c7e2f9aa-ff57-4a2e-9253-3bb9cf528c17,ocd-bill/7327379c-4363-4fc0-9b77-ced12741ac6f,False,cosponsor
4f98434f-9076-4e50-a8b4-572710fce168,Gary L. Woods,person,,ocd-person/5d98b66b-f4d1-4776-953f-67dc348fdd12,ocd-bill/7327379c-4363-4fc0-9b77-ced12741ac6f,False,cosponsor
e5b9bd01-0e80-40e3-9e06-f761dc1d4c8b,Greg L. Indruk,person,,ocd-person/b5b2c27f-4abf-49d3-a002-11f9070a6de5,ocd-bill/7327379c-4363-4fc0-9b77-ced12741ac6f,False,cosponsor
8ecfacab-ed85-4f1a-858a-7888bcab8690,Joyce Weston,person,,ocd-person/2dbea6d6-0221-41de-98bf-508b14eb085d,ocd-bill/7327379c-4363-4fc0-9b77-ced12741ac6f,False,cosponsor
48cd5ba6-2728-41a1-8100-7a7c7d300bb9,Tom Sherman,person,,ocd-person/ee95d0de-e55e-4733-ba97-0fde66adf65c,ocd-bill/7327379c-4363-4fc0-9b77-ced12741ac6f,False,cosponsor
1e26b728-7b4e-4e1f-b365-49c26ecfa8a4,Mark A. Pearson,person,,,ocd-bill/7327379c-4363-4fc0-9b77-ced12741ac6f,False,cosponsor
4e8a83b3-46b5-4aa9-8550-91b45f13c216,Martha S. Hennessey,person,,ocd-person/f2700034-7f3d-4834-bb66-b848a7ca748a,ocd-bill/7327379c-4363-4fc0-9b77-ced12741ac6f,False,cosponsor
7855b853-5930-420b-880e-07e1e9c81d35,Jerry L. Knirk,person,,ocd-person/ce0bd184-d264-46d8-87fc-f2590e2a1ed1,ocd-bill/7327379c-4363-4fc0-9b77-ced12741ac6f,True,primary
9d4e8d11-7016-44f4-83c7-83a7bc33b072,Edward A. Butler,person,,ocd-person/fd79da58-6089-4580-bef2-ad03fc7e6bde,ocd-bill/7327379c-4363-4fc0-9b77-ced12741ac6f,False,cosponsor
c3595d48-f336-4197-8ed1-13d089873093,Wendy Chase,person,,ocd-person/c24da601-15f1-482c-a234-f8443056c77a,ocd-bill/2fa597bf-c520-43c8-835b-6f2511849b8f,False,cosponsor
f0833f14-c90b-4e5c-b0a0-67c5a53afe56,Cam E. Kenney,person,,ocd-person/9f35ea7b-b937-4b06-8be5-5cfbc83381e1,ocd-bill/2fa597bf-c520-43c8-835b-6f2511849b8f,False,cosponsor
267e0062-0e15-45d7-8b46-4dfd2cd7ee14,Safiya Wazir,person,,ocd-person/a2975441-f5d1-4e95-8a4e-1d930fc16bc2,ocd-bill/2fa597bf-c520-43c8-835b-6f2511849b8f,False,cosponsor
f6b182d8-8086-4846-b15e-4911fe28b014,Laura D. Telerski,person,,ocd-person/ac414b7c-45dc-48b6-9530-eaa8e80b124f,ocd-bill/2fa597bf-c520-43c8-835b-6f2511849b8f,False,cosponsor
21c4c7d8-e6bc-4813-9631-c0cb9c5134c1,Willis T. Griffith,person,,ocd-person/db50036f-5c7f-4cec-a250-3be2e3ca394c,ocd-bill/2fa597bf-c520-43c8-835b-6f2511849b8f,False,cosponsor
858a13a3-b3b0-4725-af72-cf89202803ae,Casey M. Conley,person,,ocd-person/3290a4d4-7403-45f8-adc4-4e26e0fefa09,ocd-bill/2fa597bf-c520-43c8-835b-6f2511849b8f,True,primary
1abf02a7-d47a-42f1-b328-39ab2b08cc9b,Kristina M. Schultz,person,,ocd-person/8698b473-ea4e-4126-8766-a2b5b5878702,ocd-bill/2fa597bf-c520-43c8-835b-6f2511849b8f,False,cosponsor
8eaabf9a-e6fc-4c7a-9729-3f908cc7e31b,Kenneth S. Vincent,person,,ocd-person/84b0eb59-b35d-4f30-aa55-b5cd6e7f495b,ocd-bill/2fa597bf-c520-43c8-835b-6f2511849b8f,False,cosponsor
081fbe5a-8b3d-4c40-8fb1-1ab997cc962c,Martha S. Hennessey,person,,ocd-person/f2700034-7f3d-4834-bb66-b848a7ca748a,ocd-bill/7d660a1a-069a-47d3-85d1-6dc3f657ed3c,False,cosponsor
b05ab898-0f38-46b4-bbc0-ac2deb1db296,David A. Welch,person,,ocd-person/b8201b25-9bdd-45d3-819d-5bae4c670ad0,ocd-bill/7d660a1a-069a-47d3-85d1-6dc3f657ed3c,False,cosponsor
dacd99ee-9a2b-4cc4-ba38-55721bfe3a71,Robert Renny Cushing,person,,ocd-person/cdb3279c-243a-4ca0-8e83-fcb10a975736,ocd-bill/7d660a1a-069a-47d3-85d1-6dc3f657ed3c,True,primary
45c4a7ae-adcc-40df-bf80-9ae781ec4979,Tom Sherman,person,,ocd-person/ee95d0de-e55e-4733-ba97-0fde66adf65c,ocd-bill/6d6ceb5f-7c76-4cc9-8ae0-876f564d0524,False,cosponsor
ba154ec7-05a9-4296-85c7-4f30b1b44fbd,Jay Kahn,person,,ocd-person/998e681b-6df1-4b4a-92db-7a2187cedcd8,ocd-bill/6d6ceb5f-7c76-4cc9-8ae0-876f564d0524,True,primary
620acd16-de12-4f85-8a1b-6d631ee28caa,James P. Gray,person,,ocd-person/e6443187-eb51-42eb-8bd7-349ed0ba9641,ocd-bill/6d6ceb5f-7c76-4cc9-8ae0-876f564d0524,False,cosponsor
6ea69dd4-24d8-4f36-ba22-957b21991281,Polly Kent Campion,person,,ocd-person/8af71573-9095-434b-9fc7-6b244e40b3bb,ocd-bill/6d6ceb5f-7c76-4cc9-8ae0-876f564d0524,False,cosponsor
74758c5b-a4c7-4596-b68f-c49595566d64,Jess C. Edwards,person,,ocd-person/3787c84d-f615-4e9d-bac8-42f86ea308db,ocd-bill/6d6ceb5f-7c76-4cc9-8ae0-876f564d0524,False,cosponsor
d7a90053-570d-4398-970d-fef1871f3f9d,William M. Marsh,person,,ocd-person/22006937-f2ca-4a2e-b92a-457777933dc7,ocd-bill/6d6ceb5f-7c76-4cc9-8ae0-876f564d0524,False,cosponsor
0813ebcc-3dcc-4aca-b457-615014c2ffa1,Patrick T. Long,person,,ocd-person/14d0ff58-3340-4344-bb79-c6acd5f8ba6c,ocd-bill/6d6ceb5f-7c76-4cc9-8ae0-876f564d0524,False,cosponsor
23f7da4a-2fc0-4f6b-945d-fa84bb443f39,Jeb Bradley,person,,ocd-person/3f5455e8-256e-4442-9c13-bc14f62ce76f,ocd-bill/6d6ceb5f-7c76-4cc9-8ae0-876f564d0524,False,cosponsor
a527d453-f648-4976-b3e2-548078a09f9d,Martha Fuller Clark,person,,ocd-person/823e56cb-5c51-4a09-b060-93cdb7f7ac25,ocd-bill/6d6ceb5f-7c76-4cc9-8ae0-876f564d0524,False,cosponsor
1c2700ea-6c53-44cd-84f6-7ba1585461bd,Jeanne Dietsch,person,,ocd-person/8e7e0c04-e019-4ffe-a281-18beee5d939f,ocd-bill/5773c28a-6536-4b39-b661-4de188216710,False,cosponsor
ce593b0b-72cc-471b-a4c6-21327e9e84bc,Tom Sherman,person,,ocd-person/ee95d0de-e55e-4733-ba97-0fde66adf65c,ocd-bill/5773c28a-6536-4b39-b661-4de188216710,False,cosponsor
898df282-9948-4669-80bc-c863dedfdb43,Ruth Ward,person,,ocd-person/9089a509-1f26-4770-adc6-199ed716e692,ocd-bill/5773c28a-6536-4b39-b661-4de188216710,False,cosponsor
67f4c6cb-ae17-4a3b-97ed-ee702d142b93,Jess C. Edwards,person,,ocd-person/3787c84d-f615-4e9d-bac8-42f86ea308db,ocd-bill/5773c28a-6536-4b39-b661-4de188216710,False,cosponsor
df277403-b3d6-4348-81cb-2eb2ac658b52,Regina Birdsell,person,,ocd-person/461c9024-c8c3-44a5-91d6-015a6587db5f,ocd-bill/5773c28a-6536-4b39-b661-4de188216710,True,primary
fca1f0db-0970-4fe2-a4eb-ff6fbe484c9f,Barbara J. Griffin,person,,ocd-person/ce1a184c-47a7-4b48-a028-d39585bcf9c3,ocd-bill/5773c28a-6536-4b39-b661-4de188216710,False,cosponsor
e8fc1e93-ccd7-4b8e-9bc0-4b9e1255e2d3,Linda R. Gould,person,,ocd-person/40ae4adb-2124-47ca-82b5-9eee794af4a2,ocd-bill/5773c28a-6536-4b39-b661-4de188216710,False,cosponsor
d94d63fa-117b-4bb4-b6b7-a8f76c5c468c,David E. Milz,person,,ocd-person/ef41a7dd-a84f-47db-b794-2a6c6be48771,ocd-bill/5773c28a-6536-4b39-b661-4de188216710,False,cosponsor
3f11ddb6-527b-4e12-9819-bdaf010ed81f,John T. O'Connor,person,,ocd-person/60882336-f4d2-45e4-b194-d2b99cae7610,ocd-bill/5773c28a-6536-4b39-b661-4de188216710,False,cosponsor
05c12a91-1421-4e06-b58f-2ed25aaca402,Dennis F. Acton,person,,ocd-person/b81591ca-1856-4807-ac66-283280ea12ba,ocd-bill/013acdc6-d22e-4f24-84ff-cf467874a7e4,False,cosponsor
a279c6eb-99a4-41ec-a09c-1bde9b11f804,Rebecca J. McWilliams,person,,ocd-person/39eb4d14-9ef3-4b1b-bcb6-a66f1aa97491,ocd-bill/013acdc6-d22e-4f24-84ff-cf467874a7e4,True,primary
c4bff929-67a5-41e4-82b8-8036f916cd86,Samantha L. Fox,person,,ocd-person/7471e52d-b23c-4df4-b9c9-b7c3751ea3ce,ocd-bill/013acdc6-d22e-4f24-84ff-cf467874a7e4,False,cosponsor
80b7a15e-fe08-4a17-8cf2-5e8c25dfc1c6,Shannon E Chandley,person,,,ocd-bill/6044d5d4-91aa-4440-b4bb-d1c07f0bae01,False,cosponsor
f7d7ff6f-af0d-4693-900d-c119ffab915c,Jeanne Dietsch,person,,ocd-person/8e7e0c04-e019-4ffe-a281-18beee5d939f,ocd-bill/6044d5d4-91aa-4440-b4bb-d1c07f0bae01,False,cosponsor
c39c2164-b24d-4968-9a9f-f851c22cd3b9,Jay Kahn,person,,ocd-person/998e681b-6df1-4b4a-92db-7a2187cedcd8,ocd-bill/6044d5d4-91aa-4440-b4bb-d1c07f0bae01,False,cosponsor
48a67558-d6d9-444e-9297-717077e8672c,Martha S. Hennessey,person,,ocd-person/f2700034-7f3d-4834-bb66-b848a7ca748a,ocd-bill/6044d5d4-91aa-4440-b4bb-d1c07f0bae01,False,cosponsor
db6cca42-2155-45ee-a220-6caf39510a1a,Marjorie K. Smith,person,,ocd-person/86b31d04-3a4b-4199-b10e-27bd337f0a34,ocd-bill/6044d5d4-91aa-4440-b4bb-d1c07f0bae01,False,cosponsor
7acff1c2-d17e-4e98-a846-0da2b66b0dc5,Robert Renny Cushing,person,,ocd-person/cdb3279c-243a-4ca0-8e83-fcb10a975736,ocd-bill/6044d5d4-91aa-4440-b4bb-d1c07f0bae01,False,cosponsor
373a201a-2506-4ccd-9dc9-0eb9ecbd2004,Jeb Bradley,person,,ocd-person/3f5455e8-256e-4442-9c13-bc14f62ce76f,ocd-bill/6044d5d4-91aa-4440-b4bb-d1c07f0bae01,False,cosponsor
54610a4a-9aae-407d-ae33-ebbcecd0438d,Martha Fuller Clark,person,,ocd-person/823e56cb-5c51-4a09-b060-93cdb7f7ac25,ocd-bill/6044d5d4-91aa-4440-b4bb-d1c07f0bae01,True,primary
dbcf2b4e-698d-4a95-8412-efc2bc5097ef,Kristina M. Fargo,person,,ocd-person/c7e2f9aa-ff57-4a2e-9253-3bb9cf528c17,ocd-bill/b7a0e372-b38e-4239-9c13-83b63d6d6325,False,cosponsor
1569ab48-f614-472f-90a8-d9454a083dd0,Gary L. Woods,person,,ocd-person/5d98b66b-f4d1-4776-953f-67dc348fdd12,ocd-bill/b7a0e372-b38e-4239-9c13-83b63d6d6325,False,cosponsor
b91874cf-cab0-4ffd-88af-027618088c36,Greg L. Indruk,person,,ocd-person/b5b2c27f-4abf-49d3-a002-11f9070a6de5,ocd-bill/b7a0e372-b38e-4239-9c13-83b63d6d6325,False,cosponsor
9bb77c2d-521e-4ffe-be2c-dd3d69d138fa,Joyce Weston,person,,ocd-person/2dbea6d6-0221-41de-98bf-508b14eb085d,ocd-bill/b7a0e372-b38e-4239-9c13-83b63d6d6325,False,cosponsor
f9ab8f39-b81c-479d-acaf-8c6cea3b8da0,Martha S. Hennessey,person,,ocd-person/f2700034-7f3d-4834-bb66-b848a7ca748a,ocd-bill/b7a0e372-b38e-4239-9c13-83b63d6d6325,False,cosponsor
bd0d674b-3526-4ba3-a0a7-a32b27d4f39c,Jerry L. Knirk,person,,ocd-person/ce0bd184-d264-46d8-87fc-f2590e2a1ed1,ocd-bill/b7a0e372-b38e-4239-9c13-83b63d6d6325,True,primary
82ebd08a-4985-4d1f-a7a6-365bc5bd4ba0,George E. Sykes,person,,ocd-person/1d64c012-42cd-433e-9e51-d449279fe57e,ocd-bill/897dc1e3-f8df-48f9-b784-b1dcd730ca22,True,primary
0189bcaf-d880-4269-81b8-5e96a840f426,Ryan T. Buchanan,person,,ocd-person/42b0e59a-b71a-46ce-b761-72bc99239941,ocd-bill/43e225e9-29e0-4b33-8336-bed89076e535,False,cosponsor
71154e8a-4e47-43fe-9c4f-b8f6a136270d,Kristina M. Schultz,person,,ocd-person/8698b473-ea4e-4126-8766-a2b5b5878702,ocd-bill/43e225e9-29e0-4b33-8336-bed89076e535,False,cosponsor
ca75ef05-c168-43a2-accd-4016774331f9,Ellen D. Read,person,,ocd-person/77304532-17fb-4b2c-aed6-213a435e4a46,ocd-bill/43e225e9-29e0-4b33-8336-bed89076e535,True,primary
3c20177d-8f6a-4cb9-aa88-64034fe040c1,Judy F. Aron,person,,ocd-person/533fb85c-c4f0-41f3-9bc6-8b1c422a9693,ocd-bill/a1eda65e-6756-4925-ad74-26a7fbe79524,False,cosponsor
12f9002d-a8fd-4aa5-8041-877592390ea4,Sue M. Mullen,person,,ocd-person/07c19313-fcb0-476b-b240-e299c55888f7,ocd-bill/a1eda65e-6756-4925-ad74-26a7fbe79524,False,cosponsor
f92915fc-30c1-4d91-bee2-ddd25f71b81c,Tony Lekas,person,,ocd-person/97ccf8c1-af1c-4a3c-b267-683d0446b790,ocd-bill/a1eda65e-6756-4925-ad74-26a7fbe79524,False,cosponsor
a9901185-268c-46e3-a8b4-df776fcafd42,Bob J. Greene,person,,ocd-person/c51b7c0a-47d7-4567-900e-dccb42942ca6,ocd-bill/a1eda65e-6756-4925-ad74-26a7fbe79524,False,cosponsor
8e1c0fb1-4fd8-4868-a050-e3830dc44ed3,Regina Birdsell,person,,ocd-person/461c9024-c8c3-44a5-91d6-015a6587db5f,ocd-bill/a1eda65e-6756-4925-ad74-26a7fbe79524,False,cosponsor
b919d706-8b5d-4682-99f3-869f3715d5f1,Werner D. Horn,person,,ocd-person/ab3fb5b5-85fb-441d-8b4f-09d52722175b,ocd-bill/a1eda65e-6756-4925-ad74-26a7fbe79524,False,cosponsor
bbc8e9e5-1ce7-44ea-8f44-d9a4201801ac,Al P. Baldasaro,person,,ocd-person/3807f9c1-b590-4496-8a1e-b0ff84ba592d,ocd-bill/a1eda65e-6756-4925-ad74-26a7fbe79524,False,cosponsor
86097a34-efe7-473a-aaa0-13c7fc4b4553,Timothy O. Horrigan,person,,ocd-person/2a11a559-c16e-4211-82ea-215951d74c1f,ocd-bill/75c26ecf-bea0-4f98-823f-173cdbe891ad,True,primary
41b6ccc3-0e90-464b-9bee-59397b948a7d,Jon Morgan,person,,ocd-person/f169c82a-7120-4d67-85d4-d5ff21cd44ef,ocd-bill/763d8842-cc22-47d0-81a7-02014a5a099a,False,cosponsor
d74ddca3-d866-456a-a505-917108303db6,Greg L. Indruk,person,,ocd-person/b5b2c27f-4abf-49d3-a002-11f9070a6de5,ocd-bill/763d8842-cc22-47d0-81a7-02014a5a099a,False,cosponsor
3a99d9c1-df09-47fd-974a-a5302c372dd8,Tom Sherman,person,,ocd-person/ee95d0de-e55e-4733-ba97-0fde66adf65c,ocd-bill/763d8842-cc22-47d0-81a7-02014a5a099a,True,primary
2d1f1588-4096-4ee7-8e1d-3651f086e3dc,Martha S. Hennessey,person,,ocd-person/f2700034-7f3d-4834-bb66-b848a7ca748a,ocd-bill/763d8842-cc22-47d0-81a7-02014a5a099a,False,cosponsor
a1f32196-656f-41ce-b6d6-b932bfade341,William M. Marsh,person,,ocd-person/22006937-f2ca-4a2e-b92a-457777933dc7,ocd-bill/763d8842-cc22-47d0-81a7-02014a5a099a,False,cosponsor
c1f91a73-c29c-43a7-9311-983ca60a698e,John J. Fothergill,person,,ocd-person/2c6db15e-15cf-496c-aec9-21f9d18c4355,ocd-bill/763d8842-cc22-47d0-81a7-02014a5a099a,False,cosponsor
fd0ce1d2-dacd-4447-beae-f7e2c8538af0,David H Watters,person,,ocd-person/cf24defe-6df3-49f3-88ca-c6774b144f19,ocd-bill/763d8842-cc22-47d0-81a7-02014a5a099a,False,cosponsor
a6d418f3-e187-4c97-81fd-586e9d5b7b5e,Jeb Bradley,person,,ocd-person/3f5455e8-256e-4442-9c13-bc14f62ce76f,ocd-bill/763d8842-cc22-47d0-81a7-02014a5a099a,False,cosponsor
77a3fa0b-a4de-495f-a3da-01dd15ddef8e,David Meuse,person,,ocd-person/4b449f0f-2024-4e18-bbbd-7f0bbcfa8cac,ocd-bill/fdfb077b-b9e1-409c-bd14-3740ccb65f84,False,cosponsor
cdf1997a-6d84-41b8-b222-d7d655acc603,Harold F. French,person,,ocd-person/ff11da65-174b-4fdc-b33c-e5d6d56602f0,ocd-bill/fdfb077b-b9e1-409c-bd14-3740ccb65f84,False,cosponsor
75e308be-ed24-4b51-b7fb-45da44632bb6,Martha S. Hennessey,person,,ocd-person/f2700034-7f3d-4834-bb66-b848a7ca748a,ocd-bill/fdfb077b-b9e1-409c-bd14-3740ccb65f84,False,cosponsor
37b61333-d089-4dc6-8708-360cec566473,Kate R. Murray,person,,ocd-person/79bb2147-ea4b-4706-8b38-ee2309613ea0,ocd-bill/fdfb077b-b9e1-409c-bd14-3740ccb65f84,False,cosponsor
21ca89c7-f916-4c68-8498-53f6ef52e2a3,Beth Rodd,person,,ocd-person/f40ba0df-9993-4bf1-b52d-d7989fb5a7f7,ocd-bill/fdfb077b-b9e1-409c-bd14-3740ccb65f84,False,cosponsor
5b043ea3-3494-43b4-90e9-65f945f42fad,David A. Welch,person,,ocd-person/b8201b25-9bdd-45d3-819d-5bae4c670ad0,ocd-bill/fdfb077b-b9e1-409c-bd14-3740ccb65f84,True,primary
a1bec260-7c2c-40db-813b-f38c8ac234d4,Paul S. Berch,person,,ocd-person/f96a072d-9add-44b0-8028-0ec057f31f52,ocd-bill/fdfb077b-b9e1-409c-bd14-3740ccb65f84,False,cosponsor
b981a0b5-b8ef-4361-85d6-9a41a8b24e2c,Peter B. Schmidt,person,,ocd-person/16654889-3b48-44d6-a6d3-8da5d7a434f1,ocd-bill/fdfb077b-b9e1-409c-bd14-3740ccb65f84,False,cosponsor
310900dd-80aa-40f4-bfc3-045a27831758,Mark McLean,person,,ocd-person/b089786f-4435-4822-a7d6-3725cca787bf,ocd-bill/958eba1d-d5f2-4682-a94d-6742209a7aa9,False,cosponsor
ad64a588-ec21-440e-b3f6-2ed1d5a27976,Raymond J. Howard,person,,ocd-person/2d20ed08-99dd-4520-8637-dfc71b6a2e01,ocd-bill/958eba1d-d5f2-4682-a94d-6742209a7aa9,False,cosponsor
22f25d75-bba6-4e7c-bbb4-f87b48e3574f,Jordan G. Ulery,person,,ocd-person/31f696d4-f806-4eb3-a8ce-5b1d2a2eba93,ocd-bill/958eba1d-d5f2-4682-a94d-6742209a7aa9,False,cosponsor
d44f9177-fa2e-47b6-8945-e7779070dd4b,Beth Rodd,person,,ocd-person/f40ba0df-9993-4bf1-b52d-d7989fb5a7f7,ocd-bill/c5bf1717-5d4c-44c7-9e5a-917d87ec85ab,False,cosponsor
18cab6b6-d714-4fbe-a6ab-404a6052c579,David A. Welch,person,,ocd-person/b8201b25-9bdd-45d3-819d-5bae4c670ad0,ocd-bill/c5bf1717-5d4c-44c7-9e5a-917d87ec85ab,False,cosponsor
198f657f-1d70-4135-a04d-b1fb81d26091,David J. Luneau,person,,ocd-person/c3c9bb99-9512-4bec-be04-d8b29ea96f3e,ocd-bill/c5bf1717-5d4c-44c7-9e5a-917d87ec85ab,True,primary
10f11bd1-4304-4d9a-9919-3079ff085121,Amanda C. Bouldin,person,,ocd-person/7ad034dd-b6f2-4314-94d9-cffce7144e5d,ocd-bill/c5bf1717-5d4c-44c7-9e5a-917d87ec85ab,False,cosponsor
fa6a3bf4-ea59-479b-b754-9911832e2459,John Bordenet,person,,ocd-person/97cb7b54-48fb-4eb8-ac44-c1a5645bda49,ocd-bill/c5bf1717-5d4c-44c7-9e5a-917d87ec85ab,False,cosponsor
d86597c2-ebd7-419e-a1e4-52acb6314259,David C. Love,person,,ocd-person/1c956ef6-b705-4e9d-af0c-f66d6f44591e,ocd-bill/fbde3b60-53d2-4889-a3b1-bcfcaa4027c2,True,primary
6da28e1d-d800-4da7-89cc-6ddab5063d09,John M. Potucek,person,,ocd-person/433c67d6-bfdc-410e-87e2-463c93d55a17,ocd-bill/fbde3b60-53d2-4889-a3b1-bcfcaa4027c2,False,cosponsor
d54fd8ba-667c-409b-80ea-92b7be8c89d5,Kenneth L. Weyler,person,,ocd-person/e2f9dd7e-b221-4cf0-b7de-5daa70658669,ocd-bill/fbde3b60-53d2-4889-a3b1-bcfcaa4027c2,False,cosponsor
5e5c494e-6627-4d48-94e9-d50deb021510,Michael A. Edgar,person,,ocd-person/0f78413a-b328-4856-ab48-21a5d4d614c0,ocd-bill/23dd6dfe-36c2-405a-80ed-306a28bf9184,False,cosponsor
75633fc7-f5fa-45a0-b34a-703871527f84,Mary Beth Walz,person,,ocd-person/aee31921-5d02-4da9-8e3e-3137b4bb8bf4,ocd-bill/23dd6dfe-36c2-405a-80ed-306a28bf9184,False,cosponsor
e5166fe5-d4db-4875-9775-d48612030d04,Robert Renny Cushing,person,,ocd-person/cdb3279c-243a-4ca0-8e83-fcb10a975736,ocd-bill/23dd6dfe-36c2-405a-80ed-306a28bf9184,True,primary
7ad5c9f9-c619-43b8-af25-65cb46124213,James B. Bosman,person,,ocd-person/b03b7c50-6262-4582-a3fb-8af22a6ce513,ocd-bill/5943a9ac-74c6-4bf7-a676-c1cdfc35cf93,False,cosponsor
511ae1b5-e52f-4668-b159-73c17e2e797d,Chris Balch,person,,ocd-person/e9d39bb0-9ff6-4083-b8fd-1455609b3033,ocd-bill/5943a9ac-74c6-4bf7-a676-c1cdfc35cf93,True,primary
0c40bed4-9a9b-4f19-b056-396dc6772705,Daniel R. Pickering,person,,ocd-person/93ca1421-68be-4187-8464-e89cd5c4a83d,ocd-bill/5943a9ac-74c6-4bf7-a676-c1cdfc35cf93,False,cosponsor
64f8d4d0-a5cb-4356-ac8e-0420d1166f20,Stephen L. Woodcock,person,,ocd-person/bdde38b3-3210-4b2d-890b-bbf2d2bf314a,ocd-bill/494ce1cc-fe64-4aea-9d91-37caf5fda7df,False,cosponsor
79da246c-67e2-4735-9090-a651429c91c1,Harrison Kanzler,person,,ocd-person/c241cc6e-4081-404c-97f4-94378469a794,ocd-bill/494ce1cc-fe64-4aea-9d91-37caf5fda7df,False,cosponsor
515d61cf-7754-44ec-bb51-446b4c91ff72,Anita D. Burroughs,person,,ocd-person/a028512b-5d61-4d23-9e28-dec7038577d6,ocd-bill/494ce1cc-fe64-4aea-9d91-37caf5fda7df,True,primary
e2a34fd0-f314-4cc3-958f-c321b3a2ed88,Edward A. Butler,person,,ocd-person/fd79da58-6089-4580-bef2-ad03fc7e6bde,ocd-bill/494ce1cc-fe64-4aea-9d91-37caf5fda7df,False,cosponsor
91ef2af7-2775-4074-a01c-e3da4fb6c116,Jeb Bradley,person,,ocd-person/3f5455e8-256e-4442-9c13-bc14f62ce76f,ocd-bill/494ce1cc-fe64-4aea-9d91-37caf5fda7df,False,cosponsor
93112fa0-f0d9-48ad-bf96-a06b5da560eb,Jack B. Flanagan,person,,ocd-person/6f569d92-87e9-4172-b4f0-e2e78aff07a6,ocd-bill/3476a4c9-f35e-4d0f-9909-d560c10e3cd1,True,primary
4c2f4f5e-64fd-4996-94cb-9f591c7c7097,David J. Danielson,person,,ocd-person/62c43933-5aea-4a05-9ac8-f26c688b2367,ocd-bill/9101c6ff-0784-4e17-a26e-d5b4ed64c3c0,True,primary
ba6d46d7-a7c5-4af5-9a05-8d239a751a25,David J. Luneau,person,,ocd-person/c3c9bb99-9512-4bec-be04-d8b29ea96f3e,ocd-bill/11261df8-6148-4d88-945c-9296d075529c,True,primary
eb3f7f4c-cf73-4a46-9db9-e36578058f24,Cathryn A. Harvey,person,,ocd-person/c15709b9-8514-4e8f-8a52-6b464eb8484d,ocd-bill/214d53ac-f32d-4de0-a4f1-3b4daf6df541,False,cosponsor
f1b91928-cba9-4b92-a050-b64e654aa170,Skip Berrien,person,,ocd-person/c955f3c4-4732-42c2-8615-bc103ee8e0d8,ocd-bill/214d53ac-f32d-4de0-a4f1-3b4daf6df541,False,cosponsor
ba364931-1787-48e2-a737-c021e4b65d1a,Michael D. Abbott,person,,ocd-person/5aae4f7b-a7b5-467d-8b16-c566da38f624,ocd-bill/214d53ac-f32d-4de0-a4f1-3b4daf6df541,True,primary
3eb56a93-0fde-4ab8-918d-e8722326679a,Paul S. Berch,person,,ocd-person/f96a072d-9add-44b0-8028-0ec057f31f52,ocd-bill/214d53ac-f32d-4de0-a4f1-3b4daf6df541,False,cosponsor
50e4281f-8033-4b67-afb2-5400e42326aa,Mark A. Pearson,person,,,ocd-bill/02eea835-e353-4a8f-9a2a-ef0ec6746e35,False,cosponsor
a05148ae-8da9-4dcc-b30c-ba45735fa51e,Jess C. Edwards,person,,ocd-person/3787c84d-f615-4e9d-bac8-42f86ea308db,ocd-bill/02eea835-e353-4a8f-9a2a-ef0ec6746e35,False,cosponsor
9e25b67c-9558-4439-a60b-91f7c7be0362,William M. Marsh,person,,ocd-person/22006937-f2ca-4a2e-b92a-457777933dc7,ocd-bill/02eea835-e353-4a8f-9a2a-ef0ec6746e35,True,primary
80d2add8-91e0-4da6-9106-3c6b85ea92ba,Mark McLean,person,,ocd-person/b089786f-4435-4822-a7d6-3725cca787bf,ocd-bill/02eea835-e353-4a8f-9a2a-ef0ec6746e35,False,cosponsor
bbf0b3a7-ff86-4ddd-be7d-d89e04dcaa82,Erin T. Hennessey,person,,ocd-person/91d16c36-2236-4bef-8009-004bd036c22a,ocd-bill/02eea835-e353-4a8f-9a2a-ef0ec6746e35,False,cosponsor
26667220-4a5a-40b2-ab3d-7b5a0a0322a7,Glenn Cordelli,person,,ocd-person/c8aa2951-dea0-4999-9b6a-6323d9917e0b,ocd-bill/02eea835-e353-4a8f-9a2a-ef0ec6746e35,False,cosponsor
37aea0e1-cbb0-4797-85b5-8ad870b44a83,Patricia S. Klee,person,,ocd-person/3a5791f9-bea1-4fa8-86bb-f54d2efaa86e,ocd-bill/58ecd203-c4af-4c7e-b1f4-c51bd98c4b1b,True,primary
774b546d-b81a-40fe-b250-3812ff9c19bd,Cindy Rosenwald,person,,ocd-person/f3e949ce-6d98-4826-bbca-08039cea4ea4,ocd-bill/c4c04d17-1d1a-49df-ab87-c3689e411b24,False,cosponsor
23d01d1d-c3e4-40dc-9417-b156f900ae70,Brian M. Sullivan,person,,ocd-person/4c78e7fc-43a2-467b-abe3-6ba04ad8853e,ocd-bill/c4c04d17-1d1a-49df-ab87-c3689e411b24,False,cosponsor
46aaac9c-f559-4a00-9646-dda5ee52ee92,David J. Danielson,person,,ocd-person/62c43933-5aea-4a05-9ac8-f26c688b2367,ocd-bill/c4c04d17-1d1a-49df-ab87-c3689e411b24,False,cosponsor
44b1461c-9909-4550-a310-0d571ef68535,Dianne E. Schuett,person,,ocd-person/62ff0476-f4e6-411f-a58e-2e7963cde2ab,ocd-bill/c4c04d17-1d1a-49df-ab87-c3689e411b24,False,cosponsor
89638978-e9be-4537-b33d-634eb3b4ea7a,Mary Beth Walz,person,,ocd-person/aee31921-5d02-4da9-8e3e-3137b4bb8bf4,ocd-bill/c4c04d17-1d1a-49df-ab87-c3689e411b24,True,primary
3d9ce9aa-eca1-4a2c-9ac1-2b03e46a6506,Lou D'Allesandro,person,,ocd-person/87c48788-817d-408b-a1e1-ebe1c9fd893d,ocd-bill/c4c04d17-1d1a-49df-ab87-c3689e411b24,False,cosponsor
67acb3f2-3475-4092-ba29-a7a4db679385,Harrison Kanzler,person,,ocd-person/c241cc6e-4081-404c-97f4-94378469a794,ocd-bill/2e311351-aeb9-4fe3-8b2a-8f2d95251abd,True,primary
29d03a6d-8512-41df-9a71-0ed8bbcc80df,Anita D. Burroughs,person,,ocd-person/a028512b-5d61-4d23-9e28-dec7038577d6,ocd-bill/2e311351-aeb9-4fe3-8b2a-8f2d95251abd,False,cosponsor
78dbb51e-cb42-42b8-bde0-4afb2ba7fb69,Sherry Dutzy,person,,ocd-person/43eb9cdc-392c-4ca5-b5da-ad542ea0bcc0,ocd-bill/11e529cb-19a6-40a6-9d32-36b3474417ab,False,cosponsor
99e335ed-81bc-4242-8950-fd0e4c67bb6a,Charlie G. St. Clair,person,,ocd-person/643751f4-6db0-4021-bf76-b8f2483d640d,ocd-bill/11e529cb-19a6-40a6-9d32-36b3474417ab,False,cosponsor
94bc72cf-1c77-40e8-9549-0d67cd09b6ad,Kristina M. Schultz,person,,ocd-person/8698b473-ea4e-4126-8766-a2b5b5878702,ocd-bill/11e529cb-19a6-40a6-9d32-36b3474417ab,False,cosponsor
1c7224b9-9e3e-40b8-8a37-ac235580ce6f,Peter R. Leishman,person,,ocd-person/86708f42-531f-4e57-a6b1-f5b11ff9389c,ocd-bill/11e529cb-19a6-40a6-9d32-36b3474417ab,False,cosponsor
90f17fb7-b244-4246-9575-1605ffbac3d4,Katherine D. Rogers,person,,ocd-person/f9421528-ffb6-46f3-82bc-70b0329db823,ocd-bill/11e529cb-19a6-40a6-9d32-36b3474417ab,True,primary
f81a2c40-17ab-4b39-8cd0-cf4cecf62910,Kenneth L. Weyler,person,,ocd-person/e2f9dd7e-b221-4cf0-b7de-5daa70658669,ocd-bill/11e529cb-19a6-40a6-9d32-36b3474417ab,False,cosponsor
5764b3bf-b182-4213-8165-571652ba21d7,Josh S. Yokela,person,,ocd-person/c96f9d7a-b859-4b37-8fdd-4097b21d3f2c,ocd-bill/8de5dd5f-8897-4368-ae87-127a012b0eae,True,primary
08ab4048-6434-43a2-9908-9bba2d45fd6e,Gary Merchant,person,,ocd-person/78078880-ab6f-4f87-b095-8b85c31f1780,ocd-bill/8de5dd5f-8897-4368-ae87-127a012b0eae,False,cosponsor
6af8cd0e-5740-4182-aa8a-c5fff92b4358,Debra L. DeSimone,person,,ocd-person/7ef7472f-0bda-4708-9239-76adeca1e87e,ocd-bill/8de5dd5f-8897-4368-ae87-127a012b0eae,False,cosponsor
9048e84d-2ee3-4a4d-8c97-11e4c29e0db2,Tom Sherman,person,,ocd-person/ee95d0de-e55e-4733-ba97-0fde66adf65c,ocd-bill/39de321c-9f81-4523-94bc-07af3b87631c,False,cosponsor
cccd284e-5c89-4717-892b-0f922accf557,Dennis J. Malloy,person,,ocd-person/d6200a81-3d99-4ff7-93e0-e2f3b49cfd65,ocd-bill/39de321c-9f81-4523-94bc-07af3b87631c,False,cosponsor
0722ee41-2ad8-44f4-bc16-7293e6c560aa,Jacqueline A. Cali-Pitts,person,,ocd-person/b665e9e7-0c14-4348-9378-529bd9c7497b,ocd-bill/39de321c-9f81-4523-94bc-07af3b87631c,False,cosponsor
6824bd4a-2d7a-4662-87ab-f4346ec54e4f,Jeb Bradley,person,,ocd-person/3f5455e8-256e-4442-9c13-bc14f62ce76f,ocd-bill/39de321c-9f81-4523-94bc-07af3b87631c,False,cosponsor
eebf3419-ecb5-40d6-9cae-1c5745586b86,Martha Fuller Clark,person,,ocd-person/823e56cb-5c51-4a09-b060-93cdb7f7ac25,ocd-bill/39de321c-9f81-4523-94bc-07af3b87631c,True,primary
18e2321c-cfd2-412c-996f-4da433ad6139,David Meuse,person,,ocd-person/4b449f0f-2024-4e18-bbbd-7f0bbcfa8cac,ocd-bill/dafd8918-cfb3-46fb-980d-2e7101e22558,False,cosponsor
728d4ff5-0623-4725-809c-5125bcb870c2,Sandy L. Swinburne,person,,ocd-person/edfd3cb6-2024-4c31-b106-fa93482e57af,ocd-bill/dafd8918-cfb3-46fb-980d-2e7101e22558,False,cosponsor
5a6d747d-cc4b-4d8f-8417-c7b6e6d53bfe,Martha S. Hennessey,person,,ocd-person/f2700034-7f3d-4834-bb66-b848a7ca748a,ocd-bill/dafd8918-cfb3-46fb-980d-2e7101e22558,False,cosponsor
50f32b9d-9298-44d4-8795-90cc217aa805,David A. Welch,person,,ocd-person/b8201b25-9bdd-45d3-819d-5bae4c670ad0,ocd-bill/dafd8918-cfb3-46fb-980d-2e7101e22558,False,cosponsor
7a98dba1-f5ea-4fd3-95a2-8476f98d378f,Linda C. Harriott-Gathright,person,,ocd-person/1e2b57f6-dbb9-4069-a71b-d40828c80cfa,ocd-bill/dafd8918-cfb3-46fb-980d-2e7101e22558,False,cosponsor
0ae0b68e-f083-42b3-915d-feef092f77b8,Robert Renny Cushing,person,,ocd-person/cdb3279c-243a-4ca0-8e83-fcb10a975736,ocd-bill/dafd8918-cfb3-46fb-980d-2e7101e22558,True,primary
c1f6e17f-f8c4-4679-b071-5a07e0a6ae1d,Laura C. Pantelakos,person,,ocd-person/957b326c-6910-4328-afcb-533b975c2202,ocd-bill/dafd8918-cfb3-46fb-980d-2e7101e22558,False,cosponsor
1b62bf8b-4e59-457a-b54f-9ecd4f57330e,Cindy Rosenwald,person,,ocd-person/f3e949ce-6d98-4826-bbca-08039cea4ea4,ocd-bill/265732ab-e92a-4d68-a64e-44824711bb75,False,cosponsor
f2457eb0-17d1-4090-aa08-dc6cb91d7fdd,Mary Heath,person,,ocd-person/03bba97f-9b7c-4c33-adb7-e5202a6bd040,ocd-bill/265732ab-e92a-4d68-a64e-44824711bb75,False,cosponsor
9675ab04-dac7-445d-8165-96418988ce71,Karen E. Ebel,person,,ocd-person/947e2e2b-04eb-4f92-9f83-aef8760517e0,ocd-bill/265732ab-e92a-4d68-a64e-44824711bb75,True,primary
fbd21800-4b4a-4227-b91c-59ffef99fc39,Marjorie A. Porter,person,,ocd-person/0999b615-be84-4309-b4ca-68261c1155ab,ocd-bill/265732ab-e92a-4d68-a64e-44824711bb75,False,cosponsor
9ecbf045-3f11-416b-952e-a4fa23b0624a,Patrick F. Abrami,person,,ocd-person/0327f85d-1b5a-4218-a97f-f393a965d64b,ocd-bill/265732ab-e92a-4d68-a64e-44824711bb75,False,cosponsor
ebe2d13d-557c-42ee-80a6-bf8f793e0397,Lucy M. Weber,person,,ocd-person/a6790cd1-6b7a-48f9-b48c-b298929578a4,ocd-bill/265732ab-e92a-4d68-a64e-44824711bb75,False,cosponsor
78e48856-4dca-4c5e-8b96-7e9cdfd72c99,Edward A. Butler,person,,ocd-person/fd79da58-6089-4580-bef2-ad03fc7e6bde,ocd-bill/265732ab-e92a-4d68-a64e-44824711bb75,False,cosponsor
77b10745-b95c-4242-835c-8df164b070f3,Jaci L. Grote,person,,ocd-person/26f01212-5287-4735-aa1f-77e4f0d2acb6,ocd-bill/89d52925-f5b4-48dd-b507-60683a17b4ff,False,cosponsor
ba57ea57-58b8-448b-8ad4-321a397f2fdf,Sandra B. Keans,person,,ocd-person/0f7e49e8-f9da-49b1-b20a-24236d6c3997,ocd-bill/89d52925-f5b4-48dd-b507-60683a17b4ff,False,cosponsor
2deac41e-43ae-4d32-affa-78db7e95efbf,Mary Heath,person,,ocd-person/03bba97f-9b7c-4c33-adb7-e5202a6bd040,ocd-bill/89d52925-f5b4-48dd-b507-60683a17b4ff,False,cosponsor
e689effd-8d72-4a05-8c0d-f52a24876c26,David O. Huot,person,,ocd-person/1ca469eb-22a1-4c1c-af43-a0a5456f3a4f,ocd-bill/89d52925-f5b4-48dd-b507-60683a17b4ff,False,cosponsor
d92b40c3-c2c8-45c4-8097-d85d3f00bba2,Paul S. Berch,person,,ocd-person/f96a072d-9add-44b0-8028-0ec057f31f52,ocd-bill/89d52925-f5b4-48dd-b507-60683a17b4ff,False,cosponsor
37f6e49d-1c32-4f95-b19c-90c5db7c274e,Marjorie A. Porter,person,,ocd-person/0999b615-be84-4309-b4ca-68261c1155ab,ocd-bill/89d52925-f5b4-48dd-b507-60683a17b4ff,False,cosponsor
09cfadfe-db5c-4fca-b095-7e4953521516,Marjorie K. Smith,person,,ocd-person/86b31d04-3a4b-4199-b10e-27bd337f0a34,ocd-bill/89d52925-f5b4-48dd-b507-60683a17b4ff,True,primary
a7339813-2c01-41b7-b2bf-3d43eb780ad8,Peter R. Leishman,person,,ocd-person/86708f42-531f-4e57-a6b1-f5b11ff9389c,ocd-bill/89d52925-f5b4-48dd-b507-60683a17b4ff,False,cosponsor
590e3654-cce8-4d12-8c7a-34c880cac042,Robert Renny Cushing,person,,ocd-person/cdb3279c-243a-4ca0-8e83-fcb10a975736,ocd-bill/89d52925-f5b4-48dd-b507-60683a17b4ff,False,cosponsor
13ca8785-41f5-4c0b-a673-5249a43eafec,Daniel A. Eaton,person,,ocd-person/58818151-3b11-41f9-87ac-0fc7d51ffc6c,ocd-bill/89d52925-f5b4-48dd-b507-60683a17b4ff,False,cosponsor
eb50a12b-5a22-4692-9bc2-f0ae2dd8c955,George E. Sykes,person,,ocd-person/1d64c012-42cd-433e-9e51-d449279fe57e,ocd-bill/a8722f3d-3082-4007-a96b-9aa25ea81baf,True,primary
8b540212-6380-42e8-80c1-f5954cc392c6,David H Watters,person,,ocd-person/cf24defe-6df3-49f3-88ca-c6774b144f19,ocd-bill/a8722f3d-3082-4007-a96b-9aa25ea81baf,False,cosponsor
d30721a9-8d2f-43c3-9177-6e880ad5909f,Thomas C. Walsh,person,,ocd-person/e325954b-c90e-4b1e-aadb-3f5cc7ec1671,ocd-bill/d65b308c-21db-4b97-8e4b-33a70110af1c,False,cosponsor
ed5dff48-e39e-49b7-a648-81515cb39460,Carol M. McGuire,person,,ocd-person/ae3d6133-98b5-444e-b95e-2edc2f5302dc,ocd-bill/d65b308c-21db-4b97-8e4b-33a70110af1c,False,cosponsor
d0650edd-d50c-4189-8e78-902001e940d4,Sherman A. Packard,person,,ocd-person/e94c1d98-5454-40a2-8293-ee0998fee8ca,ocd-bill/d65b308c-21db-4b97-8e4b-33a70110af1c,True,primary
a591d741-7591-4b6f-8b0f-d52a4c0dab7e,Jaci L. Grote,person,,ocd-person/26f01212-5287-4735-aa1f-77e4f0d2acb6,ocd-bill/17b7d145-c1ec-453b-9c4b-e3306c460a48,False,cosponsor
1a0c7589-e90e-485a-8723-4e42233db119,Patricia J. Bushway,person,,ocd-person/a10abdb8-c143-498c-8b8a-1e6836699d7b,ocd-bill/17b7d145-c1ec-453b-9c4b-e3306c460a48,False,cosponsor
d6db2fad-4fc7-45fd-8c2d-4281557a309e,Tom Sherman,person,,ocd-person/ee95d0de-e55e-4733-ba97-0fde66adf65c,ocd-bill/17b7d145-c1ec-453b-9c4b-e3306c460a48,False,cosponsor
a1833fbc-8659-4a51-850f-4c1d4e4496fc,Kate R. Murray,person,,ocd-person/79bb2147-ea4b-4706-8b38-ee2309613ea0,ocd-bill/17b7d145-c1ec-453b-9c4b-e3306c460a48,True,primary
3386bfd0-1770-4249-b972-7f5e54682cc5,Dianne E. Schuett,person,,ocd-person/62ff0476-f4e6-411f-a58e-2e7963cde2ab,ocd-bill/25763fb1-29d2-48c9-9d90-f0983cdc33e7,True,primary
77fa94af-96db-4a31-8ae1-da5fee6655a9,Peter B. Schmidt,person,,ocd-person/16654889-3b48-44d6-a6d3-8da5d7a434f1,ocd-bill/25763fb1-29d2-48c9-9d90-f0983cdc33e7,False,cosponsor
847cb16f-59b3-4a9b-a964-30276bd4b3d0,Robert Renny Cushing,person,,ocd-person/cdb3279c-243a-4ca0-8e83-fcb10a975736,ocd-bill/3d4a5e91-fc94-41e3-bddb-f60c617a0df4,True,primary
94fcec55-2ed3-4936-8b53-ecf3001ffe94,Kenneth D. Wells,person,,ocd-person/b75e76bb-fa97-46f2-a164-d33141705950,ocd-bill/556df76c-df95-4a16-af54-4f3eb9de7db0,True,primary
50767877-a4ba-4a49-b517-c861c3dfeccb,Chris Balch,person,,ocd-person/e9d39bb0-9ff6-4083-b8fd-1455609b3033,ocd-bill/556df76c-df95-4a16-af54-4f3eb9de7db0,False,cosponsor
ab8ae119-8cf2-4e5a-8de8-36bf6d4faff3,Kat McGhee,person,,ocd-person/4c8bec8a-e86d-4316-8b2e-2f8c4157cae5,ocd-bill/556df76c-df95-4a16-af54-4f3eb9de7db0,False,cosponsor
9fc9d28f-6647-408a-a2de-4daf885e9c4f,George L. Saunderson,person,,ocd-person/633b7bd0-b605-42ae-837a-4d7d392e085e,ocd-bill/556df76c-df95-4a16-af54-4f3eb9de7db0,False,cosponsor
6770ecc7-dc6c-45f1-ad53-027b97d6a3a1,Lee Walker Oxenham,person,,ocd-person/f3fb87b7-7fb5-432a-9fb2-bd15170f1275,ocd-bill/556df76c-df95-4a16-af54-4f3eb9de7db0,False,cosponsor
7028f8a1-da2e-4f9e-a51b-044b3c743d2b,Kenneth D. Wells,person,,ocd-person/b75e76bb-fa97-46f2-a164-d33141705950,ocd-bill/676c7c8b-465a-4677-ac1e-ae7653d957f8,False,cosponsor
e0c99440-37df-4f17-8595-b6617025d4de,Jay Kahn,person,,ocd-person/998e681b-6df1-4b4a-92db-7a2187cedcd8,ocd-bill/676c7c8b-465a-4677-ac1e-ae7653d957f8,False,cosponsor
22922613-f2e4-449c-9f8c-18cb62e83ec9,Peter F. Somssich,person,,ocd-person/8bb75c80-4c06-42a7-86c0-c0315a2faf7c,ocd-bill/676c7c8b-465a-4677-ac1e-ae7653d957f8,False,cosponsor
6ab9b538-de2f-4eaf-8096-df11070df45d,Kat McGhee,person,,ocd-person/4c8bec8a-e86d-4316-8b2e-2f8c4157cae5,ocd-bill/676c7c8b-465a-4677-ac1e-ae7653d957f8,False,cosponsor
ccf48a6a-2f05-4c8a-bbff-53b819ce2bb0,Howard M. Moffett,person,,ocd-person/71b9d6b9-d7e1-437d-80a8-8a2fea88c58f,ocd-bill/676c7c8b-465a-4677-ac1e-ae7653d957f8,False,cosponsor
fbe639a8-2e25-43ea-b177-da04c82d180f,Robert A. Backus,person,,ocd-person/957f04df-63d1-4b88-b876-436a9cd17248,ocd-bill/676c7c8b-465a-4677-ac1e-ae7653d957f8,False,cosponsor
926be2ee-04bb-45da-9fd3-8f1305eb5744,Martha Fuller Clark,person,,ocd-person/823e56cb-5c51-4a09-b060-93cdb7f7ac25,ocd-bill/676c7c8b-465a-4677-ac1e-ae7653d957f8,True,primary
beb148b4-78f9-484d-9b2b-0fd93b4dfcad,Janice E. Schmidt,person,,ocd-person/ec374833-801f-4c21-9261-67cdefc1ba44,ocd-bill/abe5c5e5-3ea0-4be0-8876-e182b2e33ffb,False,cosponsor
2a54ebcd-967d-4dfb-b532-ead06e1e819a,Mel Myler,person,,ocd-person/8c5f7a02-e92b-4f64-b698-c178b8fd23bb,ocd-bill/abe5c5e5-3ea0-4be0-8876-e182b2e33ffb,False,cosponsor
ac20df95-94dd-4677-989e-21ef5b3292a1,Paul S. Berch,person,,ocd-person/f96a072d-9add-44b0-8028-0ec057f31f52,ocd-bill/abe5c5e5-3ea0-4be0-8876-e182b2e33ffb,False,cosponsor
2054cab0-0359-4019-b698-8cf8d0a35278,Robert Renny Cushing,person,,ocd-person/cdb3279c-243a-4ca0-8e83-fcb10a975736,ocd-bill/abe5c5e5-3ea0-4be0-8876-e182b2e33ffb,True,primary
6ab1397b-da5f-45af-a102-0345eadd51c6,Martha Fuller Clark,person,,ocd-person/823e56cb-5c51-4a09-b060-93cdb7f7ac25,ocd-bill/abe5c5e5-3ea0-4be0-8876-e182b2e33ffb,False,cosponsor
1b58fd92-33d0-4356-a3ba-7bac59b9b39b,Kevin Verville,person,,ocd-person/9d10ccec-b571-4eea-b025-9ed7634b6516,ocd-bill/67e15a35-f72b-4733-a330-6f9b192e4be9,True,primary
12a8102e-7535-4fdd-9bd8-1431582f608d,Cam E. Kenney,person,,ocd-person/9f35ea7b-b937-4b06-8be5-5cfbc83381e1,ocd-bill/b60f1e41-2771-4b66-b195-2e8bf52bcfa8,False,cosponsor
a6e0b397-9f3a-46a4-87d0-ebdccae0add0,Arthur S. Ellison,person,,ocd-person/677500cb-eb95-4ad1-b3f5-02894c28e369,ocd-bill/b60f1e41-2771-4b66-b195-2e8bf52bcfa8,False,cosponsor
48b2bef4-a78d-4d7f-95bf-7f978f2352e0,Ryan T. Buchanan,person,,ocd-person/42b0e59a-b71a-46ce-b761-72bc99239941,ocd-bill/b60f1e41-2771-4b66-b195-2e8bf52bcfa8,False,cosponsor
92b68229-39bb-48b9-8102-94f7bad57485,Ellen D. Read,person,,ocd-person/77304532-17fb-4b2c-aed6-213a435e4a46,ocd-bill/b60f1e41-2771-4b66-b195-2e8bf52bcfa8,True,primary
7944bd2b-5a8d-429a-8cf7-71f7db0d215b,Mark R. King,person,,ocd-person/5b030cec-8315-49f4-901d-85fdb7423781,ocd-bill/b60f1e41-2771-4b66-b195-2e8bf52bcfa8,False,cosponsor
a61d89bb-5288-4a9f-b9f4-50bda0576955,Betty I. Gay,person,,ocd-person/c2486401-1c5f-4cfc-b4ef-bbae6b8c0489,ocd-bill/b60f1e41-2771-4b66-b195-2e8bf52bcfa8,False,cosponsor
a8427e35-5e6b-472f-8c43-f4145aba0653,Joseph A. Guthrie,person,,ocd-person/772f5157-b959-4aed-beaa-6bd67ab8fefe,ocd-bill/b60f1e41-2771-4b66-b195-2e8bf52bcfa8,False,cosponsor
1b8bc9b5-c537-4990-a4e3-631583c4bb76,Dianne E. Schuett,person,,ocd-person/62ff0476-f4e6-411f-a58e-2e7963cde2ab,ocd-bill/b60f1e41-2771-4b66-b195-2e8bf52bcfa8,False,cosponsor
327043b4-3bc9-4756-bceb-1a310a8d0b46,Stephen C. Pearson,person,,ocd-person/2a085551-6f62-4320-a1eb-bc9a177b9a6d,ocd-bill/c3018e60-1d42-46e8-b649-f19292d2fdfa,True,primary
3e1a9e38-cdd2-4cc0-bfe1-90f4aedac995,Elaine H. French,person,,ocd-person/c7a629ed-523e-4f6e-884f-fbb9dbb2a406,ocd-bill/1084540c-aaae-4308-96cd-0929110e92a0,False,cosponsor
36ffc577-4659-483a-9043-0643d705e8a9,Troy E. Merner,person,,ocd-person/729664f2-12c4-4c70-82a5-fee852813a0c,ocd-bill/1084540c-aaae-4308-96cd-0929110e92a0,True,primary
201d7cdb-fe4d-47b5-8751-515124f93eae,Kat McGhee,person,,ocd-person/4c8bec8a-e86d-4316-8b2e-2f8c4157cae5,ocd-bill/1084540c-aaae-4308-96cd-0929110e92a0,False,cosponsor
2892ecca-8f27-4d6d-9e18-7c217193d900,David Meuse,person,,ocd-person/4b449f0f-2024-4e18-bbbd-7f0bbcfa8cac,ocd-bill/340fb82f-499b-4ff3-82a6-02655f9f98a1,False,cosponsor
bef36e03-2577-40f6-9bbe-fcf9b35e0fef,Peter F. Somssich,person,,ocd-person/8bb75c80-4c06-42a7-86c0-c0315a2faf7c,ocd-bill/340fb82f-499b-4ff3-82a6-02655f9f98a1,True,primary
28600954-293e-4ac5-9703-3db9dfbcf4ac,Martha S. Hennessey,person,,ocd-person/f2700034-7f3d-4834-bb66-b848a7ca748a,ocd-bill/0799f399-b54e-49da-b028-0393e235749a,False,cosponsor
36b89622-ce0d-499d-88e1-d3e3240c960e,Edward M. Gordon,person,,ocd-person/1e527c99-df26-4b70-8f9e-62df18dad8bb,ocd-bill/0799f399-b54e-49da-b028-0393e235749a,False,cosponsor
1eb69d20-44bb-4393-981d-ccdb481ec255,Paul S. Berch,person,,ocd-person/f96a072d-9add-44b0-8028-0ec057f31f52,ocd-bill/0799f399-b54e-49da-b028-0393e235749a,False,cosponsor
6c340c18-357e-4220-b98b-4a08587ab689,Donna M. Soucy,person,,ocd-person/bfbbacfd-e12a-4e07-970e-c2c2c006f4a2,ocd-bill/0799f399-b54e-49da-b028-0393e235749a,True,primary
2623e3d3-3f66-431d-98fd-6a18900a7668,Jeb Bradley,person,,ocd-person/3f5455e8-256e-4442-9c13-bc14f62ce76f,ocd-bill/0799f399-b54e-49da-b028-0393e235749a,False,cosponsor
c0545948-212f-4296-8f70-ca8bc1921d12,Casey M. Conley,person,,ocd-person/3290a4d4-7403-45f8-adc4-4e26e0fefa09,ocd-bill/fd13d75e-c621-481a-bd7a-88f283274817,False,cosponsor
3a48460a-ea10-4c06-99d3-59cd0e91863c,Charlie G. St. Clair,person,,ocd-person/643751f4-6db0-4021-bf76-b8f2483d640d,ocd-bill/fd13d75e-c621-481a-bd7a-88f283274817,True,primary
d0ca08fe-e766-4414-89be-1ef3e224d1d1,Harold F. French,person,,ocd-person/ff11da65-174b-4fdc-b33c-e5d6d56602f0,ocd-bill/fd13d75e-c621-481a-bd7a-88f283274817,False,cosponsor
1f03fdfc-8800-48d1-a507-da430f2397d9,Peter E. Torosian,person,,ocd-person/45e36880-19af-4f3f-89d4-624946625e7f,ocd-bill/fd13d75e-c621-481a-bd7a-88f283274817,False,cosponsor
189465c5-ae05-469f-b7b1-899c5d1d13c0,Raymond J. Howard,person,,ocd-person/2d20ed08-99dd-4520-8637-dfc71b6a2e01,ocd-bill/fd13d75e-c621-481a-bd7a-88f283274817,False,cosponsor
c3792a46-9214-4070-a2cc-7c496fc23952,Thomas C. Walsh,person,,ocd-person/e325954b-c90e-4b1e-aadb-3f5cc7ec1671,ocd-bill/fd13d75e-c621-481a-bd7a-88f283274817,False,cosponsor
9f0c5c2e-6674-4181-ba35-15f31d70c798,David O. Huot,person,,ocd-person/1ca469eb-22a1-4c1c-af43-a0a5456f3a4f,ocd-bill/fd13d75e-c621-481a-bd7a-88f283274817,False,cosponsor
036aed57-c1dc-4402-ad03-dae0e75e5c38,David J Starr,person,,ocd-person/b19ae598-8107-4959-b150-586deb9c9852,ocd-bill/15272333-c965-4709-8386-7e9101844e7c,False,cosponsor
2503079e-3da8-464a-ad36-b06eef99e230,Jay Kahn,person,,ocd-person/998e681b-6df1-4b4a-92db-7a2187cedcd8,ocd-bill/15272333-c965-4709-8386-7e9101844e7c,False,cosponsor
d15bb110-bf8b-4c94-bce7-fd393d831b8e,Ruth Ward,person,,ocd-person/9089a509-1f26-4770-adc6-199ed716e692,ocd-bill/15272333-c965-4709-8386-7e9101844e7c,False,cosponsor
7e025bd2-7830-431e-8b46-42e7abb95842,James P. Gray,person,,ocd-person/e6443187-eb51-42eb-8bd7-349ed0ba9641,ocd-bill/15272333-c965-4709-8386-7e9101844e7c,False,cosponsor
5f696127-36a1-4344-8de0-ed1e573926ef,Bob J. Giuda,person,,ocd-person/7739a4d0-534e-4bdb-b7fb-6a8f348e833e,ocd-bill/15272333-c965-4709-8386-7e9101844e7c,False,cosponsor
6001958b-cd0e-4c71-8610-fb98aa1ff4dc,Regina Birdsell,person,,ocd-person/461c9024-c8c3-44a5-91d6-015a6587db5f,ocd-bill/15272333-c965-4709-8386-7e9101844e7c,False,cosponsor
88bd8239-f676-492f-b950-8f1599f5f8b3,John Reagan,person,,ocd-person/f516d40a-3676-4437-8285-a931d7c2885b,ocd-bill/15272333-c965-4709-8386-7e9101844e7c,False,cosponsor
8051af4a-d29e-4130-b207-f3967c9d0ec6,David H Watters,person,,ocd-person/cf24defe-6df3-49f3-88ca-c6774b144f19,ocd-bill/15272333-c965-4709-8386-7e9101844e7c,False,cosponsor
a7c8c0e6-c359-47b4-a224-d16b33d3bf6a,Jeb Bradley,person,,ocd-person/3f5455e8-256e-4442-9c13-bc14f62ce76f,ocd-bill/15272333-c965-4709-8386-7e9101844e7c,True,primary
86b0fbe0-8762-48ff-9e8a-c0d3fa466486,Sharon M Carson,person,,ocd-person/00964fc0-dd57-44c3-87bf-b6d5bbc34560,ocd-bill/15272333-c965-4709-8386-7e9101844e7c,False,cosponsor
ec0111cc-4978-40f6-b3ef-03abf4622424,Cindy Rosenwald,person,,ocd-person/f3e949ce-6d98-4826-bbca-08039cea4ea4,ocd-bill/8ca5e31d-a4b2-4f1a-998d-cdbd29a15a8a,False,cosponsor
4719b6a6-caa2-492b-a3cd-68f85a2909bb,Gerri D. Cannon,person,,ocd-person/cd5b7056-d9eb-4fb1-93e3-6ba43408afa5,ocd-bill/8ca5e31d-a4b2-4f1a-998d-cdbd29a15a8a,True,primary
2a26bebc-1d62-4666-811e-60d43cf46a6e,Lisa H. Bunker,person,,ocd-person/781ad4d7-babf-4d46-82f6-aff2d3c8215f,ocd-bill/8ca5e31d-a4b2-4f1a-998d-cdbd29a15a8a,False,cosponsor
cfbd21cc-0ec9-45db-84b8-2a95f07fb15d,Gary L. Woods,person,,ocd-person/5d98b66b-f4d1-4776-953f-67dc348fdd12,ocd-bill/8ca5e31d-a4b2-4f1a-998d-cdbd29a15a8a,False,cosponsor
43b2aae1-03bd-4f98-878f-99cd8819f829,Michelle St. John,person,,ocd-person/88437b11-b120-486d-83ac-60d88a97785f,ocd-bill/8ca5e31d-a4b2-4f1a-998d-cdbd29a15a8a,False,cosponsor
d01611c4-51f0-4f61-8d3a-8adc1bd4e372,Donald J. Bouchard,person,,ocd-person/74ae3ef0-c1f3-48ce-a5a6-c9bc4661bf08,ocd-bill/8ca5e31d-a4b2-4f1a-998d-cdbd29a15a8a,False,cosponsor
5b3a4aa0-4e24-4187-b4c8-9f7c6fe9623e,Laurel Stavis,person,,ocd-person/90ca1969-94b3-4c8d-b712-e00e48a7a671,ocd-bill/8ca5e31d-a4b2-4f1a-998d-cdbd29a15a8a,False,cosponsor
8101b498-787b-4dc9-bb55-7f3a91dd8d17,Tom Sherman,person,,ocd-person/ee95d0de-e55e-4733-ba97-0fde66adf65c,ocd-bill/8ca5e31d-a4b2-4f1a-998d-cdbd29a15a8a,False,cosponsor
69c29f15-8cfb-4eea-a9fe-05afdd4cbfc5,Jennifer Bernet,person,,ocd-person/be22e6b9-c696-4f33-aae5-29e728c0ef27,ocd-bill/8ca5e31d-a4b2-4f1a-998d-cdbd29a15a8a,False,cosponsor
6a4ad4fb-1d2d-4a3f-b372-cf97126450c4,Latha D. Mangipudi,person,,ocd-person/4f71f9e1-ce78-46d3-9665-00dd404a0f1b,ocd-bill/8ca5e31d-a4b2-4f1a-998d-cdbd29a15a8a,False,cosponsor
ff20b672-726d-4b9e-a752-775adcbe7d3b,David O. Huot,person,,ocd-person/1ca469eb-22a1-4c1c-af43-a0a5456f3a4f,ocd-bill/8ca5e31d-a4b2-4f1a-998d-cdbd29a15a8a,False,cosponsor
65ff3dd9-67eb-412d-9b55-96bdc0bf4d9c,Edward A. Butler,person,,ocd-person/fd79da58-6089-4580-bef2-ad03fc7e6bde,ocd-bill/8ca5e31d-a4b2-4f1a-998d-cdbd29a15a8a,False,cosponsor
5b39d60d-d897-42c1-a3c4-ec88c5d834fa,David H Watters,person,,ocd-person/cf24defe-6df3-49f3-88ca-c6774b144f19,ocd-bill/8ca5e31d-a4b2-4f1a-998d-cdbd29a15a8a,False,cosponsor
7d30041e-50c2-4d87-8b6e-fbf98f514d07,Martha Fuller Clark,person,,ocd-person/823e56cb-5c51-4a09-b060-93cdb7f7ac25,ocd-bill/8ca5e31d-a4b2-4f1a-998d-cdbd29a15a8a,False,cosponsor
cbe896e7-e619-418c-a968-61b38a75e699,Brian M. Sullivan,person,,ocd-person/4c78e7fc-43a2-467b-abe3-6ba04ad8853e,ocd-bill/617c1773-0de0-4ff4-9990-a9997df0d26a,True,primary
0fc4b7fa-4cbd-4700-984b-b35efcfc32fb,Jay Kahn,person,,ocd-person/998e681b-6df1-4b4a-92db-7a2187cedcd8,ocd-bill/617c1773-0de0-4ff4-9990-a9997df0d26a,False,cosponsor
859c55be-a099-4e11-b4fe-0e30fc8afcb1,Linda L. Tanner,person,,ocd-person/950e6cfe-ff6c-49ed-a4c2-1e66e60c6315,ocd-bill/617c1773-0de0-4ff4-9990-a9997df0d26a,False,cosponsor
ea2c5466-7d69-4333-9af2-3230573bbfea,Casey M. Conley,person,,ocd-person/3290a4d4-7403-45f8-adc4-4e26e0fefa09,ocd-bill/04061b54-33e3-48a7-83e9-bbd334d21537,False,cosponsor
28a3dc15-86b8-40e8-9394-0d2c3eedef64,Peter E. Torosian,person,,ocd-person/45e36880-19af-4f3f-89d4-624946625e7f,ocd-bill/04061b54-33e3-48a7-83e9-bbd334d21537,True,primary
43bb39e6-0b24-4d3f-a2b9-263297daa9c8,John C. Janigian,person,,ocd-person/4c4f4974-0202-43a0-9aba-f41d0f99603a,ocd-bill/04061b54-33e3-48a7-83e9-bbd334d21537,False,cosponsor
487bed2a-9e7f-41c4-8bdc-cb79191426a1,Steven D. Smith,person,,ocd-person/129a2970-07b9-4136-aae1-15c689edca40,ocd-bill/04061b54-33e3-48a7-83e9-bbd334d21537,False,cosponsor
4d7dbf45-3a03-40d9-ab59-99308a382ac5,Shannon E Chandley,person,,,ocd-bill/10ecee3e-401d-438b-a9d1-143db76a0fc4,True,primary
f3f191df-5752-4677-8c4c-6fadacfde960,Laura C. Pantelakos,person,,ocd-person/957b326c-6910-4328-afcb-533b975c2202,ocd-bill/10ecee3e-401d-438b-a9d1-143db76a0fc4,False,cosponsor
16fc559e-e97a-4489-bf3d-2cd9f2490ed5,Kevin Cavanaugh,person,,ocd-person/7fb2bb33-cbdb-4dfd-9369-64f19f179777,ocd-bill/b088885f-4852-4ea6-9c7b-06c2fb8c791f,False,cosponsor
86a92e81-1c15-473a-bab4-249b60154193,Peter R. Leishman,person,,ocd-person/86708f42-531f-4e57-a6b1-f5b11ff9389c,ocd-bill/b088885f-4852-4ea6-9c7b-06c2fb8c791f,False,cosponsor
104a75bd-5260-47af-8167-3604a183fa43,Donna M. Soucy,person,,ocd-person/bfbbacfd-e12a-4e07-970e-c2c2c006f4a2,ocd-bill/b088885f-4852-4ea6-9c7b-06c2fb8c791f,False,cosponsor
f8e6e378-8486-4cc6-ab43-a534c67a21f3,Lou D'Allesandro,person,,ocd-person/87c48788-817d-408b-a1e1-ebe1c9fd893d,ocd-bill/b088885f-4852-4ea6-9c7b-06c2fb8c791f,True,primary
0f864a8b-498c-49c2-90bf-806c10562c26,Harold F. French,person,,ocd-person/ff11da65-174b-4fdc-b33c-e5d6d56602f0,ocd-bill/e4bfa198-7b1f-409d-8d82-23844a4c43b7,False,cosponsor
c0214b95-f871-458a-b43d-48aba59a895f,James P. Gray,person,,ocd-person/e6443187-eb51-42eb-8bd7-349ed0ba9641,ocd-bill/e4bfa198-7b1f-409d-8d82-23844a4c43b7,False,cosponsor
63e815ab-3bc5-4680-a1af-b3a78447634c,Barbara J. Griffin,person,,ocd-person/ce1a184c-47a7-4b48-a028-d39585bcf9c3,ocd-bill/e4bfa198-7b1f-409d-8d82-23844a4c43b7,False,cosponsor
e7271c5f-10d3-48b6-b76a-d26d0de8bb79,Marjorie K. Smith,person,,ocd-person/86b31d04-3a4b-4199-b10e-27bd337f0a34,ocd-bill/e4bfa198-7b1f-409d-8d82-23844a4c43b7,False,cosponsor
254583a4-2ee5-410e-9fc5-28d77b9c3b69,Sharon M Carson,person,,ocd-person/00964fc0-dd57-44c3-87bf-b6d5bbc34560,ocd-bill/e4bfa198-7b1f-409d-8d82-23844a4c43b7,True,primary
af2ed6d0-8788-45c0-b6e7-f591e24295d3,Matthew D. Towne,person,,ocd-person/d8695b5b-9dff-44f0-80e0-3e3d6fc5c645,ocd-bill/78e97381-ba51-48cd-910f-d82017e651c3,False,cosponsor
96e21e34-54ff-4eec-b2ad-58b10dc39d3a,Peter F. Somssich,person,,ocd-person/8bb75c80-4c06-42a7-86c0-c0315a2faf7c,ocd-bill/78e97381-ba51-48cd-910f-d82017e651c3,True,primary
10008e31-bc46-4593-a62d-28202702dc80,Richard Ames,person,,ocd-person/47c165c7-ecd9-4b88-b9f7-2e58e8e290d4,ocd-bill/ba7e9233-6666-4b61-beda-c244bce4ca0c,True,primary
63e3e473-059e-40ef-8710-e484076fa9e6,Patrick F. Abrami,person,,ocd-person/0327f85d-1b5a-4218-a97f-f393a965d64b,ocd-bill/ba7e9233-6666-4b61-beda-c244bce4ca0c,False,cosponsor
365daa2f-b28a-4709-8787-d7ee3509e60b,Gerri D. Cannon,person,,ocd-person/cd5b7056-d9eb-4fb1-93e3-6ba43408afa5,ocd-bill/50cba28f-33cb-4e55-9d1a-43a7d5daa678,False,cosponsor
3113f694-5394-4cf4-a582-d96c68e9c682,Chris Balch,person,,ocd-person/e9d39bb0-9ff6-4083-b8fd-1455609b3033,ocd-bill/50cba28f-33cb-4e55-9d1a-43a7d5daa678,True,primary
314cc611-12cb-4616-97f5-e2833b92dbda,Kat McGhee,person,,ocd-person/4c8bec8a-e86d-4316-8b2e-2f8c4157cae5,ocd-bill/50cba28f-33cb-4e55-9d1a-43a7d5daa678,False,cosponsor
d8dc8cf4-a7fc-42ac-ad8f-b81e8046afee,Lee Walker Oxenham,person,,ocd-person/f3fb87b7-7fb5-432a-9fb2-bd15170f1275,ocd-bill/50cba28f-33cb-4e55-9d1a-43a7d5daa678,False,cosponsor
630326b6-78b1-48ae-92ae-34a2ee3b6bab,Jason A. Janvrin,person,,ocd-person/5411c21d-e8ee-4300-a79b-1a688e01c481,ocd-bill/f9ed5546-de6a-4018-b7ac-b1305aba4d41,True,primary
43ab10e8-d71e-4a53-9743-1ffd220ab026,Deborah L. Hobson,person,,ocd-person/6e4aa2d5-d1c7-4009-950f-e5ebedea7189,ocd-bill/e767d3ae-a1e3-4174-8613-7435a76f7cf5,False,cosponsor
64cf9350-32c6-4067-ad03-64fc2feb6c41,Jon Morgan,person,,ocd-person/f169c82a-7120-4d67-85d4-d5ff21cd44ef,ocd-bill/e767d3ae-a1e3-4174-8613-7435a76f7cf5,False,cosponsor
6e840018-102c-4f60-ab9d-6bf55ad918a4,Mark A. Pearson,person,,,ocd-bill/e767d3ae-a1e3-4174-8613-7435a76f7cf5,True,primary
d21c792f-67b3-473f-9f16-ff7d60f93c16,Jeffrey C. Salloway,person,,ocd-person/ff3c9490-e187-451d-b600-ca895bfaf0b0,ocd-bill/e767d3ae-a1e3-4174-8613-7435a76f7cf5,False,cosponsor
c29a3944-1200-4707-acef-a2785707b6ac,Peter F. Somssich,person,,ocd-person/8bb75c80-4c06-42a7-86c0-c0315a2faf7c,ocd-bill/e767d3ae-a1e3-4174-8613-7435a76f7cf5,False,cosponsor
28db3b0b-4e9f-426c-b788-4db1039cb068,Dennis E. Green,person,,ocd-person/63606051-5698-4e90-8323-a1cab068bc24,ocd-bill/e767d3ae-a1e3-4174-8613-7435a76f7cf5,False,cosponsor
ec58ab99-d12b-43f0-aeb2-a0f7c6aff60d,David A. Welch,person,,ocd-person/b8201b25-9bdd-45d3-819d-5bae4c670ad0,ocd-bill/e767d3ae-a1e3-4174-8613-7435a76f7cf5,False,cosponsor
f9b8078e-04e9-410e-8556-76c25871e367,Joseph A. Guthrie,person,,ocd-person/772f5157-b959-4aed-beaa-6bd67ab8fefe,ocd-bill/e767d3ae-a1e3-4174-8613-7435a76f7cf5,False,cosponsor
cdc28cab-3cbe-43a6-a4c6-725e472c8091,Regina Birdsell,person,,ocd-person/461c9024-c8c3-44a5-91d6-015a6587db5f,ocd-bill/e767d3ae-a1e3-4174-8613-7435a76f7cf5,False,cosponsor
09cca9aa-e37f-4a6c-b98c-8119fe4baacc,Kenneth L. Weyler,person,,ocd-person/e2f9dd7e-b221-4cf0-b7de-5daa70658669,ocd-bill/e767d3ae-a1e3-4174-8613-7435a76f7cf5,False,cosponsor
6c35370d-4616-468a-881d-ad6b83c029ce,Martha Fuller Clark,person,,ocd-person/823e56cb-5c51-4a09-b060-93cdb7f7ac25,ocd-bill/e767d3ae-a1e3-4174-8613-7435a76f7cf5,False,cosponsor
2d632a38-f872-4ad8-986d-224fd1abb1da,Melanie Levesque,person,,ocd-person/282926cd-63f0-4ac4-ad16-5e96eb1c4e0b,ocd-bill/cce14609-5a20-4719-94c9-8b03667b52cf,True,primary
5d9d8c59-cd9c-46ef-8004-8380d17368c2,Beth Rodd,person,,ocd-person/f40ba0df-9993-4bf1-b52d-d7989fb5a7f7,ocd-bill/cce14609-5a20-4719-94c9-8b03667b52cf,False,cosponsor
71b4a6dd-e481-4641-8ab0-1ebf88bb8fae,David A. Welch,person,,ocd-person/b8201b25-9bdd-45d3-819d-5bae4c670ad0,ocd-bill/cce14609-5a20-4719-94c9-8b03667b52cf,False,cosponsor
6203d488-0625-48d4-9a7e-2a2144290e3c,Bob J. Giuda,person,,ocd-person/7739a4d0-534e-4bdb-b7fb-6a8f348e833e,ocd-bill/f382569b-c1af-4a56-a7ae-d583c1a778e7,False,cosponsor
347070f8-0864-4afc-9f13-20e55147b219,John A. Graham,person,,ocd-person/05a586d8-4c39-4578-95f6-7aaa30b3c67c,ocd-bill/f382569b-c1af-4a56-a7ae-d583c1a778e7,True,primary
fbeda64f-832e-44b9-98a4-f3d84b1e04c9,Cindy Rosenwald,person,,ocd-person/f3e949ce-6d98-4826-bbca-08039cea4ea4,ocd-bill/acf0f19f-0a1a-4b7a-a3df-ead16cde3c33,False,cosponsor
31214317-aee6-4914-b60a-621c47bd9bda,Tom Sherman,person,,ocd-person/ee95d0de-e55e-4733-ba97-0fde66adf65c,ocd-bill/acf0f19f-0a1a-4b7a-a3df-ead16cde3c33,False,cosponsor
610652b3-2a86-492f-bb98-77f86a712be2,William M. Marsh,person,,ocd-person/22006937-f2ca-4a2e-b92a-457777933dc7,ocd-bill/acf0f19f-0a1a-4b7a-a3df-ead16cde3c33,False,cosponsor
bfda92b0-cf6f-4517-8f82-98619225255f,Christy D. Bartlett,person,,ocd-person/59afcf2a-d688-4495-a53d-b10faeffd222,ocd-bill/acf0f19f-0a1a-4b7a-a3df-ead16cde3c33,False,cosponsor
6dd10992-13d2-4c48-889f-7b6bac1055ba,Charles E. McMahon,person,,ocd-person/28d59199-5bae-46fe-99f3-ec78e330cdeb,ocd-bill/acf0f19f-0a1a-4b7a-a3df-ead16cde3c33,False,cosponsor
a77e828a-3fed-41b6-b919-7d112201b6b7,James R. MacKay,person,,ocd-person/c027d650-709d-440f-8740-84b3e11406ba,ocd-bill/acf0f19f-0a1a-4b7a-a3df-ead16cde3c33,False,cosponsor
0d53e480-e3de-4253-be28-b82261b3fc26,Jeb Bradley,person,,ocd-person/3f5455e8-256e-4442-9c13-bc14f62ce76f,ocd-bill/acf0f19f-0a1a-4b7a-a3df-ead16cde3c33,False,cosponsor
9452bb03-e116-4f7d-9580-6af0d0abbf15,Martha Fuller Clark,person,,ocd-person/823e56cb-5c51-4a09-b060-93cdb7f7ac25,ocd-bill/acf0f19f-0a1a-4b7a-a3df-ead16cde3c33,True,primary
fcedcfaf-8bf8-4367-863e-46e1cb51b45b,Sherman A. Packard,person,,ocd-person/e94c1d98-5454-40a2-8293-ee0998fee8ca,ocd-bill/51791dda-6e54-40cc-b29a-3f8c726c5229,True,primary
6de36fbf-3e7c-4865-a794-8b155415a826,Kenneth L. Weyler,person,,ocd-person/e2f9dd7e-b221-4cf0-b7de-5daa70658669,ocd-bill/51791dda-6e54-40cc-b29a-3f8c726c5229,False,cosponsor
d6ad99df-f265-4adb-8acf-70b3544d305a,Peg Higgins,person,,ocd-person/d359f996-32f7-463d-bea8-a84795b954d1,ocd-bill/43b213b1-2974-495c-abb5-22ceb6e2759b,False,cosponsor
01e601b0-1eb8-4e54-a3ce-963ab15e0df5,Sherry A. Frost,person,,ocd-person/62916f8e-e193-463d-9dcc-f35f60d836db,ocd-bill/43b213b1-2974-495c-abb5-22ceb6e2759b,False,cosponsor
d4ca696e-58f0-46c4-bb35-5c15b116e4ff,Ellen D. Read,person,,ocd-person/77304532-17fb-4b2c-aed6-213a435e4a46,ocd-bill/43b213b1-2974-495c-abb5-22ceb6e2759b,True,primary
5f804de1-3b6b-4b34-8c2a-9b24ee684983,Charlotte I. DiLorenzo,person,,ocd-person/75a682ff-407d-4192-858d-9ce6a979c400,ocd-bill/43b213b1-2974-495c-abb5-22ceb6e2759b,False,cosponsor
d63f541a-f5ce-4e17-91f0-6f2a5c6b99e4,Jerry L. Knirk,person,,ocd-person/ce0bd184-d264-46d8-87fc-f2590e2a1ed1,ocd-bill/43b213b1-2974-495c-abb5-22ceb6e2759b,False,cosponsor
30f23a00-1c7f-4bf9-85a6-e75ca81b9835,Betty I. Gay,person,,ocd-person/c2486401-1c5f-4cfc-b4ef-bbae6b8c0489,ocd-bill/43b213b1-2974-495c-abb5-22ceb6e2759b,False,cosponsor
adecc385-bf23-42a8-a4d7-4f5b733bf6e5,Timothy J. Smith,person,,ocd-person/b5ca2038-c971-48a1-9d59-f9acf2b0806b,ocd-bill/43b213b1-2974-495c-abb5-22ceb6e2759b,False,cosponsor
2ad7885c-b694-4479-9a12-05551355fe27,Wendy E.N. Thomas,person,,ocd-person/2375b05c-cf9a-4f1b-a4b0-194fac6d86bf,ocd-bill/bdf4de4e-2186-494e-b0dd-8d88fb73f040,True,primary
27d5b056-83c6-464c-ab52-b1804398b561,Kathryn Stack,person,,ocd-person/ca4638d0-559a-4364-8de0-88f23d35d5a0,ocd-bill/bdf4de4e-2186-494e-b0dd-8d88fb73f040,False,cosponsor
5cf8bd4e-ec3d-47d1-9b7b-5d36f29b5d0a,Patrick T. Long,person,,ocd-person/14d0ff58-3340-4344-bb79-c6acd5f8ba6c,ocd-bill/3a8d76a5-3f6d-4749-8e3c-9cef682772ad,True,primary
5b6244ba-8bd9-4aa2-84be-ce5e80396794,Patricia S. Klee,person,,ocd-person/3a5791f9-bea1-4fa8-86bb-f54d2efaa86e,ocd-bill/f9b02f36-dbad-4b3e-8d50-352df60c197c,False,cosponsor
b53f9c2f-0593-43e8-938f-5eabb684ca07,Phyllis M. Katsakiores,person,,ocd-person/19404ada-b556-4609-9814-f19db9c0a0ad,ocd-bill/f9b02f36-dbad-4b3e-8d50-352df60c197c,False,cosponsor
af04f99d-fd44-422f-bbce-6f7fb9987725,Latha D. Mangipudi,person,,ocd-person/4f71f9e1-ce78-46d3-9665-00dd404a0f1b,ocd-bill/f9b02f36-dbad-4b3e-8d50-352df60c197c,False,cosponsor
d48f7818-f807-454a-acdd-3b7628dc745e,Timothy J. Smith,person,,ocd-person/b5ca2038-c971-48a1-9d59-f9acf2b0806b,ocd-bill/f9b02f36-dbad-4b3e-8d50-352df60c197c,False,cosponsor
5a2f9d55-c6a0-4ac1-a83e-3e9ef454409a,Linda A. Massimilla,person,,ocd-person/c018f667-a248-4b79-b8be-63740191e1ff,ocd-bill/f9b02f36-dbad-4b3e-8d50-352df60c197c,True,primary
ad0fb1e0-70c4-40a0-a331-813ce340b6b3,David C. Lundgren,person,,ocd-person/4e9bb139-f952-4fda-bce1-f1bb16c585e3,ocd-bill/f9b02f36-dbad-4b3e-8d50-352df60c197c,False,cosponsor
fac90ab4-d562-44c5-b3d6-70194b78e615,Patrick F. Abrami,person,,ocd-person/0327f85d-1b5a-4218-a97f-f393a965d64b,ocd-bill/d105e386-20e5-47dd-b150-5e5f8e8ed308,True,primary
7b519850-40e8-4a5a-89fc-827358e128ad,Werner D. Horn,person,,ocd-person/ab3fb5b5-85fb-441d-8b4f-09d52722175b,ocd-bill/44e2a33c-41fa-47c1-81b8-12f2509b981f,True,primary
cdf3c948-0ba3-4df4-9e84-41f87d4bf54a,Beth Rodd,person,,ocd-person/f40ba0df-9993-4bf1-b52d-d7989fb5a7f7,ocd-bill/e406a2a7-4e48-4e10-990b-3b3470bc1bc6,False,cosponsor
8a88ce60-2581-4a7b-9d83-77c6607ff09d,David A. Welch,person,,ocd-person/b8201b25-9bdd-45d3-819d-5bae4c670ad0,ocd-bill/e406a2a7-4e48-4e10-990b-3b3470bc1bc6,False,cosponsor
2a51e8d8-a35d-4173-a80e-5077a59cec06,John Bordenet,person,,ocd-person/97cb7b54-48fb-4eb8-ac44-c1a5645bda49,ocd-bill/e406a2a7-4e48-4e10-990b-3b3470bc1bc6,True,primary
da5e441e-569c-42ad-871c-4e9627bf55cb,Jon Morgan,person,,ocd-person/f169c82a-7120-4d67-85d4-d5ff21cd44ef,ocd-bill/f1d6becb-516f-4e9f-b3e5-0b8aa3f63521,False,cosponsor
b3c60a5e-e8d6-493d-a689-c09736c5fdc0,Donna M. Mombourquette,person,,ocd-person/99b6e8f3-52a6-43fb-b912-7fdb715b7b3b,ocd-bill/f1d6becb-516f-4e9f-b3e5-0b8aa3f63521,False,cosponsor
e4609a66-97d3-4706-b172-6489bd229e08,Julie D. Gilman,person,,ocd-person/77ca15e6-ebe1-4ef5-8bc9-ed3dff861f38,ocd-bill/f1d6becb-516f-4e9f-b3e5-0b8aa3f63521,True,primary
165f161c-b3e1-465b-9e66-984ad05f817d,David Woodbury,person,,ocd-person/149da0e1-39c6-4bd0-b290-5af40a15ea37,ocd-bill/f1d6becb-516f-4e9f-b3e5-0b8aa3f63521,False,cosponsor
e75a4d9f-e821-48cc-932f-2749312095f3,Joe Schapiro,person,,ocd-person/44fbe7a3-bc2c-4ab0-b669-35521e926782,ocd-bill/ee013e08-f584-4a6e-8627-b79c24aa361c,False,cosponsor
8d4211b5-1750-4c99-9a7a-63f6ed472e0c,Craig R. Thompson,person,,ocd-person/5295b45f-d39a-4375-9aff-3b5b1603fa2d,ocd-bill/ee013e08-f584-4a6e-8627-b79c24aa361c,True,primary
5f213cb0-8963-4e63-af6b-8791c404e019,Sandy L. Swinburne,person,,ocd-person/edfd3cb6-2024-4c31-b106-fa93482e57af,ocd-bill/ee013e08-f584-4a6e-8627-b79c24aa361c,False,cosponsor
6331e3a9-3841-4035-9554-464c9af92421,David A. Welch,person,,ocd-person/b8201b25-9bdd-45d3-819d-5bae4c670ad0,ocd-bill/ee013e08-f584-4a6e-8627-b79c24aa361c,False,cosponsor
5068efa0-0b30-4514-ae02-41311ae81a62,Cassandra N. Levesque,person,,ocd-person/711423e3-ff28-4150-8a89-ec568a4f2c5d,ocd-bill/3e31957f-52ca-4e09-adf9-b1fef57e19d3,False,cosponsor
b443a1da-b172-4121-b82c-147149d0e063,Matthew D. Towne,person,,ocd-person/d8695b5b-9dff-44f0-80e0-3e3d6fc5c645,ocd-bill/3e31957f-52ca-4e09-adf9-b1fef57e19d3,False,cosponsor
59f193cd-6b0e-4eb4-bed0-0c395a9921cc,Constance Van Houten,person,,ocd-person/5e54c6e7-01cb-42c8-b3ed-8137e6c995fd,ocd-bill/3e31957f-52ca-4e09-adf9-b1fef57e19d3,False,cosponsor
60f857fc-615b-4d7b-b028-ba236fd99d95,Mary Jane Mulligan,person,,ocd-person/2eda7ff0-af84-4ad3-a72c-ea7c37e46877,ocd-bill/3e31957f-52ca-4e09-adf9-b1fef57e19d3,False,cosponsor
95b6b9bf-299e-4ae9-8865-9ec86f0194b4,Mary A. Eisner,person,,ocd-person/a9ac3600-6a7f-4d8c-ba5f-a20b3dfba0e6,ocd-bill/3e31957f-52ca-4e09-adf9-b1fef57e19d3,False,cosponsor
31d48a75-1b28-4332-b356-cd0eaf5feced,David B. Doherty,person,,ocd-person/b2b46bdc-a9ee-4d6a-8535-93bea4190ddb,ocd-bill/3e31957f-52ca-4e09-adf9-b1fef57e19d3,False,cosponsor
e1055c18-9736-4bde-b56f-278f65319509,Patricia Cornell,person,,ocd-person/e657ef2c-bfc3-4a08-99fe-4456be3bfe2a,ocd-bill/3e31957f-52ca-4e09-adf9-b1fef57e19d3,False,cosponsor
558e9b93-96de-4ef0-a288-a922f8287c0d,Mary Heath,person,,ocd-person/03bba97f-9b7c-4c33-adb7-e5202a6bd040,ocd-bill/3e31957f-52ca-4e09-adf9-b1fef57e19d3,True,primary
7dc23cc5-3553-4b2a-85ba-e42839784614,Paul S. Berch,person,,ocd-person/f96a072d-9add-44b0-8028-0ec057f31f52,ocd-bill/3e31957f-52ca-4e09-adf9-b1fef57e19d3,False,cosponsor
e46c3f3f-1c42-48ab-a04a-19c775daaf68,Melanie Levesque,person,,ocd-person/282926cd-63f0-4ac4-ad16-5e96eb1c4e0b,ocd-bill/7aa658cf-6134-4a31-8ec1-cf73cd20fad5,True,primary
4141324c-2ff6-4721-a71a-8bbca64b6a6c,Martha S. Hennessey,person,,ocd-person/f2700034-7f3d-4834-bb66-b848a7ca748a,ocd-bill/7aa658cf-6134-4a31-8ec1-cf73cd20fad5,False,cosponsor
d77e13f8-6bba-48cf-9f7e-5ddec0a99025,Tom J. Loughman,person,,ocd-person/49ec8a23-3fec-4d61-a917-be7780438d71,ocd-bill/a396cd77-dad9-4812-b556-92d83a991c87,False,cosponsor
c016a7fb-f7f5-402f-9a9d-e972803deeeb,Safiya Wazir,person,,ocd-person/a2975441-f5d1-4e95-8a4e-1d930fc16bc2,ocd-bill/a396cd77-dad9-4812-b556-92d83a991c87,True,primary
87703b3e-8ace-467b-921f-c023bd32a9be,Timothy Josephson,person,,ocd-person/62149ad2-7d4c-42b6-be2b-281618dd7c97,ocd-bill/a396cd77-dad9-4812-b556-92d83a991c87,False,cosponsor
69796354-6288-4461-b97a-e73c7e86f83e,Dan Feltes,person,,ocd-person/e97501d7-4bef-403f-8d48-9fcecc980cf5,ocd-bill/a396cd77-dad9-4812-b556-92d83a991c87,False,cosponsor
abf116c6-749e-48b1-8bcd-f95cf970ae3c,Karel A. Crawford,person,,ocd-person/a0936f2f-8170-47f9-8b05-6c6697a95968,ocd-bill/a396cd77-dad9-4812-b556-92d83a991c87,False,cosponsor
01d764a1-97a0-465a-9973-1eaa3d80dd52,Mary Jane Wallner,person,,ocd-person/0e6f806c-ba57-4dc6-b6b4-f2a926288ca3,ocd-bill/a396cd77-dad9-4812-b556-92d83a991c87,False,cosponsor
4c2d5ac7-c59c-478f-b371-e84cca85532e,David H Watters,person,,ocd-person/cf24defe-6df3-49f3-88ca-c6774b144f19,ocd-bill/a396cd77-dad9-4812-b556-92d83a991c87,False,cosponsor
1b1a9f16-b966-49bd-8870-6b3d7291b7d1,Harold F. French,person,,ocd-person/ff11da65-174b-4fdc-b33c-e5d6d56602f0,ocd-bill/c4227785-6d70-4181-99bc-f225b212c4aa,True,primary
a3223d8f-895e-4591-afb5-1f8432c8687f,James P. Gray,person,,ocd-person/e6443187-eb51-42eb-8bd7-349ed0ba9641,ocd-bill/c4227785-6d70-4181-99bc-f225b212c4aa,False,cosponsor
d9a8c9f4-bd5f-496d-902e-82df9e378778,Bob J. Giuda,person,,ocd-person/7739a4d0-534e-4bdb-b7fb-6a8f348e833e,ocd-bill/c4227785-6d70-4181-99bc-f225b212c4aa,False,cosponsor
1b297ac6-3b0d-43eb-97f2-ea15e8622eaf,John R. Plumer,person,,ocd-person/867ccf71-9ca1-47cf-9c4f-0c5f715c412e,ocd-bill/c4227785-6d70-4181-99bc-f225b212c4aa,False,cosponsor
53bc8b12-21e3-49f8-8480-a3a0fb8b0f99,John Reagan,person,,ocd-person/f516d40a-3676-4437-8285-a931d7c2885b,ocd-bill/c4227785-6d70-4181-99bc-f225b212c4aa,False,cosponsor
caa18e3b-122f-4c98-bf51-e96528c03d1e,Jeb Bradley,person,,ocd-person/3f5455e8-256e-4442-9c13-bc14f62ce76f,ocd-bill/c4227785-6d70-4181-99bc-f225b212c4aa,False,cosponsor
74e13650-23f4-4c00-b445-4cb9c5b2c015,Lou D'Allesandro,person,,ocd-person/87c48788-817d-408b-a1e1-ebe1c9fd893d,ocd-bill/c4227785-6d70-4181-99bc-f225b212c4aa,False,cosponsor
7309c4dc-cf77-410a-95da-15f332681dd3,Cam E. Kenney,person,,ocd-person/9f35ea7b-b937-4b06-8be5-5cfbc83381e1,ocd-bill/bfb1a5a7-694e-466f-858c-2e63d2365a0b,False,cosponsor
39cadae7-06f3-4415-aacf-fd043382de13,Rosemarie Rung,person,,ocd-person/1a5923c6-3e1f-4ebe-8739-17c9e9642403,ocd-bill/bfb1a5a7-694e-466f-858c-2e63d2365a0b,True,primary
52cdd828-6d7e-4d42-b746-d9dbe2eab07f,William M. Marsh,person,,ocd-person/22006937-f2ca-4a2e-b92a-457777933dc7,ocd-bill/bfb1a5a7-694e-466f-858c-2e63d2365a0b,False,cosponsor
be6298f0-1c67-467f-8a00-6414aa100ba6,Joseph A. Guthrie,person,,ocd-person/772f5157-b959-4aed-beaa-6bd67ab8fefe,ocd-bill/bfb1a5a7-694e-466f-858c-2e63d2365a0b,False,cosponsor
0a436659-c253-4f10-a22f-f45eeec5f3d5,Dan Feltes,person,,ocd-person/e97501d7-4bef-403f-8d48-9fcecc980cf5,ocd-bill/bfb1a5a7-694e-466f-858c-2e63d2365a0b,False,cosponsor
0f1d6ea7-14fb-4598-badb-f3293ff9e0aa,Janice E. Schmidt,person,,ocd-person/ec374833-801f-4c21-9261-67cdefc1ba44,ocd-bill/bfb1a5a7-694e-466f-858c-2e63d2365a0b,False,cosponsor
e2f15719-5d14-4dcc-b747-0f22d0b829fa,Carol M. McGuire,person,,ocd-person/ae3d6133-98b5-444e-b95e-2edc2f5302dc,ocd-bill/fdab97d0-5031-40f1-a4b3-c06999dc582a,False,cosponsor
4cafd4fd-5c8e-4c8a-90b3-e47fe0bea7fb,Jeffrey P. Goley,person,,ocd-person/903e02f2-e17d-41f4-bd94-f91557c0e1fd,ocd-bill/fdab97d0-5031-40f1-a4b3-c06999dc582a,True,primary
bc5fc1cf-4acb-42a2-997e-820e26145da2,Sharon M Carson,person,,ocd-person/00964fc0-dd57-44c3-87bf-b6d5bbc34560,ocd-bill/fdab97d0-5031-40f1-a4b3-c06999dc582a,False,cosponsor
96bfd92b-72cc-4dfb-b930-b4e82f3320d7,Tom Sherman,person,,ocd-person/ee95d0de-e55e-4733-ba97-0fde66adf65c,ocd-bill/261d8f71-bca7-4bcf-8435-735f14d88aa1,True,primary
82359034-0408-459c-8c59-a876aa9249ef,Jeffrey C. Salloway,person,,ocd-person/ff3c9490-e187-451d-b600-ca895bfaf0b0,ocd-bill/261d8f71-bca7-4bcf-8435-735f14d88aa1,False,cosponsor
62eb0bab-62a2-49b1-9ab4-10fdc3187579,Polly Kent Campion,person,,ocd-person/8af71573-9095-434b-9fc7-6b244e40b3bb,ocd-bill/261d8f71-bca7-4bcf-8435-735f14d88aa1,False,cosponsor
84243a90-13ad-4915-8a90-9fe0db669af6,William M. Marsh,person,,ocd-person/22006937-f2ca-4a2e-b92a-457777933dc7,ocd-bill/261d8f71-bca7-4bcf-8435-735f14d88aa1,False,cosponsor
cd7ea8bc-d28c-4fd1-93be-8aa11a02c3f5,Charles E. McMahon,person,,ocd-person/28d59199-5bae-46fe-99f3-ec78e330cdeb,ocd-bill/261d8f71-bca7-4bcf-8435-735f14d88aa1,False,cosponsor
39199e55-bd2a-43bf-9d27-8faf0a83d549,Martha Fuller Clark,person,,ocd-person/823e56cb-5c51-4a09-b060-93cdb7f7ac25,ocd-bill/261d8f71-bca7-4bcf-8435-735f14d88aa1,False,cosponsor
ee9c2e06-4c93-4457-807b-ece50ee40439,Kevin Cavanaugh,person,,ocd-person/7fb2bb33-cbdb-4dfd-9369-64f19f179777,ocd-bill/e293a687-2db2-407d-9813-bbb3df72e73e,False,cosponsor
e8628312-d535-40a6-83be-aaecadf64344,Harold F. French,person,,ocd-person/ff11da65-174b-4fdc-b33c-e5d6d56602f0,ocd-bill/e293a687-2db2-407d-9813-bbb3df72e73e,True,primary
75cf9db2-2a22-4244-954a-50819ea4eefc,Bob J. Giuda,person,,ocd-person/7739a4d0-534e-4bdb-b7fb-6a8f348e833e,ocd-bill/e293a687-2db2-407d-9813-bbb3df72e73e,False,cosponsor
2d2a39f1-ed7b-4939-a26f-67812aaecb11,John B. Hunt,person,,ocd-person/35c51630-9b9c-411a-9b98-0842cb6093df,ocd-bill/e293a687-2db2-407d-9813-bbb3df72e73e,False,cosponsor
b35434b6-bbcc-46b7-b446-8261c80c6a68,John Reagan,person,,ocd-person/f516d40a-3676-4437-8285-a931d7c2885b,ocd-bill/e293a687-2db2-407d-9813-bbb3df72e73e,False,cosponsor
a70eb2c8-64f2-4e75-a402-dbf52e9a17ac,Melanie Levesque,person,,ocd-person/282926cd-63f0-4ac4-ad16-5e96eb1c4e0b,ocd-bill/f71474f2-bd26-48f1-a9a7-83fa5387e8c4,False,cosponsor
ed937acb-4f56-49b2-97ac-34a65e316ece,Cam E. Kenney,person,,ocd-person/9f35ea7b-b937-4b06-8be5-5cfbc83381e1,ocd-bill/f71474f2-bd26-48f1-a9a7-83fa5387e8c4,False,cosponsor
2bb52496-553f-49eb-b911-be6ac9d33aa6,Julie Radhakrishnan,person,,ocd-person/79f9410e-748e-4a05-a48f-047fef64d1cf,ocd-bill/f71474f2-bd26-48f1-a9a7-83fa5387e8c4,False,cosponsor
2168298d-73b7-4f7c-a8bc-0c6b464c3aa4,Jennifer Bernet,person,,ocd-person/be22e6b9-c696-4f33-aae5-29e728c0ef27,ocd-bill/f71474f2-bd26-48f1-a9a7-83fa5387e8c4,True,primary
5ca4544d-292b-4c51-a48b-3669bf06ebff,Michelle St. John,person,,ocd-person/88437b11-b120-486d-83ac-60d88a97785f,ocd-bill/2441cd08-37cd-4d20-b5f0-86361fda6c5b,False,cosponsor
013ae324-1e10-4470-bdce-0139ae9250f9,Willis T. Griffith,person,,ocd-person/db50036f-5c7f-4cec-a250-3be2e3ca394c,ocd-bill/2441cd08-37cd-4d20-b5f0-86361fda6c5b,True,primary
c3a52b82-9e7b-41d7-9d9d-9b7b5a2d01ea,Craig R. Thompson,person,,ocd-person/5295b45f-d39a-4375-9aff-3b5b1603fa2d,ocd-bill/2441cd08-37cd-4d20-b5f0-86361fda6c5b,False,cosponsor
0fd026de-34b3-4e0a-9aea-6ce9ffccb008,Shannon E Chandley,person,,,ocd-bill/d55c8f59-0a3c-4ac0-a63c-abcf8b54a2ac,False,cosponsor
deb13def-2933-4407-87cd-0da2bd954570,Megan A. Murray,person,,ocd-person/f1902aac-3930-478d-9e89-60cef8bcae0b,ocd-bill/d55c8f59-0a3c-4ac0-a63c-abcf8b54a2ac,False,cosponsor
c3547ca9-0f48-494a-9cbe-e2f0329e0c1b,Reed A. Panasiti,person,,ocd-person/7a82814e-ffd2-4af0-b9b7-01d52a0492b0,ocd-bill/d55c8f59-0a3c-4ac0-a63c-abcf8b54a2ac,True,primary
99d43a04-3a29-4f06-bc2b-4795d9cc0f4c,Julie Radhakrishnan,person,,ocd-person/79f9410e-748e-4a05-a48f-047fef64d1cf,ocd-bill/d55c8f59-0a3c-4ac0-a63c-abcf8b54a2ac,False,cosponsor
27077ee8-da9d-4217-b4ed-412597b43b9a,Michael D. Harrington,person,,ocd-person/21e95dbc-c226-4f4a-9fa2-8f5b374d0a98,ocd-bill/d55c8f59-0a3c-4ac0-a63c-abcf8b54a2ac,False,cosponsor
6bc4063b-2cf6-48df-8743-1afc34ba70d3,Samantha L. Fox,person,,ocd-person/7471e52d-b23c-4df4-b9c9-b7c3751ea3ce,ocd-bill/c19f7e94-7bc8-4785-8bf4-44290c541cd9,False,cosponsor
65154f3f-1f6b-4dd1-b393-8dfd22146f48,Matthew B. Wilhelm,person,,ocd-person/61d2e8f3-f2b9-4357-81af-fe982ee1821f,ocd-bill/c19f7e94-7bc8-4785-8bf4-44290c541cd9,False,cosponsor
e95bf814-a24b-4596-879b-7ee105a0e8c3,Willis T. Griffith,person,,ocd-person/db50036f-5c7f-4cec-a250-3be2e3ca394c,ocd-bill/c19f7e94-7bc8-4785-8bf4-44290c541cd9,True,primary
d29b535d-f0c1-45be-be26-a731a334d94f,Jerry M. Stringham,person,,ocd-person/68ee5e4b-6253-4703-8902-ae8ca8df41eb,ocd-bill/c19f7e94-7bc8-4785-8bf4-44290c541cd9,False,cosponsor
688a77ee-61f0-47b5-bc0e-6e7a586ddc42,Timothy Josephson,person,,ocd-person/62149ad2-7d4c-42b6-be2b-281618dd7c97,ocd-bill/c19f7e94-7bc8-4785-8bf4-44290c541cd9,False,cosponsor
f929dfb1-1deb-4451-9d98-5dbc3b3ebaf4,Dan Feltes,person,,ocd-person/e97501d7-4bef-403f-8d48-9fcecc980cf5,ocd-bill/c19f7e94-7bc8-4785-8bf4-44290c541cd9,False,cosponsor
c727d9cb-08d0-41b0-9e64-3ab11f33285e,Israel F. Piedra,person,,ocd-person/711f9af7-aa50-4019-b854-9e7dad0f60ce,ocd-bill/e26c6d2c-f70d-4d4c-9b64-f27774d533a8,True,primary
97af1e43-4f7b-4d8b-948d-7c3027534185,Keith Erf,person,,ocd-person/0e6b2514-25d6-4e16-bcbd-5029e90df22d,ocd-bill/e2aef8c2-1b9d-42f3-a6a5-db4f03adebe9,True,primary
eb8f08b6-bf7c-458c-aa65-03832cef9d41,Harold F. French,person,,ocd-person/ff11da65-174b-4fdc-b33c-e5d6d56602f0,ocd-bill/e2aef8c2-1b9d-42f3-a6a5-db4f03adebe9,False,cosponsor
a9f605ee-f199-49a2-9e0a-2f0b829dc835,Sandra B. Keans,person,,ocd-person/0f7e49e8-f9da-49b1-b20a-24236d6c3997,ocd-bill/e2aef8c2-1b9d-42f3-a6a5-db4f03adebe9,False,cosponsor
1dd785a5-a842-4757-b231-a03638b29344,Mark Warden,person,,ocd-person/01358592-fa6d-49bf-a933-ea2f223572d7,ocd-bill/e2aef8c2-1b9d-42f3-a6a5-db4f03adebe9,False,cosponsor
89cc9e65-90ac-467a-854b-a3f5b17aef3f,Werner D. Horn,person,,ocd-person/ab3fb5b5-85fb-441d-8b4f-09d52722175b,ocd-bill/79dbc078-a457-435a-81ca-b1ecf4abbd44,True,primary
605451ff-424c-441f-a83c-564f4847aaeb,Dianne E. Schuett,person,,ocd-person/62ff0476-f4e6-411f-a58e-2e7963cde2ab,ocd-bill/79dbc078-a457-435a-81ca-b1ecf4abbd44,False,cosponsor
e13b66ed-f05a-417c-9c21-494c26f5de79,Katherine D. Rogers,person,,ocd-person/f9421528-ffb6-46f3-82bc-70b0329db823,ocd-bill/1505ab70-9a56-4b62-8d80-fae30eea5151,True,primary
f1b7193b-b373-4811-ab88-64624496e653,Edward DeClercq,person,,ocd-person/60dd7613-cb9b-4b45-941c-88f1e1e6f322,ocd-bill/99d0bea5-138f-46ac-89cc-7b557193c8c6,False,cosponsor
d54aad58-e068-4d6a-9df3-ecfc23305a79,Daryl A. Abbas,person,,ocd-person/6dfd683a-1f79-49db-95a9-07f4f9898a22,ocd-bill/99d0bea5-138f-46ac-89cc-7b557193c8c6,True,primary
3c54a1bf-3be5-40f2-8a35-ed57d5c09a3c,Cam E. Kenney,person,,ocd-person/9f35ea7b-b937-4b06-8be5-5cfbc83381e1,ocd-bill/99d0bea5-138f-46ac-89cc-7b557193c8c6,False,cosponsor
570ee3aa-829b-491e-aaee-fc6b45992dd0,Anita D. Burroughs,person,,ocd-person/a028512b-5d61-4d23-9e28-dec7038577d6,ocd-bill/99d0bea5-138f-46ac-89cc-7b557193c8c6,False,cosponsor
d01316dd-427f-4c69-89ec-7f5271647391,Kristina M. Schultz,person,,ocd-person/8698b473-ea4e-4126-8766-a2b5b5878702,ocd-bill/99d0bea5-138f-46ac-89cc-7b557193c8c6,False,cosponsor
52db8b25-5316-4f7d-a304-c98554dca9fb,Ellen D. Read,person,,ocd-person/77304532-17fb-4b2c-aed6-213a435e4a46,ocd-bill/99d0bea5-138f-46ac-89cc-7b557193c8c6,False,cosponsor
b2913871-2685-479e-a01a-d2ee13e12d3d,John C. Janigian,person,,ocd-person/4c4f4974-0202-43a0-9aba-f41d0f99603a,ocd-bill/99d0bea5-138f-46ac-89cc-7b557193c8c6,False,cosponsor
4ec9c349-df2e-485f-bc12-15dadc857e26,Jay Kahn,person,,ocd-person/998e681b-6df1-4b4a-92db-7a2187cedcd8,ocd-bill/f31d526f-50a5-4533-91ba-88d76d2d6c12,False,cosponsor
68b652c0-f778-4ca1-a55f-976749f947f0,Dan Feltes,person,,ocd-person/e97501d7-4bef-403f-8d48-9fcecc980cf5,ocd-bill/f31d526f-50a5-4533-91ba-88d76d2d6c12,True,primary
e64aa328-aa09-4f1b-8f2f-37646176df3c,David H Watters,person,,ocd-person/cf24defe-6df3-49f3-88ca-c6774b144f19,ocd-bill/f31d526f-50a5-4533-91ba-88d76d2d6c12,False,cosponsor
6be242fe-b60f-4152-aaa5-2d6c828006c5,Martha Fuller Clark,person,,ocd-person/823e56cb-5c51-4a09-b060-93cdb7f7ac25,ocd-bill/f31d526f-50a5-4533-91ba-88d76d2d6c12,False,cosponsor
8ee4b030-3a90-4dfc-97f5-32076f43ff28,Jay Kahn,person,,ocd-person/998e681b-6df1-4b4a-92db-7a2187cedcd8,ocd-bill/6885891f-7b24-42d3-ac73-1cc9ebaeb9ed,False,cosponsor
de73d75c-5d3b-4e0f-933a-2a92ada42673,Ruth Ward,person,,ocd-person/9089a509-1f26-4770-adc6-199ed716e692,ocd-bill/6885891f-7b24-42d3-ac73-1cc9ebaeb9ed,False,cosponsor
14ba2461-5e7f-4351-a454-a73a36e5132f,James P. Gray,person,,ocd-person/e6443187-eb51-42eb-8bd7-349ed0ba9641,ocd-bill/6885891f-7b24-42d3-ac73-1cc9ebaeb9ed,True,primary
4a3d53b7-b7a3-48e6-956b-64e7d3a78d22,Bob J. Giuda,person,,ocd-person/7739a4d0-534e-4bdb-b7fb-6a8f348e833e,ocd-bill/6885891f-7b24-42d3-ac73-1cc9ebaeb9ed,False,cosponsor
b7de532c-4216-4688-b589-f4d516ad5569,Dan Feltes,person,,ocd-person/e97501d7-4bef-403f-8d48-9fcecc980cf5,ocd-bill/6885891f-7b24-42d3-ac73-1cc9ebaeb9ed,False,cosponsor
1d91d307-7d06-4c38-aaa4-b661483c8b92,John Reagan,person,,ocd-person/f516d40a-3676-4437-8285-a931d7c2885b,ocd-bill/6885891f-7b24-42d3-ac73-1cc9ebaeb9ed,False,cosponsor
dca3ce3d-f468-4a6a-96de-f86e3d666cbb,David H Watters,person,,ocd-person/cf24defe-6df3-49f3-88ca-c6774b144f19,ocd-bill/6885891f-7b24-42d3-ac73-1cc9ebaeb9ed,False,cosponsor
823b47e3-432f-4d1f-9421-5e5625fa5695,Jeb Bradley,person,,ocd-person/3f5455e8-256e-4442-9c13-bc14f62ce76f,ocd-bill/6885891f-7b24-42d3-ac73-1cc9ebaeb9ed,False,cosponsor
55656177-f833-4039-bb8d-aba507f881fd,Sharon M Carson,person,,ocd-person/00964fc0-dd57-44c3-87bf-b6d5bbc34560,ocd-bill/6885891f-7b24-42d3-ac73-1cc9ebaeb9ed,False,cosponsor
77f87503-bee0-464b-bcb7-a2b26ad57973,Martha Fuller Clark,person,,ocd-person/823e56cb-5c51-4a09-b060-93cdb7f7ac25,ocd-bill/6885891f-7b24-42d3-ac73-1cc9ebaeb9ed,False,cosponsor
a078159a-7fa8-4254-9a91-578f6a793cb8,Andrew S. O'Hearne,person,,ocd-person/e21aaa1f-c784-46f1-a214-9372580fc45e,ocd-bill/7526da58-fb74-4ecf-b887-40eebf6113b2,True,primary
f09753f4-9c22-4ab4-8d0a-6ab949c5f0eb,Kevin Cavanaugh,person,,ocd-person/7fb2bb33-cbdb-4dfd-9369-64f19f179777,ocd-bill/a80a0a79-667b-477c-900e-9be8066a7888,True,primary
d0e567ed-4d32-47c4-ba4d-69dbe9075062,Jess C. Edwards,person,,ocd-person/3787c84d-f615-4e9d-bac8-42f86ea308db,ocd-bill/14b6bdae-de36-41c0-94fa-c957e1133eba,False,cosponsor
1af5b2e1-6402-4d06-9315-7c24b9306903,Michael J. Sylvia,person,,ocd-person/2e6feb2e-6f22-4909-b907-93f4c0f9ae9b,ocd-bill/14b6bdae-de36-41c0-94fa-c957e1133eba,True,primary
0e9dfbab-f733-4ad4-b8b8-7bf13c72f843,Carol M. McGuire,person,,ocd-person/ae3d6133-98b5-444e-b95e-2edc2f5302dc,ocd-bill/14b6bdae-de36-41c0-94fa-c957e1133eba,False,cosponsor
80c517ac-1f17-4b65-a309-8391583d9d84,Cassandra N. Levesque,person,,ocd-person/711423e3-ff28-4150-8a89-ec568a4f2c5d,ocd-bill/d354f541-0366-4425-8e6c-dfcafc0d198c,False,cosponsor
c511ef06-ea60-4047-a43a-99c4940f42ba,Gaby Grossman,person,,ocd-person/01d85172-f83f-48ee-8c35-8979a95c9190,ocd-bill/d354f541-0366-4425-8e6c-dfcafc0d198c,True,primary
76ea69a2-7465-4f3c-98a3-5eb88a211a77,Safiya Wazir,person,,ocd-person/a2975441-f5d1-4e95-8a4e-1d930fc16bc2,ocd-bill/d354f541-0366-4425-8e6c-dfcafc0d198c,False,cosponsor
c119ec46-713f-421a-8fae-cbf22d149b7f,Peter Petrigno,person,,ocd-person/1bf3d6c4-3325-4571-b2f7-6a28422dada6,ocd-bill/d354f541-0366-4425-8e6c-dfcafc0d198c,False,cosponsor
7a103175-34fb-493a-b362-01a6d82caf5e,Wendy E.N. Thomas,person,,ocd-person/2375b05c-cf9a-4f1b-a4b0-194fac6d86bf,ocd-bill/d354f541-0366-4425-8e6c-dfcafc0d198c,False,cosponsor
9c89c480-bc8a-4434-913e-4026419eace9,Kristina M. Schultz,person,,ocd-person/8698b473-ea4e-4126-8766-a2b5b5878702,ocd-bill/d354f541-0366-4425-8e6c-dfcafc0d198c,False,cosponsor
8bec905e-33c2-46e2-89dc-76c9716929bd,Mary Jane Mulligan,person,,ocd-person/2eda7ff0-af84-4ad3-a72c-ea7c37e46877,ocd-bill/d354f541-0366-4425-8e6c-dfcafc0d198c,False,cosponsor
9db951ed-5fdb-4774-819d-0d44a698e5b1,Skip Berrien,person,,ocd-person/c955f3c4-4732-42c2-8615-bc103ee8e0d8,ocd-bill/d354f541-0366-4425-8e6c-dfcafc0d198c,False,cosponsor
54f381b8-1940-4ddf-810d-f29780c7a123,Kevin G. Maes,person,,ocd-person/e056df72-1c0e-4c3e-b91b-6c5742f912bc,ocd-bill/d354f541-0366-4425-8e6c-dfcafc0d198c,False,cosponsor
22a8f247-5408-41c5-93fc-9d41379c6724,Jon Morgan,person,,ocd-person/f169c82a-7120-4d67-85d4-d5ff21cd44ef,ocd-bill/c1d4f47e-5371-4f1a-96f5-75a2dc98d345,False,cosponsor
b9607dd0-c9e9-44f7-a8c4-b06f15c2523e,Cindy Rosenwald,person,,ocd-person/f3e949ce-6d98-4826-bbca-08039cea4ea4,ocd-bill/c1d4f47e-5371-4f1a-96f5-75a2dc98d345,False,cosponsor
488a1a36-225c-4054-bef1-f70a8b1a41a6,Melanie Levesque,person,,ocd-person/282926cd-63f0-4ac4-ad16-5e96eb1c4e0b,ocd-bill/c1d4f47e-5371-4f1a-96f5-75a2dc98d345,False,cosponsor
937b71a1-9620-4cc1-83f2-240e83541501,Shannon E Chandley,person,,,ocd-bill/c1d4f47e-5371-4f1a-96f5-75a2dc98d345,False,cosponsor
2d51a75a-8fe6-476c-87e9-661822be1234,Tom Sherman,person,,ocd-person/ee95d0de-e55e-4733-ba97-0fde66adf65c,ocd-bill/c1d4f47e-5371-4f1a-96f5-75a2dc98d345,False,cosponsor
24bc7dcd-a956-496d-957f-cf8477eaefb0,Kevin Cavanaugh,person,,ocd-person/7fb2bb33-cbdb-4dfd-9369-64f19f179777,ocd-bill/c1d4f47e-5371-4f1a-96f5-75a2dc98d345,False,cosponsor
b4b1d1cb-379e-49e7-bbcf-062829bb43a7,Martha S. Hennessey,person,,ocd-person/f2700034-7f3d-4834-bb66-b848a7ca748a,ocd-bill/c1d4f47e-5371-4f1a-96f5-75a2dc98d345,False,cosponsor
d6095ca1-dc82-4b03-8fcb-fa29261f26bb,Polly Kent Campion,person,,ocd-person/8af71573-9095-434b-9fc7-6b244e40b3bb,ocd-bill/c1d4f47e-5371-4f1a-96f5-75a2dc98d345,False,cosponsor
921fe7c8-23d9-4890-b47e-05e6868690dd,William M. Marsh,person,,ocd-person/22006937-f2ca-4a2e-b92a-457777933dc7,ocd-bill/c1d4f47e-5371-4f1a-96f5-75a2dc98d345,False,cosponsor
cd4090f7-30c3-4372-b252-05731c4ab211,Dan Feltes,person,,ocd-person/e97501d7-4bef-403f-8d48-9fcecc980cf5,ocd-bill/c1d4f47e-5371-4f1a-96f5-75a2dc98d345,True,primary
fc0d7051-e0b4-4724-9bc5-8546cd4c18f7,Christy D. Bartlett,person,,ocd-person/59afcf2a-d688-4495-a53d-b10faeffd222,ocd-bill/c1d4f47e-5371-4f1a-96f5-75a2dc98d345,False,cosponsor
14adc391-ef88-4936-8fec-6fc7124e2d22,Charles E. McMahon,person,,ocd-person/28d59199-5bae-46fe-99f3-ec78e330cdeb,ocd-bill/c1d4f47e-5371-4f1a-96f5-75a2dc98d345,False,cosponsor
db512af4-689e-4b84-acf6-b7d2b70f7b79,Janet G. Wall,person,,ocd-person/2830876f-1a4d-4332-ae2a-a97607c4e1b9,ocd-bill/c1d4f47e-5371-4f1a-96f5-75a2dc98d345,False,cosponsor
a5bfb2da-a3d9-4e36-832e-6cdc37154138,David H Watters,person,,ocd-person/cf24defe-6df3-49f3-88ca-c6774b144f19,ocd-bill/c1d4f47e-5371-4f1a-96f5-75a2dc98d345,False,cosponsor
3bad2639-bf32-4c0c-8a41-064b1ce9c9bb,Jeb Bradley,person,,ocd-person/3f5455e8-256e-4442-9c13-bc14f62ce76f,ocd-bill/c1d4f47e-5371-4f1a-96f5-75a2dc98d345,False,cosponsor
0089c55e-b7f8-4f04-a2eb-911a751db70d,Martha Fuller Clark,person,,ocd-person/823e56cb-5c51-4a09-b060-93cdb7f7ac25,ocd-bill/c1d4f47e-5371-4f1a-96f5-75a2dc98d345,False,cosponsor
5faf2565-366e-4453-9797-3991b1e155df,Joelle Martin,person,,ocd-person/ed48590f-6af4-4e9f-99d6-16227870b44f,ocd-bill/e5b4ea38-c6e4-46e5-b708-9d2337198f48,True,primary
0dcb69af-019b-43de-8637-dab44fa51252,Mary Jane Mulligan,person,,ocd-person/2eda7ff0-af84-4ad3-a72c-ea7c37e46877,ocd-bill/e5b4ea38-c6e4-46e5-b708-9d2337198f48,False,cosponsor
07f2fa67-a9e9-4bad-948c-fedfd59bcb18,Skip Berrien,person,,ocd-person/c955f3c4-4732-42c2-8615-bc103ee8e0d8,ocd-bill/e5b4ea38-c6e4-46e5-b708-9d2337198f48,False,cosponsor
0d73b3ce-cf92-4a4b-ba13-9a30a45dfb1e,Karen E. Ebel,person,,ocd-person/947e2e2b-04eb-4f92-9f83-aef8760517e0,ocd-bill/e5b4ea38-c6e4-46e5-b708-9d2337198f48,False,cosponsor
0ca989a3-532f-487d-8239-1dd45a90c351,Steve J. Shurtleff,person,,ocd-person/5faefb6a-67fa-47ea-907a-8f4f545862be,ocd-bill/e5b4ea38-c6e4-46e5-b708-9d2337198f48,False,cosponsor
cd8fc572-8d61-4ba7-a886-fbeb8d1d3fad,Mary Jane Wallner,person,,ocd-person/0e6f806c-ba57-4dc6-b6b4-f2a926288ca3,ocd-bill/e5b4ea38-c6e4-46e5-b708-9d2337198f48,False,cosponsor
6b56a43f-4e7c-49c2-ae37-ce67ceda20d6,Jon Morgan,person,,ocd-person/f169c82a-7120-4d67-85d4-d5ff21cd44ef,ocd-bill/7187daeb-6ab0-44bf-8626-2dd386c4514a,False,cosponsor
2ea2a0b9-3f6c-43ee-8f29-2dcee7870868,Tom J. Loughman,person,,ocd-person/49ec8a23-3fec-4d61-a917-be7780438d71,ocd-bill/7187daeb-6ab0-44bf-8626-2dd386c4514a,True,primary
bf9df355-230a-4370-9f6d-2568a3d75d94,Megan A. Murray,person,,ocd-person/f1902aac-3930-478d-9e89-60cef8bcae0b,ocd-bill/7187daeb-6ab0-44bf-8626-2dd386c4514a,False,cosponsor
1c152d16-8273-4238-9545-61cd9a05d3dc,Tom Sherman,person,,ocd-person/ee95d0de-e55e-4733-ba97-0fde66adf65c,ocd-bill/7187daeb-6ab0-44bf-8626-2dd386c4514a,False,cosponsor
951baf73-3375-4cc0-8609-0233b46e2f75,Tamara N. Le,person,,ocd-person/a0a449a7-07c5-49cb-b928-080ffa433cf3,ocd-bill/7187daeb-6ab0-44bf-8626-2dd386c4514a,False,cosponsor
cac58aad-143d-45d4-898b-ee0b2bc9112d,James B. Bosman,person,,ocd-person/b03b7c50-6262-4582-a3fb-8af22a6ce513,ocd-bill/e25e58c5-c2a8-421d-ad0f-c13c36a33b3c,False,cosponsor
5846d828-f1fe-4267-bff4-b9093ece107e,Chris Balch,person,,ocd-person/e9d39bb0-9ff6-4083-b8fd-1455609b3033,ocd-bill/e25e58c5-c2a8-421d-ad0f-c13c36a33b3c,True,primary
72230650-deeb-49e4-b43b-e6e992b26370,Daniel R. Pickering,person,,ocd-person/93ca1421-68be-4187-8464-e89cd5c4a83d,ocd-bill/e25e58c5-c2a8-421d-ad0f-c13c36a33b3c,False,cosponsor
010d585a-ed03-4088-ac06-49d973c5f729,Kate R. Murray,person,,ocd-person/79bb2147-ea4b-4706-8b38-ee2309613ea0,ocd-bill/579b4583-a300-42e7-8b5e-a837a72c525a,False,cosponsor
a32635a2-e08b-4317-bee5-5ce38647dbff,Katherine D. Rogers,person,,ocd-person/f9421528-ffb6-46f3-82bc-70b0329db823,ocd-bill/579b4583-a300-42e7-8b5e-a837a72c525a,True,primary
67685395-4e22-4169-8364-a59fdf7b7394,Michael D. Harrington,person,,ocd-person/21e95dbc-c226-4f4a-9fa2-8f5b374d0a98,ocd-bill/5d28aba8-a14d-4d1c-8cff-a3b367a4b978,True,primary
eb45f62e-a2a5-43a9-990a-7b5dc1a2c4b8,Charlie G. St. Clair,person,,ocd-person/643751f4-6db0-4021-bf76-b8f2483d640d,ocd-bill/c7dc836f-43f0-4348-b8cf-39bf3f22bc09,True,primary
dda7f6b1-9e6d-4efc-a194-166a9fc4df81,Mark A. Pearson,person,,,ocd-bill/1f90b4da-d1eb-4915-a3dc-4fcff9004f33,False,cosponsor
1d7e64e9-ef0c-4a77-9d87-b0b504d19ea4,Walter A. Stapleton,person,,ocd-person/74efcb71-c62c-4388-b9ad-69f779b0c33e,ocd-bill/1f90b4da-d1eb-4915-a3dc-4fcff9004f33,False,cosponsor
df658b23-4dc1-47f5-a0d8-b8127f65a093,James A. Spillane,person,,ocd-person/2520dc46-648c-44d0-ba1f-fe09b17a9d8b,ocd-bill/1f90b4da-d1eb-4915-a3dc-4fcff9004f33,True,primary
92beb80f-d372-4444-9780-4d0c16ddaea0,Shannon E Chandley,person,,,ocd-bill/231e8aa4-86d3-4f0b-af65-292bc2324a74,False,cosponsor
2b51ba53-89e5-4df5-b752-dedf04e51ead,David Meuse,person,,ocd-person/4b449f0f-2024-4e18-bbbd-7f0bbcfa8cac,ocd-bill/231e8aa4-86d3-4f0b-af65-292bc2324a74,False,cosponsor
ea31b31f-1e8c-43a3-a48c-8d562d32e696,Francesca G. Diggs,person,,ocd-person/89f38f54-22ef-4ad2-b59e-c864da52f3ea,ocd-bill/231e8aa4-86d3-4f0b-af65-292bc2324a74,False,cosponsor
86dc00ce-6342-4e5e-ab12-0b583f615e4f,Martha S. Hennessey,person,,ocd-person/f2700034-7f3d-4834-bb66-b848a7ca748a,ocd-bill/231e8aa4-86d3-4f0b-af65-292bc2324a74,False,cosponsor
17d9422b-cc82-472d-be04-73fa7d34c7a0,Kimberly A. Rice,person,,ocd-person/85b7ca6d-3fd7-4e97-bfe0-effe223121f7,ocd-bill/231e8aa4-86d3-4f0b-af65-292bc2324a74,False,cosponsor
d1c02d1c-bfce-4c33-92d6-cb6f6c235bb2,Erin T. Hennessey,person,,ocd-person/91d16c36-2236-4bef-8009-004bd036c22a,ocd-bill/231e8aa4-86d3-4f0b-af65-292bc2324a74,False,cosponsor
f2f7528e-3ac4-4b1a-8327-e6214b7226d4,Paul S. Berch,person,,ocd-person/f96a072d-9add-44b0-8028-0ec057f31f52,ocd-bill/231e8aa4-86d3-4f0b-af65-292bc2324a74,False,cosponsor
88af3daf-2e23-4f2e-970f-682a7e5fa3b7,Patrick T. Long,person,,ocd-person/14d0ff58-3340-4344-bb79-c6acd5f8ba6c,ocd-bill/231e8aa4-86d3-4f0b-af65-292bc2324a74,True,primary
7813d8f0-1e96-4fed-ac48-1dc0dbd72004,Mary Beth Walz,person,,ocd-person/aee31921-5d02-4da9-8e3e-3137b4bb8bf4,ocd-bill/231e8aa4-86d3-4f0b-af65-292bc2324a74,False,cosponsor
5f97734e-1b4f-4bc4-a0e3-de75d7e55514,Jeb Bradley,person,,ocd-person/3f5455e8-256e-4442-9c13-bc14f62ce76f,ocd-bill/231e8aa4-86d3-4f0b-af65-292bc2324a74,False,cosponsor
f98304d6-12fa-4e06-a371-85abe2f692cc,John T. MacDonald,person,,ocd-person/a22a36bb-3514-4d76-a39e-791902f41d6c,ocd-bill/41110e2f-55d0-47f7-b059-3ff15ea626f2,False,cosponsor
1d5f6e33-6131-4aae-aaf1-349b0c60a824,Mark A. Pearson,person,,,ocd-bill/41110e2f-55d0-47f7-b059-3ff15ea626f2,False,cosponsor
d50e22e9-2eec-4e54-a187-3a9e628b70bc,Jess C. Edwards,person,,ocd-person/3787c84d-f615-4e9d-bac8-42f86ea308db,ocd-bill/41110e2f-55d0-47f7-b059-3ff15ea626f2,False,cosponsor
ef71e1c7-ff71-49d0-ab07-bde00dc0c808,William M. Marsh,person,,ocd-person/22006937-f2ca-4a2e-b92a-457777933dc7,ocd-bill/41110e2f-55d0-47f7-b059-3ff15ea626f2,True,primary
c497e594-b455-41f9-85e2-046f43fc0b50,Timothy P. Lang,person,,ocd-person/85064309-421e-4611-a6c5-800234db68fb,ocd-bill/41110e2f-55d0-47f7-b059-3ff15ea626f2,False,cosponsor
eb3328f2-7528-4484-adc0-2711ffad29bf,Ed C. Comeau,person,,ocd-person/267f7af8-fae1-4e42-bb0e-1eba88751a90,ocd-bill/41110e2f-55d0-47f7-b059-3ff15ea626f2,False,cosponsor
e4787427-6b3f-4f50-aad0-02b30d71db8e,Glenn Cordelli,person,,ocd-person/c8aa2951-dea0-4999-9b6a-6323d9917e0b,ocd-bill/41110e2f-55d0-47f7-b059-3ff15ea626f2,False,cosponsor
72ed3345-deec-4c04-ae02-dd17181a119d,Wendy Chase,person,,ocd-person/c24da601-15f1-482c-a234-f8443056c77a,ocd-bill/536a3c1e-bd64-4f3f-8dc5-8d97283e0f2b,False,cosponsor
ec2cbceb-d3a3-4f96-b7d9-91c17bfcc03a,David Meuse,person,,ocd-person/4b449f0f-2024-4e18-bbbd-7f0bbcfa8cac,ocd-bill/536a3c1e-bd64-4f3f-8dc5-8d97283e0f2b,False,cosponsor
800ac0e6-8794-4b2d-bfd9-a0257aeaed29,Andrew J. Bouldin,person,,ocd-person/ad413289-53c5-4966-9f0f-fd392d95a827,ocd-bill/536a3c1e-bd64-4f3f-8dc5-8d97283e0f2b,False,cosponsor
bbf58505-38a3-47b2-b652-432f6f87f148,Nicole Klein-Knight,person,,ocd-person/f91f87c5-d22a-48b7-ac4a-c2519d086ec7,ocd-bill/536a3c1e-bd64-4f3f-8dc5-8d97283e0f2b,False,cosponsor
bada565d-72e8-4d55-a6ee-18681fc098f1,Casey M. Conley,person,,ocd-person/3290a4d4-7403-45f8-adc4-4e26e0fefa09,ocd-bill/536a3c1e-bd64-4f3f-8dc5-8d97283e0f2b,True,primary
733078ac-8618-49b1-9fc7-f8ea6658e019,Chuck W. Grassie,person,,ocd-person/8ee07d33-9189-4bfe-b1a1-e15c79fd1114,ocd-bill/536a3c1e-bd64-4f3f-8dc5-8d97283e0f2b,False,cosponsor
b41daac8-c8bb-465f-88a8-18b7a23a9694,Skip J. Cleaver,person,,ocd-person/6edff50b-8390-4046-a376-214136ea64d9,ocd-bill/536a3c1e-bd64-4f3f-8dc5-8d97283e0f2b,False,cosponsor
90de799b-3d80-45de-aceb-3078fd74b5c5,Donovan W. Fenton,person,,ocd-person/34b5aacc-cc43-49c8-af70-c692639b2e4a,ocd-bill/536a3c1e-bd64-4f3f-8dc5-8d97283e0f2b,False,cosponsor
d9f6240e-4755-4360-98fa-0d0f68e65286,David H Watters,person,,ocd-person/cf24defe-6df3-49f3-88ca-c6774b144f19,ocd-bill/536a3c1e-bd64-4f3f-8dc5-8d97283e0f2b,False,cosponsor
57785eec-78da-4018-9afe-665db74246a4,Melanie Levesque,person,,ocd-person/282926cd-63f0-4ac4-ad16-5e96eb1c4e0b,ocd-bill/d7b05d16-8f89-4870-9b65-22fa9dbf834f,False,cosponsor
70a8e09c-4460-4275-bec8-f045a715a65d,Nicole Klein-Knight,person,,ocd-person/f91f87c5-d22a-48b7-ac4a-c2519d086ec7,ocd-bill/d7b05d16-8f89-4870-9b65-22fa9dbf834f,False,cosponsor
b32facfc-fff1-4985-b7c8-8fd72658ed34,Donald J. Bouchard,person,,ocd-person/74ae3ef0-c1f3-48ce-a5a6-c9bc4661bf08,ocd-bill/d7b05d16-8f89-4870-9b65-22fa9dbf834f,False,cosponsor
fc28510e-595a-4ccd-a229-d18fcd3b1414,Tony Lekas,person,,ocd-person/97ccf8c1-af1c-4a3c-b267-683d0446b790,ocd-bill/42127cc4-f7c0-43b4-ba95-a3f5251c18e7,False,cosponsor
d38b3126-d7d6-4e91-a32d-1b0705038c1b,Alicia D. Lekas,person,,ocd-person/50bcd6fc-7d60-4595-811c-213e18faf326,ocd-bill/42127cc4-f7c0-43b4-ba95-a3f5251c18e7,False,cosponsor
fab46f13-d4d3-4d53-90ad-8e93247752c5,Timothy A. Merlino,person,,ocd-person/60266e39-73ed-4c24-bbe3-eccbbd9ecc35,ocd-bill/42127cc4-f7c0-43b4-ba95-a3f5251c18e7,False,cosponsor
62ce93f0-29c5-41df-a4df-c40d0f5a400a,Casey M. Conley,person,,ocd-person/3290a4d4-7403-45f8-adc4-4e26e0fefa09,ocd-bill/42127cc4-f7c0-43b4-ba95-a3f5251c18e7,False,cosponsor
c5c6ed17-f36c-45e9-be75-7738dc30048c,Timothy Josephson,person,,ocd-person/62149ad2-7d4c-42b6-be2b-281618dd7c97,ocd-bill/42127cc4-f7c0-43b4-ba95-a3f5251c18e7,False,cosponsor
6596a2ec-8092-4112-9c4f-cd703fc270bf,Jess C. Edwards,person,,ocd-person/3787c84d-f615-4e9d-bac8-42f86ea308db,ocd-bill/42127cc4-f7c0-43b4-ba95-a3f5251c18e7,False,cosponsor
6bbdcb60-a33e-44c8-91f0-697715bd12b6,Andrew J. Prout,person,,ocd-person/da5fb901-d16d-430f-b5cb-7ab556f8d4ee,ocd-bill/42127cc4-f7c0-43b4-ba95-a3f5251c18e7,True,primary
8802183d-0352-4cfe-938b-ffebbf7005a0,Timothy P. Lang,person,,ocd-person/85064309-421e-4611-a6c5-800234db68fb,ocd-bill/42127cc4-f7c0-43b4-ba95-a3f5251c18e7,False,cosponsor
8048ab67-6879-4264-9409-8fda93ca6c51,Jason M. Osborne,person,,ocd-person/6e2bc564-5cd1-4f96-a265-4753b7f12ee1,ocd-bill/42127cc4-f7c0-43b4-ba95-a3f5251c18e7,False,cosponsor
f339220c-ac64-4aee-9ad3-5a53a36e5bf2,John A. Burt,person,,ocd-person/084e4187-cca0-4f45-ac5a-8514056e94a6,ocd-bill/42127cc4-f7c0-43b4-ba95-a3f5251c18e7,False,cosponsor
ff468095-b277-4bac-839d-3821608ad255,Daryl A. Abbas,person,,ocd-person/6dfd683a-1f79-49db-95a9-07f4f9898a22,ocd-bill/baeebd2a-2483-4f1c-b9ef-bc0e3e132f4e,True,primary
aa2d2bde-f6cd-4404-ae13-a04620e1f78e,Fred G. Doucette,person,,ocd-person/db4ec0a8-f70c-4510-ae01-c9050646a503,ocd-bill/baeebd2a-2483-4f1c-b9ef-bc0e3e132f4e,False,cosponsor
7f78764c-99ad-4000-8baf-f0e2c709ed31,Sue M. Mullen,person,,ocd-person/07c19313-fcb0-476b-b240-e299c55888f7,ocd-bill/d9ac3c06-0eae-4898-a0e6-e6e2099e8628,False,cosponsor
ed497980-9fbc-4d2f-9704-88f6dc0d1979,Gerri D. Cannon,person,,ocd-person/cd5b7056-d9eb-4fb1-93e3-6ba43408afa5,ocd-bill/d9ac3c06-0eae-4898-a0e6-e6e2099e8628,False,cosponsor
a4feec61-be07-44e3-8f11-fe58e23fceef,Arthur S. Ellison,person,,ocd-person/677500cb-eb95-4ad1-b3f5-02894c28e369,ocd-bill/d9ac3c06-0eae-4898-a0e6-e6e2099e8628,False,cosponsor
9d11e9b3-05c9-4239-84ff-db0b831f571f,Stephen L. Woodcock,person,,ocd-person/bdde38b3-3210-4b2d-890b-bbf2d2bf314a,ocd-bill/d9ac3c06-0eae-4898-a0e6-e6e2099e8628,False,cosponsor
4f093f38-e3a8-4ee4-86ca-b65f01097c9e,Jay Kahn,person,,ocd-person/998e681b-6df1-4b4a-92db-7a2187cedcd8,ocd-bill/d9ac3c06-0eae-4898-a0e6-e6e2099e8628,False,cosponsor
bfbe7fa2-6479-4f88-bc78-8e13806b6f09,Constance Van Houten,person,,ocd-person/5e54c6e7-01cb-42c8-b3ed-8137e6c995fd,ocd-bill/d9ac3c06-0eae-4898-a0e6-e6e2099e8628,False,cosponsor
50379e02-bc79-453a-bc95-4719e918738f,David B. Doherty,person,,ocd-person/b2b46bdc-a9ee-4d6a-8535-93bea4190ddb,ocd-bill/d9ac3c06-0eae-4898-a0e6-e6e2099e8628,False,cosponsor
9941df4b-cd31-4f98-a7c2-62e52fde94c3,Linda L. Tanner,person,,ocd-person/950e6cfe-ff6c-49ed-a4c2-1e66e60c6315,ocd-bill/d9ac3c06-0eae-4898-a0e6-e6e2099e8628,True,primary
dede6d7a-3a82-4056-b56c-562126158eb8,Janice E. Schmidt,person,,ocd-person/ec374833-801f-4c21-9261-67cdefc1ba44,ocd-bill/d9ac3c06-0eae-4898-a0e6-e6e2099e8628,False,cosponsor
7695b665-79a6-4be9-9bea-8f9fdbd1a292,Marjorie A. Porter,person,,ocd-person/0999b615-be84-4309-b4ca-68261c1155ab,ocd-bill/d9ac3c06-0eae-4898-a0e6-e6e2099e8628,False,cosponsor
8e1c564f-0763-44a3-bacf-f46ce3a75a09,Carol M. McGuire,person,,ocd-person/ae3d6133-98b5-444e-b95e-2edc2f5302dc,ocd-bill/62b7299a-f3df-4940-9c02-6d15e978998e,False,cosponsor
6db65e69-1d79-404e-adff-584e90d59965,William A. Hatch,person,,ocd-person/2bfaf69b-214f-40a6-9674-bdb68c23e9ff,ocd-bill/62b7299a-f3df-4940-9c02-6d15e978998e,False,cosponsor
f51b87d2-0388-4417-abf0-f6f0abc39b88,Peter B. Schmidt,person,,ocd-person/16654889-3b48-44d6-a6d3-8da5d7a434f1,ocd-bill/62b7299a-f3df-4940-9c02-6d15e978998e,False,cosponsor
f725cdd0-2088-4d2c-8955-0968a28a10b8,John Reagan,person,,ocd-person/f516d40a-3676-4437-8285-a931d7c2885b,ocd-bill/62b7299a-f3df-4940-9c02-6d15e978998e,True,primary
a6942709-c77d-4e9b-a4d9-b10679682469,Jon Morgan,person,,ocd-person/f169c82a-7120-4d67-85d4-d5ff21cd44ef,ocd-bill/41ccc440-19de-4a89-88d1-b0eae7963672,True,primary
3939191c-062d-4f89-92c2-fd48ac0e8aa6,James P. Gray,person,,ocd-person/e6443187-eb51-42eb-8bd7-349ed0ba9641,ocd-bill/41ccc440-19de-4a89-88d1-b0eae7963672,False,cosponsor
62b57853-9571-42ff-b4aa-312039514f67,John M. Potucek,person,,ocd-person/433c67d6-bfdc-410e-87e2-463c93d55a17,ocd-bill/41ccc440-19de-4a89-88d1-b0eae7963672,False,cosponsor
1c9a7cd9-81a8-4764-ad89-bcde1f2f863f,Rebecca Susan McBeath,person,,ocd-person/e38b81bb-9bf6-4ace-bc4e-898732105d5d,ocd-bill/41ccc440-19de-4a89-88d1-b0eae7963672,False,cosponsor
9a6f30a3-75ee-468a-9fb3-28b793c287d5,Christy D. Bartlett,person,,ocd-person/59afcf2a-d688-4495-a53d-b10faeffd222,ocd-bill/41ccc440-19de-4a89-88d1-b0eae7963672,False,cosponsor
9bef4df6-fe6e-463f-ae8c-88162bfb784d,John B. Hunt,person,,ocd-person/35c51630-9b9c-411a-9b98-0842cb6093df,ocd-bill/41ccc440-19de-4a89-88d1-b0eae7963672,False,cosponsor
f9c097d1-56d4-4c59-a752-47c31aca2f5f,Jon Morgan,person,,ocd-person/f169c82a-7120-4d67-85d4-d5ff21cd44ef,ocd-bill/aeaf0db2-88c5-4f30-ba50-307ef8a2061f,True,primary
4b7760c8-045f-4eca-8654-bbb799942717,Tom Sherman,person,,ocd-person/ee95d0de-e55e-4733-ba97-0fde66adf65c,ocd-bill/aeaf0db2-88c5-4f30-ba50-307ef8a2061f,False,cosponsor
db8122d1-162b-4cbe-8a42-aca6b1ef01c5,Mark A. Pearson,person,,,ocd-bill/aeaf0db2-88c5-4f30-ba50-307ef8a2061f,False,cosponsor
581fe4e5-414d-42a4-b322-413c85ef6426,James P. Gray,person,,ocd-person/e6443187-eb51-42eb-8bd7-349ed0ba9641,ocd-bill/aeaf0db2-88c5-4f30-ba50-307ef8a2061f,False,cosponsor
d2f0b6c3-0694-41f8-b082-cb2190ba92fa,Skip Berrien,person,,ocd-person/c955f3c4-4732-42c2-8615-bc103ee8e0d8,ocd-bill/aeaf0db2-88c5-4f30-ba50-307ef8a2061f,False,cosponsor
96d933b5-729b-4b6a-adf2-979787a9001f,Kimberly A. Rice,person,,ocd-person/85b7ca6d-3fd7-4e97-bfe0-effe223121f7,ocd-bill/aeaf0db2-88c5-4f30-ba50-307ef8a2061f,False,cosponsor
7109c1f4-9d00-4d2a-84cd-3b408d1b7406,Erin T. Hennessey,person,,ocd-person/91d16c36-2236-4bef-8009-004bd036c22a,ocd-bill/aeaf0db2-88c5-4f30-ba50-307ef8a2061f,False,cosponsor
f3fd8e6d-9d6d-4e45-8fbd-8b00032f97e0,Patrick T. Long,person,,ocd-person/14d0ff58-3340-4344-bb79-c6acd5f8ba6c,ocd-bill/aeaf0db2-88c5-4f30-ba50-307ef8a2061f,False,cosponsor
816787fb-ddee-4c01-9a9a-219216cbec6c,Jeb Bradley,person,,ocd-person/3f5455e8-256e-4442-9c13-bc14f62ce76f,ocd-bill/aeaf0db2-88c5-4f30-ba50-307ef8a2061f,False,cosponsor
7d2ddbbb-cdb5-4c24-8ef1-38d371791d3b,Martha Fuller Clark,person,,ocd-person/823e56cb-5c51-4a09-b060-93cdb7f7ac25,ocd-bill/aeaf0db2-88c5-4f30-ba50-307ef8a2061f,False,cosponsor
c472554e-73ab-468f-aa2d-f98caed525da,Kristina M. Fargo,person,,ocd-person/c7e2f9aa-ff57-4a2e-9253-3bb9cf528c17,ocd-bill/099d7ddd-85d3-4fa2-b6ba-c5dd0209e958,False,cosponsor
d1075ffb-80d2-43a3-8e8b-8dc9760284d3,Heidi M. Hamer,person,,ocd-person/b64a1dfb-4b79-4424-96d3-972f6ef2b6eb,ocd-bill/099d7ddd-85d3-4fa2-b6ba-c5dd0209e958,False,cosponsor
fab4001b-ee51-4036-b889-612c8650605e,Constance Van Houten,person,,ocd-person/5e54c6e7-01cb-42c8-b3ed-8137e6c995fd,ocd-bill/099d7ddd-85d3-4fa2-b6ba-c5dd0209e958,True,primary
d6e9c3e2-4d78-4dbb-b3bd-2aae19a89219,Jerry L. Knirk,person,,ocd-person/ce0bd184-d264-46d8-87fc-f2590e2a1ed1,ocd-bill/099d7ddd-85d3-4fa2-b6ba-c5dd0209e958,False,cosponsor
285a369d-b0f0-4f6c-9ac7-4629c6be7bd1,William M. Marsh,person,,ocd-person/22006937-f2ca-4a2e-b92a-457777933dc7,ocd-bill/099d7ddd-85d3-4fa2-b6ba-c5dd0209e958,False,cosponsor
eb4464d6-aab5-497e-82ce-1a98c8aa3964,Rebecca Susan McBeath,person,,ocd-person/e38b81bb-9bf6-4ace-bc4e-898732105d5d,ocd-bill/099d7ddd-85d3-4fa2-b6ba-c5dd0209e958,False,cosponsor
33e6ff9d-5447-4c52-82bd-efa9121828df,Liz A. McConnell,person,,ocd-person/7f652a56-cb6d-48f9-a3cd-c8b8fccd7077,ocd-bill/da1250fd-7792-430e-85dd-30192f1cbef0,False,cosponsor
5a8880c9-99b8-470b-abee-f70a0a2651bf,Jerry L. Knirk,person,,ocd-person/ce0bd184-d264-46d8-87fc-f2590e2a1ed1,ocd-bill/da1250fd-7792-430e-85dd-30192f1cbef0,True,primary
e1b9a216-c533-42ad-8209-a401e5bedb14,Peter W. Bixby,person,,ocd-person/2c42e95c-0192-4910-9fc6-8a43b58c6467,ocd-bill/da1250fd-7792-430e-85dd-30192f1cbef0,False,cosponsor
9809a5b7-3a30-46d2-8c5b-9afd639297e0,Paul P. Dargie,person,,ocd-person/63f11bc0-1dbb-48c3-a2ec-635cf7f25a84,ocd-bill/82f8323f-e312-4ca1-90e4-f1075c05da4b,False,cosponsor
98a57193-e9f0-4fc2-9af8-3ffb446c6f21,Timothy Josephson,person,,ocd-person/62149ad2-7d4c-42b6-be2b-281618dd7c97,ocd-bill/82f8323f-e312-4ca1-90e4-f1075c05da4b,False,cosponsor
1a329d6d-b0b7-4b0e-a021-3fd043fe61b9,Norman L. Major,person,,ocd-person/f210808d-53ac-4e23-ade2-7bdb60a8e559,ocd-bill/82f8323f-e312-4ca1-90e4-f1075c05da4b,False,cosponsor
dcf233c0-2dd2-4218-aff1-8fa6f234a931,Jeb Bradley,person,,ocd-person/3f5455e8-256e-4442-9c13-bc14f62ce76f,ocd-bill/82f8323f-e312-4ca1-90e4-f1075c05da4b,True,primary
85a9d38d-1405-4e4a-a722-bfdbc139f3cd,Skip J. Cleaver,person,,ocd-person/6edff50b-8390-4046-a376-214136ea64d9,ocd-bill/62240c96-8054-4282-83e7-7cd55c075f2e,True,primary
c1b2f112-01ac-4126-9874-e5aca508883a,Catherine M. Sofikitis,person,,ocd-person/36fb226e-9ed4-483f-a254-141baf18d295,ocd-bill/62240c96-8054-4282-83e7-7cd55c075f2e,False,cosponsor
685f40d0-397e-4ab1-9a9f-745a5c0bd93a,Jerry L. Knirk,person,,ocd-person/ce0bd184-d264-46d8-87fc-f2590e2a1ed1,ocd-bill/62240c96-8054-4282-83e7-7cd55c075f2e,False,cosponsor
2a0cdec4-329d-4d5f-b6c0-f580f61cb668,Peter B. Schmidt,person,,ocd-person/16654889-3b48-44d6-a6d3-8da5d7a434f1,ocd-bill/62240c96-8054-4282-83e7-7cd55c075f2e,False,cosponsor
341e9ed4-a273-4bb3-ab0c-0a58761673e0,William L. Fowler,person,,ocd-person/20bf5a41-2a66-4d24-bc34-aef873b488cb,ocd-bill/6ae3993d-b318-44d3-81eb-e951bc1070bd,True,primary
fec22937-b96f-4f07-88c7-74c642e5deee,Max Abramson,person,,ocd-person/a2248bc0-9253-48d8-9ee2-d9c0b6fbc800,ocd-bill/6ae3993d-b318-44d3-81eb-e951bc1070bd,False,cosponsor
d1bce50f-1e9e-4b9d-bb8a-dbd0e694cec4,Josh S. Yokela,person,,ocd-person/c96f9d7a-b859-4b37-8fdd-4097b21d3f2c,ocd-bill/1ee00f32-0627-4d86-920c-062fca7b7b79,True,primary
dd799023-429d-4a9f-a979-1a2dd37e3af4,Wendy E.N. Thomas,person,,ocd-person/2375b05c-cf9a-4f1b-a4b0-194fac6d86bf,ocd-bill/e3747c6d-8022-4291-82c9-5626ca52ca4e,True,primary
8ec4150c-9e0f-4054-af7a-e94d9912b2db,Kathryn Stack,person,,ocd-person/ca4638d0-559a-4364-8de0-88f23d35d5a0,ocd-bill/e3747c6d-8022-4291-82c9-5626ca52ca4e,False,cosponsor
0bed5073-434a-40b1-b724-9bb27e751a1f,Sandra B. Keans,person,,ocd-person/0f7e49e8-f9da-49b1-b20a-24236d6c3997,ocd-bill/d261fa62-cc49-4246-9d99-71b2085acb65,True,primary
60d66b07-0335-4cb6-8aad-71c70db1c75b,Manny Espitia,person,,ocd-person/31583363-1dfd-4eb3-a611-d5059d945d53,ocd-bill/60173f93-b5fb-41bf-a556-736ac1e5aba2,False,cosponsor
cd04e8df-d736-4964-981b-68ef82e2e2bf,John B. Hunt,person,,ocd-person/35c51630-9b9c-411a-9b98-0842cb6093df,ocd-bill/2fee0b18-fd1e-4943-8ca2-f21e60100e50,True,primary
636d51d7-007f-4acf-a7bb-5dbf55c29c92,Edward A. Butler,person,,ocd-person/fd79da58-6089-4580-bef2-ad03fc7e6bde,ocd-bill/b2d7f2d3-6e21-49c3-b150-5afc1c9735f8,True,primary
a2caef1c-b0e4-4ca3-bca7-c104767f634c,Howard C. Pearl,person,,ocd-person/c4122c6a-ed23-492e-b813-59a0fed1ec86,ocd-bill/3e4ffbbf-d77f-46e1-86d8-f832405b605d,False,cosponsor
c03ef8b9-2f66-447c-ba03-aefb7058c729,John R. Plumer,person,,ocd-person/867ccf71-9ca1-47cf-9c4f-0c5f715c412e,ocd-bill/3e4ffbbf-d77f-46e1-86d8-f832405b605d,False,cosponsor
0caafbc4-5dd8-4ae4-ae32-2261fe205082,Dan Feltes,person,,ocd-person/e97501d7-4bef-403f-8d48-9fcecc980cf5,ocd-bill/a2905883-1188-4aaa-af18-8396d05ac0bc,True,primary
059da5c2-dcc9-481a-b1ac-cfe1635aec18,Laura D. Telerski,person,,ocd-person/ac414b7c-45dc-48b6-9530-eaa8e80b124f,ocd-bill/937c9e08-2ab8-4b45-9a06-b442537cedfb,False,cosponsor
74837678-0305-41db-8709-911c93867b3b,Casey M. Conley,person,,ocd-person/3290a4d4-7403-45f8-adc4-4e26e0fefa09,ocd-bill/937c9e08-2ab8-4b45-9a06-b442537cedfb,False,cosponsor
da2ce710-1346-47f5-ab61-5f269d06d8f8,Skip J. Cleaver,person,,ocd-person/6edff50b-8390-4046-a376-214136ea64d9,ocd-bill/937c9e08-2ab8-4b45-9a06-b442537cedfb,True,primary
a105275d-2f44-4530-83bb-c232482e5852,Amanda C. Bouldin,person,,ocd-person/7ad034dd-b6f2-4314-94d9-cffce7144e5d,ocd-bill/937c9e08-2ab8-4b45-9a06-b442537cedfb,False,cosponsor
60c470a9-afa7-44ee-a118-14d287ac391b,Suzanne M. Vail,person,,ocd-person/ce985799-268d-4190-b078-955fc63a8c3c,ocd-bill/937c9e08-2ab8-4b45-9a06-b442537cedfb,False,cosponsor
d03a9f82-33aa-4ebb-8a21-a8adeac611fe,Janice E. Schmidt,person,,ocd-person/ec374833-801f-4c21-9261-67cdefc1ba44,ocd-bill/937c9e08-2ab8-4b45-9a06-b442537cedfb,False,cosponsor
36c8849a-fc98-42ac-b12a-13718bef029c,Cindy Rosenwald,person,,ocd-person/f3e949ce-6d98-4826-bbca-08039cea4ea4,ocd-bill/e7530d9f-3532-4bce-b0f9-f7ba5ca8fd24,False,cosponsor
5ea5a191-a073-40a4-ac94-53cfb6ae283d,Melanie Levesque,person,,ocd-person/282926cd-63f0-4ac4-ad16-5e96eb1c4e0b,ocd-bill/e7530d9f-3532-4bce-b0f9-f7ba5ca8fd24,False,cosponsor
137efdbb-39bb-4e23-9279-94813a902de1,Shannon E Chandley,person,,,ocd-bill/e7530d9f-3532-4bce-b0f9-f7ba5ca8fd24,False,cosponsor
9318333e-758a-478b-9e8d-26f081147ccc,Jeanne Dietsch,person,,ocd-person/8e7e0c04-e019-4ffe-a281-18beee5d939f,ocd-bill/e7530d9f-3532-4bce-b0f9-f7ba5ca8fd24,False,cosponsor
2b0876ea-3865-4ad1-b633-51b93616e2dd,David J Starr,person,,ocd-person/b19ae598-8107-4959-b150-586deb9c9852,ocd-bill/e7530d9f-3532-4bce-b0f9-f7ba5ca8fd24,False,cosponsor
af59b864-5103-48c4-b488-5ab3a78eb41f,Jay Kahn,person,,ocd-person/998e681b-6df1-4b4a-92db-7a2187cedcd8,ocd-bill/e7530d9f-3532-4bce-b0f9-f7ba5ca8fd24,False,cosponsor
81e64d43-fcca-427c-9380-bf68756ef36b,Ruth Ward,person,,ocd-person/9089a509-1f26-4770-adc6-199ed716e692,ocd-bill/e7530d9f-3532-4bce-b0f9-f7ba5ca8fd24,False,cosponsor
fb57ce9e-62b4-4582-8d60-0aa97f7d1ea3,James P. Gray,person,,ocd-person/e6443187-eb51-42eb-8bd7-349ed0ba9641,ocd-bill/e7530d9f-3532-4bce-b0f9-f7ba5ca8fd24,False,cosponsor
ac067bfc-547f-4612-b681-b1679ae4749d,Martha S. Hennessey,person,,ocd-person/f2700034-7f3d-4834-bb66-b848a7ca748a,ocd-bill/e7530d9f-3532-4bce-b0f9-f7ba5ca8fd24,False,cosponsor
352b844f-3640-42fa-8bf1-d9babe8796a0,Bob J. Giuda,person,,ocd-person/7739a4d0-534e-4bdb-b7fb-6a8f348e833e,ocd-bill/e7530d9f-3532-4bce-b0f9-f7ba5ca8fd24,False,cosponsor
e986467e-dad3-4e09-baec-88bdaa2b6914,William M. Marsh,person,,ocd-person/22006937-f2ca-4a2e-b92a-457777933dc7,ocd-bill/e7530d9f-3532-4bce-b0f9-f7ba5ca8fd24,False,cosponsor
d1fa772a-fc2f-4e4f-a67e-7f52a87d6d8f,Erin T. Hennessey,person,,ocd-person/91d16c36-2236-4bef-8009-004bd036c22a,ocd-bill/e7530d9f-3532-4bce-b0f9-f7ba5ca8fd24,False,cosponsor
6d5ed913-d19a-4556-b72d-22d311667a22,Debra L. DeSimone,person,,ocd-person/7ef7472f-0bda-4708-9239-76adeca1e87e,ocd-bill/e7530d9f-3532-4bce-b0f9-f7ba5ca8fd24,False,cosponsor
682a17b2-f15f-4001-91cf-ef5cc7ef830b,Jeb Bradley,person,,ocd-person/3f5455e8-256e-4442-9c13-bc14f62ce76f,ocd-bill/e7530d9f-3532-4bce-b0f9-f7ba5ca8fd24,True,primary
8204d10d-16a9-405b-8f19-56cae70ce294,Sharon M Carson,person,,ocd-person/00964fc0-dd57-44c3-87bf-b6d5bbc34560,ocd-bill/e7530d9f-3532-4bce-b0f9-f7ba5ca8fd24,False,cosponsor
e562cea6-a004-4969-a643-9a9d037c21f6,Bob J. Giuda,person,,ocd-person/7739a4d0-534e-4bdb-b7fb-6a8f348e833e,ocd-bill/7d50ee65-021e-42bb-b53c-ea1279679cf3,True,primary
7cef7c04-f0ce-4d9b-a20b-c00f9ac226cc,Kurt F. Wuelper,person,,ocd-person/27f3432f-2a51-4a39-b9c4-814718ae87ed,ocd-bill/7d50ee65-021e-42bb-b53c-ea1279679cf3,False,cosponsor
9df0f845-ce56-48dd-9ed3-0ad436595ed8,Richard W. Barry,person,,ocd-person/dc314520-0674-4452-a463-4c87ea2f23d1,ocd-bill/7d50ee65-021e-42bb-b53c-ea1279679cf3,False,cosponsor
a62d16fe-6ec5-42b4-99dc-78a0a393f530,Lynne M. Ober,person,,ocd-person/e1ff7dcf-ec5f-42ab-a7c2-81092820a3ae,ocd-bill/7d50ee65-021e-42bb-b53c-ea1279679cf3,False,cosponsor
7ea93ae8-de1e-4c1e-b27d-6190b1d770c2,Kenneth L. Weyler,person,,ocd-person/e2f9dd7e-b221-4cf0-b7de-5daa70658669,ocd-bill/7d50ee65-021e-42bb-b53c-ea1279679cf3,False,cosponsor
b2afe454-99fc-4f14-998c-be109301696e,Sharon M Carson,person,,ocd-person/00964fc0-dd57-44c3-87bf-b6d5bbc34560,ocd-bill/7d50ee65-021e-42bb-b53c-ea1279679cf3,False,cosponsor
d204b663-cf8b-42ab-a545-fedc976aed96,Jon Morgan,person,,ocd-person/f169c82a-7120-4d67-85d4-d5ff21cd44ef,ocd-bill/27aa8e8a-f665-4ee5-aee2-f7abe2b50d1f,False,cosponsor
aba80472-1dd9-4eb3-877c-413317e0dd5b,Cindy Rosenwald,person,,ocd-person/f3e949ce-6d98-4826-bbca-08039cea4ea4,ocd-bill/27aa8e8a-f665-4ee5-aee2-f7abe2b50d1f,False,cosponsor
c5bdabe2-1fdf-4e81-a02b-f87f2cc4e834,Shannon E Chandley,person,,,ocd-bill/27aa8e8a-f665-4ee5-aee2-f7abe2b50d1f,False,cosponsor
4f8c8ddc-4ee8-4220-b6eb-83f2d672c81a,Tom Sherman,person,,ocd-person/ee95d0de-e55e-4733-ba97-0fde66adf65c,ocd-bill/27aa8e8a-f665-4ee5-aee2-f7abe2b50d1f,False,cosponsor
9d483079-2c39-4719-954c-500326e35814,Harold F. French,person,,ocd-person/ff11da65-174b-4fdc-b33c-e5d6d56602f0,ocd-bill/27aa8e8a-f665-4ee5-aee2-f7abe2b50d1f,False,cosponsor
b79a4134-a42b-4fc3-bcdd-843b2f8a8f96,Jay Kahn,person,,ocd-person/998e681b-6df1-4b4a-92db-7a2187cedcd8,ocd-bill/27aa8e8a-f665-4ee5-aee2-f7abe2b50d1f,False,cosponsor
d211721c-482f-451f-9f54-4de8d25c820d,Ruth Ward,person,,ocd-person/9089a509-1f26-4770-adc6-199ed716e692,ocd-bill/27aa8e8a-f665-4ee5-aee2-f7abe2b50d1f,False,cosponsor
bb139750-201c-4815-8ed4-1542a14b430d,James P. Gray,person,,ocd-person/e6443187-eb51-42eb-8bd7-349ed0ba9641,ocd-bill/27aa8e8a-f665-4ee5-aee2-f7abe2b50d1f,True,primary
3cb89ef6-7692-4bb6-9d45-e7c9027b1d27,Martha S. Hennessey,person,,ocd-person/f2700034-7f3d-4834-bb66-b848a7ca748a,ocd-bill/27aa8e8a-f665-4ee5-aee2-f7abe2b50d1f,False,cosponsor
fa067dd8-b86d-4d86-bf27-672ab14eb201,Bob J. Giuda,person,,ocd-person/7739a4d0-534e-4bdb-b7fb-6a8f348e833e,ocd-bill/27aa8e8a-f665-4ee5-aee2-f7abe2b50d1f,False,cosponsor
6c949c0b-dcce-4a7e-8d95-5d004fff94ec,Polly Kent Campion,person,,ocd-person/8af71573-9095-434b-9fc7-6b244e40b3bb,ocd-bill/27aa8e8a-f665-4ee5-aee2-f7abe2b50d1f,False,cosponsor
764f41a1-123c-435e-8f3d-230b8a4d1d16,Regina Birdsell,person,,ocd-person/461c9024-c8c3-44a5-91d6-015a6587db5f,ocd-bill/27aa8e8a-f665-4ee5-aee2-f7abe2b50d1f,False,cosponsor
785df202-2bc0-4d4e-970f-867c85c5a435,Charles E. McMahon,person,,ocd-person/28d59199-5bae-46fe-99f3-ec78e330cdeb,ocd-bill/27aa8e8a-f665-4ee5-aee2-f7abe2b50d1f,False,cosponsor
fb86e6fe-819d-4a2d-a334-7be845ab2a60,John Reagan,person,,ocd-person/f516d40a-3676-4437-8285-a931d7c2885b,ocd-bill/27aa8e8a-f665-4ee5-aee2-f7abe2b50d1f,False,cosponsor
d8549c34-48c1-42b4-a8bd-9b4cfdd64f74,David H Watters,person,,ocd-person/cf24defe-6df3-49f3-88ca-c6774b144f19,ocd-bill/27aa8e8a-f665-4ee5-aee2-f7abe2b50d1f,False,cosponsor
712340af-c3ef-44d6-86d5-7f8ccf068e9e,Jeb Bradley,person,,ocd-person/3f5455e8-256e-4442-9c13-bc14f62ce76f,ocd-bill/27aa8e8a-f665-4ee5-aee2-f7abe2b50d1f,False,cosponsor
1ce869f0-adfe-4d4d-be2d-90cd5802f554,Sharon M Carson,person,,ocd-person/00964fc0-dd57-44c3-87bf-b6d5bbc34560,ocd-bill/27aa8e8a-f665-4ee5-aee2-f7abe2b50d1f,False,cosponsor
b35c8cc1-5e8b-4a32-9508-7ba0a9d5ffa7,Martha Fuller Clark,person,,ocd-person/823e56cb-5c51-4a09-b060-93cdb7f7ac25,ocd-bill/27aa8e8a-f665-4ee5-aee2-f7abe2b50d1f,False,cosponsor
5ef01629-b777-49d5-98a1-778212ecf9f4,Harold F. French,person,,ocd-person/ff11da65-174b-4fdc-b33c-e5d6d56602f0,ocd-bill/ef5b0777-88f1-46cb-a19a-dc9c4626cae4,False,cosponsor
479b6290-bd4f-43f8-97c6-42a263040e16,Carol M. McGuire,person,,ocd-person/ae3d6133-98b5-444e-b95e-2edc2f5302dc,ocd-bill/ef5b0777-88f1-46cb-a19a-dc9c4626cae4,False,cosponsor
8d2d13a4-6315-4bd4-9c15-85b0cc029e6f,John Reagan,person,,ocd-person/f516d40a-3676-4437-8285-a931d7c2885b,ocd-bill/ef5b0777-88f1-46cb-a19a-dc9c4626cae4,True,primary
ab4a0475-ab74-43dd-bcc8-6f3f9ae03659,Sharon M Carson,person,,ocd-person/00964fc0-dd57-44c3-87bf-b6d5bbc34560,ocd-bill/ef5b0777-88f1-46cb-a19a-dc9c4626cae4,False,cosponsor
70b9b49b-4c4f-495e-8e76-28481de4ddf2,Shannon E Chandley,person,,,ocd-bill/c0f31ab5-69a9-4219-bdae-3198073098d1,False,cosponsor
7313f755-16b2-4441-9883-b74dd43d9868,Patricia J. Bushway,person,,ocd-person/a10abdb8-c143-498c-8b8a-1e6836699d7b,ocd-bill/c0f31ab5-69a9-4219-bdae-3198073098d1,False,cosponsor
fcf6d330-3148-4a83-808c-c81ad6a77f17,Tom Sherman,person,,ocd-person/ee95d0de-e55e-4733-ba97-0fde66adf65c,ocd-bill/c0f31ab5-69a9-4219-bdae-3198073098d1,True,primary
f08f28a6-2f4b-4370-9c85-ae29d6b71b12,Kevin Cavanaugh,person,,ocd-person/7fb2bb33-cbdb-4dfd-9369-64f19f179777,ocd-bill/c0f31ab5-69a9-4219-bdae-3198073098d1,False,cosponsor
9b8acd85-fe7c-48e5-93cb-4b5e709f7a0d,Martha S. Hennessey,person,,ocd-person/f2700034-7f3d-4834-bb66-b848a7ca748a,ocd-bill/c0f31ab5-69a9-4219-bdae-3198073098d1,False,cosponsor
eb4bdb5a-456f-4530-bd01-f3cf95eaec2f,Tamara N. Le,person,,ocd-person/a0a449a7-07c5-49cb-b928-080ffa433cf3,ocd-bill/c0f31ab5-69a9-4219-bdae-3198073098d1,False,cosponsor
d219436f-e91a-4d6c-83c0-3d3f2556a525,Dan Feltes,person,,ocd-person/e97501d7-4bef-403f-8d48-9fcecc980cf5,ocd-bill/c0f31ab5-69a9-4219-bdae-3198073098d1,False,cosponsor
15a5c403-ef9c-4ade-9e21-66c26b5d2663,Dennis J. Malloy,person,,ocd-person/d6200a81-3d99-4ff7-93e0-e2f3b49cfd65,ocd-bill/c0f31ab5-69a9-4219-bdae-3198073098d1,False,cosponsor
79dfea52-b2c7-4ebb-9d03-355f760044da,Robert Renny Cushing,person,,ocd-person/cdb3279c-243a-4ca0-8e83-fcb10a975736,ocd-bill/c0f31ab5-69a9-4219-bdae-3198073098d1,False,cosponsor
df5f0aa0-d8a9-4a33-ba6c-549bee3ea1b3,Martha Fuller Clark,person,,ocd-person/823e56cb-5c51-4a09-b060-93cdb7f7ac25,ocd-bill/c0f31ab5-69a9-4219-bdae-3198073098d1,False,cosponsor
092890b9-6c09-4ca3-b03d-3eda88b69a7b,Cindy Rosenwald,person,,ocd-person/f3e949ce-6d98-4826-bbca-08039cea4ea4,ocd-bill/f9b02dea-aee5-49e6-888b-5abace674b31,False,cosponsor
5ce4e7ab-a63d-47cc-a44b-1c6d70f1cb8a,Jay Kahn,person,,ocd-person/998e681b-6df1-4b4a-92db-7a2187cedcd8,ocd-bill/f9b02dea-aee5-49e6-888b-5abace674b31,False,cosponsor
178d9bbf-ef67-42f4-ba55-947817a1859f,Bob J. Giuda,person,,ocd-person/7739a4d0-534e-4bdb-b7fb-6a8f348e833e,ocd-bill/f9b02dea-aee5-49e6-888b-5abace674b31,False,cosponsor
8ab7275c-795c-4430-8879-e2204ab0ce4c,Chuck W. Grassie,person,,ocd-person/8ee07d33-9189-4bfe-b1a1-e15c79fd1114,ocd-bill/f9b02dea-aee5-49e6-888b-5abace674b31,False,cosponsor
38890582-ac08-48e0-a9cc-3b0e20de9d45,Glenn Cordelli,person,,ocd-person/c8aa2951-dea0-4999-9b6a-6323d9917e0b,ocd-bill/f9b02dea-aee5-49e6-888b-5abace674b31,False,cosponsor
cf767a60-a2b6-4f6e-aca0-7f044bce7148,Rick M. Ladd,person,,ocd-person/1bd6c569-f2dd-4670-bf82-ef3ea4b15960,ocd-bill/f9b02dea-aee5-49e6-888b-5abace674b31,False,cosponsor
172659cc-01f4-40bf-be3d-00776596c6e5,David H Watters,person,,ocd-person/cf24defe-6df3-49f3-88ca-c6774b144f19,ocd-bill/f9b02dea-aee5-49e6-888b-5abace674b31,True,primary
7cb53d6d-2e81-4389-b0da-bf5300140024,Jon Morgan,person,,ocd-person/f169c82a-7120-4d67-85d4-d5ff21cd44ef,ocd-bill/e3e0cef5-d6f4-4106-aa43-dcc022231f8e,False,cosponsor
fa4b4763-99f8-48c0-b4af-ff1a3fc12e95,Cindy Rosenwald,person,,ocd-person/f3e949ce-6d98-4826-bbca-08039cea4ea4,ocd-bill/e3e0cef5-d6f4-4106-aa43-dcc022231f8e,False,cosponsor
8a027657-ad98-44ea-8756-bb20d8c96c20,Shannon E Chandley,person,,,ocd-bill/e3e0cef5-d6f4-4106-aa43-dcc022231f8e,True,primary
37717fc2-1f64-446f-a521-42cbad3729ef,Jeanne Dietsch,person,,ocd-person/8e7e0c04-e019-4ffe-a281-18beee5d939f,ocd-bill/e3e0cef5-d6f4-4106-aa43-dcc022231f8e,False,cosponsor
a47ab9fc-b4d8-4a6c-9890-3537909cecde,Laura D. Telerski,person,,ocd-person/ac414b7c-45dc-48b6-9530-eaa8e80b124f,ocd-bill/e3e0cef5-d6f4-4106-aa43-dcc022231f8e,False,cosponsor
0f99843e-884d-4245-8621-7e266c0e757a,Joelle Martin,person,,ocd-person/ed48590f-6af4-4e9f-99d6-16227870b44f,ocd-bill/e3e0cef5-d6f4-4106-aa43-dcc022231f8e,False,cosponsor
87a37eb7-0dca-418a-8a2b-63a0a6ef41c8,Kermit R. Williams,person,,ocd-person/fa58238b-d845-4c1c-a331-8e175efcd6d3,ocd-bill/e3e0cef5-d6f4-4106-aa43-dcc022231f8e,False,cosponsor
f8a52da2-6014-4812-ad63-09cc4d848cc9,Suzanne M. Vail,person,,ocd-person/ce985799-268d-4190-b078-955fc63a8c3c,ocd-bill/e3e0cef5-d6f4-4106-aa43-dcc022231f8e,False,cosponsor
a55fc9c5-9598-45fb-b460-c970e810d650,Dennis H. Fields,person,,ocd-person/6858ee3a-07e9-4245-aa59-8859519cc67f,ocd-bill/e3e0cef5-d6f4-4106-aa43-dcc022231f8e,False,cosponsor
957dce6a-25ad-4929-b282-ee2df3af4449,Martha S. Hennessey,person,,ocd-person/f2700034-7f3d-4834-bb66-b848a7ca748a,ocd-bill/29aeb02c-246f-4989-9517-b4bd634fb588,False,cosponsor
3b72cdfa-c4db-4275-8007-220713e67572,David H Watters,person,,ocd-person/cf24defe-6df3-49f3-88ca-c6774b144f19,ocd-bill/29aeb02c-246f-4989-9517-b4bd634fb588,True,primary
8f6452f8-e6f4-4995-96d5-e1cc66d0e41b,Kevin Cavanaugh,person,,ocd-person/7fb2bb33-cbdb-4dfd-9369-64f19f179777,ocd-bill/5dec6d86-2197-4fbb-a44f-d6611eb45360,True,primary
0b7cc9d9-db5e-4ddb-a5e2-d85d0a742ab1,Jay Kahn,person,,ocd-person/998e681b-6df1-4b4a-92db-7a2187cedcd8,ocd-bill/5dec6d86-2197-4fbb-a44f-d6611eb45360,False,cosponsor
2048eba3-e16e-4ece-b45c-fe3fdb5aafc0,Erin T. Hennessey,person,,ocd-person/91d16c36-2236-4bef-8009-004bd036c22a,ocd-bill/5dec6d86-2197-4fbb-a44f-d6611eb45360,False,cosponsor
002f4eea-4976-4d3c-8284-e6e9b16bae42,Edward A. Butler,person,,ocd-person/fd79da58-6089-4580-bef2-ad03fc7e6bde,ocd-bill/5dec6d86-2197-4fbb-a44f-d6611eb45360,False,cosponsor
2c3f75b6-3ed0-402f-bca6-d40a27d9e1bb,Sharon M Carson,person,,ocd-person/00964fc0-dd57-44c3-87bf-b6d5bbc34560,ocd-bill/5dec6d86-2197-4fbb-a44f-d6611eb45360,False,cosponsor
c1a4d083-31de-4258-af2f-c273109e84e0,Jon Morgan,person,,ocd-person/f169c82a-7120-4d67-85d4-d5ff21cd44ef,ocd-bill/49738192-5e22-4405-ad58-ef4461a47371,False,cosponsor
190655d3-e39c-4aa6-b39c-7ed926b387e2,Jay Kahn,person,,ocd-person/998e681b-6df1-4b4a-92db-7a2187cedcd8,ocd-bill/49738192-5e22-4405-ad58-ef4461a47371,True,primary
e1eb9d41-d60d-4414-8884-9d7a7bbc936c,David B. Doherty,person,,ocd-person/b2b46bdc-a9ee-4d6a-8535-93bea4190ddb,ocd-bill/49738192-5e22-4405-ad58-ef4461a47371,False,cosponsor
aa6e5775-a0a0-499a-9498-da01500fe54c,Rick M. Ladd,person,,ocd-person/1bd6c569-f2dd-4670-bf82-ef3ea4b15960,ocd-bill/49738192-5e22-4405-ad58-ef4461a47371,False,cosponsor
cb8af91c-7c30-4ea7-a903-e6a5a5167675,David H Watters,person,,ocd-person/cf24defe-6df3-49f3-88ca-c6774b144f19,ocd-bill/49738192-5e22-4405-ad58-ef4461a47371,False,cosponsor
61084e6c-94db-4b23-8c72-afa3b2bb8268,Cindy Rosenwald,person,,ocd-person/f3e949ce-6d98-4826-bbca-08039cea4ea4,ocd-bill/f62a6749-e119-45c9-a5cb-e7f3766a1681,False,cosponsor
caa802c0-c47e-43d8-9f65-7ea0b6236de2,Melanie Levesque,person,,ocd-person/282926cd-63f0-4ac4-ad16-5e96eb1c4e0b,ocd-bill/f62a6749-e119-45c9-a5cb-e7f3766a1681,False,cosponsor
193ebb0d-fa55-4ac2-91ce-c6756968af3a,Shannon E Chandley,person,,,ocd-bill/f62a6749-e119-45c9-a5cb-e7f3766a1681,False,cosponsor
22b71cac-c781-48b2-8abd-e8329bc63304,David J Starr,person,,ocd-person/b19ae598-8107-4959-b150-586deb9c9852,ocd-bill/f62a6749-e119-45c9-a5cb-e7f3766a1681,False,cosponsor
d0a57dcf-afd0-470b-8f49-b9dc7ba9e2ce,Tom Sherman,person,,ocd-person/ee95d0de-e55e-4733-ba97-0fde66adf65c,ocd-bill/f62a6749-e119-45c9-a5cb-e7f3766a1681,False,cosponsor
dfbc2081-485c-4c8d-9667-0c5e0bdc95a0,Kevin Cavanaugh,person,,ocd-person/7fb2bb33-cbdb-4dfd-9369-64f19f179777,ocd-bill/f62a6749-e119-45c9-a5cb-e7f3766a1681,False,cosponsor
fbe9c1cd-82c9-46a0-9fd8-dc16812e6c1d,Jay Kahn,person,,ocd-person/998e681b-6df1-4b4a-92db-7a2187cedcd8,ocd-bill/f62a6749-e119-45c9-a5cb-e7f3766a1681,False,cosponsor
69f26c42-1b9c-4f7d-83b3-2d25267c2d09,James P. Gray,person,,ocd-person/e6443187-eb51-42eb-8bd7-349ed0ba9641,ocd-bill/f62a6749-e119-45c9-a5cb-e7f3766a1681,False,cosponsor
bf7c161a-f564-4a9b-9ba3-241111f61d7a,Martha S. Hennessey,person,,ocd-person/f2700034-7f3d-4834-bb66-b848a7ca748a,ocd-bill/f62a6749-e119-45c9-a5cb-e7f3766a1681,True,primary
52c22974-5344-43b1-85ec-994ddaabb391,Dan Feltes,person,,ocd-person/e97501d7-4bef-403f-8d48-9fcecc980cf5,ocd-bill/f62a6749-e119-45c9-a5cb-e7f3766a1681,False,cosponsor
a655bfc9-a4ed-4eec-bd3d-6381d820d1a8,Linda L. Tanner,person,,ocd-person/950e6cfe-ff6c-49ed-a4c2-1e66e60c6315,ocd-bill/f62a6749-e119-45c9-a5cb-e7f3766a1681,False,cosponsor
1684d809-1040-4790-ae6f-09d7ade146db,David H Watters,person,,ocd-person/cf24defe-6df3-49f3-88ca-c6774b144f19,ocd-bill/f62a6749-e119-45c9-a5cb-e7f3766a1681,False,cosponsor
825d2004-b595-4358-ba0d-905c264780d2,Jeb Bradley,person,,ocd-person/3f5455e8-256e-4442-9c13-bc14f62ce76f,ocd-bill/f62a6749-e119-45c9-a5cb-e7f3766a1681,False,cosponsor
40185a77-aae3-4375-9cbb-643a6a41581b,Sharon M Carson,person,,ocd-person/00964fc0-dd57-44c3-87bf-b6d5bbc34560,ocd-bill/f62a6749-e119-45c9-a5cb-e7f3766a1681,False,cosponsor
ee0f21a1-0d1c-4c36-ad61-1d94dadee579,Martha Fuller Clark,person,,ocd-person/823e56cb-5c51-4a09-b060-93cdb7f7ac25,ocd-bill/f62a6749-e119-45c9-a5cb-e7f3766a1681,False,cosponsor
4f02e9e4-9f19-4efc-85e8-71e5d5726e2a,Brian K. Chirichiello,person,,ocd-person/c5e0ac90-3639-40f6-9d02-c67e25bf675d,ocd-bill/7848b396-121e-465a-a509-76dbc965428f,False,cosponsor
428a020d-9bcd-44a3-ad3b-c0a8536d4bfe,Andrew Renzullo,person,,ocd-person/b8aa741e-30b1-4d45-8f6a-7241f0d0eed2,ocd-bill/7848b396-121e-465a-a509-76dbc965428f,False,cosponsor
fe29f029-cf4d-4aae-8f8f-3c293dce8a09,Sherman A. Packard,person,,ocd-person/e94c1d98-5454-40a2-8293-ee0998fee8ca,ocd-bill/7848b396-121e-465a-a509-76dbc965428f,False,cosponsor
95559e7b-7765-4bdd-bb2c-986f2bead8f4,David H Watters,person,,ocd-person/cf24defe-6df3-49f3-88ca-c6774b144f19,ocd-bill/7848b396-121e-465a-a509-76dbc965428f,False,cosponsor
72c1d2ed-9255-4327-84ae-5f98307fcb1b,Sharon M Carson,person,,ocd-person/00964fc0-dd57-44c3-87bf-b6d5bbc34560,ocd-bill/7848b396-121e-465a-a509-76dbc965428f,True,primary
a54f75dc-1bc7-4360-b5ef-01bbc2cc638c,Ruth Ward,person,,ocd-person/9089a509-1f26-4770-adc6-199ed716e692,ocd-bill/e2236265-b604-4f87-945c-e17d841ae997,True,primary
575c4fc4-19d2-4c52-b10e-2a5c8e36a62f,Bob J. Giuda,person,,ocd-person/7739a4d0-534e-4bdb-b7fb-6a8f348e833e,ocd-bill/e2236265-b604-4f87-945c-e17d841ae997,False,cosponsor
5c190b9a-38d1-497a-9313-820b62217ce2,Michael Vose,person,,ocd-person/1aa8819a-e1bd-4569-93ec-305ad61e8ea4,ocd-bill/e2236265-b604-4f87-945c-e17d841ae997,False,cosponsor
f27fe460-b33f-4460-8df7-b62235626c6d,Cindy Rosenwald,person,,ocd-person/f3e949ce-6d98-4826-bbca-08039cea4ea4,ocd-bill/546f62d8-01f1-49d9-83c2-e6beb7fb9301,False,cosponsor
bc270ea8-a62b-4df9-9792-0e6e6349a1d3,Dianne E. Schuett,person,,ocd-person/62ff0476-f4e6-411f-a58e-2e7963cde2ab,ocd-bill/546f62d8-01f1-49d9-83c2-e6beb7fb9301,False,cosponsor
0c7f8359-3b96-4c6e-8892-32e24f3850e9,Carol M. McGuire,person,,ocd-person/ae3d6133-98b5-444e-b95e-2edc2f5302dc,ocd-bill/546f62d8-01f1-49d9-83c2-e6beb7fb9301,False,cosponsor
e73c2858-6c8d-4c7b-8955-07a234fbbb46,John Sytek,person,,ocd-person/81a14b0b-f5dd-4e7a-b500-c9dc0a56c2be,ocd-bill/546f62d8-01f1-49d9-83c2-e6beb7fb9301,False,cosponsor
f553e3d0-be5c-4bbf-ad3b-31165d04443e,John Reagan,person,,ocd-person/f516d40a-3676-4437-8285-a931d7c2885b,ocd-bill/546f62d8-01f1-49d9-83c2-e6beb7fb9301,False,cosponsor
6cd68662-9649-4e05-b7a7-7fb47585b889,Sharon M Carson,person,,ocd-person/00964fc0-dd57-44c3-87bf-b6d5bbc34560,ocd-bill/546f62d8-01f1-49d9-83c2-e6beb7fb9301,True,primary
e2447ccc-09a5-4fdf-8966-c1744437f82f,Ruth Ward,person,,ocd-person/9089a509-1f26-4770-adc6-199ed716e692,ocd-bill/efacef2b-3ef3-4638-a996-6601048e94b1,False,cosponsor
8de80cc8-1df2-42b4-9846-bad303916edc,James P. Gray,person,,ocd-person/e6443187-eb51-42eb-8bd7-349ed0ba9641,ocd-bill/efacef2b-3ef3-4638-a996-6601048e94b1,False,cosponsor
e1310ed8-27db-40e1-a309-0dce1f24669c,Skip Berrien,person,,ocd-person/c955f3c4-4732-42c2-8615-bc103ee8e0d8,ocd-bill/efacef2b-3ef3-4638-a996-6601048e94b1,False,cosponsor
30afd878-bf4b-40ef-9b90-628412a47e20,Kimberly A. Rice,person,,ocd-person/85b7ca6d-3fd7-4e97-bfe0-effe223121f7,ocd-bill/efacef2b-3ef3-4638-a996-6601048e94b1,False,cosponsor
f5929450-2e3f-4460-8af1-3b42234afbac,Jeb Bradley,person,,ocd-person/3f5455e8-256e-4442-9c13-bc14f62ce76f,ocd-bill/efacef2b-3ef3-4638-a996-6601048e94b1,False,cosponsor
455b65d5-492b-4877-9993-22d73a8284ba,Sharon M Carson,person,,ocd-person/00964fc0-dd57-44c3-87bf-b6d5bbc34560,ocd-bill/efacef2b-3ef3-4638-a996-6601048e94b1,True,primary
55ec5e6e-8846-49fd-8f05-e3b24a22be8f,Martha Fuller Clark,person,,ocd-person/823e56cb-5c51-4a09-b060-93cdb7f7ac25,ocd-bill/efacef2b-3ef3-4638-a996-6601048e94b1,False,cosponsor
ab66a199-3bd5-49ef-8d0e-f296b514d717,Jon Morgan,person,,ocd-person/f169c82a-7120-4d67-85d4-d5ff21cd44ef,ocd-bill/68e35b9e-7942-4b14-aba0-8d5ec4c1ee6c,True,primary
e926781b-cf7e-4138-886c-1ad15266b3d7,Tom Sherman,person,,ocd-person/ee95d0de-e55e-4733-ba97-0fde66adf65c,ocd-bill/68e35b9e-7942-4b14-aba0-8d5ec4c1ee6c,False,cosponsor
0b48e420-bdfd-41c0-b45e-3ec8d4737c68,Mark A. Pearson,person,,,ocd-bill/68e35b9e-7942-4b14-aba0-8d5ec4c1ee6c,False,cosponsor
054677ce-feeb-4936-b864-0489b4386c94,Skip Berrien,person,,ocd-person/c955f3c4-4732-42c2-8615-bc103ee8e0d8,ocd-bill/68e35b9e-7942-4b14-aba0-8d5ec4c1ee6c,False,cosponsor
1677df2a-de02-4bc1-a64a-3fbb9a36628e,Patrick T. Long,person,,ocd-person/14d0ff58-3340-4344-bb79-c6acd5f8ba6c,ocd-bill/68e35b9e-7942-4b14-aba0-8d5ec4c1ee6c,False,cosponsor
5e34569d-6b06-437a-9504-dd6bacdd4aff,Jeb Bradley,person,,ocd-person/3f5455e8-256e-4442-9c13-bc14f62ce76f,ocd-bill/68e35b9e-7942-4b14-aba0-8d5ec4c1ee6c,False,cosponsor
b72f27a1-f9ea-4585-9b06-4ca39cae402d,Martha Fuller Clark,person,,ocd-person/823e56cb-5c51-4a09-b060-93cdb7f7ac25,ocd-bill/68e35b9e-7942-4b14-aba0-8d5ec4c1ee6c,False,cosponsor
4c6c6578-5844-427b-a00b-69f005a6d848,Cassandra N. Levesque,person,,ocd-person/711423e3-ff28-4150-8a89-ec568a4f2c5d,ocd-bill/1a437b9d-b161-414d-a3f1-2c7e6a0d2ef4,False,cosponsor
e5fd6791-00fc-4fa2-89e6-00a7fb88add9,Melanie Levesque,person,,ocd-person/282926cd-63f0-4ac4-ad16-5e96eb1c4e0b,ocd-bill/1a437b9d-b161-414d-a3f1-2c7e6a0d2ef4,False,cosponsor
1f3ca87d-37be-41de-89a9-977d8403a37b,Shannon E Chandley,person,,,ocd-bill/1a437b9d-b161-414d-a3f1-2c7e6a0d2ef4,False,cosponsor
83567ab5-4988-4855-afa2-240a7034901e,Martha S. Hennessey,person,,ocd-person/f2700034-7f3d-4834-bb66-b848a7ca748a,ocd-bill/1a437b9d-b161-414d-a3f1-2c7e6a0d2ef4,False,cosponsor
284c4f61-9b15-4420-8cb4-4b4737eeaa32,Debra Altschiller,person,,ocd-person/925608b2-8d23-4186-85f6-4c50f334374d,ocd-bill/1a437b9d-b161-414d-a3f1-2c7e6a0d2ef4,False,cosponsor
aa289b9e-9d72-4797-bc52-a1543459a555,Mary Jane Mulligan,person,,ocd-person/2eda7ff0-af84-4ad3-a72c-ea7c37e46877,ocd-bill/1a437b9d-b161-414d-a3f1-2c7e6a0d2ef4,False,cosponsor
c6ee1246-7eb2-4b1f-aea4-b2bb31639db2,Mary Beth Walz,person,,ocd-person/aee31921-5d02-4da9-8e3e-3137b4bb8bf4,ocd-bill/1a437b9d-b161-414d-a3f1-2c7e6a0d2ef4,False,cosponsor
9a2f07c0-8d08-4fd8-9755-484504818e34,David H Watters,person,,ocd-person/cf24defe-6df3-49f3-88ca-c6774b144f19,ocd-bill/1a437b9d-b161-414d-a3f1-2c7e6a0d2ef4,True,primary
8f27a961-103d-4a3c-b822-610ae55619f4,Cindy Rosenwald,person,,ocd-person/f3e949ce-6d98-4826-bbca-08039cea4ea4,ocd-bill/1336e964-a6b5-4b53-b1ab-9363bf1b14db,False,cosponsor
f3e75190-fbdd-4508-bfc0-c00e782fe380,Kevin Cavanaugh,person,,ocd-person/7fb2bb33-cbdb-4dfd-9369-64f19f179777,ocd-bill/1336e964-a6b5-4b53-b1ab-9363bf1b14db,False,cosponsor
d8fa31b6-c3fe-47aa-ae6e-3a3cb9f7072b,Martha S. Hennessey,person,,ocd-person/f2700034-7f3d-4834-bb66-b848a7ca748a,ocd-bill/1336e964-a6b5-4b53-b1ab-9363bf1b14db,False,cosponsor
652d743c-5cc0-48ca-a03e-4b8daf32f14f,Bob J. Giuda,person,,ocd-person/7739a4d0-534e-4bdb-b7fb-6a8f348e833e,ocd-bill/1336e964-a6b5-4b53-b1ab-9363bf1b14db,False,cosponsor
598c28a1-c3f4-4c9e-b113-7b6ceae5d25e,Lou D'Allesandro,person,,ocd-person/87c48788-817d-408b-a1e1-ebe1c9fd893d,ocd-bill/1336e964-a6b5-4b53-b1ab-9363bf1b14db,True,primary
f4f8dae4-4757-4254-8da0-6d23594e6ccc,Cindy Rosenwald,person,,ocd-person/f3e949ce-6d98-4826-bbca-08039cea4ea4,ocd-bill/71a3e93e-947a-4e0b-8b66-9bfda6e32ed8,True,primary
4158d307-6361-4124-ab35-2e7fd0de4955,Jeanne Dietsch,person,,ocd-person/8e7e0c04-e019-4ffe-a281-18beee5d939f,ocd-bill/71a3e93e-947a-4e0b-8b66-9bfda6e32ed8,False,cosponsor
5005d355-acfe-41e8-9280-4849cd65f6b1,Manny Espitia,person,,ocd-person/31583363-1dfd-4eb3-a611-d5059d945d53,ocd-bill/71a3e93e-947a-4e0b-8b66-9bfda6e32ed8,False,cosponsor
9a279299-a254-4fb4-896a-ee1835e1b130,Tom Sherman,person,,ocd-person/ee95d0de-e55e-4733-ba97-0fde66adf65c,ocd-bill/71a3e93e-947a-4e0b-8b66-9bfda6e32ed8,False,cosponsor
b2b2d418-a14d-433c-9d1b-f7d3be2cdc1b,Jay Kahn,person,,ocd-person/998e681b-6df1-4b4a-92db-7a2187cedcd8,ocd-bill/71a3e93e-947a-4e0b-8b66-9bfda6e32ed8,False,cosponsor
3c45725f-921f-4d9e-93ad-25ff2c591093,Martha S. Hennessey,person,,ocd-person/f2700034-7f3d-4834-bb66-b848a7ca748a,ocd-bill/71a3e93e-947a-4e0b-8b66-9bfda6e32ed8,False,cosponsor
f5e3e971-e405-4955-97e5-1d6132dd71a3,Joelle Martin,person,,ocd-person/ed48590f-6af4-4e9f-99d6-16227870b44f,ocd-bill/71a3e93e-947a-4e0b-8b66-9bfda6e32ed8,False,cosponsor
c66dd7b0-d1e8-4123-84a5-fff253f9484f,Skip Berrien,person,,ocd-person/c955f3c4-4732-42c2-8615-bc103ee8e0d8,ocd-bill/71a3e93e-947a-4e0b-8b66-9bfda6e32ed8,False,cosponsor
b790c937-8ca7-4485-b588-48fa953e4b5e,Mary Jane Wallner,person,,ocd-person/0e6f806c-ba57-4dc6-b6b4-f2a926288ca3,ocd-bill/71a3e93e-947a-4e0b-8b66-9bfda6e32ed8,False,cosponsor
7211ba5a-61ea-4b4b-93a0-fe60bd0dce7e,Jeb Bradley,person,,ocd-person/3f5455e8-256e-4442-9c13-bc14f62ce76f,ocd-bill/71a3e93e-947a-4e0b-8b66-9bfda6e32ed8,False,cosponsor
8fcbe1d0-58f9-47c6-89eb-db166c6bbe81,Cindy Rosenwald,person,,ocd-person/f3e949ce-6d98-4826-bbca-08039cea4ea4,ocd-bill/55ea74a5-81e8-4bc6-a542-b4069c1651ab,False,cosponsor
02589fa9-d852-48d5-97c5-f165bfd1de52,Shannon E Chandley,person,,,ocd-bill/55ea74a5-81e8-4bc6-a542-b4069c1651ab,True,primary
6e277281-d556-4576-b1a6-7191e3a840ce,Wendy E.N. Thomas,person,,ocd-person/2375b05c-cf9a-4f1b-a4b0-194fac6d86bf,ocd-bill/55ea74a5-81e8-4bc6-a542-b4069c1651ab,False,cosponsor
a181133a-2865-46ca-8209-4774bcdea448,Kathryn Stack,person,,ocd-person/ca4638d0-559a-4364-8de0-88f23d35d5a0,ocd-bill/55ea74a5-81e8-4bc6-a542-b4069c1651ab,False,cosponsor
6a3c1fca-6d03-4100-ab24-dc0f3f39fa19,Rosemarie Rung,person,,ocd-person/1a5923c6-3e1f-4ebe-8739-17c9e9642403,ocd-bill/55ea74a5-81e8-4bc6-a542-b4069c1651ab,False,cosponsor
562c308b-35b8-41b2-aa72-b166aafe0d1e,Tom Sherman,person,,ocd-person/ee95d0de-e55e-4733-ba97-0fde66adf65c,ocd-bill/55ea74a5-81e8-4bc6-a542-b4069c1651ab,False,cosponsor
da555e62-b5d3-4362-9579-bdeb99539031,Kevin Cavanaugh,person,,ocd-person/7fb2bb33-cbdb-4dfd-9369-64f19f179777,ocd-bill/55ea74a5-81e8-4bc6-a542-b4069c1651ab,False,cosponsor
e424a2a5-cc02-49b4-8d61-1c5a7a530573,Martha S. Hennessey,person,,ocd-person/f2700034-7f3d-4834-bb66-b848a7ca748a,ocd-bill/55ea74a5-81e8-4bc6-a542-b4069c1651ab,False,cosponsor
72713f51-14b7-4cc2-9091-8a1a0509831a,Dan Feltes,person,,ocd-person/e97501d7-4bef-403f-8d48-9fcecc980cf5,ocd-bill/55ea74a5-81e8-4bc6-a542-b4069c1651ab,False,cosponsor
905aacb4-459f-4236-959f-831966c6f120,Donna M. Soucy,person,,ocd-person/bfbbacfd-e12a-4e07-970e-c2c2c006f4a2,ocd-bill/55ea74a5-81e8-4bc6-a542-b4069c1651ab,False,cosponsor
25739b09-e856-4bc4-a206-2b4abeabe5ce,David H Watters,person,,ocd-person/cf24defe-6df3-49f3-88ca-c6774b144f19,ocd-bill/55ea74a5-81e8-4bc6-a542-b4069c1651ab,False,cosponsor
fc639a49-eb22-40af-a93f-16482e4da924,Martha Fuller Clark,person,,ocd-person/823e56cb-5c51-4a09-b060-93cdb7f7ac25,ocd-bill/55ea74a5-81e8-4bc6-a542-b4069c1651ab,False,cosponsor
f6cca7ef-c0ad-43f5-aca7-39810f24266a,Tom Sherman,person,,ocd-person/ee95d0de-e55e-4733-ba97-0fde66adf65c,ocd-bill/93d193d4-b15d-4bd3-8f77-d909d15ab396,False,cosponsor
fa62819f-4b8a-4628-83f7-43157ab13439,Bob J. Giuda,person,,ocd-person/7739a4d0-534e-4bdb-b7fb-6a8f348e833e,ocd-bill/93d193d4-b15d-4bd3-8f77-d909d15ab396,True,primary
41a6be72-cf1f-45db-99cf-db257416869c,David H Watters,person,,ocd-person/cf24defe-6df3-49f3-88ca-c6774b144f19,ocd-bill/93d193d4-b15d-4bd3-8f77-d909d15ab396,False,cosponsor
a09d2375-0561-4bc3-8af0-69c240a28fa1,Martha Fuller Clark,person,,ocd-person/823e56cb-5c51-4a09-b060-93cdb7f7ac25,ocd-bill/93d193d4-b15d-4bd3-8f77-d909d15ab396,False,cosponsor
ef6887fd-6082-4d4e-bf3c-c0492b34b611,Bob J. Giuda,person,,ocd-person/7739a4d0-534e-4bdb-b7fb-6a8f348e833e,ocd-bill/e5f17886-fc56-4c98-b610-2306a31b4c6a,False,cosponsor
bf90c241-75ee-4514-8e88-4b5a713bb5e8,Kimberly A. Rice,person,,ocd-person/85b7ca6d-3fd7-4e97-bfe0-effe223121f7,ocd-bill/e5f17886-fc56-4c98-b610-2306a31b4c6a,False,cosponsor
75e6fe84-449e-41c2-848c-aed90f1a3df9,Jordan G. Ulery,person,,ocd-person/31f696d4-f806-4eb3-a8ce-5b1d2a2eba93,ocd-bill/e5f17886-fc56-4c98-b610-2306a31b4c6a,False,cosponsor
57ad41a1-bc83-466f-9d7b-dd9e5b07ef5f,Andrew Renzullo,person,,ocd-person/b8aa741e-30b1-4d45-8f6a-7241f0d0eed2,ocd-bill/e5f17886-fc56-4c98-b610-2306a31b4c6a,False,cosponsor
8fba7b5d-ba39-464c-aa17-888053654955,Lynne M. Ober,person,,ocd-person/e1ff7dcf-ec5f-42ab-a7c2-81092820a3ae,ocd-bill/e5f17886-fc56-4c98-b610-2306a31b4c6a,False,cosponsor
a8bd58ab-6d68-4be2-94c9-83d2878317a4,David H Watters,person,,ocd-person/cf24defe-6df3-49f3-88ca-c6774b144f19,ocd-bill/e5f17886-fc56-4c98-b610-2306a31b4c6a,False,cosponsor
1b487c49-2ba7-45b0-bf84-11dc13a89bcf,Sharon M Carson,person,,ocd-person/00964fc0-dd57-44c3-87bf-b6d5bbc34560,ocd-bill/e5f17886-fc56-4c98-b610-2306a31b4c6a,True,primary
743de35a-abab-42f0-bc66-001efacfa7e3,Chuck Morse,person,,ocd-person/72b8f708-a22d-477d-9c55-e5d14b8308a6,ocd-bill/e5f17886-fc56-4c98-b610-2306a31b4c6a,False,cosponsor
0f2d8be2-f570-4776-9141-56cdc3992a4b,Lou D'Allesandro,person,,ocd-person/87c48788-817d-408b-a1e1-ebe1c9fd893d,ocd-bill/e5f17886-fc56-4c98-b610-2306a31b4c6a,False,cosponsor
ddb556b7-a16c-4506-80a6-8e5e41ac1cd7,Melanie Levesque,person,,ocd-person/282926cd-63f0-4ac4-ad16-5e96eb1c4e0b,ocd-bill/76e7502a-106d-4ded-907b-adc0a9edd6f3,False,cosponsor
a05f2f7c-5468-4d40-a4dc-79c05f20c35e,Shannon E Chandley,person,,,ocd-bill/76e7502a-106d-4ded-907b-adc0a9edd6f3,True,primary
cb975dcc-5485-47bb-a2fe-35079db48a48,Jay Kahn,person,,ocd-person/998e681b-6df1-4b4a-92db-7a2187cedcd8,ocd-bill/76e7502a-106d-4ded-907b-adc0a9edd6f3,False,cosponsor
9fd94472-4645-4f86-aac0-60ebf2961f66,Martha S. Hennessey,person,,ocd-person/f2700034-7f3d-4834-bb66-b848a7ca748a,ocd-bill/76e7502a-106d-4ded-907b-adc0a9edd6f3,False,cosponsor
fb560847-5640-40f5-9082-2d2db2c0ea3d,Marjorie K. Smith,person,,ocd-person/86b31d04-3a4b-4199-b10e-27bd337f0a34,ocd-bill/76e7502a-106d-4ded-907b-adc0a9edd6f3,False,cosponsor
9af10771-7250-47a5-8741-c196b2b77066,Sharon M Carson,person,,ocd-person/00964fc0-dd57-44c3-87bf-b6d5bbc34560,ocd-bill/76e7502a-106d-4ded-907b-adc0a9edd6f3,False,cosponsor
63a30cf3-6c15-40df-8fe5-427cb0ab5e5b,Melanie Levesque,person,,ocd-person/282926cd-63f0-4ac4-ad16-5e96eb1c4e0b,ocd-bill/5c065e4d-9c94-47be-a78c-d26a46744fdd,True,primary
b560a044-f6c8-403b-b59c-def5be1eb4d8,Shannon E Chandley,person,,,ocd-bill/5c065e4d-9c94-47be-a78c-d26a46744fdd,False,cosponsor
df8a1ab1-c4fe-468b-a606-93e566a20cb4,Jeanne Dietsch,person,,ocd-person/8e7e0c04-e019-4ffe-a281-18beee5d939f,ocd-bill/5c065e4d-9c94-47be-a78c-d26a46744fdd,False,cosponsor
59e0a26e-73a3-4ee9-b730-50d4a4da152e,Jay Kahn,person,,ocd-person/998e681b-6df1-4b4a-92db-7a2187cedcd8,ocd-bill/5c065e4d-9c94-47be-a78c-d26a46744fdd,False,cosponsor
8071e1df-4472-4b42-8333-e8ce4503bb4d,Martha S. Hennessey,person,,ocd-person/f2700034-7f3d-4834-bb66-b848a7ca748a,ocd-bill/5c065e4d-9c94-47be-a78c-d26a46744fdd,False,cosponsor
01dfe038-9515-4196-982a-d394ef07ec35,Dan Feltes,person,,ocd-person/e97501d7-4bef-403f-8d48-9fcecc980cf5,ocd-bill/5c065e4d-9c94-47be-a78c-d26a46744fdd,False,cosponsor
c2715e36-d553-4627-9228-47dfb2fe2e58,Douglas A. Ley,person,,ocd-person/a97ffd97-a669-4ce5-bbed-f07858ba052b,ocd-bill/5c065e4d-9c94-47be-a78c-d26a46744fdd,False,cosponsor
b7b8dc74-987f-4c96-8064-08380fe51db1,David H Watters,person,,ocd-person/cf24defe-6df3-49f3-88ca-c6774b144f19,ocd-bill/5c065e4d-9c94-47be-a78c-d26a46744fdd,False,cosponsor
88682037-9c89-4e19-b5de-8c01d243827b,Sharon M Carson,person,,ocd-person/00964fc0-dd57-44c3-87bf-b6d5bbc34560,ocd-bill/5c065e4d-9c94-47be-a78c-d26a46744fdd,False,cosponsor
fada45a5-7035-4e8f-81c3-82be41104d90,Martha Fuller Clark,person,,ocd-person/823e56cb-5c51-4a09-b060-93cdb7f7ac25,ocd-bill/5c065e4d-9c94-47be-a78c-d26a46744fdd,False,cosponsor
1945af71-b797-49f5-ac94-1658daa684c1,Jon Morgan,person,,ocd-person/f169c82a-7120-4d67-85d4-d5ff21cd44ef,ocd-bill/804dc503-fc27-4abc-87fe-21035c348649,False,cosponsor
cf2d5e8a-bbfb-469d-b63e-4f81d95712e2,Ruth Ward,person,,ocd-person/9089a509-1f26-4770-adc6-199ed716e692,ocd-bill/804dc503-fc27-4abc-87fe-21035c348649,False,cosponsor
69fbd34a-89e5-412e-a022-ea2686e615f4,Regina Birdsell,person,,ocd-person/461c9024-c8c3-44a5-91d6-015a6587db5f,ocd-bill/804dc503-fc27-4abc-87fe-21035c348649,True,primary
374649e8-a4be-4256-b53c-6cd38ca01ec1,John M. Potucek,person,,ocd-person/433c67d6-bfdc-410e-87e2-463c93d55a17,ocd-bill/804dc503-fc27-4abc-87fe-21035c348649,False,cosponsor
50403a42-d2ca-49fc-825b-9ee30fb94f8a,Kermit R. Williams,person,,ocd-person/fa58238b-d845-4c1c-a331-8e175efcd6d3,ocd-bill/804dc503-fc27-4abc-87fe-21035c348649,False,cosponsor
610b5a07-6e50-4f1d-adeb-26020065a414,David E. Milz,person,,ocd-person/ef41a7dd-a84f-47db-b794-2a6c6be48771,ocd-bill/804dc503-fc27-4abc-87fe-21035c348649,False,cosponsor
65f42843-e17d-4eb2-9e71-3f2fc0d0e21e,John T. O'Connor,person,,ocd-person/60882336-f4d2-45e4-b194-d2b99cae7610,ocd-bill/804dc503-fc27-4abc-87fe-21035c348649,False,cosponsor
b03cff67-f9cd-4f12-840d-069ba64e2b23,Jeb Bradley,person,,ocd-person/3f5455e8-256e-4442-9c13-bc14f62ce76f,ocd-bill/804dc503-fc27-4abc-87fe-21035c348649,False,cosponsor
cb0d2cd0-dac6-460f-9f02-92b07bb0a429,Martha S. Hennessey,person,,ocd-person/f2700034-7f3d-4834-bb66-b848a7ca748a,ocd-bill/858d1de2-0725-45ab-a6a5-b99d02752841,False,cosponsor
ce89ed02-e23f-408f-9851-7f3326f7cc17,Marjorie K. Smith,person,,ocd-person/86b31d04-3a4b-4199-b10e-27bd337f0a34,ocd-bill/858d1de2-0725-45ab-a6a5-b99d02752841,False,cosponsor
f729cc29-e29d-4119-afda-478306d1c445,Sharon M Carson,person,,ocd-person/00964fc0-dd57-44c3-87bf-b6d5bbc34560,ocd-bill/858d1de2-0725-45ab-a6a5-b99d02752841,True,primary
a074a863-8460-4037-830d-eb19af62cea7,Jay Kahn,person,,ocd-person/998e681b-6df1-4b4a-92db-7a2187cedcd8,ocd-bill/bfa3bc40-536b-4418-af34-514013bb89f6,False,cosponsor
24939907-a37a-48f1-874f-2ba9c67da464,Daniel A. Eaton,person,,ocd-person/58818151-3b11-41f9-87ac-0fc7d51ffc6c,ocd-bill/bfa3bc40-536b-4418-af34-514013bb89f6,False,cosponsor
806bfa19-28e2-4232-ad9d-8ec34731f1d2,Lou D'Allesandro,person,,ocd-person/87c48788-817d-408b-a1e1-ebe1c9fd893d,ocd-bill/bfa3bc40-536b-4418-af34-514013bb89f6,True,primary
ee104456-3be4-4376-aafe-4a4c5351c7ae,Bob J. Giuda,person,,ocd-person/7739a4d0-534e-4bdb-b7fb-6a8f348e833e,ocd-bill/d0ef5942-c647-45ee-a112-e23e87ebdfda,False,cosponsor
a130078d-385b-4cdd-88dc-65fb9d703128,Dan Feltes,person,,ocd-person/e97501d7-4bef-403f-8d48-9fcecc980cf5,ocd-bill/d0ef5942-c647-45ee-a112-e23e87ebdfda,False,cosponsor
9ea03cbb-49a3-4bf5-9325-c1e241dc0ddf,Regina Birdsell,person,,ocd-person/461c9024-c8c3-44a5-91d6-015a6587db5f,ocd-bill/d0ef5942-c647-45ee-a112-e23e87ebdfda,False,cosponsor
6cddada8-7ef8-4665-bff5-fdcaad939d58,Rick M. Ladd,person,,ocd-person/1bd6c569-f2dd-4670-bf82-ef3ea4b15960,ocd-bill/d0ef5942-c647-45ee-a112-e23e87ebdfda,False,cosponsor
36d152e0-eb8f-468c-8dbc-00f1935a24a5,Sharon M Carson,person,,ocd-person/00964fc0-dd57-44c3-87bf-b6d5bbc34560,ocd-bill/d0ef5942-c647-45ee-a112-e23e87ebdfda,False,cosponsor
c4a3fb76-88e2-451f-a43a-008a070bf4ad,Chuck Morse,person,,ocd-person/72b8f708-a22d-477d-9c55-e5d14b8308a6,ocd-bill/d0ef5942-c647-45ee-a112-e23e87ebdfda,False,cosponsor
d23c2ee9-c7d2-4390-ab1f-aa6806104427,Lou D'Allesandro,person,,ocd-person/87c48788-817d-408b-a1e1-ebe1c9fd893d,ocd-bill/d0ef5942-c647-45ee-a112-e23e87ebdfda,True,primary
83be6b6f-dbd7-49e8-a641-308a19f396be,Jon Morgan,person,,ocd-person/f169c82a-7120-4d67-85d4-d5ff21cd44ef,ocd-bill/f41be4ab-ab41-4a2f-b6e8-8feb6684680a,False,cosponsor
438756f6-1bec-4138-8a07-12946bfcf0cb,David H Watters,person,,ocd-person/cf24defe-6df3-49f3-88ca-c6774b144f19,ocd-bill/f41be4ab-ab41-4a2f-b6e8-8feb6684680a,False,cosponsor
8c159b7d-07e2-4a9f-8e9a-b3e9a3cde370,Sharon M Carson,person,,ocd-person/00964fc0-dd57-44c3-87bf-b6d5bbc34560,ocd-bill/f41be4ab-ab41-4a2f-b6e8-8feb6684680a,False,cosponsor
e4961ba6-5784-4675-be77-d29e9940822b,Lou D'Allesandro,person,,ocd-person/87c48788-817d-408b-a1e1-ebe1c9fd893d,ocd-bill/f41be4ab-ab41-4a2f-b6e8-8feb6684680a,True,primary
3f901cca-9c2c-41e7-82cb-944d73ddf540,Jon Morgan,person,,ocd-person/f169c82a-7120-4d67-85d4-d5ff21cd44ef,ocd-bill/80c1c530-7065-46e8-b3df-309eb7ab32e1,False,cosponsor
8c96c243-9104-4a7a-9b23-08930f64aae3,Jay Kahn,person,,ocd-person/998e681b-6df1-4b4a-92db-7a2187cedcd8,ocd-bill/80c1c530-7065-46e8-b3df-309eb7ab32e1,True,primary
0d1c0008-4b02-4200-8baf-540d06a3e0bd,David J. Luneau,person,,ocd-person/c3c9bb99-9512-4bec-be04-d8b29ea96f3e,ocd-bill/80c1c530-7065-46e8-b3df-309eb7ab32e1,False,cosponsor
e34f8248-5814-47ce-9e6f-51791fc68e89,David B. Doherty,person,,ocd-person/b2b46bdc-a9ee-4d6a-8535-93bea4190ddb,ocd-bill/80c1c530-7065-46e8-b3df-309eb7ab32e1,False,cosponsor
5680d12d-aecd-477d-a7a1-94db5476d1b8,Martha S. Hennessey,person,,ocd-person/f2700034-7f3d-4834-bb66-b848a7ca748a,ocd-bill/2de51862-6820-4805-8ec1-1a4d00be164c,True,primary
d57b9c7b-2506-406b-b40b-cec961ee9615,Brian M. Sullivan,person,,ocd-person/4c78e7fc-43a2-467b-abe3-6ba04ad8853e,ocd-bill/40e528d8-8d42-422e-9092-b2dbd3013e42,True,primary
dd37ecef-7f91-4a8a-a748-364c07e29eb3,Walter A. Stapleton,person,,ocd-person/74efcb71-c62c-4388-b9ad-69f779b0c33e,ocd-bill/40e528d8-8d42-422e-9092-b2dbd3013e42,False,cosponsor
a9bce72c-8878-4f88-be95-833558e83ddc,Jeanne Dietsch,person,,ocd-person/8e7e0c04-e019-4ffe-a281-18beee5d939f,ocd-bill/9fec4ca5-59f4-48fc-aa75-475da28350fc,False,cosponsor
09b5ede5-a005-4eee-ad74-bfe7a14b5b81,Ruth Ward,person,,ocd-person/9089a509-1f26-4770-adc6-199ed716e692,ocd-bill/9fec4ca5-59f4-48fc-aa75-475da28350fc,False,cosponsor
fe476caa-2407-4256-a77d-6ecb9c8934af,Regina Birdsell,person,,ocd-person/461c9024-c8c3-44a5-91d6-015a6587db5f,ocd-bill/9fec4ca5-59f4-48fc-aa75-475da28350fc,True,primary
a20e0c03-32ac-4393-988f-34d2b6b2c61b,Jeb Bradley,person,,ocd-person/3f5455e8-256e-4442-9c13-bc14f62ce76f,ocd-bill/9fec4ca5-59f4-48fc-aa75-475da28350fc,False,cosponsor
d90e224a-d005-4c8d-879a-03fb26f9e1d6,Lou D'Allesandro,person,,ocd-person/87c48788-817d-408b-a1e1-ebe1c9fd893d,ocd-bill/9fec4ca5-59f4-48fc-aa75-475da28350fc,False,cosponsor
6dd613a2-0631-4830-af91-311e40af5dc8,Sue M. Mullen,person,,ocd-person/07c19313-fcb0-476b-b240-e299c55888f7,ocd-bill/b1c5ef68-aa0f-4a16-9feb-d9d3bdc3d9c0,False,cosponsor
27a4c448-ebbc-45ca-99ab-f2ce13ec283c,Arthur S. Ellison,person,,ocd-person/677500cb-eb95-4ad1-b3f5-02894c28e369,ocd-bill/b1c5ef68-aa0f-4a16-9feb-d9d3bdc3d9c0,False,cosponsor
c72a59e6-03e3-44d9-b967-167a6546d88d,Stephen L. Woodcock,person,,ocd-person/bdde38b3-3210-4b2d-890b-bbf2d2bf314a,ocd-bill/b1c5ef68-aa0f-4a16-9feb-d9d3bdc3d9c0,False,cosponsor
7d927362-f606-4540-b527-d56235d4a669,Jay Kahn,person,,ocd-person/998e681b-6df1-4b4a-92db-7a2187cedcd8,ocd-bill/b1c5ef68-aa0f-4a16-9feb-d9d3bdc3d9c0,False,cosponsor
41fc3343-60fe-4cf4-af8e-38a9a9d79f3e,Constance Van Houten,person,,ocd-person/5e54c6e7-01cb-42c8-b3ed-8137e6c995fd,ocd-bill/b1c5ef68-aa0f-4a16-9feb-d9d3bdc3d9c0,False,cosponsor
34a22001-946e-4b5b-ae62-adcdaf8ad518,David B. Doherty,person,,ocd-person/b2b46bdc-a9ee-4d6a-8535-93bea4190ddb,ocd-bill/b1c5ef68-aa0f-4a16-9feb-d9d3bdc3d9c0,False,cosponsor
7ab7d959-04b1-4cc6-b77a-b20639469b10,Lee Walker Oxenham,person,,ocd-person/f3fb87b7-7fb5-432a-9fb2-bd15170f1275,ocd-bill/b1c5ef68-aa0f-4a16-9feb-d9d3bdc3d9c0,False,cosponsor
c806888c-64e0-4e40-b1e2-305a88ffa719,Linda L. Tanner,person,,ocd-person/950e6cfe-ff6c-49ed-a4c2-1e66e60c6315,ocd-bill/b1c5ef68-aa0f-4a16-9feb-d9d3bdc3d9c0,True,primary
a3b94d9c-f6a7-44be-b5f5-0ee96767cbc4,Janice E. Schmidt,person,,ocd-person/ec374833-801f-4c21-9261-67cdefc1ba44,ocd-bill/b1c5ef68-aa0f-4a16-9feb-d9d3bdc3d9c0,False,cosponsor
a24a29e7-4ee5-420f-b894-5652b6a67083,Marjorie A. Porter,person,,ocd-person/0999b615-be84-4309-b4ca-68261c1155ab,ocd-bill/b1c5ef68-aa0f-4a16-9feb-d9d3bdc3d9c0,False,cosponsor
2f7f7974-fbf9-4d49-a02b-f535e39b6b20,Cindy Rosenwald,person,,ocd-person/f3e949ce-6d98-4826-bbca-08039cea4ea4,ocd-bill/04ff5110-6621-4417-a3d9-45fbec25a087,False,cosponsor
c1fa72ae-c083-446b-b089-6760d7b1839e,Shannon E Chandley,person,,,ocd-bill/04ff5110-6621-4417-a3d9-45fbec25a087,False,cosponsor
265ac76e-cc4c-431a-a4b4-392456fbd670,Jeanne Dietsch,person,,ocd-person/8e7e0c04-e019-4ffe-a281-18beee5d939f,ocd-bill/04ff5110-6621-4417-a3d9-45fbec25a087,False,cosponsor
2cdbb666-0a7b-4c64-ac98-be931a37d08c,Kristina M. Fargo,person,,ocd-person/c7e2f9aa-ff57-4a2e-9253-3bb9cf528c17,ocd-bill/04ff5110-6621-4417-a3d9-45fbec25a087,False,cosponsor
d4779185-8dd3-490f-8c36-1b6e3d6b7991,Joe Schapiro,person,,ocd-person/44fbe7a3-bc2c-4ab0-b669-35521e926782,ocd-bill/04ff5110-6621-4417-a3d9-45fbec25a087,False,cosponsor
191caa75-061b-44dc-8c19-5f1f0ae9c7e5,Tom Sherman,person,,ocd-person/ee95d0de-e55e-4733-ba97-0fde66adf65c,ocd-bill/04ff5110-6621-4417-a3d9-45fbec25a087,False,cosponsor
df33ded5-eeb0-4554-89b2-b8a21495b7c6,Martha S. Hennessey,person,,ocd-person/f2700034-7f3d-4834-bb66-b848a7ca748a,ocd-bill/04ff5110-6621-4417-a3d9-45fbec25a087,False,cosponsor
ff6abdbf-e071-497c-a180-c281cd375235,Jerry L. Knirk,person,,ocd-person/ce0bd184-d264-46d8-87fc-f2590e2a1ed1,ocd-bill/04ff5110-6621-4417-a3d9-45fbec25a087,False,cosponsor
ae8033bf-930f-436d-a643-ac1aeba3538d,William M. Marsh,person,,ocd-person/22006937-f2ca-4a2e-b92a-457777933dc7,ocd-bill/04ff5110-6621-4417-a3d9-45fbec25a087,False,cosponsor
b914760b-688f-491a-8822-a4e186812dbe,Erin T. Hennessey,person,,ocd-person/91d16c36-2236-4bef-8009-004bd036c22a,ocd-bill/04ff5110-6621-4417-a3d9-45fbec25a087,False,cosponsor
ea870b29-7a9b-4cd6-a80c-9d0da3c58d86,Jeb Bradley,person,,ocd-person/3f5455e8-256e-4442-9c13-bc14f62ce76f,ocd-bill/04ff5110-6621-4417-a3d9-45fbec25a087,True,primary
7b5dbbd1-7023-49f5-851a-16aeedd5148b,Martha Fuller Clark,person,,ocd-person/823e56cb-5c51-4a09-b060-93cdb7f7ac25,ocd-bill/04ff5110-6621-4417-a3d9-45fbec25a087,False,cosponsor
45b9dc62-700b-4eba-80ed-cc1a89db9a25,Judy F. Aron,person,,ocd-person/533fb85c-c4f0-41f3-9bc6-8b1c422a9693,ocd-bill/d3e82cc5-a216-4a3a-ac03-dde5aeab6221,True,primary
9ecc01b6-fab2-46aa-b60d-13a4156801ba,Linda Rea Camarota,person,,ocd-person/d9a8cfe4-51bc-4af8-9419-4ceb57496028,ocd-bill/d3e82cc5-a216-4a3a-ac03-dde5aeab6221,False,cosponsor
10da437e-ade2-484a-a35c-ca105cf7c5fd,Howard C. Pearl,person,,ocd-person/c4122c6a-ed23-492e-b813-59a0fed1ec86,ocd-bill/d3e82cc5-a216-4a3a-ac03-dde5aeab6221,False,cosponsor
a8b53108-b736-46a0-9f8b-6cd248dde5b9,John M. Potucek,person,,ocd-person/433c67d6-bfdc-410e-87e2-463c93d55a17,ocd-bill/d3e82cc5-a216-4a3a-ac03-dde5aeab6221,False,cosponsor
398f5a18-706d-424b-9b2b-26df735b4205,Sue M. Mullen,person,,ocd-person/07c19313-fcb0-476b-b240-e299c55888f7,ocd-bill/fa3657b1-0a0f-4a12-9ffa-6bebdf68c341,False,cosponsor
2e3b8a5a-5d9e-43cc-844a-bd1057c89cc8,Jon Morgan,person,,ocd-person/f169c82a-7120-4d67-85d4-d5ff21cd44ef,ocd-bill/fa3657b1-0a0f-4a12-9ffa-6bebdf68c341,True,primary
9c0f3d97-c96e-499f-baae-7a17839966dd,Cindy Rosenwald,person,,ocd-person/f3e949ce-6d98-4826-bbca-08039cea4ea4,ocd-bill/fa3657b1-0a0f-4a12-9ffa-6bebdf68c341,False,cosponsor
f8ee5057-90f3-4926-9b1e-175f535ac710,Tom Sherman,person,,ocd-person/ee95d0de-e55e-4733-ba97-0fde66adf65c,ocd-bill/fa3657b1-0a0f-4a12-9ffa-6bebdf68c341,False,cosponsor
b53a4ab9-4098-4d2c-9f03-54c034125c33,Martha S. Hennessey,person,,ocd-person/f2700034-7f3d-4834-bb66-b848a7ca748a,ocd-bill/fa3657b1-0a0f-4a12-9ffa-6bebdf68c341,False,cosponsor
07e2c73b-a9bc-4d13-9967-f152c247cd3b,Joelle Martin,person,,ocd-person/ed48590f-6af4-4e9f-99d6-16227870b44f,ocd-bill/fa3657b1-0a0f-4a12-9ffa-6bebdf68c341,False,cosponsor
52e76b18-dfd9-4b0a-9fb7-22d1b39a3a7d,Erin T. Hennessey,person,,ocd-person/91d16c36-2236-4bef-8009-004bd036c22a,ocd-bill/fa3657b1-0a0f-4a12-9ffa-6bebdf68c341,False,cosponsor
1332a5c5-1d5f-45a5-9f52-cf4d27c3cfd4,John Reagan,person,,ocd-person/f516d40a-3676-4437-8285-a931d7c2885b,ocd-bill/fa3657b1-0a0f-4a12-9ffa-6bebdf68c341,False,cosponsor
af72f0a6-2010-4e50-8e4c-be308c361ef3,Jeb Bradley,person,,ocd-person/3f5455e8-256e-4442-9c13-bc14f62ce76f,ocd-bill/fa3657b1-0a0f-4a12-9ffa-6bebdf68c341,False,cosponsor
98b42c3c-4a59-4cc5-ba70-573aea650bfa,Sharon M Carson,person,,ocd-person/00964fc0-dd57-44c3-87bf-b6d5bbc34560,ocd-bill/fa3657b1-0a0f-4a12-9ffa-6bebdf68c341,False,cosponsor
540c00e4-fcb7-421a-9507-17ff4d5226f2,Martha Fuller Clark,person,,ocd-person/823e56cb-5c51-4a09-b060-93cdb7f7ac25,ocd-bill/fa3657b1-0a0f-4a12-9ffa-6bebdf68c341,False,cosponsor
40f9ea5a-e0f4-4782-be3a-e92231dbff72,Martin L. Jack,person,,ocd-person/27e55643-df5b-49aa-8529-082cd786c0f8,ocd-bill/b013d13b-682f-45ac-9fac-3ddecdf6fd28,False,cosponsor
5b917c9e-787e-47f0-aaba-8645dce6006b,John A. Graham,person,,ocd-person/05a586d8-4c39-4578-95f6-7aaa30b3c67c,ocd-bill/b013d13b-682f-45ac-9fac-3ddecdf6fd28,False,cosponsor
77564b49-1fd3-4a9f-bb3f-743eab79686f,John R. Cloutier,person,,ocd-person/d3dab509-1268-4b4f-b363-98932002bf2e,ocd-bill/b013d13b-682f-45ac-9fac-3ddecdf6fd28,False,cosponsor
5641a943-5ffc-4083-9da8-f91dfb0bd23d,Daniel A. Eaton,person,,ocd-person/58818151-3b11-41f9-87ac-0fc7d51ffc6c,ocd-bill/b013d13b-682f-45ac-9fac-3ddecdf6fd28,True,primary
a9be393e-b4dc-4662-ad0b-76ce92ff66c4,Charlie G. St. Clair,person,,ocd-person/643751f4-6db0-4021-bf76-b8f2483d640d,ocd-bill/fe986fab-796b-46f5-a225-fcfb6ebb0963,False,cosponsor
512ec0ed-3ceb-4513-a143-406b220106f6,Thomas C. Walsh,person,,ocd-person/e325954b-c90e-4b1e-aadb-3f5cc7ec1671,ocd-bill/fe986fab-796b-46f5-a225-fcfb6ebb0963,False,cosponsor
72535be6-f94c-44dd-b603-056ab78913b9,Sherman A. Packard,person,,ocd-person/e94c1d98-5454-40a2-8293-ee0998fee8ca,ocd-bill/fe986fab-796b-46f5-a225-fcfb6ebb0963,True,primary
3886dcf8-0339-4069-9281-6229396500ee,George E. Sykes,person,,ocd-person/1d64c012-42cd-433e-9e51-d449279fe57e,ocd-bill/42e1dd26-1688-4e85-a513-4698785b1635,True,primary
33598293-d3de-45e7-a520-22b4e00d1ef8,Cindy Rosenwald,person,,ocd-person/f3e949ce-6d98-4826-bbca-08039cea4ea4,ocd-bill/77a40bc8-c4ef-44ab-9439-7be576d616da,True,primary
3e05d13c-81ff-44a8-bd90-484fc6357a45,Shannon E Chandley,person,,,ocd-bill/77a40bc8-c4ef-44ab-9439-7be576d616da,False,cosponsor
f116dae8-979c-4f46-9fce-053fbb287944,Jaci L. Grote,person,,ocd-person/26f01212-5287-4735-aa1f-77e4f0d2acb6,ocd-bill/77a40bc8-c4ef-44ab-9439-7be576d616da,False,cosponsor
f7601ef9-b5e8-4ffb-acb4-2fd06e6242e1,Kevin Cavanaugh,person,,ocd-person/7fb2bb33-cbdb-4dfd-9369-64f19f179777,ocd-bill/77a40bc8-c4ef-44ab-9439-7be576d616da,False,cosponsor
169407ec-0a0c-4b1b-acf2-bc1325647cfe,Ruth Ward,person,,ocd-person/9089a509-1f26-4770-adc6-199ed716e692,ocd-bill/77a40bc8-c4ef-44ab-9439-7be576d616da,False,cosponsor
397f5dcc-5301-4f5b-b423-df25f0fe2a91,Peter B. Schmidt,person,,ocd-person/16654889-3b48-44d6-a6d3-8da5d7a434f1,ocd-bill/77a40bc8-c4ef-44ab-9439-7be576d616da,False,cosponsor
9d340fd9-2605-40c8-b968-806afed91bf0,John Reagan,person,,ocd-person/f516d40a-3676-4437-8285-a931d7c2885b,ocd-bill/77a40bc8-c4ef-44ab-9439-7be576d616da,False,cosponsor
05ff0211-9a17-489b-8332-58397d64182c,Sharon M Carson,person,,ocd-person/00964fc0-dd57-44c3-87bf-b6d5bbc34560,ocd-bill/77a40bc8-c4ef-44ab-9439-7be576d616da,False,cosponsor
446fe5d7-0100-46f6-9dfd-9f1bd9a25fdf,Jon Morgan,person,,ocd-person/f169c82a-7120-4d67-85d4-d5ff21cd44ef,ocd-bill/f1cc1f36-1b0d-4e3f-ac09-50cdc3e3c271,False,cosponsor
d23538fa-422e-4d33-ac32-4e4e935287ec,Jay Kahn,person,,ocd-person/998e681b-6df1-4b4a-92db-7a2187cedcd8,ocd-bill/f1cc1f36-1b0d-4e3f-ac09-50cdc3e3c271,True,primary
e118b57d-c48d-4706-8fa5-b679c741102e,David J. Luneau,person,,ocd-person/c3c9bb99-9512-4bec-be04-d8b29ea96f3e,ocd-bill/f1cc1f36-1b0d-4e3f-ac09-50cdc3e3c271,False,cosponsor
3c30caf0-fb84-4368-85ed-f282d6814298,Michael D. Cahill,person,,ocd-person/facb5409-244f-4381-8452-e6a1078bb1c5,ocd-bill/f1cc1f36-1b0d-4e3f-ac09-50cdc3e3c271,False,cosponsor
c0bf195a-8a75-4ffd-9b25-0e5fae7b069b,David H Watters,person,,ocd-person/cf24defe-6df3-49f3-88ca-c6774b144f19,ocd-bill/f1cc1f36-1b0d-4e3f-ac09-50cdc3e3c271,False,cosponsor
2d7e100e-96bf-4511-9385-736c55b14f60,Kat McGhee,person,,ocd-person/4c8bec8a-e86d-4316-8b2e-2f8c4157cae5,ocd-bill/b2b86335-3201-46f3-a6c4-85f95d558cf2,False,cosponsor
4b2341fe-a111-41cb-946c-8d766bc1830d,Robert A. Backus,person,,ocd-person/957f04df-63d1-4b88-b876-436a9cd17248,ocd-bill/b2b86335-3201-46f3-a6c4-85f95d558cf2,False,cosponsor
7742ab64-097b-429c-9934-5ed858edf021,Martha Fuller Clark,person,,ocd-person/823e56cb-5c51-4a09-b060-93cdb7f7ac25,ocd-bill/b2b86335-3201-46f3-a6c4-85f95d558cf2,True,primary
b6627e25-1bef-44ca-a99c-a14ff1b4fe33,Jon Morgan,person,,ocd-person/f169c82a-7120-4d67-85d4-d5ff21cd44ef,ocd-bill/ae7c37a7-e6fc-4cf0-88f1-df1403095962,False,cosponsor
24b86f71-e52d-41a5-914f-b1fe1d8adf6c,Cindy Rosenwald,person,,ocd-person/f3e949ce-6d98-4826-bbca-08039cea4ea4,ocd-bill/ae7c37a7-e6fc-4cf0-88f1-df1403095962,False,cosponsor
c0c142c6-8108-4eab-8a6d-0a26ba0ef2d4,Melanie Levesque,person,,ocd-person/282926cd-63f0-4ac4-ad16-5e96eb1c4e0b,ocd-bill/ae7c37a7-e6fc-4cf0-88f1-df1403095962,False,cosponsor
3f8ed3aa-89ee-4be9-b0c8-1f512be2a600,Shannon E Chandley,person,,,ocd-bill/ae7c37a7-e6fc-4cf0-88f1-df1403095962,False,cosponsor
5b8e3b41-2b84-4021-a2c9-e59897c8b48c,Daryl A. Abbas,person,,ocd-person/6dfd683a-1f79-49db-95a9-07f4f9898a22,ocd-bill/ae7c37a7-e6fc-4cf0-88f1-df1403095962,False,cosponsor
8854be87-5cd6-4f77-a81d-515c7ab9be57,Cam E. Kenney,person,,ocd-person/9f35ea7b-b937-4b06-8be5-5cfbc83381e1,ocd-bill/ae7c37a7-e6fc-4cf0-88f1-df1403095962,False,cosponsor
e514b8b0-bf26-478c-825b-985db5eb630e,Joe H. Alexander,person,,ocd-person/e7800d58-1019-4aff-8d1a-22faba9d3e23,ocd-bill/ae7c37a7-e6fc-4cf0-88f1-df1403095962,False,cosponsor
d7ecbff4-0226-4350-bf69-d1dc03283a1d,Tom Sherman,person,,ocd-person/ee95d0de-e55e-4733-ba97-0fde66adf65c,ocd-bill/ae7c37a7-e6fc-4cf0-88f1-df1403095962,False,cosponsor
16943cc1-bd14-4b58-9513-499207e136f8,Kevin Cavanaugh,person,,ocd-person/7fb2bb33-cbdb-4dfd-9369-64f19f179777,ocd-bill/ae7c37a7-e6fc-4cf0-88f1-df1403095962,False,cosponsor
bac2af5a-655c-4758-a97b-f869f3f0df9d,Martha S. Hennessey,person,,ocd-person/f2700034-7f3d-4834-bb66-b848a7ca748a,ocd-bill/ae7c37a7-e6fc-4cf0-88f1-df1403095962,True,primary
db012981-e5ef-405b-b95c-5b06085cbc48,Dan Feltes,person,,ocd-person/e97501d7-4bef-403f-8d48-9fcecc980cf5,ocd-bill/ae7c37a7-e6fc-4cf0-88f1-df1403095962,False,cosponsor
14ea250b-56eb-415e-850d-677d0dc0ea49,Regina Birdsell,person,,ocd-person/461c9024-c8c3-44a5-91d6-015a6587db5f,ocd-bill/ae7c37a7-e6fc-4cf0-88f1-df1403095962,False,cosponsor
f15a0d50-7eca-4c54-8407-4cf7caa44e04,Mary Heath,person,,ocd-person/03bba97f-9b7c-4c33-adb7-e5202a6bd040,ocd-bill/ae7c37a7-e6fc-4cf0-88f1-df1403095962,False,cosponsor
61dea635-866c-4d0c-830b-5d8ff6c03f34,Donna M. Soucy,person,,ocd-person/bfbbacfd-e12a-4e07-970e-c2c2c006f4a2,ocd-bill/ae7c37a7-e6fc-4cf0-88f1-df1403095962,False,cosponsor
2fc5a025-e308-4e8c-a78a-e533a2d8ccf8,John Reagan,person,,ocd-person/f516d40a-3676-4437-8285-a931d7c2885b,ocd-bill/ae7c37a7-e6fc-4cf0-88f1-df1403095962,False,cosponsor
a284b193-b76b-4c04-bcd4-9ebd2870b9ce,David H Watters,person,,ocd-person/cf24defe-6df3-49f3-88ca-c6774b144f19,ocd-bill/ae7c37a7-e6fc-4cf0-88f1-df1403095962,False,cosponsor
97ad4bf1-d520-4257-8240-7105f7a1a7a4,Jeb Bradley,person,,ocd-person/3f5455e8-256e-4442-9c13-bc14f62ce76f,ocd-bill/ae7c37a7-e6fc-4cf0-88f1-df1403095962,False,cosponsor
67b8d33f-02b6-4e59-9991-f3ce4cda7d79,Sharon M Carson,person,,ocd-person/00964fc0-dd57-44c3-87bf-b6d5bbc34560,ocd-bill/ae7c37a7-e6fc-4cf0-88f1-df1403095962,False,cosponsor
1adedd2c-3a0a-407d-8000-c4e72e755a2b,Martha Fuller Clark,person,,ocd-person/823e56cb-5c51-4a09-b060-93cdb7f7ac25,ocd-bill/ae7c37a7-e6fc-4cf0-88f1-df1403095962,False,cosponsor
be25a45c-e911-4ea2-9180-dbc8ababa48c,Jerry M. Stringham,person,,ocd-person/68ee5e4b-6253-4703-8902-ae8ca8df41eb,ocd-bill/551c7a7b-1d5d-4bfd-afd4-79fae2a7d02d,False,cosponsor
49d3e19b-3980-4566-b10f-1ff0142fc1d1,James P. Gray,person,,ocd-person/e6443187-eb51-42eb-8bd7-349ed0ba9641,ocd-bill/551c7a7b-1d5d-4bfd-afd4-79fae2a7d02d,False,cosponsor
adeebab3-5847-4a30-b33b-d53ddaef5cd4,Charles E. McMahon,person,,ocd-person/28d59199-5bae-46fe-99f3-ec78e330cdeb,ocd-bill/551c7a7b-1d5d-4bfd-afd4-79fae2a7d02d,False,cosponsor
86f33dd3-6039-4d92-bcc8-b55ba9447c2c,Jeb Bradley,person,,ocd-person/3f5455e8-256e-4442-9c13-bc14f62ce76f,ocd-bill/551c7a7b-1d5d-4bfd-afd4-79fae2a7d02d,False,cosponsor
bf44b8de-007f-40e2-89d9-33c52e140750,Martha Fuller Clark,person,,ocd-person/823e56cb-5c51-4a09-b060-93cdb7f7ac25,ocd-bill/551c7a7b-1d5d-4bfd-afd4-79fae2a7d02d,True,primary
9b3a54c4-8ccd-4c88-8317-e5c96bba6788,Tom Sherman,person,,ocd-person/ee95d0de-e55e-4733-ba97-0fde66adf65c,ocd-bill/f5ae3dc3-e4e0-4f63-a233-222b8b13ad4f,False,cosponsor
52af8272-4bb5-4ccf-af81-abf01530a8f1,Bob J. Giuda,person,,ocd-person/7739a4d0-534e-4bdb-b7fb-6a8f348e833e,ocd-bill/f5ae3dc3-e4e0-4f63-a233-222b8b13ad4f,True,primary
2f292ab3-cd4a-4f1c-92ce-dff8c1f077d2,Nicole Klein-Knight,person,,ocd-person/f91f87c5-d22a-48b7-ac4a-c2519d086ec7,ocd-bill/3dce3b09-b1bd-4463-861a-4b7c3b4a6a9e,True,primary
0ea2c6b2-5f92-4ec2-8b85-7dee4db7910a,Donald J. Bouchard,person,,ocd-person/74ae3ef0-c1f3-48ce-a5a6-c9bc4661bf08,ocd-bill/3dce3b09-b1bd-4463-861a-4b7c3b4a6a9e,False,cosponsor
822bcc34-4a61-448b-94f3-78b02d9f39be,Michael J. Sylvia,person,,ocd-person/2e6feb2e-6f22-4909-b907-93f4c0f9ae9b,ocd-bill/3dce3b09-b1bd-4463-861a-4b7c3b4a6a9e,False,cosponsor
230ae40e-80d8-4bbc-910c-c1660a617918,Shannon E Chandley,person,,,ocd-bill/340988c6-4fde-4322-9aa1-c87f78429f02,True,primary
4cc3beab-5ed3-47db-9a60-918d32adae30,Kurt F. Wuelper,person,,ocd-person/27f3432f-2a51-4a39-b9c4-814718ae87ed,ocd-bill/340988c6-4fde-4322-9aa1-c87f78429f02,False,cosponsor
0b2cdc2a-b196-4044-beff-3a71506772dc,Carol M. McGuire,person,,ocd-person/ae3d6133-98b5-444e-b95e-2edc2f5302dc,ocd-bill/340988c6-4fde-4322-9aa1-c87f78429f02,False,cosponsor
ec49e621-dbcf-4ff6-a111-ea284f9224c1,Marjorie K. Smith,person,,ocd-person/86b31d04-3a4b-4199-b10e-27bd337f0a34,ocd-bill/340988c6-4fde-4322-9aa1-c87f78429f02,False,cosponsor
e4853c2f-04b7-4de8-9e76-664c5c51dc3c,Robert Renny Cushing,person,,ocd-person/cdb3279c-243a-4ca0-8e83-fcb10a975736,ocd-bill/340988c6-4fde-4322-9aa1-c87f78429f02,False,cosponsor
02a4cd93-dc53-4cad-86e3-c05b19c852b1,Harold F. French,person,,ocd-person/ff11da65-174b-4fdc-b33c-e5d6d56602f0,ocd-bill/a7abdc28-9cb0-46e4-82cc-ea8486f193e2,False,cosponsor
9d078ef9-e069-4a81-aed5-fa8676abfa4a,Jeb Bradley,person,,ocd-person/3f5455e8-256e-4442-9c13-bc14f62ce76f,ocd-bill/a7abdc28-9cb0-46e4-82cc-ea8486f193e2,True,primary
76e04258-a52d-4c48-88e1-b8b802e93d3a,Lou D'Allesandro,person,,ocd-person/87c48788-817d-408b-a1e1-ebe1c9fd893d,ocd-bill/a7abdc28-9cb0-46e4-82cc-ea8486f193e2,False,cosponsor
bc836051-4901-4692-a532-478b95a3d681,Casey M. Conley,person,,ocd-person/3290a4d4-7403-45f8-adc4-4e26e0fefa09,ocd-bill/c771a58d-ac03-43d8-9dd8-9bada26cd4a0,False,cosponsor
0666896a-e589-48ea-812b-36b0121789be,Harold F. French,person,,ocd-person/ff11da65-174b-4fdc-b33c-e5d6d56602f0,ocd-bill/c771a58d-ac03-43d8-9dd8-9bada26cd4a0,False,cosponsor
89382e93-753d-4f3a-994e-eb2556fc78b1,Martha S. Hennessey,person,,ocd-person/f2700034-7f3d-4834-bb66-b848a7ca748a,ocd-bill/c771a58d-ac03-43d8-9dd8-9bada26cd4a0,False,cosponsor
b62b28ff-edb8-43fa-afc0-5128d6b2b388,Jerry L. Knirk,person,,ocd-person/ce0bd184-d264-46d8-87fc-f2590e2a1ed1,ocd-bill/c771a58d-ac03-43d8-9dd8-9bada26cd4a0,False,cosponsor
0f63c069-2d6d-4766-86de-02fd7f55819e,Carol M. McGuire,person,,ocd-person/ae3d6133-98b5-444e-b95e-2edc2f5302dc,ocd-bill/c771a58d-ac03-43d8-9dd8-9bada26cd4a0,False,cosponsor
4a5727a2-d7d8-43ad-861d-9d8169554a72,Robert Renny Cushing,person,,ocd-person/cdb3279c-243a-4ca0-8e83-fcb10a975736,ocd-bill/c771a58d-ac03-43d8-9dd8-9bada26cd4a0,True,primary
4651fd0d-7f54-430a-92d8-d77dfd82ad94,John Reagan,person,,ocd-person/f516d40a-3676-4437-8285-a931d7c2885b,ocd-bill/c771a58d-ac03-43d8-9dd8-9bada26cd4a0,False,cosponsor
691d823e-9728-4373-8a75-15040f018273,Kevin Cavanaugh,person,,ocd-person/7fb2bb33-cbdb-4dfd-9369-64f19f179777,ocd-bill/daa9befb-203f-4a82-8b02-702f060cbc70,False,cosponsor
bd8396d3-bc6d-40ac-9e63-64367e4fa2d6,Patrick T. Long,person,,ocd-person/14d0ff58-3340-4344-bb79-c6acd5f8ba6c,ocd-bill/daa9befb-203f-4a82-8b02-702f060cbc70,False,cosponsor
0118127f-797d-4bff-8058-d9575237b9cb,Donna M. Soucy,person,,ocd-person/bfbbacfd-e12a-4e07-970e-c2c2c006f4a2,ocd-bill/daa9befb-203f-4a82-8b02-702f060cbc70,False,cosponsor
c5edaab1-8c2a-4f8c-8cd9-795d823cd1ea,Lou D'Allesandro,person,,ocd-person/87c48788-817d-408b-a1e1-ebe1c9fd893d,ocd-bill/daa9befb-203f-4a82-8b02-702f060cbc70,True,primary
0282d53e-8471-49cd-a9bf-6a7eeab0b7b7,JP Marzullo,person,,ocd-person/135d4bfd-1bef-43f1-8706-8b4ec8967509,ocd-bill/dc92b229-0ada-4fb7-8fe7-b4e2d9484bf2,False,cosponsor
8a6fc423-e744-4cfe-bfda-3f7f4f063b68,Tony Piemonte,person,,ocd-person/45e7b6d4-c265-40a9-ba77-47a7a454ed71,ocd-bill/dc92b229-0ada-4fb7-8fe7-b4e2d9484bf2,False,cosponsor
2d6bf07c-33c6-47a7-88fa-c65aaf139494,Charlie G. St. Clair,person,,ocd-person/643751f4-6db0-4021-bf76-b8f2483d640d,ocd-bill/dc92b229-0ada-4fb7-8fe7-b4e2d9484bf2,False,cosponsor
413065f8-8746-41bc-b7ba-b9cbab4262e8,Peter E. Torosian,person,,ocd-person/45e36880-19af-4f3f-89d4-624946625e7f,ocd-bill/dc92b229-0ada-4fb7-8fe7-b4e2d9484bf2,True,primary
eb87d033-c72d-4d2c-b90d-76a8c1792962,John C. Janigian,person,,ocd-person/4c4f4974-0202-43a0-9aba-f41d0f99603a,ocd-bill/dc92b229-0ada-4fb7-8fe7-b4e2d9484bf2,False,cosponsor
9e6a3ab5-cc7d-4b14-aeb6-f2336a745654,Katherine J. Prudhomme-O'Brien,person,,,ocd-bill/dc92b229-0ada-4fb7-8fe7-b4e2d9484bf2,False,cosponsor
1f13c9dd-3c7f-4213-bf70-b4fffced492f,Linda R. Gould,person,,ocd-person/40ae4adb-2124-47ca-82b5-9eee794af4a2,ocd-bill/dc92b229-0ada-4fb7-8fe7-b4e2d9484bf2,False,cosponsor
e9627e76-0fa8-4d9b-8ac6-c4a9e73e410b,Jay Kahn,person,,ocd-person/998e681b-6df1-4b4a-92db-7a2187cedcd8,ocd-bill/b65c4234-93b6-484b-bd83-d1d5a0247c73,False,cosponsor
4f0126f1-fe5c-4295-b57e-1e0de4a93d1c,Dan Feltes,person,,ocd-person/e97501d7-4bef-403f-8d48-9fcecc980cf5,ocd-bill/b65c4234-93b6-484b-bd83-d1d5a0247c73,False,cosponsor
d3c3e50a-fbd7-4603-9f5b-88ffcb25f271,Donna M. Soucy,person,,ocd-person/bfbbacfd-e12a-4e07-970e-c2c2c006f4a2,ocd-bill/b65c4234-93b6-484b-bd83-d1d5a0247c73,False,cosponsor
5a4897b1-1ab7-4668-83fe-48d5453ed189,Lou D'Allesandro,person,,ocd-person/87c48788-817d-408b-a1e1-ebe1c9fd893d,ocd-bill/b65c4234-93b6-484b-bd83-d1d5a0247c73,True,primary
b35b8c6e-77fd-410c-9931-7eab43829acb,Shannon E Chandley,person,,,ocd-bill/3f32a1cd-df45-4093-8136-e9878eda98a8,True,primary
f4a9d48f-9df8-4997-93ea-ec5367199b1b,Chris Balch,person,,ocd-person/e9d39bb0-9ff6-4083-b8fd-1455609b3033,ocd-bill/3f32a1cd-df45-4093-8136-e9878eda98a8,False,cosponsor
d361a71e-638b-4132-980f-d8489652158c,Marjorie A. Porter,person,,ocd-person/0999b615-be84-4309-b4ca-68261c1155ab,ocd-bill/3f32a1cd-df45-4093-8136-e9878eda98a8,False,cosponsor
a22477b9-e33e-4e1f-b099-9969dbb9737d,Jon Morgan,person,,ocd-person/f169c82a-7120-4d67-85d4-d5ff21cd44ef,ocd-bill/d013615d-4ab4-4155-a6a0-c4ae3f1d1e73,True,primary
3aaf22f8-a2e6-48ee-bc2b-e865d1838e40,Jeb Bradley,person,,ocd-person/3f5455e8-256e-4442-9c13-bc14f62ce76f,ocd-bill/d013615d-4ab4-4155-a6a0-c4ae3f1d1e73,False,cosponsor
9fbc1a2e-ac84-401c-8421-b8d1055dee68,Walter A. Stapleton,person,,ocd-person/74efcb71-c62c-4388-b9ad-69f779b0c33e,ocd-bill/fc3fb91e-de89-4c42-be56-b3dd039b4499,False,cosponsor
0d3e72fc-0e3b-4964-b48c-c582ba21f98e,Dennis E. Green,person,,ocd-person/63606051-5698-4e90-8323-a1cab068bc24,ocd-bill/fc3fb91e-de89-4c42-be56-b3dd039b4499,False,cosponsor
756cda1b-6c96-40fa-b73f-df4f302bc1f6,Kermit R. Williams,person,,ocd-person/fa58238b-d845-4c1c-a331-8e175efcd6d3,ocd-bill/fc3fb91e-de89-4c42-be56-b3dd039b4499,False,cosponsor
e288042e-55f3-473c-baab-73002a7dbdf2,Steven D. Smith,person,,ocd-person/129a2970-07b9-4136-aae1-15c689edca40,ocd-bill/fc3fb91e-de89-4c42-be56-b3dd039b4499,False,cosponsor
d014617e-93cb-4f64-a2d9-42f7b73d6667,Kenneth L. Weyler,person,,ocd-person/e2f9dd7e-b221-4cf0-b7de-5daa70658669,ocd-bill/fc3fb91e-de89-4c42-be56-b3dd039b4499,True,primary
e5efff9a-3206-4a1b-9ba6-578d15367b15,Ruth Ward,person,,ocd-person/9089a509-1f26-4770-adc6-199ed716e692,ocd-bill/8d5b7a9b-a579-48b5-bc8f-c4ad09f234c9,False,cosponsor
b1557274-1d35-4708-9045-5969f7cdae87,Peter E. Torosian,person,,ocd-person/45e36880-19af-4f3f-89d4-624946625e7f,ocd-bill/8d5b7a9b-a579-48b5-bc8f-c4ad09f234c9,False,cosponsor
3b2a4047-31ca-4823-88f0-8660ec604146,Jason M. Osborne,person,,ocd-person/6e2bc564-5cd1-4f96-a265-4753b7f12ee1,ocd-bill/8d5b7a9b-a579-48b5-bc8f-c4ad09f234c9,False,cosponsor
2fe1a393-446e-49cc-a939-a83b066f0a46,Steven D. Smith,person,,ocd-person/129a2970-07b9-4136-aae1-15c689edca40,ocd-bill/8d5b7a9b-a579-48b5-bc8f-c4ad09f234c9,True,primary
c5c6e677-749e-49cc-953f-fa849222fd8d,David H Watters,person,,ocd-person/cf24defe-6df3-49f3-88ca-c6774b144f19,ocd-bill/8d5b7a9b-a579-48b5-bc8f-c4ad09f234c9,False,cosponsor
3c3c1089-a06a-4f68-a7e2-d27ee1404efa,David Meuse,person,,ocd-person/4b449f0f-2024-4e18-bbbd-7f0bbcfa8cac,ocd-bill/446bee16-d0bd-4cae-9528-c95b1c8a4276,False,cosponsor
7e7e5f7c-254c-45dd-9ba2-a41f583fae4b,Joe H. Alexander,person,,ocd-person/e7800d58-1019-4aff-8d1a-22faba9d3e23,ocd-bill/446bee16-d0bd-4cae-9528-c95b1c8a4276,False,cosponsor
99e1fffd-c05c-44bd-aa44-2c3a27d410b6,Peter B. Schmidt,person,,ocd-person/16654889-3b48-44d6-a6d3-8da5d7a434f1,ocd-bill/446bee16-d0bd-4cae-9528-c95b1c8a4276,False,cosponsor
6a357b1d-fe06-4fbc-a4b1-4bb2a327b13c,Sharon M Carson,person,,ocd-person/00964fc0-dd57-44c3-87bf-b6d5bbc34560,ocd-bill/446bee16-d0bd-4cae-9528-c95b1c8a4276,True,primary
42e97ebe-688c-47cb-8847-650a84052b63,Kat McGhee,person,,ocd-person/4c8bec8a-e86d-4316-8b2e-2f8c4157cae5,ocd-bill/edc0e4a6-6486-4151-97ca-85adf659538e,False,cosponsor
051e3115-3550-4fb9-9f90-83c5f26d6623,John E. Mann,person,,ocd-person/a8024476-bf44-4932-b6eb-e1f6af0a2298,ocd-bill/edc0e4a6-6486-4151-97ca-85adf659538e,False,cosponsor
13f07d39-b1bc-4315-89c4-4efe0f554f29,Robert A. Backus,person,,ocd-person/957f04df-63d1-4b88-b876-436a9cd17248,ocd-bill/edc0e4a6-6486-4151-97ca-85adf659538e,False,cosponsor
c42f75be-ab9b-4657-b8b3-8ed93b86ec98,Martha Fuller Clark,person,,ocd-person/823e56cb-5c51-4a09-b060-93cdb7f7ac25,ocd-bill/edc0e4a6-6486-4151-97ca-85adf659538e,True,primary
ec706b17-178c-4511-85d3-9659ee78bb90,Shannon E Chandley,person,,,ocd-bill/ba2108d2-db92-4cb7-ae6b-c012f71e4843,False,cosponsor
ecf2f1a8-9995-4ab5-a70a-d9fc7e001556,Daryl A. Abbas,person,,ocd-person/6dfd683a-1f79-49db-95a9-07f4f9898a22,ocd-bill/ba2108d2-db92-4cb7-ae6b-c012f71e4843,False,cosponsor
0eb6be30-2b16-475f-97f1-7cf7ad9f0321,Jay Kahn,person,,ocd-person/998e681b-6df1-4b4a-92db-7a2187cedcd8,ocd-bill/ba2108d2-db92-4cb7-ae6b-c012f71e4843,False,cosponsor
2615a85c-c1d8-47e4-afbe-4d79a6f2106c,Kate R. Murray,person,,ocd-person/79bb2147-ea4b-4706-8b38-ee2309613ea0,ocd-bill/ba2108d2-db92-4cb7-ae6b-c012f71e4843,False,cosponsor
66da5bd1-77bc-4128-8615-07bbf8fa30a8,Debra Altschiller,person,,ocd-person/925608b2-8d23-4186-85f6-4c50f334374d,ocd-bill/ba2108d2-db92-4cb7-ae6b-c012f71e4843,False,cosponsor
a5d16a30-55cb-41f2-9f5d-d097855ca883,Edward M. Gordon,person,,ocd-person/1e527c99-df26-4b70-8f9e-62df18dad8bb,ocd-bill/ba2108d2-db92-4cb7-ae6b-c012f71e4843,False,cosponsor
6c732297-3c41-4132-904d-3629657b4358,Dan Feltes,person,,ocd-person/e97501d7-4bef-403f-8d48-9fcecc980cf5,ocd-bill/ba2108d2-db92-4cb7-ae6b-c012f71e4843,False,cosponsor
b596505e-d438-47f2-87a6-10751c8f3b2f,Robert Renny Cushing,person,,ocd-person/cdb3279c-243a-4ca0-8e83-fcb10a975736,ocd-bill/ba2108d2-db92-4cb7-ae6b-c012f71e4843,False,cosponsor
70faf15e-e857-4230-8fbf-3a46f88a3367,Donna M. Soucy,person,,ocd-person/bfbbacfd-e12a-4e07-970e-c2c2c006f4a2,ocd-bill/ba2108d2-db92-4cb7-ae6b-c012f71e4843,False,cosponsor
8808b770-23e5-43cd-a124-eccd8217748f,John Reagan,person,,ocd-person/f516d40a-3676-4437-8285-a931d7c2885b,ocd-bill/ba2108d2-db92-4cb7-ae6b-c012f71e4843,False,cosponsor
bce51a8a-6f3a-48d2-8a18-a1413bcb61cb,Jeb Bradley,person,,ocd-person/3f5455e8-256e-4442-9c13-bc14f62ce76f,ocd-bill/ba2108d2-db92-4cb7-ae6b-c012f71e4843,False,cosponsor
22136c49-d754-43a7-bb7f-413ec819fb87,Martha Fuller Clark,person,,ocd-person/823e56cb-5c51-4a09-b060-93cdb7f7ac25,ocd-bill/ba2108d2-db92-4cb7-ae6b-c012f71e4843,True,primary
97872ddc-0078-4038-9d01-0bb4ab54e9f3,Jon Morgan,person,,ocd-person/f169c82a-7120-4d67-85d4-d5ff21cd44ef,ocd-bill/519c58d2-ee60-4e83-b4ad-9981f0d2fe61,False,cosponsor
52159c42-6a75-4d65-bd32-27ef5bac900b,Ruth Ward,person,,ocd-person/9089a509-1f26-4770-adc6-199ed716e692,ocd-bill/519c58d2-ee60-4e83-b4ad-9981f0d2fe61,True,primary
a58836d5-478f-4aee-baa7-bd10697937bb,Bob J. Giuda,person,,ocd-person/7739a4d0-534e-4bdb-b7fb-6a8f348e833e,ocd-bill/519c58d2-ee60-4e83-b4ad-9981f0d2fe61,False,cosponsor
b1ccee8e-a8de-43fc-8d69-7b23b70bd5da,Glenn Cordelli,person,,ocd-person/c8aa2951-dea0-4999-9b6a-6323d9917e0b,ocd-bill/519c58d2-ee60-4e83-b4ad-9981f0d2fe61,False,cosponsor
53d946bc-a91e-42f6-9084-405986c9777b,Rick M. Ladd,person,,ocd-person/1bd6c569-f2dd-4670-bf82-ef3ea4b15960,ocd-bill/519c58d2-ee60-4e83-b4ad-9981f0d2fe61,False,cosponsor
fe59f177-9d80-4fa9-a14b-f5f435d6eebc,John Reagan,person,,ocd-person/f516d40a-3676-4437-8285-a931d7c2885b,ocd-bill/6d683d82-6737-4726-bda7-bd3fbad5dc91,True,primary
b4cc7ed6-b8f2-45f4-9417-f6872c2200ef,Rebecca J. McWilliams,person,,ocd-person/39eb4d14-9ef3-4b1b-bcb6-a66f1aa97491,ocd-bill/4ff4d6b3-2356-4cce-bad3-3cdfbf5bfb67,False,cosponsor
04c40b9e-ffa6-4307-8a6d-78bb683da38b,Chris Balch,person,,ocd-person/e9d39bb0-9ff6-4083-b8fd-1455609b3033,ocd-bill/4ff4d6b3-2356-4cce-bad3-3cdfbf5bfb67,False,cosponsor
3cfdb2ba-21c8-4ee8-a81d-95af2cfcc951,Kat McGhee,person,,ocd-person/4c8bec8a-e86d-4316-8b2e-2f8c4157cae5,ocd-bill/4ff4d6b3-2356-4cce-bad3-3cdfbf5bfb67,True,primary
127882f8-a8d4-4788-ac51-95a0af14844f,David H Watters,person,,ocd-person/cf24defe-6df3-49f3-88ca-c6774b144f19,ocd-bill/4ff4d6b3-2356-4cce-bad3-3cdfbf5bfb67,False,cosponsor
d9a095d9-f515-4961-965f-d5447c1100be,Martha Fuller Clark,person,,ocd-person/823e56cb-5c51-4a09-b060-93cdb7f7ac25,ocd-bill/4ff4d6b3-2356-4cce-bad3-3cdfbf5bfb67,False,cosponsor
3ba58c98-87b6-4b14-b543-87d7e69ea9dd,Melanie Levesque,person,,ocd-person/282926cd-63f0-4ac4-ad16-5e96eb1c4e0b,ocd-bill/c20ed5a7-1208-4493-916b-9f84324f8dc7,False,cosponsor
02efa896-a803-4527-b3c1-38b58984d34e,Tom Sherman,person,,ocd-person/ee95d0de-e55e-4733-ba97-0fde66adf65c,ocd-bill/c20ed5a7-1208-4493-916b-9f84324f8dc7,False,cosponsor
a63915e1-10bb-4e78-86a2-3e57024f4cf7,Martha S. Hennessey,person,,ocd-person/f2700034-7f3d-4834-bb66-b848a7ca748a,ocd-bill/c20ed5a7-1208-4493-916b-9f84324f8dc7,False,cosponsor
9f52902f-43b1-4f71-a1be-53303d79bd41,Jerry L. Knirk,person,,ocd-person/ce0bd184-d264-46d8-87fc-f2590e2a1ed1,ocd-bill/c20ed5a7-1208-4493-916b-9f84324f8dc7,False,cosponsor
b08b8794-c048-485c-8bfd-1cdf5fe07e7c,Kimberly A. Rice,person,,ocd-person/85b7ca6d-3fd7-4e97-bfe0-effe223121f7,ocd-bill/c20ed5a7-1208-4493-916b-9f84324f8dc7,False,cosponsor
4236fc46-a705-4706-9cdd-75bc31c08bf1,Latha D. Mangipudi,person,,ocd-person/4f71f9e1-ce78-46d3-9665-00dd404a0f1b,ocd-bill/c20ed5a7-1208-4493-916b-9f84324f8dc7,False,cosponsor
a793cb23-c53b-43f8-a1b8-6dc2a8b8d416,David J. Danielson,person,,ocd-person/62c43933-5aea-4a05-9ac8-f26c688b2367,ocd-bill/c20ed5a7-1208-4493-916b-9f84324f8dc7,False,cosponsor
c83b22c0-0672-4d6b-ab2c-96128f1e5f9a,Mary Beth Walz,person,,ocd-person/aee31921-5d02-4da9-8e3e-3137b4bb8bf4,ocd-bill/c20ed5a7-1208-4493-916b-9f84324f8dc7,False,cosponsor
96595843-4fbb-4930-b761-1f15e0ac837f,Peter B. Schmidt,person,,ocd-person/16654889-3b48-44d6-a6d3-8da5d7a434f1,ocd-bill/c20ed5a7-1208-4493-916b-9f84324f8dc7,False,cosponsor
115bff83-c093-43e7-bc7f-f071726ec717,Robert Renny Cushing,person,,ocd-person/cdb3279c-243a-4ca0-8e83-fcb10a975736,ocd-bill/c20ed5a7-1208-4493-916b-9f84324f8dc7,True,primary
e0372a74-15a0-4c57-b92c-d5a1cf07abc6,Jeb Bradley,person,,ocd-person/3f5455e8-256e-4442-9c13-bc14f62ce76f,ocd-bill/c20ed5a7-1208-4493-916b-9f84324f8dc7,False,cosponsor
93580ca5-ce28-4ee2-a417-7ddde32cb1b5,Regina Birdsell,person,,ocd-person/461c9024-c8c3-44a5-91d6-015a6587db5f,ocd-bill/67d1a2f8-d1c4-4bb3-9fa0-ddeb08e47c3d,True,primary
2f3e8b56-35fb-4a65-be55-34153940619b,Chuck Morse,person,,ocd-person/72b8f708-a22d-477d-9c55-e5d14b8308a6,ocd-bill/67d1a2f8-d1c4-4bb3-9fa0-ddeb08e47c3d,False,cosponsor
5ba04cfd-c51c-460b-966f-ee6306d52c5c,Cindy Rosenwald,person,,ocd-person/f3e949ce-6d98-4826-bbca-08039cea4ea4,ocd-bill/ddb7c3d8-db98-443c-9fc5-c3901d2c1361,False,cosponsor
5f5b9581-8c35-4af6-ae74-b69f13ec9403,Matthew B. Wilhelm,person,,ocd-person/61d2e8f3-f2b9-4357-81af-fe982ee1821f,ocd-bill/ddb7c3d8-db98-443c-9fc5-c3901d2c1361,False,cosponsor
2fd0ff22-5996-4249-95dc-26053e9cc2a1,Casey M. Conley,person,,ocd-person/3290a4d4-7403-45f8-adc4-4e26e0fefa09,ocd-bill/ddb7c3d8-db98-443c-9fc5-c3901d2c1361,False,cosponsor
bb4378f5-bcca-47eb-a89f-8c8acce205cd,Martha S. Hennessey,person,,ocd-person/f2700034-7f3d-4834-bb66-b848a7ca748a,ocd-bill/ddb7c3d8-db98-443c-9fc5-c3901d2c1361,False,cosponsor
038f3d01-f29c-4413-b3db-4d43097dde79,Donovan W. Fenton,person,,ocd-person/34b5aacc-cc43-49c8-af70-c692639b2e4a,ocd-bill/ddb7c3d8-db98-443c-9fc5-c3901d2c1361,True,primary
08a001e4-6d95-4dd6-b2d0-e9d117ddb7cd,Ruth Ward,person,,ocd-person/9089a509-1f26-4770-adc6-199ed716e692,ocd-bill/9bb40d96-cf2e-4413-9b4a-f7ec002ffd1d,False,cosponsor
1cd693ca-a3a8-4c43-ab02-62a5dbf7e544,Bob J. Giuda,person,,ocd-person/7739a4d0-534e-4bdb-b7fb-6a8f348e833e,ocd-bill/9bb40d96-cf2e-4413-9b4a-f7ec002ffd1d,True,primary
1f9f6c83-2094-40f4-847f-6fbe142228d3,Regina Birdsell,person,,ocd-person/461c9024-c8c3-44a5-91d6-015a6587db5f,ocd-bill/9bb40d96-cf2e-4413-9b4a-f7ec002ffd1d,False,cosponsor
a556e07a-5dde-4f4b-b8c1-f2a1ab41f6ab,Patrick F. Abrami,person,,ocd-person/0327f85d-1b5a-4218-a97f-f393a965d64b,ocd-bill/9bb40d96-cf2e-4413-9b4a-f7ec002ffd1d,False,cosponsor
7292dd68-5129-4fcb-ade1-95d6b19d1a86,Lynne M. Ober,person,,ocd-person/e1ff7dcf-ec5f-42ab-a7c2-81092820a3ae,ocd-bill/9bb40d96-cf2e-4413-9b4a-f7ec002ffd1d,False,cosponsor
b6caa577-aa6c-4770-9250-98d8807a5266,Norman L. Major,person,,ocd-person/f210808d-53ac-4e23-ade2-7bdb60a8e559,ocd-bill/9bb40d96-cf2e-4413-9b4a-f7ec002ffd1d,False,cosponsor
59029aba-4b7d-4b91-bcab-54ac95607614,Kenneth L. Weyler,person,,ocd-person/e2f9dd7e-b221-4cf0-b7de-5daa70658669,ocd-bill/9bb40d96-cf2e-4413-9b4a-f7ec002ffd1d,False,cosponsor
ccc3dca0-a4fc-4095-a599-7e8b89475533,John Reagan,person,,ocd-person/f516d40a-3676-4437-8285-a931d7c2885b,ocd-bill/9bb40d96-cf2e-4413-9b4a-f7ec002ffd1d,False,cosponsor
abc46d7e-f166-471a-90db-998aa8f2659c,Sharon M Carson,person,,ocd-person/00964fc0-dd57-44c3-87bf-b6d5bbc34560,ocd-bill/9bb40d96-cf2e-4413-9b4a-f7ec002ffd1d,False,cosponsor
4cba830e-9523-467d-a32e-6470945aba83,Tony Lekas,person,,ocd-person/97ccf8c1-af1c-4a3c-b267-683d0446b790,ocd-bill/7b1cb883-477d-4a43-9758-4dc70e7da7a3,False,cosponsor
b064948c-b9bb-47e1-ad04-ed7e0204fdf9,Kurt F. Wuelper,person,,ocd-person/27f3432f-2a51-4a39-b9c4-814718ae87ed,ocd-bill/7b1cb883-477d-4a43-9758-4dc70e7da7a3,True,primary
057b8182-fe55-4238-a81a-07d64bd18ec2,James A. Spillane,person,,ocd-person/2520dc46-648c-44d0-ba1f-fe09b17a9d8b,ocd-bill/7b1cb883-477d-4a43-9758-4dc70e7da7a3,False,cosponsor
0fda5d86-ac75-48f6-b08b-247e79d0cc7c,Linda R. Gould,person,,ocd-person/40ae4adb-2124-47ca-82b5-9eee794af4a2,ocd-bill/7b1cb883-477d-4a43-9758-4dc70e7da7a3,False,cosponsor
5f2cd5ce-0136-4629-b184-df27b2eb68dc,Carol M. McGuire,person,,ocd-person/ae3d6133-98b5-444e-b95e-2edc2f5302dc,ocd-bill/7b1cb883-477d-4a43-9758-4dc70e7da7a3,False,cosponsor
16bb4086-01f4-4910-9c8a-4459cc57c798,Marjorie K. Smith,person,,ocd-person/86b31d04-3a4b-4199-b10e-27bd337f0a34,ocd-bill/7b1cb883-477d-4a43-9758-4dc70e7da7a3,False,cosponsor
7132e4a4-ad22-455e-bcc3-6f6a3fd57eaf,Gaby Grossman,person,,ocd-person/01d85172-f83f-48ee-8c35-8979a95c9190,ocd-bill/e36e5cb6-5455-46d2-b206-5e362cea6884,False,cosponsor
0c519207-80e1-4995-aaa5-889b9b1377d4,Michelle St. John,person,,ocd-person/88437b11-b120-486d-83ac-60d88a97785f,ocd-bill/e36e5cb6-5455-46d2-b206-5e362cea6884,False,cosponsor
ffadf507-1452-40ef-880a-54cf26230671,Ellen D. Read,person,,ocd-person/77304532-17fb-4b2c-aed6-213a435e4a46,ocd-bill/e36e5cb6-5455-46d2-b206-5e362cea6884,False,cosponsor
21896c3b-4ea8-418e-a393-86b233da6c80,Kat McGhee,person,,ocd-person/4c8bec8a-e86d-4316-8b2e-2f8c4157cae5,ocd-bill/e36e5cb6-5455-46d2-b206-5e362cea6884,True,primary
f577dfb3-0ac8-41c6-bd39-083ad37fdf26,David J Starr,person,,ocd-person/b19ae598-8107-4959-b150-586deb9c9852,ocd-bill/d8f8c266-e7bb-4e12-a289-a3abbe57423f,False,cosponsor
cf133907-c33a-45f8-b973-14277ef66ab1,Harold F. French,person,,ocd-person/ff11da65-174b-4fdc-b33c-e5d6d56602f0,ocd-bill/d8f8c266-e7bb-4e12-a289-a3abbe57423f,False,cosponsor
e2233119-392a-440e-92c9-98e61a7b224d,Ruth Ward,person,,ocd-person/9089a509-1f26-4770-adc6-199ed716e692,ocd-bill/d8f8c266-e7bb-4e12-a289-a3abbe57423f,False,cosponsor
9b4d4ca8-c288-4445-b75c-d1a755dcf775,James P. Gray,person,,ocd-person/e6443187-eb51-42eb-8bd7-349ed0ba9641,ocd-bill/d8f8c266-e7bb-4e12-a289-a3abbe57423f,False,cosponsor
bd73fab8-814b-4e24-87ac-26725b9b60e4,Bob J. Giuda,person,,ocd-person/7739a4d0-534e-4bdb-b7fb-6a8f348e833e,ocd-bill/d8f8c266-e7bb-4e12-a289-a3abbe57423f,False,cosponsor
85ec5586-41c8-4b24-a8e4-c69cca0404ca,Regina Birdsell,person,,ocd-person/461c9024-c8c3-44a5-91d6-015a6587db5f,ocd-bill/d8f8c266-e7bb-4e12-a289-a3abbe57423f,False,cosponsor
57003877-a5c5-41dc-9b75-22d490a24aa8,Erin T. Hennessey,person,,ocd-person/91d16c36-2236-4bef-8009-004bd036c22a,ocd-bill/d8f8c266-e7bb-4e12-a289-a3abbe57423f,False,cosponsor
15134b61-758c-4a65-8ce3-34ebbe81ec7b,Glenn Cordelli,person,,ocd-person/c8aa2951-dea0-4999-9b6a-6323d9917e0b,ocd-bill/d8f8c266-e7bb-4e12-a289-a3abbe57423f,False,cosponsor
ee09c16c-28f7-4072-829e-c2a3e47405ce,Rick M. Ladd,person,,ocd-person/1bd6c569-f2dd-4670-bf82-ef3ea4b15960,ocd-bill/d8f8c266-e7bb-4e12-a289-a3abbe57423f,False,cosponsor
b9df2d2f-3a16-40bf-9f6a-2b2524d9eef3,Richard W. Hinch,person,,ocd-person/b566af7c-b746-4b6d-bd34-17c66df7fc7c,ocd-bill/d8f8c266-e7bb-4e12-a289-a3abbe57423f,False,cosponsor
4593c8e7-af5a-4d6a-b329-8f080cb69fe7,Sherman A. Packard,person,,ocd-person/e94c1d98-5454-40a2-8293-ee0998fee8ca,ocd-bill/d8f8c266-e7bb-4e12-a289-a3abbe57423f,False,cosponsor
149ed83f-9a9c-4472-82b8-f5a5ed1d8f1f,John Reagan,person,,ocd-person/f516d40a-3676-4437-8285-a931d7c2885b,ocd-bill/d8f8c266-e7bb-4e12-a289-a3abbe57423f,False,cosponsor
6612ed40-2c02-4d88-8879-260e58bb2542,Jeb Bradley,person,,ocd-person/3f5455e8-256e-4442-9c13-bc14f62ce76f,ocd-bill/d8f8c266-e7bb-4e12-a289-a3abbe57423f,True,primary
e205d806-2581-4ef0-bca8-0bb5523848de,Sharon M Carson,person,,ocd-person/00964fc0-dd57-44c3-87bf-b6d5bbc34560,ocd-bill/d8f8c266-e7bb-4e12-a289-a3abbe57423f,False,cosponsor
92d3714e-6715-4865-a964-1e0cb65fb385,Chuck Morse,person,,ocd-person/72b8f708-a22d-477d-9c55-e5d14b8308a6,ocd-bill/d8f8c266-e7bb-4e12-a289-a3abbe57423f,False,cosponsor
7a69fbdf-e6ca-4d87-b482-e92a67315eee,Jeanne Dietsch,person,,ocd-person/8e7e0c04-e019-4ffe-a281-18beee5d939f,ocd-bill/5ace33a1-0fd3-4a8e-9852-4670f7c05b48,False,cosponsor
bfafaf69-8a9c-49a7-9f9f-52c49d4d9257,Liz A. McConnell,person,,ocd-person/7f652a56-cb6d-48f9-a3cd-c8b8fccd7077,ocd-bill/5ace33a1-0fd3-4a8e-9852-4670f7c05b48,True,primary
3b417234-ed43-47ae-a914-30af63a9917e,Constance Van Houten,person,,ocd-person/5e54c6e7-01cb-42c8-b3ed-8137e6c995fd,ocd-bill/5ace33a1-0fd3-4a8e-9852-4670f7c05b48,False,cosponsor
f28302e9-5079-4e2f-bf26-bc82f08a1b1f,Troy E. Merner,person,,ocd-person/729664f2-12c4-4c70-82a5-fee852813a0c,ocd-bill/5ace33a1-0fd3-4a8e-9852-4670f7c05b48,False,cosponsor
34686ce0-5564-44ed-bba0-e53444b79d3a,Dan Feltes,person,,ocd-person/e97501d7-4bef-403f-8d48-9fcecc980cf5,ocd-bill/5ace33a1-0fd3-4a8e-9852-4670f7c05b48,False,cosponsor
77c1b860-1385-4ad5-97cc-375a3583ce4d,Robert A. Backus,person,,ocd-person/957f04df-63d1-4b88-b876-436a9cd17248,ocd-bill/5ace33a1-0fd3-4a8e-9852-4670f7c05b48,False,cosponsor
7f435d60-640d-4d89-877c-df4e3b016652,Peter B. Schmidt,person,,ocd-person/16654889-3b48-44d6-a6d3-8da5d7a434f1,ocd-bill/3280ba0c-87cc-4759-81a1-e06276679629,True,primary
c936a943-6fc8-4ca7-90ad-b1c1bf5a4adb,Arthur S. Ellison,person,,ocd-person/677500cb-eb95-4ad1-b3f5-02894c28e369,ocd-bill/04b46e41-477f-4e93-b53b-7ba322a944f9,True,primary
52b853f6-00a5-47d1-8bfb-373b6331bca3,Stephen L. Woodcock,person,,ocd-person/bdde38b3-3210-4b2d-890b-bbf2d2bf314a,ocd-bill/04b46e41-477f-4e93-b53b-7ba322a944f9,False,cosponsor
90642d00-b023-4403-a2ef-261c72f15064,Sherry A. Frost,person,,ocd-person/62916f8e-e193-463d-9dcc-f35f60d836db,ocd-bill/04b46e41-477f-4e93-b53b-7ba322a944f9,False,cosponsor
02e35227-caaa-481c-9cee-c5b4e33af07e,David B. Doherty,person,,ocd-person/b2b46bdc-a9ee-4d6a-8535-93bea4190ddb,ocd-bill/04b46e41-477f-4e93-b53b-7ba322a944f9,False,cosponsor
b36bad8e-a51c-41fd-8db0-001f3ff469b1,Patricia Cornell,person,,ocd-person/e657ef2c-bfc3-4a08-99fe-4456be3bfe2a,ocd-bill/04b46e41-477f-4e93-b53b-7ba322a944f9,False,cosponsor
270fb75b-07d2-470e-b7a5-3d302c07b882,Mary Heath,person,,ocd-person/03bba97f-9b7c-4c33-adb7-e5202a6bd040,ocd-bill/04b46e41-477f-4e93-b53b-7ba322a944f9,False,cosponsor
b9ad44ef-a96a-4aec-89fc-5735b7f18705,Barbara E. Shaw,person,,ocd-person/9b77c06c-a6d3-40b9-b7b7-22e7a198a8ee,ocd-bill/04b46e41-477f-4e93-b53b-7ba322a944f9,False,cosponsor
2c73f6cf-74a2-4fb8-8f57-05a813bb3328,David H Watters,person,,ocd-person/cf24defe-6df3-49f3-88ca-c6774b144f19,ocd-bill/04b46e41-477f-4e93-b53b-7ba322a944f9,False,cosponsor
6d35ac8c-07c8-4a28-93d3-4ad50dd460be,Ryan T. Buchanan,person,,ocd-person/42b0e59a-b71a-46ce-b761-72bc99239941,ocd-bill/aad3c95c-3a1c-4456-96b2-84ebee9117a8,False,cosponsor
9c96c6ec-0ee8-4558-9859-f276a07b110f,Elaine H. French,person,,ocd-person/c7a629ed-523e-4f6e-884f-fbb9dbb2a406,ocd-bill/aad3c95c-3a1c-4456-96b2-84ebee9117a8,False,cosponsor
d9a4bdfb-22f0-4caa-ad1f-0bed71335828,Joe Schapiro,person,,ocd-person/44fbe7a3-bc2c-4ab0-b669-35521e926782,ocd-bill/aad3c95c-3a1c-4456-96b2-84ebee9117a8,False,cosponsor
6c388c9c-056a-4553-9188-c20a0e0d052f,Craig R. Thompson,person,,ocd-person/5295b45f-d39a-4375-9aff-3b5b1603fa2d,ocd-bill/aad3c95c-3a1c-4456-96b2-84ebee9117a8,True,primary
1c7f171c-9a97-4a84-8676-6067ddd3430c,Casey M. Conley,person,,ocd-person/3290a4d4-7403-45f8-adc4-4e26e0fefa09,ocd-bill/aad3c95c-3a1c-4456-96b2-84ebee9117a8,False,cosponsor
cd69367e-f2a8-4650-9c7d-0f9af9e31a62,Max Abramson,person,,ocd-person/a2248bc0-9253-48d8-9ee2-d9c0b6fbc800,ocd-bill/aad3c95c-3a1c-4456-96b2-84ebee9117a8,False,cosponsor
827e9521-98c1-4767-b23f-08e6b891f79a,Lee Walker Oxenham,person,,ocd-person/f3fb87b7-7fb5-432a-9fb2-bd15170f1275,ocd-bill/aad3c95c-3a1c-4456-96b2-84ebee9117a8,False,cosponsor
72121722-a4d0-46bc-9122-85e962ba8790,Timothy O. Horrigan,person,,ocd-person/2a11a559-c16e-4211-82ea-215951d74c1f,ocd-bill/ccfa636e-343c-42d0-bc4c-ddb94e03506f,True,primary
8e1ee2b4-7cc1-4d4c-af8e-845ec3e63246,Daryl A. Abbas,person,,ocd-person/6dfd683a-1f79-49db-95a9-07f4f9898a22,ocd-bill/877e4cc0-8433-4722-8bdc-8224bd11a237,True,primary
39faba64-8c3e-462e-a8f8-929684cffc63,Timothy P. Lang,person,,ocd-person/85064309-421e-4611-a6c5-800234db68fb,ocd-bill/877e4cc0-8433-4722-8bdc-8224bd11a237,False,cosponsor
8f02d30b-27e6-47c5-b2ed-43ecdae04493,Fred G. Doucette,person,,ocd-person/db4ec0a8-f70c-4510-ae01-c9050646a503,ocd-bill/877e4cc0-8433-4722-8bdc-8224bd11a237,False,cosponsor
b1ff6eaf-61e6-4267-a9b9-709e4dfa58b9,Richard W. Hinch,person,,ocd-person/b566af7c-b746-4b6d-bd34-17c66df7fc7c,ocd-bill/47e02bdc-d456-4893-9a99-7c07a03ed854,False,cosponsor
55aa0639-7bf4-474d-beb4-b7d09da3f9d8,Steve J. Shurtleff,person,,ocd-person/5faefb6a-67fa-47ea-907a-8f4f545862be,ocd-bill/47e02bdc-d456-4893-9a99-7c07a03ed854,False,cosponsor
4b97ed6f-9ff2-482b-8ced-e23a6a42bc9b,Donna M. Soucy,person,,ocd-person/bfbbacfd-e12a-4e07-970e-c2c2c006f4a2,ocd-bill/47e02bdc-d456-4893-9a99-7c07a03ed854,True,primary
82c341ff-11d6-42c7-9e2b-0ab321ed8b3e,Chuck Morse,person,,ocd-person/72b8f708-a22d-477d-9c55-e5d14b8308a6,ocd-bill/47e02bdc-d456-4893-9a99-7c07a03ed854,False,cosponsor
00adc341-2a38-408f-b281-652fa00926ec,Patricia J. Bushway,person,,ocd-person/a10abdb8-c143-498c-8b8a-1e6836699d7b,ocd-bill/fcc4db3b-c40d-4983-97dc-22607f4e17b5,False,cosponsor
86d03faa-8bfe-429c-8a21-be5c6483c38f,Liz A. McConnell,person,,ocd-person/7f652a56-cb6d-48f9-a3cd-c8b8fccd7077,ocd-bill/fcc4db3b-c40d-4983-97dc-22607f4e17b5,False,cosponsor
ed91269c-bf9c-41a6-9cdc-edac3090df19,Mary A. Eisner,person,,ocd-person/a9ac3600-6a7f-4d8c-ba5f-a20b3dfba0e6,ocd-bill/fcc4db3b-c40d-4983-97dc-22607f4e17b5,True,primary
e90ed8ea-7ef7-4686-8071-9b0826bd12c0,Michael P. Pedersen,person,,ocd-person/09941292-6228-45f4-b75f-f8a47a381659,ocd-bill/fcc4db3b-c40d-4983-97dc-22607f4e17b5,False,cosponsor
1922b41d-5844-4461-bae5-438850a499f4,Katherine J. Prudhomme-O'Brien,person,,,ocd-bill/fcc4db3b-c40d-4983-97dc-22607f4e17b5,False,cosponsor
488eff65-1afd-43ca-8aea-e8226d21062d,John M. Potucek,person,,ocd-person/433c67d6-bfdc-410e-87e2-463c93d55a17,ocd-bill/fcc4db3b-c40d-4983-97dc-22607f4e17b5,False,cosponsor
fac79720-0be9-421f-8e1b-99cb69a88bd5,Mary Heath,person,,ocd-person/03bba97f-9b7c-4c33-adb7-e5202a6bd040,ocd-bill/fcc4db3b-c40d-4983-97dc-22607f4e17b5,False,cosponsor
223c07b9-747d-4e93-bc8c-a7469d9cfc9b,Kevin Cavanaugh,person,,ocd-person/7fb2bb33-cbdb-4dfd-9369-64f19f179777,ocd-bill/98c97b51-59a9-4ba7-afdd-e8ab4b11e07e,False,cosponsor
8fa3374d-27ea-4100-82d3-9bf56d01ff03,Martha S. Hennessey,person,,ocd-person/f2700034-7f3d-4834-bb66-b848a7ca748a,ocd-bill/98c97b51-59a9-4ba7-afdd-e8ab4b11e07e,True,primary
95b8eaf4-5354-4ae7-acc2-d7c410c59664,Donna M. Soucy,person,,ocd-person/bfbbacfd-e12a-4e07-970e-c2c2c006f4a2,ocd-bill/98c97b51-59a9-4ba7-afdd-e8ab4b11e07e,False,cosponsor
8698245f-27cb-4aed-a75f-faf2c478001f,Judy F. Aron,person,,ocd-person/533fb85c-c4f0-41f3-9bc6-8b1c422a9693,ocd-bill/8b2dce2c-6c75-4ae9-842f-9f80acf1e5ad,False,cosponsor
a2c89c73-a193-48b7-890d-f313d8c3c198,Howard C. Pearl,person,,ocd-person/c4122c6a-ed23-492e-b813-59a0fed1ec86,ocd-bill/8b2dce2c-6c75-4ae9-842f-9f80acf1e5ad,True,primary
ab173c42-a33a-4217-9b30-cd61672be2a7,Shannon E Chandley,person,,,ocd-bill/a31fab83-d267-4ac1-adcf-3fead2b19521,False,cosponsor
d56e0f5f-86a6-40f2-83ff-bdf6a3b57d66,Rebecca J. McWilliams,person,,ocd-person/39eb4d14-9ef3-4b1b-bcb6-a66f1aa97491,ocd-bill/a31fab83-d267-4ac1-adcf-3fead2b19521,False,cosponsor
14f3747d-7781-4919-a085-96d168fe7f13,Megan A. Murray,person,,ocd-person/f1902aac-3930-478d-9e89-60cef8bcae0b,ocd-bill/a31fab83-d267-4ac1-adcf-3fead2b19521,False,cosponsor
dcbd3fb4-db8f-4c83-8b29-13ca257b38b2,Sparky Von Plinsky,person,,ocd-person/28f9b7e4-ec77-462a-8707-f9bedad6f32a,ocd-bill/a31fab83-d267-4ac1-adcf-3fead2b19521,False,cosponsor
b50c33af-688d-4022-9046-e72974684ac9,Tom Sherman,person,,ocd-person/ee95d0de-e55e-4733-ba97-0fde66adf65c,ocd-bill/a31fab83-d267-4ac1-adcf-3fead2b19521,False,cosponsor
7b3bd24e-6e40-4024-a79c-29e87cda199d,Karen E. Ebel,person,,ocd-person/947e2e2b-04eb-4f92-9f83-aef8760517e0,ocd-bill/a31fab83-d267-4ac1-adcf-3fead2b19521,True,primary
bc9a754a-5a29-4be0-84c7-8b15bffe956c,John T. O'Connor,person,,ocd-person/60882336-f4d2-45e4-b194-d2b99cae7610,ocd-bill/a31fab83-d267-4ac1-adcf-3fead2b19521,False,cosponsor
b7932558-bfd7-4f0c-838d-46ae3fdada98,Suzanne J. Smith,person,,ocd-person/6a75f502-50fd-47e7-8160-1fce1205550e,ocd-bill/a31fab83-d267-4ac1-adcf-3fead2b19521,False,cosponsor
d352c1fb-b9b8-448c-ae26-c863c39b9d3d,David H Watters,person,,ocd-person/cf24defe-6df3-49f3-88ca-c6774b144f19,ocd-bill/a31fab83-d267-4ac1-adcf-3fead2b19521,False,cosponsor
8df0c8ea-cc38-4d09-b109-dd196d968643,Dan Feltes,person,,ocd-person/e97501d7-4bef-403f-8d48-9fcecc980cf5,ocd-bill/d1b140b9-6e21-4b7b-aaea-e93ca7d7e632,True,primary
65ee4ead-6cee-4152-8848-3707b03736fb,John Reagan,person,,ocd-person/f516d40a-3676-4437-8285-a931d7c2885b,ocd-bill/d1b140b9-6e21-4b7b-aaea-e93ca7d7e632,False,cosponsor
2c71088f-50d8-429b-8513-d10bedf36332,Jay Kahn,person,,ocd-person/998e681b-6df1-4b4a-92db-7a2187cedcd8,ocd-bill/b04a09e3-fed6-48e4-8c2e-29c4c09fc04e,False,cosponsor
5c543315-82dc-48ab-93ff-67c86379484d,Edith M. Tucker,person,,ocd-person/68bf2851-656a-44f1-9c2c-85ea55c7d9f9,ocd-bill/b04a09e3-fed6-48e4-8c2e-29c4c09fc04e,False,cosponsor
61f6ad2b-e877-4200-a30e-7697b938365e,Dennis J. Malloy,person,,ocd-person/d6200a81-3d99-4ff7-93e0-e2f3b49cfd65,ocd-bill/b04a09e3-fed6-48e4-8c2e-29c4c09fc04e,False,cosponsor
c2056318-d58f-463a-b963-96a4a9623e2b,David J. Danielson,person,,ocd-person/62c43933-5aea-4a05-9ac8-f26c688b2367,ocd-bill/b04a09e3-fed6-48e4-8c2e-29c4c09fc04e,False,cosponsor
20741cdf-d280-4346-aedb-43c52f548a7b,Judith T. Spang,person,,ocd-person/1c49114b-ec16-4617-8b35-f7ce02d6daa4,ocd-bill/b04a09e3-fed6-48e4-8c2e-29c4c09fc04e,False,cosponsor
920338f0-245b-4445-8ad5-ca967ed6d5ad,Martha Fuller Clark,person,,ocd-person/823e56cb-5c51-4a09-b060-93cdb7f7ac25,ocd-bill/b04a09e3-fed6-48e4-8c2e-29c4c09fc04e,True,primary
661ee56e-5682-4232-97b2-51e9542fc9ba,Kenneth D. Wells,person,,ocd-person/b75e76bb-fa97-46f2-a164-d33141705950,ocd-bill/8ba8730c-90da-46b8-b3a3-ebd7565030e0,True,primary
6e4db2c3-8e42-453d-ba2a-0aec3ee1accc,Wendy E.N. Thomas,person,,ocd-person/2375b05c-cf9a-4f1b-a4b0-194fac6d86bf,ocd-bill/8ba8730c-90da-46b8-b3a3-ebd7565030e0,False,cosponsor
1c06625e-817f-4c05-ad11-ca6e1b513a58,David B. Karrick,person,,ocd-person/94f54bab-44a0-41ce-a766-0e0eb882f9bf,ocd-bill/8ba8730c-90da-46b8-b3a3-ebd7565030e0,False,cosponsor
6491fd55-8bff-43bc-b343-55c35ef29465,David J. Luneau,person,,ocd-person/c3c9bb99-9512-4bec-be04-d8b29ea96f3e,ocd-bill/f4947d4f-56e0-4d24-831b-499b93893921,True,primary
0bc7a950-9c22-4901-a175-febdd7a1f12c,Rick M. Ladd,person,,ocd-person/1bd6c569-f2dd-4670-bf82-ef3ea4b15960,ocd-bill/f4947d4f-56e0-4d24-831b-499b93893921,False,cosponsor
499730bf-a247-4132-a924-3ebbf733aaf0,Cindy Rosenwald,person,,ocd-person/f3e949ce-6d98-4826-bbca-08039cea4ea4,ocd-bill/7a171f2f-baa2-4964-b3f8-4ba1ae01a641,True,primary
2061c637-131d-487b-8d99-9b8b2d916371,Tom Sherman,person,,ocd-person/ee95d0de-e55e-4733-ba97-0fde66adf65c,ocd-bill/7a171f2f-baa2-4964-b3f8-4ba1ae01a641,False,cosponsor
d731ee00-91ac-4fec-940e-ecb116d83173,Bob J. Giuda,person,,ocd-person/7739a4d0-534e-4bdb-b7fb-6a8f348e833e,ocd-bill/7a171f2f-baa2-4964-b3f8-4ba1ae01a641,False,cosponsor
3ab94f7e-3026-4150-b6e0-e9dd00d43727,Polly Kent Campion,person,,ocd-person/8af71573-9095-434b-9fc7-6b244e40b3bb,ocd-bill/7a171f2f-baa2-4964-b3f8-4ba1ae01a641,False,cosponsor
77feb35e-c6e0-4723-abd1-ef5a3edcce4c,William M. Marsh,person,,ocd-person/22006937-f2ca-4a2e-b92a-457777933dc7,ocd-bill/7a171f2f-baa2-4964-b3f8-4ba1ae01a641,False,cosponsor
bdbdb566-f367-440d-bba8-c2c6f9985a2b,Charles E. McMahon,person,,ocd-person/28d59199-5bae-46fe-99f3-ec78e330cdeb,ocd-bill/7a171f2f-baa2-4964-b3f8-4ba1ae01a641,False,cosponsor
efefb048-328c-4022-9eff-15d962ebdf84,Sharon L. Nordgren,person,,ocd-person/21d388d8-9203-4ffb-a4f5-66f843484349,ocd-bill/7a171f2f-baa2-4964-b3f8-4ba1ae01a641,False,cosponsor
0ace2a68-0dce-4bc9-b35c-067a3f45ec1b,Jeb Bradley,person,,ocd-person/3f5455e8-256e-4442-9c13-bc14f62ce76f,ocd-bill/7a171f2f-baa2-4964-b3f8-4ba1ae01a641,False,cosponsor
110a2565-03fd-4951-922a-78c919fb0aef,Josh S. Yokela,person,,ocd-person/c96f9d7a-b859-4b37-8fdd-4097b21d3f2c,ocd-bill/f8fc01f9-a02b-4b96-8c11-30280db723e9,True,primary
8e18e439-3999-4092-8cc3-1c87ea501de9,Michael Yakubovich,person,,ocd-person/39d155fd-5ecf-4608-985c-82f5855fe260,ocd-bill/f8fc01f9-a02b-4b96-8c11-30280db723e9,False,cosponsor
76f58c18-9f1b-46f0-b119-65516514d8cd,Kurt F. Wuelper,person,,ocd-person/27f3432f-2a51-4a39-b9c4-814718ae87ed,ocd-bill/f8fc01f9-a02b-4b96-8c11-30280db723e9,False,cosponsor
9a7f8a4d-7560-4a4b-a791-13b5b5a5c4d8,Deborah L. Hobson,person,,ocd-person/6e4aa2d5-d1c7-4009-950f-e5ebedea7189,ocd-bill/f9b31737-ee57-4aa2-af89-4ab97ab77c1c,False,cosponsor
38675b1a-f5ba-4c2f-89dc-fe43f3623b94,Tom Sherman,person,,ocd-person/ee95d0de-e55e-4733-ba97-0fde66adf65c,ocd-bill/f9b31737-ee57-4aa2-af89-4ab97ab77c1c,False,cosponsor
db7fe890-06ec-431a-8d23-c39c8f66e3e8,Kevin G. Maes,person,,ocd-person/e056df72-1c0e-4c3e-b91b-6c5742f912bc,ocd-bill/f9b31737-ee57-4aa2-af89-4ab97ab77c1c,False,cosponsor
a974453f-9260-43d8-9e72-8ed6abedb2e0,Richard W. Hinch,person,,ocd-person/b566af7c-b746-4b6d-bd34-17c66df7fc7c,ocd-bill/f9b31737-ee57-4aa2-af89-4ab97ab77c1c,False,cosponsor
eb5a0f5f-5f58-44f6-8143-a85e04e524ad,Chuck Morse,person,,ocd-person/72b8f708-a22d-477d-9c55-e5d14b8308a6,ocd-bill/f9b31737-ee57-4aa2-af89-4ab97ab77c1c,True,primary
eb943700-20ed-4191-ad97-506e801077a3,Jon Morgan,person,,ocd-person/f169c82a-7120-4d67-85d4-d5ff21cd44ef,ocd-bill/319a0028-b381-4410-a434-0ecb94a2b7e6,True,primary
8d0cf8fa-689b-4ae5-99d2-abeae39c2836,Tom Sherman,person,,ocd-person/ee95d0de-e55e-4733-ba97-0fde66adf65c,ocd-bill/319a0028-b381-4410-a434-0ecb94a2b7e6,False,cosponsor
4b271491-9a72-45e5-8b87-87514decf589,Mark A. Pearson,person,,,ocd-bill/319a0028-b381-4410-a434-0ecb94a2b7e6,False,cosponsor
42ac02ca-7010-41f2-bd69-629efc552f21,James P. Gray,person,,ocd-person/e6443187-eb51-42eb-8bd7-349ed0ba9641,ocd-bill/319a0028-b381-4410-a434-0ecb94a2b7e6,False,cosponsor
5fa9171f-6b9b-4df0-b40a-f6fd87023543,Skip Berrien,person,,ocd-person/c955f3c4-4732-42c2-8615-bc103ee8e0d8,ocd-bill/319a0028-b381-4410-a434-0ecb94a2b7e6,False,cosponsor
91cd3d55-67dd-451b-8aca-c7a6bdf6d517,Erin T. Hennessey,person,,ocd-person/91d16c36-2236-4bef-8009-004bd036c22a,ocd-bill/319a0028-b381-4410-a434-0ecb94a2b7e6,False,cosponsor
1accd5d8-ec83-433c-810b-e0de5041777a,Patrick T. Long,person,,ocd-person/14d0ff58-3340-4344-bb79-c6acd5f8ba6c,ocd-bill/319a0028-b381-4410-a434-0ecb94a2b7e6,False,cosponsor
e14dfa94-d61f-4323-88a1-1f8930dbc255,Martha Fuller Clark,person,,ocd-person/823e56cb-5c51-4a09-b060-93cdb7f7ac25,ocd-bill/319a0028-b381-4410-a434-0ecb94a2b7e6,False,cosponsor
39ebd037-a806-4db9-8e58-70911a06259b,Kevin B. Craig,person,,ocd-person/1c9d5892-ef55-4ff0-8bd0-c986ac41f25b,ocd-bill/1a52227a-bced-4643-8ab1-d3390f8958b3,False,cosponsor
7130280c-0f0a-4551-8a5e-8d66feff1426,David J Starr,person,,ocd-person/b19ae598-8107-4959-b150-586deb9c9852,ocd-bill/1a52227a-bced-4643-8ab1-d3390f8958b3,False,cosponsor
8f552796-1917-4ff2-9ac6-96a5a4c42b66,Jacqueline H. Chretien,person,,ocd-person/8e044671-4143-41a6-a341-6c8514bb2d66,ocd-bill/1a52227a-bced-4643-8ab1-d3390f8958b3,False,cosponsor
0ac8490c-9785-42aa-ba8e-f1765d423051,Peter F. Somssich,person,,ocd-person/8bb75c80-4c06-42a7-86c0-c0315a2faf7c,ocd-bill/1a52227a-bced-4643-8ab1-d3390f8958b3,False,cosponsor
575143c5-d4d4-44ef-804b-d55321ab1228,Ellen D. Read,person,,ocd-person/77304532-17fb-4b2c-aed6-213a435e4a46,ocd-bill/1a52227a-bced-4643-8ab1-d3390f8958b3,True,primary
f71b825c-6924-4404-a56d-1475f1d33bdd,Jerry L. Knirk,person,,ocd-person/ce0bd184-d264-46d8-87fc-f2590e2a1ed1,ocd-bill/1a52227a-bced-4643-8ab1-d3390f8958b3,False,cosponsor
af8d4611-e8e0-4aa3-9d0f-e687ebcbd8fc,Troy E. Merner,person,,ocd-person/729664f2-12c4-4c70-82a5-fee852813a0c,ocd-bill/1a52227a-bced-4643-8ab1-d3390f8958b3,False,cosponsor
ab90cd7c-75f1-4ff7-90b0-93a9dcd8a39b,Melanie Levesque,person,,ocd-person/282926cd-63f0-4ac4-ad16-5e96eb1c4e0b,ocd-bill/5a48cf27-6b6e-4b22-a7cf-dadd2aa33692,False,cosponsor
5f0fe8c5-1f9b-4400-a381-8bba719a3b7d,Jay Kahn,person,,ocd-person/998e681b-6df1-4b4a-92db-7a2187cedcd8,ocd-bill/5a48cf27-6b6e-4b22-a7cf-dadd2aa33692,True,primary
0a32962a-fbd1-415b-8a44-9822ebe763b1,Joelle Martin,person,,ocd-person/ed48590f-6af4-4e9f-99d6-16227870b44f,ocd-bill/5a48cf27-6b6e-4b22-a7cf-dadd2aa33692,False,cosponsor
b938cbcd-4119-4673-9bad-f742622b0589,Jerry L. Knirk,person,,ocd-person/ce0bd184-d264-46d8-87fc-f2590e2a1ed1,ocd-bill/5a48cf27-6b6e-4b22-a7cf-dadd2aa33692,False,cosponsor
6fcf1a7d-05d6-41b2-9ee6-622c793b079c,Dan Feltes,person,,ocd-person/e97501d7-4bef-403f-8d48-9fcecc980cf5,ocd-bill/5a48cf27-6b6e-4b22-a7cf-dadd2aa33692,False,cosponsor
5206e213-ec43-47cd-8e85-616fd592d1ef,John Reagan,person,,ocd-person/f516d40a-3676-4437-8285-a931d7c2885b,ocd-bill/5a48cf27-6b6e-4b22-a7cf-dadd2aa33692,False,cosponsor
90df4661-6aeb-4fa9-88c6-62ed6f66d5f1,David H Watters,person,,ocd-person/cf24defe-6df3-49f3-88ca-c6774b144f19,ocd-bill/5a48cf27-6b6e-4b22-a7cf-dadd2aa33692,False,cosponsor
45a670fb-84c3-482c-986d-9da386c38dc2,Jeb Bradley,person,,ocd-person/3f5455e8-256e-4442-9c13-bc14f62ce76f,ocd-bill/5a48cf27-6b6e-4b22-a7cf-dadd2aa33692,False,cosponsor
c30adc08-80f9-4065-87c5-8bc6c508293c,Martha Fuller Clark,person,,ocd-person/823e56cb-5c51-4a09-b060-93cdb7f7ac25,ocd-bill/5a48cf27-6b6e-4b22-a7cf-dadd2aa33692,False,cosponsor
82f34372-61c5-439e-bede-130aa72cf021,Kenneth D. Wells,person,,ocd-person/b75e76bb-fa97-46f2-a164-d33141705950,ocd-bill/bfe1de54-d765-4827-8f3f-26391df6356a,True,primary
e5937dd1-00d8-4069-a9ce-0578465706bc,Chris Balch,person,,ocd-person/e9d39bb0-9ff6-4083-b8fd-1455609b3033,ocd-bill/bfe1de54-d765-4827-8f3f-26391df6356a,False,cosponsor
460b6825-77c9-4997-9886-cef491711bc6,Kat McGhee,person,,ocd-person/4c8bec8a-e86d-4316-8b2e-2f8c4157cae5,ocd-bill/bfe1de54-d765-4827-8f3f-26391df6356a,False,cosponsor
b5bf410c-e6e2-4f2d-ad0f-d08b7bc990ad,Robert Renny Cushing,person,,ocd-person/cdb3279c-243a-4ca0-8e83-fcb10a975736,ocd-bill/bfe1de54-d765-4827-8f3f-26391df6356a,False,cosponsor
5fa0627e-56b2-41a6-acce-1b53fc9d5686,Gary Merchant,person,,ocd-person/78078880-ab6f-4f87-b095-8b85c31f1780,ocd-bill/a17f5306-496c-47c4-a929-d93275040ffe,True,primary
7e97ba63-f370-4865-a72c-8bbb95c3f494,Arthur S. Ellison,person,,ocd-person/677500cb-eb95-4ad1-b3f5-02894c28e369,ocd-bill/3d9bd98b-b9be-48ad-8f7d-a6ca41678995,False,cosponsor
cbba72c4-5ffb-4ea8-94a3-dc1e50fca4d7,Elaine H. French,person,,ocd-person/c7a629ed-523e-4f6e-884f-fbb9dbb2a406,ocd-bill/3d9bd98b-b9be-48ad-8f7d-a6ca41678995,True,primary
37aa9ec3-5e80-4490-a949-b450c8001772,Mary Jane Mulligan,person,,ocd-person/2eda7ff0-af84-4ad3-a72c-ea7c37e46877,ocd-bill/3d9bd98b-b9be-48ad-8f7d-a6ca41678995,False,cosponsor
3e1cf2ab-6b88-4ece-b59e-b3d313cced4c,Edward M. Gordon,person,,ocd-person/1e527c99-df26-4b70-8f9e-62df18dad8bb,ocd-bill/3d9bd98b-b9be-48ad-8f7d-a6ca41678995,False,cosponsor
6e098f55-1b3c-4615-9de1-b8a1b14a66f7,Skip Berrien,person,,ocd-person/c955f3c4-4732-42c2-8615-bc103ee8e0d8,ocd-bill/3d9bd98b-b9be-48ad-8f7d-a6ca41678995,False,cosponsor
94eea4a9-368c-4f05-8432-39375910d8d4,Kimberly A. Rice,person,,ocd-person/85b7ca6d-3fd7-4e97-bfe0-effe223121f7,ocd-bill/3d9bd98b-b9be-48ad-8f7d-a6ca41678995,False,cosponsor
4b717bc7-ec18-4bd9-a868-a2f73705170b,Peter B. Schmidt,person,,ocd-person/16654889-3b48-44d6-a6d3-8da5d7a434f1,ocd-bill/3d9bd98b-b9be-48ad-8f7d-a6ca41678995,False,cosponsor
776f837a-4749-4487-a7f9-04696d9b808a,David H Watters,person,,ocd-person/cf24defe-6df3-49f3-88ca-c6774b144f19,ocd-bill/3d9bd98b-b9be-48ad-8f7d-a6ca41678995,False,cosponsor
d037461d-a3d1-44e6-9077-5d1aad0200a6,Glenn Cordelli,person,,ocd-person/c8aa2951-dea0-4999-9b6a-6323d9917e0b,ocd-bill/6436dc47-6590-452a-85a2-1d66ba9b843a,False,cosponsor
26c33c2d-233d-4a6b-ad3d-63efff40145f,Rick M. Ladd,person,,ocd-person/1bd6c569-f2dd-4670-bf82-ef3ea4b15960,ocd-bill/6436dc47-6590-452a-85a2-1d66ba9b843a,True,primary
58f49365-4157-45ba-872f-5927c1c6eb5b,Joe Schapiro,person,,ocd-person/44fbe7a3-bc2c-4ab0-b669-35521e926782,ocd-bill/12afd7c5-3877-4662-af7b-826052a5a1f3,False,cosponsor
28e2b2e9-b55e-40c9-88ef-34424ec6c67f,Tom Sherman,person,,ocd-person/ee95d0de-e55e-4733-ba97-0fde66adf65c,ocd-bill/12afd7c5-3877-4662-af7b-826052a5a1f3,True,primary
fb2da980-bc0c-446c-8d9c-dc7a350275cd,James P. Gray,person,,ocd-person/e6443187-eb51-42eb-8bd7-349ed0ba9641,ocd-bill/12afd7c5-3877-4662-af7b-826052a5a1f3,False,cosponsor
4958f233-da46-4e9e-b1f2-0726201ac991,Jeffrey C. Salloway,person,,ocd-person/ff3c9490-e187-451d-b600-ca895bfaf0b0,ocd-bill/12afd7c5-3877-4662-af7b-826052a5a1f3,False,cosponsor
05607a41-0e3b-4509-a50a-e2a73f64e0c4,William M. Marsh,person,,ocd-person/22006937-f2ca-4a2e-b92a-457777933dc7,ocd-bill/12afd7c5-3877-4662-af7b-826052a5a1f3,False,cosponsor
8e1d5de7-1166-4b5a-9e22-34d23427eec8,Joseph A. Guthrie,person,,ocd-person/772f5157-b959-4aed-beaa-6bd67ab8fefe,ocd-bill/12afd7c5-3877-4662-af7b-826052a5a1f3,False,cosponsor
c6e1a5c0-e6b6-42a9-8b2f-a32e5d468540,Susan J. Ticehurst,person,,ocd-person/1f3a9485-30e3-4cdf-8389-d8ad149dc881,ocd-bill/12afd7c5-3877-4662-af7b-826052a5a1f3,False,cosponsor
57575720-5e71-4380-b8d6-66251ca8ceb4,Jeb Bradley,person,,ocd-person/3f5455e8-256e-4442-9c13-bc14f62ce76f,ocd-bill/12afd7c5-3877-4662-af7b-826052a5a1f3,False,cosponsor
7c16c5ac-bcdd-4211-8ed8-a4251cf12149,Harold F. French,person,,ocd-person/ff11da65-174b-4fdc-b33c-e5d6d56602f0,ocd-bill/d1542903-a841-49ab-811a-39d8163436cc,True,primary
d64ab064-1934-4051-ba49-dc6c04c8d5df,John Reagan,person,,ocd-person/f516d40a-3676-4437-8285-a931d7c2885b,ocd-bill/d1542903-a841-49ab-811a-39d8163436cc,False,cosponsor
7bbd3b8c-a77e-4fc0-8b5e-e8ee9c17c3ab,Susan W. Almy,person,,ocd-person/e13283b4-defe-4f4e-8e67-4d89b8e3790c,ocd-bill/31489807-9a75-4a56-a2a4-1da8111ffc01,True,primary
d978b14d-cb1d-4207-8f51-d232dd64b6c1,Norman L. Major,person,,ocd-person/f210808d-53ac-4e23-ade2-7bdb60a8e559,ocd-bill/31489807-9a75-4a56-a2a4-1da8111ffc01,False,cosponsor
66dd5ee7-4c36-4e0a-ab6f-73ec3a53cb4e,Chris Balch,person,,ocd-person/e9d39bb0-9ff6-4083-b8fd-1455609b3033,ocd-bill/5d889c38-c054-464c-a79c-e0f453a108e6,True,primary
b110b508-d2d8-4210-a104-f83e51f5093b,Kat McGhee,person,,ocd-person/4c8bec8a-e86d-4316-8b2e-2f8c4157cae5,ocd-bill/5d889c38-c054-464c-a79c-e0f453a108e6,False,cosponsor
214acfb5-5cd3-4bf2-bc74-0034e71636d0,Jennifer Bernet,person,,ocd-person/be22e6b9-c696-4f33-aae5-29e728c0ef27,ocd-bill/5d889c38-c054-464c-a79c-e0f453a108e6,False,cosponsor
bcbac34d-b42f-4bf4-9e96-ca2986bc0caa,James C. Allard,person,,ocd-person/65336609-c7d5-4518-9d70-44e6e4058fb7,ocd-bill/7e8932d2-0b5a-4b5e-a9e7-5b67032ceba9,False,cosponsor
e664011e-d0c0-413d-b836-f3dc64d88089,Rebecca J. McWilliams,person,,ocd-person/39eb4d14-9ef3-4b1b-bcb6-a66f1aa97491,ocd-bill/7e8932d2-0b5a-4b5e-a9e7-5b67032ceba9,False,cosponsor
83e467eb-7017-4929-b1b9-f86f9d21f57c,Dan H. Wolf,person,,ocd-person/d24c83af-3362-4925-9c05-a6b776d3314c,ocd-bill/7e8932d2-0b5a-4b5e-a9e7-5b67032ceba9,False,cosponsor
2c063933-1b87-4a89-ae07-0fec380f8fce,Howard M. Moffett,person,,ocd-person/71b9d6b9-d7e1-437d-80a8-8a2fea88c58f,ocd-bill/7e8932d2-0b5a-4b5e-a9e7-5b67032ceba9,True,primary
c1cd1a00-bbf4-4a0f-aba9-be216cfdf09b,David J. Danielson,person,,ocd-person/62c43933-5aea-4a05-9ac8-f26c688b2367,ocd-bill/7e8932d2-0b5a-4b5e-a9e7-5b67032ceba9,False,cosponsor
58ee0537-4370-4818-8b0d-e63f8450087f,Robert A. Backus,person,,ocd-person/957f04df-63d1-4b88-b876-436a9cd17248,ocd-bill/7e8932d2-0b5a-4b5e-a9e7-5b67032ceba9,False,cosponsor
2521f07e-115d-4702-a035-0c377e6273ae,John T. O'Connor,person,,ocd-person/60882336-f4d2-45e4-b194-d2b99cae7610,ocd-bill/7e8932d2-0b5a-4b5e-a9e7-5b67032ceba9,False,cosponsor
46baa8e0-7ede-4eb7-8e25-e1a431a0ce03,Suzanne J. Smith,person,,ocd-person/6a75f502-50fd-47e7-8160-1fce1205550e,ocd-bill/7e8932d2-0b5a-4b5e-a9e7-5b67032ceba9,False,cosponsor
0dacc3eb-cd16-4e86-b30c-8ea0ee20ba30,Peter B. Schmidt,person,,ocd-person/16654889-3b48-44d6-a6d3-8da5d7a434f1,ocd-bill/7e8932d2-0b5a-4b5e-a9e7-5b67032ceba9,False,cosponsor
7a045370-27af-4a52-bf83-5454666c547d,Jeb Bradley,person,,ocd-person/3f5455e8-256e-4442-9c13-bc14f62ce76f,ocd-bill/7e8932d2-0b5a-4b5e-a9e7-5b67032ceba9,False,cosponsor
9cb431dd-b7d8-41df-bc01-cc9c3f81c368,Deb Stevens,person,,ocd-person/2a81219c-aa82-4175-91a6-881353d869af,ocd-bill/552fb2b3-2883-4312-acd6-efa455cdae3e,False,cosponsor
03bed52c-8c34-4c2c-a68f-24f5e2bc79ab,Sue M. Mullen,person,,ocd-person/07c19313-fcb0-476b-b240-e299c55888f7,ocd-bill/552fb2b3-2883-4312-acd6-efa455cdae3e,False,cosponsor
d2fb0bf0-9850-466b-a185-c5a909c8c068,Gerri D. Cannon,person,,ocd-person/cd5b7056-d9eb-4fb1-93e3-6ba43408afa5,ocd-bill/552fb2b3-2883-4312-acd6-efa455cdae3e,True,primary
0b7d9133-20df-42fe-91ab-c89eb987d3a5,Ryan T. Buchanan,person,,ocd-person/42b0e59a-b71a-46ce-b761-72bc99239941,ocd-bill/552fb2b3-2883-4312-acd6-efa455cdae3e,False,cosponsor
906c54dd-56fc-40e1-9ee9-9c67e1a6f46d,Heidi M. Hamer,person,,ocd-person/b64a1dfb-4b79-4424-96d3-972f6ef2b6eb,ocd-bill/552fb2b3-2883-4312-acd6-efa455cdae3e,False,cosponsor
0dc4ac4b-419e-4069-bfec-1cf03384167f,Donna M. Mombourquette,person,,ocd-person/99b6e8f3-52a6-43fb-b912-7fdb715b7b3b,ocd-bill/552fb2b3-2883-4312-acd6-efa455cdae3e,False,cosponsor
6384a0ed-138b-4f20-9882-472eab8777be,Edith M. DesMarais,person,,ocd-person/a6f267a6-78c6-4272-9378-8afe705c350d,ocd-bill/552fb2b3-2883-4312-acd6-efa455cdae3e,False,cosponsor
fec49925-d6fa-44db-99b6-b47693e95f15,Martha S. Hennessey,person,,ocd-person/f2700034-7f3d-4834-bb66-b848a7ca748a,ocd-bill/552fb2b3-2883-4312-acd6-efa455cdae3e,False,cosponsor
7140426a-2280-409f-b175-5fede82453bc,David H Watters,person,,ocd-person/cf24defe-6df3-49f3-88ca-c6774b144f19,ocd-bill/552fb2b3-2883-4312-acd6-efa455cdae3e,False,cosponsor
76e389bc-b6c4-43c0-8ea6-e33c896c5a13,Martha Fuller Clark,person,,ocd-person/823e56cb-5c51-4a09-b060-93cdb7f7ac25,ocd-bill/552fb2b3-2883-4312-acd6-efa455cdae3e,False,cosponsor
9f9e9e40-a5ea-47c6-8148-e4c05b6bba74,Cindy Rosenwald,person,,ocd-person/f3e949ce-6d98-4826-bbca-08039cea4ea4,ocd-bill/e4cdab64-7c12-464b-8e00-a9986290b9d0,False,cosponsor
7a48e887-76e7-486a-becc-e300cd78a761,Melanie Levesque,person,,ocd-person/282926cd-63f0-4ac4-ad16-5e96eb1c4e0b,ocd-bill/e4cdab64-7c12-464b-8e00-a9986290b9d0,False,cosponsor
7bcf7280-c609-4c2a-9d5d-c4c9aadd8084,Shannon E Chandley,person,,,ocd-bill/e4cdab64-7c12-464b-8e00-a9986290b9d0,True,primary
13a8d2ec-98b9-42d9-a7e2-daf96857f740,Willis T. Griffith,person,,ocd-person/db50036f-5c7f-4cec-a250-3be2e3ca394c,ocd-bill/e4cdab64-7c12-464b-8e00-a9986290b9d0,False,cosponsor
c2e7d41b-8296-4a60-8060-9b029c26ae19,Jay Kahn,person,,ocd-person/998e681b-6df1-4b4a-92db-7a2187cedcd8,ocd-bill/e4cdab64-7c12-464b-8e00-a9986290b9d0,False,cosponsor
b6aaaaf7-f1b6-4b75-8124-dc9a0b48d814,Martha S. Hennessey,person,,ocd-person/f2700034-7f3d-4834-bb66-b848a7ca748a,ocd-bill/e4cdab64-7c12-464b-8e00-a9986290b9d0,False,cosponsor
85c6b1cf-8d9f-49d7-a321-cc0f64f1fdd9,Jerry L. Knirk,person,,ocd-person/ce0bd184-d264-46d8-87fc-f2590e2a1ed1,ocd-bill/e4cdab64-7c12-464b-8e00-a9986290b9d0,False,cosponsor
93e2f669-7ab7-4a22-91a2-74f19e094fa6,James R. MacKay,person,,ocd-person/c027d650-709d-440f-8740-84b3e11406ba,ocd-bill/e4cdab64-7c12-464b-8e00-a9986290b9d0,False,cosponsor
387f804f-287d-4561-8c1b-e29917f43128,Jeb Bradley,person,,ocd-person/3f5455e8-256e-4442-9c13-bc14f62ce76f,ocd-bill/e4cdab64-7c12-464b-8e00-a9986290b9d0,False,cosponsor
c10ca5d8-f0c8-43fc-ad1b-6107b7414774,Gaby Grossman,person,,ocd-person/01d85172-f83f-48ee-8c35-8979a95c9190,ocd-bill/06b510c3-dbc3-4992-b84f-963fddbef019,False,cosponsor
56a6a2f2-3d24-4816-a505-3fb3e913283f,Wendy E.N. Thomas,person,,ocd-person/2375b05c-cf9a-4f1b-a4b0-194fac6d86bf,ocd-bill/06b510c3-dbc3-4992-b84f-963fddbef019,False,cosponsor
551aca04-a0db-48cf-892f-694c623b0656,Francesca G. Diggs,person,,ocd-person/89f38f54-22ef-4ad2-b59e-c864da52f3ea,ocd-bill/06b510c3-dbc3-4992-b84f-963fddbef019,True,primary
73f499f3-2720-40eb-a353-f3cc2431a9ad,Sherry A. Frost,person,,ocd-person/62916f8e-e193-463d-9dcc-f35f60d836db,ocd-bill/06b510c3-dbc3-4992-b84f-963fddbef019,False,cosponsor
ca302857-9329-4ebc-a21b-c4cca62e21b7,Debra Altschiller,person,,ocd-person/925608b2-8d23-4186-85f6-4c50f334374d,ocd-bill/06b510c3-dbc3-4992-b84f-963fddbef019,False,cosponsor
608204d9-4a3a-4f7e-9d83-51a2964b8bc4,Janice E. Schmidt,person,,ocd-person/ec374833-801f-4c21-9261-67cdefc1ba44,ocd-bill/06b510c3-dbc3-4992-b84f-963fddbef019,False,cosponsor
fcb0dbad-3657-4074-bb3e-ea4f6601e7f1,David J. Luneau,person,,ocd-person/c3c9bb99-9512-4bec-be04-d8b29ea96f3e,ocd-bill/3535654a-3d8e-4d04-b0cb-720a56b550e9,True,primary
40927554-dc48-4b02-a67f-e854f19581b2,Julie D. Gilman,person,,ocd-person/77ca15e6-ebe1-4ef5-8bc9-ed3dff861f38,ocd-bill/ca17f732-129f-4543-81f2-4f1f0202b489,True,primary
f8843b7d-15fa-4387-bc9e-74ebebdd6928,Ellen D. Read,person,,ocd-person/77304532-17fb-4b2c-aed6-213a435e4a46,ocd-bill/ca17f732-129f-4543-81f2-4f1f0202b489,False,cosponsor
3714e46b-3bd2-4bd4-bb66-a5b9c10fe63c,Mark R. King,person,,ocd-person/5b030cec-8315-49f4-901d-85fdb7423781,ocd-bill/ca17f732-129f-4543-81f2-4f1f0202b489,False,cosponsor
603d068a-a956-49b7-820f-24ae309ad88c,Sherry Dutzy,person,,ocd-person/43eb9cdc-392c-4ca5-b5da-ad542ea0bcc0,ocd-bill/e5a4447e-d7cc-4390-99bd-88d3d38e3283,False,cosponsor
d4e972db-3ec0-46c9-8d1b-d9578775356f,David R. Coursin,person,,ocd-person/f0fdb4f2-386d-4455-a1ee-2ac9f4eb970c,ocd-bill/e5a4447e-d7cc-4390-99bd-88d3d38e3283,True,primary
3aba9230-95eb-4171-8099-8d1cbd81c005,Julie D. Gilman,person,,ocd-person/77ca15e6-ebe1-4ef5-8bc9-ed3dff861f38,ocd-bill/e5a4447e-d7cc-4390-99bd-88d3d38e3283,False,cosponsor
39c53068-654f-4f19-a214-8d5ac743c55b,Arthur E. Barnes,person,,ocd-person/20f20dfe-3912-471d-b930-7e7a033d3652,ocd-bill/e5a4447e-d7cc-4390-99bd-88d3d38e3283,False,cosponsor
8c56a1f9-fcc7-4125-b55e-df9056f8538c,Rick M. Ladd,person,,ocd-person/1bd6c569-f2dd-4670-bf82-ef3ea4b15960,ocd-bill/e5a4447e-d7cc-4390-99bd-88d3d38e3283,False,cosponsor
037e4c27-10d5-4be0-bebe-255cc667af74,Stephen L. Woodcock,person,,ocd-person/bdde38b3-3210-4b2d-890b-bbf2d2bf314a,ocd-bill/db140966-ca59-41cf-8d00-325e864c5508,True,primary
05ff3a48-588e-4767-9f8c-99c60c81ccee,Anita D. Burroughs,person,,ocd-person/a028512b-5d61-4d23-9e28-dec7038577d6,ocd-bill/db140966-ca59-41cf-8d00-325e864c5508,False,cosponsor
70a59d12-e087-42e4-b8e1-d7b011b309de,Kenneth S. Vincent,person,,ocd-person/84b0eb59-b35d-4f30-aa55-b5cd6e7f495b,ocd-bill/133357ca-d828-4b50-b249-7632c58e9853,True,primary
6332c8c8-2546-4427-a32f-dbf754356429,Martha S. Hennessey,person,,ocd-person/f2700034-7f3d-4834-bb66-b848a7ca748a,ocd-bill/7fe5f3cb-3361-4a54-be62-4b2517142843,True,primary
d7ac39cc-66f8-483d-9c0f-7ac42f872bb4,Jason A. Janvrin,person,,ocd-person/5411c21d-e8ee-4300-a79b-1a688e01c481,ocd-bill/7fe5f3cb-3361-4a54-be62-4b2517142843,False,cosponsor
4e886b33-537e-4768-83f3-6e3056b5771a,Sandra B. Keans,person,,ocd-person/0f7e49e8-f9da-49b1-b20a-24236d6c3997,ocd-bill/7fe5f3cb-3361-4a54-be62-4b2517142843,False,cosponsor
abafee93-c701-4e2d-b1d2-2cdf33f1bdc9,Gary S. Hopper,person,,ocd-person/eeb7038b-aad5-45cc-9abe-57fa0757c41b,ocd-bill/7fe5f3cb-3361-4a54-be62-4b2517142843,False,cosponsor
f2c92481-ef92-490f-a2b5-ecdb4d3fc1b7,Martha Fuller Clark,person,,ocd-person/823e56cb-5c51-4a09-b060-93cdb7f7ac25,ocd-bill/7fe5f3cb-3361-4a54-be62-4b2517142843,False,cosponsor
4ba3a07f-c312-42c5-b1d9-03e893de5189,Tony Lekas,person,,ocd-person/97ccf8c1-af1c-4a3c-b267-683d0446b790,ocd-bill/5f1171f9-035e-43e1-acfb-28326715e368,False,cosponsor
e71bbe5d-e83e-42a2-8236-7fab5a2aacfe,Jordan G. Ulery,person,,ocd-person/31f696d4-f806-4eb3-a8ce-5b1d2a2eba93,ocd-bill/5f1171f9-035e-43e1-acfb-28326715e368,True,primary
7de8e8f8-847f-418f-bb3d-46d1ab876376,Werner D. Horn,person,,ocd-person/ab3fb5b5-85fb-441d-8b4f-09d52722175b,ocd-bill/beeedab1-29ba-4db8-8bd5-d5cd5a60e024,True,primary
132f4460-feda-4d66-836c-2e27e26d1867,Troy E. Merner,person,,ocd-person/729664f2-12c4-4c70-82a5-fee852813a0c,ocd-bill/1437c1af-8583-42bf-9764-8b685784b38a,False,cosponsor
32e9d656-e06f-43a0-b021-9db50e72fe88,Robert A. Backus,person,,ocd-person/957f04df-63d1-4b88-b876-436a9cd17248,ocd-bill/1437c1af-8583-42bf-9764-8b685784b38a,False,cosponsor
8dbff3b0-7fbf-4c48-b230-e179998e9356,David H Watters,person,,ocd-person/cf24defe-6df3-49f3-88ca-c6774b144f19,ocd-bill/1437c1af-8583-42bf-9764-8b685784b38a,False,cosponsor
3a1ddd0d-98f4-4c67-94e6-0c710ff9bfc9,Jeb Bradley,person,,ocd-person/3f5455e8-256e-4442-9c13-bc14f62ce76f,ocd-bill/1437c1af-8583-42bf-9764-8b685784b38a,True,primary
a0114a8c-b8c0-4d2f-87b6-4216dd16acc5,Regina Birdsell,person,,ocd-person/461c9024-c8c3-44a5-91d6-015a6587db5f,ocd-bill/f3734176-f1c9-4fae-8fbf-68fae42f14b4,True,primary
ffd1584f-ef42-435f-9701-1444c13dea2b,David H Watters,person,,ocd-person/cf24defe-6df3-49f3-88ca-c6774b144f19,ocd-bill/f3734176-f1c9-4fae-8fbf-68fae42f14b4,False,cosponsor
fd3b5b14-9934-42e7-8f57-249cd5888b6d,David J. Danielson,person,,ocd-person/62c43933-5aea-4a05-9ac8-f26c688b2367,ocd-bill/77915700-53fb-4343-8517-390527eab6f9,True,primary
27f5a679-78fa-4fb5-9275-ab0bf492536c,Gerri D. Cannon,person,,ocd-person/cd5b7056-d9eb-4fb1-93e3-6ba43408afa5,ocd-bill/09eabb8c-eec5-4607-b614-5847f567f242,False,cosponsor
cde3a4c8-d09c-41db-b679-6281790d9782,Matthew D. Towne,person,,ocd-person/d8695b5b-9dff-44f0-80e0-3e3d6fc5c645,ocd-bill/09eabb8c-eec5-4607-b614-5847f567f242,False,cosponsor
76e2c57c-66df-4382-bff0-6430bd249d5f,Gary L. Woods,person,,ocd-person/5d98b66b-f4d1-4776-953f-67dc348fdd12,ocd-bill/09eabb8c-eec5-4607-b614-5847f567f242,False,cosponsor
5bab9880-565f-4a3e-bbb7-933aca4f8ef3,Martha S. Hennessey,person,,ocd-person/f2700034-7f3d-4834-bb66-b848a7ca748a,ocd-bill/09eabb8c-eec5-4607-b614-5847f567f242,False,cosponsor
9dc2f72e-8e44-4e2d-a2bd-20a7150ef971,Catt Sandler,person,,ocd-person/dc7e8ec1-a4f5-4085-b939-46f039f95495,ocd-bill/09eabb8c-eec5-4607-b614-5847f567f242,True,primary
a47ce063-e2cd-4967-a959-590fd4c0107c,Kenneth S. Vincent,person,,ocd-person/84b0eb59-b35d-4f30-aa55-b5cd6e7f495b,ocd-bill/09eabb8c-eec5-4607-b614-5847f567f242,False,cosponsor
f87d0352-e451-4bf2-a6f2-956ecf30ce39,Sherry A. Frost,person,,ocd-person/62916f8e-e193-463d-9dcc-f35f60d836db,ocd-bill/09eabb8c-eec5-4607-b614-5847f567f242,False,cosponsor
85dae42f-7e73-4314-9c0c-61fb65e73d89,George L. Saunderson,person,,ocd-person/633b7bd0-b605-42ae-837a-4d7d392e085e,ocd-bill/09eabb8c-eec5-4607-b614-5847f567f242,False,cosponsor
f24911df-5ff2-4af6-b71d-af442c10f4b0,Christy D. Bartlett,person,,ocd-person/59afcf2a-d688-4495-a53d-b10faeffd222,ocd-bill/09eabb8c-eec5-4607-b614-5847f567f242,False,cosponsor
bbfc441e-5dfc-4770-9aa7-ce13f780366e,Martha S. Hennessey,person,,ocd-person/f2700034-7f3d-4834-bb66-b848a7ca748a,ocd-bill/a9774e70-1234-4212-85fc-b2f5c29b3e21,False,cosponsor
8238d6ae-1e27-402b-987b-987add3db075,Joelle Martin,person,,ocd-person/ed48590f-6af4-4e9f-99d6-16227870b44f,ocd-bill/a9774e70-1234-4212-85fc-b2f5c29b3e21,False,cosponsor
bc4d0554-9ff6-475d-8b7c-e94f3b963e08,Edward M. Gordon,person,,ocd-person/1e527c99-df26-4b70-8f9e-62df18dad8bb,ocd-bill/a9774e70-1234-4212-85fc-b2f5c29b3e21,False,cosponsor
3a922d5d-9c21-47ba-a06c-e96c545bd7e2,Skip Berrien,person,,ocd-person/c955f3c4-4732-42c2-8615-bc103ee8e0d8,ocd-bill/a9774e70-1234-4212-85fc-b2f5c29b3e21,True,primary
042acfd9-0bdd-4a95-8c1d-3786e7dc2ab4,Kimberly A. Rice,person,,ocd-person/85b7ca6d-3fd7-4e97-bfe0-effe223121f7,ocd-bill/a9774e70-1234-4212-85fc-b2f5c29b3e21,False,cosponsor
fe1e1c37-05e2-4866-bbaf-8f396834f7a6,John Reagan,person,,ocd-person/f516d40a-3676-4437-8285-a931d7c2885b,ocd-bill/a9774e70-1234-4212-85fc-b2f5c29b3e21,False,cosponsor
de723eb2-db26-435b-9868-85ed7ed9671e,Jeb Bradley,person,,ocd-person/3f5455e8-256e-4442-9c13-bc14f62ce76f,ocd-bill/a9774e70-1234-4212-85fc-b2f5c29b3e21,False,cosponsor
726e5b4a-7bc4-4f9d-a4d6-4d19eaf75977,Sharon M Carson,person,,ocd-person/00964fc0-dd57-44c3-87bf-b6d5bbc34560,ocd-bill/a9774e70-1234-4212-85fc-b2f5c29b3e21,False,cosponsor
764029e9-5a7f-44a7-b0ad-716ec469c2ad,Christy D. Bartlett,person,,ocd-person/59afcf2a-d688-4495-a53d-b10faeffd222,ocd-bill/74c6baeb-578b-4db1-b77d-dca20797474f,False,cosponsor
bb28694e-0f01-4a73-aef9-f1dbe1d37251,John B. Hunt,person,,ocd-person/35c51630-9b9c-411a-9b98-0842cb6093df,ocd-bill/74c6baeb-578b-4db1-b77d-dca20797474f,True,primary
e1df33c6-6560-4045-8b64-61e024f35e13,Chuck Morse,person,,ocd-person/72b8f708-a22d-477d-9c55-e5d14b8308a6,ocd-bill/74c6baeb-578b-4db1-b77d-dca20797474f,False,cosponsor
46417339-2a0a-4da7-9fd4-d8492ef267ba,Tony Piemonte,person,,ocd-person/45e7b6d4-c265-40a9-ba77-47a7a454ed71,ocd-bill/3de05f2e-9f65-42a5-866e-e54c55fe50f5,True,primary
27a43773-1b2e-4313-9bf2-a5f60f9529b2,Becky A. Owens,person,,ocd-person/903615ca-728d-48d5-a70f-83f6c73def74,ocd-bill/3de05f2e-9f65-42a5-866e-e54c55fe50f5,False,cosponsor
d4bd1285-7738-4a8b-902e-c0e2cbcdfde7,Michael Yakubovich,person,,ocd-person/39d155fd-5ecf-4608-985c-82f5855fe260,ocd-bill/3de05f2e-9f65-42a5-866e-e54c55fe50f5,False,cosponsor
2d51ebc9-ce5e-4f5c-9b73-cbfa49d47b00,Peter E. Torosian,person,,ocd-person/45e36880-19af-4f3f-89d4-624946625e7f,ocd-bill/3de05f2e-9f65-42a5-866e-e54c55fe50f5,False,cosponsor
31fc73b0-182b-4956-8b01-2c20fec7e409,Chris True,person,,ocd-person/9debae73-c678-420c-a515-c7381e304d1c,ocd-bill/3de05f2e-9f65-42a5-866e-e54c55fe50f5,False,cosponsor
532b4c39-a470-4977-85de-572eb0e1ed32,Michael J. Sylvia,person,,ocd-person/2e6feb2e-6f22-4909-b907-93f4c0f9ae9b,ocd-bill/3de05f2e-9f65-42a5-866e-e54c55fe50f5,False,cosponsor
55e589fa-1e5a-464b-90de-a2d0aba1cfae,Kenneth L. Weyler,person,,ocd-person/e2f9dd7e-b221-4cf0-b7de-5daa70658669,ocd-bill/3de05f2e-9f65-42a5-866e-e54c55fe50f5,False,cosponsor
930e8caa-d7d3-4949-8e95-87bc9f8d9984,John Reagan,person,,ocd-person/f516d40a-3676-4437-8285-a931d7c2885b,ocd-bill/3de05f2e-9f65-42a5-866e-e54c55fe50f5,False,cosponsor
811d2c81-9c25-482e-ab17-1973e30f9088,Harold F. French,person,,ocd-person/ff11da65-174b-4fdc-b33c-e5d6d56602f0,ocd-bill/17bdf6d3-07bf-407a-8446-b55f4cb63d30,True,primary
3f479d1a-87ee-4b99-ac86-e5dbe5c204a3,Martha S. Hennessey,person,,ocd-person/f2700034-7f3d-4834-bb66-b848a7ca748a,ocd-bill/17bdf6d3-07bf-407a-8446-b55f4cb63d30,False,cosponsor
ed0bb6fc-2e49-4c37-aec0-e683f43d9bad,Beth Rodd,person,,ocd-person/f40ba0df-9993-4bf1-b52d-d7989fb5a7f7,ocd-bill/17bdf6d3-07bf-407a-8446-b55f4cb63d30,False,cosponsor
f27b4f94-59c5-48fe-a2c0-00b16ffc6a61,David A. Welch,person,,ocd-person/b8201b25-9bdd-45d3-819d-5bae4c670ad0,ocd-bill/17bdf6d3-07bf-407a-8446-b55f4cb63d30,False,cosponsor
0bcff5fb-0721-452d-82b9-0f2b7fe4dd10,Alicia D. Lekas,person,,ocd-person/50bcd6fc-7d60-4595-811c-213e18faf326,ocd-bill/18841c71-33ac-4997-a636-9c4cfb9d8161,False,cosponsor
eac9eea4-fb5d-4bb9-9fef-03ec3f9152d5,Jay Kahn,person,,ocd-person/998e681b-6df1-4b4a-92db-7a2187cedcd8,ocd-bill/18841c71-33ac-4997-a636-9c4cfb9d8161,False,cosponsor
79de4113-41bb-4b41-ade3-4e8583c539d9,Howard C. Pearl,person,,ocd-person/c4122c6a-ed23-492e-b813-59a0fed1ec86,ocd-bill/18841c71-33ac-4997-a636-9c4cfb9d8161,False,cosponsor
79b6194a-8885-4ae7-b6c3-b7719969689a,John Reagan,person,,ocd-person/f516d40a-3676-4437-8285-a931d7c2885b,ocd-bill/18841c71-33ac-4997-a636-9c4cfb9d8161,False,cosponsor
4481c83d-9e82-44ef-99d2-5997abea6ff3,David H Watters,person,,ocd-person/cf24defe-6df3-49f3-88ca-c6774b144f19,ocd-bill/18841c71-33ac-4997-a636-9c4cfb9d8161,False,cosponsor
96c6ff01-ac5a-4f3c-8a80-252b6897ee10,Sharon M Carson,person,,ocd-person/00964fc0-dd57-44c3-87bf-b6d5bbc34560,ocd-bill/18841c71-33ac-4997-a636-9c4cfb9d8161,True,primary
5bc1619a-4576-4490-b1bd-18710130e87a,Jerry L. Knirk,person,,ocd-person/ce0bd184-d264-46d8-87fc-f2590e2a1ed1,ocd-bill/20088b96-41db-4efc-98f9-a74fb2b3b351,True,primary
761fd356-1300-43e6-bb76-8e5a45f51576,Howard C. Pearl,person,,ocd-person/c4122c6a-ed23-492e-b813-59a0fed1ec86,ocd-bill/20088b96-41db-4efc-98f9-a74fb2b3b351,False,cosponsor
fe6786cb-d183-4836-861c-2b858ce3a2b8,William M. Marsh,person,,ocd-person/22006937-f2ca-4a2e-b92a-457777933dc7,ocd-bill/20088b96-41db-4efc-98f9-a74fb2b3b351,False,cosponsor
9cfafceb-a147-42d8-9a78-d65efe98c1af,Peter W. Bixby,person,,ocd-person/2c42e95c-0192-4910-9fc6-8a43b58c6467,ocd-bill/20088b96-41db-4efc-98f9-a74fb2b3b351,False,cosponsor
c22246f3-6daf-44f0-92e4-bfa1c3430b26,Dennis F. Acton,person,,ocd-person/b81591ca-1856-4807-ac66-283280ea12ba,ocd-bill/7d20e77e-b58f-43ed-8c03-4828a80e4ce7,False,cosponsor
26e14616-0e8a-47a6-ac18-c0b986e358b5,Josh S. Yokela,person,,ocd-person/c96f9d7a-b859-4b37-8fdd-4097b21d3f2c,ocd-bill/7d20e77e-b58f-43ed-8c03-4828a80e4ce7,True,primary
a4f24ac0-b081-4b6b-9311-425ea77f1564,Max Abramson,person,,ocd-person/a2248bc0-9253-48d8-9ee2-d9c0b6fbc800,ocd-bill/7d20e77e-b58f-43ed-8c03-4828a80e4ce7,False,cosponsor
e4429532-4125-4734-8b4f-e37889222edf,Debra L. DeSimone,person,,ocd-person/7ef7472f-0bda-4708-9239-76adeca1e87e,ocd-bill/7d20e77e-b58f-43ed-8c03-4828a80e4ce7,False,cosponsor
661f1f72-0fc6-4ad5-b785-d332e07814f8,Werner D. Horn,person,,ocd-person/ab3fb5b5-85fb-441d-8b4f-09d52722175b,ocd-bill/d5a5fc05-8eb7-445c-a56d-4536d8d94c8b,True,primary
e97a8ef1-704d-49a7-9679-5406dd6cee21,Matthew D. Towne,person,,ocd-person/d8695b5b-9dff-44f0-80e0-3e3d6fc5c645,ocd-bill/387e4129-9dd6-421c-8b9d-0ad9441d886e,False,cosponsor
764272e5-2bca-4ec6-91f0-ae6a132db241,Jaci L. Grote,person,,ocd-person/26f01212-5287-4735-aa1f-77e4f0d2acb6,ocd-bill/387e4129-9dd6-421c-8b9d-0ad9441d886e,False,cosponsor
186a183d-db7f-40e4-b785-e303e12b5888,Tom Sherman,person,,ocd-person/ee95d0de-e55e-4733-ba97-0fde66adf65c,ocd-bill/387e4129-9dd6-421c-8b9d-0ad9441d886e,False,cosponsor
652e13fa-482a-49f2-aa7a-105189012700,Chuck W. Grassie,person,,ocd-person/8ee07d33-9189-4bfe-b1a1-e15c79fd1114,ocd-bill/387e4129-9dd6-421c-8b9d-0ad9441d886e,True,primary
d7775840-ea60-4a98-8cad-4de508a4f254,Judith T. Spang,person,,ocd-person/1c49114b-ec16-4617-8b35-f7ce02d6daa4,ocd-bill/387e4129-9dd6-421c-8b9d-0ad9441d886e,False,cosponsor
82dbd8e5-5563-4a78-8459-a05b26b0e442,Kate R. Murray,person,,ocd-person/79bb2147-ea4b-4706-8b38-ee2309613ea0,ocd-bill/c497c53f-40ed-4361-9c06-66e9c41d11f6,False,cosponsor
dd5d880f-97ef-4a8b-8e14-37f4dc4420a0,Rick M. Ladd,person,,ocd-person/1bd6c569-f2dd-4670-bf82-ef3ea4b15960,ocd-bill/c497c53f-40ed-4361-9c06-66e9c41d11f6,False,cosponsor
4394c15c-621e-4865-b881-eaf3f4720aeb,Laura C. Pantelakos,person,,ocd-person/957b326c-6910-4328-afcb-533b975c2202,ocd-bill/c497c53f-40ed-4361-9c06-66e9c41d11f6,True,primary
0ed23f14-1b55-4a8c-863c-3ca3079a5a5a,Martha Fuller Clark,person,,ocd-person/823e56cb-5c51-4a09-b060-93cdb7f7ac25,ocd-bill/c497c53f-40ed-4361-9c06-66e9c41d11f6,False,cosponsor
3c649139-73ea-4c54-99b9-4ed5cdb25d9b,Michelle St. John,person,,ocd-person/88437b11-b120-486d-83ac-60d88a97785f,ocd-bill/ea038c07-2833-4cff-9896-fb7ec2a0cfb6,False,cosponsor
2e8c0666-e664-4105-832d-fe79e6ce62fd,Kat McGhee,person,,ocd-person/4c8bec8a-e86d-4316-8b2e-2f8c4157cae5,ocd-bill/ea038c07-2833-4cff-9896-fb7ec2a0cfb6,True,primary
33a58f05-162d-4b64-8496-fc9d0c9e6890,Deanna E. Jurius,person,,ocd-person/59a4b4ce-cbf6-462e-a18f-582bb9af2c38,ocd-bill/a4b8ea27-9a3e-4bdf-9315-b8b1aef34507,True,primary
58e99f10-076b-47a2-bd68-977c7e3f2a6a,Joelle Martin,person,,ocd-person/ed48590f-6af4-4e9f-99d6-16227870b44f,ocd-bill/d85ea136-d1f3-4bb9-8579-c298862bd055,False,cosponsor
9f45a667-edd2-43e6-bbef-f1d33ca1b3be,Richard Ames,person,,ocd-person/47c165c7-ecd9-4b88-b9f7-2e58e8e290d4,ocd-bill/d85ea136-d1f3-4bb9-8579-c298862bd055,True,primary
fe38e33f-26c4-47d6-85f7-6fb7a584261c,Tom Sherman,person,,ocd-person/ee95d0de-e55e-4733-ba97-0fde66adf65c,ocd-bill/4fa6e668-1803-4f71-a3de-a4e7b1f88f31,False,cosponsor
af9e8052-4947-4f1e-8975-fd9132e2d395,James P. Gray,person,,ocd-person/e6443187-eb51-42eb-8bd7-349ed0ba9641,ocd-bill/4fa6e668-1803-4f71-a3de-a4e7b1f88f31,False,cosponsor
12f0b981-a723-4acc-b1bb-029d41ad8b5a,Bob J. Giuda,person,,ocd-person/7739a4d0-534e-4bdb-b7fb-6a8f348e833e,ocd-bill/4fa6e668-1803-4f71-a3de-a4e7b1f88f31,True,primary
dc86ebc9-b232-4b17-bc43-511623e683e5,Patricia S. Klee,person,,ocd-person/3a5791f9-bea1-4fa8-86bb-f54d2efaa86e,ocd-bill/4fa6e668-1803-4f71-a3de-a4e7b1f88f31,False,cosponsor
bb2295f2-22bc-4734-8363-e4c7b546d2fa,Reed A. Panasiti,person,,ocd-person/7a82814e-ffd2-4af0-b9b7-01d52a0492b0,ocd-bill/4fa6e668-1803-4f71-a3de-a4e7b1f88f31,False,cosponsor
e8ba047e-c288-4fd2-9216-646cdd85afc6,David H Watters,person,,ocd-person/cf24defe-6df3-49f3-88ca-c6774b144f19,ocd-bill/4fa6e668-1803-4f71-a3de-a4e7b1f88f31,False,cosponsor
189c0805-14b4-498b-8837-0fce332d19fc,Jeb Bradley,person,,ocd-person/3f5455e8-256e-4442-9c13-bc14f62ce76f,ocd-bill/4fa6e668-1803-4f71-a3de-a4e7b1f88f31,False,cosponsor
0cac0db6-3422-45fd-8a8a-04ffd729d16d,Martha Fuller Clark,person,,ocd-person/823e56cb-5c51-4a09-b060-93cdb7f7ac25,ocd-bill/4fa6e668-1803-4f71-a3de-a4e7b1f88f31,False,cosponsor
8b03e26c-8f61-46df-a608-34911e2618c9,Thomas C. Schamberg,person,,ocd-person/29eeecd3-79b7-489c-b1a5-ace913e619f2,ocd-bill/5b25818f-f506-46d1-8161-887111c61f10,True,primary
12363cec-2820-40ae-8bf6-90272812ea66,Jeanne Dietsch,person,,ocd-person/8e7e0c04-e019-4ffe-a281-18beee5d939f,ocd-bill/607654e7-112c-4dd6-a4d3-85f617062626,True,primary
6ff50707-285a-46b8-9b8e-b45a7165662f,Craig R. Thompson,person,,ocd-person/5295b45f-d39a-4375-9aff-3b5b1603fa2d,ocd-bill/607654e7-112c-4dd6-a4d3-85f617062626,False,cosponsor
7d9e3e3d-550b-4d3f-9a36-2347eb74a9f9,Edward A. Butler,person,,ocd-person/fd79da58-6089-4580-bef2-ad03fc7e6bde,ocd-bill/607654e7-112c-4dd6-a4d3-85f617062626,False,cosponsor
fe93b0c1-9dd1-420e-b0bc-7282c1e6521b,Jeb Bradley,person,,ocd-person/3f5455e8-256e-4442-9c13-bc14f62ce76f,ocd-bill/607654e7-112c-4dd6-a4d3-85f617062626,False,cosponsor
35e13cc8-ea35-45f1-a7da-220b802f102c,Tom Sherman,person,,ocd-person/ee95d0de-e55e-4733-ba97-0fde66adf65c,ocd-bill/de6f30e7-6e05-4504-998d-cbe22407c479,False,cosponsor
da88cc1f-5fdd-4134-bb75-bcbe32880540,Harold F. French,person,,ocd-person/ff11da65-174b-4fdc-b33c-e5d6d56602f0,ocd-bill/de6f30e7-6e05-4504-998d-cbe22407c479,True,primary
bc7cb58f-0508-4950-88a3-fc4d3ad7554b,John Reagan,person,,ocd-person/f516d40a-3676-4437-8285-a931d7c2885b,ocd-bill/de6f30e7-6e05-4504-998d-cbe22407c479,False,cosponsor
c8dd8bf6-601e-4b11-b473-44a1d482a5b2,David H Watters,person,,ocd-person/cf24defe-6df3-49f3-88ca-c6774b144f19,ocd-bill/de6f30e7-6e05-4504-998d-cbe22407c479,False,cosponsor
7164cb1f-5bbb-4c41-971c-9b7a91f7332e,Sharon M Carson,person,,ocd-person/00964fc0-dd57-44c3-87bf-b6d5bbc34560,ocd-bill/de6f30e7-6e05-4504-998d-cbe22407c479,False,cosponsor
0dcc4288-e320-4bc3-a158-cfed093f988b,Martha Fuller Clark,person,,ocd-person/823e56cb-5c51-4a09-b060-93cdb7f7ac25,ocd-bill/de6f30e7-6e05-4504-998d-cbe22407c479,False,cosponsor
fbab4343-aab4-4766-a598-ea47db102233,Lou D'Allesandro,person,,ocd-person/87c48788-817d-408b-a1e1-ebe1c9fd893d,ocd-bill/de6f30e7-6e05-4504-998d-cbe22407c479,False,cosponsor
6dd2eaeb-11d1-4675-8b52-e849678dc417,Jeanne Dietsch,person,,ocd-person/8e7e0c04-e019-4ffe-a281-18beee5d939f,ocd-bill/786b47e5-19de-4d0e-b32a-a560f0ff22ba,False,cosponsor
05decfad-51b3-46d7-adc6-d2623c55817e,Jaci L. Grote,person,,ocd-person/26f01212-5287-4735-aa1f-77e4f0d2acb6,ocd-bill/786b47e5-19de-4d0e-b32a-a560f0ff22ba,False,cosponsor
50fa7527-10a5-4b09-a46e-5f8b889d63f3,Jim V. Maggiore,person,,ocd-person/deb760cf-91f7-415c-949a-bab0c5311d6f,ocd-bill/786b47e5-19de-4d0e-b32a-a560f0ff22ba,False,cosponsor
661f8817-83e6-4cbe-9e51-4ad4fd7ee3b8,Tom Sherman,person,,ocd-person/ee95d0de-e55e-4733-ba97-0fde66adf65c,ocd-bill/786b47e5-19de-4d0e-b32a-a560f0ff22ba,False,cosponsor
a0fc7017-8f4e-4fc0-91bb-47f85634a217,Kate R. Murray,person,,ocd-person/79bb2147-ea4b-4706-8b38-ee2309613ea0,ocd-bill/786b47e5-19de-4d0e-b32a-a560f0ff22ba,False,cosponsor
f5c0923a-dd26-4914-849b-9843d5e52833,Tamara N. Le,person,,ocd-person/a0a449a7-07c5-49cb-b928-080ffa433cf3,ocd-bill/786b47e5-19de-4d0e-b32a-a560f0ff22ba,False,cosponsor
46d78ec8-cdd9-4f54-af35-3629c47bb2da,Martha Fuller Clark,person,,ocd-person/823e56cb-5c51-4a09-b060-93cdb7f7ac25,ocd-bill/786b47e5-19de-4d0e-b32a-a560f0ff22ba,True,primary
7b4c2238-3567-4a7a-9d36-d1daa6ac9d21,David C. Love,person,,ocd-person/1c956ef6-b705-4e9d-af0c-f66d6f44591e,ocd-bill/d63be260-1820-4b29-8b62-9f24fd7eeff8,True,primary
e915808d-221e-45b9-9a66-4803d9e5f319,Gary S. Hopper,person,,ocd-person/eeb7038b-aad5-45cc-9abe-57fa0757c41b,ocd-bill/d63be260-1820-4b29-8b62-9f24fd7eeff8,False,cosponsor
4a5e1d1c-70f0-4699-855a-e0a34b653184,Jeffrey P. Goley,person,,ocd-person/903e02f2-e17d-41f4-bd94-f91557c0e1fd,ocd-bill/d63be260-1820-4b29-8b62-9f24fd7eeff8,False,cosponsor
6ab2ff66-376b-49a2-bbfe-dc20cb996ab3,Craig R. Thompson,person,,ocd-person/5295b45f-d39a-4375-9aff-3b5b1603fa2d,ocd-bill/8623b00b-2dcb-4f91-9fe3-284a70ea8dd4,False,cosponsor
da0e7b31-2882-424a-9d71-3bcf9b542de8,Harold F. French,person,,ocd-person/ff11da65-174b-4fdc-b33c-e5d6d56602f0,ocd-bill/8623b00b-2dcb-4f91-9fe3-284a70ea8dd4,False,cosponsor
021ce642-a0ac-4fba-bd0e-a789590eee06,Bob J. Giuda,person,,ocd-person/7739a4d0-534e-4bdb-b7fb-6a8f348e833e,ocd-bill/8623b00b-2dcb-4f91-9fe3-284a70ea8dd4,False,cosponsor
a9e4ee26-c3e3-490d-98b0-2dbfacc81aa5,Howard C. Pearl,person,,ocd-person/c4122c6a-ed23-492e-b813-59a0fed1ec86,ocd-bill/8623b00b-2dcb-4f91-9fe3-284a70ea8dd4,True,primary
fd3a8fb2-0c4a-4952-9432-d9a2863a9586,John R. Plumer,person,,ocd-person/867ccf71-9ca1-47cf-9c4f-0c5f715c412e,ocd-bill/8623b00b-2dcb-4f91-9fe3-284a70ea8dd4,False,cosponsor
7cf07031-0d95-448f-bd39-636e63b12b04,Timothy P. Lang,person,,ocd-person/85064309-421e-4611-a6c5-800234db68fb,ocd-bill/8623b00b-2dcb-4f91-9fe3-284a70ea8dd4,False,cosponsor
e433c021-25c1-499a-9501-7cb30d6c4ba9,Carol M. McGuire,person,,ocd-person/ae3d6133-98b5-444e-b95e-2edc2f5302dc,ocd-bill/e844141d-a8b4-4b3d-bffb-4102cc79e09b,False,cosponsor
c3ebc1c5-ab4e-454f-ae7a-a1e90151dae4,William A. Hatch,person,,ocd-person/2bfaf69b-214f-40a6-9674-bdb68c23e9ff,ocd-bill/e844141d-a8b4-4b3d-bffb-4102cc79e09b,True,primary
3f07bff4-303d-4796-8823-881ba49e2ae9,Peter B. Schmidt,person,,ocd-person/16654889-3b48-44d6-a6d3-8da5d7a434f1,ocd-bill/e844141d-a8b4-4b3d-bffb-4102cc79e09b,False,cosponsor
05ffc51c-801c-4f10-b8d2-a520decc006c,John Reagan,person,,ocd-person/f516d40a-3676-4437-8285-a931d7c2885b,ocd-bill/e844141d-a8b4-4b3d-bffb-4102cc79e09b,False,cosponsor
72e379da-a197-4c18-bf8d-9d8838cae8cc,Samantha L. Fox,person,,ocd-person/7471e52d-b23c-4df4-b9c9-b7c3751ea3ce,ocd-bill/7b88f35e-031a-46c7-a142-5ca9314ed42c,True,primary
e8aa530d-67a3-49d6-b97d-65862e756bde,Matthew B. Wilhelm,person,,ocd-person/61d2e8f3-f2b9-4357-81af-fe982ee1821f,ocd-bill/7b88f35e-031a-46c7-a142-5ca9314ed42c,False,cosponsor
7ca24405-55da-4b1e-9ac0-205f10269d66,Jacqueline H. Chretien,person,,ocd-person/8e044671-4143-41a6-a341-6c8514bb2d66,ocd-bill/7b88f35e-031a-46c7-a142-5ca9314ed42c,False,cosponsor
cf8b5809-412f-445f-9aca-38c36d137912,Timothy Josephson,person,,ocd-person/62149ad2-7d4c-42b6-be2b-281618dd7c97,ocd-bill/7b88f35e-031a-46c7-a142-5ca9314ed42c,False,cosponsor
ebddd52b-df02-4886-8b8e-939a2835b380,Stephen L. Woodcock,person,,ocd-person/bdde38b3-3210-4b2d-890b-bbf2d2bf314a,ocd-bill/f1e71e5e-afe0-4fb2-9f77-446cbbe3bec5,False,cosponsor
20e10186-1a52-4e39-9797-aea60568b6ba,Harrison Kanzler,person,,ocd-person/c241cc6e-4081-404c-97f4-94378469a794,ocd-bill/f1e71e5e-afe0-4fb2-9f77-446cbbe3bec5,False,cosponsor
bfcb0f0c-c3cf-4009-bf0f-692697ff5672,Edward A. Butler,person,,ocd-person/fd79da58-6089-4580-bef2-ad03fc7e6bde,ocd-bill/f1e71e5e-afe0-4fb2-9f77-446cbbe3bec5,False,cosponsor
3f75289c-66b3-4650-9358-2d1f46d45d6a,Jeb Bradley,person,,ocd-person/3f5455e8-256e-4442-9c13-bc14f62ce76f,ocd-bill/f1e71e5e-afe0-4fb2-9f77-446cbbe3bec5,True,primary
e5c3f090-75e1-492b-9689-575e1914fe9d,Laura D. Telerski,person,,ocd-person/ac414b7c-45dc-48b6-9530-eaa8e80b124f,ocd-bill/611b0bdc-2904-4190-b501-a339753cf69f,False,cosponsor
b59847ba-0317-48d2-a994-97891a376d78,Bruce L. Cohen,person,,ocd-person/02abc1d7-340f-4cdd-b64d-4ce3cca59304,ocd-bill/611b0bdc-2904-4190-b501-a339753cf69f,False,cosponsor
4275f9d8-db39-46e2-a875-4546db427119,Skip J. Cleaver,person,,ocd-person/6edff50b-8390-4046-a376-214136ea64d9,ocd-bill/611b0bdc-2904-4190-b501-a339753cf69f,False,cosponsor
735f7644-9e9d-4f92-b784-e9b603948fe0,Mark R. King,person,,ocd-person/5b030cec-8315-49f4-901d-85fdb7423781,ocd-bill/611b0bdc-2904-4190-b501-a339753cf69f,False,cosponsor
e9f0397f-1c63-4296-afaf-dbc5d4ecf62f,Suzanne M. Vail,person,,ocd-person/ce985799-268d-4190-b078-955fc63a8c3c,ocd-bill/611b0bdc-2904-4190-b501-a339753cf69f,False,cosponsor
deafbd84-c7fc-40e5-9dd4-4b00952cec42,Michael B. O'Brien,person,,ocd-person/e15e323b-2d85-4272-9f1e-13d12b8c82f4,ocd-bill/611b0bdc-2904-4190-b501-a339753cf69f,True,primary
b2996160-35fd-4d0b-8943-042233765733,David R. Coursin,person,,ocd-person/f0fdb4f2-386d-4455-a1ee-2ac9f4eb970c,ocd-bill/9d26aa0e-5e5b-4ea8-97cb-9a7b3fb40a82,False,cosponsor
2856172a-305c-41e7-9be6-a258b4e293c5,Michelle St. John,person,,ocd-person/88437b11-b120-486d-83ac-60d88a97785f,ocd-bill/9d26aa0e-5e5b-4ea8-97cb-9a7b3fb40a82,False,cosponsor
557429f1-ddb7-4cbc-8f81-6cc2bad36718,Andrew J. Bouldin,person,,ocd-person/ad413289-53c5-4966-9f0f-fd392d95a827,ocd-bill/9d26aa0e-5e5b-4ea8-97cb-9a7b3fb40a82,False,cosponsor
031fe538-4188-4c5a-8d35-92604ad726c0,Kate R. Murray,person,,ocd-person/79bb2147-ea4b-4706-8b38-ee2309613ea0,ocd-bill/9d26aa0e-5e5b-4ea8-97cb-9a7b3fb40a82,False,cosponsor
9193b95e-be9f-4394-8655-958ee6bd6423,Kat McGhee,person,,ocd-person/4c8bec8a-e86d-4316-8b2e-2f8c4157cae5,ocd-bill/9d26aa0e-5e5b-4ea8-97cb-9a7b3fb40a82,False,cosponsor
10f4a816-f380-41cb-bfbe-e4975de76f78,David B. Doherty,person,,ocd-person/b2b46bdc-a9ee-4d6a-8535-93bea4190ddb,ocd-bill/9d26aa0e-5e5b-4ea8-97cb-9a7b3fb40a82,True,primary
b55472db-b439-4ffb-b184-309247057d59,Dianne E. Schuett,person,,ocd-person/62ff0476-f4e6-411f-a58e-2e7963cde2ab,ocd-bill/9d26aa0e-5e5b-4ea8-97cb-9a7b3fb40a82,False,cosponsor
d0aa58c7-f1c0-4a06-9bb4-6ffddd212e54,Cindy Rosenwald,person,,ocd-person/f3e949ce-6d98-4826-bbca-08039cea4ea4,ocd-bill/bebefd0f-b618-44be-b5dd-b530ccee282e,False,cosponsor
65557b0a-7ef8-4efc-9b7c-621d82c4c267,Jaci L. Grote,person,,ocd-person/26f01212-5287-4735-aa1f-77e4f0d2acb6,ocd-bill/bebefd0f-b618-44be-b5dd-b530ccee282e,False,cosponsor
c21b0a52-5007-4549-812b-f8a4d472d8a9,Megan A. Murray,person,,ocd-person/f1902aac-3930-478d-9e89-60cef8bcae0b,ocd-bill/bebefd0f-b618-44be-b5dd-b530ccee282e,False,cosponsor
007bc0d1-0b3b-41cd-8b3c-7e6ad63c9dda,Kristina M. Schultz,person,,ocd-person/8698b473-ea4e-4126-8766-a2b5b5878702,ocd-bill/bebefd0f-b618-44be-b5dd-b530ccee282e,False,cosponsor
9b1a42e1-6711-4cfa-93cd-65913aad90bc,Karen E. Ebel,person,,ocd-person/947e2e2b-04eb-4f92-9f83-aef8760517e0,ocd-bill/bebefd0f-b618-44be-b5dd-b530ccee282e,True,primary
fca3768b-b330-4cdb-aae5-8bbd14dfd7e3,David J. Danielson,person,,ocd-person/62c43933-5aea-4a05-9ac8-f26c688b2367,ocd-bill/bebefd0f-b618-44be-b5dd-b530ccee282e,False,cosponsor
7ef7bf47-4cc3-4a97-8b75-c6617e0ba215,Dianne E. Schuett,person,,ocd-person/62ff0476-f4e6-411f-a58e-2e7963cde2ab,ocd-bill/bebefd0f-b618-44be-b5dd-b530ccee282e,False,cosponsor
79b2f97b-0d5b-44fd-aae8-74ae99d4a166,David H Watters,person,,ocd-person/cf24defe-6df3-49f3-88ca-c6774b144f19,ocd-bill/bebefd0f-b618-44be-b5dd-b530ccee282e,False,cosponsor
48fffb64-5dff-4698-b4da-fd908546a24e,Martha Fuller Clark,person,,ocd-person/823e56cb-5c51-4a09-b060-93cdb7f7ac25,ocd-bill/bebefd0f-b618-44be-b5dd-b530ccee282e,False,cosponsor
bf2e3544-9acd-4d3b-83bb-c4a6ebceeefe,Jeanne Dietsch,person,,ocd-person/8e7e0c04-e019-4ffe-a281-18beee5d939f,ocd-bill/603f0d06-d491-40eb-a176-819e8eee695b,True,primary
bcfd83b0-905a-400e-bb4b-7ffad6d6b89c,Craig R. Thompson,person,,ocd-person/5295b45f-d39a-4375-9aff-3b5b1603fa2d,ocd-bill/35a1398b-1fd4-4cee-b440-0752ebcc41e7,False,cosponsor
118ac83b-d7ec-4f1f-9507-5bcf8d001880,Sparky Von Plinsky,person,,ocd-person/28f9b7e4-ec77-462a-8707-f9bedad6f32a,ocd-bill/35a1398b-1fd4-4cee-b440-0752ebcc41e7,False,cosponsor
4b6a7711-ce46-4fe8-bb8c-e6949a7ea224,Peter W. Bixby,person,,ocd-person/2c42e95c-0192-4910-9fc6-8a43b58c6467,ocd-bill/35a1398b-1fd4-4cee-b440-0752ebcc41e7,True,primary
4bb96811-6707-4eaf-8efb-f095d6683244,Wayne T. Moynihan,person,,ocd-person/51b991c2-a527-435c-a516-7490e43b2979,ocd-bill/35a1398b-1fd4-4cee-b440-0752ebcc41e7,False,cosponsor
d74e1624-e0d3-4d6d-a12a-5440b81f78fe,David H Watters,person,,ocd-person/cf24defe-6df3-49f3-88ca-c6774b144f19,ocd-bill/35a1398b-1fd4-4cee-b440-0752ebcc41e7,False,cosponsor
36ce32e5-8eec-44a4-abe3-d227aa8d4fbf,Patrick T. Long,person,,ocd-person/14d0ff58-3340-4344-bb79-c6acd5f8ba6c,ocd-bill/debb3985-8828-4033-a7a3-e91ca0c54a12,True,primary
a697a06e-c1ce-4a6d-9a34-22c3495c8c42,William L. Fowler,person,,ocd-person/20bf5a41-2a66-4d24-bc34-aef873b488cb,ocd-bill/ca377ef2-cc42-4c60-9035-8a17b07e595d,False,cosponsor
b38c7dd2-a936-4cb9-8aa6-d3bc63416217,Terry Roy,person,,ocd-person/6d43b165-fda9-4918-a2b7-ad66940062a0,ocd-bill/ca377ef2-cc42-4c60-9035-8a17b07e595d,False,cosponsor
61332163-862c-4bfb-aba1-09b989f42c00,Safiya Wazir,person,,ocd-person/a2975441-f5d1-4e95-8a4e-1d930fc16bc2,ocd-bill/ca377ef2-cc42-4c60-9035-8a17b07e595d,True,primary
097785c0-6962-456d-a0e5-c30eee9e165c,Betty I. Gay,person,,ocd-person/c2486401-1c5f-4cfc-b4ef-bbae6b8c0489,ocd-bill/ca377ef2-cc42-4c60-9035-8a17b07e595d,False,cosponsor
a4f13ec0-13c7-4ae5-b1cf-69bb2fb48010,Suzanne M. Vail,person,,ocd-person/ce985799-268d-4190-b078-955fc63a8c3c,ocd-bill/ca377ef2-cc42-4c60-9035-8a17b07e595d,False,cosponsor
557f4ee0-64d8-446e-82dc-dc8ad373e15f,Jack B. Flanagan,person,,ocd-person/6f569d92-87e9-4172-b4f0-e2e78aff07a6,ocd-bill/ca377ef2-cc42-4c60-9035-8a17b07e595d,False,cosponsor
2afa5898-4c05-43ae-878d-69cce8b63574,Mary Beth Walz,person,,ocd-person/aee31921-5d02-4da9-8e3e-3137b4bb8bf4,ocd-bill/ca377ef2-cc42-4c60-9035-8a17b07e595d,False,cosponsor
5a506620-b729-4cdd-99dd-caf8a4c58fd7,Michael D. Harrington,person,,ocd-person/21e95dbc-c226-4f4a-9fa2-8f5b374d0a98,ocd-bill/8b728060-ad4b-48b3-a60b-e4a341f3cc70,True,primary
08b77a41-7351-4ff3-be33-3f9b0501963d,Harry H. Bean,person,,ocd-person/5a633278-e4a7-4a58-9c9d-2d917deefd40,ocd-bill/15d0483e-683f-4ff4-9b9c-a61c2c702132,True,primary
a272eeb1-331c-4529-be49-b43226693069,Peter B. Schmidt,person,,ocd-person/16654889-3b48-44d6-a6d3-8da5d7a434f1,ocd-bill/9952ceb0-27e0-4d73-8935-0b32359eafd2,True,primary
be33e7b6-3525-4307-a9b4-0c892b8e1966,Jon Morgan,person,,ocd-person/f169c82a-7120-4d67-85d4-d5ff21cd44ef,ocd-bill/7ff56cad-b6ca-46b5-8efd-8b4c1ea55c6b,False,cosponsor
b9c66fa5-c799-40a9-9d44-8d7658a70dbc,Gary Merchant,person,,ocd-person/78078880-ab6f-4f87-b095-8b85c31f1780,ocd-bill/7ff56cad-b6ca-46b5-8efd-8b4c1ea55c6b,False,cosponsor
a77d28eb-37b4-4a64-bcee-3d10f8b3622f,Gary L. Woods,person,,ocd-person/5d98b66b-f4d1-4776-953f-67dc348fdd12,ocd-bill/7ff56cad-b6ca-46b5-8efd-8b4c1ea55c6b,False,cosponsor
acdfae49-f2ad-435d-9802-64905af338a2,Mark A. Pearson,person,,,ocd-bill/7ff56cad-b6ca-46b5-8efd-8b4c1ea55c6b,True,primary
7b6eb007-9c21-4e14-ac1f-73983aa1b0d9,William M. Marsh,person,,ocd-person/22006937-f2ca-4a2e-b92a-457777933dc7,ocd-bill/7ff56cad-b6ca-46b5-8efd-8b4c1ea55c6b,False,cosponsor
cc5f7944-7360-4b5a-a4cb-a87e28b0dd35,Regina Birdsell,person,,ocd-person/461c9024-c8c3-44a5-91d6-015a6587db5f,ocd-bill/7ff56cad-b6ca-46b5-8efd-8b4c1ea55c6b,False,cosponsor
e8e861b3-c769-423b-a983-381c0ed88176,Glenn Cordelli,person,,ocd-person/c8aa2951-dea0-4999-9b6a-6323d9917e0b,ocd-bill/7ff56cad-b6ca-46b5-8efd-8b4c1ea55c6b,False,cosponsor
c3612a63-70a1-4b65-896c-0329027d935c,Marjorie A. Porter,person,,ocd-person/0999b615-be84-4309-b4ca-68261c1155ab,ocd-bill/7ff56cad-b6ca-46b5-8efd-8b4c1ea55c6b,False,cosponsor
d58f1307-3316-4f58-9e54-ff1cdd0b020e,Larry G. Gagne,person,,ocd-person/26d443c0-53fe-480b-bf4c-7b7a28a109e9,ocd-bill/7ff56cad-b6ca-46b5-8efd-8b4c1ea55c6b,False,cosponsor
ca6a6d9a-81a5-44c8-9db4-d78abd93fb3e,Robert Renny Cushing,person,,ocd-person/cdb3279c-243a-4ca0-8e83-fcb10a975736,ocd-bill/7ff56cad-b6ca-46b5-8efd-8b4c1ea55c6b,False,cosponsor
c18f0730-93c7-49aa-96a7-013176f62c25,Norman L. Major,person,,ocd-person/f210808d-53ac-4e23-ade2-7bdb60a8e559,ocd-bill/7ff56cad-b6ca-46b5-8efd-8b4c1ea55c6b,False,cosponsor
6605d5f8-1e2d-46e8-b246-da3b9f1b97c9,Jeb Bradley,person,,ocd-person/3f5455e8-256e-4442-9c13-bc14f62ce76f,ocd-bill/7ff56cad-b6ca-46b5-8efd-8b4c1ea55c6b,False,cosponsor
74ec5e29-39f2-42ca-9795-77113dc89e4b,Lou D'Allesandro,person,,ocd-person/87c48788-817d-408b-a1e1-ebe1c9fd893d,ocd-bill/7ff56cad-b6ca-46b5-8efd-8b4c1ea55c6b,False,cosponsor
2e606407-10d8-4729-a2db-50bd3b822d54,William L. Fowler,person,,ocd-person/20bf5a41-2a66-4d24-bc34-aef873b488cb,ocd-bill/446a7998-4e13-463b-8bb8-8ebd2f36098a,True,primary
e192c7a8-522a-498d-a930-0713c10e3908,Max Abramson,person,,ocd-person/a2248bc0-9253-48d8-9ee2-d9c0b6fbc800,ocd-bill/446a7998-4e13-463b-8bb8-8ebd2f36098a,False,cosponsor
1c836266-5ef6-47b9-ac66-21f164c331bb,Dennis M. Ruprecht,person,,ocd-person/4aad7fb1-f234-412e-9252-3cdba3896cdb,ocd-bill/13553e34-43a7-4c34-b530-6ee96afa004e,False,cosponsor
834e5380-9a26-4a0b-a1c7-a34cf5ee24f0,Elaine H. French,person,,ocd-person/c7a629ed-523e-4f6e-884f-fbb9dbb2a406,ocd-bill/13553e34-43a7-4c34-b530-6ee96afa004e,False,cosponsor
f9524f41-00aa-4473-b677-0a20b0887117,Laurel Stavis,person,,ocd-person/90ca1969-94b3-4c8d-b712-e00e48a7a671,ocd-bill/13553e34-43a7-4c34-b530-6ee96afa004e,False,cosponsor
47d5f114-f90b-493d-865f-473502344341,Kevin G. Maes,person,,ocd-person/e056df72-1c0e-4c3e-b91b-6c5742f912bc,ocd-bill/13553e34-43a7-4c34-b530-6ee96afa004e,False,cosponsor
95bcd3bd-0ada-4f44-9601-8335e4c25bd0,Linda A. Massimilla,person,,ocd-person/c018f667-a248-4b79-b8be-63740191e1ff,ocd-bill/13553e34-43a7-4c34-b530-6ee96afa004e,False,cosponsor
2b4b33cf-685b-4f40-95ee-092bda9aacbf,Suzanne J. Smith,person,,ocd-person/6a75f502-50fd-47e7-8160-1fce1205550e,ocd-bill/13553e34-43a7-4c34-b530-6ee96afa004e,False,cosponsor
8ef2c2e1-561c-4b79-8250-8c983a1625a0,Rick M. Ladd,person,,ocd-person/1bd6c569-f2dd-4670-bf82-ef3ea4b15960,ocd-bill/13553e34-43a7-4c34-b530-6ee96afa004e,False,cosponsor
fddccc6b-4335-4126-9cdb-4066530261b3,Susan W. Almy,person,,ocd-person/e13283b4-defe-4f4e-8e67-4d89b8e3790c,ocd-bill/13553e34-43a7-4c34-b530-6ee96afa004e,False,cosponsor
43fd4d3d-dffb-4adb-bdb4-7181c6a5ae37,Sharon L. Nordgren,person,,ocd-person/21d388d8-9203-4ffb-a4f5-66f843484349,ocd-bill/13553e34-43a7-4c34-b530-6ee96afa004e,False,cosponsor
4d52a70d-743b-4460-8871-3a2c22aad43b,Jay Kahn,person,,ocd-person/998e681b-6df1-4b4a-92db-7a2187cedcd8,ocd-bill/2634cdee-ab41-4707-a1b7-6515b32fe208,False,cosponsor
1bbf1a32-3c53-4774-a52e-7303fdd14dfa,Lee Walker Oxenham,person,,ocd-person/f3fb87b7-7fb5-432a-9fb2-bd15170f1275,ocd-bill/2634cdee-ab41-4707-a1b7-6515b32fe208,False,cosponsor
091f2ca8-b2d7-4af5-a4bb-fdf4962cb122,Carol M. McGuire,person,,ocd-person/ae3d6133-98b5-444e-b95e-2edc2f5302dc,ocd-bill/2634cdee-ab41-4707-a1b7-6515b32fe208,True,primary
f56cb6c2-86c1-44ce-90e1-7ed7b03ef72e,Peter B. Schmidt,person,,ocd-person/16654889-3b48-44d6-a6d3-8da5d7a434f1,ocd-bill/2634cdee-ab41-4707-a1b7-6515b32fe208,False,cosponsor
647fc531-9551-477a-8eb2-4507977b0f95,John Reagan,person,,ocd-person/f516d40a-3676-4437-8285-a931d7c2885b,ocd-bill/2634cdee-ab41-4707-a1b7-6515b32fe208,False,cosponsor
6033882c-a58d-49e5-94ce-1134fd4c4331,Jordan G. Ulery,person,,ocd-person/31f696d4-f806-4eb3-a8ce-5b1d2a2eba93,ocd-bill/682e4bf6-6a93-4784-8862-96b1e940ee44,True,primary
ef97adf4-6bce-43e5-8907-e0db829afdad,Alicia D. Lekas,person,,ocd-person/50bcd6fc-7d60-4595-811c-213e18faf326,ocd-bill/f69c0fff-abf1-41d7-a338-269c6da6080c,False,cosponsor
a2f3e291-8a88-42ba-967b-265e62f46522,Glenn Cordelli,person,,ocd-person/c8aa2951-dea0-4999-9b6a-6323d9917e0b,ocd-bill/f69c0fff-abf1-41d7-a338-269c6da6080c,True,primary
c5a3c0ec-f587-48c7-9a80-2c831992abfb,Rick M. Ladd,person,,ocd-person/1bd6c569-f2dd-4670-bf82-ef3ea4b15960,ocd-bill/f69c0fff-abf1-41d7-a338-269c6da6080c,False,cosponsor
4eaff9d5-2ea3-4c15-a070-411941793e62,Ralph G. Boehm,person,,ocd-person/ac6ce16b-a462-4727-8e4b-724c7c19e58c,ocd-bill/f69c0fff-abf1-41d7-a338-269c6da6080c,False,cosponsor
20a332f8-3c8f-46aa-9c19-464190ed5078,Barbara E. Shaw,person,,ocd-person/9b77c06c-a6d3-40b9-b7b7-22e7a198a8ee,ocd-bill/f69c0fff-abf1-41d7-a338-269c6da6080c,False,cosponsor
3baf1adb-e840-498d-9340-e20238e9156b,Ed C. Comeau,person,,ocd-person/267f7af8-fae1-4e42-bb0e-1eba88751a90,ocd-bill/f9568ebf-e702-43ec-98ac-886bf6a031ee,False,cosponsor
0bc76e6a-eab5-45d4-b49f-ce73d091a978,John A. Burt,person,,ocd-person/084e4187-cca0-4f45-ac5a-8514056e94a6,ocd-bill/f9568ebf-e702-43ec-98ac-886bf6a031ee,False,cosponsor
cb900038-e2ff-49e0-b88c-864b8508b5bb,John Reagan,person,,ocd-person/f516d40a-3676-4437-8285-a931d7c2885b,ocd-bill/f9568ebf-e702-43ec-98ac-886bf6a031ee,False,cosponsor
71493274-078c-498c-bc88-7e8ba95c31e2,Elaine H. French,person,,ocd-person/c7a629ed-523e-4f6e-884f-fbb9dbb2a406,ocd-bill/aa05b4f6-cbb3-4677-997a-e6d51334b5e2,False,cosponsor
5c8cad88-2aca-4fbc-9464-41eb8e4b1a91,Troy E. Merner,person,,ocd-person/729664f2-12c4-4c70-82a5-fee852813a0c,ocd-bill/aa05b4f6-cbb3-4677-997a-e6d51334b5e2,True,primary
31f9cf8a-b555-4fa7-a024-3e78d35a3f8f,Kat McGhee,person,,ocd-person/4c8bec8a-e86d-4316-8b2e-2f8c4157cae5,ocd-bill/aa05b4f6-cbb3-4677-997a-e6d51334b5e2,False,cosponsor
021f2cab-c48a-42cb-9622-cb6c6658f11c,Patricia S. Klee,person,,ocd-person/3a5791f9-bea1-4fa8-86bb-f54d2efaa86e,ocd-bill/3634e6ce-2d79-46ba-80f1-70bf20db31f7,False,cosponsor
c26a3d79-c4f2-40f6-8090-fc4be162fa13,Janice E. Schmidt,person,,ocd-person/ec374833-801f-4c21-9261-67cdefc1ba44,ocd-bill/3634e6ce-2d79-46ba-80f1-70bf20db31f7,True,primary
78b3ea0c-4c43-4027-ac56-0d383e863027,Michael B. O'Brien,person,,ocd-person/e15e323b-2d85-4272-9f1e-13d12b8c82f4,ocd-bill/3634e6ce-2d79-46ba-80f1-70bf20db31f7,False,cosponsor
41110842-50c0-4db3-aebf-ccf694a1838a,Timothy O. Horrigan,person,,ocd-person/2a11a559-c16e-4211-82ea-215951d74c1f,ocd-bill/ceab40c6-61a7-4751-ab7d-5e27a3743ab2,True,primary
193f86ca-5228-45d9-b8f8-e902b2edcde0,Werner D. Horn,person,,ocd-person/ab3fb5b5-85fb-441d-8b4f-09d52722175b,ocd-bill/0e499bfe-6333-491c-900b-31c8059fb3e2,True,primary
0d615df3-fa64-48e9-81d7-e8377b379a52,James P. Gray,person,,ocd-person/e6443187-eb51-42eb-8bd7-349ed0ba9641,ocd-bill/61c1ecba-c29d-45bf-9588-c0bc2bc57bcb,False,cosponsor
670ef7a4-7c29-4159-a05f-559677ee4fc5,Jerry L. Knirk,person,,ocd-person/ce0bd184-d264-46d8-87fc-f2590e2a1ed1,ocd-bill/61c1ecba-c29d-45bf-9588-c0bc2bc57bcb,False,cosponsor
23b263d7-a654-4de6-a233-6135b9dc051a,William M. Marsh,person,,ocd-person/22006937-f2ca-4a2e-b92a-457777933dc7,ocd-bill/61c1ecba-c29d-45bf-9588-c0bc2bc57bcb,False,cosponsor
eebc6ab2-bd70-4c80-81b1-c08a22e98e6d,Jeb Bradley,person,,ocd-person/3f5455e8-256e-4442-9c13-bc14f62ce76f,ocd-bill/61c1ecba-c29d-45bf-9588-c0bc2bc57bcb,True,primary
711be900-5819-4fa4-99e5-4b43e4533886,Henry W. Noel,person,,ocd-person/45f66764-aad6-4251-9c18-a311607d9cef,ocd-bill/da402e0b-3711-4f36-9e77-a84e9db218bb,False,cosponsor
003225d8-9ce0-43b7-87c6-be29ab6fc8a2,Larry L. Laflamme,person,,ocd-person/86b73f08-dd73-4ee5-85b4-7418eaf27c8b,ocd-bill/da402e0b-3711-4f36-9e77-a84e9db218bb,True,primary
018133af-5876-4074-93d1-cc1520eb1385,David J. Luneau,person,,ocd-person/c3c9bb99-9512-4bec-be04-d8b29ea96f3e,ocd-bill/da402e0b-3711-4f36-9e77-a84e9db218bb,False,cosponsor
911caee0-4626-4b37-a9f2-f4276d02d944,Jeb Bradley,person,,ocd-person/3f5455e8-256e-4442-9c13-bc14f62ce76f,ocd-bill/da402e0b-3711-4f36-9e77-a84e9db218bb,False,cosponsor
715ccf69-af4d-4d02-9cef-63788e341ba7,Michael J. Sylvia,person,,ocd-person/2e6feb2e-6f22-4909-b907-93f4c0f9ae9b,ocd-bill/d465a37f-86ff-4299-ad5a-4f1f9e8fd6c1,True,primary
8926f4e7-36bb-413e-b550-144f87e57cfe,Jeanne Dietsch,person,,ocd-person/8e7e0c04-e019-4ffe-a281-18beee5d939f,ocd-bill/383693dd-c5c8-4fbe-add8-002696dee83c,False,cosponsor
34a59196-2d5c-42cf-8686-e0875a302726,Bob J. Giuda,person,,ocd-person/7739a4d0-534e-4bdb-b7fb-6a8f348e833e,ocd-bill/383693dd-c5c8-4fbe-add8-002696dee83c,True,primary
87b229a1-9b82-4cd5-bda7-1b5e38891f8b,Patricia T. Lovejoy,person,,ocd-person/7c88eae9-feb0-494a-b1de-68307b3162ae,ocd-bill/383693dd-c5c8-4fbe-add8-002696dee83c,False,cosponsor
3bb7bba8-60f1-43a4-a423-b0227f42357e,Susan W. Almy,person,,ocd-person/e13283b4-defe-4f4e-8e67-4d89b8e3790c,ocd-bill/383693dd-c5c8-4fbe-add8-002696dee83c,False,cosponsor
401e84b7-f023-4a72-b7b9-38ce03b18e8e,Norman L. Major,person,,ocd-person/f210808d-53ac-4e23-ade2-7bdb60a8e559,ocd-bill/383693dd-c5c8-4fbe-add8-002696dee83c,False,cosponsor
c78ec141-63dd-41e2-afd1-2a536b206b45,Shannon E Chandley,person,,,ocd-bill/b48af911-4423-446d-a843-22124cf57dc2,False,cosponsor
f015fa3b-6c90-432a-bc56-6c66c044b07f,Megan A. Murray,person,,ocd-person/f1902aac-3930-478d-9e89-60cef8bcae0b,ocd-bill/b48af911-4423-446d-a843-22124cf57dc2,True,primary
be854893-fa4a-439e-9615-1b9b63d73670,Wendy E.N. Thomas,person,,ocd-person/2375b05c-cf9a-4f1b-a4b0-194fac6d86bf,ocd-bill/b48af911-4423-446d-a843-22124cf57dc2,False,cosponsor
1f686d31-f1a8-4c1d-b290-cf864b33c0a3,Reed A. Panasiti,person,,ocd-person/7a82814e-ffd2-4af0-b9b7-01d52a0492b0,ocd-bill/b48af911-4423-446d-a843-22124cf57dc2,False,cosponsor
b1bd9c17-0aa7-4416-9203-c08519937c58,Peter W. Bixby,person,,ocd-person/2c42e95c-0192-4910-9fc6-8a43b58c6467,ocd-bill/b48af911-4423-446d-a843-22124cf57dc2,False,cosponsor
314c47eb-0dce-435b-877d-7b23dbb1bf81,Melanie Levesque,person,,ocd-person/282926cd-63f0-4ac4-ad16-5e96eb1c4e0b,ocd-bill/563c2128-720a-46b1-8c68-b821968fa710,True,primary
a4d85979-2790-4f9e-8e35-0e4f9d83faf9,Tom Sherman,person,,ocd-person/ee95d0de-e55e-4733-ba97-0fde66adf65c,ocd-bill/563c2128-720a-46b1-8c68-b821968fa710,False,cosponsor
7c84e62f-9870-4241-8c03-d4569de662d1,Martha S. Hennessey,person,,ocd-person/f2700034-7f3d-4834-bb66-b848a7ca748a,ocd-bill/563c2128-720a-46b1-8c68-b821968fa710,False,cosponsor
814a3b93-d86e-401b-ac38-a8ec505a7935,Skip J. Cleaver,person,,ocd-person/6edff50b-8390-4046-a376-214136ea64d9,ocd-bill/563c2128-720a-46b1-8c68-b821968fa710,False,cosponsor
c76d58eb-cb92-4670-8a93-98f0b552b42c,Julie Radhakrishnan,person,,ocd-person/79f9410e-748e-4a05-a48f-047fef64d1cf,ocd-bill/563c2128-720a-46b1-8c68-b821968fa710,False,cosponsor
cabe0ad0-fccf-4029-9196-75b90c89d8a4,Martha Fuller Clark,person,,ocd-person/823e56cb-5c51-4a09-b060-93cdb7f7ac25,ocd-bill/563c2128-720a-46b1-8c68-b821968fa710,False,cosponsor
b9165a0f-bc56-46e2-8280-f08456efb11c,Jon Morgan,person,,ocd-person/f169c82a-7120-4d67-85d4-d5ff21cd44ef,ocd-bill/15f6d5d5-dba1-4545-9a72-2710a7661c25,False,cosponsor
39d0f0b3-352d-4eaa-8e11-ebe6763ca957,Cindy Rosenwald,person,,ocd-person/f3e949ce-6d98-4826-bbca-08039cea4ea4,ocd-bill/15f6d5d5-dba1-4545-9a72-2710a7661c25,False,cosponsor
cbffcabd-2d70-421c-82be-257eb7bda02b,Tom Sherman,person,,ocd-person/ee95d0de-e55e-4733-ba97-0fde66adf65c,ocd-bill/15f6d5d5-dba1-4545-9a72-2710a7661c25,True,primary
316d6ab9-a283-4f5e-b423-72850304ec67,Jay Kahn,person,,ocd-person/998e681b-6df1-4b4a-92db-7a2187cedcd8,ocd-bill/15f6d5d5-dba1-4545-9a72-2710a7661c25,False,cosponsor
a2802243-5a8d-4fb7-8265-4efd95b23e8d,William M. Marsh,person,,ocd-person/22006937-f2ca-4a2e-b92a-457777933dc7,ocd-bill/15f6d5d5-dba1-4545-9a72-2710a7661c25,False,cosponsor
21d6910e-10e7-4a85-bb05-f6103bd96cd0,Timothy O. Horrigan,person,,ocd-person/2a11a559-c16e-4211-82ea-215951d74c1f,ocd-bill/af6cb669-4d78-4c4d-a0d9-f4e944e72204,True,primary
f10ca866-76d3-4c8f-9c6f-254787b6d243,Janet G. Wall,person,,ocd-person/2830876f-1a4d-4332-ae2a-a97607c4e1b9,ocd-bill/af6cb669-4d78-4c4d-a0d9-f4e944e72204,False,cosponsor
9e14a550-e77b-400a-aea4-9a7d7d2995b2,Tony Lekas,person,,ocd-person/97ccf8c1-af1c-4a3c-b267-683d0446b790,ocd-bill/137ef7e0-7d9d-457a-8233-4513c5eee810,False,cosponsor
d8a1aa57-83e2-4ed1-a675-b7a715fe61e2,Kurt F. Wuelper,person,,ocd-person/27f3432f-2a51-4a39-b9c4-814718ae87ed,ocd-bill/137ef7e0-7d9d-457a-8233-4513c5eee810,False,cosponsor
ccf18f85-32fb-4f1c-9d66-51d4458395c9,Carol M. McGuire,person,,ocd-person/ae3d6133-98b5-444e-b95e-2edc2f5302dc,ocd-bill/137ef7e0-7d9d-457a-8233-4513c5eee810,True,primary
177f70ef-1475-45c8-9555-f4a88c9bb30f,Cindy Rosenwald,person,,ocd-person/f3e949ce-6d98-4826-bbca-08039cea4ea4,ocd-bill/05479b24-6dc8-4782-93de-f923a20c65b5,False,cosponsor
0348a345-fa25-436c-bb63-e0ebfb7a8dac,Wendy Chase,person,,ocd-person/c24da601-15f1-482c-a234-f8443056c77a,ocd-bill/05479b24-6dc8-4782-93de-f923a20c65b5,False,cosponsor
f99aab38-9658-46a4-8a85-6d777d444c4c,Jaci L. Grote,person,,ocd-person/26f01212-5287-4735-aa1f-77e4f0d2acb6,ocd-bill/05479b24-6dc8-4782-93de-f923a20c65b5,False,cosponsor
b2a077d8-0f3f-486f-a8c3-8396d2029613,Constance Van Houten,person,,ocd-person/5e54c6e7-01cb-42c8-b3ed-8137e6c995fd,ocd-bill/05479b24-6dc8-4782-93de-f923a20c65b5,False,cosponsor
4a4489e4-86bc-478d-9ed2-7045507c3edd,William M. Marsh,person,,ocd-person/22006937-f2ca-4a2e-b92a-457777933dc7,ocd-bill/05479b24-6dc8-4782-93de-f923a20c65b5,False,cosponsor
bc3a9afb-c15a-45d5-a0b8-1c22972eff95,Rebecca Susan McBeath,person,,ocd-person/e38b81bb-9bf6-4ace-bc4e-898732105d5d,ocd-bill/05479b24-6dc8-4782-93de-f923a20c65b5,True,primary
b5c9e3bb-90a1-49b6-bf05-7c3807c863c7,Laura C. Pantelakos,person,,ocd-person/957b326c-6910-4328-afcb-533b975c2202,ocd-bill/05479b24-6dc8-4782-93de-f923a20c65b5,False,cosponsor
6b35c4f6-20a2-4ff2-90c5-04bd188ae3c8,Harold F. French,person,,ocd-person/ff11da65-174b-4fdc-b33c-e5d6d56602f0,ocd-bill/164d8dce-35af-473d-a807-e0ee70271e5f,True,primary
ac6b201a-b1b2-494a-bc7f-d98711e22d54,Ruth Ward,person,,ocd-person/9089a509-1f26-4770-adc6-199ed716e692,ocd-bill/164d8dce-35af-473d-a807-e0ee70271e5f,False,cosponsor
91238fdf-a978-4251-92a8-40ff243b147c,Bob J. Giuda,person,,ocd-person/7739a4d0-534e-4bdb-b7fb-6a8f348e833e,ocd-bill/164d8dce-35af-473d-a807-e0ee70271e5f,False,cosponsor
880179e0-bf30-475c-8dd9-353d8db7eb33,Gregory G. Hill,person,,ocd-person/852df922-484b-412f-a604-c2d67efee5ec,ocd-bill/164d8dce-35af-473d-a807-e0ee70271e5f,False,cosponsor
8eb2a595-09ce-44b8-ab5d-04df2758d499,Glenn Cordelli,person,,ocd-person/c8aa2951-dea0-4999-9b6a-6323d9917e0b,ocd-bill/164d8dce-35af-473d-a807-e0ee70271e5f,False,cosponsor
35235244-fd1e-45f3-8f73-020cd438488f,Rick M. Ladd,person,,ocd-person/1bd6c569-f2dd-4670-bf82-ef3ea4b15960,ocd-bill/164d8dce-35af-473d-a807-e0ee70271e5f,False,cosponsor
f182ab87-5b03-48cc-a00c-d67e6f9a3d82,Lynne M. Ober,person,,ocd-person/e1ff7dcf-ec5f-42ab-a7c2-81092820a3ae,ocd-bill/164d8dce-35af-473d-a807-e0ee70271e5f,False,cosponsor
a7faf96c-7a3d-4336-a9eb-52691f1a5e56,Kenneth L. Weyler,person,,ocd-person/e2f9dd7e-b221-4cf0-b7de-5daa70658669,ocd-bill/164d8dce-35af-473d-a807-e0ee70271e5f,False,cosponsor
93b4dd4c-dcdc-47da-9ee6-3bb9f82cb9f8,John Reagan,person,,ocd-person/f516d40a-3676-4437-8285-a931d7c2885b,ocd-bill/164d8dce-35af-473d-a807-e0ee70271e5f,False,cosponsor
8ea3eb54-f160-405a-97f7-b757c36cb0e4,Jeb Bradley,person,,ocd-person/3f5455e8-256e-4442-9c13-bc14f62ce76f,ocd-bill/164d8dce-35af-473d-a807-e0ee70271e5f,False,cosponsor
c1b8375f-b414-43f6-afae-639788061b8f,Sharon M Carson,person,,ocd-person/00964fc0-dd57-44c3-87bf-b6d5bbc34560,ocd-bill/164d8dce-35af-473d-a807-e0ee70271e5f,False,cosponsor
4c27ebd5-c7e5-41a3-8a47-7db8fea0b6e5,Martha Fuller Clark,person,,ocd-person/823e56cb-5c51-4a09-b060-93cdb7f7ac25,ocd-bill/164d8dce-35af-473d-a807-e0ee70271e5f,False,cosponsor
e6596ebb-f7f2-4762-9b5c-b03d6764adca,William L. Fowler,person,,ocd-person/20bf5a41-2a66-4d24-bc34-aef873b488cb,ocd-bill/5be0b6f2-3f7b-40a6-81f8-9de4c763f632,False,cosponsor
26b0e667-0d2a-4476-a6ff-a1ccd98eb2e3,Max Abramson,person,,ocd-person/a2248bc0-9253-48d8-9ee2-d9c0b6fbc800,ocd-bill/5be0b6f2-3f7b-40a6-81f8-9de4c763f632,True,primary
6275e5b4-3100-45c1-a32c-85cc67d780c9,Jon Morgan,person,,ocd-person/f169c82a-7120-4d67-85d4-d5ff21cd44ef,ocd-bill/dbdb5f5b-c1ea-4987-8909-6235b0945b8b,False,cosponsor
9f48639d-9868-486d-96ef-de8acdd95a6f,Harold F. French,person,,ocd-person/ff11da65-174b-4fdc-b33c-e5d6d56602f0,ocd-bill/dbdb5f5b-c1ea-4987-8909-6235b0945b8b,True,primary
c16a92b3-9a2f-414f-942e-fdcb0b265d8f,John M. Potucek,person,,ocd-person/433c67d6-bfdc-410e-87e2-463c93d55a17,ocd-bill/dbdb5f5b-c1ea-4987-8909-6235b0945b8b,False,cosponsor
ccda0682-0147-4e7b-8e69-49e02a3caf84,Christy D. Bartlett,person,,ocd-person/59afcf2a-d688-4495-a53d-b10faeffd222,ocd-bill/dbdb5f5b-c1ea-4987-8909-6235b0945b8b,False,cosponsor
5e55d1e7-ba6c-4cbe-a43b-80ef79e6f1e0,Deborah L. Hobson,person,,ocd-person/6e4aa2d5-d1c7-4009-950f-e5ebedea7189,ocd-bill/c5c60e2d-aeca-44f7-9f9c-34139033d404,False,cosponsor
6bd4c649-5866-41c7-9adc-60bd4b90c9f1,Rosemarie Rung,person,,ocd-person/1a5923c6-3e1f-4ebe-8739-17c9e9642403,ocd-bill/c5c60e2d-aeca-44f7-9f9c-34139033d404,True,primary
e3701345-ffec-42b8-8f16-8c9f5a9e8da0,Betty I. Gay,person,,ocd-person/c2486401-1c5f-4cfc-b4ef-bbae6b8c0489,ocd-bill/c5c60e2d-aeca-44f7-9f9c-34139033d404,False,cosponsor
03c9bfc1-2adf-4086-8433-5404e02ec638,Kristina M. Schultz,person,,ocd-person/8698b473-ea4e-4126-8766-a2b5b5878702,ocd-bill/b6f80a94-ddc5-4f9e-8e51-ea1fa99fa853,False,cosponsor
be0d199e-6922-41e3-b5f4-955eeffcf2fd,Howard C. Pearl,person,,ocd-person/c4122c6a-ed23-492e-b813-59a0fed1ec86,ocd-bill/b6f80a94-ddc5-4f9e-8e51-ea1fa99fa853,False,cosponsor
341bb043-c299-49db-bf6c-330d88e9ca2c,Dianne E. Schuett,person,,ocd-person/62ff0476-f4e6-411f-a58e-2e7963cde2ab,ocd-bill/b6f80a94-ddc5-4f9e-8e51-ea1fa99fa853,True,primary
81917d7f-66ba-4173-a109-b63aaa481f5a,Tom J. Loughman,person,,ocd-person/49ec8a23-3fec-4d61-a917-be7780438d71,ocd-bill/c5e16163-eaae-4464-a0eb-13f0aa8ec653,False,cosponsor
0049e258-915b-4f6a-a94d-7a5f4f266da8,Joe H. Alexander,person,,ocd-person/e7800d58-1019-4aff-8d1a-22faba9d3e23,ocd-bill/c5e16163-eaae-4464-a0eb-13f0aa8ec653,False,cosponsor
9025fefd-d685-4035-aff4-9909c18091e7,Willis T. Griffith,person,,ocd-person/db50036f-5c7f-4cec-a250-3be2e3ca394c,ocd-bill/c5e16163-eaae-4464-a0eb-13f0aa8ec653,True,primary
3fbe257d-90f1-4f5e-8584-83e77268f21b,Erin T. Hennessey,person,,ocd-person/91d16c36-2236-4bef-8009-004bd036c22a,ocd-bill/c5e16163-eaae-4464-a0eb-13f0aa8ec653,False,cosponsor
cb503d40-e50e-4e48-b61f-4601d665e875,Edward A. Butler,person,,ocd-person/fd79da58-6089-4580-bef2-ad03fc7e6bde,ocd-bill/c5e16163-eaae-4464-a0eb-13f0aa8ec653,False,cosponsor
e9d3da42-6d9a-4acf-9cc8-1350ec4dcbd7,Bob J. Giuda,person,,ocd-person/7739a4d0-534e-4bdb-b7fb-6a8f348e833e,ocd-bill/3ee83fd3-94ce-46f9-83b9-90cdf5c281f6,True,primary
ff1e458e-096e-4a79-9898-8bdb4ea78e2e,Howard C. Pearl,person,,ocd-person/c4122c6a-ed23-492e-b813-59a0fed1ec86,ocd-bill/3ee83fd3-94ce-46f9-83b9-90cdf5c281f6,False,cosponsor
19871918-9746-425a-9a2b-66bba2e1d7a1,Timothy P. Lang,person,,ocd-person/85064309-421e-4611-a6c5-800234db68fb,ocd-bill/3ee83fd3-94ce-46f9-83b9-90cdf5c281f6,False,cosponsor
7a73bfda-b661-476a-afdc-9bfc3c28629e,Mark Vallone,person,,ocd-person/208012dd-f741-412c-9727-d7e8aa0fe8b0,ocd-bill/6cf82532-c1ee-48f8-9991-76e7d0ae1a9e,True,primary
4a5f9ce3-c458-412b-8b7f-5553ecf4bdff,Chris Balch,person,,ocd-person/e9d39bb0-9ff6-4083-b8fd-1455609b3033,ocd-bill/6cf82532-c1ee-48f8-9991-76e7d0ae1a9e,False,cosponsor
8dabfbff-6fc8-41f1-8e7c-21b2e132c95b,Andrew J. Bouldin,person,,ocd-person/ad413289-53c5-4966-9f0f-fd392d95a827,ocd-bill/6cf82532-c1ee-48f8-9991-76e7d0ae1a9e,False,cosponsor
1a5daacf-a3c7-4877-9bbe-d222dbc68dd5,Liz A. McConnell,person,,ocd-person/7f652a56-cb6d-48f9-a3cd-c8b8fccd7077,ocd-bill/6cf82532-c1ee-48f8-9991-76e7d0ae1a9e,False,cosponsor
27366c53-ded7-4e86-b344-01a107d7de8d,Charlotte I. DiLorenzo,person,,ocd-person/75a682ff-407d-4192-858d-9ce6a979c400,ocd-bill/6cf82532-c1ee-48f8-9991-76e7d0ae1a9e,False,cosponsor
210e9423-83ea-4262-a8d9-b2352a173701,David B. Doherty,person,,ocd-person/b2b46bdc-a9ee-4d6a-8535-93bea4190ddb,ocd-bill/6cf82532-c1ee-48f8-9991-76e7d0ae1a9e,False,cosponsor
06e69cef-7a3e-48e4-91e7-ab70194ecea5,Wendy Chase,person,,ocd-person/c24da601-15f1-482c-a234-f8443056c77a,ocd-bill/1eed262a-b5a0-4981-9a90-2803c617f292,False,cosponsor
20f78f5c-68b2-4284-ac60-fc849311daa6,Cam E. Kenney,person,,ocd-person/9f35ea7b-b937-4b06-8be5-5cfbc83381e1,ocd-bill/1eed262a-b5a0-4981-9a90-2803c617f292,False,cosponsor
b1d2c091-96ee-4c77-8dbc-2ce5c6695578,Jaci L. Grote,person,,ocd-person/26f01212-5287-4735-aa1f-77e4f0d2acb6,ocd-bill/1eed262a-b5a0-4981-9a90-2803c617f292,False,cosponsor
946f2e86-9591-4a19-9b0b-768541210c9a,Anita D. Burroughs,person,,ocd-person/a028512b-5d61-4d23-9e28-dec7038577d6,ocd-bill/1eed262a-b5a0-4981-9a90-2803c617f292,True,primary
111c515a-bc9f-40ba-b8f9-1190d8c52835,Charlotte I. DiLorenzo,person,,ocd-person/75a682ff-407d-4192-858d-9ce6a979c400,ocd-bill/1eed262a-b5a0-4981-9a90-2803c617f292,False,cosponsor
f03f6213-b103-46e6-9bbf-03388019a406,Sandra B. Keans,person,,ocd-person/0f7e49e8-f9da-49b1-b20a-24236d6c3997,ocd-bill/1eed262a-b5a0-4981-9a90-2803c617f292,False,cosponsor
d7d22f24-2c17-4f97-a6ca-990353773604,Linda A. Massimilla,person,,ocd-person/c018f667-a248-4b79-b8be-63740191e1ff,ocd-bill/1eed262a-b5a0-4981-9a90-2803c617f292,False,cosponsor
4000b16c-1dd5-4e46-a1d5-ac8f13dc7cdb,Marjorie K. Smith,person,,ocd-person/86b31d04-3a4b-4199-b10e-27bd337f0a34,ocd-bill/1eed262a-b5a0-4981-9a90-2803c617f292,False,cosponsor
b46027f2-f41e-414d-92b0-9e32a2238733,Martha Fuller Clark,person,,ocd-person/823e56cb-5c51-4a09-b060-93cdb7f7ac25,ocd-bill/1eed262a-b5a0-4981-9a90-2803c617f292,False,cosponsor
23777bac-0578-4641-81b0-e3f0b45bd7b1,Tom Dolan,person,,ocd-person/330b6b4b-dfa6-4379-ae45-bedd9b276fcd,ocd-bill/96e7ee6c-d060-49a9-b48e-c4e041070bac,False,cosponsor
cdb430c0-69a6-43d9-b813-6e73424ee3f2,Ruth Ward,person,,ocd-person/9089a509-1f26-4770-adc6-199ed716e692,ocd-bill/96e7ee6c-d060-49a9-b48e-c4e041070bac,False,cosponsor
40b79ad3-71ef-404f-8ca0-013967c453ec,Regina Birdsell,person,,ocd-person/461c9024-c8c3-44a5-91d6-015a6587db5f,ocd-bill/96e7ee6c-d060-49a9-b48e-c4e041070bac,False,cosponsor
90625f41-58e0-4cf4-94da-7e480bbcfedb,Al P. Baldasaro,person,,ocd-person/3807f9c1-b590-4496-8a1e-b0ff84ba592d,ocd-bill/96e7ee6c-d060-49a9-b48e-c4e041070bac,False,cosponsor
3c79b900-1917-405a-903b-dc938b515b06,Sherman A. Packard,person,,ocd-person/e94c1d98-5454-40a2-8293-ee0998fee8ca,ocd-bill/96e7ee6c-d060-49a9-b48e-c4e041070bac,False,cosponsor
dbc2b2c5-ef11-452b-8c37-d10e935bae32,David H Watters,person,,ocd-person/cf24defe-6df3-49f3-88ca-c6774b144f19,ocd-bill/96e7ee6c-d060-49a9-b48e-c4e041070bac,False,cosponsor
d53ce9b5-a1b2-4e2e-8210-1465d03e5f67,Jeb Bradley,person,,ocd-person/3f5455e8-256e-4442-9c13-bc14f62ce76f,ocd-bill/96e7ee6c-d060-49a9-b48e-c4e041070bac,False,cosponsor
c5121cd9-e78e-4448-b41d-4f87726158a2,Sharon M Carson,person,,ocd-person/00964fc0-dd57-44c3-87bf-b6d5bbc34560,ocd-bill/96e7ee6c-d060-49a9-b48e-c4e041070bac,True,primary
235161ee-f8f6-46d6-953d-017fe925ab09,Harold F. French,person,,ocd-person/ff11da65-174b-4fdc-b33c-e5d6d56602f0,ocd-bill/3ee8420d-506e-4fd7-a9d7-e7e1c5f6b7f2,False,cosponsor
3d29e563-981e-4ed4-bc2a-42e311b5eda6,Howard C. Pearl,person,,ocd-person/c4122c6a-ed23-492e-b813-59a0fed1ec86,ocd-bill/3ee8420d-506e-4fd7-a9d7-e7e1c5f6b7f2,True,primary
21f49c67-061c-4b03-bfc8-d5fce9bc810a,Timothy P. Lang,person,,ocd-person/85064309-421e-4611-a6c5-800234db68fb,ocd-bill/3ee8420d-506e-4fd7-a9d7-e7e1c5f6b7f2,False,cosponsor
c52f2120-e97c-4bb2-99b1-133bcffffc2c,Jeb Bradley,person,,ocd-person/3f5455e8-256e-4442-9c13-bc14f62ce76f,ocd-bill/3ee8420d-506e-4fd7-a9d7-e7e1c5f6b7f2,False,cosponsor
5dd3417a-4910-470b-8494-bb1e21264561,Janice E. Schmidt,person,,ocd-person/ec374833-801f-4c21-9261-67cdefc1ba44,ocd-bill/c55b1f08-aaab-4a49-9aef-232e6245ec86,True,primary
ba0bc035-bbf1-46dd-9e26-4127650369ed,Chris Balch,person,,ocd-person/e9d39bb0-9ff6-4083-b8fd-1455609b3033,ocd-bill/13f9c318-f4b2-4b55-b806-f179a036f473,True,primary
1dd85a3c-88ec-4420-a80c-d1ea62f47de1,Kristina M. Schultz,person,,ocd-person/8698b473-ea4e-4126-8766-a2b5b5878702,ocd-bill/13f9c318-f4b2-4b55-b806-f179a036f473,False,cosponsor
d0653472-d7da-4acd-8cf6-93b56f75a8f3,Catherine M. Sofikitis,person,,ocd-person/36fb226e-9ed4-483f-a254-141baf18d295,ocd-bill/13f9c318-f4b2-4b55-b806-f179a036f473,False,cosponsor
06b5aa69-416c-48fc-a2d3-fd134974871e,Lee Walker Oxenham,person,,ocd-person/f3fb87b7-7fb5-432a-9fb2-bd15170f1275,ocd-bill/13f9c318-f4b2-4b55-b806-f179a036f473,False,cosponsor
dec6175f-75d5-4424-8b24-d351ed200dd2,Judith T. Spang,person,,ocd-person/1c49114b-ec16-4617-8b35-f7ce02d6daa4,ocd-bill/13f9c318-f4b2-4b55-b806-f179a036f473,False,cosponsor
cb1ed650-d77c-498f-bed2-6d51137a1f58,Jon Morgan,person,,ocd-person/f169c82a-7120-4d67-85d4-d5ff21cd44ef,ocd-bill/135e22ee-5ddb-4a84-8425-d3d458b0a39c,True,primary
465488e1-788d-448b-8ab3-3454577b7f4f,Becky A. Owens,person,,ocd-person/903615ca-728d-48d5-a70f-83f6c73def74,ocd-bill/135e22ee-5ddb-4a84-8425-d3d458b0a39c,False,cosponsor
465ef16d-71ca-4ef9-b71f-81dd37938cf0,Harold F. French,person,,ocd-person/ff11da65-174b-4fdc-b33c-e5d6d56602f0,ocd-bill/135e22ee-5ddb-4a84-8425-d3d458b0a39c,False,cosponsor
d1effa6c-7418-4dd7-b506-8081134c2db2,Martha S. Hennessey,person,,ocd-person/f2700034-7f3d-4834-bb66-b848a7ca748a,ocd-bill/135e22ee-5ddb-4a84-8425-d3d458b0a39c,False,cosponsor
f3ee21e1-9197-441d-bc0a-9d9b4b1d87c9,Sharon M Carson,person,,ocd-person/00964fc0-dd57-44c3-87bf-b6d5bbc34560,ocd-bill/135e22ee-5ddb-4a84-8425-d3d458b0a39c,False,cosponsor
bbca5b24-ee3f-4a02-b75a-b4769bed78f0,David J Starr,person,,ocd-person/b19ae598-8107-4959-b150-586deb9c9852,ocd-bill/dfe1fe43-4000-4add-8302-b5913d94f19e,False,cosponsor
0b954f7e-5aeb-4276-9d8d-539c3e2f19ea,Harold F. French,person,,ocd-person/ff11da65-174b-4fdc-b33c-e5d6d56602f0,ocd-bill/dfe1fe43-4000-4add-8302-b5913d94f19e,True,primary
6d11739f-cda1-4a75-b1fc-a4482087bcfc,Ruth Ward,person,,ocd-person/9089a509-1f26-4770-adc6-199ed716e692,ocd-bill/dfe1fe43-4000-4add-8302-b5913d94f19e,False,cosponsor
14ed98a8-dd74-4b2e-bd3e-431389e6e192,James P. Gray,person,,ocd-person/e6443187-eb51-42eb-8bd7-349ed0ba9641,ocd-bill/dfe1fe43-4000-4add-8302-b5913d94f19e,False,cosponsor
2c9e3ddc-7187-48c2-b451-bd49ad8d9827,Bob J. Giuda,person,,ocd-person/7739a4d0-534e-4bdb-b7fb-6a8f348e833e,ocd-bill/dfe1fe43-4000-4add-8302-b5913d94f19e,False,cosponsor
04db858f-e7cb-41e0-869e-99ad918f44f6,John Reagan,person,,ocd-person/f516d40a-3676-4437-8285-a931d7c2885b,ocd-bill/dfe1fe43-4000-4add-8302-b5913d94f19e,False,cosponsor
4c706434-ff02-46ed-bbb8-da25f355fd9b,Chuck Morse,person,,ocd-person/72b8f708-a22d-477d-9c55-e5d14b8308a6,ocd-bill/dfe1fe43-4000-4add-8302-b5913d94f19e,False,cosponsor
ff5c3e1f-f4a7-4f25-9ec2-89aaa88ae69c,Robert D. Harb,person,,ocd-person/c62fca24-e8c3-4f87-95dd-cb52a3d58c05,ocd-bill/8882a02e-1814-4f38-b8fe-658658e164e5,False,cosponsor
4a25d417-6f6a-4e60-acf1-dd37c8d2f141,Mark A. Pearson,person,,,ocd-bill/8882a02e-1814-4f38-b8fe-658658e164e5,False,cosponsor
8ff58a1a-08e2-4f45-be6e-5e42fd4a8c61,Peter E. Torosian,person,,ocd-person/45e36880-19af-4f3f-89d4-624946625e7f,ocd-bill/8882a02e-1814-4f38-b8fe-658658e164e5,False,cosponsor
a0ac0897-dc56-4be3-acbc-da1f845f08ba,Debra L. DeSimone,person,,ocd-person/7ef7472f-0bda-4708-9239-76adeca1e87e,ocd-bill/8882a02e-1814-4f38-b8fe-658658e164e5,False,cosponsor
8cf255c0-cb0c-4002-b79a-8ce7bcb6e7ee,Norman L. Major,person,,ocd-person/f210808d-53ac-4e23-ade2-7bdb60a8e559,ocd-bill/8882a02e-1814-4f38-b8fe-658658e164e5,True,primary
88f05d03-8fb5-45bb-b23c-10c33a73da90,Kevin B. Craig,person,,ocd-person/1c9d5892-ef55-4ff0-8bd0-c986ac41f25b,ocd-bill/5f6ebffe-7fe8-4dda-8908-697fb38ac03c,False,cosponsor
12955931-27b4-4b37-83a8-515cbdd2c162,David R. Coursin,person,,ocd-person/f0fdb4f2-386d-4455-a1ee-2ac9f4eb970c,ocd-bill/5f6ebffe-7fe8-4dda-8908-697fb38ac03c,False,cosponsor
b829e31c-3903-4369-aba6-7b50b9b99bf8,Chris Balch,person,,ocd-person/e9d39bb0-9ff6-4083-b8fd-1455609b3033,ocd-bill/5f6ebffe-7fe8-4dda-8908-697fb38ac03c,False,cosponsor
7af9a300-17d9-4a56-9b53-775153624110,Wendy E.N. Thomas,person,,ocd-person/2375b05c-cf9a-4f1b-a4b0-194fac6d86bf,ocd-bill/5f6ebffe-7fe8-4dda-8908-697fb38ac03c,False,cosponsor
5af7d318-db23-4ebe-9c29-d103da800f4c,Elaine H. French,person,,ocd-person/c7a629ed-523e-4f6e-884f-fbb9dbb2a406,ocd-bill/5f6ebffe-7fe8-4dda-8908-697fb38ac03c,True,primary
d44e10b6-189c-4357-beb5-44470b721aef,Mark A. Pearson,person,,,ocd-bill/5f6ebffe-7fe8-4dda-8908-697fb38ac03c,False,cosponsor
a66ea2bd-750a-4046-8e1c-b1289813ba9a,Timothy Josephson,person,,ocd-person/62149ad2-7d4c-42b6-be2b-281618dd7c97,ocd-bill/5f6ebffe-7fe8-4dda-8908-697fb38ac03c,False,cosponsor
d9c1cb32-ce2b-4dd0-8b74-508b685e2552,Mary A. Eisner,person,,ocd-person/a9ac3600-6a7f-4d8c-ba5f-a20b3dfba0e6,ocd-bill/5f6ebffe-7fe8-4dda-8908-697fb38ac03c,False,cosponsor
4c5bf59c-0f07-4445-932c-67f434553c0d,Troy E. Merner,person,,ocd-person/729664f2-12c4-4c70-82a5-fee852813a0c,ocd-bill/5f6ebffe-7fe8-4dda-8908-697fb38ac03c,False,cosponsor
7f3825a1-7a31-4f5c-b99f-9e5f6a40aaa8,Jerry M. Stringham,person,,ocd-person/68ee5e4b-6253-4703-8902-ae8ca8df41eb,ocd-bill/e13d75ef-098e-495a-a9e7-0b78b084e6db,True,primary
e5d0a093-459f-4db7-a85f-c24aceecce04,Richard G. Osborne,person,,ocd-person/09ecd5f5-189e-401e-9950-840b58d886c2,ocd-bill/e13d75ef-098e-495a-a9e7-0b78b084e6db,False,cosponsor
a735fac5-6a3f-478c-816e-cb697b828cdf,Jess C. Edwards,person,,ocd-person/3787c84d-f615-4e9d-bac8-42f86ea308db,ocd-bill/e13d75ef-098e-495a-a9e7-0b78b084e6db,False,cosponsor
70a2556f-c754-42a2-a793-bb550f087da1,Mary Jane Wallner,person,,ocd-person/0e6f806c-ba57-4dc6-b6b4-f2a926288ca3,ocd-bill/c4deee7b-63d1-4ad3-a720-947c9c2a37b5,True,primary
b15f8563-4d8f-4551-979a-0d64085599d3,Lou D'Allesandro,person,,ocd-person/87c48788-817d-408b-a1e1-ebe1c9fd893d,ocd-bill/c4deee7b-63d1-4ad3-a720-947c9c2a37b5,False,cosponsor
f2da3c8b-edba-4cc2-84f5-aa453cd942e9,Gary L. Woods,person,,ocd-person/5d98b66b-f4d1-4776-953f-67dc348fdd12,ocd-bill/3d4043da-b525-4d98-a8a4-1589aa92dd6b,True,primary
64c7f8c6-190a-4dfe-8e95-2ebbf75980ad,William M. Marsh,person,,ocd-person/22006937-f2ca-4a2e-b92a-457777933dc7,ocd-bill/3d4043da-b525-4d98-a8a4-1589aa92dd6b,False,cosponsor
f5c032e8-2743-4494-b0cb-4a0cf95c19d4,Kenneth D. Wells,person,,ocd-person/b75e76bb-fa97-46f2-a164-d33141705950,ocd-bill/fa1a09d5-6849-4874-943a-9d19b5b7389e,True,primary
8c65490a-a47a-4a63-ab90-8af07878dde8,Linda Rea Camarota,person,,ocd-person/d9a8cfe4-51bc-4af8-9419-4ceb57496028,ocd-bill/c5e26283-601e-4a3c-bc05-e0b97794f8eb,False,cosponsor
0be6bc6a-375a-4c16-a782-fe0eb57ac67e,David C. Love,person,,ocd-person/1c956ef6-b705-4e9d-af0c-f66d6f44591e,ocd-bill/c5e26283-601e-4a3c-bc05-e0b97794f8eb,False,cosponsor
1865b811-9e08-4236-a10e-c1d953fffd37,Timothy O. Horrigan,person,,ocd-person/2a11a559-c16e-4211-82ea-215951d74c1f,ocd-bill/b083f7c0-97fb-4156-9c74-abbe343c1e1a,True,primary
dcd4d33b-f3e0-48f3-8822-b1b5b1d9d9b2,Rebecca J. McWilliams,person,,ocd-person/39eb4d14-9ef3-4b1b-bcb6-a66f1aa97491,ocd-bill/eab626e3-a5e1-471c-94cc-89d59088ff34,True,primary
7742200a-25a1-4b36-87fb-d7a65c9e7f1c,Nicole Klein-Knight,person,,ocd-person/f91f87c5-d22a-48b7-ac4a-c2519d086ec7,ocd-bill/eab626e3-a5e1-471c-94cc-89d59088ff34,False,cosponsor
85dba742-cd5d-436a-9083-336c786b20c3,Kat McGhee,person,,ocd-person/4c8bec8a-e86d-4316-8b2e-2f8c4157cae5,ocd-bill/eab626e3-a5e1-471c-94cc-89d59088ff34,False,cosponsor
6c740b5d-3bc3-4c68-aff1-4b1f800b6da6,Frances E. Nutter-Upham,person,,ocd-person/9c5c8165-5f7d-4348-9466-331f9b250536,ocd-bill/000c707e-42a3-4985-9f9f-377cc0bbcdc5,False,cosponsor
325d82f0-b3c6-4331-8fa6-5c5c7d5115eb,Betty I. Gay,person,,ocd-person/c2486401-1c5f-4cfc-b4ef-bbae6b8c0489,ocd-bill/000c707e-42a3-4985-9f9f-377cc0bbcdc5,True,primary
8944520f-a9a6-4061-a0af-6fcb4ddfbe98,William M. Marsh,person,,ocd-person/22006937-f2ca-4a2e-b92a-457777933dc7,ocd-bill/000c707e-42a3-4985-9f9f-377cc0bbcdc5,False,cosponsor
4cd010df-0851-466e-9cd7-709dc0551d5c,John R. Plumer,person,,ocd-person/867ccf71-9ca1-47cf-9c4f-0c5f715c412e,ocd-bill/000c707e-42a3-4985-9f9f-377cc0bbcdc5,False,cosponsor
177ebb46-fd9d-489e-965b-fa57eec49850,Gerri D. Cannon,person,,ocd-person/cd5b7056-d9eb-4fb1-93e3-6ba43408afa5,ocd-bill/6c5cc7cf-7c3a-416a-ae7f-15914d955645,True,primary
ea1c52f4-0469-4f8d-af9b-4696b3a4da66,Jennie R. Gomarlo,person,,ocd-person/6575c4bc-c463-4c7e-aced-43b36088d740,ocd-bill/6c5cc7cf-7c3a-416a-ae7f-15914d955645,False,cosponsor
f77b744e-d89a-45f2-8021-3a17e50c0900,Martha S. Hennessey,person,,ocd-person/f2700034-7f3d-4834-bb66-b848a7ca748a,ocd-bill/6c5cc7cf-7c3a-416a-ae7f-15914d955645,False,cosponsor
7484c831-314b-4499-a865-6b7f8b057875,Kate R. Murray,person,,ocd-person/79bb2147-ea4b-4706-8b38-ee2309613ea0,ocd-bill/6c5cc7cf-7c3a-416a-ae7f-15914d955645,False,cosponsor
26315ae6-c0bd-426c-b2b9-bf18d4d43020,Constance Van Houten,person,,ocd-person/5e54c6e7-01cb-42c8-b3ed-8137e6c995fd,ocd-bill/6c5cc7cf-7c3a-416a-ae7f-15914d955645,False,cosponsor
c0adc218-bb14-46b0-80b2-5e296bd0052f,Edith M. Tucker,person,,ocd-person/68bf2851-656a-44f1-9c2c-85ea55c7d9f9,ocd-bill/6c5cc7cf-7c3a-416a-ae7f-15914d955645,False,cosponsor
3d5fff4f-cb6d-4ddb-b895-7c2400014248,Amanda C. Bouldin,person,,ocd-person/7ad034dd-b6f2-4314-94d9-cffce7144e5d,ocd-bill/6c5cc7cf-7c3a-416a-ae7f-15914d955645,False,cosponsor
cbdc5dc1-97ad-4075-b377-38c4df37eb0f,Robert Renny Cushing,person,,ocd-person/cdb3279c-243a-4ca0-8e83-fcb10a975736,ocd-bill/6c5cc7cf-7c3a-416a-ae7f-15914d955645,False,cosponsor
8b4f29ae-424a-4d14-a99e-d207041185c3,David H Watters,person,,ocd-person/cf24defe-6df3-49f3-88ca-c6774b144f19,ocd-bill/6c5cc7cf-7c3a-416a-ae7f-15914d955645,False,cosponsor
0dd129e6-0fd1-472c-bca7-01496c35c13a,Martha Fuller Clark,person,,ocd-person/823e56cb-5c51-4a09-b060-93cdb7f7ac25,ocd-bill/6c5cc7cf-7c3a-416a-ae7f-15914d955645,False,cosponsor
c64adead-7861-4fe5-9961-a8e51e0a5f62,Chris Balch,person,,ocd-person/e9d39bb0-9ff6-4083-b8fd-1455609b3033,ocd-bill/dccd2173-2a87-4ac3-95a2-d2012ac36273,True,primary
ddcf949d-f537-451c-9536-3bbc1ef6d95c,Ivy C. Vann,person,,ocd-person/6fd532c2-91b5-47c4-a29f-eae9fc47743d,ocd-bill/dccd2173-2a87-4ac3-95a2-d2012ac36273,False,cosponsor
6e3ca447-da5a-42cb-83e9-4c1581dd5534,Lee Walker Oxenham,person,,ocd-person/f3fb87b7-7fb5-432a-9fb2-bd15170f1275,ocd-bill/dccd2173-2a87-4ac3-95a2-d2012ac36273,False,cosponsor
7c1505bb-54e5-469d-a37b-75c4b6250593,Rebecca J. McWilliams,person,,ocd-person/39eb4d14-9ef3-4b1b-bcb6-a66f1aa97491,ocd-bill/7789398c-3907-4547-b3cf-449214f3dee3,False,cosponsor
b61c6c98-440a-431d-91ce-cbd50e0c7e1c,Wendy E.N. Thomas,person,,ocd-person/2375b05c-cf9a-4f1b-a4b0-194fac6d86bf,ocd-bill/7789398c-3907-4547-b3cf-449214f3dee3,False,cosponsor
a9e42926-0255-4f18-8a4a-e720b51c970b,Elaine H. French,person,,ocd-person/c7a629ed-523e-4f6e-884f-fbb9dbb2a406,ocd-bill/7789398c-3907-4547-b3cf-449214f3dee3,False,cosponsor
a6f9ca3a-fed4-4128-a491-4fec6067df8d,Craig R. Thompson,person,,ocd-person/5295b45f-d39a-4375-9aff-3b5b1603fa2d,ocd-bill/7789398c-3907-4547-b3cf-449214f3dee3,True,primary
5be3c215-f7d4-443e-9708-c32e94551d0c,Howard C. Pearl,person,,ocd-person/c4122c6a-ed23-492e-b813-59a0fed1ec86,ocd-bill/7789398c-3907-4547-b3cf-449214f3dee3,False,cosponsor
df6ba3fc-1b59-414c-aff4-b74a2f56aef4,Lee Walker Oxenham,person,,ocd-person/f3fb87b7-7fb5-432a-9fb2-bd15170f1275,ocd-bill/7789398c-3907-4547-b3cf-449214f3dee3,False,cosponsor
80729dfd-97a3-4a74-8497-834736f099ac,Robert D. Harb,person,,ocd-person/c62fca24-e8c3-4f87-95dd-cb52a3d58c05,ocd-bill/5fefbae8-0472-4e38-8503-cc7441a85883,True,primary
5029bc72-b822-4f53-b4f4-12d1e9cf0c6c,Sue M. Mullen,person,,ocd-person/07c19313-fcb0-476b-b240-e299c55888f7,ocd-bill/6c171d6a-026f-4da3-9eca-72eef22999d5,False,cosponsor
1a15625e-a9fc-47a8-a264-b22ecb2e0cfb,Gerri D. Cannon,person,,ocd-person/cd5b7056-d9eb-4fb1-93e3-6ba43408afa5,ocd-bill/6c171d6a-026f-4da3-9eca-72eef22999d5,False,cosponsor
4773f4b7-d0d2-4677-8489-9695082869dc,Arthur S. Ellison,person,,ocd-person/677500cb-eb95-4ad1-b3f5-02894c28e369,ocd-bill/6c171d6a-026f-4da3-9eca-72eef22999d5,False,cosponsor
a2b51ebe-bed6-4500-95d8-ca8a0ad62200,Rosemarie Rung,person,,ocd-person/1a5923c6-3e1f-4ebe-8739-17c9e9642403,ocd-bill/6c171d6a-026f-4da3-9eca-72eef22999d5,False,cosponsor
840f660c-f8e2-478b-8e34-fd4827cc4fce,Stephen L. Woodcock,person,,ocd-person/bdde38b3-3210-4b2d-890b-bbf2d2bf314a,ocd-bill/6c171d6a-026f-4da3-9eca-72eef22999d5,True,primary
ec28248a-b99d-408d-94d2-f8a81184087d,Harrison Kanzler,person,,ocd-person/c241cc6e-4081-404c-97f4-94378469a794,ocd-bill/6c171d6a-026f-4da3-9eca-72eef22999d5,False,cosponsor
250c94be-9610-43d7-89dd-be9a8c67dde5,Anita D. Burroughs,person,,ocd-person/a028512b-5d61-4d23-9e28-dec7038577d6,ocd-bill/6c171d6a-026f-4da3-9eca-72eef22999d5,False,cosponsor
dd149a02-a5fe-4252-ba6c-fab8a7f1feec,Tamara N. Le,person,,ocd-person/a0a449a7-07c5-49cb-b928-080ffa433cf3,ocd-bill/6c171d6a-026f-4da3-9eca-72eef22999d5,False,cosponsor
f407a938-46f7-4c8b-9211-fb3a73b07846,David B. Doherty,person,,ocd-person/b2b46bdc-a9ee-4d6a-8535-93bea4190ddb,ocd-bill/6c171d6a-026f-4da3-9eca-72eef22999d5,False,cosponsor
7685884b-09fa-42c2-a66d-bb840344f69e,Edward A. Butler,person,,ocd-person/fd79da58-6089-4580-bef2-ad03fc7e6bde,ocd-bill/6c171d6a-026f-4da3-9eca-72eef22999d5,False,cosponsor
1d290032-688d-4242-845b-11ce923b839d,Samantha L. Fox,person,,ocd-person/7471e52d-b23c-4df4-b9c9-b7c3751ea3ce,ocd-bill/5a546075-37d8-4c01-844c-099335042153,False,cosponsor
7ff672f2-ea2f-4cc8-8c69-05d0ef15d205,Matthew B. Wilhelm,person,,ocd-person/61d2e8f3-f2b9-4357-81af-fe982ee1821f,ocd-bill/5a546075-37d8-4c01-844c-099335042153,True,primary
037ab379-9d76-4794-89b2-45e382cf4d77,Mel Myler,person,,ocd-person/8c5f7a02-e92b-4f64-b698-c178b8fd23bb,ocd-bill/5a546075-37d8-4c01-844c-099335042153,False,cosponsor
961782d9-aff1-4aa4-8c3c-b49de7bf0b11,Peter B. Schmidt,person,,ocd-person/16654889-3b48-44d6-a6d3-8da5d7a434f1,ocd-bill/5a546075-37d8-4c01-844c-099335042153,False,cosponsor
0f8cda7c-222c-419d-9503-d95e43380053,Harry H. Bean,person,,ocd-person/5a633278-e4a7-4a58-9c9d-2d917deefd40,ocd-bill/2a440a1f-89f9-4494-91c8-8f72a8f476d5,False,cosponsor
8685be0f-37a8-40b7-9273-fbc92f90feb3,Glen C. Aldrich,person,,ocd-person/620d9d69-c8fb-47ad-ad25-1c1ef75c39dd,ocd-bill/2a440a1f-89f9-4494-91c8-8f72a8f476d5,True,primary
fc03d0e4-c75f-4eb5-a45c-e1d4573f1935,Kathryn Stack,person,,ocd-person/ca4638d0-559a-4364-8de0-88f23d35d5a0,ocd-bill/cde5cb18-b872-4887-a63e-56a7900c1b89,True,primary
d203fe87-010c-4bf3-a88a-84e2e19e846e,Tom J. Loughman,person,,ocd-person/49ec8a23-3fec-4d61-a917-be7780438d71,ocd-bill/6146ecbd-4d31-4f25-9b8e-f9de9a8f317a,False,cosponsor
15a4f9d0-6e27-48b5-9a54-df886f662145,Rebecca J. McWilliams,person,,ocd-person/39eb4d14-9ef3-4b1b-bcb6-a66f1aa97491,ocd-bill/6146ecbd-4d31-4f25-9b8e-f9de9a8f317a,False,cosponsor
64113b14-dcf0-4236-b420-639ca6a07357,Samantha L. Fox,person,,ocd-person/7471e52d-b23c-4df4-b9c9-b7c3751ea3ce,ocd-bill/6146ecbd-4d31-4f25-9b8e-f9de9a8f317a,True,primary
2e6b5a8c-d465-4ca8-806c-6a7d891da1ff,Jacqueline H. Chretien,person,,ocd-person/8e044671-4143-41a6-a341-6c8514bb2d66,ocd-bill/6146ecbd-4d31-4f25-9b8e-f9de9a8f317a,False,cosponsor
b0e9a2b2-c3da-46fc-9952-af085428fe1f,Israel F. Piedra,person,,ocd-person/711f9af7-aa50-4019-b854-9e7dad0f60ce,ocd-bill/6146ecbd-4d31-4f25-9b8e-f9de9a8f317a,False,cosponsor
4bb046fb-60a1-4ac2-909d-0f8920fc3742,Timothy Josephson,person,,ocd-person/62149ad2-7d4c-42b6-be2b-281618dd7c97,ocd-bill/6146ecbd-4d31-4f25-9b8e-f9de9a8f317a,False,cosponsor
4c04a287-776f-4f97-9ec6-cb2d75a392b3,Dan Feltes,person,,ocd-person/e97501d7-4bef-403f-8d48-9fcecc980cf5,ocd-bill/6146ecbd-4d31-4f25-9b8e-f9de9a8f317a,False,cosponsor
cacec932-2816-4765-8975-eb5faaae46c5,Patrick T. Long,person,,ocd-person/14d0ff58-3340-4344-bb79-c6acd5f8ba6c,ocd-bill/ab2864ef-920d-4aa2-bad2-0f5fd0f2f67c,True,primary
7d29cc13-10c7-4fe5-801c-9ddd3f362402,Jordan G. Ulery,person,,ocd-person/31f696d4-f806-4eb3-a8ce-5b1d2a2eba93,ocd-bill/26fa9a02-5ae9-446d-af80-e1b3f265b382,True,primary
a1e51eb4-93bf-496d-aabd-338ab7f530f0,Janice E. Schmidt,person,,ocd-person/ec374833-801f-4c21-9261-67cdefc1ba44,ocd-bill/cbbc8283-913f-45dc-a4b0-bbe723fb7235,True,primary
677596fb-7ccd-4b17-82c2-8c8d38d540e2,George E. Sykes,person,,ocd-person/1d64c012-42cd-433e-9e51-d449279fe57e,ocd-bill/15158bb3-8a59-4197-8194-9359d50ec900,True,primary
4f6336d4-8887-4c39-9731-6e2599721baa,Dennis F. Acton,person,,ocd-person/b81591ca-1856-4807-ac66-283280ea12ba,ocd-bill/3ca165ee-68bf-4fd4-aef9-b96ccc3327ea,False,cosponsor
c6367a34-5a92-4b63-8f6d-a5aab10643e1,Rebecca J. McWilliams,person,,ocd-person/39eb4d14-9ef3-4b1b-bcb6-a66f1aa97491,ocd-bill/3ca165ee-68bf-4fd4-aef9-b96ccc3327ea,True,primary
4e3c363e-748a-42b5-8c8b-0509d2258be1,Samantha L. Fox,person,,ocd-person/7471e52d-b23c-4df4-b9c9-b7c3751ea3ce,ocd-bill/3ca165ee-68bf-4fd4-aef9-b96ccc3327ea,False,cosponsor
8db305c6-34e3-4b23-bc55-884ed405a7bf,Mark R. King,person,,ocd-person/5b030cec-8315-49f4-901d-85fdb7423781,ocd-bill/922eafc3-2352-4946-b44f-c95b47597b43,False,cosponsor
62ffc94a-46a2-4110-800f-1ecbac860d28,Robert A. Backus,person,,ocd-person/957f04df-63d1-4b88-b876-436a9cd17248,ocd-bill/922eafc3-2352-4946-b44f-c95b47597b43,True,primary
a265692e-cee8-45f0-9bd7-3e7874d3a5ea,Gary Merchant,person,,ocd-person/78078880-ab6f-4f87-b095-8b85c31f1780,ocd-bill/3f3e9c8e-f54c-4add-879e-40c5eab3f7c6,False,cosponsor
6cce5c3c-247d-44ed-935b-329abeb1bbce,Jeffrey C. Salloway,person,,ocd-person/ff3c9490-e187-451d-b600-ca895bfaf0b0,ocd-bill/3f3e9c8e-f54c-4add-879e-40c5eab3f7c6,False,cosponsor
c6d340ee-266a-42bf-8a2a-9b5b14f7ec94,Jess C. Edwards,person,,ocd-person/3787c84d-f615-4e9d-bac8-42f86ea308db,ocd-bill/3f3e9c8e-f54c-4add-879e-40c5eab3f7c6,True,primary
cd4792bc-6f8d-491b-9c09-3126855b14cc,William M. Marsh,person,,ocd-person/22006937-f2ca-4a2e-b92a-457777933dc7,ocd-bill/3f3e9c8e-f54c-4add-879e-40c5eab3f7c6,False,cosponsor
42db8b9a-f18d-4595-a733-e7cbd1972ba7,Kathryn Stack,person,,ocd-person/ca4638d0-559a-4364-8de0-88f23d35d5a0,ocd-bill/44ff0352-5b0d-4d0f-8939-5cadeeecfee5,True,primary
4c6af5a4-e2d9-4733-adf3-da58fd49b67d,Rosemarie Rung,person,,ocd-person/1a5923c6-3e1f-4ebe-8739-17c9e9642403,ocd-bill/c0d1088c-1ce6-447d-bef6-24737e14e647,False,cosponsor
2f35992d-f2d8-48d6-be95-b3c9228a8b01,James P. Gray,person,,ocd-person/e6443187-eb51-42eb-8bd7-349ed0ba9641,ocd-bill/c0d1088c-1ce6-447d-bef6-24737e14e647,False,cosponsor
08e510f0-3df1-4c1f-b19b-4fb8fef3cd6f,Linda A. Massimilla,person,,ocd-person/c018f667-a248-4b79-b8be-63740191e1ff,ocd-bill/c0d1088c-1ce6-447d-bef6-24737e14e647,False,cosponsor
dc7ec76b-36fc-48ae-980d-5287109661b0,Steven P. Beaudoin,person,,ocd-person/a13ebe10-3715-4947-bc4d-fe2b3d3e229a,ocd-bill/c0d1088c-1ce6-447d-bef6-24737e14e647,True,primary
f006b884-7e45-4f60-bbec-acb2c71d85bb,Larry G. Gagne,person,,ocd-person/26d443c0-53fe-480b-bf4c-7b7a28a109e9,ocd-bill/a6097dd3-2f2e-4c80-8c0b-2a74efa43112,False,cosponsor
b3752dda-6627-4cd8-8ac7-43dc782e064d,Barbara E. Shaw,person,,ocd-person/9b77c06c-a6d3-40b9-b7b7-22e7a198a8ee,ocd-bill/a6097dd3-2f2e-4c80-8c0b-2a74efa43112,True,primary
f7c491d1-1248-4855-8557-3751a6a6758c,Gerri D. Cannon,person,,ocd-person/cd5b7056-d9eb-4fb1-93e3-6ba43408afa5,ocd-bill/a6f8cfd6-e799-4353-923a-0a6d116a82f2,False,cosponsor
9aece4d5-076e-42e5-916b-7183fdacf0f8,Chris Balch,person,,ocd-person/e9d39bb0-9ff6-4083-b8fd-1455609b3033,ocd-bill/a6f8cfd6-e799-4353-923a-0a6d116a82f2,True,primary
7abbce42-bcba-4741-901d-744539392de1,Kristina M. Schultz,person,,ocd-person/8698b473-ea4e-4126-8766-a2b5b5878702,ocd-bill/a6f8cfd6-e799-4353-923a-0a6d116a82f2,False,cosponsor
c4fd5790-c4bd-4e05-9f27-ca9d3f8aed14,Dan Feltes,person,,ocd-person/e97501d7-4bef-403f-8d48-9fcecc980cf5,ocd-bill/a6f8cfd6-e799-4353-923a-0a6d116a82f2,False,cosponsor
03c73bdb-097c-423a-b40b-1444cd0239d2,Lee Walker Oxenham,person,,ocd-person/f3fb87b7-7fb5-432a-9fb2-bd15170f1275,ocd-bill/a6f8cfd6-e799-4353-923a-0a6d116a82f2,False,cosponsor
8f7b28c9-3e8d-4ba8-a5a7-b0b173e029d7,Wendy E.N. Thomas,person,,ocd-person/2375b05c-cf9a-4f1b-a4b0-194fac6d86bf,ocd-bill/e0bf1f6f-f0cf-4715-b5b3-23afee14ad7e,True,primary
a0cad70a-fc13-412c-8445-6426a6fd48f5,Kathryn Stack,person,,ocd-person/ca4638d0-559a-4364-8de0-88f23d35d5a0,ocd-bill/e0bf1f6f-f0cf-4715-b5b3-23afee14ad7e,False,cosponsor
35691d8f-1b2a-4f79-9a94-70ae9a6c673a,Sue M. Mullen,person,,ocd-person/07c19313-fcb0-476b-b240-e299c55888f7,ocd-bill/58bcec8d-7b08-44c8-bd14-030423bed3bd,False,cosponsor
d2cf6cf2-62b8-4be5-9202-ce4ce276a0ee,Daryl A. Abbas,person,,ocd-person/6dfd683a-1f79-49db-95a9-07f4f9898a22,ocd-bill/58bcec8d-7b08-44c8-bd14-030423bed3bd,False,cosponsor
2ca1bbc5-1167-4b60-bac9-176e9353826c,Alicia D. Lekas,person,,ocd-person/50bcd6fc-7d60-4595-811c-213e18faf326,ocd-bill/58bcec8d-7b08-44c8-bd14-030423bed3bd,False,cosponsor
ceef91f0-bba9-4154-9f10-eeb710282a4c,David Meuse,person,,ocd-person/4b449f0f-2024-4e18-bbbd-7f0bbcfa8cac,ocd-bill/58bcec8d-7b08-44c8-bd14-030423bed3bd,False,cosponsor
7d1809de-4f6f-4d67-b6a6-2270c2bc989e,Peter Petrigno,person,,ocd-person/1bf3d6c4-3325-4571-b2f7-6a28422dada6,ocd-bill/58bcec8d-7b08-44c8-bd14-030423bed3bd,False,cosponsor
6c7c0772-cdd6-4c69-b385-1a630cacec83,Jeffrey C. Salloway,person,,ocd-person/ff3c9490-e187-451d-b600-ca895bfaf0b0,ocd-bill/58bcec8d-7b08-44c8-bd14-030423bed3bd,False,cosponsor
0789a097-22e1-4b3f-b383-48ecd2fd81b9,Tamara N. Le,person,,ocd-person/a0a449a7-07c5-49cb-b928-080ffa433cf3,ocd-bill/58bcec8d-7b08-44c8-bd14-030423bed3bd,False,cosponsor
6b82c7e4-e105-460b-a797-7cf61248e09d,Joseph A. Guthrie,person,,ocd-person/772f5157-b959-4aed-beaa-6bd67ab8fefe,ocd-bill/58bcec8d-7b08-44c8-bd14-030423bed3bd,False,cosponsor
e00f18e9-83c2-4568-81f6-b9a6e06c53da,Richard W. Hinch,person,,ocd-person/b566af7c-b746-4b6d-bd34-17c66df7fc7c,ocd-bill/58bcec8d-7b08-44c8-bd14-030423bed3bd,False,cosponsor
4c92ed07-f834-4d2d-9b9e-d5f381c5d1e5,David H Watters,person,,ocd-person/cf24defe-6df3-49f3-88ca-c6774b144f19,ocd-bill/58bcec8d-7b08-44c8-bd14-030423bed3bd,False,cosponsor
0ed40495-b65c-4107-aac9-6907fb75aed5,Jon Morgan,person,,ocd-person/f169c82a-7120-4d67-85d4-d5ff21cd44ef,ocd-bill/5579cdf2-ef4e-4039-86c3-99280ffb0e1a,False,cosponsor
190cf4e3-0bec-4688-b291-3d1e9d6a4b5d,Tom Sherman,person,,ocd-person/ee95d0de-e55e-4733-ba97-0fde66adf65c,ocd-bill/5579cdf2-ef4e-4039-86c3-99280ffb0e1a,True,primary
0a0c1979-a385-41d8-bf9d-812944142e72,Tamara N. Le,person,,ocd-person/a0a449a7-07c5-49cb-b928-080ffa433cf3,ocd-bill/5579cdf2-ef4e-4039-86c3-99280ffb0e1a,False,cosponsor
f06b9cfc-ac50-457e-bfba-06128e34bb94,Dennis J. Malloy,person,,ocd-person/d6200a81-3d99-4ff7-93e0-e2f3b49cfd65,ocd-bill/5579cdf2-ef4e-4039-86c3-99280ffb0e1a,False,cosponsor
43f4b3e4-5aca-41c1-a6a7-e41fe4fd4c17,Martha Fuller Clark,person,,ocd-person/823e56cb-5c51-4a09-b060-93cdb7f7ac25,ocd-bill/5579cdf2-ef4e-4039-86c3-99280ffb0e1a,False,cosponsor
f363ac31-aa41-4d3c-ba5a-593c75201d30,Jon Morgan,person,,ocd-person/f169c82a-7120-4d67-85d4-d5ff21cd44ef,ocd-bill/b1e1155d-5f44-48df-8615-0b32fd45a541,False,cosponsor
12562a06-e721-42bd-aff0-08c96ce7e7aa,Kevin Cavanaugh,person,,ocd-person/7fb2bb33-cbdb-4dfd-9369-64f19f179777,ocd-bill/b1e1155d-5f44-48df-8615-0b32fd45a541,False,cosponsor
29ba5cfb-8194-44bb-86f6-d7f9ff854411,Jay Kahn,person,,ocd-person/998e681b-6df1-4b4a-92db-7a2187cedcd8,ocd-bill/b1e1155d-5f44-48df-8615-0b32fd45a541,True,primary
6b22d9fe-d6ca-4a3c-99ec-6c0ccc7f4619,Donna M. Soucy,person,,ocd-person/bfbbacfd-e12a-4e07-970e-c2c2c006f4a2,ocd-bill/b1e1155d-5f44-48df-8615-0b32fd45a541,False,cosponsor
b021972c-b05d-4dbd-adcd-6b5413429888,David H Watters,person,,ocd-person/cf24defe-6df3-49f3-88ca-c6774b144f19,ocd-bill/b1e1155d-5f44-48df-8615-0b32fd45a541,False,cosponsor
6ddc9c9b-2303-443d-a569-c1377a9b7864,Martha Fuller Clark,person,,ocd-person/823e56cb-5c51-4a09-b060-93cdb7f7ac25,ocd-bill/b1e1155d-5f44-48df-8615-0b32fd45a541,False,cosponsor
21e46dfd-d908-4e87-8bae-7658803856e0,Lou D'Allesandro,person,,ocd-person/87c48788-817d-408b-a1e1-ebe1c9fd893d,ocd-bill/b1e1155d-5f44-48df-8615-0b32fd45a541,False,cosponsor
0cfb1a0f-091c-4564-bba3-2b66bd21f3c2,David J Starr,person,,ocd-person/b19ae598-8107-4959-b150-586deb9c9852,ocd-bill/b6dd10cb-55fe-45d0-9643-2103e1df8754,True,primary
3a2ba10a-d9f9-46e0-8a81-c98e5f412b23,Ruth Ward,person,,ocd-person/9089a509-1f26-4770-adc6-199ed716e692,ocd-bill/b6dd10cb-55fe-45d0-9643-2103e1df8754,False,cosponsor
afe6e831-008b-45da-997d-9731d8a20b20,Harold F. French,person,,ocd-person/ff11da65-174b-4fdc-b33c-e5d6d56602f0,ocd-bill/115a42d9-0fe0-47dc-b119-2fc1f66e2c13,False,cosponsor
790d9a1e-de8f-4171-91c0-dc1540b58b92,Jess C. Edwards,person,,ocd-person/3787c84d-f615-4e9d-bac8-42f86ea308db,ocd-bill/115a42d9-0fe0-47dc-b119-2fc1f66e2c13,False,cosponsor
39b59a9e-7557-4184-8645-7942d7f50b75,Regina Birdsell,person,,ocd-person/461c9024-c8c3-44a5-91d6-015a6587db5f,ocd-bill/115a42d9-0fe0-47dc-b119-2fc1f66e2c13,True,primary
f90547db-e533-4dd6-b67d-94ac05f7b4c0,Al P. Baldasaro,person,,ocd-person/3807f9c1-b590-4496-8a1e-b0ff84ba592d,ocd-bill/115a42d9-0fe0-47dc-b119-2fc1f66e2c13,False,cosponsor
72ca9a67-6f27-4350-8013-b019e01a8627,David H Watters,person,,ocd-person/cf24defe-6df3-49f3-88ca-c6774b144f19,ocd-bill/115a42d9-0fe0-47dc-b119-2fc1f66e2c13,False,cosponsor
0bb42228-3991-4531-992c-fd0978f2c0b1,Sharon M Carson,person,,ocd-person/00964fc0-dd57-44c3-87bf-b6d5bbc34560,ocd-bill/115a42d9-0fe0-47dc-b119-2fc1f66e2c13,False,cosponsor
927b26fc-baa4-4f97-b213-1665d2f1304f,Harold F. French,person,,ocd-person/ff11da65-174b-4fdc-b33c-e5d6d56602f0,ocd-bill/7a626a42-6ce8-46fd-9373-c25bd2de4dee,False,cosponsor
3eee2c35-8f69-474a-927b-648b85a144c8,James P. Gray,person,,ocd-person/e6443187-eb51-42eb-8bd7-349ed0ba9641,ocd-bill/7a626a42-6ce8-46fd-9373-c25bd2de4dee,False,cosponsor
3e3449f6-fa15-4d65-a7df-2588c4c1427d,Skip Berrien,person,,ocd-person/c955f3c4-4732-42c2-8615-bc103ee8e0d8,ocd-bill/7a626a42-6ce8-46fd-9373-c25bd2de4dee,False,cosponsor
64aa57f1-abe4-4344-a2ed-4a0492c4f269,Kimberly A. Rice,person,,ocd-person/85b7ca6d-3fd7-4e97-bfe0-effe223121f7,ocd-bill/7a626a42-6ce8-46fd-9373-c25bd2de4dee,False,cosponsor
2e2b01f5-4707-41f2-a8af-9b8bef3d3d38,Sharon M Carson,person,,ocd-person/00964fc0-dd57-44c3-87bf-b6d5bbc34560,ocd-bill/7a626a42-6ce8-46fd-9373-c25bd2de4dee,True,primary
4a22d61c-585d-4baf-8e6a-9d3ef1f95e46,Judy F. Aron,person,,ocd-person/533fb85c-c4f0-41f3-9bc6-8b1c422a9693,ocd-bill/0b943cc3-b394-4108-95d0-aed8efff314f,False,cosponsor
0ede6c00-689c-4e4b-be8a-6604488a36d7,Terry Roy,person,,ocd-person/6d43b165-fda9-4918-a2b7-ad66940062a0,ocd-bill/0b943cc3-b394-4108-95d0-aed8efff314f,True,primary
24f47889-b55e-490a-ac8a-22ec7371b9a1,Shannon E Chandley,person,,,ocd-bill/f7679cc0-9496-4a7d-9802-4587ea6897ca,True,primary
8dc3a925-62f8-4070-9184-5fd381eabe3d,Mary Jane Mulligan,person,,ocd-person/2eda7ff0-af84-4ad3-a72c-ea7c37e46877,ocd-bill/f7679cc0-9496-4a7d-9802-4587ea6897ca,False,cosponsor
027eed46-5885-4a70-86dd-ea8df96fb225,Barbara J. Griffin,person,,ocd-person/ce1a184c-47a7-4b48-a028-d39585bcf9c3,ocd-bill/f7679cc0-9496-4a7d-9802-4587ea6897ca,False,cosponsor
06b9c0e8-e42d-4028-bfd2-ec57175c03de,Sharon M Carson,person,,ocd-person/00964fc0-dd57-44c3-87bf-b6d5bbc34560,ocd-bill/f7679cc0-9496-4a7d-9802-4587ea6897ca,False,cosponsor
05c28b6f-ee15-4dbd-ad88-4ffc600103a4,Jon Morgan,person,,ocd-person/f169c82a-7120-4d67-85d4-d5ff21cd44ef,ocd-bill/174947d7-9d3b-4dd9-8627-81e85f43d140,False,cosponsor
562efc80-36c4-46a3-968b-63d7a3dbfa5b,Tom Sherman,person,,ocd-person/ee95d0de-e55e-4733-ba97-0fde66adf65c,ocd-bill/174947d7-9d3b-4dd9-8627-81e85f43d140,False,cosponsor
672a4bce-42f3-4f09-8e24-75aeb427bc52,Kate R. Murray,person,,ocd-person/79bb2147-ea4b-4706-8b38-ee2309613ea0,ocd-bill/174947d7-9d3b-4dd9-8627-81e85f43d140,False,cosponsor
76f73611-d6df-4d6b-b394-f111337e180e,Dennis J. Malloy,person,,ocd-person/d6200a81-3d99-4ff7-93e0-e2f3b49cfd65,ocd-bill/174947d7-9d3b-4dd9-8627-81e85f43d140,False,cosponsor
fb426461-719c-49b3-9ca4-21849be92246,Robert Renny Cushing,person,,ocd-person/cdb3279c-243a-4ca0-8e83-fcb10a975736,ocd-bill/174947d7-9d3b-4dd9-8627-81e85f43d140,False,cosponsor
83da605d-37d3-4083-9406-e64a530254c3,David H Watters,person,,ocd-person/cf24defe-6df3-49f3-88ca-c6774b144f19,ocd-bill/174947d7-9d3b-4dd9-8627-81e85f43d140,True,primary
38dc7a94-72c4-41a2-848a-1b39795e1ce5,Jeb Bradley,person,,ocd-person/3f5455e8-256e-4442-9c13-bc14f62ce76f,ocd-bill/174947d7-9d3b-4dd9-8627-81e85f43d140,False,cosponsor
f4408b87-ac8b-466d-b755-e3739c88b704,Martha Fuller Clark,person,,ocd-person/823e56cb-5c51-4a09-b060-93cdb7f7ac25,ocd-bill/174947d7-9d3b-4dd9-8627-81e85f43d140,False,cosponsor
044e413f-56eb-4d6d-83f3-fc8ed2b12e93,Shannon E Chandley,person,,,ocd-bill/04b68a4f-1c85-49c7-ad97-32b3bafcde5c,False,cosponsor
61216b85-3f76-4141-a5b9-a5b0f85d4f89,Harold F. French,person,,ocd-person/ff11da65-174b-4fdc-b33c-e5d6d56602f0,ocd-bill/04b68a4f-1c85-49c7-ad97-32b3bafcde5c,True,primary
3bddf6e7-2f32-4ad1-a748-924b305d70d7,Dan Feltes,person,,ocd-person/e97501d7-4bef-403f-8d48-9fcecc980cf5,ocd-bill/04b68a4f-1c85-49c7-ad97-32b3bafcde5c,False,cosponsor
f3c778e5-a9fa-4b1d-b30b-fbd0331ef1db,John B. Hunt,person,,ocd-person/35c51630-9b9c-411a-9b98-0842cb6093df,ocd-bill/04b68a4f-1c85-49c7-ad97-32b3bafcde5c,False,cosponsor
7cd0d30c-1569-4006-a661-d7541401ba3a,John Reagan,person,,ocd-person/f516d40a-3676-4437-8285-a931d7c2885b,ocd-bill/04b68a4f-1c85-49c7-ad97-32b3bafcde5c,False,cosponsor
da8c66db-59ac-442d-a1ad-fcbf98b07c60,Jeb Bradley,person,,ocd-person/3f5455e8-256e-4442-9c13-bc14f62ce76f,ocd-bill/04b68a4f-1c85-49c7-ad97-32b3bafcde5c,False,cosponsor
a0da85c8-1c99-4911-9be2-4c32054b45ea,Jon Morgan,person,,ocd-person/f169c82a-7120-4d67-85d4-d5ff21cd44ef,ocd-bill/182c3903-0103-4037-9f86-54a8f42930e6,True,primary
66d075ab-ffc9-4ce5-956b-4a83b53d2ae4,Cindy Rosenwald,person,,ocd-person/f3e949ce-6d98-4826-bbca-08039cea4ea4,ocd-bill/182c3903-0103-4037-9f86-54a8f42930e6,False,cosponsor
a769d7f3-0a8e-4db5-9ea8-3e0565754871,Shannon E Chandley,person,,,ocd-bill/182c3903-0103-4037-9f86-54a8f42930e6,False,cosponsor
b9c55a4e-02fd-4f05-a19c-690a93562f51,James C. Allard,person,,ocd-person/65336609-c7d5-4518-9d70-44e6e4058fb7,ocd-bill/182c3903-0103-4037-9f86-54a8f42930e6,False,cosponsor
cf50c0aa-cc07-40d8-899b-34722df4bb2e,Stephen L. Woodcock,person,,ocd-person/bdde38b3-3210-4b2d-890b-bbf2d2bf314a,ocd-bill/182c3903-0103-4037-9f86-54a8f42930e6,False,cosponsor
d84ce488-c784-4a1c-aeb0-11a2a9a30f01,Tom Sherman,person,,ocd-person/ee95d0de-e55e-4733-ba97-0fde66adf65c,ocd-bill/182c3903-0103-4037-9f86-54a8f42930e6,False,cosponsor
4b2079e7-fe3c-4302-b03f-e9b3afa44685,Kevin Cavanaugh,person,,ocd-person/7fb2bb33-cbdb-4dfd-9369-64f19f179777,ocd-bill/182c3903-0103-4037-9f86-54a8f42930e6,False,cosponsor
9936a994-8376-48f3-a338-8244ecda98c1,Regina Birdsell,person,,ocd-person/461c9024-c8c3-44a5-91d6-015a6587db5f,ocd-bill/182c3903-0103-4037-9f86-54a8f42930e6,False,cosponsor
0bf27c42-9415-4f7e-b1d9-5dee826eac3c,Donna M. Soucy,person,,ocd-person/bfbbacfd-e12a-4e07-970e-c2c2c006f4a2,ocd-bill/182c3903-0103-4037-9f86-54a8f42930e6,False,cosponsor
687eb72b-06d2-4aa8-9613-ec98be0b90ab,Jeb Bradley,person,,ocd-person/3f5455e8-256e-4442-9c13-bc14f62ce76f,ocd-bill/182c3903-0103-4037-9f86-54a8f42930e6,False,cosponsor
8fbfaf7a-6d6e-4aa8-87ab-38bf316fde8d,Sharon M Carson,person,,ocd-person/00964fc0-dd57-44c3-87bf-b6d5bbc34560,ocd-bill/182c3903-0103-4037-9f86-54a8f42930e6,False,cosponsor
8bae4d71-60ae-466f-9288-6f4143be524e,Martha Fuller Clark,person,,ocd-person/823e56cb-5c51-4a09-b060-93cdb7f7ac25,ocd-bill/182c3903-0103-4037-9f86-54a8f42930e6,False,cosponsor
3b3f9366-c667-4d44-87a5-ed9e4fda3eb8,Chuck Morse,person,,ocd-person/72b8f708-a22d-477d-9c55-e5d14b8308a6,ocd-bill/182c3903-0103-4037-9f86-54a8f42930e6,False,cosponsor
27d88bd4-bac2-4c68-8209-aa1c94fa3c13,Lou D'Allesandro,person,,ocd-person/87c48788-817d-408b-a1e1-ebe1c9fd893d,ocd-bill/182c3903-0103-4037-9f86-54a8f42930e6,False,cosponsor
3d17e49f-c204-45fd-a6f1-3d350a1530fa,Cindy Rosenwald,person,,ocd-person/f3e949ce-6d98-4826-bbca-08039cea4ea4,ocd-bill/2c7f5230-d76f-4a87-8283-77d422edc87d,False,cosponsor
d788b09b-b691-4768-a0ff-cf20df7a209a,Melanie Levesque,person,,ocd-person/282926cd-63f0-4ac4-ad16-5e96eb1c4e0b,ocd-bill/2c7f5230-d76f-4a87-8283-77d422edc87d,False,cosponsor
d72d0994-f81f-4287-ad08-f9ef647a6a4d,Kevin Cavanaugh,person,,ocd-person/7fb2bb33-cbdb-4dfd-9369-64f19f179777,ocd-bill/2c7f5230-d76f-4a87-8283-77d422edc87d,False,cosponsor
fc5b2c82-7791-4d7c-8eb6-d9ffc83cddde,Jay Kahn,person,,ocd-person/998e681b-6df1-4b4a-92db-7a2187cedcd8,ocd-bill/2c7f5230-d76f-4a87-8283-77d422edc87d,False,cosponsor
6cdc8713-eb8c-4172-9e3c-ae4fc5bdb5fd,Martha S. Hennessey,person,,ocd-person/f2700034-7f3d-4834-bb66-b848a7ca748a,ocd-bill/2c7f5230-d76f-4a87-8283-77d422edc87d,False,cosponsor
186a2273-156f-4922-940f-cc2b5ddc2043,Donna M. Soucy,person,,ocd-person/bfbbacfd-e12a-4e07-970e-c2c2c006f4a2,ocd-bill/2c7f5230-d76f-4a87-8283-77d422edc87d,True,primary
f4493a19-861e-49c5-8f6b-72b5841c0634,Martha Fuller Clark,person,,ocd-person/823e56cb-5c51-4a09-b060-93cdb7f7ac25,ocd-bill/2c7f5230-d76f-4a87-8283-77d422edc87d,False,cosponsor
20450a53-dcce-4d91-8e10-058e3a843a03,Lou D'Allesandro,person,,ocd-person/87c48788-817d-408b-a1e1-ebe1c9fd893d,ocd-bill/2c7f5230-d76f-4a87-8283-77d422edc87d,False,cosponsor
9183bd16-3c63-4da5-8a16-4966f6a47387,Jon Morgan,person,,ocd-person/f169c82a-7120-4d67-85d4-d5ff21cd44ef,ocd-bill/1bb1b9e3-7b23-42be-ae04-ea8a932f068c,False,cosponsor
bc445a4d-7510-466b-a589-16cd080e9184,Cindy Rosenwald,person,,ocd-person/f3e949ce-6d98-4826-bbca-08039cea4ea4,ocd-bill/1bb1b9e3-7b23-42be-ae04-ea8a932f068c,True,primary
7a2ef40b-dcdb-4b1a-a591-36f61c50f67d,Greg L. Indruk,person,,ocd-person/b5b2c27f-4abf-49d3-a002-11f9070a6de5,ocd-bill/1bb1b9e3-7b23-42be-ae04-ea8a932f068c,False,cosponsor
d14231cc-655b-4da3-b6f9-f7681927f7d2,Mark Vallone,person,,ocd-person/208012dd-f741-412c-9727-d7e8aa0fe8b0,ocd-bill/7109be5d-c11b-4d48-8b08-168fd5037053,False,cosponsor
04455c94-e0e5-4747-8419-6fefcba17dc8,Kevin Cavanaugh,person,,ocd-person/7fb2bb33-cbdb-4dfd-9369-64f19f179777,ocd-bill/7109be5d-c11b-4d48-8b08-168fd5037053,True,primary
ddfe0585-82eb-4d9a-ba08-6b4e0babbb8e,Donna M. Soucy,person,,ocd-person/bfbbacfd-e12a-4e07-970e-c2c2c006f4a2,ocd-bill/7109be5d-c11b-4d48-8b08-168fd5037053,False,cosponsor
bcdb8238-e352-42f0-a534-6573fb2f224d,Arthur S. Ellison,person,,ocd-person/677500cb-eb95-4ad1-b3f5-02894c28e369,ocd-bill/cf61d890-91e5-4e09-8896-c34a0d368078,False,cosponsor
1a8ad736-527a-4574-abd1-e6f4eda0f902,Heidi M. Hamer,person,,ocd-person/b64a1dfb-4b79-4424-96d3-972f6ef2b6eb,ocd-bill/cf61d890-91e5-4e09-8896-c34a0d368078,False,cosponsor
0e11bd02-bf33-49a3-9d16-ddb4b1e2f70e,Chuck W. Grassie,person,,ocd-person/8ee07d33-9189-4bfe-b1a1-e15c79fd1114,ocd-bill/cf61d890-91e5-4e09-8896-c34a0d368078,False,cosponsor
61371aea-d4ac-405e-a37f-74f6ab47a237,Sherry A. Frost,person,,ocd-person/62916f8e-e193-463d-9dcc-f35f60d836db,ocd-bill/cf61d890-91e5-4e09-8896-c34a0d368078,False,cosponsor
5222f547-da1b-49b2-8a84-8a0aa7a0a93b,Catherine M. Sofikitis,person,,ocd-person/36fb226e-9ed4-483f-a254-141baf18d295,ocd-bill/cf61d890-91e5-4e09-8896-c34a0d368078,False,cosponsor
8847acc8-72aa-41b9-9f23-fdbc40240301,Timothy J. Smith,person,,ocd-person/b5ca2038-c971-48a1-9d59-f9acf2b0806b,ocd-bill/cf61d890-91e5-4e09-8896-c34a0d368078,True,primary
f6e9112d-c42a-4131-bd0f-b8d7a3a45c6c,Timothy O. Horrigan,person,,ocd-person/2a11a559-c16e-4211-82ea-215951d74c1f,ocd-bill/cf61d890-91e5-4e09-8896-c34a0d368078,False,cosponsor
9ed1a25c-01c0-4d19-8b7f-12b3a2642e51,Kevin Cavanaugh,person,,ocd-person/7fb2bb33-cbdb-4dfd-9369-64f19f179777,ocd-bill/1ec0b0b5-c240-4230-8379-6684c22692b6,False,cosponsor
b5ee18dd-b5b8-4a22-a9b3-3b4be638f85c,Martha S. Hennessey,person,,ocd-person/f2700034-7f3d-4834-bb66-b848a7ca748a,ocd-bill/1ec0b0b5-c240-4230-8379-6684c22692b6,False,cosponsor
0db0f390-bc63-4bc3-87ef-4d231ad62064,Dan Feltes,person,,ocd-person/e97501d7-4bef-403f-8d48-9fcecc980cf5,ocd-bill/1ec0b0b5-c240-4230-8379-6684c22692b6,True,primary
eca387b9-7012-40d7-8c4b-8f19c005b294,Martha Fuller Clark,person,,ocd-person/823e56cb-5c51-4a09-b060-93cdb7f7ac25,ocd-bill/1ec0b0b5-c240-4230-8379-6684c22692b6,False,cosponsor
9a6fcd98-eab8-4510-a0ea-dd877319b7a0,Kevin Cavanaugh,person,,ocd-person/7fb2bb33-cbdb-4dfd-9369-64f19f179777,ocd-bill/6ee2b117-4803-4b90-bc2e-24827bf5be9d,False,cosponsor
fdafe049-8bc9-417a-aedc-e06b1f1a9ad9,James P. Gray,person,,ocd-person/e6443187-eb51-42eb-8bd7-349ed0ba9641,ocd-bill/6ee2b117-4803-4b90-bc2e-24827bf5be9d,False,cosponsor
f54b9dbd-a455-442e-9962-a4b28803d60b,Fred G. Doucette,person,,ocd-person/db4ec0a8-f70c-4510-ae01-c9050646a503,ocd-bill/6ee2b117-4803-4b90-bc2e-24827bf5be9d,False,cosponsor
eb348000-d47b-4faa-a429-58779a5609e2,Carol M. McGuire,person,,ocd-person/ae3d6133-98b5-444e-b95e-2edc2f5302dc,ocd-bill/6ee2b117-4803-4b90-bc2e-24827bf5be9d,False,cosponsor
07bad0ee-f1aa-47cd-82fc-f01077f6a28e,Peter B. Schmidt,person,,ocd-person/16654889-3b48-44d6-a6d3-8da5d7a434f1,ocd-bill/6ee2b117-4803-4b90-bc2e-24827bf5be9d,False,cosponsor
0b4a5a79-81db-4b8a-a68b-a425adcbcb5b,Jeffrey P. Goley,person,,ocd-person/903e02f2-e17d-41f4-bd94-f91557c0e1fd,ocd-bill/6ee2b117-4803-4b90-bc2e-24827bf5be9d,False,cosponsor
d2757ac7-96dc-4f67-aa74-a0a8a7312ba3,John Reagan,person,,ocd-person/f516d40a-3676-4437-8285-a931d7c2885b,ocd-bill/6ee2b117-4803-4b90-bc2e-24827bf5be9d,False,cosponsor
9d03bdac-c56a-4f06-a4dc-72dd0daf447b,Sharon M Carson,person,,ocd-person/00964fc0-dd57-44c3-87bf-b6d5bbc34560,ocd-bill/6ee2b117-4803-4b90-bc2e-24827bf5be9d,True,primary
a5bb78b3-8b07-481a-b0b1-27efeac70ace,Richard W. Hinch,person,,ocd-person/b566af7c-b746-4b6d-bd34-17c66df7fc7c,ocd-bill/f714f0b3-3514-411f-aa4d-654fd716b6a2,False,cosponsor
2f3aef2a-3bf8-4bc5-b0e2-27e1be5900e8,Steve J. Shurtleff,person,,ocd-person/5faefb6a-67fa-47ea-907a-8f4f545862be,ocd-bill/f714f0b3-3514-411f-aa4d-654fd716b6a2,False,cosponsor
50bcdbb4-f56f-4575-aaf0-42670d5f30a7,Donna M. Soucy,person,,ocd-person/bfbbacfd-e12a-4e07-970e-c2c2c006f4a2,ocd-bill/f714f0b3-3514-411f-aa4d-654fd716b6a2,True,primary
ab60690f-fb58-41b4-b953-4b0a1502e4c8,Chuck Morse,person,,ocd-person/72b8f708-a22d-477d-9c55-e5d14b8308a6,ocd-bill/f714f0b3-3514-411f-aa4d-654fd716b6a2,False,cosponsor
ccc36570-5ccd-4971-bb44-2bc67a332854,Jon Morgan,person,,ocd-person/f169c82a-7120-4d67-85d4-d5ff21cd44ef,ocd-bill/9f9d7513-fe33-4700-947a-5baa93edd827,True,primary
1177f623-c8f4-41ce-ac6c-b334ab98e983,James P. Gray,person,,ocd-person/e6443187-eb51-42eb-8bd7-349ed0ba9641,ocd-bill/9f9d7513-fe33-4700-947a-5baa93edd827,False,cosponsor
5c8768b9-bf79-4322-a021-a420f0764836,Jeb Bradley,person,,ocd-person/3f5455e8-256e-4442-9c13-bc14f62ce76f,ocd-bill/9f9d7513-fe33-4700-947a-5baa93edd827,False,cosponsor
95b1bd85-59d8-43c9-8402-ec720e15f042,Jeanne Dietsch,person,,ocd-person/8e7e0c04-e019-4ffe-a281-18beee5d939f,ocd-bill/15907987-52c6-4760-8439-90867cd7ec38,False,cosponsor
5e68fcc6-4819-4c6d-86c1-a9ec24b5bf84,Jay Kahn,person,,ocd-person/998e681b-6df1-4b4a-92db-7a2187cedcd8,ocd-bill/15907987-52c6-4760-8439-90867cd7ec38,False,cosponsor
bd226dda-f9a9-475d-8c84-6a911beef9ad,Martha S. Hennessey,person,,ocd-person/f2700034-7f3d-4834-bb66-b848a7ca748a,ocd-bill/15907987-52c6-4760-8439-90867cd7ec38,False,cosponsor
2f91ae7b-4535-4dbe-8b67-d9c435831e52,Dan Feltes,person,,ocd-person/e97501d7-4bef-403f-8d48-9fcecc980cf5,ocd-bill/15907987-52c6-4760-8439-90867cd7ec38,True,primary
3089624b-23a6-460d-9635-f4241bebdd33,Martha Fuller Clark,person,,ocd-person/823e56cb-5c51-4a09-b060-93cdb7f7ac25,ocd-bill/15907987-52c6-4760-8439-90867cd7ec38,False,cosponsor
f11cfa09-a5ad-4b7d-855c-f3a9f1480d0e,Timothy P. Lang,person,,ocd-person/85064309-421e-4611-a6c5-800234db68fb,ocd-bill/9a2032fa-77f0-4960-866b-e3ecaa0eaab8,False,cosponsor
d0b91918-8f58-4161-943e-7868905f3f98,Reed A. Panasiti,person,,ocd-person/7a82814e-ffd2-4af0-b9b7-01d52a0492b0,ocd-bill/9a2032fa-77f0-4960-866b-e3ecaa0eaab8,True,primary
304541f1-fca8-43c1-953b-c421a5bcf7a6,Tom Sherman,person,,ocd-person/ee95d0de-e55e-4733-ba97-0fde66adf65c,ocd-bill/ff6ebe58-8453-4ecc-afe7-d48d6637ab96,False,cosponsor
0607b64e-78ed-4038-917a-d132b100b42e,Martha S. Hennessey,person,,ocd-person/f2700034-7f3d-4834-bb66-b848a7ca748a,ocd-bill/ff6ebe58-8453-4ecc-afe7-d48d6637ab96,True,primary
4e8106cf-df12-4af9-b0e0-a213b2cce146,Erin T. Hennessey,person,,ocd-person/91d16c36-2236-4bef-8009-004bd036c22a,ocd-bill/67e3f7fb-a1c5-43d1-90af-5dfe935e27aa,False,cosponsor
b8ddb054-2fea-4d52-ba64-a3d69cf92922,Kenneth L. Weyler,person,,ocd-person/e2f9dd7e-b221-4cf0-b7de-5daa70658669,ocd-bill/67e3f7fb-a1c5-43d1-90af-5dfe935e27aa,False,cosponsor
fdad95a3-2dfb-4258-8c13-36ad06cb0acd,Jeb Bradley,person,,ocd-person/3f5455e8-256e-4442-9c13-bc14f62ce76f,ocd-bill/67e3f7fb-a1c5-43d1-90af-5dfe935e27aa,True,primary
5595da2d-9227-40e1-8acd-12e486e913be,Sharon M Carson,person,,ocd-person/00964fc0-dd57-44c3-87bf-b6d5bbc34560,ocd-bill/67e3f7fb-a1c5-43d1-90af-5dfe935e27aa,False,cosponsor
89e04659-a05d-425f-9707-10cb15066c70,Lou D'Allesandro,person,,ocd-person/87c48788-817d-408b-a1e1-ebe1c9fd893d,ocd-bill/67e3f7fb-a1c5-43d1-90af-5dfe935e27aa,False,cosponsor
598a8ef1-984b-4223-a551-d4bb24786744,Melanie Levesque,person,,ocd-person/282926cd-63f0-4ac4-ad16-5e96eb1c4e0b,ocd-bill/eef1ea7a-5db7-4962-8dbb-6690ed0689aa,True,primary
2e009c70-203c-4aa0-b1d9-5c8a2420e1d8,Tom Sherman,person,,ocd-person/ee95d0de-e55e-4733-ba97-0fde66adf65c,ocd-bill/eef1ea7a-5db7-4962-8dbb-6690ed0689aa,False,cosponsor
ec90cf18-9d5b-4eae-8309-63896b2b781f,Marjorie A. Porter,person,,ocd-person/0999b615-be84-4309-b4ca-68261c1155ab,ocd-bill/eef1ea7a-5db7-4962-8dbb-6690ed0689aa,False,cosponsor
da40e330-f00d-455f-a712-8cefb6f19b91,Ruth Ward,person,,ocd-person/9089a509-1f26-4770-adc6-199ed716e692,ocd-bill/1d397340-4c66-4d30-b5e8-af3fc0588b8d,False,cosponsor
6481baad-2190-4c3c-b7ed-62a3524cf00a,James P. Gray,person,,ocd-person/e6443187-eb51-42eb-8bd7-349ed0ba9641,ocd-bill/1d397340-4c66-4d30-b5e8-af3fc0588b8d,False,cosponsor
17fb404e-6b42-4185-a809-82ba93e9d539,Edward A. Butler,person,,ocd-person/fd79da58-6089-4580-bef2-ad03fc7e6bde,ocd-bill/1d397340-4c66-4d30-b5e8-af3fc0588b8d,False,cosponsor
c69972ef-60a5-4078-a7d4-cfe63a48f1d3,Norman L. Major,person,,ocd-person/f210808d-53ac-4e23-ade2-7bdb60a8e559,ocd-bill/1d397340-4c66-4d30-b5e8-af3fc0588b8d,False,cosponsor
5af2e149-95c2-4786-a27c-564a5cf00b8e,Jeb Bradley,person,,ocd-person/3f5455e8-256e-4442-9c13-bc14f62ce76f,ocd-bill/1d397340-4c66-4d30-b5e8-af3fc0588b8d,True,primary
e887d929-db5f-4e29-a8cd-f6206c553124,Sharon M Carson,person,,ocd-person/00964fc0-dd57-44c3-87bf-b6d5bbc34560,ocd-bill/1d397340-4c66-4d30-b5e8-af3fc0588b8d,False,cosponsor
c5fad34d-f9bd-4838-8f3a-8fb9ff7d140d,David J Starr,person,,ocd-person/b19ae598-8107-4959-b150-586deb9c9852,ocd-bill/fdfa4893-1969-4f1d-8d4c-77fe55f39754,False,cosponsor
c65d0918-5818-44b1-ac27-696c026e437a,James P. Gray,person,,ocd-person/e6443187-eb51-42eb-8bd7-349ed0ba9641,ocd-bill/fdfa4893-1969-4f1d-8d4c-77fe55f39754,False,cosponsor
3351d736-2039-4b39-af37-b45ed721bc62,Bob J. Giuda,person,,ocd-person/7739a4d0-534e-4bdb-b7fb-6a8f348e833e,ocd-bill/fdfa4893-1969-4f1d-8d4c-77fe55f39754,False,cosponsor
9cf7e43c-8912-4cd9-8a46-f51672cf622a,Regina Birdsell,person,,ocd-person/461c9024-c8c3-44a5-91d6-015a6587db5f,ocd-bill/fdfa4893-1969-4f1d-8d4c-77fe55f39754,False,cosponsor
035a30b6-591c-4088-8f62-aa84b2e5cda0,Erin T. Hennessey,person,,ocd-person/91d16c36-2236-4bef-8009-004bd036c22a,ocd-bill/fdfa4893-1969-4f1d-8d4c-77fe55f39754,False,cosponsor
81c4a402-6c53-4f10-9154-c5ce5660472f,Richard W. Hinch,person,,ocd-person/b566af7c-b746-4b6d-bd34-17c66df7fc7c,ocd-bill/fdfa4893-1969-4f1d-8d4c-77fe55f39754,False,cosponsor
c02912ea-9679-43fc-a0fc-2a36507d5533,Al P. Baldasaro,person,,ocd-person/3807f9c1-b590-4496-8a1e-b0ff84ba592d,ocd-bill/fdfa4893-1969-4f1d-8d4c-77fe55f39754,False,cosponsor
e3dc62c4-d807-4084-95b3-46b778d5e926,David H Watters,person,,ocd-person/cf24defe-6df3-49f3-88ca-c6774b144f19,ocd-bill/fdfa4893-1969-4f1d-8d4c-77fe55f39754,False,cosponsor
9b9e44c8-ddd1-4dbd-a655-ed4ea9173fc1,Jeb Bradley,person,,ocd-person/3f5455e8-256e-4442-9c13-bc14f62ce76f,ocd-bill/fdfa4893-1969-4f1d-8d4c-77fe55f39754,True,primary
cb18c774-9772-4113-bfc6-a582c305a8a4,Sharon M Carson,person,,ocd-person/00964fc0-dd57-44c3-87bf-b6d5bbc34560,ocd-bill/fdfa4893-1969-4f1d-8d4c-77fe55f39754,False,cosponsor
2ff0c22b-af56-4b4e-9260-b208a6e48b4b,Martha Fuller Clark,person,,ocd-person/823e56cb-5c51-4a09-b060-93cdb7f7ac25,ocd-bill/fdfa4893-1969-4f1d-8d4c-77fe55f39754,False,cosponsor
c4c7e4d9-45e9-4f70-a353-7aa7cf676387,Chuck Morse,person,,ocd-person/72b8f708-a22d-477d-9c55-e5d14b8308a6,ocd-bill/fdfa4893-1969-4f1d-8d4c-77fe55f39754,False,cosponsor
979739e2-8796-4758-bb21-228060e9423a,Lou D'Allesandro,person,,ocd-person/87c48788-817d-408b-a1e1-ebe1c9fd893d,ocd-bill/fdfa4893-1969-4f1d-8d4c-77fe55f39754,False,cosponsor
6b7e6654-caeb-4e53-8ac8-09a7f866d912,Jay Kahn,person,,ocd-person/998e681b-6df1-4b4a-92db-7a2187cedcd8,ocd-bill/619b3dac-b0fa-4043-99c4-8d5fba3455f6,False,cosponsor
c0d9e882-4504-4cd0-ac38-c1e4924443ec,Martha S. Hennessey,person,,ocd-person/f2700034-7f3d-4834-bb66-b848a7ca748a,ocd-bill/619b3dac-b0fa-4043-99c4-8d5fba3455f6,False,cosponsor
4a16a5ee-3488-4fa8-b969-d4f481bd1f18,Robert Renny Cushing,person,,ocd-person/cdb3279c-243a-4ca0-8e83-fcb10a975736,ocd-bill/619b3dac-b0fa-4043-99c4-8d5fba3455f6,False,cosponsor
86c9a36c-59f1-487f-b54c-05c64e4886cc,John Reagan,person,,ocd-person/f516d40a-3676-4437-8285-a931d7c2885b,ocd-bill/619b3dac-b0fa-4043-99c4-8d5fba3455f6,True,primary
a39ba664-2dc7-414b-8191-b86b5f9568ae,Kevin Cavanaugh,person,,ocd-person/7fb2bb33-cbdb-4dfd-9369-64f19f179777,ocd-bill/5759b2b3-ba6d-4c15-9134-2e88f098f2ce,False,cosponsor
cc53b46a-380e-4743-92bf-54c9e3930158,Constance Van Houten,person,,ocd-person/5e54c6e7-01cb-42c8-b3ed-8137e6c995fd,ocd-bill/5759b2b3-ba6d-4c15-9134-2e88f098f2ce,False,cosponsor
0bf6af44-9000-454c-b118-939c81320347,David H Watters,person,,ocd-person/cf24defe-6df3-49f3-88ca-c6774b144f19,ocd-bill/5759b2b3-ba6d-4c15-9134-2e88f098f2ce,True,primary
77ce3658-74fa-459c-a4d9-d2e5589f27ef,Shannon E Chandley,person,,,ocd-bill/40266c7c-9eb0-48b4-bbfa-47ce62ca05bc,False,cosponsor
84bbbe7b-8340-4b8f-aff9-cec9bc13f123,Jeanne Dietsch,person,,ocd-person/8e7e0c04-e019-4ffe-a281-18beee5d939f,ocd-bill/40266c7c-9eb0-48b4-bbfa-47ce62ca05bc,False,cosponsor
8a3f1591-98f4-4256-b625-9059bc97ebc1,Matthew B. Wilhelm,person,,ocd-person/61d2e8f3-f2b9-4357-81af-fe982ee1821f,ocd-bill/40266c7c-9eb0-48b4-bbfa-47ce62ca05bc,False,cosponsor
e094e437-b1fe-42b0-b18c-fb50e380c7ef,Jay Kahn,person,,ocd-person/998e681b-6df1-4b4a-92db-7a2187cedcd8,ocd-bill/40266c7c-9eb0-48b4-bbfa-47ce62ca05bc,False,cosponsor
51e0df52-dfe7-4f23-a231-8ed509e499ed,David J. Danielson,person,,ocd-person/62c43933-5aea-4a05-9ac8-f26c688b2367,ocd-bill/40266c7c-9eb0-48b4-bbfa-47ce62ca05bc,False,cosponsor
64208414-66fe-4216-aa2a-1287322c7516,Martha Fuller Clark,person,,ocd-person/823e56cb-5c51-4a09-b060-93cdb7f7ac25,ocd-bill/40266c7c-9eb0-48b4-bbfa-47ce62ca05bc,True,primary
765d5e21-2ccd-4877-9965-1557090706e7,Tom Sherman,person,,ocd-person/ee95d0de-e55e-4733-ba97-0fde66adf65c,ocd-bill/424b27d3-f29d-41f0-af53-159186b466c4,False,cosponsor
3cf6f42f-b492-4899-b23d-ac497bfb176d,Regina Birdsell,person,,ocd-person/461c9024-c8c3-44a5-91d6-015a6587db5f,ocd-bill/424b27d3-f29d-41f0-af53-159186b466c4,True,primary
090a07b6-6aa2-4081-afd9-670c28e73d5d,David E. Milz,person,,ocd-person/ef41a7dd-a84f-47db-b794-2a6c6be48771,ocd-bill/424b27d3-f29d-41f0-af53-159186b466c4,False,cosponsor
7a8d63e2-8ba8-40ca-b56b-c9c0e153c209,John T. O'Connor,person,,ocd-person/60882336-f4d2-45e4-b194-d2b99cae7610,ocd-bill/424b27d3-f29d-41f0-af53-159186b466c4,False,cosponsor
89fc5cb0-4543-4a5e-8ef5-de0542c72aa5,Brian K. Chirichiello,person,,ocd-person/c5e0ac90-3639-40f6-9d02-c67e25bf675d,ocd-bill/424b27d3-f29d-41f0-af53-159186b466c4,False,cosponsor
63953efc-f68a-4ecc-964a-e23b7a241e44,Dan Feltes,person,,ocd-person/e97501d7-4bef-403f-8d48-9fcecc980cf5,ocd-bill/6225e920-0bba-443f-84e5-056d11abebc1,True,primary
c3397583-63a0-4c36-9f3b-a101f8b254bf,Sherry Dutzy,person,,ocd-person/43eb9cdc-392c-4ca5-b5da-ad542ea0bcc0,ocd-bill/cb2b0b7b-6e0a-402d-b9dc-9e33ee8e178b,False,cosponsor
6b9f6246-a0fb-4c8c-8704-5c89156a5c78,Cindy Rosenwald,person,,ocd-person/f3e949ce-6d98-4826-bbca-08039cea4ea4,ocd-bill/cb2b0b7b-6e0a-402d-b9dc-9e33ee8e178b,True,primary
2505b420-8789-42ec-bcc5-c01ceca0eb28,Patricia S. Klee,person,,ocd-person/3a5791f9-bea1-4fa8-86bb-f54d2efaa86e,ocd-bill/cb2b0b7b-6e0a-402d-b9dc-9e33ee8e178b,False,cosponsor
7f57ff78-a3ae-41c6-b3c8-ace8bab0b1e1,Suzanne M. Vail,person,,ocd-person/ce985799-268d-4190-b078-955fc63a8c3c,ocd-bill/cb2b0b7b-6e0a-402d-b9dc-9e33ee8e178b,False,cosponsor
f1df7615-821f-41de-b860-197e93633261,Andrew Renzullo,person,,ocd-person/b8aa741e-30b1-4d45-8f6a-7241f0d0eed2,ocd-bill/cb2b0b7b-6e0a-402d-b9dc-9e33ee8e178b,False,cosponsor
67ddc4f8-9cdf-4320-b20d-f74ea8c57c72,Cindy Rosenwald,person,,ocd-person/f3e949ce-6d98-4826-bbca-08039cea4ea4,ocd-bill/37ce5a42-1770-4246-b88c-5068b7c2cead,False,cosponsor
04b8ff28-c5aa-4a5e-a256-6e99d11a9aa5,Tom Sherman,person,,ocd-person/ee95d0de-e55e-4733-ba97-0fde66adf65c,ocd-bill/37ce5a42-1770-4246-b88c-5068b7c2cead,False,cosponsor
0aca84f1-21b5-497b-bbfe-501e92db843e,Jay Kahn,person,,ocd-person/998e681b-6df1-4b4a-92db-7a2187cedcd8,ocd-bill/37ce5a42-1770-4246-b88c-5068b7c2cead,False,cosponsor
223f3948-b4b1-4dc3-8d55-5941599d993d,Ruth Ward,person,,ocd-person/9089a509-1f26-4770-adc6-199ed716e692,ocd-bill/37ce5a42-1770-4246-b88c-5068b7c2cead,False,cosponsor
eab59750-d462-4c94-9124-112f33640646,James P. Gray,person,,ocd-person/e6443187-eb51-42eb-8bd7-349ed0ba9641,ocd-bill/37ce5a42-1770-4246-b88c-5068b7c2cead,True,primary
22563d59-d0f7-488b-a0e4-a17b76209080,Bob J. Giuda,person,,ocd-person/7739a4d0-534e-4bdb-b7fb-6a8f348e833e,ocd-bill/37ce5a42-1770-4246-b88c-5068b7c2cead,False,cosponsor
bdb6adea-7c21-4394-b8c7-92f6bdac7f2e,Regina Birdsell,person,,ocd-person/461c9024-c8c3-44a5-91d6-015a6587db5f,ocd-bill/37ce5a42-1770-4246-b88c-5068b7c2cead,False,cosponsor
f1bd5056-b6a7-4156-875e-7e058a7cce79,David H Watters,person,,ocd-person/cf24defe-6df3-49f3-88ca-c6774b144f19,ocd-bill/37ce5a42-1770-4246-b88c-5068b7c2cead,False,cosponsor
3238617f-7214-4ed9-9795-b37e1335e02f,Jeb Bradley,person,,ocd-person/3f5455e8-256e-4442-9c13-bc14f62ce76f,ocd-bill/37ce5a42-1770-4246-b88c-5068b7c2cead,False,cosponsor
c5bea1c4-962c-4ff2-a6aa-2ff5800a6373,Sharon M Carson,person,,ocd-person/00964fc0-dd57-44c3-87bf-b6d5bbc34560,ocd-bill/37ce5a42-1770-4246-b88c-5068b7c2cead,False,cosponsor
7b12a55a-af3a-4426-aabc-3dd7ce9e8a17,Martha Fuller Clark,person,,ocd-person/823e56cb-5c51-4a09-b060-93cdb7f7ac25,ocd-bill/37ce5a42-1770-4246-b88c-5068b7c2cead,False,cosponsor
4f819047-791e-4c42-b586-19052d1b9c58,Tom Sherman,person,,ocd-person/ee95d0de-e55e-4733-ba97-0fde66adf65c,ocd-bill/a799d892-ea26-4111-a4f1-2f260cc8211b,False,cosponsor
f8b6994a-fcba-4592-9e96-f70d707af22d,David J. Danielson,person,,ocd-person/62c43933-5aea-4a05-9ac8-f26c688b2367,ocd-bill/a799d892-ea26-4111-a4f1-2f260cc8211b,False,cosponsor
6a675e01-8a39-4f43-b87b-c03b3c7291ef,Rick M. Ladd,person,,ocd-person/1bd6c569-f2dd-4670-bf82-ef3ea4b15960,ocd-bill/a799d892-ea26-4111-a4f1-2f260cc8211b,False,cosponsor
43c65ae8-062c-4da7-9706-2185d356d323,Judith T. Spang,person,,ocd-person/1c49114b-ec16-4617-8b35-f7ce02d6daa4,ocd-bill/a799d892-ea26-4111-a4f1-2f260cc8211b,False,cosponsor
2b61b3be-725b-4e57-807f-4c6b69a2b123,Sharon M Carson,person,,ocd-person/00964fc0-dd57-44c3-87bf-b6d5bbc34560,ocd-bill/a799d892-ea26-4111-a4f1-2f260cc8211b,False,cosponsor
f1fdb20b-e060-48ec-9843-3b59f883b889,Martha Fuller Clark,person,,ocd-person/823e56cb-5c51-4a09-b060-93cdb7f7ac25,ocd-bill/a799d892-ea26-4111-a4f1-2f260cc8211b,True,primary
5847629a-fd82-4e78-8972-2e39f866da9f,Jon Morgan,person,,ocd-person/f169c82a-7120-4d67-85d4-d5ff21cd44ef,ocd-bill/6651a501-77f0-43b8-a927-a2cb1be3cf18,False,cosponsor
f708ead7-a18b-4b2c-b4d6-5264285e285f,Shannon E Chandley,person,,,ocd-bill/6651a501-77f0-43b8-a927-a2cb1be3cf18,True,primary
6f724bf1-5f47-412e-976d-77cc999802ca,Paul P. Dargie,person,,ocd-person/63f11bc0-1dbb-48c3-a2ec-635cf7f25a84,ocd-bill/6651a501-77f0-43b8-a927-a2cb1be3cf18,False,cosponsor
c338b8ef-ac8b-4447-8183-499f6ef8b89a,Megan A. Murray,person,,ocd-person/f1902aac-3930-478d-9e89-60cef8bcae0b,ocd-bill/6651a501-77f0-43b8-a927-a2cb1be3cf18,False,cosponsor
5e35d1dc-f771-490d-946c-74073fca2444,Reed A. Panasiti,person,,ocd-person/7a82814e-ffd2-4af0-b9b7-01d52a0492b0,ocd-bill/6651a501-77f0-43b8-a927-a2cb1be3cf18,False,cosponsor
adb434e8-551e-4cce-8478-e08f5052e1bd,Julie Radhakrishnan,person,,ocd-person/79f9410e-748e-4a05-a48f-047fef64d1cf,ocd-bill/6651a501-77f0-43b8-a927-a2cb1be3cf18,False,cosponsor
0319b691-6c57-42b3-95a5-cf811f20357b,Kermit R. Williams,person,,ocd-person/fa58238b-d845-4c1c-a331-8e175efcd6d3,ocd-bill/6651a501-77f0-43b8-a927-a2cb1be3cf18,False,cosponsor
07590d5d-59c7-4682-8dfb-4bb4a34416d9,Martha Fuller Clark,person,,ocd-person/823e56cb-5c51-4a09-b060-93cdb7f7ac25,ocd-bill/6651a501-77f0-43b8-a927-a2cb1be3cf18,False,cosponsor
0e1aeef3-cb87-4170-8766-24112a53dda6,Jay Kahn,person,,ocd-person/998e681b-6df1-4b4a-92db-7a2187cedcd8,ocd-bill/76dd97da-c3a2-4074-9410-0232906d6466,True,primary
eb49617e-3230-4070-b51c-f101de57457b,David J. Luneau,person,,ocd-person/c3c9bb99-9512-4bec-be04-d8b29ea96f3e,ocd-bill/76dd97da-c3a2-4074-9410-0232906d6466,False,cosponsor
abd7123a-a663-4c7c-9318-aa2ebbf4786e,David H Watters,person,,ocd-person/cf24defe-6df3-49f3-88ca-c6774b144f19,ocd-bill/76dd97da-c3a2-4074-9410-0232906d6466,False,cosponsor
d053941f-1b7b-4bdb-9d06-85e0272f51c0,Martha Fuller Clark,person,,ocd-person/823e56cb-5c51-4a09-b060-93cdb7f7ac25,ocd-bill/76dd97da-c3a2-4074-9410-0232906d6466,False,cosponsor
6974b123-fe59-49d6-9625-45722edb4a14,Judy F. Aron,person,,ocd-person/533fb85c-c4f0-41f3-9bc6-8b1c422a9693,ocd-bill/c3e07d33-deac-4b07-a408-8912616f4029,False,cosponsor
f4e7229d-3fb0-40fd-a9ff-d5f131943b34,Ruth Ward,person,,ocd-person/9089a509-1f26-4770-adc6-199ed716e692,ocd-bill/c3e07d33-deac-4b07-a408-8912616f4029,True,primary
986b8465-ceda-48c9-99a6-9b5ff5c4d910,James P. Gray,person,,ocd-person/e6443187-eb51-42eb-8bd7-349ed0ba9641,ocd-bill/c3e07d33-deac-4b07-a408-8912616f4029,False,cosponsor
476dedf1-da84-40d4-98df-8368a946b858,Walter A. Stapleton,person,,ocd-person/74efcb71-c62c-4388-b9ad-69f779b0c33e,ocd-bill/c3e07d33-deac-4b07-a408-8912616f4029,False,cosponsor
563a92a6-2547-47cd-8771-a610740abcb9,Regina Birdsell,person,,ocd-person/461c9024-c8c3-44a5-91d6-015a6587db5f,ocd-bill/c3e07d33-deac-4b07-a408-8912616f4029,False,cosponsor
e87b180a-1042-450a-9d1f-9d24bb4343dd,John R. Cloutier,person,,ocd-person/d3dab509-1268-4b4f-b363-98932002bf2e,ocd-bill/c3e07d33-deac-4b07-a408-8912616f4029,False,cosponsor
d179a335-8874-44e7-b861-1de8119913c4,Bob J. Giuda,person,,ocd-person/7739a4d0-534e-4bdb-b7fb-6a8f348e833e,ocd-bill/2531290c-03f4-4c08-84fe-b982dc446f3e,False,cosponsor
bd9818a6-29a1-407d-aef4-5aea7035753b,Jeb Bradley,person,,ocd-person/3f5455e8-256e-4442-9c13-bc14f62ce76f,ocd-bill/2531290c-03f4-4c08-84fe-b982dc446f3e,False,cosponsor
e02c29d4-b70b-4924-bdd7-ed7a33a507eb,Sharon M Carson,person,,ocd-person/00964fc0-dd57-44c3-87bf-b6d5bbc34560,ocd-bill/2531290c-03f4-4c08-84fe-b982dc446f3e,True,primary
fe083873-6da1-4266-b293-251935e6620e,Jeanne Dietsch,person,,ocd-person/8e7e0c04-e019-4ffe-a281-18beee5d939f,ocd-bill/18c7ad7a-9e8a-4d6f-a163-fab695d2213e,False,cosponsor
5bf8ef84-a985-4de9-8a3d-ac8b421c6971,Bob J. Giuda,person,,ocd-person/7739a4d0-534e-4bdb-b7fb-6a8f348e833e,ocd-bill/18c7ad7a-9e8a-4d6f-a163-fab695d2213e,True,primary
356e1a1f-1575-4952-8368-57af326b4966,Howard C. Pearl,person,,ocd-person/c4122c6a-ed23-492e-b813-59a0fed1ec86,ocd-bill/18c7ad7a-9e8a-4d6f-a163-fab695d2213e,False,cosponsor
d7f1f1f8-1fb5-469b-9ad9-0972a5c4957e,Timothy P. Lang,person,,ocd-person/85064309-421e-4611-a6c5-800234db68fb,ocd-bill/18c7ad7a-9e8a-4d6f-a163-fab695d2213e,False,cosponsor
65c8de45-fcbe-4873-b2ff-7f08f6c2e5f5,Regina Birdsell,person,,ocd-person/461c9024-c8c3-44a5-91d6-015a6587db5f,ocd-bill/18c7ad7a-9e8a-4d6f-a163-fab695d2213e,False,cosponsor
17cc1b3b-61e4-419e-a9e8-a417695bb0b0,Richard W. Hinch,person,,ocd-person/b566af7c-b746-4b6d-bd34-17c66df7fc7c,ocd-bill/18c7ad7a-9e8a-4d6f-a163-fab695d2213e,False,cosponsor
69422c1b-0f91-42c2-95af-49216a6a0a43,Sharon M Carson,person,,ocd-person/00964fc0-dd57-44c3-87bf-b6d5bbc34560,ocd-bill/18c7ad7a-9e8a-4d6f-a163-fab695d2213e,False,cosponsor
c7f44d61-d4c7-4395-916f-190722244f61,Martha Fuller Clark,person,,ocd-person/823e56cb-5c51-4a09-b060-93cdb7f7ac25,ocd-bill/18c7ad7a-9e8a-4d6f-a163-fab695d2213e,False,cosponsor
14216f05-05ad-4d9f-9382-81e4caf4e95c,Michelle St. John,person,,ocd-person/88437b11-b120-486d-83ac-60d88a97785f,ocd-bill/a6869e5b-4dc0-4752-b98b-2cf44558f6c4,False,cosponsor
54998e07-a838-4992-82ed-57ab878d59fd,Martha S. Hennessey,person,,ocd-person/f2700034-7f3d-4834-bb66-b848a7ca748a,ocd-bill/a6869e5b-4dc0-4752-b98b-2cf44558f6c4,False,cosponsor
783aec66-c7b8-435a-bfca-c2fc586921f0,Mary Jane Mulligan,person,,ocd-person/2eda7ff0-af84-4ad3-a72c-ea7c37e46877,ocd-bill/a6869e5b-4dc0-4752-b98b-2cf44558f6c4,False,cosponsor
62f6442c-22a0-40cb-877b-f51cd729502b,Skip Berrien,person,,ocd-person/c955f3c4-4732-42c2-8615-bc103ee8e0d8,ocd-bill/a6869e5b-4dc0-4752-b98b-2cf44558f6c4,False,cosponsor
f3c55617-b63d-4e38-8bf8-978e6764aa9f,Kimberly A. Rice,person,,ocd-person/85b7ca6d-3fd7-4e97-bfe0-effe223121f7,ocd-bill/a6869e5b-4dc0-4752-b98b-2cf44558f6c4,False,cosponsor
f297591a-25f1-4d62-8716-cfc3bdf20ef3,Erin T. Hennessey,person,,ocd-person/91d16c36-2236-4bef-8009-004bd036c22a,ocd-bill/a6869e5b-4dc0-4752-b98b-2cf44558f6c4,False,cosponsor
c440b5ed-8845-457c-b58c-2dccb4a5936e,Edward A. Butler,person,,ocd-person/fd79da58-6089-4580-bef2-ad03fc7e6bde,ocd-bill/a6869e5b-4dc0-4752-b98b-2cf44558f6c4,True,primary
6e217ed0-8e1b-451b-ac41-2d6c676a70b1,John Reagan,person,,ocd-person/f516d40a-3676-4437-8285-a931d7c2885b,ocd-bill/a6869e5b-4dc0-4752-b98b-2cf44558f6c4,False,cosponsor
cf21ccb5-f066-4fd4-8b42-0e6e979c373b,David H Watters,person,,ocd-person/cf24defe-6df3-49f3-88ca-c6774b144f19,ocd-bill/a6869e5b-4dc0-4752-b98b-2cf44558f6c4,False,cosponsor
d351abfa-eb43-4aa6-a027-d1b65a3755a5,Jeb Bradley,person,,ocd-person/3f5455e8-256e-4442-9c13-bc14f62ce76f,ocd-bill/a6869e5b-4dc0-4752-b98b-2cf44558f6c4,False,cosponsor
37144282-c843-4e6d-8e35-949a45914af0,Jeb Bradley,person,,ocd-person/3f5455e8-256e-4442-9c13-bc14f62ce76f,ocd-bill/38697dfc-f9b5-4365-97eb-c78d59d6004f,False,cosponsor
091b9245-fc53-4ee6-93f2-201a83c18205,Lou D'Allesandro,person,,ocd-person/87c48788-817d-408b-a1e1-ebe1c9fd893d,ocd-bill/38697dfc-f9b5-4365-97eb-c78d59d6004f,True,primary
0b88194f-2633-4c74-83db-553dfa54abc3,Cindy Rosenwald,person,,ocd-person/f3e949ce-6d98-4826-bbca-08039cea4ea4,ocd-bill/859d094a-fe20-4691-823e-2a1fca5799c8,False,cosponsor
7165bfb9-31cd-4128-bfaa-3f155a6c4c1c,Robert Renny Cushing,person,,ocd-person/cdb3279c-243a-4ca0-8e83-fcb10a975736,ocd-bill/859d094a-fe20-4691-823e-2a1fca5799c8,False,cosponsor
adbaf47c-5890-4933-8f28-dd41dd31dfb7,John Reagan,person,,ocd-person/f516d40a-3676-4437-8285-a931d7c2885b,ocd-bill/859d094a-fe20-4691-823e-2a1fca5799c8,True,primary
22131b6e-51d4-4cea-a3d0-9c155eeeea07,Jeb Bradley,person,,ocd-person/3f5455e8-256e-4442-9c13-bc14f62ce76f,ocd-bill/859d094a-fe20-4691-823e-2a1fca5799c8,False,cosponsor
cafd8a77-5b68-4fac-9c8c-e1814d84cb22,Chuck Morse,person,,ocd-person/72b8f708-a22d-477d-9c55-e5d14b8308a6,ocd-bill/d8a84d87-1d00-44df-b1e2-661323b92a43,False,cosponsor
ed328e6b-51dc-4798-b03a-55c0d7978ae2,Lou D'Allesandro,person,,ocd-person/87c48788-817d-408b-a1e1-ebe1c9fd893d,ocd-bill/d8a84d87-1d00-44df-b1e2-661323b92a43,True,primary
dc946816-39c1-4ee4-a343-dbf5288e53c8,Ruth Ward,person,,ocd-person/9089a509-1f26-4770-adc6-199ed716e692,ocd-bill/8f332119-e689-413b-8328-1fde095f676e,False,cosponsor
9ac548f1-ce07-47d4-915a-f4ffcf04865f,Regina Birdsell,person,,ocd-person/461c9024-c8c3-44a5-91d6-015a6587db5f,ocd-bill/8f332119-e689-413b-8328-1fde095f676e,True,primary
5e034ba3-09c2-4db1-b686-b45bb4190ad2,George E. Sykes,person,,ocd-person/1d64c012-42cd-433e-9e51-d449279fe57e,ocd-bill/8f332119-e689-413b-8328-1fde095f676e,False,cosponsor
090ba527-67c1-4e1e-81e6-22f25530a01c,David H Watters,person,,ocd-person/cf24defe-6df3-49f3-88ca-c6774b144f19,ocd-bill/8f332119-e689-413b-8328-1fde095f676e,False,cosponsor
7fdcded7-7d34-412b-bfae-a21542042ea7,Werner D. Horn,person,,ocd-person/ab3fb5b5-85fb-441d-8b4f-09d52722175b,ocd-bill/afd0643b-f4e4-418f-8ed6-8ce0d0684eea,True,primary
16b8582e-a0a7-4999-9a83-6d5a250e18fa,Jon Morgan,person,,ocd-person/f169c82a-7120-4d67-85d4-d5ff21cd44ef,ocd-bill/05f42e00-ad0d-48b9-a97b-786968da9f7d,True,primary
9594d25e-15dd-4547-8a46-75549fd8fe6e,Donna M. Soucy,person,,ocd-person/bfbbacfd-e12a-4e07-970e-c2c2c006f4a2,ocd-bill/05f42e00-ad0d-48b9-a97b-786968da9f7d,False,cosponsor
a18c818b-5e1f-41fc-a238-8e4c3918d834,Skip Berrien,person,,ocd-person/c955f3c4-4732-42c2-8615-bc103ee8e0d8,ocd-bill/9c4c54b8-1459-4a20-8213-5ea692232f71,False,cosponsor
43b919b7-5fbf-45f2-a9c0-8725536f1087,Kimberly A. Rice,person,,ocd-person/85b7ca6d-3fd7-4e97-bfe0-effe223121f7,ocd-bill/9c4c54b8-1459-4a20-8213-5ea692232f71,False,cosponsor
ff47d184-b338-4f07-827c-1c4ee56e9e04,Debra L. DeSimone,person,,ocd-person/7ef7472f-0bda-4708-9239-76adeca1e87e,ocd-bill/9c4c54b8-1459-4a20-8213-5ea692232f71,False,cosponsor
3aceba29-c415-4dda-9ede-91d3dc742ea1,Patrick T. Long,person,,ocd-person/14d0ff58-3340-4344-bb79-c6acd5f8ba6c,ocd-bill/9c4c54b8-1459-4a20-8213-5ea692232f71,False,cosponsor
240caf71-7fa4-442b-a85a-dc3f70a18010,John Reagan,person,,ocd-person/f516d40a-3676-4437-8285-a931d7c2885b,ocd-bill/9c4c54b8-1459-4a20-8213-5ea692232f71,False,cosponsor
4396e104-40fa-4d18-ae7f-dd4c1a98ddd7,Jeb Bradley,person,,ocd-person/3f5455e8-256e-4442-9c13-bc14f62ce76f,ocd-bill/9c4c54b8-1459-4a20-8213-5ea692232f71,False,cosponsor
f2ddf368-a028-48a8-a040-28a641a05289,Sharon M Carson,person,,ocd-person/00964fc0-dd57-44c3-87bf-b6d5bbc34560,ocd-bill/9c4c54b8-1459-4a20-8213-5ea692232f71,True,primary
1823102f-4e55-4f93-91d4-b9309b8ec936,Jon Morgan,person,,ocd-person/f169c82a-7120-4d67-85d4-d5ff21cd44ef,ocd-bill/b2baeee0-f8a1-4578-aa0f-a64aaeeb657c,False,cosponsor
39856bfc-8394-4830-bfec-2906f5059b2c,Cindy Rosenwald,person,,ocd-person/f3e949ce-6d98-4826-bbca-08039cea4ea4,ocd-bill/b2baeee0-f8a1-4578-aa0f-a64aaeeb657c,False,cosponsor
ff61234d-1c28-402a-bbe5-8beb196fbd42,Shannon E Chandley,person,,,ocd-bill/b2baeee0-f8a1-4578-aa0f-a64aaeeb657c,False,cosponsor
edbab6de-cde8-45b6-a3ae-4e1ac486bf64,David J Starr,person,,ocd-person/b19ae598-8107-4959-b150-586deb9c9852,ocd-bill/b2baeee0-f8a1-4578-aa0f-a64aaeeb657c,False,cosponsor
22b9b412-59c3-4679-b31b-bebd083504d3,Nicole Klein-Knight,person,,ocd-person/f91f87c5-d22a-48b7-ac4a-c2519d086ec7,ocd-bill/b2baeee0-f8a1-4578-aa0f-a64aaeeb657c,False,cosponsor
81d1a54a-6012-412a-9e28-54906a4cb92a,Harold F. French,person,,ocd-person/ff11da65-174b-4fdc-b33c-e5d6d56602f0,ocd-bill/b2baeee0-f8a1-4578-aa0f-a64aaeeb657c,False,cosponsor
562a28c3-ec62-490d-968c-fe002fff95cb,Jay Kahn,person,,ocd-person/998e681b-6df1-4b4a-92db-7a2187cedcd8,ocd-bill/b2baeee0-f8a1-4578-aa0f-a64aaeeb657c,False,cosponsor
f42bdf09-e32d-485b-9d63-be00d95cf361,Ruth Ward,person,,ocd-person/9089a509-1f26-4770-adc6-199ed716e692,ocd-bill/b2baeee0-f8a1-4578-aa0f-a64aaeeb657c,True,primary
61c422d5-ea1d-43f0-85ab-57b28bde0d81,James P. Gray,person,,ocd-person/e6443187-eb51-42eb-8bd7-349ed0ba9641,ocd-bill/b2baeee0-f8a1-4578-aa0f-a64aaeeb657c,False,cosponsor
0da9ce1c-be09-445a-94e8-daf1339f7105,Martha S. Hennessey,person,,ocd-person/f2700034-7f3d-4834-bb66-b848a7ca748a,ocd-bill/b2baeee0-f8a1-4578-aa0f-a64aaeeb657c,False,cosponsor
d5d3e51f-9cc7-4003-ac33-8d899eac1c7c,Bob J. Giuda,person,,ocd-person/7739a4d0-534e-4bdb-b7fb-6a8f348e833e,ocd-bill/b2baeee0-f8a1-4578-aa0f-a64aaeeb657c,False,cosponsor
a1064738-b504-4041-bce8-8cc1cbc3a6a8,Regina Birdsell,person,,ocd-person/461c9024-c8c3-44a5-91d6-015a6587db5f,ocd-bill/b2baeee0-f8a1-4578-aa0f-a64aaeeb657c,False,cosponsor
badf738d-d5d2-42d7-af91-da939aad3189,John M. Potucek,person,,ocd-person/433c67d6-bfdc-410e-87e2-463c93d55a17,ocd-bill/b2baeee0-f8a1-4578-aa0f-a64aaeeb657c,False,cosponsor
c67b36d6-6799-4266-b879-858fedfd0e9e,Barbara J. Griffin,person,,ocd-person/ce1a184c-47a7-4b48-a028-d39585bcf9c3,ocd-bill/b2baeee0-f8a1-4578-aa0f-a64aaeeb657c,False,cosponsor
7b1fb9b5-3a9d-42aa-83a3-9c683a9170cd,Robert Renny Cushing,person,,ocd-person/cdb3279c-243a-4ca0-8e83-fcb10a975736,ocd-bill/b2baeee0-f8a1-4578-aa0f-a64aaeeb657c,False,cosponsor
1aa9c39b-5761-47d7-b5e0-2299e5a7d2e9,David H Watters,person,,ocd-person/cf24defe-6df3-49f3-88ca-c6774b144f19,ocd-bill/b2baeee0-f8a1-4578-aa0f-a64aaeeb657c,False,cosponsor
0b381e1b-8244-4266-9482-d7235ceaa4ae,Jeb Bradley,person,,ocd-person/3f5455e8-256e-4442-9c13-bc14f62ce76f,ocd-bill/b2baeee0-f8a1-4578-aa0f-a64aaeeb657c,False,cosponsor
66c0460b-0c83-403d-b809-ea007f7da1dd,Sharon M Carson,person,,ocd-person/00964fc0-dd57-44c3-87bf-b6d5bbc34560,ocd-bill/b2baeee0-f8a1-4578-aa0f-a64aaeeb657c,False,cosponsor
fa1a9b75-ce72-4b9a-9878-6daf4b9c8e9f,Martha Fuller Clark,person,,ocd-person/823e56cb-5c51-4a09-b060-93cdb7f7ac25,ocd-bill/b2baeee0-f8a1-4578-aa0f-a64aaeeb657c,False,cosponsor
5dd635b8-cfaa-4b71-987d-0ade556d4602,Terry Roy,person,,ocd-person/6d43b165-fda9-4918-a2b7-ad66940062a0,ocd-bill/d2e3ca04-236c-4826-a29f-830de8a38ca0,False,cosponsor
32d3a851-9dac-4059-a469-2bb2f5f3d366,Harold F. French,person,,ocd-person/ff11da65-174b-4fdc-b33c-e5d6d56602f0,ocd-bill/d2e3ca04-236c-4826-a29f-830de8a38ca0,False,cosponsor
6f9c94f8-122a-46eb-9e02-5c4ba01f1dbd,Ruth Ward,person,,ocd-person/9089a509-1f26-4770-adc6-199ed716e692,ocd-bill/d2e3ca04-236c-4826-a29f-830de8a38ca0,False,cosponsor
86c829d7-51f0-4fcf-9d22-5686bf282f47,Brian Seaworth,person,,ocd-person/b12abcbf-fbbe-4464-854e-6960b024e62a,ocd-bill/d2e3ca04-236c-4826-a29f-830de8a38ca0,False,cosponsor
afa995a0-5182-421f-8794-03b7493b0d0f,James A. Spillane,person,,ocd-person/2520dc46-648c-44d0-ba1f-fe09b17a9d8b,ocd-bill/d2e3ca04-236c-4826-a29f-830de8a38ca0,False,cosponsor
fc4047ff-3848-48eb-9c78-318f75152135,Carol M. McGuire,person,,ocd-person/ae3d6133-98b5-444e-b95e-2edc2f5302dc,ocd-bill/d2e3ca04-236c-4826-a29f-830de8a38ca0,False,cosponsor
ddadb8da-1296-48fd-8572-514153d8e611,John Reagan,person,,ocd-person/f516d40a-3676-4437-8285-a931d7c2885b,ocd-bill/d2e3ca04-236c-4826-a29f-830de8a38ca0,True,primary
3f676b4e-e0f4-4598-9664-e877e7ded0c5,Jeb Bradley,person,,ocd-person/3f5455e8-256e-4442-9c13-bc14f62ce76f,ocd-bill/d2e3ca04-236c-4826-a29f-830de8a38ca0,False,cosponsor
eba3d423-4301-4434-8644-c29a9a977c53,Kendall A. Snow,person,,ocd-person/cfc39de4-1079-46cc-85d2-fa6382d4eafd,ocd-bill/24b3a2c5-cac4-4e3e-990d-4d4b0ca2abad,True,primary
d874dca6-3ee2-41c6-956e-ee812c096d6d,Cindy Rosenwald,person,,ocd-person/f3e949ce-6d98-4826-bbca-08039cea4ea4,ocd-bill/591e9341-d93d-4f33-b683-4826319b4ee5,True,primary
a2857bef-5aa9-405f-afaa-d3ae15f1bc82,Tom Sherman,person,,ocd-person/ee95d0de-e55e-4733-ba97-0fde66adf65c,ocd-bill/591e9341-d93d-4f33-b683-4826319b4ee5,False,cosponsor
e1b90844-7394-4256-bef5-48dfa13ded8f,Kevin Cavanaugh,person,,ocd-person/7fb2bb33-cbdb-4dfd-9369-64f19f179777,ocd-bill/591e9341-d93d-4f33-b683-4826319b4ee5,False,cosponsor
235f0e50-88e7-469d-a8c7-0a39584ffa62,Martha S. Hennessey,person,,ocd-person/f2700034-7f3d-4834-bb66-b848a7ca748a,ocd-bill/591e9341-d93d-4f33-b683-4826319b4ee5,False,cosponsor
18d70f28-722a-4ace-a215-03c33791263b,Polly Kent Campion,person,,ocd-person/8af71573-9095-434b-9fc7-6b244e40b3bb,ocd-bill/591e9341-d93d-4f33-b683-4826319b4ee5,False,cosponsor
834e858b-f959-40fa-bfc5-6f18d4f40f66,Karen E. Ebel,person,,ocd-person/947e2e2b-04eb-4f92-9f83-aef8760517e0,ocd-bill/591e9341-d93d-4f33-b683-4826319b4ee5,False,cosponsor
3ed094a3-6619-447a-9842-f18efa1cb67b,Edward A. Butler,person,,ocd-person/fd79da58-6089-4580-bef2-ad03fc7e6bde,ocd-bill/591e9341-d93d-4f33-b683-4826319b4ee5,False,cosponsor
dad3b821-5a42-4a02-83b3-110bc2fe2f76,Marjorie K. Smith,person,,ocd-person/86b31d04-3a4b-4199-b10e-27bd337f0a34,ocd-bill/591e9341-d93d-4f33-b683-4826319b4ee5,False,cosponsor
e17404ac-dc2d-4785-96fd-b8e53bf773bb,Donna M. Soucy,person,,ocd-person/bfbbacfd-e12a-4e07-970e-c2c2c006f4a2,ocd-bill/591e9341-d93d-4f33-b683-4826319b4ee5,False,cosponsor
3c5cf369-7dde-498a-b718-be4881195025,Martha Fuller Clark,person,,ocd-person/823e56cb-5c51-4a09-b060-93cdb7f7ac25,ocd-bill/591e9341-d93d-4f33-b683-4826319b4ee5,False,cosponsor
bf0ee025-7c47-42d2-9b61-bd913edd3dae,Tom Sherman,person,,ocd-person/ee95d0de-e55e-4733-ba97-0fde66adf65c,ocd-bill/aebf8396-8adf-4131-b3ec-46ac87e58bec,False,cosponsor
6b720645-e918-4ac0-ba05-e67a5f8ba888,Jay Kahn,person,,ocd-person/998e681b-6df1-4b4a-92db-7a2187cedcd8,ocd-bill/aebf8396-8adf-4131-b3ec-46ac87e58bec,False,cosponsor
04c7119e-a645-480c-9777-94d4f5bff644,Dave Testerman,person,,ocd-person/a9da1843-ceb9-40c6-9846-a3c3d5319ccd,ocd-bill/aebf8396-8adf-4131-b3ec-46ac87e58bec,False,cosponsor
c928b658-6f1a-4b4a-a0f4-113489c855be,Martha Fuller Clark,person,,ocd-person/823e56cb-5c51-4a09-b060-93cdb7f7ac25,ocd-bill/aebf8396-8adf-4131-b3ec-46ac87e58bec,True,primary
c3bc7884-107f-41f7-b42d-a61d95e618be,Max Abramson,person,,ocd-person/a2248bc0-9253-48d8-9ee2-d9c0b6fbc800,ocd-bill/87b90309-b62e-419e-9a5e-487b1511bfa3,True,primary
e6f86106-c837-45f8-8f5f-eec8b9e09c07,Jon Morgan,person,,ocd-person/f169c82a-7120-4d67-85d4-d5ff21cd44ef,ocd-bill/7ce1e0e5-fb2b-4ba6-a05b-a541ed86993d,True,primary
ddfe0b65-a01a-416b-92a7-dab269265228,Tom Sherman,person,,ocd-person/ee95d0de-e55e-4733-ba97-0fde66adf65c,ocd-bill/7ce1e0e5-fb2b-4ba6-a05b-a541ed86993d,False,cosponsor
d521cad3-3219-4c89-b068-eb1df8eab09f,James P. Gray,person,,ocd-person/e6443187-eb51-42eb-8bd7-349ed0ba9641,ocd-bill/7ce1e0e5-fb2b-4ba6-a05b-a541ed86993d,False,cosponsor
f0875785-e951-4ce6-aaa7-1b7022d81be4,Sharon M Carson,person,,ocd-person/00964fc0-dd57-44c3-87bf-b6d5bbc34560,ocd-bill/7ce1e0e5-fb2b-4ba6-a05b-a541ed86993d,False,cosponsor
79a64784-abd3-4849-94c9-719101946a4b,Martha Fuller Clark,person,,ocd-person/823e56cb-5c51-4a09-b060-93cdb7f7ac25,ocd-bill/7ce1e0e5-fb2b-4ba6-a05b-a541ed86993d,False,cosponsor
9c601d29-ce9c-4dcb-b366-3a723d7ee23e,Regina Birdsell,person,,ocd-person/461c9024-c8c3-44a5-91d6-015a6587db5f,ocd-bill/204af89b-7e15-4d72-9f42-d0d0b2b88a2d,False,cosponsor
de05491a-6468-4034-858b-515326260601,Chuck Morse,person,,ocd-person/72b8f708-a22d-477d-9c55-e5d14b8308a6,ocd-bill/204af89b-7e15-4d72-9f42-d0d0b2b88a2d,True,primary
b13f01c8-615d-49f1-a81f-a296f146bc45,Jeanne Dietsch,person,,ocd-person/8e7e0c04-e019-4ffe-a281-18beee5d939f,ocd-bill/3557f8d6-03cd-48ba-9b68-75a0bf34bc3c,True,primary
52b3ec82-b54d-49ca-a64e-01a576577830,Martha S. Hennessey,person,,ocd-person/f2700034-7f3d-4834-bb66-b848a7ca748a,ocd-bill/f2f14cb8-e923-4ceb-b6be-9adf7cfcb780,True,primary
410724c9-ab91-4125-b53f-2715a9161fe9,Sharon M Carson,person,,ocd-person/00964fc0-dd57-44c3-87bf-b6d5bbc34560,ocd-bill/f2f14cb8-e923-4ceb-b6be-9adf7cfcb780,False,cosponsor
a82b3b61-9314-48ba-bf9f-510ee89cb364,Jay Kahn,person,,ocd-person/998e681b-6df1-4b4a-92db-7a2187cedcd8,ocd-bill/05831023-b4e0-4276-8ee1-4e2491c9b8f6,True,primary
e1e762a4-9e05-4bc9-8c92-d4d7bf0c73c7,Martha S. Hennessey,person,,ocd-person/f2700034-7f3d-4834-bb66-b848a7ca748a,ocd-bill/05831023-b4e0-4276-8ee1-4e2491c9b8f6,False,cosponsor
6a1d5d11-59f0-4da5-993c-c47a2f0ebe9b,Martha Fuller Clark,person,,ocd-person/823e56cb-5c51-4a09-b060-93cdb7f7ac25,ocd-bill/05831023-b4e0-4276-8ee1-4e2491c9b8f6,False,cosponsor
db352205-50ea-4479-a23a-de380ce3c589,Shannon E Chandley,person,,,ocd-bill/2f0b1fc9-40e2-4179-8ada-e31a64291b3b,True,primary
51dce242-b265-4b57-8693-ae6054a9b30b,Peter Petrigno,person,,ocd-person/1bf3d6c4-3325-4571-b2f7-6a28422dada6,ocd-bill/2f0b1fc9-40e2-4179-8ada-e31a64291b3b,False,cosponsor
629dc1df-a8f0-404d-9ec1-630aeb13fcdf,Jay Kahn,person,,ocd-person/998e681b-6df1-4b4a-92db-7a2187cedcd8,ocd-bill/2f0b1fc9-40e2-4179-8ada-e31a64291b3b,False,cosponsor
55e4a19e-79b3-41d5-8dd0-35a682c204e4,James P. Gray,person,,ocd-person/e6443187-eb51-42eb-8bd7-349ed0ba9641,ocd-bill/2f0b1fc9-40e2-4179-8ada-e31a64291b3b,False,cosponsor
6b51a92b-db1f-4bdd-9d77-d00e54c600c3,Linn Opderbecke,person,,ocd-person/0b99dedb-0f63-49e1-9fae-0f32d5a82438,ocd-bill/2f0b1fc9-40e2-4179-8ada-e31a64291b3b,False,cosponsor
273252fb-f976-4afa-8b21-a9bba158243c,Laura C. Pantelakos,person,,ocd-person/957b326c-6910-4328-afcb-533b975c2202,ocd-bill/2f0b1fc9-40e2-4179-8ada-e31a64291b3b,False,cosponsor
f45f3dd5-4fd2-43a6-bfc8-78b32d29bc37,Jeb Bradley,person,,ocd-person/3f5455e8-256e-4442-9c13-bc14f62ce76f,ocd-bill/2f0b1fc9-40e2-4179-8ada-e31a64291b3b,False,cosponsor
e3fe1a42-9aeb-4947-b9e5-9630b54447f1,Sharon M Carson,person,,ocd-person/00964fc0-dd57-44c3-87bf-b6d5bbc34560,ocd-bill/2f0b1fc9-40e2-4179-8ada-e31a64291b3b,False,cosponsor
03d63ad6-60bf-4bef-ab22-847e36926c30,Regina Birdsell,person,,ocd-person/461c9024-c8c3-44a5-91d6-015a6587db5f,ocd-bill/24bb1308-b7a0-4c35-8cb8-480679207f59,False,cosponsor
9d522626-0f98-4288-b820-51fb622fbb6d,Kermit R. Williams,person,,ocd-person/fa58238b-d845-4c1c-a331-8e175efcd6d3,ocd-bill/24bb1308-b7a0-4c35-8cb8-480679207f59,False,cosponsor
7c7509bf-828a-45a9-a915-6cf776c70d09,Steven D. Smith,person,,ocd-person/129a2970-07b9-4136-aae1-15c689edca40,ocd-bill/24bb1308-b7a0-4c35-8cb8-480679207f59,False,cosponsor
b0623b81-f19e-404f-9f93-10bbfe901c35,John B. Hunt,person,,ocd-person/35c51630-9b9c-411a-9b98-0842cb6093df,ocd-bill/24bb1308-b7a0-4c35-8cb8-480679207f59,False,cosponsor
332ad544-0a7f-4ac0-b46b-602bf38d36fc,David H Watters,person,,ocd-person/cf24defe-6df3-49f3-88ca-c6774b144f19,ocd-bill/24bb1308-b7a0-4c35-8cb8-480679207f59,True,primary
a4bd6a4c-302b-4326-9cd0-a7770421fba9,Kevin Cavanaugh,person,,ocd-person/7fb2bb33-cbdb-4dfd-9369-64f19f179777,ocd-bill/f4fd3e0c-4083-4af5-9533-d7f159cd0ce8,True,primary
631ccf1e-4223-4176-8d9b-41e6db2b6a64,Jay Kahn,person,,ocd-person/998e681b-6df1-4b4a-92db-7a2187cedcd8,ocd-bill/f4fd3e0c-4083-4af5-9533-d7f159cd0ce8,False,cosponsor
58c7d0ed-e6b6-420d-aede-734f35d5a70d,Jeb Bradley,person,,ocd-person/3f5455e8-256e-4442-9c13-bc14f62ce76f,ocd-bill/54b17049-8180-4be4-bd50-aead53ed2659,False,cosponsor
50391a8f-08f5-4976-b218-af0167c1105f,Sharon M Carson,person,,ocd-person/00964fc0-dd57-44c3-87bf-b6d5bbc34560,ocd-bill/54b17049-8180-4be4-bd50-aead53ed2659,True,primary
5665e401-236f-4742-9d04-186931c14563,Cindy Rosenwald,person,,ocd-person/f3e949ce-6d98-4826-bbca-08039cea4ea4,ocd-bill/773b74ef-6fba-43af-b4d6-a9b9b9f5b776,False,cosponsor
35c75da2-4c53-40bf-a72c-f1d006e8f1fa,Gary L. Woods,person,,ocd-person/5d98b66b-f4d1-4776-953f-67dc348fdd12,ocd-bill/773b74ef-6fba-43af-b4d6-a9b9b9f5b776,False,cosponsor
92d63446-9cc2-4767-ba04-e540c013f93b,Jay Kahn,person,,ocd-person/998e681b-6df1-4b4a-92db-7a2187cedcd8,ocd-bill/773b74ef-6fba-43af-b4d6-a9b9b9f5b776,True,primary
2b1ccac2-ff61-4dc5-b08c-c3dda74be6ba,Ruth Ward,person,,ocd-person/9089a509-1f26-4770-adc6-199ed716e692,ocd-bill/773b74ef-6fba-43af-b4d6-a9b9b9f5b776,False,cosponsor
7e580a04-fed1-4b58-ab25-bd60ddfee71b,Bob J. Giuda,person,,ocd-person/7739a4d0-534e-4bdb-b7fb-6a8f348e833e,ocd-bill/773b74ef-6fba-43af-b4d6-a9b9b9f5b776,False,cosponsor
cb38ea95-a724-4d09-a91a-552fcf8ab72f,Erin T. Hennessey,person,,ocd-person/91d16c36-2236-4bef-8009-004bd036c22a,ocd-bill/773b74ef-6fba-43af-b4d6-a9b9b9f5b776,False,cosponsor
de7d3c9d-23ec-426a-8711-1c7128260cec,Thomas C. Schamberg,person,,ocd-person/29eeecd3-79b7-489c-b1a5-ace913e619f2,ocd-bill/773b74ef-6fba-43af-b4d6-a9b9b9f5b776,False,cosponsor
f7d08607-5f7e-4c06-956c-873a59cc7232,Jaci L. Grote,person,,ocd-person/26f01212-5287-4735-aa1f-77e4f0d2acb6,ocd-bill/1268f247-d749-4545-997d-18a3873afbae,False,cosponsor
f6c14a6e-9cb3-4e1c-9edc-d0056388f368,Peter B. Schmidt,person,,ocd-person/16654889-3b48-44d6-a6d3-8da5d7a434f1,ocd-bill/1268f247-d749-4545-997d-18a3873afbae,False,cosponsor
f6e3324e-53a7-4288-b2fa-72422370d2d6,John Reagan,person,,ocd-person/f516d40a-3676-4437-8285-a931d7c2885b,ocd-bill/1268f247-d749-4545-997d-18a3873afbae,False,cosponsor
2235b27e-1130-4645-939c-91d7c74e7d45,Jeb Bradley,person,,ocd-person/3f5455e8-256e-4442-9c13-bc14f62ce76f,ocd-bill/1268f247-d749-4545-997d-18a3873afbae,False,cosponsor
fb381656-24f1-491f-8490-883ee9093e22,Sharon M Carson,person,,ocd-person/00964fc0-dd57-44c3-87bf-b6d5bbc34560,ocd-bill/1268f247-d749-4545-997d-18a3873afbae,True,primary
ee629247-9b13-42a3-b86c-e49385950e75,Ellen D. Read,person,,ocd-person/77304532-17fb-4b2c-aed6-213a435e4a46,ocd-bill/837ab48c-bf73-4265-a8cf-48667539d3d4,False,cosponsor
fc30cb8d-a9f9-4fc1-851c-401c8e081df7,Marjorie A. Porter,person,,ocd-person/0999b615-be84-4309-b4ca-68261c1155ab,ocd-bill/837ab48c-bf73-4265-a8cf-48667539d3d4,False,cosponsor
6c499092-bdb5-4896-bebb-623ef3b340bc,Martha Fuller Clark,person,,ocd-person/823e56cb-5c51-4a09-b060-93cdb7f7ac25,ocd-bill/837ab48c-bf73-4265-a8cf-48667539d3d4,True,primary
f5210a9b-1c38-4d49-ae8d-a4df5e6e1565,Bob J. Giuda,person,,ocd-person/7739a4d0-534e-4bdb-b7fb-6a8f348e833e,ocd-bill/2df70ef8-e22b-40fd-807f-2df1df87599c,False,cosponsor
65ebb0fe-db74-4e6a-9a27-5c80a46cf34f,Peter F. Somssich,person,,ocd-person/8bb75c80-4c06-42a7-86c0-c0315a2faf7c,ocd-bill/2df70ef8-e22b-40fd-807f-2df1df87599c,False,cosponsor
16b23dfd-a807-4739-bb0e-7c868ced67d3,Timothy Josephson,person,,ocd-person/62149ad2-7d4c-42b6-be2b-281618dd7c97,ocd-bill/2df70ef8-e22b-40fd-807f-2df1df87599c,False,cosponsor
ad36cb73-b0bf-4f6b-a528-0f53720baba4,Jerry L. Knirk,person,,ocd-person/ce0bd184-d264-46d8-87fc-f2590e2a1ed1,ocd-bill/2df70ef8-e22b-40fd-807f-2df1df87599c,False,cosponsor
0622a4b1-71af-4fbe-86b0-340fa7680fd1,William M. Marsh,person,,ocd-person/22006937-f2ca-4a2e-b92a-457777933dc7,ocd-bill/2df70ef8-e22b-40fd-807f-2df1df87599c,False,cosponsor
420da97a-9e15-487d-a4ce-c61b3e70c243,Kat McGhee,person,,ocd-person/4c8bec8a-e86d-4316-8b2e-2f8c4157cae5,ocd-bill/2df70ef8-e22b-40fd-807f-2df1df87599c,False,cosponsor
1238881f-62a8-48e0-8b60-29906c396941,Jeb Bradley,person,,ocd-person/3f5455e8-256e-4442-9c13-bc14f62ce76f,ocd-bill/2df70ef8-e22b-40fd-807f-2df1df87599c,True,primary
f8af340b-c166-4563-8230-20ea7b312f18,Jay Kahn,person,,ocd-person/998e681b-6df1-4b4a-92db-7a2187cedcd8,ocd-bill/5a5a6102-a7f1-447f-bc38-9fc3542f691a,True,primary
f556d9ba-ced8-40e6-96cd-4385463d2aa8,Kermit R. Williams,person,,ocd-person/fa58238b-d845-4c1c-a331-8e175efcd6d3,ocd-bill/5a5a6102-a7f1-447f-bc38-9fc3542f691a,False,cosponsor
1658d6ad-fc56-4859-a714-c9c83b6f1c72,William A. Hatch,person,,ocd-person/2bfaf69b-214f-40a6-9674-bdb68c23e9ff,ocd-bill/5a5a6102-a7f1-447f-bc38-9fc3542f691a,False,cosponsor
03c59e46-894b-476e-94eb-379d5bf75305,Peter B. Schmidt,person,,ocd-person/16654889-3b48-44d6-a6d3-8da5d7a434f1,ocd-bill/5a5a6102-a7f1-447f-bc38-9fc3542f691a,False,cosponsor
ca5258a9-4fe1-4dd4-8ce2-bce1d37064ca,John Reagan,person,,ocd-person/f516d40a-3676-4437-8285-a931d7c2885b,ocd-bill/5a5a6102-a7f1-447f-bc38-9fc3542f691a,False,cosponsor
1867a86d-b33f-4d5b-82ab-b84b226b98c1,David H Watters,person,,ocd-person/cf24defe-6df3-49f3-88ca-c6774b144f19,ocd-bill/5a5a6102-a7f1-447f-bc38-9fc3542f691a,False,cosponsor
a77e5c3e-f66d-40a3-9c6d-260a76d060d9,Beth Rodd,person,,ocd-person/f40ba0df-9993-4bf1-b52d-d7989fb5a7f7,ocd-bill/c0ae7842-4a60-467f-84e5-45b0bb339c29,False,cosponsor
34857d89-d697-484e-bb69-e16b46f66ca8,David A. Welch,person,,ocd-person/b8201b25-9bdd-45d3-819d-5bae4c670ad0,ocd-bill/c0ae7842-4a60-467f-84e5-45b0bb339c29,False,cosponsor
2c0d15b1-21cc-4945-83b6-335d9c027b20,Carol M. McGuire,person,,ocd-person/ae3d6133-98b5-444e-b95e-2edc2f5302dc,ocd-bill/c0ae7842-4a60-467f-84e5-45b0bb339c29,False,cosponsor
754be8e1-2b5b-4354-af11-1d2a99125881,David H Watters,person,,ocd-person/cf24defe-6df3-49f3-88ca-c6774b144f19,ocd-bill/c0ae7842-4a60-467f-84e5-45b0bb339c29,False,cosponsor
cc1daff6-8397-4618-9b12-c1e0a086922a,Lou D'Allesandro,person,,ocd-person/87c48788-817d-408b-a1e1-ebe1c9fd893d,ocd-bill/c0ae7842-4a60-467f-84e5-45b0bb339c29,True,primary
af1f435b-0864-4a31-91ab-21839bf1b1d9,Troy E. Merner,person,,ocd-person/729664f2-12c4-4c70-82a5-fee852813a0c,ocd-bill/28249e89-fab6-4e77-b55a-27853b73b631,False,cosponsor
ef94676f-4b28-4a41-814d-06cbb22507e2,Dan Feltes,person,,ocd-person/e97501d7-4bef-403f-8d48-9fcecc980cf5,ocd-bill/28249e89-fab6-4e77-b55a-27853b73b631,True,primary
3c5e4cef-5545-4e52-b483-bb9fe508d67c,Lee Walker Oxenham,person,,ocd-person/f3fb87b7-7fb5-432a-9fb2-bd15170f1275,ocd-bill/28249e89-fab6-4e77-b55a-27853b73b631,False,cosponsor
04659e9c-f5b0-4a41-a146-c964583fb1c8,John E. Mann,person,,ocd-person/a8024476-bf44-4932-b6eb-e1f6af0a2298,ocd-bill/28249e89-fab6-4e77-b55a-27853b73b631,False,cosponsor
f5534d42-c268-4714-b252-cb1ebab4932f,David H Watters,person,,ocd-person/cf24defe-6df3-49f3-88ca-c6774b144f19,ocd-bill/28249e89-fab6-4e77-b55a-27853b73b631,False,cosponsor
da6083ba-e0d8-40ad-a23d-fd815f08e340,Jeb Bradley,person,,ocd-person/3f5455e8-256e-4442-9c13-bc14f62ce76f,ocd-bill/28249e89-fab6-4e77-b55a-27853b73b631,False,cosponsor
8dd800e2-4370-4107-996b-58ca09080754,Martha Fuller Clark,person,,ocd-person/823e56cb-5c51-4a09-b060-93cdb7f7ac25,ocd-bill/28249e89-fab6-4e77-b55a-27853b73b631,False,cosponsor
f5892144-9430-4028-b0c4-4a10cb013780,Kat McGhee,person,,ocd-person/4c8bec8a-e86d-4316-8b2e-2f8c4157cae5,ocd-bill/6cdf02b0-dfa6-40e5-8824-d5b0fbd7eeab,False,cosponsor
0dba511c-0d53-4601-84bb-c03cbc081050,Howard M. Moffett,person,,ocd-person/71b9d6b9-d7e1-437d-80a8-8a2fea88c58f,ocd-bill/6cdf02b0-dfa6-40e5-8824-d5b0fbd7eeab,False,cosponsor
78621290-14f0-45ca-9a7a-ee26043bb18c,Robert A. Backus,person,,ocd-person/957f04df-63d1-4b88-b876-436a9cd17248,ocd-bill/6cdf02b0-dfa6-40e5-8824-d5b0fbd7eeab,False,cosponsor
a0ffeee5-2e47-498c-b9b1-1e3f073ef781,Jacqueline A. Cali-Pitts,person,,ocd-person/b665e9e7-0c14-4348-9378-529bd9c7497b,ocd-bill/6cdf02b0-dfa6-40e5-8824-d5b0fbd7eeab,False,cosponsor
24313934-e497-485b-a370-c57b07572e69,Jeb Bradley,person,,ocd-person/3f5455e8-256e-4442-9c13-bc14f62ce76f,ocd-bill/6cdf02b0-dfa6-40e5-8824-d5b0fbd7eeab,False,cosponsor
30f58ff8-1b6a-46e2-80df-43ca0344f6db,Martha Fuller Clark,person,,ocd-person/823e56cb-5c51-4a09-b060-93cdb7f7ac25,ocd-bill/6cdf02b0-dfa6-40e5-8824-d5b0fbd7eeab,True,primary
39b62900-b585-49ac-a7fe-17d35d9b6387,Melanie Levesque,person,,ocd-person/282926cd-63f0-4ac4-ad16-5e96eb1c4e0b,ocd-bill/70ac8d10-b157-4a07-8e7c-2fff1710085c,False,cosponsor
09721811-20a6-4118-b353-23c238b2bc83,Jay Kahn,person,,ocd-person/998e681b-6df1-4b4a-92db-7a2187cedcd8,ocd-bill/70ac8d10-b157-4a07-8e7c-2fff1710085c,True,primary
04218245-97ae-41a0-b2d0-185c38671077,Martha S. Hennessey,person,,ocd-person/f2700034-7f3d-4834-bb66-b848a7ca748a,ocd-bill/70ac8d10-b157-4a07-8e7c-2fff1710085c,False,cosponsor
67a68f5b-f75f-4e89-8641-778dd8c09b78,Cathryn A. Harvey,person,,ocd-person/c15709b9-8514-4e8f-8a52-6b464eb8484d,ocd-bill/70ac8d10-b157-4a07-8e7c-2fff1710085c,False,cosponsor
1fa310fe-c332-4fea-9cfc-35272816460b,John E. Mann,person,,ocd-person/a8024476-bf44-4932-b6eb-e1f6af0a2298,ocd-bill/70ac8d10-b157-4a07-8e7c-2fff1710085c,False,cosponsor
fbd9adc3-e82d-436d-a7a8-d1c6cc9e6f5d,Richard W. Barry,person,,ocd-person/dc314520-0674-4452-a463-4c87ea2f23d1,ocd-bill/70ac8d10-b157-4a07-8e7c-2fff1710085c,False,cosponsor
cba79bff-064b-40de-abe1-ae70378d227f,Peter R. Leishman,person,,ocd-person/86708f42-531f-4e57-a6b1-f5b11ff9389c,ocd-bill/70ac8d10-b157-4a07-8e7c-2fff1710085c,False,cosponsor
a29fa5d9-7eda-403c-aa0f-f95d7e3d51fa,Jeb Bradley,person,,ocd-person/3f5455e8-256e-4442-9c13-bc14f62ce76f,ocd-bill/70ac8d10-b157-4a07-8e7c-2fff1710085c,False,cosponsor
ae457373-03a0-49f4-9ee0-7fd39b842d56,Kevin Verville,person,,ocd-person/9d10ccec-b571-4eea-b025-9ed7634b6516,ocd-bill/2fd70b3d-c480-4d02-bb7b-d89396250bca,False,cosponsor
8dd7d681-4fc7-4271-9dbf-5a12e6593791,Douglas W. Thomas,person,,ocd-person/5db11498-80a8-4136-9c50-2c7f1a2f6826,ocd-bill/2fd70b3d-c480-4d02-bb7b-d89396250bca,False,cosponsor
e5a9636e-cfb2-451b-a04a-972d22116693,James A. Spillane,person,,ocd-person/2520dc46-648c-44d0-ba1f-fe09b17a9d8b,ocd-bill/2fd70b3d-c480-4d02-bb7b-d89396250bca,False,cosponsor
bcec915e-a7e0-46c2-9d44-1b611abcd13a,Barbara J. Griffin,person,,ocd-person/ce1a184c-47a7-4b48-a028-d39585bcf9c3,ocd-bill/2fd70b3d-c480-4d02-bb7b-d89396250bca,False,cosponsor
3313d847-db4f-4ec9-8c80-556b3b8fca75,Glenn Cordelli,person,,ocd-person/c8aa2951-dea0-4999-9b6a-6323d9917e0b,ocd-bill/2fd70b3d-c480-4d02-bb7b-d89396250bca,True,primary
6ab80ff6-bd18-4499-b35c-f91a17cb6453,Joseph A. Pitre,person,,ocd-person/5ce55936-fd73-4b3c-ba16-70e13734a3c8,ocd-bill/2fd70b3d-c480-4d02-bb7b-d89396250bca,False,cosponsor
f6cb38b7-63cf-42ef-bd89-78221c6a198c,Ralph G. Boehm,person,,ocd-person/ac6ce16b-a462-4727-8e4b-724c7c19e58c,ocd-bill/2fd70b3d-c480-4d02-bb7b-d89396250bca,False,cosponsor
df961fe9-8903-4a59-9b29-7fe4c67a90ea,Cindy Rosenwald,person,,ocd-person/f3e949ce-6d98-4826-bbca-08039cea4ea4,ocd-bill/8b52b05c-fbd9-487d-bd83-8c83c0cb20ab,False,cosponsor
fc1224e4-79e0-44f3-bcda-8e6a6a65ff0c,Kevin Cavanaugh,person,,ocd-person/7fb2bb33-cbdb-4dfd-9369-64f19f179777,ocd-bill/8b52b05c-fbd9-487d-bd83-8c83c0cb20ab,False,cosponsor
6eb03bcb-ba85-4656-9262-ce083afbe3e4,Dan Feltes,person,,ocd-person/e97501d7-4bef-403f-8d48-9fcecc980cf5,ocd-bill/8b52b05c-fbd9-487d-bd83-8c83c0cb20ab,True,primary
7e2370f9-325d-4fae-ac25-62863e30a057,Martha Fuller Clark,person,,ocd-person/823e56cb-5c51-4a09-b060-93cdb7f7ac25,ocd-bill/8b52b05c-fbd9-487d-bd83-8c83c0cb20ab,False,cosponsor
ea8e4055-818b-4837-8bb1-f77c272aa299,Jennifer Bernet,person,,ocd-person/be22e6b9-c696-4f33-aae5-29e728c0ef27,ocd-bill/cee19ae0-6b91-42e9-8982-dc6a781c6cdd,True,primary
e86746cf-5caf-430d-a7f0-a67e99a43512,Katherine D. Rogers,person,,ocd-person/f9421528-ffb6-46f3-82bc-70b0329db823,ocd-bill/8a504f7c-c767-490b-bd63-bcfd6a27b057,True,primary
fdf2df31-bc05-4f19-b2c5-ae7541c1ee5b,Dave Testerman,person,,ocd-person/a9da1843-ceb9-40c6-9846-a3c3d5319ccd,ocd-bill/f3b503d1-1b74-41c2-b46a-fc90f937e73c,True,primary
bf07c361-9089-40e8-a418-595205e24f10,Rebecca J. McWilliams,person,,ocd-person/39eb4d14-9ef3-4b1b-bcb6-a66f1aa97491,ocd-bill/187523a4-0d0f-4f35-b82f-f7e6d1827bf5,True,primary
e8fcaca3-2120-4fef-b264-ab880adc32ea,Nicole Klein-Knight,person,,ocd-person/f91f87c5-d22a-48b7-ac4a-c2519d086ec7,ocd-bill/187523a4-0d0f-4f35-b82f-f7e6d1827bf5,False,cosponsor
fac37699-3dc4-41cb-b1b5-54db8b098976,Cassandra N. Levesque,person,,ocd-person/711423e3-ff28-4150-8a89-ec568a4f2c5d,ocd-bill/254293d3-7783-4a14-8df2-0f845de08b70,False,cosponsor
c2eda294-a844-40b3-9523-fe4a3278479f,Gaby Grossman,person,,ocd-person/01d85172-f83f-48ee-8c35-8979a95c9190,ocd-bill/254293d3-7783-4a14-8df2-0f845de08b70,True,primary
8b22e2e2-1dc3-4d8a-ac11-f8f52def5c98,Safiya Wazir,person,,ocd-person/a2975441-f5d1-4e95-8a4e-1d930fc16bc2,ocd-bill/254293d3-7783-4a14-8df2-0f845de08b70,False,cosponsor
0815e6e1-b264-4130-a653-23c0e524f1e5,Peter Petrigno,person,,ocd-person/1bf3d6c4-3325-4571-b2f7-6a28422dada6,ocd-bill/254293d3-7783-4a14-8df2-0f845de08b70,False,cosponsor
da39e1d8-8835-49fb-8fd4-2bb248c0cbb2,Wendy E.N. Thomas,person,,ocd-person/2375b05c-cf9a-4f1b-a4b0-194fac6d86bf,ocd-bill/254293d3-7783-4a14-8df2-0f845de08b70,False,cosponsor
af2992d4-1a67-43a4-ad97-658ee19a6dc7,Kristina M. Schultz,person,,ocd-person/8698b473-ea4e-4126-8766-a2b5b5878702,ocd-bill/254293d3-7783-4a14-8df2-0f845de08b70,False,cosponsor
01e824f1-b0cd-4fc4-8efc-1ea213e2bb59,Mary Jane Mulligan,person,,ocd-person/2eda7ff0-af84-4ad3-a72c-ea7c37e46877,ocd-bill/254293d3-7783-4a14-8df2-0f845de08b70,False,cosponsor
7d607ac4-0c89-4191-b272-8198f38234db,Skip Berrien,person,,ocd-person/c955f3c4-4732-42c2-8615-bc103ee8e0d8,ocd-bill/254293d3-7783-4a14-8df2-0f845de08b70,False,cosponsor
9a4ecd06-c803-4163-828a-09c2bce53020,Kevin G. Maes,person,,ocd-person/e056df72-1c0e-4c3e-b91b-6c5742f912bc,ocd-bill/254293d3-7783-4a14-8df2-0f845de08b70,False,cosponsor
ec916206-d4c9-49c5-8104-a8778a93c92b,Kristina M. Schultz,person,,ocd-person/8698b473-ea4e-4126-8766-a2b5b5878702,ocd-bill/b768d327-e8ae-4a4f-88dd-d85086813d55,False,cosponsor
80479cec-fac4-40ff-a1c4-657bee98d957,Kate R. Murray,person,,ocd-person/79bb2147-ea4b-4706-8b38-ee2309613ea0,ocd-bill/b768d327-e8ae-4a4f-88dd-d85086813d55,False,cosponsor
f54de99a-6af6-4973-a948-dad38f6d341c,Thomas C. Schamberg,person,,ocd-person/29eeecd3-79b7-489c-b1a5-ace913e619f2,ocd-bill/b768d327-e8ae-4a4f-88dd-d85086813d55,False,cosponsor
34ac2526-1268-405e-b09b-13415bef07e9,Dianne E. Schuett,person,,ocd-person/62ff0476-f4e6-411f-a58e-2e7963cde2ab,ocd-bill/b768d327-e8ae-4a4f-88dd-d85086813d55,False,cosponsor
546e9f1f-650f-4bb3-b036-c5908aca58e3,Timothy O. Horrigan,person,,ocd-person/2a11a559-c16e-4211-82ea-215951d74c1f,ocd-bill/b768d327-e8ae-4a4f-88dd-d85086813d55,False,cosponsor
6d2a84b7-c3cf-48b2-88a4-e9c47fa834cb,Katherine D. Rogers,person,,ocd-person/f9421528-ffb6-46f3-82bc-70b0329db823,ocd-bill/b768d327-e8ae-4a4f-88dd-d85086813d55,True,primary
8960fcad-34e8-4f69-8508-a2849abedf1f,Jack B. Flanagan,person,,ocd-person/6f569d92-87e9-4172-b4f0-e2e78aff07a6,ocd-bill/970f339d-6cb0-49c5-ac91-c5e984a26694,True,primary
044b1ea4-3342-48e3-90e8-370f4db5ad4f,Tom J. Loughman,person,,ocd-person/49ec8a23-3fec-4d61-a917-be7780438d71,ocd-bill/03e43f27-5f1d-4251-b475-be1e89a08c11,False,cosponsor
0c53a449-22b6-40df-a72d-e7313206625b,Wendy E.N. Thomas,person,,ocd-person/2375b05c-cf9a-4f1b-a4b0-194fac6d86bf,ocd-bill/03e43f27-5f1d-4251-b475-be1e89a08c11,False,cosponsor
276feb4f-fcfb-4174-b288-fbd4ecdf9ae6,Heidi M. Hamer,person,,ocd-person/b64a1dfb-4b79-4424-96d3-972f6ef2b6eb,ocd-bill/03e43f27-5f1d-4251-b475-be1e89a08c11,False,cosponsor
63f0f44d-04ac-4060-9a26-f75f0e1d482d,Joshua F. Query,person,,ocd-person/8961ce37-7b3f-4eb8-b666-41e6de86c157,ocd-bill/03e43f27-5f1d-4251-b475-be1e89a08c11,False,cosponsor
eeca4364-af3c-4ab0-8c92-5cf0db24c2cf,Andrew J. Bouldin,person,,ocd-person/ad413289-53c5-4966-9f0f-fd392d95a827,ocd-bill/03e43f27-5f1d-4251-b475-be1e89a08c11,True,primary
b75500c7-adac-4802-b8a1-8cb2c8a59b4c,Cole J. Riel,person,,ocd-person/5bf139ab-6da2-4fab-a54f-b19d22ec3b7a,ocd-bill/03e43f27-5f1d-4251-b475-be1e89a08c11,False,cosponsor
e79a97b4-84d8-4155-a295-a7aae1f4b683,Constance Van Houten,person,,ocd-person/5e54c6e7-01cb-42c8-b3ed-8137e6c995fd,ocd-bill/03e43f27-5f1d-4251-b475-be1e89a08c11,False,cosponsor
217ba413-3ffd-4030-83ed-08e6f1081b93,Patricia S. Klee,person,,ocd-person/3a5791f9-bea1-4fa8-86bb-f54d2efaa86e,ocd-bill/03e43f27-5f1d-4251-b475-be1e89a08c11,False,cosponsor
a9ad0476-61ae-4303-888b-44c1e7503fbb,Patricia Cornell,person,,ocd-person/e657ef2c-bfc3-4a08-99fe-4456be3bfe2a,ocd-bill/03e43f27-5f1d-4251-b475-be1e89a08c11,False,cosponsor
2dc1d708-35f2-4c23-a730-1fac7ba1f7d6,Susan W. Almy,person,,ocd-person/e13283b4-defe-4f4e-8e67-4d89b8e3790c,ocd-bill/03e43f27-5f1d-4251-b475-be1e89a08c11,False,cosponsor
583ae650-92e5-4bed-bf82-7ba066340b15,Dennis M. Ruprecht,person,,ocd-person/4aad7fb1-f234-412e-9252-3cdba3896cdb,ocd-bill/029f6273-7762-4fb5-a9de-42e72f7491d1,False,cosponsor
702fda5b-3a56-4caa-b3a6-247f8dd79e00,Rosemarie Rung,person,,ocd-person/1a5923c6-3e1f-4ebe-8739-17c9e9642403,ocd-bill/029f6273-7762-4fb5-a9de-42e72f7491d1,False,cosponsor
cf3a04f0-5be3-4ce4-9e09-bfbc86564458,Catherine M. Sofikitis,person,,ocd-person/36fb226e-9ed4-483f-a254-141baf18d295,ocd-bill/029f6273-7762-4fb5-a9de-42e72f7491d1,False,cosponsor
2ba6ceda-4a09-420e-a505-42e3d7490f17,Timothy Josephson,person,,ocd-person/62149ad2-7d4c-42b6-be2b-281618dd7c97,ocd-bill/029f6273-7762-4fb5-a9de-42e72f7491d1,False,cosponsor
5ce0b55c-c22f-4432-b0cf-c0d06c999b65,Joshua Adjutant,person,,ocd-person/89424628-1e61-44aa-9090-4dfdb3cddca8,ocd-bill/029f6273-7762-4fb5-a9de-42e72f7491d1,True,primary
1648fa6f-a332-40aa-abf8-2ff154fe4348,Kat McGhee,person,,ocd-person/4c8bec8a-e86d-4316-8b2e-2f8c4157cae5,ocd-bill/029f6273-7762-4fb5-a9de-42e72f7491d1,False,cosponsor
e81d796a-7c7f-4171-bd4a-5f1b94ea156e,Hershel Nunez,person,,ocd-person/3724f35b-dc08-456a-a432-1ead531e8dfd,ocd-bill/3807d4e7-5c89-4701-b3a6-d2b808945c10,False,cosponsor
71de63fa-12a6-49d5-a7c9-ca0c34342959,Kimberly A. Rice,person,,ocd-person/85b7ca6d-3fd7-4e97-bfe0-effe223121f7,ocd-bill/3807d4e7-5c89-4701-b3a6-d2b808945c10,True,primary
be5da8bc-afd4-41d5-ae3c-d2c6eb716fdc,Jeanine M. Notter,person,,ocd-person/84f79859-fef0-441d-80bb-5edeafc70e78,ocd-bill/3807d4e7-5c89-4701-b3a6-d2b808945c10,False,cosponsor
942d07fb-f96c-4545-812d-ce21b572568e,Richard W. Hinch,person,,ocd-person/b566af7c-b746-4b6d-bd34-17c66df7fc7c,ocd-bill/3807d4e7-5c89-4701-b3a6-d2b808945c10,False,cosponsor
b113e9ba-1963-4ebd-ba76-aec40ca584e5,Sharon M Carson,person,,ocd-person/00964fc0-dd57-44c3-87bf-b6d5bbc34560,ocd-bill/3807d4e7-5c89-4701-b3a6-d2b808945c10,False,cosponsor
c9cc307c-6a68-4645-be40-9a118809c156,Chuck Morse,person,,ocd-person/72b8f708-a22d-477d-9c55-e5d14b8308a6,ocd-bill/3807d4e7-5c89-4701-b3a6-d2b808945c10,False,cosponsor
d84dd65a-891f-4575-949d-e11fc5a81549,William L. Fowler,person,,ocd-person/20bf5a41-2a66-4d24-bc34-aef873b488cb,ocd-bill/13fdee51-b0d6-482b-a3a8-dfa13c01e081,False,cosponsor
013a56e4-90e1-4222-abc2-e8a8a8aa338d,Max Abramson,person,,ocd-person/a2248bc0-9253-48d8-9ee2-d9c0b6fbc800,ocd-bill/13fdee51-b0d6-482b-a3a8-dfa13c01e081,True,primary
f4b77e2c-c863-46e6-bf92-44097874df37,Edward DeClercq,person,,ocd-person/60dd7613-cb9b-4b45-941c-88f1e1e6f322,ocd-bill/e43b473b-2a53-4d63-9083-267ed245cddb,False,cosponsor
7474718d-2256-43db-b636-5b0af0599467,Daryl A. Abbas,person,,ocd-person/6dfd683a-1f79-49db-95a9-07f4f9898a22,ocd-bill/e43b473b-2a53-4d63-9083-267ed245cddb,False,cosponsor
2f35ab48-d40a-4944-8725-03c9f6c89648,John C. Janigian,person,,ocd-person/4c4f4974-0202-43a0-9aba-f41d0f99603a,ocd-bill/e43b473b-2a53-4d63-9083-267ed245cddb,True,primary
9d8d617a-d6aa-4a3b-9621-25092d2be89b,Betty I. Gay,person,,ocd-person/c2486401-1c5f-4cfc-b4ef-bbae6b8c0489,ocd-bill/e43b473b-2a53-4d63-9083-267ed245cddb,False,cosponsor
dc8fd31f-7724-47da-b956-a42c5b5c0bc2,Michael A. Edgar,person,,ocd-person/0f78413a-b328-4856-ab48-21a5d4d614c0,ocd-bill/e43b473b-2a53-4d63-9083-267ed245cddb,False,cosponsor
a2acb13d-1754-4145-9f85-4a3d1a8d02a2,Chuck Morse,person,,ocd-person/72b8f708-a22d-477d-9c55-e5d14b8308a6,ocd-bill/e43b473b-2a53-4d63-9083-267ed245cddb,False,cosponsor
b8d9a906-1639-4a0b-b7b5-339d593634b5,Lou D'Allesandro,person,,ocd-person/87c48788-817d-408b-a1e1-ebe1c9fd893d,ocd-bill/e43b473b-2a53-4d63-9083-267ed245cddb,False,cosponsor
e715f680-000a-4cb9-b668-0fcd84fe725f,Harold F. French,person,,ocd-person/ff11da65-174b-4fdc-b33c-e5d6d56602f0,ocd-bill/1a7779cb-9181-428e-b39e-c2edc93bd1d1,False,cosponsor
10593190-2d38-49cf-a2cf-2846113de70f,Regina Birdsell,person,,ocd-person/461c9024-c8c3-44a5-91d6-015a6587db5f,ocd-bill/1a7779cb-9181-428e-b39e-c2edc93bd1d1,False,cosponsor
5437e749-175d-4f3a-b319-1efdeda797b5,Fred G. Doucette,person,,ocd-person/db4ec0a8-f70c-4510-ae01-c9050646a503,ocd-bill/1a7779cb-9181-428e-b39e-c2edc93bd1d1,False,cosponsor
a2625ee9-07a6-48ee-887b-ab5935a71c0b,Patrick F. Abrami,person,,ocd-person/0327f85d-1b5a-4218-a97f-f393a965d64b,ocd-bill/1a7779cb-9181-428e-b39e-c2edc93bd1d1,True,primary
c657ae41-0560-41f0-b1d5-39ce6a9d0a41,Wendy Chase,person,,ocd-person/c24da601-15f1-482c-a234-f8443056c77a,ocd-bill/6c45178a-b608-427b-8804-e2d62cdc4d79,False,cosponsor
76aa379b-dfb4-4fb4-b5cb-20e55cbf9cbd,Francesca G. Diggs,person,,ocd-person/89f38f54-22ef-4ad2-b59e-c864da52f3ea,ocd-bill/6c45178a-b608-427b-8804-e2d62cdc4d79,False,cosponsor
b8245981-6acd-4628-a6d3-cadca0518d0a,Casey M. Conley,person,,ocd-person/3290a4d4-7403-45f8-adc4-4e26e0fefa09,ocd-bill/6c45178a-b608-427b-8804-e2d62cdc4d79,True,primary
b596ff6c-100d-4cd3-9b3c-b0f2b517acd1,Sherry A. Frost,person,,ocd-person/62916f8e-e193-463d-9dcc-f35f60d836db,ocd-bill/6c45178a-b608-427b-8804-e2d62cdc4d79,False,cosponsor
78880119-b3dd-410a-9478-e87d00266628,Chris Balch,person,,ocd-person/e9d39bb0-9ff6-4083-b8fd-1455609b3033,ocd-bill/c17c89f0-0c3a-401f-9805-bdd2c6cf50e7,True,primary
6f04f9b5-f2d9-4177-983b-04b1437d2c5c,Ivy C. Vann,person,,ocd-person/6fd532c2-91b5-47c4-a29f-eae9fc47743d,ocd-bill/c17c89f0-0c3a-401f-9805-bdd2c6cf50e7,False,cosponsor
f9d7b65b-9803-43e6-80ef-dfa2d97e9ff8,Lee Walker Oxenham,person,,ocd-person/f3fb87b7-7fb5-432a-9fb2-bd15170f1275,ocd-bill/c17c89f0-0c3a-401f-9805-bdd2c6cf50e7,False,cosponsor
cd2a9cfe-0dbf-4027-8547-c3b7fcc94b67,Werner D. Horn,person,,ocd-person/ab3fb5b5-85fb-441d-8b4f-09d52722175b,ocd-bill/39589b82-50e6-49d4-85be-ed6ec0473567,True,primary
477a3687-3a45-40e7-b37b-bc5bceb6a88a,Janice E. Schmidt,person,,ocd-person/ec374833-801f-4c21-9261-67cdefc1ba44,ocd-bill/bc941c2c-e647-4da1-a702-06d3a8e828ee,True,primary
68e4c1d4-64c4-4c72-83dc-b911b459caa6,Timothy O. Horrigan,person,,ocd-person/2a11a559-c16e-4211-82ea-215951d74c1f,ocd-bill/2ae56f11-8433-45a5-bebd-7f130a24b05f,True,primary
674c0b9f-711b-44ce-9ed9-f24ffab8d6d2,Jack B. Flanagan,person,,ocd-person/6f569d92-87e9-4172-b4f0-e2e78aff07a6,ocd-bill/e8d786f3-9fef-47b5-8a00-5fdef8bb1393,True,primary
2c490484-5135-4542-a975-387b47ccaa27,Cassandra N. Levesque,person,,ocd-person/711423e3-ff28-4150-8a89-ec568a4f2c5d,ocd-bill/6d798be5-de2e-483e-9bb7-ee40e16d97b1,False,cosponsor
db9cdbb7-a783-4a7b-b143-50a404ebb0b7,Jeanne Dietsch,person,,ocd-person/8e7e0c04-e019-4ffe-a281-18beee5d939f,ocd-bill/6d798be5-de2e-483e-9bb7-ee40e16d97b1,False,cosponsor
23b2df18-d36e-492b-a924-fe5aa6c64bff,David Meuse,person,,ocd-person/4b449f0f-2024-4e18-bbbd-7f0bbcfa8cac,ocd-bill/6d798be5-de2e-483e-9bb7-ee40e16d97b1,True,primary
9c94c6ec-d03a-4289-bf11-c9f2f1243ef4,Chris Balch,person,,ocd-person/e9d39bb0-9ff6-4083-b8fd-1455609b3033,ocd-bill/6d798be5-de2e-483e-9bb7-ee40e16d97b1,False,cosponsor
c49d99c7-6634-4ba7-a4b9-f2d4e7842524,Kristina M. Schultz,person,,ocd-person/8698b473-ea4e-4126-8766-a2b5b5878702,ocd-bill/6d798be5-de2e-483e-9bb7-ee40e16d97b1,False,cosponsor
7674ee19-b6cb-4732-94da-1c5a090744f4,Martha S. Hennessey,person,,ocd-person/f2700034-7f3d-4834-bb66-b848a7ca748a,ocd-bill/6d798be5-de2e-483e-9bb7-ee40e16d97b1,False,cosponsor
f61a7569-a65e-4bfd-a37f-9c14b2cd8553,Rebecca Susan McBeath,person,,ocd-person/e38b81bb-9bf6-4ace-bc4e-898732105d5d,ocd-bill/6d798be5-de2e-483e-9bb7-ee40e16d97b1,False,cosponsor
0c22e88d-a216-44c0-b46a-8700d7aa7584,Sherry Dutzy,person,,ocd-person/43eb9cdc-392c-4ca5-b5da-ad542ea0bcc0,ocd-bill/15a90619-9503-4ea0-b2fb-81e5a0b957b7,False,cosponsor
5940e97e-11de-4bf8-b9b2-3073871bba28,Casey M. Conley,person,,ocd-person/3290a4d4-7403-45f8-adc4-4e26e0fefa09,ocd-bill/15a90619-9503-4ea0-b2fb-81e5a0b957b7,False,cosponsor
1aae0439-3fd2-483e-aa1b-52bdfd608fb4,Patricia S. Klee,person,,ocd-person/3a5791f9-bea1-4fa8-86bb-f54d2efaa86e,ocd-bill/15a90619-9503-4ea0-b2fb-81e5a0b957b7,False,cosponsor
8fa6e6b0-ab79-4952-ab88-e9dcae5ef0f4,Suzanne M. Vail,person,,ocd-person/ce985799-268d-4190-b078-955fc63a8c3c,ocd-bill/15a90619-9503-4ea0-b2fb-81e5a0b957b7,True,primary
d304fa78-cde8-4a2f-b153-1ca5ce5f1ab2,Timothy O. Horrigan,person,,ocd-person/2a11a559-c16e-4211-82ea-215951d74c1f,ocd-bill/15a90619-9503-4ea0-b2fb-81e5a0b957b7,False,cosponsor
50509dfd-8d53-4e9f-8015-d1781779df89,Mark A. Pearson,person,,,ocd-bill/7fe0150e-bcd1-40cd-954f-a2cff9866ab1,False,cosponsor
25795a69-9304-45f8-aa43-469fc14d6d87,David B. Doherty,person,,ocd-person/b2b46bdc-a9ee-4d6a-8535-93bea4190ddb,ocd-bill/7fe0150e-bcd1-40cd-954f-a2cff9866ab1,False,cosponsor
dba9559b-3592-4ff0-a667-e700e4625316,Dianne E. Schuett,person,,ocd-person/62ff0476-f4e6-411f-a58e-2e7963cde2ab,ocd-bill/7fe0150e-bcd1-40cd-954f-a2cff9866ab1,True,primary
4e03186a-e646-4d24-835e-4f4262f43f9f,Timothy T. Egan,person,,ocd-person/09523f28-3ff4-4ec0-ab75-d198c2c27db3,ocd-bill/6fdf9500-8cbf-45d7-bdbe-d90ee541c5c9,True,primary
0d298c0e-68c5-487f-bf66-5649829de6e8,Roger W. Dontonville,person,,ocd-person/ef4faeab-235d-452c-b493-8a98e4157f3f,ocd-bill/6fdf9500-8cbf-45d7-bdbe-d90ee541c5c9,False,cosponsor
e97d87cf-84c4-403e-8143-5a06dba10815,Troy E. Merner,person,,ocd-person/729664f2-12c4-4c70-82a5-fee852813a0c,ocd-bill/6fdf9500-8cbf-45d7-bdbe-d90ee541c5c9,False,cosponsor
5e2fcc7e-83f0-473d-b205-d299909b1f19,Linda A. Massimilla,person,,ocd-person/c018f667-a248-4b79-b8be-63740191e1ff,ocd-bill/6fdf9500-8cbf-45d7-bdbe-d90ee541c5c9,False,cosponsor
4666a111-3d51-4748-8324-d08380f2d49e,Linda Rea Camarota,person,,ocd-person/d9a8cfe4-51bc-4af8-9419-4ceb57496028,ocd-bill/45b900eb-77d2-403e-a914-431b3a4a051f,False,cosponsor
9a503103-e9f9-44bd-ada8-0abd8fd0fe96,Josh S. Yokela,person,,ocd-person/c96f9d7a-b859-4b37-8fdd-4097b21d3f2c,ocd-bill/45b900eb-77d2-403e-a914-431b3a4a051f,True,primary
4eba52b4-0f17-47a0-86de-71c523b1c4b7,Kimberly A. Rice,person,,ocd-person/85b7ca6d-3fd7-4e97-bfe0-effe223121f7,ocd-bill/45b900eb-77d2-403e-a914-431b3a4a051f,False,cosponsor
d7372012-bf3a-49df-b80b-0489ebf7940c,Joelle Martin,person,,ocd-person/ed48590f-6af4-4e9f-99d6-16227870b44f,ocd-bill/43558489-d14d-4dda-ad88-e4c14f805a05,False,cosponsor
973599bf-2599-468b-88c1-0ca2dc80dc46,Rebecca Susan McBeath,person,,ocd-person/e38b81bb-9bf6-4ace-bc4e-898732105d5d,ocd-bill/43558489-d14d-4dda-ad88-e4c14f805a05,False,cosponsor
0966ee5b-e436-4be6-a082-3ea2ce891100,Latha D. Mangipudi,person,,ocd-person/4f71f9e1-ce78-46d3-9665-00dd404a0f1b,ocd-bill/43558489-d14d-4dda-ad88-e4c14f805a05,False,cosponsor
d339cbc8-7a48-43c6-88c1-d470c0a20983,Karen E. Ebel,person,,ocd-person/947e2e2b-04eb-4f92-9f83-aef8760517e0,ocd-bill/43558489-d14d-4dda-ad88-e4c14f805a05,True,primary
4863f4e0-0e05-4f6c-89e4-d831851e1887,Marjorie K. Smith,person,,ocd-person/86b31d04-3a4b-4199-b10e-27bd337f0a34,ocd-bill/43558489-d14d-4dda-ad88-e4c14f805a05,False,cosponsor
96de1431-835b-4cd0-bba4-5d935e31d5cb,David H Watters,person,,ocd-person/cf24defe-6df3-49f3-88ca-c6774b144f19,ocd-bill/43558489-d14d-4dda-ad88-e4c14f805a05,False,cosponsor
258aaae0-fc35-429b-b9b1-132a42d933a7,Robert Renny Cushing,person,,ocd-person/cdb3279c-243a-4ca0-8e83-fcb10a975736,ocd-bill/ca8f7f9a-d536-42bc-84f5-d9da34154288,True,primary
0005f988-7087-4446-ae3c-84f1be6f0a2a,Rebecca J. McWilliams,person,,ocd-person/39eb4d14-9ef3-4b1b-bcb6-a66f1aa97491,ocd-bill/2551642a-9372-42ca-908d-61af423ac4c8,False,cosponsor
9c3d9791-49cf-4922-b908-92a7a96d500f,Peter F. Somssich,person,,ocd-person/8bb75c80-4c06-42a7-86c0-c0315a2faf7c,ocd-bill/2551642a-9372-42ca-908d-61af423ac4c8,True,primary
213a86fa-56cc-4b53-a05b-312baa80d0e0,Tamara N. Le,person,,ocd-person/a0a449a7-07c5-49cb-b928-080ffa433cf3,ocd-bill/2551642a-9372-42ca-908d-61af423ac4c8,False,cosponsor
b33fb401-662a-44f0-aa0d-44df1252402b,Laura C. Pantelakos,person,,ocd-person/957b326c-6910-4328-afcb-533b975c2202,ocd-bill/2551642a-9372-42ca-908d-61af423ac4c8,False,cosponsor
a42f964f-f383-4957-999f-dd021c697d07,Martha Fuller Clark,person,,ocd-person/823e56cb-5c51-4a09-b060-93cdb7f7ac25,ocd-bill/2551642a-9372-42ca-908d-61af423ac4c8,False,cosponsor
84c1d556-585f-4bbf-8a07-03450a006fd8,Jon Morgan,person,,ocd-person/f169c82a-7120-4d67-85d4-d5ff21cd44ef,ocd-bill/d573458a-5493-47a4-a302-7874ea2833fd,False,cosponsor
abc43270-7bd8-4abb-be8d-a038cbd50744,Patricia J. Bushway,person,,ocd-person/a10abdb8-c143-498c-8b8a-1e6836699d7b,ocd-bill/d573458a-5493-47a4-a302-7874ea2833fd,False,cosponsor
b86afe04-7b2d-49b2-b82f-9178cbf77a14,Tom Sherman,person,,ocd-person/ee95d0de-e55e-4733-ba97-0fde66adf65c,ocd-bill/d573458a-5493-47a4-a302-7874ea2833fd,True,primary
77121363-b168-4628-af33-266daa69bd7e,Peter F. Somssich,person,,ocd-person/8bb75c80-4c06-42a7-86c0-c0315a2faf7c,ocd-bill/d573458a-5493-47a4-a302-7874ea2833fd,False,cosponsor
165a047a-f77b-4cf2-96d2-97007b50dff6,Kate R. Murray,person,,ocd-person/79bb2147-ea4b-4706-8b38-ee2309613ea0,ocd-bill/d573458a-5493-47a4-a302-7874ea2833fd,False,cosponsor
55dc2939-ea7c-4738-8cc7-a8f2e295b812,Jason A. Janvrin,person,,ocd-person/5411c21d-e8ee-4300-a79b-1a688e01c481,ocd-bill/d573458a-5493-47a4-a302-7874ea2833fd,False,cosponsor
5bbabd84-4821-4445-b267-df1aef83257a,Robert Renny Cushing,person,,ocd-person/cdb3279c-243a-4ca0-8e83-fcb10a975736,ocd-bill/d573458a-5493-47a4-a302-7874ea2833fd,False,cosponsor
c50eda4d-9012-4b72-932f-205c91ab301d,Martha Fuller Clark,person,,ocd-person/823e56cb-5c51-4a09-b060-93cdb7f7ac25,ocd-bill/d573458a-5493-47a4-a302-7874ea2833fd,False,cosponsor
2e88f523-9a9e-4964-8c4a-0c933b8b6176,Josh S. Yokela,person,,ocd-person/c96f9d7a-b859-4b37-8fdd-4097b21d3f2c,ocd-bill/60cf75ad-dde0-4cdb-81a9-976c067e1430,True,primary
d77ce281-1e60-4a07-9682-010243e47ed0,Peter E. Torosian,person,,ocd-person/45e36880-19af-4f3f-89d4-624946625e7f,ocd-bill/60cf75ad-dde0-4cdb-81a9-976c067e1430,False,cosponsor
2ab0db0d-a6c6-427e-865f-6ede39325fff,Howard M. Moffett,person,,ocd-person/71b9d6b9-d7e1-437d-80a8-8a2fea88c58f,ocd-bill/553f230d-9c16-4be3-ac66-9251bdb9688b,False,cosponsor
f5d0f7a5-d490-47da-a1c2-c86de2752470,John E. Mann,person,,ocd-person/a8024476-bf44-4932-b6eb-e1f6af0a2298,ocd-bill/553f230d-9c16-4be3-ac66-9251bdb9688b,False,cosponsor
90d5bce5-f970-445d-b974-77bb97b204bf,Robert A. Backus,person,,ocd-person/957f04df-63d1-4b88-b876-436a9cd17248,ocd-bill/553f230d-9c16-4be3-ac66-9251bdb9688b,False,cosponsor
378b7f29-e383-44e7-ad80-808a54bf72b9,Martha Fuller Clark,person,,ocd-person/823e56cb-5c51-4a09-b060-93cdb7f7ac25,ocd-bill/553f230d-9c16-4be3-ac66-9251bdb9688b,True,primary
8643f8f2-8e06-4954-964e-3afba701326b,Andrew J. Bouldin,person,,ocd-person/ad413289-53c5-4966-9f0f-fd392d95a827,ocd-bill/f0a56d30-ecc6-4069-98b9-f87251c93ae6,False,cosponsor
b8b848fe-b5f7-493b-b74b-d2a093e908f0,Casey M. Conley,person,,ocd-person/3290a4d4-7403-45f8-adc4-4e26e0fefa09,ocd-bill/f0a56d30-ecc6-4069-98b9-f87251c93ae6,False,cosponsor
069ef85f-5d31-4f32-8bdc-c2da67b806a9,Amanda C. Bouldin,person,,ocd-person/7ad034dd-b6f2-4314-94d9-cffce7144e5d,ocd-bill/f0a56d30-ecc6-4069-98b9-f87251c93ae6,True,primary
7ac3c0f1-3152-4cba-8f39-53f1d5a26ba2,Michael J. Sylvia,person,,ocd-person/2e6feb2e-6f22-4909-b907-93f4c0f9ae9b,ocd-bill/f0a56d30-ecc6-4069-98b9-f87251c93ae6,False,cosponsor
28b139b7-1a31-4e73-bf2e-42947f00fb27,John A. Burt,person,,ocd-person/084e4187-cca0-4f45-ac5a-8514056e94a6,ocd-bill/f0a56d30-ecc6-4069-98b9-f87251c93ae6,False,cosponsor
7a5c0c06-3f08-4819-8b9b-cbfd969af807,David H Watters,person,,ocd-person/cf24defe-6df3-49f3-88ca-c6774b144f19,ocd-bill/f0a56d30-ecc6-4069-98b9-f87251c93ae6,False,cosponsor
8ddf1e58-cefe-45b1-8a7d-5f7c5a70a14a,Terry Roy,person,,ocd-person/6d43b165-fda9-4918-a2b7-ad66940062a0,ocd-bill/5eaca57d-d5d0-47c8-a195-188f3260f7e6,False,cosponsor
2f89c282-eae4-41dc-9a24-55c27d297d69,Stephen C. Pearson,person,,ocd-person/2a085551-6f62-4320-a1eb-bc9a177b9a6d,ocd-bill/5eaca57d-d5d0-47c8-a195-188f3260f7e6,True,primary
a2d3ea6e-08ea-436f-af8e-e1e9870c59c1,Kevin M. Pratt,person,,ocd-person/dc2cc65b-e3ca-4804-8c7e-9321674d7563,ocd-bill/5eaca57d-d5d0-47c8-a195-188f3260f7e6,False,cosponsor
89c022c7-1377-43e1-8e83-2137627c3748,David C. Love,person,,ocd-person/1c956ef6-b705-4e9d-af0c-f66d6f44591e,ocd-bill/5eaca57d-d5d0-47c8-a195-188f3260f7e6,False,cosponsor
5df10be2-8d17-44f2-aefb-5f2fa254bde2,Dianne E. Schuett,person,,ocd-person/62ff0476-f4e6-411f-a58e-2e7963cde2ab,ocd-bill/5eaca57d-d5d0-47c8-a195-188f3260f7e6,False,cosponsor
5de41131-70ea-434c-93ba-d5f5fd278223,Werner D. Horn,person,,ocd-person/ab3fb5b5-85fb-441d-8b4f-09d52722175b,ocd-bill/7b10ba04-9ac6-4073-ad1a-0eec362ae648,True,primary
9f3f8720-3ae7-4f7c-8a77-a35bc3d3969f,Marjorie A. Porter,person,,ocd-person/0999b615-be84-4309-b4ca-68261c1155ab,ocd-bill/7b10ba04-9ac6-4073-ad1a-0eec362ae648,False,cosponsor
dd81b035-801a-4b98-8964-ff6cd12e6f03,Rebecca J. McWilliams,person,,ocd-person/39eb4d14-9ef3-4b1b-bcb6-a66f1aa97491,ocd-bill/977c143f-2b1e-4c93-b254-7a010a7f0380,True,primary
f8b31250-374d-4959-9857-c8458db9610f,Troy E. Merner,person,,ocd-person/729664f2-12c4-4c70-82a5-fee852813a0c,ocd-bill/977c143f-2b1e-4c93-b254-7a010a7f0380,False,cosponsor
7fc45da6-671c-4102-8199-b5078cc6fe59,Kat McGhee,person,,ocd-person/4c8bec8a-e86d-4316-8b2e-2f8c4157cae5,ocd-bill/977c143f-2b1e-4c93-b254-7a010a7f0380,False,cosponsor
c2df9ac4-2e9c-4445-9ab1-270fb462f47e,Dan Feltes,person,,ocd-person/e97501d7-4bef-403f-8d48-9fcecc980cf5,ocd-bill/0fd716f6-b4b3-4941-a81b-403967ad0281,True,primary
bce9880e-587e-438e-93d7-d97c24346365,Rebecca J. McWilliams,person,,ocd-person/39eb4d14-9ef3-4b1b-bcb6-a66f1aa97491,ocd-bill/3573dc81-00a4-41d6-9ab7-742248a19454,True,primary
c611ebf9-91a8-4372-936d-470838d1e025,Robert Renny Cushing,person,,ocd-person/cdb3279c-243a-4ca0-8e83-fcb10a975736,ocd-bill/3573dc81-00a4-41d6-9ab7-742248a19454,False,cosponsor
d6fec9b7-ec1a-44ba-9fdb-d1e88a27da91,Josh S. Yokela,person,,ocd-person/c96f9d7a-b859-4b37-8fdd-4097b21d3f2c,ocd-bill/eca6495a-5ae6-452a-a344-acbad0d53b09,True,primary
5f5d9dac-0116-4937-808f-78cc44e01ec5,Michael Yakubovich,person,,ocd-person/39d155fd-5ecf-4608-985c-82f5855fe260,ocd-bill/eca6495a-5ae6-452a-a344-acbad0d53b09,False,cosponsor
978cf17f-02a7-4acb-9489-aa75cdde0244,Kurt F. Wuelper,person,,ocd-person/27f3432f-2a51-4a39-b9c4-814718ae87ed,ocd-bill/eca6495a-5ae6-452a-a344-acbad0d53b09,False,cosponsor
2abc02c8-7ad4-4bc8-ac77-654e6fa9f446,Debra L. DeSimone,person,,ocd-person/7ef7472f-0bda-4708-9239-76adeca1e87e,ocd-bill/eca6495a-5ae6-452a-a344-acbad0d53b09,False,cosponsor
6207920d-475b-44fd-af9b-e31cac55fe31,Glenn Cordelli,person,,ocd-person/c8aa2951-dea0-4999-9b6a-6323d9917e0b,ocd-bill/ff2fadfc-86cc-4f28-a816-ddc065e48bce,False,cosponsor
d1f522dd-162c-41b2-8961-3335c8f911d7,Patricia T. Lovejoy,person,,ocd-person/7c88eae9-feb0-494a-b1de-68307b3162ae,ocd-bill/ff2fadfc-86cc-4f28-a816-ddc065e48bce,False,cosponsor
4293da39-9a86-401b-b7b3-512d1d97b9a4,Rick M. Ladd,person,,ocd-person/1bd6c569-f2dd-4670-bf82-ef3ea4b15960,ocd-bill/ff2fadfc-86cc-4f28-a816-ddc065e48bce,True,primary
e406b3fe-958d-4f57-830e-5b6377a9cf60,Barbara E. Shaw,person,,ocd-person/9b77c06c-a6d3-40b9-b7b7-22e7a198a8ee,ocd-bill/ff2fadfc-86cc-4f28-a816-ddc065e48bce,False,cosponsor
b7a83a00-c873-40ea-b8b1-b95ce130b527,Kenneth L. Weyler,person,,ocd-person/e2f9dd7e-b221-4cf0-b7de-5daa70658669,ocd-bill/ff2fadfc-86cc-4f28-a816-ddc065e48bce,False,cosponsor
974642f9-58d5-442e-a9db-4e4126573d23,Dan Feltes,person,,ocd-person/e97501d7-4bef-403f-8d48-9fcecc980cf5,ocd-bill/f90d2c0d-5e5a-4f07-89f9-16b85292df2d,True,primary
9067faf9-a286-44de-88b2-67584ddf21f3,Melanie Levesque,person,,ocd-person/282926cd-63f0-4ac4-ad16-5e96eb1c4e0b,ocd-bill/afcda5dc-7001-4670-830b-351c454cef2a,False,cosponsor
1f6b5bea-777c-4d6e-8c09-1573283ac3d2,Ray E. Newman,person,,ocd-person/f68b34d8-19af-449e-a4cc-3d2729bb9e23,ocd-bill/afcda5dc-7001-4670-830b-351c454cef2a,False,cosponsor
08b5d6ab-ef9f-4754-8564-b0da320a88d9,Skip J. Cleaver,person,,ocd-person/6edff50b-8390-4046-a376-214136ea64d9,ocd-bill/afcda5dc-7001-4670-830b-351c454cef2a,False,cosponsor
a501f83a-646a-4141-9e88-775ec5bea21f,Julie Radhakrishnan,person,,ocd-person/79f9410e-748e-4a05-a48f-047fef64d1cf,ocd-bill/afcda5dc-7001-4670-830b-351c454cef2a,True,primary
42e9d2f2-dcc7-4939-a4a9-acecc280279e,Beth Rodd,person,,ocd-person/f40ba0df-9993-4bf1-b52d-d7989fb5a7f7,ocd-bill/afcda5dc-7001-4670-830b-351c454cef2a,False,cosponsor
982141f6-a004-4ae1-b2a9-4b1d7139cf04,David A. Welch,person,,ocd-person/b8201b25-9bdd-45d3-819d-5bae4c670ad0,ocd-bill/afcda5dc-7001-4670-830b-351c454cef2a,False,cosponsor
cca5bf76-9039-44ec-8336-e1217c2096b6,Suzanne M. Vail,person,,ocd-person/ce985799-268d-4190-b078-955fc63a8c3c,ocd-bill/afcda5dc-7001-4670-830b-351c454cef2a,False,cosponsor
53aed6be-73f2-4fca-a6d9-6dfec1b25143,Janice E. Schmidt,person,,ocd-person/ec374833-801f-4c21-9261-67cdefc1ba44,ocd-bill/afcda5dc-7001-4670-830b-351c454cef2a,False,cosponsor
93cdf84e-2d88-4087-af08-35df074ab623,Robert Renny Cushing,person,,ocd-person/cdb3279c-243a-4ca0-8e83-fcb10a975736,ocd-bill/afcda5dc-7001-4670-830b-351c454cef2a,False,cosponsor
36a7cb90-e7ff-481e-8e96-6ac2d8a16b10,Laura C. Pantelakos,person,,ocd-person/957b326c-6910-4328-afcb-533b975c2202,ocd-bill/afcda5dc-7001-4670-830b-351c454cef2a,False,cosponsor
35821541-d48d-4a92-8ba5-872798f678d5,Shannon E Chandley,person,,,ocd-bill/05b58a26-0028-4b1e-acfd-5f968cde4ecd,False,cosponsor
1920d038-a93e-4b3a-bacd-6dc2f384ffea,Tom Sherman,person,,ocd-person/ee95d0de-e55e-4733-ba97-0fde66adf65c,ocd-bill/05b58a26-0028-4b1e-acfd-5f968cde4ecd,False,cosponsor
c97f081d-7bd0-4c3c-8b8b-5b88f9d37382,James P. Gray,person,,ocd-person/e6443187-eb51-42eb-8bd7-349ed0ba9641,ocd-bill/05b58a26-0028-4b1e-acfd-5f968cde4ecd,False,cosponsor
e125b1c0-164d-4754-bb51-f8d4b06ce5da,Jeb Bradley,person,,ocd-person/3f5455e8-256e-4442-9c13-bc14f62ce76f,ocd-bill/05b58a26-0028-4b1e-acfd-5f968cde4ecd,False,cosponsor
96c2b27a-d4a2-4f0e-8a14-99005e0f12ab,Martha Fuller Clark,person,,ocd-person/823e56cb-5c51-4a09-b060-93cdb7f7ac25,ocd-bill/05b58a26-0028-4b1e-acfd-5f968cde4ecd,False,cosponsor
51ecc0cc-b8bd-4657-9c84-0f0204782704,Lou D'Allesandro,person,,ocd-person/87c48788-817d-408b-a1e1-ebe1c9fd893d,ocd-bill/05b58a26-0028-4b1e-acfd-5f968cde4ecd,True,primary
28378237-dc3b-4fdc-93ec-574388fba738,Cindy Rosenwald,person,,ocd-person/f3e949ce-6d98-4826-bbca-08039cea4ea4,ocd-bill/85d5c7eb-bdf1-400f-bb49-73d2261727da,True,primary
22a48326-418f-4328-8ad2-9aec0f014ffa,Shannon E Chandley,person,,,ocd-bill/85d5c7eb-bdf1-400f-bb49-73d2261727da,False,cosponsor
6de9af12-957c-423c-8427-c1f6222f984d,Kevin Cavanaugh,person,,ocd-person/7fb2bb33-cbdb-4dfd-9369-64f19f179777,ocd-bill/85d5c7eb-bdf1-400f-bb49-73d2261727da,False,cosponsor
20fb010c-d759-4017-93d2-7f2beb1b264e,Mark A. Pearson,person,,,ocd-bill/85d5c7eb-bdf1-400f-bb49-73d2261727da,False,cosponsor
64f5d22a-81e2-475d-ad48-bbdda523a33d,David E. Milz,person,,ocd-person/ef41a7dd-a84f-47db-b794-2a6c6be48771,ocd-bill/85d5c7eb-bdf1-400f-bb49-73d2261727da,False,cosponsor
1ab3fec0-53a0-4a74-a722-197e46ccf850,Sharon M Carson,person,,ocd-person/00964fc0-dd57-44c3-87bf-b6d5bbc34560,ocd-bill/85d5c7eb-bdf1-400f-bb49-73d2261727da,False,cosponsor
cedecaa1-8390-4168-b123-599e837813f7,Jon Morgan,person,,ocd-person/f169c82a-7120-4d67-85d4-d5ff21cd44ef,ocd-bill/cb5bea40-20ac-4fce-95f2-98df247b4170,False,cosponsor
25d0a643-f42f-4d06-bc36-02a5da146448,Tom Sherman,person,,ocd-person/ee95d0de-e55e-4733-ba97-0fde66adf65c,ocd-bill/cb5bea40-20ac-4fce-95f2-98df247b4170,False,cosponsor
10ec5781-8db3-4834-848f-4e713925a072,Patricia S. Klee,person,,ocd-person/3a5791f9-bea1-4fa8-86bb-f54d2efaa86e,ocd-bill/cb5bea40-20ac-4fce-95f2-98df247b4170,False,cosponsor
2a0a8b6b-5916-4028-96b4-ef27166f16f2,Regina Birdsell,person,,ocd-person/461c9024-c8c3-44a5-91d6-015a6587db5f,ocd-bill/cb5bea40-20ac-4fce-95f2-98df247b4170,True,primary
f8bddb77-3407-4a21-8959-0387879f6975,David E. Milz,person,,ocd-person/ef41a7dd-a84f-47db-b794-2a6c6be48771,ocd-bill/cb5bea40-20ac-4fce-95f2-98df247b4170,False,cosponsor
d9979eec-f587-4758-b562-9ebdac5056fc,John T. O'Connor,person,,ocd-person/60882336-f4d2-45e4-b194-d2b99cae7610,ocd-bill/cb5bea40-20ac-4fce-95f2-98df247b4170,False,cosponsor
1ab8ad00-f70c-482a-9820-e1d9be5b407c,Jeb Bradley,person,,ocd-person/3f5455e8-256e-4442-9c13-bc14f62ce76f,ocd-bill/cb5bea40-20ac-4fce-95f2-98df247b4170,False,cosponsor
2ffe3e2c-fbf2-48b7-9b75-4742eddfd115,Sharon M Carson,person,,ocd-person/00964fc0-dd57-44c3-87bf-b6d5bbc34560,ocd-bill/cb5bea40-20ac-4fce-95f2-98df247b4170,False,cosponsor
c4af6381-b427-4008-8c40-032f298c30d7,Regina Birdsell,person,,ocd-person/461c9024-c8c3-44a5-91d6-015a6587db5f,ocd-bill/62295743-702c-48ca-88c6-ab0b0900fdba,True,primary
690e68a8-b38e-48d0-b0ad-a584e8c9e531,Kermit R. Williams,person,,ocd-person/fa58238b-d845-4c1c-a331-8e175efcd6d3,ocd-bill/62295743-702c-48ca-88c6-ab0b0900fdba,False,cosponsor
af70ce7c-875e-432f-855f-01465dcace7e,Steven D. Smith,person,,ocd-person/129a2970-07b9-4136-aae1-15c689edca40,ocd-bill/62295743-702c-48ca-88c6-ab0b0900fdba,False,cosponsor
57f75019-7c8e-470d-a80b-431f19409a32,Sherman A. Packard,person,,ocd-person/e94c1d98-5454-40a2-8293-ee0998fee8ca,ocd-bill/62295743-702c-48ca-88c6-ab0b0900fdba,False,cosponsor
d3d82fe5-69f3-47ce-9359-b2a82b1e3102,Kenneth L. Weyler,person,,ocd-person/e2f9dd7e-b221-4cf0-b7de-5daa70658669,ocd-bill/62295743-702c-48ca-88c6-ab0b0900fdba,False,cosponsor
71adbb14-2a6f-4a6b-9364-493ee5ad431b,David H Watters,person,,ocd-person/cf24defe-6df3-49f3-88ca-c6774b144f19,ocd-bill/62295743-702c-48ca-88c6-ab0b0900fdba,False,cosponsor
72032746-5a9d-4305-9c33-822f5fe4b62e,Jeb Bradley,person,,ocd-person/3f5455e8-256e-4442-9c13-bc14f62ce76f,ocd-bill/62295743-702c-48ca-88c6-ab0b0900fdba,False,cosponsor
12f87b6d-072f-4702-a24f-71ab914a9fa7,Keith Erf,person,,ocd-person/0e6b2514-25d6-4e16-bcbd-5029e90df22d,ocd-bill/ce0105a9-67cd-4969-969c-9197deac94ce,True,primary
84b744bc-530a-4c9d-827c-a7cd4f037929,Ruth Ward,person,,ocd-person/9089a509-1f26-4770-adc6-199ed716e692,ocd-bill/ce0105a9-67cd-4969-969c-9197deac94ce,False,cosponsor
3cd4314f-091a-4c99-a8ce-b9ed9cb17eb6,Jess C. Edwards,person,,ocd-person/3787c84d-f615-4e9d-bac8-42f86ea308db,ocd-bill/ce0105a9-67cd-4969-969c-9197deac94ce,False,cosponsor
d26a67c0-b5b8-4229-902e-f6a2599cbecc,Sandra B. Keans,person,,ocd-person/0f7e49e8-f9da-49b1-b20a-24236d6c3997,ocd-bill/ce0105a9-67cd-4969-969c-9197deac94ce,False,cosponsor
b89f0096-6dba-4005-87c7-46179fbfa594,Glenn Cordelli,person,,ocd-person/c8aa2951-dea0-4999-9b6a-6323d9917e0b,ocd-bill/ce0105a9-67cd-4969-969c-9197deac94ce,False,cosponsor
8bb6c116-5955-454b-98de-fe20ec84dea2,Michael D. Harrington,person,,ocd-person/21e95dbc-c226-4f4a-9fa2-8f5b374d0a98,ocd-bill/3c4a9ae4-3b26-44df-8280-a5c6c0756148,True,primary
cc8987e5-1723-42ad-9f0f-bb7d58aecc08,Cam E. Kenney,person,,ocd-person/9f35ea7b-b937-4b06-8be5-5cfbc83381e1,ocd-bill/adb90c05-74fc-42b8-a84f-a4557a57bd66,False,cosponsor
ddf1a05f-cfd0-452e-8984-7619f1f0b4dd,Bruce L. Cohen,person,,ocd-person/02abc1d7-340f-4cdd-b64d-4ce3cca59304,ocd-bill/adb90c05-74fc-42b8-a84f-a4557a57bd66,False,cosponsor
2bbfac39-63f1-40af-879c-f4a2223def3b,Martha S. Hennessey,person,,ocd-person/f2700034-7f3d-4834-bb66-b848a7ca748a,ocd-bill/adb90c05-74fc-42b8-a84f-a4557a57bd66,False,cosponsor
f1a7183e-ce6d-444c-8a36-795b7b11357a,Ellen D. Read,person,,ocd-person/77304532-17fb-4b2c-aed6-213a435e4a46,ocd-bill/adb90c05-74fc-42b8-a84f-a4557a57bd66,False,cosponsor
dff3eac1-1701-4acc-9159-d355bd04b398,Mary Jane Mulligan,person,,ocd-person/2eda7ff0-af84-4ad3-a72c-ea7c37e46877,ocd-bill/adb90c05-74fc-42b8-a84f-a4557a57bd66,False,cosponsor
9c9ef88d-1605-446f-a33e-7d516c7bdcab,David O. Huot,person,,ocd-person/1ca469eb-22a1-4c1c-af43-a0a5456f3a4f,ocd-bill/adb90c05-74fc-42b8-a84f-a4557a57bd66,False,cosponsor
88bdf95f-0c94-42d2-9333-f0973d1fb496,Paul S. Berch,person,,ocd-person/f96a072d-9add-44b0-8028-0ec057f31f52,ocd-bill/adb90c05-74fc-42b8-a84f-a4557a57bd66,False,cosponsor
e7aa550b-5de0-4c56-899f-a9ed0b3bcbdb,Timothy O. Horrigan,person,,ocd-person/2a11a559-c16e-4211-82ea-215951d74c1f,ocd-bill/adb90c05-74fc-42b8-a84f-a4557a57bd66,True,primary
bdd0eaeb-3718-42e4-8f67-c1f87e7cf37a,Judith T. Spang,person,,ocd-person/1c49114b-ec16-4617-8b35-f7ce02d6daa4,ocd-bill/adb90c05-74fc-42b8-a84f-a4557a57bd66,False,cosponsor
52487575-3e38-4c6a-8404-9603f9ec6821,Janet G. Wall,person,,ocd-person/2830876f-1a4d-4332-ae2a-a97607c4e1b9,ocd-bill/adb90c05-74fc-42b8-a84f-a4557a57bd66,False,cosponsor
b03c9005-c759-493e-a3df-f5312db47b90,Cam E. Kenney,person,,ocd-person/9f35ea7b-b937-4b06-8be5-5cfbc83381e1,ocd-bill/3e7bda99-3c10-45ef-acd7-61bcba88b0d7,False,cosponsor
68bf6dca-65a7-4dd0-a3a5-9be85805d5d4,Bruce L. Cohen,person,,ocd-person/02abc1d7-340f-4cdd-b64d-4ce3cca59304,ocd-bill/3e7bda99-3c10-45ef-acd7-61bcba88b0d7,False,cosponsor
27c02684-4910-45db-a3fa-74940eb148f1,Martha S. Hennessey,person,,ocd-person/f2700034-7f3d-4834-bb66-b848a7ca748a,ocd-bill/3e7bda99-3c10-45ef-acd7-61bcba88b0d7,False,cosponsor
df6ee79a-157b-4206-b672-53edb036fc9c,Ellen D. Read,person,,ocd-person/77304532-17fb-4b2c-aed6-213a435e4a46,ocd-bill/3e7bda99-3c10-45ef-acd7-61bcba88b0d7,False,cosponsor
162beb2f-b489-4cab-a248-f41e76198a60,Mary Jane Mulligan,person,,ocd-person/2eda7ff0-af84-4ad3-a72c-ea7c37e46877,ocd-bill/3e7bda99-3c10-45ef-acd7-61bcba88b0d7,False,cosponsor
f1abd425-4463-460a-9dc5-fde9c5277230,Paul S. Berch,person,,ocd-person/f96a072d-9add-44b0-8028-0ec057f31f52,ocd-bill/3e7bda99-3c10-45ef-acd7-61bcba88b0d7,False,cosponsor
b98337d8-0c40-4a48-a480-45e423f5743d,Timothy O. Horrigan,person,,ocd-person/2a11a559-c16e-4211-82ea-215951d74c1f,ocd-bill/3e7bda99-3c10-45ef-acd7-61bcba88b0d7,True,primary
511b6682-e6ba-4610-8e38-4442014a156e,Judith T. Spang,person,,ocd-person/1c49114b-ec16-4617-8b35-f7ce02d6daa4,ocd-bill/3e7bda99-3c10-45ef-acd7-61bcba88b0d7,False,cosponsor
39529fb3-d851-4285-a8b6-a96d7a8a05f2,Dennis F. Acton,person,,ocd-person/b81591ca-1856-4807-ac66-283280ea12ba,ocd-bill/74675532-6e83-45c9-af30-3a3a023e548d,True,primary
e81c1083-4877-4227-8c22-138dd50d7210,Regina Birdsell,person,,ocd-person/461c9024-c8c3-44a5-91d6-015a6587db5f,ocd-bill/5115fb89-6c4e-4322-8dc2-9916c4899b37,False,cosponsor
e0434fb1-4590-45f3-97ce-7823f5d7afd8,Brian K. Chirichiello,person,,ocd-person/c5e0ac90-3639-40f6-9d02-c67e25bf675d,ocd-bill/5115fb89-6c4e-4322-8dc2-9916c4899b37,True,primary
06d781a2-383a-49c6-89f3-7dd4ec063006,Peter B. Schmidt,person,,ocd-person/16654889-3b48-44d6-a6d3-8da5d7a434f1,ocd-bill/ac1c4300-7824-432e-ac13-368ea9712450,True,primary
8a7dd089-c060-4827-8bb2-5b3a7c3f283f,David H Watters,person,,ocd-person/cf24defe-6df3-49f3-88ca-c6774b144f19,ocd-bill/ac1c4300-7824-432e-ac13-368ea9712450,False,cosponsor
d55082a8-7231-44ac-9360-72751d637571,Cam E. Kenney,person,,ocd-person/9f35ea7b-b937-4b06-8be5-5cfbc83381e1,ocd-bill/57a64d5f-8096-4ade-b114-800497e6e001,False,cosponsor
525df481-1571-4638-be81-03f74b32c844,Joshua F. Query,person,,ocd-person/8961ce37-7b3f-4eb8-b666-41e6de86c157,ocd-bill/57a64d5f-8096-4ade-b114-800497e6e001,False,cosponsor
f5b872c9-9c09-4d81-8390-f53da22d2178,Andrew J. Bouldin,person,,ocd-person/ad413289-53c5-4966-9f0f-fd392d95a827,ocd-bill/57a64d5f-8096-4ade-b114-800497e6e001,True,primary
fad9d835-4335-4a01-90da-89c0aa534f1d,Nicole Klein-Knight,person,,ocd-person/f91f87c5-d22a-48b7-ac4a-c2519d086ec7,ocd-bill/57a64d5f-8096-4ade-b114-800497e6e001,False,cosponsor
c2d8eec1-1a49-4bbf-8683-c604ec3082df,Donald J. Bouchard,person,,ocd-person/74ae3ef0-c1f3-48ce-a5a6-c9bc4661bf08,ocd-bill/57a64d5f-8096-4ade-b114-800497e6e001,False,cosponsor
f8bb87ab-3d65-44fe-9527-e36deeeabffd,Casey M. Conley,person,,ocd-person/3290a4d4-7403-45f8-adc4-4e26e0fefa09,ocd-bill/57a64d5f-8096-4ade-b114-800497e6e001,False,cosponsor
915b2563-b043-4a63-950e-d8ed612b7b85,Allison R. Nutting-Wong,person,,ocd-person/4c979ca8-85c0-4124-ac2d-c44f3bcb95ff,ocd-bill/57a64d5f-8096-4ade-b114-800497e6e001,False,cosponsor
c17c958f-e94c-482c-8585-54c71f7be657,Amanda C. Bouldin,person,,ocd-person/7ad034dd-b6f2-4314-94d9-cffce7144e5d,ocd-bill/57a64d5f-8096-4ade-b114-800497e6e001,False,cosponsor
a4bcbfbc-fded-4956-83e4-ee594644e2f7,Peter W. Bixby,person,,ocd-person/2c42e95c-0192-4910-9fc6-8a43b58c6467,ocd-bill/57a64d5f-8096-4ade-b114-800497e6e001,False,cosponsor
bde08c6d-698a-4d98-850e-df1c75b16bcd,Max Abramson,person,,ocd-person/a2248bc0-9253-48d8-9ee2-d9c0b6fbc800,ocd-bill/767f6779-0fa3-4f65-919e-d8815b5be985,True,primary
44b3a567-b8bc-485b-baa3-3fe38dbed0dc,Deborah L. Hobson,person,,ocd-person/6e4aa2d5-d1c7-4009-950f-e5ebedea7189,ocd-bill/7ab278e7-af63-4a00-b837-e93590ebcbbf,False,cosponsor
285fb905-7c6b-47d0-886d-cf88323cf3c5,Abigail G. Rooney,person,,ocd-person/787cf45f-8d30-4198-b596-f0718db94fbc,ocd-bill/7ab278e7-af63-4a00-b837-e93590ebcbbf,False,cosponsor
09712414-8feb-4efe-a52b-8462af94953a,Phyllis M. Katsakiores,person,,ocd-person/19404ada-b556-4609-9814-f19db9c0a0ad,ocd-bill/7ab278e7-af63-4a00-b837-e93590ebcbbf,False,cosponsor
8dac4e9f-afb1-4bc2-9112-b6d4c6bcaac0,Katherine J. Prudhomme-O'Brien,person,,,ocd-bill/7ab278e7-af63-4a00-b837-e93590ebcbbf,True,primary
383591d4-c9ed-449f-8aeb-9af3fa2c3224,Kimberly A. Rice,person,,ocd-person/85b7ca6d-3fd7-4e97-bfe0-effe223121f7,ocd-bill/7ab278e7-af63-4a00-b837-e93590ebcbbf,False,cosponsor
2c58bd84-bc42-4e68-9396-1f4e5812251f,Linda R. Gould,person,,ocd-person/40ae4adb-2124-47ca-82b5-9eee794af4a2,ocd-bill/7ab278e7-af63-4a00-b837-e93590ebcbbf,False,cosponsor
633061d9-6d82-4b37-9843-c17d358b19af,Glenn Cordelli,person,,ocd-person/c8aa2951-dea0-4999-9b6a-6323d9917e0b,ocd-bill/7ab278e7-af63-4a00-b837-e93590ebcbbf,False,cosponsor
b371c263-be34-43c1-afee-084f2454198b,Jeanine M. Notter,person,,ocd-person/84f79859-fef0-441d-80bb-5edeafc70e78,ocd-bill/7ab278e7-af63-4a00-b837-e93590ebcbbf,False,cosponsor
8e72be61-f3ef-4f93-83e9-7f9f23905bf0,Jordan G. Ulery,person,,ocd-person/31f696d4-f806-4eb3-a8ce-5b1d2a2eba93,ocd-bill/7ab278e7-af63-4a00-b837-e93590ebcbbf,False,cosponsor
8cb5a063-edc4-4a0b-926f-872d41938020,Cindy Rosenwald,person,,ocd-person/f3e949ce-6d98-4826-bbca-08039cea4ea4,ocd-bill/787e8921-1fe3-4066-9675-854b9a9bbfbc,True,primary
1a4ea179-34b8-4de8-a892-a533a3b807b1,Greg L. Indruk,person,,ocd-person/b5b2c27f-4abf-49d3-a002-11f9070a6de5,ocd-bill/787e8921-1fe3-4066-9675-854b9a9bbfbc,False,cosponsor
1bd933ae-3904-49ab-9f47-fc1051eac718,Constance Van Houten,person,,ocd-person/5e54c6e7-01cb-42c8-b3ed-8137e6c995fd,ocd-bill/787e8921-1fe3-4066-9675-854b9a9bbfbc,False,cosponsor
67a10be3-a743-4870-b438-dd82dbdec8f2,Donna M. Soucy,person,,ocd-person/bfbbacfd-e12a-4e07-970e-c2c2c006f4a2,ocd-bill/787e8921-1fe3-4066-9675-854b9a9bbfbc,False,cosponsor
b29484ef-f315-4a69-ada7-9194f6a93971,Jeb Bradley,person,,ocd-person/3f5455e8-256e-4442-9c13-bc14f62ce76f,ocd-bill/787e8921-1fe3-4066-9675-854b9a9bbfbc,False,cosponsor
fb105222-03d4-4933-af5b-471b4f32cc6c,Shannon E Chandley,person,,,ocd-bill/e7f54582-52bb-485c-afe4-c23a6d5d9e1e,False,cosponsor
5aae99f7-b89c-44e3-a681-f457b054c2e7,Patricia J. Bushway,person,,ocd-person/a10abdb8-c143-498c-8b8a-1e6836699d7b,ocd-bill/e7f54582-52bb-485c-afe4-c23a6d5d9e1e,False,cosponsor
04c8566c-c7b7-40de-b3f5-f052233aff95,Laura D. Telerski,person,,ocd-person/ac414b7c-45dc-48b6-9530-eaa8e80b124f,ocd-bill/e7f54582-52bb-485c-afe4-c23a6d5d9e1e,False,cosponsor
2d18a881-f967-4554-b5bf-70464f3d3bf4,Walter A. Stapleton,person,,ocd-person/74efcb71-c62c-4388-b9ad-69f779b0c33e,ocd-bill/e7f54582-52bb-485c-afe4-c23a6d5d9e1e,False,cosponsor
ee6ada7e-7618-4f08-9c30-eb95a991af42,Peter E. Torosian,person,,ocd-person/45e36880-19af-4f3f-89d4-624946625e7f,ocd-bill/e7f54582-52bb-485c-afe4-c23a6d5d9e1e,False,cosponsor
c1fa0a4e-88be-4608-8b18-8da1a2d12038,Linda R. Gould,person,,ocd-person/40ae4adb-2124-47ca-82b5-9eee794af4a2,ocd-bill/e7f54582-52bb-485c-afe4-c23a6d5d9e1e,True,primary
06084309-4249-41c7-8258-89a95e0e86be,Karel A. Crawford,person,,ocd-person/a0936f2f-8170-47f9-8b05-6c6697a95968,ocd-bill/e7f54582-52bb-485c-afe4-c23a6d5d9e1e,False,cosponsor
a5daed2f-bf33-43a6-a7be-599647da0a17,Cassandra N. Levesque,person,,ocd-person/711423e3-ff28-4150-8a89-ec568a4f2c5d,ocd-bill/5a0a47b3-899c-43e0-b2ca-200fd30355c7,False,cosponsor
e9d21ef2-9b28-46c0-bc40-76baa64f5f7b,Cam E. Kenney,person,,ocd-person/9f35ea7b-b937-4b06-8be5-5cfbc83381e1,ocd-bill/5a0a47b3-899c-43e0-b2ca-200fd30355c7,False,cosponsor
213666c0-24be-449e-be65-a77229be24f0,Howard C. Pearl,person,,ocd-person/c4122c6a-ed23-492e-b813-59a0fed1ec86,ocd-bill/5a0a47b3-899c-43e0-b2ca-200fd30355c7,False,cosponsor
529b2bdd-401f-43e3-b3b2-bce8d4659a7d,Timothy P. Lang,person,,ocd-person/85064309-421e-4611-a6c5-800234db68fb,ocd-bill/5a0a47b3-899c-43e0-b2ca-200fd30355c7,True,primary
b2898be7-34fb-4c01-b6c1-3a8604201d4c,Reed A. Panasiti,person,,ocd-person/7a82814e-ffd2-4af0-b9b7-01d52a0492b0,ocd-bill/5a0a47b3-899c-43e0-b2ca-200fd30355c7,False,cosponsor
894c6df4-dfeb-4d2f-a5b2-5b971b603209,Jeanine M. Notter,person,,ocd-person/84f79859-fef0-441d-80bb-5edeafc70e78,ocd-bill/5a0a47b3-899c-43e0-b2ca-200fd30355c7,False,cosponsor
6f4de757-e896-4731-8667-5681bf19e1a8,Al P. Baldasaro,person,,ocd-person/3807f9c1-b590-4496-8a1e-b0ff84ba592d,ocd-bill/5a0a47b3-899c-43e0-b2ca-200fd30355c7,False,cosponsor
98e9cb43-8a6d-4fd5-916d-e5ea3d61652c,Lou D'Allesandro,person,,ocd-person/87c48788-817d-408b-a1e1-ebe1c9fd893d,ocd-bill/5a0a47b3-899c-43e0-b2ca-200fd30355c7,False,cosponsor
8d2e259a-200b-4247-8a81-3bf839e14085,Jaci L. Grote,person,,ocd-person/26f01212-5287-4735-aa1f-77e4f0d2acb6,ocd-bill/d0018ac8-bfb3-4690-86de-f6fb7f1e9e10,False,cosponsor
de3315d9-92c1-4f66-b50a-3aaeb4c857ba,Tom Sherman,person,,ocd-person/ee95d0de-e55e-4733-ba97-0fde66adf65c,ocd-bill/d0018ac8-bfb3-4690-86de-f6fb7f1e9e10,True,primary
4c50b7d7-dd01-488a-9dd1-2ccb73f19559,Kevin Cavanaugh,person,,ocd-person/7fb2bb33-cbdb-4dfd-9369-64f19f179777,ocd-bill/d0018ac8-bfb3-4690-86de-f6fb7f1e9e10,False,cosponsor
ff5194e4-17a3-40d5-9480-fe14c670e084,Kate R. Murray,person,,ocd-person/79bb2147-ea4b-4706-8b38-ee2309613ea0,ocd-bill/d0018ac8-bfb3-4690-86de-f6fb7f1e9e10,False,cosponsor
3e462776-1a18-4b46-81a2-57b4ad781fe0,Tamara N. Le,person,,ocd-person/a0a449a7-07c5-49cb-b928-080ffa433cf3,ocd-bill/d0018ac8-bfb3-4690-86de-f6fb7f1e9e10,False,cosponsor
535fbfff-e57a-4112-bd51-ccc7f0d5cd8e,Peter R. Leishman,person,,ocd-person/86708f42-531f-4e57-a6b1-f5b11ff9389c,ocd-bill/d0018ac8-bfb3-4690-86de-f6fb7f1e9e10,False,cosponsor
c779050a-5cc4-415c-bb24-81fdc397a25f,David H Watters,person,,ocd-person/cf24defe-6df3-49f3-88ca-c6774b144f19,ocd-bill/d0018ac8-bfb3-4690-86de-f6fb7f1e9e10,False,cosponsor
961e05cd-07be-44d2-b2a0-daf2dff816f2,Bruce L. Cohen,person,,ocd-person/02abc1d7-340f-4cdd-b64d-4ce3cca59304,ocd-bill/32136fc2-548d-4ad5-8b86-eb4a6461f99f,False,cosponsor
3cff485c-1e0b-4663-a838-69b6f2516907,Skip J. Cleaver,person,,ocd-person/6edff50b-8390-4046-a376-214136ea64d9,ocd-bill/32136fc2-548d-4ad5-8b86-eb4a6461f99f,False,cosponsor
96e6e0ea-136e-44fe-904d-98f3c49a8250,Joseph A. Guthrie,person,,ocd-person/772f5157-b959-4aed-beaa-6bd67ab8fefe,ocd-bill/32136fc2-548d-4ad5-8b86-eb4a6461f99f,False,cosponsor
7f0b14b7-75d9-43e2-98cb-64b51ed24d03,Janice E. Schmidt,person,,ocd-person/ec374833-801f-4c21-9261-67cdefc1ba44,ocd-bill/32136fc2-548d-4ad5-8b86-eb4a6461f99f,True,primary
bbade10d-e06b-4b6f-bb10-df3de9a9f1c5,Greg L. Indruk,person,,ocd-person/b5b2c27f-4abf-49d3-a002-11f9070a6de5,ocd-bill/4dff2930-36a5-4517-a516-eeed8b2cd4e9,False,cosponsor
33b225c6-b08a-4db5-bc0e-eb9bca8815b4,Martha S. Hennessey,person,,ocd-person/f2700034-7f3d-4834-bb66-b848a7ca748a,ocd-bill/4dff2930-36a5-4517-a516-eeed8b2cd4e9,False,cosponsor
7bb2274c-1b95-4ca2-a4c6-6c0aff0c3b2b,Skip J. Cleaver,person,,ocd-person/6edff50b-8390-4046-a376-214136ea64d9,ocd-bill/4dff2930-36a5-4517-a516-eeed8b2cd4e9,False,cosponsor
905bd095-f0ed-4039-bb2e-482b095ca3d9,Mark R. King,person,,ocd-person/5b030cec-8315-49f4-901d-85fdb7423781,ocd-bill/4dff2930-36a5-4517-a516-eeed8b2cd4e9,False,cosponsor
7b2d46c9-cd95-462d-a39e-004291db8f05,Jerry L. Knirk,person,,ocd-person/ce0bd184-d264-46d8-87fc-f2590e2a1ed1,ocd-bill/4dff2930-36a5-4517-a516-eeed8b2cd4e9,True,primary
59593a14-a93a-4907-964c-62e925f0b94f,John T. O'Connor,person,,ocd-person/60882336-f4d2-45e4-b194-d2b99cae7610,ocd-bill/4dff2930-36a5-4517-a516-eeed8b2cd4e9,False,cosponsor
8433e3f4-5f61-4737-aa0e-4eed1649c3d8,Edward A. Butler,person,,ocd-person/fd79da58-6089-4580-bef2-ad03fc7e6bde,ocd-bill/4dff2930-36a5-4517-a516-eeed8b2cd4e9,False,cosponsor
3752b8e9-e0c9-4d23-a91f-c394c41ef23c,John Reagan,person,,ocd-person/f516d40a-3676-4437-8285-a931d7c2885b,ocd-bill/4dff2930-36a5-4517-a516-eeed8b2cd4e9,False,cosponsor
b93572a6-e23b-445a-8602-730a2f1c510a,Michelle St. John,person,,ocd-person/88437b11-b120-486d-83ac-60d88a97785f,ocd-bill/c0352d96-2839-4d3d-bce2-81705b75333c,False,cosponsor
afa919c4-4ef9-48bf-860a-dc7497de9d06,Joe Schapiro,person,,ocd-person/44fbe7a3-bc2c-4ab0-b669-35521e926782,ocd-bill/c0352d96-2839-4d3d-bce2-81705b75333c,False,cosponsor
fe52091d-aa3a-4f29-9aa2-9c62827cf5ea,Craig R. Thompson,person,,ocd-person/5295b45f-d39a-4375-9aff-3b5b1603fa2d,ocd-bill/c0352d96-2839-4d3d-bce2-81705b75333c,True,primary
ba96dc7f-99b4-40da-85da-cc36c34ca197,Jennie R. Gomarlo,person,,ocd-person/6575c4bc-c463-4c7e-aced-43b36088d740,ocd-bill/c0352d96-2839-4d3d-bce2-81705b75333c,False,cosponsor
c0f332ed-0da3-4641-9aab-dc24c5218064,Lee Walker Oxenham,person,,ocd-person/f3fb87b7-7fb5-432a-9fb2-bd15170f1275,ocd-bill/c0352d96-2839-4d3d-bce2-81705b75333c,False,cosponsor
29efc645-b8f3-4e10-9097-1402a03e57bc,Ruth Ward,person,,ocd-person/9089a509-1f26-4770-adc6-199ed716e692,ocd-bill/4e34dcc6-398c-4b37-b63f-e82e2e36bc20,False,cosponsor
669bd3c1-500d-46cf-88d4-90a4ea6eeff4,Bob J. Giuda,person,,ocd-person/7739a4d0-534e-4bdb-b7fb-6a8f348e833e,ocd-bill/4e34dcc6-398c-4b37-b63f-e82e2e36bc20,True,primary
fde23a4e-4989-4265-bcbe-48c2c73a357a,Regina Birdsell,person,,ocd-person/461c9024-c8c3-44a5-91d6-015a6587db5f,ocd-bill/4e34dcc6-398c-4b37-b63f-e82e2e36bc20,False,cosponsor
f7104213-8c4d-46c4-8827-3499c54d3dad,John B. Hunt,person,,ocd-person/35c51630-9b9c-411a-9b98-0842cb6093df,ocd-bill/5bec2182-c8a4-49e5-96ae-99e79f5b9c82,True,primary
8a961844-728b-4093-8226-8b038b350c3a,Judy F. Aron,person,,ocd-person/533fb85c-c4f0-41f3-9bc6-8b1c422a9693,ocd-bill/f197b0e7-55f1-4fd3-97a3-97c3c99307af,False,cosponsor
64fd08dd-5679-47dc-9709-3181daa7bbc1,Linda Rea Camarota,person,,ocd-person/d9a8cfe4-51bc-4af8-9419-4ceb57496028,ocd-bill/f197b0e7-55f1-4fd3-97a3-97c3c99307af,False,cosponsor
b9a3aab8-8de8-435c-b148-3c746acd2b9a,Harold F. French,person,,ocd-person/ff11da65-174b-4fdc-b33c-e5d6d56602f0,ocd-bill/f197b0e7-55f1-4fd3-97a3-97c3c99307af,True,primary
3d5e2da0-e58b-4bee-a275-aa048cab9d8a,Ruth Ward,person,,ocd-person/9089a509-1f26-4770-adc6-199ed716e692,ocd-bill/f197b0e7-55f1-4fd3-97a3-97c3c99307af,False,cosponsor
61a85c32-d5c0-4d09-b2c0-20e18428ac5a,James P. Gray,person,,ocd-person/e6443187-eb51-42eb-8bd7-349ed0ba9641,ocd-bill/f197b0e7-55f1-4fd3-97a3-97c3c99307af,False,cosponsor
1263f070-577a-4a29-babe-dd666148ef7c,Bob J. Giuda,person,,ocd-person/7739a4d0-534e-4bdb-b7fb-6a8f348e833e,ocd-bill/f197b0e7-55f1-4fd3-97a3-97c3c99307af,False,cosponsor
6f8483e3-feae-43f5-ae59-a8621038d6f6,John M. Potucek,person,,ocd-person/433c67d6-bfdc-410e-87e2-463c93d55a17,ocd-bill/f197b0e7-55f1-4fd3-97a3-97c3c99307af,False,cosponsor
767b6223-3226-450e-924e-e8b879b4ba2f,Sharon M Carson,person,,ocd-person/00964fc0-dd57-44c3-87bf-b6d5bbc34560,ocd-bill/f197b0e7-55f1-4fd3-97a3-97c3c99307af,False,cosponsor
0e63226b-2fdf-4599-87f5-d479db9ae7dd,Melanie Levesque,person,,ocd-person/282926cd-63f0-4ac4-ad16-5e96eb1c4e0b,ocd-bill/5c93adb9-6caa-4d91-8c6f-6b1b3e095c0d,True,primary
4e0f37b4-3818-4428-ba28-9b18dfdf0f42,Tom Dolan,person,,ocd-person/330b6b4b-dfa6-4379-ae45-bedd9b276fcd,ocd-bill/5c93adb9-6caa-4d91-8c6f-6b1b3e095c0d,False,cosponsor
e15d31c7-6801-4136-ab3d-a9b04291899e,Liz A. McConnell,person,,ocd-person/7f652a56-cb6d-48f9-a3cd-c8b8fccd7077,ocd-bill/5c93adb9-6caa-4d91-8c6f-6b1b3e095c0d,False,cosponsor
75612cf6-e880-43cb-9b65-80be9707e74c,Regina Birdsell,person,,ocd-person/461c9024-c8c3-44a5-91d6-015a6587db5f,ocd-bill/5c93adb9-6caa-4d91-8c6f-6b1b3e095c0d,False,cosponsor
fd401792-3b1b-4c0b-9718-3283075dd3c8,Samantha L. Fox,person,,ocd-person/7471e52d-b23c-4df4-b9c9-b7c3751ea3ce,ocd-bill/290512ef-67ee-4b6d-af70-d82b7bc1a20d,True,primary
49236f4c-b042-400a-a857-1db32a3c572d,Connie B. Lane,person,,ocd-person/8171a035-7cc1-4a7f-b086-9bdb800782da,ocd-bill/290512ef-67ee-4b6d-af70-d82b7bc1a20d,False,cosponsor
d493cae4-68e3-4ce4-afa0-59c4df655c55,Chris Balch,person,,ocd-person/e9d39bb0-9ff6-4083-b8fd-1455609b3033,ocd-bill/290512ef-67ee-4b6d-af70-d82b7bc1a20d,False,cosponsor
e075c20b-69ea-4741-bfea-74d66c60c32a,Donald J. Bouchard,person,,ocd-person/74ae3ef0-c1f3-48ce-a5a6-c9bc4661bf08,ocd-bill/290512ef-67ee-4b6d-af70-d82b7bc1a20d,False,cosponsor
84937a0c-b538-4fa2-95e4-099bc17c5bf8,Chuck W. Grassie,person,,ocd-person/8ee07d33-9189-4bfe-b1a1-e15c79fd1114,ocd-bill/290512ef-67ee-4b6d-af70-d82b7bc1a20d,False,cosponsor
ce7abbfd-5184-4972-917e-97ac2fdb5a9d,Timothy Josephson,person,,ocd-person/62149ad2-7d4c-42b6-be2b-281618dd7c97,ocd-bill/290512ef-67ee-4b6d-af70-d82b7bc1a20d,False,cosponsor
ccc90a0b-b9f9-4d04-9850-f17dc720e887,John M. Potucek,person,,ocd-person/433c67d6-bfdc-410e-87e2-463c93d55a17,ocd-bill/290512ef-67ee-4b6d-af70-d82b7bc1a20d,False,cosponsor
e11e19c3-02c6-4af2-9adf-80286298d284,Janice E. Schmidt,person,,ocd-person/ec374833-801f-4c21-9261-67cdefc1ba44,ocd-bill/290512ef-67ee-4b6d-af70-d82b7bc1a20d,False,cosponsor
cdd18682-e5f6-45ff-a0ce-5a8dab891581,Timothy O. Horrigan,person,,ocd-person/2a11a559-c16e-4211-82ea-215951d74c1f,ocd-bill/290512ef-67ee-4b6d-af70-d82b7bc1a20d,False,cosponsor
1cc7f264-a489-4220-999b-310942010a14,Michael D. Harrington,person,,ocd-person/21e95dbc-c226-4f4a-9fa2-8f5b374d0a98,ocd-bill/8c639130-4844-42c5-8ae9-f48044764409,True,primary
0fd61c0b-742f-46c1-8e50-ba34a93af23f,Werner D. Horn,person,,ocd-person/ab3fb5b5-85fb-441d-8b4f-09d52722175b,ocd-bill/1b83b8ef-f3dd-4ad2-894b-6bb50b333bce,True,primary
13aa3098-a6e4-4ac3-b3d8-596ce4fb92c6,Hershel Nunez,person,,ocd-person/3724f35b-dc08-456a-a432-1ead531e8dfd,ocd-bill/38e5a789-0e8e-4d15-bbba-10119e5c8414,True,primary
0c603f2f-79cd-4970-b0a6-34641f506e69,Glenn Cordelli,person,,ocd-person/c8aa2951-dea0-4999-9b6a-6323d9917e0b,ocd-bill/38e5a789-0e8e-4d15-bbba-10119e5c8414,False,cosponsor
cdf44cc9-6ed0-4a3e-b005-85020299ba8d,John B. Hunt,person,,ocd-person/35c51630-9b9c-411a-9b98-0842cb6093df,ocd-bill/38e5a789-0e8e-4d15-bbba-10119e5c8414,False,cosponsor
ce6f013f-e874-4098-91a5-a1d2257118b2,Martha Fuller Clark,person,,ocd-person/823e56cb-5c51-4a09-b060-93cdb7f7ac25,ocd-bill/132fea52-29e8-4e2e-a1fd-624c0e7e49f0,True,primary
7aa6b782-b3fa-40a3-9337-2aae7c467558,Cindy Rosenwald,person,,ocd-person/f3e949ce-6d98-4826-bbca-08039cea4ea4,ocd-bill/19b0d650-a95b-4d52-9ccf-fb2034a2b4cd,False,cosponsor
4456d85a-7cf6-46f1-8486-776759a18975,Shannon E Chandley,person,,,ocd-bill/19b0d650-a95b-4d52-9ccf-fb2034a2b4cd,False,cosponsor
8d545d3f-a741-4be2-a4ae-1139f40ef766,David J Starr,person,,ocd-person/b19ae598-8107-4959-b150-586deb9c9852,ocd-bill/19b0d650-a95b-4d52-9ccf-fb2034a2b4cd,False,cosponsor
0e078b58-d4fd-4a0f-a297-be5b97e2c195,Anita D. Burroughs,person,,ocd-person/a028512b-5d61-4d23-9e28-dec7038577d6,ocd-bill/19b0d650-a95b-4d52-9ccf-fb2034a2b4cd,False,cosponsor
34fb1334-935c-471e-ad41-73faf81b8f5d,Harold F. French,person,,ocd-person/ff11da65-174b-4fdc-b33c-e5d6d56602f0,ocd-bill/19b0d650-a95b-4d52-9ccf-fb2034a2b4cd,False,cosponsor
9ebaede5-b381-454f-b17d-905900856402,Ruth Ward,person,,ocd-person/9089a509-1f26-4770-adc6-199ed716e692,ocd-bill/19b0d650-a95b-4d52-9ccf-fb2034a2b4cd,False,cosponsor
67d993b2-d315-404a-9912-6f4124358883,James P. Gray,person,,ocd-person/e6443187-eb51-42eb-8bd7-349ed0ba9641,ocd-bill/19b0d650-a95b-4d52-9ccf-fb2034a2b4cd,False,cosponsor
ca721acc-ead0-4bc3-8762-eba975739110,Bob J. Giuda,person,,ocd-person/7739a4d0-534e-4bdb-b7fb-6a8f348e833e,ocd-bill/19b0d650-a95b-4d52-9ccf-fb2034a2b4cd,False,cosponsor
3b436910-650b-402d-8789-021c2aa9e15f,Regina Birdsell,person,,ocd-person/461c9024-c8c3-44a5-91d6-015a6587db5f,ocd-bill/19b0d650-a95b-4d52-9ccf-fb2034a2b4cd,False,cosponsor
622a4412-e98e-45b2-af02-7e0432e9d17a,Barbara J. Griffin,person,,ocd-person/ce1a184c-47a7-4b48-a028-d39585bcf9c3,ocd-bill/19b0d650-a95b-4d52-9ccf-fb2034a2b4cd,False,cosponsor
a99b427b-5042-4c51-a9e9-ff443e7a2e3a,John Reagan,person,,ocd-person/f516d40a-3676-4437-8285-a931d7c2885b,ocd-bill/19b0d650-a95b-4d52-9ccf-fb2034a2b4cd,False,cosponsor
23706b9b-1704-431e-8725-f124cf1d8eb1,Jeb Bradley,person,,ocd-person/3f5455e8-256e-4442-9c13-bc14f62ce76f,ocd-bill/19b0d650-a95b-4d52-9ccf-fb2034a2b4cd,True,primary
38ef269a-46bc-4a4f-9b59-c19e44714e56,Sharon M Carson,person,,ocd-person/00964fc0-dd57-44c3-87bf-b6d5bbc34560,ocd-bill/19b0d650-a95b-4d52-9ccf-fb2034a2b4cd,False,cosponsor
2de1dffa-ee46-4ddb-99d8-e77a92745fbc,Lou D'Allesandro,person,,ocd-person/87c48788-817d-408b-a1e1-ebe1c9fd893d,ocd-bill/19b0d650-a95b-4d52-9ccf-fb2034a2b4cd,False,cosponsor
217a89bc-185d-4626-8a28-6c5a212a0116,William L. Fowler,person,,ocd-person/20bf5a41-2a66-4d24-bc34-aef873b488cb,ocd-bill/a27d52d1-4fa7-464c-b7f9-fb5f19fe2eb7,False,cosponsor
e1f2c401-8781-47fe-af13-db74f27dda61,Max Abramson,person,,ocd-person/a2248bc0-9253-48d8-9ee2-d9c0b6fbc800,ocd-bill/a27d52d1-4fa7-464c-b7f9-fb5f19fe2eb7,True,primary
3356a9b9-ff4f-499f-a056-3a04b13867af,Melanie Levesque,person,,ocd-person/282926cd-63f0-4ac4-ad16-5e96eb1c4e0b,ocd-bill/cce3bfed-ac05-4a67-847a-31fb41b0ce45,False,cosponsor
df6dc473-4e95-460d-aa1f-ec4ef6db6643,Ryan T. Buchanan,person,,ocd-person/42b0e59a-b71a-46ce-b761-72bc99239941,ocd-bill/cce3bfed-ac05-4a67-847a-31fb41b0ce45,True,primary
320cd3c5-69e9-4f48-a45b-0844cdd414d1,Kristina M. Schultz,person,,ocd-person/8698b473-ea4e-4126-8766-a2b5b5878702,ocd-bill/cce3bfed-ac05-4a67-847a-31fb41b0ce45,False,cosponsor
3689f244-9e6c-44df-bd92-98340c59148f,Jeanne Dietsch,person,,ocd-person/8e7e0c04-e019-4ffe-a281-18beee5d939f,ocd-bill/9388b88c-875d-4667-8239-cd6868f7d367,False,cosponsor
547e4284-152f-466a-95de-85e7123bd170,William A. Hatch,person,,ocd-person/2bfaf69b-214f-40a6-9674-bdb68c23e9ff,ocd-bill/9388b88c-875d-4667-8239-cd6868f7d367,True,primary
568fa8c4-5118-4428-8247-38666d81a5b8,Peter B. Schmidt,person,,ocd-person/16654889-3b48-44d6-a6d3-8da5d7a434f1,ocd-bill/9388b88c-875d-4667-8239-cd6868f7d367,False,cosponsor
96ac9a01-5a9e-4155-ab03-cb319706ad28,Walter A. Stapleton,person,,ocd-person/74efcb71-c62c-4388-b9ad-69f779b0c33e,ocd-bill/f4bef364-64d2-4f63-abf1-9046bff4c753,False,cosponsor
19da2ca7-797f-48c4-b7f6-f69d0344262f,Dave Testerman,person,,ocd-person/a9da1843-ceb9-40c6-9846-a3c3d5319ccd,ocd-bill/f4bef364-64d2-4f63-abf1-9046bff4c753,True,primary
44bdaa6a-b36d-4b32-b538-992158263c72,Melanie Levesque,person,,ocd-person/282926cd-63f0-4ac4-ad16-5e96eb1c4e0b,ocd-bill/3b61a7b2-23b1-4b68-a4f3-8cadb55dac0b,False,cosponsor
c191e534-7678-4080-a2db-eecd50c9c44a,Jay Kahn,person,,ocd-person/998e681b-6df1-4b4a-92db-7a2187cedcd8,ocd-bill/3b61a7b2-23b1-4b68-a4f3-8cadb55dac0b,True,primary
59916b87-540b-49e3-aea6-317c5b2dbb0c,Ruth Ward,person,,ocd-person/9089a509-1f26-4770-adc6-199ed716e692,ocd-bill/3b61a7b2-23b1-4b68-a4f3-8cadb55dac0b,False,cosponsor
eadce024-26b1-4b5b-81ee-8524e92881a1,John Reagan,person,,ocd-person/f516d40a-3676-4437-8285-a931d7c2885b,ocd-bill/3b61a7b2-23b1-4b68-a4f3-8cadb55dac0b,False,cosponsor
fc15c89f-70cc-489f-be5a-c5d9f3520610,Kevin Cavanaugh,person,,ocd-person/7fb2bb33-cbdb-4dfd-9369-64f19f179777,ocd-bill/45876a87-3882-4e23-9ab7-7858d06a07b1,True,primary
c8797873-128a-4dda-b3b3-81947e49b9d9,Harold F. French,person,,ocd-person/ff11da65-174b-4fdc-b33c-e5d6d56602f0,ocd-bill/45876a87-3882-4e23-9ab7-7858d06a07b1,False,cosponsor
9e89889a-1333-4b2d-aa61-5e814d0efe69,John B. Hunt,person,,ocd-person/35c51630-9b9c-411a-9b98-0842cb6093df,ocd-bill/45876a87-3882-4e23-9ab7-7858d06a07b1,False,cosponsor
0e825f4b-5cff-4955-9967-5cd46c7c3e83,David H Watters,person,,ocd-person/cf24defe-6df3-49f3-88ca-c6774b144f19,ocd-bill/45876a87-3882-4e23-9ab7-7858d06a07b1,False,cosponsor
1df0d58c-69c5-46f3-a0ca-f2e622919be8,Carol M. McGuire,person,,ocd-person/ae3d6133-98b5-444e-b95e-2edc2f5302dc,ocd-bill/21574ef9-c606-4dfc-b8a3-bbd224b1ef60,False,cosponsor
c471b75e-e00a-42b0-b611-3ae3de9f3167,Lynne M. Ober,person,,ocd-person/e1ff7dcf-ec5f-42ab-a7c2-81092820a3ae,ocd-bill/21574ef9-c606-4dfc-b8a3-bbd224b1ef60,True,primary
42a08ea7-c6a6-4d41-ae2b-c9573db1c566,Sharon M Carson,person,,ocd-person/00964fc0-dd57-44c3-87bf-b6d5bbc34560,ocd-bill/21574ef9-c606-4dfc-b8a3-bbd224b1ef60,False,cosponsor
1abe42cd-25e8-4384-88f4-c192336039be,Larry L. Laflamme,person,,ocd-person/86b73f08-dd73-4ee5-85b4-7418eaf27c8b,ocd-bill/fdf90efa-1ae4-4259-930a-34b6fbbd375d,False,cosponsor
86edfbf9-e4be-4684-a6d2-d6164603744e,Robert Renny Cushing,person,,ocd-person/cdb3279c-243a-4ca0-8e83-fcb10a975736,ocd-bill/fdf90efa-1ae4-4259-930a-34b6fbbd375d,False,cosponsor
8014e5df-6380-418c-ba5a-3db30671e43f,David H Watters,person,,ocd-person/cf24defe-6df3-49f3-88ca-c6774b144f19,ocd-bill/fdf90efa-1ae4-4259-930a-34b6fbbd375d,True,primary
adc0dda1-dfb5-4064-85d8-3154a45ce6f0,Martha Fuller Clark,person,,ocd-person/823e56cb-5c51-4a09-b060-93cdb7f7ac25,ocd-bill/fdf90efa-1ae4-4259-930a-34b6fbbd375d,False,cosponsor
49f5523a-092e-4bfb-8a03-caa4c7e4f902,David J Starr,person,,ocd-person/b19ae598-8107-4959-b150-586deb9c9852,ocd-bill/2e37cab6-d073-4ad9-9a16-2a9480f9aa8a,False,cosponsor
6ccc397c-7fb9-48c7-9ff8-934ce6631f42,Abigail G. Rooney,person,,ocd-person/787cf45f-8d30-4198-b596-f0718db94fbc,ocd-bill/2e37cab6-d073-4ad9-9a16-2a9480f9aa8a,False,cosponsor
f712ec39-8a05-404e-b640-3f2b1e85fb8a,Mark A. Pearson,person,,,ocd-bill/2e37cab6-d073-4ad9-9a16-2a9480f9aa8a,False,cosponsor
07990c72-1846-405a-8458-49b71d5cd21a,Harold F. French,person,,ocd-person/ff11da65-174b-4fdc-b33c-e5d6d56602f0,ocd-bill/2e37cab6-d073-4ad9-9a16-2a9480f9aa8a,False,cosponsor
d024b61f-83d2-4e09-af6b-eb2d0b2ef753,Ruth Ward,person,,ocd-person/9089a509-1f26-4770-adc6-199ed716e692,ocd-bill/2e37cab6-d073-4ad9-9a16-2a9480f9aa8a,False,cosponsor
1f547261-10b9-415d-8a86-29b62387ac48,James P. Gray,person,,ocd-person/e6443187-eb51-42eb-8bd7-349ed0ba9641,ocd-bill/2e37cab6-d073-4ad9-9a16-2a9480f9aa8a,False,cosponsor
23495e00-36fc-4ab4-a25f-c7ca635deb21,Bob J. Giuda,person,,ocd-person/7739a4d0-534e-4bdb-b7fb-6a8f348e833e,ocd-bill/2e37cab6-d073-4ad9-9a16-2a9480f9aa8a,False,cosponsor
d98de6df-5438-46b7-a3ee-83d85f9db30c,Regina Birdsell,person,,ocd-person/461c9024-c8c3-44a5-91d6-015a6587db5f,ocd-bill/2e37cab6-d073-4ad9-9a16-2a9480f9aa8a,True,primary
699c87eb-ae71-4279-b257-0f2379f968a2,Katherine J. Prudhomme-O'Brien,person,,,ocd-bill/2e37cab6-d073-4ad9-9a16-2a9480f9aa8a,False,cosponsor
b5612794-af4c-4893-99e2-a259e0fe4221,Jeanine M. Notter,person,,ocd-person/84f79859-fef0-441d-80bb-5edeafc70e78,ocd-bill/2e37cab6-d073-4ad9-9a16-2a9480f9aa8a,False,cosponsor
95bbde33-0b17-4e2a-8b5b-65271a6ce293,Jeb Bradley,person,,ocd-person/3f5455e8-256e-4442-9c13-bc14f62ce76f,ocd-bill/2e37cab6-d073-4ad9-9a16-2a9480f9aa8a,False,cosponsor
e2b3e001-db3a-43ea-a403-581b11171e78,Sharon M Carson,person,,ocd-person/00964fc0-dd57-44c3-87bf-b6d5bbc34560,ocd-bill/2e37cab6-d073-4ad9-9a16-2a9480f9aa8a,False,cosponsor
c7322484-0040-4099-b30f-6fb65502257b,Chuck Morse,person,,ocd-person/72b8f708-a22d-477d-9c55-e5d14b8308a6,ocd-bill/2e37cab6-d073-4ad9-9a16-2a9480f9aa8a,False,cosponsor
26f2512d-2ec1-47e0-b524-5260d6a80525,Harold F. French,person,,ocd-person/ff11da65-174b-4fdc-b33c-e5d6d56602f0,ocd-bill/c59b3e0e-95ca-4c83-bf37-676a91a7bc10,True,primary
30625caa-5ff2-47f3-93a2-91d3e0d7b209,James P. Gray,person,,ocd-person/e6443187-eb51-42eb-8bd7-349ed0ba9641,ocd-bill/c59b3e0e-95ca-4c83-bf37-676a91a7bc10,False,cosponsor
ff857e53-767d-4236-8664-b24954f0cd4a,Bob J. Giuda,person,,ocd-person/7739a4d0-534e-4bdb-b7fb-6a8f348e833e,ocd-bill/c59b3e0e-95ca-4c83-bf37-676a91a7bc10,False,cosponsor
7c5c5845-5d2d-48d5-91e0-421119ac34d4,Howard C. Pearl,person,,ocd-person/c4122c6a-ed23-492e-b813-59a0fed1ec86,ocd-bill/c59b3e0e-95ca-4c83-bf37-676a91a7bc10,False,cosponsor
0063a7bd-87eb-47b0-bf9b-504254b654ca,Gregory G. Hill,person,,ocd-person/852df922-484b-412f-a604-c2d67efee5ec,ocd-bill/c59b3e0e-95ca-4c83-bf37-676a91a7bc10,False,cosponsor
c7c13960-6321-48c8-9035-176dc765d5bf,John Reagan,person,,ocd-person/f516d40a-3676-4437-8285-a931d7c2885b,ocd-bill/c59b3e0e-95ca-4c83-bf37-676a91a7bc10,False,cosponsor
53716326-ab8d-4b73-9de4-f3dcc3d36cf5,Jeb Bradley,person,,ocd-person/3f5455e8-256e-4442-9c13-bc14f62ce76f,ocd-bill/c59b3e0e-95ca-4c83-bf37-676a91a7bc10,False,cosponsor
0f86af8f-7717-4e1e-95cc-8ae6e1e8a0ee,Martha Fuller Clark,person,,ocd-person/823e56cb-5c51-4a09-b060-93cdb7f7ac25,ocd-bill/c59b3e0e-95ca-4c83-bf37-676a91a7bc10,False,cosponsor
c1165424-ebca-4e6f-8bd7-3b3d192bfbb2,Linda Rea Camarota,person,,ocd-person/d9a8cfe4-51bc-4af8-9419-4ceb57496028,ocd-bill/51474ed8-79a9-4d3e-b9a8-40cc24bf8a36,True,primary
a4cf0849-e128-4ccd-89fd-9cd16ab91455,Harold F. French,person,,ocd-person/ff11da65-174b-4fdc-b33c-e5d6d56602f0,ocd-bill/51474ed8-79a9-4d3e-b9a8-40cc24bf8a36,False,cosponsor
a4fc2d86-8927-45ca-82bd-6489a5c684ce,Bob J. Giuda,person,,ocd-person/7739a4d0-534e-4bdb-b7fb-6a8f348e833e,ocd-bill/51474ed8-79a9-4d3e-b9a8-40cc24bf8a36,False,cosponsor
35525350-0c58-483e-b622-c3238a71973a,Kimberly A. Rice,person,,ocd-person/85b7ca6d-3fd7-4e97-bfe0-effe223121f7,ocd-bill/51474ed8-79a9-4d3e-b9a8-40cc24bf8a36,False,cosponsor
6691ff2c-dbc6-4fa0-9fbd-d822138e9fe4,John Reagan,person,,ocd-person/f516d40a-3676-4437-8285-a931d7c2885b,ocd-bill/51474ed8-79a9-4d3e-b9a8-40cc24bf8a36,False,cosponsor
3cb59969-a91a-4f3f-b53a-913c9fc6d49d,Cindy Rosenwald,person,,ocd-person/f3e949ce-6d98-4826-bbca-08039cea4ea4,ocd-bill/9470d3d6-7b18-47f5-bfd3-a9e866af35be,False,cosponsor
f52c539e-fcbb-4eaa-8627-1b0434e00264,Harold F. French,person,,ocd-person/ff11da65-174b-4fdc-b33c-e5d6d56602f0,ocd-bill/9470d3d6-7b18-47f5-bfd3-a9e866af35be,False,cosponsor
bbf60c14-ef32-4501-98cc-cc701658fcde,Ruth Ward,person,,ocd-person/9089a509-1f26-4770-adc6-199ed716e692,ocd-bill/9470d3d6-7b18-47f5-bfd3-a9e866af35be,True,primary
3fd8f53a-0562-451d-8050-345b98e2fc62,Bob J. Giuda,person,,ocd-person/7739a4d0-534e-4bdb-b7fb-6a8f348e833e,ocd-bill/9470d3d6-7b18-47f5-bfd3-a9e866af35be,False,cosponsor
7da35801-c2e2-4ee1-8cdf-d75cbebae0f4,William M. Marsh,person,,ocd-person/22006937-f2ca-4a2e-b92a-457777933dc7,ocd-bill/9470d3d6-7b18-47f5-bfd3-a9e866af35be,False,cosponsor
00e0710c-29d1-4a5c-bea8-805bc8c56ab7,Regina Birdsell,person,,ocd-person/461c9024-c8c3-44a5-91d6-015a6587db5f,ocd-bill/9470d3d6-7b18-47f5-bfd3-a9e866af35be,False,cosponsor
c697b0f2-90f8-4983-a8cd-9f80cf867750,John Reagan,person,,ocd-person/f516d40a-3676-4437-8285-a931d7c2885b,ocd-bill/9470d3d6-7b18-47f5-bfd3-a9e866af35be,False,cosponsor
10c6f8b3-256c-4e61-91ca-4e2457f6919d,Jeb Bradley,person,,ocd-person/3f5455e8-256e-4442-9c13-bc14f62ce76f,ocd-bill/9470d3d6-7b18-47f5-bfd3-a9e866af35be,False,cosponsor
a26acdd7-473c-431f-9484-c5b73c38045b,Sharon M Carson,person,,ocd-person/00964fc0-dd57-44c3-87bf-b6d5bbc34560,ocd-bill/9470d3d6-7b18-47f5-bfd3-a9e866af35be,False,cosponsor
0c05b71b-0f9c-4eb8-a891-343ed804535c,Martha Fuller Clark,person,,ocd-person/823e56cb-5c51-4a09-b060-93cdb7f7ac25,ocd-bill/9470d3d6-7b18-47f5-bfd3-a9e866af35be,False,cosponsor
4edaa0bb-68ef-4788-ba82-e6a92066bce9,Jon Morgan,person,,ocd-person/f169c82a-7120-4d67-85d4-d5ff21cd44ef,ocd-bill/c8ae8ff0-e287-4c07-8936-61eb126003b3,True,primary
7a308730-2ccf-4074-adf8-5a193a66231a,Tom Sherman,person,,ocd-person/ee95d0de-e55e-4733-ba97-0fde66adf65c,ocd-bill/c8ae8ff0-e287-4c07-8936-61eb126003b3,False,cosponsor
20e2fca9-e0f5-419c-a7ff-25d28f146656,Mark A. Pearson,person,,,ocd-bill/c8ae8ff0-e287-4c07-8936-61eb126003b3,False,cosponsor
dff54701-7983-4400-b470-914bdd511068,James P. Gray,person,,ocd-person/e6443187-eb51-42eb-8bd7-349ed0ba9641,ocd-bill/c8ae8ff0-e287-4c07-8936-61eb126003b3,False,cosponsor
8a0e62d0-bac3-43c0-93cc-c9cd00373efe,Skip Berrien,person,,ocd-person/c955f3c4-4732-42c2-8615-bc103ee8e0d8,ocd-bill/c8ae8ff0-e287-4c07-8936-61eb126003b3,False,cosponsor
02202d36-ca26-4ab9-9a1d-8e0991bc3ad3,Kimberly A. Rice,person,,ocd-person/85b7ca6d-3fd7-4e97-bfe0-effe223121f7,ocd-bill/c8ae8ff0-e287-4c07-8936-61eb126003b3,False,cosponsor
c5f46d87-44bf-48ad-97c0-131750778a09,Jeb Bradley,person,,ocd-person/3f5455e8-256e-4442-9c13-bc14f62ce76f,ocd-bill/c8ae8ff0-e287-4c07-8936-61eb126003b3,False,cosponsor
d71fd18f-ec89-4538-beb8-9aa85a3da2e3,Martha Fuller Clark,person,,ocd-person/823e56cb-5c51-4a09-b060-93cdb7f7ac25,ocd-bill/c8ae8ff0-e287-4c07-8936-61eb126003b3,False,cosponsor
f923ab50-ad3d-4879-a2f7-88cfa787bbf6,Jon Morgan,person,,ocd-person/f169c82a-7120-4d67-85d4-d5ff21cd44ef,ocd-bill/3774ec7a-07f9-43f2-8fe4-0e0b09313d11,True,primary
923e5e09-21fe-4446-ac9f-3f5e47ae4639,Tom Sherman,person,,ocd-person/ee95d0de-e55e-4733-ba97-0fde66adf65c,ocd-bill/3774ec7a-07f9-43f2-8fe4-0e0b09313d11,False,cosponsor
bf63af64-f956-4dc0-9489-3ce926110ab2,James P. Gray,person,,ocd-person/e6443187-eb51-42eb-8bd7-349ed0ba9641,ocd-bill/3774ec7a-07f9-43f2-8fe4-0e0b09313d11,False,cosponsor
3dd07f8f-bf69-4070-80fe-3596a522f925,Skip Berrien,person,,ocd-person/c955f3c4-4732-42c2-8615-bc103ee8e0d8,ocd-bill/3774ec7a-07f9-43f2-8fe4-0e0b09313d11,False,cosponsor
c7aa40ab-05f4-4db6-bcfb-75a03f3c0164,Kimberly A. Rice,person,,ocd-person/85b7ca6d-3fd7-4e97-bfe0-effe223121f7,ocd-bill/3774ec7a-07f9-43f2-8fe4-0e0b09313d11,False,cosponsor
9508a923-a1a6-44f8-b545-9ca8f0de0457,Erin T. Hennessey,person,,ocd-person/91d16c36-2236-4bef-8009-004bd036c22a,ocd-bill/3774ec7a-07f9-43f2-8fe4-0e0b09313d11,False,cosponsor
f4518a0b-849c-4df1-bd05-b0ba9e323315,Jeb Bradley,person,,ocd-person/3f5455e8-256e-4442-9c13-bc14f62ce76f,ocd-bill/3774ec7a-07f9-43f2-8fe4-0e0b09313d11,False,cosponsor
3b891179-b69a-4795-a83b-2be0ab0a916f,Martha Fuller Clark,person,,ocd-person/823e56cb-5c51-4a09-b060-93cdb7f7ac25,ocd-bill/3774ec7a-07f9-43f2-8fe4-0e0b09313d11,False,cosponsor
0fe84619-b67a-46ac-81fb-93212a248dce,Lou D'Allesandro,person,,ocd-person/87c48788-817d-408b-a1e1-ebe1c9fd893d,ocd-bill/3774ec7a-07f9-43f2-8fe4-0e0b09313d11,False,cosponsor
48dd4307-8a90-45f5-a548-119225254add,Jon Morgan,person,,ocd-person/f169c82a-7120-4d67-85d4-d5ff21cd44ef,ocd-bill/0c31ff73-49ae-4cd9-85e1-d3a8c3d331da,True,primary
48cd225d-de37-4f54-a440-2ca5b76fde89,Cindy Rosenwald,person,,ocd-person/f3e949ce-6d98-4826-bbca-08039cea4ea4,ocd-bill/0c31ff73-49ae-4cd9-85e1-d3a8c3d331da,False,cosponsor
b6729b5d-ae43-4c9d-b01e-b9c892df88ae,Gary L. Woods,person,,ocd-person/5d98b66b-f4d1-4776-953f-67dc348fdd12,ocd-bill/0c31ff73-49ae-4cd9-85e1-d3a8c3d331da,False,cosponsor
b3ec3bb1-aa43-4774-b516-9732ff2a5f2c,Greg L. Indruk,person,,ocd-person/b5b2c27f-4abf-49d3-a002-11f9070a6de5,ocd-bill/0c31ff73-49ae-4cd9-85e1-d3a8c3d331da,False,cosponsor
bfa1cfa5-fb41-4d41-a431-0b27421c61f4,Tom Sherman,person,,ocd-person/ee95d0de-e55e-4733-ba97-0fde66adf65c,ocd-bill/0c31ff73-49ae-4cd9-85e1-d3a8c3d331da,False,cosponsor
6eb3498e-8a48-4789-9012-4c4667246fce,Kevin Cavanaugh,person,,ocd-person/7fb2bb33-cbdb-4dfd-9369-64f19f179777,ocd-bill/0c31ff73-49ae-4cd9-85e1-d3a8c3d331da,False,cosponsor
2135de37-a96e-4601-b966-9575dabc9f01,Jay Kahn,person,,ocd-person/998e681b-6df1-4b4a-92db-7a2187cedcd8,ocd-bill/0c31ff73-49ae-4cd9-85e1-d3a8c3d331da,False,cosponsor
ba78fa89-1750-4f96-8fd8-330326c0b046,James P. Gray,person,,ocd-person/e6443187-eb51-42eb-8bd7-349ed0ba9641,ocd-bill/0c31ff73-49ae-4cd9-85e1-d3a8c3d331da,False,cosponsor
88cb1ba1-bfe3-47f8-b4ba-ca9d46d8943f,Martha S. Hennessey,person,,ocd-person/f2700034-7f3d-4834-bb66-b848a7ca748a,ocd-bill/0c31ff73-49ae-4cd9-85e1-d3a8c3d331da,False,cosponsor
d0e2a4fb-2d3c-4f1f-afc9-b17ea843f929,Jerry L. Knirk,person,,ocd-person/ce0bd184-d264-46d8-87fc-f2590e2a1ed1,ocd-bill/0c31ff73-49ae-4cd9-85e1-d3a8c3d331da,False,cosponsor
2bc6c499-bb33-4a40-a4b7-6880ba0e38f9,William M. Marsh,person,,ocd-person/22006937-f2ca-4a2e-b92a-457777933dc7,ocd-bill/0c31ff73-49ae-4cd9-85e1-d3a8c3d331da,False,cosponsor
10e20807-0458-436c-ab7f-cca75e5df339,David H Watters,person,,ocd-person/cf24defe-6df3-49f3-88ca-c6774b144f19,ocd-bill/0c31ff73-49ae-4cd9-85e1-d3a8c3d331da,False,cosponsor
9a16523a-3779-4544-8ec9-085a33c2bda4,Jeb Bradley,person,,ocd-person/3f5455e8-256e-4442-9c13-bc14f62ce76f,ocd-bill/0c31ff73-49ae-4cd9-85e1-d3a8c3d331da,False,cosponsor
ec080614-60e8-4347-9d7d-5b2a7f551045,Martha Fuller Clark,person,,ocd-person/823e56cb-5c51-4a09-b060-93cdb7f7ac25,ocd-bill/0c31ff73-49ae-4cd9-85e1-d3a8c3d331da,False,cosponsor
21f22b8f-3362-433b-8c2b-88fb7f986e61,Gregory G. Hill,person,,ocd-person/852df922-484b-412f-a604-c2d67efee5ec,ocd-bill/e8b81b3d-362f-4d7c-97ac-c77e5f8fd942,False,cosponsor
208502f1-39ca-435a-96ee-964ab98ed08b,Glenn Cordelli,person,,ocd-person/c8aa2951-dea0-4999-9b6a-6323d9917e0b,ocd-bill/e8b81b3d-362f-4d7c-97ac-c77e5f8fd942,False,cosponsor
34791284-c4ec-4a6c-9051-4b1c0ad8719c,Carol M. McGuire,person,,ocd-person/ae3d6133-98b5-444e-b95e-2edc2f5302dc,ocd-bill/e8b81b3d-362f-4d7c-97ac-c77e5f8fd942,True,primary
ce50249e-8c39-4c06-926f-fd57b2f35f00,Rick M. Ladd,person,,ocd-person/1bd6c569-f2dd-4670-bf82-ef3ea4b15960,ocd-bill/e8b81b3d-362f-4d7c-97ac-c77e5f8fd942,False,cosponsor
869c46fe-4d8c-4733-bae3-c41db0f0b0fe,David H Watters,person,,ocd-person/cf24defe-6df3-49f3-88ca-c6774b144f19,ocd-bill/e8b81b3d-362f-4d7c-97ac-c77e5f8fd942,False,cosponsor
33749ce3-a565-4da1-ba02-64c1ee9df7be,Kristina M. Fargo,person,,ocd-person/c7e2f9aa-ff57-4a2e-9253-3bb9cf528c17,ocd-bill/fcfa24b1-6ede-4dcb-9b8d-c2ee75dca0f0,False,cosponsor
63a1ad87-3ec6-4c4e-afc1-8e6bd249528c,Willis T. Griffith,person,,ocd-person/db50036f-5c7f-4cec-a250-3be2e3ca394c,ocd-bill/fcfa24b1-6ede-4dcb-9b8d-c2ee75dca0f0,False,cosponsor
d51ab9cd-e9b7-4b68-afb8-4f26b0ecbdbd,Mark A. Pearson,person,,,ocd-bill/fcfa24b1-6ede-4dcb-9b8d-c2ee75dca0f0,False,cosponsor
dd1bc3d1-162a-431f-9cf9-b53a5fadfa56,Sherry A. Frost,person,,ocd-person/62916f8e-e193-463d-9dcc-f35f60d836db,ocd-bill/fcfa24b1-6ede-4dcb-9b8d-c2ee75dca0f0,False,cosponsor
c41cda66-a7c6-4ee6-9588-c5ee159e3d66,Ellen D. Read,person,,ocd-person/77304532-17fb-4b2c-aed6-213a435e4a46,ocd-bill/fcfa24b1-6ede-4dcb-9b8d-c2ee75dca0f0,False,cosponsor
e3c63d12-a02b-4783-8ee3-edbf96672412,Constance Van Houten,person,,ocd-person/5e54c6e7-01cb-42c8-b3ed-8137e6c995fd,ocd-bill/fcfa24b1-6ede-4dcb-9b8d-c2ee75dca0f0,True,primary
ac87f368-a046-47a0-a377-155669087772,Rebecca Susan McBeath,person,,ocd-person/e38b81bb-9bf6-4ace-bc4e-898732105d5d,ocd-bill/fcfa24b1-6ede-4dcb-9b8d-c2ee75dca0f0,False,cosponsor
69b2f473-436c-41fc-93ff-3fa8dc68c1e7,Kenneth S. Vincent,person,,ocd-person/84b0eb59-b35d-4f30-aa55-b5cd6e7f495b,ocd-bill/72ab9b88-aa3b-43a8-8634-53ba5e07840e,False,cosponsor
8b18e310-fccb-4aca-8c33-a6966984d49f,Ellen D. Read,person,,ocd-person/77304532-17fb-4b2c-aed6-213a435e4a46,ocd-bill/72ab9b88-aa3b-43a8-8634-53ba5e07840e,True,primary
2ef27a7e-d8e7-4055-862e-367f0f426dae,Charlotte I. DiLorenzo,person,,ocd-person/75a682ff-407d-4192-858d-9ce6a979c400,ocd-bill/72ab9b88-aa3b-43a8-8634-53ba5e07840e,False,cosponsor
38d7aa30-5d44-4b93-8369-2ea98fe7aa87,James A. Spillane,person,,ocd-person/2520dc46-648c-44d0-ba1f-fe09b17a9d8b,ocd-bill/72ab9b88-aa3b-43a8-8634-53ba5e07840e,False,cosponsor
9d4f9d28-593a-4a27-aa15-b76b7e2542a3,Werner D. Horn,person,,ocd-person/ab3fb5b5-85fb-441d-8b4f-09d52722175b,ocd-bill/72ab9b88-aa3b-43a8-8634-53ba5e07840e,False,cosponsor
59de721e-5e80-4c74-a431-3a95a89b04b0,Michael D. Cahill,person,,ocd-person/facb5409-244f-4381-8452-e6a1078bb1c5,ocd-bill/72ab9b88-aa3b-43a8-8634-53ba5e07840e,False,cosponsor
80abce4f-26ed-4905-b5be-fcf0bd238a68,Jon Morgan,person,,ocd-person/f169c82a-7120-4d67-85d4-d5ff21cd44ef,ocd-bill/6b9fbc81-c345-4c84-ad12-73f917c40430,False,cosponsor
fccc3ffd-ad90-4899-88ce-7e2f9f77c87d,Harold F. French,person,,ocd-person/ff11da65-174b-4fdc-b33c-e5d6d56602f0,ocd-bill/6b9fbc81-c345-4c84-ad12-73f917c40430,True,primary
cbbc6f5d-20f1-4704-9f56-9cfbc892e4eb,Christy D. Bartlett,person,,ocd-person/59afcf2a-d688-4495-a53d-b10faeffd222,ocd-bill/6b9fbc81-c345-4c84-ad12-73f917c40430,False,cosponsor
37ef91f6-87fb-4668-8e67-e294f7aaee15,John B. Hunt,person,,ocd-person/35c51630-9b9c-411a-9b98-0842cb6093df,ocd-bill/6b9fbc81-c345-4c84-ad12-73f917c40430,False,cosponsor
e648d136-72a4-4177-a3d5-d64d0daba744,Ray E. Newman,person,,ocd-person/f68b34d8-19af-449e-a4cc-3d2729bb9e23,ocd-bill/98f74326-08c8-42b1-a377-00ee01214897,False,cosponsor
2c19a40d-f955-42b3-86e7-89b4cf29892f,Nicole Klein-Knight,person,,ocd-person/f91f87c5-d22a-48b7-ac4a-c2519d086ec7,ocd-bill/98f74326-08c8-42b1-a377-00ee01214897,True,primary
7f95b248-d862-446c-af72-5f95e7535e57,Donald J. Bouchard,person,,ocd-person/74ae3ef0-c1f3-48ce-a5a6-c9bc4661bf08,ocd-bill/98f74326-08c8-42b1-a377-00ee01214897,False,cosponsor
5ab0d608-a91d-4cfd-8b49-b8e18ce64b91,Harold F. French,person,,ocd-person/ff11da65-174b-4fdc-b33c-e5d6d56602f0,ocd-bill/98f74326-08c8-42b1-a377-00ee01214897,False,cosponsor
bf7b715d-c2ad-48aa-9db5-519613b8d083,David A. Welch,person,,ocd-person/b8201b25-9bdd-45d3-819d-5bae4c670ad0,ocd-bill/98f74326-08c8-42b1-a377-00ee01214897,False,cosponsor
ace44d6d-3cb2-4a29-b816-1e19c6526faf,Regina Birdsell,person,,ocd-person/461c9024-c8c3-44a5-91d6-015a6587db5f,ocd-bill/98f74326-08c8-42b1-a377-00ee01214897,False,cosponsor
f30caffb-c8c5-435d-8d4f-e621c893ef54,Christopher J. Herbert,person,,ocd-person/7eb393f4-db93-4fbd-95bc-3491d9a6ca93,ocd-bill/98f74326-08c8-42b1-a377-00ee01214897,False,cosponsor
2285fe7c-5581-499a-8f6f-6b1655424282,Cam E. Kenney,person,,ocd-person/9f35ea7b-b937-4b06-8be5-5cfbc83381e1,ocd-bill/71ac8d90-eeca-44d8-81a2-18117c8159c1,False,cosponsor
46cee079-2369-4f0e-b327-5ec79881c20b,Charlie G. St. Clair,person,,ocd-person/643751f4-6db0-4021-bf76-b8f2483d640d,ocd-bill/71ac8d90-eeca-44d8-81a2-18117c8159c1,False,cosponsor
d2e3330c-d77f-48a2-aaac-48a4d76de459,Joshua Adjutant,person,,ocd-person/89424628-1e61-44aa-9090-4dfdb3cddca8,ocd-bill/71ac8d90-eeca-44d8-81a2-18117c8159c1,True,primary
e3a6a290-613f-4d2c-846d-738be8da1f09,Melanie Levesque,person,,ocd-person/282926cd-63f0-4ac4-ad16-5e96eb1c4e0b,ocd-bill/f6a6ad4c-d8b1-4d62-ac44-0ad83515b328,True,primary
4d959783-1a39-4c4d-90d8-45e6ae84baf0,Shannon E Chandley,person,,,ocd-bill/f6a6ad4c-d8b1-4d62-ac44-0ad83515b328,False,cosponsor
9523b388-59dc-46bc-901e-1c26d360f81a,James P. Gray,person,,ocd-person/e6443187-eb51-42eb-8bd7-349ed0ba9641,ocd-bill/f6a6ad4c-d8b1-4d62-ac44-0ad83515b328,False,cosponsor
c288d4b4-aede-4213-8781-735b0c8a6083,Melanie Levesque,person,,ocd-person/282926cd-63f0-4ac4-ad16-5e96eb1c4e0b,ocd-bill/3c0a1530-1e5b-4130-867c-3985a09f4852,False,cosponsor
33d0f6ec-3494-4f68-b966-a5f8fee81b12,Paul R. Bergeron,person,,ocd-person/f25c32da-1d67-477b-8e39-ba2adc128a26,ocd-bill/3c0a1530-1e5b-4130-867c-3985a09f4852,True,primary
6861da5e-87e8-4e0c-86cb-da2a35c3c676,Sherry A. Frost,person,,ocd-person/62916f8e-e193-463d-9dcc-f35f60d836db,ocd-bill/3c0a1530-1e5b-4130-867c-3985a09f4852,False,cosponsor
18d6c296-93fc-4155-9511-2705d45160d5,William A. Pearson,person,,ocd-person/7781641c-b716-4a21-ba1a-f29f6c928f2e,ocd-bill/3c0a1530-1e5b-4130-867c-3985a09f4852,False,cosponsor
1d198853-0646-42f4-b4b8-8120f540fa1b,Terry Roy,person,,ocd-person/6d43b165-fda9-4918-a2b7-ad66940062a0,ocd-bill/0b4249db-9ab0-439b-945c-e65b3c265d0d,False,cosponsor
91e75049-a770-4f92-afa8-349828d951b2,Alan Bershtein,person,,ocd-person/bfa03ae8-d0ad-4105-b759-f9ed465a024c,ocd-bill/0b4249db-9ab0-439b-945c-e65b3c265d0d,False,cosponsor
5111d14e-47d4-4483-badd-18e0507dfe59,Kevin Verville,person,,ocd-person/9d10ccec-b571-4eea-b025-9ed7634b6516,ocd-bill/0b4249db-9ab0-439b-945c-e65b3c265d0d,True,primary
02ae399f-ab5b-4d06-a779-81133aafd710,James A. Spillane,person,,ocd-person/2520dc46-648c-44d0-ba1f-fe09b17a9d8b,ocd-bill/0b4249db-9ab0-439b-945c-e65b3c265d0d,False,cosponsor
f908f6e2-1d98-438b-8645-177520154200,John Reagan,person,,ocd-person/f516d40a-3676-4437-8285-a931d7c2885b,ocd-bill/0b4249db-9ab0-439b-945c-e65b3c265d0d,False,cosponsor
bf273b51-96a5-4784-8543-eb92d2ebb0f0,Chris Balch,person,,ocd-person/e9d39bb0-9ff6-4083-b8fd-1455609b3033,ocd-bill/3be0312e-d9f1-47dc-8ce9-dd76be728f46,True,primary
e9af2913-6dd7-4b7b-b211-95c2a174b44b,Kristina M. Schultz,person,,ocd-person/8698b473-ea4e-4126-8766-a2b5b5878702,ocd-bill/3be0312e-d9f1-47dc-8ce9-dd76be728f46,False,cosponsor
ad0fbb7a-d6a4-4097-b3f3-42eb1be53f17,Kat McGhee,person,,ocd-person/4c8bec8a-e86d-4316-8b2e-2f8c4157cae5,ocd-bill/3be0312e-d9f1-47dc-8ce9-dd76be728f46,False,cosponsor
694baedd-6bc8-41da-a183-65756a99badd,Lee Walker Oxenham,person,,ocd-person/f3fb87b7-7fb5-432a-9fb2-bd15170f1275,ocd-bill/3be0312e-d9f1-47dc-8ce9-dd76be728f46,False,cosponsor
495e7ab2-13f2-4cc2-9881-3c15109e0e74,John E. Mann,person,,ocd-person/a8024476-bf44-4932-b6eb-e1f6af0a2298,ocd-bill/3be0312e-d9f1-47dc-8ce9-dd76be728f46,False,cosponsor
4d23f3ef-8ea8-4768-a7a0-ce5bf4f58fda,Wendy Chase,person,,ocd-person/c24da601-15f1-482c-a234-f8443056c77a,ocd-bill/6cc9ff98-a239-4883-944c-ab116a02410b,False,cosponsor
ab3d1cf0-4f7c-4a4f-b81a-c6f1254adfca,Cam E. Kenney,person,,ocd-person/9f35ea7b-b937-4b06-8be5-5cfbc83381e1,ocd-bill/6cc9ff98-a239-4883-944c-ab116a02410b,False,cosponsor
ed8ae245-b4ba-4bb4-af78-1b079580a9c8,Wendy E.N. Thomas,person,,ocd-person/2375b05c-cf9a-4f1b-a4b0-194fac6d86bf,ocd-bill/6cc9ff98-a239-4883-944c-ab116a02410b,True,primary
fc29233a-9066-4ad8-b3a1-3fb6d5b2ee7a,Kathryn Stack,person,,ocd-person/ca4638d0-559a-4364-8de0-88f23d35d5a0,ocd-bill/6cc9ff98-a239-4883-944c-ab116a02410b,False,cosponsor
47dc436f-4ff5-4efe-8e37-7812ba251623,Casey M. Conley,person,,ocd-person/3290a4d4-7403-45f8-adc4-4e26e0fefa09,ocd-bill/6cc9ff98-a239-4883-944c-ab116a02410b,False,cosponsor
261a2148-d1c0-41b2-b915-52f72feb9dd1,Edith M. DesMarais,person,,ocd-person/a6f267a6-78c6-4272-9378-8afe705c350d,ocd-bill/6cc9ff98-a239-4883-944c-ab116a02410b,False,cosponsor
6d1066d7-610c-4133-8603-a9d04c492ee1,Timothy Josephson,person,,ocd-person/62149ad2-7d4c-42b6-be2b-281618dd7c97,ocd-bill/6cc9ff98-a239-4883-944c-ab116a02410b,False,cosponsor
b11ad404-6c7b-47fd-87fa-ee197c1e279e,Suzanne M. Vail,person,,ocd-person/ce985799-268d-4190-b078-955fc63a8c3c,ocd-bill/6cc9ff98-a239-4883-944c-ab116a02410b,False,cosponsor
2c291c11-6125-4517-8fb3-15847519d3a6,Judy F. Aron,person,,ocd-person/533fb85c-c4f0-41f3-9bc6-8b1c422a9693,ocd-bill/1df63e81-1884-446f-8923-040a3447992b,False,cosponsor
089c0143-8198-4565-830a-d5191baac99e,Linda Rea Camarota,person,,ocd-person/d9a8cfe4-51bc-4af8-9419-4ceb57496028,ocd-bill/1df63e81-1884-446f-8923-040a3447992b,False,cosponsor
89b1b197-b4eb-4a47-87e5-61d9fcaae7ab,Alicia D. Lekas,person,,ocd-person/50bcd6fc-7d60-4595-811c-213e18faf326,ocd-bill/1df63e81-1884-446f-8923-040a3447992b,False,cosponsor
f03a175c-59e4-48ac-b8e3-88eb04fa5105,Mark A. Pearson,person,,,ocd-bill/1df63e81-1884-446f-8923-040a3447992b,True,primary
5a50b0bf-c327-4b4a-a0f1-aebfe25bf1c4,Ruth Ward,person,,ocd-person/9089a509-1f26-4770-adc6-199ed716e692,ocd-bill/1df63e81-1884-446f-8923-040a3447992b,False,cosponsor
fbf57a0b-0c91-4fe6-a176-d56cd3e949b4,Regina Birdsell,person,,ocd-person/461c9024-c8c3-44a5-91d6-015a6587db5f,ocd-bill/1df63e81-1884-446f-8923-040a3447992b,False,cosponsor
c0c1ac60-f622-4478-a33c-0562ab9c2e9a,Katherine J. Prudhomme-O'Brien,person,,,ocd-bill/1df63e81-1884-446f-8923-040a3447992b,False,cosponsor
0e5b7012-4b19-4d2f-be6d-738597246106,Kimberly A. Rice,person,,ocd-person/85b7ca6d-3fd7-4e97-bfe0-effe223121f7,ocd-bill/1df63e81-1884-446f-8923-040a3447992b,False,cosponsor
65d2bbd3-55ca-42c9-b2aa-65281965cb7a,Linda R. Gould,person,,ocd-person/40ae4adb-2124-47ca-82b5-9eee794af4a2,ocd-bill/1df63e81-1884-446f-8923-040a3447992b,False,cosponsor
8c6a9fb2-948b-49dd-a23c-46fa1ead4c0a,Jeanine M. Notter,person,,ocd-person/84f79859-fef0-441d-80bb-5edeafc70e78,ocd-bill/1df63e81-1884-446f-8923-040a3447992b,False,cosponsor
9c75d445-704a-4d91-baca-e621b9fc2cc4,Kathleen M. Hoelzel,person,,ocd-person/a65ebf32-6e66-423f-89cd-12fad046acbb,ocd-bill/1df63e81-1884-446f-8923-040a3447992b,False,cosponsor
9272454c-419f-40a5-8a0e-23e913485ddb,Melanie Levesque,person,,ocd-person/282926cd-63f0-4ac4-ad16-5e96eb1c4e0b,ocd-bill/e0532bf9-349c-4135-8ccb-11564ebe8104,False,cosponsor
f90c948a-ebe1-4014-bfc4-499015214039,Liz A. McConnell,person,,ocd-person/7f652a56-cb6d-48f9-a3cd-c8b8fccd7077,ocd-bill/e0532bf9-349c-4135-8ccb-11564ebe8104,False,cosponsor
be85f1a0-42e6-4eb0-a826-5a62a1f35079,Regina Birdsell,person,,ocd-person/461c9024-c8c3-44a5-91d6-015a6587db5f,ocd-bill/e0532bf9-349c-4135-8ccb-11564ebe8104,False,cosponsor
69fb0f4b-fadb-433d-8f83-0cdb0cd6ed23,Cindy Rosenwald,person,,ocd-person/f3e949ce-6d98-4826-bbca-08039cea4ea4,ocd-bill/6863e9d0-26f8-4200-abac-bf124fafe3e9,True,primary
3a707d4a-5fa7-4ee7-9abb-0c93352b1033,Tom Sherman,person,,ocd-person/ee95d0de-e55e-4733-ba97-0fde66adf65c,ocd-bill/6863e9d0-26f8-4200-abac-bf124fafe3e9,False,cosponsor
99e5b0a8-d8d7-494f-b7a3-0d99b662f484,Kevin Cavanaugh,person,,ocd-person/7fb2bb33-cbdb-4dfd-9369-64f19f179777,ocd-bill/6863e9d0-26f8-4200-abac-bf124fafe3e9,False,cosponsor
74e35752-a567-4d8a-8209-7f49281e2a61,Jay Kahn,person,,ocd-person/998e681b-6df1-4b4a-92db-7a2187cedcd8,ocd-bill/6863e9d0-26f8-4200-abac-bf124fafe3e9,False,cosponsor
e5c9b963-2f63-47d4-8d46-30f6e9576cce,Martha S. Hennessey,person,,ocd-person/f2700034-7f3d-4834-bb66-b848a7ca748a,ocd-bill/6863e9d0-26f8-4200-abac-bf124fafe3e9,False,cosponsor
4619dd45-7648-4eef-bc08-8d0e20157731,Joelle Martin,person,,ocd-person/ed48590f-6af4-4e9f-99d6-16227870b44f,ocd-bill/6863e9d0-26f8-4200-abac-bf124fafe3e9,False,cosponsor
68b98f06-3628-4592-ab82-d79f0d65bfe2,Walter A. Stapleton,person,,ocd-person/74efcb71-c62c-4388-b9ad-69f779b0c33e,ocd-bill/6863e9d0-26f8-4200-abac-bf124fafe3e9,False,cosponsor
5556147b-91c7-4db8-863c-d5a1f8a91303,Dan Feltes,person,,ocd-person/e97501d7-4bef-403f-8d48-9fcecc980cf5,ocd-bill/6863e9d0-26f8-4200-abac-bf124fafe3e9,False,cosponsor
5f034c05-73f7-4fb3-8e50-7253f7478843,Erin T. Hennessey,person,,ocd-person/91d16c36-2236-4bef-8009-004bd036c22a,ocd-bill/6863e9d0-26f8-4200-abac-bf124fafe3e9,False,cosponsor
ede1d663-bab4-44a3-b2b0-e56af874f7f2,John R. Cloutier,person,,ocd-person/d3dab509-1268-4b4f-b363-98932002bf2e,ocd-bill/6863e9d0-26f8-4200-abac-bf124fafe3e9,False,cosponsor
f4dd5efd-5fb5-46fd-97be-8775a2ad84be,Mary Jane Wallner,person,,ocd-person/0e6f806c-ba57-4dc6-b6b4-f2a926288ca3,ocd-bill/6863e9d0-26f8-4200-abac-bf124fafe3e9,False,cosponsor
277d0da9-ed17-4481-afd1-4ee790d4be4c,Donna M. Soucy,person,,ocd-person/bfbbacfd-e12a-4e07-970e-c2c2c006f4a2,ocd-bill/6863e9d0-26f8-4200-abac-bf124fafe3e9,False,cosponsor
e835b279-2314-4968-95a9-b5037db90fec,Martha Fuller Clark,person,,ocd-person/823e56cb-5c51-4a09-b060-93cdb7f7ac25,ocd-bill/6863e9d0-26f8-4200-abac-bf124fafe3e9,False,cosponsor
75ab47b5-591e-4d7c-94b9-251474b86851,Lou D'Allesandro,person,,ocd-person/87c48788-817d-408b-a1e1-ebe1c9fd893d,ocd-bill/6863e9d0-26f8-4200-abac-bf124fafe3e9,False,cosponsor
7c6116d2-45c7-48b4-9fe3-b1458e88dd29,Terry Roy,person,,ocd-person/6d43b165-fda9-4918-a2b7-ad66940062a0,ocd-bill/9057a8b1-7aaf-46e4-8b69-d228ea6f2944,True,primary
bdd5fe0c-e8c3-46ea-b0c6-d28779b2a70f,Mark L. Proulx,person,,ocd-person/6e417129-7cec-4f81-b390-3c1ef0d7deab,ocd-bill/2f75c5c9-3ce3-457f-b588-a6ed75ae687c,True,primary
c85b4650-adcc-442c-890c-b22ed2eda515,Kat McGhee,person,,ocd-person/4c8bec8a-e86d-4316-8b2e-2f8c4157cae5,ocd-bill/ef31a0d5-c5b2-499f-b390-dd0f019b3139,False,cosponsor
ee905fd5-08d7-4ef9-b8d0-7f4e58eac338,Robert A. Backus,person,,ocd-person/957f04df-63d1-4b88-b876-436a9cd17248,ocd-bill/ef31a0d5-c5b2-499f-b390-dd0f019b3139,False,cosponsor
0211365b-5b2b-45e7-a5ca-fa7862e62377,Jeb Bradley,person,,ocd-person/3f5455e8-256e-4442-9c13-bc14f62ce76f,ocd-bill/ef31a0d5-c5b2-499f-b390-dd0f019b3139,False,cosponsor
9fe834d3-9e6b-4598-8162-303df0455af3,Martha Fuller Clark,person,,ocd-person/823e56cb-5c51-4a09-b060-93cdb7f7ac25,ocd-bill/ef31a0d5-c5b2-499f-b390-dd0f019b3139,True,primary
f3c52917-6a90-4441-b319-a8c5245ee9bf,Sue M. Mullen,person,,ocd-person/07c19313-fcb0-476b-b240-e299c55888f7,ocd-bill/f62098dd-c740-4463-896b-67e4329ed30d,False,cosponsor
d744927f-f1b9-4a16-914b-65c44a8f697d,Patricia J. Bushway,person,,ocd-person/a10abdb8-c143-498c-8b8a-1e6836699d7b,ocd-bill/f62098dd-c740-4463-896b-67e4329ed30d,False,cosponsor
b5c477d6-bbce-466a-92d6-5ca799ef3514,Wendy E.N. Thomas,person,,ocd-person/2375b05c-cf9a-4f1b-a4b0-194fac6d86bf,ocd-bill/f62098dd-c740-4463-896b-67e4329ed30d,False,cosponsor
851bda28-245d-40ff-a93d-4bf28ecf6aab,Mary A. Eisner,person,,ocd-person/a9ac3600-6a7f-4d8c-ba5f-a20b3dfba0e6,ocd-bill/f62098dd-c740-4463-896b-67e4329ed30d,True,primary
1182ae8c-c9df-4dd0-b1d2-4e3f5e1a48f2,Skip Berrien,person,,ocd-person/c955f3c4-4732-42c2-8615-bc103ee8e0d8,ocd-bill/f62098dd-c740-4463-896b-67e4329ed30d,False,cosponsor
d8550349-aa87-4567-a3fd-178849999eb1,Shannon E Chandley,person,,,ocd-bill/8c95b510-a220-4548-a366-544acca1e5ec,False,cosponsor
0568ecdc-2e0f-4775-b0cb-146a09036689,Matthew B. Wilhelm,person,,ocd-person/61d2e8f3-f2b9-4357-81af-fe982ee1821f,ocd-bill/8c95b510-a220-4548-a366-544acca1e5ec,False,cosponsor
0c9d9b83-d33d-4867-be18-8bd3083087f0,Jay Kahn,person,,ocd-person/998e681b-6df1-4b4a-92db-7a2187cedcd8,ocd-bill/8c95b510-a220-4548-a366-544acca1e5ec,False,cosponsor
f9cfad1e-e4e0-4f11-b5ac-cfd4ef55cd77,David J. Danielson,person,,ocd-person/62c43933-5aea-4a05-9ac8-f26c688b2367,ocd-bill/8c95b510-a220-4548-a366-544acca1e5ec,False,cosponsor
69bb5254-a68e-4bf2-ba8e-3b29474eea37,Martha Fuller Clark,person,,ocd-person/823e56cb-5c51-4a09-b060-93cdb7f7ac25,ocd-bill/8c95b510-a220-4548-a366-544acca1e5ec,True,primary
7d965ec7-82da-47af-bd2b-4994ab036cd1,John M. Potucek,person,,ocd-person/433c67d6-bfdc-410e-87e2-463c93d55a17,ocd-bill/a79883ab-7524-4c60-80fc-337807f94331,False,cosponsor
554ba510-37a4-473e-a262-d48d6dac1f89,Gary S. Hopper,person,,ocd-person/eeb7038b-aad5-45cc-9abe-57fa0757c41b,ocd-bill/a79883ab-7524-4c60-80fc-337807f94331,True,primary
d12b3c4c-09d4-433c-9278-e5615844dcbc,Cindy Rosenwald,person,,ocd-person/f3e949ce-6d98-4826-bbca-08039cea4ea4,ocd-bill/eecc3922-7f7e-49c9-9750-34060702c39d,True,primary
a73ce196-025c-4b6a-b1b0-aa5d5ab6a098,Melanie Levesque,person,,ocd-person/282926cd-63f0-4ac4-ad16-5e96eb1c4e0b,ocd-bill/eecc3922-7f7e-49c9-9750-34060702c39d,False,cosponsor
c1a93645-34bc-44f5-9d5a-c641959599fc,Paul R. Bergeron,person,,ocd-person/f25c32da-1d67-477b-8e39-ba2adc128a26,ocd-bill/eecc3922-7f7e-49c9-9750-34060702c39d,False,cosponsor
075b9e77-53c2-49c5-bda2-7258a5c9cbae,Michael B. O'Brien,person,,ocd-person/e15e323b-2d85-4272-9f1e-13d12b8c82f4,ocd-bill/eecc3922-7f7e-49c9-9750-34060702c39d,False,cosponsor
879689e7-f7f7-40eb-a4bc-78f9fc2d9e14,David E. Cote,person,,ocd-person/fc07140c-ea9f-4f3f-9a44-17e7dcfc0b4b,ocd-bill/eecc3922-7f7e-49c9-9750-34060702c39d,False,cosponsor
7fca514e-a50b-421e-8aee-39b7f984bb77,Peter E. Torosian,person,,ocd-person/45e36880-19af-4f3f-89d4-624946625e7f,ocd-bill/9ce2f0cb-7a3f-43bf-b00f-479f0b6a9e2a,True,primary
532f6aa6-587a-4a43-807a-ebee9d8b81ec,John C. Janigian,person,,ocd-person/4c4f4974-0202-43a0-9aba-f41d0f99603a,ocd-bill/9ce2f0cb-7a3f-43bf-b00f-479f0b6a9e2a,False,cosponsor
ce7d5014-4c62-4e92-8648-dd77933744d6,Chris True,person,,ocd-person/9debae73-c678-420c-a515-c7381e304d1c,ocd-bill/9ce2f0cb-7a3f-43bf-b00f-479f0b6a9e2a,False,cosponsor
45033d36-acaf-4a9b-b99a-a18c8d91ae68,Brian M. Sullivan,person,,ocd-person/4c78e7fc-43a2-467b-abe3-6ba04ad8853e,ocd-bill/d0b96172-9645-43f1-bf26-edee6117db2a,True,primary
98ca4b54-4271-497b-aa3e-1d3b23ddd068,Kristina M. Schultz,person,,ocd-person/8698b473-ea4e-4126-8766-a2b5b5878702,ocd-bill/d0b96172-9645-43f1-bf26-edee6117db2a,False,cosponsor
8e6cee88-3c7e-447c-93bf-c764987fd753,Troy E. Merner,person,,ocd-person/729664f2-12c4-4c70-82a5-fee852813a0c,ocd-bill/d0b96172-9645-43f1-bf26-edee6117db2a,False,cosponsor
0db726f6-2839-4975-884a-43412d86c528,Mel Myler,person,,ocd-person/8c5f7a02-e92b-4f64-b698-c178b8fd23bb,ocd-bill/d0b96172-9645-43f1-bf26-edee6117db2a,False,cosponsor
1aea7028-c78c-430b-9ae0-3458a8f6604d,Dianne E. Schuett,person,,ocd-person/62ff0476-f4e6-411f-a58e-2e7963cde2ab,ocd-bill/d0b96172-9645-43f1-bf26-edee6117db2a,False,cosponsor
e30acd26-4c39-4ae1-80a1-027c670b7db4,Patrick T. Long,person,,ocd-person/14d0ff58-3340-4344-bb79-c6acd5f8ba6c,ocd-bill/d0b96172-9645-43f1-bf26-edee6117db2a,False,cosponsor
3f24f5a1-c317-4dba-9905-2043e571e7fd,Cassandra N. Levesque,person,,ocd-person/711423e3-ff28-4150-8a89-ec568a4f2c5d,ocd-bill/6b4d6ca5-cde0-42ba-a884-c6de69997d3c,False,cosponsor
6e7dfdee-4107-4c72-8e27-d8da6599e8c7,Skip J. Cleaver,person,,ocd-person/6edff50b-8390-4046-a376-214136ea64d9,ocd-bill/6b4d6ca5-cde0-42ba-a884-c6de69997d3c,False,cosponsor
c85cfa06-cd5a-48ff-a8b6-580ee15d4b29,Peter B. Schmidt,person,,ocd-person/16654889-3b48-44d6-a6d3-8da5d7a434f1,ocd-bill/6b4d6ca5-cde0-42ba-a884-c6de69997d3c,True,primary
4ea0c3fd-e46c-462e-911f-fc3f57a53e67,Jason A. Janvrin,person,,ocd-person/5411c21d-e8ee-4300-a79b-1a688e01c481,ocd-bill/855af577-12b9-449c-9e61-bb488a5612f4,False,cosponsor
7cf15d6c-feb4-4de8-9632-0277f0a90258,Michael A. Edgar,person,,ocd-person/0f78413a-b328-4856-ab48-21a5d4d614c0,ocd-bill/855af577-12b9-449c-9e61-bb488a5612f4,False,cosponsor
9a099e06-28a3-4d33-81f9-5aa4006aa9e9,Edward A. Butler,person,,ocd-person/fd79da58-6089-4580-bef2-ad03fc7e6bde,ocd-bill/855af577-12b9-449c-9e61-bb488a5612f4,False,cosponsor
1682faa4-e858-46eb-9f00-2854e5d145ad,Robert Renny Cushing,person,,ocd-person/cdb3279c-243a-4ca0-8e83-fcb10a975736,ocd-bill/855af577-12b9-449c-9e61-bb488a5612f4,True,primary
a3948fb9-62f5-4c2a-a88f-9ef9b60e864c,David C. Love,person,,ocd-person/1c956ef6-b705-4e9d-af0c-f66d6f44591e,ocd-bill/660b736d-aabd-497e-a71e-b800e6901bfb,False,cosponsor
f0686393-bb96-4c9d-ae84-d8598e423257,Regina Birdsell,person,,ocd-person/461c9024-c8c3-44a5-91d6-015a6587db5f,ocd-bill/660b736d-aabd-497e-a71e-b800e6901bfb,False,cosponsor
8946ee1b-683a-4f82-a490-993cebacf490,John M. Potucek,person,,ocd-person/433c67d6-bfdc-410e-87e2-463c93d55a17,ocd-bill/660b736d-aabd-497e-a71e-b800e6901bfb,True,primary
0f83ce93-bfbd-4fc3-8215-888a12aefc9a,Harold F. French,person,,ocd-person/ff11da65-174b-4fdc-b33c-e5d6d56602f0,ocd-bill/78551f34-a333-4958-927c-63bf5a86afe6,False,cosponsor
0853380d-3f58-4546-9d1d-ad0378127661,John B. Hunt,person,,ocd-person/35c51630-9b9c-411a-9b98-0842cb6093df,ocd-bill/78551f34-a333-4958-927c-63bf5a86afe6,True,primary
db6b81af-0175-471d-b5ab-9ae794a13a04,Harold F. French,person,,ocd-person/ff11da65-174b-4fdc-b33c-e5d6d56602f0,ocd-bill/2ebe9e0a-adb1-427d-b0db-a96ee26a4984,False,cosponsor
cd33c84d-00e8-4ebd-a309-2c8dfd2ce79f,Ruth Ward,person,,ocd-person/9089a509-1f26-4770-adc6-199ed716e692,ocd-bill/2ebe9e0a-adb1-427d-b0db-a96ee26a4984,False,cosponsor
46688512-201d-408e-b6f1-712a58ad58e9,Skip Berrien,person,,ocd-person/c955f3c4-4732-42c2-8615-bc103ee8e0d8,ocd-bill/2ebe9e0a-adb1-427d-b0db-a96ee26a4984,False,cosponsor
bd172029-b8e7-4536-b1ce-645b280671c1,Kimberly A. Rice,person,,ocd-person/85b7ca6d-3fd7-4e97-bfe0-effe223121f7,ocd-bill/2ebe9e0a-adb1-427d-b0db-a96ee26a4984,False,cosponsor
ba764294-b121-43b7-b19b-a38234c2866c,Marjorie K. Smith,person,,ocd-person/86b31d04-3a4b-4199-b10e-27bd337f0a34,ocd-bill/2ebe9e0a-adb1-427d-b0db-a96ee26a4984,False,cosponsor
306b57a4-f4f5-4992-a9e2-d3dae160de2c,Jeb Bradley,person,,ocd-person/3f5455e8-256e-4442-9c13-bc14f62ce76f,ocd-bill/2ebe9e0a-adb1-427d-b0db-a96ee26a4984,False,cosponsor
01aba6b8-a63b-40b1-ade2-57d8e924b0a3,Sharon M Carson,person,,ocd-person/00964fc0-dd57-44c3-87bf-b6d5bbc34560,ocd-bill/2ebe9e0a-adb1-427d-b0db-a96ee26a4984,True,primary
fc61bcc5-fc38-4526-bb01-f94f88837969,Nicole Klein-Knight,person,,ocd-person/f91f87c5-d22a-48b7-ac4a-c2519d086ec7,ocd-bill/f3699fae-2e01-4456-aa02-9f9ec747a8df,True,primary
567572ad-7209-46f2-8268-07e61d138e27,David H Watters,person,,ocd-person/cf24defe-6df3-49f3-88ca-c6774b144f19,ocd-bill/f3699fae-2e01-4456-aa02-9f9ec747a8df,False,cosponsor
57ffb52c-61a2-4fdb-aa99-f0361f166f8f,Lou D'Allesandro,person,,ocd-person/87c48788-817d-408b-a1e1-ebe1c9fd893d,ocd-bill/647da440-90e7-4c58-8c0b-bd3e8409138c,True,primary
4b34ba11-55af-40c0-9104-dc4ea845c244,Joelle Martin,person,,ocd-person/ed48590f-6af4-4e9f-99d6-16227870b44f,ocd-bill/397d2d46-d95e-4e38-85e0-b25bd9028e7b,False,cosponsor
53f07654-1d37-4e9f-809c-3379e7736c8b,Dan Feltes,person,,ocd-person/e97501d7-4bef-403f-8d48-9fcecc980cf5,ocd-bill/397d2d46-d95e-4e38-85e0-b25bd9028e7b,False,cosponsor
45f7f9ed-4c8d-4ee1-9455-13a179c1cf8f,Patrick F. Abrami,person,,ocd-person/0327f85d-1b5a-4218-a97f-f393a965d64b,ocd-bill/397d2d46-d95e-4e38-85e0-b25bd9028e7b,False,cosponsor
f07f32b0-a244-466b-903a-ab4fbc1ca9ec,Susan W. Almy,person,,ocd-person/e13283b4-defe-4f4e-8e67-4d89b8e3790c,ocd-bill/397d2d46-d95e-4e38-85e0-b25bd9028e7b,True,primary
55b9c1ce-85b9-40b7-9812-2a85d9f180b0,Norman L. Major,person,,ocd-person/f210808d-53ac-4e23-ade2-7bdb60a8e559,ocd-bill/397d2d46-d95e-4e38-85e0-b25bd9028e7b,False,cosponsor
8b3849f4-8fc2-47e9-b176-050a3430499b,Harold F. French,person,,ocd-person/ff11da65-174b-4fdc-b33c-e5d6d56602f0,ocd-bill/943eb544-dc27-4322-af85-6df495c38958,True,primary
78f55d07-88c3-41ff-a1d0-61afb961a79a,John R. Plumer,person,,ocd-person/867ccf71-9ca1-47cf-9c4f-0c5f715c412e,ocd-bill/943eb544-dc27-4322-af85-6df495c38958,False,cosponsor
b3a4e92e-e778-4dd2-a165-935a37d27fa0,Robert Renny Cushing,person,,ocd-person/cdb3279c-243a-4ca0-8e83-fcb10a975736,ocd-bill/00c91b39-5a7b-4acd-a477-9b201fe636ad,True,primary
03160161-1bed-49a0-b918-adc73a853e95,Gerri D. Cannon,person,,ocd-person/cd5b7056-d9eb-4fb1-93e3-6ba43408afa5,ocd-bill/0037817c-19ac-47ac-9153-20740df5a813,False,cosponsor
117b76e4-9fc6-4aee-aee8-c2d2bd119dec,Jaci L. Grote,person,,ocd-person/26f01212-5287-4735-aa1f-77e4f0d2acb6,ocd-bill/0037817c-19ac-47ac-9153-20740df5a813,True,primary
4a4e1ffe-15fb-449d-8e1f-901937aff3e0,Stephen L. Woodcock,person,,ocd-person/bdde38b3-3210-4b2d-890b-bbf2d2bf314a,ocd-bill/0037817c-19ac-47ac-9153-20740df5a813,False,cosponsor
8fb8bc15-5fb4-482b-8c9a-f3537c01d701,Tom Sherman,person,,ocd-person/ee95d0de-e55e-4733-ba97-0fde66adf65c,ocd-bill/0037817c-19ac-47ac-9153-20740df5a813,False,cosponsor
037e7b9b-ceb9-4c67-be05-c7ed706559c3,Kate R. Murray,person,,ocd-person/79bb2147-ea4b-4706-8b38-ee2309613ea0,ocd-bill/0037817c-19ac-47ac-9153-20740df5a813,False,cosponsor
e054324d-d434-406c-a7df-b4f931ae0aee,Tom Sherman,person,,ocd-person/ee95d0de-e55e-4733-ba97-0fde66adf65c,ocd-bill/6a583dd3-c60f-456a-8c14-ab6e54beccdb,False,cosponsor
097c9253-0b91-4840-b2fa-be8c519bfd84,William M. Marsh,person,,ocd-person/22006937-f2ca-4a2e-b92a-457777933dc7,ocd-bill/6a583dd3-c60f-456a-8c14-ab6e54beccdb,False,cosponsor
75492a31-76a9-4018-ba46-215fb76a6280,Dan Feltes,person,,ocd-person/e97501d7-4bef-403f-8d48-9fcecc980cf5,ocd-bill/6a583dd3-c60f-456a-8c14-ab6e54beccdb,True,primary
9144a49e-ca96-47ed-b3a6-4df1cd641ccb,Michael J. Sylvia,person,,ocd-person/2e6feb2e-6f22-4909-b907-93f4c0f9ae9b,ocd-bill/593f9835-21ca-4f17-b733-6a145f2faf51,True,primary
8f0e2f69-042d-424c-b899-a98193226f34,Marjorie K. Smith,person,,ocd-person/86b31d04-3a4b-4199-b10e-27bd337f0a34,ocd-bill/593f9835-21ca-4f17-b733-6a145f2faf51,False,cosponsor
aad0bcf5-20e2-4deb-ad19-25ba451dd021,Deborah L. Hobson,person,,ocd-person/6e4aa2d5-d1c7-4009-950f-e5ebedea7189,ocd-bill/5787ebee-716b-4e6c-936c-80a0dbe6e463,False,cosponsor
0074dbbb-c683-4608-aec4-8c8c110f384a,Jon Morgan,person,,ocd-person/f169c82a-7120-4d67-85d4-d5ff21cd44ef,ocd-bill/5787ebee-716b-4e6c-936c-80a0dbe6e463,False,cosponsor
257eac77-4141-41d0-9bf2-c34ba68c5e91,Mark A. Pearson,person,,,ocd-bill/5787ebee-716b-4e6c-936c-80a0dbe6e463,True,primary
c70b6073-d100-4050-9617-47adf9e5f364,Jeffrey C. Salloway,person,,ocd-person/ff3c9490-e187-451d-b600-ca895bfaf0b0,ocd-bill/5787ebee-716b-4e6c-936c-80a0dbe6e463,False,cosponsor
bd4b378a-2aea-4178-a13c-14be878f29a3,Peter F. Somssich,person,,ocd-person/8bb75c80-4c06-42a7-86c0-c0315a2faf7c,ocd-bill/5787ebee-716b-4e6c-936c-80a0dbe6e463,False,cosponsor
90357679-f569-4d50-a2b1-649b48c32990,Dennis E. Green,person,,ocd-person/63606051-5698-4e90-8323-a1cab068bc24,ocd-bill/5787ebee-716b-4e6c-936c-80a0dbe6e463,False,cosponsor
3cd25709-66a0-4542-980f-7b199793c17a,David A. Welch,person,,ocd-person/b8201b25-9bdd-45d3-819d-5bae4c670ad0,ocd-bill/5787ebee-716b-4e6c-936c-80a0dbe6e463,False,cosponsor
269bb9d9-7426-457a-b113-3ddf41a3b708,Joseph A. Guthrie,person,,ocd-person/772f5157-b959-4aed-beaa-6bd67ab8fefe,ocd-bill/5787ebee-716b-4e6c-936c-80a0dbe6e463,False,cosponsor
fb0a29d5-fa4b-4e28-94b7-050bb30a3970,Regina Birdsell,person,,ocd-person/461c9024-c8c3-44a5-91d6-015a6587db5f,ocd-bill/5787ebee-716b-4e6c-936c-80a0dbe6e463,False,cosponsor
fd000165-5b6d-40b3-9836-e7c4ac2791a1,Kenneth L. Weyler,person,,ocd-person/e2f9dd7e-b221-4cf0-b7de-5daa70658669,ocd-bill/5787ebee-716b-4e6c-936c-80a0dbe6e463,False,cosponsor
9995afcd-c655-4e63-99c6-f2beac496e9d,Martha Fuller Clark,person,,ocd-person/823e56cb-5c51-4a09-b060-93cdb7f7ac25,ocd-bill/5787ebee-716b-4e6c-936c-80a0dbe6e463,False,cosponsor
f63f80c5-ee74-4b1c-8883-db7e2bc47260,David Meuse,person,,ocd-person/4b449f0f-2024-4e18-bbbd-7f0bbcfa8cac,ocd-bill/aa8b9e8f-a514-49ea-8ea8-fb54be5c9e85,False,cosponsor
dae8680f-390e-4048-94ef-199c393b0fa7,Rosemarie Rung,person,,ocd-person/1a5923c6-3e1f-4ebe-8739-17c9e9642403,ocd-bill/aa8b9e8f-a514-49ea-8ea8-fb54be5c9e85,False,cosponsor
980db6bd-b9e4-4dd1-91ff-ffed6d468208,Michael A. Edgar,person,,ocd-person/0f78413a-b328-4856-ab48-21a5d4d614c0,ocd-bill/aa8b9e8f-a514-49ea-8ea8-fb54be5c9e85,False,cosponsor
cf66c2c7-1a7d-4843-93e8-50a99a555681,Robert Renny Cushing,person,,ocd-person/cdb3279c-243a-4ca0-8e83-fcb10a975736,ocd-bill/aa8b9e8f-a514-49ea-8ea8-fb54be5c9e85,True,primary
7cbbf7ba-b565-4505-9ef5-def3df030bb7,Martha Fuller Clark,person,,ocd-person/823e56cb-5c51-4a09-b060-93cdb7f7ac25,ocd-bill/aa8b9e8f-a514-49ea-8ea8-fb54be5c9e85,False,cosponsor
29f15bd4-4f89-42d1-bb9f-ebdde33b5435,Howard C. Pearl,person,,ocd-person/c4122c6a-ed23-492e-b813-59a0fed1ec86,ocd-bill/fd587ab0-65fc-4b05-8d92-49a4519065a8,True,primary
69cdede8-b67f-46de-83d8-c23265c14f52,Timothy P. Lang,person,,ocd-person/85064309-421e-4611-a6c5-800234db68fb,ocd-bill/fd587ab0-65fc-4b05-8d92-49a4519065a8,False,cosponsor
84e1dbba-d097-4276-b6fe-59c1c7f411f6,Christy D. Bartlett,person,,ocd-person/59afcf2a-d688-4495-a53d-b10faeffd222,ocd-bill/75f6baa3-41ae-4dfd-925a-a317255a8585,True,primary
d7d325eb-3114-4da3-9ba9-df13c6d17f51,Sue M. Mullen,person,,ocd-person/07c19313-fcb0-476b-b240-e299c55888f7,ocd-bill/f43b67f1-0f41-4379-a252-6351dcc017af,False,cosponsor
c7420d40-42ba-4934-b0fc-3b4db4b79fde,Shannon E Chandley,person,,,ocd-bill/f43b67f1-0f41-4379-a252-6351dcc017af,False,cosponsor
fa125ecc-c757-4d5f-98d2-9d1172be5aeb,Megan A. Murray,person,,ocd-person/f1902aac-3930-478d-9e89-60cef8bcae0b,ocd-bill/f43b67f1-0f41-4379-a252-6351dcc017af,False,cosponsor
764eca01-f355-480c-83e5-2f773aca86af,Dan H. Wolf,person,,ocd-person/d24c83af-3362-4925-9c05-a6b776d3314c,ocd-bill/f43b67f1-0f41-4379-a252-6351dcc017af,False,cosponsor
f783bea3-2b24-4a89-8f0f-05d3129b6cc6,Mary Heath,person,,ocd-person/03bba97f-9b7c-4c33-adb7-e5202a6bd040,ocd-bill/f43b67f1-0f41-4379-a252-6351dcc017af,False,cosponsor
f34123be-ffce-4d15-a2cd-4a212581ebc0,Susan J. Ticehurst,person,,ocd-person/1f3a9485-30e3-4cdf-8389-d8ad149dc881,ocd-bill/f43b67f1-0f41-4379-a252-6351dcc017af,False,cosponsor
19ab2d78-4445-4cc1-833a-582f6ba55dea,Karen E. Ebel,person,,ocd-person/947e2e2b-04eb-4f92-9f83-aef8760517e0,ocd-bill/f43b67f1-0f41-4379-a252-6351dcc017af,True,primary
94308de6-f246-40fb-8c52-2c6f150416aa,John T. O'Connor,person,,ocd-person/60882336-f4d2-45e4-b194-d2b99cae7610,ocd-bill/f43b67f1-0f41-4379-a252-6351dcc017af,False,cosponsor
b169b310-5e0b-4894-a312-2eacb46f514a,David H Watters,person,,ocd-person/cf24defe-6df3-49f3-88ca-c6774b144f19,ocd-bill/f43b67f1-0f41-4379-a252-6351dcc017af,False,cosponsor
2f89dad4-0566-4b1f-aa16-c77eeae5558c,Cassandra N. Levesque,person,,ocd-person/711423e3-ff28-4150-8a89-ec568a4f2c5d,ocd-bill/e24d7b10-9541-4bb7-9b0f-b7736fd7e557,True,primary
2940585a-3881-4bad-ad9a-ae435821fad2,Dennis M. Ruprecht,person,,ocd-person/4aad7fb1-f234-412e-9252-3cdba3896cdb,ocd-bill/e24d7b10-9541-4bb7-9b0f-b7736fd7e557,False,cosponsor
743efefa-989b-4d0d-9cd6-92dd2f5e0f99,Cindy Rosenwald,person,,ocd-person/f3e949ce-6d98-4826-bbca-08039cea4ea4,ocd-bill/e24d7b10-9541-4bb7-9b0f-b7736fd7e557,False,cosponsor
c601da60-275d-4c23-89ac-42a175088fb6,Safiya Wazir,person,,ocd-person/a2975441-f5d1-4e95-8a4e-1d930fc16bc2,ocd-bill/e24d7b10-9541-4bb7-9b0f-b7736fd7e557,False,cosponsor
39a5fa27-a52d-4a01-a7a3-b3cb5b3113c6,Rosemarie Rung,person,,ocd-person/1a5923c6-3e1f-4ebe-8739-17c9e9642403,ocd-bill/e24d7b10-9541-4bb7-9b0f-b7736fd7e557,False,cosponsor
8814f112-3e6c-4bf4-bc33-3c4bde0ce51d,Francesca G. Diggs,person,,ocd-person/89f38f54-22ef-4ad2-b59e-c864da52f3ea,ocd-bill/e24d7b10-9541-4bb7-9b0f-b7736fd7e557,False,cosponsor
bff5e0c3-abb0-4ba1-9cde-3a73543b074f,Tom Sherman,person,,ocd-person/ee95d0de-e55e-4733-ba97-0fde66adf65c,ocd-bill/e24d7b10-9541-4bb7-9b0f-b7736fd7e557,False,cosponsor
e1f79fc9-fc3a-46d9-b53a-436df2d85aed,Ellen D. Read,person,,ocd-person/77304532-17fb-4b2c-aed6-213a435e4a46,ocd-bill/e24d7b10-9541-4bb7-9b0f-b7736fd7e557,False,cosponsor
645ad5ed-c576-4219-a5fe-b70f628158a7,Mary Jane Mulligan,person,,ocd-person/2eda7ff0-af84-4ad3-a72c-ea7c37e46877,ocd-bill/e24d7b10-9541-4bb7-9b0f-b7736fd7e557,False,cosponsor
bcae2669-7fbc-483d-a916-3ad0eb3ae0f2,Joshua Adjutant,person,,ocd-person/89424628-1e61-44aa-9090-4dfdb3cddca8,ocd-bill/e24d7b10-9541-4bb7-9b0f-b7736fd7e557,False,cosponsor
16bcff99-d96c-42de-8258-560766922bc0,Dan Feltes,person,,ocd-person/e97501d7-4bef-403f-8d48-9fcecc980cf5,ocd-bill/e24d7b10-9541-4bb7-9b0f-b7736fd7e557,False,cosponsor
65a0e95b-665f-49c1-a77c-d4dc64f88963,Skip Berrien,person,,ocd-person/c955f3c4-4732-42c2-8615-bc103ee8e0d8,ocd-bill/e24d7b10-9541-4bb7-9b0f-b7736fd7e557,False,cosponsor
1c36f998-c161-4974-9b32-8972a17bbe54,Timothy J. Smith,person,,ocd-person/b5ca2038-c971-48a1-9d59-f9acf2b0806b,ocd-bill/e24d7b10-9541-4bb7-9b0f-b7736fd7e557,False,cosponsor
a40bb541-926b-4525-87c8-4588a640d649,David H Watters,person,,ocd-person/cf24defe-6df3-49f3-88ca-c6774b144f19,ocd-bill/e24d7b10-9541-4bb7-9b0f-b7736fd7e557,False,cosponsor
39f81c82-03bb-47a2-871c-c46765fc28f2,Kevin B. Craig,person,,ocd-person/1c9d5892-ef55-4ff0-8bd0-c986ac41f25b,ocd-bill/9255a0ab-02c8-45ee-b687-59a3706a27eb,False,cosponsor
9f96ef2d-1430-4f18-956f-568239250098,Joel M. Desilets,person,,ocd-person/24779516-6700-489c-8ce0-e100abf2393f,ocd-bill/9255a0ab-02c8-45ee-b687-59a3706a27eb,False,cosponsor
39d13bab-f524-4174-aebe-bc15a306f46a,Chris Balch,person,,ocd-person/e9d39bb0-9ff6-4083-b8fd-1455609b3033,ocd-bill/9255a0ab-02c8-45ee-b687-59a3706a27eb,False,cosponsor
4bcda957-425c-464f-a3a3-faa43a7b5736,Andrew J. Prout,person,,ocd-person/da5fb901-d16d-430f-b5cb-7ab556f8d4ee,ocd-bill/9255a0ab-02c8-45ee-b687-59a3706a27eb,False,cosponsor
f6da586c-d458-490b-8b1c-23cec4d18a49,Chris True,person,,ocd-person/9debae73-c678-420c-a515-c7381e304d1c,ocd-bill/9255a0ab-02c8-45ee-b687-59a3706a27eb,False,cosponsor
23e34e8b-d7e2-4a9c-853b-7384f7480cf4,John M. Potucek,person,,ocd-person/433c67d6-bfdc-410e-87e2-463c93d55a17,ocd-bill/9255a0ab-02c8-45ee-b687-59a3706a27eb,False,cosponsor
940955a2-2cef-4e17-ae48-b98f37d530a9,Michael J. Sylvia,person,,ocd-person/2e6feb2e-6f22-4909-b907-93f4c0f9ae9b,ocd-bill/9255a0ab-02c8-45ee-b687-59a3706a27eb,False,cosponsor
870d08e0-dec7-4358-ab70-24f88a005cf3,John A. Burt,person,,ocd-person/084e4187-cca0-4f45-ac5a-8514056e94a6,ocd-bill/9255a0ab-02c8-45ee-b687-59a3706a27eb,True,primary
9e9da358-0c4f-4ec3-aaa4-7f9c8f0036bd,Kenneth D. Wells,person,,ocd-person/b75e76bb-fa97-46f2-a164-d33141705950,ocd-bill/bccf3162-45d6-4127-9574-4eca6343b703,True,primary
7b989871-4f36-4e5e-889b-f135efdf359c,Wendy E.N. Thomas,person,,ocd-person/2375b05c-cf9a-4f1b-a4b0-194fac6d86bf,ocd-bill/bccf3162-45d6-4127-9574-4eca6343b703,False,cosponsor
61312762-d843-43a2-92c6-ab7d2b713136,Joyce Weston,person,,ocd-person/2dbea6d6-0221-41de-98bf-508b14eb085d,ocd-bill/bccf3162-45d6-4127-9574-4eca6343b703,False,cosponsor
ceac8aae-bc2d-480c-853b-46a8614ac13a,Lee Walker Oxenham,person,,ocd-person/f3fb87b7-7fb5-432a-9fb2-bd15170f1275,ocd-bill/bccf3162-45d6-4127-9574-4eca6343b703,False,cosponsor
84700dfd-4144-4ff1-bb05-c838594f9a84,David B. Karrick,person,,ocd-person/94f54bab-44a0-41ce-a766-0e0eb882f9bf,ocd-bill/bccf3162-45d6-4127-9574-4eca6343b703,False,cosponsor
9d4e96b4-8fea-44e1-a2a8-26335f30fb65,Arthur S. Ellison,person,,ocd-person/677500cb-eb95-4ad1-b3f5-02894c28e369,ocd-bill/b7c5bb15-03e9-4bc1-a14c-a4ccaff49cd3,False,cosponsor
355a2cc0-0098-4cdb-b984-19ee89734cd2,Kristina M. Schultz,person,,ocd-person/8698b473-ea4e-4126-8766-a2b5b5878702,ocd-bill/b7c5bb15-03e9-4bc1-a14c-a4ccaff49cd3,False,cosponsor
fcab3ab0-f654-43d4-b65c-64810f930ecb,Mark A. Pearson,person,,,ocd-bill/b7c5bb15-03e9-4bc1-a14c-a4ccaff49cd3,False,cosponsor
8dfc4108-581d-4744-abdd-923e596b5e53,David B. Doherty,person,,ocd-person/b2b46bdc-a9ee-4d6a-8535-93bea4190ddb,ocd-bill/b7c5bb15-03e9-4bc1-a14c-a4ccaff49cd3,False,cosponsor
86a2b015-98be-468e-a090-7bf0606f6797,Dianne E. Schuett,person,,ocd-person/62ff0476-f4e6-411f-a58e-2e7963cde2ab,ocd-bill/b7c5bb15-03e9-4bc1-a14c-a4ccaff49cd3,True,primary
905ccd89-1d69-4486-a990-fd5c7c984ced,Cassandra N. Levesque,person,,ocd-person/711423e3-ff28-4150-8a89-ec568a4f2c5d,ocd-bill/64be800f-8f0d-4591-bfbd-7ba901f0e4b4,False,cosponsor
0ec338f8-3c76-47a6-8f95-25e74586b464,Jon Morgan,person,,ocd-person/f169c82a-7120-4d67-85d4-d5ff21cd44ef,ocd-bill/64be800f-8f0d-4591-bfbd-7ba901f0e4b4,False,cosponsor
fc1251b5-75cc-45aa-8481-da5bf0d2da83,Cindy Rosenwald,person,,ocd-person/f3e949ce-6d98-4826-bbca-08039cea4ea4,ocd-bill/64be800f-8f0d-4591-bfbd-7ba901f0e4b4,False,cosponsor
27f9b0e2-f486-4f19-af0b-bfb8bcc83f65,Melanie Levesque,person,,ocd-person/282926cd-63f0-4ac4-ad16-5e96eb1c4e0b,ocd-bill/64be800f-8f0d-4591-bfbd-7ba901f0e4b4,False,cosponsor
1e35422c-adb9-495e-89fc-8b8dd0eb189c,Shannon E Chandley,person,,,ocd-bill/64be800f-8f0d-4591-bfbd-7ba901f0e4b4,False,cosponsor
5b1237a5-9e87-410c-9f87-6b3231264cb2,Tom Sherman,person,,ocd-person/ee95d0de-e55e-4733-ba97-0fde66adf65c,ocd-bill/64be800f-8f0d-4591-bfbd-7ba901f0e4b4,False,cosponsor
7d747914-ffd4-4a9a-a971-fc1e5fb9b672,Martha S. Hennessey,person,,ocd-person/f2700034-7f3d-4834-bb66-b848a7ca748a,ocd-bill/64be800f-8f0d-4591-bfbd-7ba901f0e4b4,False,cosponsor
5e363337-08f2-40f7-beef-d777fd6d1368,Debra Altschiller,person,,ocd-person/925608b2-8d23-4186-85f6-4c50f334374d,ocd-bill/64be800f-8f0d-4591-bfbd-7ba901f0e4b4,False,cosponsor
0927239b-20bd-49b9-a495-8883b8e51f1b,Glenn Cordelli,person,,ocd-person/c8aa2951-dea0-4999-9b6a-6323d9917e0b,ocd-bill/64be800f-8f0d-4591-bfbd-7ba901f0e4b4,False,cosponsor
5d53ed5b-90c7-4e62-bfc2-50b43fd24297,David H Watters,person,,ocd-person/cf24defe-6df3-49f3-88ca-c6774b144f19,ocd-bill/64be800f-8f0d-4591-bfbd-7ba901f0e4b4,True,primary
f49430a4-1299-459f-9407-c5d145b759bb,Jeb Bradley,person,,ocd-person/3f5455e8-256e-4442-9c13-bc14f62ce76f,ocd-bill/64be800f-8f0d-4591-bfbd-7ba901f0e4b4,False,cosponsor
edae2849-a968-4aa1-8b95-852603bc6a67,Sharon M Carson,person,,ocd-person/00964fc0-dd57-44c3-87bf-b6d5bbc34560,ocd-bill/64be800f-8f0d-4591-bfbd-7ba901f0e4b4,False,cosponsor
39ae4bbb-4242-43c3-9772-d33219a34c51,Martha Fuller Clark,person,,ocd-person/823e56cb-5c51-4a09-b060-93cdb7f7ac25,ocd-bill/64be800f-8f0d-4591-bfbd-7ba901f0e4b4,False,cosponsor
385aa64c-7250-4446-8e5b-30d54daa3683,Cassandra N. Levesque,person,,ocd-person/711423e3-ff28-4150-8a89-ec568a4f2c5d,ocd-bill/a0a60675-0789-4763-9be9-418257d0bcdf,False,cosponsor
4be81572-9fe9-4317-bed0-b853e66edb17,Cam E. Kenney,person,,ocd-person/9f35ea7b-b937-4b06-8be5-5cfbc83381e1,ocd-bill/a0a60675-0789-4763-9be9-418257d0bcdf,False,cosponsor
8f221cfd-d354-48c4-b1c3-33d78e45622a,David Meuse,person,,ocd-person/4b449f0f-2024-4e18-bbbd-7f0bbcfa8cac,ocd-bill/a0a60675-0789-4763-9be9-418257d0bcdf,True,primary
ffa753c0-42ef-4c93-80cc-251f958a7905,Mark Vallone,person,,ocd-person/208012dd-f741-412c-9727-d7e8aa0fe8b0,ocd-bill/a0a60675-0789-4763-9be9-418257d0bcdf,False,cosponsor
3b201621-8af3-4ed8-9374-0e205cc53b8a,Max Abramson,person,,ocd-person/a2248bc0-9253-48d8-9ee2-d9c0b6fbc800,ocd-bill/a0a60675-0789-4763-9be9-418257d0bcdf,False,cosponsor
149cd35a-3d39-4aa3-87d3-a6235a00b2d9,Amanda C. Bouldin,person,,ocd-person/7ad034dd-b6f2-4314-94d9-cffce7144e5d,ocd-bill/a0a60675-0789-4763-9be9-418257d0bcdf,False,cosponsor
8577de26-4b43-44b8-bf15-8ad63b61a9fa,Cassandra N. Levesque,person,,ocd-person/711423e3-ff28-4150-8a89-ec568a4f2c5d,ocd-bill/3e3e971e-16ee-4aec-874f-16ac51562055,False,cosponsor
cf967742-1fc3-4324-b3ee-e7fc4d44d415,Deb Stevens,person,,ocd-person/2a81219c-aa82-4175-91a6-881353d869af,ocd-bill/3e3e971e-16ee-4aec-874f-16ac51562055,False,cosponsor
c525180b-465a-4efc-b47e-22e1965e3389,Cindy Rosenwald,person,,ocd-person/f3e949ce-6d98-4826-bbca-08039cea4ea4,ocd-bill/3e3e971e-16ee-4aec-874f-16ac51562055,False,cosponsor
fe23b914-9e5e-424f-8e73-2a7704091d86,Gary Merchant,person,,ocd-person/78078880-ab6f-4f87-b095-8b85c31f1780,ocd-bill/3e3e971e-16ee-4aec-874f-16ac51562055,False,cosponsor
5960d400-c9f7-42a8-860a-9dff37f3e981,Ryan T. Buchanan,person,,ocd-person/42b0e59a-b71a-46ce-b761-72bc99239941,ocd-bill/3e3e971e-16ee-4aec-874f-16ac51562055,False,cosponsor
eb88df4f-b4fe-41f3-9f1d-278158843df3,Michelle St. John,person,,ocd-person/88437b11-b120-486d-83ac-60d88a97785f,ocd-bill/3e3e971e-16ee-4aec-874f-16ac51562055,False,cosponsor
cee5e680-861c-4f2a-a761-f5311b207325,Cole J. Riel,person,,ocd-person/5bf139ab-6da2-4fab-a54f-b19d22ec3b7a,ocd-bill/3e3e971e-16ee-4aec-874f-16ac51562055,False,cosponsor
73afe5f3-b1d6-4678-a4f2-b96a75abf250,Ruth Ward,person,,ocd-person/9089a509-1f26-4770-adc6-199ed716e692,ocd-bill/3e3e971e-16ee-4aec-874f-16ac51562055,False,cosponsor
9f9aeb22-46da-4514-a497-811468fbed47,Martha S. Hennessey,person,,ocd-person/f2700034-7f3d-4834-bb66-b848a7ca748a,ocd-bill/3e3e971e-16ee-4aec-874f-16ac51562055,False,cosponsor
ffd7d9a1-2292-4925-b26e-5cee8e50415c,Chuck W. Grassie,person,,ocd-person/8ee07d33-9189-4bfe-b1a1-e15c79fd1114,ocd-bill/3e3e971e-16ee-4aec-874f-16ac51562055,False,cosponsor
b43e65fc-5872-4dd8-b6a5-99e435dc9850,William M. Marsh,person,,ocd-person/22006937-f2ca-4a2e-b92a-457777933dc7,ocd-bill/3e3e971e-16ee-4aec-874f-16ac51562055,False,cosponsor
39d457c1-424c-456d-b0c0-21a1cd1df292,Dan Feltes,person,,ocd-person/e97501d7-4bef-403f-8d48-9fcecc980cf5,ocd-bill/3e3e971e-16ee-4aec-874f-16ac51562055,False,cosponsor
972e9371-ce7f-455d-a876-bf8e7dfc6fc5,Karen E. Ebel,person,,ocd-person/947e2e2b-04eb-4f92-9f83-aef8760517e0,ocd-bill/3e3e971e-16ee-4aec-874f-16ac51562055,False,cosponsor
16ad8baa-85d2-4544-b1f2-e5fb772e7aa4,Wendy E.N. Thomas,person,,ocd-person/2375b05c-cf9a-4f1b-a4b0-194fac6d86bf,ocd-bill/97fc17ca-f1fe-4e16-9198-2d5d8ae08799,True,primary
87f3912e-3acc-41b6-a60d-a7d18bc461a9,Kathryn Stack,person,,ocd-person/ca4638d0-559a-4364-8de0-88f23d35d5a0,ocd-bill/97fc17ca-f1fe-4e16-9198-2d5d8ae08799,False,cosponsor
dfd2a1dd-cc86-4a41-a7c1-8e7382ab5044,Edith M. DesMarais,person,,ocd-person/a6f267a6-78c6-4272-9378-8afe705c350d,ocd-bill/97fc17ca-f1fe-4e16-9198-2d5d8ae08799,False,cosponsor
5c5069e8-9d94-489d-b043-3757b55f64ad,Mary A. Eisner,person,,ocd-person/a9ac3600-6a7f-4d8c-ba5f-a20b3dfba0e6,ocd-bill/97fc17ca-f1fe-4e16-9198-2d5d8ae08799,False,cosponsor
f20287c1-fcac-46fe-bf9f-609e05ff3ccc,David Meuse,person,,ocd-person/4b449f0f-2024-4e18-bbbd-7f0bbcfa8cac,ocd-bill/71a51df7-22dd-48fd-bbe6-23688f37f6a4,False,cosponsor
4370ce6e-56fa-4a36-8724-c2fb275d951e,Mark R. King,person,,ocd-person/5b030cec-8315-49f4-901d-85fdb7423781,ocd-bill/71a51df7-22dd-48fd-bbe6-23688f37f6a4,False,cosponsor
caceb5bc-58a3-4482-a961-328bcba03502,Linda C. Harriott-Gathright,person,,ocd-person/1e2b57f6-dbb9-4069-a71b-d40828c80cfa,ocd-bill/71a51df7-22dd-48fd-bbe6-23688f37f6a4,False,cosponsor
28cb1523-3cc6-4074-8e25-cf1e3e70ac4e,Paul S. Berch,person,,ocd-person/f96a072d-9add-44b0-8028-0ec057f31f52,ocd-bill/71a51df7-22dd-48fd-bbe6-23688f37f6a4,False,cosponsor
6e2faef3-245f-4fbe-b5e0-ba49490fbcec,Robert Renny Cushing,person,,ocd-person/cdb3279c-243a-4ca0-8e83-fcb10a975736,ocd-bill/71a51df7-22dd-48fd-bbe6-23688f37f6a4,True,primary
58396210-01f0-49c8-9148-bab295ca339d,Larry G. Gagne,person,,ocd-person/26d443c0-53fe-480b-bf4c-7b7a28a109e9,ocd-bill/85b0c5c0-b416-420f-897f-983c36484b25,True,primary
d0a30563-f050-46e1-ae9a-15a24edc023c,Rebecca Susan McBeath,person,,ocd-person/e38b81bb-9bf6-4ace-bc4e-898732105d5d,ocd-bill/a80ecf4c-3c6f-41a0-81d3-08e5bfb867d6,True,primary
111f6630-cb1f-44ee-bfc8-1d63a9ddf83f,Sue M. Mullen,person,,ocd-person/07c19313-fcb0-476b-b240-e299c55888f7,ocd-bill/c5ac5972-cf8a-42c0-b315-673829c0502d,False,cosponsor
aa23ea49-c366-4511-8445-3362e1ffac2b,Betty I. Gay,person,,ocd-person/c2486401-1c5f-4cfc-b4ef-bbae6b8c0489,ocd-bill/c5ac5972-cf8a-42c0-b315-673829c0502d,True,primary
571395aa-0525-4ebb-b23d-9c6def35a087,William M. Marsh,person,,ocd-person/22006937-f2ca-4a2e-b92a-457777933dc7,ocd-bill/c5ac5972-cf8a-42c0-b315-673829c0502d,False,cosponsor
6c75a423-5af8-4648-8ff6-20c8d5bd6f25,John R. Plumer,person,,ocd-person/867ccf71-9ca1-47cf-9c4f-0c5f715c412e,ocd-bill/c5ac5972-cf8a-42c0-b315-673829c0502d,False,cosponsor
3b1634ef-1ceb-410c-b6ec-0da0cc341a58,Jacqueline A. Cali-Pitts,person,,ocd-person/b665e9e7-0c14-4348-9378-529bd9c7497b,ocd-bill/c5ac5972-cf8a-42c0-b315-673829c0502d,False,cosponsor
612bafe6-7f13-4fc9-9fb3-a5321b211b03,Cindy Rosenwald,person,,ocd-person/f3e949ce-6d98-4826-bbca-08039cea4ea4,ocd-bill/291f3cc0-0d7e-4d77-8620-70ffb1d18b31,False,cosponsor
7769d229-4971-4de3-a0b6-ed81265294e8,Tom Sherman,person,,ocd-person/ee95d0de-e55e-4733-ba97-0fde66adf65c,ocd-bill/291f3cc0-0d7e-4d77-8620-70ffb1d18b31,False,cosponsor
ce93ef66-66ea-407c-9812-a55c5717ce4c,Martha S. Hennessey,person,,ocd-person/f2700034-7f3d-4834-bb66-b848a7ca748a,ocd-bill/291f3cc0-0d7e-4d77-8620-70ffb1d18b31,False,cosponsor
2c4b90aa-a922-4609-bb66-ebec4db42b21,Christy D. Bartlett,person,,ocd-person/59afcf2a-d688-4495-a53d-b10faeffd222,ocd-bill/291f3cc0-0d7e-4d77-8620-70ffb1d18b31,False,cosponsor
58bf0e28-0145-4a2e-b217-6786edb85a18,Charles E. McMahon,person,,ocd-person/28d59199-5bae-46fe-99f3-ec78e330cdeb,ocd-bill/291f3cc0-0d7e-4d77-8620-70ffb1d18b31,False,cosponsor
71121805-8ddb-4753-ac94-97ac3dd718e8,Martha Fuller Clark,person,,ocd-person/823e56cb-5c51-4a09-b060-93cdb7f7ac25,ocd-bill/291f3cc0-0d7e-4d77-8620-70ffb1d18b31,True,primary
a159aa44-d345-4f7f-b0ef-dc03d5f852c5,David J. Luneau,person,,ocd-person/c3c9bb99-9512-4bec-be04-d8b29ea96f3e,ocd-bill/611d0276-f055-49f6-b9c4-62e3c9bf4af3,True,primary
0190d229-f20f-416c-a5f4-d527fe79391e,David J. Luneau,person,,ocd-person/c3c9bb99-9512-4bec-be04-d8b29ea96f3e,ocd-bill/0de8b827-308d-43c5-8796-46ec3e42c236,True,primary
453850a2-d483-456c-9224-bb59629c4d95,Dennis F. Acton,person,,ocd-person/b81591ca-1856-4807-ac66-283280ea12ba,ocd-bill/92a4ca32-2661-4ee8-88d8-01901b9b2c25,False,cosponsor
20e85bab-62fb-4bc0-a919-dee0598c53e5,Rebecca J. McWilliams,person,,ocd-person/39eb4d14-9ef3-4b1b-bcb6-a66f1aa97491,ocd-bill/92a4ca32-2661-4ee8-88d8-01901b9b2c25,True,primary
e1e9f438-df78-4c3b-9813-7f02d7dc48b8,Samantha L. Fox,person,,ocd-person/7471e52d-b23c-4df4-b9c9-b7c3751ea3ce,ocd-bill/92a4ca32-2661-4ee8-88d8-01901b9b2c25,False,cosponsor
cf747d85-21d7-4764-a497-c206acc4be43,Harold F. French,person,,ocd-person/ff11da65-174b-4fdc-b33c-e5d6d56602f0,ocd-bill/8ee205fd-a391-47e6-954d-3c699b6ee4e3,False,cosponsor
bc8fa1bd-fc61-47a0-9960-7cfe4b7af0eb,Carol M. McGuire,person,,ocd-person/ae3d6133-98b5-444e-b95e-2edc2f5302dc,ocd-bill/8ee205fd-a391-47e6-954d-3c699b6ee4e3,False,cosponsor
bfd05a69-bd23-45a9-a3c0-9ac00cf5d4de,John Reagan,person,,ocd-person/f516d40a-3676-4437-8285-a931d7c2885b,ocd-bill/8ee205fd-a391-47e6-954d-3c699b6ee4e3,True,primary
e8ea5b0f-8872-4b72-adbf-14f854e87994,Sharon M Carson,person,,ocd-person/00964fc0-dd57-44c3-87bf-b6d5bbc34560,ocd-bill/8ee205fd-a391-47e6-954d-3c699b6ee4e3,False,cosponsor
4912c8c4-44ae-42ba-a189-3bc59f6c89ea,Jim V. Maggiore,person,,ocd-person/deb760cf-91f7-415c-949a-bab0c5311d6f,ocd-bill/a4cfdc89-4d9b-4ea9-baf0-648bb19f1622,False,cosponsor
17a32fff-0e92-49fb-a232-be8f2ca08ba0,Tom Sherman,person,,ocd-person/ee95d0de-e55e-4733-ba97-0fde66adf65c,ocd-bill/a4cfdc89-4d9b-4ea9-baf0-648bb19f1622,True,primary
a0ec6c92-2ba5-4782-a904-1e8c271284c7,Jay Kahn,person,,ocd-person/998e681b-6df1-4b4a-92db-7a2187cedcd8,ocd-bill/a4cfdc89-4d9b-4ea9-baf0-648bb19f1622,False,cosponsor
0c01d74b-dff3-403f-b208-4a21a977205f,Kate R. Murray,person,,ocd-person/79bb2147-ea4b-4706-8b38-ee2309613ea0,ocd-bill/a4cfdc89-4d9b-4ea9-baf0-648bb19f1622,False,cosponsor
3ebb0947-b089-4c9b-a858-77320d2cad28,Jacqueline A. Cali-Pitts,person,,ocd-person/b665e9e7-0c14-4348-9378-529bd9c7497b,ocd-bill/a4cfdc89-4d9b-4ea9-baf0-648bb19f1622,False,cosponsor
2144806c-53a8-40c0-9272-0e1d96717a58,Martha Fuller Clark,person,,ocd-person/823e56cb-5c51-4a09-b060-93cdb7f7ac25,ocd-bill/a4cfdc89-4d9b-4ea9-baf0-648bb19f1622,False,cosponsor
fe5883d7-b56d-425d-b0cc-55fbc9180a87,Gary Merchant,person,,ocd-person/78078880-ab6f-4f87-b095-8b85c31f1780,ocd-bill/e1e9867e-99a9-4536-9e9d-df556dbad42b,False,cosponsor
c7258cd4-5e4e-40d3-be2b-3458fb8c44ae,Walter A. Stapleton,person,,ocd-person/74efcb71-c62c-4388-b9ad-69f779b0c33e,ocd-bill/e1e9867e-99a9-4536-9e9d-df556dbad42b,False,cosponsor
fc9b5ce1-11df-4273-96e2-2573636d96f4,Andrew S. O'Hearne,person,,ocd-person/e21aaa1f-c784-46f1-a214-9372580fc45e,ocd-bill/e1e9867e-99a9-4536-9e9d-df556dbad42b,True,primary
1df64f0a-9bbb-4f2c-b5ab-d11518ea4a71,John R. Cloutier,person,,ocd-person/d3dab509-1268-4b4f-b363-98932002bf2e,ocd-bill/e1e9867e-99a9-4536-9e9d-df556dbad42b,False,cosponsor
0875fe36-e006-4c25-bda8-c66883885d56,Alan Bershtein,person,,ocd-person/bfa03ae8-d0ad-4105-b759-f9ed465a024c,ocd-bill/c1970cad-e974-46c2-81d4-23bfe0bf3c7b,False,cosponsor
1f4ae74d-dfd7-4fa4-a8c3-fdc6f3b8bdc0,Hershel Nunez,person,,ocd-person/3724f35b-dc08-456a-a432-1ead531e8dfd,ocd-bill/c1970cad-e974-46c2-81d4-23bfe0bf3c7b,False,cosponsor
eec0e064-2a0c-45dd-b36a-0924e6ff6bce,Tony Lekas,person,,ocd-person/97ccf8c1-af1c-4a3c-b267-683d0446b790,ocd-bill/c1970cad-e974-46c2-81d4-23bfe0bf3c7b,False,cosponsor
951835ba-7437-43d5-be50-af7aa28da1a3,Alicia D. Lekas,person,,ocd-person/50bcd6fc-7d60-4595-811c-213e18faf326,ocd-bill/c1970cad-e974-46c2-81d4-23bfe0bf3c7b,False,cosponsor
08662c4b-0042-4e9a-b52d-36fa9d776de9,Kevin Verville,person,,ocd-person/9d10ccec-b571-4eea-b025-9ed7634b6516,ocd-bill/c1970cad-e974-46c2-81d4-23bfe0bf3c7b,False,cosponsor
2b3a8de4-5dae-4724-a328-7cdbb9fce490,James A. Spillane,person,,ocd-person/2520dc46-648c-44d0-ba1f-fe09b17a9d8b,ocd-bill/c1970cad-e974-46c2-81d4-23bfe0bf3c7b,True,primary
5efb729f-f2b6-4977-8c20-d8cbc09f0893,Jeanine M. Notter,person,,ocd-person/84f79859-fef0-441d-80bb-5edeafc70e78,ocd-bill/c1970cad-e974-46c2-81d4-23bfe0bf3c7b,False,cosponsor
f7ae26c2-73e0-4790-bef0-8d497fa15b90,Carol M. McGuire,person,,ocd-person/ae3d6133-98b5-444e-b95e-2edc2f5302dc,ocd-bill/c1970cad-e974-46c2-81d4-23bfe0bf3c7b,False,cosponsor
95352707-ab75-4187-ad03-3b381839af5a,John Reagan,person,,ocd-person/f516d40a-3676-4437-8285-a931d7c2885b,ocd-bill/c1970cad-e974-46c2-81d4-23bfe0bf3c7b,False,cosponsor
073b51c4-4da1-42ac-a84e-dcf34367221f,Kristina M. Schultz,person,,ocd-person/8698b473-ea4e-4126-8766-a2b5b5878702,ocd-bill/0ce75d1a-dc64-4e4a-b30d-371b48fc80e8,True,primary
bd04eb68-8045-4ef6-b03a-0a5099c14c90,Dianne E. Schuett,person,,ocd-person/62ff0476-f4e6-411f-a58e-2e7963cde2ab,ocd-bill/0ce75d1a-dc64-4e4a-b30d-371b48fc80e8,False,cosponsor
6f70071d-49cc-4e33-8732-aa2a89ee5175,Brian M. Sullivan,person,,ocd-person/4c78e7fc-43a2-467b-abe3-6ba04ad8853e,ocd-bill/799e1580-feb3-4fdf-afaf-d0465966a97e,True,primary
cd68637f-85cf-49b7-9f57-580bf1541db2,Barbara Comtois,person,,ocd-person/3e0ee111-2332-4742-b073-a23cc37a8b51,ocd-bill/799e1580-feb3-4fdf-afaf-d0465966a97e,False,cosponsor
84188783-5903-4e68-8aac-2266d9be044b,Skip A. Rollins,person,,ocd-person/31d4d765-be08-4393-8e9a-21444cf8b411,ocd-bill/799e1580-feb3-4fdf-afaf-d0465966a97e,False,cosponsor
9baeeadf-28ba-4685-8163-f211d9767267,Sue M. Mullen,person,,ocd-person/07c19313-fcb0-476b-b240-e299c55888f7,ocd-bill/36e7e1c4-af84-41bf-a555-15f07f5c875b,False,cosponsor
8859503d-99bf-436a-8de7-07caaab34800,Alicia D. Lekas,person,,ocd-person/50bcd6fc-7d60-4595-811c-213e18faf326,ocd-bill/36e7e1c4-af84-41bf-a555-15f07f5c875b,False,cosponsor
984a353d-8f57-46f3-82ba-bafdee54bcb3,Harold F. French,person,,ocd-person/ff11da65-174b-4fdc-b33c-e5d6d56602f0,ocd-bill/36e7e1c4-af84-41bf-a555-15f07f5c875b,False,cosponsor
43e3cb4d-e9ea-4842-9351-00db31a85fc6,Hershel Nunez,person,,ocd-person/3724f35b-dc08-456a-a432-1ead531e8dfd,ocd-bill/a639c27f-e5c8-4e3c-b79a-caed0ad3b0cc,False,cosponsor
54c52a94-d717-4f1f-8f65-7cf8da36a985,Tony Lekas,person,,ocd-person/97ccf8c1-af1c-4a3c-b267-683d0446b790,ocd-bill/a639c27f-e5c8-4e3c-b79a-caed0ad3b0cc,False,cosponsor
38d89ecb-1c58-40e9-ad10-0e8b237bf1fc,Alicia D. Lekas,person,,ocd-person/50bcd6fc-7d60-4595-811c-213e18faf326,ocd-bill/a639c27f-e5c8-4e3c-b79a-caed0ad3b0cc,False,cosponsor
e28996dd-3e9a-46f3-ae7e-fa433e83d997,Bob J. Greene,person,,ocd-person/c51b7c0a-47d7-4567-900e-dccb42942ca6,ocd-bill/a639c27f-e5c8-4e3c-b79a-caed0ad3b0cc,False,cosponsor
60273f97-3e7c-4525-b0a3-33254740e3f7,Andrew J. Prout,person,,ocd-person/da5fb901-d16d-430f-b5cb-7ab556f8d4ee,ocd-bill/a639c27f-e5c8-4e3c-b79a-caed0ad3b0cc,False,cosponsor
425138f8-0227-40cf-9e94-9a804f0b2775,Kimberly A. Rice,person,,ocd-person/85b7ca6d-3fd7-4e97-bfe0-effe223121f7,ocd-bill/a639c27f-e5c8-4e3c-b79a-caed0ad3b0cc,False,cosponsor
c38db1f3-fcf8-432f-9c7d-75cd26fec4d4,Jordan G. Ulery,person,,ocd-person/31f696d4-f806-4eb3-a8ce-5b1d2a2eba93,ocd-bill/a639c27f-e5c8-4e3c-b79a-caed0ad3b0cc,False,cosponsor
03f05713-0554-4da3-9cf6-88f773f0814d,Andrew Renzullo,person,,ocd-person/b8aa741e-30b1-4d45-8f6a-7241f0d0eed2,ocd-bill/a639c27f-e5c8-4e3c-b79a-caed0ad3b0cc,False,cosponsor
478b01ec-4a0a-40a8-8306-dacf9c0c1974,Lynne M. Ober,person,,ocd-person/e1ff7dcf-ec5f-42ab-a7c2-81092820a3ae,ocd-bill/a639c27f-e5c8-4e3c-b79a-caed0ad3b0cc,False,cosponsor
3d2b2845-dad3-4a35-8a04-2c9751cea6c8,Russell T. Ober,person,,ocd-person/a5182863-ac6e-4fcf-b0c2-59b5e22a18fc,ocd-bill/a639c27f-e5c8-4e3c-b79a-caed0ad3b0cc,False,cosponsor
29200d26-9c97-41b2-8561-9b1b6e57a4f0,Sharon M Carson,person,,ocd-person/00964fc0-dd57-44c3-87bf-b6d5bbc34560,ocd-bill/a639c27f-e5c8-4e3c-b79a-caed0ad3b0cc,True,primary
b305c53e-a8e5-4bb6-a6a3-ae99461439cf,Sue M. Mullen,person,,ocd-person/07c19313-fcb0-476b-b240-e299c55888f7,ocd-bill/92b35275-94cf-4498-bf6f-0e4269da5e8b,False,cosponsor
505e209e-7f0d-4ba8-8410-6b0f9e7cdffd,Howard C. Pearl,person,,ocd-person/c4122c6a-ed23-492e-b813-59a0fed1ec86,ocd-bill/92b35275-94cf-4498-bf6f-0e4269da5e8b,False,cosponsor
20bd0a0d-33ff-4308-a2b5-d612f0fa06e8,Timothy P. Lang,person,,ocd-person/85064309-421e-4611-a6c5-800234db68fb,ocd-bill/92b35275-94cf-4498-bf6f-0e4269da5e8b,True,primary
dfa7e55e-bc4e-48e2-90d7-5e642dfac352,Reed A. Panasiti,person,,ocd-person/7a82814e-ffd2-4af0-b9b7-01d52a0492b0,ocd-bill/92b35275-94cf-4498-bf6f-0e4269da5e8b,False,cosponsor
96eef946-03fe-412e-aa27-925b44e01b46,David H Watters,person,,ocd-person/cf24defe-6df3-49f3-88ca-c6774b144f19,ocd-bill/92b35275-94cf-4498-bf6f-0e4269da5e8b,False,cosponsor
22b5618d-17d4-426a-8eb5-261795dd95f7,Jordan G. Ulery,person,,ocd-person/31f696d4-f806-4eb3-a8ce-5b1d2a2eba93,ocd-bill/3414a001-5101-4f99-af6e-c30642409f61,True,primary
9d611deb-d409-4437-b71d-76c731ebb9f8,Edward M. Gordon,person,,ocd-person/1e527c99-df26-4b70-8f9e-62df18dad8bb,ocd-bill/7ea6c70c-d91a-477a-973c-9909018ea572,False,cosponsor
121ce1c3-d999-4254-a057-85f472b8bc31,Janet G. Wall,person,,ocd-person/2830876f-1a4d-4332-ae2a-a97607c4e1b9,ocd-bill/7ea6c70c-d91a-477a-973c-9909018ea572,False,cosponsor
741fea15-3ba7-4b52-be46-a4a5ebd2ddf8,Martha Fuller Clark,person,,ocd-person/823e56cb-5c51-4a09-b060-93cdb7f7ac25,ocd-bill/7ea6c70c-d91a-477a-973c-9909018ea572,True,primary
498fd591-a5e8-4abf-82e3-cff4b5ce227d,Timothy O. Horrigan,person,,ocd-person/2a11a559-c16e-4211-82ea-215951d74c1f,ocd-bill/95c312f6-4a5e-491a-b5f2-fce8b83f8bb8,True,primary
c3755e4a-8279-4e2a-a32d-7bcac7f987f9,Melanie Levesque,person,,ocd-person/282926cd-63f0-4ac4-ad16-5e96eb1c4e0b,ocd-bill/911bdaac-c70c-4c1e-bc2f-01cdd3f1187a,True,primary
c176cf97-83c2-469a-baeb-80eeee843903,Tom Sherman,person,,ocd-person/ee95d0de-e55e-4733-ba97-0fde66adf65c,ocd-bill/911bdaac-c70c-4c1e-bc2f-01cdd3f1187a,False,cosponsor
2bec422a-574f-4856-a284-62e60b69c5df,Marjorie A. Porter,person,,ocd-person/0999b615-be84-4309-b4ca-68261c1155ab,ocd-bill/911bdaac-c70c-4c1e-bc2f-01cdd3f1187a,False,cosponsor
5a809d90-30c0-444d-9a7b-e3ed0f9e85fd,Jon Morgan,person,,ocd-person/f169c82a-7120-4d67-85d4-d5ff21cd44ef,ocd-bill/ce039051-dc39-494c-935b-70faa98af915,False,cosponsor
31481a7f-753f-4b10-bfd0-e9f535db7a17,Cindy Rosenwald,person,,ocd-person/f3e949ce-6d98-4826-bbca-08039cea4ea4,ocd-bill/ce039051-dc39-494c-935b-70faa98af915,False,cosponsor
25fac5d1-7b31-4715-ba08-b3f3bcd8f36e,Melanie Levesque,person,,ocd-person/282926cd-63f0-4ac4-ad16-5e96eb1c4e0b,ocd-bill/ce039051-dc39-494c-935b-70faa98af915,False,cosponsor
57e60390-3172-44d1-9efd-e106200680b6,Tom Sherman,person,,ocd-person/ee95d0de-e55e-4733-ba97-0fde66adf65c,ocd-bill/ce039051-dc39-494c-935b-70faa98af915,False,cosponsor
062b59d2-cdc4-487f-8c82-7f4e4e66b44d,Kevin Cavanaugh,person,,ocd-person/7fb2bb33-cbdb-4dfd-9369-64f19f179777,ocd-bill/ce039051-dc39-494c-935b-70faa98af915,False,cosponsor
76bc92ba-a5dd-4220-8bc3-702791d31fa4,Jay Kahn,person,,ocd-person/998e681b-6df1-4b4a-92db-7a2187cedcd8,ocd-bill/ce039051-dc39-494c-935b-70faa98af915,False,cosponsor
560e3b17-9ce3-4815-a0c3-94575958f3fd,James P. Gray,person,,ocd-person/e6443187-eb51-42eb-8bd7-349ed0ba9641,ocd-bill/ce039051-dc39-494c-935b-70faa98af915,False,cosponsor
de5a38af-7ce6-4a18-a4f2-d1a10adaef0e,Martha S. Hennessey,person,,ocd-person/f2700034-7f3d-4834-bb66-b848a7ca748a,ocd-bill/ce039051-dc39-494c-935b-70faa98af915,False,cosponsor
d63a7bc5-39cb-4b36-b05d-586373e582ef,Dan Feltes,person,,ocd-person/e97501d7-4bef-403f-8d48-9fcecc980cf5,ocd-bill/ce039051-dc39-494c-935b-70faa98af915,False,cosponsor
6b6d0157-eeac-41d9-970e-cc932d5540a4,Robert A. Backus,person,,ocd-person/957f04df-63d1-4b88-b876-436a9cd17248,ocd-bill/ce039051-dc39-494c-935b-70faa98af915,False,cosponsor
8969bc45-f8e7-4afb-9022-55caa3852878,Robert Renny Cushing,person,,ocd-person/cdb3279c-243a-4ca0-8e83-fcb10a975736,ocd-bill/ce039051-dc39-494c-935b-70faa98af915,False,cosponsor
26264513-6dcc-41b7-8023-d5d8196f70a0,David H Watters,person,,ocd-person/cf24defe-6df3-49f3-88ca-c6774b144f19,ocd-bill/ce039051-dc39-494c-935b-70faa98af915,True,primary
9e4fc649-ebe7-4019-a81e-299735332316,Jeb Bradley,person,,ocd-person/3f5455e8-256e-4442-9c13-bc14f62ce76f,ocd-bill/ce039051-dc39-494c-935b-70faa98af915,False,cosponsor
b7bafe0f-4235-4a29-9b9f-5c925e193fb0,Martha Fuller Clark,person,,ocd-person/823e56cb-5c51-4a09-b060-93cdb7f7ac25,ocd-bill/ce039051-dc39-494c-935b-70faa98af915,False,cosponsor
e898adb6-c5c6-44ef-83f2-d6d9cd744a56,Melanie Levesque,person,,ocd-person/282926cd-63f0-4ac4-ad16-5e96eb1c4e0b,ocd-bill/214f2c36-87f7-498f-80df-45fe48655cac,False,cosponsor
da51dce7-80d1-42c9-9eda-2dc92f5ebea5,Shannon E Chandley,person,,,ocd-bill/214f2c36-87f7-498f-80df-45fe48655cac,False,cosponsor
2f05ffae-d5e9-43ac-868f-cae883a16097,Judith T. Spang,person,,ocd-person/1c49114b-ec16-4617-8b35-f7ce02d6daa4,ocd-bill/214f2c36-87f7-498f-80df-45fe48655cac,False,cosponsor
07de9f5e-5c89-45e4-b461-6470665a9851,David H Watters,person,,ocd-person/cf24defe-6df3-49f3-88ca-c6774b144f19,ocd-bill/214f2c36-87f7-498f-80df-45fe48655cac,True,primary
f3292fbb-46de-42a9-8da7-44f03bc976b1,Martha Fuller Clark,person,,ocd-person/823e56cb-5c51-4a09-b060-93cdb7f7ac25,ocd-bill/214f2c36-87f7-498f-80df-45fe48655cac,False,cosponsor
e99cffd0-c108-4c36-980b-9b80eaa9a623,Mark L. Proulx,person,,ocd-person/6e417129-7cec-4f81-b390-3c1ef0d7deab,ocd-bill/e4ba22ce-ab3c-4180-8ebe-eb8ce7d7cddb,False,cosponsor
a0e0d42f-38af-4743-b9b7-00f39c582345,John Reagan,person,,ocd-person/f516d40a-3676-4437-8285-a931d7c2885b,ocd-bill/e4ba22ce-ab3c-4180-8ebe-eb8ce7d7cddb,False,cosponsor
05a4268d-6397-4172-8b5a-bb65d9b9a9af,Sharon M Carson,person,,ocd-person/00964fc0-dd57-44c3-87bf-b6d5bbc34560,ocd-bill/e4ba22ce-ab3c-4180-8ebe-eb8ce7d7cddb,True,primary
320002ac-45ba-4c44-8dea-0044a4992214,Nicole Klein-Knight,person,,ocd-person/f91f87c5-d22a-48b7-ac4a-c2519d086ec7,ocd-bill/ece6b117-726a-49dc-af95-30016073d615,False,cosponsor
61a6a555-5e0c-4f6a-b61d-2e450808f05b,Timothy P. Lang,person,,ocd-person/85064309-421e-4611-a6c5-800234db68fb,ocd-bill/ece6b117-726a-49dc-af95-30016073d615,False,cosponsor
778d7dcf-0ae5-4ce4-8fbc-50b89f35c6c3,Katherine J. Prudhomme-O'Brien,person,,,ocd-bill/ece6b117-726a-49dc-af95-30016073d615,True,primary
28918169-4eea-498b-a28a-44cf65e25aeb,John A. Burt,person,,ocd-person/084e4187-cca0-4f45-ac5a-8514056e94a6,ocd-bill/ece6b117-726a-49dc-af95-30016073d615,False,cosponsor
456b30ad-8ba1-4f63-9da8-27f19d79e63c,Kathleen M. Hoelzel,person,,ocd-person/a65ebf32-6e66-423f-89cd-12fad046acbb,ocd-bill/ece6b117-726a-49dc-af95-30016073d615,False,cosponsor
007a003f-930b-48fa-af5c-a2a16b091e0a,Casey M. Conley,person,,ocd-person/3290a4d4-7403-45f8-adc4-4e26e0fefa09,ocd-bill/a3671807-0091-495e-8e56-d8d56a878dc9,False,cosponsor
38c81e97-7acc-40e6-9e39-a36972de8799,David A. Welch,person,,ocd-person/b8201b25-9bdd-45d3-819d-5bae4c670ad0,ocd-bill/a3671807-0091-495e-8e56-d8d56a878dc9,False,cosponsor
6d9b4418-f15d-4ecd-b6b9-5989d24ae5ca,Karel A. Crawford,person,,ocd-person/a0936f2f-8170-47f9-8b05-6c6697a95968,ocd-bill/a3671807-0091-495e-8e56-d8d56a878dc9,False,cosponsor
a957e9e0-81ab-4968-a93c-6ba1b8facd7d,Larry G. Gagne,person,,ocd-person/26d443c0-53fe-480b-bf4c-7b7a28a109e9,ocd-bill/a3671807-0091-495e-8e56-d8d56a878dc9,False,cosponsor
b1b207f0-6f3d-478a-8f1a-9b57c9ae98c0,David H Watters,person,,ocd-person/cf24defe-6df3-49f3-88ca-c6774b144f19,ocd-bill/a3671807-0091-495e-8e56-d8d56a878dc9,True,primary
ade70d58-d50b-443c-8aee-0df8ca341291,Samantha L. Fox,person,,ocd-person/7471e52d-b23c-4df4-b9c9-b7c3751ea3ce,ocd-bill/b9e2f99b-62e3-40af-b115-e8a398e629d3,False,cosponsor
1a96657d-b399-416b-a751-ab357684fe63,Safiya Wazir,person,,ocd-person/a2975441-f5d1-4e95-8a4e-1d930fc16bc2,ocd-bill/b9e2f99b-62e3-40af-b115-e8a398e629d3,False,cosponsor
817df125-1fa7-403f-a381-d0278234c88b,Nicole Klein-Knight,person,,ocd-person/f91f87c5-d22a-48b7-ac4a-c2519d086ec7,ocd-bill/b9e2f99b-62e3-40af-b115-e8a398e629d3,False,cosponsor
e18a53f7-75b2-4a9e-b4bc-9436b1850e53,Kristina M. Schultz,person,,ocd-person/8698b473-ea4e-4126-8766-a2b5b5878702,ocd-bill/b9e2f99b-62e3-40af-b115-e8a398e629d3,True,primary
2744a211-52b7-4af6-befe-e8450fd52d5e,Martha S. Hennessey,person,,ocd-person/f2700034-7f3d-4834-bb66-b848a7ca748a,ocd-bill/b9e2f99b-62e3-40af-b115-e8a398e629d3,False,cosponsor
bdd22c89-6245-4ed8-ac05-fe7cb16e9459,Jerry L. Knirk,person,,ocd-person/ce0bd184-d264-46d8-87fc-f2590e2a1ed1,ocd-bill/b9e2f99b-62e3-40af-b115-e8a398e629d3,False,cosponsor
9bf440bb-81bc-47cc-ad63-2ecb16616f33,Dianne E. Schuett,person,,ocd-person/62ff0476-f4e6-411f-a58e-2e7963cde2ab,ocd-bill/b9e2f99b-62e3-40af-b115-e8a398e629d3,False,cosponsor
12c3cb06-dbee-4108-920a-981fd724db22,Marjorie K. Smith,person,,ocd-person/86b31d04-3a4b-4199-b10e-27bd337f0a34,ocd-bill/835576c1-9b7c-496c-9b85-3ca38cc0b994,False,cosponsor
ee11f65a-a9b7-4acd-8357-de64990e0a30,Sharon M Carson,person,,ocd-person/00964fc0-dd57-44c3-87bf-b6d5bbc34560,ocd-bill/835576c1-9b7c-496c-9b85-3ca38cc0b994,True,primary
00e605f1-c72c-41e2-9f04-02cf2bae4afb,Dennis F. Acton,person,,ocd-person/b81591ca-1856-4807-ac66-283280ea12ba,ocd-bill/02f2a202-b0b4-4632-8abc-0c976dda6bbe,False,cosponsor
e9ac374a-725a-4536-bb75-a3b8ea66bffb,Rosemarie Rung,person,,ocd-person/1a5923c6-3e1f-4ebe-8739-17c9e9642403,ocd-bill/02f2a202-b0b4-4632-8abc-0c976dda6bbe,False,cosponsor
258781c7-f14c-47db-b9e9-92d63fdd19c6,Mark A. Pearson,person,,,ocd-bill/02f2a202-b0b4-4632-8abc-0c976dda6bbe,False,cosponsor
37ec112d-60fc-44e6-a1b3-11c10398aae5,Jeffrey C. Salloway,person,,ocd-person/ff3c9490-e187-451d-b600-ca895bfaf0b0,ocd-bill/02f2a202-b0b4-4632-8abc-0c976dda6bbe,False,cosponsor
29ec7b7c-9f0b-407f-bb27-e1c7e65e62b3,Jerry L. Knirk,person,,ocd-person/ce0bd184-d264-46d8-87fc-f2590e2a1ed1,ocd-bill/02f2a202-b0b4-4632-8abc-0c976dda6bbe,False,cosponsor
9bc61eb8-cd05-4462-b263-0b90a91a3ba8,William M. Marsh,person,,ocd-person/22006937-f2ca-4a2e-b92a-457777933dc7,ocd-bill/02f2a202-b0b4-4632-8abc-0c976dda6bbe,True,primary
54f9d3dc-d1cd-4860-ba07-7dc411a66851,Karel A. Crawford,person,,ocd-person/a0936f2f-8170-47f9-8b05-6c6697a95968,ocd-bill/02f2a202-b0b4-4632-8abc-0c976dda6bbe,False,cosponsor
41008d58-da40-419c-94a7-9a14f8b9234a,Patrick F. Abrami,person,,ocd-person/0327f85d-1b5a-4218-a97f-f393a965d64b,ocd-bill/02f2a202-b0b4-4632-8abc-0c976dda6bbe,False,cosponsor
8f4f67aa-2a84-4922-8c2c-f70b49fe52cc,John Reagan,person,,ocd-person/f516d40a-3676-4437-8285-a931d7c2885b,ocd-bill/02f2a202-b0b4-4632-8abc-0c976dda6bbe,False,cosponsor
626b446a-e647-49a2-b3ba-069ccf8cf481,Josh S. Yokela,person,,ocd-person/c96f9d7a-b859-4b37-8fdd-4097b21d3f2c,ocd-bill/62dcedda-2d8d-475f-8931-b3fb4dce6a03,False,cosponsor
5eb9abe7-0f75-4569-bed4-e259aa369564,Andrew J. Bouldin,person,,ocd-person/ad413289-53c5-4966-9f0f-fd392d95a827,ocd-bill/62dcedda-2d8d-475f-8931-b3fb4dce6a03,False,cosponsor
92601edf-7ddc-4f2c-ac71-bfa678d866ce,Nicole Klein-Knight,person,,ocd-person/f91f87c5-d22a-48b7-ac4a-c2519d086ec7,ocd-bill/62dcedda-2d8d-475f-8931-b3fb4dce6a03,False,cosponsor
95fc6850-ee57-4586-b92d-001e181f8d61,Casey M. Conley,person,,ocd-person/3290a4d4-7403-45f8-adc4-4e26e0fefa09,ocd-bill/62dcedda-2d8d-475f-8931-b3fb4dce6a03,True,primary
f516ed8c-1196-4255-8d1d-9aa29b42a40c,Charlie G. St. Clair,person,,ocd-person/643751f4-6db0-4021-bf76-b8f2483d640d,ocd-bill/62dcedda-2d8d-475f-8931-b3fb4dce6a03,False,cosponsor
2a2235b4-0cb7-4058-995c-849645229893,Skip J. Cleaver,person,,ocd-person/6edff50b-8390-4046-a376-214136ea64d9,ocd-bill/62dcedda-2d8d-475f-8931-b3fb4dce6a03,False,cosponsor
6401591d-6f39-44e7-a81d-e7a19a548235,Andrew J. Prout,person,,ocd-person/da5fb901-d16d-430f-b5cb-7ab556f8d4ee,ocd-bill/62dcedda-2d8d-475f-8931-b3fb4dce6a03,False,cosponsor
07bde7bc-c478-4aa0-9f7b-af510464822e,Amanda C. Bouldin,person,,ocd-person/7ad034dd-b6f2-4314-94d9-cffce7144e5d,ocd-bill/62dcedda-2d8d-475f-8931-b3fb4dce6a03,False,cosponsor
56c1abac-2d70-41db-8baa-f48fc7c1defb,Dennis M. Ruprecht,person,,ocd-person/4aad7fb1-f234-412e-9252-3cdba3896cdb,ocd-bill/887620bb-f8b0-4393-9552-94bc75a6c818,False,cosponsor
f28e06f4-5b23-4a76-807d-bda8bff8e89e,Elaine H. French,person,,ocd-person/c7a629ed-523e-4f6e-884f-fbb9dbb2a406,ocd-bill/887620bb-f8b0-4393-9552-94bc75a6c818,False,cosponsor
9eb8727c-e863-4b2e-8c75-1fa626ee8319,Timothy T. Egan,person,,ocd-person/09523f28-3ff4-4ec0-ab75-d198c2c27db3,ocd-bill/887620bb-f8b0-4393-9552-94bc75a6c818,False,cosponsor
01cad770-2698-4b3a-812d-6e37ba97f2e9,Erin T. Hennessey,person,,ocd-person/91d16c36-2236-4bef-8009-004bd036c22a,ocd-bill/887620bb-f8b0-4393-9552-94bc75a6c818,False,cosponsor
3b9d9e78-9950-4e56-8e8c-7c315c21b282,Linda A. Massimilla,person,,ocd-person/c018f667-a248-4b79-b8be-63740191e1ff,ocd-bill/887620bb-f8b0-4393-9552-94bc75a6c818,False,cosponsor
a92bae9e-7b96-4d75-8a1a-f8905665088b,John T. MacDonald,person,,ocd-person/a22a36bb-3514-4d76-a39e-791902f41d6c,ocd-bill/66287a9c-74f1-46ea-a7c7-fcb91e0362c0,False,cosponsor
fc34f2d9-41a0-49b5-b242-75c0c2ce49bd,Edith M. DesMarais,person,,ocd-person/a6f267a6-78c6-4272-9378-8afe705c350d,ocd-bill/66287a9c-74f1-46ea-a7c7-fcb91e0362c0,False,cosponsor
29fee16e-c097-49d0-a086-a5414c735fb5,William M. Marsh,person,,ocd-person/22006937-f2ca-4a2e-b92a-457777933dc7,ocd-bill/66287a9c-74f1-46ea-a7c7-fcb91e0362c0,False,cosponsor
a6c01121-a1ac-4423-808e-1f37d2fdbbf6,Jeb Bradley,person,,ocd-person/3f5455e8-256e-4442-9c13-bc14f62ce76f,ocd-bill/66287a9c-74f1-46ea-a7c7-fcb91e0362c0,True,primary
ff2baa1b-e4bf-4f03-a927-0a27db842d2b,Kevin Cavanaugh,person,,ocd-person/7fb2bb33-cbdb-4dfd-9369-64f19f179777,ocd-bill/1b2a544b-6f89-4dd7-88c6-2608f1f9f573,False,cosponsor
8a2756ab-19d1-4162-8df9-ade7242c75a2,Edward A. Butler,person,,ocd-person/fd79da58-6089-4580-bef2-ad03fc7e6bde,ocd-bill/1b2a544b-6f89-4dd7-88c6-2608f1f9f573,False,cosponsor
45e5beaa-8528-4330-97c9-69a164023c07,Martha Fuller Clark,person,,ocd-person/823e56cb-5c51-4a09-b060-93cdb7f7ac25,ocd-bill/1b2a544b-6f89-4dd7-88c6-2608f1f9f573,True,primary
20c7b007-0301-4893-bfa2-e478a472aff5,Sherry Dutzy,person,,ocd-person/43eb9cdc-392c-4ca5-b5da-ad542ea0bcc0,ocd-bill/a6e3f229-68be-47e5-a04b-e91dfd78ac49,False,cosponsor
ee1e345e-76be-4fe8-9d21-44ed4b72ee7f,Bruce L. Cohen,person,,ocd-person/02abc1d7-340f-4cdd-b64d-4ce3cca59304,ocd-bill/a6e3f229-68be-47e5-a04b-e91dfd78ac49,False,cosponsor
686eb95a-0b6c-41c5-a9a8-27c91c661cdb,Wendy E.N. Thomas,person,,ocd-person/2375b05c-cf9a-4f1b-a4b0-194fac6d86bf,ocd-bill/a6e3f229-68be-47e5-a04b-e91dfd78ac49,False,cosponsor
f48e2947-ae13-4dfb-ad09-256330c75d55,Kathryn Stack,person,,ocd-person/ca4638d0-559a-4364-8de0-88f23d35d5a0,ocd-bill/a6e3f229-68be-47e5-a04b-e91dfd78ac49,False,cosponsor
c8306c20-8a63-40f6-9236-7fa8c8d61982,Rosemarie Rung,person,,ocd-person/1a5923c6-3e1f-4ebe-8739-17c9e9642403,ocd-bill/a6e3f229-68be-47e5-a04b-e91dfd78ac49,False,cosponsor
cdfc56e0-d492-4a38-948f-cc1f3a5e66e7,Liz A. McConnell,person,,ocd-person/7f652a56-cb6d-48f9-a3cd-c8b8fccd7077,ocd-bill/a6e3f229-68be-47e5-a04b-e91dfd78ac49,False,cosponsor
a98cd749-bcf4-4283-9f04-006169709749,Michael P. Pedersen,person,,ocd-person/09941292-6228-45f4-b75f-f8a47a381659,ocd-bill/a6e3f229-68be-47e5-a04b-e91dfd78ac49,False,cosponsor
6311cbc2-86e8-4c21-976f-ea264d0a39eb,Suzanne M. Vail,person,,ocd-person/ce985799-268d-4190-b078-955fc63a8c3c,ocd-bill/a6e3f229-68be-47e5-a04b-e91dfd78ac49,True,primary
c60a2f40-570f-478c-9326-07ab63d394ff,Timothy O. Horrigan,person,,ocd-person/2a11a559-c16e-4211-82ea-215951d74c1f,ocd-bill/a6e3f229-68be-47e5-a04b-e91dfd78ac49,False,cosponsor
ba79fa12-9198-4e80-b685-16320c139468,Ivy C. Vann,person,,ocd-person/6fd532c2-91b5-47c4-a29f-eae9fc47743d,ocd-bill/9b7dd66e-705a-466e-a4f3-edff0a4682e4,False,cosponsor
2add79a6-abfd-4cdb-8fe9-6263ace05547,Michael D. Cahill,person,,ocd-person/facb5409-244f-4381-8452-e6a1078bb1c5,ocd-bill/9b7dd66e-705a-466e-a4f3-edff0a4682e4,False,cosponsor
8a20b44b-0a39-4ce8-81ab-b8a0e2465600,Martha Fuller Clark,person,,ocd-person/823e56cb-5c51-4a09-b060-93cdb7f7ac25,ocd-bill/9b7dd66e-705a-466e-a4f3-edff0a4682e4,True,primary
c46e97a2-b9df-462e-bea0-5e61e7e4ce7b,Kimberly A. Rice,person,,ocd-person/85b7ca6d-3fd7-4e97-bfe0-effe223121f7,ocd-bill/0b5a6e0d-aa4e-4332-8680-0e93c5faea5f,True,primary
8aa093d1-4f47-41be-96f5-3dd828f0474a,Richard W. Hinch,person,,ocd-person/b566af7c-b746-4b6d-bd34-17c66df7fc7c,ocd-bill/0b5a6e0d-aa4e-4332-8680-0e93c5faea5f,False,cosponsor
9c73444f-a6f6-4f97-8187-b10fee5b604e,Patrick T. Long,person,,ocd-person/14d0ff58-3340-4344-bb79-c6acd5f8ba6c,ocd-bill/0b5a6e0d-aa4e-4332-8680-0e93c5faea5f,False,cosponsor
97b950f3-c498-4e5c-920f-da3ca860181d,Sharon M Carson,person,,ocd-person/00964fc0-dd57-44c3-87bf-b6d5bbc34560,ocd-bill/0b5a6e0d-aa4e-4332-8680-0e93c5faea5f,False,cosponsor
d0d3a6ff-0be8-4389-a040-25dec2c43a4e,Chris True,person,,ocd-person/9debae73-c678-420c-a515-c7381e304d1c,ocd-bill/6a6e32da-8aa4-40c9-978d-5ad2d012b4bf,False,cosponsor
4fbc922c-2b68-4148-97bc-bb65c9ece5af,Jordan G. Ulery,person,,ocd-person/31f696d4-f806-4eb3-a8ce-5b1d2a2eba93,ocd-bill/6a6e32da-8aa4-40c9-978d-5ad2d012b4bf,True,primary
3eaf60de-c73f-47ea-94b7-3cb07ff64524,Tom Sherman,person,,ocd-person/ee95d0de-e55e-4733-ba97-0fde66adf65c,ocd-bill/059083ec-260e-42e9-9b35-6645ecff276f,False,cosponsor
6ed19948-03ac-4a1a-b0af-488fa716b940,Martha S. Hennessey,person,,ocd-person/f2700034-7f3d-4834-bb66-b848a7ca748a,ocd-bill/059083ec-260e-42e9-9b35-6645ecff276f,False,cosponsor
39f27319-0acf-4d50-a197-10c0b797ca34,Erin T. Hennessey,person,,ocd-person/91d16c36-2236-4bef-8009-004bd036c22a,ocd-bill/059083ec-260e-42e9-9b35-6645ecff276f,False,cosponsor
03c32259-4d38-43e0-aa2a-c0c20480a59c,Paul S. Berch,person,,ocd-person/f96a072d-9add-44b0-8028-0ec057f31f52,ocd-bill/059083ec-260e-42e9-9b35-6645ecff276f,False,cosponsor
78f0e2c6-5657-41a6-b802-7239d44ce2cd,Mary Jane Wallner,person,,ocd-person/0e6f806c-ba57-4dc6-b6b4-f2a926288ca3,ocd-bill/059083ec-260e-42e9-9b35-6645ecff276f,True,primary
924f1872-6393-4d36-b216-367b6a8b53cb,Mark Vallone,person,,ocd-person/208012dd-f741-412c-9727-d7e8aa0fe8b0,ocd-bill/b4b2762f-ce4d-4e7d-9c94-0f4645b42043,False,cosponsor
4d879bbf-d1f6-479b-86db-9e154807103f,Chris Balch,person,,ocd-person/e9d39bb0-9ff6-4083-b8fd-1455609b3033,ocd-bill/b4b2762f-ce4d-4e7d-9c94-0f4645b42043,True,primary
e58bfa8b-5f10-4aaf-8127-d9f01fbaa51b,Lee Walker Oxenham,person,,ocd-person/f3fb87b7-7fb5-432a-9fb2-bd15170f1275,ocd-bill/b4b2762f-ce4d-4e7d-9c94-0f4645b42043,False,cosponsor
0fc56145-b240-4395-9b8a-959895700c47,Tom Sherman,person,,ocd-person/ee95d0de-e55e-4733-ba97-0fde66adf65c,ocd-bill/96abd615-6701-4620-b911-ea95ce9a8873,False,cosponsor
7dd18c17-a807-4b3d-8f9b-56a7d47790ef,Polly Kent Campion,person,,ocd-person/8af71573-9095-434b-9fc7-6b244e40b3bb,ocd-bill/96abd615-6701-4620-b911-ea95ce9a8873,False,cosponsor
bf439c23-14ac-4f69-98ac-67f2572e313f,Jerry L. Knirk,person,,ocd-person/ce0bd184-d264-46d8-87fc-f2590e2a1ed1,ocd-bill/96abd615-6701-4620-b911-ea95ce9a8873,False,cosponsor
83dfe971-4639-4b1b-9c2c-80fbf6740c4e,Robert Renny Cushing,person,,ocd-person/cdb3279c-243a-4ca0-8e83-fcb10a975736,ocd-bill/96abd615-6701-4620-b911-ea95ce9a8873,False,cosponsor
38fc34dd-2d90-4cfa-858c-2122481f0ad6,Jeb Bradley,person,,ocd-person/3f5455e8-256e-4442-9c13-bc14f62ce76f,ocd-bill/96abd615-6701-4620-b911-ea95ce9a8873,False,cosponsor
53e9b2ce-9d6d-4b84-8491-19a24650ac60,Sharon M Carson,person,,ocd-person/00964fc0-dd57-44c3-87bf-b6d5bbc34560,ocd-bill/96abd615-6701-4620-b911-ea95ce9a8873,False,cosponsor
4e1e8049-b16d-4d8e-bf28-364561efc156,Martha Fuller Clark,person,,ocd-person/823e56cb-5c51-4a09-b060-93cdb7f7ac25,ocd-bill/96abd615-6701-4620-b911-ea95ce9a8873,True,primary
6aff73a6-f2e8-456c-9fa2-b462b3b8216e,Max Abramson,person,,ocd-person/a2248bc0-9253-48d8-9ee2-d9c0b6fbc800,ocd-bill/898c766f-e7c0-4204-8589-a182526b83c9,True,primary
086dc4d9-30c0-40fe-a592-6b4ea0207332,Kevin Cavanaugh,person,,ocd-person/7fb2bb33-cbdb-4dfd-9369-64f19f179777,ocd-bill/90645e98-9c6b-4779-9f8c-0e51373afcd0,True,primary
adabf754-4dd7-420e-8532-2ae16c756cf0,Charlie G. St. Clair,person,,ocd-person/643751f4-6db0-4021-bf76-b8f2483d640d,ocd-bill/dfcff3be-f3c3-4661-be35-ce9d3c60565e,False,cosponsor
7a035ebb-b56c-4d07-abeb-59a802bee3b5,Thomas C. Walsh,person,,ocd-person/e325954b-c90e-4b1e-aadb-3f5cc7ec1671,ocd-bill/dfcff3be-f3c3-4661-be35-ce9d3c60565e,False,cosponsor
a58e611c-7018-4511-9642-b1974cb69071,Sherman A. Packard,person,,ocd-person/e94c1d98-5454-40a2-8293-ee0998fee8ca,ocd-bill/dfcff3be-f3c3-4661-be35-ce9d3c60565e,True,primary
c2178991-85eb-405e-b2b6-b215904742ca,Kevin Cavanaugh,person,,ocd-person/7fb2bb33-cbdb-4dfd-9369-64f19f179777,ocd-bill/d3385e91-d2f1-423c-91f7-b6e9559f285b,True,primary
195c810a-2bcf-4e48-bb9f-a3e3f831eb23,Steven D. Smith,person,,ocd-person/129a2970-07b9-4136-aae1-15c689edca40,ocd-bill/6fdfb675-4a20-4d36-8f8d-38bcd10a15ad,True,primary
f7915fa4-ae71-4905-8b58-102d5b11b22d,Manny Espitia,person,,ocd-person/31583363-1dfd-4eb3-a611-d5059d945d53,ocd-bill/24f7daad-dadb-4bc1-af24-169e5f80cc83,False,cosponsor
ea64fd35-b136-4d23-bf2c-2e0899e602de,Andrew J. Bouldin,person,,ocd-person/ad413289-53c5-4966-9f0f-fd392d95a827,ocd-bill/24f7daad-dadb-4bc1-af24-169e5f80cc83,False,cosponsor
bbe72f0c-b747-4d73-be36-bcc61e3022c7,Casey M. Conley,person,,ocd-person/3290a4d4-7403-45f8-adc4-4e26e0fefa09,ocd-bill/24f7daad-dadb-4bc1-af24-169e5f80cc83,False,cosponsor
d20fc2b8-4422-4ab3-b37b-c93b22344139,Charlotte I. DiLorenzo,person,,ocd-person/75a682ff-407d-4192-858d-9ce6a979c400,ocd-bill/24f7daad-dadb-4bc1-af24-169e5f80cc83,False,cosponsor
3755ec5c-7c1c-4767-97dd-079c30a4ccc7,Skip J. Cleaver,person,,ocd-person/6edff50b-8390-4046-a376-214136ea64d9,ocd-bill/24f7daad-dadb-4bc1-af24-169e5f80cc83,False,cosponsor
8d621128-d414-4890-99fe-928ee25f457a,Amanda C. Bouldin,person,,ocd-person/7ad034dd-b6f2-4314-94d9-cffce7144e5d,ocd-bill/24f7daad-dadb-4bc1-af24-169e5f80cc83,True,primary
870290d7-4f3d-45c0-986b-b82d0f406ade,Cindy Rosenwald,person,,ocd-person/f3e949ce-6d98-4826-bbca-08039cea4ea4,ocd-bill/cefa5538-369c-4e32-b154-d6177fbeebca,False,cosponsor
535dece9-feaa-4301-b2c3-bf4b54d0f6c2,David J Starr,person,,ocd-person/b19ae598-8107-4959-b150-586deb9c9852,ocd-bill/cefa5538-369c-4e32-b154-d6177fbeebca,False,cosponsor
0d8d2f65-aa68-4282-8ac0-583d381589df,Tom Sherman,person,,ocd-person/ee95d0de-e55e-4733-ba97-0fde66adf65c,ocd-bill/cefa5538-369c-4e32-b154-d6177fbeebca,False,cosponsor
56806b74-84aa-4914-9bcd-28f8f87ea323,Bob J. Giuda,person,,ocd-person/7739a4d0-534e-4bdb-b7fb-6a8f348e833e,ocd-bill/cefa5538-369c-4e32-b154-d6177fbeebca,True,primary
ba355ca9-116d-4c8b-9add-71380ae2f57a,Richard W. Barry,person,,ocd-person/dc314520-0674-4452-a463-4c87ea2f23d1,ocd-bill/cefa5538-369c-4e32-b154-d6177fbeebca,False,cosponsor
12a4e849-592d-48bd-89a4-89dd373f0b83,Andrew Renzullo,person,,ocd-person/b8aa741e-30b1-4d45-8f6a-7241f0d0eed2,ocd-bill/cefa5538-369c-4e32-b154-d6177fbeebca,False,cosponsor
29fb8c91-cd37-4941-9054-fae328a20fe0,Kenneth L. Weyler,person,,ocd-person/e2f9dd7e-b221-4cf0-b7de-5daa70658669,ocd-bill/cefa5538-369c-4e32-b154-d6177fbeebca,False,cosponsor
f29d9bee-926f-4d35-a5c0-dfb40ac2a256,David H Watters,person,,ocd-person/cf24defe-6df3-49f3-88ca-c6774b144f19,ocd-bill/cefa5538-369c-4e32-b154-d6177fbeebca,False,cosponsor
28e4d9be-90cc-487a-9384-e651af9ee2d3,Martha Fuller Clark,person,,ocd-person/823e56cb-5c51-4a09-b060-93cdb7f7ac25,ocd-bill/cefa5538-369c-4e32-b154-d6177fbeebca,False,cosponsor
d6c718f8-a310-40bc-8513-68363399c9c3,Lou D'Allesandro,person,,ocd-person/87c48788-817d-408b-a1e1-ebe1c9fd893d,ocd-bill/cefa5538-369c-4e32-b154-d6177fbeebca,False,cosponsor
e840091f-72f2-48cf-b965-bef409803e8e,Judy F. Aron,person,,ocd-person/533fb85c-c4f0-41f3-9bc6-8b1c422a9693,ocd-bill/77005adc-3ed4-463b-a337-c37cadbc6294,False,cosponsor
1886e672-4d88-473e-ae43-8e211658557a,Jerry L. Knirk,person,,ocd-person/ce0bd184-d264-46d8-87fc-f2590e2a1ed1,ocd-bill/77005adc-3ed4-463b-a337-c37cadbc6294,False,cosponsor
e94788ff-4a4e-496b-b91d-49d27df495a4,Howard C. Pearl,person,,ocd-person/c4122c6a-ed23-492e-b813-59a0fed1ec86,ocd-bill/77005adc-3ed4-463b-a337-c37cadbc6294,False,cosponsor
78067606-a683-4044-a423-b1ef3cc03016,Peter W. Bixby,person,,ocd-person/2c42e95c-0192-4910-9fc6-8a43b58c6467,ocd-bill/77005adc-3ed4-463b-a337-c37cadbc6294,True,primary
2f94dc65-3ae5-4e62-8ce0-cdb3bc49a252,Gerri D. Cannon,person,,ocd-person/cd5b7056-d9eb-4fb1-93e3-6ba43408afa5,ocd-bill/1414dedc-2d17-4ba3-a0ce-f296a28207c7,False,cosponsor
35a518ce-7b53-457d-a885-48e78e6df41b,Cam E. Kenney,person,,ocd-person/9f35ea7b-b937-4b06-8be5-5cfbc83381e1,ocd-bill/1414dedc-2d17-4ba3-a0ce-f296a28207c7,False,cosponsor
4b215726-cec1-4363-bf09-e710942c1e5f,David R. Coursin,person,,ocd-person/f0fdb4f2-386d-4455-a1ee-2ac9f4eb970c,ocd-bill/1414dedc-2d17-4ba3-a0ce-f296a28207c7,False,cosponsor
bc612f84-002c-4fa0-b0aa-16e3a13edb62,Wendy E.N. Thomas,person,,ocd-person/2375b05c-cf9a-4f1b-a4b0-194fac6d86bf,ocd-bill/1414dedc-2d17-4ba3-a0ce-f296a28207c7,True,primary
8fb49b47-5913-483c-95f7-4ed3b5f3a4cf,Kathryn Stack,person,,ocd-person/ca4638d0-559a-4364-8de0-88f23d35d5a0,ocd-bill/1414dedc-2d17-4ba3-a0ce-f296a28207c7,False,cosponsor
7e10d6d8-a38e-4af2-9d10-af3c68f10e2d,Casey M. Conley,person,,ocd-person/3290a4d4-7403-45f8-adc4-4e26e0fefa09,ocd-bill/1414dedc-2d17-4ba3-a0ce-f296a28207c7,False,cosponsor
d07a0d39-4ddc-480d-9637-9bb6937141ea,Edith M. DesMarais,person,,ocd-person/a6f267a6-78c6-4272-9378-8afe705c350d,ocd-bill/1414dedc-2d17-4ba3-a0ce-f296a28207c7,False,cosponsor
af46af6a-fe17-406e-9b1d-a552b0fe57df,Timothy Josephson,person,,ocd-person/62149ad2-7d4c-42b6-be2b-281618dd7c97,ocd-bill/1414dedc-2d17-4ba3-a0ce-f296a28207c7,False,cosponsor
8aad8f07-6bf3-40ea-b37f-db2bd3fe541c,Amanda C. Bouldin,person,,ocd-person/7ad034dd-b6f2-4314-94d9-cffce7144e5d,ocd-bill/1414dedc-2d17-4ba3-a0ce-f296a28207c7,False,cosponsor
317c5ba1-920e-4c1f-bf8d-b9371d8dbd4d,Jon Morgan,person,,ocd-person/f169c82a-7120-4d67-85d4-d5ff21cd44ef,ocd-bill/76868115-6a06-4627-aef5-38a5a8800f9c,False,cosponsor
79f8a5e3-528f-4c4a-9f49-4199490b6858,Melanie Levesque,person,,ocd-person/282926cd-63f0-4ac4-ad16-5e96eb1c4e0b,ocd-bill/76868115-6a06-4627-aef5-38a5a8800f9c,False,cosponsor
4b5b3228-c382-4a80-bf77-a533ae5ebbb2,Harold F. French,person,,ocd-person/ff11da65-174b-4fdc-b33c-e5d6d56602f0,ocd-bill/76868115-6a06-4627-aef5-38a5a8800f9c,True,primary
a27c60c2-5e17-40d0-9ee1-06814f3b979e,Howard C. Pearl,person,,ocd-person/c4122c6a-ed23-492e-b813-59a0fed1ec86,ocd-bill/76868115-6a06-4627-aef5-38a5a8800f9c,False,cosponsor
b5128d85-ff0f-49a6-bf92-5d89c8b1adfb,Jeb Bradley,person,,ocd-person/3f5455e8-256e-4442-9c13-bc14f62ce76f,ocd-bill/76868115-6a06-4627-aef5-38a5a8800f9c,False,cosponsor
0b2225a6-94ca-4d1b-8c5b-e08f3d0d29d3,Sharon M Carson,person,,ocd-person/00964fc0-dd57-44c3-87bf-b6d5bbc34560,ocd-bill/76868115-6a06-4627-aef5-38a5a8800f9c,False,cosponsor
0aa4af12-8341-40c2-ae0b-cc91b460765e,Melanie Levesque,person,,ocd-person/282926cd-63f0-4ac4-ad16-5e96eb1c4e0b,ocd-bill/8cc89169-8e55-4381-a218-6ddfe3ea1984,False,cosponsor
0310b740-72dc-4f30-bb6b-0059c9600286,Wendy Chase,person,,ocd-person/c24da601-15f1-482c-a234-f8443056c77a,ocd-bill/8cc89169-8e55-4381-a218-6ddfe3ea1984,False,cosponsor
338bce10-331c-4e68-8678-f012a692089c,Anita D. Burroughs,person,,ocd-person/a028512b-5d61-4d23-9e28-dec7038577d6,ocd-bill/8cc89169-8e55-4381-a218-6ddfe3ea1984,False,cosponsor
d4d983af-a6a0-4bcd-930a-df6930a06e5f,Casey M. Conley,person,,ocd-person/3290a4d4-7403-45f8-adc4-4e26e0fefa09,ocd-bill/8cc89169-8e55-4381-a218-6ddfe3ea1984,False,cosponsor
a8533881-712a-466a-80a6-4f74d5953251,Debra Altschiller,person,,ocd-person/925608b2-8d23-4186-85f6-4c50f334374d,ocd-bill/8cc89169-8e55-4381-a218-6ddfe3ea1984,True,primary
2b98e023-1bb1-4d2a-a730-3383b2056f5f,Skip Berrien,person,,ocd-person/c955f3c4-4732-42c2-8615-bc103ee8e0d8,ocd-bill/8cc89169-8e55-4381-a218-6ddfe3ea1984,False,cosponsor
7b876055-1dd0-4c18-b325-83ce2888b921,Mark McLean,person,,ocd-person/b089786f-4435-4822-a7d6-3725cca787bf,ocd-bill/8cc89169-8e55-4381-a218-6ddfe3ea1984,False,cosponsor
2a9f1dab-6509-460d-9aa7-9246a606e077,John Reagan,person,,ocd-person/f516d40a-3676-4437-8285-a931d7c2885b,ocd-bill/8cc89169-8e55-4381-a218-6ddfe3ea1984,False,cosponsor
ae2e253e-9c52-400b-920c-7a0b7ff39ad1,David H Watters,person,,ocd-person/cf24defe-6df3-49f3-88ca-c6774b144f19,ocd-bill/8cc89169-8e55-4381-a218-6ddfe3ea1984,False,cosponsor
16327ebd-95fd-41cb-95a2-194fe7cb9e83,Peter W. Bixby,person,,ocd-person/2c42e95c-0192-4910-9fc6-8a43b58c6467,ocd-bill/70252e8e-df6f-4778-8cdb-dd47d483af5f,True,primary
bebfc949-65dd-4a35-b9c7-c62a929f9239,Jeb Bradley,person,,ocd-person/3f5455e8-256e-4442-9c13-bc14f62ce76f,ocd-bill/70252e8e-df6f-4778-8cdb-dd47d483af5f,False,cosponsor
910ca1a6-07a1-4f0a-b928-c7ad222984d4,Judy F. Aron,person,,ocd-person/533fb85c-c4f0-41f3-9bc6-8b1c422a9693,ocd-bill/16b55059-acb9-44ab-90ce-995937a49a55,False,cosponsor
b2601493-16cf-4344-98d5-dfe7299dc7ad,Linda Rea Camarota,person,,ocd-person/d9a8cfe4-51bc-4af8-9419-4ceb57496028,ocd-bill/16b55059-acb9-44ab-90ce-995937a49a55,True,primary
422c7d5b-4b38-4e84-8463-ff4efdc7053e,David C. Love,person,,ocd-person/1c956ef6-b705-4e9d-af0c-f66d6f44591e,ocd-bill/16b55059-acb9-44ab-90ce-995937a49a55,False,cosponsor
67b91f48-4c30-4ce5-b8a6-72f92326be9f,Kurt F. Wuelper,person,,ocd-person/27f3432f-2a51-4a39-b9c4-814718ae87ed,ocd-bill/16b55059-acb9-44ab-90ce-995937a49a55,False,cosponsor
6ae8b23b-1654-49de-95eb-30b492d95d7c,Linda R. Gould,person,,ocd-person/40ae4adb-2124-47ca-82b5-9eee794af4a2,ocd-bill/16b55059-acb9-44ab-90ce-995937a49a55,False,cosponsor
7ef64708-bb5e-44aa-974a-5774add5607b,John Reagan,person,,ocd-person/f516d40a-3676-4437-8285-a931d7c2885b,ocd-bill/16b55059-acb9-44ab-90ce-995937a49a55,False,cosponsor
fb43f21f-a6b4-4f15-81a9-c6b1f21f23eb,Chuck W. Grassie,person,,ocd-person/8ee07d33-9189-4bfe-b1a1-e15c79fd1114,ocd-bill/90b0cad0-439d-46d8-b52c-8b021f1289b8,False,cosponsor
b5951670-8410-43a1-9463-a6bd5ef888c9,Amanda L. Gourgue,person,,ocd-person/96a9971b-c537-4020-ad31-780dfba6dd95,ocd-bill/90b0cad0-439d-46d8-b52c-8b021f1289b8,False,cosponsor
3654bc7e-2ce5-4a5d-93cd-2f8558dc2827,Suzanne J. Smith,person,,ocd-person/6a75f502-50fd-47e7-8160-1fce1205550e,ocd-bill/90b0cad0-439d-46d8-b52c-8b021f1289b8,False,cosponsor
1e8d87a7-748e-4706-a4dc-b0f3d2b95c93,Judith T. Spang,person,,ocd-person/1c49114b-ec16-4617-8b35-f7ce02d6daa4,ocd-bill/90b0cad0-439d-46d8-b52c-8b021f1289b8,False,cosponsor
859c0528-6069-41e9-acf1-a6beb2175592,Martha Fuller Clark,person,,ocd-person/823e56cb-5c51-4a09-b060-93cdb7f7ac25,ocd-bill/90b0cad0-439d-46d8-b52c-8b021f1289b8,True,primary
1dc825df-d18c-4cd0-9e9a-92a5c3a6a55b,Edward DeClercq,person,,ocd-person/60dd7613-cb9b-4b45-941c-88f1e1e6f322,ocd-bill/e7a015c5-9b7b-4a0d-9e20-d3966f73bb75,False,cosponsor
8b1dacde-133a-4758-9580-4ec026546802,Everett P. McBride,person,,ocd-person/d6ab2257-ead8-45ce-9e50-33ab4269ac5e,ocd-bill/e7a015c5-9b7b-4a0d-9e20-d3966f73bb75,False,cosponsor
b3f51030-af62-48f6-b0d8-4629bfbe642e,John C. Janigian,person,,ocd-person/4c4f4974-0202-43a0-9aba-f41d0f99603a,ocd-bill/e7a015c5-9b7b-4a0d-9e20-d3966f73bb75,True,primary
52165d0b-5383-4823-aae7-83a8b9727079,Betty I. Gay,person,,ocd-person/c2486401-1c5f-4cfc-b4ef-bbae6b8c0489,ocd-bill/e7a015c5-9b7b-4a0d-9e20-d3966f73bb75,False,cosponsor
9ba43a4d-d33e-4f6b-a9eb-a636cdc59e4b,Michael A. Edgar,person,,ocd-person/0f78413a-b328-4856-ab48-21a5d4d614c0,ocd-bill/e7a015c5-9b7b-4a0d-9e20-d3966f73bb75,False,cosponsor
45705f98-b8dc-4351-8b00-5bd7f80373f7,Michael D. Abbott,person,,ocd-person/5aae4f7b-a7b5-467d-8b16-c566da38f624,ocd-bill/e7a015c5-9b7b-4a0d-9e20-d3966f73bb75,False,cosponsor
72c7c7de-c58c-4cfd-9923-34fba20c4b28,Melanie Levesque,person,,ocd-person/282926cd-63f0-4ac4-ad16-5e96eb1c4e0b,ocd-bill/e00c9249-881d-4639-8e60-e7279893042a,False,cosponsor
adf0f433-626f-4f47-a2e1-4cf5d11d16a5,Jack B. Flanagan,person,,ocd-person/6f569d92-87e9-4172-b4f0-e2e78aff07a6,ocd-bill/e00c9249-881d-4639-8e60-e7279893042a,True,primary
e0cd501c-47ba-4f91-b618-9272560980e0,Jon Morgan,person,,ocd-person/f169c82a-7120-4d67-85d4-d5ff21cd44ef,ocd-bill/7fdd0b31-26e4-4ef6-b0b2-081b4a81ab8a,False,cosponsor
46d4654d-54e4-4b43-b6fb-63f64acb337b,Cindy Rosenwald,person,,ocd-person/f3e949ce-6d98-4826-bbca-08039cea4ea4,ocd-bill/7fdd0b31-26e4-4ef6-b0b2-081b4a81ab8a,False,cosponsor
bc844398-2e81-4bac-ab36-20d1b162206a,Melanie Levesque,person,,ocd-person/282926cd-63f0-4ac4-ad16-5e96eb1c4e0b,ocd-bill/7fdd0b31-26e4-4ef6-b0b2-081b4a81ab8a,False,cosponsor
ccecdb7a-516e-4fb7-b7e4-2a128b65b38c,Shannon E Chandley,person,,,ocd-bill/7fdd0b31-26e4-4ef6-b0b2-081b4a81ab8a,False,cosponsor
e7560172-f508-47ba-bbc0-48028767fcfb,David J Starr,person,,ocd-person/b19ae598-8107-4959-b150-586deb9c9852,ocd-bill/7fdd0b31-26e4-4ef6-b0b2-081b4a81ab8a,False,cosponsor
29555834-8288-444f-ab90-c7077ff23cea,Wendy E.N. Thomas,person,,ocd-person/2375b05c-cf9a-4f1b-a4b0-194fac6d86bf,ocd-bill/7fdd0b31-26e4-4ef6-b0b2-081b4a81ab8a,False,cosponsor
eb341390-82f7-490a-afad-c6d00ee16460,Tom Sherman,person,,ocd-person/ee95d0de-e55e-4733-ba97-0fde66adf65c,ocd-bill/7fdd0b31-26e4-4ef6-b0b2-081b4a81ab8a,False,cosponsor
ae5cd341-6e73-4bc7-bd2d-249a868e70be,Kevin Cavanaugh,person,,ocd-person/7fb2bb33-cbdb-4dfd-9369-64f19f179777,ocd-bill/7fdd0b31-26e4-4ef6-b0b2-081b4a81ab8a,False,cosponsor
daee906e-7595-48ed-917e-b52fcddbc07a,Jay Kahn,person,,ocd-person/998e681b-6df1-4b4a-92db-7a2187cedcd8,ocd-bill/7fdd0b31-26e4-4ef6-b0b2-081b4a81ab8a,True,primary
fb151b51-6eef-420a-9616-327200be4e69,James P. Gray,person,,ocd-person/e6443187-eb51-42eb-8bd7-349ed0ba9641,ocd-bill/7fdd0b31-26e4-4ef6-b0b2-081b4a81ab8a,False,cosponsor
25d7987a-9e6a-446d-b4e6-3f5c5ca4bf5e,Martha S. Hennessey,person,,ocd-person/f2700034-7f3d-4834-bb66-b848a7ca748a,ocd-bill/7fdd0b31-26e4-4ef6-b0b2-081b4a81ab8a,False,cosponsor
6f42893a-454f-4bba-87e6-71070ee9cb6e,David J. Luneau,person,,ocd-person/c3c9bb99-9512-4bec-be04-d8b29ea96f3e,ocd-bill/7fdd0b31-26e4-4ef6-b0b2-081b4a81ab8a,False,cosponsor
440335f7-4454-4f68-ae63-57d110fd7121,Donna M. Soucy,person,,ocd-person/bfbbacfd-e12a-4e07-970e-c2c2c006f4a2,ocd-bill/7fdd0b31-26e4-4ef6-b0b2-081b4a81ab8a,False,cosponsor
b9958877-36d8-4782-aa1b-46fc9f38e147,David H Watters,person,,ocd-person/cf24defe-6df3-49f3-88ca-c6774b144f19,ocd-bill/7fdd0b31-26e4-4ef6-b0b2-081b4a81ab8a,False,cosponsor
646d3ee6-da4e-4215-a401-e41043a6c911,Sharon M Carson,person,,ocd-person/00964fc0-dd57-44c3-87bf-b6d5bbc34560,ocd-bill/7fdd0b31-26e4-4ef6-b0b2-081b4a81ab8a,False,cosponsor
d3a3f2e4-8e11-4e68-ace0-de30e6d1a210,Martha Fuller Clark,person,,ocd-person/823e56cb-5c51-4a09-b060-93cdb7f7ac25,ocd-bill/7fdd0b31-26e4-4ef6-b0b2-081b4a81ab8a,False,cosponsor
7b9e8a69-2a72-4f94-846a-179569d073e5,Judy F. Aron,person,,ocd-person/533fb85c-c4f0-41f3-9bc6-8b1c422a9693,ocd-bill/1da5d49d-9850-4faa-929d-3bf61bb3167e,False,cosponsor
f8822386-89aa-4834-9c31-035ee9d67fc5,James C. Allard,person,,ocd-person/65336609-c7d5-4518-9d70-44e6e4058fb7,ocd-bill/1da5d49d-9850-4faa-929d-3bf61bb3167e,True,primary
c4833760-c66a-49b1-918c-e176b2d967db,Stephen L. Woodcock,person,,ocd-person/bdde38b3-3210-4b2d-890b-bbf2d2bf314a,ocd-bill/1da5d49d-9850-4faa-929d-3bf61bb3167e,False,cosponsor
c4d042fc-ede6-41ef-90b7-4e87f5fc4a21,William M. Marsh,person,,ocd-person/22006937-f2ca-4a2e-b92a-457777933dc7,ocd-bill/1da5d49d-9850-4faa-929d-3bf61bb3167e,False,cosponsor
7ba0fbde-4e6f-4a18-a8bb-28ef932ab927,Jon Morgan,person,,ocd-person/f169c82a-7120-4d67-85d4-d5ff21cd44ef,ocd-bill/5c2e84e7-fbba-4a07-a79d-991396d4647a,False,cosponsor
2bed938a-da54-4a3d-babc-bbc9b6ca78e9,Cindy Rosenwald,person,,ocd-person/f3e949ce-6d98-4826-bbca-08039cea4ea4,ocd-bill/5c2e84e7-fbba-4a07-a79d-991396d4647a,False,cosponsor
d678320a-5766-44f8-bfeb-f119ba4a6bf9,Melanie Levesque,person,,ocd-person/282926cd-63f0-4ac4-ad16-5e96eb1c4e0b,ocd-bill/5c2e84e7-fbba-4a07-a79d-991396d4647a,False,cosponsor
c4c6f4f7-ffcc-4a5e-add3-9a60d88103ce,Shannon E Chandley,person,,,ocd-bill/5c2e84e7-fbba-4a07-a79d-991396d4647a,False,cosponsor
c7f9ca24-0bec-46b8-9681-805b37a7a69f,Jeanne Dietsch,person,,ocd-person/8e7e0c04-e019-4ffe-a281-18beee5d939f,ocd-bill/5c2e84e7-fbba-4a07-a79d-991396d4647a,False,cosponsor
9730d370-c491-47ac-8b6b-3616aa193185,Megan A. Murray,person,,ocd-person/f1902aac-3930-478d-9e89-60cef8bcae0b,ocd-bill/5c2e84e7-fbba-4a07-a79d-991396d4647a,False,cosponsor
132bd642-2755-4791-afc7-c4aa2ce31b5f,Jay Kahn,person,,ocd-person/998e681b-6df1-4b4a-92db-7a2187cedcd8,ocd-bill/5c2e84e7-fbba-4a07-a79d-991396d4647a,False,cosponsor
149e7c27-9531-4bbe-9951-8f8a3e5cb07a,Martha S. Hennessey,person,,ocd-person/f2700034-7f3d-4834-bb66-b848a7ca748a,ocd-bill/5c2e84e7-fbba-4a07-a79d-991396d4647a,False,cosponsor
947ca61f-04e2-4778-a874-7b68a0029c0b,Dan H. Wolf,person,,ocd-person/d24c83af-3362-4925-9c05-a6b776d3314c,ocd-bill/5c2e84e7-fbba-4a07-a79d-991396d4647a,False,cosponsor
20b9f059-c990-4b65-8ea7-6d141ebcf14f,Karen E. Ebel,person,,ocd-person/947e2e2b-04eb-4f92-9f83-aef8760517e0,ocd-bill/5c2e84e7-fbba-4a07-a79d-991396d4647a,False,cosponsor
14acd53c-98e1-4f24-a389-7ebabc725e85,John T. O'Connor,person,,ocd-person/60882336-f4d2-45e4-b194-d2b99cae7610,ocd-bill/5c2e84e7-fbba-4a07-a79d-991396d4647a,False,cosponsor
c93445df-8a6e-4469-a6ea-a2c90f6ebc4c,David H Watters,person,,ocd-person/cf24defe-6df3-49f3-88ca-c6774b144f19,ocd-bill/5c2e84e7-fbba-4a07-a79d-991396d4647a,True,primary
ce7e9d37-a670-4122-a5e8-a8b56eab9610,Jeb Bradley,person,,ocd-person/3f5455e8-256e-4442-9c13-bc14f62ce76f,ocd-bill/5c2e84e7-fbba-4a07-a79d-991396d4647a,False,cosponsor
7c6e785a-acf6-4513-8da0-a8c87f701b5f,Martha Fuller Clark,person,,ocd-person/823e56cb-5c51-4a09-b060-93cdb7f7ac25,ocd-bill/5c2e84e7-fbba-4a07-a79d-991396d4647a,False,cosponsor
e89c63d6-90b1-413d-a93f-bfcaf59affb4,Lou D'Allesandro,person,,ocd-person/87c48788-817d-408b-a1e1-ebe1c9fd893d,ocd-bill/5c2e84e7-fbba-4a07-a79d-991396d4647a,False,cosponsor
5b46df3b-0489-4881-83ea-0a145954af07,Cassandra N. Levesque,person,,ocd-person/711423e3-ff28-4150-8a89-ec568a4f2c5d,ocd-bill/dea3a5cf-b30f-4ba2-afc2-2732b08a2c78,False,cosponsor
ca60df44-0764-4e2e-a8e4-177b1ae6ea8d,Deborah L. Hobson,person,,ocd-person/6e4aa2d5-d1c7-4009-950f-e5ebedea7189,ocd-bill/dea3a5cf-b30f-4ba2-afc2-2732b08a2c78,False,cosponsor
6388bae6-a73f-47fb-8a25-9d1620e1307b,David Meuse,person,,ocd-person/4b449f0f-2024-4e18-bbbd-7f0bbcfa8cac,ocd-bill/dea3a5cf-b30f-4ba2-afc2-2732b08a2c78,False,cosponsor
8d3984e7-eeae-450a-a6c7-539003eb6900,Patricia J. Bushway,person,,ocd-person/a10abdb8-c143-498c-8b8a-1e6836699d7b,ocd-bill/dea3a5cf-b30f-4ba2-afc2-2732b08a2c78,False,cosponsor
9c24a146-5723-45c5-a2e1-c3e3d3f5c350,Tom Sherman,person,,ocd-person/ee95d0de-e55e-4733-ba97-0fde66adf65c,ocd-bill/dea3a5cf-b30f-4ba2-afc2-2732b08a2c78,False,cosponsor
06c60f8e-a0ce-413b-b1cd-74af30be82c7,Mark A. Pearson,person,,,ocd-bill/dea3a5cf-b30f-4ba2-afc2-2732b08a2c78,False,cosponsor
f1b98d8b-3c06-43fe-8f06-d87fb653e2a6,Timothy Josephson,person,,ocd-person/62149ad2-7d4c-42b6-be2b-281618dd7c97,ocd-bill/dea3a5cf-b30f-4ba2-afc2-2732b08a2c78,False,cosponsor
0e688497-bb93-4579-a466-ac74ec0e2361,Dan Feltes,person,,ocd-person/e97501d7-4bef-403f-8d48-9fcecc980cf5,ocd-bill/dea3a5cf-b30f-4ba2-afc2-2732b08a2c78,False,cosponsor
57a469a1-2dfc-4d11-84ba-1e5f71ba4ac9,Robert Renny Cushing,person,,ocd-person/cdb3279c-243a-4ca0-8e83-fcb10a975736,ocd-bill/dea3a5cf-b30f-4ba2-afc2-2732b08a2c78,True,primary
64298443-7779-42a8-a5e3-84bbdcc8f52e,Martha Fuller Clark,person,,ocd-person/823e56cb-5c51-4a09-b060-93cdb7f7ac25,ocd-bill/dea3a5cf-b30f-4ba2-afc2-2732b08a2c78,False,cosponsor
fcef9435-0088-42fc-b631-a2b070405309,Wendy Chase,person,,ocd-person/c24da601-15f1-482c-a234-f8443056c77a,ocd-bill/65cf7ee6-e394-46fd-8128-04c0ae41059b,False,cosponsor
90f4532c-2f0a-46dd-86ca-b65313bc3de9,David R. Coursin,person,,ocd-person/f0fdb4f2-386d-4455-a1ee-2ac9f4eb970c,ocd-bill/65cf7ee6-e394-46fd-8128-04c0ae41059b,False,cosponsor
80ba9995-3873-4487-ad80-4e01be9dadff,Wendy E.N. Thomas,person,,ocd-person/2375b05c-cf9a-4f1b-a4b0-194fac6d86bf,ocd-bill/65cf7ee6-e394-46fd-8128-04c0ae41059b,True,primary
72a19ec6-645b-4b0c-bd4c-aec5d959a632,Kathryn Stack,person,,ocd-person/ca4638d0-559a-4364-8de0-88f23d35d5a0,ocd-bill/65cf7ee6-e394-46fd-8128-04c0ae41059b,False,cosponsor
e94dbaf7-a41e-43cc-967f-4c893c936d88,Edith M. DesMarais,person,,ocd-person/a6f267a6-78c6-4272-9378-8afe705c350d,ocd-bill/65cf7ee6-e394-46fd-8128-04c0ae41059b,False,cosponsor
ec11583e-9ef5-49f1-8a69-cd79567b9019,Sherry A. Frost,person,,ocd-person/62916f8e-e193-463d-9dcc-f35f60d836db,ocd-bill/65cf7ee6-e394-46fd-8128-04c0ae41059b,False,cosponsor
8712fe6a-3f2a-410c-9976-d085919a3eb0,Charlotte I. DiLorenzo,person,,ocd-person/75a682ff-407d-4192-858d-9ce6a979c400,ocd-bill/65cf7ee6-e394-46fd-8128-04c0ae41059b,False,cosponsor
47416e2c-f7d7-4662-9184-38f1d69c7b8f,Mary A. Eisner,person,,ocd-person/a9ac3600-6a7f-4d8c-ba5f-a20b3dfba0e6,ocd-bill/65cf7ee6-e394-46fd-8128-04c0ae41059b,False,cosponsor
da406191-6a7c-4efe-9472-381e36d16246,Jon Morgan,person,,ocd-person/f169c82a-7120-4d67-85d4-d5ff21cd44ef,ocd-bill/22e2c457-0a3a-4d91-9a65-76e64b60a569,False,cosponsor
bd943177-6155-4e81-b2f1-2738b07a7b69,Melanie Levesque,person,,ocd-person/282926cd-63f0-4ac4-ad16-5e96eb1c4e0b,ocd-bill/22e2c457-0a3a-4d91-9a65-76e64b60a569,False,cosponsor
acf39c0d-604c-42cf-91d8-c61cae7e93b4,David J. Luneau,person,,ocd-person/c3c9bb99-9512-4bec-be04-d8b29ea96f3e,ocd-bill/22e2c457-0a3a-4d91-9a65-76e64b60a569,True,primary
f6d8bd74-2c98-4a24-b13c-3ec43fa4315a,Keith Erf,person,,ocd-person/0e6b2514-25d6-4e16-bcbd-5029e90df22d,ocd-bill/49d8a431-b9fb-4d9d-919a-4710baa11e96,False,cosponsor
23d688b7-c020-4c1d-8fe6-d6a11dacb5ab,Ruth Ward,person,,ocd-person/9089a509-1f26-4770-adc6-199ed716e692,ocd-bill/49d8a431-b9fb-4d9d-919a-4710baa11e96,True,primary
1d732200-5671-4737-b9c6-c9c61f9c50d3,Regina Birdsell,person,,ocd-person/461c9024-c8c3-44a5-91d6-015a6587db5f,ocd-bill/49d8a431-b9fb-4d9d-919a-4710baa11e96,False,cosponsor
1dcaa3f7-e0af-404b-b50c-1478acc2677d,Steven D. Smith,person,,ocd-person/129a2970-07b9-4136-aae1-15c689edca40,ocd-bill/49d8a431-b9fb-4d9d-919a-4710baa11e96,False,cosponsor
9d7a4f33-e7a3-4546-bfa6-d03d5cbd3b60,Sue M. Mullen,person,,ocd-person/07c19313-fcb0-476b-b240-e299c55888f7,ocd-bill/7392779b-48d6-445e-8bd9-dbc7d249a823,False,cosponsor
cd0b2ec0-35ba-422e-8463-f4ba7df3bdbe,Mark Vallone,person,,ocd-person/208012dd-f741-412c-9727-d7e8aa0fe8b0,ocd-bill/7392779b-48d6-445e-8bd9-dbc7d249a823,False,cosponsor
ef6f62a4-f711-4598-94d2-f6e67c4ca41a,Arthur S. Ellison,person,,ocd-person/677500cb-eb95-4ad1-b3f5-02894c28e369,ocd-bill/7392779b-48d6-445e-8bd9-dbc7d249a823,False,cosponsor
1cdd64b9-c4dd-4ac2-9f59-3a27b92436bc,Andrew J. Bouldin,person,,ocd-person/ad413289-53c5-4966-9f0f-fd392d95a827,ocd-bill/7392779b-48d6-445e-8bd9-dbc7d249a823,False,cosponsor
9a8905bc-7127-425d-ba7b-bd65e8fc4d02,Stephen L. Woodcock,person,,ocd-person/bdde38b3-3210-4b2d-890b-bbf2d2bf314a,ocd-bill/7392779b-48d6-445e-8bd9-dbc7d249a823,False,cosponsor
0a95add8-29d5-4ba4-abb9-4c677415262f,Tamara N. Le,person,,ocd-person/a0a449a7-07c5-49cb-b928-080ffa433cf3,ocd-bill/7392779b-48d6-445e-8bd9-dbc7d249a823,False,cosponsor
23146192-d198-4794-98ef-b90b914a1570,David B. Doherty,person,,ocd-person/b2b46bdc-a9ee-4d6a-8535-93bea4190ddb,ocd-bill/7392779b-48d6-445e-8bd9-dbc7d249a823,True,primary
9b166af4-3268-41a2-93f1-3d937e7f1cee,Patricia Cornell,person,,ocd-person/e657ef2c-bfc3-4a08-99fe-4456be3bfe2a,ocd-bill/7392779b-48d6-445e-8bd9-dbc7d249a823,False,cosponsor
cf9fc349-7972-4930-bc02-846e3427181e,Lisa H. Bunker,person,,ocd-person/781ad4d7-babf-4d46-82f6-aff2d3c8215f,ocd-bill/2aad371d-98a3-4a32-be43-8a0b518358ec,False,cosponsor
553fef96-2ee2-4336-81cc-46a8f09196c1,Jacqueline H. Chretien,person,,ocd-person/8e044671-4143-41a6-a341-6c8514bb2d66,ocd-bill/2aad371d-98a3-4a32-be43-8a0b518358ec,False,cosponsor
71618466-d7ca-4772-a6c7-d0dbdbb5dba5,Timothy Josephson,person,,ocd-person/62149ad2-7d4c-42b6-be2b-281618dd7c97,ocd-bill/2aad371d-98a3-4a32-be43-8a0b518358ec,False,cosponsor
18a893ce-6a61-4466-a57f-a31b01233aae,Michael D. Abbott,person,,ocd-person/5aae4f7b-a7b5-467d-8b16-c566da38f624,ocd-bill/2aad371d-98a3-4a32-be43-8a0b518358ec,False,cosponsor
f36f0f4f-e019-4d1a-8f89-8732288be1b0,Mary Heath,person,,ocd-person/03bba97f-9b7c-4c33-adb7-e5202a6bd040,ocd-bill/2aad371d-98a3-4a32-be43-8a0b518358ec,False,cosponsor
28c3846c-71c8-4f27-b282-634118d031cd,Paul S. Berch,person,,ocd-person/f96a072d-9add-44b0-8028-0ec057f31f52,ocd-bill/2aad371d-98a3-4a32-be43-8a0b518358ec,False,cosponsor
c24ceea9-8baf-48da-90d6-f0ef6a2996f5,Timothy O. Horrigan,person,,ocd-person/2a11a559-c16e-4211-82ea-215951d74c1f,ocd-bill/2aad371d-98a3-4a32-be43-8a0b518358ec,False,cosponsor
1046a692-906e-426d-ba6e-8afae37fc68e,Katherine D. Rogers,person,,ocd-person/f9421528-ffb6-46f3-82bc-70b0329db823,ocd-bill/2aad371d-98a3-4a32-be43-8a0b518358ec,True,primary
df66be7e-ab9d-4d49-9013-9febecdae43f,David J. Luneau,person,,ocd-person/c3c9bb99-9512-4bec-be04-d8b29ea96f3e,ocd-bill/e9165bb7-1484-4351-bcbd-e880f5fd1162,True,primary
61dfe17f-87ce-4a61-99dd-01f491f8a318,Kenneth D. Wells,person,,ocd-person/b75e76bb-fa97-46f2-a164-d33141705950,ocd-bill/dc7493cb-5f77-4982-8f82-d034887e0f63,False,cosponsor
7f599fc3-bd40-49e9-8053-6b9530e2536d,Kat McGhee,person,,ocd-person/4c8bec8a-e86d-4316-8b2e-2f8c4157cae5,ocd-bill/dc7493cb-5f77-4982-8f82-d034887e0f63,False,cosponsor
918ab5e7-0a73-4ad0-839b-995f51d49f96,George L. Saunderson,person,,ocd-person/633b7bd0-b605-42ae-837a-4d7d392e085e,ocd-bill/dc7493cb-5f77-4982-8f82-d034887e0f63,False,cosponsor
f2a73b3d-413c-4524-bf7a-19b4a1f77706,Lee Walker Oxenham,person,,ocd-person/f3fb87b7-7fb5-432a-9fb2-bd15170f1275,ocd-bill/dc7493cb-5f77-4982-8f82-d034887e0f63,True,primary
aeb60e9f-ba02-4871-a2c8-7fe695c8fe75,John E. Mann,person,,ocd-person/a8024476-bf44-4932-b6eb-e1f6af0a2298,ocd-bill/dc7493cb-5f77-4982-8f82-d034887e0f63,False,cosponsor
152cb307-89d5-4ae8-b74a-674de1fd4321,Robert A. Backus,person,,ocd-person/957f04df-63d1-4b88-b876-436a9cd17248,ocd-bill/dc7493cb-5f77-4982-8f82-d034887e0f63,False,cosponsor
80acf57a-b01c-424c-a7ce-b7f0411984c2,Shannon E Chandley,person,,,ocd-bill/f4d38f90-16f7-4819-b8e0-bdc217f9a31b,True,primary
a4ac0a62-4da3-41a8-a004-ddf450bb632f,Matthew B. Wilhelm,person,,ocd-person/61d2e8f3-f2b9-4357-81af-fe982ee1821f,ocd-bill/f4d38f90-16f7-4819-b8e0-bdc217f9a31b,False,cosponsor
5f6233e0-8a65-4660-a1b7-93f5c37abd2b,Megan A. Murray,person,,ocd-person/f1902aac-3930-478d-9e89-60cef8bcae0b,ocd-bill/f4d38f90-16f7-4819-b8e0-bdc217f9a31b,False,cosponsor
ecddf221-e7cd-4c91-850b-c00f2e356d1b,Patrick T. Long,person,,ocd-person/14d0ff58-3340-4344-bb79-c6acd5f8ba6c,ocd-bill/f4d38f90-16f7-4819-b8e0-bdc217f9a31b,False,cosponsor
46a92aca-d589-4ecd-9cfe-52132879d017,Jeb Bradley,person,,ocd-person/3f5455e8-256e-4442-9c13-bc14f62ce76f,ocd-bill/f4d38f90-16f7-4819-b8e0-bdc217f9a31b,False,cosponsor
8f493fed-7723-4ad7-8e05-0b4eebd6fc4f,Sharon M Carson,person,,ocd-person/00964fc0-dd57-44c3-87bf-b6d5bbc34560,ocd-bill/f4d38f90-16f7-4819-b8e0-bdc217f9a31b,False,cosponsor
695fe26f-0eba-4658-a747-47841dd4532f,Martha Fuller Clark,person,,ocd-person/823e56cb-5c51-4a09-b060-93cdb7f7ac25,ocd-bill/f4d38f90-16f7-4819-b8e0-bdc217f9a31b,False,cosponsor
5c5162b2-da84-4f50-acb1-005771f36a43,Patrick T. Long,person,,ocd-person/14d0ff58-3340-4344-bb79-c6acd5f8ba6c,ocd-bill/fa201f6e-c4fe-4e57-9783-a5aecfc52076,True,primary
dc83cfe3-1348-4f51-bf8f-3d69146e93dd,Martha S. Hennessey,person,,ocd-person/f2700034-7f3d-4834-bb66-b848a7ca748a,ocd-bill/74c82cf6-0e90-4bd5-a62f-bc18898ba54f,False,cosponsor
87bcaa2b-183d-4347-ac9e-ad2458b6f235,Robert A. Backus,person,,ocd-person/957f04df-63d1-4b88-b876-436a9cd17248,ocd-bill/74c82cf6-0e90-4bd5-a62f-bc18898ba54f,False,cosponsor
6546e442-7e2f-458d-8663-286239aa6b12,Richard Ames,person,,ocd-person/47c165c7-ecd9-4b88-b9f7-2e58e8e290d4,ocd-bill/74c82cf6-0e90-4bd5-a62f-bc18898ba54f,False,cosponsor
1559c908-10c4-4643-a75e-7903e7b9b0dc,Norman L. Major,person,,ocd-person/f210808d-53ac-4e23-ade2-7bdb60a8e559,ocd-bill/74c82cf6-0e90-4bd5-a62f-bc18898ba54f,False,cosponsor
842f9072-78fd-4758-a665-e382ad20c497,David H Watters,person,,ocd-person/cf24defe-6df3-49f3-88ca-c6774b144f19,ocd-bill/74c82cf6-0e90-4bd5-a62f-bc18898ba54f,True,primary
291a54d6-77f5-4eb1-855c-0681009007b0,Shannon E Chandley,person,,,ocd-bill/55fa9af5-c97c-4fdc-8e61-50d675e7a6b1,False,cosponsor
94a50ab1-b293-483a-921e-483f2e4dfceb,Ruth Ward,person,,ocd-person/9089a509-1f26-4770-adc6-199ed716e692,ocd-bill/55fa9af5-c97c-4fdc-8e61-50d675e7a6b1,False,cosponsor
8777a479-cbfd-4ea5-8f3d-6c2512f003bc,James P. Gray,person,,ocd-person/e6443187-eb51-42eb-8bd7-349ed0ba9641,ocd-bill/55fa9af5-c97c-4fdc-8e61-50d675e7a6b1,True,primary
1939d866-1a2a-41dd-b734-4dc2e9a38c66,Martha S. Hennessey,person,,ocd-person/f2700034-7f3d-4834-bb66-b848a7ca748a,ocd-bill/55fa9af5-c97c-4fdc-8e61-50d675e7a6b1,False,cosponsor
7f450655-da6c-4c80-bbad-fb62cdaf2709,Bob J. Giuda,person,,ocd-person/7739a4d0-534e-4bdb-b7fb-6a8f348e833e,ocd-bill/55fa9af5-c97c-4fdc-8e61-50d675e7a6b1,False,cosponsor
f0c43500-0872-4659-9a4e-011ff9fce301,Regina Birdsell,person,,ocd-person/461c9024-c8c3-44a5-91d6-015a6587db5f,ocd-bill/55fa9af5-c97c-4fdc-8e61-50d675e7a6b1,False,cosponsor
12f85d80-c2a8-425c-9256-e94f05c808bc,John Reagan,person,,ocd-person/f516d40a-3676-4437-8285-a931d7c2885b,ocd-bill/55fa9af5-c97c-4fdc-8e61-50d675e7a6b1,False,cosponsor
9bb0fdc9-6aca-47cc-808a-3f785226edb1,David H Watters,person,,ocd-person/cf24defe-6df3-49f3-88ca-c6774b144f19,ocd-bill/55fa9af5-c97c-4fdc-8e61-50d675e7a6b1,False,cosponsor
20f131e9-f22d-4cc9-8503-2506597afb27,Jeb Bradley,person,,ocd-person/3f5455e8-256e-4442-9c13-bc14f62ce76f,ocd-bill/55fa9af5-c97c-4fdc-8e61-50d675e7a6b1,False,cosponsor
fa3659ac-fa8e-4303-9c28-b7e8afedf41d,Sharon M Carson,person,,ocd-person/00964fc0-dd57-44c3-87bf-b6d5bbc34560,ocd-bill/55fa9af5-c97c-4fdc-8e61-50d675e7a6b1,False,cosponsor
406fa4d0-e136-4c6c-bf30-a3868ba9f091,Gary Merchant,person,,ocd-person/78078880-ab6f-4f87-b095-8b85c31f1780,ocd-bill/179372a8-97b3-4832-a983-721625a383a2,False,cosponsor
db8fdca8-cd84-494b-8d8f-f4137c56088f,Cam E. Kenney,person,,ocd-person/9f35ea7b-b937-4b06-8be5-5cfbc83381e1,ocd-bill/179372a8-97b3-4832-a983-721625a383a2,False,cosponsor
f99e5c1a-7bf0-4bf3-88ad-93f0c55f9e97,Joshua F. Query,person,,ocd-person/8961ce37-7b3f-4eb8-b666-41e6de86c157,ocd-bill/179372a8-97b3-4832-a983-721625a383a2,False,cosponsor
2076b4ea-603d-4e5f-bc15-dd83b9805160,Joyce Weston,person,,ocd-person/2dbea6d6-0221-41de-98bf-508b14eb085d,ocd-bill/179372a8-97b3-4832-a983-721625a383a2,False,cosponsor
51472925-9727-46a8-9206-c0106ccaf403,Jerry L. Knirk,person,,ocd-person/ce0bd184-d264-46d8-87fc-f2590e2a1ed1,ocd-bill/179372a8-97b3-4832-a983-721625a383a2,False,cosponsor
7d51ddb0-366a-4344-89db-bb0ef33a34f0,William M. Marsh,person,,ocd-person/22006937-f2ca-4a2e-b92a-457777933dc7,ocd-bill/179372a8-97b3-4832-a983-721625a383a2,False,cosponsor
98bd8eca-6e33-4aeb-a83a-c8aade237151,Peter B. Schmidt,person,,ocd-person/16654889-3b48-44d6-a6d3-8da5d7a434f1,ocd-bill/179372a8-97b3-4832-a983-721625a383a2,False,cosponsor
0064cb6d-8d1a-44f7-81a6-c77814343355,Cindy Rosenwald,person,,ocd-person/f3e949ce-6d98-4826-bbca-08039cea4ea4,ocd-bill/24f17696-bc5f-4f5f-80d8-4f213a498c70,False,cosponsor
13878f0f-75f2-4469-8a00-7fed5584c771,Kristina M. Fargo,person,,ocd-person/c7e2f9aa-ff57-4a2e-9253-3bb9cf528c17,ocd-bill/24f17696-bc5f-4f5f-80d8-4f213a498c70,False,cosponsor
5a014f81-c5f3-4f46-8127-44855bb89c24,Gary L. Woods,person,,ocd-person/5d98b66b-f4d1-4776-953f-67dc348fdd12,ocd-bill/24f17696-bc5f-4f5f-80d8-4f213a498c70,False,cosponsor
5d3e21de-0d89-40e2-a154-89d71fb69823,Greg L. Indruk,person,,ocd-person/b5b2c27f-4abf-49d3-a002-11f9070a6de5,ocd-bill/24f17696-bc5f-4f5f-80d8-4f213a498c70,False,cosponsor
8692840a-50f9-40ff-8b5b-3b20e47f2d8c,Tom Sherman,person,,ocd-person/ee95d0de-e55e-4733-ba97-0fde66adf65c,ocd-bill/24f17696-bc5f-4f5f-80d8-4f213a498c70,False,cosponsor
42e6eaf5-eba5-4a45-9cc2-f2439eba499c,Joelle Martin,person,,ocd-person/ed48590f-6af4-4e9f-99d6-16227870b44f,ocd-bill/24f17696-bc5f-4f5f-80d8-4f213a498c70,False,cosponsor
7fdebe0b-8528-4b90-a3b8-41b323eeb04a,Richard G. Osborne,person,,ocd-person/09ecd5f5-189e-401e-9950-840b58d886c2,ocd-bill/24f17696-bc5f-4f5f-80d8-4f213a498c70,False,cosponsor
cd03410e-534d-4024-b91e-0cfa6a9fe77c,Jerry L. Knirk,person,,ocd-person/ce0bd184-d264-46d8-87fc-f2590e2a1ed1,ocd-bill/24f17696-bc5f-4f5f-80d8-4f213a498c70,True,primary
dc2e9150-5585-488b-9eb6-d4aaadb3143d,William M. Marsh,person,,ocd-person/22006937-f2ca-4a2e-b92a-457777933dc7,ocd-bill/24f17696-bc5f-4f5f-80d8-4f213a498c70,False,cosponsor
44e75c7c-a41f-4fa5-af10-b5480947c18b,Karel A. Crawford,person,,ocd-person/a0936f2f-8170-47f9-8b05-6c6697a95968,ocd-bill/24f17696-bc5f-4f5f-80d8-4f213a498c70,False,cosponsor
e3b33207-2ede-46f3-9ba1-22eeb4729e13,Cindy Rosenwald,person,,ocd-person/f3e949ce-6d98-4826-bbca-08039cea4ea4,ocd-bill/a5e349eb-b864-4148-8f57-d4662cd116c0,True,primary
8a3acc11-1b0d-4915-ac1d-ff38ac24db14,Tom Sherman,person,,ocd-person/ee95d0de-e55e-4733-ba97-0fde66adf65c,ocd-bill/a5e349eb-b864-4148-8f57-d4662cd116c0,False,cosponsor
8b5ef501-8432-4907-9e75-02960229a699,Bob J. Giuda,person,,ocd-person/7739a4d0-534e-4bdb-b7fb-6a8f348e833e,ocd-bill/a5e349eb-b864-4148-8f57-d4662cd116c0,False,cosponsor
31c94d53-6382-4d27-8166-a12c096d5328,Polly Kent Campion,person,,ocd-person/8af71573-9095-434b-9fc7-6b244e40b3bb,ocd-bill/a5e349eb-b864-4148-8f57-d4662cd116c0,False,cosponsor
0e11d901-a7e2-49fa-8837-ba2247a61ca6,William M. Marsh,person,,ocd-person/22006937-f2ca-4a2e-b92a-457777933dc7,ocd-bill/a5e349eb-b864-4148-8f57-d4662cd116c0,False,cosponsor
d7232677-a93e-4289-89ff-f454db663a86,Jennifer Bernet,person,,ocd-person/be22e6b9-c696-4f33-aae5-29e728c0ef27,ocd-bill/a5e349eb-b864-4148-8f57-d4662cd116c0,False,cosponsor
ff95f872-843a-4b5a-8c8f-098bdb7a8193,David J. Danielson,person,,ocd-person/62c43933-5aea-4a05-9ac8-f26c688b2367,ocd-bill/a5e349eb-b864-4148-8f57-d4662cd116c0,False,cosponsor
c82e651f-3748-4756-be7e-61b433f5364a,Sharon L. Nordgren,person,,ocd-person/21d388d8-9203-4ffb-a4f5-66f843484349,ocd-bill/a5e349eb-b864-4148-8f57-d4662cd116c0,False,cosponsor
01ff1296-d23d-49f6-865a-afc885bcc1f9,Donna M. Soucy,person,,ocd-person/bfbbacfd-e12a-4e07-970e-c2c2c006f4a2,ocd-bill/a5e349eb-b864-4148-8f57-d4662cd116c0,False,cosponsor
63f9205a-17fc-4786-afac-4aad90f13b41,Jeb Bradley,person,,ocd-person/3f5455e8-256e-4442-9c13-bc14f62ce76f,ocd-bill/a5e349eb-b864-4148-8f57-d4662cd116c0,False,cosponsor
d75954a7-58c2-4a55-ae0e-6bc86d099b7d,Melanie Levesque,person,,ocd-person/282926cd-63f0-4ac4-ad16-5e96eb1c4e0b,ocd-bill/3b12c023-f5e5-4a16-97d8-9f41c0617b42,False,cosponsor
47a98963-396c-4023-9fc3-a33d52708d05,Martha S. Hennessey,person,,ocd-person/f2700034-7f3d-4834-bb66-b848a7ca748a,ocd-bill/3b12c023-f5e5-4a16-97d8-9f41c0617b42,False,cosponsor
14b57580-164a-44bc-bb32-7ac085f4ccff,Jeb Bradley,person,,ocd-person/3f5455e8-256e-4442-9c13-bc14f62ce76f,ocd-bill/3b12c023-f5e5-4a16-97d8-9f41c0617b42,False,cosponsor
9a49bd15-73d3-4758-ba9d-c6262ed7f31a,Martha Fuller Clark,person,,ocd-person/823e56cb-5c51-4a09-b060-93cdb7f7ac25,ocd-bill/3b12c023-f5e5-4a16-97d8-9f41c0617b42,True,primary
dab69954-884b-4aeb-8a77-59cf59a9067a,Steven D. Smith,person,,ocd-person/129a2970-07b9-4136-aae1-15c689edca40,ocd-bill/6ca615a8-da12-499a-8d28-a7fa1de6ce01,False,cosponsor
822be047-29d5-4c43-8e47-666f3753923b,Jack B. Flanagan,person,,ocd-person/6f569d92-87e9-4172-b4f0-e2e78aff07a6,ocd-bill/6ca615a8-da12-499a-8d28-a7fa1de6ce01,True,primary
8df524c4-2e32-4b89-a093-ceb18e0e4586,Sherman A. Packard,person,,ocd-person/e94c1d98-5454-40a2-8293-ee0998fee8ca,ocd-bill/6ca615a8-da12-499a-8d28-a7fa1de6ce01,False,cosponsor
b6ffba0c-e072-4a01-811a-175525032363,Ruth Ward,person,,ocd-person/9089a509-1f26-4770-adc6-199ed716e692,ocd-bill/302dcadc-8751-44d3-b316-dc139490998f,False,cosponsor
0591eaef-1f3d-4869-bd97-32404b1bea39,James P. Gray,person,,ocd-person/e6443187-eb51-42eb-8bd7-349ed0ba9641,ocd-bill/302dcadc-8751-44d3-b316-dc139490998f,True,primary
b1146e82-a638-46e8-bef4-507a3fb14da2,Betty I. Gay,person,,ocd-person/c2486401-1c5f-4cfc-b4ef-bbae6b8c0489,ocd-bill/302dcadc-8751-44d3-b316-dc139490998f,False,cosponsor
cf0a87f6-a3be-47b2-8b9f-7bb22a80a8ee,Regina Birdsell,person,,ocd-person/461c9024-c8c3-44a5-91d6-015a6587db5f,ocd-bill/302dcadc-8751-44d3-b316-dc139490998f,False,cosponsor
b646ed27-fef2-4891-92e4-739db332b9cd,John Reagan,person,,ocd-person/f516d40a-3676-4437-8285-a931d7c2885b,ocd-bill/302dcadc-8751-44d3-b316-dc139490998f,False,cosponsor
017bebed-8f2c-43aa-a972-92bc92c68fe5,Jeb Bradley,person,,ocd-person/3f5455e8-256e-4442-9c13-bc14f62ce76f,ocd-bill/302dcadc-8751-44d3-b316-dc139490998f,False,cosponsor
d1ade626-ff06-4ff1-a70d-485ad37412e6,Sharon M Carson,person,,ocd-person/00964fc0-dd57-44c3-87bf-b6d5bbc34560,ocd-bill/302dcadc-8751-44d3-b316-dc139490998f,False,cosponsor
1ada95c3-7e21-424c-a55f-26c5b5ef4c8c,Peter B. Schmidt,person,,ocd-person/16654889-3b48-44d6-a6d3-8da5d7a434f1,ocd-bill/b251faba-6ce3-40d8-aabe-5f0c068506b4,True,primary
724df247-a704-4910-9aab-a83d8c83a739,Sue M. Mullen,person,,ocd-person/07c19313-fcb0-476b-b240-e299c55888f7,ocd-bill/faf2dec1-62ba-4338-8bd5-34cce3939e1e,False,cosponsor
1d333c9f-8844-4a32-b40d-c2ec73311758,Jon Morgan,person,,ocd-person/f169c82a-7120-4d67-85d4-d5ff21cd44ef,ocd-bill/faf2dec1-62ba-4338-8bd5-34cce3939e1e,False,cosponsor
e002d103-4d1f-43f9-b329-e0bb1a3f8a06,Wendy Chase,person,,ocd-person/c24da601-15f1-482c-a234-f8443056c77a,ocd-bill/faf2dec1-62ba-4338-8bd5-34cce3939e1e,False,cosponsor
0996de0b-4aff-4f9a-b889-d537cc207c79,David Meuse,person,,ocd-person/4b449f0f-2024-4e18-bbbd-7f0bbcfa8cac,ocd-bill/faf2dec1-62ba-4338-8bd5-34cce3939e1e,False,cosponsor
bea08217-7dea-4c4a-ad0c-39cf69fe9c3a,Bruce L. Cohen,person,,ocd-person/02abc1d7-340f-4cdd-b64d-4ce3cca59304,ocd-bill/faf2dec1-62ba-4338-8bd5-34cce3939e1e,False,cosponsor
6a42d0f4-b0d5-40f6-a526-a0fc9f887ace,Peter Petrigno,person,,ocd-person/1bf3d6c4-3325-4571-b2f7-6a28422dada6,ocd-bill/faf2dec1-62ba-4338-8bd5-34cce3939e1e,False,cosponsor
65211688-c202-4dae-8743-2f4bfe3363a4,Jeffrey C. Salloway,person,,ocd-person/ff3c9490-e187-451d-b600-ca895bfaf0b0,ocd-bill/faf2dec1-62ba-4338-8bd5-34cce3939e1e,False,cosponsor
a98395ae-04ca-40da-a29d-7cd05193ae9b,Betty I. Gay,person,,ocd-person/c2486401-1c5f-4cfc-b4ef-bbae6b8c0489,ocd-bill/faf2dec1-62ba-4338-8bd5-34cce3939e1e,False,cosponsor
931c15d3-60e2-4aaf-9657-c25f1015659a,Mary A. Eisner,person,,ocd-person/a9ac3600-6a7f-4d8c-ba5f-a20b3dfba0e6,ocd-bill/faf2dec1-62ba-4338-8bd5-34cce3939e1e,False,cosponsor
33cf0dde-51c5-449c-a63a-75ce108b47b2,Linda A. Massimilla,person,,ocd-person/c018f667-a248-4b79-b8be-63740191e1ff,ocd-bill/faf2dec1-62ba-4338-8bd5-34cce3939e1e,False,cosponsor
d4593f88-9206-49ac-8082-fc93e69af2d8,Bob J. Giuda,person,,ocd-person/7739a4d0-534e-4bdb-b7fb-6a8f348e833e,ocd-bill/701b82c9-128c-4d2a-a4cd-38510978f58b,True,primary
792113e2-f014-4bbd-825a-6082ff4dd6bd,Lynne M. Ober,person,,ocd-person/e1ff7dcf-ec5f-42ab-a7c2-81092820a3ae,ocd-bill/701b82c9-128c-4d2a-a4cd-38510978f58b,False,cosponsor
d748cc93-a46f-4f5f-8fac-76caf22a14a0,Kenneth L. Weyler,person,,ocd-person/e2f9dd7e-b221-4cf0-b7de-5daa70658669,ocd-bill/701b82c9-128c-4d2a-a4cd-38510978f58b,False,cosponsor
5a17ce2e-e5c4-4d2b-9778-694023ff08de,Lou D'Allesandro,person,,ocd-person/87c48788-817d-408b-a1e1-ebe1c9fd893d,ocd-bill/701b82c9-128c-4d2a-a4cd-38510978f58b,False,cosponsor
05318637-0443-4063-976c-57c91456bdfa,John T. MacDonald,person,,ocd-person/a22a36bb-3514-4d76-a39e-791902f41d6c,ocd-bill/4a62eb18-f10c-49ba-921b-1eba51bdb36a,True,primary
68b7db86-3ac8-4835-8187-202346ddbc75,William M. Marsh,person,,ocd-person/22006937-f2ca-4a2e-b92a-457777933dc7,ocd-bill/4a62eb18-f10c-49ba-921b-1eba51bdb36a,False,cosponsor
a58d8e76-8344-483c-ab5a-0d65999d334b,Karel A. Crawford,person,,ocd-person/a0936f2f-8170-47f9-8b05-6c6697a95968,ocd-bill/4a62eb18-f10c-49ba-921b-1eba51bdb36a,False,cosponsor
6b093967-6acb-4e69-bd83-e84eb9ef61c6,Jeb Bradley,person,,ocd-person/3f5455e8-256e-4442-9c13-bc14f62ce76f,ocd-bill/4a62eb18-f10c-49ba-921b-1eba51bdb36a,False,cosponsor
de43e354-dd32-41dd-8a07-0e8faf3ca89d,Jon Morgan,person,,ocd-person/f169c82a-7120-4d67-85d4-d5ff21cd44ef,ocd-bill/8cb02ab0-fa04-46aa-8a3b-cdb532dc712e,False,cosponsor
39a0eec2-e833-436d-aa04-5ef62f4a0232,Shannon E Chandley,person,,,ocd-bill/8cb02ab0-fa04-46aa-8a3b-cdb532dc712e,False,cosponsor
1ba967f7-0fb4-4e3a-83a2-4bd5ea4cf2e3,Jay Kahn,person,,ocd-person/998e681b-6df1-4b4a-92db-7a2187cedcd8,ocd-bill/8cb02ab0-fa04-46aa-8a3b-cdb532dc712e,True,primary
b6158dfd-c789-462a-bb51-4e289e01c16f,Martha S. Hennessey,person,,ocd-person/f2700034-7f3d-4834-bb66-b848a7ca748a,ocd-bill/8cb02ab0-fa04-46aa-8a3b-cdb532dc712e,False,cosponsor
f1b26764-d6bd-4b0f-b183-291b38575579,David J. Luneau,person,,ocd-person/c3c9bb99-9512-4bec-be04-d8b29ea96f3e,ocd-bill/8cb02ab0-fa04-46aa-8a3b-cdb532dc712e,False,cosponsor
50ececc2-c1ad-4666-8539-da49460bb609,Rick M. Ladd,person,,ocd-person/1bd6c569-f2dd-4670-bf82-ef3ea4b15960,ocd-bill/8cb02ab0-fa04-46aa-8a3b-cdb532dc712e,False,cosponsor
d1e409e2-8848-4d10-9f41-d29baf12cebf,David H Watters,person,,ocd-person/cf24defe-6df3-49f3-88ca-c6774b144f19,ocd-bill/8cb02ab0-fa04-46aa-8a3b-cdb532dc712e,False,cosponsor
b0aab751-e6b1-48f2-8e22-b5c53e9dfb05,Shannon E Chandley,person,,,ocd-bill/d4fc75d3-ce09-4c20-a62a-974a34e0ab50,False,cosponsor
f8ab264d-9ede-4db5-8f80-ce587e1fef46,Tom Sherman,person,,ocd-person/ee95d0de-e55e-4733-ba97-0fde66adf65c,ocd-bill/d4fc75d3-ce09-4c20-a62a-974a34e0ab50,False,cosponsor
b3c20c04-0ee3-4b94-971a-4a7e835290e9,Jay Kahn,person,,ocd-person/998e681b-6df1-4b4a-92db-7a2187cedcd8,ocd-bill/d4fc75d3-ce09-4c20-a62a-974a34e0ab50,True,primary
4be85fe6-55bb-4256-b6f9-42d0f3b00ada,Martha Fuller Clark,person,,ocd-person/823e56cb-5c51-4a09-b060-93cdb7f7ac25,ocd-bill/d4fc75d3-ce09-4c20-a62a-974a34e0ab50,False,cosponsor
9cb81d8d-9ade-4318-b864-40630f505540,Wendy Chase,person,,ocd-person/c24da601-15f1-482c-a234-f8443056c77a,ocd-bill/9ef74911-e6c1-4054-83ab-654eb2151311,False,cosponsor
4f9306b4-eb28-43b0-85b1-49efa963ce7e,Joelle Martin,person,,ocd-person/ed48590f-6af4-4e9f-99d6-16227870b44f,ocd-bill/9ef74911-e6c1-4054-83ab-654eb2151311,True,primary
d3e0a11f-059d-4a4b-84e8-2cdf41bf491f,Polly Kent Campion,person,,ocd-person/8af71573-9095-434b-9fc7-6b244e40b3bb,ocd-bill/9ef74911-e6c1-4054-83ab-654eb2151311,False,cosponsor
9ff82af7-8198-41ae-a9f9-2faca9bb22b0,Skip Berrien,person,,ocd-person/c955f3c4-4732-42c2-8615-bc103ee8e0d8,ocd-bill/9ef74911-e6c1-4054-83ab-654eb2151311,False,cosponsor
4fdd495f-a8dd-4946-b1e7-b93a942ef507,Werner D. Horn,person,,ocd-person/ab3fb5b5-85fb-441d-8b4f-09d52722175b,ocd-bill/9ef74911-e6c1-4054-83ab-654eb2151311,False,cosponsor
a301fb52-ed1c-495f-b935-fba1f1b90150,Karen E. Ebel,person,,ocd-person/947e2e2b-04eb-4f92-9f83-aef8760517e0,ocd-bill/9ef74911-e6c1-4054-83ab-654eb2151311,False,cosponsor
2d5463d1-3310-4068-b919-6706f6d8092d,Mary Beth Walz,person,,ocd-person/aee31921-5d02-4da9-8e3e-3137b4bb8bf4,ocd-bill/9ef74911-e6c1-4054-83ab-654eb2151311,False,cosponsor
8f31751e-b522-40a5-913f-2663372c901a,Martha Fuller Clark,person,,ocd-person/823e56cb-5c51-4a09-b060-93cdb7f7ac25,ocd-bill/9ef74911-e6c1-4054-83ab-654eb2151311,False,cosponsor
cfbe655c-f84e-46a6-a38a-d75806853ccd,Melanie Levesque,person,,ocd-person/282926cd-63f0-4ac4-ad16-5e96eb1c4e0b,ocd-bill/a248dc8b-87ca-464e-86df-b8c9feb974da,False,cosponsor
c63705db-8575-4ee9-b36e-ae021542d72f,Tom Sherman,person,,ocd-person/ee95d0de-e55e-4733-ba97-0fde66adf65c,ocd-bill/a248dc8b-87ca-464e-86df-b8c9feb974da,False,cosponsor
b50159a1-60e7-4586-9784-c5ac769417e6,Ruth Ward,person,,ocd-person/9089a509-1f26-4770-adc6-199ed716e692,ocd-bill/a248dc8b-87ca-464e-86df-b8c9feb974da,False,cosponsor
7135597f-b229-46a4-ae67-bbbb2ca7f8dd,Martha S. Hennessey,person,,ocd-person/f2700034-7f3d-4834-bb66-b848a7ca748a,ocd-bill/a248dc8b-87ca-464e-86df-b8c9feb974da,False,cosponsor
e41becea-3737-4309-871b-bac968fc3bb8,Jerry L. Knirk,person,,ocd-person/ce0bd184-d264-46d8-87fc-f2590e2a1ed1,ocd-bill/a248dc8b-87ca-464e-86df-b8c9feb974da,False,cosponsor
664a956b-266c-4ba4-9345-fb80949edd98,William M. Marsh,person,,ocd-person/22006937-f2ca-4a2e-b92a-457777933dc7,ocd-bill/a248dc8b-87ca-464e-86df-b8c9feb974da,False,cosponsor
31f5225b-0c06-493e-b0a5-da85271e2bc6,Regina Birdsell,person,,ocd-person/461c9024-c8c3-44a5-91d6-015a6587db5f,ocd-bill/a248dc8b-87ca-464e-86df-b8c9feb974da,False,cosponsor
53dd107f-f3cc-40bf-9488-57abe6691e35,Erin T. Hennessey,person,,ocd-person/91d16c36-2236-4bef-8009-004bd036c22a,ocd-bill/a248dc8b-87ca-464e-86df-b8c9feb974da,False,cosponsor
f8352397-282f-43b2-a343-6517c8a59450,John Reagan,person,,ocd-person/f516d40a-3676-4437-8285-a931d7c2885b,ocd-bill/a248dc8b-87ca-464e-86df-b8c9feb974da,False,cosponsor
7dc8e36c-29c9-437f-a038-53ecf22b9a9c,Jeb Bradley,person,,ocd-person/3f5455e8-256e-4442-9c13-bc14f62ce76f,ocd-bill/a248dc8b-87ca-464e-86df-b8c9feb974da,True,primary
a68bbb6c-4eba-4cd1-92b4-3908944f55a5,Sharon M Carson,person,,ocd-person/00964fc0-dd57-44c3-87bf-b6d5bbc34560,ocd-bill/a248dc8b-87ca-464e-86df-b8c9feb974da,False,cosponsor
6175f65d-5fdd-4462-837e-34bdae75c04c,Jon Morgan,person,,ocd-person/f169c82a-7120-4d67-85d4-d5ff21cd44ef,ocd-bill/a3e1aa29-8e46-44a2-aaf1-ea22a8c9b461,False,cosponsor
5a7d23fb-2fd2-4525-a424-fd09c74bd27c,Jay Kahn,person,,ocd-person/998e681b-6df1-4b4a-92db-7a2187cedcd8,ocd-bill/a3e1aa29-8e46-44a2-aaf1-ea22a8c9b461,True,primary
a6cdf5ee-599f-4c50-9d35-17fe943268bd,Ruth Ward,person,,ocd-person/9089a509-1f26-4770-adc6-199ed716e692,ocd-bill/a3e1aa29-8e46-44a2-aaf1-ea22a8c9b461,False,cosponsor
53dc7c30-6b95-4d1e-941f-762bf59433fe,David J. Luneau,person,,ocd-person/c3c9bb99-9512-4bec-be04-d8b29ea96f3e,ocd-bill/a3e1aa29-8e46-44a2-aaf1-ea22a8c9b461,False,cosponsor
156aa7d3-aa4b-469e-a49d-c828232b5644,Mary Heath,person,,ocd-person/03bba97f-9b7c-4c33-adb7-e5202a6bd040,ocd-bill/a3e1aa29-8e46-44a2-aaf1-ea22a8c9b461,False,cosponsor
e73aab8c-0ecf-426e-abdc-b8a14af14ac5,Rick M. Ladd,person,,ocd-person/1bd6c569-f2dd-4670-bf82-ef3ea4b15960,ocd-bill/a3e1aa29-8e46-44a2-aaf1-ea22a8c9b461,False,cosponsor
4ebf864c-d1fc-4d91-bf60-801f464635f9,Mary Jane Wallner,person,,ocd-person/0e6f806c-ba57-4dc6-b6b4-f2a926288ca3,ocd-bill/a3e1aa29-8e46-44a2-aaf1-ea22a8c9b461,False,cosponsor
7e570744-8129-4e2c-9fbd-2ac51e3198f8,Jon Morgan,person,,ocd-person/f169c82a-7120-4d67-85d4-d5ff21cd44ef,ocd-bill/c4f2c0a2-106b-4993-bcc2-fefdab24b4da,False,cosponsor
dc2d8f85-1edb-481f-9a25-8a4a64afabd2,Jay Kahn,person,,ocd-person/998e681b-6df1-4b4a-92db-7a2187cedcd8,ocd-bill/c4f2c0a2-106b-4993-bcc2-fefdab24b4da,True,primary
ced85fb0-b606-44c5-8ec9-da36ba74c72c,Donna M. Soucy,person,,ocd-person/bfbbacfd-e12a-4e07-970e-c2c2c006f4a2,ocd-bill/c4f2c0a2-106b-4993-bcc2-fefdab24b4da,False,cosponsor
fc6b0559-4faa-45cf-b0b5-c9f409f112ff,Stephen L. Woodcock,person,,ocd-person/bdde38b3-3210-4b2d-890b-bbf2d2bf314a,ocd-bill/4b3f2b20-1b66-4657-8461-255505307f5c,False,cosponsor
a68a7bb3-fda4-400b-8723-d6826c2c268d,Harrison Kanzler,person,,ocd-person/c241cc6e-4081-404c-97f4-94378469a794,ocd-bill/4b3f2b20-1b66-4657-8461-255505307f5c,False,cosponsor
5c3ee4ad-7dad-434e-9155-e8c1fed5fe1e,Anita D. Burroughs,person,,ocd-person/a028512b-5d61-4d23-9e28-dec7038577d6,ocd-bill/4b3f2b20-1b66-4657-8461-255505307f5c,True,primary
7e09d5c1-4606-4201-8284-e99b38667664,Edward A. Butler,person,,ocd-person/fd79da58-6089-4580-bef2-ad03fc7e6bde,ocd-bill/4b3f2b20-1b66-4657-8461-255505307f5c,False,cosponsor
720fdfd7-62e3-4cf3-9fb8-c7f3e742cfea,Cindy Rosenwald,person,,ocd-person/f3e949ce-6d98-4826-bbca-08039cea4ea4,ocd-bill/0dc65388-05e0-4005-bb09-ba671c53a125,False,cosponsor
bcfa1006-ee5b-49f7-ad93-014e329f1ebe,Tom Sherman,person,,ocd-person/ee95d0de-e55e-4733-ba97-0fde66adf65c,ocd-bill/0dc65388-05e0-4005-bb09-ba671c53a125,True,primary
6a007e01-651b-413d-9c6c-9846449cb2da,Constance Van Houten,person,,ocd-person/5e54c6e7-01cb-42c8-b3ed-8137e6c995fd,ocd-bill/0dc65388-05e0-4005-bb09-ba671c53a125,False,cosponsor
d5c8f908-ae31-4054-adbc-4ca67c796f73,William M. Marsh,person,,ocd-person/22006937-f2ca-4a2e-b92a-457777933dc7,ocd-bill/0dc65388-05e0-4005-bb09-ba671c53a125,False,cosponsor
ccfe9440-d7e7-4204-aa95-bfcdc58accac,Sandra B. Keans,person,,ocd-person/0f7e49e8-f9da-49b1-b20a-24236d6c3997,ocd-bill/0dc65388-05e0-4005-bb09-ba671c53a125,False,cosponsor
ecc520a9-68dc-4fef-a6e8-e8c08beafd4e,Dan Feltes,person,,ocd-person/e97501d7-4bef-403f-8d48-9fcecc980cf5,ocd-bill/0dc65388-05e0-4005-bb09-ba671c53a125,False,cosponsor
4cd9249a-b596-4b33-8fb3-4d8f4993a1e2,Jon Morgan,person,,ocd-person/f169c82a-7120-4d67-85d4-d5ff21cd44ef,ocd-bill/0d0b6b39-e647-449c-b87c-c647bfe035d8,False,cosponsor
70915714-0066-4dcc-b0b0-1ea8a86a1819,Gary Merchant,person,,ocd-person/78078880-ab6f-4f87-b095-8b85c31f1780,ocd-bill/0d0b6b39-e647-449c-b87c-c647bfe035d8,False,cosponsor
17d345a8-5625-41bf-954b-049d5ca4899a,Gary L. Woods,person,,ocd-person/5d98b66b-f4d1-4776-953f-67dc348fdd12,ocd-bill/0d0b6b39-e647-449c-b87c-c647bfe035d8,False,cosponsor
4d0de8fb-72a3-4eca-b584-5ace433973b8,Mark A. Pearson,person,,,ocd-bill/0d0b6b39-e647-449c-b87c-c647bfe035d8,True,primary
5cb9c69d-585f-4ef2-bab9-1f356604e1c7,Jerry L. Knirk,person,,ocd-person/ce0bd184-d264-46d8-87fc-f2590e2a1ed1,ocd-bill/0d0b6b39-e647-449c-b87c-c647bfe035d8,False,cosponsor
4e040d34-7774-4b09-b536-f88e62f7a2a2,William M. Marsh,person,,ocd-person/22006937-f2ca-4a2e-b92a-457777933dc7,ocd-bill/0d0b6b39-e647-449c-b87c-c647bfe035d8,False,cosponsor
c72a5f58-73fe-42fa-8c38-1233dbc15a52,Glenn Cordelli,person,,ocd-person/c8aa2951-dea0-4999-9b6a-6323d9917e0b,ocd-bill/0d0b6b39-e647-449c-b87c-c647bfe035d8,False,cosponsor
634ea42a-c610-4ff9-bd39-0f2f710b7cdb,Marjorie A. Porter,person,,ocd-person/0999b615-be84-4309-b4ca-68261c1155ab,ocd-bill/0d0b6b39-e647-449c-b87c-c647bfe035d8,False,cosponsor
3b8d1e05-3395-4ec5-8529-bbbac1a31046,Larry G. Gagne,person,,ocd-person/26d443c0-53fe-480b-bf4c-7b7a28a109e9,ocd-bill/0d0b6b39-e647-449c-b87c-c647bfe035d8,False,cosponsor
d2c5f864-eba8-405a-8cde-fc99ba01d525,Norman L. Major,person,,ocd-person/f210808d-53ac-4e23-ade2-7bdb60a8e559,ocd-bill/0d0b6b39-e647-449c-b87c-c647bfe035d8,False,cosponsor
ea8ccedc-9973-47e0-81fd-cb646308aafb,Jeb Bradley,person,,ocd-person/3f5455e8-256e-4442-9c13-bc14f62ce76f,ocd-bill/0d0b6b39-e647-449c-b87c-c647bfe035d8,False,cosponsor
8fa89f3a-ef28-4b59-bd5a-7ada5b1bc319,Lou D'Allesandro,person,,ocd-person/87c48788-817d-408b-a1e1-ebe1c9fd893d,ocd-bill/0d0b6b39-e647-449c-b87c-c647bfe035d8,False,cosponsor
1c5fdf29-36ce-4410-b809-094738e18f31,Jeanne Dietsch,person,,ocd-person/8e7e0c04-e019-4ffe-a281-18beee5d939f,ocd-bill/83748e91-8d31-4cf0-bac1-855b522314b0,False,cosponsor
5d17be90-f7af-4485-9986-dc982341a319,Megan A. Murray,person,,ocd-person/f1902aac-3930-478d-9e89-60cef8bcae0b,ocd-bill/83748e91-8d31-4cf0-bac1-855b522314b0,False,cosponsor
9ac56bb6-6f81-4bdd-a9d1-cc6a1040cb2c,Joelle Martin,person,,ocd-person/ed48590f-6af4-4e9f-99d6-16227870b44f,ocd-bill/83748e91-8d31-4cf0-bac1-855b522314b0,False,cosponsor
cee97166-8c5d-4c89-ad98-34b5f23581b6,Troy E. Merner,person,,ocd-person/729664f2-12c4-4c70-82a5-fee852813a0c,ocd-bill/83748e91-8d31-4cf0-bac1-855b522314b0,False,cosponsor
200e18a5-6eb4-4683-9f56-18b5864b2608,Erin T. Hennessey,person,,ocd-person/91d16c36-2236-4bef-8009-004bd036c22a,ocd-bill/83748e91-8d31-4cf0-bac1-855b522314b0,False,cosponsor
ae86f895-5477-4f40-8c75-d6673312f5aa,George E. Sykes,person,,ocd-person/1d64c012-42cd-433e-9e51-d449279fe57e,ocd-bill/83748e91-8d31-4cf0-bac1-855b522314b0,False,cosponsor
ceb6b624-62c2-4660-8e5d-73297c883c26,Howard M. Moffett,person,,ocd-person/71b9d6b9-d7e1-437d-80a8-8a2fea88c58f,ocd-bill/83748e91-8d31-4cf0-bac1-855b522314b0,False,cosponsor
80df7512-8779-420d-a6cb-e9fcb509e2eb,Karen E. Ebel,person,,ocd-person/947e2e2b-04eb-4f92-9f83-aef8760517e0,ocd-bill/83748e91-8d31-4cf0-bac1-855b522314b0,True,primary
e204e331-3f95-401e-ba73-4d17fe983881,Marjorie A. Porter,person,,ocd-person/0999b615-be84-4309-b4ca-68261c1155ab,ocd-bill/83748e91-8d31-4cf0-bac1-855b522314b0,False,cosponsor
5669c555-be55-4022-a60f-4870878f509b,John T. O'Connor,person,,ocd-person/60882336-f4d2-45e4-b194-d2b99cae7610,ocd-bill/83748e91-8d31-4cf0-bac1-855b522314b0,False,cosponsor
b865bd85-11b2-4cd8-a0fc-5d2b91566e3c,David H Watters,person,,ocd-person/cf24defe-6df3-49f3-88ca-c6774b144f19,ocd-bill/83748e91-8d31-4cf0-bac1-855b522314b0,False,cosponsor
9971c0f9-653c-4c89-8253-0d06c041a479,Jeb Bradley,person,,ocd-person/3f5455e8-256e-4442-9c13-bc14f62ce76f,ocd-bill/83748e91-8d31-4cf0-bac1-855b522314b0,False,cosponsor
dad53d71-12b6-45af-8d94-2b0a30a26bc1,Kristina M. Fargo,person,,ocd-person/c7e2f9aa-ff57-4a2e-9253-3bb9cf528c17,ocd-bill/d73397b8-d667-4997-95b7-be434872d809,False,cosponsor
2a7372cd-68f7-41b2-ad60-87022afeaca7,Gary L. Woods,person,,ocd-person/5d98b66b-f4d1-4776-953f-67dc348fdd12,ocd-bill/d73397b8-d667-4997-95b7-be434872d809,False,cosponsor
645225e5-30a9-4022-a6c8-6e1b7ea79b95,Greg L. Indruk,person,,ocd-person/b5b2c27f-4abf-49d3-a002-11f9070a6de5,ocd-bill/d73397b8-d667-4997-95b7-be434872d809,False,cosponsor
4260a055-9762-4402-9345-8b28f8c67146,Joyce Weston,person,,ocd-person/2dbea6d6-0221-41de-98bf-508b14eb085d,ocd-bill/d73397b8-d667-4997-95b7-be434872d809,False,cosponsor
e0fab59a-9b93-4955-951e-3638c3d67e20,Tom Sherman,person,,ocd-person/ee95d0de-e55e-4733-ba97-0fde66adf65c,ocd-bill/d73397b8-d667-4997-95b7-be434872d809,False,cosponsor
b4940e62-2bbd-4914-b76a-203a292c3f1d,Martha S. Hennessey,person,,ocd-person/f2700034-7f3d-4834-bb66-b848a7ca748a,ocd-bill/d73397b8-d667-4997-95b7-be434872d809,False,cosponsor
f99a5943-41c6-42f3-b6bb-62c6353c00e9,Richard G. Osborne,person,,ocd-person/09ecd5f5-189e-401e-9950-840b58d886c2,ocd-bill/d73397b8-d667-4997-95b7-be434872d809,False,cosponsor
b89048dc-7ec2-40c7-9763-1db53ea1541f,Jerry L. Knirk,person,,ocd-person/ce0bd184-d264-46d8-87fc-f2590e2a1ed1,ocd-bill/d73397b8-d667-4997-95b7-be434872d809,True,primary
3d9792df-12a3-4fa6-86da-149abcf1651b,Michael D. Harrington,person,,ocd-person/21e95dbc-c226-4f4a-9fa2-8f5b374d0a98,ocd-bill/aa46c4bd-bfd0-451f-a458-3bbd9f54c692,True,primary
debcc70d-2c47-4842-8f8b-11f993992d9d,Melanie Levesque,person,,ocd-person/282926cd-63f0-4ac4-ad16-5e96eb1c4e0b,ocd-bill/c566bc27-07ab-4dfb-b574-7ea0731d82fb,False,cosponsor
71c355b0-8da1-4639-9ca3-e3f2f36e0949,Jim V. Maggiore,person,,ocd-person/deb760cf-91f7-415c-949a-bab0c5311d6f,ocd-bill/c566bc27-07ab-4dfb-b574-7ea0731d82fb,False,cosponsor
49e33639-cf6e-4982-8077-0d38c0b62049,Patricia J. Bushway,person,,ocd-person/a10abdb8-c143-498c-8b8a-1e6836699d7b,ocd-bill/c566bc27-07ab-4dfb-b574-7ea0731d82fb,False,cosponsor
527a0851-a826-45f9-af8a-0a7bc1fcb97b,Jason A. Janvrin,person,,ocd-person/5411c21d-e8ee-4300-a79b-1a688e01c481,ocd-bill/c566bc27-07ab-4dfb-b574-7ea0731d82fb,False,cosponsor
b2412a60-8716-4096-8de3-6c550683d3ed,Michael A. Edgar,person,,ocd-person/0f78413a-b328-4856-ab48-21a5d4d614c0,ocd-bill/c566bc27-07ab-4dfb-b574-7ea0731d82fb,False,cosponsor
d9882fe4-cae0-49cb-9395-cd5b2011faa2,Robert Renny Cushing,person,,ocd-person/cdb3279c-243a-4ca0-8e83-fcb10a975736,ocd-bill/c566bc27-07ab-4dfb-b574-7ea0731d82fb,True,primary
3829b66d-15c2-4f82-aeb0-3b5ba9e69192,Connie B. Lane,person,,ocd-person/8171a035-7cc1-4a7f-b086-9bdb800782da,ocd-bill/aa18801f-e36d-4e6e-a0de-a4c9861fe192,False,cosponsor
1f1ed61f-957c-4087-a40f-9f153b0d2159,Betty I. Gay,person,,ocd-person/c2486401-1c5f-4cfc-b4ef-bbae6b8c0489,ocd-bill/aa18801f-e36d-4e6e-a0de-a4c9861fe192,False,cosponsor
940f8d73-bbd7-41e5-a733-eeaaa1ccfb47,Gregory G. Hill,person,,ocd-person/852df922-484b-412f-a604-c2d67efee5ec,ocd-bill/aa18801f-e36d-4e6e-a0de-a4c9861fe192,False,cosponsor
52eeecd5-8d18-4f37-9243-d0fc96f81c3f,Regina Birdsell,person,,ocd-person/461c9024-c8c3-44a5-91d6-015a6587db5f,ocd-bill/aa18801f-e36d-4e6e-a0de-a4c9861fe192,False,cosponsor
8de910a4-6e3d-4d2c-b6ce-82ec26dd40d3,Katherine J. Prudhomme-O'Brien,person,,,ocd-bill/aa18801f-e36d-4e6e-a0de-a4c9861fe192,False,cosponsor
a6999dab-d5f1-4dc9-94ca-68f50ce9861c,Barbara J. Griffin,person,,ocd-person/ce1a184c-47a7-4b48-a028-d39585bcf9c3,ocd-bill/aa18801f-e36d-4e6e-a0de-a4c9861fe192,True,primary
8cb770ee-db09-4fc0-94f4-8ba3643b0413,Marjorie A. Porter,person,,ocd-person/0999b615-be84-4309-b4ca-68261c1155ab,ocd-bill/aa18801f-e36d-4e6e-a0de-a4c9861fe192,False,cosponsor
ed21cbd8-cecd-4127-a75e-dbd2c0812936,Ruth Ward,person,,ocd-person/9089a509-1f26-4770-adc6-199ed716e692,ocd-bill/9371d668-f326-4c03-84fe-df2150c9b95b,False,cosponsor
51320077-2484-4ca8-b3d3-09f41abddbf2,Bob J. Giuda,person,,ocd-person/7739a4d0-534e-4bdb-b7fb-6a8f348e833e,ocd-bill/9371d668-f326-4c03-84fe-df2150c9b95b,False,cosponsor
7a32e3b9-093c-4a4f-b0e4-fcb554058be5,Skip J. Cleaver,person,,ocd-person/6edff50b-8390-4046-a376-214136ea64d9,ocd-bill/9371d668-f326-4c03-84fe-df2150c9b95b,False,cosponsor
2120df70-b523-4801-b0aa-fbdbf57d2542,Regina Birdsell,person,,ocd-person/461c9024-c8c3-44a5-91d6-015a6587db5f,ocd-bill/9371d668-f326-4c03-84fe-df2150c9b95b,False,cosponsor
cea2fa26-2eee-4164-81fd-aed4655f7575,Linda A. Massimilla,person,,ocd-person/c018f667-a248-4b79-b8be-63740191e1ff,ocd-bill/9371d668-f326-4c03-84fe-df2150c9b95b,False,cosponsor
4522c06c-7861-4411-b20d-8cd288f3359d,Al P. Baldasaro,person,,ocd-person/3807f9c1-b590-4496-8a1e-b0ff84ba592d,ocd-bill/9371d668-f326-4c03-84fe-df2150c9b95b,False,cosponsor
3b5010d6-36a1-41b9-9ec1-da0c33a9d462,Sherman A. Packard,person,,ocd-person/e94c1d98-5454-40a2-8293-ee0998fee8ca,ocd-bill/9371d668-f326-4c03-84fe-df2150c9b95b,False,cosponsor
f748561c-6c44-4159-b457-18c970f32d20,David H Watters,person,,ocd-person/cf24defe-6df3-49f3-88ca-c6774b144f19,ocd-bill/9371d668-f326-4c03-84fe-df2150c9b95b,False,cosponsor
b39e0227-aec9-4ec9-ab93-63330185da1e,Sharon M Carson,person,,ocd-person/00964fc0-dd57-44c3-87bf-b6d5bbc34560,ocd-bill/9371d668-f326-4c03-84fe-df2150c9b95b,True,primary
8e96b958-78a4-47db-936a-6d1139ff5305,Tom J. Loughman,person,,ocd-person/49ec8a23-3fec-4d61-a917-be7780438d71,ocd-bill/f9bf5a90-ffbd-4eff-bb47-10c0e0321fc2,False,cosponsor
38dd4d14-5fed-47b7-a501-ac9ee6fde2e5,Joe H. Alexander,person,,ocd-person/e7800d58-1019-4aff-8d1a-22faba9d3e23,ocd-bill/f9bf5a90-ffbd-4eff-bb47-10c0e0321fc2,True,primary
d71f4929-ac7f-4de9-a6de-bca4dbe7f08b,Willis T. Griffith,person,,ocd-person/db50036f-5c7f-4cec-a250-3be2e3ca394c,ocd-bill/f9bf5a90-ffbd-4eff-bb47-10c0e0321fc2,False,cosponsor
4245fb02-df0d-4ae2-bd91-bfe446c3a9d4,Erin T. Hennessey,person,,ocd-person/91d16c36-2236-4bef-8009-004bd036c22a,ocd-bill/f9bf5a90-ffbd-4eff-bb47-10c0e0321fc2,False,cosponsor
e5d4d1c4-1dfc-497d-8a67-849406d9022c,Edward A. Butler,person,,ocd-person/fd79da58-6089-4580-bef2-ad03fc7e6bde,ocd-bill/f9bf5a90-ffbd-4eff-bb47-10c0e0321fc2,False,cosponsor
4f3e89f4-aa5d-4c82-95e4-3fa91348a7ae,Jerry L. Knirk,person,,ocd-person/ce0bd184-d264-46d8-87fc-f2590e2a1ed1,ocd-bill/a8d119db-b0da-4ec1-aca1-67adc13a4fa1,False,cosponsor
025d7cd2-c356-492b-953f-7cac596f7e6a,Susan J. Ticehurst,person,,ocd-person/1f3a9485-30e3-4cdf-8389-d8ad149dc881,ocd-bill/a8d119db-b0da-4ec1-aca1-67adc13a4fa1,True,primary
a7111639-980a-46cf-8918-f7ced113247f,Jon Morgan,person,,ocd-person/f169c82a-7120-4d67-85d4-d5ff21cd44ef,ocd-bill/13ef997e-01e0-4d2f-8b53-a9a993ff4b92,False,cosponsor
b64a616f-47f8-45d3-8785-277019b9b801,Tom Sherman,person,,ocd-person/ee95d0de-e55e-4733-ba97-0fde66adf65c,ocd-bill/13ef997e-01e0-4d2f-8b53-a9a993ff4b92,True,primary
df174c77-aed6-4650-ac12-68f876510ff1,Jay Kahn,person,,ocd-person/998e681b-6df1-4b4a-92db-7a2187cedcd8,ocd-bill/13ef997e-01e0-4d2f-8b53-a9a993ff4b92,False,cosponsor
a265815a-64f3-4f71-88bd-60bda9451b97,Martha Fuller Clark,person,,ocd-person/823e56cb-5c51-4a09-b060-93cdb7f7ac25,ocd-bill/13ef997e-01e0-4d2f-8b53-a9a993ff4b92,False,cosponsor
409a7084-784c-4048-b8c9-663ec3070367,Cindy Rosenwald,person,,ocd-person/f3e949ce-6d98-4826-bbca-08039cea4ea4,ocd-bill/64111d9f-630d-40eb-9ac2-26aa12e77e65,False,cosponsor
813f59b8-a74e-4332-9f33-0b4c7a5eb724,James P. Gray,person,,ocd-person/e6443187-eb51-42eb-8bd7-349ed0ba9641,ocd-bill/64111d9f-630d-40eb-9ac2-26aa12e77e65,False,cosponsor
80f99dcc-bdda-4625-9a47-f979e51a2eae,Martha S. Hennessey,person,,ocd-person/f2700034-7f3d-4834-bb66-b848a7ca748a,ocd-bill/64111d9f-630d-40eb-9ac2-26aa12e77e65,True,primary
41712297-baa2-455c-88d0-dd668f25c9e4,Polly Kent Campion,person,,ocd-person/8af71573-9095-434b-9fc7-6b244e40b3bb,ocd-bill/64111d9f-630d-40eb-9ac2-26aa12e77e65,False,cosponsor
5cbccf59-ebbf-49ca-90b8-e24177b7b483,William M. Marsh,person,,ocd-person/22006937-f2ca-4a2e-b92a-457777933dc7,ocd-bill/64111d9f-630d-40eb-9ac2-26aa12e77e65,False,cosponsor
634f1bc2-e9b1-4414-8e71-2fa6b26a27a9,Sharon M Carson,person,,ocd-person/00964fc0-dd57-44c3-87bf-b6d5bbc34560,ocd-bill/64111d9f-630d-40eb-9ac2-26aa12e77e65,False,cosponsor
520c96c9-6993-4ecc-9077-f33a5c152aa2,Martha Fuller Clark,person,,ocd-person/823e56cb-5c51-4a09-b060-93cdb7f7ac25,ocd-bill/64111d9f-630d-40eb-9ac2-26aa12e77e65,False,cosponsor
ca30f200-ed53-4848-96bc-57cb28eefbff,Jon Morgan,person,,ocd-person/f169c82a-7120-4d67-85d4-d5ff21cd44ef,ocd-bill/e9410813-73e6-4219-b720-f409c42ac2c6,False,cosponsor
2ef5388f-805c-4473-bb43-97f5cfa78762,Shannon E Chandley,person,,,ocd-bill/e9410813-73e6-4219-b720-f409c42ac2c6,False,cosponsor
751ed67b-26c3-47bd-aa80-71cac467fc2c,Mark L. Proulx,person,,ocd-person/6e417129-7cec-4f81-b390-3c1ef0d7deab,ocd-bill/e9410813-73e6-4219-b720-f409c42ac2c6,False,cosponsor
47bf3157-13ab-4419-a64c-389462c6dfab,Robert Renny Cushing,person,,ocd-person/cdb3279c-243a-4ca0-8e83-fcb10a975736,ocd-bill/e9410813-73e6-4219-b720-f409c42ac2c6,True,primary
1fa26898-988b-440e-9920-1108fffd2dbe,Katherine D. Rogers,person,,ocd-person/f9421528-ffb6-46f3-82bc-70b0329db823,ocd-bill/e9410813-73e6-4219-b720-f409c42ac2c6,False,cosponsor
01858a78-d441-43ac-99ce-505c4ec37efe,Peter B. Schmidt,person,,ocd-person/16654889-3b48-44d6-a6d3-8da5d7a434f1,ocd-bill/ccfc57fa-7d00-4af1-817a-6c155b02aae2,True,primary
6b0f3cc2-aaa6-4dd1-ab8b-ad1d89b59bdd,Jon Morgan,person,,ocd-person/f169c82a-7120-4d67-85d4-d5ff21cd44ef,ocd-bill/d5d87f6e-8df1-4a25-abdb-c0aa0f536974,False,cosponsor
846b6442-1170-46cd-9d10-01576e229331,James P. Gray,person,,ocd-person/e6443187-eb51-42eb-8bd7-349ed0ba9641,ocd-bill/d5d87f6e-8df1-4a25-abdb-c0aa0f536974,False,cosponsor
7a7c3951-97ad-4052-8bf0-9da64a62d5b6,Skip Berrien,person,,ocd-person/c955f3c4-4732-42c2-8615-bc103ee8e0d8,ocd-bill/d5d87f6e-8df1-4a25-abdb-c0aa0f536974,False,cosponsor
bc521315-e3ab-4764-b3bc-5b0e31196da5,Kimberly A. Rice,person,,ocd-person/85b7ca6d-3fd7-4e97-bfe0-effe223121f7,ocd-bill/d5d87f6e-8df1-4a25-abdb-c0aa0f536974,False,cosponsor
2207597a-32b5-4290-99e7-da5af5259b21,David C. Lundgren,person,,ocd-person/4e9bb139-f952-4fda-bce1-f1bb16c585e3,ocd-bill/d5d87f6e-8df1-4a25-abdb-c0aa0f536974,False,cosponsor
72072472-47f8-45e5-8671-a6599343550b,Janet G. Wall,person,,ocd-person/2830876f-1a4d-4332-ae2a-a97607c4e1b9,ocd-bill/d5d87f6e-8df1-4a25-abdb-c0aa0f536974,False,cosponsor
6c169487-2398-475b-9007-7944bc6b31fd,Jeb Bradley,person,,ocd-person/3f5455e8-256e-4442-9c13-bc14f62ce76f,ocd-bill/d5d87f6e-8df1-4a25-abdb-c0aa0f536974,False,cosponsor
0dd46816-fe08-4901-95e9-edaa8983b1fe,Sharon M Carson,person,,ocd-person/00964fc0-dd57-44c3-87bf-b6d5bbc34560,ocd-bill/d5d87f6e-8df1-4a25-abdb-c0aa0f536974,True,primary
10bf871c-26b0-4c8c-ac0a-170453131bfc,Melanie Levesque,person,,ocd-person/282926cd-63f0-4ac4-ad16-5e96eb1c4e0b,ocd-bill/6509667a-3af9-4600-bc15-2f48ab651883,True,primary
5d176565-628d-4c82-a635-330b428e6206,Cindy Rosenwald,person,,ocd-person/f3e949ce-6d98-4826-bbca-08039cea4ea4,ocd-bill/6bc4ab00-49ea-41d6-ae60-f39e4ab816ce,False,cosponsor
c329b799-fe50-4b1e-9527-531a3e37bbfa,Melanie Levesque,person,,ocd-person/282926cd-63f0-4ac4-ad16-5e96eb1c4e0b,ocd-bill/6bc4ab00-49ea-41d6-ae60-f39e4ab816ce,False,cosponsor
41cd1e3f-da32-4e3c-a1e1-1381594866e8,David J Starr,person,,ocd-person/b19ae598-8107-4959-b150-586deb9c9852,ocd-bill/6bc4ab00-49ea-41d6-ae60-f39e4ab816ce,False,cosponsor
13501f81-c905-4fc2-8d5a-94d05ca6a9aa,Charlie G. St. Clair,person,,ocd-person/643751f4-6db0-4021-bf76-b8f2483d640d,ocd-bill/6bc4ab00-49ea-41d6-ae60-f39e4ab816ce,False,cosponsor
7617f7cf-ac52-4fdb-a3b8-3056f10c8a63,Harold F. French,person,,ocd-person/ff11da65-174b-4fdc-b33c-e5d6d56602f0,ocd-bill/6bc4ab00-49ea-41d6-ae60-f39e4ab816ce,True,primary
62ad3314-91d1-4036-bf40-ded12c4c79e8,Jay Kahn,person,,ocd-person/998e681b-6df1-4b4a-92db-7a2187cedcd8,ocd-bill/6bc4ab00-49ea-41d6-ae60-f39e4ab816ce,False,cosponsor
58612d22-c0ea-452c-8279-9b54f6e98acb,Regina Birdsell,person,,ocd-person/461c9024-c8c3-44a5-91d6-015a6587db5f,ocd-bill/6bc4ab00-49ea-41d6-ae60-f39e4ab816ce,False,cosponsor
8f05ea45-c00d-49ed-acfd-259fba299802,John Reagan,person,,ocd-person/f516d40a-3676-4437-8285-a931d7c2885b,ocd-bill/6bc4ab00-49ea-41d6-ae60-f39e4ab816ce,False,cosponsor
d1ba7152-d249-4ad2-af4c-88f7bb29cc8c,Jeb Bradley,person,,ocd-person/3f5455e8-256e-4442-9c13-bc14f62ce76f,ocd-bill/6bc4ab00-49ea-41d6-ae60-f39e4ab816ce,False,cosponsor
fa8c7860-4788-4af6-aa64-46dbe7263b1e,Sharon M Carson,person,,ocd-person/00964fc0-dd57-44c3-87bf-b6d5bbc34560,ocd-bill/6bc4ab00-49ea-41d6-ae60-f39e4ab816ce,False,cosponsor
be14bea7-484b-457d-9125-be03d5b27017,Martha Fuller Clark,person,,ocd-person/823e56cb-5c51-4a09-b060-93cdb7f7ac25,ocd-bill/6bc4ab00-49ea-41d6-ae60-f39e4ab816ce,False,cosponsor
41a09c3a-026f-46a4-becc-386c79793e3c,Chuck Morse,person,,ocd-person/72b8f708-a22d-477d-9c55-e5d14b8308a6,ocd-bill/6bc4ab00-49ea-41d6-ae60-f39e4ab816ce,False,cosponsor
ba485dce-c1e1-4eba-812b-95ff63c9f76e,Ruth Ward,person,,ocd-person/9089a509-1f26-4770-adc6-199ed716e692,ocd-bill/df7398c8-7a50-4cf1-b9b4-ca2f17433b70,False,cosponsor
707bb151-33aa-41d6-93fa-adb056ef2838,Peter E. Torosian,person,,ocd-person/45e36880-19af-4f3f-89d4-624946625e7f,ocd-bill/df7398c8-7a50-4cf1-b9b4-ca2f17433b70,False,cosponsor
6fbb647e-e604-427a-9c0c-360513398aa8,Regina Birdsell,person,,ocd-person/461c9024-c8c3-44a5-91d6-015a6587db5f,ocd-bill/df7398c8-7a50-4cf1-b9b4-ca2f17433b70,True,primary
08664bd0-cfb2-4e3d-88d1-adcf7a5fa3a7,David H Watters,person,,ocd-person/cf24defe-6df3-49f3-88ca-c6774b144f19,ocd-bill/df7398c8-7a50-4cf1-b9b4-ca2f17433b70,False,cosponsor
e6d8b9f2-ae36-4017-9241-8e69c21cf850,James P. Gray,person,,ocd-person/e6443187-eb51-42eb-8bd7-349ed0ba9641,ocd-bill/00d18ec2-8bc4-4823-ab4a-1f0647701932,False,cosponsor
81fbbb4f-c06f-42d4-ae1e-775970a84c20,Betsy McKinney,person,,ocd-person/98145410-1fcc-4b89-a6cb-b403b80fabcb,ocd-bill/00d18ec2-8bc4-4823-ab4a-1f0647701932,False,cosponsor
f9def285-178a-4df2-9052-05c2fab8de64,Douglas W. Thomas,person,,ocd-person/5db11498-80a8-4136-9c50-2c7f1a2f6826,ocd-bill/00d18ec2-8bc4-4823-ab4a-1f0647701932,False,cosponsor
70ff995a-6747-400c-ace5-ff9cf7bc2755,David C. Lundgren,person,,ocd-person/4e9bb139-f952-4fda-bce1-f1bb16c585e3,ocd-bill/00d18ec2-8bc4-4823-ab4a-1f0647701932,False,cosponsor
5c2339f5-84ae-4899-be62-532f20486ce0,Al P. Baldasaro,person,,ocd-person/3807f9c1-b590-4496-8a1e-b0ff84ba592d,ocd-bill/00d18ec2-8bc4-4823-ab4a-1f0647701932,False,cosponsor
cc92aad3-1e67-4dde-8744-7e2a660c28c2,Sherman A. Packard,person,,ocd-person/e94c1d98-5454-40a2-8293-ee0998fee8ca,ocd-bill/00d18ec2-8bc4-4823-ab4a-1f0647701932,False,cosponsor
5bfda358-0e00-45dd-8fc4-a115ff9d4792,Jeb Bradley,person,,ocd-person/3f5455e8-256e-4442-9c13-bc14f62ce76f,ocd-bill/00d18ec2-8bc4-4823-ab4a-1f0647701932,False,cosponsor
7d94b33d-aba4-41d3-b396-be96f4a377aa,Sharon M Carson,person,,ocd-person/00964fc0-dd57-44c3-87bf-b6d5bbc34560,ocd-bill/00d18ec2-8bc4-4823-ab4a-1f0647701932,True,primary
5845b755-1ec9-45f8-896a-2139c5223b16,Jon Morgan,person,,ocd-person/f169c82a-7120-4d67-85d4-d5ff21cd44ef,ocd-bill/ce7fd124-0bc2-477c-89c5-3815ff92ef8c,False,cosponsor
9b1803a1-85af-4377-ae31-6959cbfddcf6,Shannon E Chandley,person,,,ocd-bill/ce7fd124-0bc2-477c-89c5-3815ff92ef8c,False,cosponsor
92169cc2-df78-4eb0-a3ca-18dbdd06b728,Lou D'Allesandro,person,,ocd-person/87c48788-817d-408b-a1e1-ebe1c9fd893d,ocd-bill/ce7fd124-0bc2-477c-89c5-3815ff92ef8c,True,primary
3f5fa0ed-9420-4b90-a106-7032e31df8d1,Daryl A. Abbas,person,,ocd-person/6dfd683a-1f79-49db-95a9-07f4f9898a22,ocd-bill/8c00ec70-a5e5-4afb-9054-f840ffe5fdee,True,primary
e8df5b55-c055-4ba1-ac97-27ab51b4f600,Jon Morgan,person,,ocd-person/f169c82a-7120-4d67-85d4-d5ff21cd44ef,ocd-bill/a87bd92b-eec0-4d95-a17b-e9b0503e274f,False,cosponsor
abb688a4-f19c-4989-b90b-b5c186a53e43,Tom Sherman,person,,ocd-person/ee95d0de-e55e-4733-ba97-0fde66adf65c,ocd-bill/a87bd92b-eec0-4d95-a17b-e9b0503e274f,True,primary
af3af5b0-c952-4771-95ac-f9670af68ac1,William M. Marsh,person,,ocd-person/22006937-f2ca-4a2e-b92a-457777933dc7,ocd-bill/a87bd92b-eec0-4d95-a17b-e9b0503e274f,False,cosponsor
dc3d4f87-810f-479f-8704-6decbccbc428,Dan Feltes,person,,ocd-person/e97501d7-4bef-403f-8d48-9fcecc980cf5,ocd-bill/a87bd92b-eec0-4d95-a17b-e9b0503e274f,False,cosponsor
21bbfe70-e1df-4925-a80e-22a68e541cb0,Charles E. McMahon,person,,ocd-person/28d59199-5bae-46fe-99f3-ec78e330cdeb,ocd-bill/a87bd92b-eec0-4d95-a17b-e9b0503e274f,False,cosponsor
cffac987-2b1e-4091-bf9a-c4e73fcfe18c,Stephen C. Pearson,person,,ocd-person/2a085551-6f62-4320-a1eb-bc9a177b9a6d,ocd-bill/586afea1-224f-47bc-950c-e7aa7d6b9e3d,True,primary
026b46ad-2b10-4b70-897b-b46ee26b2f90,Daryl A. Abbas,person,,ocd-person/6dfd683a-1f79-49db-95a9-07f4f9898a22,ocd-bill/0d9b3bb5-2491-4412-be59-15054a25656a,False,cosponsor
74798657-80a9-43ff-89a0-68809619ab49,Cam E. Kenney,person,,ocd-person/9f35ea7b-b937-4b06-8be5-5cfbc83381e1,ocd-bill/0d9b3bb5-2491-4412-be59-15054a25656a,False,cosponsor
a86d4e77-7bcc-435c-a13e-c00d66e4a033,Wendy E.N. Thomas,person,,ocd-person/2375b05c-cf9a-4f1b-a4b0-194fac6d86bf,ocd-bill/0d9b3bb5-2491-4412-be59-15054a25656a,False,cosponsor
25486aac-90dd-473a-aabc-4d50f97c3b49,Tom Sherman,person,,ocd-person/ee95d0de-e55e-4733-ba97-0fde66adf65c,ocd-bill/0d9b3bb5-2491-4412-be59-15054a25656a,False,cosponsor
cca7c430-672d-46a4-bff6-f779897e7b8a,Ellen D. Read,person,,ocd-person/77304532-17fb-4b2c-aed6-213a435e4a46,ocd-bill/0d9b3bb5-2491-4412-be59-15054a25656a,True,primary
0a04f099-9185-4b1f-9086-3920ec0a99e0,Betty I. Gay,person,,ocd-person/c2486401-1c5f-4cfc-b4ef-bbae6b8c0489,ocd-bill/0d9b3bb5-2491-4412-be59-15054a25656a,False,cosponsor
4645ffd1-ede0-4e51-abe3-2d6cdaf4efc1,James A. Spillane,person,,ocd-person/2520dc46-648c-44d0-ba1f-fe09b17a9d8b,ocd-bill/0d9b3bb5-2491-4412-be59-15054a25656a,False,cosponsor
f324c92e-3482-4d34-a782-6714bf6e5802,Patrick F. Abrami,person,,ocd-person/0327f85d-1b5a-4218-a97f-f393a965d64b,ocd-bill/0d9b3bb5-2491-4412-be59-15054a25656a,False,cosponsor
4b4ad1e6-b4a4-44db-88b0-af9b54eb1e48,Debra L. DeSimone,person,,ocd-person/7ef7472f-0bda-4708-9239-76adeca1e87e,ocd-bill/0d9b3bb5-2491-4412-be59-15054a25656a,False,cosponsor
f372de5d-dae5-47ee-8336-5c5900de130f,Janet G. Wall,person,,ocd-person/2830876f-1a4d-4332-ae2a-a97607c4e1b9,ocd-bill/0d9b3bb5-2491-4412-be59-15054a25656a,False,cosponsor
dff4026b-6f08-471c-ab81-66a8cb0c74d4,David H Watters,person,,ocd-person/cf24defe-6df3-49f3-88ca-c6774b144f19,ocd-bill/0d9b3bb5-2491-4412-be59-15054a25656a,False,cosponsor
fd673080-ce66-4541-acef-830bd1e7215d,Shannon E Chandley,person,,,ocd-bill/47d377ec-2924-42de-a890-2884a6c7b3c8,False,cosponsor
666e7f4f-c965-4777-bc59-eba9e3053ed4,Martha S. Hennessey,person,,ocd-person/f2700034-7f3d-4834-bb66-b848a7ca748a,ocd-bill/47d377ec-2924-42de-a890-2884a6c7b3c8,False,cosponsor
a2c3ac67-4466-4e43-abd4-2f3d9189e6c1,Kate R. Murray,person,,ocd-person/79bb2147-ea4b-4706-8b38-ee2309613ea0,ocd-bill/47d377ec-2924-42de-a890-2884a6c7b3c8,False,cosponsor
c3453975-926a-4627-ac33-a9daff4bb7e0,Polly Kent Campion,person,,ocd-person/8af71573-9095-434b-9fc7-6b244e40b3bb,ocd-bill/47d377ec-2924-42de-a890-2884a6c7b3c8,False,cosponsor
02934380-7746-43e3-8797-146ffec9c1ae,Paul S. Berch,person,,ocd-person/f96a072d-9add-44b0-8028-0ec057f31f52,ocd-bill/47d377ec-2924-42de-a890-2884a6c7b3c8,False,cosponsor
048864a5-b20b-4c1d-80b6-2ae63e8c48aa,Patrick T. Long,person,,ocd-person/14d0ff58-3340-4344-bb79-c6acd5f8ba6c,ocd-bill/47d377ec-2924-42de-a890-2884a6c7b3c8,False,cosponsor
748e10df-f632-4511-9e39-3effd1e42217,Lucy M. Weber,person,,ocd-person/a6790cd1-6b7a-48f9-b48c-b298929578a4,ocd-bill/47d377ec-2924-42de-a890-2884a6c7b3c8,False,cosponsor
a595c301-7b57-4c64-bb66-c712c8407ca9,Robert Renny Cushing,person,,ocd-person/cdb3279c-243a-4ca0-8e83-fcb10a975736,ocd-bill/47d377ec-2924-42de-a890-2884a6c7b3c8,True,primary
ac1ffba8-1095-4ecc-8063-356e77442f8b,Jon Morgan,person,,ocd-person/f169c82a-7120-4d67-85d4-d5ff21cd44ef,ocd-bill/6bfe13b3-b848-462f-9e83-43e3b6b1ca52,False,cosponsor
40b2f1d1-7f2f-4224-b92b-71c9d7202327,Cindy Rosenwald,person,,ocd-person/f3e949ce-6d98-4826-bbca-08039cea4ea4,ocd-bill/6bfe13b3-b848-462f-9e83-43e3b6b1ca52,False,cosponsor
f402c013-e71c-4b2d-91d7-9e4c832ab3fe,Melanie Levesque,person,,ocd-person/282926cd-63f0-4ac4-ad16-5e96eb1c4e0b,ocd-bill/6bfe13b3-b848-462f-9e83-43e3b6b1ca52,False,cosponsor
28133ac3-7491-4dff-969a-05751137653a,Shannon E Chandley,person,,,ocd-bill/6bfe13b3-b848-462f-9e83-43e3b6b1ca52,False,cosponsor
2bd3e379-1292-4643-922b-065c2737a546,Tom Sherman,person,,ocd-person/ee95d0de-e55e-4733-ba97-0fde66adf65c,ocd-bill/6bfe13b3-b848-462f-9e83-43e3b6b1ca52,False,cosponsor
e4b2410e-7423-4f48-9363-3b8d8f9e08c2,Ruth Ward,person,,ocd-person/9089a509-1f26-4770-adc6-199ed716e692,ocd-bill/6bfe13b3-b848-462f-9e83-43e3b6b1ca52,False,cosponsor
ef5c1eaa-3ae4-4d67-a314-081eede99297,James P. Gray,person,,ocd-person/e6443187-eb51-42eb-8bd7-349ed0ba9641,ocd-bill/6bfe13b3-b848-462f-9e83-43e3b6b1ca52,False,cosponsor
216c128a-2bf6-4063-9362-5e12ded1d67a,Jerry L. Knirk,person,,ocd-person/ce0bd184-d264-46d8-87fc-f2590e2a1ed1,ocd-bill/6bfe13b3-b848-462f-9e83-43e3b6b1ca52,False,cosponsor
bbca5f56-5e72-48a9-861b-0931ac4f97ac,William M. Marsh,person,,ocd-person/22006937-f2ca-4a2e-b92a-457777933dc7,ocd-bill/6bfe13b3-b848-462f-9e83-43e3b6b1ca52,False,cosponsor
3f2b4cb4-b5da-4208-b6d7-49ee9f407212,Dan Feltes,person,,ocd-person/e97501d7-4bef-403f-8d48-9fcecc980cf5,ocd-bill/6bfe13b3-b848-462f-9e83-43e3b6b1ca52,False,cosponsor
53f90ec6-84a6-4c47-802c-8f7f4b515599,Regina Birdsell,person,,ocd-person/461c9024-c8c3-44a5-91d6-015a6587db5f,ocd-bill/6bfe13b3-b848-462f-9e83-43e3b6b1ca52,False,cosponsor
1bc2b1d0-3822-4268-9390-8e2e7c52af86,Kermit R. Williams,person,,ocd-person/fa58238b-d845-4c1c-a331-8e175efcd6d3,ocd-bill/6bfe13b3-b848-462f-9e83-43e3b6b1ca52,False,cosponsor
8a86ead1-5935-48dd-b830-68d904b4acf5,John Reagan,person,,ocd-person/f516d40a-3676-4437-8285-a931d7c2885b,ocd-bill/6bfe13b3-b848-462f-9e83-43e3b6b1ca52,False,cosponsor
318134d5-01fe-4ff4-993b-b6bbd4ea71e9,Jeb Bradley,person,,ocd-person/3f5455e8-256e-4442-9c13-bc14f62ce76f,ocd-bill/6bfe13b3-b848-462f-9e83-43e3b6b1ca52,True,primary
1ee2a2c0-72d6-4f2e-ab46-588401729cf0,Sharon M Carson,person,,ocd-person/00964fc0-dd57-44c3-87bf-b6d5bbc34560,ocd-bill/6bfe13b3-b848-462f-9e83-43e3b6b1ca52,False,cosponsor
ac784778-90e9-4273-9a9a-763fee43edb8,Martha Fuller Clark,person,,ocd-person/823e56cb-5c51-4a09-b060-93cdb7f7ac25,ocd-bill/6bfe13b3-b848-462f-9e83-43e3b6b1ca52,False,cosponsor
ccef0b03-dece-4d68-91f7-139c75069d8b,William L. Fowler,person,,ocd-person/20bf5a41-2a66-4d24-bc34-aef873b488cb,ocd-bill/e26972b5-deae-4bbb-b807-3f3ebbc1aae6,False,cosponsor
ade9dfd3-dd14-4a9f-b2fa-a0dc04d7ad16,Timothy A. Merlino,person,,ocd-person/60266e39-73ed-4c24-bbe3-eccbbd9ecc35,ocd-bill/e26972b5-deae-4bbb-b807-3f3ebbc1aae6,False,cosponsor
ad91c3a4-7e59-4e12-b28b-5e45ea53872b,Jason A. Janvrin,person,,ocd-person/5411c21d-e8ee-4300-a79b-1a688e01c481,ocd-bill/e26972b5-deae-4bbb-b807-3f3ebbc1aae6,True,primary
f2c3bfe9-deef-49eb-b074-5af6a910793c,John M. Potucek,person,,ocd-person/433c67d6-bfdc-410e-87e2-463c93d55a17,ocd-bill/e26972b5-deae-4bbb-b807-3f3ebbc1aae6,False,cosponsor
dc3c4198-edb9-4597-8480-1755f2a18dbf,Judy F. Aron,person,,ocd-person/533fb85c-c4f0-41f3-9bc6-8b1c422a9693,ocd-bill/f51735dd-a67a-4373-822b-8aaa827ac628,False,cosponsor
3042d79a-f193-4a10-a83a-64819c85d4c9,Terry Roy,person,,ocd-person/6d43b165-fda9-4918-a2b7-ad66940062a0,ocd-bill/f51735dd-a67a-4373-822b-8aaa827ac628,True,primary
4683a500-dd20-47b0-898f-749e423b0115,Gary Merchant,person,,ocd-person/78078880-ab6f-4f87-b095-8b85c31f1780,ocd-bill/863a0391-a930-412c-b78f-bbef8db45910,False,cosponsor
203e925b-ac00-44a4-ac56-33d616cb8a68,James P. Gray,person,,ocd-person/e6443187-eb51-42eb-8bd7-349ed0ba9641,ocd-bill/863a0391-a930-412c-b78f-bbef8db45910,False,cosponsor
116d0885-8d37-44e9-bf56-237fa28d106c,Bob J. Giuda,person,,ocd-person/7739a4d0-534e-4bdb-b7fb-6a8f348e833e,ocd-bill/863a0391-a930-412c-b78f-bbef8db45910,True,primary
e2c51ae5-d600-4000-b3a7-67f6cf39496f,Richard G. Osborne,person,,ocd-person/09ecd5f5-189e-401e-9950-840b58d886c2,ocd-bill/863a0391-a930-412c-b78f-bbef8db45910,False,cosponsor
f1b0127a-50a0-40a8-89c9-8d0d61ebe940,William M. Marsh,person,,ocd-person/22006937-f2ca-4a2e-b92a-457777933dc7,ocd-bill/863a0391-a930-412c-b78f-bbef8db45910,False,cosponsor
885b8676-e06b-4dae-846e-6bd20515049e,Sharon M Carson,person,,ocd-person/00964fc0-dd57-44c3-87bf-b6d5bbc34560,ocd-bill/863a0391-a930-412c-b78f-bbef8db45910,False,cosponsor
17cd6a66-6973-450f-8d17-c02438aa5ac8,Martha Fuller Clark,person,,ocd-person/823e56cb-5c51-4a09-b060-93cdb7f7ac25,ocd-bill/863a0391-a930-412c-b78f-bbef8db45910,False,cosponsor
d768b8e2-43be-407d-8b14-bb8749f5fe23,Max Abramson,person,,ocd-person/a2248bc0-9253-48d8-9ee2-d9c0b6fbc800,ocd-bill/17307c90-cc97-4b66-a99c-0bd284efac18,True,primary
71c77f3a-1f6b-40dc-b8c7-5d8dd252da7d,Hershel Nunez,person,,ocd-person/3724f35b-dc08-456a-a432-1ead531e8dfd,ocd-bill/2be43225-1d23-49fc-8e46-ad1e67ee3468,False,cosponsor
edc22575-6932-435d-83ec-7fe800588fd8,Rebecca J. McWilliams,person,,ocd-person/39eb4d14-9ef3-4b1b-bcb6-a66f1aa97491,ocd-bill/2be43225-1d23-49fc-8e46-ad1e67ee3468,False,cosponsor
86a3a3c4-1e3f-44ee-be9e-3a5e0b76a3ed,Casey M. Conley,person,,ocd-person/3290a4d4-7403-45f8-adc4-4e26e0fefa09,ocd-bill/2be43225-1d23-49fc-8e46-ad1e67ee3468,False,cosponsor
4d3e6666-41c8-4081-9ca1-01ffe661bcb2,Martha S. Hennessey,person,,ocd-person/f2700034-7f3d-4834-bb66-b848a7ca748a,ocd-bill/2be43225-1d23-49fc-8e46-ad1e67ee3468,False,cosponsor
c65ffd0e-e1fc-467b-891d-ca269053c1a8,Jerry L. Knirk,person,,ocd-person/ce0bd184-d264-46d8-87fc-f2590e2a1ed1,ocd-bill/2be43225-1d23-49fc-8e46-ad1e67ee3468,False,cosponsor
767bb8ad-974b-41c5-ad96-51427bc48b16,Carol M. McGuire,person,,ocd-person/ae3d6133-98b5-444e-b95e-2edc2f5302dc,ocd-bill/2be43225-1d23-49fc-8e46-ad1e67ee3468,True,primary
a44c413c-e9e1-4b15-a7fa-f7ab22c965e1,Robert Renny Cushing,person,,ocd-person/cdb3279c-243a-4ca0-8e83-fcb10a975736,ocd-bill/2be43225-1d23-49fc-8e46-ad1e67ee3468,False,cosponsor
c3abc581-2312-43d9-8037-f5deded140f0,John Reagan,person,,ocd-person/f516d40a-3676-4437-8285-a931d7c2885b,ocd-bill/2be43225-1d23-49fc-8e46-ad1e67ee3468,False,cosponsor
3578f421-d03c-4d49-9c52-bfaea0aa045d,Charlie G. St. Clair,person,,ocd-person/643751f4-6db0-4021-bf76-b8f2483d640d,ocd-bill/49be7ab2-8a24-4bbc-a46f-9c512d1e48d1,False,cosponsor
1c42f753-fd47-45e6-b8eb-8ea56e737e18,Timothy P. Lang,person,,ocd-person/85064309-421e-4611-a6c5-800234db68fb,ocd-bill/49be7ab2-8a24-4bbc-a46f-9c512d1e48d1,True,primary
80a62b53-ea54-4677-b673-be9efce1aad0,Shannon E Chandley,person,,,ocd-bill/31b9b083-639c-47c1-90cf-191793a15609,True,primary
ea662ca9-0ab1-4685-a8a8-e80db75183f2,Martha S. Hennessey,person,,ocd-person/f2700034-7f3d-4834-bb66-b848a7ca748a,ocd-bill/31b9b083-639c-47c1-90cf-191793a15609,False,cosponsor
50216d6c-2315-4c84-8960-c1241c37a0fd,Kate R. Murray,person,,ocd-person/79bb2147-ea4b-4706-8b38-ee2309613ea0,ocd-bill/31b9b083-639c-47c1-90cf-191793a15609,False,cosponsor
f2ee2d3e-2a0e-4818-9329-2e6c8ed93240,Beth Rodd,person,,ocd-person/f40ba0df-9993-4bf1-b52d-d7989fb5a7f7,ocd-bill/31b9b083-639c-47c1-90cf-191793a15609,False,cosponsor
cfb33b71-b0df-4449-b3fa-fe26d686b84a,Sharon M Carson,person,,ocd-person/00964fc0-dd57-44c3-87bf-b6d5bbc34560,ocd-bill/31b9b083-639c-47c1-90cf-191793a15609,False,cosponsor
6f13a206-1603-4295-a648-26a92efdc76d,Dan Feltes,person,,ocd-person/e97501d7-4bef-403f-8d48-9fcecc980cf5,ocd-bill/9c8b60bd-e8fc-4f39-ad02-660f846a0b50,True,primary
0d76e8eb-74b0-4aac-b951-528ac923ca63,Tom Sherman,person,,ocd-person/ee95d0de-e55e-4733-ba97-0fde66adf65c,ocd-bill/2922ac93-c761-41fe-a113-0c45e4547367,True,primary
391b2269-8d30-41b4-a579-55338f5d14d0,Peter R. Leishman,person,,ocd-person/86708f42-531f-4e57-a6b1-f5b11ff9389c,ocd-bill/2922ac93-c761-41fe-a113-0c45e4547367,False,cosponsor
20dbebbc-cb2f-4930-a293-08bb251f92a8,Lou D'Allesandro,person,,ocd-person/87c48788-817d-408b-a1e1-ebe1c9fd893d,ocd-bill/2922ac93-c761-41fe-a113-0c45e4547367,False,cosponsor
9229c728-ac60-464c-8d8c-6f30a3c60810,Charlie G. St. Clair,person,,ocd-person/643751f4-6db0-4021-bf76-b8f2483d640d,ocd-bill/e08e6026-edd1-464a-8fcf-eda8902b4050,False,cosponsor
b09c8bd9-c2af-480b-b98e-e832e5348ccb,Harold F. French,person,,ocd-person/ff11da65-174b-4fdc-b33c-e5d6d56602f0,ocd-bill/e08e6026-edd1-464a-8fcf-eda8902b4050,False,cosponsor
4675f8c1-29e7-4cdf-b793-5a06bab3fbc5,Peter J. Spanos,person,,ocd-person/c814c77a-197f-4883-937f-74003f9e4fdd,ocd-bill/e08e6026-edd1-464a-8fcf-eda8902b4050,True,primary
09664af9-f698-4f1b-9a26-e6b860c0ce2c,David O. Huot,person,,ocd-person/1ca469eb-22a1-4c1c-af43-a0a5456f3a4f,ocd-bill/e08e6026-edd1-464a-8fcf-eda8902b4050,False,cosponsor
56b1de44-d1d6-4c2e-a44a-5f293efaaf34,Patricia T. Lovejoy,person,,ocd-person/7c88eae9-feb0-494a-b1de-68307b3162ae,ocd-bill/e08e6026-edd1-464a-8fcf-eda8902b4050,False,cosponsor
58e5ed25-e944-4607-ad59-ed1909b879c5,Franklin T. Tilton,person,,ocd-person/d9727a00-c3af-45f0-a771-df8f7507543f,ocd-bill/e08e6026-edd1-464a-8fcf-eda8902b4050,False,cosponsor
797c923c-eb5d-455c-95d5-40beed8468fd,Chuck Morse,person,,ocd-person/72b8f708-a22d-477d-9c55-e5d14b8308a6,ocd-bill/e08e6026-edd1-464a-8fcf-eda8902b4050,False,cosponsor
d1e0bdaa-a79f-427d-9381-db22c2f19fd2,Peter E. Torosian,person,,ocd-person/45e36880-19af-4f3f-89d4-624946625e7f,ocd-bill/b08e820d-6e5e-4b18-bde9-3a07c66b168c,False,cosponsor
74294449-87e0-4486-b583-1d588430602c,Martin L. Jack,person,,ocd-person/27e55643-df5b-49aa-8529-082cd786c0f8,ocd-bill/b08e820d-6e5e-4b18-bde9-3a07c66b168c,False,cosponsor
558a9777-0509-44ef-8f15-5bb8090cef1b,Lynne M. Ober,person,,ocd-person/e1ff7dcf-ec5f-42ab-a7c2-81092820a3ae,ocd-bill/b08e820d-6e5e-4b18-bde9-3a07c66b168c,False,cosponsor
638e03be-fbc6-4325-b80d-a33d0e15bb02,Russell T. Ober,person,,ocd-person/a5182863-ac6e-4fcf-b0c2-59b5e22a18fc,ocd-bill/b08e820d-6e5e-4b18-bde9-3a07c66b168c,False,cosponsor
bc694cb1-3cb2-41b5-9830-b3d305447422,Kenneth L. Weyler,person,,ocd-person/e2f9dd7e-b221-4cf0-b7de-5daa70658669,ocd-bill/b08e820d-6e5e-4b18-bde9-3a07c66b168c,True,primary
2c153c66-ad8d-4d3b-8d91-2eb652875509,Jay Kahn,person,,ocd-person/998e681b-6df1-4b4a-92db-7a2187cedcd8,ocd-bill/17b39c02-1c06-4cd7-9341-bbc3f20b2795,True,primary
d107e2e2-283b-4f03-b164-646352cdf1d2,Peter B. Schmidt,person,,ocd-person/16654889-3b48-44d6-a6d3-8da5d7a434f1,ocd-bill/17b39c02-1c06-4cd7-9341-bbc3f20b2795,False,cosponsor
1c8892db-1387-4f9b-9ad4-7265dfa973c8,Martha Fuller Clark,person,,ocd-person/823e56cb-5c51-4a09-b060-93cdb7f7ac25,ocd-bill/17b39c02-1c06-4cd7-9341-bbc3f20b2795,False,cosponsor
7181fc2e-9b42-4060-a1cb-5d26d3eb7ad0,Terry Roy,person,,ocd-person/6d43b165-fda9-4918-a2b7-ad66940062a0,ocd-bill/37dc090a-23f4-464b-8523-d652e7c2a97f,False,cosponsor
b5dd8467-46c0-49c2-9513-47c45fdb9aa3,Harold F. French,person,,ocd-person/ff11da65-174b-4fdc-b33c-e5d6d56602f0,ocd-bill/37dc090a-23f4-464b-8523-d652e7c2a97f,False,cosponsor
701bfaa0-120c-4b91-8dba-b57359f537c7,Jay Kahn,person,,ocd-person/998e681b-6df1-4b4a-92db-7a2187cedcd8,ocd-bill/37dc090a-23f4-464b-8523-d652e7c2a97f,False,cosponsor
86c44e95-7f1f-476a-864c-1b0d7d55ee57,John Reagan,person,,ocd-person/f516d40a-3676-4437-8285-a931d7c2885b,ocd-bill/37dc090a-23f4-464b-8523-d652e7c2a97f,True,primary
09b7c581-426b-4a2e-a0d4-9f2e77999f57,Tony Piemonte,person,,ocd-person/45e7b6d4-c265-40a9-ba77-47a7a454ed71,ocd-bill/d3f4e808-c8a4-466a-987f-20833490af08,False,cosponsor
7acd9707-6fcd-4707-a7d9-de3001e1737b,Nicole Klein-Knight,person,,ocd-person/f91f87c5-d22a-48b7-ac4a-c2519d086ec7,ocd-bill/d3f4e808-c8a4-466a-987f-20833490af08,False,cosponsor
2803c2f2-1342-4b6e-9d92-1a6b0bd87db3,Charlie G. St. Clair,person,,ocd-person/643751f4-6db0-4021-bf76-b8f2483d640d,ocd-bill/d3f4e808-c8a4-466a-987f-20833490af08,False,cosponsor
f909266e-6532-4749-a4ae-3cf477f6fc52,Tom Sherman,person,,ocd-person/ee95d0de-e55e-4733-ba97-0fde66adf65c,ocd-bill/d3f4e808-c8a4-466a-987f-20833490af08,False,cosponsor
ce4c6f47-b1ac-414a-9642-d3d584160f4e,Peter E. Torosian,person,,ocd-person/45e36880-19af-4f3f-89d4-624946625e7f,ocd-bill/d3f4e808-c8a4-466a-987f-20833490af08,True,primary
6886759a-f906-4c89-917e-a3633d909ebc,John C. Janigian,person,,ocd-person/4c4f4974-0202-43a0-9aba-f41d0f99603a,ocd-bill/d3f4e808-c8a4-466a-987f-20833490af08,False,cosponsor
0553b57b-a5e1-49d0-9278-05147109d7d3,Glen C. Aldrich,person,,ocd-person/620d9d69-c8fb-47ad-ad25-1c1ef75c39dd,ocd-bill/d3f4e808-c8a4-466a-987f-20833490af08,False,cosponsor
af2dd743-7293-4f88-9529-1983576b46b1,Sherry A. Frost,person,,ocd-person/62916f8e-e193-463d-9dcc-f35f60d836db,ocd-bill/8cae9352-dbb7-43be-bc14-6e07dcaf1b62,False,cosponsor
d6171f88-3e70-4932-b8e7-2be358035ef4,Timothy Josephson,person,,ocd-person/62149ad2-7d4c-42b6-be2b-281618dd7c97,ocd-bill/8cae9352-dbb7-43be-bc14-6e07dcaf1b62,False,cosponsor
f40647c1-7a9f-4074-9531-24d00edf6de6,Allison R. Nutting-Wong,person,,ocd-person/4c979ca8-85c0-4124-ac2d-c44f3bcb95ff,ocd-bill/8cae9352-dbb7-43be-bc14-6e07dcaf1b62,True,primary
0f1b9794-0fca-483a-8b61-1f8599362ae9,Janice E. Schmidt,person,,ocd-person/ec374833-801f-4c21-9261-67cdefc1ba44,ocd-bill/8cae9352-dbb7-43be-bc14-6e07dcaf1b62,False,cosponsor
0b168706-f7f7-400d-88ca-a10bc1e41c7d,Stephen L. Woodcock,person,,ocd-person/bdde38b3-3210-4b2d-890b-bbf2d2bf314a,ocd-bill/94ea28b9-4ea4-4ee3-99e3-75139a255825,False,cosponsor
2fad4f32-ea9b-44fc-b948-f3a1f7e20c7e,Constance Van Houten,person,,ocd-person/5e54c6e7-01cb-42c8-b3ed-8137e6c995fd,ocd-bill/94ea28b9-4ea4-4ee3-99e3-75139a255825,False,cosponsor
f3c4eb9a-1e07-41a0-83a9-b1d54413d830,Linda L. Tanner,person,,ocd-person/950e6cfe-ff6c-49ed-a4c2-1e66e60c6315,ocd-bill/94ea28b9-4ea4-4ee3-99e3-75139a255825,True,primary
2fb4544b-73d8-493f-90d9-8a0d2e641bca,Jay Kahn,person,,ocd-person/998e681b-6df1-4b4a-92db-7a2187cedcd8,ocd-bill/48c46f28-fe02-4780-8682-39288bb0fa55,True,primary
b905da92-22b9-44be-9567-a285be5d0daf,Martha S. Hennessey,person,,ocd-person/f2700034-7f3d-4834-bb66-b848a7ca748a,ocd-bill/48c46f28-fe02-4780-8682-39288bb0fa55,False,cosponsor
02db4a83-aee0-4ffe-9f48-5f05e1d3a222,Skip J. Cleaver,person,,ocd-person/6edff50b-8390-4046-a376-214136ea64d9,ocd-bill/48c46f28-fe02-4780-8682-39288bb0fa55,False,cosponsor
d488c3ff-9c00-424b-897c-fe8d2a9cbfd1,Donovan W. Fenton,person,,ocd-person/34b5aacc-cc43-49c8-af70-c692639b2e4a,ocd-bill/48c46f28-fe02-4780-8682-39288bb0fa55,False,cosponsor
02f335f4-2deb-4fb3-b0b1-b012ebc9459c,David H Watters,person,,ocd-person/cf24defe-6df3-49f3-88ca-c6774b144f19,ocd-bill/48c46f28-fe02-4780-8682-39288bb0fa55,False,cosponsor
25cbc009-bac2-411f-953b-889909d8c933,Cindy Rosenwald,person,,ocd-person/f3e949ce-6d98-4826-bbca-08039cea4ea4,ocd-bill/e991ba86-5440-4552-8f98-1c62a8615f04,False,cosponsor
24c59625-f540-4a08-9cdc-79bd6745d8a2,Joe Schapiro,person,,ocd-person/44fbe7a3-bc2c-4ab0-b669-35521e926782,ocd-bill/e991ba86-5440-4552-8f98-1c62a8615f04,False,cosponsor
b2abbf41-478f-4d67-8441-6b70093353d7,Martha S. Hennessey,person,,ocd-person/f2700034-7f3d-4834-bb66-b848a7ca748a,ocd-bill/e991ba86-5440-4552-8f98-1c62a8615f04,False,cosponsor
868cfe96-b246-4beb-a23f-0f8db48e8ca0,Joelle Martin,person,,ocd-person/ed48590f-6af4-4e9f-99d6-16227870b44f,ocd-bill/e991ba86-5440-4552-8f98-1c62a8615f04,True,primary
4d8ad877-f7be-4a9e-a0e8-bb16a800ab45,Mary Jane Mulligan,person,,ocd-person/2eda7ff0-af84-4ad3-a72c-ea7c37e46877,ocd-bill/e991ba86-5440-4552-8f98-1c62a8615f04,False,cosponsor
b1ab1a7c-b740-49a2-aee6-a3dedad66e38,Polly Kent Campion,person,,ocd-person/8af71573-9095-434b-9fc7-6b244e40b3bb,ocd-bill/e991ba86-5440-4552-8f98-1c62a8615f04,False,cosponsor
0e297014-40da-4ff8-abb2-cf7dab6ed1d2,Skip Berrien,person,,ocd-person/c955f3c4-4732-42c2-8615-bc103ee8e0d8,ocd-bill/e991ba86-5440-4552-8f98-1c62a8615f04,False,cosponsor
c65e3194-8998-499a-8c2f-c7b7554d28e6,Patricia Cornell,person,,ocd-person/e657ef2c-bfc3-4a08-99fe-4456be3bfe2a,ocd-bill/e991ba86-5440-4552-8f98-1c62a8615f04,False,cosponsor
8c1ddf97-7303-4694-8e15-45fbf64641a0,Mary Heath,person,,ocd-person/03bba97f-9b7c-4c33-adb7-e5202a6bd040,ocd-bill/e991ba86-5440-4552-8f98-1c62a8615f04,False,cosponsor
542e0bf2-11fb-46f7-bd57-5964e8648894,Sharon L. Nordgren,person,,ocd-person/21d388d8-9203-4ffb-a4f5-66f843484349,ocd-bill/e991ba86-5440-4552-8f98-1c62a8615f04,False,cosponsor
a3bd612c-337b-411c-a1c9-876551612517,Melanie Levesque,person,,ocd-person/282926cd-63f0-4ac4-ad16-5e96eb1c4e0b,ocd-bill/07edbd6f-3fde-4f1d-88e7-9acb6967c086,False,cosponsor
27755396-eb5f-4d93-bf9c-bf79bdf53bf0,Shannon E Chandley,person,,,ocd-bill/07edbd6f-3fde-4f1d-88e7-9acb6967c086,True,primary
d8980cf1-4cdf-4f0a-8c33-77d46531dbac,Paul P. Dargie,person,,ocd-person/63f11bc0-1dbb-48c3-a2ec-635cf7f25a84,ocd-bill/07edbd6f-3fde-4f1d-88e7-9acb6967c086,False,cosponsor
936b4584-286d-4d89-b53e-40c662d1fbe6,Megan A. Murray,person,,ocd-person/f1902aac-3930-478d-9e89-60cef8bcae0b,ocd-bill/07edbd6f-3fde-4f1d-88e7-9acb6967c086,False,cosponsor
043961ee-4074-4841-a25d-5a602c90a8ef,Joelle Martin,person,,ocd-person/ed48590f-6af4-4e9f-99d6-16227870b44f,ocd-bill/07edbd6f-3fde-4f1d-88e7-9acb6967c086,False,cosponsor
70f1eddf-f997-4d58-9962-9d1ff0af8dca,Julie Radhakrishnan,person,,ocd-person/79f9410e-748e-4a05-a48f-047fef64d1cf,ocd-bill/07edbd6f-3fde-4f1d-88e7-9acb6967c086,False,cosponsor
06fae652-2944-45ec-ae1b-2d3862e1cfe0,Martha Fuller Clark,person,,ocd-person/823e56cb-5c51-4a09-b060-93cdb7f7ac25,ocd-bill/07edbd6f-3fde-4f1d-88e7-9acb6967c086,False,cosponsor
1ec2e054-f7ba-416b-9cc4-596ec829bfd1,Jeanne Dietsch,person,,ocd-person/8e7e0c04-e019-4ffe-a281-18beee5d939f,ocd-bill/25cbb509-c032-4cbb-bdf7-2b95e160da0f,True,primary
6623deba-536d-4ba8-80d3-d9b0e47ea5c4,Megan A. Murray,person,,ocd-person/f1902aac-3930-478d-9e89-60cef8bcae0b,ocd-bill/30dbfd65-2a0e-4c4f-b552-c09505acc8db,False,cosponsor
b02caccb-982e-485c-90c7-b617ff8a2734,Cole J. Riel,person,,ocd-person/5bf139ab-6da2-4fab-a54f-b19d22ec3b7a,ocd-bill/30dbfd65-2a0e-4c4f-b552-c09505acc8db,False,cosponsor
8cb5021c-48c8-48ee-8100-2bdec868dad8,Martha S. Hennessey,person,,ocd-person/f2700034-7f3d-4834-bb66-b848a7ca748a,ocd-bill/30dbfd65-2a0e-4c4f-b552-c09505acc8db,False,cosponsor
75ab8818-337c-46b7-809a-d6fea8dec421,Joelle Martin,person,,ocd-person/ed48590f-6af4-4e9f-99d6-16227870b44f,ocd-bill/30dbfd65-2a0e-4c4f-b552-c09505acc8db,False,cosponsor
e0fbd5ca-73fd-4d86-bb72-cf50f512530d,Dan H. Wolf,person,,ocd-person/d24c83af-3362-4925-9c05-a6b776d3314c,ocd-bill/30dbfd65-2a0e-4c4f-b552-c09505acc8db,False,cosponsor
a34fbc1d-3e2a-4d3b-8851-f4036cff9b9a,Rebecca Susan McBeath,person,,ocd-person/e38b81bb-9bf6-4ace-bc4e-898732105d5d,ocd-bill/30dbfd65-2a0e-4c4f-b552-c09505acc8db,False,cosponsor
f31e81c4-28b9-4d78-a151-1b58e62b278c,David J. Luneau,person,,ocd-person/c3c9bb99-9512-4bec-be04-d8b29ea96f3e,ocd-bill/30dbfd65-2a0e-4c4f-b552-c09505acc8db,False,cosponsor
262617b2-52ae-4505-8f2c-adc9232a7ef7,Karen E. Ebel,person,,ocd-person/947e2e2b-04eb-4f92-9f83-aef8760517e0,ocd-bill/30dbfd65-2a0e-4c4f-b552-c09505acc8db,True,primary
4be75a89-9178-42d3-96c8-7a2ce4dd425a,Clyde J. Carson,person,,ocd-person/d6a04c67-8aa5-4f31-8d08-30d3579e9b2a,ocd-bill/30dbfd65-2a0e-4c4f-b552-c09505acc8db,False,cosponsor
c458ba94-fdc5-4c06-b39b-f0ac66ab9499,Suzanne J. Smith,person,,ocd-person/6a75f502-50fd-47e7-8160-1fce1205550e,ocd-bill/30dbfd65-2a0e-4c4f-b552-c09505acc8db,False,cosponsor
682ba9e6-3856-4b22-82ae-47e4167dfa31,David H Watters,person,,ocd-person/cf24defe-6df3-49f3-88ca-c6774b144f19,ocd-bill/30dbfd65-2a0e-4c4f-b552-c09505acc8db,False,cosponsor
0cebc967-adb6-4992-8a74-c13feefb3c62,Martha Fuller Clark,person,,ocd-person/823e56cb-5c51-4a09-b060-93cdb7f7ac25,ocd-bill/30dbfd65-2a0e-4c4f-b552-c09505acc8db,False,cosponsor
6883c2f3-5c34-436a-9cbc-d7847c296172,Patrick F. Abrami,person,,ocd-person/0327f85d-1b5a-4218-a97f-f393a965d64b,ocd-bill/26a2b42c-d9eb-461d-8bf2-2cd93e66f617,True,primary
a2676bda-8c10-4114-b3f5-1bdc9cf5e772,Kristina M. Fargo,person,,ocd-person/c7e2f9aa-ff57-4a2e-9253-3bb9cf528c17,ocd-bill/f9fb579d-eea9-4a6c-8ab8-2767ab483e6e,False,cosponsor
fe4e245a-9632-444f-ac80-fa231c4379bd,Edward A. Butler,person,,ocd-person/fd79da58-6089-4580-bef2-ad03fc7e6bde,ocd-bill/f9fb579d-eea9-4a6c-8ab8-2767ab483e6e,True,primary
10ba2953-841c-4cb1-999a-61f44fa497b4,Cam E. Kenney,person,,ocd-person/9f35ea7b-b937-4b06-8be5-5cfbc83381e1,ocd-bill/ed13a4ee-4bf9-4c9a-8882-2aabce5faa92,False,cosponsor
9f290eb9-5bba-4185-b6f3-55a7a3975bc1,Timothy O. Horrigan,person,,ocd-person/2a11a559-c16e-4211-82ea-215951d74c1f,ocd-bill/ed13a4ee-4bf9-4c9a-8882-2aabce5faa92,True,primary
49febb40-1987-43fc-bafe-6795f9d66817,Harold F. French,person,,ocd-person/ff11da65-174b-4fdc-b33c-e5d6d56602f0,ocd-bill/4660675e-8250-409b-a7cc-e6edfb088586,False,cosponsor
8c9743df-9e27-417f-b0c7-0f70efe91f9c,Jay Kahn,person,,ocd-person/998e681b-6df1-4b4a-92db-7a2187cedcd8,ocd-bill/4660675e-8250-409b-a7cc-e6edfb088586,False,cosponsor
b97db3e1-d745-46ff-b61a-384355e1f5e3,Brian Seaworth,person,,ocd-person/b12abcbf-fbbe-4464-854e-6960b024e62a,ocd-bill/4660675e-8250-409b-a7cc-e6edfb088586,False,cosponsor
07e4bc1d-8c49-4697-b475-49c95c8bd41a,Carol M. McGuire,person,,ocd-person/ae3d6133-98b5-444e-b95e-2edc2f5302dc,ocd-bill/4660675e-8250-409b-a7cc-e6edfb088586,False,cosponsor
f7b82f41-7176-487f-bb66-cfd484e31284,John Reagan,person,,ocd-person/f516d40a-3676-4437-8285-a931d7c2885b,ocd-bill/4660675e-8250-409b-a7cc-e6edfb088586,True,primary
707348b8-dcbb-43a2-bec7-e1e2156ad552,James P. Gray,person,,ocd-person/e6443187-eb51-42eb-8bd7-349ed0ba9641,ocd-bill/0c099087-db74-45a8-af4c-6804d9d058a8,False,cosponsor
88e2e46d-ef54-4926-b739-002f2137e255,Bob J. Giuda,person,,ocd-person/7739a4d0-534e-4bdb-b7fb-6a8f348e833e,ocd-bill/0c099087-db74-45a8-af4c-6804d9d058a8,True,primary
facab441-88ff-44d8-8c5c-83d1d43acf53,Charlotte I. DiLorenzo,person,,ocd-person/75a682ff-407d-4192-858d-9ce6a979c400,ocd-bill/0c099087-db74-45a8-af4c-6804d9d058a8,False,cosponsor
c94bb19c-ef5a-4453-bf1d-22e6e4ef3c64,Jordan G. Ulery,person,,ocd-person/31f696d4-f806-4eb3-a8ce-5b1d2a2eba93,ocd-bill/0c099087-db74-45a8-af4c-6804d9d058a8,False,cosponsor
bb3cd07d-7953-4bef-b9c6-a0cd5943f084,Kenneth L. Weyler,person,,ocd-person/e2f9dd7e-b221-4cf0-b7de-5daa70658669,ocd-bill/0c099087-db74-45a8-af4c-6804d9d058a8,False,cosponsor
b6658535-252b-4582-9860-5d6da0226198,Sharon M Carson,person,,ocd-person/00964fc0-dd57-44c3-87bf-b6d5bbc34560,ocd-bill/0c099087-db74-45a8-af4c-6804d9d058a8,False,cosponsor
f066a735-5658-4b21-b459-ba2f7e972c08,Martha Fuller Clark,person,,ocd-person/823e56cb-5c51-4a09-b060-93cdb7f7ac25,ocd-bill/0c099087-db74-45a8-af4c-6804d9d058a8,False,cosponsor
687160fe-e572-487c-b6cc-2a1b8915af42,Kevin Cavanaugh,person,,ocd-person/7fb2bb33-cbdb-4dfd-9369-64f19f179777,ocd-bill/9e01c0bc-5c10-4eb3-b8ab-696e08648416,False,cosponsor
d23f2544-ee95-4de4-95c5-7f429a30a092,Harold F. French,person,,ocd-person/ff11da65-174b-4fdc-b33c-e5d6d56602f0,ocd-bill/9e01c0bc-5c10-4eb3-b8ab-696e08648416,True,primary
8c98bd8a-9a76-4cd2-9549-9c052fa71d34,John Reagan,person,,ocd-person/f516d40a-3676-4437-8285-a931d7c2885b,ocd-bill/9e01c0bc-5c10-4eb3-b8ab-696e08648416,False,cosponsor
a48f5f22-4191-4bcd-bec0-39e9f7178a83,Jeb Bradley,person,,ocd-person/3f5455e8-256e-4442-9c13-bc14f62ce76f,ocd-bill/9e01c0bc-5c10-4eb3-b8ab-696e08648416,False,cosponsor
12fc2760-ecd0-43c8-ad60-3095f2595ade,Tom Sherman,person,,ocd-person/ee95d0de-e55e-4733-ba97-0fde66adf65c,ocd-bill/e8f6f5da-8da1-4d10-825a-1c5d8513b8f9,False,cosponsor
b7f6f283-a21a-40a6-b584-9b4b232abaf7,Ruth Ward,person,,ocd-person/9089a509-1f26-4770-adc6-199ed716e692,ocd-bill/e8f6f5da-8da1-4d10-825a-1c5d8513b8f9,False,cosponsor
3497b6eb-38f8-45ac-bfe9-9f6e1c716329,James P. Gray,person,,ocd-person/e6443187-eb51-42eb-8bd7-349ed0ba9641,ocd-bill/e8f6f5da-8da1-4d10-825a-1c5d8513b8f9,True,primary
fafc34c3-7c6d-4bf6-aa17-caaa8fa55493,Bob J. Giuda,person,,ocd-person/7739a4d0-534e-4bdb-b7fb-6a8f348e833e,ocd-bill/e8f6f5da-8da1-4d10-825a-1c5d8513b8f9,False,cosponsor
f0726003-d767-4e43-ba98-9be2f91b4c0b,Regina Birdsell,person,,ocd-person/461c9024-c8c3-44a5-91d6-015a6587db5f,ocd-bill/e8f6f5da-8da1-4d10-825a-1c5d8513b8f9,False,cosponsor
1afc1c6b-df52-4e2e-9dea-125a98172364,Charles E. McMahon,person,,ocd-person/28d59199-5bae-46fe-99f3-ec78e330cdeb,ocd-bill/e8f6f5da-8da1-4d10-825a-1c5d8513b8f9,False,cosponsor
eb9399e5-3d1a-4924-b999-7799a6db1e89,John Reagan,person,,ocd-person/f516d40a-3676-4437-8285-a931d7c2885b,ocd-bill/e8f6f5da-8da1-4d10-825a-1c5d8513b8f9,False,cosponsor
461aee5f-f79d-46b0-a316-af8b45c9949b,David H Watters,person,,ocd-person/cf24defe-6df3-49f3-88ca-c6774b144f19,ocd-bill/e8f6f5da-8da1-4d10-825a-1c5d8513b8f9,False,cosponsor
e163b6ae-bf56-4699-8846-a4888bbd327d,Jeb Bradley,person,,ocd-person/3f5455e8-256e-4442-9c13-bc14f62ce76f,ocd-bill/e8f6f5da-8da1-4d10-825a-1c5d8513b8f9,False,cosponsor
ea19df9b-3459-4e35-ac2d-1b484ae52f24,Sharon M Carson,person,,ocd-person/00964fc0-dd57-44c3-87bf-b6d5bbc34560,ocd-bill/e8f6f5da-8da1-4d10-825a-1c5d8513b8f9,False,cosponsor
e949fe9c-2449-473b-817e-f4baf160d965,Martha Fuller Clark,person,,ocd-person/823e56cb-5c51-4a09-b060-93cdb7f7ac25,ocd-bill/e8f6f5da-8da1-4d10-825a-1c5d8513b8f9,False,cosponsor
4b32e3c0-1a0a-4753-8d24-3628ba4c3ca4,Cindy Rosenwald,person,,ocd-person/f3e949ce-6d98-4826-bbca-08039cea4ea4,ocd-bill/b4fa9c8f-343c-4fed-a834-7183f271ab9b,False,cosponsor
cd6a063a-da9d-4921-a299-f86daeec242c,Kendall A. Snow,person,,ocd-person/cfc39de4-1079-46cc-85d2-fa6382d4eafd,ocd-bill/b4fa9c8f-343c-4fed-a834-7183f271ab9b,True,primary
2c9f02f9-1b4c-416a-833e-383d9b535de6,David J. Danielson,person,,ocd-person/62c43933-5aea-4a05-9ac8-f26c688b2367,ocd-bill/b4fa9c8f-343c-4fed-a834-7183f271ab9b,False,cosponsor
49fdbe9f-e117-4e0d-9a70-e76f6c0532a0,Jon Morgan,person,,ocd-person/f169c82a-7120-4d67-85d4-d5ff21cd44ef,ocd-bill/f7cdf20e-62f5-440d-8bc9-56830f6281dc,False,cosponsor
86b99c29-bf09-496c-b08f-a65698115b9f,David Meuse,person,,ocd-person/4b449f0f-2024-4e18-bbbd-7f0bbcfa8cac,ocd-bill/f7cdf20e-62f5-440d-8bc9-56830f6281dc,False,cosponsor
f279c29d-fdaf-4eb2-8454-216ecc5f717c,Patricia J. Bushway,person,,ocd-person/a10abdb8-c143-498c-8b8a-1e6836699d7b,ocd-bill/f7cdf20e-62f5-440d-8bc9-56830f6281dc,False,cosponsor
7558b303-1f64-43bc-bfcf-f73d74595b5e,Peter Petrigno,person,,ocd-person/1bf3d6c4-3325-4571-b2f7-6a28422dada6,ocd-bill/f7cdf20e-62f5-440d-8bc9-56830f6281dc,False,cosponsor
9befaf51-406f-4de3-b320-1801dd738e8c,Elaine H. French,person,,ocd-person/c7a629ed-523e-4f6e-884f-fbb9dbb2a406,ocd-bill/f7cdf20e-62f5-440d-8bc9-56830f6281dc,False,cosponsor
225e48d3-abac-422f-8578-967b81ef300b,Tom Sherman,person,,ocd-person/ee95d0de-e55e-4733-ba97-0fde66adf65c,ocd-bill/f7cdf20e-62f5-440d-8bc9-56830f6281dc,False,cosponsor
da66599b-883a-4d6e-8c1d-c8527618db5d,Jeffrey C. Salloway,person,,ocd-person/ff3c9490-e187-451d-b600-ca895bfaf0b0,ocd-bill/f7cdf20e-62f5-440d-8bc9-56830f6281dc,False,cosponsor
ccc0ee48-427b-48fb-8a07-a9d8c28e36ad,Betty I. Gay,person,,ocd-person/c2486401-1c5f-4cfc-b4ef-bbae6b8c0489,ocd-bill/f7cdf20e-62f5-440d-8bc9-56830f6281dc,False,cosponsor
eabab0c4-a3bc-4da2-9e04-c70f32412111,Mary A. Eisner,person,,ocd-person/a9ac3600-6a7f-4d8c-ba5f-a20b3dfba0e6,ocd-bill/f7cdf20e-62f5-440d-8bc9-56830f6281dc,False,cosponsor
fcb5fe96-0bc1-40f0-9e2d-d65797be8852,Michael A. Edgar,person,,ocd-person/0f78413a-b328-4856-ab48-21a5d4d614c0,ocd-bill/f7cdf20e-62f5-440d-8bc9-56830f6281dc,False,cosponsor
edef6de7-9bc3-4443-8ca6-8169e48f912d,Robert Renny Cushing,person,,ocd-person/cdb3279c-243a-4ca0-8e83-fcb10a975736,ocd-bill/f7cdf20e-62f5-440d-8bc9-56830f6281dc,False,cosponsor
8e15fc02-5005-4db6-96eb-d9d7ec0dcfb5,Kevin Cavanaugh,person,,ocd-person/7fb2bb33-cbdb-4dfd-9369-64f19f179777,ocd-bill/71cb7810-4938-4eef-aea1-7044583dfabc,True,primary
d765b229-664c-40e2-bede-47abbfe6c8ee,Christy D. Bartlett,person,,ocd-person/59afcf2a-d688-4495-a53d-b10faeffd222,ocd-bill/71cb7810-4938-4eef-aea1-7044583dfabc,False,cosponsor
51132af1-f3be-40a6-a5c9-21b499e38732,Shannon E Chandley,person,,,ocd-bill/8b9f57d5-e80c-4052-b469-8563e0228c98,False,cosponsor
52bb43d3-4ffc-4d1b-bc3a-e7d1ab871caf,Jaci L. Grote,person,,ocd-person/26f01212-5287-4735-aa1f-77e4f0d2acb6,ocd-bill/8b9f57d5-e80c-4052-b469-8563e0228c98,False,cosponsor
a2f501b5-873d-4bd7-9b67-16332d5b448d,David R. Coursin,person,,ocd-person/f0fdb4f2-386d-4455-a1ee-2ac9f4eb970c,ocd-bill/8b9f57d5-e80c-4052-b469-8563e0228c98,False,cosponsor
69603025-06ad-416c-8700-6dee621adf46,Debra Altschiller,person,,ocd-person/925608b2-8d23-4186-85f6-4c50f334374d,ocd-bill/8b9f57d5-e80c-4052-b469-8563e0228c98,False,cosponsor
9f70f4a8-f630-4da5-85c4-fde3b9734097,Skip Berrien,person,,ocd-person/c955f3c4-4732-42c2-8615-bc103ee8e0d8,ocd-bill/8b9f57d5-e80c-4052-b469-8563e0228c98,True,primary
92a67d07-8850-41ed-8b73-25c5e8d65e0e,Kendall A. Snow,person,,ocd-person/cfc39de4-1079-46cc-85d2-fa6382d4eafd,ocd-bill/8b9f57d5-e80c-4052-b469-8563e0228c98,False,cosponsor
b11e2352-def5-44f7-87c1-44b79035e10c,Paul S. Berch,person,,ocd-person/f96a072d-9add-44b0-8028-0ec057f31f52,ocd-bill/8b9f57d5-e80c-4052-b469-8563e0228c98,False,cosponsor
204e49a0-27b7-4f39-8c79-c7fdc5c5463f,Jon Morgan,person,,ocd-person/f169c82a-7120-4d67-85d4-d5ff21cd44ef,ocd-bill/083fd272-6879-4985-9844-0d674552fe8e,False,cosponsor
9c013f78-973a-4fe2-b097-7cfcddac5615,Cindy Rosenwald,person,,ocd-person/f3e949ce-6d98-4826-bbca-08039cea4ea4,ocd-bill/083fd272-6879-4985-9844-0d674552fe8e,False,cosponsor
cdb1b8ba-3d92-421d-a9ea-d4bc90bc66fa,Melanie Levesque,person,,ocd-person/282926cd-63f0-4ac4-ad16-5e96eb1c4e0b,ocd-bill/083fd272-6879-4985-9844-0d674552fe8e,False,cosponsor
e72b9b88-a314-40df-b55c-8c0ce2d2076b,Jeanne Dietsch,person,,ocd-person/8e7e0c04-e019-4ffe-a281-18beee5d939f,ocd-bill/083fd272-6879-4985-9844-0d674552fe8e,False,cosponsor
73e32b4f-9234-4f56-9762-8af3433c43d6,Tom Sherman,person,,ocd-person/ee95d0de-e55e-4733-ba97-0fde66adf65c,ocd-bill/083fd272-6879-4985-9844-0d674552fe8e,False,cosponsor
c6fa2b51-d65b-477b-9be0-b148e6fe1785,Jay Kahn,person,,ocd-person/998e681b-6df1-4b4a-92db-7a2187cedcd8,ocd-bill/083fd272-6879-4985-9844-0d674552fe8e,False,cosponsor
da2be263-adfd-4cbf-8754-c55b6f0bcdf6,Martha S. Hennessey,person,,ocd-person/f2700034-7f3d-4834-bb66-b848a7ca748a,ocd-bill/083fd272-6879-4985-9844-0d674552fe8e,False,cosponsor
17b4d5c6-af42-40ea-bd52-768e059d6e45,Howard M. Moffett,person,,ocd-person/71b9d6b9-d7e1-437d-80a8-8a2fea88c58f,ocd-bill/083fd272-6879-4985-9844-0d674552fe8e,False,cosponsor
c3c6f924-3d3a-4123-8521-ff8e65a1b862,David H Watters,person,,ocd-person/cf24defe-6df3-49f3-88ca-c6774b144f19,ocd-bill/083fd272-6879-4985-9844-0d674552fe8e,True,primary
5ce04fb7-bfed-4114-a25f-e1cad4bcb41c,Martha Fuller Clark,person,,ocd-person/823e56cb-5c51-4a09-b060-93cdb7f7ac25,ocd-bill/083fd272-6879-4985-9844-0d674552fe8e,False,cosponsor
16ae6224-939e-4b03-983d-76c07dbe8265,Harold F. French,person,,ocd-person/ff11da65-174b-4fdc-b33c-e5d6d56602f0,ocd-bill/d01541a6-9305-4955-9edb-b460c9f4ef7f,False,cosponsor
c782994b-89c5-4228-87be-e0af65d28fc8,Kimberly A. Rice,person,,ocd-person/85b7ca6d-3fd7-4e97-bfe0-effe223121f7,ocd-bill/d01541a6-9305-4955-9edb-b460c9f4ef7f,False,cosponsor
74d944f3-7865-496e-9a13-415feee0f5cd,Marjorie K. Smith,person,,ocd-person/86b31d04-3a4b-4199-b10e-27bd337f0a34,ocd-bill/d01541a6-9305-4955-9edb-b460c9f4ef7f,False,cosponsor
b9aae2f3-e8bc-4a01-bdcf-121d3af524a6,Janet G. Wall,person,,ocd-person/2830876f-1a4d-4332-ae2a-a97607c4e1b9,ocd-bill/d01541a6-9305-4955-9edb-b460c9f4ef7f,False,cosponsor
72ebf600-9070-43d6-ae17-55684573194d,Sharon M Carson,person,,ocd-person/00964fc0-dd57-44c3-87bf-b6d5bbc34560,ocd-bill/d01541a6-9305-4955-9edb-b460c9f4ef7f,True,primary
b0600c54-6aa2-474a-8b50-de58107a8e53,Dennis F. Acton,person,,ocd-person/b81591ca-1856-4807-ac66-283280ea12ba,ocd-bill/6b507a74-e291-407a-8b91-410d7671e5e7,False,cosponsor
d9b70315-4c77-4d37-a285-e43f4bcffaf4,Rebecca J. McWilliams,person,,ocd-person/39eb4d14-9ef3-4b1b-bcb6-a66f1aa97491,ocd-bill/6b507a74-e291-407a-8b91-410d7671e5e7,True,primary
69b96623-ae1d-4ef0-bb44-fa224af3e3b3,Samantha L. Fox,person,,ocd-person/7471e52d-b23c-4df4-b9c9-b7c3751ea3ce,ocd-bill/6b507a74-e291-407a-8b91-410d7671e5e7,False,cosponsor
b30c7b0f-d2a0-4c54-a21a-72dd8a68a17f,Lou D'Allesandro,person,,ocd-person/87c48788-817d-408b-a1e1-ebe1c9fd893d,ocd-bill/9bdd5c13-99ee-4204-b8d5-601c507b243a,True,primary
4cc61892-c58c-4cb5-a2ca-fe887fcf4278,Patricia J. Bushway,person,,ocd-person/a10abdb8-c143-498c-8b8a-1e6836699d7b,ocd-bill/2f91601f-d634-4bf8-b755-394582c77bda,False,cosponsor
1d2fb520-1382-436e-9a19-651dfe988bb2,Tom Sherman,person,,ocd-person/ee95d0de-e55e-4733-ba97-0fde66adf65c,ocd-bill/2f91601f-d634-4bf8-b755-394582c77bda,False,cosponsor
9c3e7b79-2f65-45f3-9d85-8361fbff44c9,Michael A. Edgar,person,,ocd-person/0f78413a-b328-4856-ab48-21a5d4d614c0,ocd-bill/2f91601f-d634-4bf8-b755-394582c77bda,False,cosponsor
fc74c5cc-a3f8-4b01-9c2a-0c96d1e3c024,Robert Renny Cushing,person,,ocd-person/cdb3279c-243a-4ca0-8e83-fcb10a975736,ocd-bill/2f91601f-d634-4bf8-b755-394582c77bda,True,primary
ed8e27d7-a318-4f61-a87a-eb02c18780c3,Deb Stevens,person,,ocd-person/2a81219c-aa82-4175-91a6-881353d869af,ocd-bill/77b351ac-7676-4056-bf00-d7dc0240fab7,False,cosponsor
cb61fc90-9eb8-48c1-8d19-2b76d09c4c34,Jaci L. Grote,person,,ocd-person/26f01212-5287-4735-aa1f-77e4f0d2acb6,ocd-bill/77b351ac-7676-4056-bf00-d7dc0240fab7,False,cosponsor
41fccb93-e302-4964-b0eb-c886eed1999c,Gaby Grossman,person,,ocd-person/01d85172-f83f-48ee-8c35-8979a95c9190,ocd-bill/77b351ac-7676-4056-bf00-d7dc0240fab7,False,cosponsor
8c810c27-64db-4de4-b258-d8901733a8ad,Michelle St. John,person,,ocd-person/88437b11-b120-486d-83ac-60d88a97785f,ocd-bill/77b351ac-7676-4056-bf00-d7dc0240fab7,True,primary
1cb2703e-0166-4ae1-ba76-0d363ff8bc4b,Peter Petrigno,person,,ocd-person/1bf3d6c4-3325-4571-b2f7-6a28422dada6,ocd-bill/77b351ac-7676-4056-bf00-d7dc0240fab7,False,cosponsor
0e7075ea-f451-472c-8966-1a54e4b053b4,Donald J. Bouchard,person,,ocd-person/74ae3ef0-c1f3-48ce-a5a6-c9bc4661bf08,ocd-bill/77b351ac-7676-4056-bf00-d7dc0240fab7,False,cosponsor
6a262851-084e-41d8-99f2-9f4c66cc76c4,Elaine H. French,person,,ocd-person/c7a629ed-523e-4f6e-884f-fbb9dbb2a406,ocd-bill/77b351ac-7676-4056-bf00-d7dc0240fab7,False,cosponsor
88a7677b-a6c1-4cc3-8eb3-40f8cf016eae,Kristina M. Schultz,person,,ocd-person/8698b473-ea4e-4126-8766-a2b5b5878702,ocd-bill/77b351ac-7676-4056-bf00-d7dc0240fab7,False,cosponsor
e7ed46f1-6f92-459b-84ca-ee6bc48a8b69,Kimberly A. Rice,person,,ocd-person/85b7ca6d-3fd7-4e97-bfe0-effe223121f7,ocd-bill/77b351ac-7676-4056-bf00-d7dc0240fab7,False,cosponsor
fb651e70-99ca-445d-9eb4-c927aadd68ba,David H Watters,person,,ocd-person/cf24defe-6df3-49f3-88ca-c6774b144f19,ocd-bill/77b351ac-7676-4056-bf00-d7dc0240fab7,False,cosponsor
9f5a9439-4b70-4131-99d2-4e4129312d27,Martha Fuller Clark,person,,ocd-person/823e56cb-5c51-4a09-b060-93cdb7f7ac25,ocd-bill/77b351ac-7676-4056-bf00-d7dc0240fab7,False,cosponsor
62cd37c8-836d-4338-b9b0-17895dfe4e3f,Ruth Ward,person,,ocd-person/9089a509-1f26-4770-adc6-199ed716e692,ocd-bill/e72b842f-7811-4a89-b0e2-0faba820e4bb,False,cosponsor
c46aec89-3675-475e-89a4-823178160b09,Jess C. Edwards,person,,ocd-person/3787c84d-f615-4e9d-bac8-42f86ea308db,ocd-bill/e72b842f-7811-4a89-b0e2-0faba820e4bb,False,cosponsor
8f4190a5-01b2-4fa8-b0e6-2f63f33096d6,Jim L. Fedolfi,person,,ocd-person/de8891e6-5b3f-4fb5-8c5d-63ab84c70e59,ocd-bill/e72b842f-7811-4a89-b0e2-0faba820e4bb,True,primary
9437532c-0a26-4327-bd34-6f05147cec84,Walter Kolodziej,person,,ocd-person/08f755fa-ca40-4a50-a723-32d8af0cc19d,ocd-bill/e72b842f-7811-4a89-b0e2-0faba820e4bb,False,cosponsor
fcaafe51-62fc-4ccb-85f4-420add7dd279,Jon Morgan,person,,ocd-person/f169c82a-7120-4d67-85d4-d5ff21cd44ef,ocd-bill/0375271f-8740-4bac-b7c7-53139c02d952,False,cosponsor
bb994d57-b8c8-4d82-b285-1f13ca0b48d3,Cindy Rosenwald,person,,ocd-person/f3e949ce-6d98-4826-bbca-08039cea4ea4,ocd-bill/0375271f-8740-4bac-b7c7-53139c02d952,True,primary
64363359-2638-406e-bc3c-9b940ce95e10,Melanie Levesque,person,,ocd-person/282926cd-63f0-4ac4-ad16-5e96eb1c4e0b,ocd-bill/0375271f-8740-4bac-b7c7-53139c02d952,False,cosponsor
1b18f387-4742-4315-8db0-b1e32a4113c9,Shannon E Chandley,person,,,ocd-bill/0375271f-8740-4bac-b7c7-53139c02d952,False,cosponsor
44cb1391-4a20-4559-afa3-120f1516e113,Kevin Cavanaugh,person,,ocd-person/7fb2bb33-cbdb-4dfd-9369-64f19f179777,ocd-bill/0375271f-8740-4bac-b7c7-53139c02d952,False,cosponsor
65362acd-9bf5-4fe6-83d3-d47d0801080b,Jay Kahn,person,,ocd-person/998e681b-6df1-4b4a-92db-7a2187cedcd8,ocd-bill/0375271f-8740-4bac-b7c7-53139c02d952,False,cosponsor
22f54e09-bcca-43aa-b02c-172f2e4b2071,Martha S. Hennessey,person,,ocd-person/f2700034-7f3d-4834-bb66-b848a7ca748a,ocd-bill/0375271f-8740-4bac-b7c7-53139c02d952,False,cosponsor
25bade89-b9d8-494a-8768-ea792097c633,William M. Marsh,person,,ocd-person/22006937-f2ca-4a2e-b92a-457777933dc7,ocd-bill/0375271f-8740-4bac-b7c7-53139c02d952,False,cosponsor
9dbb41c4-2146-4242-9df9-15372bfa71b5,Dan Feltes,person,,ocd-person/e97501d7-4bef-403f-8d48-9fcecc980cf5,ocd-bill/0375271f-8740-4bac-b7c7-53139c02d952,False,cosponsor
57334631-3aec-43e7-b122-a71c75e5bace,Kermit R. Williams,person,,ocd-person/fa58238b-d845-4c1c-a331-8e175efcd6d3,ocd-bill/0375271f-8740-4bac-b7c7-53139c02d952,False,cosponsor
dbeb3513-e53d-40f4-adca-b10f2e50452d,Charles E. McMahon,person,,ocd-person/28d59199-5bae-46fe-99f3-ec78e330cdeb,ocd-bill/0375271f-8740-4bac-b7c7-53139c02d952,False,cosponsor
8ce45b2a-d7cb-4141-964e-7d2f5054fee8,David H Watters,person,,ocd-person/cf24defe-6df3-49f3-88ca-c6774b144f19,ocd-bill/0375271f-8740-4bac-b7c7-53139c02d952,False,cosponsor
497b41d0-9c28-44c3-a39c-8168cdd007dd,Jeb Bradley,person,,ocd-person/3f5455e8-256e-4442-9c13-bc14f62ce76f,ocd-bill/0375271f-8740-4bac-b7c7-53139c02d952,False,cosponsor
0fb8a951-dab1-4d10-818d-5ca2936e02d2,Sharon M Carson,person,,ocd-person/00964fc0-dd57-44c3-87bf-b6d5bbc34560,ocd-bill/0375271f-8740-4bac-b7c7-53139c02d952,False,cosponsor
96fe4063-b39f-428a-8b6d-56b014415cc1,Martha Fuller Clark,person,,ocd-person/823e56cb-5c51-4a09-b060-93cdb7f7ac25,ocd-bill/0375271f-8740-4bac-b7c7-53139c02d952,False,cosponsor
1258e852-eebe-4044-a357-d8213a3f893d,Nicole Klein-Knight,person,,ocd-person/f91f87c5-d22a-48b7-ac4a-c2519d086ec7,ocd-bill/803d59d0-4be9-4ba6-85a0-3493fa52b19b,True,primary
7d06e119-5f79-4999-bc4b-d50a3703ec7b,Timothy Josephson,person,,ocd-person/62149ad2-7d4c-42b6-be2b-281618dd7c97,ocd-bill/803d59d0-4be9-4ba6-85a0-3493fa52b19b,False,cosponsor
a69e6c8e-5152-449b-9934-65cd780f1e18,Joshua Adjutant,person,,ocd-person/89424628-1e61-44aa-9090-4dfdb3cddca8,ocd-bill/803d59d0-4be9-4ba6-85a0-3493fa52b19b,False,cosponsor
e899d084-b70f-41e3-b952-45dec865ea60,Howard C. Pearl,person,,ocd-person/c4122c6a-ed23-492e-b813-59a0fed1ec86,ocd-bill/8a66d1d1-f52d-4de3-bac2-db97b99cdc60,True,primary
0bdb5f21-5f8f-4eb6-bd9d-1a8f3b1bc797,John R. Plumer,person,,ocd-person/867ccf71-9ca1-47cf-9c4f-0c5f715c412e,ocd-bill/8a66d1d1-f52d-4de3-bac2-db97b99cdc60,False,cosponsor
5c6c74e9-c74b-45b3-9878-271fb448ecb1,Timothy P. Lang,person,,ocd-person/85064309-421e-4611-a6c5-800234db68fb,ocd-bill/8a66d1d1-f52d-4de3-bac2-db97b99cdc60,False,cosponsor
2cc05d87-ac49-4251-89df-bf574c1a179c,Constance Van Houten,person,,ocd-person/5e54c6e7-01cb-42c8-b3ed-8137e6c995fd,ocd-bill/35be43c3-955b-4c91-aae5-a7fcc82eaa01,True,primary
1d10341b-c60e-4bc2-8d19-df4bb1c96271,Robert Renny Cushing,person,,ocd-person/cdb3279c-243a-4ca0-8e83-fcb10a975736,ocd-bill/e55b6737-867e-416e-a1ba-1b3fcb8842b6,True,primary
d0c59f00-2ebe-4f13-9460-2458d1c69395,Michelle St. John,person,,ocd-person/88437b11-b120-486d-83ac-60d88a97785f,ocd-bill/172844e5-d183-4a20-97eb-7143050ade48,False,cosponsor
1d60c339-8805-4b2b-ac9a-3c05f3ba2523,Nicole Klein-Knight,person,,ocd-person/f91f87c5-d22a-48b7-ac4a-c2519d086ec7,ocd-bill/172844e5-d183-4a20-97eb-7143050ade48,True,primary
f9285a72-89b0-466e-a2f1-6ef85bfd16ca,Donald J. Bouchard,person,,ocd-person/74ae3ef0-c1f3-48ce-a5a6-c9bc4661bf08,ocd-bill/172844e5-d183-4a20-97eb-7143050ade48,False,cosponsor
f302d897-2de5-42d6-aac0-8c79b8242a8c,Elaine H. French,person,,ocd-person/c7a629ed-523e-4f6e-884f-fbb9dbb2a406,ocd-bill/172844e5-d183-4a20-97eb-7143050ade48,False,cosponsor
18207697-1c1f-4d5d-aa63-3162fe8be93f,Kristina M. Schultz,person,,ocd-person/8698b473-ea4e-4126-8766-a2b5b5878702,ocd-bill/172844e5-d183-4a20-97eb-7143050ade48,False,cosponsor
c44d04f9-0883-4ff8-983b-fa36786c6eed,Sherry A. Frost,person,,ocd-person/62916f8e-e193-463d-9dcc-f35f60d836db,ocd-bill/172844e5-d183-4a20-97eb-7143050ade48,False,cosponsor
7fbe3a77-7c5f-4479-8dab-2ed5f73ba07e,Skip J. Cleaver,person,,ocd-person/6edff50b-8390-4046-a376-214136ea64d9,ocd-bill/172844e5-d183-4a20-97eb-7143050ade48,False,cosponsor
fa849b14-ef2a-451b-bac4-dfbcca055842,Timothy Josephson,person,,ocd-person/62149ad2-7d4c-42b6-be2b-281618dd7c97,ocd-bill/172844e5-d183-4a20-97eb-7143050ade48,False,cosponsor
58c5a0e5-e618-4005-8819-23ac9955882a,Suzanne M. Vail,person,,ocd-person/ce985799-268d-4190-b078-955fc63a8c3c,ocd-bill/172844e5-d183-4a20-97eb-7143050ade48,False,cosponsor
43f63b94-13a7-423f-b44f-26c9405d53a7,Robert Renny Cushing,person,,ocd-person/cdb3279c-243a-4ca0-8e83-fcb10a975736,ocd-bill/172844e5-d183-4a20-97eb-7143050ade48,False,cosponsor
71395841-8a11-4af6-a56a-7626fcf5c267,Melanie Levesque,person,,ocd-person/282926cd-63f0-4ac4-ad16-5e96eb1c4e0b,ocd-bill/2ddf50bb-396b-46b4-beee-06e5dd48c1c7,True,primary
84630493-58a2-4f17-b696-ef2fcfa5c68e,Jeanne Dietsch,person,,ocd-person/8e7e0c04-e019-4ffe-a281-18beee5d939f,ocd-bill/2ddf50bb-396b-46b4-beee-06e5dd48c1c7,False,cosponsor
3c011074-75a8-4b47-be10-31dd2e254f4a,Tom Sherman,person,,ocd-person/ee95d0de-e55e-4733-ba97-0fde66adf65c,ocd-bill/2ddf50bb-396b-46b4-beee-06e5dd48c1c7,False,cosponsor
a5e63293-b656-4d28-8805-1cd03f3ee7ba,Suzanne M. Vail,person,,ocd-person/ce985799-268d-4190-b078-955fc63a8c3c,ocd-bill/2ddf50bb-396b-46b4-beee-06e5dd48c1c7,False,cosponsor
b2c88b13-2fa0-4c86-8b69-88ced942460e,Robert Renny Cushing,person,,ocd-person/cdb3279c-243a-4ca0-8e83-fcb10a975736,ocd-bill/2ddf50bb-396b-46b4-beee-06e5dd48c1c7,False,cosponsor
749d9c9f-b3fc-4c74-9055-7202c0b3cd01,Martha Fuller Clark,person,,ocd-person/823e56cb-5c51-4a09-b060-93cdb7f7ac25,ocd-bill/2ddf50bb-396b-46b4-beee-06e5dd48c1c7,False,cosponsor
2991a5a6-501d-414b-93d1-346534ee84d1,Arthur S. Ellison,person,,ocd-person/677500cb-eb95-4ad1-b3f5-02894c28e369,ocd-bill/43864e6e-47d5-466f-a1a0-18d61532abd2,False,cosponsor
9db24dd0-da92-454a-a888-06fb200ac321,Joshua F. Query,person,,ocd-person/8961ce37-7b3f-4eb8-b666-41e6de86c157,ocd-bill/43864e6e-47d5-466f-a1a0-18d61532abd2,False,cosponsor
8c2d5590-bfb3-4461-89f6-6b37dadd71cf,Andrew J. Bouldin,person,,ocd-person/ad413289-53c5-4966-9f0f-fd392d95a827,ocd-bill/43864e6e-47d5-466f-a1a0-18d61532abd2,False,cosponsor
4cc3f0d0-ad33-4802-a511-5bee7936f589,Joyce Weston,person,,ocd-person/2dbea6d6-0221-41de-98bf-508b14eb085d,ocd-bill/43864e6e-47d5-466f-a1a0-18d61532abd2,False,cosponsor
d75e724f-be1c-4e09-a79d-35e50a4df15d,Martha S. Hennessey,person,,ocd-person/f2700034-7f3d-4834-bb66-b848a7ca748a,ocd-bill/43864e6e-47d5-466f-a1a0-18d61532abd2,False,cosponsor
3255921d-5cd8-4a8f-a48d-cfe48b59410a,Amanda L. Gourgue,person,,ocd-person/96a9971b-c537-4020-ad31-780dfba6dd95,ocd-bill/43864e6e-47d5-466f-a1a0-18d61532abd2,False,cosponsor
24fcba6a-504d-46a0-b455-8db2baab7070,Amanda C. Bouldin,person,,ocd-person/7ad034dd-b6f2-4314-94d9-cffce7144e5d,ocd-bill/43864e6e-47d5-466f-a1a0-18d61532abd2,True,primary
57868837-129b-4e56-a044-f6fcaa8ae7cf,Janice E. Schmidt,person,,ocd-person/ec374833-801f-4c21-9261-67cdefc1ba44,ocd-bill/43864e6e-47d5-466f-a1a0-18d61532abd2,False,cosponsor
c1421440-d7d9-4038-9eb1-4b17af085840,Douglas A. Ley,person,,ocd-person/a97ffd97-a669-4ce5-bbed-f07858ba052b,ocd-bill/43864e6e-47d5-466f-a1a0-18d61532abd2,False,cosponsor
ea3dfa08-b492-4b70-96c1-8c9891041dc1,Timothy O. Horrigan,person,,ocd-person/2a11a559-c16e-4211-82ea-215951d74c1f,ocd-bill/43864e6e-47d5-466f-a1a0-18d61532abd2,False,cosponsor
da413e19-a384-4fe7-9ec7-37fd5ecf330d,Nicole Klein-Knight,person,,ocd-person/f91f87c5-d22a-48b7-ac4a-c2519d086ec7,ocd-bill/42ce4bc4-a218-4d3c-b469-c89d3cfcc373,False,cosponsor
b477cec4-ee6d-4859-aa30-47451a640766,Donald J. Bouchard,person,,ocd-person/74ae3ef0-c1f3-48ce-a5a6-c9bc4661bf08,ocd-bill/42ce4bc4-a218-4d3c-b469-c89d3cfcc373,False,cosponsor
5b704739-c280-41ba-8ab3-4c54b8013af4,William M. Marsh,person,,ocd-person/22006937-f2ca-4a2e-b92a-457777933dc7,ocd-bill/42ce4bc4-a218-4d3c-b469-c89d3cfcc373,False,cosponsor
284323a4-7aa1-436a-b964-58650e6afe76,Robert Renny Cushing,person,,ocd-person/cdb3279c-243a-4ca0-8e83-fcb10a975736,ocd-bill/42ce4bc4-a218-4d3c-b469-c89d3cfcc373,False,cosponsor
2fc64ad2-05f9-40f1-96f1-6fd67a944638,Jeb Bradley,person,,ocd-person/3f5455e8-256e-4442-9c13-bc14f62ce76f,ocd-bill/42ce4bc4-a218-4d3c-b469-c89d3cfcc373,True,primary
5629e83b-347d-4115-9e0e-9038c4e10f24,Tom J. Loughman,person,,ocd-person/49ec8a23-3fec-4d61-a917-be7780438d71,ocd-bill/2476cae7-1f19-4b4e-8d8f-24cbb5ae6b58,False,cosponsor
15a4b3dc-b9a2-4b35-9749-31b5fca559f5,Patricia J. Bushway,person,,ocd-person/a10abdb8-c143-498c-8b8a-1e6836699d7b,ocd-bill/2476cae7-1f19-4b4e-8d8f-24cbb5ae6b58,False,cosponsor
78670c59-0226-4cb7-81e9-7c5e41d303d4,Tom Sherman,person,,ocd-person/ee95d0de-e55e-4733-ba97-0fde66adf65c,ocd-bill/2476cae7-1f19-4b4e-8d8f-24cbb5ae6b58,True,primary
6944203f-19bc-4b5d-86af-b3637f9d4ffd,Jason A. Janvrin,person,,ocd-person/5411c21d-e8ee-4300-a79b-1a688e01c481,ocd-bill/2476cae7-1f19-4b4e-8d8f-24cbb5ae6b58,False,cosponsor
0f8a4fa3-8955-4425-8360-f55b3f6d61b4,Michael A. Edgar,person,,ocd-person/0f78413a-b328-4856-ab48-21a5d4d614c0,ocd-bill/2476cae7-1f19-4b4e-8d8f-24cbb5ae6b58,False,cosponsor
59579f2f-827f-4b45-944d-177c6f39c958,Robert Renny Cushing,person,,ocd-person/cdb3279c-243a-4ca0-8e83-fcb10a975736,ocd-bill/2476cae7-1f19-4b4e-8d8f-24cbb5ae6b58,False,cosponsor
4f022a92-e0ff-45f1-bfaf-09ac7efa8186,Stephen C. Pearson,person,,ocd-person/2a085551-6f62-4320-a1eb-bc9a177b9a6d,ocd-bill/4a987c8c-3445-45fa-8132-0b1059afd953,False,cosponsor
b620f13d-affb-42b7-b0cb-df9c0eab6c3b,Fred G. Doucette,person,,ocd-person/db4ec0a8-f70c-4510-ae01-c9050646a503,ocd-bill/4a987c8c-3445-45fa-8132-0b1059afd953,False,cosponsor
d0e6c702-731a-4ba5-b335-409828173dbb,Michael D. Cahill,person,,ocd-person/facb5409-244f-4381-8452-e6a1078bb1c5,ocd-bill/4a987c8c-3445-45fa-8132-0b1059afd953,True,primary
e5d4341a-01d8-4d6f-915b-02d0883249f4,Patrick F. Abrami,person,,ocd-person/0327f85d-1b5a-4218-a97f-f393a965d64b,ocd-bill/4a987c8c-3445-45fa-8132-0b1059afd953,False,cosponsor
955f152b-4467-409a-9902-b181c82ebd78,Michael B. O'Brien,person,,ocd-person/e15e323b-2d85-4272-9f1e-13d12b8c82f4,ocd-bill/4a987c8c-3445-45fa-8132-0b1059afd953,False,cosponsor
c22f846b-da21-40d0-a797-0c8c1c4bcbad,Jeffrey P. Goley,person,,ocd-person/903e02f2-e17d-41f4-bd94-f91557c0e1fd,ocd-bill/4a987c8c-3445-45fa-8132-0b1059afd953,False,cosponsor
7e5112f6-69ec-4415-8dfe-b392e5f34d06,Martha Fuller Clark,person,,ocd-person/823e56cb-5c51-4a09-b060-93cdb7f7ac25,ocd-bill/4a987c8c-3445-45fa-8132-0b1059afd953,False,cosponsor
49df6ac2-1d4c-4d94-98e0-135ddc0ab169,Linda Rea Camarota,person,,ocd-person/d9a8cfe4-51bc-4af8-9419-4ceb57496028,ocd-bill/6fa5edb9-19c4-456f-82e2-39834a8fde48,True,primary
62936989-40f9-4621-b72e-2e7a42c34cc7,Bob J. Giuda,person,,ocd-person/7739a4d0-534e-4bdb-b7fb-6a8f348e833e,ocd-bill/6fa5edb9-19c4-456f-82e2-39834a8fde48,False,cosponsor
09da8127-b30b-427d-9c38-8e46995f2cf7,Kimberly A. Rice,person,,ocd-person/85b7ca6d-3fd7-4e97-bfe0-effe223121f7,ocd-bill/6fa5edb9-19c4-456f-82e2-39834a8fde48,False,cosponsor
67c98161-ca46-48af-865b-003bcee0cc6c,Michael J. Sylvia,person,,ocd-person/2e6feb2e-6f22-4909-b907-93f4c0f9ae9b,ocd-bill/6fa5edb9-19c4-456f-82e2-39834a8fde48,False,cosponsor
2a9b0f5c-e6ef-4a77-80e5-92dc8942b2f7,John Reagan,person,,ocd-person/f516d40a-3676-4437-8285-a931d7c2885b,ocd-bill/6fa5edb9-19c4-456f-82e2-39834a8fde48,False,cosponsor
951dbf0e-48eb-43e2-8ded-cc4ac035835c,David H Watters,person,,ocd-person/cf24defe-6df3-49f3-88ca-c6774b144f19,ocd-bill/1a334265-20f0-4f94-834c-84278af385d5,False,cosponsor
addfe5f6-b530-483d-9025-8eccfa350bcb,Jeb Bradley,person,,ocd-person/3f5455e8-256e-4442-9c13-bc14f62ce76f,ocd-bill/1a334265-20f0-4f94-834c-84278af385d5,False,cosponsor
d7d094db-5ffd-4a1b-9376-6da3369eb9ce,Martha Fuller Clark,person,,ocd-person/823e56cb-5c51-4a09-b060-93cdb7f7ac25,ocd-bill/1a334265-20f0-4f94-834c-84278af385d5,False,cosponsor
23652231-430d-4c6f-a083-614ac5da3db2,Chuck Morse,person,,ocd-person/72b8f708-a22d-477d-9c55-e5d14b8308a6,ocd-bill/1a334265-20f0-4f94-834c-84278af385d5,True,primary
2cb2df9e-76b3-4a48-aaa9-bd5923c6a846,Ruth Ward,person,,ocd-person/9089a509-1f26-4770-adc6-199ed716e692,ocd-bill/5a403c8c-abbf-4aad-8f62-3be5a1860933,False,cosponsor
5876076d-8f1f-49b6-82c1-6e5b08ba8ff9,Regina Birdsell,person,,ocd-person/461c9024-c8c3-44a5-91d6-015a6587db5f,ocd-bill/5a403c8c-abbf-4aad-8f62-3be5a1860933,True,primary
2a389801-fbc0-42d9-b0fa-ef11bf1e2b88,David H Watters,person,,ocd-person/cf24defe-6df3-49f3-88ca-c6774b144f19,ocd-bill/5a403c8c-abbf-4aad-8f62-3be5a1860933,False,cosponsor
52380207-8fb1-44de-ad88-dbaddd995373,Melanie Levesque,person,,ocd-person/282926cd-63f0-4ac4-ad16-5e96eb1c4e0b,ocd-bill/f55911aa-5d57-4d6b-8a73-d1570b7fb590,False,cosponsor
dc66f9f1-91cc-4732-800b-296186fc2957,David Meuse,person,,ocd-person/4b449f0f-2024-4e18-bbbd-7f0bbcfa8cac,ocd-bill/f55911aa-5d57-4d6b-8a73-d1570b7fb590,False,cosponsor
49b0ab3f-87d2-40bb-9a55-2ae530a61fce,Andrew J. Bouldin,person,,ocd-person/ad413289-53c5-4966-9f0f-fd392d95a827,ocd-bill/f55911aa-5d57-4d6b-8a73-d1570b7fb590,False,cosponsor
f3fefed5-0b12-4624-adb8-a5898bd432fb,Casey M. Conley,person,,ocd-person/3290a4d4-7403-45f8-adc4-4e26e0fefa09,ocd-bill/f55911aa-5d57-4d6b-8a73-d1570b7fb590,False,cosponsor
3ed130e4-a140-4b08-82f1-857fdaa5c7dd,Charlotte I. DiLorenzo,person,,ocd-person/75a682ff-407d-4192-858d-9ce6a979c400,ocd-bill/f55911aa-5d57-4d6b-8a73-d1570b7fb590,False,cosponsor
5d16ac10-836f-4afa-be70-d6799ab0b933,Skip J. Cleaver,person,,ocd-person/6edff50b-8390-4046-a376-214136ea64d9,ocd-bill/f55911aa-5d57-4d6b-8a73-d1570b7fb590,False,cosponsor
d8763a6e-f773-4c05-b84c-f3692b99240d,Beth Rodd,person,,ocd-person/f40ba0df-9993-4bf1-b52d-d7989fb5a7f7,ocd-bill/f55911aa-5d57-4d6b-8a73-d1570b7fb590,False,cosponsor
84a282bf-48eb-48f7-99eb-5c01cf7f7d1b,Amanda C. Bouldin,person,,ocd-person/7ad034dd-b6f2-4314-94d9-cffce7144e5d,ocd-bill/f55911aa-5d57-4d6b-8a73-d1570b7fb590,True,primary
d1c1378b-f616-45fc-918e-1417bef003fb,John Bordenet,person,,ocd-person/97cb7b54-48fb-4eb8-ac44-c1a5645bda49,ocd-bill/f55911aa-5d57-4d6b-8a73-d1570b7fb590,False,cosponsor
abfc1174-9a86-48d1-837e-2b604031653c,David H Watters,person,,ocd-person/cf24defe-6df3-49f3-88ca-c6774b144f19,ocd-bill/f55911aa-5d57-4d6b-8a73-d1570b7fb590,False,cosponsor
1f94503a-308e-4486-9ef6-4824151f0e5b,Jon Morgan,person,,ocd-person/f169c82a-7120-4d67-85d4-d5ff21cd44ef,ocd-bill/f9929155-ad65-4a0e-a034-e3baef5cc90c,True,primary
3585ebaa-dbe8-436b-9df2-2eae43a93cd8,Shannon E Chandley,person,,,ocd-bill/f9929155-ad65-4a0e-a034-e3baef5cc90c,False,cosponsor
22a9336a-a032-44dd-adc2-26ee3d901dc8,Tom Sherman,person,,ocd-person/ee95d0de-e55e-4733-ba97-0fde66adf65c,ocd-bill/f9929155-ad65-4a0e-a034-e3baef5cc90c,False,cosponsor
c318700c-d4a5-4d01-8c98-b23100f3193c,Skip Berrien,person,,ocd-person/c955f3c4-4732-42c2-8615-bc103ee8e0d8,ocd-bill/f9929155-ad65-4a0e-a034-e3baef5cc90c,False,cosponsor
9ca415dc-ffc4-4e60-b636-f86a593844f5,Kimberly A. Rice,person,,ocd-person/85b7ca6d-3fd7-4e97-bfe0-effe223121f7,ocd-bill/f9929155-ad65-4a0e-a034-e3baef5cc90c,False,cosponsor
1f144df9-5377-4df4-906f-d1415c67dfc6,Erin T. Hennessey,person,,ocd-person/91d16c36-2236-4bef-8009-004bd036c22a,ocd-bill/f9929155-ad65-4a0e-a034-e3baef5cc90c,False,cosponsor
c2c2703a-4c63-48c4-bc0e-83d573ccda44,Patrick T. Long,person,,ocd-person/14d0ff58-3340-4344-bb79-c6acd5f8ba6c,ocd-bill/f9929155-ad65-4a0e-a034-e3baef5cc90c,False,cosponsor
0613c655-51a9-45f4-8bf9-b13b86815a09,Mary Jane Wallner,person,,ocd-person/0e6f806c-ba57-4dc6-b6b4-f2a926288ca3,ocd-bill/f9929155-ad65-4a0e-a034-e3baef5cc90c,False,cosponsor
3e0b5498-25fa-4c5d-b5b2-08e88050e6e9,Jeb Bradley,person,,ocd-person/3f5455e8-256e-4442-9c13-bc14f62ce76f,ocd-bill/f9929155-ad65-4a0e-a034-e3baef5cc90c,False,cosponsor
a3fa5a87-ad0d-457d-a4c7-7c78a27cb40a,Martha Fuller Clark,person,,ocd-person/823e56cb-5c51-4a09-b060-93cdb7f7ac25,ocd-bill/f9929155-ad65-4a0e-a034-e3baef5cc90c,False,cosponsor
a6b4d5ae-f2df-42b0-92a8-a7048adcdc16,David Meuse,person,,ocd-person/4b449f0f-2024-4e18-bbbd-7f0bbcfa8cac,ocd-bill/8b7c4f5c-90de-4b4c-961d-b39dbb2979c6,True,primary
100ab291-6f27-44ac-ba52-70207cff36a5,Patricia J. Bushway,person,,ocd-person/a10abdb8-c143-498c-8b8a-1e6836699d7b,ocd-bill/8b7c4f5c-90de-4b4c-961d-b39dbb2979c6,False,cosponsor
704d6451-9af9-47eb-9dcb-d8717ac17ce4,Tom Sherman,person,,ocd-person/ee95d0de-e55e-4733-ba97-0fde66adf65c,ocd-bill/8b7c4f5c-90de-4b4c-961d-b39dbb2979c6,False,cosponsor
bb3656f6-fb4d-4fe4-a163-790d08579ee8,Debra Altschiller,person,,ocd-person/925608b2-8d23-4186-85f6-4c50f334374d,ocd-bill/8b7c4f5c-90de-4b4c-961d-b39dbb2979c6,False,cosponsor
005838f7-c825-452a-bb2d-622c3990a63f,Tamara N. Le,person,,ocd-person/a0a449a7-07c5-49cb-b928-080ffa433cf3,ocd-bill/8b7c4f5c-90de-4b4c-961d-b39dbb2979c6,False,cosponsor
624a4cc2-30a2-4f2b-ac47-aff387c989ef,Rebecca Susan McBeath,person,,ocd-person/e38b81bb-9bf6-4ace-bc4e-898732105d5d,ocd-bill/8b7c4f5c-90de-4b4c-961d-b39dbb2979c6,False,cosponsor
7b4fa944-74c5-4fde-bed4-095ecb720e3d,Robert Renny Cushing,person,,ocd-person/cdb3279c-243a-4ca0-8e83-fcb10a975736,ocd-bill/8b7c4f5c-90de-4b4c-961d-b39dbb2979c6,False,cosponsor
b107a33d-9884-422a-80b8-3bd4ac07328a,William M. Marsh,person,,ocd-person/22006937-f2ca-4a2e-b92a-457777933dc7,ocd-bill/be546ddf-aee2-4cf1-9ffb-c3486f7d591a,False,cosponsor
8b5b5644-4f51-4ab3-82a3-9912897039b6,Glenn Cordelli,person,,ocd-person/c8aa2951-dea0-4999-9b6a-6323d9917e0b,ocd-bill/be546ddf-aee2-4cf1-9ffb-c3486f7d591a,True,primary
5c47e098-7c6d-431c-a19d-118f65feac07,Rick M. Ladd,person,,ocd-person/1bd6c569-f2dd-4670-bf82-ef3ea4b15960,ocd-bill/be546ddf-aee2-4cf1-9ffb-c3486f7d591a,False,cosponsor
0348a37c-713a-4f47-83d2-cde34469657b,Kenneth L. Weyler,person,,ocd-person/e2f9dd7e-b221-4cf0-b7de-5daa70658669,ocd-bill/be546ddf-aee2-4cf1-9ffb-c3486f7d591a,False,cosponsor
0ead66da-ec3b-48cf-b1e4-a7de8f3b7217,Jim V. Maggiore,person,,ocd-person/deb760cf-91f7-415c-949a-bab0c5311d6f,ocd-bill/7efbb371-0428-4f2f-a12e-3128e42bb100,False,cosponsor
23e1e9f4-14e4-4cc0-bac1-8c6c9664e1e4,Tom J. Loughman,person,,ocd-person/49ec8a23-3fec-4d61-a917-be7780438d71,ocd-bill/7efbb371-0428-4f2f-a12e-3128e42bb100,False,cosponsor
6f8f66bc-cc04-4dae-adf2-6598dc891f20,Patricia J. Bushway,person,,ocd-person/a10abdb8-c143-498c-8b8a-1e6836699d7b,ocd-bill/7efbb371-0428-4f2f-a12e-3128e42bb100,False,cosponsor
2feb81c1-0d8c-4dff-81c4-69878e00aa3f,Tom Sherman,person,,ocd-person/ee95d0de-e55e-4733-ba97-0fde66adf65c,ocd-bill/7efbb371-0428-4f2f-a12e-3128e42bb100,False,cosponsor
d1c008f3-230d-4731-adee-ea3d37f63c5e,Peter F. Somssich,person,,ocd-person/8bb75c80-4c06-42a7-86c0-c0315a2faf7c,ocd-bill/7efbb371-0428-4f2f-a12e-3128e42bb100,False,cosponsor
79b8f3d1-744e-4403-af79-5f98533e585f,Skip J. Cleaver,person,,ocd-person/6edff50b-8390-4046-a376-214136ea64d9,ocd-bill/7efbb371-0428-4f2f-a12e-3128e42bb100,False,cosponsor
f018dda6-6986-400e-8d66-41f9e9eca491,Michael A. Edgar,person,,ocd-person/0f78413a-b328-4856-ab48-21a5d4d614c0,ocd-bill/7efbb371-0428-4f2f-a12e-3128e42bb100,True,primary
44e3c4a1-e3c1-4042-93cc-5504397c9364,Robert Renny Cushing,person,,ocd-person/cdb3279c-243a-4ca0-8e83-fcb10a975736,ocd-bill/7efbb371-0428-4f2f-a12e-3128e42bb100,False,cosponsor
c4eccd38-8d73-4904-a01a-9763d989efe0,Susan W. Almy,person,,ocd-person/e13283b4-defe-4f4e-8e67-4d89b8e3790c,ocd-bill/7efbb371-0428-4f2f-a12e-3128e42bb100,False,cosponsor
1c380624-040f-4bfd-8b74-4de750a3a8da,John R. Cloutier,person,,ocd-person/d3dab509-1268-4b4f-b363-98932002bf2e,ocd-bill/7efbb371-0428-4f2f-a12e-3128e42bb100,False,cosponsor
2a685efe-f63a-424b-b9a8-fe5ba6c09736,Laura C. Pantelakos,person,,ocd-person/957b326c-6910-4328-afcb-533b975c2202,ocd-bill/7efbb371-0428-4f2f-a12e-3128e42bb100,False,cosponsor
d6fd5552-8e31-499e-a8f6-0f7b392531c4,David H Watters,person,,ocd-person/cf24defe-6df3-49f3-88ca-c6774b144f19,ocd-bill/7efbb371-0428-4f2f-a12e-3128e42bb100,False,cosponsor
e5392eca-2d2a-4e5b-aca5-efb7c89df1ce,Martha Fuller Clark,person,,ocd-person/823e56cb-5c51-4a09-b060-93cdb7f7ac25,ocd-bill/7efbb371-0428-4f2f-a12e-3128e42bb100,False,cosponsor
4d26905e-c42c-411c-a014-f65c08fddec2,Francesca G. Diggs,person,,ocd-person/89f38f54-22ef-4ad2-b59e-c864da52f3ea,ocd-bill/e9a6a289-d988-44bc-b9ff-ada28546ebf6,False,cosponsor
8bd32516-b385-43d5-87f8-39fedec76130,Mary Jane Mulligan,person,,ocd-person/2eda7ff0-af84-4ad3-a72c-ea7c37e46877,ocd-bill/e9a6a289-d988-44bc-b9ff-ada28546ebf6,False,cosponsor
5e9ac93e-b7a2-44bf-b9f1-00e9958fc015,Mary Jane Wallner,person,,ocd-person/0e6f806c-ba57-4dc6-b6b4-f2a926288ca3,ocd-bill/e9a6a289-d988-44bc-b9ff-ada28546ebf6,False,cosponsor
c3ca06ab-50b7-451e-b96a-f00d2cc11eeb,Martha Fuller Clark,person,,ocd-person/823e56cb-5c51-4a09-b060-93cdb7f7ac25,ocd-bill/e9a6a289-d988-44bc-b9ff-ada28546ebf6,True,primary
46995b54-c59e-4cf2-a6dd-a944a7654db2,Samantha L. Fox,person,,ocd-person/7471e52d-b23c-4df4-b9c9-b7c3751ea3ce,ocd-bill/80130a20-d5c4-4a50-a2b4-8123f9019c3a,False,cosponsor
dbc93679-6660-421e-a02a-eb35278b4d69,Willis T. Griffith,person,,ocd-person/db50036f-5c7f-4cec-a250-3be2e3ca394c,ocd-bill/80130a20-d5c4-4a50-a2b4-8123f9019c3a,True,primary
9850e809-7133-4d0f-abb7-6b431ec35d6d,Craig R. Thompson,person,,ocd-person/5295b45f-d39a-4375-9aff-3b5b1603fa2d,ocd-bill/80130a20-d5c4-4a50-a2b4-8123f9019c3a,False,cosponsor
ebd10a62-74e9-4ab6-90b3-24fb718b10fe,Patricia Cornell,person,,ocd-person/e657ef2c-bfc3-4a08-99fe-4456be3bfe2a,ocd-bill/80130a20-d5c4-4a50-a2b4-8123f9019c3a,False,cosponsor
aef27068-96b7-4ad0-80a6-49f370858428,Cassandra N. Levesque,person,,ocd-person/711423e3-ff28-4150-8a89-ec568a4f2c5d,ocd-bill/5570180a-0de8-42b9-8de9-cdc6c1f9ac19,False,cosponsor
a2d36759-059f-45ca-8da3-5ce3664460dd,Chris Balch,person,,ocd-person/e9d39bb0-9ff6-4083-b8fd-1455609b3033,ocd-bill/5570180a-0de8-42b9-8de9-cdc6c1f9ac19,False,cosponsor
7b945089-daa4-4f17-be64-5975787cb0c9,Julie D. Gilman,person,,ocd-person/77ca15e6-ebe1-4ef5-8bc9-ed3dff861f38,ocd-bill/5570180a-0de8-42b9-8de9-cdc6c1f9ac19,False,cosponsor
0a9548cd-3975-40b7-b084-c59357da76ca,Judith T. Spang,person,,ocd-person/1c49114b-ec16-4617-8b35-f7ce02d6daa4,ocd-bill/5570180a-0de8-42b9-8de9-cdc6c1f9ac19,True,primary
77202ea6-cf98-46e3-b790-06bd05c6744a,David H Watters,person,,ocd-person/cf24defe-6df3-49f3-88ca-c6774b144f19,ocd-bill/5570180a-0de8-42b9-8de9-cdc6c1f9ac19,False,cosponsor
a0fb9e31-d862-406d-9bf8-fb5e2e84be5a,David R. Meader,person,,ocd-person/21d5b0b5-d752-46cc-bad9-a23b0b624264,ocd-bill/2acf8c02-cfab-4069-b2ef-6191174ddb03,True,primary
d904a97e-ecf8-4bcd-9360-2a46d78e2695,Kendall A. Snow,person,,ocd-person/cfc39de4-1079-46cc-85d2-fa6382d4eafd,ocd-bill/2acf8c02-cfab-4069-b2ef-6191174ddb03,False,cosponsor
8eb4c522-aebd-4979-9a41-b8a96e914795,John B. Hunt,person,,ocd-person/35c51630-9b9c-411a-9b98-0842cb6093df,ocd-bill/d99c6182-7e94-4c3a-9f00-1d1bec3cf08c,True,primary
05716b09-b62d-4a9e-8d54-87778a5f23fd,Harrison Kanzler,person,,ocd-person/c241cc6e-4081-404c-97f4-94378469a794,ocd-bill/f00980a8-a0ce-4169-aefe-07046f7e5d15,True,primary
8adec776-baec-49f5-8cf2-4e72ffdb27b7,Daryl A. Abbas,person,,ocd-person/6dfd683a-1f79-49db-95a9-07f4f9898a22,ocd-bill/97de624a-69c4-4029-a7c0-85b65afc9576,True,primary
9e789dfe-b0e9-4a78-b439-2dae40aca785,Timothy P. Lang,person,,ocd-person/85064309-421e-4611-a6c5-800234db68fb,ocd-bill/97de624a-69c4-4029-a7c0-85b65afc9576,False,cosponsor
081f511c-ad75-431a-ad80-9670bfa87079,Fred G. Doucette,person,,ocd-person/db4ec0a8-f70c-4510-ae01-c9050646a503,ocd-bill/97de624a-69c4-4029-a7c0-85b65afc9576,False,cosponsor
938091f1-75e3-482f-a783-71e0939cf08d,Casey M. Conley,person,,ocd-person/3290a4d4-7403-45f8-adc4-4e26e0fefa09,ocd-bill/4566edb4-09ce-42be-b5dc-5eec8d825652,False,cosponsor
86739ccb-d914-4695-b279-65be5dbf0131,Max Abramson,person,,ocd-person/a2248bc0-9253-48d8-9ee2-d9c0b6fbc800,ocd-bill/4566edb4-09ce-42be-b5dc-5eec8d825652,True,primary
cc100e1a-972b-47f7-be4c-d49c3fc05cb8,David J Starr,person,,ocd-person/b19ae598-8107-4959-b150-586deb9c9852,ocd-bill/577d7e3f-524c-46eb-8b70-5fe936e81fea,True,primary
cd3a5935-4849-486b-80fa-8290ab530c67,Glenn Cordelli,person,,ocd-person/c8aa2951-dea0-4999-9b6a-6323d9917e0b,ocd-bill/577d7e3f-524c-46eb-8b70-5fe936e81fea,False,cosponsor
24365f86-a2b2-4d2e-8d79-da60815e9125,Matthew D. Towne,person,,ocd-person/d8695b5b-9dff-44f0-80e0-3e3d6fc5c645,ocd-bill/eec3a5dc-cdd5-4a43-b14e-a4184106002e,False,cosponsor
5410913e-2784-401a-a592-5f1edc8bc78d,Edith M. DesMarais,person,,ocd-person/a6f267a6-78c6-4272-9378-8afe705c350d,ocd-bill/eec3a5dc-cdd5-4a43-b14e-a4184106002e,False,cosponsor
155b3f15-85a6-4d79-9654-38e52926a37c,Sherry A. Frost,person,,ocd-person/62916f8e-e193-463d-9dcc-f35f60d836db,ocd-bill/eec3a5dc-cdd5-4a43-b14e-a4184106002e,False,cosponsor
fa8d3777-1eb2-4299-bdf3-f350105f44de,Ellen D. Read,person,,ocd-person/77304532-17fb-4b2c-aed6-213a435e4a46,ocd-bill/eec3a5dc-cdd5-4a43-b14e-a4184106002e,True,primary
6d1f21de-13f8-434c-b850-5b3f9c360df3,Charlotte I. DiLorenzo,person,,ocd-person/75a682ff-407d-4192-858d-9ce6a979c400,ocd-bill/eec3a5dc-cdd5-4a43-b14e-a4184106002e,False,cosponsor
39395032-daab-4ba2-89bf-f8cb7e1446f1,Jerry L. Knirk,person,,ocd-person/ce0bd184-d264-46d8-87fc-f2590e2a1ed1,ocd-bill/eec3a5dc-cdd5-4a43-b14e-a4184106002e,False,cosponsor
a16c570f-162c-434f-af23-5e77719e8deb,Ivy C. Vann,person,,ocd-person/6fd532c2-91b5-47c4-a29f-eae9fc47743d,ocd-bill/eec3a5dc-cdd5-4a43-b14e-a4184106002e,False,cosponsor
1f9f0ecd-f318-48a3-bcf9-0281a50887aa,Timothy J. Smith,person,,ocd-person/b5ca2038-c971-48a1-9d59-f9acf2b0806b,ocd-bill/eec3a5dc-cdd5-4a43-b14e-a4184106002e,False,cosponsor
1adcd78b-f136-4b23-8fbf-5e3e4fc48f0b,Martin L. Jack,person,,ocd-person/27e55643-df5b-49aa-8529-082cd786c0f8,ocd-bill/eec3a5dc-cdd5-4a43-b14e-a4184106002e,False,cosponsor
786fe4ea-2e1f-4bd4-8265-9f49ee18e08d,Timothy O. Horrigan,person,,ocd-person/2a11a559-c16e-4211-82ea-215951d74c1f,ocd-bill/eec3a5dc-cdd5-4a43-b14e-a4184106002e,False,cosponsor
598be9f1-6b75-4b19-8a8e-d902eb7eaaa4,Martha Fuller Clark,person,,ocd-person/823e56cb-5c51-4a09-b060-93cdb7f7ac25,ocd-bill/eec3a5dc-cdd5-4a43-b14e-a4184106002e,False,cosponsor
dfa638ce-6273-48eb-b36b-f61035aecb4e,Jon Morgan,person,,ocd-person/f169c82a-7120-4d67-85d4-d5ff21cd44ef,ocd-bill/3916e215-4359-4ade-a4ac-346ef637f232,False,cosponsor
96556ed3-daa6-45ed-82bc-828cd6f00411,Cindy Rosenwald,person,,ocd-person/f3e949ce-6d98-4826-bbca-08039cea4ea4,ocd-bill/3916e215-4359-4ade-a4ac-346ef637f232,False,cosponsor
e7e63b70-a6f7-442e-83d4-de1e2ac01b26,Gary L. Woods,person,,ocd-person/5d98b66b-f4d1-4776-953f-67dc348fdd12,ocd-bill/3916e215-4359-4ade-a4ac-346ef637f232,False,cosponsor
bb5b02d2-7166-48d1-b6fd-639ecb079299,Tom Sherman,person,,ocd-person/ee95d0de-e55e-4733-ba97-0fde66adf65c,ocd-bill/3916e215-4359-4ade-a4ac-346ef637f232,True,primary
ef6371a7-836b-49cb-adb8-ad41d0e88b78,Jay Kahn,person,,ocd-person/998e681b-6df1-4b4a-92db-7a2187cedcd8,ocd-bill/3916e215-4359-4ade-a4ac-346ef637f232,False,cosponsor
1e744840-bdf4-4996-8f79-a9b79a9966fa,Jerry L. Knirk,person,,ocd-person/ce0bd184-d264-46d8-87fc-f2590e2a1ed1,ocd-bill/3916e215-4359-4ade-a4ac-346ef637f232,False,cosponsor
34148744-8559-412d-85b1-ba983e9fdee0,William M. Marsh,person,,ocd-person/22006937-f2ca-4a2e-b92a-457777933dc7,ocd-bill/3916e215-4359-4ade-a4ac-346ef637f232,False,cosponsor
dd9fc07e-22b2-4705-b42c-f730b15be10c,John J. Fothergill,person,,ocd-person/2c6db15e-15cf-496c-aec9-21f9d18c4355,ocd-bill/3916e215-4359-4ade-a4ac-346ef637f232,False,cosponsor
6c348070-36a6-44b5-bda6-4074fd670f9f,Karen E. Ebel,person,,ocd-person/947e2e2b-04eb-4f92-9f83-aef8760517e0,ocd-bill/3916e215-4359-4ade-a4ac-346ef637f232,False,cosponsor
75c4a11f-b748-4a86-bbc7-40f22575ac80,David H Watters,person,,ocd-person/cf24defe-6df3-49f3-88ca-c6774b144f19,ocd-bill/3916e215-4359-4ade-a4ac-346ef637f232,False,cosponsor
2443aba1-8bc1-4be2-813d-8b665f5f1f0c,Jeb Bradley,person,,ocd-person/3f5455e8-256e-4442-9c13-bc14f62ce76f,ocd-bill/3916e215-4359-4ade-a4ac-346ef637f232,False,cosponsor
a90f7e5e-f923-48dc-b521-db10d898203d,Sharon M Carson,person,,ocd-person/00964fc0-dd57-44c3-87bf-b6d5bbc34560,ocd-bill/3916e215-4359-4ade-a4ac-346ef637f232,False,cosponsor
5a5be81d-dd6d-45ca-9a26-2cfdf72e17bf,Martha Fuller Clark,person,,ocd-person/823e56cb-5c51-4a09-b060-93cdb7f7ac25,ocd-bill/3916e215-4359-4ade-a4ac-346ef637f232,False,cosponsor
a938a1ab-547f-4f22-99fa-64f3a14ebabf,Wendy E.N. Thomas,person,,ocd-person/2375b05c-cf9a-4f1b-a4b0-194fac6d86bf,ocd-bill/7139027d-2e6f-41e0-b75d-814b5b2d14c5,False,cosponsor
a64d3fbf-50eb-4683-9974-61b60fdb8db8,Craig R. Thompson,person,,ocd-person/5295b45f-d39a-4375-9aff-3b5b1603fa2d,ocd-bill/7139027d-2e6f-41e0-b75d-814b5b2d14c5,True,primary
5febc254-fde4-41ae-b6ab-62e0af2d07c7,Lee Walker Oxenham,person,,ocd-person/f3fb87b7-7fb5-432a-9fb2-bd15170f1275,ocd-bill/7139027d-2e6f-41e0-b75d-814b5b2d14c5,False,cosponsor
9d49db9b-819b-4b9d-a572-489bb6ae87eb,Casey M. Conley,person,,ocd-person/3290a4d4-7403-45f8-adc4-4e26e0fefa09,ocd-bill/c7b9bffa-6978-4e2a-aedd-832779860d56,False,cosponsor
7f033c2c-936a-4ff0-b48f-1ece37c68844,Kenneth S. Vincent,person,,ocd-person/84b0eb59-b35d-4f30-aa55-b5cd6e7f495b,ocd-bill/c7b9bffa-6978-4e2a-aedd-832779860d56,True,primary
67ce54b6-caae-42ad-a2dd-0e1ae0eb8253,Timothy J. Smith,person,,ocd-person/b5ca2038-c971-48a1-9d59-f9acf2b0806b,ocd-bill/ad95ee6d-6a9c-4d91-920e-0a99cbf94299,True,primary
13483a69-42ab-4d61-ad98-1043ff65e770,Daryl A. Abbas,person,,ocd-person/6dfd683a-1f79-49db-95a9-07f4f9898a22,ocd-bill/d6617a16-3aca-493f-b193-c81e4e0537da,True,primary
25fd8793-2699-4382-86a3-a5f1d952986c,Terry Roy,person,,ocd-person/6d43b165-fda9-4918-a2b7-ad66940062a0,ocd-bill/0f3385f7-c2aa-4390-afaa-bab00197319f,True,primary
8efc0383-87d6-4380-b84e-d24ca39986f2,Gary L. Woods,person,,ocd-person/5d98b66b-f4d1-4776-953f-67dc348fdd12,ocd-bill/49866213-cfd1-4c6a-a9d4-a7b9c1cc92a9,False,cosponsor
11529deb-4f3d-4f36-9eba-a78eef9b60a3,Martha Fuller Clark,person,,ocd-person/823e56cb-5c51-4a09-b060-93cdb7f7ac25,ocd-bill/49866213-cfd1-4c6a-a9d4-a7b9c1cc92a9,True,primary
57dea808-1d13-4f7c-8b5b-26cba1c9b85e,Casey M. Conley,person,,ocd-person/3290a4d4-7403-45f8-adc4-4e26e0fefa09,ocd-bill/f2bdf90e-47da-4423-87d6-985753572076,False,cosponsor
b8206991-15e9-493f-9d26-96dbdc51bbce,Sherry A. Frost,person,,ocd-person/62916f8e-e193-463d-9dcc-f35f60d836db,ocd-bill/f2bdf90e-47da-4423-87d6-985753572076,False,cosponsor
13070c82-95a0-4256-82ef-9ca45e625600,Timothy Josephson,person,,ocd-person/62149ad2-7d4c-42b6-be2b-281618dd7c97,ocd-bill/f2bdf90e-47da-4423-87d6-985753572076,False,cosponsor
f8022842-4407-4462-9d80-b8222f91e66f,Ivy C. Vann,person,,ocd-person/6fd532c2-91b5-47c4-a29f-eae9fc47743d,ocd-bill/f2bdf90e-47da-4423-87d6-985753572076,True,primary
bc18ba6d-872a-4831-bd31-002577cd4478,Jeanne Dietsch,person,,ocd-person/8e7e0c04-e019-4ffe-a281-18beee5d939f,ocd-bill/79375237-8c1e-4475-80e4-38956d433589,True,primary
3a90d084-0e98-44b0-85da-a02f5538f48a,Jay Kahn,person,,ocd-person/998e681b-6df1-4b4a-92db-7a2187cedcd8,ocd-bill/79375237-8c1e-4475-80e4-38956d433589,False,cosponsor
7648e858-9a02-4161-99dc-9fe980179ab7,Shannon E Chandley,person,,,ocd-bill/3d22beb5-0889-4bc4-a71c-22945a765a69,False,cosponsor
655629a9-2619-4a68-bbbd-d1bc5aee5bff,Tom Sherman,person,,ocd-person/ee95d0de-e55e-4733-ba97-0fde66adf65c,ocd-bill/3d22beb5-0889-4bc4-a71c-22945a765a69,False,cosponsor
0cfd51b7-bf43-4239-b9b2-a2fa5c2f30f8,Ruth Ward,person,,ocd-person/9089a509-1f26-4770-adc6-199ed716e692,ocd-bill/3d22beb5-0889-4bc4-a71c-22945a765a69,True,primary
5320762d-6d06-451b-bcb4-763ec8c68390,James P. Gray,person,,ocd-person/e6443187-eb51-42eb-8bd7-349ed0ba9641,ocd-bill/3d22beb5-0889-4bc4-a71c-22945a765a69,False,cosponsor
1afffe31-d131-4cdd-93ed-e6284fec2736,Bob J. Giuda,person,,ocd-person/7739a4d0-534e-4bdb-b7fb-6a8f348e833e,ocd-bill/3d22beb5-0889-4bc4-a71c-22945a765a69,False,cosponsor
690bf12c-cbc2-49d8-bd64-a8fd71bd31f7,Regina Birdsell,person,,ocd-person/461c9024-c8c3-44a5-91d6-015a6587db5f,ocd-bill/3d22beb5-0889-4bc4-a71c-22945a765a69,False,cosponsor
1cf01b1d-a484-4e55-af73-68ea5bbc874e,John M. Potucek,person,,ocd-person/433c67d6-bfdc-410e-87e2-463c93d55a17,ocd-bill/3d22beb5-0889-4bc4-a71c-22945a765a69,False,cosponsor
47a67e95-531e-43e1-8e42-de3424854e8b,John Reagan,person,,ocd-person/f516d40a-3676-4437-8285-a931d7c2885b,ocd-bill/3d22beb5-0889-4bc4-a71c-22945a765a69,False,cosponsor
5750140d-b11a-471f-8e7d-289417915151,Jeb Bradley,person,,ocd-person/3f5455e8-256e-4442-9c13-bc14f62ce76f,ocd-bill/3d22beb5-0889-4bc4-a71c-22945a765a69,False,cosponsor
6edca0a3-39e8-4364-9808-594c0fe42e9b,Michael D. Harrington,person,,ocd-person/21e95dbc-c226-4f4a-9fa2-8f5b374d0a98,ocd-bill/415f37f5-b6c2-49c1-9fe2-478d1da2d068,True,primary
f9435f58-909d-4715-8eeb-4896ee350444,Edward M. Gordon,person,,ocd-person/1e527c99-df26-4b70-8f9e-62df18dad8bb,ocd-bill/6ae73ce5-f9f6-48ab-b66e-7717d3274cfd,True,primary
8012e5de-bead-4668-a031-cfbc777f54c4,Fred R. Plett,person,,ocd-person/573f6daa-f310-46da-9f87-bf7497dd084a,ocd-bill/a6dcddbd-c38a-403f-b631-52ccb66e838b,True,primary
73f05b53-97c6-4928-a46e-fca634ee9c3f,James C. Allard,person,,ocd-person/65336609-c7d5-4518-9d70-44e6e4058fb7,ocd-bill/10cb6c8d-9309-47f4-995b-43ca395de824,False,cosponsor
c747f770-45c6-4721-981e-2350c3d38315,Alicia D. Lekas,person,,ocd-person/50bcd6fc-7d60-4595-811c-213e18faf326,ocd-bill/10cb6c8d-9309-47f4-995b-43ca395de824,False,cosponsor
2acd9a58-b8da-4283-9388-6f0ca32f1965,Glenn Cordelli,person,,ocd-person/c8aa2951-dea0-4999-9b6a-6323d9917e0b,ocd-bill/10cb6c8d-9309-47f4-995b-43ca395de824,False,cosponsor
daf61a9c-080a-4676-9972-378c63c31167,Rick M. Ladd,person,,ocd-person/1bd6c569-f2dd-4670-bf82-ef3ea4b15960,ocd-bill/10cb6c8d-9309-47f4-995b-43ca395de824,True,primary
fe41d6ec-a26b-4ace-8905-7445e7653bc7,Barbara E. Shaw,person,,ocd-person/9b77c06c-a6d3-40b9-b7b7-22e7a198a8ee,ocd-bill/10cb6c8d-9309-47f4-995b-43ca395de824,False,cosponsor
0634e8bb-c124-42c5-800e-805b9d5352f9,Cassandra N. Levesque,person,,ocd-person/711423e3-ff28-4150-8a89-ec568a4f2c5d,ocd-bill/a153eb42-ace1-4ca9-a456-c7f3edd8387d,False,cosponsor
1ccf6b82-d7d3-470b-a8e8-a15f76bada2d,Cam E. Kenney,person,,ocd-person/9f35ea7b-b937-4b06-8be5-5cfbc83381e1,ocd-bill/a153eb42-ace1-4ca9-a456-c7f3edd8387d,True,primary
aa69cab6-0734-40c8-9ba6-3b927bf4427b,Anita D. Burroughs,person,,ocd-person/a028512b-5d61-4d23-9e28-dec7038577d6,ocd-bill/a153eb42-ace1-4ca9-a456-c7f3edd8387d,False,cosponsor
2319afb9-ec66-46f2-9935-376aa6bad00d,Ellen D. Read,person,,ocd-person/77304532-17fb-4b2c-aed6-213a435e4a46,ocd-bill/a153eb42-ace1-4ca9-a456-c7f3edd8387d,False,cosponsor
0f8faa54-cc23-42ff-9790-2ec134858dda,Timothy O. Horrigan,person,,ocd-person/2a11a559-c16e-4211-82ea-215951d74c1f,ocd-bill/a153eb42-ace1-4ca9-a456-c7f3edd8387d,False,cosponsor
3008ac0d-ac48-45cf-bcc4-183506cab334,Jack B. Flanagan,person,,ocd-person/6f569d92-87e9-4172-b4f0-e2e78aff07a6,ocd-bill/c9c64fa2-d60c-48f3-ae36-5d636664a15f,True,primary
35aea122-faf0-4478-84ad-0c01b64387fa,Casey M. Conley,person,,ocd-person/3290a4d4-7403-45f8-adc4-4e26e0fefa09,ocd-bill/b49f32b5-40c2-4613-bc79-746632b65e73,True,primary
33f1d53b-eb72-4239-8cd3-77153e867071,Charlie G. St. Clair,person,,ocd-person/643751f4-6db0-4021-bf76-b8f2483d640d,ocd-bill/b49f32b5-40c2-4613-bc79-746632b65e73,False,cosponsor
e962e734-cc99-4cc5-a496-8c1f7579ecae,Peter E. Torosian,person,,ocd-person/45e36880-19af-4f3f-89d4-624946625e7f,ocd-bill/b49f32b5-40c2-4613-bc79-746632b65e73,False,cosponsor
495920fb-b39c-4345-a696-9d40b273e66d,Andrew J. Prout,person,,ocd-person/da5fb901-d16d-430f-b5cb-7ab556f8d4ee,ocd-bill/b49f32b5-40c2-4613-bc79-746632b65e73,False,cosponsor
4ddb437c-e04d-4606-9dd4-ee6d14b28ba8,Susan J. Ticehurst,person,,ocd-person/1f3a9485-30e3-4cdf-8389-d8ad149dc881,ocd-bill/16f362ac-2b42-4097-a5f6-66c73a2d7922,True,primary
49022d89-cb47-4cb6-b4ba-4b3eac89ea91,Glenn Cordelli,person,,ocd-person/c8aa2951-dea0-4999-9b6a-6323d9917e0b,ocd-bill/c07403ed-f905-48b2-bbf7-3dc7b55c7824,True,primary
177c6d51-5c42-422e-9992-19b4f27c446e,Joseph A. Pitre,person,,ocd-person/5ce55936-fd73-4b3c-ba16-70e13734a3c8,ocd-bill/c07403ed-f905-48b2-bbf7-3dc7b55c7824,False,cosponsor
948088f0-5f3c-4cbb-bb4c-febfaff017b0,Rick M. Ladd,person,,ocd-person/1bd6c569-f2dd-4670-bf82-ef3ea4b15960,ocd-bill/c07403ed-f905-48b2-bbf7-3dc7b55c7824,False,cosponsor
a256444a-5183-49c1-b55e-b5a47fdcbb7b,Ralph G. Boehm,person,,ocd-person/ac6ce16b-a462-4727-8e4b-724c7c19e58c,ocd-bill/c07403ed-f905-48b2-bbf7-3dc7b55c7824,False,cosponsor
d2a0b88b-416e-496f-9524-8f425224061e,Barbara E. Shaw,person,,ocd-person/9b77c06c-a6d3-40b9-b7b7-22e7a198a8ee,ocd-bill/c07403ed-f905-48b2-bbf7-3dc7b55c7824,False,cosponsor
0118d27e-519a-4c25-b505-116256c3d351,Ryan T. Buchanan,person,,ocd-person/42b0e59a-b71a-46ce-b761-72bc99239941,ocd-bill/db87b0bc-f6d3-4e10-b70e-90294f56791c,True,primary
a65798b6-30d0-46db-b120-9a7dab8f8334,Ellen D. Read,person,,ocd-person/77304532-17fb-4b2c-aed6-213a435e4a46,ocd-bill/db87b0bc-f6d3-4e10-b70e-90294f56791c,False,cosponsor
1a8b2332-9656-466f-af82-739e41691a5d,Wendy E.N. Thomas,person,,ocd-person/2375b05c-cf9a-4f1b-a4b0-194fac6d86bf,ocd-bill/df2b9c85-e921-4439-9d03-99e70302f842,True,primary
d28582a9-d6d5-47b4-96b2-c7c2de028ab0,Kathryn Stack,person,,ocd-person/ca4638d0-559a-4364-8de0-88f23d35d5a0,ocd-bill/df2b9c85-e921-4439-9d03-99e70302f842,False,cosponsor
0007e4c1-0bba-4757-a435-12aa024139ec,Werner D. Horn,person,,ocd-person/ab3fb5b5-85fb-441d-8b4f-09d52722175b,ocd-bill/2bad6fd1-aa4c-4b7d-a9fa-ba06af0cc087,True,primary
18ad2335-117f-4133-8fba-b42550946a38,Robert D. Harb,person,,ocd-person/c62fca24-e8c3-4f87-95dd-cb52a3d58c05,ocd-bill/f8e9a1d4-698a-4c70-9f15-fe10c3a33552,True,primary
d4f4a26f-fb94-48e1-bcc8-86648e90ed11,Charlie G. St. Clair,person,,ocd-person/643751f4-6db0-4021-bf76-b8f2483d640d,ocd-bill/5e7d2520-0077-4e34-9701-277ccacbee6d,True,primary
7f1acadb-48fd-4d24-94d8-437c8ec521d4,William L. Fowler,person,,ocd-person/20bf5a41-2a66-4d24-bc34-aef873b488cb,ocd-bill/8bdf9a58-1589-4689-b489-ba4b4b0fd25c,False,cosponsor
8dea8fd3-9059-4d2a-89b0-5ceef6d2d43a,Tom Sherman,person,,ocd-person/ee95d0de-e55e-4733-ba97-0fde66adf65c,ocd-bill/8bdf9a58-1589-4689-b489-ba4b4b0fd25c,False,cosponsor
c74011d8-13f8-4265-83c7-27525cda465a,Jason A. Janvrin,person,,ocd-person/5411c21d-e8ee-4300-a79b-1a688e01c481,ocd-bill/8bdf9a58-1589-4689-b489-ba4b4b0fd25c,True,primary
82bf196d-4d66-4709-af16-b27c0bdf8760,Aboul B. Khan,person,,ocd-person/e60aed5e-cbb4-4b27-ab1b-2ce1dd787dac,ocd-bill/8bdf9a58-1589-4689-b489-ba4b4b0fd25c,False,cosponsor
36fcb869-e598-49c3-8f95-60bd55e992b1,Robert Renny Cushing,person,,ocd-person/cdb3279c-243a-4ca0-8e83-fcb10a975736,ocd-bill/8bdf9a58-1589-4689-b489-ba4b4b0fd25c,False,cosponsor
10a0475c-26ad-47e4-804a-ba1c9d582921,James C. Allard,person,,ocd-person/65336609-c7d5-4518-9d70-44e6e4058fb7,ocd-bill/f2482d88-249f-42d5-a251-92b61ef936fe,False,cosponsor
ee302258-7db1-4b45-af5a-de726487e330,Glenn Cordelli,person,,ocd-person/c8aa2951-dea0-4999-9b6a-6323d9917e0b,ocd-bill/f2482d88-249f-42d5-a251-92b61ef936fe,False,cosponsor
9d893752-960f-4c38-bb12-513c585e6426,Rick M. Ladd,person,,ocd-person/1bd6c569-f2dd-4670-bf82-ef3ea4b15960,ocd-bill/f2482d88-249f-42d5-a251-92b61ef936fe,True,primary
62e8d0af-a4f7-4c05-bdbf-25b6c2ea54ff,Ralph G. Boehm,person,,ocd-person/ac6ce16b-a462-4727-8e4b-724c7c19e58c,ocd-bill/f2482d88-249f-42d5-a251-92b61ef936fe,False,cosponsor
06a0718b-4bf8-4b32-8abd-ce9cac6832e4,Barbara E. Shaw,person,,ocd-person/9b77c06c-a6d3-40b9-b7b7-22e7a198a8ee,ocd-bill/f2482d88-249f-42d5-a251-92b61ef936fe,False,cosponsor
b36fb27c-5930-448a-9bb8-0b32e4b0e472,Timothy T. Egan,person,,ocd-person/09523f28-3ff4-4ec0-ab75-d198c2c27db3,ocd-bill/2c4fda61-227c-4dd2-9584-8505a742217b,True,primary
e87b1e2d-e6d7-44e8-8d45-150759720a53,Mark R. King,person,,ocd-person/5b030cec-8315-49f4-901d-85fdb7423781,ocd-bill/2c4fda61-227c-4dd2-9584-8505a742217b,False,cosponsor
7a630c67-ed2b-45e7-bca1-a9ae601a24e1,Roger W. Dontonville,person,,ocd-person/ef4faeab-235d-452c-b493-8a98e4157f3f,ocd-bill/2c4fda61-227c-4dd2-9584-8505a742217b,False,cosponsor
c43f9d11-6acb-48fd-99e5-d2f914709f3b,Michael D. Harrington,person,,ocd-person/21e95dbc-c226-4f4a-9fa2-8f5b374d0a98,ocd-bill/a9a62eba-2058-41f6-a88c-b0bc1c515718,True,primary
db6e9ac5-9c1d-4c92-888c-5f03cdc082d0,Judy F. Aron,person,,ocd-person/533fb85c-c4f0-41f3-9bc6-8b1c422a9693,ocd-bill/47b08830-eb24-440e-aafa-d36ad8a445be,True,primary
f8f4ec63-d601-4e62-a9b2-b5fa2bf88815,Terry Roy,person,,ocd-person/6d43b165-fda9-4918-a2b7-ad66940062a0,ocd-bill/47b08830-eb24-440e-aafa-d36ad8a445be,False,cosponsor
eb1db0ea-a0df-43c2-8fe0-54221c8a0469,Becky A. Owens,person,,ocd-person/903615ca-728d-48d5-a70f-83f6c73def74,ocd-bill/47b08830-eb24-440e-aafa-d36ad8a445be,False,cosponsor
f0f3453a-573b-45fe-a147-0bda57476296,Donna M. Mombourquette,person,,ocd-person/99b6e8f3-52a6-43fb-b912-7fdb715b7b3b,ocd-bill/47b08830-eb24-440e-aafa-d36ad8a445be,False,cosponsor
7853cef9-3a79-474d-b551-735ecda10d31,Mark A. Pearson,person,,,ocd-bill/47b08830-eb24-440e-aafa-d36ad8a445be,False,cosponsor
b9980b66-0faa-44db-943c-a820e517d853,Werner D. Horn,person,,ocd-person/ab3fb5b5-85fb-441d-8b4f-09d52722175b,ocd-bill/47b08830-eb24-440e-aafa-d36ad8a445be,False,cosponsor
46f29e23-f3d5-499d-a000-ad3dab749f1a,Kimberly A. Rice,person,,ocd-person/85b7ca6d-3fd7-4e97-bfe0-effe223121f7,ocd-bill/47b08830-eb24-440e-aafa-d36ad8a445be,False,cosponsor
f7e0fce0-cb14-47ba-a8b7-96dd34527fb3,Steven D. Smith,person,,ocd-person/129a2970-07b9-4136-aae1-15c689edca40,ocd-bill/47b08830-eb24-440e-aafa-d36ad8a445be,False,cosponsor
758fa5aa-d1c4-4ff5-9bc3-005d7e22449c,Michael J. Sylvia,person,,ocd-person/2e6feb2e-6f22-4909-b907-93f4c0f9ae9b,ocd-bill/0cdd9323-8aa9-44c4-a913-6c70244a09d9,False,cosponsor
a353a6f6-21ab-47c0-a39d-bd123019033c,Samantha L. Fox,person,,ocd-person/7471e52d-b23c-4df4-b9c9-b7c3751ea3ce,ocd-bill/ab5f64f4-7af5-4bd9-9d6c-0007c0db1072,False,cosponsor
456baa16-755d-4600-af1a-acec3f9ace24,Matthew B. Wilhelm,person,,ocd-person/61d2e8f3-f2b9-4357-81af-fe982ee1821f,ocd-bill/ab5f64f4-7af5-4bd9-9d6c-0007c0db1072,True,primary
a0de4a87-fd39-490a-bea8-2a1dc4b7a94b,Howard C. Pearl,person,,ocd-person/c4122c6a-ed23-492e-b813-59a0fed1ec86,ocd-bill/d69cf679-57cb-4022-bc28-f91702d73640,False,cosponsor
e7b6ec39-ed1b-4ada-884b-102c2a954f5a,John R. Plumer,person,,ocd-person/867ccf71-9ca1-47cf-9c4f-0c5f715c412e,ocd-bill/d69cf679-57cb-4022-bc28-f91702d73640,True,primary
ffe71fdd-6ea2-42bf-82d4-a56d378b0370,Timothy P. Lang,person,,ocd-person/85064309-421e-4611-a6c5-800234db68fb,ocd-bill/d69cf679-57cb-4022-bc28-f91702d73640,False,cosponsor
7ec174fd-1bf7-4b11-9bf9-ff408360343f,Shannon E Chandley,person,,,ocd-bill/76ac53a2-faf3-4461-b165-69afb95ba098,False,cosponsor
fa57dfea-4f3a-45d8-85a1-16f60a6e08c5,Peter Petrigno,person,,ocd-person/1bf3d6c4-3325-4571-b2f7-6a28422dada6,ocd-bill/76ac53a2-faf3-4461-b165-69afb95ba098,True,primary
e36fa173-7493-4bfc-9d37-330b038ba150,Paul P. Dargie,person,,ocd-person/63f11bc0-1dbb-48c3-a2ec-635cf7f25a84,ocd-bill/76ac53a2-faf3-4461-b165-69afb95ba098,False,cosponsor
fc766600-3068-47e6-94a5-18c6e46e02eb,Joelle Martin,person,,ocd-person/ed48590f-6af4-4e9f-99d6-16227870b44f,ocd-bill/76ac53a2-faf3-4461-b165-69afb95ba098,False,cosponsor
a328feae-7044-403e-a5a7-91b970b7fb03,Kat McGhee,person,,ocd-person/4c8bec8a-e86d-4316-8b2e-2f8c4157cae5,ocd-bill/76ac53a2-faf3-4461-b165-69afb95ba098,False,cosponsor
2203a5b5-cb30-4ab9-b9a6-245aecba9612,Dan J. Davis,person,,ocd-person/41ab927c-2d5e-4f24-8600-9f627a41721b,ocd-bill/1993e20f-d27b-4913-a8fa-360402452612,False,cosponsor
4eb9591e-9977-4eee-8a34-aee7086fb065,James A. Spillane,person,,ocd-person/2520dc46-648c-44d0-ba1f-fe09b17a9d8b,ocd-bill/1993e20f-d27b-4913-a8fa-360402452612,True,primary
662a5124-7a6d-4810-b633-014e785436bf,Werner D. Horn,person,,ocd-person/ab3fb5b5-85fb-441d-8b4f-09d52722175b,ocd-bill/1993e20f-d27b-4913-a8fa-360402452612,False,cosponsor
01582da9-e38a-440c-a7fb-ce9ef47352c1,Jeanine M. Notter,person,,ocd-person/84f79859-fef0-441d-80bb-5edeafc70e78,ocd-bill/1993e20f-d27b-4913-a8fa-360402452612,False,cosponsor
a08010e0-9ecc-491d-91b2-c8095b48b9d8,Carol M. McGuire,person,,ocd-person/ae3d6133-98b5-444e-b95e-2edc2f5302dc,ocd-bill/1993e20f-d27b-4913-a8fa-360402452612,False,cosponsor
93036390-6e7d-48f7-a589-8578d2abfe84,Gary S. Hopper,person,,ocd-person/eeb7038b-aad5-45cc-9abe-57fa0757c41b,ocd-bill/1993e20f-d27b-4913-a8fa-360402452612,False,cosponsor
17aaf8f4-ac2e-4f01-98d0-207734110e93,John Reagan,person,,ocd-person/f516d40a-3676-4437-8285-a931d7c2885b,ocd-bill/1993e20f-d27b-4913-a8fa-360402452612,False,cosponsor
e182a0f4-8dbb-4ff6-9a7b-c90d4af8c780,William L. Fowler,person,,ocd-person/20bf5a41-2a66-4d24-bc34-aef873b488cb,ocd-bill/8d74106d-4b10-45b7-aab5-5dc49b5cead8,False,cosponsor
82028059-089b-4071-ac1a-3a31e79624ab,Max Abramson,person,,ocd-person/a2248bc0-9253-48d8-9ee2-d9c0b6fbc800,ocd-bill/8d74106d-4b10-45b7-aab5-5dc49b5cead8,True,primary
fe867c7c-581a-439d-b1e6-a580c49593da,Cam E. Kenney,person,,ocd-person/9f35ea7b-b937-4b06-8be5-5cfbc83381e1,ocd-bill/82ece7cb-10a2-4ff9-8b62-e41e621fc214,False,cosponsor
4aa2631f-af5b-48e0-a8f6-2eda82d33e16,David Meuse,person,,ocd-person/4b449f0f-2024-4e18-bbbd-7f0bbcfa8cac,ocd-bill/82ece7cb-10a2-4ff9-8b62-e41e621fc214,False,cosponsor
512634bf-fab1-42e3-b945-ada60f21365d,Chris Balch,person,,ocd-person/e9d39bb0-9ff6-4083-b8fd-1455609b3033,ocd-bill/82ece7cb-10a2-4ff9-8b62-e41e621fc214,False,cosponsor
588398c7-cdf0-400e-a7ab-0ce2f21be8f7,Casey M. Conley,person,,ocd-person/3290a4d4-7403-45f8-adc4-4e26e0fefa09,ocd-bill/82ece7cb-10a2-4ff9-8b62-e41e621fc214,False,cosponsor
06e09814-a600-44ba-a857-43a72d3da624,Bob J. Giuda,person,,ocd-person/7739a4d0-534e-4bdb-b7fb-6a8f348e833e,ocd-bill/82ece7cb-10a2-4ff9-8b62-e41e621fc214,False,cosponsor
987a8b0e-9eeb-40d6-b543-d5c60f1d8d7d,Ellen D. Read,person,,ocd-person/77304532-17fb-4b2c-aed6-213a435e4a46,ocd-bill/82ece7cb-10a2-4ff9-8b62-e41e621fc214,False,cosponsor
2882aba7-3cc4-4525-b5bd-1845ca44e347,Charlotte I. DiLorenzo,person,,ocd-person/75a682ff-407d-4192-858d-9ce6a979c400,ocd-bill/82ece7cb-10a2-4ff9-8b62-e41e621fc214,True,primary
9c76df44-1034-45e8-a56a-2f108c0faa73,Kurt F. Wuelper,person,,ocd-person/27f3432f-2a51-4a39-b9c4-814718ae87ed,ocd-bill/82ece7cb-10a2-4ff9-8b62-e41e621fc214,False,cosponsor
8b88b511-ede9-4817-bf23-d457adac2bc2,Michael J. Sylvia,person,,ocd-person/2e6feb2e-6f22-4909-b907-93f4c0f9ae9b,ocd-bill/82ece7cb-10a2-4ff9-8b62-e41e621fc214,False,cosponsor
88beb33c-5b56-4ac2-9811-c89e62cd359d,Tom Dolan,person,,ocd-person/330b6b4b-dfa6-4379-ae45-bedd9b276fcd,ocd-bill/70c5817d-4679-450a-ab78-089a1f363586,True,primary
ad861500-fd22-47b0-8699-1cf5f5dd6320,Bob J. Greene,person,,ocd-person/c51b7c0a-47d7-4567-900e-dccb42942ca6,ocd-bill/70c5817d-4679-450a-ab78-089a1f363586,False,cosponsor
02d5090f-bb32-48e7-9fa1-4bd386dd3441,Joe H. Alexander,person,,ocd-person/e7800d58-1019-4aff-8d1a-22faba9d3e23,ocd-bill/70c5817d-4679-450a-ab78-089a1f363586,False,cosponsor
b9721ef4-b222-4a84-9ab5-00aa7498a9e5,William M. Marsh,person,,ocd-person/22006937-f2ca-4a2e-b92a-457777933dc7,ocd-bill/70c5817d-4679-450a-ab78-089a1f363586,False,cosponsor
fee05238-fc77-4c9a-8a76-56a62feb3a3b,Douglas W. Thomas,person,,ocd-person/5db11498-80a8-4136-9c50-2c7f1a2f6826,ocd-bill/70c5817d-4679-450a-ab78-089a1f363586,False,cosponsor
0971e120-866a-417a-adc4-b96b708bc180,Sharon M Carson,person,,ocd-person/00964fc0-dd57-44c3-87bf-b6d5bbc34560,ocd-bill/70c5817d-4679-450a-ab78-089a1f363586,False,cosponsor
05607b43-85ec-4788-ae99-42c4e54f92e0,Cassandra N. Levesque,person,,ocd-person/711423e3-ff28-4150-8a89-ec568a4f2c5d,ocd-bill/c3d783b0-7f3d-493b-857f-c03fc345b5a2,False,cosponsor
95b54b65-c6d6-4762-aecb-1573d55c6adb,Dennis M. Ruprecht,person,,ocd-person/4aad7fb1-f234-412e-9252-3cdba3896cdb,ocd-bill/c3d783b0-7f3d-493b-857f-c03fc345b5a2,False,cosponsor
9c53e84f-992c-40ee-8e0a-410eac96ed7e,Wendy Chase,person,,ocd-person/c24da601-15f1-482c-a234-f8443056c77a,ocd-bill/c3d783b0-7f3d-493b-857f-c03fc345b5a2,False,cosponsor
dce09af8-61d0-48e3-a7e3-580b167a7269,Cam E. Kenney,person,,ocd-person/9f35ea7b-b937-4b06-8be5-5cfbc83381e1,ocd-bill/c3d783b0-7f3d-493b-857f-c03fc345b5a2,True,primary
b255a4d3-d836-4d3d-8b4a-f5341b077fc3,Samantha L. Fox,person,,ocd-person/7471e52d-b23c-4df4-b9c9-b7c3751ea3ce,ocd-bill/c3d783b0-7f3d-493b-857f-c03fc345b5a2,False,cosponsor
34cddd28-6c10-4626-b1e0-1d714301665b,Wendy E.N. Thomas,person,,ocd-person/2375b05c-cf9a-4f1b-a4b0-194fac6d86bf,ocd-bill/c3d783b0-7f3d-493b-857f-c03fc345b5a2,False,cosponsor
886b87d8-2ea0-4d14-ae3e-4bccea3d03c9,Kristina M. Schultz,person,,ocd-person/8698b473-ea4e-4126-8766-a2b5b5878702,ocd-bill/c3d783b0-7f3d-493b-857f-c03fc345b5a2,False,cosponsor
becea628-8339-43b1-83dc-9877a55445d0,Martha S. Hennessey,person,,ocd-person/f2700034-7f3d-4834-bb66-b848a7ca748a,ocd-bill/c3d783b0-7f3d-493b-857f-c03fc345b5a2,False,cosponsor
5df0adb1-0f49-4f5a-95a9-6da68fda42fc,Ellen D. Read,person,,ocd-person/77304532-17fb-4b2c-aed6-213a435e4a46,ocd-bill/c3d783b0-7f3d-493b-857f-c03fc345b5a2,False,cosponsor
60d9917b-f3c1-4dba-bb81-ccaaf5c14d4e,Timothy O. Horrigan,person,,ocd-person/2a11a559-c16e-4211-82ea-215951d74c1f,ocd-bill/c3d783b0-7f3d-493b-857f-c03fc345b5a2,False,cosponsor
658ab700-6e19-4239-b0a0-56eae61a33da,Martha Fuller Clark,person,,ocd-person/823e56cb-5c51-4a09-b060-93cdb7f7ac25,ocd-bill/c3d783b0-7f3d-493b-857f-c03fc345b5a2,False,cosponsor
3cc029a4-1c7f-45d2-936c-cea30fe87858,Alicia D. Lekas,person,,ocd-person/50bcd6fc-7d60-4595-811c-213e18faf326,ocd-bill/e4cfc0a0-4834-4713-956c-4282ef424fda,False,cosponsor
8d592e64-baac-406a-9988-498b8e4ed0fa,Kevin Verville,person,,ocd-person/9d10ccec-b571-4eea-b025-9ed7634b6516,ocd-bill/e4cfc0a0-4834-4713-956c-4282ef424fda,False,cosponsor
8366a0f3-ae70-444e-b80c-8fbe0dc66296,Glenn Cordelli,person,,ocd-person/c8aa2951-dea0-4999-9b6a-6323d9917e0b,ocd-bill/e4cfc0a0-4834-4713-956c-4282ef424fda,True,primary
9c6f417c-21aa-4876-a6ba-df52017baab2,Joseph A. Pitre,person,,ocd-person/5ce55936-fd73-4b3c-ba16-70e13734a3c8,ocd-bill/e4cfc0a0-4834-4713-956c-4282ef424fda,False,cosponsor
4f849ece-a7f6-473a-8779-fb06cc7fcacf,Rick M. Ladd,person,,ocd-person/1bd6c569-f2dd-4670-bf82-ef3ea4b15960,ocd-bill/e4cfc0a0-4834-4713-956c-4282ef424fda,False,cosponsor
d4a2ba51-5f97-4bcf-88e8-05fe08b1fc14,Ralph G. Boehm,person,,ocd-person/ac6ce16b-a462-4727-8e4b-724c7c19e58c,ocd-bill/e4cfc0a0-4834-4713-956c-4282ef424fda,False,cosponsor
ba0af497-f438-416d-a045-98db9a56e134,Barbara E. Shaw,person,,ocd-person/9b77c06c-a6d3-40b9-b7b7-22e7a198a8ee,ocd-bill/e4cfc0a0-4834-4713-956c-4282ef424fda,False,cosponsor
2caeb676-21c6-4781-91b6-408a7b2ece21,Josh S. Yokela,person,,ocd-person/c96f9d7a-b859-4b37-8fdd-4097b21d3f2c,ocd-bill/42e3fe71-426b-4928-8e91-e309edd462ec,True,primary
8b360a97-8b8b-4ef6-b56f-2ac7d59315c3,Debra L. DeSimone,person,,ocd-person/7ef7472f-0bda-4708-9239-76adeca1e87e,ocd-bill/42e3fe71-426b-4928-8e91-e309edd462ec,False,cosponsor
264a7fb5-9e87-464e-ae45-2b560778c477,Tony Piemonte,person,,ocd-person/45e7b6d4-c265-40a9-ba77-47a7a454ed71,ocd-bill/11a9e127-dcfe-4ee0-a7c7-864fad350982,False,cosponsor
a4f0ecd4-e091-454e-a185-000f145af3c4,Chris True,person,,ocd-person/9debae73-c678-420c-a515-c7381e304d1c,ocd-bill/11a9e127-dcfe-4ee0-a7c7-864fad350982,True,primary
14c17771-05ba-4eca-937d-94dacd9fb3d8,Matthew B. Wilhelm,person,,ocd-person/61d2e8f3-f2b9-4357-81af-fe982ee1821f,ocd-bill/45dc9ae7-71a6-46ba-9c2c-32978139c6a8,False,cosponsor
7b99c0d9-6f22-4141-8183-c22c30cf9070,Wendy E.N. Thomas,person,,ocd-person/2375b05c-cf9a-4f1b-a4b0-194fac6d86bf,ocd-bill/45dc9ae7-71a6-46ba-9c2c-32978139c6a8,False,cosponsor
865f60dc-d86b-4297-8ea9-408c357ed953,Elaine H. French,person,,ocd-person/c7a629ed-523e-4f6e-884f-fbb9dbb2a406,ocd-bill/45dc9ae7-71a6-46ba-9c2c-32978139c6a8,False,cosponsor
68436db2-5a69-480a-ae8b-b9ea94299435,Craig R. Thompson,person,,ocd-person/5295b45f-d39a-4375-9aff-3b5b1603fa2d,ocd-bill/45dc9ae7-71a6-46ba-9c2c-32978139c6a8,True,primary
360bbe7b-97c3-4639-8ae4-1b64aac168f3,Lee Walker Oxenham,person,,ocd-person/f3fb87b7-7fb5-432a-9fb2-bd15170f1275,ocd-bill/45dc9ae7-71a6-46ba-9c2c-32978139c6a8,False,cosponsor
d657b1c3-de28-41ec-bbc7-8849281659b6,Tony Lekas,person,,ocd-person/97ccf8c1-af1c-4a3c-b267-683d0446b790,ocd-bill/7659e091-2eb2-4c9d-ac8d-f44d01937860,False,cosponsor
0241d2b8-059e-40c9-9447-431db7ea30d9,Alicia D. Lekas,person,,ocd-person/50bcd6fc-7d60-4595-811c-213e18faf326,ocd-bill/7659e091-2eb2-4c9d-ac8d-f44d01937860,False,cosponsor
53137dfc-c376-42c3-97f9-2925a4dbde83,Peter E. Torosian,person,,ocd-person/45e36880-19af-4f3f-89d4-624946625e7f,ocd-bill/7659e091-2eb2-4c9d-ac8d-f44d01937860,False,cosponsor
e02cbda6-b247-42db-96d7-9175f6544d90,Jess C. Edwards,person,,ocd-person/3787c84d-f615-4e9d-bac8-42f86ea308db,ocd-bill/7659e091-2eb2-4c9d-ac8d-f44d01937860,False,cosponsor
44011a2f-7f98-4a36-8e02-69d551722f4a,Kevin Verville,person,,ocd-person/9d10ccec-b571-4eea-b025-9ed7634b6516,ocd-bill/7659e091-2eb2-4c9d-ac8d-f44d01937860,False,cosponsor
9c736337-71a1-41e6-8850-9f09ff46b196,Andrew J. Prout,person,,ocd-person/da5fb901-d16d-430f-b5cb-7ab556f8d4ee,ocd-bill/7659e091-2eb2-4c9d-ac8d-f44d01937860,True,primary
5bb32c3f-4038-4c63-96d6-0a478a7fe695,Abigail G. Rooney,person,,ocd-person/787cf45f-8d30-4198-b596-f0718db94fbc,ocd-bill/a91b31c5-c298-419e-9bae-9b6f1592e820,True,primary
acd91e08-a3b2-4cea-b503-499ef19cf0be,Walter A. Stapleton,person,,ocd-person/74efcb71-c62c-4388-b9ad-69f779b0c33e,ocd-bill/a91b31c5-c298-419e-9bae-9b6f1592e820,False,cosponsor
4b21bd4b-2b0a-4855-a37d-9a5693171790,Regina Birdsell,person,,ocd-person/461c9024-c8c3-44a5-91d6-015a6587db5f,ocd-bill/a91b31c5-c298-419e-9bae-9b6f1592e820,False,cosponsor
8340ec8c-2c09-460a-b73a-a07269e59384,Katherine J. Prudhomme-O'Brien,person,,,ocd-bill/a91b31c5-c298-419e-9bae-9b6f1592e820,False,cosponsor
526e4613-94d8-412b-bed4-3fc164e76433,Kimberly A. Rice,person,,ocd-person/85b7ca6d-3fd7-4e97-bfe0-effe223121f7,ocd-bill/a91b31c5-c298-419e-9bae-9b6f1592e820,False,cosponsor
07e00305-6daa-4369-b59d-d3ab853d2f29,Linda R. Gould,person,,ocd-person/40ae4adb-2124-47ca-82b5-9eee794af4a2,ocd-bill/a91b31c5-c298-419e-9bae-9b6f1592e820,False,cosponsor
27d31b20-0334-476e-a75c-2a89f6526e76,Alicia D. Lekas,person,,ocd-person/50bcd6fc-7d60-4595-811c-213e18faf326,ocd-bill/032b2574-332a-4c13-9361-a4fe6c2c10cf,False,cosponsor
3bbd1918-8fe9-440c-8b52-8bc1fb1dc73e,James A. Spillane,person,,ocd-person/2520dc46-648c-44d0-ba1f-fe09b17a9d8b,ocd-bill/032b2574-332a-4c13-9361-a4fe6c2c10cf,False,cosponsor
c91675e0-61b0-48d9-adb1-5f71c92bdf02,Glenn Cordelli,person,,ocd-person/c8aa2951-dea0-4999-9b6a-6323d9917e0b,ocd-bill/032b2574-332a-4c13-9361-a4fe6c2c10cf,True,primary
15337e6c-ccad-40ad-8276-4ce9543eb8d8,Joseph A. Pitre,person,,ocd-person/5ce55936-fd73-4b3c-ba16-70e13734a3c8,ocd-bill/032b2574-332a-4c13-9361-a4fe6c2c10cf,False,cosponsor
6586740d-0174-4255-af23-4c99413d94c2,Harold F. French,person,,ocd-person/ff11da65-174b-4fdc-b33c-e5d6d56602f0,ocd-bill/5d1457dd-7a3c-4d68-b828-3a6a05025273,True,primary
d0eab711-8e74-4601-b996-fde9c0c51c52,Regina Birdsell,person,,ocd-person/461c9024-c8c3-44a5-91d6-015a6587db5f,ocd-bill/5d1457dd-7a3c-4d68-b828-3a6a05025273,False,cosponsor
cc7b2e98-3a0e-4b4e-8a3c-a4785508307d,Patrick F. Abrami,person,,ocd-person/0327f85d-1b5a-4218-a97f-f393a965d64b,ocd-bill/5d1457dd-7a3c-4d68-b828-3a6a05025273,False,cosponsor
fccf64ea-ece6-4621-b6ce-9b811a6da105,David J Starr,person,,ocd-person/b19ae598-8107-4959-b150-586deb9c9852,ocd-bill/46ba4f56-7e89-45e8-a0ce-4aefc5210747,False,cosponsor
b2f57e62-b5b4-48df-812f-8521b967afe7,Ruth Ward,person,,ocd-person/9089a509-1f26-4770-adc6-199ed716e692,ocd-bill/46ba4f56-7e89-45e8-a0ce-4aefc5210747,False,cosponsor
34ff3d4d-188d-4362-99e7-a618d89b55dd,James P. Gray,person,,ocd-person/e6443187-eb51-42eb-8bd7-349ed0ba9641,ocd-bill/46ba4f56-7e89-45e8-a0ce-4aefc5210747,False,cosponsor
0fb24691-1bc1-4782-ad77-c6f79ba34122,Erin T. Hennessey,person,,ocd-person/91d16c36-2236-4bef-8009-004bd036c22a,ocd-bill/46ba4f56-7e89-45e8-a0ce-4aefc5210747,False,cosponsor
0ca9c1a6-3e96-4a16-8e57-9e7f9c958f53,Jeb Bradley,person,,ocd-person/3f5455e8-256e-4442-9c13-bc14f62ce76f,ocd-bill/46ba4f56-7e89-45e8-a0ce-4aefc5210747,True,primary
f746a79a-2881-45c0-9a6e-f14e78a52210,Melanie Levesque,person,,ocd-person/282926cd-63f0-4ac4-ad16-5e96eb1c4e0b,ocd-bill/09b003a5-f1e5-4299-a304-17b30dddcf95,False,cosponsor
7f66dc4a-5405-4ab5-911c-43c65b4e9ddf,David J Starr,person,,ocd-person/b19ae598-8107-4959-b150-586deb9c9852,ocd-bill/09b003a5-f1e5-4299-a304-17b30dddcf95,True,primary
38772290-9d7e-4502-9b91-6a4c14aa7912,Jeb Bradley,person,,ocd-person/3f5455e8-256e-4442-9c13-bc14f62ce76f,ocd-bill/09b003a5-f1e5-4299-a304-17b30dddcf95,False,cosponsor
01d8056e-1bd4-40d0-b7ab-796da8d13092,Jon Morgan,person,,ocd-person/f169c82a-7120-4d67-85d4-d5ff21cd44ef,ocd-bill/1470ad90-adad-420a-bd32-95b1afb2c650,True,primary
f8b8e377-bb52-4c6e-bedd-0815e5d11d94,Mark Vallone,person,,ocd-person/208012dd-f741-412c-9727-d7e8aa0fe8b0,ocd-bill/1470ad90-adad-420a-bd32-95b1afb2c650,False,cosponsor
86127d9f-4af3-4af4-a974-342662877a47,Jeb Bradley,person,,ocd-person/3f5455e8-256e-4442-9c13-bc14f62ce76f,ocd-bill/1470ad90-adad-420a-bd32-95b1afb2c650,False,cosponsor
f1f66576-463b-41eb-a56e-663df26a1c87,Stephen C. Pearson,person,,ocd-person/2a085551-6f62-4320-a1eb-bc9a177b9a6d,ocd-bill/b2dae9df-cc5e-4760-b3a8-57293a7150ec,False,cosponsor
e1ce69df-4085-414f-a2f2-2170ad9429e1,Mark A. Pearson,person,,,ocd-bill/b2dae9df-cc5e-4760-b3a8-57293a7150ec,False,cosponsor
347f3829-7c6c-4509-9775-4a3dc99d79d3,Ellen D. Read,person,,ocd-person/77304532-17fb-4b2c-aed6-213a435e4a46,ocd-bill/b2dae9df-cc5e-4760-b3a8-57293a7150ec,False,cosponsor
cc099f07-4d88-41ac-a02b-229a5f3e2cef,James A. Spillane,person,,ocd-person/2520dc46-648c-44d0-ba1f-fe09b17a9d8b,ocd-bill/b2dae9df-cc5e-4760-b3a8-57293a7150ec,True,primary
fb603998-5e3f-4071-8339-38c5f5c72e3d,Steven D. Smith,person,,ocd-person/129a2970-07b9-4136-aae1-15c689edca40,ocd-bill/b2dae9df-cc5e-4760-b3a8-57293a7150ec,False,cosponsor
12c86a4b-d501-4e2c-96fa-18557b89817e,Jeanine M. Notter,person,,ocd-person/84f79859-fef0-441d-80bb-5edeafc70e78,ocd-bill/b2dae9df-cc5e-4760-b3a8-57293a7150ec,False,cosponsor
006ac420-4a6f-40aa-9bf0-41014a6637da,Al P. Baldasaro,person,,ocd-person/3807f9c1-b590-4496-8a1e-b0ff84ba592d,ocd-bill/b2dae9df-cc5e-4760-b3a8-57293a7150ec,False,cosponsor
678cb6a9-97dd-432d-a945-35b90df2c7dc,John Reagan,person,,ocd-person/f516d40a-3676-4437-8285-a931d7c2885b,ocd-bill/b2dae9df-cc5e-4760-b3a8-57293a7150ec,False,cosponsor
cc7ee272-613e-4559-9fb9-2a6ede9c44e8,Cam E. Kenney,person,,ocd-person/9f35ea7b-b937-4b06-8be5-5cfbc83381e1,ocd-bill/c8bc12a0-1b05-4b41-981c-a1d66c045bb2,False,cosponsor
472b0f51-e200-4279-9450-a92c6ac540f8,Ryan T. Buchanan,person,,ocd-person/42b0e59a-b71a-46ce-b761-72bc99239941,ocd-bill/c8bc12a0-1b05-4b41-981c-a1d66c045bb2,False,cosponsor
b40f0c98-8157-49f2-a07c-46c198711456,Joyce Weston,person,,ocd-person/2dbea6d6-0221-41de-98bf-508b14eb085d,ocd-bill/c8bc12a0-1b05-4b41-981c-a1d66c045bb2,False,cosponsor
008df332-d34f-48fa-bed2-854bd5e973b4,Ellen D. Read,person,,ocd-person/77304532-17fb-4b2c-aed6-213a435e4a46,ocd-bill/c8bc12a0-1b05-4b41-981c-a1d66c045bb2,True,primary
e8bf0a15-e655-405b-8e65-facd66b3300b,Martha Fuller Clark,person,,ocd-person/823e56cb-5c51-4a09-b060-93cdb7f7ac25,ocd-bill/c8bc12a0-1b05-4b41-981c-a1d66c045bb2,False,cosponsor
5acba559-eb73-43e0-84d2-c351872cb90e,Martha S. Hennessey,person,,ocd-person/f2700034-7f3d-4834-bb66-b848a7ca748a,ocd-bill/553116ef-321d-40f0-9dda-d3af13a941f8,False,cosponsor
2ade9562-767c-461c-a67a-c75da65f6c7b,Katherine D. Rogers,person,,ocd-person/f9421528-ffb6-46f3-82bc-70b0329db823,ocd-bill/553116ef-321d-40f0-9dda-d3af13a941f8,False,cosponsor
f2aabeb6-872f-44fc-a52a-d9fd1f101e98,David H Watters,person,,ocd-person/cf24defe-6df3-49f3-88ca-c6774b144f19,ocd-bill/553116ef-321d-40f0-9dda-d3af13a941f8,True,primary
e0867609-c348-4cfa-bed7-c89790287c05,Martha Fuller Clark,person,,ocd-person/823e56cb-5c51-4a09-b060-93cdb7f7ac25,ocd-bill/553116ef-321d-40f0-9dda-d3af13a941f8,False,cosponsor
665d9f14-441a-4550-ae86-c9e58f9c7e27,Jon Morgan,person,,ocd-person/f169c82a-7120-4d67-85d4-d5ff21cd44ef,ocd-bill/e131c453-23e6-4ef6-9d07-20374bc99a94,False,cosponsor
44a935cf-5afa-44ce-99a7-7f5e00ffa63c,Gary L. Woods,person,,ocd-person/5d98b66b-f4d1-4776-953f-67dc348fdd12,ocd-bill/e131c453-23e6-4ef6-9d07-20374bc99a94,False,cosponsor
cf4cd4a7-4494-492d-8d17-b9f32826b6ec,Tom Sherman,person,,ocd-person/ee95d0de-e55e-4733-ba97-0fde66adf65c,ocd-bill/e131c453-23e6-4ef6-9d07-20374bc99a94,True,primary
43417341-accb-47f1-848a-732491ccf6eb,Kevin Cavanaugh,person,,ocd-person/7fb2bb33-cbdb-4dfd-9369-64f19f179777,ocd-bill/e131c453-23e6-4ef6-9d07-20374bc99a94,False,cosponsor
3fc389a3-4b17-4783-bef6-cec054cccbf4,Mark A. Pearson,person,,,ocd-bill/e131c453-23e6-4ef6-9d07-20374bc99a94,False,cosponsor
627ab55a-0cb1-49e6-9c15-3bcb7c9939d3,Bob J. Giuda,person,,ocd-person/7739a4d0-534e-4bdb-b7fb-6a8f348e833e,ocd-bill/e131c453-23e6-4ef6-9d07-20374bc99a94,False,cosponsor
71549150-cf6a-4080-add7-2083a28b51a4,William M. Marsh,person,,ocd-person/22006937-f2ca-4a2e-b92a-457777933dc7,ocd-bill/e131c453-23e6-4ef6-9d07-20374bc99a94,False,cosponsor
e955edda-625f-4863-ac54-e55a5bdb4ee5,Reed A. Panasiti,person,,ocd-person/7a82814e-ffd2-4af0-b9b7-01d52a0492b0,ocd-bill/e131c453-23e6-4ef6-9d07-20374bc99a94,False,cosponsor
2523c979-c4b8-4471-b78b-f19a825887de,Jeffrey P. Goley,person,,ocd-person/903e02f2-e17d-41f4-bd94-f91557c0e1fd,ocd-bill/e131c453-23e6-4ef6-9d07-20374bc99a94,False,cosponsor
01766dcf-6e61-4ef2-8c72-f2b6be00f6a7,Martha Fuller Clark,person,,ocd-person/823e56cb-5c51-4a09-b060-93cdb7f7ac25,ocd-bill/e131c453-23e6-4ef6-9d07-20374bc99a94,False,cosponsor
5e1847fa-d62d-430d-8476-c6462cf6bad2,Lou D'Allesandro,person,,ocd-person/87c48788-817d-408b-a1e1-ebe1c9fd893d,ocd-bill/e131c453-23e6-4ef6-9d07-20374bc99a94,False,cosponsor
2f03988c-c8be-4c37-95d3-d2424aaf669b,Ryan T. Buchanan,person,,ocd-person/42b0e59a-b71a-46ce-b761-72bc99239941,ocd-bill/ac0c40ad-b307-4cfd-b419-a9dc4a7c1a05,False,cosponsor
99b17cd8-2b2a-48e8-a98f-db3a23afc0ab,Kristina M. Schultz,person,,ocd-person/8698b473-ea4e-4126-8766-a2b5b5878702,ocd-bill/ac0c40ad-b307-4cfd-b419-a9dc4a7c1a05,True,primary
809afa92-8ab8-48f5-ae53-66f9d6b1cfb6,Joelle Martin,person,,ocd-person/ed48590f-6af4-4e9f-99d6-16227870b44f,ocd-bill/ac0c40ad-b307-4cfd-b419-a9dc4a7c1a05,False,cosponsor
f3ea293a-de13-42bd-888d-61d33483d0e9,Christy D. Bartlett,person,,ocd-person/59afcf2a-d688-4495-a53d-b10faeffd222,ocd-bill/ac0c40ad-b307-4cfd-b419-a9dc4a7c1a05,False,cosponsor
a42c4fa1-c0a5-4225-8752-d158d564b37d,Dianne E. Schuett,person,,ocd-person/62ff0476-f4e6-411f-a58e-2e7963cde2ab,ocd-bill/ac0c40ad-b307-4cfd-b419-a9dc4a7c1a05,False,cosponsor
c475d6d0-fc55-4437-a9fb-67b3bf4f98a9,Jon Morgan,person,,ocd-person/f169c82a-7120-4d67-85d4-d5ff21cd44ef,ocd-bill/07089f3e-6150-4285-8434-850f6173cc84,False,cosponsor
48839be3-4b53-4bd3-8624-4ba2de43cbaf,Harold F. French,person,,ocd-person/ff11da65-174b-4fdc-b33c-e5d6d56602f0,ocd-bill/07089f3e-6150-4285-8434-850f6173cc84,True,primary
38489fa6-a25b-4f27-a8c4-067d418522d5,Bob J. Giuda,person,,ocd-person/7739a4d0-534e-4bdb-b7fb-6a8f348e833e,ocd-bill/07089f3e-6150-4285-8434-850f6173cc84,False,cosponsor
d7ad6320-9964-44ab-ba3f-3e99e5a59aa0,Regina Birdsell,person,,ocd-person/461c9024-c8c3-44a5-91d6-015a6587db5f,ocd-bill/07089f3e-6150-4285-8434-850f6173cc84,False,cosponsor
92630ca2-03ce-4bfa-b8f0-3ebe93cbab43,Al P. Baldasaro,person,,ocd-person/3807f9c1-b590-4496-8a1e-b0ff84ba592d,ocd-bill/07089f3e-6150-4285-8434-850f6173cc84,False,cosponsor
a8131deb-0974-434b-a301-a3998936b6b8,John Reagan,person,,ocd-person/f516d40a-3676-4437-8285-a931d7c2885b,ocd-bill/07089f3e-6150-4285-8434-850f6173cc84,False,cosponsor
7a78d7be-97a5-4ff4-814b-3ebcf06ad64d,Jeb Bradley,person,,ocd-person/3f5455e8-256e-4442-9c13-bc14f62ce76f,ocd-bill/07089f3e-6150-4285-8434-850f6173cc84,False,cosponsor
00bbe1b3-5709-402f-9d54-7bcb5a0e408a,Chuck Morse,person,,ocd-person/72b8f708-a22d-477d-9c55-e5d14b8308a6,ocd-bill/07089f3e-6150-4285-8434-850f6173cc84,False,cosponsor
d22719a7-ff1d-49f6-9200-2bacff858501,Harrison Kanzler,person,,ocd-person/c241cc6e-4081-404c-97f4-94378469a794,ocd-bill/c483f044-c11f-4e0b-a9b5-66a2cbe2602e,True,primary
bfe89261-e7f7-42c0-8eb1-26aa18b9afda,Anita D. Burroughs,person,,ocd-person/a028512b-5d61-4d23-9e28-dec7038577d6,ocd-bill/c483f044-c11f-4e0b-a9b5-66a2cbe2602e,False,cosponsor
25c59e03-81b2-40fc-b04f-87008a1c807f,Edward A. Butler,person,,ocd-person/fd79da58-6089-4580-bef2-ad03fc7e6bde,ocd-bill/c483f044-c11f-4e0b-a9b5-66a2cbe2602e,False,cosponsor
ded4cf91-a64d-46eb-9028-38febef81ac1,David Meuse,person,,ocd-person/4b449f0f-2024-4e18-bbbd-7f0bbcfa8cac,ocd-bill/713de1e9-1afa-4ede-91e0-1858d606075b,False,cosponsor
5bf30320-b1f6-433d-99f1-379dac51e9c4,Gary L. Woods,person,,ocd-person/5d98b66b-f4d1-4776-953f-67dc348fdd12,ocd-bill/713de1e9-1afa-4ede-91e0-1858d606075b,False,cosponsor
ca582a0d-ff35-4bab-91ce-072df4a08015,Peter Petrigno,person,,ocd-person/1bf3d6c4-3325-4571-b2f7-6a28422dada6,ocd-bill/713de1e9-1afa-4ede-91e0-1858d606075b,False,cosponsor
5b915a87-6397-477e-8a97-79d42428e8e3,Francesca G. Diggs,person,,ocd-person/89f38f54-22ef-4ad2-b59e-c864da52f3ea,ocd-bill/713de1e9-1afa-4ede-91e0-1858d606075b,False,cosponsor
306eee27-a5be-4ef5-8c1e-78dfc82d3bf0,Jeffrey C. Salloway,person,,ocd-person/ff3c9490-e187-451d-b600-ca895bfaf0b0,ocd-bill/713de1e9-1afa-4ede-91e0-1858d606075b,False,cosponsor
e591ebd7-fc38-446f-98fa-345c28754cc2,Jess C. Edwards,person,,ocd-person/3787c84d-f615-4e9d-bac8-42f86ea308db,ocd-bill/713de1e9-1afa-4ede-91e0-1858d606075b,False,cosponsor
11f9532b-09d2-4eb5-ba79-69a5b832f780,David J. Danielson,person,,ocd-person/62c43933-5aea-4a05-9ac8-f26c688b2367,ocd-bill/3c3a2f11-349a-4fc4-a515-5ffb863c6d2a,False,cosponsor
c9251734-92dc-434d-88d6-eb1020f8ac74,Robert A. Backus,person,,ocd-person/957f04df-63d1-4b88-b876-436a9cd17248,ocd-bill/3c3a2f11-349a-4fc4-a515-5ffb863c6d2a,True,primary
adc272f9-9ad2-412b-bc31-8aad5accc522,Suzanne J. Smith,person,,ocd-person/6a75f502-50fd-47e7-8160-1fce1205550e,ocd-bill/3c3a2f11-349a-4fc4-a515-5ffb863c6d2a,False,cosponsor
d181c2d9-3375-489a-9577-5c39147d39fe,Robert Renny Cushing,person,,ocd-person/cdb3279c-243a-4ca0-8e83-fcb10a975736,ocd-bill/3c3a2f11-349a-4fc4-a515-5ffb863c6d2a,False,cosponsor
f6c7a19f-8c32-4921-b840-876a33759241,David H Watters,person,,ocd-person/cf24defe-6df3-49f3-88ca-c6774b144f19,ocd-bill/3c3a2f11-349a-4fc4-a515-5ffb863c6d2a,False,cosponsor
91027792-d651-48b8-9da9-ab2b07aab24a,Martha Fuller Clark,person,,ocd-person/823e56cb-5c51-4a09-b060-93cdb7f7ac25,ocd-bill/3c3a2f11-349a-4fc4-a515-5ffb863c6d2a,False,cosponsor
b07d2ec3-656c-479f-9e9d-e3b156927f1f,Cassandra N. Levesque,person,,ocd-person/711423e3-ff28-4150-8a89-ec568a4f2c5d,ocd-bill/9f47a73e-38e0-4969-93f1-9288f4395e3f,False,cosponsor
206a9a1d-7acf-4640-9e0d-1b7cf9682d12,Shannon E Chandley,person,,,ocd-bill/9f47a73e-38e0-4969-93f1-9288f4395e3f,False,cosponsor
33cfc3da-f07e-4b02-b966-6b73d3f358bf,Wendy Chase,person,,ocd-person/c24da601-15f1-482c-a234-f8443056c77a,ocd-bill/9f47a73e-38e0-4969-93f1-9288f4395e3f,False,cosponsor
8b35cc96-1491-4e66-9824-189bbcbd9ace,David R. Coursin,person,,ocd-person/f0fdb4f2-386d-4455-a1ee-2ac9f4eb970c,ocd-bill/9f47a73e-38e0-4969-93f1-9288f4395e3f,False,cosponsor
91223423-4d84-4201-8348-62197667b3fc,Wendy E.N. Thomas,person,,ocd-person/2375b05c-cf9a-4f1b-a4b0-194fac6d86bf,ocd-bill/9f47a73e-38e0-4969-93f1-9288f4395e3f,True,primary
5ceef10f-074e-49e7-ad9d-ae7d017c2bc0,Catt Sandler,person,,ocd-person/dc7e8ec1-a4f5-4085-b939-46f039f95495,ocd-bill/9f47a73e-38e0-4969-93f1-9288f4395e3f,False,cosponsor
c2c74fe5-71ee-4423-85bc-23609135b43a,Cecilia Rich,person,,ocd-person/74d2aaac-97e3-41bc-af8d-3b9bcbbdc317,ocd-bill/0afcb34f-0914-474d-8814-266dd3d595e8,False,cosponsor
ef819aa7-936c-4e8a-9532-159807007f7f,Patricia J. Bushway,person,,ocd-person/a10abdb8-c143-498c-8b8a-1e6836699d7b,ocd-bill/0afcb34f-0914-474d-8814-266dd3d595e8,False,cosponsor
8219c200-abe8-4e16-b8ba-f8a31df7a3e9,Anita D. Burroughs,person,,ocd-person/a028512b-5d61-4d23-9e28-dec7038577d6,ocd-bill/0afcb34f-0914-474d-8814-266dd3d595e8,True,primary
acb961e5-2cbf-40a5-96be-c158085a3083,Kristina M. Schultz,person,,ocd-person/8698b473-ea4e-4126-8766-a2b5b5878702,ocd-bill/0afcb34f-0914-474d-8814-266dd3d595e8,False,cosponsor
dde2e68a-331d-45e9-811d-ee4898e27a81,Ellen D. Read,person,,ocd-person/77304532-17fb-4b2c-aed6-213a435e4a46,ocd-bill/0afcb34f-0914-474d-8814-266dd3d595e8,False,cosponsor
8024389d-e68e-4616-a2dd-ae8a8e628f9a,Michael D. Abbott,person,,ocd-person/5aae4f7b-a7b5-467d-8b16-c566da38f624,ocd-bill/0afcb34f-0914-474d-8814-266dd3d595e8,False,cosponsor
20b7feb0-f65f-4bdc-8c53-4595257a00b2,David H Watters,person,,ocd-person/cf24defe-6df3-49f3-88ca-c6774b144f19,ocd-bill/0afcb34f-0914-474d-8814-266dd3d595e8,False,cosponsor
3ed634f1-c376-4826-b789-4e3b6e6d502f,Judy F. Aron,person,,ocd-person/533fb85c-c4f0-41f3-9bc6-8b1c422a9693,ocd-bill/6982c0b9-744d-4ed6-b446-b036ed6fc7e2,False,cosponsor
79471e0a-3a0d-4a62-af22-d7564a7974da,Tony Piemonte,person,,ocd-person/45e7b6d4-c265-40a9-ba77-47a7a454ed71,ocd-bill/6982c0b9-744d-4ed6-b446-b036ed6fc7e2,False,cosponsor
7241655d-e07b-4ed3-9757-cb11519ccd10,Tony Lekas,person,,ocd-person/97ccf8c1-af1c-4a3c-b267-683d0446b790,ocd-bill/6982c0b9-744d-4ed6-b446-b036ed6fc7e2,False,cosponsor
927e4ea8-7f98-47a2-9488-ddd8aef33876,Alicia D. Lekas,person,,ocd-person/50bcd6fc-7d60-4595-811c-213e18faf326,ocd-bill/6982c0b9-744d-4ed6-b446-b036ed6fc7e2,False,cosponsor
13620a7c-9200-4b60-9071-d0de265f6c53,Bob J. Greene,person,,ocd-person/c51b7c0a-47d7-4567-900e-dccb42942ca6,ocd-bill/6982c0b9-744d-4ed6-b446-b036ed6fc7e2,False,cosponsor
cd3df356-4a19-4619-b728-192995eabfee,Chris True,person,,ocd-person/9debae73-c678-420c-a515-c7381e304d1c,ocd-bill/6982c0b9-744d-4ed6-b446-b036ed6fc7e2,True,primary
ec6e575f-3680-4e40-908f-1313f6aee948,William A. Pearson,person,,ocd-person/7781641c-b716-4a21-ba1a-f29f6c928f2e,ocd-bill/c52c7104-533e-4085-abcf-f9dc861d6cfd,True,primary
4e3a493e-8fe6-4d7f-8169-ca7c27bcffde,Casey M. Conley,person,,ocd-person/3290a4d4-7403-45f8-adc4-4e26e0fefa09,ocd-bill/2aa1d95a-f908-4f71-8da8-fc9ca238832a,False,cosponsor
6a32b935-6ccd-448d-a0f9-a7ae7fc0139f,Patricia S. Klee,person,,ocd-person/3a5791f9-bea1-4fa8-86bb-f54d2efaa86e,ocd-bill/2aa1d95a-f908-4f71-8da8-fc9ca238832a,False,cosponsor
da72ea61-090b-4a2d-b368-f2124c6807ea,Suzanne M. Vail,person,,ocd-person/ce985799-268d-4190-b078-955fc63a8c3c,ocd-bill/2aa1d95a-f908-4f71-8da8-fc9ca238832a,True,primary
57e3eaee-9dc1-47e0-9723-061b755f57c0,Timothy O. Horrigan,person,,ocd-person/2a11a559-c16e-4211-82ea-215951d74c1f,ocd-bill/2aa1d95a-f908-4f71-8da8-fc9ca238832a,False,cosponsor
d9455675-8c4a-4ef9-ba08-80720646f090,Jack B. Flanagan,person,,ocd-person/6f569d92-87e9-4172-b4f0-e2e78aff07a6,ocd-bill/0863be2a-012a-4ce6-8bc7-a3e73aa3d112,True,primary
2ca12af2-fb6a-4d87-ac1e-219057538f46,Charlie G. St. Clair,person,,ocd-person/643751f4-6db0-4021-bf76-b8f2483d640d,ocd-bill/aef18b46-1a06-4dd1-ae18-3f2535f1adab,False,cosponsor
469e443e-69e6-488b-ae17-fe7c33c28034,Harold F. French,person,,ocd-person/ff11da65-174b-4fdc-b33c-e5d6d56602f0,ocd-bill/aef18b46-1a06-4dd1-ae18-3f2535f1adab,True,primary
09972d0d-a50a-409c-b342-8a8881402975,Martha S. Hennessey,person,,ocd-person/f2700034-7f3d-4834-bb66-b848a7ca748a,ocd-bill/aef18b46-1a06-4dd1-ae18-3f2535f1adab,False,cosponsor
2c449613-8b6a-4b92-b686-795b22490922,Howard C. Pearl,person,,ocd-person/c4122c6a-ed23-492e-b813-59a0fed1ec86,ocd-bill/aef18b46-1a06-4dd1-ae18-3f2535f1adab,False,cosponsor
51caaadb-85f9-4099-8d51-667ff28691f3,John Reagan,person,,ocd-person/f516d40a-3676-4437-8285-a931d7c2885b,ocd-bill/aef18b46-1a06-4dd1-ae18-3f2535f1adab,False,cosponsor
22b5ed22-5fcc-4ccc-bb5d-8687c7d466c0,Bob J. Greene,person,,ocd-person/c51b7c0a-47d7-4567-900e-dccb42942ca6,ocd-bill/fd813889-89d7-4ea0-98c7-6445eb94da8b,False,cosponsor
fa4a216e-0d6c-4d05-8783-151d82fe6f3a,Kevin Cavanaugh,person,,ocd-person/7fb2bb33-cbdb-4dfd-9369-64f19f179777,ocd-bill/fd813889-89d7-4ea0-98c7-6445eb94da8b,False,cosponsor
ba2ca75b-f04f-4c76-8f75-d642139aa0d8,James P. Gray,person,,ocd-person/e6443187-eb51-42eb-8bd7-349ed0ba9641,ocd-bill/fd813889-89d7-4ea0-98c7-6445eb94da8b,False,cosponsor
09f39830-42d8-4a67-bcf5-103c5cec7396,Kimberly A. Rice,person,,ocd-person/85b7ca6d-3fd7-4e97-bfe0-effe223121f7,ocd-bill/fd813889-89d7-4ea0-98c7-6445eb94da8b,False,cosponsor
da3177ed-bffc-49af-98af-7d4a5bc04354,Andrew Renzullo,person,,ocd-person/b8aa741e-30b1-4d45-8f6a-7241f0d0eed2,ocd-bill/fd813889-89d7-4ea0-98c7-6445eb94da8b,False,cosponsor
4b780fdc-ad5a-4896-a068-118da63a3a21,Sharon M Carson,person,,ocd-person/00964fc0-dd57-44c3-87bf-b6d5bbc34560,ocd-bill/fd813889-89d7-4ea0-98c7-6445eb94da8b,True,primary
acc458b3-00f2-4ac7-9252-db8d1642066f,Sandra B. Keans,person,,ocd-person/0f7e49e8-f9da-49b1-b20a-24236d6c3997,ocd-bill/8d70de57-61a8-4648-9820-fa72189ae7f8,False,cosponsor
fa0bef83-97b8-4a63-a29d-76c4f3dbcf98,Mark Warden,person,,ocd-person/01358592-fa6d-49bf-a933-ea2f223572d7,ocd-bill/8d70de57-61a8-4648-9820-fa72189ae7f8,True,primary
f8a2230c-2c48-4fa5-aa74-5221a2991899,Kate R. Murray,person,,ocd-person/79bb2147-ea4b-4706-8b38-ee2309613ea0,ocd-bill/a8ffa0a2-668b-49a9-8173-8e07ecedb4e9,False,cosponsor
011bef77-6f81-411c-9c8e-ddd741c0ea3a,Patricia S. Klee,person,,ocd-person/3a5791f9-bea1-4fa8-86bb-f54d2efaa86e,ocd-bill/a8ffa0a2-668b-49a9-8173-8e07ecedb4e9,False,cosponsor
c3360833-4705-4c3d-a6c6-eaf11212e246,Allison R. Nutting-Wong,person,,ocd-person/4c979ca8-85c0-4124-ac2d-c44f3bcb95ff,ocd-bill/a8ffa0a2-668b-49a9-8173-8e07ecedb4e9,False,cosponsor
6a1d0872-19a6-4222-89ab-d3b89689be6d,Katherine D. Rogers,person,,ocd-person/f9421528-ffb6-46f3-82bc-70b0329db823,ocd-bill/a8ffa0a2-668b-49a9-8173-8e07ecedb4e9,True,primary
5bbf75d3-5466-4d56-9672-137d82fffbda,Gary L. Woods,person,,ocd-person/5d98b66b-f4d1-4776-953f-67dc348fdd12,ocd-bill/ee23a2b0-c3f9-4e18-9258-f46c53319dea,False,cosponsor
609cd425-9ab8-422b-87e8-74b9379af5bd,James P. Gray,person,,ocd-person/e6443187-eb51-42eb-8bd7-349ed0ba9641,ocd-bill/ee23a2b0-c3f9-4e18-9258-f46c53319dea,False,cosponsor
b4a405e6-b1fd-4870-b3dc-4e3c4d0ad808,Jerry L. Knirk,person,,ocd-person/ce0bd184-d264-46d8-87fc-f2590e2a1ed1,ocd-bill/ee23a2b0-c3f9-4e18-9258-f46c53319dea,False,cosponsor
e5e05efd-18b0-4c66-aa3d-3d97b1d2a83c,Karen E. Ebel,person,,ocd-person/947e2e2b-04eb-4f92-9f83-aef8760517e0,ocd-bill/ee23a2b0-c3f9-4e18-9258-f46c53319dea,False,cosponsor
faae6cf1-bd81-4d1d-ae0a-6df45d8c85d3,James R. MacKay,person,,ocd-person/c027d650-709d-440f-8740-84b3e11406ba,ocd-bill/ee23a2b0-c3f9-4e18-9258-f46c53319dea,False,cosponsor
1d5d0b92-6142-4ab8-9159-bd27280fbd2e,John Reagan,person,,ocd-person/f516d40a-3676-4437-8285-a931d7c2885b,ocd-bill/ee23a2b0-c3f9-4e18-9258-f46c53319dea,False,cosponsor
4a9da8c2-9148-4ce2-8697-d83a70c4ae0c,Martha Fuller Clark,person,,ocd-person/823e56cb-5c51-4a09-b060-93cdb7f7ac25,ocd-bill/ee23a2b0-c3f9-4e18-9258-f46c53319dea,True,primary
d23b4d2e-8b0d-4ea4-9c67-2ba81c66d4a5,Regina Birdsell,person,,ocd-person/461c9024-c8c3-44a5-91d6-015a6587db5f,ocd-bill/75d09720-6cba-412a-af92-fac900d223ce,True,primary
1b2d47ba-4199-4a62-86df-54d95aa3ccae,David H Watters,person,,ocd-person/cf24defe-6df3-49f3-88ca-c6774b144f19,ocd-bill/75d09720-6cba-412a-af92-fac900d223ce,False,cosponsor
f378a642-e9ee-4ad0-82cd-0b29c6ece0f4,Jon Morgan,person,,ocd-person/f169c82a-7120-4d67-85d4-d5ff21cd44ef,ocd-bill/7447025e-d856-4b51-90d6-0002d4bbe018,True,primary
61d20cd5-0a5b-4023-97ec-4827c20b9080,Cindy Rosenwald,person,,ocd-person/f3e949ce-6d98-4826-bbca-08039cea4ea4,ocd-bill/7447025e-d856-4b51-90d6-0002d4bbe018,False,cosponsor
634fd3ba-2404-4f36-badb-61e59ec76e9d,Martha Fuller Clark,person,,ocd-person/823e56cb-5c51-4a09-b060-93cdb7f7ac25,ocd-bill/7447025e-d856-4b51-90d6-0002d4bbe018,False,cosponsor
1c14f940-4c2f-462d-8aac-f691f7fb7cb6,Michael A. Edgar,person,,ocd-person/0f78413a-b328-4856-ab48-21a5d4d614c0,ocd-bill/bd39ed91-0e56-4409-9be5-d3cd082c7848,False,cosponsor
7ff81098-333f-4d95-b5ac-a614c7d6be9c,Robert Renny Cushing,person,,ocd-person/cdb3279c-243a-4ca0-8e83-fcb10a975736,ocd-bill/bd39ed91-0e56-4409-9be5-d3cd082c7848,False,cosponsor
6651f1ba-fb64-45fc-bad0-a77d4007da5c,Martha Fuller Clark,person,,ocd-person/823e56cb-5c51-4a09-b060-93cdb7f7ac25,ocd-bill/bd39ed91-0e56-4409-9be5-d3cd082c7848,True,primary
8d1bbc05-8c46-49e3-9224-a70d0fffc249,Cam E. Kenney,person,,ocd-person/9f35ea7b-b937-4b06-8be5-5cfbc83381e1,ocd-bill/908482bf-70c2-4e0f-9220-91002ebcbc9e,False,cosponsor
81e98670-462e-448c-989f-2b655a8cd609,Ryan T. Buchanan,person,,ocd-person/42b0e59a-b71a-46ce-b761-72bc99239941,ocd-bill/908482bf-70c2-4e0f-9220-91002ebcbc9e,False,cosponsor
fbb76836-8de5-4b93-a058-6e334bc47569,Kathryn Stack,person,,ocd-person/ca4638d0-559a-4364-8de0-88f23d35d5a0,ocd-bill/908482bf-70c2-4e0f-9220-91002ebcbc9e,False,cosponsor
d86aa5e1-3a08-43e2-b18b-4d14ead48011,Debra Altschiller,person,,ocd-person/925608b2-8d23-4186-85f6-4c50f334374d,ocd-bill/908482bf-70c2-4e0f-9220-91002ebcbc9e,False,cosponsor
7ea7b2a4-d721-4022-b706-b7a8de9d4f4a,Ellen D. Read,person,,ocd-person/77304532-17fb-4b2c-aed6-213a435e4a46,ocd-bill/908482bf-70c2-4e0f-9220-91002ebcbc9e,True,primary
c4cf83a9-8b81-463d-aa2f-182560cc81a4,Mary A. Eisner,person,,ocd-person/a9ac3600-6a7f-4d8c-ba5f-a20b3dfba0e6,ocd-bill/908482bf-70c2-4e0f-9220-91002ebcbc9e,False,cosponsor
2ff96837-f22b-4898-a36a-4b1e460b1e18,Martha Fuller Clark,person,,ocd-person/823e56cb-5c51-4a09-b060-93cdb7f7ac25,ocd-bill/908482bf-70c2-4e0f-9220-91002ebcbc9e,False,cosponsor
3dcbc8fe-89bc-41ae-8668-4525c5670ab2,Kevin G. Maes,person,,ocd-person/e056df72-1c0e-4c3e-b91b-6c5742f912bc,ocd-bill/ed61a071-4930-4444-8d35-73091c5e97d9,True,primary
c22315cf-320e-4bd6-b21c-87bdadf2390b,Cindy Rosenwald,person,,ocd-person/f3e949ce-6d98-4826-bbca-08039cea4ea4,ocd-bill/1930c132-1b20-45bb-b975-8d8402b38d36,False,cosponsor
04265f63-e2d2-410e-9f2f-3dd78991c4c2,Tom Sherman,person,,ocd-person/ee95d0de-e55e-4733-ba97-0fde66adf65c,ocd-bill/1930c132-1b20-45bb-b975-8d8402b38d36,False,cosponsor
47473d0c-9a51-4e7d-a78a-fb875981788d,Martha S. Hennessey,person,,ocd-person/f2700034-7f3d-4834-bb66-b848a7ca748a,ocd-bill/1930c132-1b20-45bb-b975-8d8402b38d36,False,cosponsor
4572d63c-9f9c-46e5-9bc6-cb9e70b9777e,Polly Kent Campion,person,,ocd-person/8af71573-9095-434b-9fc7-6b244e40b3bb,ocd-bill/1930c132-1b20-45bb-b975-8d8402b38d36,False,cosponsor
5c1fa1b2-a359-435c-84a4-9912363e2cad,William M. Marsh,person,,ocd-person/22006937-f2ca-4a2e-b92a-457777933dc7,ocd-bill/1930c132-1b20-45bb-b975-8d8402b38d36,False,cosponsor
ee9dbc8c-55ec-48b2-a971-5a7b701f7372,Skip Berrien,person,,ocd-person/c955f3c4-4732-42c2-8615-bc103ee8e0d8,ocd-bill/1930c132-1b20-45bb-b975-8d8402b38d36,False,cosponsor
9d6139ce-6441-443a-8514-51c98c869863,David H Watters,person,,ocd-person/cf24defe-6df3-49f3-88ca-c6774b144f19,ocd-bill/1930c132-1b20-45bb-b975-8d8402b38d36,True,primary
e8c487da-a2f5-43cc-91c7-6c8d47189971,Bob J. Giuda,person,,ocd-person/7739a4d0-534e-4bdb-b7fb-6a8f348e833e,ocd-bill/6f15f480-bd6f-4597-a9cc-b126ae53d440,True,primary
d80624b6-cc36-4c4e-904d-ad525a84e96f,Harold F. French,person,,ocd-person/ff11da65-174b-4fdc-b33c-e5d6d56602f0,ocd-bill/cad71db9-d3b4-4ff1-8419-3b20466aa6f8,True,primary
9b097908-9c25-4f31-bde9-eefb7f213ae1,Ruth Ward,person,,ocd-person/9089a509-1f26-4770-adc6-199ed716e692,ocd-bill/cad71db9-d3b4-4ff1-8419-3b20466aa6f8,False,cosponsor
b1cc4a89-7476-4fcc-90c6-e392de4d5db8,Bob J. Giuda,person,,ocd-person/7739a4d0-534e-4bdb-b7fb-6a8f348e833e,ocd-bill/cad71db9-d3b4-4ff1-8419-3b20466aa6f8,False,cosponsor
6e6fb590-5399-4054-90f1-3f34111b8c9e,Howard C. Pearl,person,,ocd-person/c4122c6a-ed23-492e-b813-59a0fed1ec86,ocd-bill/cad71db9-d3b4-4ff1-8419-3b20466aa6f8,False,cosponsor
002eb420-f9fc-4fce-b988-9a52c1d54312,Glen C. Aldrich,person,,ocd-person/620d9d69-c8fb-47ad-ad25-1c1ef75c39dd,ocd-bill/cad71db9-d3b4-4ff1-8419-3b20466aa6f8,False,cosponsor
ed456b7e-8ffe-4369-8db2-f6b5e2fc015c,John Reagan,person,,ocd-person/f516d40a-3676-4437-8285-a931d7c2885b,ocd-bill/cad71db9-d3b4-4ff1-8419-3b20466aa6f8,False,cosponsor
3edec837-debf-496d-8a41-ec9d1ba82f4e,Kevin Cavanaugh,person,,ocd-person/7fb2bb33-cbdb-4dfd-9369-64f19f179777,ocd-bill/d97f349f-396e-4d94-b4b8-33478e7c740f,True,primary
a7ea65a9-e4a9-47b9-9785-c82b4016cfb2,Kevin Cavanaugh,person,,ocd-person/7fb2bb33-cbdb-4dfd-9369-64f19f179777,ocd-bill/dbb542bb-90d1-4534-b68b-7d5928c3e492,True,primary
b021c7d6-d953-4037-9810-ceceeaf3f1c8,Dan Feltes,person,,ocd-person/e97501d7-4bef-403f-8d48-9fcecc980cf5,ocd-bill/f665e732-bafd-4899-9fa6-dfe781b3c8e8,True,primary
84af7b1a-adb1-4d15-9e5b-c472ced18cef,Jeanine M. Notter,person,,ocd-person/84f79859-fef0-441d-80bb-5edeafc70e78,ocd-bill/43118c7f-a949-4754-af5f-6ac44505d037,True,primary
b796d2a7-93be-46c8-a736-7662c557ff5f,Michael D. Harrington,person,,ocd-person/21e95dbc-c226-4f4a-9fa2-8f5b374d0a98,ocd-bill/d870b87a-e1a0-4c6c-a3c9-2a98135c0391,True,primary
1d3fbab3-0d36-40ed-bd62-43b1b7e5d722,Larry G. Gagne,person,,ocd-person/26d443c0-53fe-480b-bf4c-7b7a28a109e9,ocd-bill/016c67df-080b-4966-9eb4-d0386fcac6d4,True,primary
acc40eb9-b55f-4437-8125-451b670ae37a,Latha D. Mangipudi,person,,ocd-person/4f71f9e1-ce78-46d3-9665-00dd404a0f1b,ocd-bill/17703855-e798-45a3-9ed2-6e3e0af8167e,True,primary
b1980477-324a-49c5-a26d-5e9a944e8908,Linda A. Massimilla,person,,ocd-person/c018f667-a248-4b79-b8be-63740191e1ff,ocd-bill/17703855-e798-45a3-9ed2-6e3e0af8167e,False,cosponsor
c5d0c8d4-1774-4086-bd8a-173178554994,Robert Renny Cushing,person,,ocd-person/cdb3279c-243a-4ca0-8e83-fcb10a975736,ocd-bill/17703855-e798-45a3-9ed2-6e3e0af8167e,False,cosponsor
3b14cc94-0146-494d-a350-6ee71d50b221,Megan A. Murray,person,,ocd-person/f1902aac-3930-478d-9e89-60cef8bcae0b,ocd-bill/40e4171f-a502-4bf3-8698-90d4eb95d9fb,False,cosponsor
b935d6cf-fd46-4628-b023-0e053a220f2d,Jay Kahn,person,,ocd-person/998e681b-6df1-4b4a-92db-7a2187cedcd8,ocd-bill/40e4171f-a502-4bf3-8698-90d4eb95d9fb,False,cosponsor
f4f99508-4f0d-47dc-b95d-d82cde36ed54,Dan H. Wolf,person,,ocd-person/d24c83af-3362-4925-9c05-a6b776d3314c,ocd-bill/40e4171f-a502-4bf3-8698-90d4eb95d9fb,False,cosponsor
ed3a7f36-1e6c-440d-8e6e-48fee71e9821,Regina Birdsell,person,,ocd-person/461c9024-c8c3-44a5-91d6-015a6587db5f,ocd-bill/40e4171f-a502-4bf3-8698-90d4eb95d9fb,False,cosponsor
0afbae21-6217-4cde-9364-bbca31625b7d,Karen E. Ebel,person,,ocd-person/947e2e2b-04eb-4f92-9f83-aef8760517e0,ocd-bill/40e4171f-a502-4bf3-8698-90d4eb95d9fb,False,cosponsor
e2faf98f-7a51-4682-b03d-a5741e924e36,John T. O'Connor,person,,ocd-person/60882336-f4d2-45e4-b194-d2b99cae7610,ocd-bill/40e4171f-a502-4bf3-8698-90d4eb95d9fb,False,cosponsor
84af4de5-277d-4383-b8f6-7059cce9c93e,David H Watters,person,,ocd-person/cf24defe-6df3-49f3-88ca-c6774b144f19,ocd-bill/40e4171f-a502-4bf3-8698-90d4eb95d9fb,True,primary
643466fe-0a29-4d46-868e-3fb3c794854c,Martha Fuller Clark,person,,ocd-person/823e56cb-5c51-4a09-b060-93cdb7f7ac25,ocd-bill/40e4171f-a502-4bf3-8698-90d4eb95d9fb,False,cosponsor
6c1fb4e1-64ca-4c78-a98f-1fad3f85d748,Jess C. Edwards,person,,ocd-person/3787c84d-f615-4e9d-bac8-42f86ea308db,ocd-bill/1a887ce7-dbf4-496a-9711-868d71782f78,True,primary
96a22e3b-2a93-4e81-a86b-4ae2837eaa6d,Skip J. Cleaver,person,,ocd-person/6edff50b-8390-4046-a376-214136ea64d9,ocd-bill/d5f64738-4868-4fd7-8a07-9293865526b4,True,primary
a17e3713-c9e8-4095-945c-22e7727cf2f3,Mark R. King,person,,ocd-person/5b030cec-8315-49f4-901d-85fdb7423781,ocd-bill/d5f64738-4868-4fd7-8a07-9293865526b4,False,cosponsor
4f66af2f-5e7f-429b-b8ce-7d6db3b68d36,William L. Fowler,person,,ocd-person/20bf5a41-2a66-4d24-bc34-aef873b488cb,ocd-bill/edd9d31f-e7be-4d86-b0a4-5be8931018f3,False,cosponsor
2147dcf6-de24-4235-a2b9-fecf77cb18da,Bob J. Giuda,person,,ocd-person/7739a4d0-534e-4bdb-b7fb-6a8f348e833e,ocd-bill/edd9d31f-e7be-4d86-b0a4-5be8931018f3,False,cosponsor
e8b4f379-f56e-4363-a650-60225c66d574,Werner D. Horn,person,,ocd-person/ab3fb5b5-85fb-441d-8b4f-09d52722175b,ocd-bill/edd9d31f-e7be-4d86-b0a4-5be8931018f3,True,primary
7eb708e1-963d-4794-9b4e-44ecdefddbc5,Harold F. French,person,,ocd-person/ff11da65-174b-4fdc-b33c-e5d6d56602f0,ocd-bill/ea642ccb-20b2-4385-80b8-7307c70004e5,True,primary
745d06a9-b432-47e3-8f00-b0908bdd8b8f,Bob J. Giuda,person,,ocd-person/7739a4d0-534e-4bdb-b7fb-6a8f348e833e,ocd-bill/ea642ccb-20b2-4385-80b8-7307c70004e5,False,cosponsor
4aa5867c-ac02-4e5b-aaac-c01e5aea4bd6,John R. Plumer,person,,ocd-person/867ccf71-9ca1-47cf-9c4f-0c5f715c412e,ocd-bill/ea642ccb-20b2-4385-80b8-7307c70004e5,False,cosponsor
86574089-132d-4ab4-8f0f-5ddd0d1d0361,Gregory G. Hill,person,,ocd-person/852df922-484b-412f-a604-c2d67efee5ec,ocd-bill/ea642ccb-20b2-4385-80b8-7307c70004e5,False,cosponsor
919e59b6-5b04-4eb8-93ce-ce982b46ec6f,John Reagan,person,,ocd-person/f516d40a-3676-4437-8285-a931d7c2885b,ocd-bill/ea642ccb-20b2-4385-80b8-7307c70004e5,False,cosponsor
96eaa0b8-e357-4352-b6cc-68a7c4bbb4c1,Jeb Bradley,person,,ocd-person/3f5455e8-256e-4442-9c13-bc14f62ce76f,ocd-bill/ea642ccb-20b2-4385-80b8-7307c70004e5,False,cosponsor
f306dd62-d834-4177-a7ca-b88376eeb1a5,Sharon M Carson,person,,ocd-person/00964fc0-dd57-44c3-87bf-b6d5bbc34560,ocd-bill/ea642ccb-20b2-4385-80b8-7307c70004e5,False,cosponsor
433d8a3d-aa0d-4179-b897-b705e2ab7ef0,Dave Testerman,person,,ocd-person/a9da1843-ceb9-40c6-9846-a3c3d5319ccd,ocd-bill/189dac8f-39db-49b5-99f9-590e68fe6941,True,primary
feb050e6-208d-42e2-8944-daf9ba0fad13,Cindy Rosenwald,person,,ocd-person/f3e949ce-6d98-4826-bbca-08039cea4ea4,ocd-bill/7bdc2f4a-c2d7-4f04-92d4-41892e994932,False,cosponsor
9c434e70-0ae5-4dea-879c-7c685309ede6,Melanie Levesque,person,,ocd-person/282926cd-63f0-4ac4-ad16-5e96eb1c4e0b,ocd-bill/7bdc2f4a-c2d7-4f04-92d4-41892e994932,False,cosponsor
b379faa7-4a3b-486c-83f2-811362a88658,Shannon E Chandley,person,,,ocd-bill/7bdc2f4a-c2d7-4f04-92d4-41892e994932,True,primary
e24ad04b-2e36-4815-9083-ad91f593558c,Michelle St. John,person,,ocd-person/88437b11-b120-486d-83ac-60d88a97785f,ocd-bill/7bdc2f4a-c2d7-4f04-92d4-41892e994932,False,cosponsor
1b1b9b0d-e100-442e-83a8-a1a3de270340,Megan A. Murray,person,,ocd-person/f1902aac-3930-478d-9e89-60cef8bcae0b,ocd-bill/7bdc2f4a-c2d7-4f04-92d4-41892e994932,False,cosponsor
379bcf75-5323-4329-8b8d-faca3822b098,Kat McGhee,person,,ocd-person/4c8bec8a-e86d-4316-8b2e-2f8c4157cae5,ocd-bill/7bdc2f4a-c2d7-4f04-92d4-41892e994932,False,cosponsor
29afb687-1a1a-47a9-8bad-562a32023003,Mark A. Pearson,person,,,ocd-bill/1a5f65e9-700c-4007-a108-4c793b3da551,False,cosponsor
15916a8c-b77d-4b9d-9513-f96b7239af5b,Bob J. Giuda,person,,ocd-person/7739a4d0-534e-4bdb-b7fb-6a8f348e833e,ocd-bill/1a5f65e9-700c-4007-a108-4c793b3da551,False,cosponsor
396abc2e-df5d-4053-9d1d-c4bc24217955,Jeffrey C. Salloway,person,,ocd-person/ff3c9490-e187-451d-b600-ca895bfaf0b0,ocd-bill/1a5f65e9-700c-4007-a108-4c793b3da551,False,cosponsor
718a1838-89da-42ef-8be1-8854d41b037a,Fred G. Doucette,person,,ocd-person/db4ec0a8-f70c-4510-ae01-c9050646a503,ocd-bill/1a5f65e9-700c-4007-a108-4c793b3da551,False,cosponsor
fdd75823-24aa-4664-9c78-42fb4797a309,Glenn Cordelli,person,,ocd-person/c8aa2951-dea0-4999-9b6a-6323d9917e0b,ocd-bill/1a5f65e9-700c-4007-a108-4c793b3da551,True,primary
39ee00b7-c473-49d4-a7d2-37fc0eea7cdd,Jeanine M. Notter,person,,ocd-person/84f79859-fef0-441d-80bb-5edeafc70e78,ocd-bill/1a5f65e9-700c-4007-a108-4c793b3da551,False,cosponsor
bd004069-b292-422e-a22c-5c57aff664ee,Al P. Baldasaro,person,,ocd-person/3807f9c1-b590-4496-8a1e-b0ff84ba592d,ocd-bill/1a5f65e9-700c-4007-a108-4c793b3da551,False,cosponsor
18da7632-8f12-4c43-a5b1-10fe0d0b32d9,Gary L. Woods,person,,ocd-person/5d98b66b-f4d1-4776-953f-67dc348fdd12,ocd-bill/e8749e54-d62e-4375-a4ec-11176baaa9cb,False,cosponsor
8daea383-c504-41ee-844c-cd9435d91322,Casey M. Conley,person,,ocd-person/3290a4d4-7403-45f8-adc4-4e26e0fefa09,ocd-bill/e8749e54-d62e-4375-a4ec-11176baaa9cb,False,cosponsor
d07cc4f0-3140-4570-a0d2-e577f4c8c9ad,Mark A. Pearson,person,,,ocd-bill/e8749e54-d62e-4375-a4ec-11176baaa9cb,True,primary
c9826b98-edef-4f51-b67f-b0247976f9d8,William M. Marsh,person,,ocd-person/22006937-f2ca-4a2e-b92a-457777933dc7,ocd-bill/e8749e54-d62e-4375-a4ec-11176baaa9cb,False,cosponsor
405fe1a6-6ef9-408e-b6fd-a02da79ca4c2,Regina Birdsell,person,,ocd-person/461c9024-c8c3-44a5-91d6-015a6587db5f,ocd-bill/e8749e54-d62e-4375-a4ec-11176baaa9cb,False,cosponsor
f29e4d6c-eff8-4416-8049-5513be3001ab,Glenn Cordelli,person,,ocd-person/c8aa2951-dea0-4999-9b6a-6323d9917e0b,ocd-bill/e8749e54-d62e-4375-a4ec-11176baaa9cb,False,cosponsor
959f668b-e18e-40ef-a96d-a56a6d563865,Marjorie A. Porter,person,,ocd-person/0999b615-be84-4309-b4ca-68261c1155ab,ocd-bill/e8749e54-d62e-4375-a4ec-11176baaa9cb,False,cosponsor
b24cda68-8db8-4eec-950b-6102ee2bbb0f,Larry G. Gagne,person,,ocd-person/26d443c0-53fe-480b-bf4c-7b7a28a109e9,ocd-bill/e8749e54-d62e-4375-a4ec-11176baaa9cb,False,cosponsor
ccde359d-3c60-4c1f-a597-0d09f71ecdfa,Robert Renny Cushing,person,,ocd-person/cdb3279c-243a-4ca0-8e83-fcb10a975736,ocd-bill/e8749e54-d62e-4375-a4ec-11176baaa9cb,False,cosponsor
658d25ec-5c0f-4711-8b81-25390cf49c14,Norman L. Major,person,,ocd-person/f210808d-53ac-4e23-ade2-7bdb60a8e559,ocd-bill/e8749e54-d62e-4375-a4ec-11176baaa9cb,False,cosponsor
a026dc21-acf1-4ea1-9a90-961e7fc80597,Jeb Bradley,person,,ocd-person/3f5455e8-256e-4442-9c13-bc14f62ce76f,ocd-bill/e8749e54-d62e-4375-a4ec-11176baaa9cb,False,cosponsor
67ea39d5-54db-4842-8dbc-b339acb21074,Lou D'Allesandro,person,,ocd-person/87c48788-817d-408b-a1e1-ebe1c9fd893d,ocd-bill/e8749e54-d62e-4375-a4ec-11176baaa9cb,False,cosponsor
bcbe46a2-70f5-4c93-8e3c-a980feddfa54,David J Starr,person,,ocd-person/b19ae598-8107-4959-b150-586deb9c9852,ocd-bill/69e549ac-a078-4dc9-a84f-f211b5424ce6,False,cosponsor
77903b67-b0eb-431e-b3df-ca6e6a1d1a5f,Ruth Ward,person,,ocd-person/9089a509-1f26-4770-adc6-199ed716e692,ocd-bill/69e549ac-a078-4dc9-a84f-f211b5424ce6,False,cosponsor
204c1a11-2a80-4069-978c-847ab81177d5,James P. Gray,person,,ocd-person/e6443187-eb51-42eb-8bd7-349ed0ba9641,ocd-bill/69e549ac-a078-4dc9-a84f-f211b5424ce6,False,cosponsor
04614d8c-0f18-45cf-b05a-f6e4ee84eba0,Thomas L. Buco,person,,ocd-person/22809c1b-0676-4ad9-8d0e-8a0a9d19063a,ocd-bill/69e549ac-a078-4dc9-a84f-f211b5424ce6,False,cosponsor
6ede61b3-9019-441c-844f-8b94ec437cf3,Robert Renny Cushing,person,,ocd-person/cdb3279c-243a-4ca0-8e83-fcb10a975736,ocd-bill/69e549ac-a078-4dc9-a84f-f211b5424ce6,False,cosponsor
f5e43677-a1f6-43d1-8963-239fff072cb3,Jeb Bradley,person,,ocd-person/3f5455e8-256e-4442-9c13-bc14f62ce76f,ocd-bill/69e549ac-a078-4dc9-a84f-f211b5424ce6,True,primary
51bba6fb-0a3f-4577-9c60-5e657d66e73c,Deanna E. Jurius,person,,ocd-person/59a4b4ce-cbf6-462e-a18f-582bb9af2c38,ocd-bill/b184f65f-126d-43f7-9506-3962ef206267,False,cosponsor
c68e895f-69df-4bd3-af2b-62390efe3cd0,Charlie G. St. Clair,person,,ocd-person/643751f4-6db0-4021-bf76-b8f2483d640d,ocd-bill/b184f65f-126d-43f7-9506-3962ef206267,False,cosponsor
c48fd197-9880-4c94-b94a-b17901b7d221,David O. Huot,person,,ocd-person/1ca469eb-22a1-4c1c-af43-a0a5456f3a4f,ocd-bill/b184f65f-126d-43f7-9506-3962ef206267,True,primary
b7bcc7b3-19b5-40db-86e3-8763b52fbc3e,Dennis H. Fields,person,,ocd-person/6858ee3a-07e9-4245-aa59-8859519cc67f,ocd-bill/b184f65f-126d-43f7-9506-3962ef206267,False,cosponsor
8ec84983-f5ce-4626-b416-3c3864230cd1,Jack B. Flanagan,person,,ocd-person/6f569d92-87e9-4172-b4f0-e2e78aff07a6,ocd-bill/14726614-935f-40ec-bb04-0e888627aa07,True,primary
9c531e45-370e-40d2-872b-872608479f68,Lee Walker Oxenham,person,,ocd-person/f3fb87b7-7fb5-432a-9fb2-bd15170f1275,ocd-bill/6bcead7e-2a56-4578-876d-02d23dd8683b,False,cosponsor
24578b03-838c-4ab1-b3fd-c7dec57c36f0,Latha D. Mangipudi,person,,ocd-person/4f71f9e1-ce78-46d3-9665-00dd404a0f1b,ocd-bill/6bcead7e-2a56-4578-876d-02d23dd8683b,True,primary
0ba4b01f-a550-40f7-942d-d24bcbf83ef1,Edith M. Tucker,person,,ocd-person/68bf2851-656a-44f1-9c2c-85ea55c7d9f9,ocd-bill/f5d0f47b-ae7e-4c58-af41-76b90f51625c,True,primary
ad7d83dd-6d6f-4887-a1a5-e0ec8447a8aa,Robert Renny Cushing,person,,ocd-person/cdb3279c-243a-4ca0-8e83-fcb10a975736,ocd-bill/f5d0f47b-ae7e-4c58-af41-76b90f51625c,False,cosponsor
77243f22-2baa-408f-94af-4ee854f0724c,Paul P. Dargie,person,,ocd-person/63f11bc0-1dbb-48c3-a2ec-635cf7f25a84,ocd-bill/2e6a81f3-ef9e-4ece-a746-37cf2f416ba9,False,cosponsor
0c487aa1-4cef-4985-b9ec-f49f4b2f1af0,Clyde J. Carson,person,,ocd-person/d6a04c67-8aa5-4f31-8d08-30d3579e9b2a,ocd-bill/2e6a81f3-ef9e-4ece-a746-37cf2f416ba9,True,primary
efcc54a9-71b7-4d96-9362-6d5fcb892423,David C. Love,person,,ocd-person/1c956ef6-b705-4e9d-af0c-f66d6f44591e,ocd-bill/8c6ea478-0fd7-4bb8-8f62-72fbb18783ea,True,primary
2c62751a-dfa7-42d1-bdf6-1d551e49005f,John M. Potucek,person,,ocd-person/433c67d6-bfdc-410e-87e2-463c93d55a17,ocd-bill/8c6ea478-0fd7-4bb8-8f62-72fbb18783ea,False,cosponsor
435c4f64-0da6-4bb8-8fb3-5c7cf844e8a0,Thomas C. Schamberg,person,,ocd-person/29eeecd3-79b7-489c-b1a5-ace913e619f2,ocd-bill/32275c34-d439-4fb4-90fc-d19cf37c49ea,True,primary
edadde29-4336-4566-8f0b-e7b99d6916ef,Glenn Cordelli,person,,ocd-person/c8aa2951-dea0-4999-9b6a-6323d9917e0b,ocd-bill/94189774-c30e-4556-8dab-7baf3b648788,False,cosponsor
8deefcb3-8e58-49f5-8983-ea427584f3ea,Patrick F. Abrami,person,,ocd-person/0327f85d-1b5a-4218-a97f-f393a965d64b,ocd-bill/94189774-c30e-4556-8dab-7baf3b648788,True,primary
da4883b4-eb13-46a7-82fc-7b539d2bd1ba,William A. Pearson,person,,ocd-person/7781641c-b716-4a21-ba1a-f29f6c928f2e,ocd-bill/b1e5847d-cc29-4fb9-bdb1-48145d6b955b,True,primary
32d7e57b-94f9-467d-b629-61cf50750bdc,Greg L. Indruk,person,,ocd-person/b5b2c27f-4abf-49d3-a002-11f9070a6de5,ocd-bill/96137bf0-4a9c-40f7-8f8b-89bcef57a8af,False,cosponsor
7e2ddaac-e3f0-4bbf-9aa8-06b04fd1b1dc,Gerri D. Cannon,person,,ocd-person/cd5b7056-d9eb-4fb1-93e3-6ba43408afa5,ocd-bill/607efd3e-b2ea-4e9d-a713-916306aad80f,False,cosponsor
f7cb1529-377c-45ff-a02a-e600a780b650,Chris Balch,person,,ocd-person/e9d39bb0-9ff6-4083-b8fd-1455609b3033,ocd-bill/607efd3e-b2ea-4e9d-a713-916306aad80f,True,primary
f9f00483-4de0-452e-9d48-573dc195b435,Jon Morgan,person,,ocd-person/f169c82a-7120-4d67-85d4-d5ff21cd44ef,ocd-bill/2d68587d-6ef2-4247-b55e-efea5ef05886,False,cosponsor
c725b7b3-38fb-4772-8656-a9ba8bccdaa4,Cindy Rosenwald,person,,ocd-person/f3e949ce-6d98-4826-bbca-08039cea4ea4,ocd-bill/2d68587d-6ef2-4247-b55e-efea5ef05886,False,cosponsor
8db98a9c-5023-4921-8e84-03b796911894,Melanie Levesque,person,,ocd-person/282926cd-63f0-4ac4-ad16-5e96eb1c4e0b,ocd-bill/2d68587d-6ef2-4247-b55e-efea5ef05886,False,cosponsor
6d978579-6492-4882-b9a2-474886129225,Shannon E Chandley,person,,,ocd-bill/2d68587d-6ef2-4247-b55e-efea5ef05886,False,cosponsor
30833b2b-2f82-4be7-b254-80281703c3fc,Tom Sherman,person,,ocd-person/ee95d0de-e55e-4733-ba97-0fde66adf65c,ocd-bill/2d68587d-6ef2-4247-b55e-efea5ef05886,False,cosponsor
6d73b622-4a8c-4ef5-b0f3-aa61e258df60,Ruth Ward,person,,ocd-person/9089a509-1f26-4770-adc6-199ed716e692,ocd-bill/2d68587d-6ef2-4247-b55e-efea5ef05886,False,cosponsor
b0b9e6f0-35cf-488e-b6d2-5aa5a98949c8,James P. Gray,person,,ocd-person/e6443187-eb51-42eb-8bd7-349ed0ba9641,ocd-bill/2d68587d-6ef2-4247-b55e-efea5ef05886,False,cosponsor
0507448d-68a1-466a-bc24-692634f71fcf,Bob J. Giuda,person,,ocd-person/7739a4d0-534e-4bdb-b7fb-6a8f348e833e,ocd-bill/2d68587d-6ef2-4247-b55e-efea5ef05886,False,cosponsor
13378889-3963-45cc-9306-bacbbd470276,Patricia S. Klee,person,,ocd-person/3a5791f9-bea1-4fa8-86bb-f54d2efaa86e,ocd-bill/2d68587d-6ef2-4247-b55e-efea5ef05886,False,cosponsor
70fead23-906b-48de-bd31-dde55c623e42,Regina Birdsell,person,,ocd-person/461c9024-c8c3-44a5-91d6-015a6587db5f,ocd-bill/2d68587d-6ef2-4247-b55e-efea5ef05886,False,cosponsor
0aa8d44b-30e6-4f2b-91da-6e1a17024594,Linda A. Massimilla,person,,ocd-person/c018f667-a248-4b79-b8be-63740191e1ff,ocd-bill/2d68587d-6ef2-4247-b55e-efea5ef05886,False,cosponsor
838e5590-50bb-40a3-8575-cd3296c9b457,David C. Lundgren,person,,ocd-person/4e9bb139-f952-4fda-bce1-f1bb16c585e3,ocd-bill/2d68587d-6ef2-4247-b55e-efea5ef05886,False,cosponsor
f0d34454-8df5-4045-a16e-0c57ab61547d,Richard W. Hinch,person,,ocd-person/b566af7c-b746-4b6d-bd34-17c66df7fc7c,ocd-bill/2d68587d-6ef2-4247-b55e-efea5ef05886,False,cosponsor
1077c403-4492-486e-b76a-fffbe1c0773d,Al P. Baldasaro,person,,ocd-person/3807f9c1-b590-4496-8a1e-b0ff84ba592d,ocd-bill/2d68587d-6ef2-4247-b55e-efea5ef05886,False,cosponsor
abadaf00-094a-45a7-8b5e-4a3e094aae2c,David H Watters,person,,ocd-person/cf24defe-6df3-49f3-88ca-c6774b144f19,ocd-bill/2d68587d-6ef2-4247-b55e-efea5ef05886,False,cosponsor
de23de9b-94ec-4cb9-9522-473a4212cb24,Jeb Bradley,person,,ocd-person/3f5455e8-256e-4442-9c13-bc14f62ce76f,ocd-bill/2d68587d-6ef2-4247-b55e-efea5ef05886,True,primary
29049e25-9dcf-46a6-ba1c-38f88f5a0cf9,Sharon M Carson,person,,ocd-person/00964fc0-dd57-44c3-87bf-b6d5bbc34560,ocd-bill/2d68587d-6ef2-4247-b55e-efea5ef05886,False,cosponsor
ebd3944d-dc92-4263-a4a6-09ccd5903e3b,Martha Fuller Clark,person,,ocd-person/823e56cb-5c51-4a09-b060-93cdb7f7ac25,ocd-bill/2d68587d-6ef2-4247-b55e-efea5ef05886,False,cosponsor
7370e1e3-9ae3-470d-83ed-566f9d43fda7,Chuck Morse,person,,ocd-person/72b8f708-a22d-477d-9c55-e5d14b8308a6,ocd-bill/2d68587d-6ef2-4247-b55e-efea5ef05886,False,cosponsor
275de9ff-3df8-4338-b70e-ea36ee9751e1,Lou D'Allesandro,person,,ocd-person/87c48788-817d-408b-a1e1-ebe1c9fd893d,ocd-bill/2d68587d-6ef2-4247-b55e-efea5ef05886,False,cosponsor
522e32c2-b9da-4a92-bcfa-a2e8fcd28227,Sue M. Mullen,person,,ocd-person/07c19313-fcb0-476b-b240-e299c55888f7,ocd-bill/fe807732-acb3-44e2-88b5-829905e2d1a2,False,cosponsor
311bbcc5-e0d8-4ab5-979e-35b0e34c9576,Jeanne Dietsch,person,,ocd-person/8e7e0c04-e019-4ffe-a281-18beee5d939f,ocd-bill/fe807732-acb3-44e2-88b5-829905e2d1a2,True,primary
b5195e43-1681-4ba4-86cf-3af8b51bade5,Jim V. Maggiore,person,,ocd-person/deb760cf-91f7-415c-949a-bab0c5311d6f,ocd-bill/fe807732-acb3-44e2-88b5-829905e2d1a2,False,cosponsor
acfc242c-024d-45d2-bb59-96f223b14ca6,Martha Fuller Clark,person,,ocd-person/823e56cb-5c51-4a09-b060-93cdb7f7ac25,ocd-bill/fe807732-acb3-44e2-88b5-829905e2d1a2,False,cosponsor
a23f176c-85cc-4d6f-b555-e5a95814cbff,Mark A. Pearson,person,,,ocd-bill/1feaa382-9a5a-42ad-a77b-6c0ad0b34c0c,False,cosponsor
9a6a4b68-d3ba-481c-9e9f-3d018b736aee,Dennis E. Green,person,,ocd-person/63606051-5698-4e90-8323-a1cab068bc24,ocd-bill/1feaa382-9a5a-42ad-a77b-6c0ad0b34c0c,False,cosponsor
a01cec4f-3278-4866-861f-baac432b4fd3,David A. Welch,person,,ocd-person/b8201b25-9bdd-45d3-819d-5bae4c670ad0,ocd-bill/1feaa382-9a5a-42ad-a77b-6c0ad0b34c0c,False,cosponsor
94bf498b-3a94-46fb-9bd2-af1e1f01a07b,Joseph A. Guthrie,person,,ocd-person/772f5157-b959-4aed-beaa-6bd67ab8fefe,ocd-bill/1feaa382-9a5a-42ad-a77b-6c0ad0b34c0c,False,cosponsor
d50b8ddf-2cfc-4890-b386-4f6c9f8a956b,Regina Birdsell,person,,ocd-person/461c9024-c8c3-44a5-91d6-015a6587db5f,ocd-bill/1feaa382-9a5a-42ad-a77b-6c0ad0b34c0c,False,cosponsor
4ba13164-40ce-4014-a888-b203b6087652,Kenneth L. Weyler,person,,ocd-person/e2f9dd7e-b221-4cf0-b7de-5daa70658669,ocd-bill/1feaa382-9a5a-42ad-a77b-6c0ad0b34c0c,True,primary
0855c5e4-98f3-480e-bd91-8fb986ed14de,John E. Mann,person,,ocd-person/a8024476-bf44-4932-b6eb-e1f6af0a2298,ocd-bill/a0d2830d-75bb-4049-b320-129532d66096,True,primary
91b3407b-f324-42ef-9921-f51ba11d90c1,Judy F. Aron,person,,ocd-person/533fb85c-c4f0-41f3-9bc6-8b1c422a9693,ocd-bill/b95acb90-2729-451b-84e8-24ee06b73364,False,cosponsor
bde20378-fb97-482c-9d0e-d1333468c0b2,Walter A. Stapleton,person,,ocd-person/74efcb71-c62c-4388-b9ad-69f779b0c33e,ocd-bill/b95acb90-2729-451b-84e8-24ee06b73364,False,cosponsor
bd745aaf-de7b-4627-ab86-103db78e6c6c,Skip A. Rollins,person,,ocd-person/31d4d765-be08-4393-8e9a-21444cf8b411,ocd-bill/b95acb90-2729-451b-84e8-24ee06b73364,False,cosponsor
ff07af0c-d65f-451f-ac30-c83cc4bbdc58,Steven D. Smith,person,,ocd-person/129a2970-07b9-4136-aae1-15c689edca40,ocd-bill/b95acb90-2729-451b-84e8-24ee06b73364,True,primary
4f36c232-9bba-4700-818b-d4b9ad1013d6,John R. Cloutier,person,,ocd-person/d3dab509-1268-4b4f-b363-98932002bf2e,ocd-bill/b95acb90-2729-451b-84e8-24ee06b73364,False,cosponsor
1b64ec8a-5cee-4127-816e-8653607c66bc,Cam E. Kenney,person,,ocd-person/9f35ea7b-b937-4b06-8be5-5cfbc83381e1,ocd-bill/ca11295a-ef11-4835-b6fa-d4eebb544ddf,False,cosponsor
c14e1933-7f72-4ef5-b380-f1b243b013c1,Kate R. Murray,person,,ocd-person/79bb2147-ea4b-4706-8b38-ee2309613ea0,ocd-bill/ca11295a-ef11-4835-b6fa-d4eebb544ddf,False,cosponsor
4ba0293e-978e-4537-8bec-a0b8919d0ae8,Katherine D. Rogers,person,,ocd-person/f9421528-ffb6-46f3-82bc-70b0329db823,ocd-bill/ca11295a-ef11-4835-b6fa-d4eebb544ddf,True,primary
79ee31af-ab97-4a14-a44b-687eb2a5784d,Joshua Adjutant,person,,ocd-person/89424628-1e61-44aa-9090-4dfdb3cddca8,ocd-bill/6f76342b-52c2-4e66-acd5-45dafa458783,True,primary
0dd0f9af-1628-414a-b519-c871c1ce015a,William L. Fowler,person,,ocd-person/20bf5a41-2a66-4d24-bc34-aef873b488cb,ocd-bill/6fce0766-5692-449a-ad31-e0b602984366,False,cosponsor
26761b64-499e-48b4-af77-273450cbdf6e,Josh S. Yokela,person,,ocd-person/c96f9d7a-b859-4b37-8fdd-4097b21d3f2c,ocd-bill/6fce0766-5692-449a-ad31-e0b602984366,False,cosponsor
fb23c50f-3ee8-471c-b99f-a30ed1fc6af5,Max Abramson,person,,ocd-person/a2248bc0-9253-48d8-9ee2-d9c0b6fbc800,ocd-bill/6fce0766-5692-449a-ad31-e0b602984366,True,primary
2efbb9f6-c5f8-4b8d-85b8-8be8a330789f,Michael D. Harrington,person,,ocd-person/21e95dbc-c226-4f4a-9fa2-8f5b374d0a98,ocd-bill/a42fca29-7a21-47d3-980a-9e772e19d6a6,True,primary
501c2972-c1cb-4270-8330-28b30aac5bff,Jay Kahn,person,,ocd-person/998e681b-6df1-4b4a-92db-7a2187cedcd8,ocd-bill/cc9bb0ed-09ae-4d76-a123-7c7d9177446d,True,primary
e6c9efbe-eb09-4e06-baf2-f5f65a0340dd,Jess C. Edwards,person,,ocd-person/3787c84d-f615-4e9d-bac8-42f86ea308db,ocd-bill/cc9bb0ed-09ae-4d76-a123-7c7d9177446d,False,cosponsor
57feadca-0a5b-4be1-addc-c06af93adc94,David R. Meader,person,,ocd-person/21d5b0b5-d752-46cc-bad9-a23b0b624264,ocd-bill/cc9bb0ed-09ae-4d76-a123-7c7d9177446d,False,cosponsor
152259f5-1a02-4d7d-b026-7dd3f3eb333e,James R. MacKay,person,,ocd-person/c027d650-709d-440f-8740-84b3e11406ba,ocd-bill/cc9bb0ed-09ae-4d76-a123-7c7d9177446d,False,cosponsor
b72f72af-84d2-4f12-9a72-81ccd96a2098,Jeb Bradley,person,,ocd-person/3f5455e8-256e-4442-9c13-bc14f62ce76f,ocd-bill/cc9bb0ed-09ae-4d76-a123-7c7d9177446d,False,cosponsor
1859849e-0c4c-423c-8530-c7efebfd40ba,Michael D. Harrington,person,,ocd-person/21e95dbc-c226-4f4a-9fa2-8f5b374d0a98,ocd-bill/f5a5ca89-f6b3-4cc8-b275-4fdd40ceece1,True,primary
2ee112e8-4a49-46d1-a4af-50e11396d540,Skip J. Cleaver,person,,ocd-person/6edff50b-8390-4046-a376-214136ea64d9,ocd-bill/1b32f6e8-fe6b-43f7-aecf-31555135876a,False,cosponsor
ead577f5-b41b-4762-a7f8-ca80e2402edd,Peter B. Schmidt,person,,ocd-person/16654889-3b48-44d6-a6d3-8da5d7a434f1,ocd-bill/1b32f6e8-fe6b-43f7-aecf-31555135876a,True,primary
8cf1ba91-78e7-4e0c-ba46-208c29bbac2f,Jon Morgan,person,,ocd-person/f169c82a-7120-4d67-85d4-d5ff21cd44ef,ocd-bill/6fb118c3-9f84-485c-b86a-adf1d436671d,False,cosponsor
88445f3d-bf08-4318-a8ba-e97e8f61df6c,Melanie Levesque,person,,ocd-person/282926cd-63f0-4ac4-ad16-5e96eb1c4e0b,ocd-bill/6fb118c3-9f84-485c-b86a-adf1d436671d,False,cosponsor
743195e6-a40f-4b4e-8e6e-7d2d130992e7,Shannon E Chandley,person,,,ocd-bill/6fb118c3-9f84-485c-b86a-adf1d436671d,False,cosponsor
2310822a-77ee-4ea1-afff-57d0b8048a49,Jeanne Dietsch,person,,ocd-person/8e7e0c04-e019-4ffe-a281-18beee5d939f,ocd-bill/6fb118c3-9f84-485c-b86a-adf1d436671d,False,cosponsor
9a6b23b9-6145-4a39-9d99-cff531384eb5,Tom Sherman,person,,ocd-person/ee95d0de-e55e-4733-ba97-0fde66adf65c,ocd-bill/6fb118c3-9f84-485c-b86a-adf1d436671d,False,cosponsor
e7ab0463-be93-4042-bef9-b7229634bdd4,Martha S. Hennessey,person,,ocd-person/f2700034-7f3d-4834-bb66-b848a7ca748a,ocd-bill/6fb118c3-9f84-485c-b86a-adf1d436671d,False,cosponsor
24c01e62-2477-4e5b-92a0-8a3cbb5fd104,Dan Feltes,person,,ocd-person/e97501d7-4bef-403f-8d48-9fcecc980cf5,ocd-bill/6fb118c3-9f84-485c-b86a-adf1d436671d,False,cosponsor
cdcec79e-858b-44b7-893b-93db1633a698,Peter W. Bixby,person,,ocd-person/2c42e95c-0192-4910-9fc6-8a43b58c6467,ocd-bill/6fb118c3-9f84-485c-b86a-adf1d436671d,False,cosponsor
1c5763ef-0eeb-4263-84ea-ac913ccd6305,Robert A. Backus,person,,ocd-person/957f04df-63d1-4b88-b876-436a9cd17248,ocd-bill/6fb118c3-9f84-485c-b86a-adf1d436671d,False,cosponsor
bddf5ac1-43b0-4ae1-aa92-69f1521ddf34,Judith T. Spang,person,,ocd-person/1c49114b-ec16-4617-8b35-f7ce02d6daa4,ocd-bill/6fb118c3-9f84-485c-b86a-adf1d436671d,False,cosponsor
8fc62306-8e22-4ef2-a094-807bdf62b626,David H Watters,person,,ocd-person/cf24defe-6df3-49f3-88ca-c6774b144f19,ocd-bill/6fb118c3-9f84-485c-b86a-adf1d436671d,True,primary
969c1077-fd83-4b02-9846-6a69347bf200,Jeb Bradley,person,,ocd-person/3f5455e8-256e-4442-9c13-bc14f62ce76f,ocd-bill/6fb118c3-9f84-485c-b86a-adf1d436671d,False,cosponsor
f94d41bb-046e-49c4-844f-7d8ec9436cb6,Martha Fuller Clark,person,,ocd-person/823e56cb-5c51-4a09-b060-93cdb7f7ac25,ocd-bill/6fb118c3-9f84-485c-b86a-adf1d436671d,False,cosponsor
e1fbe48e-5342-4744-b85d-f87fc36097fe,James P. Gray,person,,ocd-person/e6443187-eb51-42eb-8bd7-349ed0ba9641,ocd-bill/ebede996-d41c-4c50-945c-ad5126f81b13,True,primary
9faff561-370b-4874-a245-69ba2b951ec6,Peter B. Schmidt,person,,ocd-person/16654889-3b48-44d6-a6d3-8da5d7a434f1,ocd-bill/ebede996-d41c-4c50-945c-ad5126f81b13,False,cosponsor
aa963573-095f-4d5f-a1dd-df6df75bb503,Jon Morgan,person,,ocd-person/f169c82a-7120-4d67-85d4-d5ff21cd44ef,ocd-bill/bfece370-434d-4a92-b0e0-edf9378374c0,False,cosponsor
00c689e3-cf8a-4108-bd61-621342b7c072,Mary Beth Walz,person,,ocd-person/aee31921-5d02-4da9-8e3e-3137b4bb8bf4,ocd-bill/bfece370-434d-4a92-b0e0-edf9378374c0,False,cosponsor
068073f8-769c-49e5-a098-411a70ee0746,Robert Renny Cushing,person,,ocd-person/cdb3279c-243a-4ca0-8e83-fcb10a975736,ocd-bill/bfece370-434d-4a92-b0e0-edf9378374c0,False,cosponsor
9625d321-7995-4895-b271-e71984f12b8a,Sharon M Carson,person,,ocd-person/00964fc0-dd57-44c3-87bf-b6d5bbc34560,ocd-bill/bfece370-434d-4a92-b0e0-edf9378374c0,False,cosponsor
ebe252fa-effe-4f47-a5bd-5c3ec0748abd,Lou D'Allesandro,person,,ocd-person/87c48788-817d-408b-a1e1-ebe1c9fd893d,ocd-bill/bfece370-434d-4a92-b0e0-edf9378374c0,True,primary
eccfddfc-3259-4451-84a0-8ba81a7b34b2,Kathryn Stack,person,,ocd-person/ca4638d0-559a-4364-8de0-88f23d35d5a0,ocd-bill/958a9c91-ea05-4574-b807-ba359e2a409a,True,primary
60bcf442-fe9c-4110-9352-063b5bbc9861,Barbara E. Shaw,person,,ocd-person/9b77c06c-a6d3-40b9-b7b7-22e7a198a8ee,ocd-bill/c3d8388b-405e-4777-8287-2f2c74b9c6ca,True,primary
6311715e-6f70-47d3-bca3-a304fbedfb41,Jack B. Flanagan,person,,ocd-person/6f569d92-87e9-4172-b4f0-e2e78aff07a6,ocd-bill/815a674c-086c-4a8c-aff3-8b2352d9dcff,True,primary
531367d5-76ec-47e5-b605-7c94c82bd4da,Jon Morgan,person,,ocd-person/f169c82a-7120-4d67-85d4-d5ff21cd44ef,ocd-bill/9eeb2b8d-1e34-41d6-8180-14921c946392,False,cosponsor
45931a5c-4bb5-44ac-aafc-b5a5f9c6261e,Melanie Levesque,person,,ocd-person/282926cd-63f0-4ac4-ad16-5e96eb1c4e0b,ocd-bill/9eeb2b8d-1e34-41d6-8180-14921c946392,False,cosponsor
daf23704-2fa2-416c-8bf4-67d6cfd11a3a,Jeanne Dietsch,person,,ocd-person/8e7e0c04-e019-4ffe-a281-18beee5d939f,ocd-bill/9eeb2b8d-1e34-41d6-8180-14921c946392,True,primary
ef0d0127-ccd4-4e1e-bb0e-88ced0b01f53,Kermit R. Williams,person,,ocd-person/fa58238b-d845-4c1c-a331-8e175efcd6d3,ocd-bill/9eeb2b8d-1e34-41d6-8180-14921c946392,False,cosponsor
7fc5daec-4a3b-4c4d-9168-f9dc154e44be,Sharon M Carson,person,,ocd-person/00964fc0-dd57-44c3-87bf-b6d5bbc34560,ocd-bill/9eeb2b8d-1e34-41d6-8180-14921c946392,False,cosponsor
ce42da9f-0c66-4026-96e8-e28fe5c15d55,Sue M. Mullen,person,,ocd-person/07c19313-fcb0-476b-b240-e299c55888f7,ocd-bill/e559d5db-ba63-4ac9-b19f-07ccc6185e26,False,cosponsor
2976d76a-9ae1-4f06-b822-ad2a8645ff9b,Ellen D. Read,person,,ocd-person/77304532-17fb-4b2c-aed6-213a435e4a46,ocd-bill/e559d5db-ba63-4ac9-b19f-07ccc6185e26,False,cosponsor
cfe33c8d-377f-440a-940d-38a42ac329dd,Betty I. Gay,person,,ocd-person/c2486401-1c5f-4cfc-b4ef-bbae6b8c0489,ocd-bill/e559d5db-ba63-4ac9-b19f-07ccc6185e26,True,primary
176fe746-30bc-41c9-9c31-58533a8f685a,William M. Marsh,person,,ocd-person/22006937-f2ca-4a2e-b92a-457777933dc7,ocd-bill/e559d5db-ba63-4ac9-b19f-07ccc6185e26,False,cosponsor
e34877cc-71d9-48d8-a70f-fa18af881aec,John R. Plumer,person,,ocd-person/867ccf71-9ca1-47cf-9c4f-0c5f715c412e,ocd-bill/e559d5db-ba63-4ac9-b19f-07ccc6185e26,False,cosponsor
b3a91a8a-82fe-4631-8449-b4395f8bafb4,Tony Lekas,person,,ocd-person/97ccf8c1-af1c-4a3c-b267-683d0446b790,ocd-bill/ce1273e6-b40c-43cc-9e74-78d8e110ea05,True,primary
45473d31-b755-4896-931a-a4659d242912,Linda Rea Camarota,person,,ocd-person/d9a8cfe4-51bc-4af8-9419-4ceb57496028,ocd-bill/13b195c1-8b5f-4ab6-8840-dbcb34b83ad7,False,cosponsor
bb8778c0-bd0b-433e-ab9a-2bbc5afa0bea,Tom Sherman,person,,ocd-person/ee95d0de-e55e-4733-ba97-0fde66adf65c,ocd-bill/13b195c1-8b5f-4ab6-8840-dbcb34b83ad7,False,cosponsor
de65a7e5-8611-4e75-a75b-c9883a9123b1,Patrick F. Abrami,person,,ocd-person/0327f85d-1b5a-4218-a97f-f393a965d64b,ocd-bill/13b195c1-8b5f-4ab6-8840-dbcb34b83ad7,False,cosponsor
6ebf7e5a-1a81-41f4-a99e-1fcdf1a28b74,Gary S. Hopper,person,,ocd-person/eeb7038b-aad5-45cc-9abe-57fa0757c41b,ocd-bill/13b195c1-8b5f-4ab6-8840-dbcb34b83ad7,True,primary
48ca200b-2199-4512-8c78-8216d30f16e5,Cindy Rosenwald,person,,ocd-person/f3e949ce-6d98-4826-bbca-08039cea4ea4,ocd-bill/bf7df33a-3a11-4200-b692-563acdb646d0,False,cosponsor
6e3cc4fe-37ad-4393-a28e-7bab2a22a314,Tom Sherman,person,,ocd-person/ee95d0de-e55e-4733-ba97-0fde66adf65c,ocd-bill/bf7df33a-3a11-4200-b692-563acdb646d0,True,primary
62ebe6a4-31d7-4fa5-904d-e864c8e7f8c9,Kevin Cavanaugh,person,,ocd-person/7fb2bb33-cbdb-4dfd-9369-64f19f179777,ocd-bill/bf7df33a-3a11-4200-b692-563acdb646d0,False,cosponsor
e364bcc9-befd-4a7c-970d-8b773751d399,Jeffrey C. Salloway,person,,ocd-person/ff3c9490-e187-451d-b600-ca895bfaf0b0,ocd-bill/bf7df33a-3a11-4200-b692-563acdb646d0,False,cosponsor
9992e376-a4cc-4260-aa44-32f8ca6e4b8e,Robert Renny Cushing,person,,ocd-person/cdb3279c-243a-4ca0-8e83-fcb10a975736,ocd-bill/bf7df33a-3a11-4200-b692-563acdb646d0,False,cosponsor
91ff9ae5-7c74-4b33-8f31-7575a219b49b,Laura C. Pantelakos,person,,ocd-person/957b326c-6910-4328-afcb-533b975c2202,ocd-bill/bf7df33a-3a11-4200-b692-563acdb646d0,False,cosponsor
f21994d5-b2a8-4859-9405-e73a95b9aea1,Melanie Levesque,person,,ocd-person/282926cd-63f0-4ac4-ad16-5e96eb1c4e0b,ocd-bill/55ad526b-b8ba-4263-a87b-2c0a7553cf19,True,primary
1241e74d-58e9-41ab-a3e3-5dd3b4f1f440,Howard C. Pearl,person,,ocd-person/c4122c6a-ed23-492e-b813-59a0fed1ec86,ocd-bill/cb359aac-b7cb-4f25-bc2f-11da4eeb62cd,False,cosponsor
83411fb5-f91c-46ff-8e56-5b6e4adf0585,John R. Plumer,person,,ocd-person/867ccf71-9ca1-47cf-9c4f-0c5f715c412e,ocd-bill/cb359aac-b7cb-4f25-bc2f-11da4eeb62cd,False,cosponsor
5e21bc5d-ecc6-44a7-9093-fb7a5b0ae4e8,Timothy P. Lang,person,,ocd-person/85064309-421e-4611-a6c5-800234db68fb,ocd-bill/cb359aac-b7cb-4f25-bc2f-11da4eeb62cd,True,primary
b6166234-d173-4daa-8582-cd41f412a5bb,Reed A. Panasiti,person,,ocd-person/7a82814e-ffd2-4af0-b9b7-01d52a0492b0,ocd-bill/cb359aac-b7cb-4f25-bc2f-11da4eeb62cd,False,cosponsor
05e6012f-271c-4d41-bf4d-400062039f80,Regina Birdsell,person,,ocd-person/461c9024-c8c3-44a5-91d6-015a6587db5f,ocd-bill/c458a8c6-b1f1-4849-92f5-0c21725402f1,True,primary
ea5fb516-8d5f-4a50-b752-02655fb248ad,Kermit R. Williams,person,,ocd-person/fa58238b-d845-4c1c-a331-8e175efcd6d3,ocd-bill/ba7b87ed-94d3-4015-b17b-1368c4311be2,True,primary
be1aeff4-7f44-4616-97d8-7abbcc21ba6f,Michael D. Gunski,person,,ocd-person/f1e6daa4-c721-4e81-9bb5-fbbb36e3cc81,ocd-bill/26d1f381-4a76-44e1-a278-2aab14286dbd,False,cosponsor
d23ac657-3780-4385-b6d1-2e75505f9210,Rosemarie Rung,person,,ocd-person/1a5923c6-3e1f-4ebe-8739-17c9e9642403,ocd-bill/26d1f381-4a76-44e1-a278-2aab14286dbd,False,cosponsor
dc9ff707-01bb-4863-9bbe-27b2049bd486,Andrew Renzullo,person,,ocd-person/b8aa741e-30b1-4d45-8f6a-7241f0d0eed2,ocd-bill/26d1f381-4a76-44e1-a278-2aab14286dbd,True,primary
20a38b08-1020-4e9f-9273-d305a33e16d8,Henry A. L. Parkhurst,person,,ocd-person/965bd7c7-c030-449c-b64c-3ab3036ced22,ocd-bill/26d1f381-4a76-44e1-a278-2aab14286dbd,False,cosponsor
a2cc551d-e2e1-4785-aa5a-a41fc718b05b,Jason A. Janvrin,person,,ocd-person/5411c21d-e8ee-4300-a79b-1a688e01c481,ocd-bill/f14d99f5-5577-425f-b0c6-6a8048d21e0a,False,cosponsor
06ad1be4-63d8-48d8-9554-c896283f3ea4,David C. Love,person,,ocd-person/1c956ef6-b705-4e9d-af0c-f66d6f44591e,ocd-bill/f14d99f5-5577-425f-b0c6-6a8048d21e0a,False,cosponsor
9428c980-1ce4-43d0-a082-533a9ae145ae,Kevin Verville,person,,ocd-person/9d10ccec-b571-4eea-b025-9ed7634b6516,ocd-bill/f14d99f5-5577-425f-b0c6-6a8048d21e0a,False,cosponsor
2f9fb2ec-87bc-46ad-b9c4-3afe5e9f7046,Robert J. L'Heureux,person,,ocd-person/4e073ee0-c457-411e-9645-9aa18c45048d,ocd-bill/f14d99f5-5577-425f-b0c6-6a8048d21e0a,False,cosponsor
ac5896d9-fe4c-4f05-b7ce-fe874c37710a,James A. Spillane,person,,ocd-person/2520dc46-648c-44d0-ba1f-fe09b17a9d8b,ocd-bill/f14d99f5-5577-425f-b0c6-6a8048d21e0a,True,primary
fc6e8382-0bbb-466d-8f39-3afa0f5b6c4c,Ed C. Comeau,person,,ocd-person/267f7af8-fae1-4e42-bb0e-1eba88751a90,ocd-bill/f14d99f5-5577-425f-b0c6-6a8048d21e0a,False,cosponsor
b1a7844b-8955-49e2-aae2-fb3ac2a6b22e,John Reagan,person,,ocd-person/f516d40a-3676-4437-8285-a931d7c2885b,ocd-bill/f14d99f5-5577-425f-b0c6-6a8048d21e0a,False,cosponsor
374c9026-5efe-47f0-8ea9-41cb331c186d,Edward M. Gordon,person,,ocd-person/1e527c99-df26-4b70-8f9e-62df18dad8bb,ocd-bill/3f5aa826-829c-47c5-820f-c7b8b6f54f29,True,primary
376fecf4-ec94-4304-b299-a663bca0e5d3,Scott Wallace,person,,ocd-person/bee58371-5d5b-496a-9d1c-b38c5ae8ed06,ocd-bill/f340ce91-648d-47c3-a021-c20e1173f1e9,True,primary
9daccc1b-3885-4833-a44e-05ab2b2c7f17,Kevin Cavanaugh,person,,ocd-person/7fb2bb33-cbdb-4dfd-9369-64f19f179777,ocd-bill/8bb4a925-8bce-40e8-b014-9bda6991d559,False,cosponsor
1209fdc9-0c15-418b-900f-7779960f5591,Martha S. Hennessey,person,,ocd-person/f2700034-7f3d-4834-bb66-b848a7ca748a,ocd-bill/8bb4a925-8bce-40e8-b014-9bda6991d559,True,primary
c7c489ea-3466-4165-b1be-76ac81c62c9c,Martha S. Hennessey,person,,ocd-person/f2700034-7f3d-4834-bb66-b848a7ca748a,ocd-bill/5de9ebad-33ca-4d73-ac91-a050027868fb,True,primary
9acc0f72-372a-47d2-8e7a-be72c835677b,Marjorie K. Smith,person,,ocd-person/86b31d04-3a4b-4199-b10e-27bd337f0a34,ocd-bill/5de9ebad-33ca-4d73-ac91-a050027868fb,False,cosponsor
db1bf256-8e8d-4725-987a-8f7abdcda28c,Martha S. Hennessey,person,,ocd-person/f2700034-7f3d-4834-bb66-b848a7ca748a,ocd-bill/a0a185ba-480d-44b2-886c-8f81f49266d8,True,primary
83963ee3-8c9a-4562-a21f-1c1d024e055d,Marjorie A. Porter,person,,ocd-person/0999b615-be84-4309-b4ca-68261c1155ab,ocd-bill/a0a185ba-480d-44b2-886c-8f81f49266d8,False,cosponsor
9e4b1eb1-b855-4a21-a4f3-5ffb0cad3bb6,Martha Fuller Clark,person,,ocd-person/823e56cb-5c51-4a09-b060-93cdb7f7ac25,ocd-bill/a0a185ba-480d-44b2-886c-8f81f49266d8,False,cosponsor
f397f48d-dc63-4c4d-ab4e-89a644643027,Jon Morgan,person,,ocd-person/f169c82a-7120-4d67-85d4-d5ff21cd44ef,ocd-bill/50311460-ee57-41ca-ae9c-4a3bc34d9a1d,False,cosponsor
7d9a2e37-268a-432e-bbae-2ba29a33d741,Cindy Rosenwald,person,,ocd-person/f3e949ce-6d98-4826-bbca-08039cea4ea4,ocd-bill/50311460-ee57-41ca-ae9c-4a3bc34d9a1d,True,primary
91949709-66a5-4b06-bc98-2738e3e6d861,Greg L. Indruk,person,,ocd-person/b5b2c27f-4abf-49d3-a002-11f9070a6de5,ocd-bill/50311460-ee57-41ca-ae9c-4a3bc34d9a1d,False,cosponsor
a7d035ef-e9ca-48a8-b59b-24beb82aabfe,Kermit R. Williams,person,,ocd-person/fa58238b-d845-4c1c-a331-8e175efcd6d3,ocd-bill/50311460-ee57-41ca-ae9c-4a3bc34d9a1d,False,cosponsor
93c3441e-2cae-4dce-8b2d-c9ad0a2440bb,Timothy J. Smith,person,,ocd-person/b5ca2038-c971-48a1-9d59-f9acf2b0806b,ocd-bill/fb1d2ded-50dd-475e-a228-dbac5b9cb160,True,primary
13776930-0ce7-4d41-8001-85a36366ea92,Kermit R. Williams,person,,ocd-person/fa58238b-d845-4c1c-a331-8e175efcd6d3,ocd-bill/31cb62eb-2acc-403c-a9b7-183056421399,True,primary
5116047d-462f-40b7-b278-998eddc53677,Terry Roy,person,,ocd-person/6d43b165-fda9-4918-a2b7-ad66940062a0,ocd-bill/636c08f1-fe28-47dd-806e-980cd353f0d6,False,cosponsor
44137663-96d9-47e3-9c8c-c608de796f6d,Ellen D. Read,person,,ocd-person/77304532-17fb-4b2c-aed6-213a435e4a46,ocd-bill/636c08f1-fe28-47dd-806e-980cd353f0d6,False,cosponsor
af2371d2-0f6d-446f-b75e-fa691eabc966,James A. Spillane,person,,ocd-person/2520dc46-648c-44d0-ba1f-fe09b17a9d8b,ocd-bill/636c08f1-fe28-47dd-806e-980cd353f0d6,True,primary
0c2e2f97-bb65-4e80-89ad-469d9f57942b,Jeanine M. Notter,person,,ocd-person/84f79859-fef0-441d-80bb-5edeafc70e78,ocd-bill/636c08f1-fe28-47dd-806e-980cd353f0d6,False,cosponsor
1997a73c-c76a-456d-9cf2-1f8a8049c07a,John A. Burt,person,,ocd-person/084e4187-cca0-4f45-ac5a-8514056e94a6,ocd-bill/636c08f1-fe28-47dd-806e-980cd353f0d6,False,cosponsor
53e8f5ee-545b-45a3-bce2-2fb938105c65,John Reagan,person,,ocd-person/f516d40a-3676-4437-8285-a931d7c2885b,ocd-bill/636c08f1-fe28-47dd-806e-980cd353f0d6,False,cosponsor
3ef56dbd-e971-4a21-b7b8-5d2e644e43de,Cindy Rosenwald,person,,ocd-person/f3e949ce-6d98-4826-bbca-08039cea4ea4,ocd-bill/63ad71bd-a757-46d1-8261-dd46fdf35e00,True,primary
36d27b24-53b0-47f4-9695-f4ac208fd8e6,Greg L. Indruk,person,,ocd-person/b5b2c27f-4abf-49d3-a002-11f9070a6de5,ocd-bill/63ad71bd-a757-46d1-8261-dd46fdf35e00,False,cosponsor
635ae22c-f150-4576-8580-835d37607c6c,Tom Sherman,person,,ocd-person/ee95d0de-e55e-4733-ba97-0fde66adf65c,ocd-bill/63ad71bd-a757-46d1-8261-dd46fdf35e00,False,cosponsor
c729b17a-9ea5-485e-b9fe-d8d4cce4bc94,Kevin Cavanaugh,person,,ocd-person/7fb2bb33-cbdb-4dfd-9369-64f19f179777,ocd-bill/63ad71bd-a757-46d1-8261-dd46fdf35e00,False,cosponsor
b1ee0284-363c-4963-9e02-a8b30a291ae9,Martha S. Hennessey,person,,ocd-person/f2700034-7f3d-4834-bb66-b848a7ca748a,ocd-bill/63ad71bd-a757-46d1-8261-dd46fdf35e00,False,cosponsor
e0e98aef-3d6c-464d-a632-8a73a9868684,William M. Marsh,person,,ocd-person/22006937-f2ca-4a2e-b92a-457777933dc7,ocd-bill/63ad71bd-a757-46d1-8261-dd46fdf35e00,False,cosponsor
46b1b391-18f9-4218-b8ff-e5cfe93d0c9d,Martha Fuller Clark,person,,ocd-person/823e56cb-5c51-4a09-b060-93cdb7f7ac25,ocd-bill/63ad71bd-a757-46d1-8261-dd46fdf35e00,False,cosponsor
3cbfcb48-ec41-4149-914c-0bce0a10c365,Jay Kahn,person,,ocd-person/998e681b-6df1-4b4a-92db-7a2187cedcd8,ocd-bill/bf8d89c6-375a-4fdf-9d18-592af7346c13,True,primary
a15a8175-a5d4-455e-a756-6e7d4fb8171d,Martha S. Hennessey,person,,ocd-person/f2700034-7f3d-4834-bb66-b848a7ca748a,ocd-bill/bf8d89c6-375a-4fdf-9d18-592af7346c13,False,cosponsor
95f133e3-51d9-4a23-b387-3c25358d76c3,Dan Feltes,person,,ocd-person/e97501d7-4bef-403f-8d48-9fcecc980cf5,ocd-bill/bf8d89c6-375a-4fdf-9d18-592af7346c13,False,cosponsor
b622373f-2815-4c67-936a-08b1adadd2b0,David B. Doherty,person,,ocd-person/b2b46bdc-a9ee-4d6a-8535-93bea4190ddb,ocd-bill/bf8d89c6-375a-4fdf-9d18-592af7346c13,False,cosponsor
ae9485dc-a769-4884-9fd3-d3c839b7dec9,Linda L. Tanner,person,,ocd-person/950e6cfe-ff6c-49ed-a4c2-1e66e60c6315,ocd-bill/bf8d89c6-375a-4fdf-9d18-592af7346c13,False,cosponsor
31f4e45a-0ce1-480d-a718-f4b03d6fe461,Donna M. Soucy,person,,ocd-person/bfbbacfd-e12a-4e07-970e-c2c2c006f4a2,ocd-bill/bf8d89c6-375a-4fdf-9d18-592af7346c13,False,cosponsor
adf1cf81-7dd9-4d73-ac19-6b1617f3de7c,David H Watters,person,,ocd-person/cf24defe-6df3-49f3-88ca-c6774b144f19,ocd-bill/bf8d89c6-375a-4fdf-9d18-592af7346c13,False,cosponsor
e2985f44-40ce-4355-821d-92182f9ecb19,Rebecca J. McWilliams,person,,ocd-person/39eb4d14-9ef3-4b1b-bcb6-a66f1aa97491,ocd-bill/faeb13b6-e73e-4c03-987f-ffb6294b2648,True,primary
e434cc45-bb34-4387-be60-80cb829afded,Nicole Klein-Knight,person,,ocd-person/f91f87c5-d22a-48b7-ac4a-c2519d086ec7,ocd-bill/faeb13b6-e73e-4c03-987f-ffb6294b2648,False,cosponsor
03b1243d-6a6a-4d92-a93d-514171fa0dad,Raymond J. Howard,person,,ocd-person/2d20ed08-99dd-4520-8637-dfc71b6a2e01,ocd-bill/faeb13b6-e73e-4c03-987f-ffb6294b2648,False,cosponsor
3ec5e7cd-b552-4603-a0b5-9cdc6f0d9e63,Alan J. Turcotte,person,,ocd-person/f29acb5b-7369-4d13-8c67-31218ca7dc2d,ocd-bill/faeb13b6-e73e-4c03-987f-ffb6294b2648,False,cosponsor
c06c26be-649e-449e-8c6a-171e46736545,Laurie J. Sanborn,person,,ocd-person/d0d7f906-c48f-4a61-943c-1faf0162b329,ocd-bill/faeb13b6-e73e-4c03-987f-ffb6294b2648,False,cosponsor
9895d368-5768-440d-aaf5-1c7fcfb16cd5,Kat McGhee,person,,ocd-person/4c8bec8a-e86d-4316-8b2e-2f8c4157cae5,ocd-bill/0d10e0bf-583a-4974-b5fb-334dadac3193,True,primary
41f1e34a-2d78-4a17-a3ae-8c8dc5ee7279,Melanie Levesque,person,,ocd-person/282926cd-63f0-4ac4-ad16-5e96eb1c4e0b,ocd-bill/1c498d74-1dd8-474f-a59c-d5e13b4b5852,False,cosponsor
617cad16-abb6-4bac-81dd-79fc781f007c,Shannon E Chandley,person,,,ocd-bill/1c498d74-1dd8-474f-a59c-d5e13b4b5852,True,primary
f3f9dbbb-0f1c-4719-b39f-88c3e97d1a34,Wendy E.N. Thomas,person,,ocd-person/2375b05c-cf9a-4f1b-a4b0-194fac6d86bf,ocd-bill/1c498d74-1dd8-474f-a59c-d5e13b4b5852,False,cosponsor
290b853d-041e-4a61-9243-0caffeabff6b,Rosemarie Rung,person,,ocd-person/1a5923c6-3e1f-4ebe-8739-17c9e9642403,ocd-bill/1c498d74-1dd8-474f-a59c-d5e13b4b5852,False,cosponsor
0a8243dc-4f08-49f6-919d-734ba29a81c4,Linda Rea Camarota,person,,ocd-person/d9a8cfe4-51bc-4af8-9419-4ceb57496028,ocd-bill/e05293f2-7b5a-4369-b87c-b9f979d91a37,False,cosponsor
8ede3379-0f7f-4bb6-80ed-7c7d1b56c332,Cindy Rosenwald,person,,ocd-person/f3e949ce-6d98-4826-bbca-08039cea4ea4,ocd-bill/e05293f2-7b5a-4369-b87c-b9f979d91a37,False,cosponsor
b823750f-32f0-44d4-b6c9-83b82ac6f893,Shannon E Chandley,person,,,ocd-bill/e05293f2-7b5a-4369-b87c-b9f979d91a37,False,cosponsor
9644d8dd-56b4-4413-b79f-ebec2492cf5d,Frances E. Nutter-Upham,person,,ocd-person/9c5c8165-5f7d-4348-9466-331f9b250536,ocd-bill/e05293f2-7b5a-4369-b87c-b9f979d91a37,False,cosponsor
e23dfbc9-a4f6-4518-9fcc-f70a3123ca3d,Tom Sherman,person,,ocd-person/ee95d0de-e55e-4733-ba97-0fde66adf65c,ocd-bill/e05293f2-7b5a-4369-b87c-b9f979d91a37,False,cosponsor
9111b1da-60ca-4208-892f-38d3588bfc67,Mark A. Pearson,person,,,ocd-bill/e05293f2-7b5a-4369-b87c-b9f979d91a37,False,cosponsor
59bf2330-37e0-4fe7-8cdf-94bb3060fe59,Jeffrey C. Salloway,person,,ocd-person/ff3c9490-e187-451d-b600-ca895bfaf0b0,ocd-bill/e05293f2-7b5a-4369-b87c-b9f979d91a37,False,cosponsor
03f54126-6066-4269-8d5a-51a71c7a7ccb,Joelle Martin,person,,ocd-person/ed48590f-6af4-4e9f-99d6-16227870b44f,ocd-bill/e05293f2-7b5a-4369-b87c-b9f979d91a37,False,cosponsor
04d463e0-9d79-494b-a829-f4a23cca0ba6,Betty I. Gay,person,,ocd-person/c2486401-1c5f-4cfc-b4ef-bbae6b8c0489,ocd-bill/e05293f2-7b5a-4369-b87c-b9f979d91a37,False,cosponsor
9bacd1f8-0a30-48d4-b8d3-2098f6f4720b,William M. Marsh,person,,ocd-person/22006937-f2ca-4a2e-b92a-457777933dc7,ocd-bill/e05293f2-7b5a-4369-b87c-b9f979d91a37,True,primary
1adc0f46-ccb9-497a-a134-3450017adc2c,Skip Berrien,person,,ocd-person/c955f3c4-4732-42c2-8615-bc103ee8e0d8,ocd-bill/e05293f2-7b5a-4369-b87c-b9f979d91a37,False,cosponsor
b76d0d8d-fb2d-4546-8ab2-5240e0afca18,David J. Danielson,person,,ocd-person/62c43933-5aea-4a05-9ac8-f26c688b2367,ocd-bill/e05293f2-7b5a-4369-b87c-b9f979d91a37,False,cosponsor
840cdbd9-1f3a-40d9-9b96-7f02b4360d8f,Peter B. Schmidt,person,,ocd-person/16654889-3b48-44d6-a6d3-8da5d7a434f1,ocd-bill/e05293f2-7b5a-4369-b87c-b9f979d91a37,False,cosponsor
187a6c15-eff4-4fe8-930a-32c41f2298ac,Jeb Bradley,person,,ocd-person/3f5455e8-256e-4442-9c13-bc14f62ce76f,ocd-bill/e05293f2-7b5a-4369-b87c-b9f979d91a37,False,cosponsor
153cf8fb-c46c-4ca7-b7cc-ad24d34f1818,Tom J. Loughman,person,,ocd-person/49ec8a23-3fec-4d61-a917-be7780438d71,ocd-bill/518dfb76-0c2f-4adf-8182-480eb3261938,False,cosponsor
9e41cc2f-7c46-4b42-86c4-a93e8f97119c,Patricia J. Bushway,person,,ocd-person/a10abdb8-c143-498c-8b8a-1e6836699d7b,ocd-bill/518dfb76-0c2f-4adf-8182-480eb3261938,False,cosponsor
e571e24d-60b3-49ad-a4b5-7793838742fa,Tom Sherman,person,,ocd-person/ee95d0de-e55e-4733-ba97-0fde66adf65c,ocd-bill/518dfb76-0c2f-4adf-8182-480eb3261938,True,primary
28e08853-e369-409a-b92c-042149b894c0,Jay Kahn,person,,ocd-person/998e681b-6df1-4b4a-92db-7a2187cedcd8,ocd-bill/518dfb76-0c2f-4adf-8182-480eb3261938,False,cosponsor
01df7706-9f9d-447e-9368-a610160e56fe,Michael A. Edgar,person,,ocd-person/0f78413a-b328-4856-ab48-21a5d4d614c0,ocd-bill/518dfb76-0c2f-4adf-8182-480eb3261938,False,cosponsor
bb07c049-ed76-4e38-abe5-bbd5d692db2b,Jacqueline A. Cali-Pitts,person,,ocd-person/b665e9e7-0c14-4348-9378-529bd9c7497b,ocd-bill/518dfb76-0c2f-4adf-8182-480eb3261938,False,cosponsor
9a9364ab-3750-41e6-bcd9-1097fc705a39,Robert Renny Cushing,person,,ocd-person/cdb3279c-243a-4ca0-8e83-fcb10a975736,ocd-bill/518dfb76-0c2f-4adf-8182-480eb3261938,False,cosponsor
2db912b4-81de-4bf7-8309-b57b862ccb02,Martha Fuller Clark,person,,ocd-person/823e56cb-5c51-4a09-b060-93cdb7f7ac25,ocd-bill/518dfb76-0c2f-4adf-8182-480eb3261938,False,cosponsor
44872245-bbab-4921-a52f-42288392787a,Max Abramson,person,,ocd-person/a2248bc0-9253-48d8-9ee2-d9c0b6fbc800,ocd-bill/34846736-1fba-4272-8be9-810a514ccf2e,True,primary
